timestamp_utc,run_id,candidate_key,status,error,circuit,qubits,layers,precision,random_seed,forward_threads,forward_register_bits,backward_threads,backward_register_bits,mailbox_chunks,partition_level,phase_family_forward,phase_family_backward,phase_count_forward,phase_count_backward,forward_phase_plan,backward_phase_plan,forward_pair_counts,backward_pair_counts,rzz_strategy,steps,warmup_steps,repetitions,median_ms,mean_ms,min_ms,max_ms,std_ms,forward_ms,hamiltonian_ms,backward_ms,energy_abs_error,gradient_max_abs_error,kernel_variant,library_path
2026-08-20T17:27:01.972738+00:00,20260820T172701,joint:rzz-hea:26:6e31c9c7cbf0283e,compile_failed,"CalledProcessError(-2, ['make', '-C', '/home/rzzhang/sad_merged/sad', 'TARGET=build/libsad_search_2a8327787a9aac.so', 'EXTRA_NVCCFLAGS=-DSAD_BLOCK_THREADS=128 -DSAD_DIAGONAL_BLOCK_THREADS=64 -DSAD_DIAGONAL_LOOKUP_BITS=8 -DSAD_DIAGONAL_WARP_ATOMIC=0 -DSAD_FORWARD_BLOCK_THREADS=32 -DSAD_FORWARD_REGISTER_BITS=2 -DSAD_LEGACY_BLOCK_REDUCTION=1 -DSAD_MAILBOX_CHUNKS=1 -DSAD_ORDINARY_BLOCK_THREADS=128 -DSAD_QAOA_BD_FUSION=1 -DSAD_REGISTER_BITS=2 -DSAD_ROTATION_WARP_ATOMIC=0 -DSAD_RZZ_BACKWARD_STRATEGY=1 -DSAD_RZZ_FORWARD_FUSED=1 -DSAD_SHARED_DIAGONAL_BLOCK_THREADS=128'])",rzz-hea,26,8,float64,42,32,2,128,2,1,0.25,rotation,rotation,10,9,compact:L3R0W0-L3R0W0-L3R0W0-L3R0W0-L3R0W0-L3R0W0-L2R0W0-L2R0W0-L2R0W0-L2R0W0,compact:L3R0W0-L3R0W0-L3R0W0-L3R0W0-L3R0W0-L3R0W0-L3R0W0-L3R0W0-L2R0W0,,,merged,2,3,2,,,,,,,,,,,,
2026-08-20T18:06:55.621831+00:00,20260820T180655,joint:rzz-hea:8:a564791ba1ab7f4b,ok,,rzz-hea,8,8,float64,42,32,2,32,2,1,0.75,rotation,rotation,6,6,compact:L2R0W0-L2R0W0-L1R0W0-L1R0W0-L1R0W0-L1R0W0,compact:L2R0W0-L2R0W0-L1R0W0-L1R0W0-L1R0W0-L1R0W0,,,merged,20,3,20,0.5489425,0.5498918500000001,0.546791,0.554715,0.001989220306426614,0.2169059,0.019003000000000003,0.31398295,,,custom:libsad_search_f9cdaf042a7bd6.so,/home/rzzhang/sad_merged/sad/build/libsad_search_f9cdaf042a7bd6.so
2026-08-20T18:07:09.266919+00:00,20260820T180655,joint:rzz-hea:12:db701a2f3d16e59f,ok,,rzz-hea,12,8,float64,42,32,2,128,2,1,0.25,rotation,rotation,4,4,compact:L3R0W0-L3R0W0-L3R0W0-L3R0W0,compact:L3R0W0-L3R0W0-L3R0W0-L3R0W0,,,merged,10,3,10,0.6829265,0.6840103,0.681052,0.691339,0.003248249068344366,0.20652079999999998,0.018972100000000002,0.4585174,,,custom:libsad_search_2a8327787a9aac.so,/home/rzzhang/sad_merged/sad/build/libsad_search_2a8327787a9aac.so
2026-08-20T18:07:24.248212+00:00,20260820T180655,joint:rzz-hea:14:ce9a8ca2e58a776d,ok,,rzz-hea,14,8,float64,42,32,2,128,2,1,0.0,rotation,rotation,2,2,compact:L5R2W0-L5R2W0,compact:L5R2W0-L5R2W0,,,merged,10,3,10,0.6306590000000001,0.6309592,0.6297240000000001,0.634693,0.0015018833376797078,0.1592964,0.0190638,0.452599,,,custom:libsad_search_2a8327787a9aac.so,/home/rzzhang/sad_merged/sad/build/libsad_search_2a8327787a9aac.so
2026-08-20T18:07:24.259652+00:00,20260820T180655,joint:rzz-hea:28:8964a5a4990c997d,ok,,rzz-hea,28,8,float64,42,128,2,32,2,1,1.0,rotation,rotation,28,28,compact:L1R0W0-L1R0W0-L1R0W0-L1R0W0-L1R0W0-L1R0W0-L1R0W0-L1R0W0-L1R0W0-L1R0W0-L1R0W0-L1R0W0-L1R0W0-L1R0W0-L1R0W0-L1R0W0-L1R0W0-L1R0W0-L1R0W0-L1R0W0-L1R0W0-L1R0W0-L1R0W0-L1R0W0-L1R0W0-L1R0W0-L1R0W0-L1R0W0,compact:L1R0W0-L1R0W0-L1R0W0-L1R0W0-L1R0W0-L1R0W0-L1R0W0-L1R0W0-L1R0W0-L1R0W0-L1R0W0-L1R0W0-L1R0W0-L1R0W0-L1R0W0-L1R0W0-L1R0W0-L1R0W0-L1R0W0-L1R0W0-L1R0W0-L1R0W0-L1R0W0-L1R0W0-L1R0W0-L1R0W0-L1R0W0-L1R0W0,,,split,2,3,2,7721.6891555,7721.6891555,7712.050709,7731.327602,9.6384465000001,2370.8543315,85.7662095,5265.068614500001,,,custom:libsad_search_7259903b8346c4.so,/home/rzzhang/sad_merged/sad/build/libsad_search_7259903b8346c4.so
2026-08-20T18:08:16.973676+00:00,20260820T180655,joint:rzz-hea:4:fcf7ef5eef603da4,ok,,rzz-hea,4,8,float64,42,32,2,128,2,2,0.25,rotation,rotation,2,2,compact:L2R0W0-L2R0W0,compact:L2R0W0-L2R0W0,,,merged,20,3,20,0.2455575,0.24335475,0.238944,0.246963,0.003434104684994336,0.06287140000000001,0.01890705,0.16157630000000003,,,custom:libsad_search_fce412939d20fb.so,/home/rzzhang/sad_merged/sad/build/libsad_search_fce412939d20fb.so
2026-08-20T18:08:32.156920+00:00,20260820T180655,joint:rzz-hea:14:808307eba6b3e3ad,ok,,rzz-hea,14,8,float64,42,32,2,32,2,2,0.0,rotation,rotation,2,2,compact:L5R2W0-L5R2W0,compact:L5R2W0-L5R2W0,,,merged,10,3,10,0.514961,0.5134818,0.507073,0.516046,0.0030878501841896506,0.1592094,0.0191148,0.33515760000000006,,,custom:libsad_search_dcff342f285260.so,/home/rzzhang/sad_merged/sad/build/libsad_search_dcff342f285260.so
2026-08-20T18:08:45.793009+00:00,20260820T180655,joint:rzz-hea:12:67823b573b48f4a9,ok,,rzz-hea,12,8,float64,42,64,2,64,2,2,0.25,rotation,rotation,4,4,compact:L3R0W0-L3R0W0-L3R0W0-L3R0W0,compact:L3R0W0-L3R0W0-L3R0W0-L3R0W0,,,split,10,3,10,0.663044,0.6629883,0.6583640000000001,0.665543,0.0020868003761740036,0.2235963,0.019099599999999998,0.4202924,,,custom:libsad_search_20c37ff249ec0a.so,/home/rzzhang/sad_merged/sad/build/libsad_search_20c37ff249ec0a.so
2026-08-20T18:09:00.521899+00:00,20260820T180655,joint:rzz-hea:14:196047549cd1549f,ok,,rzz-hea,14,8,float64,42,128,2,128,2,1,0.0,rotation,rotation,2,2,compact:L5R2W0-L5R2W0,compact:L5R2W0-L5R2W0,,,merged,10,3,10,0.676005,0.6765023,0.674756,0.679206,0.0014145024602311449,0.2048954,0.0192664,0.45234050000000003,,,custom:libsad_search_8fbfac92ec4bef.so,/home/rzzhang/sad_merged/sad/build/libsad_search_8fbfac92ec4bef.so
2026-08-20T18:09:15.909482+00:00,20260820T180655,joint:rzz-hea:12:5aec6d51d7b6af3d,ok,,rzz-hea,12,8,float64,42,32,2,32,2,2,0.0,rotation,rotation,2,2,compact:L5R1W0-L5R1W0,compact:L5R1W0-L5R1W0,,,merged,10,3,10,0.441342,0.4409982,0.43546399999999996,0.44335,0.0020665537399254994,0.1424339,0.0184448,0.28011949999999997,,,custom:libsad_search_dcff342f285260.so,/home/rzzhang/sad_merged/sad/build/libsad_search_dcff342f285260.so
2026-08-20T18:09:15.917590+00:00,20260820T180655,joint:rzz-hea:22:60b0840176dc0583,ok,,rzz-hea,22,8,float64,42,32,2,128,2,2,0.75,rotation,rotation,18,17,compact:L2R0W0-L2R0W0-L2R0W0-L2R0W0-L1R0W0-L1R0W0-L1R0W0-L1R0W0-L1R0W0-L1R0W0-L1R0W0-L1R0W0-L1R0W0-L1R0W0-L1R0W0-L1R0W0-L1R0W0-L1R0W0,compact:L2R0W0-L2R0W0-L2R0W0-L2R0W0-L2R0W0-L1R0W0-L1R0W0-L1R0W0-L1R0W0-L1R0W0-L1R0W0-L1R0W0-L1R0W0-L1R0W0-L1R0W0-L1R0W0-L1R0W0,,,split,3,3,3,65.72612900000001,65.777822,65.71527199999998,65.892065,0.08090350589436976,11.649734,0.40388766666666664,53.724200333333336,,,custom:libsad_search_2a0e4369743c84.so,/home/rzzhang/sad_merged/sad/build/libsad_search_2a0e4369743c84.so
2026-08-20T18:09:31.315142+00:00,20260820T180655,joint:rzz-hea:20:14e03cd1b6abc412,ok,,rzz-hea,20,8,float64,42,128,2,128,2,1,0.75,rotation,rotation,16,16,compact:L2R0W0-L2R0W0-L2R0W0-L2R0W0-L1R0W0-L1R0W0-L1R0W0-L1R0W0-L1R0W0-L1R0W0-L1R0W0-L1R0W0-L1R0W0-L1R0W0-L1R0W0-L1R0W0,compact:L2R0W0-L2R0W0-L2R0W0-L2R0W0-L1R0W0-L1R0W0-L1R0W0-L1R0W0-L1R0W0-L1R0W0-L1R0W0-L1R0W0-L1R0W0-L1R0W0-L1R0W0-L1R0W0,,,merged,5,3,5,9.425735000000001,9.4206816,9.373002,9.488442999999998,0.042799830829571665,2.5494711999999997,0.097441,6.7737694,,,custom:libsad_search_8fbfac92ec4bef.so,/home/rzzhang/sad_merged/sad/build/libsad_search_8fbfac92ec4bef.so
2026-08-20T18:09:31.396564+00:00,20260820T180655,joint:rzz-hea:24:6353b456076ad6e5,ok,,rzz-hea,24,8,float64,42,32,2,32,2,2,0.25,rotation,rotation,9,9,compact:L3R0W0-L3R0W0-L3R0W0-L3R0W0-L3R0W0-L3R0W0-L2R0W0-L2R0W0-L2R0W0,compact:L3R0W0-L3R0W0-L3R0W0-L3R0W0-L3R0W0-L3R0W0-L2R0W0-L2R0W0-L2R0W0,,,split,3,3,3,188.56508499999998,188.898881,188.511325,189.620233,0.5105448496968806,58.72549166666666,1.7998636666666665,128.3735256666667,,,custom:libsad_search_16d9d6cef53b3d.so,/home/rzzhang/sad_merged/sad/build/libsad_search_16d9d6cef53b3d.so
2026-08-20T18:09:46.249800+00:00,20260820T180655,joint:rzz-hea:8:02511c69a2a8bedb,ok,,rzz-hea,8,8,float64,42,64,2,64,2,2,0.0,rotation,rotation,1,1,compact:L5R2W1,compact:L5R2W1,,,merged,20,3,20,0.29988750000000003,0.3000483,0.29858500000000004,0.302057,0.0008862796454844271,0.09341475,0.018969549999999998,0.187664,,,custom:libsad_search_97eec9f2a848ec.so,/home/rzzhang/sad_merged/sad/build/libsad_search_97eec9f2a848ec.so
2026-08-20T18:10:00.715122+00:00,20260820T180655,joint:rzz-hea:12:c0072ac4952ea2b0,ok,,rzz-hea,12,8,float64,42,32,2,32,2,1,0.25,rotation,rotation,4,4,compact:L3R0W0-L3R0W0-L3R0W0-L3R0W0,compact:L3R0W0-L3R0W0-L3R0W0-L3R0W0,,,merged,10,3,10,0.5694035,0.5705174,0.569134,0.5775039999999999,0.002424802268227216,0.207671,0.0191293,0.34371710000000005,,,custom:libsad_search_f9cdaf042a7bd6.so,/home/rzzhang/sad_merged/sad/build/libsad_search_f9cdaf042a7bd6.so
2026-08-20T18:10:00.726147+00:00,20260820T180655,joint:rzz-hea:10:08802586b295cbde,ok,,rzz-hea,10,8,float64,42,32,2,32,2,2,0.0,rotation,rotation,2,2,compact:L5R0W0-L5R0W0,compact:L5R0W0-L5R0W0,,,split,10,3,10,0.457477,0.4575907,0.45555399999999996,0.460684,0.00146118958728839,0.1453202,0.0191397,0.2931308,,,custom:libsad_search_16d9d6cef53b3d.so,/home/rzzhang/sad_merged/sad/build/libsad_search_16d9d6cef53b3d.so
2026-08-20T18:10:00.735186+00:00,20260820T180655,joint:rzz-hea:24:dc76868ae7ed686f,ok,,rzz-hea,24,8,float64,42,128,2,128,2,2,0.75,rotation,rotation,19,19,compact:L2R0W0-L2R0W0-L2R0W0-L2R0W0-L2R0W0-L1R0W0-L1R0W0-L1R0W0-L1R0W0-L1R0W0-L1R0W0-L1R0W0-L1R0W0-L1R0W0-L1R0W0-L1R0W0-L1R0W0-L1R0W0-L1R0W0,compact:L2R0W0-L2R0W0-L2R0W0-L2R0W0-L2R0W0-L1R0W0-L1R0W0-L1R0W0-L1R0W0-L1R0W0-L1R0W0-L1R0W0-L1R0W0-L1R0W0-L1R0W0-L1R0W0-L1R0W0-L1R0W0-L1R0W0,,,merged,3,3,3,333.32114,333.7036143333333,333.256672,334.533031,0.587076392510283,95.26728966666666,1.7819960000000001,236.65432866666666,,,custom:libsad_search_b969ada61d8a74.so,/home/rzzhang/sad_merged/sad/build/libsad_search_b969ada61d8a74.so
2026-08-20T18:10:18.337538+00:00,20260820T180655,joint:rzz-hea:12:a5f858c8b25397db,ok,,rzz-hea,12,8,float64,42,128,2,32,2,2,1.0,rotation,rotation,12,12,compact:L1R0W0-L1R0W0-L1R0W0-L1R0W0-L1R0W0-L1R0W0-L1R0W0-L1R0W0-L1R0W0-L1R0W0-L1R0W0-L1R0W0,compact:L1R0W0-L1R0W0-L1R0W0-L1R0W0-L1R0W0-L1R0W0-L1R0W0-L1R0W0-L1R0W0-L1R0W0-L1R0W0-L1R0W0,,,merged,10,3,10,1.131329,1.1311643999999998,1.129404,1.132681,0.0011020252447199008,0.5153652,0.0189627,0.5968365,,,custom:libsad_search_d014591f51543a.so,/home/rzzhang/sad_merged/sad/build/libsad_search_d014591f51543a.so
2026-08-20T18:10:32.395800+00:00,20260820T180655,joint:rzz-hea:24:9eaab9c659a6aea9,ok,,rzz-hea,24,8,float64,42,128,2,128,2,1,0.75,rotation,rotation,19,19,compact:L2R0W0-L2R0W0-L2R0W0-L2R0W0-L2R0W0-L1R0W0-L1R0W0-L1R0W0-L1R0W0-L1R0W0-L1R0W0-L1R0W0-L1R0W0-L1R0W0-L1R0W0-L1R0W0-L1R0W0-L1R0W0-L1R0W0,compact:L2R0W0-L2R0W0-L2R0W0-L2R0W0-L2R0W0-L1R0W0-L1R0W0-L1R0W0-L1R0W0-L1R0W0-L1R0W0-L1R0W0-L1R0W0-L1R0W0-L1R0W0-L1R0W0-L1R0W0-L1R0W0-L1R0W0,,,split,3,3,3,341.260114,341.1495596666667,340.779994,341.408571,0.268258527912081,106.87431399999998,1.757801333333333,232.51744433333332,,,custom:libsad_search_9361435758c99d.so,/home/rzzhang/sad_merged/sad/build/libsad_search_9361435758c99d.so
2026-08-20T18:10:49.775283+00:00,20260820T180655,joint:rzz-hea:16:2fa43b71a4dfd6e2,ok,,rzz-hea,16,8,float64,42,128,2,128,2,2,1.0,rotation,rotation,16,16,compact:L1R0W0-L1R0W0-L1R0W0-L1R0W0-L1R0W0-L1R0W0-L1R0W0-L1R0W0-L1R0W0-L1R0W0-L1R0W0-L1R0W0-L1R0W0-L1R0W0-L1R0W0-L1R0W0,compact:L1R0W0-L1R0W0-L1R0W0-L1R0W0-L1R0W0-L1R0W0-L1R0W0-L1R0W0-L1R0W0-L1R0W0-L1R0W0-L1R0W0-L1R0W0-L1R0W0-L1R0W0-L1R0W0,,,split,5,3,5,2.174859,2.1743472,2.1729819999999997,2.1758450000000003,0.0011396159704042369,0.7996032000000001,0.0192974,1.3554465999999998,,,custom:libsad_search_d02bea87aa5c56.so,/home/rzzhang/sad_merged/sad/build/libsad_search_d02bea87aa5c56.so
2026-08-20T18:11:05.309904+00:00,20260820T180655,joint:rzz-hea:6:3cd87e60b09559e4,ok,,rzz-hea,6,8,float64,42,64,2,64,2,1,0.75,rotation,rotation,5,5,compact:L2R0W0-L1R0W0-L1R0W0-L1R0W0-L1R0W0,compact:L2R0W0-L1R0W0-L1R0W0-L1R0W0-L1R0W0,,,merged,20,3,20,0.40197350000000004,0.40373090000000006,0.39970700000000003,0.40954,0.003517006566670019,0.14303295000000002,0.01902095,0.24167699999999998,,,custom:libsad_search_7e5293342e215a.so,/home/rzzhang/sad_merged/sad/build/libsad_search_7e5293342e215a.so
2026-08-20T18:11:19.975925+00:00,20260820T180655,joint:rzz-hea:20:c54eb78cca31fb56,ok,,rzz-hea,20,8,float64,42,32,2,128,2,2,0.0,rotation,rotation,3,3,compact:L5R2W0-L5R2W0-L5R1W0,compact:L5R2W0-L5R2W0-L5R1W0,,,merged,5,3,5,8.055937,8.0560624,8.055693000000002,8.056707,0.00034650691190752525,1.7088012,0.1012434,6.2460178,,,custom:libsad_search_fce412939d20fb.so,/home/rzzhang/sad_merged/sad/build/libsad_search_fce412939d20fb.so
2026-08-20T18:11:20.045517+00:00,20260820T180655,joint:rzz-hea:20:43e9fa1b332810c0,ok,,rzz-hea,20,8,float64,42,128,2,32,2,2,1.0,rotation,rotation,20,20,compact:L1R0W0-L1R0W0-L1R0W0-L1R0W0-L1R0W0-L1R0W0-L1R0W0-L1R0W0-L1R0W0-L1R0W0-L1R0W0-L1R0W0-L1R0W0-L1R0W0-L1R0W0-L1R0W0-L1R0W0-L1R0W0-L1R0W0-L1R0W0,compact:L1R0W0-L1R0W0-L1R0W0-L1R0W0-L1R0W0-L1R0W0-L1R0W0-L1R0W0-L1R0W0-L1R0W0-L1R0W0-L1R0W0-L1R0W0-L1R0W0-L1R0W0-L1R0W0-L1R0W0-L1R0W0-L1R0W0-L1R0W0,,,merged,5,3,5,10.316588,10.3198692,10.305689,10.335097,0.0122260345558158,3.079196,0.10112999999999998,7.139543199999999,,,custom:libsad_search_d014591f51543a.so,/home/rzzhang/sad_merged/sad/build/libsad_search_d014591f51543a.so
2026-08-20T18:11:20.132671+00:00,20260820T180655,joint:rzz-hea:20:0680f96dc1f251c9,compile_failed,"CalledProcessError(-2, ['make', '-C', '/home/rzzhang/sad_merged/sad', 'TARGET=build/libsad_search_0e4f539ceca897.so', 'EXTRA_NVCCFLAGS=-DSAD_BLOCK_THREADS=128 -DSAD_DIAGONAL_BLOCK_THREADS=64 -DSAD_DIAGONAL_LOOKUP_BITS=8 -DSAD_DIAGONAL_WARP_ATOMIC=0 -DSAD_FORWARD_BLOCK_THREADS=32 -DSAD_FORWARD_REGISTER_BITS=2 -DSAD_LEGACY_BLOCK_REDUCTION=1 -DSAD_MAILBOX_CHUNKS=1 -DSAD_ORDINARY_BLOCK_THREADS=128 -DSAD_QAOA_BD_FUSION=1 -DSAD_REGISTER_BITS=2 -DSAD_ROTATION_WARP_ATOMIC=0 -DSAD_RZZ_BACKWARD_STRATEGY=0 -DSAD_RZZ_FORWARD_FUSED=0 -DSAD_SHARED_DIAGONAL_BLOCK_THREADS=128'])",rzz-hea,20,8,float64,42,32,2,128,2,1,0.5,rotation,rotation,12,12,compact:L2R0W0-L2R0W0-L2R0W0-L2R0W0-L2R0W0-L2R0W0-L2R0W0-L2R0W0-L1R0W0-L1R0W0-L1R0W0-L1R0W0,compact:L2R0W0-L2R0W0-L2R0W0-L2R0W0-L2R0W0-L2R0W0-L2R0W0-L2R0W0-L1R0W0-L1R0W0-L1R0W0-L1R0W0,,,split,5,3,5,,,,,,,,,,,,
2026-08-20T19:09:31.109659+00:00,20260820T190931,joint:rzz-hea:22:1432b1ada66e9465,ok,,rzz-hea,22,8,float64,42,32,2,32,2,1,0.25,rotation,rotation,8,8,compact:L3R0W0-L3R0W0-L3R0W0-L3R0W0-L3R0W0-L3R0W0-L2R0W0-L2R0W0,compact:L3R0W0-L3R0W0-L3R0W0-L3R0W0-L3R0W0-L3R0W0-L2R0W0-L2R0W0,,,split,optimized,3,3,3,37.765594,37.766483,37.735814,37.798041,0.025411842685383244,9.073812,0.4303826666666667,28.262288333333334,,,custom:libsad_search_3cb67c7e18cc99.so,/home/rzzhang/sad_merged/sad/build/libsad_search_3cb67c7e18cc99.so
2026-08-20T19:09:45.015281+00:00,20260820T190931,joint:rzz-hea:22:2fd1597d32e1a5ea,ok,,rzz-hea,22,8,float64,42,128,2,128,2,1,0.25,rotation,rotation,8,8,compact:L3R0W0-L3R0W0-L3R0W0-L3R0W0-L3R0W0-L3R0W0-L2R0W0-L2R0W0,compact:L3R0W0-L3R0W0-L3R0W0-L3R0W0-L3R0W0-L3R0W0-L2R0W0-L2R0W0,,,split,optimized,3,3,3,37.511496,37.504235333333334,37.481691000000005,37.519519,0.016274260993631776,8.513820333333333,0.422965,28.567450000000004,,,custom:libsad_search_9361435758c99d.so,/home/rzzhang/sad_merged/sad/build/libsad_search_9361435758c99d.so
2026-08-20T19:09:45.249427+00:00,20260820T190931,joint:rzz-hea:14:0bac21d427ba0ed4,ok,,rzz-hea,14,8,float64,42,128,2,128,2,2,0.5,rotation,rotation,8,8,compact:L2R0W0-L2R0W0-L2R0W0-L2R0W0-L2R0W0-L2R0W0-L1R0W0-L1R0W0,compact:L2R0W0-L2R0W0-L2R0W0-L2R0W0-L2R0W0-L2R0W0-L1R0W0-L1R0W0,,,split,optimized,10,3,10,1.238908,1.2387177,1.2350640000000002,1.24129,0.0015762731394018711,0.4397078000000001,0.0191329,0.779877,,,custom:libsad_search_d02bea87aa5c56.so,/home/rzzhang/sad_merged/sad/build/libsad_search_d02bea87aa5c56.so
2026-08-20T19:09:45.270928+00:00,20260820T190931,joint:rzz-hea:8:ba8a001491157404,ok,,rzz-hea,8,8,float64,42,32,2,32,2,2,0.5,rotation,rotation,5,5,compact:L2R0W0-L2R0W0-L2R0W0-L1R0W0-L1R0W0,compact:L2R0W0-L2R0W0-L2R0W0-L1R0W0-L1R0W0,,,merged,optimized,20,3,20,0.48426900000000006,0.48451269999999996,0.48239000000000004,0.491715,0.0018743856353482852,0.18677095,0.0190939,0.27864785,,,custom:libsad_search_dcff342f285260.so,/home/rzzhang/sad_merged/sad/build/libsad_search_dcff342f285260.so
2026-08-20T19:09:45.287609+00:00,20260820T190931,joint:rzz-hea:8:eb60e78651362dc9,ok,,rzz-hea,8,8,float64,42,128,2,32,2,1,0.5,rotation,rotation,4,5,compact:L2R0W0-L2R0W0-L2R0W0-L2R0W0,compact:L2R0W0-L2R0W0-L2R0W0-L1R0W0-L1R0W0,,,merged,optimized,20,3,20,0.4842645,0.48395895,0.48216699999999996,0.485407,0.0007513407665633526,0.18002935,0.0184428,0.2854868,,,custom:libsad_search_5851e15f736f52.so,/home/rzzhang/sad_merged/sad/build/libsad_search_5851e15f736f52.so
2026-08-20T19:09:59.613028+00:00,20260820T190931,joint:rzz-hea:16:93df85f2108ed94a,ok,,rzz-hea,16,8,float64,42,128,2,32,2,2,0.25,rotation,rotation,6,6,compact:L3R0W0-L3R0W0-L3R0W0-L3R0W0-L2R0W0-L2R0W0,compact:L3R0W0-L3R0W0-L3R0W0-L3R0W0-L2R0W0-L2R0W0,,,merged,optimized,5,3,5,1.3626440000000002,1.3626298000000001,1.361795,1.36328,0.0004884368536463939,0.38509160000000003,0.0190872,0.9584509999999999,,,custom:libsad_search_d014591f51543a.so,/home/rzzhang/sad_merged/sad/build/libsad_search_d014591f51543a.so
2026-08-20T19:09:59.629309+00:00,20260820T190931,joint:rzz-hea:18:de5b96362af50564,ok,,rzz-hea,18,8,float64,42,32,2,128,2,2,1.0,rotation,rotation,18,18,compact:L1R0W0-L1R0W0-L1R0W0-L1R0W0-L1R0W0-L1R0W0-L1R0W0-L1R0W0-L1R0W0-L1R0W0-L1R0W0-L1R0W0-L1R0W0-L1R0W0-L1R0W0-L1R0W0-L1R0W0-L1R0W0,compact:L1R0W0-L1R0W0-L1R0W0-L1R0W0-L1R0W0-L1R0W0-L1R0W0-L1R0W0-L1R0W0-L1R0W0-L1R0W0-L1R0W0-L1R0W0-L1R0W0-L1R0W0-L1R0W0-L1R0W0-L1R0W0,,,merged,optimized,5,3,5,3.958992,3.9602329999999997,3.95764,3.964896,0.002541235919783958,1.1876866000000001,0.0353226,2.7372237999999998,,,custom:libsad_search_fce412939d20fb.so,/home/rzzhang/sad_merged/sad/build/libsad_search_fce412939d20fb.so
2026-08-20T19:09:59.666616+00:00,20260820T190931,joint:rzz-hea:24:104b82a4c01f43b3,ok,,rzz-hea,24,8,float64,42,64,2,64,2,2,0.25,rotation,rotation,8,8,compact:L3R0W0-L3R0W0-L3R0W0-L3R0W0-L3R0W0-L3R0W0-L3R0W0-L3R0W0,compact:L3R0W0-L3R0W0-L3R0W0-L3R0W0-L3R0W0-L3R0W0-L3R0W0-L3R0W0,,,split,optimized,3,3,3,172.56832799999998,173.04249166666668,172.40751400000002,174.151633,0.7870244208961304,54.02777233333333,1.8040723333333335,117.210647,,,custom:libsad_search_20c37ff249ec0a.so,/home/rzzhang/sad_merged/sad/build/libsad_search_20c37ff249ec0a.so
2026-08-20T19:10:00.715911+00:00,20260820T190931,joint:rzz-hea:12:a58d022fdcfcccd1,ok,,rzz-hea,12,8,float64,42,64,2,64,2,2,1.0,rotation,rotation,12,12,compact:L1R0W0-L1R0W0-L1R0W0-L1R0W0-L1R0W0-L1R0W0-L1R0W0-L1R0W0-L1R0W0-L1R0W0-L1R0W0-L1R0W0,compact:L1R0W0-L1R0W0-L1R0W0-L1R0W0-L1R0W0-L1R0W0-L1R0W0-L1R0W0-L1R0W0-L1R0W0-L1R0W0-L1R0W0,,,split,optimized,10,3,10,1.2502935,1.2868324,1.249108,1.415225,0.06417814411183917,0.5091543,0.0191103,0.7585678,,,custom:libsad_search_20c37ff249ec0a.so,/home/rzzhang/sad_merged/sad/build/libsad_search_20c37ff249ec0a.so
2026-08-20T19:10:00.739265+00:00,20260820T190931,joint:rzz-hea:8:351394306b003445,ok,,rzz-hea,8,8,float64,42,64,2,64,2,2,0.25,rotation,rotation,3,3,compact:L3R0W0-L3R0W0-L2R0W0,compact:L3R0W0-L3R0W0-L2R0W0,,,split,optimized,20,3,20,0.4955045,0.479491,0.452083,0.496668,0.01884299513081718,0.1607579,0.018955600000000003,0.29977750000000003,,,custom:libsad_search_20c37ff249ec0a.so,/home/rzzhang/sad_merged/sad/build/libsad_search_20c37ff249ec0a.so
2026-08-20T19:10:00.753636+00:00,20260820T190931,joint:rzz-hea:8:8a50d12bc24ebdad,ok,,rzz-hea,8,8,float64,42,128,2,32,2,1,0.0,legacy,legacy,0,0,,,,,not_applicable,legacy-generic,20,3,20,0.4044065,0.40447775,0.402412,0.40835899999999997,0.001290029723494774,0.13491875,0.0186869,0.2508721,,,custom:libsad_search_eaf59e83158800.so,/home/rzzhang/sad_merged/sad/build/libsad_search_eaf59e83158800.so
2026-08-20T19:10:14.812468+00:00,20260820T190931,joint:rzz-hea:18:a6af0daeee35ccb8,ok,,rzz-hea,18,8,float64,42,64,2,64,2,2,0.0,rotation,rotation,3,3,compact:L5R1W0-L5R1W0-L5R1W0,compact:L5R1W0-L5R1W0-L5R1W0,,,merged,optimized,5,3,5,2.523968,2.52202,2.515789,2.526163,0.00429445377201811,0.554239,0.0351286,1.9326524,,,custom:libsad_search_97eec9f2a848ec.so,/home/rzzhang/sad_merged/sad/build/libsad_search_97eec9f2a848ec.so
2026-08-20T19:10:14.838963+00:00,20260820T190931,joint:rzz-hea:24:185b763f3603f4d4,ok,,rzz-hea,24,8,float64,42,128,2,128,2,2,1.0,rotation,rotation,24,24,compact:L1R0W0-L1R0W0-L1R0W0-L1R0W0-L1R0W0-L1R0W0-L1R0W0-L1R0W0-L1R0W0-L1R0W0-L1R0W0-L1R0W0-L1R0W0-L1R0W0-L1R0W0-L1R0W0-L1R0W0-L1R0W0-L1R0W0-L1R0W0-L1R0W0-L1R0W0-L1R0W0-L1R0W0,compact:L1R0W0-L1R0W0-L1R0W0-L1R0W0-L1R0W0-L1R0W0-L1R0W0-L1R0W0-L1R0W0-L1R0W0-L1R0W0-L1R0W0-L1R0W0-L1R0W0-L1R0W0-L1R0W0-L1R0W0-L1R0W0-L1R0W0-L1R0W0-L1R0W0-L1R0W0-L1R0W0-L1R0W0,,,merged,optimized,3,3,3,411.707966,411.7575443333333,411.675657,411.88901,0.09389136987082924,119.41940133333333,1.7567673333333333,290.58137566666664,,,custom:libsad_search_b969ada61d8a74.so,/home/rzzhang/sad_merged/sad/build/libsad_search_b969ada61d8a74.so
2026-08-20T19:10:17.321108+00:00,20260820T190931,joint:rzz-hea:28:70a7bac073836b43,ok,,rzz-hea,28,8,float64,42,64,2,64,2,2,0.0,rotation,rotation,4,4,compact:L5R2W0-L5R2W0-L5R2W0-L5R2W0,compact:L5R2W0-L5R2W0-L5R2W0-L5R2W0,,,split,optimized,2,3,2,2668.2672575,2668.2672575,2662.134442,2674.4000730000002,6.132815500000106,719.6730755,85.5365255,1863.0576565000001,,,custom:libsad_search_20c37ff249ec0a.so,/home/rzzhang/sad_merged/sad/build/libsad_search_20c37ff249ec0a.so
2026-08-20T19:10:30.596161+00:00,20260820T190931,joint:rzz-hea:20:37a7a21476f65c61,ok,,rzz-hea,20,8,float64,42,128,2,128,2,2,0.75,rotation,rotation,16,16,compact:L2R0W0-L2R0W0-L2R0W0-L2R0W0-L1R0W0-L1R0W0-L1R0W0-L1R0W0-L1R0W0-L1R0W0-L1R0W0-L1R0W0-L1R0W0-L1R0W0-L1R0W0-L1R0W0,compact:L2R0W0-L2R0W0-L2R0W0-L2R0W0-L1R0W0-L1R0W0-L1R0W0-L1R0W0-L1R0W0-L1R0W0-L1R0W0-L1R0W0-L1R0W0-L1R0W0-L1R0W0-L1R0W0,,,merged,optimized,5,3,5,9.725950000000001,9.6825984,9.503803999999999,9.735391,0.08961092439340229,2.592491,0.09901800000000001,6.9910894,,,custom:libsad_search_b969ada61d8a74.so,/home/rzzhang/sad_merged/sad/build/libsad_search_b969ada61d8a74.so
2026-08-20T19:10:30.690680+00:00,20260820T190931,joint:rzz-hea:6:58f6a5d6c8cba061,ok,,rzz-hea,6,8,float64,42,64,2,64,2,1,0.0,rotation,rotation,1,1,compact:L5R1W0,compact:L5R1W0,,,merged,optimized,20,3,20,0.22251349999999998,0.22293975000000002,0.221131,0.22530499999999998,0.0013530690623541747,0.05811955,0.018897949999999997,0.14592225,,,custom:libsad_search_7e5293342e215a.so,/home/rzzhang/sad_merged/sad/build/libsad_search_7e5293342e215a.so
2026-08-20T19:10:30.709024+00:00,20260820T190931,joint:rzz-hea:4:2d09dc3e5bc7831b,ok,,rzz-hea,4,8,float64,42,128,2,128,2,1,1.0,rotation,rotation,4,4,compact:L1R0W0-L1R0W0-L1R0W0-L1R0W0,compact:L1R0W0-L1R0W0-L1R0W0-L1R0W0,,,split,optimized,20,3,20,0.36328649999999996,0.363183,0.36145800000000006,0.36550699999999997,0.0010914310789051208,0.12929425,0.0187224,0.21516634999999998,,,custom:libsad_search_9361435758c99d.so,/home/rzzhang/sad_merged/sad/build/libsad_search_9361435758c99d.so
2026-08-20T19:10:30.727327+00:00,20260820T190931,joint:rzz-hea:24:e89c395414cca22c,ok,,rzz-hea,24,8,float64,42,32,2,32,2,1,0.0,rotation,rotation,4,4,compact:L5R1W0-L5R1W0-L5R1W0-L5R1W0,compact:L5R1W0-L5R1W0-L5R1W0-L5R1W0,,,split,optimized,3,3,3,144.143832,143.52015066666667,142.214316,144.202304,0.9236730576696996,38.25869066666667,1.8288973333333334,103.43256266666667,,,custom:libsad_search_3cb67c7e18cc99.so,/home/rzzhang/sad_merged/sad/build/libsad_search_3cb67c7e18cc99.so
2026-08-20T19:10:31.607947+00:00,20260820T190931,joint:rzz-hea:20:d2e4a50c327ee56f,ok,,rzz-hea,20,8,float64,42,128,2,32,2,1,0.0,legacy,legacy,0,0,,,,,not_applicable,legacy-generic,5,3,5,7.321664,7.329328599999999,7.2622480000000005,7.4002289999999995,0.06096547835488513,2.0985802,0.09753619999999999,5.1332122,,,custom:libsad_search_eaf59e83158800.so,/home/rzzhang/sad_merged/sad/build/libsad_search_eaf59e83158800.so
2026-08-20T19:10:31.679594+00:00,20260820T190931,joint:rzz-hea:22:a292653e3f51f45c,ok,,rzz-hea,22,8,float64,42,32,2,32,2,1,0.5,rotation,rotation,13,13,compact:L2R0W0-L2R0W0-L2R0W0-L2R0W0-L2R0W0-L2R0W0-L2R0W0-L2R0W0-L2R0W0-L1R0W0-L1R0W0-L1R0W0-L1R0W0,compact:L2R0W0-L2R0W0-L2R0W0-L2R0W0-L2R0W0-L2R0W0-L2R0W0-L2R0W0-L2R0W0-L1R0W0-L1R0W0-L1R0W0-L1R0W0,,,split,optimized,3,3,3,53.24137,53.252205333333336,53.21249,53.302756,0.037638995960159106,10.447083333333333,0.4282383333333334,42.37688366666667,,,custom:libsad_search_3cb67c7e18cc99.so,/home/rzzhang/sad_merged/sad/build/libsad_search_3cb67c7e18cc99.so
2026-08-20T19:10:32.004909+00:00,20260820T190931,joint:rzz-hea:18:f20db1eb84d1ad9e,ok,,rzz-hea,18,8,float64,42,64,2,64,2,1,0.0,rotation,rotation,3,3,compact:L5R1W0-L5R1W0-L5R1W0,compact:L5R1W0-L5R1W0-L5R1W0,,,merged,optimized,5,3,5,2.531224,2.576747,2.5241249999999997,2.723867,0.0756865088876478,0.577847,0.037177,1.9617229999999999,,,custom:libsad_search_7e5293342e215a.so,/home/rzzhang/sad_merged/sad/build/libsad_search_7e5293342e215a.so
2026-08-20T19:10:32.030213+00:00,20260820T190931,joint:rzz-hea:20:491536fb27199076,ok,,rzz-hea,20,8,float64,42,64,2,64,2,2,0.5,rotation,rotation,12,12,compact:L2R0W0-L2R0W0-L2R0W0-L2R0W0-L2R0W0-L2R0W0-L2R0W0-L2R0W0-L1R0W0-L1R0W0-L1R0W0-L1R0W0,compact:L2R0W0-L2R0W0-L2R0W0-L2R0W0-L2R0W0-L2R0W0-L2R0W0-L2R0W0-L1R0W0-L1R0W0-L1R0W0-L1R0W0,,,merged,optimized,5,3,5,8.427617,8.430611200000001,8.420751000000001,8.448956,0.009606584333674534,2.106927,0.0944136,6.2292705999999995,,,custom:libsad_search_97eec9f2a848ec.so,/home/rzzhang/sad_merged/sad/build/libsad_search_97eec9f2a848ec.so
2026-08-20T19:10:32.102471+00:00,20260820T190931,joint:rzz-hea:18:a8238eebddce89d3,ok,,rzz-hea,18,8,float64,42,128,2,32,2,2,0.75,rotation,rotation,14,14,compact:L2R0W0-L2R0W0-L2R0W0-L2R0W0-L1R0W0-L1R0W0-L1R0W0-L1R0W0-L1R0W0-L1R0W0-L1R0W0-L1R0W0-L1R0W0-L1R0W0,compact:L2R0W0-L2R0W0-L2R0W0-L2R0W0-L1R0W0-L1R0W0-L1R0W0-L1R0W0-L1R0W0-L1R0W0-L1R0W0-L1R0W0-L1R0W0-L1R0W0,,,merged,optimized,5,3,5,3.248039,3.2564954,3.238843,3.284982,0.01632816739992572,1.0224804,0.035558400000000004,2.1984566,,,custom:libsad_search_d014591f51543a.so,/home/rzzhang/sad_merged/sad/build/libsad_search_d014591f51543a.so
2026-08-20T19:10:32.132571+00:00,20260820T190931,joint:rzz-hea:4:9f162d33db357b2e,ok,,rzz-hea,4,8,float64,42,32,2,128,2,2,0.25,rotation,rotation,2,2,compact:L2R0W0-L2R0W0,compact:L2R0W0-L2R0W0,,,merged,optimized,20,3,20,0.22724149999999999,0.22892185,0.22520400000000002,0.23448,0.003541106243464036,0.05909345,0.01872495,0.15110345,,,custom:libsad_search_fce412939d20fb.so,/home/rzzhang/sad_merged/sad/build/libsad_search_fce412939d20fb.so
2026-08-20T19:10:32.141124+00:00,20260820T190931,joint:rzz-hea:6:dc96c0624d2cecae,ok,,rzz-hea,6,8,float64,42,32,2,32,2,1,1.0,rotation,rotation,6,6,compact:L1R0W0-L1R0W0-L1R0W0-L1R0W0-L1R0W0-L1R0W0,compact:L1R0W0-L1R0W0-L1R0W0-L1R0W0-L1R0W0-L1R0W0,,,merged,optimized,20,3,20,0.414775,0.41601869999999996,0.41351699999999997,0.424116,0.003117516416957576,0.15703519999999999,0.01847695,0.24050655000000004,,,custom:libsad_search_f9cdaf042a7bd6.so,/home/rzzhang/sad_merged/sad/build/libsad_search_f9cdaf042a7bd6.so
2026-08-20T19:10:32.156042+00:00,20260820T190931,joint:rzz-hea:18:5a4e83c16919a303,ok,,rzz-hea,18,8,float64,42,64,2,64,2,2,0.25,rotation,rotation,7,7,compact:L3R0W0-L3R0W0-L3R0W0-L3R0W0-L2R0W0-L2R0W0-L2R0W0,compact:L3R0W0-L3R0W0-L3R0W0-L3R0W0-L2R0W0-L2R0W0-L2R0W0,,,merged,optimized,5,3,5,2.690052,2.6900658,2.687866,2.6921670000000004,0.0014689057696122458,0.6789798,0.0351366,1.9759494,,,custom:libsad_search_97eec9f2a848ec.so,/home/rzzhang/sad_merged/sad/build/libsad_search_97eec9f2a848ec.so
2026-08-20T19:10:32.181396+00:00,20260820T190931,joint:rzz-hea:16:7ff721efca45a5f8,ok,,rzz-hea,16,8,float64,42,32,2,128,2,1,0.0,rotation,rotation,3,2,compact:L5R1W0-L5R0W0-L5R0W0,compact:L5R2W1-L5R2W1,,,merged,optimized,5,3,5,1.05263,1.0524694,1.05056,1.053945,0.0010896675823387544,0.23759480000000002,0.018994399999999998,0.7958801999999999,,,custom:libsad_search_2a8327787a9aac.so,/home/rzzhang/sad_merged/sad/build/libsad_search_2a8327787a9aac.so
2026-08-20T19:10:32.195371+00:00,20260820T190931,joint:rzz-hea:22:5a11af7ebb94e5b0,ok,,rzz-hea,22,8,float64,42,32,2,128,2,2,0.0,rotation,rotation,4,3,compact:L5R1W0-L5R1W0-L5R0W0-L5R0W0,compact:L5R2W1-L5R2W0-L5R2W0,,,split,optimized,3,3,3,32.544115999999995,32.57111799999999,32.445909,32.72332899999999,0.11485438637103054,8.189065333333334,0.3981973333333333,23.98385533333333,,,custom:libsad_search_2a0e4369743c84.so,/home/rzzhang/sad_merged/sad/build/libsad_search_2a0e4369743c84.so
2026-08-20T19:10:32.398778+00:00,20260820T190931,joint:rzz-hea:16:5663ef3ec187e5c2,ok,,rzz-hea,16,8,float64,42,128,2,32,2,2,1.0,rotation,rotation,16,16,compact:L1R0W0-L1R0W0-L1R0W0-L1R0W0-L1R0W0-L1R0W0-L1R0W0-L1R0W0-L1R0W0-L1R0W0-L1R0W0-L1R0W0-L1R0W0-L1R0W0-L1R0W0-L1R0W0,compact:L1R0W0-L1R0W0-L1R0W0-L1R0W0-L1R0W0-L1R0W0-L1R0W0-L1R0W0-L1R0W0-L1R0W0-L1R0W0-L1R0W0-L1R0W0-L1R0W0-L1R0W0-L1R0W0,,,merged,optimized,5,3,5,2.195435,2.1944065999999998,2.18921,2.1973570000000002,0.002762592159548669,0.8055220000000001,0.018884599999999998,1.37,,,custom:libsad_search_d014591f51543a.so,/home/rzzhang/sad_merged/sad/build/libsad_search_d014591f51543a.so
2026-08-20T19:10:32.420479+00:00,20260820T190931,joint:rzz-hea:28:c5442768a58699f6,ok,,rzz-hea,28,8,float64,42,128,2,32,2,1,0.25,rotation,rotation,10,10,compact:L3R0W0-L3R0W0-L3R0W0-L3R0W0-L3R0W0-L3R0W0-L3R0W0-L3R0W0-L2R0W0-L2R0W0,compact:L3R0W0-L3R0W0-L3R0W0-L3R0W0-L3R0W0-L3R0W0-L3R0W0-L3R0W0-L2R0W0-L2R0W0,,,split,optimized,2,3,2,3540.383668,3540.383668,3532.752512,3548.014824,7.631155999999919,1054.1511914999999,85.69179150000001,2400.5406850000004,,,custom:libsad_search_7259903b8346c4.so,/home/rzzhang/sad_merged/sad/build/libsad_search_7259903b8346c4.so
2026-08-20T19:10:50.013085+00:00,20260820T190931,joint:rzz-hea:28:3f2a1c548096ba0e,ok,,rzz-hea,28,8,float64,42,64,2,64,2,2,0.5,rotation,rotation,16,16,compact:L2R0W0-L2R0W0-L2R0W0-L2R0W0-L2R0W0-L2R0W0-L2R0W0-L2R0W0-L2R0W0-L2R0W0-L2R0W0-L2R0W0-L1R0W0-L1R0W0-L1R0W0-L1R0W0,compact:L2R0W0-L2R0W0-L2R0W0-L2R0W0-L2R0W0-L2R0W0-L2R0W0-L2R0W0-L2R0W0-L2R0W0-L2R0W0-L2R0W0-L1R0W0-L1R0W0-L1R0W0-L1R0W0,,,merged,optimized,2,3,2,4755.882299,4755.882299,4752.242233999999,4759.522364,3.6400650000005044,1312.2188724999999,84.576074,3359.0873525,,,custom:libsad_search_97eec9f2a848ec.so,/home/rzzhang/sad_merged/sad/build/libsad_search_97eec9f2a848ec.so
2026-08-20T19:11:13.825274+00:00,20260820T190931,joint:rzz-hea:16:ff7bb8158f39721a,ok,,rzz-hea,16,8,float64,42,32,2,32,2,2,0.75,rotation,rotation,13,13,compact:L2R0W0-L2R0W0-L2R0W0-L1R0W0-L1R0W0-L1R0W0-L1R0W0-L1R0W0-L1R0W0-L1R0W0-L1R0W0-L1R0W0-L1R0W0,compact:L2R0W0-L2R0W0-L2R0W0-L1R0W0-L1R0W0-L1R0W0-L1R0W0-L1R0W0-L1R0W0-L1R0W0-L1R0W0-L1R0W0-L1R0W0,,,split,optimized,5,3,5,1.762234,1.7237418000000002,1.648741,1.76323,0.04872840373088368,0.6167098000000001,0.0191214,1.0879105999999998,,,custom:libsad_search_16d9d6cef53b3d.so,/home/rzzhang/sad_merged/sad/build/libsad_search_16d9d6cef53b3d.so
2026-08-20T19:11:13.854148+00:00,20260820T190931,joint:rzz-hea:4:5c8dba86af8b104c,ok,,rzz-hea,4,8,float64,42,128,2,128,2,1,0.5,rotation,rotation,2,2,compact:L2R0W0-L2R0W0,compact:L2R0W0-L2R0W0,,,split,optimized,20,3,20,0.29386650000000003,0.2940577,0.292792,0.29893600000000004,0.0012229324224993035,0.09594165,0.018834399999999998,0.17928165,,,custom:libsad_search_9361435758c99d.so,/home/rzzhang/sad_merged/sad/build/libsad_search_9361435758c99d.so
2026-08-20T19:11:13.870078+00:00,20260820T190931,joint:rzz-hea:6:2f9acbc754a86178,ok,,rzz-hea,6,8,float64,42,128,2,128,2,1,0.0,legacy,legacy,0,0,,,,,not_applicable,legacy-generic,20,3,20,0.338955,0.3391985,0.338053,0.340113,0.0005430768361843419,0.10411235,0.018991200000000003,0.21609494999999998,,,custom:libsad_search_78e231cd0d5107.so,/home/rzzhang/sad_merged/sad/build/libsad_search_78e231cd0d5107.so
2026-08-20T19:11:29.182817+00:00,20260820T190931,joint:rzz-hea:6:aef61823c61a7d9b,ok,,rzz-hea,6,8,float64,42,128,2,32,2,2,0.0,rotation,rotation,1,1,compact:L5R1W0,compact:L5R1W0,,,split,optimized,20,3,20,0.278888,0.2814431,0.277422,0.28665599999999997,0.0038669222244570784,0.0916412,0.018830149999999997,0.17097175,,,custom:libsad_search_3b115211f38255.so,/home/rzzhang/sad_merged/sad/build/libsad_search_3b115211f38255.so
2026-08-20T19:11:43.294666+00:00,20260820T190931,joint:rzz-hea:22:12de8cfdabead491,ok,,rzz-hea,22,8,float64,42,32,2,32,2,1,0.5,rotation,rotation,13,13,compact:L2R0W0-L2R0W0-L2R0W0-L2R0W0-L2R0W0-L2R0W0-L2R0W0-L2R0W0-L2R0W0-L1R0W0-L1R0W0-L1R0W0-L1R0W0,compact:L2R0W0-L2R0W0-L2R0W0-L2R0W0-L2R0W0-L2R0W0-L2R0W0-L2R0W0-L2R0W0-L1R0W0-L1R0W0-L1R0W0-L1R0W0,,,merged,optimized,3,3,3,52.485465999999995,52.500527,52.409451,52.606663999999995,0.08121316450346294,8.787979666666669,0.40618366666666667,43.30636366666666,,,custom:libsad_search_f9cdaf042a7bd6.so,/home/rzzhang/sad_merged/sad/build/libsad_search_f9cdaf042a7bd6.so
2026-08-20T19:11:43.617177+00:00,20260820T190931,joint:rzz-hea:22:bbb244bdb0f158eb,ok,,rzz-hea,22,8,float64,42,128,2,128,2,2,0.0,rotation,rotation,3,3,compact:L5R2W1-L5R2W0-L5R2W0,compact:L5R2W1-L5R2W0-L5R2W0,,,split,optimized,3,3,3,31.632441999999998,31.640096333333332,31.630236,31.657611000000003,0.012417441237587338,7.555531666666667,0.3959633333333334,23.688601333333335,,,custom:libsad_search_d02bea87aa5c56.so,/home/rzzhang/sad_merged/sad/build/libsad_search_d02bea87aa5c56.so
2026-08-20T19:11:43.815015+00:00,20260820T190931,joint:rzz-hea:16:00da1265ab11f388,ok,,rzz-hea,16,8,float64,42,32,2,128,2,2,0.75,rotation,rotation,13,12,compact:L2R0W0-L2R0W0-L2R0W0-L1R0W0-L1R0W0-L1R0W0-L1R0W0-L1R0W0-L1R0W0-L1R0W0-L1R0W0-L1R0W0-L1R0W0,compact:L2R0W0-L2R0W0-L2R0W0-L2R0W0-L1R0W0-L1R0W0-L1R0W0-L1R0W0-L1R0W0-L1R0W0-L1R0W0-L1R0W0,,,split,optimized,5,3,5,1.7817,1.7829153999999998,1.778701,1.7885739999999999,0.004093857379049702,0.6115144,0.019096400000000003,1.1523046000000001,,,custom:libsad_search_2a0e4369743c84.so,/home/rzzhang/sad_merged/sad/build/libsad_search_2a0e4369743c84.so
2026-08-20T19:11:43.833243+00:00,20260820T190931,joint:rzz-hea:20:78090919ec946abf,ok,,rzz-hea,20,8,float64,42,128,2,32,2,2,0.75,rotation,rotation,16,16,compact:L2R0W0-L2R0W0-L2R0W0-L2R0W0-L1R0W0-L1R0W0-L1R0W0-L1R0W0-L1R0W0-L1R0W0-L1R0W0-L1R0W0-L1R0W0-L1R0W0-L1R0W0-L1R0W0,compact:L2R0W0-L2R0W0-L2R0W0-L2R0W0-L1R0W0-L1R0W0-L1R0W0-L1R0W0-L1R0W0-L1R0W0-L1R0W0-L1R0W0-L1R0W0-L1R0W0-L1R0W0-L1R0W0,,,split,optimized,5,3,5,9.005111,8.920525000000001,8.664137,9.074819999999999,0.165052427400508,2.8314858,0.097528,5.9915112,,,custom:libsad_search_3b115211f38255.so,/home/rzzhang/sad_merged/sad/build/libsad_search_3b115211f38255.so
2026-08-20T19:11:43.908824+00:00,20260820T190931,joint:rzz-hea:16:1690f6bc37de1e16,ok,,rzz-hea,16,8,float64,42,32,2,32,2,2,1.0,rotation,rotation,16,16,compact:L1R0W0-L1R0W0-L1R0W0-L1R0W0-L1R0W0-L1R0W0-L1R0W0-L1R0W0-L1R0W0-L1R0W0-L1R0W0-L1R0W0-L1R0W0-L1R0W0-L1R0W0-L1R0W0,compact:L1R0W0-L1R0W0-L1R0W0-L1R0W0-L1R0W0-L1R0W0-L1R0W0-L1R0W0-L1R0W0-L1R0W0-L1R0W0-L1R0W0-L1R0W0-L1R0W0-L1R0W0-L1R0W0,,,split,optimized,5,3,5,1.874867,1.8767406000000002,1.873922,1.885031,0.004208989836053231,0.689563,0.019238,1.1679396,,,custom:libsad_search_16d9d6cef53b3d.so,/home/rzzhang/sad_merged/sad/build/libsad_search_16d9d6cef53b3d.so
2026-08-20T19:11:43.927318+00:00,20260820T190931,joint:rzz-hea:10:fff8a8405766c724,ok,,rzz-hea,10,8,float64,42,128,2,128,2,1,0.75,rotation,rotation,8,8,compact:L2R0W0-L2R0W0-L1R0W0-L1R0W0-L1R0W0-L1R0W0-L1R0W0-L1R0W0,compact:L2R0W0-L2R0W0-L1R0W0-L1R0W0-L1R0W0-L1R0W0-L1R0W0-L1R0W0,,,split,optimized,10,3,10,0.8819904999999999,0.8830323,0.871404,0.8980940000000001,0.011054724954063774,0.32147109999999995,0.019174300000000002,0.5423868999999999,,,custom:libsad_search_9361435758c99d.so,/home/rzzhang/sad_merged/sad/build/libsad_search_9361435758c99d.so
2026-08-20T19:11:43.942186+00:00,20260820T190931,joint:rzz-hea:18:29015e20e6bfdda1,ok,,rzz-hea,18,8,float64,42,32,2,32,2,1,0.5,rotation,rotation,10,10,compact:L2R0W0-L2R0W0-L2R0W0-L2R0W0-L2R0W0-L2R0W0-L2R0W0-L2R0W0-L1R0W0-L1R0W0,compact:L2R0W0-L2R0W0-L2R0W0-L2R0W0-L2R0W0-L2R0W0-L2R0W0-L2R0W0-L1R0W0-L1R0W0,,,split,optimized,5,3,5,2.667437,2.6664825999999997,2.6591929999999997,2.671609,0.004147187123822728,0.8495838000000001,0.0354002,1.7814986,,,custom:libsad_search_3cb67c7e18cc99.so,/home/rzzhang/sad_merged/sad/build/libsad_search_3cb67c7e18cc99.so
2026-08-20T19:11:43.967491+00:00,20260820T190931,joint:rzz-hea:6:357a0bd76d68b810,ok,,rzz-hea,6,8,float64,42,64,2,64,2,2,0.25,rotation,rotation,2,2,compact:L3R0W0-L3R0W0,compact:L3R0W0-L3R0W0,,,split,optimized,20,3,20,0.303261,0.30357080000000003,0.30191799999999996,0.30632899999999996,0.0009976273151833814,0.09785600000000001,0.0188841,0.1868307,,,custom:libsad_search_20c37ff249ec0a.so,/home/rzzhang/sad_merged/sad/build/libsad_search_20c37ff249ec0a.so
2026-08-20T19:11:43.978101+00:00,20260820T190931,joint:rzz-hea:4:2ecd7ecf460bcc53,ok,,rzz-hea,4,8,float64,42,32,2,32,2,1,0.5,rotation,rotation,2,2,compact:L2R0W0-L2R0W0,compact:L2R0W0-L2R0W0,,,merged,optimized,20,3,20,0.20215999999999998,0.20229565,0.20158600000000002,0.20382,0.0006351331572985318,0.05876935,0.019004550000000002,0.12452175000000001,,,custom:libsad_search_f9cdaf042a7bd6.so,/home/rzzhang/sad_merged/sad/build/libsad_search_f9cdaf042a7bd6.so
2026-08-20T19:11:43.986549+00:00,20260820T190931,joint:rzz-hea:14:631ae49fa3c5a572,ok,,rzz-hea,14,8,float64,42,128,2,128,2,2,0.5,rotation,rotation,8,8,compact:L2R0W0-L2R0W0-L2R0W0-L2R0W0-L2R0W0-L2R0W0-L1R0W0-L1R0W0,compact:L2R0W0-L2R0W0-L2R0W0-L2R0W0-L2R0W0-L2R0W0-L1R0W0-L1R0W0,,,merged,optimized,10,3,10,1.063299,1.0625442,1.055598,1.064881,0.0024945090017877273,0.3915792,0.018762400000000002,0.6522026000000001,,,custom:libsad_search_b969ada61d8a74.so,/home/rzzhang/sad_merged/sad/build/libsad_search_b969ada61d8a74.so
2026-08-20T19:11:44.003994+00:00,20260820T190931,joint:rzz-hea:26:f8d1ead78a02e507,ok,,rzz-hea,26,8,float64,42,128,2,128,2,2,0.25,rotation,rotation,9,9,compact:L3R0W0-L3R0W0-L3R0W0-L3R0W0-L3R0W0-L3R0W0-L3R0W0-L3R0W0-L2R0W0,compact:L3R0W0-L3R0W0-L3R0W0-L3R0W0-L3R0W0-L3R0W0-L3R0W0-L3R0W0-L2R0W0,,,split,optimized,2,3,2,768.4659375,768.4659375,767.0476699999999,769.8842050000001,1.41826750000007,240.17541500000002,10.279779,518.0107435000001,,,custom:libsad_search_d02bea87aa5c56.so,/home/rzzhang/sad_merged/sad/build/libsad_search_d02bea87aa5c56.so
2026-08-20T19:11:47.857854+00:00,20260820T190931,joint:rzz-hea:4:edbbe788aa67af85,ok,,rzz-hea,4,8,float64,42,128,2,128,2,1,0.75,rotation,rotation,3,3,compact:L2R0W0-L1R0W0-L1R0W0,compact:L2R0W0-L1R0W0-L1R0W0,,,merged,optimized,20,3,20,0.306121,0.30670965,0.30403199999999997,0.31408800000000003,0.0022207506000224467,0.0953521,0.0189269,0.19243065,,,custom:libsad_search_8fbfac92ec4bef.so,/home/rzzhang/sad_merged/sad/build/libsad_search_8fbfac92ec4bef.so
2026-08-20T19:11:47.877042+00:00,20260820T190931,joint:rzz-hea:16:e9dc24558d12f932,ok,,rzz-hea,16,8,float64,42,32,2,32,2,1,0.5,rotation,rotation,10,10,compact:L2R0W0-L2R0W0-L2R0W0-L2R0W0-L2R0W0-L2R0W0-L1R0W0-L1R0W0-L1R0W0-L1R0W0,compact:L2R0W0-L2R0W0-L2R0W0-L2R0W0-L2R0W0-L2R0W0-L1R0W0-L1R0W0-L1R0W0-L1R0W0,,,split,optimized,5,3,5,1.467016,1.462278,1.431781,1.4735289999999999,0.015589841359038922,0.4970634,0.0192072,0.9460074,,,custom:libsad_search_3cb67c7e18cc99.so,/home/rzzhang/sad_merged/sad/build/libsad_search_3cb67c7e18cc99.so
2026-08-20T19:11:47.902202+00:00,20260820T190931,joint:rzz-hea:24:293c5315db346a0f,ok,,rzz-hea,24,8,float64,42,32,2,32,2,1,1.0,rotation,rotation,24,24,compact:L1R0W0-L1R0W0-L1R0W0-L1R0W0-L1R0W0-L1R0W0-L1R0W0-L1R0W0-L1R0W0-L1R0W0-L1R0W0-L1R0W0-L1R0W0-L1R0W0-L1R0W0-L1R0W0-L1R0W0-L1R0W0-L1R0W0-L1R0W0-L1R0W0-L1R0W0-L1R0W0-L1R0W0,compact:L1R0W0-L1R0W0-L1R0W0-L1R0W0-L1R0W0-L1R0W0-L1R0W0-L1R0W0-L1R0W0-L1R0W0-L1R0W0-L1R0W0-L1R0W0-L1R0W0-L1R0W0-L1R0W0-L1R0W0-L1R0W0-L1R0W0-L1R0W0-L1R0W0-L1R0W0-L1R0W0-L1R0W0,,,merged,optimized,3,3,3,415.471775,414.90641400000004,413.52019700000005,415.72727,0.9857374911110616,119.139016,1.775825,293.991573,,,custom:libsad_search_f9cdaf042a7bd6.so,/home/rzzhang/sad_merged/sad/build/libsad_search_f9cdaf042a7bd6.so
2026-08-20T19:11:50.409807+00:00,20260820T190931,joint:rzz-hea:14:d250324eee574f18,ok,,rzz-hea,14,8,float64,42,128,2,128,2,1,0.75,rotation,rotation,11,11,compact:L2R0W0-L2R0W0-L2R0W0-L1R0W0-L1R0W0-L1R0W0-L1R0W0-L1R0W0-L1R0W0-L1R0W0-L1R0W0,compact:L2R0W0-L2R0W0-L2R0W0-L1R0W0-L1R0W0-L1R0W0-L1R0W0-L1R0W0-L1R0W0-L1R0W0-L1R0W0,,,split,optimized,10,3,10,1.3517885,1.3519559,1.349451,1.3537240000000001,0.0013973464459467312,0.5032413,0.0190487,0.8296659,,,custom:libsad_search_9361435758c99d.so,/home/rzzhang/sad_merged/sad/build/libsad_search_9361435758c99d.so
2026-08-20T19:11:50.434267+00:00,20260820T190931,joint:rzz-hea:6:e621515e3c01bcd2,ok,,rzz-hea,6,8,float64,42,128,2,128,2,1,0.5,rotation,rotation,4,4,compact:L2R0W0-L2R0W0-L1R0W0-L1R0W0,compact:L2R0W0-L2R0W0-L1R0W0-L1R0W0,,,merged,optimized,20,3,20,0.387997,0.3878975,0.38498899999999997,0.39008200000000004,0.0010411683581438777,0.12629225,0.01870855,0.24289670000000002,,,custom:libsad_search_8fbfac92ec4bef.so,/home/rzzhang/sad_merged/sad/build/libsad_search_8fbfac92ec4bef.so
2026-08-20T19:11:50.446296+00:00,20260820T190931,joint:rzz-hea:20:f4ac1d976fefa1ca,ok,,rzz-hea,20,8,float64,42,128,2,32,2,1,0.75,rotation,rotation,16,16,compact:L2R0W0-L2R0W0-L2R0W0-L2R0W0-L1R0W0-L1R0W0-L1R0W0-L1R0W0-L1R0W0-L1R0W0-L1R0W0-L1R0W0-L1R0W0-L1R0W0-L1R0W0-L1R0W0,compact:L2R0W0-L2R0W0-L2R0W0-L2R0W0-L1R0W0-L1R0W0-L1R0W0-L1R0W0-L1R0W0-L1R0W0-L1R0W0-L1R0W0-L1R0W0-L1R0W0-L1R0W0-L1R0W0,,,merged,optimized,5,3,5,9.290021,9.2047908,9.064376,9.296876000000001,0.11001716218372486,2.5849416,0.09969,6.5201592,,,custom:libsad_search_5851e15f736f52.so,/home/rzzhang/sad_merged/sad/build/libsad_search_5851e15f736f52.so
2026-08-20T19:11:50.524730+00:00,20260820T190931,joint:rzz-hea:20:c75525390943ed1e,ok,,rzz-hea,20,8,float64,42,64,2,64,2,2,0.5,rotation,rotation,12,12,compact:L2R0W0-L2R0W0-L2R0W0-L2R0W0-L2R0W0-L2R0W0-L2R0W0-L2R0W0-L1R0W0-L1R0W0-L1R0W0-L1R0W0,compact:L2R0W0-L2R0W0-L2R0W0-L2R0W0-L2R0W0-L2R0W0-L2R0W0-L2R0W0-L1R0W0-L1R0W0-L1R0W0-L1R0W0,,,split,optimized,5,3,5,8.233943,8.232197199999998,8.209454,8.246072,0.012508625494434022,2.402488,0.0993514,5.7303578,,,custom:libsad_search_20c37ff249ec0a.so,/home/rzzhang/sad_merged/sad/build/libsad_search_20c37ff249ec0a.so
2026-08-20T19:11:50.595241+00:00,20260820T190931,joint:rzz-hea:26:a3e914b45812ed80,ok,,rzz-hea,26,8,float64,42,128,2,128,2,1,0.25,rotation,rotation,9,9,compact:L3R0W0-L3R0W0-L3R0W0-L3R0W0-L3R0W0-L3R0W0-L3R0W0-L3R0W0-L2R0W0,compact:L3R0W0-L3R0W0-L3R0W0-L3R0W0-L3R0W0-L3R0W0-L3R0W0-L3R0W0-L2R0W0,,,merged,optimized,2,3,2,760.44993,760.44993,760.115997,760.7838629999999,0.33393299999994497,199.122996,10.180883,551.1460509999999,,,custom:libsad_search_8fbfac92ec4bef.so,/home/rzzhang/sad_merged/sad/build/libsad_search_8fbfac92ec4bef.so
2026-08-20T19:11:54.409952+00:00,20260820T190931,joint:rzz-hea:22:f06b355dd314958c,ok,,rzz-hea,22,8,float64,42,32,2,128,2,2,0.75,rotation,rotation,18,17,compact:L2R0W0-L2R0W0-L2R0W0-L2R0W0-L1R0W0-L1R0W0-L1R0W0-L1R0W0-L1R0W0-L1R0W0-L1R0W0-L1R0W0-L1R0W0-L1R0W0-L1R0W0-L1R0W0-L1R0W0-L1R0W0,compact:L2R0W0-L2R0W0-L2R0W0-L2R0W0-L2R0W0-L1R0W0-L1R0W0-L1R0W0-L1R0W0-L1R0W0-L1R0W0-L1R0W0-L1R0W0-L1R0W0-L1R0W0-L1R0W0-L1R0W0,,,split,optimized,3,3,3,66.31783,66.38411733333334,66.296583,66.53793900000001,0.10911366429656358,12.060649,0.414197,53.909271333333336,,,custom:libsad_search_2a0e4369743c84.so,/home/rzzhang/sad_merged/sad/build/libsad_search_2a0e4369743c84.so
2026-08-20T19:11:54.827039+00:00,20260820T190931,joint:rzz-hea:22:c9e9bf131b581dae,ok,,rzz-hea,22,8,float64,42,32,2,128,2,1,0.75,rotation,rotation,18,17,compact:L2R0W0-L2R0W0-L2R0W0-L2R0W0-L1R0W0-L1R0W0-L1R0W0-L1R0W0-L1R0W0-L1R0W0-L1R0W0-L1R0W0-L1R0W0-L1R0W0-L1R0W0-L1R0W0-L1R0W0-L1R0W0,compact:L2R0W0-L2R0W0-L2R0W0-L2R0W0-L2R0W0-L1R0W0-L1R0W0-L1R0W0-L1R0W0-L1R0W0-L1R0W0-L1R0W0-L1R0W0-L1R0W0-L1R0W0-L1R0W0-L1R0W0,,,merged,optimized,3,3,3,66.131483,66.19786066666666,66.00582299999999,66.45627599999999,0.18979194270978522,10.85592,0.40951899999999997,54.93242166666667,,,custom:libsad_search_2a8327787a9aac.so,/home/rzzhang/sad_merged/sad/build/libsad_search_2a8327787a9aac.so
2026-08-20T19:11:55.231189+00:00,20260820T190931,joint:rzz-hea:28:d197eff188b04e5f,ok,,rzz-hea,28,8,float64,42,32,2,32,2,1,0.75,rotation,rotation,22,22,compact:L2R0W0-L2R0W0-L2R0W0-L2R0W0-L2R0W0-L2R0W0-L1R0W0-L1R0W0-L1R0W0-L1R0W0-L1R0W0-L1R0W0-L1R0W0-L1R0W0-L1R0W0-L1R0W0-L1R0W0-L1R0W0-L1R0W0-L1R0W0-L1R0W0-L1R0W0,compact:L2R0W0-L2R0W0-L2R0W0-L2R0W0-L2R0W0-L2R0W0-L1R0W0-L1R0W0-L1R0W0-L1R0W0-L1R0W0-L1R0W0-L1R0W0-L1R0W0-L1R0W0-L1R0W0-L1R0W0-L1R0W0-L1R0W0-L1R0W0-L1R0W0-L1R0W0,,,split,optimized,2,3,2,6301.098057000001,6301.098057000001,6295.4675640000005,6306.728550000001,5.630493000000115,1940.909323,85.217315,4274.9714189999995,,,custom:libsad_search_3cb67c7e18cc99.so,/home/rzzhang/sad_merged/sad/build/libsad_search_3cb67c7e18cc99.so
2026-08-20T19:12:26.669473+00:00,20260820T190931,joint:rzz-hea:28:24a0882c3cf3c68d,ok,,rzz-hea,28,8,float64,42,64,2,64,2,2,0.75,rotation,rotation,22,22,compact:L2R0W0-L2R0W0-L2R0W0-L2R0W0-L2R0W0-L2R0W0-L1R0W0-L1R0W0-L1R0W0-L1R0W0-L1R0W0-L1R0W0-L1R0W0-L1R0W0-L1R0W0-L1R0W0-L1R0W0-L1R0W0-L1R0W0-L1R0W0-L1R0W0-L1R0W0,compact:L2R0W0-L2R0W0-L2R0W0-L2R0W0-L2R0W0-L2R0W0-L1R0W0-L1R0W0-L1R0W0-L1R0W0-L1R0W0-L1R0W0-L1R0W0-L1R0W0-L1R0W0-L1R0W0-L1R0W0-L1R0W0-L1R0W0-L1R0W0-L1R0W0-L1R0W0,,,merged,optimized,2,3,2,6210.126382,6210.126382,6202.803413,6217.449351000001,7.3229690000007395,1755.9994729999999,84.706106,4369.420803000001,,,custom:libsad_search_97eec9f2a848ec.so,/home/rzzhang/sad_merged/sad/build/libsad_search_97eec9f2a848ec.so
2026-08-20T19:12:57.732540+00:00,20260820T190931,joint:rzz-hea:24:25fdbfb1d1b71704,ok,,rzz-hea,24,8,float64,42,32,2,32,2,2,0.5,rotation,rotation,14,14,compact:L2R0W0-L2R0W0-L2R0W0-L2R0W0-L2R0W0-L2R0W0-L2R0W0-L2R0W0-L2R0W0-L2R0W0-L1R0W0-L1R0W0-L1R0W0-L1R0W0,compact:L2R0W0-L2R0W0-L2R0W0-L2R0W0-L2R0W0-L2R0W0-L2R0W0-L2R0W0-L2R0W0-L2R0W0-L1R0W0-L1R0W0-L1R0W0-L1R0W0,,,split,optimized,3,3,3,270.895695,269.37141933333334,265.687704,271.53085899999996,2.6176550981747324,83.97888266666666,1.9468333333333334,183.4457033333333,,,custom:libsad_search_16d9d6cef53b3d.so,/home/rzzhang/sad_merged/sad/build/libsad_search_16d9d6cef53b3d.so
2026-08-20T19:12:59.380379+00:00,20260820T190931,joint:rzz-hea:18:e7aac80e15682dd6,ok,,rzz-hea,18,8,float64,42,128,2,128,2,1,0.5,rotation,rotation,10,10,compact:L2R0W0-L2R0W0-L2R0W0-L2R0W0-L2R0W0-L2R0W0-L2R0W0-L2R0W0-L1R0W0-L1R0W0,compact:L2R0W0-L2R0W0-L2R0W0-L2R0W0-L2R0W0-L2R0W0-L2R0W0-L2R0W0-L1R0W0-L1R0W0,,,split,optimized,5,3,5,3.040134,3.0266744,2.9705770000000005,3.0432109999999994,0.028081198796347514,0.9671895999999999,0.035463999999999996,2.0240208,,,custom:libsad_search_9361435758c99d.so,/home/rzzhang/sad_merged/sad/build/libsad_search_9361435758c99d.so
2026-08-20T19:12:59.416318+00:00,20260820T190931,joint:rzz-hea:26:d87322245f407f88,ok,,rzz-hea,26,8,float64,42,32,2,128,2,1,0.0,rotation,rotation,4,3,compact:L5R2W0-L5R2W0-L5R1W0-L5R1W0,compact:L5R2W2-L5R2W2-L5R2W1,,,merged,optimized,2,3,2,637.6749889999999,637.6749889999999,628.8065889999999,646.5433889999999,8.868400000000008,150.5789145,10.742598,476.3534765,,,custom:libsad_search_2a8327787a9aac.so,/home/rzzhang/sad_merged/sad/build/libsad_search_2a8327787a9aac.so
2026-08-20T19:13:02.616456+00:00,20260820T190931,joint:rzz-hea:6:f9ec52d1d68deb0d,ok,,rzz-hea,6,8,float64,42,32,2,128,2,2,0.75,rotation,rotation,5,5,compact:L2R0W0-L1R0W0-L1R0W0-L1R0W0-L1R0W0,compact:L2R0W0-L1R0W0-L1R0W0-L1R0W0-L1R0W0,,,merged,optimized,20,3,20,0.442212,0.4421317,0.440127,0.44652400000000003,0.0014528136184659155,0.144876,0.01879675,0.27845895,,,custom:libsad_search_fce412939d20fb.so,/home/rzzhang/sad_merged/sad/build/libsad_search_fce412939d20fb.so
2026-08-20T19:13:02.635592+00:00,20260820T190931,joint:rzz-hea:8:febcf2de80acbb19,ok,,rzz-hea,8,8,float64,42,64,2,64,2,1,0.0,rotation,rotation,1,1,compact:L5R2W1,compact:L5R2W1,,,split,optimized,20,3,20,0.35837050000000004,0.3584539,0.35729299999999997,0.36032000000000003,0.000853312363674645,0.10764615,0.018778100000000002,0.23202965,,,custom:libsad_search_7ec063ebc99501.so,/home/rzzhang/sad_merged/sad/build/libsad_search_7ec063ebc99501.so
2026-08-20T19:13:17.190876+00:00,20260820T190931,joint:rzz-hea:14:1f1082ea8e95354a,ok,,rzz-hea,14,8,float64,42,128,2,32,2,2,0.0,rotation,rotation,2,2,compact:L5R2W0-L5R2W0,compact:L5R2W0-L5R2W0,,,split,optimized,10,3,10,0.588253,0.5874360000000001,0.582814,0.591859,0.003415763721336721,0.19875869999999998,0.018864500000000003,0.3698128,,,custom:libsad_search_3b115211f38255.so,/home/rzzhang/sad_merged/sad/build/libsad_search_3b115211f38255.so
2026-08-20T19:13:17.202052+00:00,20260820T190931,joint:rzz-hea:28:29395bcb63e566c5,ok,,rzz-hea,28,8,float64,42,32,2,32,2,1,0.25,rotation,rotation,10,10,compact:L3R0W0-L3R0W0-L3R0W0-L3R0W0-L3R0W0-L3R0W0-L3R0W0-L3R0W0-L2R0W0-L2R0W0,compact:L3R0W0-L3R0W0-L3R0W0-L3R0W0-L3R0W0-L3R0W0-L3R0W0-L3R0W0-L2R0W0-L2R0W0,,,split,optimized,2,3,2,3576.158699,3576.158699,3570.268552,3582.048846,5.89014700000007,1092.681437,86.8706735,2396.6065885000003,,,custom:libsad_search_3cb67c7e18cc99.so,/home/rzzhang/sad_merged/sad/build/libsad_search_3cb67c7e18cc99.so
2026-08-20T19:13:34.959191+00:00,20260820T190931,joint:rzz-hea:4:10fb00d41827739d,ok,,rzz-hea,4,8,float64,42,128,2,128,2,1,0.5,rotation,rotation,2,2,compact:L2R0W0-L2R0W0,compact:L2R0W0-L2R0W0,,,merged,optimized,20,3,20,0.288851,0.28909995,0.287617,0.290906,0.0008444699210155439,0.0804345,0.019044799999999997,0.18962065,,,custom:libsad_search_8fbfac92ec4bef.so,/home/rzzhang/sad_merged/sad/build/libsad_search_8fbfac92ec4bef.so
2026-08-20T19:13:34.975750+00:00,20260820T190931,joint:rzz-hea:28:db39e42fac22d491,ok,,rzz-hea,28,8,float64,42,32,2,128,2,2,0.75,rotation,rotation,22,22,compact:L2R0W0-L2R0W0-L2R0W0-L2R0W0-L2R0W0-L2R0W0-L1R0W0-L1R0W0-L1R0W0-L1R0W0-L1R0W0-L1R0W0-L1R0W0-L1R0W0-L1R0W0-L1R0W0-L1R0W0-L1R0W0-L1R0W0-L1R0W0-L1R0W0-L1R0W0,compact:L2R0W0-L2R0W0-L2R0W0-L2R0W0-L2R0W0-L2R0W0-L1R0W0-L1R0W0-L1R0W0-L1R0W0-L1R0W0-L1R0W0-L1R0W0-L1R0W0-L1R0W0-L1R0W0-L1R0W0-L1R0W0-L1R0W0-L1R0W0-L1R0W0-L1R0W0,,,merged,optimized,2,3,2,6214.1783285,6214.1783285,6210.848642,6217.508015,3.329686500000207,1768.0850775,84.37330800000001,4361.719943000001,,,custom:libsad_search_fce412939d20fb.so,/home/rzzhang/sad_merged/sad/build/libsad_search_fce412939d20fb.so
2026-08-20T19:14:06.054374+00:00,20260820T190931,joint:rzz-hea:14:209d5f7c96549706,ok,,rzz-hea,14,8,float64,42,32,2,32,2,1,0.0,rotation,rotation,2,2,compact:L5R2W0-L5R2W0,compact:L5R2W0-L5R2W0,,,merged,optimized,10,3,10,0.541639,0.5415683,0.540558,0.542733,0.0008424932106551275,0.1691582,0.0189442,0.3534659,,,custom:libsad_search_f9cdaf042a7bd6.so,/home/rzzhang/sad_merged/sad/build/libsad_search_f9cdaf042a7bd6.so
2026-08-20T19:14:06.070781+00:00,20260820T190931,joint:rzz-hea:12:045305cebc715f79,ok,,rzz-hea,12,8,float64,42,32,2,128,2,2,1.0,rotation,rotation,12,12,compact:L1R0W0-L1R0W0-L1R0W0-L1R0W0-L1R0W0-L1R0W0-L1R0W0-L1R0W0-L1R0W0-L1R0W0-L1R0W0-L1R0W0,compact:L1R0W0-L1R0W0-L1R0W0-L1R0W0-L1R0W0-L1R0W0-L1R0W0-L1R0W0-L1R0W0-L1R0W0-L1R0W0-L1R0W0,,,merged,optimized,10,3,10,1.1959255,1.1960194,1.195044,1.1971340000000001,0.000833769536502772,0.4410848,0.018836000000000002,0.7360986,,,custom:libsad_search_fce412939d20fb.so,/home/rzzhang/sad_merged/sad/build/libsad_search_fce412939d20fb.so
2026-08-20T19:14:06.094884+00:00,20260820T190931,joint:rzz-hea:4:2e185a91c27e2e5e,ok,,rzz-hea,4,8,float64,42,32,2,32,2,2,0.75,rotation,rotation,3,3,compact:L2R0W0-L1R0W0-L1R0W0,compact:L2R0W0-L1R0W0-L1R0W0,,,split,optimized,20,3,20,0.296884,0.2965147,0.28965299999999994,0.299063,0.001869789776953563,0.1054562,0.018708449999999998,0.17235005,,,custom:libsad_search_16d9d6cef53b3d.so,/home/rzzhang/sad_merged/sad/build/libsad_search_16d9d6cef53b3d.so
2026-08-20T19:14:06.110710+00:00,20260820T190931,joint:rzz-hea:4:dbdfac9e4ddbfbd7,ok,,rzz-hea,4,8,float64,42,32,2,128,2,1,0.5,rotation,rotation,2,2,compact:L2R0W0-L2R0W0,compact:L2R0W0-L2R0W0,,,merged,optimized,20,3,20,0.2273245,0.22750149999999997,0.222171,0.23238799999999998,0.001692827412939662,0.059459200000000004,0.018252700000000004,0.14978960000000002,,,custom:libsad_search_2a8327787a9aac.so,/home/rzzhang/sad_merged/sad/build/libsad_search_2a8327787a9aac.so
2026-08-20T19:14:06.125876+00:00,20260820T190931,joint:rzz-hea:18:6c0bc4d1439eef0e,ok,,rzz-hea,18,8,float64,42,64,2,64,2,1,1.0,rotation,rotation,18,18,compact:L1R0W0-L1R0W0-L1R0W0-L1R0W0-L1R0W0-L1R0W0-L1R0W0-L1R0W0-L1R0W0-L1R0W0-L1R0W0-L1R0W0-L1R0W0-L1R0W0-L1R0W0-L1R0W0-L1R0W0-L1R0W0,compact:L1R0W0-L1R0W0-L1R0W0-L1R0W0-L1R0W0-L1R0W0-L1R0W0-L1R0W0-L1R0W0-L1R0W0-L1R0W0-L1R0W0-L1R0W0-L1R0W0-L1R0W0-L1R0W0-L1R0W0-L1R0W0,,,split,optimized,5,3,5,3.599249,3.5993488,3.595268,3.601582,0.0022772351130263013,1.2741411999999999,0.0355792,2.2896284,,,custom:libsad_search_7ec063ebc99501.so,/home/rzzhang/sad_merged/sad/build/libsad_search_7ec063ebc99501.so
2026-08-20T19:14:06.171772+00:00,20260820T190931,joint:rzz-hea:12:5e180f5f6752f35d,ok,,rzz-hea,12,8,float64,42,64,2,64,2,2,0.75,rotation,rotation,10,10,compact:L2R0W0-L2R0W0-L1R0W0-L1R0W0-L1R0W0-L1R0W0-L1R0W0-L1R0W0-L1R0W0-L1R0W0,compact:L2R0W0-L2R0W0-L1R0W0-L1R0W0-L1R0W0-L1R0W0-L1R0W0-L1R0W0-L1R0W0-L1R0W0,,,merged,optimized,10,3,10,0.9378949999999999,0.9386317,0.9348839999999999,0.943898,0.0027411920782754616,0.3823005,0.018875400000000004,0.5374558,,,custom:libsad_search_97eec9f2a848ec.so,/home/rzzhang/sad_merged/sad/build/libsad_search_97eec9f2a848ec.so
2026-08-20T19:14:06.192740+00:00,20260820T190931,joint:rzz-hea:26:0bde615af56a1642,ok,,rzz-hea,26,8,float64,42,32,2,32,2,2,0.75,rotation,rotation,20,20,compact:L2R0W0-L2R0W0-L2R0W0-L2R0W0-L2R0W0-L2R0W0-L1R0W0-L1R0W0-L1R0W0-L1R0W0-L1R0W0-L1R0W0-L1R0W0-L1R0W0-L1R0W0-L1R0W0-L1R0W0-L1R0W0-L1R0W0-L1R0W0,compact:L2R0W0-L2R0W0-L2R0W0-L2R0W0-L2R0W0-L2R0W0-L1R0W0-L1R0W0-L1R0W0-L1R0W0-L1R0W0-L1R0W0-L1R0W0-L1R0W0-L1R0W0-L1R0W0-L1R0W0-L1R0W0-L1R0W0-L1R0W0,,,split,optimized,2,3,2,1436.551614,1436.551614,1434.588883,1438.514345,1.9627310000000762,449.095751,10.0982575,977.3576055,,,custom:libsad_search_16d9d6cef53b3d.so,/home/rzzhang/sad_merged/sad/build/libsad_search_16d9d6cef53b3d.so
2026-08-20T19:14:13.407592+00:00,20260820T190931,joint:rzz-hea:20:6cf78c807d4b6bb8,ok,,rzz-hea,20,8,float64,42,32,2,32,2,1,0.75,rotation,rotation,16,16,compact:L2R0W0-L2R0W0-L2R0W0-L2R0W0-L1R0W0-L1R0W0-L1R0W0-L1R0W0-L1R0W0-L1R0W0-L1R0W0-L1R0W0-L1R0W0-L1R0W0-L1R0W0-L1R0W0,compact:L2R0W0-L2R0W0-L2R0W0-L2R0W0-L1R0W0-L1R0W0-L1R0W0-L1R0W0-L1R0W0-L1R0W0-L1R0W0-L1R0W0-L1R0W0-L1R0W0-L1R0W0-L1R0W0,,,merged,optimized,5,3,5,9.851849999999999,9.8471762,9.788408,9.87445,0.03115137174764501,2.8608706,0.1011884,6.885117200000001,,,custom:libsad_search_f9cdaf042a7bd6.so,/home/rzzhang/sad_merged/sad/build/libsad_search_f9cdaf042a7bd6.so
2026-08-20T19:14:13.500194+00:00,20260820T190931,joint:rzz-hea:28:5ae7e682b97fb473,ok,,rzz-hea,28,8,float64,42,32,2,32,2,2,1.0,rotation,rotation,28,28,compact:L1R0W0-L1R0W0-L1R0W0-L1R0W0-L1R0W0-L1R0W0-L1R0W0-L1R0W0-L1R0W0-L1R0W0-L1R0W0-L1R0W0-L1R0W0-L1R0W0-L1R0W0-L1R0W0-L1R0W0-L1R0W0-L1R0W0-L1R0W0-L1R0W0-L1R0W0-L1R0W0-L1R0W0-L1R0W0-L1R0W0-L1R0W0-L1R0W0,compact:L1R0W0-L1R0W0-L1R0W0-L1R0W0-L1R0W0-L1R0W0-L1R0W0-L1R0W0-L1R0W0-L1R0W0-L1R0W0-L1R0W0-L1R0W0-L1R0W0-L1R0W0-L1R0W0-L1R0W0-L1R0W0-L1R0W0-L1R0W0-L1R0W0-L1R0W0-L1R0W0-L1R0W0-L1R0W0-L1R0W0-L1R0W0-L1R0W0,,,split,optimized,2,3,2,7758.51789,7758.51789,7747.125239,7769.910541,11.392651000000114,2400.4215870000003,87.0534825,5271.0428205,,,custom:libsad_search_16d9d6cef53b3d.so,/home/rzzhang/sad_merged/sad/build/libsad_search_16d9d6cef53b3d.so
2026-08-20T19:14:52.286517+00:00,20260820T190931,joint:rzz-hea:20:0c1d65700dbb3c0b,ok,,rzz-hea,20,8,float64,42,64,2,64,2,1,0.5,rotation,rotation,12,12,compact:L2R0W0-L2R0W0-L2R0W0-L2R0W0-L2R0W0-L2R0W0-L2R0W0-L2R0W0-L1R0W0-L1R0W0-L1R0W0-L1R0W0,compact:L2R0W0-L2R0W0-L2R0W0-L2R0W0-L2R0W0-L2R0W0-L2R0W0-L2R0W0-L1R0W0-L1R0W0-L1R0W0-L1R0W0,,,merged,optimized,5,3,5,8.786914,8.679621399999998,8.469209,8.789159,0.13648299490647178,2.1541202,0.0994878,6.4260133999999995,,,custom:libsad_search_7e5293342e215a.so,/home/rzzhang/sad_merged/sad/build/libsad_search_7e5293342e215a.so
2026-08-20T19:14:52.376278+00:00,20260820T190931,joint:rzz-hea:24:6b3085d635d35c3d,ok,,rzz-hea,24,8,float64,42,128,2,32,2,2,0.25,rotation,rotation,8,9,compact:L3R0W0-L3R0W0-L3R0W0-L3R0W0-L3R0W0-L3R0W0-L3R0W0-L3R0W0,compact:L3R0W0-L3R0W0-L3R0W0-L3R0W0-L3R0W0-L3R0W0-L2R0W0-L2R0W0-L2R0W0,,,merged,optimized,3,3,3,184.32139899999999,184.25666733333333,182.938649,185.50995399999996,1.0507283163781496,44.89409633333334,1.9141663333333332,137.44840466666668,,,custom:libsad_search_d014591f51543a.so,/home/rzzhang/sad_merged/sad/build/libsad_search_d014591f51543a.so
2026-08-20T19:14:53.504489+00:00,20260820T190931,joint:rzz-hea:22:046d54d9da986fc2,ok,,rzz-hea,22,8,float64,42,128,2,32,2,2,0.25,rotation,rotation,8,8,compact:L3R0W0-L3R0W0-L3R0W0-L3R0W0-L3R0W0-L3R0W0-L2R0W0-L2R0W0,compact:L3R0W0-L3R0W0-L3R0W0-L3R0W0-L3R0W0-L3R0W0-L2R0W0-L2R0W0,,,merged,optimized,3,3,3,37.442668,37.43788,37.421938000000004,37.449034,0.01156840559454618,7.398756333333332,0.422565,29.616558666666666,,,custom:libsad_search_d014591f51543a.so,/home/rzzhang/sad_merged/sad/build/libsad_search_d014591f51543a.so
2026-08-20T19:14:53.744178+00:00,20260820T190931,joint:rzz-hea:14:41ced313b09ec915,ok,,rzz-hea,14,8,float64,42,32,2,128,2,2,0.0,rotation,rotation,2,2,compact:L5R2W0-L5R2W0,compact:L5R2W0-L5R2W0,,,split,optimized,10,3,10,0.7183015,0.7158547000000001,0.7114940000000001,0.718964,0.0033647492937810704,0.1781017,0.019176299999999997,0.5185767,,,custom:libsad_search_2a0e4369743c84.so,/home/rzzhang/sad_merged/sad/build/libsad_search_2a0e4369743c84.so
2026-08-20T19:14:53.757796+00:00,20260820T190931,joint:rzz-hea:12:7cef7096e16dd3b9,ok,,rzz-hea,12,8,float64,42,32,2,32,2,2,0.25,rotation,rotation,4,4,compact:L3R0W0-L3R0W0-L3R0W0-L3R0W0,compact:L3R0W0-L3R0W0-L3R0W0-L3R0W0,,,merged,optimized,10,3,10,0.5752105000000001,0.5748565,0.569323,0.5776189999999999,0.002048345393238136,0.20671589999999998,0.018838200000000003,0.34930239999999996,,,custom:libsad_search_dcff342f285260.so,/home/rzzhang/sad_merged/sad/build/libsad_search_dcff342f285260.so
2026-08-20T19:14:53.769160+00:00,20260820T190931,joint:rzz-hea:24:da99d5fc2b8a8e26,ok,,rzz-hea,24,8,float64,42,128,2,32,2,2,0.75,rotation,rotation,19,19,compact:L2R0W0-L2R0W0-L2R0W0-L2R0W0-L2R0W0-L1R0W0-L1R0W0-L1R0W0-L1R0W0-L1R0W0-L1R0W0-L1R0W0-L1R0W0-L1R0W0-L1R0W0-L1R0W0-L1R0W0-L1R0W0-L1R0W0,compact:L2R0W0-L2R0W0-L2R0W0-L2R0W0-L2R0W0-L1R0W0-L1R0W0-L1R0W0-L1R0W0-L1R0W0-L1R0W0-L1R0W0-L1R0W0-L1R0W0-L1R0W0-L1R0W0-L1R0W0-L1R0W0-L1R0W0,,,split,optimized,3,3,3,343.97882000000004,344.0309833333334,343.39090100000004,344.723229,0.5451698419785077,107.52488666666666,1.7854960000000002,234.72060066666666,,,custom:libsad_search_3b115211f38255.so,/home/rzzhang/sad_merged/sad/build/libsad_search_3b115211f38255.so
2026-08-20T19:14:55.842333+00:00,20260820T190931,joint:rzz-hea:10:87045bf8a022b099,ok,,rzz-hea,10,8,float64,42,64,2,64,2,2,1.0,rotation,rotation,10,10,compact:L1R0W0-L1R0W0-L1R0W0-L1R0W0-L1R0W0-L1R0W0-L1R0W0-L1R0W0-L1R0W0-L1R0W0,compact:L1R0W0-L1R0W0-L1R0W0-L1R0W0-L1R0W0-L1R0W0-L1R0W0-L1R0W0-L1R0W0-L1R0W0,,,split,optimized,10,3,10,0.9764845,0.9542977,0.9163439999999999,0.983951,0.030018417863205235,0.37251039999999996,0.0191908,0.5625965,,,custom:libsad_search_20c37ff249ec0a.so,/home/rzzhang/sad_merged/sad/build/libsad_search_20c37ff249ec0a.so
2026-08-20T19:14:55.861815+00:00,20260820T190931,joint:rzz-hea:8:a7df3709b3cf4941,ok,,rzz-hea,8,8,float64,42,32,2,32,2,1,0.25,rotation,rotation,4,4,compact:L2R0W0-L2R0W0-L2R0W0-L2R0W0,compact:L2R0W0-L2R0W0-L2R0W0-L2R0W0,,,merged,optimized,20,3,20,0.43202799999999997,0.43233740000000004,0.430798,0.43919199999999997,0.0017119770851270139,0.16142435,0.018911699999999997,0.25200134999999996,,,custom:libsad_search_f9cdaf042a7bd6.so,/home/rzzhang/sad_merged/sad/build/libsad_search_f9cdaf042a7bd6.so
2026-08-20T19:14:55.875341+00:00,20260820T190931,joint:rzz-hea:4:e78b7404ab456bf4,ok,,rzz-hea,4,8,float64,42,128,2,32,2,2,1.0,rotation,rotation,4,4,compact:L1R0W0-L1R0W0-L1R0W0-L1R0W0,compact:L1R0W0-L1R0W0-L1R0W0-L1R0W0,,,split,optimized,20,3,20,0.3386954999999999,0.33670405,0.33175099999999996,0.339588,0.0029512764437612353,0.12902765000000002,0.01881735,0.18885905,,,custom:libsad_search_3b115211f38255.so,/home/rzzhang/sad_merged/sad/build/libsad_search_3b115211f38255.so
2026-08-20T19:14:55.886038+00:00,20260820T190931,joint:rzz-hea:14:b79ba6184dd088da,ok,,rzz-hea,14,8,float64,42,64,2,64,2,1,1.0,rotation,rotation,14,14,compact:L1R0W0-L1R0W0-L1R0W0-L1R0W0-L1R0W0-L1R0W0-L1R0W0-L1R0W0-L1R0W0-L1R0W0-L1R0W0-L1R0W0-L1R0W0-L1R0W0,compact:L1R0W0-L1R0W0-L1R0W0-L1R0W0-L1R0W0-L1R0W0-L1R0W0-L1R0W0-L1R0W0-L1R0W0-L1R0W0-L1R0W0-L1R0W0-L1R0W0,,,split,optimized,10,3,10,1.3516365000000001,1.3540001,1.35064,1.373126,0.006466850538708934,0.5376162999999999,0.019131199999999998,0.7972526,,,custom:libsad_search_7ec063ebc99501.so,/home/rzzhang/sad_merged/sad/build/libsad_search_7ec063ebc99501.so
2026-08-20T19:14:55.907341+00:00,20260820T190931,joint:rzz-hea:26:5402da7a9e4ef115,ok,,rzz-hea,26,8,float64,42,128,2,32,2,2,0.0,rotation,rotation,3,4,compact:L5R2W2-L5R2W2-L5R2W1,compact:L5R2W0-L5R2W0-L5R1W0-L5R1W0,,,split,optimized,2,3,2,633.6461785,633.6461785,631.631061,635.661296,2.015117499999974,162.445964,10.178396,461.0218185,,,custom:libsad_search_3b115211f38255.so,/home/rzzhang/sad_merged/sad/build/libsad_search_3b115211f38255.so
2026-08-20T19:14:59.053928+00:00,20260820T190931,joint:rzz-hea:4:fbe97c0dfead1c64,ok,,rzz-hea,4,8,float64,42,64,2,64,2,1,0.0,rotation,rotation,1,1,compact:L4R0W0,compact:L4R0W0,,,split,optimized,20,3,20,0.2600785,0.2592689,0.252899,0.261139,0.0025475519405892383,0.08243375,0.018779050000000002,0.1580561,,,custom:libsad_search_7ec063ebc99501.so,/home/rzzhang/sad_merged/sad/build/libsad_search_7ec063ebc99501.so
2026-08-20T19:14:59.069646+00:00,20260820T190931,joint:rzz-hea:4:c06d6d9a123e73a4,ok,,rzz-hea,4,8,float64,42,64,2,64,2,2,0.75,rotation,rotation,3,3,compact:L2R0W0-L1R0W0-L1R0W0,compact:L2R0W0-L1R0W0-L1R0W0,,,merged,optimized,20,3,20,0.253001,0.25529775,0.251479,0.261495,0.003721769617735632,0.08149464999999999,0.01891025,0.15489285,,,custom:libsad_search_97eec9f2a848ec.so,/home/rzzhang/sad_merged/sad/build/libsad_search_97eec9f2a848ec.so
2026-08-20T19:14:59.084635+00:00,20260820T190931,joint:rzz-hea:22:83185eaa72feec9c,ok,,rzz-hea,22,8,float64,42,128,2,128,2,2,0.25,rotation,rotation,8,8,compact:L3R0W0-L3R0W0-L3R0W0-L3R0W0-L3R0W0-L3R0W0-L2R0W0-L2R0W0,compact:L3R0W0-L3R0W0-L3R0W0-L3R0W0-L3R0W0-L3R0W0-L2R0W0-L2R0W0,,,merged,optimized,3,3,3,37.471263,37.52117933333333,37.433468999999995,37.658806000000006,0.09853229975439355,7.405124,0.42368966666666663,29.692365666666664,,,custom:libsad_search_b969ada61d8a74.so,/home/rzzhang/sad_merged/sad/build/libsad_search_b969ada61d8a74.so
2026-08-20T19:14:59.324933+00:00,20260820T190931,joint:rzz-hea:20:77bc87f62d0f2024,ok,,rzz-hea,20,8,float64,42,32,2,128,2,1,0.0,rotation,rotation,3,3,compact:L5R2W0-L5R2W0-L5R1W0,compact:L5R2W0-L5R2W0-L5R1W0,,,merged,optimized,5,3,5,7.755606,7.7238302,7.599151999999999,7.884577,0.1082960332041763,1.6374284,0.0993416,5.9870602,,,custom:libsad_search_2a8327787a9aac.so,/home/rzzhang/sad_merged/sad/build/libsad_search_2a8327787a9aac.so
2026-08-20T19:14:59.393359+00:00,20260820T190931,joint:rzz-hea:24:4edaa41967b9a6a3,ok,,rzz-hea,24,8,float64,42,32,2,128,2,2,0.5,rotation,rotation,14,14,compact:L2R0W0-L2R0W0-L2R0W0-L2R0W0-L2R0W0-L2R0W0-L2R0W0-L2R0W0-L2R0W0-L2R0W0-L1R0W0-L1R0W0-L1R0W0-L1R0W0,compact:L2R0W0-L2R0W0-L2R0W0-L2R0W0-L2R0W0-L2R0W0-L2R0W0-L2R0W0-L2R0W0-L2R0W0-L1R0W0-L1R0W0-L1R0W0-L1R0W0,,,merged,optimized,3,3,3,259.334583,259.96966599999996,259.02986699999997,261.54454799999996,1.1205364624758885,71.46106933333334,1.864234,186.64436266666664,,,custom:libsad_search_fce412939d20fb.so,/home/rzzhang/sad_merged/sad/build/libsad_search_fce412939d20fb.so
2026-08-20T19:15:00.962412+00:00,20260820T190931,joint:rzz-hea:26:15dd8df741ccc716,ok,,rzz-hea,26,8,float64,42,128,2,32,2,2,0.25,rotation,rotation,9,10,compact:L3R0W0-L3R0W0-L3R0W0-L3R0W0-L3R0W0-L3R0W0-L3R0W0-L3R0W0-L2R0W0,compact:L3R0W0-L3R0W0-L3R0W0-L3R0W0-L3R0W0-L3R0W0-L2R0W0-L2R0W0-L2R0W0-L2R0W0,,,split,optimized,2,3,2,849.1539865000001,849.1539865000001,847.716801,850.5911720000001,1.437185500000055,247.4781605,10.50469,591.171136,,,custom:libsad_search_3b115211f38255.so,/home/rzzhang/sad_merged/sad/build/libsad_search_3b115211f38255.so
2026-08-20T19:15:05.217521+00:00,20260820T190931,joint:rzz-hea:8:e6e98dbd1ccacb9d,ok,,rzz-hea,8,8,float64,42,64,2,64,2,1,0.25,rotation,rotation,3,3,compact:L3R0W0-L3R0W0-L2R0W0,compact:L3R0W0-L3R0W0-L2R0W0,,,split,optimized,20,3,20,0.6030115,0.57821335,0.506772,0.605167,0.04115330341816438,0.19214565,0.01908245,0.36698525,,,custom:libsad_search_7ec063ebc99501.so,/home/rzzhang/sad_merged/sad/build/libsad_search_7ec063ebc99501.so
2026-08-20T19:15:05.239322+00:00,20260820T190931,joint:rzz-hea:8:81379edc008baa17,ok,,rzz-hea,8,8,float64,42,128,2,32,2,2,0.25,rotation,rotation,3,4,compact:L3R0W0-L3R0W0-L2R0W0,compact:L2R0W0-L2R0W0-L2R0W0-L2R0W0,,,split,optimized,20,3,20,0.537447,0.52372775,0.48927,0.5405409999999999,0.02076319085996898,0.17849325,0.0187255,0.326509,,,custom:libsad_search_3b115211f38255.so,/home/rzzhang/sad_merged/sad/build/libsad_search_3b115211f38255.so
2026-08-20T19:15:05.260383+00:00,20260820T190931,joint:rzz-hea:16:ea2dfabda2fd5526,ok,,rzz-hea,16,8,float64,42,64,2,64,2,1,0.25,rotation,rotation,6,6,compact:L3R0W0-L3R0W0-L3R0W0-L3R0W0-L2R0W0-L2R0W0,compact:L3R0W0-L3R0W0-L3R0W0-L3R0W0-L2R0W0-L2R0W0,,,split,optimized,5,3,5,1.17855,1.1934814,1.176484,1.225751,0.020256549860230417,0.3652468,0.0191304,0.8091042,,,custom:libsad_search_7ec063ebc99501.so,/home/rzzhang/sad_merged/sad/build/libsad_search_7ec063ebc99501.so
2026-08-20T19:15:05.283625+00:00,20260820T190931,joint:rzz-hea:28:f39abf6296a09200,ok,,rzz-hea,28,8,float64,42,64,2,64,2,1,0.5,rotation,rotation,16,16,compact:L2R0W0-L2R0W0-L2R0W0-L2R0W0-L2R0W0-L2R0W0-L2R0W0-L2R0W0-L2R0W0-L2R0W0-L2R0W0-L2R0W0-L1R0W0-L1R0W0-L1R0W0-L1R0W0,compact:L2R0W0-L2R0W0-L2R0W0-L2R0W0-L2R0W0-L2R0W0-L2R0W0-L2R0W0-L2R0W0-L2R0W0-L2R0W0-L2R0W0-L1R0W0-L1R0W0-L1R0W0-L1R0W0,,,merged,optimized,2,3,2,4747.269464,4747.269464,4745.145612,4749.393316,2.123851999999715,1308.7824935,83.60129099999999,3354.8856794999997,,,custom:libsad_search_7e5293342e215a.so,/home/rzzhang/sad_merged/sad/build/libsad_search_7e5293342e215a.so
2026-08-20T19:15:29.045335+00:00,20260820T190931,joint:rzz-hea:6:48996572a506db99,ok,,rzz-hea,6,8,float64,42,128,2,32,2,2,0.25,rotation,rotation,2,2,compact:L3R0W0-L3R0W0,compact:L3R0W0-L3R0W0,,,split,optimized,20,3,20,0.327708,0.3279935,0.326384,0.330638,0.0013063021281464646,0.11409364999999999,0.01901485,0.194885,,,custom:libsad_search_3b115211f38255.so,/home/rzzhang/sad_merged/sad/build/libsad_search_3b115211f38255.so
2026-08-20T19:15:29.062476+00:00,20260820T190931,joint:rzz-hea:10:a3f35ca362ff4e40,ok,,rzz-hea,10,8,float64,42,32,2,128,2,1,0.75,rotation,rotation,8,8,compact:L2R0W0-L2R0W0-L1R0W0-L1R0W0-L1R0W0-L1R0W0-L1R0W0-L1R0W0,compact:L2R0W0-L2R0W0-L1R0W0-L1R0W0-L1R0W0-L1R0W0-L1R0W0-L1R0W0,,,merged,optimized,10,3,10,0.801836,0.8024565000000001,0.800726,0.805835,0.0015784796007550855,0.2845746,0.01899,0.4988919,,,custom:libsad_search_2a8327787a9aac.so,/home/rzzhang/sad_merged/sad/build/libsad_search_2a8327787a9aac.so
2026-08-20T19:15:29.081316+00:00,20260820T190931,joint:rzz-hea:26:b99bdd59e0a3837f,ok,,rzz-hea,26,8,float64,42,32,2,128,2,2,0.0,rotation,rotation,4,3,compact:L5R2W0-L5R2W0-L5R1W0-L5R1W0,compact:L5R2W2-L5R2W2-L5R2W1,,,merged,optimized,2,3,2,615.77611,615.77611,615.5336460000001,616.018574,0.24246399999992718,143.8007285,10.8294625,461.145919,,,custom:libsad_search_fce412939d20fb.so,/home/rzzhang/sad_merged/sad/build/libsad_search_fce412939d20fb.so
2026-08-20T19:15:32.173362+00:00,20260820T190931,joint:rzz-hea:16:f60cb99818cd4d07,ok,,rzz-hea,16,8,float64,42,32,2,128,2,2,0.5,rotation,rotation,10,9,compact:L2R0W0-L2R0W0-L2R0W0-L2R0W0-L2R0W0-L2R0W0-L1R0W0-L1R0W0-L1R0W0-L1R0W0,compact:L2R0W0-L2R0W0-L2R0W0-L2R0W0-L2R0W0-L2R0W0-L2R0W0-L1R0W0-L1R0W0,,,split,optimized,5,3,5,1.461143,1.463408,1.459247,1.4746199999999998,0.0056926336611448115,0.48150659999999995,0.019087999999999997,0.9628134,,,custom:libsad_search_2a0e4369743c84.so,/home/rzzhang/sad_merged/sad/build/libsad_search_2a0e4369743c84.so
2026-08-20T19:15:32.199025+00:00,20260820T190931,joint:rzz-hea:12:c45941e08253c6d3,ok,,rzz-hea,12,8,float64,42,32,2,32,2,2,0.75,rotation,rotation,10,10,compact:L2R0W0-L2R0W0-L1R0W0-L1R0W0-L1R0W0-L1R0W0-L1R0W0-L1R0W0-L1R0W0-L1R0W0,compact:L2R0W0-L2R0W0-L1R0W0-L1R0W0-L1R0W0-L1R0W0-L1R0W0-L1R0W0-L1R0W0-L1R0W0,,,merged,optimized,10,3,10,0.8851975000000001,0.8851720999999999,0.882791,0.8866449999999999,0.0010864378905395232,0.3628216,0.0189227,0.5034277999999999,,,custom:libsad_search_dcff342f285260.so,/home/rzzhang/sad_merged/sad/build/libsad_search_dcff342f285260.so
2026-08-20T19:15:32.219887+00:00,20260820T190931,joint:rzz-hea:28:7919edb4a1458a02,ok,,rzz-hea,28,8,float64,42,128,2,128,2,1,0.25,rotation,rotation,10,10,compact:L3R0W0-L3R0W0-L3R0W0-L3R0W0-L3R0W0-L3R0W0-L3R0W0-L3R0W0-L2R0W0-L2R0W0,compact:L3R0W0-L3R0W0-L3R0W0-L3R0W0-L3R0W0-L3R0W0-L3R0W0-L3R0W0-L2R0W0-L2R0W0,,,split,optimized,2,3,2,3426.4839399999996,3426.4839399999996,3422.8860749999994,3430.081805,3.5978650000001835,1048.615287,84.33826649999999,2293.5303864999996,,,custom:libsad_search_9361435758c99d.so,/home/rzzhang/sad_merged/sad/build/libsad_search_9361435758c99d.so
2026-08-20T19:15:49.397688+00:00,20260820T190931,joint:rzz-hea:26:a9004ca09e4148fc,ok,,rzz-hea,26,8,float64,42,64,2,64,2,2,0.25,rotation,rotation,10,10,compact:L3R0W0-L3R0W0-L3R0W0-L3R0W0-L3R0W0-L3R0W0-L2R0W0-L2R0W0-L2R0W0-L2R0W0,compact:L3R0W0-L3R0W0-L3R0W0-L3R0W0-L3R0W0-L3R0W0-L2R0W0-L2R0W0-L2R0W0-L2R0W0,,,merged,optimized,2,3,2,826.010444,826.010444,825.8774119999999,826.1434760000001,0.1330320000000711,218.59469850000002,10.2165615,597.199184,,,custom:libsad_search_97eec9f2a848ec.so,/home/rzzhang/sad_merged/sad/build/libsad_search_97eec9f2a848ec.so
2026-08-20T19:15:53.562860+00:00,20260820T190931,joint:rzz-hea:24:19a55a25f397df1d,ok,,rzz-hea,24,8,float64,42,32,2,128,2,2,1.0,rotation,rotation,24,24,compact:L1R0W0-L1R0W0-L1R0W0-L1R0W0-L1R0W0-L1R0W0-L1R0W0-L1R0W0-L1R0W0-L1R0W0-L1R0W0-L1R0W0-L1R0W0-L1R0W0-L1R0W0-L1R0W0-L1R0W0-L1R0W0-L1R0W0-L1R0W0-L1R0W0-L1R0W0-L1R0W0-L1R0W0,compact:L1R0W0-L1R0W0-L1R0W0-L1R0W0-L1R0W0-L1R0W0-L1R0W0-L1R0W0-L1R0W0-L1R0W0-L1R0W0-L1R0W0-L1R0W0-L1R0W0-L1R0W0-L1R0W0-L1R0W0-L1R0W0-L1R0W0-L1R0W0-L1R0W0-L1R0W0-L1R0W0-L1R0W0,,,split,optimized,3,3,3,419.01145,419.0499956666667,418.64660799999996,419.49192899999997,0.34617550902621286,130.709504,1.7652086666666669,286.57528299999996,,,custom:libsad_search_2a0e4369743c84.so,/home/rzzhang/sad_merged/sad/build/libsad_search_2a0e4369743c84.so
2026-08-20T19:15:56.106070+00:00,20260820T190931,joint:rzz-hea:24:043e93d8a540b570,ok,,rzz-hea,24,8,float64,42,128,2,128,2,1,1.0,rotation,rotation,24,24,compact:L1R0W0-L1R0W0-L1R0W0-L1R0W0-L1R0W0-L1R0W0-L1R0W0-L1R0W0-L1R0W0-L1R0W0-L1R0W0-L1R0W0-L1R0W0-L1R0W0-L1R0W0-L1R0W0-L1R0W0-L1R0W0-L1R0W0-L1R0W0-L1R0W0-L1R0W0-L1R0W0-L1R0W0,compact:L1R0W0-L1R0W0-L1R0W0-L1R0W0-L1R0W0-L1R0W0-L1R0W0-L1R0W0-L1R0W0-L1R0W0-L1R0W0-L1R0W0-L1R0W0-L1R0W0-L1R0W0-L1R0W0-L1R0W0-L1R0W0-L1R0W0-L1R0W0-L1R0W0-L1R0W0-L1R0W0-L1R0W0,,,merged,optimized,3,3,3,411.587487,411.42450333333335,410.99359899999996,411.69242399999996,0.30769232669052293,119.46784066666667,1.7889166666666667,290.167746,,,custom:libsad_search_8fbfac92ec4bef.so,/home/rzzhang/sad_merged/sad/build/libsad_search_8fbfac92ec4bef.so
2026-08-20T19:15:58.593855+00:00,20260820T190931,joint:rzz-hea:4:030f533c13547467,ok,,rzz-hea,4,8,float64,42,128,2,128,2,1,1.0,rotation,rotation,4,4,compact:L1R0W0-L1R0W0-L1R0W0-L1R0W0,compact:L1R0W0-L1R0W0-L1R0W0-L1R0W0,,,merged,optimized,20,3,20,0.3195205,0.32011745,0.317959,0.327603,0.002042123098028132,0.10623869999999999,0.0186938,0.19518495,,,custom:libsad_search_8fbfac92ec4bef.so,/home/rzzhang/sad_merged/sad/build/libsad_search_8fbfac92ec4bef.so
2026-08-20T19:15:58.608282+00:00,20260820T190931,joint:rzz-hea:4:39a650d8b4ee2ed8,ok,,rzz-hea,4,8,float64,42,32,2,32,2,1,0.0,legacy,legacy,0,0,,,,,not_applicable,legacy-generic,20,3,20,0.2457835,0.24541395000000002,0.240534,0.249493,0.0026025299705286823,0.0847551,0.018987849999999997,0.14167100000000002,,,custom:libsad_search_06042376d3c545.so,/home/rzzhang/sad_merged/sad/build/libsad_search_06042376d3c545.so
2026-08-20T19:16:12.187913+00:00,20260820T190931,joint:rzz-hea:24:a362bdd88d6d2e31,ok,,rzz-hea,24,8,float64,42,32,2,128,2,2,1.0,rotation,rotation,24,24,compact:L1R0W0-L1R0W0-L1R0W0-L1R0W0-L1R0W0-L1R0W0-L1R0W0-L1R0W0-L1R0W0-L1R0W0-L1R0W0-L1R0W0-L1R0W0-L1R0W0-L1R0W0-L1R0W0-L1R0W0-L1R0W0-L1R0W0-L1R0W0-L1R0W0-L1R0W0-L1R0W0-L1R0W0,compact:L1R0W0-L1R0W0-L1R0W0-L1R0W0-L1R0W0-L1R0W0-L1R0W0-L1R0W0-L1R0W0-L1R0W0-L1R0W0-L1R0W0-L1R0W0-L1R0W0-L1R0W0-L1R0W0-L1R0W0-L1R0W0-L1R0W0-L1R0W0-L1R0W0-L1R0W0-L1R0W0-L1R0W0,,,merged,optimized,3,3,3,411.891772,411.90346700000003,411.85490300000004,411.96372599999995,0.04518990374700455,119.16171066666665,1.7697606666666668,290.9719956666667,,,custom:libsad_search_fce412939d20fb.so,/home/rzzhang/sad_merged/sad/build/libsad_search_fce412939d20fb.so
2026-08-20T19:16:14.668501+00:00,20260820T190931,joint:rzz-hea:8:97d8a0dd18a54389,ok,,rzz-hea,8,8,float64,42,128,2,128,2,2,1.0,rotation,rotation,8,8,compact:L1R0W0-L1R0W0-L1R0W0-L1R0W0-L1R0W0-L1R0W0-L1R0W0-L1R0W0,compact:L1R0W0-L1R0W0-L1R0W0-L1R0W0-L1R0W0-L1R0W0-L1R0W0-L1R0W0,,,split,optimized,20,3,20,0.751584,0.75228375,0.7496100000000001,0.7595410000000001,0.002420016030422147,0.2797131,0.018944500000000003,0.45362615000000006,,,custom:libsad_search_d02bea87aa5c56.so,/home/rzzhang/sad_merged/sad/build/libsad_search_d02bea87aa5c56.so
2026-08-20T19:16:14.693543+00:00,20260820T190931,joint:rzz-hea:14:6ce67c21e93d0345,ok,,rzz-hea,14,8,float64,42,128,2,32,2,1,0.0,rotation,rotation,2,2,compact:L5R2W0-L5R2W0,compact:L5R2W0-L5R2W0,,,merged,optimized,10,3,10,0.5222515,0.5223156,0.5211330000000001,0.5241790000000001,0.0010270737266623062,0.19144909999999998,0.018807499999999998,0.312059,,,custom:libsad_search_5851e15f736f52.so,/home/rzzhang/sad_merged/sad/build/libsad_search_5851e15f736f52.so
2026-08-20T19:16:14.704383+00:00,20260820T190931,joint:rzz-hea:8:8c4b75e07c178beb,ok,,rzz-hea,8,8,float64,42,64,2,64,2,1,0.75,rotation,rotation,6,6,compact:L2R0W0-L2R0W0-L1R0W0-L1R0W0-L1R0W0-L1R0W0,compact:L2R0W0-L2R0W0-L1R0W0-L1R0W0-L1R0W0-L1R0W0,,,split,optimized,20,3,20,0.579887,0.5785375,0.572721,0.581734,0.003165398971693761,0.2120463,0.018923000000000002,0.3475682,,,custom:libsad_search_7ec063ebc99501.so,/home/rzzhang/sad_merged/sad/build/libsad_search_7ec063ebc99501.so
2026-08-20T19:16:14.721261+00:00,20260820T190931,joint:rzz-hea:26:796763a7b6905a41,ok,,rzz-hea,26,8,float64,42,32,2,32,2,2,1.0,rotation,rotation,26,26,compact:L1R0W0-L1R0W0-L1R0W0-L1R0W0-L1R0W0-L1R0W0-L1R0W0-L1R0W0-L1R0W0-L1R0W0-L1R0W0-L1R0W0-L1R0W0-L1R0W0-L1R0W0-L1R0W0-L1R0W0-L1R0W0-L1R0W0-L1R0W0-L1R0W0-L1R0W0-L1R0W0-L1R0W0-L1R0W0-L1R0W0,compact:L1R0W0-L1R0W0-L1R0W0-L1R0W0-L1R0W0-L1R0W0-L1R0W0-L1R0W0-L1R0W0-L1R0W0-L1R0W0-L1R0W0-L1R0W0-L1R0W0-L1R0W0-L1R0W0-L1R0W0-L1R0W0-L1R0W0-L1R0W0-L1R0W0-L1R0W0-L1R0W0-L1R0W0-L1R0W0-L1R0W0,,,merged,optimized,2,3,2,1776.552428,1776.552428,1775.764862,1777.3399940000002,0.7875660000000835,516.6709475,10.183841,1249.6976395,,,custom:libsad_search_dcff342f285260.so,/home/rzzhang/sad_merged/sad/build/libsad_search_dcff342f285260.so
2026-08-20T19:16:23.615123+00:00,20260820T190931,joint:rzz-hea:12:58f45adae8f1a7c4,ok,,rzz-hea,12,8,float64,42,64,2,64,2,2,0.0,rotation,rotation,2,2,compact:L5R1W0-L5R1W0,compact:L5R1W0-L5R1W0,,,merged,optimized,10,3,10,0.467074,0.4688505,0.466657,0.476285,0.003244892764021641,0.1525027,0.0187609,0.2975869,,,custom:libsad_search_97eec9f2a848ec.so,/home/rzzhang/sad_merged/sad/build/libsad_search_97eec9f2a848ec.so
2026-08-20T19:16:23.629817+00:00,20260820T190931,joint:rzz-hea:16:1f5ceb6d8e5c0c88,ok,,rzz-hea,16,8,float64,42,32,2,32,2,2,0.0,rotation,rotation,3,3,compact:L5R1W0-L5R0W0-L5R0W0,compact:L5R1W0-L5R0W0-L5R0W0,,,merged,optimized,5,3,5,1.048403,1.0513970000000001,1.047488,1.0578089999999998,0.004290532880657093,0.23985299999999998,0.018686,0.792858,,,custom:libsad_search_dcff342f285260.so,/home/rzzhang/sad_merged/sad/build/libsad_search_dcff342f285260.so
2026-08-20T19:16:23.651902+00:00,20260820T190931,joint:rzz-hea:6:c96ea7788b9120e0,ok,,rzz-hea,6,8,float64,42,32,2,32,2,2,0.0,rotation,rotation,1,1,compact:L5R1W0,compact:L5R1W0,,,merged,optimized,20,3,20,0.21299649999999998,0.2131599,0.21193,0.214062,0.0006805443336036208,0.05654015000000001,0.01854185,0.1380779,,,custom:libsad_search_dcff342f285260.so,/home/rzzhang/sad_merged/sad/build/libsad_search_dcff342f285260.so
2026-08-20T19:16:23.665716+00:00,20260820T190931,joint:rzz-hea:22:709f6920322e00f1,ok,,rzz-hea,22,8,float64,42,32,2,128,2,1,0.5,rotation,rotation,13,12,compact:L2R0W0-L2R0W0-L2R0W0-L2R0W0-L2R0W0-L2R0W0-L2R0W0-L2R0W0-L2R0W0-L1R0W0-L1R0W0-L1R0W0-L1R0W0,compact:L2R0W0-L2R0W0-L2R0W0-L2R0W0-L2R0W0-L2R0W0-L2R0W0-L2R0W0-L2R0W0-L2R0W0-L1R0W0-L1R0W0,,,merged,optimized,3,3,3,50.471281000000005,50.47573766666667,50.464039,50.491893000000005,0.011799936082691023,8.881601000000002,0.411277,41.182859666666666,,,custom:libsad_search_2a8327787a9aac.so,/home/rzzhang/sad_merged/sad/build/libsad_search_2a8327787a9aac.so
2026-08-20T19:16:23.982939+00:00,20260820T190931,joint:rzz-hea:18:ba6dd920a72d90be,ok,,rzz-hea,18,8,float64,42,128,2,32,2,2,1.0,rotation,rotation,18,18,compact:L1R0W0-L1R0W0-L1R0W0-L1R0W0-L1R0W0-L1R0W0-L1R0W0-L1R0W0-L1R0W0-L1R0W0-L1R0W0-L1R0W0-L1R0W0-L1R0W0-L1R0W0-L1R0W0-L1R0W0-L1R0W0,compact:L1R0W0-L1R0W0-L1R0W0-L1R0W0-L1R0W0-L1R0W0-L1R0W0-L1R0W0-L1R0W0-L1R0W0-L1R0W0-L1R0W0-L1R0W0-L1R0W0-L1R0W0-L1R0W0-L1R0W0-L1R0W0,,,split,optimized,5,3,5,3.738806,3.6726244,3.54187,3.75087,0.09064065687008227,1.3674,0.035477,2.2697474,,,custom:libsad_search_3b115211f38255.so,/home/rzzhang/sad_merged/sad/build/libsad_search_3b115211f38255.so
2026-08-20T19:16:24.017210+00:00,20260820T190931,joint:rzz-hea:6:005e5b126feb400a,ok,,rzz-hea,6,8,float64,42,64,2,64,2,2,1.0,rotation,rotation,6,6,compact:L1R0W0-L1R0W0-L1R0W0-L1R0W0-L1R0W0-L1R0W0,compact:L1R0W0-L1R0W0-L1R0W0-L1R0W0-L1R0W0-L1R0W0,,,merged,optimized,20,3,20,0.43006350000000004,0.4300957,0.423223,0.43510200000000004,0.0021217815415353245,0.1558238,0.018610250000000002,0.25566165,,,custom:libsad_search_97eec9f2a848ec.so,/home/rzzhang/sad_merged/sad/build/libsad_search_97eec9f2a848ec.so
2026-08-20T19:16:24.030092+00:00,20260820T190931,joint:rzz-hea:22:553b4faac5c4a14f,ok,,rzz-hea,22,8,float64,42,64,2,64,2,1,0.75,rotation,rotation,17,17,compact:L2R0W0-L2R0W0-L2R0W0-L2R0W0-L2R0W0-L1R0W0-L1R0W0-L1R0W0-L1R0W0-L1R0W0-L1R0W0-L1R0W0-L1R0W0-L1R0W0-L1R0W0-L1R0W0-L1R0W0,compact:L2R0W0-L2R0W0-L2R0W0-L2R0W0-L2R0W0-L1R0W0-L1R0W0-L1R0W0-L1R0W0-L1R0W0-L1R0W0-L1R0W0-L1R0W0-L1R0W0-L1R0W0-L1R0W0-L1R0W0,,,merged,optimized,3,3,3,64.948737,64.893132,64.69082700000001,65.039832,0.14780631363374988,9.695756666666666,0.40621633333333335,54.791159,,,custom:libsad_search_7e5293342e215a.so,/home/rzzhang/sad_merged/sad/build/libsad_search_7e5293342e215a.so
2026-08-20T19:16:24.425458+00:00,20260820T190931,joint:rzz-hea:14:844263de33682889,ok,,rzz-hea,14,8,float64,42,128,2,128,2,2,0.25,rotation,rotation,5,5,compact:L3R0W0-L3R0W0-L3R0W0-L3R0W0-L2R0W0,compact:L3R0W0-L3R0W0-L3R0W0-L3R0W0-L2R0W0,,,merged,optimized,10,3,10,0.9101890000000001,0.9100202,0.909219,0.91161,0.0007161407403576687,0.3112165,0.0186465,0.5801571999999999,,,custom:libsad_search_b969ada61d8a74.so,/home/rzzhang/sad_merged/sad/build/libsad_search_b969ada61d8a74.so
2026-08-20T19:16:24.440824+00:00,20260820T190931,joint:rzz-hea:14:fde940cd53196b01,ok,,rzz-hea,14,8,float64,42,128,2,32,2,2,1.0,rotation,rotation,14,14,compact:L1R0W0-L1R0W0-L1R0W0-L1R0W0-L1R0W0-L1R0W0-L1R0W0-L1R0W0-L1R0W0-L1R0W0-L1R0W0-L1R0W0-L1R0W0-L1R0W0,compact:L1R0W0-L1R0W0-L1R0W0-L1R0W0-L1R0W0-L1R0W0-L1R0W0-L1R0W0-L1R0W0-L1R0W0-L1R0W0-L1R0W0-L1R0W0-L1R0W0,,,merged,optimized,10,3,10,1.351246,1.3575834,1.348893,1.413007,0.01853817479796754,0.6144196000000001,0.0188344,0.7243294,,,custom:libsad_search_d014591f51543a.so,/home/rzzhang/sad_merged/sad/build/libsad_search_d014591f51543a.so
2026-08-20T19:16:24.462088+00:00,20260820T190931,joint:rzz-hea:26:7c7422d979a53903,ok,,rzz-hea,26,8,float64,42,64,2,64,2,1,0.0,rotation,rotation,4,4,compact:L5R2W0-L5R2W0-L5R1W0-L5R1W0,compact:L5R2W0-L5R2W0-L5R1W0-L5R1W0,,,merged,optimized,2,3,2,618.195579,618.195579,617.802901,618.588257,0.3926779999999894,137.8794905,10.800789,469.5152995,,,custom:libsad_search_7e5293342e215a.so,/home/rzzhang/sad_merged/sad/build/libsad_search_7e5293342e215a.so
2026-08-20T19:16:27.557055+00:00,20260820T190931,joint:rzz-hea:18:806b8b5458423c7b,ok,,rzz-hea,18,8,float64,42,32,2,32,2,2,0.0,rotation,rotation,3,3,compact:L5R1W0-L5R1W0-L5R1W0,compact:L5R1W0-L5R1W0-L5R1W0,,,split,optimized,5,3,5,2.209651,2.2105454,2.2077269999999998,2.215541,0.002637473685176843,0.6106464,0.035240999999999995,1.564658,,,custom:libsad_search_16d9d6cef53b3d.so,/home/rzzhang/sad_merged/sad/build/libsad_search_16d9d6cef53b3d.so
2026-08-20T19:16:27.593225+00:00,20260820T190931,joint:rzz-hea:26:5a20095927c31772,ok,,rzz-hea,26,8,float64,42,64,2,64,2,2,0.0,rotation,rotation,4,4,compact:L5R2W0-L5R2W0-L5R1W0-L5R1W0,compact:L5R2W0-L5R2W0-L5R1W0-L5R1W0,,,merged,optimized,2,3,2,609.100737,609.100737,606.569734,611.63174,2.5310029999999983,136.5289815,10.848562,461.72319350000004,,,custom:libsad_search_97eec9f2a848ec.so,/home/rzzhang/sad_merged/sad/build/libsad_search_97eec9f2a848ec.so
2026-08-20T19:16:30.653562+00:00,20260820T190931,joint:rzz-hea:18:5ed8712eebcd6b97,ok,,rzz-hea,18,8,float64,42,128,2,32,2,1,0.75,rotation,rotation,14,14,compact:L2R0W0-L2R0W0-L2R0W0-L2R0W0-L1R0W0-L1R0W0-L1R0W0-L1R0W0-L1R0W0-L1R0W0-L1R0W0-L1R0W0-L1R0W0-L1R0W0,compact:L2R0W0-L2R0W0-L2R0W0-L2R0W0-L1R0W0-L1R0W0-L1R0W0-L1R0W0-L1R0W0-L1R0W0-L1R0W0-L1R0W0-L1R0W0-L1R0W0,,,split,optimized,5,3,5,3.2122620000000004,3.2024416,3.163862,3.214362,0.01944994899324941,1.1506318,0.035704200000000005,2.0161056,,,custom:libsad_search_7259903b8346c4.so,/home/rzzhang/sad_merged/sad/build/libsad_search_7259903b8346c4.so
2026-08-20T19:16:30.697736+00:00,20260820T190931,joint:rzz-hea:20:6b6ad38f127e3bfb,ok,,rzz-hea,20,8,float64,42,32,2,128,2,2,0.25,rotation,rotation,7,7,compact:L3R0W0-L3R0W0-L3R0W0-L3R0W0-L3R0W0-L3R0W0-L2R0W0,compact:L3R0W0-L3R0W0-L3R0W0-L3R0W0-L3R0W0-L3R0W0-L2R0W0,,,merged,optimized,5,3,5,8.003577,8.0056526,8.001560999999999,8.011739,0.004289049946083888,1.829151,0.09606599999999998,6.0804356,,,custom:libsad_search_fce412939d20fb.so,/home/rzzhang/sad_merged/sad/build/libsad_search_fce412939d20fb.so
2026-08-20T19:16:30.775062+00:00,20260820T190931,joint:rzz-hea:22:4fdbe084c50262c0,ok,,rzz-hea,22,8,float64,42,32,2,128,2,2,1.0,rotation,rotation,22,22,compact:L1R0W0-L1R0W0-L1R0W0-L1R0W0-L1R0W0-L1R0W0-L1R0W0-L1R0W0-L1R0W0-L1R0W0-L1R0W0-L1R0W0-L1R0W0-L1R0W0-L1R0W0-L1R0W0-L1R0W0-L1R0W0-L1R0W0-L1R0W0-L1R0W0-L1R0W0,compact:L1R0W0-L1R0W0-L1R0W0-L1R0W0-L1R0W0-L1R0W0-L1R0W0-L1R0W0-L1R0W0-L1R0W0-L1R0W0-L1R0W0-L1R0W0-L1R0W0-L1R0W0-L1R0W0-L1R0W0-L1R0W0-L1R0W0-L1R0W0-L1R0W0-L1R0W0,,,split,optimized,3,3,3,82.562522,82.59918533333334,82.168671,83.06636300000001,0.3673970438316349,13.775059666666667,0.42502500000000004,68.39910066666667,,,custom:libsad_search_2a0e4369743c84.so,/home/rzzhang/sad_merged/sad/build/libsad_search_2a0e4369743c84.so
2026-08-20T19:16:31.277475+00:00,20260820T190931,joint:rzz-hea:14:7fbe90e305dd5a68,ok,,rzz-hea,14,8,float64,42,32,2,32,2,1,0.0,rotation,rotation,2,2,compact:L5R2W0-L5R2W0,compact:L5R2W0-L5R2W0,,,split,optimized,10,3,10,0.5841985,0.5808772,0.556001,0.5857460000000001,0.008674161501839833,0.1747891,0.018862,0.38722609999999996,,,custom:libsad_search_3cb67c7e18cc99.so,/home/rzzhang/sad_merged/sad/build/libsad_search_3cb67c7e18cc99.so
2026-08-20T19:16:31.288756+00:00,20260820T190931,joint:rzz-hea:10:5dbe454ed07c9e30,ok,,rzz-hea,10,8,float64,42,128,2,32,2,1,0.0,rotation,rotation,2,2,compact:L5R0W0-L5R0W0,compact:L5R0W0-L5R0W0,,,merged,optimized,10,3,10,0.42472750000000004,0.4232779,0.41704600000000003,0.426677,0.0031969262878583787,0.1590912,0.018927,0.24525969999999997,,,custom:libsad_search_5851e15f736f52.so,/home/rzzhang/sad_merged/sad/build/libsad_search_5851e15f736f52.so
2026-08-20T19:16:31.297717+00:00,20260820T190931,joint:rzz-hea:22:a485ce72a4922e91,ok,,rzz-hea,22,8,float64,42,64,2,64,2,2,1.0,rotation,rotation,22,22,compact:L1R0W0-L1R0W0-L1R0W0-L1R0W0-L1R0W0-L1R0W0-L1R0W0-L1R0W0-L1R0W0-L1R0W0-L1R0W0-L1R0W0-L1R0W0-L1R0W0-L1R0W0-L1R0W0-L1R0W0-L1R0W0-L1R0W0-L1R0W0-L1R0W0-L1R0W0,compact:L1R0W0-L1R0W0-L1R0W0-L1R0W0-L1R0W0-L1R0W0-L1R0W0-L1R0W0-L1R0W0-L1R0W0-L1R0W0-L1R0W0-L1R0W0-L1R0W0-L1R0W0-L1R0W0-L1R0W0-L1R0W0-L1R0W0-L1R0W0-L1R0W0-L1R0W0,,,split,optimized,3,3,3,80.74928000000001,80.71442533333334,80.642893,80.75110299999999,0.050586472937161286,12.218562333333333,0.42236599999999996,68.073497,,,custom:libsad_search_20c37ff249ec0a.so,/home/rzzhang/sad_merged/sad/build/libsad_search_20c37ff249ec0a.so
2026-08-20T19:16:31.790235+00:00,20260820T190931,joint:rzz-hea:24:fd7e1d901975b768,ok,,rzz-hea,24,8,float64,42,32,2,128,2,2,0.75,rotation,rotation,19,19,compact:L2R0W0-L2R0W0-L2R0W0-L2R0W0-L2R0W0-L1R0W0-L1R0W0-L1R0W0-L1R0W0-L1R0W0-L1R0W0-L1R0W0-L1R0W0-L1R0W0-L1R0W0-L1R0W0-L1R0W0-L1R0W0-L1R0W0,compact:L2R0W0-L2R0W0-L2R0W0-L2R0W0-L2R0W0-L1R0W0-L1R0W0-L1R0W0-L1R0W0-L1R0W0-L1R0W0-L1R0W0-L1R0W0-L1R0W0-L1R0W0-L1R0W0-L1R0W0-L1R0W0-L1R0W0,,,merged,optimized,3,3,3,335.147471,335.620657,334.927878,336.78662199999997,0.8293214323895359,95.43881833333334,1.8247193333333331,238.35711933333334,,,custom:libsad_search_fce412939d20fb.so,/home/rzzhang/sad_merged/sad/build/libsad_search_fce412939d20fb.so
2026-08-20T19:16:33.813919+00:00,20260820T190931,joint:rzz-hea:12:f5a1c986d47b0b61,ok,,rzz-hea,12,8,float64,42,128,2,128,2,2,0.75,rotation,rotation,10,10,compact:L2R0W0-L2R0W0-L1R0W0-L1R0W0-L1R0W0-L1R0W0-L1R0W0-L1R0W0-L1R0W0-L1R0W0,compact:L2R0W0-L2R0W0-L1R0W0-L1R0W0-L1R0W0-L1R0W0-L1R0W0-L1R0W0-L1R0W0-L1R0W0,,,merged,optimized,10,3,10,1.0734495000000002,1.0887678,1.072049,1.1273680000000001,0.023954682493408267,0.4280123,0.0188107,0.6419447999999999,,,custom:libsad_search_b969ada61d8a74.so,/home/rzzhang/sad_merged/sad/build/libsad_search_b969ada61d8a74.so
2026-08-20T19:16:33.835170+00:00,20260820T190931,joint:rzz-hea:24:2d3c5a00cd46fa46,ok,,rzz-hea,24,8,float64,42,128,2,128,2,2,0.25,rotation,rotation,8,8,compact:L3R0W0-L3R0W0-L3R0W0-L3R0W0-L3R0W0-L3R0W0-L3R0W0-L3R0W0,compact:L3R0W0-L3R0W0-L3R0W0-L3R0W0-L3R0W0-L3R0W0-L3R0W0-L3R0W0,,,split,optimized,3,3,3,177.33173699999998,179.02416933333333,174.190214,185.550557,4.789752510766875,55.76786466666667,1.9405833333333335,121.31572133333333,,,custom:libsad_search_d02bea87aa5c56.so,/home/rzzhang/sad_merged/sad/build/libsad_search_d02bea87aa5c56.so
2026-08-20T19:16:34.901191+00:00,20260820T190931,joint:rzz-hea:18:2b91b618ae63be97,ok,,rzz-hea,18,8,float64,42,128,2,32,2,1,0.5,rotation,rotation,10,10,compact:L2R0W0-L2R0W0-L2R0W0-L2R0W0-L2R0W0-L2R0W0-L2R0W0-L2R0W0-L1R0W0-L1R0W0,compact:L2R0W0-L2R0W0-L2R0W0-L2R0W0-L2R0W0-L2R0W0-L2R0W0-L2R0W0-L1R0W0-L1R0W0,,,merged,optimized,5,3,5,3.1090220000000004,3.197717,3.105816,3.480664,0.14465632070255344,0.9390580000000001,0.037167399999999996,2.2214916000000002,,,custom:libsad_search_5851e15f736f52.so,/home/rzzhang/sad_merged/sad/build/libsad_search_5851e15f736f52.so
2026-08-20T19:16:34.939101+00:00,20260820T190931,joint:rzz-hea:18:b46d528f2f07021a,ok,,rzz-hea,18,8,float64,42,128,2,128,2,1,0.25,rotation,rotation,6,6,compact:L3R0W0-L3R0W0-L3R0W0-L3R0W0-L3R0W0-L3R0W0,compact:L3R0W0-L3R0W0-L3R0W0-L3R0W0-L3R0W0-L3R0W0,,,merged,optimized,5,3,5,2.7503420000000003,2.7504178,2.7495089999999998,2.7513419999999997,0.0005920190537473925,0.6757666,0.035061,2.0395902,,,custom:libsad_search_8fbfac92ec4bef.so,/home/rzzhang/sad_merged/sad/build/libsad_search_8fbfac92ec4bef.so
2026-08-20T19:16:34.965519+00:00,20260820T190931,joint:rzz-hea:10:13e4f9632299e0ee,ok,,rzz-hea,10,8,float64,42,128,2,128,2,1,1.0,rotation,rotation,10,10,compact:L1R0W0-L1R0W0-L1R0W0-L1R0W0-L1R0W0-L1R0W0-L1R0W0-L1R0W0-L1R0W0-L1R0W0,compact:L1R0W0-L1R0W0-L1R0W0-L1R0W0-L1R0W0-L1R0W0-L1R0W0-L1R0W0-L1R0W0-L1R0W0,,,merged,optimized,10,3,10,0.9538855,0.9532895,0.9491489999999999,0.959175,0.003681143144459334,0.3794339,0.0188976,0.5549580000000001,,,custom:libsad_search_8fbfac92ec4bef.so,/home/rzzhang/sad_merged/sad/build/libsad_search_8fbfac92ec4bef.so
2026-08-20T19:16:34.981102+00:00,20260820T190931,joint:rzz-hea:22:4013536c19260512,ok,,rzz-hea,22,8,float64,42,32,2,32,2,2,0.75,rotation,rotation,18,18,compact:L2R0W0-L2R0W0-L2R0W0-L2R0W0-L1R0W0-L1R0W0-L1R0W0-L1R0W0-L1R0W0-L1R0W0-L1R0W0-L1R0W0-L1R0W0-L1R0W0-L1R0W0-L1R0W0-L1R0W0-L1R0W0,compact:L2R0W0-L2R0W0-L2R0W0-L2R0W0-L1R0W0-L1R0W0-L1R0W0-L1R0W0-L1R0W0-L1R0W0-L1R0W0-L1R0W0-L1R0W0-L1R0W0-L1R0W0-L1R0W0-L1R0W0-L1R0W0,,,split,optimized,3,3,3,69.28310800000001,69.28471233333333,69.09509899999999,69.47592999999999,0.1554777434325857,12.366816333333334,0.42857466666666666,56.489321333333336,,,custom:libsad_search_16d9d6cef53b3d.so,/home/rzzhang/sad_merged/sad/build/libsad_search_16d9d6cef53b3d.so
2026-08-20T19:16:35.402319+00:00,20260820T190931,joint:rzz-hea:22:ebeed32872df28d3,ok,,rzz-hea,22,8,float64,42,32,2,32,2,1,1.0,rotation,rotation,22,22,compact:L1R0W0-L1R0W0-L1R0W0-L1R0W0-L1R0W0-L1R0W0-L1R0W0-L1R0W0-L1R0W0-L1R0W0-L1R0W0-L1R0W0-L1R0W0-L1R0W0-L1R0W0-L1R0W0-L1R0W0-L1R0W0-L1R0W0-L1R0W0-L1R0W0-L1R0W0,compact:L1R0W0-L1R0W0-L1R0W0-L1R0W0-L1R0W0-L1R0W0-L1R0W0-L1R0W0-L1R0W0-L1R0W0-L1R0W0-L1R0W0-L1R0W0-L1R0W0-L1R0W0-L1R0W0-L1R0W0-L1R0W0-L1R0W0-L1R0W0-L1R0W0-L1R0W0,,,merged,optimized,3,3,3,81.27959999999999,81.276277,81.269221,81.28001,0.0049921523080373315,12.514925000000002,0.4066223333333333,68.35472966666667,,,custom:libsad_search_f9cdaf042a7bd6.so,/home/rzzhang/sad_merged/sad/build/libsad_search_f9cdaf042a7bd6.so
2026-08-20T19:16:35.900458+00:00,20260820T190931,joint:rzz-hea:18:cf623fece59aa4d8,ok,,rzz-hea,18,8,float64,42,32,2,128,2,1,0.75,rotation,rotation,14,14,compact:L2R0W0-L2R0W0-L2R0W0-L2R0W0-L1R0W0-L1R0W0-L1R0W0-L1R0W0-L1R0W0-L1R0W0-L1R0W0-L1R0W0-L1R0W0-L1R0W0,compact:L2R0W0-L2R0W0-L2R0W0-L2R0W0-L1R0W0-L1R0W0-L1R0W0-L1R0W0-L1R0W0-L1R0W0-L1R0W0-L1R0W0-L1R0W0-L1R0W0,,,merged,optimized,5,3,5,3.574625,3.5112406,3.3976409999999997,3.581833,0.08199753414975368,0.9852868,0.035268600000000004,2.4906851999999997,,,custom:libsad_search_2a8327787a9aac.so,/home/rzzhang/sad_merged/sad/build/libsad_search_2a8327787a9aac.so
2026-08-20T19:16:35.933435+00:00,20260820T190931,joint:rzz-hea:22:965bc770ae88a5fa,ok,,rzz-hea,22,8,float64,42,128,2,128,2,2,1.0,rotation,rotation,22,22,compact:L1R0W0-L1R0W0-L1R0W0-L1R0W0-L1R0W0-L1R0W0-L1R0W0-L1R0W0-L1R0W0-L1R0W0-L1R0W0-L1R0W0-L1R0W0-L1R0W0-L1R0W0-L1R0W0-L1R0W0-L1R0W0-L1R0W0-L1R0W0-L1R0W0-L1R0W0,compact:L1R0W0-L1R0W0-L1R0W0-L1R0W0-L1R0W0-L1R0W0-L1R0W0-L1R0W0-L1R0W0-L1R0W0-L1R0W0-L1R0W0-L1R0W0-L1R0W0-L1R0W0-L1R0W0-L1R0W0-L1R0W0-L1R0W0-L1R0W0-L1R0W0-L1R0W0,,,split,optimized,3,3,3,81.104591,81.10290233333335,80.961341,81.24277500000001,0.11490115399865498,12.406009666666668,0.419867,68.27702566666667,,,custom:libsad_search_d02bea87aa5c56.so,/home/rzzhang/sad_merged/sad/build/libsad_search_d02bea87aa5c56.so
2026-08-20T19:16:36.427303+00:00,20260820T190931,joint:rzz-hea:10:cc0993a21776c82b,ok,,rzz-hea,10,8,float64,42,32,2,32,2,1,0.75,rotation,rotation,8,8,compact:L2R0W0-L2R0W0-L1R0W0-L1R0W0-L1R0W0-L1R0W0-L1R0W0-L1R0W0,compact:L2R0W0-L2R0W0-L1R0W0-L1R0W0-L1R0W0-L1R0W0-L1R0W0-L1R0W0,,,split,optimized,10,3,10,0.8320574999999999,0.8318766,0.830225,0.833631,0.0010072267073504215,0.3196253,0.018950500000000002,0.4933008,,,custom:libsad_search_3cb67c7e18cc99.so,/home/rzzhang/sad_merged/sad/build/libsad_search_3cb67c7e18cc99.so
2026-08-20T19:16:36.441748+00:00,20260820T190931,joint:rzz-hea:14:b471264677de9705,ok,,rzz-hea,14,8,float64,42,32,2,32,2,1,0.75,rotation,rotation,11,11,compact:L2R0W0-L2R0W0-L2R0W0-L1R0W0-L1R0W0-L1R0W0-L1R0W0-L1R0W0-L1R0W0-L1R0W0-L1R0W0,compact:L2R0W0-L2R0W0-L2R0W0-L1R0W0-L1R0W0-L1R0W0-L1R0W0-L1R0W0-L1R0W0-L1R0W0-L1R0W0,,,merged,optimized,10,3,10,1.1041414999999999,1.1036072000000001,1.10012,1.106002,0.0017740454785602185,0.442886,0.0189767,0.6417445,,,custom:libsad_search_f9cdaf042a7bd6.so,/home/rzzhang/sad_merged/sad/build/libsad_search_f9cdaf042a7bd6.so
2026-08-20T19:16:36.459584+00:00,20260820T190931,joint:rzz-hea:4:7eedc7c7d711cac2,ok,,rzz-hea,4,8,float64,42,128,2,32,2,2,1.0,rotation,rotation,4,4,compact:L1R0W0-L1R0W0-L1R0W0-L1R0W0,compact:L1R0W0-L1R0W0-L1R0W0-L1R0W0,,,merged,optimized,20,3,20,0.283063,0.2874009,0.281425,0.29795099999999997,0.0063126362868456114,0.1034589,0.01887115,0.16507085000000002,,,custom:libsad_search_d014591f51543a.so,/home/rzzhang/sad_merged/sad/build/libsad_search_d014591f51543a.so
2026-08-20T19:16:36.469553+00:00,20260820T190931,joint:rzz-hea:12:7f98c08f58875637,ok,,rzz-hea,12,8,float64,42,64,2,64,2,2,0.75,rotation,rotation,10,10,compact:L2R0W0-L2R0W0-L1R0W0-L1R0W0-L1R0W0-L1R0W0-L1R0W0-L1R0W0-L1R0W0-L1R0W0,compact:L2R0W0-L2R0W0-L1R0W0-L1R0W0-L1R0W0-L1R0W0-L1R0W0-L1R0W0-L1R0W0-L1R0W0,,,split,optimized,10,3,10,0.9860309999999999,0.9856412999999999,0.9838630000000002,0.987091,0.0010810955600685794,0.37949900000000003,0.0189612,0.5871811,,,custom:libsad_search_20c37ff249ec0a.so,/home/rzzhang/sad_merged/sad/build/libsad_search_20c37ff249ec0a.so
2026-08-20T19:16:36.486132+00:00,20260820T190931,joint:rzz-hea:16:53152d96a4d13a88,ok,,rzz-hea,16,8,float64,42,32,2,128,2,1,0.5,rotation,rotation,10,9,compact:L2R0W0-L2R0W0-L2R0W0-L2R0W0-L2R0W0-L2R0W0-L1R0W0-L1R0W0-L1R0W0-L1R0W0,compact:L2R0W0-L2R0W0-L2R0W0-L2R0W0-L2R0W0-L2R0W0-L2R0W0-L1R0W0-L1R0W0,,,split,optimized,5,3,5,1.541934,1.5420726,1.541078,1.544062,0.0010807141342649446,0.5050086,0.0192656,1.0177984,,,custom:libsad_search_0e4f539ceca897.so,/home/rzzhang/sad_merged/sad/build/libsad_search_0e4f539ceca897.so
2026-08-20T19:16:51.328687+00:00,20260820T190931,joint:rzz-hea:28:18dbf843e84a813f,ok,,rzz-hea,28,8,float64,42,128,2,32,2,2,0.25,rotation,rotation,10,10,compact:L3R0W0-L3R0W0-L3R0W0-L3R0W0-L3R0W0-L3R0W0-L3R0W0-L3R0W0-L2R0W0-L2R0W0,compact:L3R0W0-L3R0W0-L3R0W0-L3R0W0-L3R0W0-L3R0W0-L3R0W0-L3R0W0-L2R0W0-L2R0W0,,,merged,optimized,2,3,2,3435.7523165000002,3435.7523165000002,3429.2522329999997,3442.2524000000003,6.500083500000301,912.8323795,84.86188999999999,2438.058047,,,custom:libsad_search_d014591f51543a.so,/home/rzzhang/sad_merged/sad/build/libsad_search_d014591f51543a.so
2026-08-20T19:17:08.383703+00:00,20260820T190931,joint:rzz-hea:26:8eda295624bc5698,ok,,rzz-hea,26,8,float64,42,32,2,32,2,2,0.25,rotation,rotation,10,10,compact:L3R0W0-L3R0W0-L3R0W0-L3R0W0-L3R0W0-L3R0W0-L2R0W0-L2R0W0-L2R0W0-L2R0W0,compact:L3R0W0-L3R0W0-L3R0W0-L3R0W0-L3R0W0-L3R0W0-L2R0W0-L2R0W0-L2R0W0-L2R0W0,,,split,optimized,2,3,2,852.090395,852.090395,850.240409,853.940381,1.8499860000000012,260.9369889999999,10.202921,580.9504850000001,,,custom:libsad_search_16d9d6cef53b3d.so,/home/rzzhang/sad_merged/sad/build/libsad_search_16d9d6cef53b3d.so
2026-08-20T19:17:12.671698+00:00,20260820T190931,joint:rzz-hea:26:8b8b10c6b99c5c61,ok,,rzz-hea,26,8,float64,42,32,2,32,2,1,0.75,rotation,rotation,20,20,compact:L2R0W0-L2R0W0-L2R0W0-L2R0W0-L2R0W0-L2R0W0-L1R0W0-L1R0W0-L1R0W0-L1R0W0-L1R0W0-L1R0W0-L1R0W0-L1R0W0-L1R0W0-L1R0W0-L1R0W0-L1R0W0-L1R0W0-L1R0W0,compact:L2R0W0-L2R0W0-L2R0W0-L2R0W0-L2R0W0-L2R0W0-L1R0W0-L1R0W0-L1R0W0-L1R0W0-L1R0W0-L1R0W0-L1R0W0-L1R0W0-L1R0W0-L1R0W0-L1R0W0-L1R0W0-L1R0W0-L1R0W0,,,split,optimized,2,3,2,1432.110658,1432.110658,1431.717563,1432.503753,0.3930950000000166,448.0348795,10.208441,973.8673375,,,custom:libsad_search_3cb67c7e18cc99.so,/home/rzzhang/sad_merged/sad/build/libsad_search_3cb67c7e18cc99.so
2026-08-20T19:17:19.866634+00:00,20260820T190931,joint:rzz-hea:6:83fa00678eb00e34,ok,,rzz-hea,6,8,float64,42,128,2,32,2,2,0.0,rotation,rotation,1,1,compact:L5R1W0,compact:L5R1W0,,,merged,optimized,20,3,20,0.23652499999999999,0.23681619999999998,0.23551700000000003,0.23862599999999998,0.0006830588993637308,0.0714379,0.01887885,0.14649945,,,custom:libsad_search_d014591f51543a.so,/home/rzzhang/sad_merged/sad/build/libsad_search_d014591f51543a.so
2026-08-20T19:17:19.881982+00:00,20260820T190931,joint:rzz-hea:22:0bb8d9a3a1e934f8,ok,,rzz-hea,22,8,float64,42,128,2,128,2,1,0.75,rotation,rotation,17,17,compact:L2R0W0-L2R0W0-L2R0W0-L2R0W0-L2R0W0-L1R0W0-L1R0W0-L1R0W0-L1R0W0-L1R0W0-L1R0W0-L1R0W0-L1R0W0-L1R0W0-L1R0W0-L1R0W0-L1R0W0,compact:L2R0W0-L2R0W0-L2R0W0-L2R0W0-L2R0W0-L1R0W0-L1R0W0-L1R0W0-L1R0W0-L1R0W0-L1R0W0-L1R0W0-L1R0W0-L1R0W0-L1R0W0-L1R0W0-L1R0W0,,,merged,optimized,3,3,3,65.310282,65.32317966666666,65.106446,65.552811,0.18245582234307828,9.867053,0.4182856666666667,55.037841,,,custom:libsad_search_8fbfac92ec4bef.so,/home/rzzhang/sad_merged/sad/build/libsad_search_8fbfac92ec4bef.so
2026-08-20T19:17:20.290497+00:00,20260820T190931,joint:rzz-hea:6:8161799f5f2dfa6f,ok,,rzz-hea,6,8,float64,42,128,2,32,2,1,0.25,rotation,rotation,2,2,compact:L3R0W0-L3R0W0,compact:L3R0W0-L3R0W0,,,split,optimized,20,3,20,0.32856300000000005,0.32908565,0.326605,0.335941,0.0023727153490252528,0.11451375000000001,0.0191197,0.19545220000000002,,,custom:libsad_search_7259903b8346c4.so,/home/rzzhang/sad_merged/sad/build/libsad_search_7259903b8346c4.so
2026-08-20T19:17:20.302006+00:00,20260820T190931,joint:rzz-hea:28:b8414006235a2bad,ok,,rzz-hea,28,8,float64,42,32,2,32,2,2,0.25,rotation,rotation,10,10,compact:L3R0W0-L3R0W0-L3R0W0-L3R0W0-L3R0W0-L3R0W0-L3R0W0-L3R0W0-L2R0W0-L2R0W0,compact:L3R0W0-L3R0W0-L3R0W0-L3R0W0-L3R0W0-L3R0W0-L3R0W0-L3R0W0-L2R0W0-L2R0W0,,,split,optimized,2,3,2,3661.412495,3661.412495,3658.08694,3664.73805,3.325554999999895,1117.9837690000002,85.947355,2457.481371,,,custom:libsad_search_16d9d6cef53b3d.so,/home/rzzhang/sad_merged/sad/build/libsad_search_16d9d6cef53b3d.so
2026-08-20T19:17:38.520234+00:00,20260820T190931,joint:rzz-hea:24:8e46edb073f21764,ok,,rzz-hea,24,8,float64,42,32,2,128,2,2,0.0,rotation,rotation,4,3,compact:L5R1W0-L5R1W0-L5R1W0-L5R1W0,compact:L5R2W1-L5R2W1-L5R2W1,,,merged,optimized,3,3,3,144.369685,143.38328433333334,140.67923299999998,145.10093500000002,1.9352177914645545,27.723676,1.7404463333333335,113.919162,,,custom:libsad_search_fce412939d20fb.so,/home/rzzhang/sad_merged/sad/build/libsad_search_fce412939d20fb.so
2026-08-20T19:17:39.409164+00:00,20260820T190931,joint:rzz-hea:24:52364dbf366e17b3,ok,,rzz-hea,24,8,float64,42,32,2,128,2,1,1.0,rotation,rotation,24,24,compact:L1R0W0-L1R0W0-L1R0W0-L1R0W0-L1R0W0-L1R0W0-L1R0W0-L1R0W0-L1R0W0-L1R0W0-L1R0W0-L1R0W0-L1R0W0-L1R0W0-L1R0W0-L1R0W0-L1R0W0-L1R0W0-L1R0W0-L1R0W0-L1R0W0-L1R0W0-L1R0W0-L1R0W0,compact:L1R0W0-L1R0W0-L1R0W0-L1R0W0-L1R0W0-L1R0W0-L1R0W0-L1R0W0-L1R0W0-L1R0W0-L1R0W0-L1R0W0-L1R0W0-L1R0W0-L1R0W0-L1R0W0-L1R0W0-L1R0W0-L1R0W0-L1R0W0-L1R0W0-L1R0W0-L1R0W0-L1R0W0,,,split,optimized,3,3,3,417.957609,417.99256799999995,417.954624,418.065471,0.0515646074551113,130.80846599999998,1.7988003333333336,285.3853016666667,,,custom:libsad_search_0e4f539ceca897.so,/home/rzzhang/sad_merged/sad/build/libsad_search_0e4f539ceca897.so
2026-08-20T19:17:41.938010+00:00,20260820T190931,joint:rzz-hea:22:aea32c678f460720,ok,,rzz-hea,22,8,float64,42,32,2,128,2,1,1.0,rotation,rotation,22,22,compact:L1R0W0-L1R0W0-L1R0W0-L1R0W0-L1R0W0-L1R0W0-L1R0W0-L1R0W0-L1R0W0-L1R0W0-L1R0W0-L1R0W0-L1R0W0-L1R0W0-L1R0W0-L1R0W0-L1R0W0-L1R0W0-L1R0W0-L1R0W0-L1R0W0-L1R0W0,compact:L1R0W0-L1R0W0-L1R0W0-L1R0W0-L1R0W0-L1R0W0-L1R0W0-L1R0W0-L1R0W0-L1R0W0-L1R0W0-L1R0W0-L1R0W0-L1R0W0-L1R0W0-L1R0W0-L1R0W0-L1R0W0-L1R0W0-L1R0W0-L1R0W0-L1R0W0,,,merged,optimized,3,3,3,81.70119299999999,81.85174466666666,81.481475,82.37256599999999,0.3790427819497684,12.774052333333332,0.4094703333333333,68.668222,,,custom:libsad_search_2a8327787a9aac.so,/home/rzzhang/sad_merged/sad/build/libsad_search_2a8327787a9aac.so
2026-08-20T19:17:42.443517+00:00,20260820T190931,joint:rzz-hea:8:842af038ab138422,ok,,rzz-hea,8,8,float64,42,128,2,128,2,2,0.5,rotation,rotation,4,4,compact:L2R0W0-L2R0W0-L2R0W0-L2R0W0,compact:L2R0W0-L2R0W0-L2R0W0-L2R0W0,,,split,optimized,20,3,20,0.6105039999999999,0.61113105,0.609202,0.618568,0.001890468896200093,0.20449675,0.018926449999999997,0.38770785,,,custom:libsad_search_d02bea87aa5c56.so,/home/rzzhang/sad_merged/sad/build/libsad_search_d02bea87aa5c56.so
2026-08-20T19:17:42.461272+00:00,20260820T190931,joint:rzz-hea:4:adc546981730b414,ok,,rzz-hea,4,8,float64,42,32,2,32,2,2,0.0,rotation,rotation,1,1,compact:L4R0W0,compact:L4R0W0,,,merged,optimized,20,3,20,0.176643,0.17909835000000002,0.175035,0.18850399999999998,0.004675458729098134,0.04425795,0.0190761,0.1157643,,,custom:libsad_search_dcff342f285260.so,/home/rzzhang/sad_merged/sad/build/libsad_search_dcff342f285260.so
2026-08-20T19:17:42.469067+00:00,20260820T190931,joint:rzz-hea:20:5087960322e4258e,ok,,rzz-hea,20,8,float64,42,128,2,128,2,2,0.25,rotation,rotation,7,7,compact:L3R0W0-L3R0W0-L3R0W0-L3R0W0-L3R0W0-L3R0W0-L2R0W0,compact:L3R0W0-L3R0W0-L3R0W0-L3R0W0-L3R0W0-L3R0W0-L2R0W0,,,split,optimized,5,3,5,7.735185,7.7357052,7.712981,7.757820000000001,0.016506848147359976,2.0708078,0.09796880000000001,5.5669286,,,custom:libsad_search_d02bea87aa5c56.so,/home/rzzhang/sad_merged/sad/build/libsad_search_d02bea87aa5c56.so
2026-08-20T19:17:42.536460+00:00,20260820T190931,joint:rzz-hea:20:4a7f6a5237f8c12d,ok,,rzz-hea,20,8,float64,42,32,2,128,2,1,0.5,rotation,rotation,12,12,compact:L2R0W0-L2R0W0-L2R0W0-L2R0W0-L2R0W0-L2R0W0-L2R0W0-L2R0W0-L1R0W0-L1R0W0-L1R0W0-L1R0W0,compact:L2R0W0-L2R0W0-L2R0W0-L2R0W0-L2R0W0-L2R0W0-L2R0W0-L2R0W0-L1R0W0-L1R0W0-L1R0W0-L1R0W0,,,merged,optimized,5,3,5,8.942711,8.9047608,8.808408,8.98145,0.07870516346314274,2.2962572,0.09923760000000001,6.509265999999999,,,custom:libsad_search_2a8327787a9aac.so,/home/rzzhang/sad_merged/sad/build/libsad_search_2a8327787a9aac.so
2026-08-20T19:17:42.612586+00:00,20260820T190931,joint:rzz-hea:16:3275fad3d7bd03f8,ok,,rzz-hea,16,8,float64,42,128,2,32,2,2,0.5,rotation,rotation,9,10,compact:L2R0W0-L2R0W0-L2R0W0-L2R0W0-L2R0W0-L2R0W0-L2R0W0-L1R0W0-L1R0W0,compact:L2R0W0-L2R0W0-L2R0W0-L2R0W0-L2R0W0-L2R0W0-L1R0W0-L1R0W0-L1R0W0-L1R0W0,,,split,optimized,5,3,5,1.442691,1.4341408000000002,1.414862,1.443267,0.011544408835449283,0.4898045999999999,0.019049999999999997,0.9252862000000001,,,custom:libsad_search_3b115211f38255.so,/home/rzzhang/sad_merged/sad/build/libsad_search_3b115211f38255.so
2026-08-20T19:17:42.628230+00:00,20260820T190931,joint:rzz-hea:26:5f4a4f96955b08e7,ok,,rzz-hea,26,8,float64,42,64,2,64,2,2,0.5,rotation,rotation,15,15,compact:L2R0W0-L2R0W0-L2R0W0-L2R0W0-L2R0W0-L2R0W0-L2R0W0-L2R0W0-L2R0W0-L2R0W0-L2R0W0-L1R0W0-L1R0W0-L1R0W0-L1R0W0,compact:L2R0W0-L2R0W0-L2R0W0-L2R0W0-L2R0W0-L2R0W0-L2R0W0-L2R0W0-L2R0W0-L2R0W0-L2R0W0-L1R0W0-L1R0W0-L1R0W0-L1R0W0,,,merged,optimized,2,3,2,1129.253041,1129.253041,1126.823618,1131.682464,2.4294230000000425,313.6153945,10.8024425,804.835204,,,custom:libsad_search_97eec9f2a848ec.so,/home/rzzhang/sad_merged/sad/build/libsad_search_97eec9f2a848ec.so
2026-08-20T19:17:48.260540+00:00,20260820T190931,joint:rzz-hea:16:474eeadd032e3d21,ok,,rzz-hea,16,8,float64,42,64,2,64,2,1,1.0,rotation,rotation,16,16,compact:L1R0W0-L1R0W0-L1R0W0-L1R0W0-L1R0W0-L1R0W0-L1R0W0-L1R0W0-L1R0W0-L1R0W0-L1R0W0-L1R0W0-L1R0W0-L1R0W0-L1R0W0-L1R0W0,compact:L1R0W0-L1R0W0-L1R0W0-L1R0W0-L1R0W0-L1R0W0-L1R0W0-L1R0W0-L1R0W0-L1R0W0-L1R0W0-L1R0W0-L1R0W0-L1R0W0-L1R0W0-L1R0W0,,,split,optimized,5,3,5,2.0859449999999997,2.0702564,2.004801,2.087879,0.03274807924504882,0.7644896,0.0185336,1.2872332000000002,,,custom:libsad_search_7ec063ebc99501.so,/home/rzzhang/sad_merged/sad/build/libsad_search_7ec063ebc99501.so
2026-08-20T19:17:48.290047+00:00,20260820T190931,joint:rzz-hea:12:05080e6cf1024d12,ok,,rzz-hea,12,8,float64,42,32,2,32,2,2,1.0,rotation,rotation,12,12,compact:L1R0W0-L1R0W0-L1R0W0-L1R0W0-L1R0W0-L1R0W0-L1R0W0-L1R0W0-L1R0W0-L1R0W0-L1R0W0-L1R0W0,compact:L1R0W0-L1R0W0-L1R0W0-L1R0W0-L1R0W0-L1R0W0-L1R0W0-L1R0W0-L1R0W0-L1R0W0-L1R0W0-L1R0W0,,,split,optimized,10,3,10,1.0598165,1.0661336000000001,1.047492,1.082403,0.013019233266210396,0.4258717000000001,0.0184666,0.6217952999999999,,,custom:libsad_search_16d9d6cef53b3d.so,/home/rzzhang/sad_merged/sad/build/libsad_search_16d9d6cef53b3d.so
2026-08-20T19:17:48.313508+00:00,20260820T190931,joint:rzz-hea:8:e20895829549e8f4,ok,,rzz-hea,8,8,float64,42,128,2,32,2,2,0.25,rotation,rotation,3,4,compact:L3R0W0-L3R0W0-L2R0W0,compact:L2R0W0-L2R0W0-L2R0W0-L2R0W0,,,merged,optimized,20,3,20,0.4074375,0.4073526,0.40576399999999996,0.40916800000000003,0.0007045919670277284,0.14585720000000002,0.018674250000000003,0.24282115,,,custom:libsad_search_d014591f51543a.so,/home/rzzhang/sad_merged/sad/build/libsad_search_d014591f51543a.so
2026-08-20T19:17:48.330256+00:00,20260820T190931,joint:rzz-hea:18:bdb1a75e69554eda,ok,,rzz-hea,18,8,float64,42,128,2,32,2,2,0.0,rotation,rotation,2,3,compact:L5R2W2-L5R2W2,compact:L5R1W0-L5R1W0-L5R1W0,,,split,optimized,5,3,5,2.141315,2.1395158,2.1328359999999997,2.1420179999999998,0.0033980881330536597,0.5672822,0.035422800000000004,1.5368108,,,custom:libsad_search_3b115211f38255.so,/home/rzzhang/sad_merged/sad/build/libsad_search_3b115211f38255.so
2026-08-20T19:17:48.351455+00:00,20260820T190931,joint:rzz-hea:28:cf58040e6031697a,ok,,rzz-hea,28,8,float64,42,128,2,32,2,2,0.5,rotation,rotation,16,16,compact:L2R0W0-L2R0W0-L2R0W0-L2R0W0-L2R0W0-L2R0W0-L2R0W0-L2R0W0-L2R0W0-L2R0W0-L2R0W0-L2R0W0-L1R0W0-L1R0W0-L1R0W0-L1R0W0,compact:L2R0W0-L2R0W0-L2R0W0-L2R0W0-L2R0W0-L2R0W0-L2R0W0-L2R0W0-L2R0W0-L2R0W0-L2R0W0-L2R0W0-L1R0W0-L1R0W0-L1R0W0-L1R0W0,,,split,optimized,2,3,2,4879.333506500001,4879.333506500001,4867.944084000001,4890.7229290000005,11.38942249999991,1494.4549230000002,87.076082,3297.8025015000003,,,custom:libsad_search_3b115211f38255.so,/home/rzzhang/sad_merged/sad/build/libsad_search_3b115211f38255.so
2026-08-20T19:18:12.754482+00:00,20260820T190931,joint:rzz-hea:24:55d7224d00a18c36,ok,,rzz-hea,24,8,float64,42,32,2,32,2,1,0.75,rotation,rotation,19,19,compact:L2R0W0-L2R0W0-L2R0W0-L2R0W0-L2R0W0-L1R0W0-L1R0W0-L1R0W0-L1R0W0-L1R0W0-L1R0W0-L1R0W0-L1R0W0-L1R0W0-L1R0W0-L1R0W0-L1R0W0-L1R0W0-L1R0W0,compact:L2R0W0-L2R0W0-L2R0W0-L2R0W0-L2R0W0-L1R0W0-L1R0W0-L1R0W0-L1R0W0-L1R0W0-L1R0W0-L1R0W0-L1R0W0-L1R0W0-L1R0W0-L1R0W0-L1R0W0-L1R0W0-L1R0W0,,,merged,optimized,3,3,3,337.965104,337.929595,336.73256100000003,339.09112,0.9632049992709925,95.70123433333333,1.8530216666666668,240.375339,,,custom:libsad_search_f9cdaf042a7bd6.so,/home/rzzhang/sad_merged/sad/build/libsad_search_f9cdaf042a7bd6.so
2026-08-20T19:18:14.820803+00:00,20260820T190931,joint:rzz-hea:22:1f6a9d21d919e36d,ok,,rzz-hea,22,8,float64,42,32,2,32,2,1,0.0,legacy,legacy,0,0,,,,,not_applicable,legacy-generic,3,3,3,35.197047,35.217207,35.03324,35.421334,0.1590787172209627,9.220449666666667,0.41744133333333333,25.579316000000002,,,custom:libsad_search_06042376d3c545.so,/home/rzzhang/sad_merged/sad/build/libsad_search_06042376d3c545.so
2026-08-20T19:18:15.047009+00:00,20260820T190931,joint:rzz-hea:22:77972e3552ec3144,ok,,rzz-hea,22,8,float64,42,32,2,128,2,1,0.0,legacy,legacy,0,0,,,,,not_applicable,legacy-generic,3,3,3,33.184024,33.17949766666667,33.128676999999996,33.225792000000006,0.03977601099770052,8.786163,0.39812833333333336,23.995206333333336,,,custom:libsad_search_ada51c8f4b2976.so,/home/rzzhang/sad_merged/sad/build/libsad_search_ada51c8f4b2976.so
2026-08-20T19:18:30.104906+00:00,20260820T190931,joint:rzz-hea:8:bcf23dfc8ed049e7,ok,,rzz-hea,8,8,float64,42,64,2,64,2,1,0.5,rotation,rotation,4,4,compact:L2R0W0-L2R0W0-L2R0W0-L2R0W0,compact:L2R0W0-L2R0W0-L2R0W0-L2R0W0,,,merged,optimized,20,3,20,0.45269250000000005,0.45394625,0.451512,0.464616,0.0034912744360047075,0.16695795,0.0186875,0.2683008,,,custom:libsad_search_7e5293342e215a.so,/home/rzzhang/sad_merged/sad/build/libsad_search_7e5293342e215a.so
2026-08-20T19:18:30.119642+00:00,20260820T190931,joint:rzz-hea:4:fedd5256cbed6e2a,ok,,rzz-hea,4,8,float64,42,128,2,128,2,1,0.25,rotation,rotation,2,2,compact:L2R0W0-L2R0W0,compact:L2R0W0-L2R0W0,,,merged,optimized,20,3,20,0.250742,0.24990735000000003,0.244791,0.25404400000000005,0.0035480955634678195,0.06990975,0.01876055,0.16123705000000002,,,custom:libsad_search_8fbfac92ec4bef.so,/home/rzzhang/sad_merged/sad/build/libsad_search_8fbfac92ec4bef.so
2026-08-20T19:18:30.129279+00:00,20260820T190931,joint:rzz-hea:12:99a66937fed2542b,ok,,rzz-hea,12,8,float64,42,32,2,128,2,2,0.0,rotation,rotation,2,2,compact:L5R1W0-L5R1W0,compact:L5R1W0-L5R1W0,,,merged,optimized,10,3,10,0.52938,0.5274088,0.508026,0.537984,0.008673829152110379,0.139648,0.0187555,0.3690053,,,custom:libsad_search_fce412939d20fb.so,/home/rzzhang/sad_merged/sad/build/libsad_search_fce412939d20fb.so
2026-08-20T19:18:30.140280+00:00,20260820T190931,joint:rzz-hea:10:1785f9d5a003ccd6,ok,,rzz-hea,10,8,float64,42,128,2,128,2,2,0.0,rotation,rotation,2,2,compact:L5R0W0-L5R0W0,compact:L5R0W0-L5R0W0,,,merged,optimized,10,3,10,0.482204,0.4824452,0.481019,0.48429500000000003,0.0010187076911460007,0.1514985,0.0186835,0.3122632,,,custom:libsad_search_b969ada61d8a74.so,/home/rzzhang/sad_merged/sad/build/libsad_search_b969ada61d8a74.so
2026-08-20T19:18:30.150483+00:00,20260820T190931,joint:rzz-hea:22:62b6f2e538489338,ok,,rzz-hea,22,8,float64,42,128,2,32,2,1,1.0,rotation,rotation,22,22,compact:L1R0W0-L1R0W0-L1R0W0-L1R0W0-L1R0W0-L1R0W0-L1R0W0-L1R0W0-L1R0W0-L1R0W0-L1R0W0-L1R0W0-L1R0W0-L1R0W0-L1R0W0-L1R0W0-L1R0W0-L1R0W0-L1R0W0-L1R0W0-L1R0W0-L1R0W0,compact:L1R0W0-L1R0W0-L1R0W0-L1R0W0-L1R0W0-L1R0W0-L1R0W0-L1R0W0-L1R0W0-L1R0W0-L1R0W0-L1R0W0-L1R0W0-L1R0W0-L1R0W0-L1R0W0-L1R0W0-L1R0W0-L1R0W0-L1R0W0-L1R0W0-L1R0W0,,,merged,optimized,3,3,3,80.427408,80.36789399999999,80.210926,80.465348,0.11206865653993972,11.380787000000002,0.40619133333333335,68.58091566666667,,,custom:libsad_search_5851e15f736f52.so,/home/rzzhang/sad_merged/sad/build/libsad_search_5851e15f736f52.so
2026-08-20T19:18:30.639706+00:00,20260820T190931,joint:rzz-hea:12:ff7b74e98c88c5bd,ok,,rzz-hea,12,8,float64,42,128,2,32,2,1,0.75,rotation,rotation,10,10,compact:L2R0W0-L2R0W0-L1R0W0-L1R0W0-L1R0W0-L1R0W0-L1R0W0-L1R0W0-L1R0W0-L1R0W0,compact:L2R0W0-L2R0W0-L1R0W0-L1R0W0-L1R0W0-L1R0W0-L1R0W0-L1R0W0-L1R0W0-L1R0W0,,,merged,optimized,10,3,10,0.9994644999999999,1.0012117999999999,0.972574,1.0311299999999999,0.027541655062105423,0.4491997999999999,0.018958199999999998,0.5330538,,,custom:libsad_search_5851e15f736f52.so,/home/rzzhang/sad_merged/sad/build/libsad_search_5851e15f736f52.so
2026-08-20T19:18:30.656899+00:00,20260820T190931,joint:rzz-hea:16:dcc8437e634e17a7,ok,,rzz-hea,16,8,float64,42,128,2,32,2,2,0.5,rotation,rotation,9,10,compact:L2R0W0-L2R0W0-L2R0W0-L2R0W0-L2R0W0-L2R0W0-L2R0W0-L1R0W0-L1R0W0,compact:L2R0W0-L2R0W0-L2R0W0-L2R0W0-L2R0W0-L2R0W0-L1R0W0-L1R0W0-L1R0W0-L1R0W0,,,merged,optimized,5,3,5,1.586388,1.5730558,1.5362409999999997,1.592311,0.02230401909432474,0.4891012,0.018791399999999996,1.0651632000000002,,,custom:libsad_search_d014591f51543a.so,/home/rzzhang/sad_merged/sad/build/libsad_search_d014591f51543a.so
2026-08-20T19:18:30.674104+00:00,20260820T190931,joint:rzz-hea:28:86aaef24df53b00d,ok,,rzz-hea,28,8,float64,42,128,2,32,2,2,1.0,rotation,rotation,28,28,compact:L1R0W0-L1R0W0-L1R0W0-L1R0W0-L1R0W0-L1R0W0-L1R0W0-L1R0W0-L1R0W0-L1R0W0-L1R0W0-L1R0W0-L1R0W0-L1R0W0-L1R0W0-L1R0W0-L1R0W0-L1R0W0-L1R0W0-L1R0W0-L1R0W0-L1R0W0-L1R0W0-L1R0W0-L1R0W0-L1R0W0-L1R0W0-L1R0W0,compact:L1R0W0-L1R0W0-L1R0W0-L1R0W0-L1R0W0-L1R0W0-L1R0W0-L1R0W0-L1R0W0-L1R0W0-L1R0W0-L1R0W0-L1R0W0-L1R0W0-L1R0W0-L1R0W0-L1R0W0-L1R0W0-L1R0W0-L1R0W0-L1R0W0-L1R0W0-L1R0W0-L1R0W0-L1R0W0-L1R0W0-L1R0W0-L1R0W0,,,split,optimized,2,3,2,7726.845409,7726.845409,7725.139881,7728.550937,1.7055279999999584,2376.3688949999996,86.610002,5263.866512,,,custom:libsad_search_3b115211f38255.so,/home/rzzhang/sad_merged/sad/build/libsad_search_3b115211f38255.so
2026-08-20T19:19:09.267676+00:00,20260820T190931,joint:rzz-hea:12:4539daf9fe3becf0,ok,,rzz-hea,12,8,float64,42,32,2,128,2,1,0.75,rotation,rotation,10,10,compact:L2R0W0-L2R0W0-L1R0W0-L1R0W0-L1R0W0-L1R0W0-L1R0W0-L1R0W0-L1R0W0-L1R0W0,compact:L2R0W0-L2R0W0-L1R0W0-L1R0W0-L1R0W0-L1R0W0-L1R0W0-L1R0W0-L1R0W0-L1R0W0,,,merged,optimized,10,3,10,1.0469735,1.0551458,1.038391,1.1126289999999999,0.0240203269036872,0.3777155,0.0187581,0.6586721999999999,,,custom:libsad_search_2a8327787a9aac.so,/home/rzzhang/sad_merged/sad/build/libsad_search_2a8327787a9aac.so
2026-08-20T19:19:09.291121+00:00,20260820T190931,joint:rzz-hea:14:6514ff481c4586a4,ok,,rzz-hea,14,8,float64,42,32,2,128,2,1,0.0,legacy,legacy,0,0,,,,,not_applicable,legacy-generic,10,3,10,0.6612695000000001,0.6600121999999999,0.65391,0.662458,0.0027702146415034315,0.1795229,0.0187114,0.4617779,,,custom:libsad_search_ada51c8f4b2976.so,/home/rzzhang/sad_merged/sad/build/libsad_search_ada51c8f4b2976.so
2026-08-20T19:19:09.309028+00:00,20260820T190931,joint:rzz-hea:16:5b9dacebcf017622,ok,,rzz-hea,16,8,float64,42,128,2,32,2,2,0.25,rotation,rotation,6,6,compact:L3R0W0-L3R0W0-L3R0W0-L3R0W0-L2R0W0-L2R0W0,compact:L3R0W0-L3R0W0-L3R0W0-L3R0W0-L2R0W0-L2R0W0,,,split,optimized,5,3,5,1.155085,1.1554281999999998,1.1548980000000002,1.1561319999999997,0.0005757955887291634,0.3698574,0.018894799999999996,0.766676,,,custom:libsad_search_3b115211f38255.so,/home/rzzhang/sad_merged/sad/build/libsad_search_3b115211f38255.so
2026-08-20T19:19:09.330714+00:00,20260820T190931,joint:rzz-hea:4:1e60089f70a49e66,ok,,rzz-hea,4,8,float64,42,128,2,32,2,2,0.5,rotation,rotation,2,2,compact:L2R0W0-L2R0W0,compact:L2R0W0-L2R0W0,,,split,optimized,20,3,20,0.2665965,0.26643525,0.261045,0.2679,0.001431435673545967,0.0948208,0.018783849999999998,0.1528306,,,custom:libsad_search_3b115211f38255.so,/home/rzzhang/sad_merged/sad/build/libsad_search_3b115211f38255.so
2026-08-20T19:19:09.346194+00:00,20260820T190931,joint:rzz-hea:4:c3bf9b3ee1aa4411,ok,,rzz-hea,4,8,float64,42,32,2,128,2,2,0.75,rotation,rotation,3,3,compact:L2R0W0-L1R0W0-L1R0W0,compact:L2R0W0-L1R0W0-L1R0W0,,,split,optimized,20,3,20,0.32049250000000007,0.320782,0.31943699999999997,0.324446,0.0010692663372612145,0.10528994999999998,0.01874325,0.19674879999999997,,,custom:libsad_search_2a0e4369743c84.so,/home/rzzhang/sad_merged/sad/build/libsad_search_2a0e4369743c84.so
2026-08-20T19:19:09.363602+00:00,20260820T190931,joint:rzz-hea:20:11daded78355c4b3,ok,,rzz-hea,20,8,float64,42,128,2,32,2,1,0.75,rotation,rotation,16,16,compact:L2R0W0-L2R0W0-L2R0W0-L2R0W0-L1R0W0-L1R0W0-L1R0W0-L1R0W0-L1R0W0-L1R0W0-L1R0W0-L1R0W0-L1R0W0-L1R0W0-L1R0W0-L1R0W0,compact:L2R0W0-L2R0W0-L2R0W0-L2R0W0-L1R0W0-L1R0W0-L1R0W0-L1R0W0-L1R0W0-L1R0W0-L1R0W0-L1R0W0-L1R0W0-L1R0W0-L1R0W0-L1R0W0,,,split,optimized,5,3,5,9.071819,9.0707702,9.065401000000001,9.076585999999999,0.004275982104732964,2.9055842,0.10111040000000002,6.0640756,,,custom:libsad_search_7259903b8346c4.so,/home/rzzhang/sad_merged/sad/build/libsad_search_7259903b8346c4.so
2026-08-20T19:19:09.455260+00:00,20260820T190931,joint:rzz-hea:20:0d38213d75607b6c,ok,,rzz-hea,20,8,float64,42,128,2,32,2,2,0.0,rotation,rotation,3,3,compact:L5R2W0-L5R2W0-L5R1W0,compact:L5R2W0-L5R2W0-L5R1W0,,,split,optimized,5,3,5,7.13517,7.1305352,7.114787,7.136392,0.008095773153936522,1.8738890000000001,0.10089859999999999,5.1557476,,,custom:libsad_search_3b115211f38255.so,/home/rzzhang/sad_merged/sad/build/libsad_search_3b115211f38255.so
2026-08-20T19:19:09.532244+00:00,20260820T190931,joint:rzz-hea:4:92d36547baa16b81,ok,,rzz-hea,4,8,float64,42,32,2,32,2,2,0.5,rotation,rotation,2,2,compact:L2R0W0-L2R0W0,compact:L2R0W0-L2R0W0,,,split,optimized,20,3,20,0.2591405,0.25873385,0.253842,0.261303,0.0021077229959128884,0.08774085,0.018861250000000003,0.15213174999999998,,,custom:libsad_search_16d9d6cef53b3d.so,/home/rzzhang/sad_merged/sad/build/libsad_search_16d9d6cef53b3d.so
2026-08-20T19:19:09.547689+00:00,20260820T190931,joint:rzz-hea:10:6ee62bc689b3e683,ok,,rzz-hea,10,8,float64,42,32,2,128,2,2,0.5,rotation,rotation,6,6,compact:L2R0W0-L2R0W0-L2R0W0-L2R0W0-L1R0W0-L1R0W0,compact:L2R0W0-L2R0W0-L2R0W0-L2R0W0-L1R0W0-L1R0W0,,,split,optimized,10,3,10,0.734224,0.7343682,0.731139,0.7373850000000001,0.0018937980779375576,0.2354307,0.018834999999999998,0.48010250000000004,,,custom:libsad_search_2a0e4369743c84.so,/home/rzzhang/sad_merged/sad/build/libsad_search_2a0e4369743c84.so
2026-08-20T19:19:09.564296+00:00,20260820T190931,joint:rzz-hea:8:4ec1baedf39e3575,ok,,rzz-hea,8,8,float64,42,32,2,128,2,2,0.0,rotation,rotation,2,1,compact:L4R0W0-L4R0W0,compact:L5R2W1,,,merged,optimized,20,3,20,0.347029,0.34760779999999997,0.34609,0.354348,0.0022846503364847746,0.10852010000000001,0.01871905,0.22036865,,,custom:libsad_search_fce412939d20fb.so,/home/rzzhang/sad_merged/sad/build/libsad_search_fce412939d20fb.so
2026-08-20T19:19:09.576515+00:00,20260820T190931,joint:rzz-hea:12:455f81a7e25884d2,ok,,rzz-hea,12,8,float64,42,128,2,128,2,2,0.0,rotation,rotation,2,2,compact:L5R1W0-L5R1W0,compact:L5R1W0-L5R1W0,,,merged,optimized,10,3,10,0.542196,0.5420585,0.5405730000000001,0.5436329999999999,0.0009066520004940973,0.17035380000000003,0.0187708,0.3529339,,,custom:libsad_search_b969ada61d8a74.so,/home/rzzhang/sad_merged/sad/build/libsad_search_b969ada61d8a74.so
2026-08-20T19:19:09.587623+00:00,20260820T190931,joint:rzz-hea:14:6789b9983f465bef,ok,,rzz-hea,14,8,float64,42,128,2,32,2,2,0.25,rotation,rotation,5,5,compact:L3R0W0-L3R0W0-L3R0W0-L3R0W0-L2R0W0,compact:L3R0W0-L3R0W0-L3R0W0-L3R0W0-L2R0W0,,,split,optimized,10,3,10,0.7641724999999999,0.7639809,0.7585019999999999,0.7715890000000001,0.0035413881868555826,0.2912239,0.019623,0.453134,,,custom:libsad_search_3b115211f38255.so,/home/rzzhang/sad_merged/sad/build/libsad_search_3b115211f38255.so
2026-08-20T19:19:09.601499+00:00,20260820T190931,joint:rzz-hea:6:8c92a6fa234230bf,ok,,rzz-hea,6,8,float64,42,32,2,32,2,1,0.5,rotation,rotation,4,4,compact:L2R0W0-L2R0W0-L1R0W0-L1R0W0,compact:L2R0W0-L2R0W0-L1R0W0-L1R0W0,,,merged,optimized,20,3,20,0.336744,0.3364933,0.33286000000000004,0.337926,0.0010946969032567754,0.11583089999999999,0.018757899999999997,0.20190450000000001,,,custom:libsad_search_f9cdaf042a7bd6.so,/home/rzzhang/sad_merged/sad/build/libsad_search_f9cdaf042a7bd6.so
2026-08-20T19:19:09.613121+00:00,20260820T190931,joint:rzz-hea:12:23cf35eabc3341f1,ok,,rzz-hea,12,8,float64,42,32,2,32,2,2,0.0,rotation,rotation,2,2,compact:L5R1W0-L5R1W0,compact:L5R1W0-L5R1W0,,,split,optimized,10,3,10,0.47183600000000003,0.47173930000000003,0.470853,0.473113,0.0007223237570508043,0.14510530000000002,0.018953699999999997,0.3076803,,,custom:libsad_search_16d9d6cef53b3d.so,/home/rzzhang/sad_merged/sad/build/libsad_search_16d9d6cef53b3d.so
2026-08-20T19:19:09.623043+00:00,20260820T190931,joint:rzz-hea:14:085cf89510c5cae6,ok,,rzz-hea,14,8,float64,42,32,2,128,2,2,0.5,rotation,rotation,8,8,compact:L2R0W0-L2R0W0-L2R0W0-L2R0W0-L2R0W0-L2R0W0-L1R0W0-L1R0W0,compact:L2R0W0-L2R0W0-L2R0W0-L2R0W0-L2R0W0-L2R0W0-L1R0W0-L1R0W0,,,merged,optimized,10,3,10,1.0023619999999998,1.0025452,1.000359,1.0088340000000002,0.002212319271714711,0.3311754,0.018557399999999998,0.6528124,,,custom:libsad_search_fce412939d20fb.so,/home/rzzhang/sad_merged/sad/build/libsad_search_fce412939d20fb.so
2026-08-20T19:19:09.640221+00:00,20260820T190931,joint:rzz-hea:16:a290c9ce584f35fa,ok,,rzz-hea,16,8,float64,42,64,2,64,2,1,0.5,rotation,rotation,9,9,compact:L2R0W0-L2R0W0-L2R0W0-L2R0W0-L2R0W0-L2R0W0-L2R0W0-L1R0W0-L1R0W0,compact:L2R0W0-L2R0W0-L2R0W0-L2R0W0-L2R0W0-L2R0W0-L2R0W0-L1R0W0-L1R0W0,,,split,optimized,5,3,5,1.388407,1.3878492,1.3863619999999999,1.388453,0.0008153741227191692,0.4562176,0.019094,0.9125376,,,custom:libsad_search_7ec063ebc99501.so,/home/rzzhang/sad_merged/sad/build/libsad_search_7ec063ebc99501.so
2026-08-20T19:19:09.655767+00:00,20260820T190931,joint:rzz-hea:10:2ab1e201d01459a6,ok,,rzz-hea,10,8,float64,42,128,2,128,2,2,1.0,rotation,rotation,10,10,compact:L1R0W0-L1R0W0-L1R0W0-L1R0W0-L1R0W0-L1R0W0-L1R0W0-L1R0W0-L1R0W0-L1R0W0,compact:L1R0W0-L1R0W0-L1R0W0-L1R0W0-L1R0W0-L1R0W0-L1R0W0-L1R0W0-L1R0W0-L1R0W0,,,split,optimized,10,3,10,0.9982700000000001,0.9963159000000001,0.9911499999999999,0.999361,0.003186822914753869,0.3749912,0.0191663,0.6021584,,,custom:libsad_search_d02bea87aa5c56.so,/home/rzzhang/sad_merged/sad/build/libsad_search_d02bea87aa5c56.so
2026-08-20T19:19:09.672669+00:00,20260820T190931,joint:rzz-hea:22:df2d24253bb64649,ok,,rzz-hea,22,8,float64,42,32,2,128,2,1,0.0,rotation,rotation,4,3,compact:L5R1W0-L5R1W0-L5R0W0-L5R0W0,compact:L5R2W1-L5R2W0-L5R2W0,,,merged,optimized,3,3,3,32.204978000000004,32.20607866666667,32.096724,32.316534000000004,0.08974043171032631,6.606850333333333,0.3977396666666666,25.201488666666663,,,custom:libsad_search_2a8327787a9aac.so,/home/rzzhang/sad_merged/sad/build/libsad_search_2a8327787a9aac.so
2026-08-20T19:19:09.871931+00:00,20260820T190931,joint:rzz-hea:26:56137fe8c5d845b2,ok,,rzz-hea,26,8,float64,42,32,2,128,2,2,1.0,rotation,rotation,26,26,compact:L1R0W0-L1R0W0-L1R0W0-L1R0W0-L1R0W0-L1R0W0-L1R0W0-L1R0W0-L1R0W0-L1R0W0-L1R0W0-L1R0W0-L1R0W0-L1R0W0-L1R0W0-L1R0W0-L1R0W0-L1R0W0-L1R0W0-L1R0W0-L1R0W0-L1R0W0-L1R0W0-L1R0W0-L1R0W0-L1R0W0,compact:L1R0W0-L1R0W0-L1R0W0-L1R0W0-L1R0W0-L1R0W0-L1R0W0-L1R0W0-L1R0W0-L1R0W0-L1R0W0-L1R0W0-L1R0W0-L1R0W0-L1R0W0-L1R0W0-L1R0W0-L1R0W0-L1R0W0-L1R0W0-L1R0W0-L1R0W0-L1R0W0-L1R0W0-L1R0W0-L1R0W0,,,merged,optimized,2,3,2,1781.4882855,1781.4882855,1780.33511,1782.641461,1.1531754999999748,518.2980755,10.1792555,1253.0109545,,,custom:libsad_search_fce412939d20fb.so,/home/rzzhang/sad_merged/sad/build/libsad_search_fce412939d20fb.so
2026-08-20T19:19:18.786993+00:00,20260820T190931,joint:rzz-hea:24:5ae441ec22e189e4,ok,,rzz-hea,24,8,float64,42,32,2,128,2,2,0.25,rotation,rotation,9,8,compact:L3R0W0-L3R0W0-L3R0W0-L3R0W0-L3R0W0-L3R0W0-L2R0W0-L2R0W0-L2R0W0,compact:L3R0W0-L3R0W0-L3R0W0-L3R0W0-L3R0W0-L3R0W0-L3R0W0-L3R0W0,,,split,optimized,3,3,3,194.98411599999997,191.64735466666664,184.679605,195.278343,4.928407041149787,61.713083000000005,2.169134666666667,127.765137,,,custom:libsad_search_2a0e4369743c84.so,/home/rzzhang/sad_merged/sad/build/libsad_search_2a0e4369743c84.so
2026-08-20T19:19:19.921785+00:00,20260820T190931,joint:rzz-hea:26:a06c7e15d7b69445,ok,,rzz-hea,26,8,float64,42,128,2,128,2,1,0.5,rotation,rotation,14,14,compact:L2R0W0-L2R0W0-L2R0W0-L2R0W0-L2R0W0-L2R0W0-L2R0W0-L2R0W0-L2R0W0-L2R0W0-L2R0W0-L2R0W0-L1R0W0-L1R0W0,compact:L2R0W0-L2R0W0-L2R0W0-L2R0W0-L2R0W0-L2R0W0-L2R0W0-L2R0W0-L2R0W0-L2R0W0-L2R0W0-L2R0W0-L1R0W0-L1R0W0,,,split,optimized,2,3,2,1069.9520195,1069.9520195,1069.762567,1070.141472,0.1894525000000158,335.7158015,10.149055,724.087163,,,custom:libsad_search_9361435758c99d.so,/home/rzzhang/sad_merged/sad/build/libsad_search_9361435758c99d.so
2026-08-20T19:19:25.297342+00:00,20260820T190931,joint:rzz-hea:4:e8c3012a8682e84f,ok,,rzz-hea,4,8,float64,42,32,2,128,2,1,0.75,rotation,rotation,3,3,compact:L2R0W0-L1R0W0-L1R0W0,compact:L2R0W0-L1R0W0-L1R0W0,,,split,optimized,20,3,20,0.35844049999999994,0.35866335,0.356282,0.36190500000000003,0.001329550122221808,0.1176095,0.0191873,0.22186655,,,custom:libsad_search_0e4f539ceca897.so,/home/rzzhang/sad_merged/sad/build/libsad_search_0e4f539ceca897.so
2026-08-20T19:19:25.315194+00:00,20260820T190931,joint:rzz-hea:26:21d0eddbe7dbfc49,ok,,rzz-hea,26,8,float64,42,128,2,128,2,1,0.0,legacy,legacy,0,0,,,,,not_applicable,legacy-generic,2,3,2,651.0269579999999,651.0269579999999,650.6079169999999,651.445999,0.41904100000004973,183.187484,10.229109,457.61036499999994,,,custom:libsad_search_78e231cd0d5107.so,/home/rzzhang/sad_merged/sad/build/libsad_search_78e231cd0d5107.so
2026-08-20T19:19:28.593630+00:00,20260820T190931,joint:rzz-hea:10:dceaef4378d9e308,ok,,rzz-hea,10,8,float64,42,128,2,32,2,1,0.0,legacy,legacy,0,0,,,,,not_applicable,legacy-generic,10,3,10,0.5119585,0.5118584,0.510608,0.513027,0.0008590674245948422,0.1922712,0.0190584,0.3005288,,,custom:libsad_search_eaf59e83158800.so,/home/rzzhang/sad_merged/sad/build/libsad_search_eaf59e83158800.so
2026-08-20T19:19:28.610218+00:00,20260820T190931,joint:rzz-hea:16:58d7e88ad7adc9a7,ok,,rzz-hea,16,8,float64,42,64,2,64,2,2,0.5,rotation,rotation,9,9,compact:L2R0W0-L2R0W0-L2R0W0-L2R0W0-L2R0W0-L2R0W0-L2R0W0-L1R0W0-L1R0W0,compact:L2R0W0-L2R0W0-L2R0W0-L2R0W0-L2R0W0-L2R0W0-L2R0W0-L1R0W0-L1R0W0,,,merged,optimized,5,3,5,1.5482609999999999,1.5482386,1.547108,1.549354,0.000986780542977991,0.46480560000000004,0.019050799999999996,1.0643822,,,custom:libsad_search_97eec9f2a848ec.so,/home/rzzhang/sad_merged/sad/build/libsad_search_97eec9f2a848ec.so
2026-08-20T19:19:28.636899+00:00,20260820T190931,joint:rzz-hea:14:51fe37a04f81a77a,ok,,rzz-hea,14,8,float64,42,64,2,64,2,2,0.5,rotation,rotation,8,8,compact:L2R0W0-L2R0W0-L2R0W0-L2R0W0-L2R0W0-L2R0W0-L1R0W0-L1R0W0,compact:L2R0W0-L2R0W0-L2R0W0-L2R0W0-L2R0W0-L2R0W0-L1R0W0-L1R0W0,,,split,optimized,10,3,10,0.955292,0.9554411,0.9543079999999999,0.957202,0.000903051432643802,0.352323,0.0190268,0.5840913,,,custom:libsad_search_20c37ff249ec0a.so,/home/rzzhang/sad_merged/sad/build/libsad_search_20c37ff249ec0a.so
2026-08-20T19:19:28.658781+00:00,20260820T190931,joint:rzz-hea:22:3280f18ddff08801,ok,,rzz-hea,22,8,float64,42,64,2,64,2,1,0.25,rotation,rotation,8,8,compact:L3R0W0-L3R0W0-L3R0W0-L3R0W0-L3R0W0-L3R0W0-L2R0W0-L2R0W0,compact:L3R0W0-L3R0W0-L3R0W0-L3R0W0-L3R0W0-L3R0W0-L2R0W0-L2R0W0,,,merged,optimized,3,3,3,37.569617,37.577919666666666,37.452068,37.712074,0.10630923670855655,7.424915666666667,0.4231156666666667,29.72988833333333,,,custom:libsad_search_7e5293342e215a.so,/home/rzzhang/sad_merged/sad/build/libsad_search_7e5293342e215a.so
2026-08-20T19:19:28.891934+00:00,20260820T190931,joint:rzz-hea:24:fc4a1c128beb61ec,ok,,rzz-hea,24,8,float64,42,32,2,128,2,1,0.0,legacy,legacy,0,0,,,,,not_applicable,legacy-generic,3,3,3,153.503906,153.7198086666667,152.683344,154.97217600000002,0.9468010886352534,42.69508,1.8757963333333332,109.14893233333333,,,custom:libsad_search_ada51c8f4b2976.so,/home/rzzhang/sad_merged/sad/build/libsad_search_ada51c8f4b2976.so
2026-08-20T19:19:29.826120+00:00,20260820T190931,joint:rzz-hea:16:684f3ab20a64396c,ok,,rzz-hea,16,8,float64,42,128,2,128,2,2,0.0,rotation,rotation,2,2,compact:L5R2W1-L5R2W1,compact:L5R2W1-L5R2W1,,,split,optimized,5,3,5,0.955254,0.9524741999999999,0.948114,0.9554699999999999,0.0035120433026943052,0.2345246,0.019062199999999998,0.6988873999999999,,,custom:libsad_search_d02bea87aa5c56.so,/home/rzzhang/sad_merged/sad/build/libsad_search_d02bea87aa5c56.so
2026-08-20T19:19:29.843794+00:00,20260820T190931,joint:rzz-hea:28:339c133960f8ca5d,ok,,rzz-hea,28,8,float64,42,64,2,64,2,1,1.0,rotation,rotation,28,28,compact:L1R0W0-L1R0W0-L1R0W0-L1R0W0-L1R0W0-L1R0W0-L1R0W0-L1R0W0-L1R0W0-L1R0W0-L1R0W0-L1R0W0-L1R0W0-L1R0W0-L1R0W0-L1R0W0-L1R0W0-L1R0W0-L1R0W0-L1R0W0-L1R0W0-L1R0W0-L1R0W0-L1R0W0-L1R0W0-L1R0W0-L1R0W0-L1R0W0,compact:L1R0W0-L1R0W0-L1R0W0-L1R0W0-L1R0W0-L1R0W0-L1R0W0-L1R0W0-L1R0W0-L1R0W0-L1R0W0-L1R0W0-L1R0W0-L1R0W0-L1R0W0-L1R0W0-L1R0W0-L1R0W0-L1R0W0-L1R0W0-L1R0W0-L1R0W0-L1R0W0-L1R0W0-L1R0W0-L1R0W0-L1R0W0-L1R0W0,,,split,optimized,2,3,2,7726.464926500001,7726.464926500001,7722.731216,7730.198637000001,3.7337105000005977,2385.4913035000004,85.51365750000001,5255.4599655,,,custom:libsad_search_7ec063ebc99501.so,/home/rzzhang/sad_merged/sad/build/libsad_search_7ec063ebc99501.so
2026-08-20T19:20:08.488828+00:00,20260820T190931,joint:rzz-hea:28:aea8858d781bf9ff,ok,,rzz-hea,28,8,float64,42,32,2,32,2,1,1.0,rotation,rotation,28,28,compact:L1R0W0-L1R0W0-L1R0W0-L1R0W0-L1R0W0-L1R0W0-L1R0W0-L1R0W0-L1R0W0-L1R0W0-L1R0W0-L1R0W0-L1R0W0-L1R0W0-L1R0W0-L1R0W0-L1R0W0-L1R0W0-L1R0W0-L1R0W0-L1R0W0-L1R0W0-L1R0W0-L1R0W0-L1R0W0-L1R0W0-L1R0W0-L1R0W0,compact:L1R0W0-L1R0W0-L1R0W0-L1R0W0-L1R0W0-L1R0W0-L1R0W0-L1R0W0-L1R0W0-L1R0W0-L1R0W0-L1R0W0-L1R0W0-L1R0W0-L1R0W0-L1R0W0-L1R0W0-L1R0W0-L1R0W0-L1R0W0-L1R0W0-L1R0W0-L1R0W0-L1R0W0-L1R0W0-L1R0W0-L1R0W0-L1R0W0,,,split,optimized,2,3,2,7719.3140795,7719.3140795,7712.954500999999,7725.673658,6.359578500000225,2390.117227,86.16749,5243.0293624999995,,,custom:libsad_search_3cb67c7e18cc99.so,/home/rzzhang/sad_merged/sad/build/libsad_search_3cb67c7e18cc99.so
2026-08-20T19:20:47.183994+00:00,20260820T190931,joint:rzz-hea:12:903185aefd167fd1,ok,,rzz-hea,12,8,float64,42,128,2,128,2,1,0.0,legacy,legacy,0,0,,,,,not_applicable,legacy-generic,10,3,10,0.64402,0.6441196,0.643074,0.645869,0.000767801302421388,0.20275110000000002,0.0191381,0.42223039999999995,,,custom:libsad_search_78e231cd0d5107.so,/home/rzzhang/sad_merged/sad/build/libsad_search_78e231cd0d5107.so
2026-08-20T19:20:47.202991+00:00,20260820T190931,joint:rzz-hea:6:f7ea336cb27d09e5,ok,,rzz-hea,6,8,float64,42,128,2,128,2,2,0.75,rotation,rotation,5,5,compact:L2R0W0-L1R0W0-L1R0W0-L1R0W0-L1R0W0,compact:L2R0W0-L1R0W0-L1R0W0-L1R0W0-L1R0W0,,,split,optimized,20,3,20,0.475687,0.4756474,0.471968,0.477863,0.0012947739339359637,0.16563535,0.0187711,0.29124095,,,custom:libsad_search_d02bea87aa5c56.so,/home/rzzhang/sad_merged/sad/build/libsad_search_d02bea87aa5c56.so
2026-08-20T19:20:47.223772+00:00,20260820T190931,joint:rzz-hea:10:bf1e37d7775b70a7,ok,,rzz-hea,10,8,float64,42,32,2,128,2,2,0.25,rotation,rotation,4,4,compact:L3R0W0-L3R0W0-L2R0W0-L2R0W0,compact:L3R0W0-L3R0W0-L2R0W0-L2R0W0,,,merged,optimized,10,3,10,0.5702369999999999,0.5695327,0.566226,0.572197,0.0016971862036912707,0.1779838,0.0188305,0.3727184,,,custom:libsad_search_fce412939d20fb.so,/home/rzzhang/sad_merged/sad/build/libsad_search_fce412939d20fb.so
2026-08-20T19:20:47.241685+00:00,20260820T190931,joint:rzz-hea:12:a92f70e3da39010d,ok,,rzz-hea,12,8,float64,42,128,2,128,2,2,1.0,rotation,rotation,12,12,compact:L1R0W0-L1R0W0-L1R0W0-L1R0W0-L1R0W0-L1R0W0-L1R0W0-L1R0W0-L1R0W0-L1R0W0-L1R0W0-L1R0W0,compact:L1R0W0-L1R0W0-L1R0W0-L1R0W0-L1R0W0-L1R0W0-L1R0W0-L1R0W0-L1R0W0-L1R0W0-L1R0W0-L1R0W0,,,split,optimized,10,3,10,1.2543570000000002,1.2546717,1.253321,1.2574980000000002,0.0010440772049997765,0.47902609999999995,0.0190482,0.7565974,,,custom:libsad_search_d02bea87aa5c56.so,/home/rzzhang/sad_merged/sad/build/libsad_search_d02bea87aa5c56.so
2026-08-20T19:20:47.267005+00:00,20260820T190931,joint:rzz-hea:22:141c954dd4368007,ok,,rzz-hea,22,8,float64,42,128,2,128,2,2,0.75,rotation,rotation,17,17,compact:L2R0W0-L2R0W0-L2R0W0-L2R0W0-L2R0W0-L1R0W0-L1R0W0-L1R0W0-L1R0W0-L1R0W0-L1R0W0-L1R0W0-L1R0W0-L1R0W0-L1R0W0-L1R0W0-L1R0W0,compact:L2R0W0-L2R0W0-L2R0W0-L2R0W0-L2R0W0-L1R0W0-L1R0W0-L1R0W0-L1R0W0-L1R0W0-L1R0W0-L1R0W0-L1R0W0-L1R0W0-L1R0W0-L1R0W0-L1R0W0,,,merged,optimized,3,3,3,65.431207,65.84933733333334,65.206316,66.910489,0.7559436201297601,9.688800333333333,0.40748933333333337,55.75304766666667,,,custom:libsad_search_b969ada61d8a74.so,/home/rzzhang/sad_merged/sad/build/libsad_search_b969ada61d8a74.so
2026-08-20T19:20:47.684416+00:00,20260820T190931,joint:rzz-hea:6:af613d32066bb7d1,ok,,rzz-hea,6,8,float64,42,32,2,128,2,2,0.25,rotation,rotation,2,2,compact:L3R0W0-L3R0W0,compact:L3R0W0-L3R0W0,,,split,optimized,20,3,20,0.3654775,0.36496439999999997,0.35931199999999996,0.367497,0.0018706514212968788,0.10383065000000001,0.0188485,0.24228524999999998,,,custom:libsad_search_2a0e4369743c84.so,/home/rzzhang/sad_merged/sad/build/libsad_search_2a0e4369743c84.so
2026-08-20T19:20:47.697187+00:00,20260820T190931,joint:rzz-hea:26:c08c017c019b6abe,ok,,rzz-hea,26,8,float64,42,32,2,128,2,2,0.25,rotation,rotation,10,9,compact:L3R0W0-L3R0W0-L3R0W0-L3R0W0-L3R0W0-L3R0W0-L2R0W0-L2R0W0-L2R0W0-L2R0W0,compact:L3R0W0-L3R0W0-L3R0W0-L3R0W0-L3R0W0-L3R0W0-L3R0W0-L3R0W0-L2R0W0,,,split,optimized,2,3,2,805.530371,805.530371,803.651497,807.4092449999999,1.8788739999999962,261.0597735,10.1965775,534.2740200000001,,,custom:libsad_search_2a0e4369743c84.so,/home/rzzhang/sad_merged/sad/build/libsad_search_2a0e4369743c84.so
2026-08-20T19:20:51.737984+00:00,20260820T190931,joint:rzz-hea:18:5080b9caaa1dbfcf,ok,,rzz-hea,18,8,float64,42,128,2,32,2,2,0.25,rotation,rotation,6,7,compact:L3R0W0-L3R0W0-L3R0W0-L3R0W0-L3R0W0-L3R0W0,compact:L3R0W0-L3R0W0-L3R0W0-L3R0W0-L2R0W0-L2R0W0-L2R0W0,,,split,optimized,5,3,5,2.89799,2.7940768,2.624615,2.905007,0.13149427071686434,0.858895,0.03747060000000001,1.8977112,,,custom:libsad_search_3b115211f38255.so,/home/rzzhang/sad_merged/sad/build/libsad_search_3b115211f38255.so
2026-08-20T19:20:51.778984+00:00,20260820T190931,joint:rzz-hea:22:9966141075979a3c,ok,,rzz-hea,22,8,float64,42,32,2,32,2,1,0.0,rotation,rotation,4,4,compact:L5R1W0-L5R1W0-L5R0W0-L5R0W0,compact:L5R1W0-L5R1W0-L5R0W0-L5R0W0,,,merged,optimized,3,3,3,32.186472,32.206388000000004,32.185577,32.247115,0.02880065569855372,6.749416666666667,0.40462833333333337,25.052343,,,custom:libsad_search_f9cdaf042a7bd6.so,/home/rzzhang/sad_merged/sad/build/libsad_search_f9cdaf042a7bd6.so
2026-08-20T19:20:51.986551+00:00,20260820T190931,joint:rzz-hea:16:c48f2bcdda702fb5,ok,,rzz-hea,16,8,float64,42,128,2,32,2,1,0.5,rotation,rotation,9,10,compact:L2R0W0-L2R0W0-L2R0W0-L2R0W0-L2R0W0-L2R0W0-L2R0W0-L1R0W0-L1R0W0,compact:L2R0W0-L2R0W0-L2R0W0-L2R0W0-L2R0W0-L2R0W0-L1R0W0-L1R0W0-L1R0W0-L1R0W0,,,split,optimized,5,3,5,1.5248260000000002,1.5240862,1.5193780000000001,1.525801,0.002393876721972065,0.518335,0.019111,0.9866402000000001,,,custom:libsad_search_7259903b8346c4.so,/home/rzzhang/sad_merged/sad/build/libsad_search_7259903b8346c4.so
2026-08-20T19:20:52.003315+00:00,20260820T190931,joint:rzz-hea:6:a163a1d559bbc91d,ok,,rzz-hea,6,8,float64,42,32,2,128,2,1,0.75,rotation,rotation,5,5,compact:L2R0W0-L1R0W0-L1R0W0-L1R0W0-L1R0W0,compact:L2R0W0-L1R0W0-L1R0W0-L1R0W0-L1R0W0,,,merged,optimized,20,3,20,0.426941,0.42611955,0.42076800000000003,0.428083,0.0020631176766001424,0.1384911,0.01882785,0.26880059999999995,,,custom:libsad_search_2a8327787a9aac.so,/home/rzzhang/sad_merged/sad/build/libsad_search_2a8327787a9aac.so
2026-08-20T19:20:52.016979+00:00,20260820T190931,joint:rzz-hea:14:f6b76520bddaf290,ok,,rzz-hea,14,8,float64,42,128,2,32,2,2,0.5,rotation,rotation,8,8,compact:L2R0W0-L2R0W0-L2R0W0-L2R0W0-L2R0W0-L2R0W0-L1R0W0-L1R0W0,compact:L2R0W0-L2R0W0-L2R0W0-L2R0W0-L2R0W0-L2R0W0-L1R0W0-L1R0W0,,,split,optimized,10,3,10,0.9625245,0.9646785,0.9572769999999999,0.973687,0.0059464180352545104,0.39271749999999994,0.018896700000000002,0.5530643000000001,,,custom:libsad_search_3b115211f38255.so,/home/rzzhang/sad_merged/sad/build/libsad_search_3b115211f38255.so
2026-08-20T19:20:52.034011+00:00,20260820T190931,joint:rzz-hea:22:1d432545dea34050,ok,,rzz-hea,22,8,float64,42,32,2,32,2,2,1.0,rotation,rotation,22,22,compact:L1R0W0-L1R0W0-L1R0W0-L1R0W0-L1R0W0-L1R0W0-L1R0W0-L1R0W0-L1R0W0-L1R0W0-L1R0W0-L1R0W0-L1R0W0-L1R0W0-L1R0W0-L1R0W0-L1R0W0-L1R0W0-L1R0W0-L1R0W0-L1R0W0-L1R0W0,compact:L1R0W0-L1R0W0-L1R0W0-L1R0W0-L1R0W0-L1R0W0-L1R0W0-L1R0W0-L1R0W0-L1R0W0-L1R0W0-L1R0W0-L1R0W0-L1R0W0-L1R0W0-L1R0W0-L1R0W0-L1R0W0-L1R0W0-L1R0W0-L1R0W0-L1R0W0,,,merged,optimized,3,3,3,82.297532,82.48778366666666,82.264075,82.901744,0.29303266131079286,12.714798666666665,0.42006066666666664,69.35292433333335,,,custom:libsad_search_dcff342f285260.so,/home/rzzhang/sad_merged/sad/build/libsad_search_dcff342f285260.so
2026-08-20T19:20:52.536021+00:00,20260820T190931,joint:rzz-hea:12:2b17677b634c3015,ok,,rzz-hea,12,8,float64,42,128,2,128,2,1,0.75,rotation,rotation,10,10,compact:L2R0W0-L2R0W0-L1R0W0-L1R0W0-L1R0W0-L1R0W0-L1R0W0-L1R0W0-L1R0W0-L1R0W0,compact:L2R0W0-L2R0W0-L1R0W0-L1R0W0-L1R0W0-L1R0W0-L1R0W0-L1R0W0-L1R0W0-L1R0W0,,,split,optimized,10,3,10,1.180114,1.1988408,1.1727210000000001,1.256361,0.0313543265524871,0.44487889999999997,0.0182914,0.7356705,,,custom:libsad_search_9361435758c99d.so,/home/rzzhang/sad_merged/sad/build/libsad_search_9361435758c99d.so
2026-08-20T19:20:52.556012+00:00,20260820T190931,joint:rzz-hea:24:9ae3d2cf3ac5c68a,ok,,rzz-hea,24,8,float64,42,32,2,128,2,2,0.5,rotation,rotation,14,14,compact:L2R0W0-L2R0W0-L2R0W0-L2R0W0-L2R0W0-L2R0W0-L2R0W0-L2R0W0-L2R0W0-L2R0W0-L1R0W0-L1R0W0-L1R0W0-L1R0W0,compact:L2R0W0-L2R0W0-L2R0W0-L2R0W0-L2R0W0-L2R0W0-L2R0W0-L2R0W0-L2R0W0-L2R0W0-L1R0W0-L1R0W0-L1R0W0-L1R0W0,,,split,optimized,3,3,3,264.872806,265.04507266666667,264.070471,266.191941,0.874610615667839,82.843328,1.8064516666666668,180.395293,,,custom:libsad_search_2a0e4369743c84.so,/home/rzzhang/sad_merged/sad/build/libsad_search_2a0e4369743c84.so
2026-08-20T19:20:54.154272+00:00,20260820T190931,joint:rzz-hea:24:41139fdd409e47df,ok,,rzz-hea,24,8,float64,42,128,2,128,2,2,1.0,rotation,rotation,24,24,compact:L1R0W0-L1R0W0-L1R0W0-L1R0W0-L1R0W0-L1R0W0-L1R0W0-L1R0W0-L1R0W0-L1R0W0-L1R0W0-L1R0W0-L1R0W0-L1R0W0-L1R0W0-L1R0W0-L1R0W0-L1R0W0-L1R0W0-L1R0W0-L1R0W0-L1R0W0-L1R0W0-L1R0W0,compact:L1R0W0-L1R0W0-L1R0W0-L1R0W0-L1R0W0-L1R0W0-L1R0W0-L1R0W0-L1R0W0-L1R0W0-L1R0W0-L1R0W0-L1R0W0-L1R0W0-L1R0W0-L1R0W0-L1R0W0-L1R0W0-L1R0W0-L1R0W0-L1R0W0-L1R0W0-L1R0W0-L1R0W0,,,split,optimized,3,3,3,420.82835800000004,420.81160933333337,420.749051,420.85741900000005,0.045798793523670486,131.034349,1.7750099999999998,288.00225033333334,,,custom:libsad_search_d02bea87aa5c56.so,/home/rzzhang/sad_merged/sad/build/libsad_search_d02bea87aa5c56.so
2026-08-20T19:20:56.700257+00:00,20260820T190931,joint:rzz-hea:20:184e6db001f0ef4c,ok,,rzz-hea,20,8,float64,42,32,2,128,2,1,0.75,rotation,rotation,16,16,compact:L2R0W0-L2R0W0-L2R0W0-L2R0W0-L1R0W0-L1R0W0-L1R0W0-L1R0W0-L1R0W0-L1R0W0-L1R0W0-L1R0W0-L1R0W0-L1R0W0-L1R0W0-L1R0W0,compact:L2R0W0-L2R0W0-L2R0W0-L2R0W0-L1R0W0-L1R0W0-L1R0W0-L1R0W0-L1R0W0-L1R0W0-L1R0W0-L1R0W0-L1R0W0-L1R0W0-L1R0W0-L1R0W0,,,split,optimized,5,3,5,9.473996,9.445579,9.335920000000002,9.476023,0.05492908891652868,2.971187,0.10081439999999998,6.373577599999999,,,custom:libsad_search_0e4f539ceca897.so,/home/rzzhang/sad_merged/sad/build/libsad_search_0e4f539ceca897.so
2026-08-20T19:20:56.789270+00:00,20260820T190931,joint:rzz-hea:20:c2f31fb418c2b510,ok,,rzz-hea,20,8,float64,42,128,2,128,2,2,1.0,rotation,rotation,20,20,compact:L1R0W0-L1R0W0-L1R0W0-L1R0W0-L1R0W0-L1R0W0-L1R0W0-L1R0W0-L1R0W0-L1R0W0-L1R0W0-L1R0W0-L1R0W0-L1R0W0-L1R0W0-L1R0W0-L1R0W0-L1R0W0-L1R0W0-L1R0W0,compact:L1R0W0-L1R0W0-L1R0W0-L1R0W0-L1R0W0-L1R0W0-L1R0W0-L1R0W0-L1R0W0-L1R0W0-L1R0W0-L1R0W0-L1R0W0-L1R0W0-L1R0W0-L1R0W0-L1R0W0-L1R0W0-L1R0W0-L1R0W0,,,split,optimized,5,3,5,10.135693000000002,10.1148848,10.019744000000001,10.155992,0.048769462467408424,3.2479742,0.1011908,6.7657198,,,custom:libsad_search_d02bea87aa5c56.so,/home/rzzhang/sad_merged/sad/build/libsad_search_d02bea87aa5c56.so
2026-08-20T19:20:56.874674+00:00,20260820T190931,joint:rzz-hea:20:65f07a38432b1b20,ok,,rzz-hea,20,8,float64,42,32,2,32,2,2,0.0,rotation,rotation,3,3,compact:L5R2W0-L5R2W0-L5R1W0,compact:L5R2W0-L5R2W0-L5R1W0,,,merged,optimized,5,3,5,7.342004,7.352698800000001,7.332929,7.403456000000001,0.025644278733472418,1.6063818,0.0991334,5.647183599999999,,,custom:libsad_search_dcff342f285260.so,/home/rzzhang/sad_merged/sad/build/libsad_search_dcff342f285260.so
2026-08-20T19:20:56.939384+00:00,20260820T190931,joint:rzz-hea:10:f9d92508bd2a3007,ok,,rzz-hea,10,8,float64,42,128,2,32,2,2,0.25,rotation,rotation,4,4,compact:L3R0W0-L3R0W0-L2R0W0-L2R0W0,compact:L3R0W0-L3R0W0-L2R0W0-L2R0W0,,,merged,optimized,10,3,10,0.5110064999999999,0.512264,0.508884,0.518405,0.003159599531586258,0.2078904,0.0186524,0.2857212,,,custom:libsad_search_d014591f51543a.so,/home/rzzhang/sad_merged/sad/build/libsad_search_d014591f51543a.so
2026-08-20T19:20:56.950150+00:00,20260820T190931,joint:rzz-hea:18:5da4e8f9d5ee6869,ok,,rzz-hea,18,8,float64,42,32,2,128,2,1,0.0,rotation,rotation,3,2,compact:L5R1W0-L5R1W0-L5R1W0,compact:L5R2W2-L5R2W2,,,split,optimized,5,3,5,2.218788,2.2185332,2.217858,2.21902,0.000498429292879118,0.5977644000000001,0.035345999999999995,1.5854228000000001,,,custom:libsad_search_0e4f539ceca897.so,/home/rzzhang/sad_merged/sad/build/libsad_search_0e4f539ceca897.so
2026-08-20T19:20:56.972561+00:00,20260820T190931,joint:rzz-hea:20:c89994343a3a44b1,ok,,rzz-hea,20,8,float64,42,128,2,32,2,1,0.0,rotation,rotation,3,3,compact:L5R2W0-L5R2W0-L5R1W0,compact:L5R2W0-L5R2W0-L5R1W0,,,split,optimized,5,3,5,7.035947000000001,7.0371766,7.0348559999999996,7.043278999999999,0.003148418434706228,1.8570522,0.09588920000000001,5.0842352,,,custom:libsad_search_7259903b8346c4.so,/home/rzzhang/sad_merged/sad/build/libsad_search_7259903b8346c4.so
2026-08-20T19:20:57.034817+00:00,20260820T190931,joint:rzz-hea:6:87c7f857c0a2fc37,ok,,rzz-hea,6,8,float64,42,32,2,128,2,2,1.0,rotation,rotation,6,6,compact:L1R0W0-L1R0W0-L1R0W0-L1R0W0-L1R0W0-L1R0W0,compact:L1R0W0-L1R0W0-L1R0W0-L1R0W0-L1R0W0-L1R0W0,,,split,optimized,20,3,20,0.5016214999999999,0.5014018499999999,0.499647,0.503684,0.000845855973260247,0.17265275000000002,0.0189219,0.3098272,,,custom:libsad_search_2a0e4369743c84.so,/home/rzzhang/sad_merged/sad/build/libsad_search_2a0e4369743c84.so
2026-08-20T19:20:57.050137+00:00,20260820T190931,joint:rzz-hea:4:763e316f0852587b,ok,,rzz-hea,4,8,float64,42,32,2,32,2,2,0.0,rotation,rotation,1,1,compact:L4R0W0,compact:L4R0W0,,,split,optimized,20,3,20,0.22312800000000002,0.2220097,0.21656799999999998,0.224205,0.0025556719096942,0.0708033,0.0185003,0.1327061,,,custom:libsad_search_16d9d6cef53b3d.so,/home/rzzhang/sad_merged/sad/build/libsad_search_16d9d6cef53b3d.so
2026-08-20T19:20:57.059425+00:00,20260820T190931,joint:rzz-hea:26:1c15e97842a3ed9c,ok,,rzz-hea,26,8,float64,42,128,2,128,2,2,0.75,rotation,rotation,20,20,compact:L2R0W0-L2R0W0-L2R0W0-L2R0W0-L2R0W0-L2R0W0-L1R0W0-L1R0W0-L1R0W0-L1R0W0-L1R0W0-L1R0W0-L1R0W0-L1R0W0-L1R0W0-L1R0W0-L1R0W0-L1R0W0-L1R0W0-L1R0W0,compact:L2R0W0-L2R0W0-L2R0W0-L2R0W0-L2R0W0-L2R0W0-L1R0W0-L1R0W0-L1R0W0-L1R0W0-L1R0W0-L1R0W0-L1R0W0-L1R0W0-L1R0W0-L1R0W0-L1R0W0-L1R0W0-L1R0W0-L1R0W0,,,split,optimized,2,3,2,1429.6972325000002,1429.6972325000002,1429.1532,1430.241265,0.5440325000000712,448.7113405,10.143639499999999,970.8422525,,,custom:libsad_search_d02bea87aa5c56.so,/home/rzzhang/sad_merged/sad/build/libsad_search_d02bea87aa5c56.so
2026-08-20T19:21:04.214875+00:00,20260820T190931,joint:rzz-hea:16:14f21654366e2525,ok,,rzz-hea,16,8,float64,42,64,2,64,2,2,1.0,rotation,rotation,16,16,compact:L1R0W0-L1R0W0-L1R0W0-L1R0W0-L1R0W0-L1R0W0-L1R0W0-L1R0W0-L1R0W0-L1R0W0-L1R0W0-L1R0W0-L1R0W0-L1R0W0-L1R0W0-L1R0W0,compact:L1R0W0-L1R0W0-L1R0W0-L1R0W0-L1R0W0-L1R0W0-L1R0W0-L1R0W0-L1R0W0-L1R0W0-L1R0W0-L1R0W0-L1R0W0-L1R0W0-L1R0W0-L1R0W0,,,split,optimized,5,3,5,1.9947979999999998,1.9938312,1.9880789999999997,1.995846,0.0029116840075805897,0.7297694,0.0190208,1.245041,,,custom:libsad_search_20c37ff249ec0a.so,/home/rzzhang/sad_merged/sad/build/libsad_search_20c37ff249ec0a.so
2026-08-20T19:21:04.245104+00:00,20260820T190931,joint:rzz-hea:6:9c8f8f6747f26165,ok,,rzz-hea,6,8,float64,42,64,2,64,2,1,0.5,rotation,rotation,4,4,compact:L2R0W0-L2R0W0-L1R0W0-L1R0W0,compact:L2R0W0-L2R0W0-L1R0W0-L1R0W0,,,split,optimized,20,3,20,0.38586049999999994,0.38581889999999996,0.38391999999999993,0.38729499999999994,0.000998083708914239,0.1361554,0.0188691,0.2307944,,,custom:libsad_search_7ec063ebc99501.so,/home/rzzhang/sad_merged/sad/build/libsad_search_7ec063ebc99501.so
2026-08-20T19:21:04.263475+00:00,20260820T190931,joint:rzz-hea:10:d2bea2a9dd91d8e4,ok,,rzz-hea,10,8,float64,42,128,2,128,2,1,0.0,rotation,rotation,2,2,compact:L5R0W0-L5R0W0,compact:L5R0W0-L5R0W0,,,split,optimized,10,3,10,0.5345085,0.5346934,0.533159,0.5366000000000001,0.0009583172960977036,0.1581547,0.0187509,0.3577878,,,custom:libsad_search_9361435758c99d.so,/home/rzzhang/sad_merged/sad/build/libsad_search_9361435758c99d.so
2026-08-20T19:21:04.280030+00:00,20260820T190931,joint:rzz-hea:6:dd3de8f79f3cca9d,ok,,rzz-hea,6,8,float64,42,32,2,32,2,2,0.25,rotation,rotation,2,2,compact:L3R0W0-L3R0W0,compact:L3R0W0-L3R0W0,,,split,optimized,20,3,20,0.3010485,0.3011366,0.296937,0.303439,0.0014145356269815185,0.09708534999999999,0.01870625,0.185345,,,custom:libsad_search_16d9d6cef53b3d.so,/home/rzzhang/sad_merged/sad/build/libsad_search_16d9d6cef53b3d.so
2026-08-20T19:21:04.291688+00:00,20260820T190931,joint:rzz-hea:16:168839ecde0620f5,ok,,rzz-hea,16,8,float64,42,64,2,64,2,1,1.0,rotation,rotation,16,16,compact:L1R0W0-L1R0W0-L1R0W0-L1R0W0-L1R0W0-L1R0W0-L1R0W0-L1R0W0-L1R0W0-L1R0W0-L1R0W0-L1R0W0-L1R0W0-L1R0W0-L1R0W0-L1R0W0,compact:L1R0W0-L1R0W0-L1R0W0-L1R0W0-L1R0W0-L1R0W0-L1R0W0-L1R0W0-L1R0W0-L1R0W0-L1R0W0-L1R0W0-L1R0W0-L1R0W0-L1R0W0-L1R0W0,,,merged,optimized,5,3,5,2.067225,2.0680474,2.06639,2.070611,0.0016887364033501603,0.7100696,0.019143999999999998,1.3388338,,,custom:libsad_search_7e5293342e215a.so,/home/rzzhang/sad_merged/sad/build/libsad_search_7e5293342e215a.so
2026-08-20T19:21:04.313156+00:00,20260820T190931,joint:rzz-hea:14:d254de0f692de332,ok,,rzz-hea,14,8,float64,42,64,2,64,2,2,0.0,rotation,rotation,2,2,compact:L5R2W0-L5R2W0,compact:L5R2W0-L5R2W0,,,merged,optimized,10,3,10,0.5139640000000001,0.5136982999999999,0.508879,0.5157379999999999,0.0017939782635249513,0.15850009999999998,0.0189324,0.33626580000000006,,,custom:libsad_search_97eec9f2a848ec.so,/home/rzzhang/sad_merged/sad/build/libsad_search_97eec9f2a848ec.so
2026-08-20T19:21:04.324272+00:00,20260820T190931,joint:rzz-hea:18:b00d0f91d6eeda7a,ok,,rzz-hea,18,8,float64,42,32,2,128,2,1,0.25,rotation,rotation,7,6,compact:L3R0W0-L3R0W0-L3R0W0-L3R0W0-L2R0W0-L2R0W0-L2R0W0,compact:L3R0W0-L3R0W0-L3R0W0-L3R0W0-L3R0W0-L3R0W0,,,split,optimized,5,3,5,2.557864,2.557511,2.55592,2.558852,0.000995039295706386,0.7405588,0.0353346,1.7816176,,,custom:libsad_search_0e4f539ceca897.so,/home/rzzhang/sad_merged/sad/build/libsad_search_0e4f539ceca897.so
2026-08-20T19:21:04.349687+00:00,20260820T190931,joint:rzz-hea:8:02cda172c449ec5f,ok,,rzz-hea,8,8,float64,42,32,2,32,2,1,0.75,rotation,rotation,6,6,compact:L2R0W0-L2R0W0-L1R0W0-L1R0W0-L1R0W0-L1R0W0,compact:L2R0W0-L2R0W0-L1R0W0-L1R0W0-L1R0W0-L1R0W0,,,merged,optimized,20,3,20,0.5200845000000001,0.5200455500000001,0.5190060000000001,0.5222239999999999,0.0008962975217526814,0.20483990000000002,0.0186386,0.29656705,,,custom:libsad_search_f9cdaf042a7bd6.so,/home/rzzhang/sad_merged/sad/build/libsad_search_f9cdaf042a7bd6.so
2026-08-20T19:21:04.365679+00:00,20260820T190931,joint:rzz-hea:14:3714921d7bb33d44,ok,,rzz-hea,14,8,float64,42,128,2,32,2,1,1.0,rotation,rotation,14,14,compact:L1R0W0-L1R0W0-L1R0W0-L1R0W0-L1R0W0-L1R0W0-L1R0W0-L1R0W0-L1R0W0-L1R0W0-L1R0W0-L1R0W0-L1R0W0-L1R0W0,compact:L1R0W0-L1R0W0-L1R0W0-L1R0W0-L1R0W0-L1R0W0-L1R0W0-L1R0W0-L1R0W0-L1R0W0-L1R0W0-L1R0W0-L1R0W0-L1R0W0,,,split,optimized,10,3,10,1.360848,1.3606514,1.356777,1.361935,0.0014265611939205428,0.5925433,0.0186592,0.7494489,,,custom:libsad_search_7259903b8346c4.so,/home/rzzhang/sad_merged/sad/build/libsad_search_7259903b8346c4.so
2026-08-20T19:21:04.387641+00:00,20260820T190931,joint:rzz-hea:18:75468918f6c83638,ok,,rzz-hea,18,8,float64,42,128,2,128,2,2,0.25,rotation,rotation,6,6,compact:L3R0W0-L3R0W0-L3R0W0-L3R0W0-L3R0W0-L3R0W0,compact:L3R0W0-L3R0W0-L3R0W0-L3R0W0-L3R0W0-L3R0W0,,,split,optimized,5,3,5,2.564953,2.5626352,2.556109,2.5668519999999995,0.003971457233812133,0.7553752,0.0355262,1.7717338,,,custom:libsad_search_d02bea87aa5c56.so,/home/rzzhang/sad_merged/sad/build/libsad_search_d02bea87aa5c56.so
2026-08-20T19:21:04.412809+00:00,20260820T190931,joint:rzz-hea:28:8805be78edecf2dd,ok,,rzz-hea,28,8,float64,42,32,2,128,2,1,0.0,rotation,rotation,4,4,compact:L5R2W0-L5R2W0-L5R2W0-L5R2W0,compact:L5R2W0-L5R2W0-L5R2W0-L5R2W0,,,split,optimized,2,3,2,2823.3772240000003,2823.3772240000003,2818.488972,2828.2654760000005,4.888252000000193,792.8413720000001,85.586195,1944.949657,,,custom:libsad_search_0e4f539ceca897.so,/home/rzzhang/sad_merged/sad/build/libsad_search_0e4f539ceca897.so
2026-08-20T19:21:18.519404+00:00,20260820T190931,joint:rzz-hea:4:24887cac769ac8f5,ok,,rzz-hea,4,8,float64,42,64,2,64,2,1,0.75,rotation,rotation,3,3,compact:L2R0W0-L1R0W0-L1R0W0,compact:L2R0W0-L1R0W0-L1R0W0,,,merged,optimized,20,3,20,0.25796699999999995,0.25570895,0.250687,0.25988599999999995,0.0036092449830262144,0.08057415,0.018860099999999998,0.1562747,,,custom:libsad_search_7e5293342e215a.so,/home/rzzhang/sad_merged/sad/build/libsad_search_7e5293342e215a.so
2026-08-20T19:21:18.534954+00:00,20260820T190931,joint:rzz-hea:22:b907d8fd31392e42,ok,,rzz-hea,22,8,float64,42,32,2,128,2,1,0.25,rotation,rotation,8,8,compact:L3R0W0-L3R0W0-L3R0W0-L3R0W0-L3R0W0-L3R0W0-L2R0W0-L2R0W0,compact:L3R0W0-L3R0W0-L3R0W0-L3R0W0-L3R0W0-L3R0W0-L2R0W0-L2R0W0,,,merged,optimized,3,3,3,39.083222,39.064222666666666,38.983851,39.125595,0.05940578750892333,7.490731333333334,0.4145013333333333,31.158989999999996,,,custom:libsad_search_2a8327787a9aac.so,/home/rzzhang/sad_merged/sad/build/libsad_search_2a8327787a9aac.so
2026-08-20T19:21:18.789959+00:00,20260820T190931,joint:rzz-hea:14:406a9d3fe9d96d02,ok,,rzz-hea,14,8,float64,42,64,2,64,2,2,0.75,rotation,rotation,11,11,compact:L2R0W0-L2R0W0-L2R0W0-L1R0W0-L1R0W0-L1R0W0-L1R0W0-L1R0W0-L1R0W0-L1R0W0-L1R0W0,compact:L2R0W0-L2R0W0-L2R0W0-L1R0W0-L1R0W0-L1R0W0-L1R0W0-L1R0W0-L1R0W0-L1R0W0-L1R0W0,,,split,optimized,10,3,10,1.1964759999999999,1.1972282,1.195944,1.201318,0.0016121854607954297,0.4633864,0.01903,0.7148118,,,custom:libsad_search_20c37ff249ec0a.so,/home/rzzhang/sad_merged/sad/build/libsad_search_20c37ff249ec0a.so
2026-08-20T19:21:18.815430+00:00,20260820T190931,joint:rzz-hea:6:146efc504c045de5,ok,,rzz-hea,6,8,float64,42,64,2,64,2,1,0.0,rotation,rotation,1,1,compact:L5R1W0,compact:L5R1W0,,,split,optimized,20,3,20,0.2661325,0.26625855,0.265063,0.268399,0.0010242252425614194,0.08006390000000001,0.01881735,0.16737729999999998,,,custom:libsad_search_7ec063ebc99501.so,/home/rzzhang/sad_merged/sad/build/libsad_search_7ec063ebc99501.so
2026-08-20T19:21:18.831323+00:00,20260820T190931,joint:rzz-hea:28:2f125528df3090cb,ok,,rzz-hea,28,8,float64,42,128,2,128,2,1,0.75,rotation,rotation,22,22,compact:L2R0W0-L2R0W0-L2R0W0-L2R0W0-L2R0W0-L2R0W0-L1R0W0-L1R0W0-L1R0W0-L1R0W0-L1R0W0-L1R0W0-L1R0W0-L1R0W0-L1R0W0-L1R0W0-L1R0W0-L1R0W0-L1R0W0-L1R0W0-L1R0W0-L1R0W0,compact:L2R0W0-L2R0W0-L2R0W0-L2R0W0-L2R0W0-L2R0W0-L1R0W0-L1R0W0-L1R0W0-L1R0W0-L1R0W0-L1R0W0-L1R0W0-L1R0W0-L1R0W0-L1R0W0-L1R0W0-L1R0W0-L1R0W0-L1R0W0-L1R0W0-L1R0W0,,,merged,optimized,2,3,2,6169.091679499999,6169.091679499999,6168.44298,6169.740378999999,0.6486994999995659,1744.701482,83.61114950000001,4340.779048,,,custom:libsad_search_8fbfac92ec4bef.so,/home/rzzhang/sad_merged/sad/build/libsad_search_8fbfac92ec4bef.so
2026-08-20T19:21:49.687174+00:00,20260820T190931,joint:rzz-hea:22:2701983806cbc9c4,ok,,rzz-hea,22,8,float64,42,32,2,32,2,2,1.0,rotation,rotation,22,22,compact:L1R0W0-L1R0W0-L1R0W0-L1R0W0-L1R0W0-L1R0W0-L1R0W0-L1R0W0-L1R0W0-L1R0W0-L1R0W0-L1R0W0-L1R0W0-L1R0W0-L1R0W0-L1R0W0-L1R0W0-L1R0W0-L1R0W0-L1R0W0-L1R0W0-L1R0W0,compact:L1R0W0-L1R0W0-L1R0W0-L1R0W0-L1R0W0-L1R0W0-L1R0W0-L1R0W0-L1R0W0-L1R0W0-L1R0W0-L1R0W0-L1R0W0-L1R0W0-L1R0W0-L1R0W0-L1R0W0-L1R0W0-L1R0W0-L1R0W0-L1R0W0-L1R0W0,,,split,optimized,3,3,3,83.02045299999999,83.286114,81.90542,84.932469,1.2499835298357573,13.600605666666667,0.41622933333333334,69.269279,,,custom:libsad_search_16d9d6cef53b3d.so,/home/rzzhang/sad_merged/sad/build/libsad_search_16d9d6cef53b3d.so
2026-08-20T19:21:50.211494+00:00,20260820T190931,joint:rzz-hea:16:2042536718eaf160,ok,,rzz-hea,16,8,float64,42,64,2,64,2,2,0.5,rotation,rotation,9,9,compact:L2R0W0-L2R0W0-L2R0W0-L2R0W0-L2R0W0-L2R0W0-L2R0W0-L1R0W0-L1R0W0,compact:L2R0W0-L2R0W0-L2R0W0-L2R0W0-L2R0W0-L2R0W0-L2R0W0-L1R0W0-L1R0W0,,,split,optimized,5,3,5,1.568319,1.5706938000000001,1.567593,1.574948,0.003456136652390913,0.5195516,0.0191324,1.0320098,,,custom:libsad_search_20c37ff249ec0a.so,/home/rzzhang/sad_merged/sad/build/libsad_search_20c37ff249ec0a.so
2026-08-20T19:21:50.228773+00:00,20260820T190931,joint:rzz-hea:6:023b1cd916626b6b,ok,,rzz-hea,6,8,float64,42,128,2,32,2,1,1.0,rotation,rotation,6,6,compact:L1R0W0-L1R0W0-L1R0W0-L1R0W0-L1R0W0-L1R0W0,compact:L1R0W0-L1R0W0-L1R0W0-L1R0W0-L1R0W0-L1R0W0,,,split,optimized,20,3,20,0.49339450000000007,0.4928109500000001,0.48844299999999996,0.49771600000000005,0.00234202001432525,0.1935607,0.01907045,0.2801798,,,custom:libsad_search_7259903b8346c4.so,/home/rzzhang/sad_merged/sad/build/libsad_search_7259903b8346c4.so
2026-08-20T19:21:50.244605+00:00,20260820T190931,joint:rzz-hea:20:6b31df5baf9b25a1,ok,,rzz-hea,20,8,float64,42,64,2,64,2,1,0.75,rotation,rotation,16,16,compact:L2R0W0-L2R0W0-L2R0W0-L2R0W0-L1R0W0-L1R0W0-L1R0W0-L1R0W0-L1R0W0-L1R0W0-L1R0W0-L1R0W0-L1R0W0-L1R0W0-L1R0W0-L1R0W0,compact:L2R0W0-L2R0W0-L2R0W0-L2R0W0-L1R0W0-L1R0W0-L1R0W0-L1R0W0-L1R0W0-L1R0W0-L1R0W0-L1R0W0-L1R0W0-L1R0W0-L1R0W0-L1R0W0,,,merged,optimized,5,3,5,9.393245000000002,9.284769800000001,9.016096000000001,9.398322,0.1504064367138587,2.5186977999999995,0.0994582,6.6666138,,,custom:libsad_search_7e5293342e215a.so,/home/rzzhang/sad_merged/sad/build/libsad_search_7e5293342e215a.so
2026-08-20T19:21:50.324426+00:00,20260820T190931,joint:rzz-hea:10:18964f8ba209f47d,ok,,rzz-hea,10,8,float64,42,64,2,64,2,2,0.5,rotation,rotation,6,6,compact:L2R0W0-L2R0W0-L2R0W0-L2R0W0-L1R0W0-L1R0W0,compact:L2R0W0-L2R0W0-L2R0W0-L2R0W0-L1R0W0-L1R0W0,,,split,optimized,10,3,10,0.6858705,0.6858298,0.6841160000000001,0.6881240000000001,0.0010853620409798695,0.2493263,0.018966200000000003,0.41753729999999994,,,custom:libsad_search_20c37ff249ec0a.so,/home/rzzhang/sad_merged/sad/build/libsad_search_20c37ff249ec0a.so
2026-08-20T19:21:50.337428+00:00,20260820T190931,joint:rzz-hea:14:cbac5465d70de92b,ok,,rzz-hea,14,8,float64,42,32,2,32,2,2,0.5,rotation,rotation,8,8,compact:L2R0W0-L2R0W0-L2R0W0-L2R0W0-L2R0W0-L2R0W0-L1R0W0-L1R0W0,compact:L2R0W0-L2R0W0-L2R0W0-L2R0W0-L2R0W0-L2R0W0-L1R0W0-L1R0W0,,,split,optimized,10,3,10,0.9213175,0.9196115,0.903773,0.9338960000000001,0.013265797701231522,0.3414344,0.0189827,0.5591944,,,custom:libsad_search_16d9d6cef53b3d.so,/home/rzzhang/sad_merged/sad/build/libsad_search_16d9d6cef53b3d.so
2026-08-20T19:21:50.353406+00:00,20260820T190931,joint:rzz-hea:24:a6a23cf4ed5fe2c9,ok,,rzz-hea,24,8,float64,42,128,2,128,2,2,0.5,rotation,rotation,14,14,compact:L2R0W0-L2R0W0-L2R0W0-L2R0W0-L2R0W0-L2R0W0-L2R0W0-L2R0W0-L2R0W0-L2R0W0-L1R0W0-L1R0W0-L1R0W0-L1R0W0,compact:L2R0W0-L2R0W0-L2R0W0-L2R0W0-L2R0W0-L2R0W0-L2R0W0-L2R0W0-L2R0W0-L2R0W0-L1R0W0-L1R0W0-L1R0W0-L1R0W0,,,merged,optimized,3,3,3,259.448118,259.153528,258.51014,259.502326,0.4554819540691773,71.88444333333334,1.812515,185.45656966666667,,,custom:libsad_search_b969ada61d8a74.so,/home/rzzhang/sad_merged/sad/build/libsad_search_b969ada61d8a74.so
2026-08-20T19:21:51.916779+00:00,20260820T190931,joint:rzz-hea:22:f3ba6f2266c7eae4,ok,,rzz-hea,22,8,float64,42,64,2,64,2,1,0.0,rotation,rotation,3,3,compact:L5R2W1-L5R2W0-L5R2W0,compact:L5R2W1-L5R2W0-L5R2W0,,,split,optimized,3,3,3,32.673334,32.672659333333335,32.652491,32.692153000000005,0.016198969974116025,7.809094666666666,0.40721199999999996,24.456352666666668,,,custom:libsad_search_7ec063ebc99501.so,/home/rzzhang/sad_merged/sad/build/libsad_search_7ec063ebc99501.so
2026-08-20T19:21:52.127221+00:00,20260820T190931,joint:rzz-hea:18:693e435e60dca360,ok,,rzz-hea,18,8,float64,42,32,2,32,2,1,1.0,rotation,rotation,18,18,compact:L1R0W0-L1R0W0-L1R0W0-L1R0W0-L1R0W0-L1R0W0-L1R0W0-L1R0W0-L1R0W0-L1R0W0-L1R0W0-L1R0W0-L1R0W0-L1R0W0-L1R0W0-L1R0W0-L1R0W0-L1R0W0,compact:L1R0W0-L1R0W0-L1R0W0-L1R0W0-L1R0W0-L1R0W0-L1R0W0-L1R0W0-L1R0W0-L1R0W0-L1R0W0-L1R0W0-L1R0W0-L1R0W0-L1R0W0-L1R0W0-L1R0W0-L1R0W0,,,merged,optimized,5,3,5,3.6002989999999997,3.6607814,3.598204,3.8267539999999998,0.0885735494210319,1.1652122000000003,0.0355182,2.460051,,,custom:libsad_search_f9cdaf042a7bd6.so,/home/rzzhang/sad_merged/sad/build/libsad_search_f9cdaf042a7bd6.so
2026-08-20T19:21:52.162021+00:00,20260820T190931,joint:rzz-hea:4:2465a7ab5719e03e,ok,,rzz-hea,4,8,float64,42,64,2,64,2,2,0.0,rotation,rotation,1,1,compact:L4R0W0,compact:L4R0W0,,,merged,optimized,20,3,20,0.1761005,0.1764531,0.174964,0.182594,0.0015537447634666364,0.043258149999999995,0.019005249999999998,0.11418969999999999,,,custom:libsad_search_97eec9f2a848ec.so,/home/rzzhang/sad_merged/sad/build/libsad_search_97eec9f2a848ec.so
2026-08-20T19:21:52.170330+00:00,20260820T190931,joint:rzz-hea:10:7e908cf1151fb19d,ok,,rzz-hea,10,8,float64,42,64,2,64,2,1,0.75,rotation,rotation,8,8,compact:L2R0W0-L2R0W0-L1R0W0-L1R0W0-L1R0W0-L1R0W0-L1R0W0-L1R0W0,compact:L2R0W0-L2R0W0-L1R0W0-L1R0W0-L1R0W0-L1R0W0-L1R0W0-L1R0W0,,,merged,optimized,10,3,10,0.724919,0.7251379,0.7238629999999999,0.7270300000000001,0.001080314625468,0.2900784,0.0187885,0.416271,,,custom:libsad_search_7e5293342e215a.so,/home/rzzhang/sad_merged/sad/build/libsad_search_7e5293342e215a.so
2026-08-20T19:21:52.184065+00:00,20260820T190931,joint:rzz-hea:16:a3ad790c8f427279,ok,,rzz-hea,16,8,float64,42,128,2,32,2,1,0.25,rotation,rotation,6,6,compact:L3R0W0-L3R0W0-L3R0W0-L3R0W0-L2R0W0-L2R0W0,compact:L3R0W0-L3R0W0-L3R0W0-L3R0W0-L2R0W0-L2R0W0,,,split,optimized,5,3,5,1.1570859999999998,1.1568764,1.1541279999999998,1.159142,0.001704117906718916,0.3710924,0.019247600000000004,0.7665364,,,custom:libsad_search_7259903b8346c4.so,/home/rzzhang/sad_merged/sad/build/libsad_search_7259903b8346c4.so
2026-08-20T19:21:52.197790+00:00,20260820T190931,joint:rzz-hea:28:e9b0b1e018041671,ok,,rzz-hea,28,8,float64,42,64,2,64,2,2,1.0,rotation,rotation,28,28,compact:L1R0W0-L1R0W0-L1R0W0-L1R0W0-L1R0W0-L1R0W0-L1R0W0-L1R0W0-L1R0W0-L1R0W0-L1R0W0-L1R0W0-L1R0W0-L1R0W0-L1R0W0-L1R0W0-L1R0W0-L1R0W0-L1R0W0-L1R0W0-L1R0W0-L1R0W0-L1R0W0-L1R0W0-L1R0W0-L1R0W0-L1R0W0-L1R0W0,compact:L1R0W0-L1R0W0-L1R0W0-L1R0W0-L1R0W0-L1R0W0-L1R0W0-L1R0W0-L1R0W0-L1R0W0-L1R0W0-L1R0W0-L1R0W0-L1R0W0-L1R0W0-L1R0W0-L1R0W0-L1R0W0-L1R0W0-L1R0W0-L1R0W0-L1R0W0-L1R0W0-L1R0W0-L1R0W0-L1R0W0-L1R0W0-L1R0W0,,,merged,optimized,2,3,2,7633.783698,7633.783698,7633.345344,7634.222052,0.4383539999998902,2199.1562084999996,85.88933999999999,5348.7381495,,,custom:libsad_search_97eec9f2a848ec.so,/home/rzzhang/sad_merged/sad/build/libsad_search_97eec9f2a848ec.so
2026-08-20T19:22:30.375134+00:00,20260820T190931,joint:rzz-hea:20:58b2197fec5ec074,ok,,rzz-hea,20,8,float64,42,128,2,128,2,2,0.25,rotation,rotation,7,7,compact:L3R0W0-L3R0W0-L3R0W0-L3R0W0-L3R0W0-L3R0W0-L2R0W0,compact:L3R0W0-L3R0W0-L3R0W0-L3R0W0-L3R0W0-L3R0W0-L2R0W0,,,merged,optimized,5,3,5,8.074226,8.0760834,8.065059000000002,8.085603,0.007486560882006956,1.8341096000000001,0.10089719999999999,6.141076600000001,,,custom:libsad_search_b969ada61d8a74.so,/home/rzzhang/sad_merged/sad/build/libsad_search_b969ada61d8a74.so
2026-08-20T19:22:30.460747+00:00,20260820T190931,joint:rzz-hea:16:9f475469faf8143f,ok,,rzz-hea,16,8,float64,42,128,2,128,2,1,0.0,legacy,legacy,0,0,,,,,not_applicable,legacy-generic,5,3,5,0.952261,0.9492034,0.9367420000000001,0.9535030000000001,0.006272407977802448,0.2557842,0.019094399999999997,0.6743248000000001,,,custom:libsad_search_78e231cd0d5107.so,/home/rzzhang/sad_merged/sad/build/libsad_search_78e231cd0d5107.so
2026-08-20T19:22:30.482867+00:00,20260820T190931,joint:rzz-hea:10:5b474e2ab8d32e38,ok,,rzz-hea,10,8,float64,42,128,2,32,2,1,0.0,rotation,rotation,2,2,compact:L5R0W0-L5R0W0,compact:L5R0W0-L5R0W0,,,split,optimized,10,3,10,0.452638,0.4532822,0.451593,0.457527,0.0017650841226411853,0.1583678,0.0188131,0.2761013,,,custom:libsad_search_7259903b8346c4.so,/home/rzzhang/sad_merged/sad/build/libsad_search_7259903b8346c4.so
2026-08-20T19:22:30.498241+00:00,20260820T190931,joint:rzz-hea:14:d41012d704d604fc,ok,,rzz-hea,14,8,float64,42,32,2,32,2,2,0.0,rotation,rotation,2,2,compact:L5R2W0-L5R2W0,compact:L5R2W0-L5R2W0,,,split,optimized,10,3,10,0.5265155,0.5267112,0.524811,0.530856,0.0016102310890055464,0.15770230000000002,0.0194383,0.3495706,,,custom:libsad_search_16d9d6cef53b3d.so,/home/rzzhang/sad_merged/sad/build/libsad_search_16d9d6cef53b3d.so
2026-08-20T19:22:30.515466+00:00,20260820T190931,joint:rzz-hea:24:25a18f638446cc2a,ok,,rzz-hea,24,8,float64,42,128,2,32,2,1,1.0,rotation,rotation,24,24,compact:L1R0W0-L1R0W0-L1R0W0-L1R0W0-L1R0W0-L1R0W0-L1R0W0-L1R0W0-L1R0W0-L1R0W0-L1R0W0-L1R0W0-L1R0W0-L1R0W0-L1R0W0-L1R0W0-L1R0W0-L1R0W0-L1R0W0-L1R0W0-L1R0W0-L1R0W0-L1R0W0-L1R0W0,compact:L1R0W0-L1R0W0-L1R0W0-L1R0W0-L1R0W0-L1R0W0-L1R0W0-L1R0W0-L1R0W0-L1R0W0-L1R0W0-L1R0W0-L1R0W0-L1R0W0-L1R0W0-L1R0W0-L1R0W0-L1R0W0-L1R0W0-L1R0W0-L1R0W0-L1R0W0-L1R0W0-L1R0W0,,,split,optimized,3,3,3,420.77140599999996,421.07665033333325,420.17378699999995,422.284758,0.8884181515421692,130.96750833333334,1.7700500000000001,288.33909199999994,,,custom:libsad_search_7259903b8346c4.so,/home/rzzhang/sad_merged/sad/build/libsad_search_7259903b8346c4.so
2026-08-20T19:22:33.079199+00:00,20260820T190931,joint:rzz-hea:26:214a8aa3a68c0700,ok,,rzz-hea,26,8,float64,42,64,2,64,2,1,1.0,rotation,rotation,26,26,compact:L1R0W0-L1R0W0-L1R0W0-L1R0W0-L1R0W0-L1R0W0-L1R0W0-L1R0W0-L1R0W0-L1R0W0-L1R0W0-L1R0W0-L1R0W0-L1R0W0-L1R0W0-L1R0W0-L1R0W0-L1R0W0-L1R0W0-L1R0W0-L1R0W0-L1R0W0-L1R0W0-L1R0W0-L1R0W0-L1R0W0,compact:L1R0W0-L1R0W0-L1R0W0-L1R0W0-L1R0W0-L1R0W0-L1R0W0-L1R0W0-L1R0W0-L1R0W0-L1R0W0-L1R0W0-L1R0W0-L1R0W0-L1R0W0-L1R0W0-L1R0W0-L1R0W0-L1R0W0-L1R0W0-L1R0W0-L1R0W0-L1R0W0-L1R0W0-L1R0W0-L1R0W0,,,merged,optimized,2,3,2,1776.7941329999999,1776.7941329999999,1776.206611,1777.381655,0.5875219999999217,516.6237235,10.243164499999999,1249.9272449999999,,,custom:libsad_search_7e5293342e215a.so,/home/rzzhang/sad_merged/sad/build/libsad_search_7e5293342e215a.so
2026-08-20T19:22:41.986113+00:00,20260820T190931,joint:rzz-hea:6:c9c681205f192d61,ok,,rzz-hea,6,8,float64,42,32,2,128,2,2,0.5,rotation,rotation,4,4,compact:L2R0W0-L2R0W0-L1R0W0-L1R0W0,compact:L2R0W0-L2R0W0-L1R0W0-L1R0W0,,,split,optimized,20,3,20,0.439209,0.43850885,0.432399,0.44039,0.0019440685758223707,0.13954375,0.019140849999999997,0.27982425,,,custom:libsad_search_2a0e4369743c84.so,/home/rzzhang/sad_merged/sad/build/libsad_search_2a0e4369743c84.so
2026-08-20T19:22:42.005964+00:00,20260820T190931,joint:rzz-hea:22:71ca5252f4103613,ok,,rzz-hea,22,8,float64,42,128,2,32,2,1,0.0,legacy,legacy,0,0,,,,,not_applicable,legacy-generic,3,3,3,34.405019,34.46665133333334,34.369874,34.625060999999995,0.1129277339019136,8.806162666666667,0.4124766666666667,25.248012,,,custom:libsad_search_eaf59e83158800.so,/home/rzzhang/sad_merged/sad/build/libsad_search_eaf59e83158800.so
2026-08-20T19:22:42.227806+00:00,20260820T190931,joint:rzz-hea:22:0624906a588cb9bd,ok,,rzz-hea,22,8,float64,42,32,2,128,2,1,0.75,rotation,rotation,18,17,compact:L2R0W0-L2R0W0-L2R0W0-L2R0W0-L1R0W0-L1R0W0-L1R0W0-L1R0W0-L1R0W0-L1R0W0-L1R0W0-L1R0W0-L1R0W0-L1R0W0-L1R0W0-L1R0W0-L1R0W0-L1R0W0,compact:L2R0W0-L2R0W0-L2R0W0-L2R0W0-L2R0W0-L1R0W0-L1R0W0-L1R0W0-L1R0W0-L1R0W0-L1R0W0-L1R0W0-L1R0W0-L1R0W0-L1R0W0-L1R0W0-L1R0W0,,,split,optimized,3,3,3,66.8627,66.88732399999999,66.85171,66.947562,0.042830343667391586,12.476405333333334,0.4341899999999999,53.976728666666666,,,custom:libsad_search_0e4f539ceca897.so,/home/rzzhang/sad_merged/sad/build/libsad_search_0e4f539ceca897.so
2026-08-20T19:22:42.635443+00:00,20260820T190931,joint:rzz-hea:20:2a2110e81bee32c7,ok,,rzz-hea,20,8,float64,42,32,2,32,2,1,1.0,rotation,rotation,20,20,compact:L1R0W0-L1R0W0-L1R0W0-L1R0W0-L1R0W0-L1R0W0-L1R0W0-L1R0W0-L1R0W0-L1R0W0-L1R0W0-L1R0W0-L1R0W0-L1R0W0-L1R0W0-L1R0W0-L1R0W0-L1R0W0-L1R0W0-L1R0W0,compact:L1R0W0-L1R0W0-L1R0W0-L1R0W0-L1R0W0-L1R0W0-L1R0W0-L1R0W0-L1R0W0-L1R0W0-L1R0W0-L1R0W0-L1R0W0-L1R0W0-L1R0W0-L1R0W0-L1R0W0-L1R0W0-L1R0W0-L1R0W0,,,merged,optimized,5,3,5,10.425232999999999,10.4495288,10.385428000000001,10.526863,0.05441841743895163,3.2762544,0.10120960000000001,7.0720648,,,custom:libsad_search_f9cdaf042a7bd6.so,/home/rzzhang/sad_merged/sad/build/libsad_search_f9cdaf042a7bd6.so
2026-08-20T19:22:42.726395+00:00,20260820T190931,joint:rzz-hea:26:b6d7480d7a9f26ad,ok,,rzz-hea,26,8,float64,42,64,2,64,2,2,1.0,rotation,rotation,26,26,compact:L1R0W0-L1R0W0-L1R0W0-L1R0W0-L1R0W0-L1R0W0-L1R0W0-L1R0W0-L1R0W0-L1R0W0-L1R0W0-L1R0W0-L1R0W0-L1R0W0-L1R0W0-L1R0W0-L1R0W0-L1R0W0-L1R0W0-L1R0W0-L1R0W0-L1R0W0-L1R0W0-L1R0W0-L1R0W0-L1R0W0,compact:L1R0W0-L1R0W0-L1R0W0-L1R0W0-L1R0W0-L1R0W0-L1R0W0-L1R0W0-L1R0W0-L1R0W0-L1R0W0-L1R0W0-L1R0W0-L1R0W0-L1R0W0-L1R0W0-L1R0W0-L1R0W0-L1R0W0-L1R0W0-L1R0W0-L1R0W0-L1R0W0-L1R0W0-L1R0W0-L1R0W0,,,split,optimized,2,3,2,1802.6604164999999,1802.6604164999999,1799.8544009999998,1805.466432,2.8060155000000577,563.420352,10.107205,1229.1328595,,,custom:libsad_search_20c37ff249ec0a.so,/home/rzzhang/sad_merged/sad/build/libsad_search_20c37ff249ec0a.so
2026-08-20T19:22:51.753903+00:00,20260820T190931,joint:rzz-hea:20:8560b6e72d122889,ok,,rzz-hea,20,8,float64,42,32,2,32,2,1,0.25,rotation,rotation,7,7,compact:L3R0W0-L3R0W0-L3R0W0-L3R0W0-L3R0W0-L3R0W0-L2R0W0,compact:L3R0W0-L3R0W0-L3R0W0-L3R0W0-L3R0W0-L3R0W0-L2R0W0,,,merged,optimized,5,3,5,7.898130999999999,7.8992738000000005,7.839462,7.964536,0.05155333104814829,1.8553554,0.09930180000000001,5.9446166,,,custom:libsad_search_f9cdaf042a7bd6.so,/home/rzzhang/sad_merged/sad/build/libsad_search_f9cdaf042a7bd6.so
2026-08-20T19:22:51.832182+00:00,20260820T190931,joint:rzz-hea:14:1a41d8242472b035,ok,,rzz-hea,14,8,float64,42,32,2,128,2,2,1.0,rotation,rotation,14,14,compact:L1R0W0-L1R0W0-L1R0W0-L1R0W0-L1R0W0-L1R0W0-L1R0W0-L1R0W0-L1R0W0-L1R0W0-L1R0W0-L1R0W0-L1R0W0-L1R0W0,compact:L1R0W0-L1R0W0-L1R0W0-L1R0W0-L1R0W0-L1R0W0-L1R0W0-L1R0W0-L1R0W0-L1R0W0-L1R0W0-L1R0W0-L1R0W0-L1R0W0,,,merged,optimized,10,3,10,1.4509735,1.4437905,1.424267,1.4550480000000001,0.0129360942038159,0.5263178000000001,0.018892400000000004,0.8985803000000001,,,custom:libsad_search_fce412939d20fb.so,/home/rzzhang/sad_merged/sad/build/libsad_search_fce412939d20fb.so
2026-08-20T19:22:51.855474+00:00,20260820T190931,joint:rzz-hea:26:73b2e40c37c9d3e6,ok,,rzz-hea,26,8,float64,42,128,2,32,2,2,0.75,rotation,rotation,20,20,compact:L2R0W0-L2R0W0-L2R0W0-L2R0W0-L2R0W0-L2R0W0-L1R0W0-L1R0W0-L1R0W0-L1R0W0-L1R0W0-L1R0W0-L1R0W0-L1R0W0-L1R0W0-L1R0W0-L1R0W0-L1R0W0-L1R0W0-L1R0W0,compact:L2R0W0-L2R0W0-L2R0W0-L2R0W0-L2R0W0-L2R0W0-L1R0W0-L1R0W0-L1R0W0-L1R0W0-L1R0W0-L1R0W0-L1R0W0-L1R0W0-L1R0W0-L1R0W0-L1R0W0-L1R0W0-L1R0W0-L1R0W0,,,merged,optimized,2,3,2,1423.2210945000002,1423.2210945000002,1421.50874,1424.933449,1.7123545000000604,405.00536200000005,10.1413195,1008.0744130000002,,,custom:libsad_search_d014591f51543a.so,/home/rzzhang/sad_merged/sad/build/libsad_search_d014591f51543a.so
2026-08-20T19:22:58.975297+00:00,20260820T190931,joint:rzz-hea:20:a74c986e3f9f50ee,ok,,rzz-hea,20,8,float64,42,64,2,64,2,2,0.75,rotation,rotation,16,16,compact:L2R0W0-L2R0W0-L2R0W0-L2R0W0-L1R0W0-L1R0W0-L1R0W0-L1R0W0-L1R0W0-L1R0W0-L1R0W0-L1R0W0-L1R0W0-L1R0W0-L1R0W0-L1R0W0,compact:L2R0W0-L2R0W0-L2R0W0-L2R0W0-L1R0W0-L1R0W0-L1R0W0-L1R0W0-L1R0W0-L1R0W0-L1R0W0-L1R0W0-L1R0W0-L1R0W0-L1R0W0-L1R0W0,,,merged,optimized,5,3,5,9.464734,9.462506399999999,9.351165,9.538582,0.06486699563445174,2.5801148,0.10113400000000002,6.7812576,,,custom:libsad_search_97eec9f2a848ec.so,/home/rzzhang/sad_merged/sad/build/libsad_search_97eec9f2a848ec.so
2026-08-20T19:22:59.065816+00:00,20260820T190931,joint:rzz-hea:8:183ab669d23983f9,ok,,rzz-hea,8,8,float64,42,128,2,128,2,1,0.5,rotation,rotation,4,4,compact:L2R0W0-L2R0W0-L2R0W0-L2R0W0,compact:L2R0W0-L2R0W0-L2R0W0-L2R0W0,,,split,optimized,20,3,20,0.5712425000000001,0.57138895,0.569251,0.575551,0.0015557352112426138,0.19012495000000001,0.01875045,0.36251354999999996,,,custom:libsad_search_9361435758c99d.so,/home/rzzhang/sad_merged/sad/build/libsad_search_9361435758c99d.so
2026-08-20T19:22:59.083138+00:00,20260820T190931,joint:rzz-hea:28:9054332eda079749,ok,,rzz-hea,28,8,float64,42,32,2,32,2,1,0.0,rotation,rotation,4,4,compact:L5R2W0-L5R2W0-L5R2W0-L5R2W0,compact:L5R2W0-L5R2W0-L5R2W0-L5R2W0,,,split,optimized,2,3,2,2840.0429329999997,2840.0429329999997,2839.706174,2840.379692,0.3367590000000291,808.9945795,86.873588,1944.1747655000001,,,custom:libsad_search_3cb67c7e18cc99.so,/home/rzzhang/sad_merged/sad/build/libsad_search_3cb67c7e18cc99.so
2026-08-20T19:23:13.263925+00:00,20260820T190931,joint:rzz-hea:12:f1a0bd00a343a3b5,ok,,rzz-hea,12,8,float64,42,128,2,32,2,2,0.5,rotation,rotation,7,7,compact:L2R0W0-L2R0W0-L2R0W0-L2R0W0-L2R0W0-L1R0W0-L1R0W0,compact:L2R0W0-L2R0W0-L2R0W0-L2R0W0-L2R0W0-L1R0W0-L1R0W0,,,merged,optimized,10,3,10,0.8426104999999999,0.8425043000000001,0.8415689999999999,0.8438650000000001,0.0007888329417563829,0.36175999999999997,0.0190984,0.4616459,,,custom:libsad_search_d014591f51543a.so,/home/rzzhang/sad_merged/sad/build/libsad_search_d014591f51543a.so
2026-08-20T19:23:13.284446+00:00,20260820T190931,joint:rzz-hea:16:2ff28bfc4685fc3a,ok,,rzz-hea,16,8,float64,42,128,2,32,2,2,1.0,rotation,rotation,16,16,compact:L1R0W0-L1R0W0-L1R0W0-L1R0W0-L1R0W0-L1R0W0-L1R0W0-L1R0W0-L1R0W0-L1R0W0-L1R0W0-L1R0W0-L1R0W0-L1R0W0-L1R0W0-L1R0W0,compact:L1R0W0-L1R0W0-L1R0W0-L1R0W0-L1R0W0-L1R0W0-L1R0W0-L1R0W0-L1R0W0-L1R0W0-L1R0W0-L1R0W0-L1R0W0-L1R0W0-L1R0W0-L1R0W0,,,split,optimized,5,3,5,1.9149219999999998,1.9379680000000001,1.9137269999999997,1.9742309999999998,0.028759644309344308,0.7585666,0.018875199999999998,1.1605261999999998,,,custom:libsad_search_3b115211f38255.so,/home/rzzhang/sad_merged/sad/build/libsad_search_3b115211f38255.so
2026-08-20T19:23:13.314326+00:00,20260820T190931,joint:rzz-hea:4:569b14229c454697,ok,,rzz-hea,4,8,float64,42,64,2,64,2,2,0.75,rotation,rotation,3,3,compact:L2R0W0-L1R0W0-L1R0W0,compact:L2R0W0-L1R0W0-L1R0W0,,,split,optimized,20,3,20,0.29697949999999995,0.2974343,0.295639,0.30126299999999995,0.0013691092030952059,0.1061154,0.01877675,0.17254215,,,custom:libsad_search_20c37ff249ec0a.so,/home/rzzhang/sad_merged/sad/build/libsad_search_20c37ff249ec0a.so
2026-08-20T19:23:13.330768+00:00,20260820T190931,joint:rzz-hea:4:85cf4e93733dcc88,ok,,rzz-hea,4,8,float64,42,32,2,128,2,1,0.5,rotation,rotation,2,2,compact:L2R0W0-L2R0W0,compact:L2R0W0-L2R0W0,,,split,optimized,20,3,20,0.28465399999999996,0.28448055,0.280494,0.28747,0.001473832333578009,0.08812260000000001,0.018849099999999997,0.17750885,,,custom:libsad_search_0e4f539ceca897.so,/home/rzzhang/sad_merged/sad/build/libsad_search_0e4f539ceca897.so
2026-08-20T19:23:13.347564+00:00,20260820T190931,joint:rzz-hea:14:b30fd4af11f11116,ok,,rzz-hea,14,8,float64,42,32,2,128,2,2,0.75,rotation,rotation,11,11,compact:L2R0W0-L2R0W0-L2R0W0-L1R0W0-L1R0W0-L1R0W0-L1R0W0-L1R0W0-L1R0W0-L1R0W0-L1R0W0,compact:L2R0W0-L2R0W0-L2R0W0-L1R0W0-L1R0W0-L1R0W0-L1R0W0-L1R0W0-L1R0W0-L1R0W0-L1R0W0,,,merged,optimized,10,3,10,1.2153345,1.2155417,1.211653,1.219742,0.00341301872394517,0.42734659999999997,0.0188013,0.7693938,,,custom:libsad_search_fce412939d20fb.so,/home/rzzhang/sad_merged/sad/build/libsad_search_fce412939d20fb.so
2026-08-20T19:23:13.373842+00:00,20260820T190931,joint:rzz-hea:4:07b8ca4e36235279,ok,,rzz-hea,4,8,float64,42,128,2,32,2,1,1.0,rotation,rotation,4,4,compact:L1R0W0-L1R0W0-L1R0W0-L1R0W0,compact:L1R0W0-L1R0W0-L1R0W0-L1R0W0,,,split,optimized,20,3,20,0.337793,0.33726219999999996,0.330008,0.339637,0.0023323173154611633,0.12827809999999998,0.018816399999999997,0.1901677,,,custom:libsad_search_7259903b8346c4.so,/home/rzzhang/sad_merged/sad/build/libsad_search_7259903b8346c4.so
2026-08-20T19:23:13.391802+00:00,20260820T190931,joint:rzz-hea:20:780591cef5ae3b20,ok,,rzz-hea,20,8,float64,42,128,2,32,2,1,1.0,rotation,rotation,20,20,compact:L1R0W0-L1R0W0-L1R0W0-L1R0W0-L1R0W0-L1R0W0-L1R0W0-L1R0W0-L1R0W0-L1R0W0-L1R0W0-L1R0W0-L1R0W0-L1R0W0-L1R0W0-L1R0W0-L1R0W0-L1R0W0-L1R0W0-L1R0W0,compact:L1R0W0-L1R0W0-L1R0W0-L1R0W0-L1R0W0-L1R0W0-L1R0W0-L1R0W0-L1R0W0-L1R0W0-L1R0W0-L1R0W0-L1R0W0-L1R0W0-L1R0W0-L1R0W0-L1R0W0-L1R0W0-L1R0W0-L1R0W0,,,split,optimized,5,3,5,10.266677,10.114300199999999,9.446574,10.371161,0.3397782142594785,3.391513,0.10276840000000001,6.6200187999999995,,,custom:libsad_search_7259903b8346c4.so,/home/rzzhang/sad_merged/sad/build/libsad_search_7259903b8346c4.so
2026-08-20T19:23:13.492112+00:00,20260820T190931,joint:rzz-hea:18:aeabaf4a735213c4,ok,,rzz-hea,18,8,float64,42,128,2,128,2,2,1.0,rotation,rotation,18,18,compact:L1R0W0-L1R0W0-L1R0W0-L1R0W0-L1R0W0-L1R0W0-L1R0W0-L1R0W0-L1R0W0-L1R0W0-L1R0W0-L1R0W0-L1R0W0-L1R0W0-L1R0W0-L1R0W0-L1R0W0-L1R0W0,compact:L1R0W0-L1R0W0-L1R0W0-L1R0W0-L1R0W0-L1R0W0-L1R0W0-L1R0W0-L1R0W0-L1R0W0-L1R0W0-L1R0W0-L1R0W0-L1R0W0-L1R0W0-L1R0W0-L1R0W0-L1R0W0,,,split,optimized,5,3,5,3.717131,3.7474088,3.716037,3.794912,0.03792326397555989,1.319253,0.0356282,2.3925275999999998,,,custom:libsad_search_d02bea87aa5c56.so,/home/rzzhang/sad_merged/sad/build/libsad_search_d02bea87aa5c56.so
2026-08-20T19:23:13.541061+00:00,20260820T190931,joint:rzz-hea:14:f20e00904557e6e1,ok,,rzz-hea,14,8,float64,42,128,2,128,2,1,1.0,rotation,rotation,14,14,compact:L1R0W0-L1R0W0-L1R0W0-L1R0W0-L1R0W0-L1R0W0-L1R0W0-L1R0W0-L1R0W0-L1R0W0-L1R0W0-L1R0W0-L1R0W0-L1R0W0,compact:L1R0W0-L1R0W0-L1R0W0-L1R0W0-L1R0W0-L1R0W0-L1R0W0-L1R0W0-L1R0W0-L1R0W0-L1R0W0-L1R0W0-L1R0W0-L1R0W0,,,merged,optimized,10,3,10,1.516483,1.5178219,1.5141619999999998,1.5246359999999999,0.003263801478337747,0.6102211000000001,0.0187944,0.8888063999999999,,,custom:libsad_search_8fbfac92ec4bef.so,/home/rzzhang/sad_merged/sad/build/libsad_search_8fbfac92ec4bef.so
2026-08-20T19:23:13.568753+00:00,20260820T190931,joint:rzz-hea:20:b4abf30d33ee6415,ok,,rzz-hea,20,8,float64,42,128,2,32,2,2,0.25,rotation,rotation,7,7,compact:L3R0W0-L3R0W0-L3R0W0-L3R0W0-L3R0W0-L3R0W0-L2R0W0,compact:L3R0W0-L3R0W0-L3R0W0-L3R0W0-L3R0W0-L3R0W0-L2R0W0,,,merged,optimized,5,3,5,7.833585,7.8223066,7.771254,7.83882,0.02560209312224306,1.8306949999999997,0.09942499999999999,5.8921866,,,custom:libsad_search_d014591f51543a.so,/home/rzzhang/sad_merged/sad/build/libsad_search_d014591f51543a.so
2026-08-20T19:23:13.636992+00:00,20260820T190931,joint:rzz-hea:22:40f934166968b87b,ok,,rzz-hea,22,8,float64,42,64,2,64,2,1,0.25,rotation,rotation,8,8,compact:L3R0W0-L3R0W0-L3R0W0-L3R0W0-L3R0W0-L3R0W0-L2R0W0-L2R0W0,compact:L3R0W0-L3R0W0-L3R0W0-L3R0W0-L3R0W0-L3R0W0-L2R0W0-L2R0W0,,,split,optimized,3,3,3,38.559746,38.60912066666666,38.498663,38.768953,0.11573695551071535,9.262761333333332,0.46423233333333336,28.882126999999997,,,custom:libsad_search_7ec063ebc99501.so,/home/rzzhang/sad_merged/sad/build/libsad_search_7ec063ebc99501.so
2026-08-20T19:23:13.872224+00:00,20260820T190931,joint:rzz-hea:8:c8ac7407535d9245,ok,,rzz-hea,8,8,float64,42,64,2,64,2,2,0.5,rotation,rotation,4,4,compact:L2R0W0-L2R0W0-L2R0W0-L2R0W0,compact:L2R0W0-L2R0W0-L2R0W0-L2R0W0,,,split,optimized,20,3,20,0.5550235,0.5693113000000001,0.547122,0.5939,0.020159182937559764,0.1970074,0.018967650000000003,0.35333625,,,custom:libsad_search_20c37ff249ec0a.so,/home/rzzhang/sad_merged/sad/build/libsad_search_20c37ff249ec0a.so
2026-08-20T19:23:13.889933+00:00,20260820T190931,joint:rzz-hea:28:d0fb75887049e59c,ok,,rzz-hea,28,8,float64,42,64,2,64,2,1,0.0,legacy,legacy,0,0,,,,,not_applicable,legacy-generic,2,3,2,2821.4327975,2821.4327975,2821.042738,2821.822857,0.39005950000000666,820.4774345,86.278778,1914.676585,,,custom:libsad_search_5a6ce94d125b8e.so,/home/rzzhang/sad_merged/sad/build/libsad_search_5a6ce94d125b8e.so
2026-08-20T19:23:42.527554+00:00,20260820T190931,joint:rzz-hea:22:945bdfcab62c226f,ok,,rzz-hea,22,8,float64,42,128,2,32,2,1,1.0,rotation,rotation,22,22,compact:L1R0W0-L1R0W0-L1R0W0-L1R0W0-L1R0W0-L1R0W0-L1R0W0-L1R0W0-L1R0W0-L1R0W0-L1R0W0-L1R0W0-L1R0W0-L1R0W0-L1R0W0-L1R0W0-L1R0W0-L1R0W0-L1R0W0-L1R0W0-L1R0W0-L1R0W0,compact:L1R0W0-L1R0W0-L1R0W0-L1R0W0-L1R0W0-L1R0W0-L1R0W0-L1R0W0-L1R0W0-L1R0W0-L1R0W0-L1R0W0-L1R0W0-L1R0W0-L1R0W0-L1R0W0-L1R0W0-L1R0W0-L1R0W0-L1R0W0-L1R0W0-L1R0W0,,,split,optimized,3,3,3,82.777191,82.35758633333334,80.397062,83.898506,1.4599266142516252,12.458634333333334,0.4206796666666667,69.47827233333332,,,custom:libsad_search_7259903b8346c4.so,/home/rzzhang/sad_merged/sad/build/libsad_search_7259903b8346c4.so
2026-08-20T19:23:43.044477+00:00,20260820T190931,joint:rzz-hea:16:b66203cbab7835bf,ok,,rzz-hea,16,8,float64,42,128,2,32,2,1,1.0,rotation,rotation,16,16,compact:L1R0W0-L1R0W0-L1R0W0-L1R0W0-L1R0W0-L1R0W0-L1R0W0-L1R0W0-L1R0W0-L1R0W0-L1R0W0-L1R0W0-L1R0W0-L1R0W0-L1R0W0-L1R0W0,compact:L1R0W0-L1R0W0-L1R0W0-L1R0W0-L1R0W0-L1R0W0-L1R0W0-L1R0W0-L1R0W0-L1R0W0-L1R0W0-L1R0W0-L1R0W0-L1R0W0-L1R0W0-L1R0W0,,,merged,optimized,5,3,5,2.159692,2.161245,2.1584659999999998,2.1679530000000002,0.0035354405666056395,0.7968934000000001,0.019040800000000004,1.3453108,,,custom:libsad_search_5851e15f736f52.so,/home/rzzhang/sad_merged/sad/build/libsad_search_5851e15f736f52.so
2026-08-20T19:23:43.067109+00:00,20260820T190931,joint:rzz-hea:22:7e8dcbb5ad5e00c5,ok,,rzz-hea,22,8,float64,42,32,2,32,2,1,0.25,rotation,rotation,8,8,compact:L3R0W0-L3R0W0-L3R0W0-L3R0W0-L3R0W0-L3R0W0-L2R0W0-L2R0W0,compact:L3R0W0-L3R0W0-L3R0W0-L3R0W0-L3R0W0-L3R0W0-L2R0W0-L2R0W0,,,merged,optimized,3,3,3,37.606722000000005,37.61866666666666,37.605768999999995,37.643509,0.017570490342870903,7.620918333333333,0.42236533333333337,29.575383,,,custom:libsad_search_f9cdaf042a7bd6.so,/home/rzzhang/sad_merged/sad/build/libsad_search_f9cdaf042a7bd6.so
2026-08-20T19:23:43.299271+00:00,20260820T190931,joint:rzz-hea:22:6a88dbf8fcefbf99,ok,,rzz-hea,22,8,float64,42,64,2,64,2,1,0.0,legacy,legacy,0,0,,,,,not_applicable,legacy-generic,3,3,3,33.207204,33.21363433333333,33.199551,33.234148,0.014838014070472435,8.811846,0.3984676666666667,24.003320666666664,,,custom:libsad_search_5a6ce94d125b8e.so,/home/rzzhang/sad_merged/sad/build/libsad_search_5a6ce94d125b8e.so
2026-08-20T19:23:43.508339+00:00,20260820T190931,joint:rzz-hea:14:381c4b7a8c02b0b5,ok,,rzz-hea,14,8,float64,42,32,2,32,2,2,0.5,rotation,rotation,8,8,compact:L2R0W0-L2R0W0-L2R0W0-L2R0W0-L2R0W0-L2R0W0-L1R0W0-L1R0W0,compact:L2R0W0-L2R0W0-L2R0W0-L2R0W0-L2R0W0-L2R0W0-L1R0W0-L1R0W0,,,merged,optimized,10,3,10,0.9185655,0.9190965,0.917397,0.922519,0.0016028372500038746,0.352665,0.018907999999999998,0.5475235,,,custom:libsad_search_dcff342f285260.so,/home/rzzhang/sad_merged/sad/build/libsad_search_dcff342f285260.so
2026-08-20T19:23:43.525056+00:00,20260820T190931,joint:rzz-hea:4:59e895d086f63923,ok,,rzz-hea,4,8,float64,42,32,2,128,2,2,1.0,rotation,rotation,4,4,compact:L1R0W0-L1R0W0-L1R0W0-L1R0W0,compact:L1R0W0-L1R0W0-L1R0W0-L1R0W0,,,merged,optimized,20,3,20,0.32255849999999997,0.3179112,0.30547500000000005,0.324597,0.006575560801939252,0.09984349999999999,0.0184085,0.1996592,,,custom:libsad_search_fce412939d20fb.so,/home/rzzhang/sad_merged/sad/build/libsad_search_fce412939d20fb.so
2026-08-20T19:23:43.536605+00:00,20260820T190931,joint:rzz-hea:12:8775b7fd702b1018,ok,,rzz-hea,12,8,float64,42,32,2,128,2,1,0.0,rotation,rotation,2,2,compact:L5R1W0-L5R1W0,compact:L5R1W0-L5R1W0,,,merged,optimized,10,3,10,0.5161695,0.5168709,0.515925,0.519655,0.0012160687028289227,0.13589949999999998,0.0190811,0.3618903,,,custom:libsad_search_2a8327787a9aac.so,/home/rzzhang/sad_merged/sad/build/libsad_search_2a8327787a9aac.so
2026-08-20T19:23:43.547887+00:00,20260820T190931,joint:rzz-hea:14:65ebacac32d43b3b,ok,,rzz-hea,14,8,float64,42,32,2,128,2,2,0.0,rotation,rotation,2,2,compact:L5R2W0-L5R2W0,compact:L5R2W0-L5R2W0,,,merged,optimized,10,3,10,0.5877695,0.5880606,0.586736,0.5907399999999999,0.001294914916123835,0.14993340000000002,0.0188194,0.4193078,,,custom:libsad_search_fce412939d20fb.so,/home/rzzhang/sad_merged/sad/build/libsad_search_fce412939d20fb.so
2026-08-20T19:23:43.559962+00:00,20260820T190931,joint:rzz-hea:12:6d5e53f820759cde,ok,,rzz-hea,12,8,float64,42,32,2,128,2,1,0.25,rotation,rotation,4,4,compact:L3R0W0-L3R0W0-L3R0W0-L3R0W0,compact:L3R0W0-L3R0W0-L3R0W0-L3R0W0,,,split,optimized,10,3,10,0.706558,0.7077481,0.706353,0.716669,0.0030061938210967083,0.20394419999999996,0.0190383,0.48476559999999996,,,custom:libsad_search_0e4f539ceca897.so,/home/rzzhang/sad_merged/sad/build/libsad_search_0e4f539ceca897.so
2026-08-20T19:23:43.573483+00:00,20260820T190931,joint:rzz-hea:10:e6300e9e6c711565,ok,,rzz-hea,10,8,float64,42,128,2,32,2,2,1.0,rotation,rotation,10,10,compact:L1R0W0-L1R0W0-L1R0W0-L1R0W0-L1R0W0-L1R0W0-L1R0W0-L1R0W0-L1R0W0-L1R0W0,compact:L1R0W0-L1R0W0-L1R0W0-L1R0W0-L1R0W0-L1R0W0-L1R0W0-L1R0W0-L1R0W0-L1R0W0,,,merged,optimized,10,3,10,0.8520334999999999,0.8517385,0.845859,0.8530200000000001,0.002014497220151949,0.3800543,0.0188923,0.4527919,,,custom:libsad_search_d014591f51543a.so,/home/rzzhang/sad_merged/sad/build/libsad_search_d014591f51543a.so
2026-08-20T19:23:43.588978+00:00,20260820T190931,joint:rzz-hea:24:54662a26edde93e4,ok,,rzz-hea,24,8,float64,42,128,2,128,2,2,0.75,rotation,rotation,19,19,compact:L2R0W0-L2R0W0-L2R0W0-L2R0W0-L2R0W0-L1R0W0-L1R0W0-L1R0W0-L1R0W0-L1R0W0-L1R0W0-L1R0W0-L1R0W0-L1R0W0-L1R0W0-L1R0W0-L1R0W0-L1R0W0-L1R0W0,compact:L2R0W0-L2R0W0-L2R0W0-L2R0W0-L2R0W0-L1R0W0-L1R0W0-L1R0W0-L1R0W0-L1R0W0-L1R0W0-L1R0W0-L1R0W0-L1R0W0-L1R0W0-L1R0W0-L1R0W0-L1R0W0-L1R0W0,,,split,optimized,3,3,3,342.359514,342.3157906666666,342.02924999999993,342.558608,0.21830982639259902,107.37250499999999,1.7669446666666666,233.17634099999998,,,custom:libsad_search_d02bea87aa5c56.so,/home/rzzhang/sad_merged/sad/build/libsad_search_d02bea87aa5c56.so
2026-08-20T19:23:45.654364+00:00,20260820T190931,joint:rzz-hea:6:e036e50d4a97a940,ok,,rzz-hea,6,8,float64,42,32,2,128,2,1,0.0,legacy,legacy,0,0,,,,,not_applicable,legacy-generic,20,3,20,0.338947,0.33919445000000004,0.336859,0.341229,0.0010534186952489417,0.09599045,0.01875355,0.22445045000000002,,,custom:libsad_search_ada51c8f4b2976.so,/home/rzzhang/sad_merged/sad/build/libsad_search_ada51c8f4b2976.so
2026-08-20T19:23:45.669845+00:00,20260820T190931,joint:rzz-hea:20:948aad7f5437cd36,ok,,rzz-hea,20,8,float64,42,64,2,64,2,1,0.0,rotation,rotation,3,3,compact:L5R2W0-L5R2W0-L5R1W0,compact:L5R2W0-L5R2W0-L5R1W0,,,merged,optimized,5,3,5,7.473151,7.476635400000001,7.472171,7.4915769999999995,0.007493557195350982,1.5934366,0.0946804,5.788518399999999,,,custom:libsad_search_7e5293342e215a.so,/home/rzzhang/sad_merged/sad/build/libsad_search_7e5293342e215a.so
2026-08-20T19:23:45.736393+00:00,20260820T190931,joint:rzz-hea:22:4c639ee060502d78,ok,,rzz-hea,22,8,float64,42,32,2,128,2,2,1.0,rotation,rotation,22,22,compact:L1R0W0-L1R0W0-L1R0W0-L1R0W0-L1R0W0-L1R0W0-L1R0W0-L1R0W0-L1R0W0-L1R0W0-L1R0W0-L1R0W0-L1R0W0-L1R0W0-L1R0W0-L1R0W0-L1R0W0-L1R0W0-L1R0W0-L1R0W0-L1R0W0-L1R0W0,compact:L1R0W0-L1R0W0-L1R0W0-L1R0W0-L1R0W0-L1R0W0-L1R0W0-L1R0W0-L1R0W0-L1R0W0-L1R0W0-L1R0W0-L1R0W0-L1R0W0-L1R0W0-L1R0W0-L1R0W0-L1R0W0-L1R0W0-L1R0W0-L1R0W0-L1R0W0,,,merged,optimized,3,3,3,83.121396,83.12446333333334,83.032707,83.21928700000001,0.07620183943682696,12.644337,0.41461766666666666,70.06550866666666,,,custom:libsad_search_fce412939d20fb.so,/home/rzzhang/sad_merged/sad/build/libsad_search_fce412939d20fb.so
2026-08-20T19:23:46.241663+00:00,20260820T190931,joint:rzz-hea:20:4454348b55d1f33e,ok,,rzz-hea,20,8,float64,42,128,2,128,2,1,1.0,rotation,rotation,20,20,compact:L1R0W0-L1R0W0-L1R0W0-L1R0W0-L1R0W0-L1R0W0-L1R0W0-L1R0W0-L1R0W0-L1R0W0-L1R0W0-L1R0W0-L1R0W0-L1R0W0-L1R0W0-L1R0W0-L1R0W0-L1R0W0-L1R0W0-L1R0W0,compact:L1R0W0-L1R0W0-L1R0W0-L1R0W0-L1R0W0-L1R0W0-L1R0W0-L1R0W0-L1R0W0-L1R0W0-L1R0W0-L1R0W0-L1R0W0-L1R0W0-L1R0W0-L1R0W0-L1R0W0-L1R0W0-L1R0W0-L1R0W0,,,merged,optimized,5,3,5,10.491828,10.4994504,10.485778,10.530033,0.01583322489703192,3.0327295999999997,0.10119179999999998,7.365529,,,custom:libsad_search_8fbfac92ec4bef.so,/home/rzzhang/sad_merged/sad/build/libsad_search_8fbfac92ec4bef.so
2026-08-20T19:23:46.332694+00:00,20260820T190931,joint:rzz-hea:6:58dbf4e5decbf695,ok,,rzz-hea,6,8,float64,42,128,2,128,2,2,0.75,rotation,rotation,5,5,compact:L2R0W0-L1R0W0-L1R0W0-L1R0W0-L1R0W0,compact:L2R0W0-L1R0W0-L1R0W0-L1R0W0-L1R0W0,,,merged,optimized,20,3,20,0.4457875,0.44565405,0.441048,0.449763,0.0035175881008867407,0.1523014,0.018800400000000002,0.27455225,,,custom:libsad_search_b969ada61d8a74.so,/home/rzzhang/sad_merged/sad/build/libsad_search_b969ada61d8a74.so
2026-08-20T19:23:46.347538+00:00,20260820T190931,joint:rzz-hea:24:14b953486f4b3258,ok,,rzz-hea,24,8,float64,42,64,2,64,2,2,0.25,rotation,rotation,8,8,compact:L3R0W0-L3R0W0-L3R0W0-L3R0W0-L3R0W0-L3R0W0-L3R0W0-L3R0W0,compact:L3R0W0-L3R0W0-L3R0W0-L3R0W0-L3R0W0-L3R0W0-L3R0W0-L3R0W0,,,merged,optimized,3,3,3,169.873075,171.44640666666666,169.708854,174.75729099999998,2.3421085138174487,44.54063266666667,1.8897150000000003,125.01605899999998,,,custom:libsad_search_97eec9f2a848ec.so,/home/rzzhang/sad_merged/sad/build/libsad_search_97eec9f2a848ec.so
2026-08-20T19:23:47.382234+00:00,20260820T190931,joint:rzz-hea:14:f13b887034d4e809,ok,,rzz-hea,14,8,float64,42,128,2,32,2,2,1.0,rotation,rotation,14,14,compact:L1R0W0-L1R0W0-L1R0W0-L1R0W0-L1R0W0-L1R0W0-L1R0W0-L1R0W0-L1R0W0-L1R0W0-L1R0W0-L1R0W0-L1R0W0-L1R0W0,compact:L1R0W0-L1R0W0-L1R0W0-L1R0W0-L1R0W0-L1R0W0-L1R0W0-L1R0W0-L1R0W0-L1R0W0-L1R0W0-L1R0W0-L1R0W0-L1R0W0,,,split,optimized,10,3,10,1.4571405,1.4575274,1.455796,1.459379,0.0012917289344130968,0.6345069999999999,0.0189413,0.8040791,,,custom:libsad_search_3b115211f38255.so,/home/rzzhang/sad_merged/sad/build/libsad_search_3b115211f38255.so
2026-08-20T19:23:47.409143+00:00,20260820T190931,joint:rzz-hea:12:dca52ae25d318ed3,ok,,rzz-hea,12,8,float64,42,32,2,32,2,1,0.0,legacy,legacy,0,0,,,,,not_applicable,legacy-generic,10,3,10,0.5046619999999999,0.5047900000000001,0.503737,0.5067800000000001,0.0010032505170694188,0.16879759999999996,0.018858500000000004,0.3171339,,,custom:libsad_search_06042376d3c545.so,/home/rzzhang/sad_merged/sad/build/libsad_search_06042376d3c545.so
2026-08-20T19:23:47.420110+00:00,20260820T190931,joint:rzz-hea:4:f6f6cd05d40f1f97,ok,,rzz-hea,4,8,float64,42,32,2,128,2,2,0.0,rotation,rotation,1,1,compact:L4R0W0,compact:L4R0W0,,,merged,optimized,20,3,20,0.19873849999999998,0.1974409,0.19240300000000002,0.19989,0.002912109285380616,0.04241105,0.0189283,0.13610155000000002,,,custom:libsad_search_fce412939d20fb.so,/home/rzzhang/sad_merged/sad/build/libsad_search_fce412939d20fb.so
2026-08-20T19:23:47.429059+00:00,20260820T190931,joint:rzz-hea:14:699256304bd6d5a7,ok,,rzz-hea,14,8,float64,42,128,2,32,2,1,0.75,rotation,rotation,11,11,compact:L2R0W0-L2R0W0-L2R0W0-L1R0W0-L1R0W0-L1R0W0-L1R0W0-L1R0W0-L1R0W0-L1R0W0-L1R0W0,compact:L2R0W0-L2R0W0-L2R0W0-L1R0W0-L1R0W0-L1R0W0-L1R0W0-L1R0W0-L1R0W0-L1R0W0-L1R0W0,,,split,optimized,10,3,10,1.1559905000000001,1.1557456,1.153325,1.157154,0.00104527940762268,0.48900319999999997,0.0190026,0.6477398,,,custom:libsad_search_7259903b8346c4.so,/home/rzzhang/sad_merged/sad/build/libsad_search_7259903b8346c4.so
2026-08-20T19:23:47.448654+00:00,20260820T190931,joint:rzz-hea:14:b140ecfc5b9ff2fd,ok,,rzz-hea,14,8,float64,42,128,2,128,2,2,0.75,rotation,rotation,11,11,compact:L2R0W0-L2R0W0-L2R0W0-L1R0W0-L1R0W0-L1R0W0-L1R0W0-L1R0W0-L1R0W0-L1R0W0-L1R0W0,compact:L2R0W0-L2R0W0-L2R0W0-L1R0W0-L1R0W0-L1R0W0-L1R0W0-L1R0W0-L1R0W0-L1R0W0-L1R0W0,,,split,optimized,10,3,10,1.3169655000000002,1.3169183,1.314717,1.3201969999999998,0.001404734426857938,0.4934284,0.0188362,0.8046536999999999,,,custom:libsad_search_d02bea87aa5c56.so,/home/rzzhang/sad_merged/sad/build/libsad_search_d02bea87aa5c56.so
2026-08-20T19:23:47.470304+00:00,20260820T190931,joint:rzz-hea:10:0620f3362bb6b189,ok,,rzz-hea,10,8,float64,42,128,2,32,2,2,0.25,rotation,rotation,4,4,compact:L3R0W0-L3R0W0-L2R0W0-L2R0W0,compact:L3R0W0-L3R0W0-L2R0W0-L2R0W0,,,split,optimized,10,3,10,0.5630625,0.5637692999999999,0.559982,0.568456,0.0027488576554634383,0.21184279999999997,0.0190786,0.33284790000000003,,,custom:libsad_search_3b115211f38255.so,/home/rzzhang/sad_merged/sad/build/libsad_search_3b115211f38255.so
2026-08-20T19:23:47.481840+00:00,20260820T190931,joint:rzz-hea:4:69106ca3c411a915,ok,,rzz-hea,4,8,float64,42,32,2,128,2,2,0.25,rotation,rotation,2,2,compact:L2R0W0-L2R0W0,compact:L2R0W0-L2R0W0,,,split,optimized,20,3,20,0.28459599999999996,0.2845427,0.283432,0.287504,0.0009965066030890042,0.08732140000000001,0.018736250000000003,0.17848505,,,custom:libsad_search_2a0e4369743c84.so,/home/rzzhang/sad_merged/sad/build/libsad_search_2a0e4369743c84.so
2026-08-20T19:23:47.493678+00:00,20260820T190931,joint:rzz-hea:10:e1db120a8b6b74e4,ok,,rzz-hea,10,8,float64,42,64,2,64,2,2,0.25,rotation,rotation,4,4,compact:L3R0W0-L3R0W0-L2R0W0-L2R0W0,compact:L3R0W0-L3R0W0-L2R0W0-L2R0W0,,,split,optimized,10,3,10,0.5571265,0.5590683999999999,0.555996,0.564245,0.0032076642654741603,0.1916438,0.0190131,0.3484115,,,custom:libsad_search_20c37ff249ec0a.so,/home/rzzhang/sad_merged/sad/build/libsad_search_20c37ff249ec0a.so
2026-08-20T19:23:47.505817+00:00,20260820T190931,joint:rzz-hea:10:1048252bb23f8ce0,ok,,rzz-hea,10,8,float64,42,128,2,32,2,2,0.75,rotation,rotation,8,8,compact:L2R0W0-L2R0W0-L1R0W0-L1R0W0-L1R0W0-L1R0W0-L1R0W0-L1R0W0,compact:L2R0W0-L2R0W0-L1R0W0-L1R0W0-L1R0W0-L1R0W0-L1R0W0-L1R0W0,,,split,optimized,10,3,10,0.7817259999999999,0.780143,0.7750859999999999,0.783356,0.002992075834600483,0.3194949,0.018617599999999998,0.4420305,,,custom:libsad_search_3b115211f38255.so,/home/rzzhang/sad_merged/sad/build/libsad_search_3b115211f38255.so
2026-08-20T19:23:47.520219+00:00,20260820T190931,joint:rzz-hea:22:5e6994b3787d08d9,ok,,rzz-hea,22,8,float64,42,64,2,64,2,1,1.0,rotation,rotation,22,22,compact:L1R0W0-L1R0W0-L1R0W0-L1R0W0-L1R0W0-L1R0W0-L1R0W0-L1R0W0-L1R0W0-L1R0W0-L1R0W0-L1R0W0-L1R0W0-L1R0W0-L1R0W0-L1R0W0-L1R0W0-L1R0W0-L1R0W0-L1R0W0-L1R0W0-L1R0W0,compact:L1R0W0-L1R0W0-L1R0W0-L1R0W0-L1R0W0-L1R0W0-L1R0W0-L1R0W0-L1R0W0-L1R0W0-L1R0W0-L1R0W0-L1R0W0-L1R0W0-L1R0W0-L1R0W0-L1R0W0-L1R0W0-L1R0W0-L1R0W0-L1R0W0-L1R0W0,,,merged,optimized,3,3,3,81.04309699999999,81.05297166666666,81.02457,81.09124800000001,0.028102440016646316,11.636436333333332,0.4149776666666667,69.00155766666667,,,custom:libsad_search_7e5293342e215a.so,/home/rzzhang/sad_merged/sad/build/libsad_search_7e5293342e215a.so
2026-08-20T19:23:48.015421+00:00,20260820T190931,joint:rzz-hea:12:88377e5fe03e6057,ok,,rzz-hea,12,8,float64,42,128,2,32,2,1,0.75,rotation,rotation,10,10,compact:L2R0W0-L2R0W0-L1R0W0-L1R0W0-L1R0W0-L1R0W0-L1R0W0-L1R0W0-L1R0W0-L1R0W0,compact:L2R0W0-L2R0W0-L1R0W0-L1R0W0-L1R0W0-L1R0W0-L1R0W0-L1R0W0-L1R0W0-L1R0W0,,,split,optimized,10,3,10,1.102653,1.0979662,1.069963,1.1038540000000001,0.009737245481140973,0.4645608,0.0188047,0.6146007,,,custom:libsad_search_7259903b8346c4.so,/home/rzzhang/sad_merged/sad/build/libsad_search_7259903b8346c4.so
2026-08-20T19:23:48.034480+00:00,20260820T190931,joint:rzz-hea:10:92209cffa4ce578c,ok,,rzz-hea,10,8,float64,42,128,2,128,2,1,0.5,rotation,rotation,6,6,compact:L2R0W0-L2R0W0-L2R0W0-L2R0W0-L1R0W0-L1R0W0,compact:L2R0W0-L2R0W0-L2R0W0-L2R0W0-L1R0W0-L1R0W0,,,split,optimized,10,3,10,0.7905725000000001,0.7902878,0.786404,0.792251,0.0015301218774986434,0.27384860000000005,0.0190336,0.4974056,,,custom:libsad_search_9361435758c99d.so,/home/rzzhang/sad_merged/sad/build/libsad_search_9361435758c99d.so
2026-08-20T19:23:48.049262+00:00,20260820T190931,joint:rzz-hea:22:f3708ccc6fab31a8,ok,,rzz-hea,22,8,float64,42,32,2,128,2,1,0.0,rotation,rotation,4,3,compact:L5R1W0-L5R1W0-L5R0W0-L5R0W0,compact:L5R2W1-L5R2W0-L5R2W0,,,split,optimized,3,3,3,33.274048,33.30475166666667,33.248475,33.391732,0.06238417733332255,8.304298999999999,0.4066756666666667,24.593777,,,custom:libsad_search_0e4f539ceca897.so,/home/rzzhang/sad_merged/sad/build/libsad_search_0e4f539ceca897.so
2026-08-20T19:23:48.256174+00:00,20260820T190931,joint:rzz-hea:28:2955ff2ae86ee96a,ok,,rzz-hea,28,8,float64,42,64,2,64,2,2,1.0,rotation,rotation,28,28,compact:L1R0W0-L1R0W0-L1R0W0-L1R0W0-L1R0W0-L1R0W0-L1R0W0-L1R0W0-L1R0W0-L1R0W0-L1R0W0-L1R0W0-L1R0W0-L1R0W0-L1R0W0-L1R0W0-L1R0W0-L1R0W0-L1R0W0-L1R0W0-L1R0W0-L1R0W0-L1R0W0-L1R0W0-L1R0W0-L1R0W0-L1R0W0-L1R0W0,compact:L1R0W0-L1R0W0-L1R0W0-L1R0W0-L1R0W0-L1R0W0-L1R0W0-L1R0W0-L1R0W0-L1R0W0-L1R0W0-L1R0W0-L1R0W0-L1R0W0-L1R0W0-L1R0W0-L1R0W0-L1R0W0-L1R0W0-L1R0W0-L1R0W0-L1R0W0-L1R0W0-L1R0W0-L1R0W0-L1R0W0-L1R0W0-L1R0W0,,,split,optimized,2,3,2,7745.5071615,7745.5071615,7740.486470000001,7750.527853,5.02069149999943,2378.5760135,86.2787115,5280.6524365000005,,,custom:libsad_search_20c37ff249ec0a.so,/home/rzzhang/sad_merged/sad/build/libsad_search_20c37ff249ec0a.so
2026-08-20T19:24:26.968362+00:00,20260820T190931,joint:rzz-hea:26:fcb4c1ee6964fce2,ok,,rzz-hea,26,8,float64,42,128,2,128,2,1,0.5,rotation,rotation,14,14,compact:L2R0W0-L2R0W0-L2R0W0-L2R0W0-L2R0W0-L2R0W0-L2R0W0-L2R0W0-L2R0W0-L2R0W0-L2R0W0-L2R0W0-L1R0W0-L1R0W0,compact:L2R0W0-L2R0W0-L2R0W0-L2R0W0-L2R0W0-L2R0W0-L2R0W0-L2R0W0-L2R0W0-L2R0W0-L2R0W0-L2R0W0-L1R0W0-L1R0W0,,,merged,optimized,2,3,2,1065.0720970000002,1065.0720970000002,1064.362611,1065.7815830000002,0.7094860000000835,292.9379655,10.868606499999999,761.265525,,,custom:libsad_search_8fbfac92ec4bef.so,/home/rzzhang/sad_merged/sad/build/libsad_search_8fbfac92ec4bef.so
2026-08-20T19:24:32.321505+00:00,20260820T190931,joint:rzz-hea:6:49ea9ac252e52681,ok,,rzz-hea,6,8,float64,42,128,2,32,2,1,0.0,rotation,rotation,1,1,compact:L5R1W0,compact:L5R1W0,,,merged,optimized,20,3,20,0.23938500000000001,0.24055205000000002,0.23745899999999998,0.24719500000000003,0.003153872040444882,0.07318324999999999,0.0189603,0.1484085,,,custom:libsad_search_5851e15f736f52.so,/home/rzzhang/sad_merged/sad/build/libsad_search_5851e15f736f52.so
2026-08-20T19:24:32.337858+00:00,20260820T190931,joint:rzz-hea:22:e66f355a31ac245b,ok,,rzz-hea,22,8,float64,42,64,2,64,2,2,1.0,rotation,rotation,22,22,compact:L1R0W0-L1R0W0-L1R0W0-L1R0W0-L1R0W0-L1R0W0-L1R0W0-L1R0W0-L1R0W0-L1R0W0-L1R0W0-L1R0W0-L1R0W0-L1R0W0-L1R0W0-L1R0W0-L1R0W0-L1R0W0-L1R0W0-L1R0W0-L1R0W0-L1R0W0,compact:L1R0W0-L1R0W0-L1R0W0-L1R0W0-L1R0W0-L1R0W0-L1R0W0-L1R0W0-L1R0W0-L1R0W0-L1R0W0-L1R0W0-L1R0W0-L1R0W0-L1R0W0-L1R0W0-L1R0W0-L1R0W0-L1R0W0-L1R0W0-L1R0W0-L1R0W0,,,merged,optimized,3,3,3,81.87744599999999,82.01819266666666,81.75789,82.419242,0.28775433400655315,11.611042666666668,0.42302599999999996,69.984124,,,custom:libsad_search_97eec9f2a848ec.so,/home/rzzhang/sad_merged/sad/build/libsad_search_97eec9f2a848ec.so
2026-08-20T19:24:32.847883+00:00,20260820T190931,joint:rzz-hea:28:056cff90c58377bd,ok,,rzz-hea,28,8,float64,42,64,2,64,2,1,0.5,rotation,rotation,16,16,compact:L2R0W0-L2R0W0-L2R0W0-L2R0W0-L2R0W0-L2R0W0-L2R0W0-L2R0W0-L2R0W0-L2R0W0-L2R0W0-L2R0W0-L1R0W0-L1R0W0-L1R0W0-L1R0W0,compact:L2R0W0-L2R0W0-L2R0W0-L2R0W0-L2R0W0-L2R0W0-L2R0W0-L2R0W0-L2R0W0-L2R0W0-L2R0W0-L2R0W0-L1R0W0-L1R0W0-L1R0W0-L1R0W0,,,split,optimized,2,3,2,4865.694203499999,4865.694203499999,4864.676305999999,4866.712101,1.0178975000003447,1493.744708,86.4089905,3285.540505,,,custom:libsad_search_7ec063ebc99501.so,/home/rzzhang/sad_merged/sad/build/libsad_search_7ec063ebc99501.so
2026-08-20T19:24:57.177472+00:00,20260820T190931,joint:rzz-hea:16:9d4b900a96b5a75b,ok,,rzz-hea,16,8,float64,42,32,2,128,2,1,1.0,rotation,rotation,16,16,compact:L1R0W0-L1R0W0-L1R0W0-L1R0W0-L1R0W0-L1R0W0-L1R0W0-L1R0W0-L1R0W0-L1R0W0-L1R0W0-L1R0W0-L1R0W0-L1R0W0-L1R0W0-L1R0W0,compact:L1R0W0-L1R0W0-L1R0W0-L1R0W0-L1R0W0-L1R0W0-L1R0W0-L1R0W0-L1R0W0-L1R0W0-L1R0W0-L1R0W0-L1R0W0-L1R0W0-L1R0W0-L1R0W0,,,merged,optimized,5,3,5,2.206693,2.2068446,2.20563,2.20769,0.0007677201573489418,0.7165454,0.018900999999999998,1.4713982,,,custom:libsad_search_2a8327787a9aac.so,/home/rzzhang/sad_merged/sad/build/libsad_search_2a8327787a9aac.so
2026-08-20T19:24:57.210357+00:00,20260820T190931,joint:rzz-hea:18:0febaf0abab36085,ok,,rzz-hea,18,8,float64,42,128,2,128,2,1,0.75,rotation,rotation,14,14,compact:L2R0W0-L2R0W0-L2R0W0-L2R0W0-L1R0W0-L1R0W0-L1R0W0-L1R0W0-L1R0W0-L1R0W0-L1R0W0-L1R0W0-L1R0W0-L1R0W0,compact:L2R0W0-L2R0W0-L2R0W0-L2R0W0-L1R0W0-L1R0W0-L1R0W0-L1R0W0-L1R0W0-L1R0W0-L1R0W0-L1R0W0-L1R0W0-L1R0W0,,,merged,optimized,5,3,5,3.4505710000000005,3.4507782,3.447812,3.453843,0.002027277524168846,1.0244431999999999,0.035169200000000005,2.3911658,,,custom:libsad_search_8fbfac92ec4bef.so,/home/rzzhang/sad_merged/sad/build/libsad_search_8fbfac92ec4bef.so
2026-08-20T19:24:57.256208+00:00,20260820T190931,joint:rzz-hea:26:fc8d65b339cd27bf,ok,,rzz-hea,26,8,float64,42,32,2,128,2,1,0.0,legacy,legacy,0,0,,,,,not_applicable,legacy-generic,2,3,2,676.8580125,676.8580125,672.17153,681.544495,4.686482500000011,203.9129215,10.8460345,462.0990565,,,custom:libsad_search_ada51c8f4b2976.so,/home/rzzhang/sad_merged/sad/build/libsad_search_ada51c8f4b2976.so
2026-08-20T19:25:00.660386+00:00,20260820T190931,joint:rzz-hea:24:460a2053b1a676a4,ok,,rzz-hea,24,8,float64,42,64,2,64,2,2,0.75,rotation,rotation,19,19,compact:L2R0W0-L2R0W0-L2R0W0-L2R0W0-L2R0W0-L1R0W0-L1R0W0-L1R0W0-L1R0W0-L1R0W0-L1R0W0-L1R0W0-L1R0W0-L1R0W0-L1R0W0-L1R0W0-L1R0W0-L1R0W0-L1R0W0,compact:L2R0W0-L2R0W0-L2R0W0-L2R0W0-L2R0W0-L1R0W0-L1R0W0-L1R0W0-L1R0W0-L1R0W0-L1R0W0-L1R0W0-L1R0W0-L1R0W0-L1R0W0-L1R0W0-L1R0W0-L1R0W0-L1R0W0,,,split,optimized,3,3,3,343.203171,343.4059033333333,343.16174,343.852799,0.31645529921758164,107.59875133333334,1.802517,234.004635,,,custom:libsad_search_20c37ff249ec0a.so,/home/rzzhang/sad_merged/sad/build/libsad_search_20c37ff249ec0a.so
2026-08-20T19:25:02.747299+00:00,20260820T190931,joint:rzz-hea:18:e0d706f079deeba8,ok,,rzz-hea,18,8,float64,42,128,2,128,2,1,0.0,legacy,legacy,0,0,,,,,not_applicable,legacy-generic,5,3,5,2.326615,2.3678592,2.324487,2.488593,0.06309141761729556,0.6749548,0.0349902,1.6579142000000002,,,custom:libsad_search_78e231cd0d5107.so,/home/rzzhang/sad_merged/sad/build/libsad_search_78e231cd0d5107.so
2026-08-20T19:25:02.778831+00:00,20260820T190931,joint:rzz-hea:8:3a6013b9edcbb747,ok,,rzz-hea,8,8,float64,42,128,2,128,2,1,0.75,rotation,rotation,6,6,compact:L2R0W0-L2R0W0-L1R0W0-L1R0W0-L1R0W0-L1R0W0,compact:L2R0W0-L2R0W0-L1R0W0-L1R0W0-L1R0W0-L1R0W0,,,split,optimized,20,3,20,0.6482100000000002,0.6528474,0.646193,0.669488,0.0076883550022095,0.23115075000000002,0.018981400000000002,0.40271524999999997,,,custom:libsad_search_9361435758c99d.so,/home/rzzhang/sad_merged/sad/build/libsad_search_9361435758c99d.so
2026-08-20T19:25:02.798491+00:00,20260820T190931,joint:rzz-hea:18:d8e93de098a972b8,ok,,rzz-hea,18,8,float64,42,32,2,128,2,1,0.0,rotation,rotation,3,2,compact:L5R1W0-L5R1W0-L5R1W0,compact:L5R2W2-L5R2W2,,,merged,optimized,5,3,5,2.3356410000000003,2.3335082,2.3275259999999998,2.3380090000000004,0.0044502795148172744,0.49848760000000003,0.035164400000000005,1.7998562,,,custom:libsad_search_2a8327787a9aac.so,/home/rzzhang/sad_merged/sad/build/libsad_search_2a8327787a9aac.so
2026-08-20T19:25:02.822382+00:00,20260820T190931,joint:rzz-hea:4:df62e9c2746ba7a6,ok,,rzz-hea,4,8,float64,42,128,2,128,2,2,1.0,rotation,rotation,4,4,compact:L1R0W0-L1R0W0-L1R0W0-L1R0W0,compact:L1R0W0-L1R0W0-L1R0W0-L1R0W0,,,split,optimized,20,3,20,0.3635575,0.3637427,0.361313,0.365666,0.0011578866136198345,0.1290727,0.01893305,0.21573694999999998,,,custom:libsad_search_d02bea87aa5c56.so,/home/rzzhang/sad_merged/sad/build/libsad_search_d02bea87aa5c56.so
2026-08-20T19:25:02.835291+00:00,20260820T190931,joint:rzz-hea:10:25531127e9559348,ok,,rzz-hea,10,8,float64,42,32,2,128,2,2,0.25,rotation,rotation,4,4,compact:L3R0W0-L3R0W0-L2R0W0-L2R0W0,compact:L3R0W0-L3R0W0-L2R0W0-L2R0W0,,,split,optimized,10,3,10,0.6246515,0.6245935,0.623292,0.625741,0.0007125607693383147,0.18674780000000002,0.0189388,0.4189069,,,custom:libsad_search_2a0e4369743c84.so,/home/rzzhang/sad_merged/sad/build/libsad_search_2a0e4369743c84.so
2026-08-20T19:25:02.848049+00:00,20260820T190931,joint:rzz-hea:14:1550e337cedb4ba0,ok,,rzz-hea,14,8,float64,42,32,2,128,2,1,1.0,rotation,rotation,14,14,compact:L1R0W0-L1R0W0-L1R0W0-L1R0W0-L1R0W0-L1R0W0-L1R0W0-L1R0W0-L1R0W0-L1R0W0-L1R0W0-L1R0W0-L1R0W0-L1R0W0,compact:L1R0W0-L1R0W0-L1R0W0-L1R0W0-L1R0W0-L1R0W0-L1R0W0-L1R0W0-L1R0W0-L1R0W0-L1R0W0-L1R0W0-L1R0W0-L1R0W0,,,split,optimized,10,3,10,1.4595115,1.4585493,1.454414,1.460276,0.0019750376730583575,0.5166583,0.0191183,0.9227727,,,custom:libsad_search_0e4f539ceca897.so,/home/rzzhang/sad_merged/sad/build/libsad_search_0e4f539ceca897.so
2026-08-20T19:25:02.871697+00:00,20260820T190931,joint:rzz-hea:26:bf0a9826efe05274,ok,,rzz-hea,26,8,float64,42,128,2,128,2,2,0.0,rotation,rotation,3,3,compact:L5R2W2-L5R2W2-L5R2W1,compact:L5R2W2-L5R2W2-L5R2W1,,,split,optimized,2,3,2,619.2344684999999,619.2344684999999,618.0061349999999,620.462802,1.2283335000000761,158.1069075,10.2230375,450.9045235,,,custom:libsad_search_d02bea87aa5c56.so,/home/rzzhang/sad_merged/sad/build/libsad_search_d02bea87aa5c56.so
2026-08-20T19:25:05.970773+00:00,20260820T190931,joint:rzz-hea:20:deaf379196a89563,ok,,rzz-hea,20,8,float64,42,128,2,128,2,2,0.0,rotation,rotation,3,3,compact:L5R2W0-L5R2W0-L5R1W0,compact:L5R2W0-L5R2W0-L5R1W0,,,split,optimized,5,3,5,7.308053999999999,7.314787,7.3000549999999995,7.350383,0.018363380592908426,1.8656922,0.1005948,5.3485,,,custom:libsad_search_d02bea87aa5c56.so,/home/rzzhang/sad_merged/sad/build/libsad_search_d02bea87aa5c56.so
2026-08-20T19:25:06.043731+00:00,20260820T190931,joint:rzz-hea:12:c73d38ad30f995ec,ok,,rzz-hea,12,8,float64,42,32,2,32,2,1,0.5,rotation,rotation,7,7,compact:L2R0W0-L2R0W0-L2R0W0-L2R0W0-L2R0W0-L1R0W0-L1R0W0,compact:L2R0W0-L2R0W0-L2R0W0-L2R0W0-L2R0W0-L1R0W0-L1R0W0,,,merged,optimized,10,3,10,0.719597,0.7183051,0.7121029999999999,0.721092,0.0030195099751450134,0.279889,0.018858100000000003,0.419558,,,custom:libsad_search_f9cdaf042a7bd6.so,/home/rzzhang/sad_merged/sad/build/libsad_search_f9cdaf042a7bd6.so
2026-08-20T19:25:06.057964+00:00,20260820T190931,joint:rzz-hea:4:d8d4ba479c7df4b7,ok,,rzz-hea,4,8,float64,42,32,2,32,2,2,1.0,rotation,rotation,4,4,compact:L1R0W0-L1R0W0-L1R0W0-L1R0W0,compact:L1R0W0-L1R0W0-L1R0W0-L1R0W0,,,merged,optimized,20,3,20,0.277441,0.27787839999999997,0.27522199999999997,0.28375000000000006,0.0020050442987625083,0.0965682,0.0190466,0.16226359999999998,,,custom:libsad_search_dcff342f285260.so,/home/rzzhang/sad_merged/sad/build/libsad_search_dcff342f285260.so
2026-08-20T19:25:06.068819+00:00,20260820T190931,joint:rzz-hea:28:93132a1cd0b923be,ok,,rzz-hea,28,8,float64,42,128,2,32,2,1,0.0,legacy,legacy,0,0,,,,,not_applicable,legacy-generic,2,3,2,2879.5671955000003,2879.5671955000003,2879.398219,2879.7361720000004,0.1689765000000989,849.3307095,85.81612249999999,1944.4203635,,,custom:libsad_search_eaf59e83158800.so,/home/rzzhang/sad_merged/sad/build/libsad_search_eaf59e83158800.so
2026-08-20T19:25:20.518892+00:00,20260820T190931,joint:rzz-hea:12:efb2c89f17332e7e,ok,,rzz-hea,12,8,float64,42,128,2,32,2,2,0.0,rotation,rotation,2,2,compact:L5R1W0-L5R1W0,compact:L5R1W0-L5R1W0,,,split,optimized,10,3,10,0.5365535,0.5375411,0.535489,0.5419,0.0020806654440346864,0.1850754,0.019040300000000003,0.33342540000000004,,,custom:libsad_search_3b115211f38255.so,/home/rzzhang/sad_merged/sad/build/libsad_search_3b115211f38255.so
2026-08-20T19:25:20.536338+00:00,20260820T190931,joint:rzz-hea:24:30794517d95e5ca2,ok,,rzz-hea,24,8,float64,42,32,2,128,2,1,0.75,rotation,rotation,19,19,compact:L2R0W0-L2R0W0-L2R0W0-L2R0W0-L2R0W0-L1R0W0-L1R0W0-L1R0W0-L1R0W0-L1R0W0-L1R0W0-L1R0W0-L1R0W0-L1R0W0-L1R0W0-L1R0W0-L1R0W0-L1R0W0-L1R0W0,compact:L2R0W0-L2R0W0-L2R0W0-L2R0W0-L2R0W0-L1R0W0-L1R0W0-L1R0W0-L1R0W0-L1R0W0-L1R0W0-L1R0W0-L1R0W0-L1R0W0-L1R0W0-L1R0W0-L1R0W0-L1R0W0-L1R0W0,,,merged,optimized,3,3,3,336.011694,336.2231316666667,335.066411,337.59129,1.0415638582837314,95.72007,1.8602866666666666,238.64277499999997,,,custom:libsad_search_2a8327787a9aac.so,/home/rzzhang/sad_merged/sad/build/libsad_search_2a8327787a9aac.so
2026-08-20T19:25:22.589920+00:00,20260820T190931,joint:rzz-hea:10:6d532b7821d6c7cf,ok,,rzz-hea,10,8,float64,42,128,2,32,2,1,0.25,rotation,rotation,4,4,compact:L3R0W0-L3R0W0-L2R0W0-L2R0W0,compact:L3R0W0-L3R0W0-L2R0W0-L2R0W0,,,split,optimized,10,3,10,0.609769,0.6034998,0.579525,0.611388,0.011652047183220647,0.227775,0.0188126,0.3569122,,,custom:libsad_search_7259903b8346c4.so,/home/rzzhang/sad_merged/sad/build/libsad_search_7259903b8346c4.so
2026-08-20T19:25:22.605535+00:00,20260820T190931,joint:rzz-hea:18:765096e250fccf0f,ok,,rzz-hea,18,8,float64,42,32,2,128,2,1,1.0,rotation,rotation,18,18,compact:L1R0W0-L1R0W0-L1R0W0-L1R0W0-L1R0W0-L1R0W0-L1R0W0-L1R0W0-L1R0W0-L1R0W0-L1R0W0-L1R0W0-L1R0W0-L1R0W0-L1R0W0-L1R0W0-L1R0W0-L1R0W0,compact:L1R0W0-L1R0W0-L1R0W0-L1R0W0-L1R0W0-L1R0W0-L1R0W0-L1R0W0-L1R0W0-L1R0W0-L1R0W0-L1R0W0-L1R0W0-L1R0W0-L1R0W0-L1R0W0-L1R0W0-L1R0W0,,,merged,optimized,5,3,5,3.809227,3.8065751999999997,3.794311,3.810993,0.006199131823086141,1.1363374,0.0350752,2.6351626,,,custom:libsad_search_2a8327787a9aac.so,/home/rzzhang/sad_merged/sad/build/libsad_search_2a8327787a9aac.so
2026-08-20T19:25:22.641055+00:00,20260820T190931,joint:rzz-hea:8:74295b6d467b02fb,ok,,rzz-hea,8,8,float64,42,32,2,32,2,1,0.0,rotation,rotation,2,2,compact:L4R0W0-L4R0W0,compact:L4R0W0-L4R0W0,,,merged,optimized,20,3,20,0.3266665,0.32687175,0.325584,0.328643,0.0008433831202365872,0.11037045000000001,0.0188557,0.19764560000000003,,,custom:libsad_search_f9cdaf042a7bd6.so,/home/rzzhang/sad_merged/sad/build/libsad_search_f9cdaf042a7bd6.so
2026-08-20T19:25:22.652904+00:00,20260820T190931,joint:rzz-hea:6:7fdbbb3caabed813,ok,,rzz-hea,6,8,float64,42,32,2,128,2,2,0.0,rotation,rotation,1,1,compact:L5R1W0,compact:L5R1W0,,,split,optimized,20,3,20,0.295725,0.2966104,0.29385700000000003,0.303118,0.0028687997037088464,0.07754130000000001,0.018855249999999997,0.20021385,,,custom:libsad_search_2a0e4369743c84.so,/home/rzzhang/sad_merged/sad/build/libsad_search_2a0e4369743c84.so
2026-08-20T19:25:22.664494+00:00,20260820T190931,joint:rzz-hea:20:b159687689ff773f,ok,,rzz-hea,20,8,float64,42,64,2,64,2,1,0.0,rotation,rotation,3,3,compact:L5R2W0-L5R2W0-L5R1W0,compact:L5R2W0-L5R2W0-L5R1W0,,,split,optimized,5,3,5,7.154686000000001,7.155482600000001,7.150608,7.160859,0.0037622874743964497,1.8267464000000002,0.095902,5.232834199999999,,,custom:libsad_search_7ec063ebc99501.so,/home/rzzhang/sad_merged/sad/build/libsad_search_7ec063ebc99501.so
2026-08-20T19:25:22.727793+00:00,20260820T190931,joint:rzz-hea:16:8a2379208e1c4d92,ok,,rzz-hea,16,8,float64,42,64,2,64,2,1,0.25,rotation,rotation,6,6,compact:L3R0W0-L3R0W0-L3R0W0-L3R0W0-L2R0W0-L2R0W0,compact:L3R0W0-L3R0W0-L3R0W0-L3R0W0-L2R0W0-L2R0W0,,,merged,optimized,5,3,5,1.295266,1.2959336000000001,1.2943,1.298483,0.0014405152689229278,0.3498228,0.0190166,0.9270942000000001,,,custom:libsad_search_7e5293342e215a.so,/home/rzzhang/sad_merged/sad/build/libsad_search_7e5293342e215a.so
2026-08-20T19:25:22.743200+00:00,20260820T190931,joint:rzz-hea:16:ceda50473521eb8d,ok,,rzz-hea,16,8,float64,42,32,2,128,2,1,0.0,legacy,legacy,0,0,,,,,not_applicable,legacy-generic,5,3,5,0.9570310000000001,0.9571752,0.956243,0.9584019999999999,0.000765294819007642,0.2784074,0.0187632,0.6600046,,,custom:libsad_search_ada51c8f4b2976.so,/home/rzzhang/sad_merged/sad/build/libsad_search_ada51c8f4b2976.so
2026-08-20T19:25:22.755968+00:00,20260820T190931,joint:rzz-hea:24:60c4da8b1999bb2c,ok,,rzz-hea,24,8,float64,42,64,2,64,2,2,0.75,rotation,rotation,19,19,compact:L2R0W0-L2R0W0-L2R0W0-L2R0W0-L2R0W0-L1R0W0-L1R0W0-L1R0W0-L1R0W0-L1R0W0-L1R0W0-L1R0W0-L1R0W0-L1R0W0-L1R0W0-L1R0W0-L1R0W0-L1R0W0-L1R0W0,compact:L2R0W0-L2R0W0-L2R0W0-L2R0W0-L2R0W0-L1R0W0-L1R0W0-L1R0W0-L1R0W0-L1R0W0-L1R0W0-L1R0W0-L1R0W0-L1R0W0-L1R0W0-L1R0W0-L1R0W0-L1R0W0-L1R0W0,,,merged,optimized,3,3,3,336.600825,336.7308703333333,336.26430799999997,337.32747800000004,0.44367139023258606,95.89629533333333,1.8119373333333333,239.02263766666664,,,custom:libsad_search_97eec9f2a848ec.so,/home/rzzhang/sad_merged/sad/build/libsad_search_97eec9f2a848ec.so
2026-08-20T19:25:24.787737+00:00,20260820T190931,joint:rzz-hea:6:f764639112f303a4,ok,,rzz-hea,6,8,float64,42,32,2,128,2,1,0.25,rotation,rotation,2,2,compact:L3R0W0-L3R0W0,compact:L3R0W0-L3R0W0,,,split,optimized,20,3,20,0.36776250000000005,0.36804040000000005,0.36648600000000003,0.37167,0.0011331961171836028,0.1059705,0.019136,0.2429339,,,custom:libsad_search_0e4f539ceca897.so,/home/rzzhang/sad_merged/sad/build/libsad_search_0e4f539ceca897.so
2026-08-20T19:25:24.804234+00:00,20260820T190931,joint:rzz-hea:26:a5b40b4db4df92d5,ok,,rzz-hea,26,8,float64,42,64,2,64,2,1,0.75,rotation,rotation,20,20,compact:L2R0W0-L2R0W0-L2R0W0-L2R0W0-L2R0W0-L2R0W0-L1R0W0-L1R0W0-L1R0W0-L1R0W0-L1R0W0-L1R0W0-L1R0W0-L1R0W0-L1R0W0-L1R0W0-L1R0W0-L1R0W0-L1R0W0-L1R0W0,compact:L2R0W0-L2R0W0-L2R0W0-L2R0W0-L2R0W0-L2R0W0-L1R0W0-L1R0W0-L1R0W0-L1R0W0-L1R0W0-L1R0W0-L1R0W0-L1R0W0-L1R0W0-L1R0W0-L1R0W0-L1R0W0-L1R0W0-L1R0W0,,,split,optimized,2,3,2,1430.4536345,1430.4536345,1429.940778,1430.966491,0.512856499999998,448.17384849999996,10.1735135,972.1062725,,,custom:libsad_search_7ec063ebc99501.so,/home/rzzhang/sad_merged/sad/build/libsad_search_7ec063ebc99501.so
2026-08-20T19:25:31.979242+00:00,20260820T190931,joint:rzz-hea:20:bb4817b75b4c3d3c,ok,,rzz-hea,20,8,float64,42,32,2,32,2,2,0.0,rotation,rotation,3,3,compact:L5R2W0-L5R2W0-L5R1W0,compact:L5R2W0-L5R2W0-L5R1W0,,,split,optimized,5,3,5,7.164804999999999,7.164252,7.1617120000000005,7.165115,0.0012784762805775592,1.8717218,0.10094380000000001,5.1915864,,,custom:libsad_search_16d9d6cef53b3d.so,/home/rzzhang/sad_merged/sad/build/libsad_search_16d9d6cef53b3d.so
2026-08-20T19:25:32.051332+00:00,20260820T190931,joint:rzz-hea:10:2e34015ea134cfa2,ok,,rzz-hea,10,8,float64,42,128,2,128,2,1,0.75,rotation,rotation,8,8,compact:L2R0W0-L2R0W0-L1R0W0-L1R0W0-L1R0W0-L1R0W0-L1R0W0-L1R0W0,compact:L2R0W0-L2R0W0-L1R0W0-L1R0W0-L1R0W0-L1R0W0-L1R0W0-L1R0W0,,,merged,optimized,10,3,10,0.834028,0.8376695,0.829324,0.85297,0.00858948828801811,0.32445409999999997,0.0187124,0.4945030000000001,,,custom:libsad_search_8fbfac92ec4bef.so,/home/rzzhang/sad_merged/sad/build/libsad_search_8fbfac92ec4bef.so
2026-08-20T19:25:32.067183+00:00,20260820T190931,joint:rzz-hea:22:c1b2b417f02b9c35,ok,,rzz-hea,22,8,float64,42,32,2,32,2,2,0.0,rotation,rotation,4,4,compact:L5R1W0-L5R1W0-L5R0W0-L5R0W0,compact:L5R1W0-L5R1W0-L5R0W0-L5R0W0,,,split,optimized,3,3,3,33.602623,33.54092766666667,33.331249,33.688911000000004,0.15239261175733804,8.554607333333333,0.41978533333333334,24.566535000000002,,,custom:libsad_search_16d9d6cef53b3d.so,/home/rzzhang/sad_merged/sad/build/libsad_search_16d9d6cef53b3d.so
2026-08-20T19:25:32.275457+00:00,20260820T190931,joint:rzz-hea:26:0aac163a2772c03a,ok,,rzz-hea,26,8,float64,42,128,2,128,2,1,0.25,rotation,rotation,9,9,compact:L3R0W0-L3R0W0-L3R0W0-L3R0W0-L3R0W0-L3R0W0-L3R0W0-L3R0W0-L2R0W0,compact:L3R0W0-L3R0W0-L3R0W0-L3R0W0-L3R0W0-L3R0W0-L3R0W0-L3R0W0-L2R0W0,,,split,optimized,2,3,2,794.2226995000001,794.2226995000001,789.6547060000001,798.790693,4.567993499999943,242.91609949999997,10.310906500000002,540.9956935,,,custom:libsad_search_9361435758c99d.so,/home/rzzhang/sad_merged/sad/build/libsad_search_9361435758c99d.so
2026-08-20T19:25:36.248035+00:00,20260820T190931,joint:rzz-hea:10:b486e94f3e296827,ok,,rzz-hea,10,8,float64,42,32,2,32,2,2,0.5,rotation,rotation,6,6,compact:L2R0W0-L2R0W0-L2R0W0-L2R0W0-L1R0W0-L1R0W0,compact:L2R0W0-L2R0W0-L2R0W0-L2R0W0-L1R0W0-L1R0W0,,,merged,optimized,10,3,10,0.6803859999999999,0.6994612,0.6781599999999999,0.782337,0.03737651692921637,0.2721415,0.0192382,0.4080815,,,custom:libsad_search_dcff342f285260.so,/home/rzzhang/sad_merged/sad/build/libsad_search_dcff342f285260.so
2026-08-20T19:25:36.267356+00:00,20260820T190931,joint:rzz-hea:28:ca3b7a8f6a9e43c2,ok,,rzz-hea,28,8,float64,42,32,2,128,2,1,0.75,rotation,rotation,22,22,compact:L2R0W0-L2R0W0-L2R0W0-L2R0W0-L2R0W0-L2R0W0-L1R0W0-L1R0W0-L1R0W0-L1R0W0-L1R0W0-L1R0W0-L1R0W0-L1R0W0-L1R0W0-L1R0W0-L1R0W0-L1R0W0-L1R0W0-L1R0W0-L1R0W0-L1R0W0,compact:L2R0W0-L2R0W0-L2R0W0-L2R0W0-L2R0W0-L2R0W0-L1R0W0-L1R0W0-L1R0W0-L1R0W0-L1R0W0-L1R0W0-L1R0W0-L1R0W0-L1R0W0-L1R0W0-L1R0W0-L1R0W0-L1R0W0-L1R0W0-L1R0W0-L1R0W0,,,split,optimized,2,3,2,6280.962401000001,6280.962401000001,6278.891005,6283.033797,2.0713959999998224,1938.6990224999997,84.5872275,4257.676151,,,custom:libsad_search_0e4f539ceca897.so,/home/rzzhang/sad_merged/sad/build/libsad_search_0e4f539ceca897.so
2026-08-20T19:26:07.706599+00:00,20260820T190931,joint:rzz-hea:12:f05fddd048757033,ok,,rzz-hea,12,8,float64,42,128,2,32,2,2,0.75,rotation,rotation,10,10,compact:L2R0W0-L2R0W0-L1R0W0-L1R0W0-L1R0W0-L1R0W0-L1R0W0-L1R0W0-L1R0W0-L1R0W0,compact:L2R0W0-L2R0W0-L1R0W0-L1R0W0-L1R0W0-L1R0W0-L1R0W0-L1R0W0-L1R0W0-L1R0W0,,,split,optimized,10,3,10,1.064196,1.0640846,1.058818,1.065904,0.001912491735929838,0.4489723,0.019007999999999997,0.5961042999999999,,,custom:libsad_search_3b115211f38255.so,/home/rzzhang/sad_merged/sad/build/libsad_search_3b115211f38255.so
2026-08-20T19:26:07.730791+00:00,20260820T190931,joint:rzz-hea:4:618ff4b56bdc71f1,ok,,rzz-hea,4,8,float64,42,128,2,32,2,1,0.75,rotation,rotation,3,3,compact:L2R0W0-L1R0W0-L1R0W0,compact:L2R0W0-L1R0W0-L1R0W0,,,merged,optimized,20,3,20,0.2477765,0.2482282,0.245483,0.254899,0.002380577421551341,0.08506999999999999,0.018705,0.14445320000000003,,,custom:libsad_search_5851e15f736f52.so,/home/rzzhang/sad_merged/sad/build/libsad_search_5851e15f736f52.so
2026-08-20T19:26:07.746435+00:00,20260820T190931,joint:rzz-hea:28:6bfb8ed2619cbac0,ok,,rzz-hea,28,8,float64,42,128,2,128,2,2,0.25,rotation,rotation,10,10,compact:L3R0W0-L3R0W0-L3R0W0-L3R0W0-L3R0W0-L3R0W0-L3R0W0-L3R0W0-L2R0W0-L2R0W0,compact:L3R0W0-L3R0W0-L3R0W0-L3R0W0-L3R0W0-L3R0W0-L3R0W0-L3R0W0-L2R0W0-L2R0W0,,,merged,optimized,2,3,2,3376.0487669999998,3376.0487669999998,3374.586903,3377.5106309999996,1.4618639999998777,915.7401215000001,83.43265899999999,2376.8759865,,,custom:libsad_search_b969ada61d8a74.so,/home/rzzhang/sad_merged/sad/build/libsad_search_b969ada61d8a74.so
2026-08-20T19:26:24.634694+00:00,20260820T190931,joint:rzz-hea:18:01f9aa3638b2aa15,ok,,rzz-hea,18,8,float64,42,128,2,128,2,2,1.0,rotation,rotation,18,18,compact:L1R0W0-L1R0W0-L1R0W0-L1R0W0-L1R0W0-L1R0W0-L1R0W0-L1R0W0-L1R0W0-L1R0W0-L1R0W0-L1R0W0-L1R0W0-L1R0W0-L1R0W0-L1R0W0-L1R0W0-L1R0W0,compact:L1R0W0-L1R0W0-L1R0W0-L1R0W0-L1R0W0-L1R0W0-L1R0W0-L1R0W0-L1R0W0-L1R0W0-L1R0W0-L1R0W0-L1R0W0-L1R0W0-L1R0W0-L1R0W0-L1R0W0-L1R0W0,,,merged,optimized,5,3,5,3.8319199999999998,3.8792704000000002,3.826607,4.003876999999999,0.06871443168243457,1.2313598000000001,0.035603,2.6123076000000003,,,custom:libsad_search_b969ada61d8a74.so,/home/rzzhang/sad_merged/sad/build/libsad_search_b969ada61d8a74.so
2026-08-20T19:26:24.683986+00:00,20260820T190931,joint:rzz-hea:28:7f13e818767f2bcd,ok,,rzz-hea,28,8,float64,42,64,2,64,2,2,0.75,rotation,rotation,22,22,compact:L2R0W0-L2R0W0-L2R0W0-L2R0W0-L2R0W0-L2R0W0-L1R0W0-L1R0W0-L1R0W0-L1R0W0-L1R0W0-L1R0W0-L1R0W0-L1R0W0-L1R0W0-L1R0W0-L1R0W0-L1R0W0-L1R0W0-L1R0W0-L1R0W0-L1R0W0,compact:L2R0W0-L2R0W0-L2R0W0-L2R0W0-L2R0W0-L2R0W0-L1R0W0-L1R0W0-L1R0W0-L1R0W0-L1R0W0-L1R0W0-L1R0W0-L1R0W0-L1R0W0-L1R0W0-L1R0W0-L1R0W0-L1R0W0-L1R0W0-L1R0W0-L1R0W0,,,split,optimized,2,3,2,6288.4780075,6288.4780075,6288.395763,6288.560252,0.08224449999988792,1932.0345075,87.1533825,4269.290117500001,,,custom:libsad_search_20c37ff249ec0a.so,/home/rzzhang/sad_merged/sad/build/libsad_search_20c37ff249ec0a.so
2026-08-20T19:26:56.169932+00:00,20260820T190931,joint:rzz-hea:18:bc0ab92c2be416cf,ok,,rzz-hea,18,8,float64,42,32,2,32,2,1,0.75,rotation,rotation,14,14,compact:L2R0W0-L2R0W0-L2R0W0-L2R0W0-L1R0W0-L1R0W0-L1R0W0-L1R0W0-L1R0W0-L1R0W0-L1R0W0-L1R0W0-L1R0W0-L1R0W0,compact:L2R0W0-L2R0W0-L2R0W0-L2R0W0-L1R0W0-L1R0W0-L1R0W0-L1R0W0-L1R0W0-L1R0W0-L1R0W0-L1R0W0-L1R0W0-L1R0W0,,,split,optimized,5,3,5,3.0750040000000003,3.0954612,3.068868,3.18754,0.04612252815880747,1.0475638,0.0354996,2.0123978000000005,,,custom:libsad_search_3cb67c7e18cc99.so,/home/rzzhang/sad_merged/sad/build/libsad_search_3cb67c7e18cc99.so
2026-08-20T19:26:56.214891+00:00,20260820T190931,joint:rzz-hea:20:129264a88848d4b4,ok,,rzz-hea,20,8,float64,42,64,2,64,2,1,0.75,rotation,rotation,16,16,compact:L2R0W0-L2R0W0-L2R0W0-L2R0W0-L1R0W0-L1R0W0-L1R0W0-L1R0W0-L1R0W0-L1R0W0-L1R0W0-L1R0W0-L1R0W0-L1R0W0-L1R0W0-L1R0W0,compact:L2R0W0-L2R0W0-L2R0W0-L2R0W0-L1R0W0-L1R0W0-L1R0W0-L1R0W0-L1R0W0-L1R0W0-L1R0W0-L1R0W0-L1R0W0-L1R0W0-L1R0W0-L1R0W0,,,split,optimized,5,3,5,9.332646,9.327401400000001,9.276394,9.352265000000001,0.027676400406122403,2.9314191999999997,0.10139179999999999,6.2945904,,,custom:libsad_search_7ec063ebc99501.so,/home/rzzhang/sad_merged/sad/build/libsad_search_7ec063ebc99501.so
2026-08-20T19:26:56.308429+00:00,20260820T190931,joint:rzz-hea:4:a033f32071f7016e,ok,,rzz-hea,4,8,float64,42,128,2,32,2,1,0.5,rotation,rotation,2,2,compact:L2R0W0-L2R0W0,compact:L2R0W0-L2R0W0,,,split,optimized,20,3,20,0.268717,0.26880295,0.267266,0.271388,0.0009377371953271402,0.09617075,0.01880165,0.15383055,,,custom:libsad_search_7259903b8346c4.so,/home/rzzhang/sad_merged/sad/build/libsad_search_7259903b8346c4.so
2026-08-20T19:26:56.324622+00:00,20260820T190931,joint:rzz-hea:10:f97d0f531cd39085,ok,,rzz-hea,10,8,float64,42,32,2,128,2,2,0.5,rotation,rotation,6,6,compact:L2R0W0-L2R0W0-L2R0W0-L2R0W0-L1R0W0-L1R0W0,compact:L2R0W0-L2R0W0-L2R0W0-L2R0W0-L1R0W0-L1R0W0,,,merged,optimized,10,3,10,0.676825,0.6780641000000001,0.6755030000000001,0.684103,0.0026213516151024022,0.2293169,0.01912,0.42962720000000004,,,custom:libsad_search_fce412939d20fb.so,/home/rzzhang/sad_merged/sad/build/libsad_search_fce412939d20fb.so
2026-08-20T19:26:56.344283+00:00,20260820T190931,joint:rzz-hea:12:6fd14b6242260621,ok,,rzz-hea,12,8,float64,42,32,2,128,2,2,0.5,rotation,rotation,7,7,compact:L2R0W0-L2R0W0-L2R0W0-L2R0W0-L2R0W0-L1R0W0-L1R0W0,compact:L2R0W0-L2R0W0-L2R0W0-L2R0W0-L2R0W0-L1R0W0-L1R0W0,,,split,optimized,10,3,10,0.8831065,0.8831465,0.881426,0.885715,0.0013384655580178436,0.2822822,0.018905899999999996,0.5819584,,,custom:libsad_search_2a0e4369743c84.so,/home/rzzhang/sad_merged/sad/build/libsad_search_2a0e4369743c84.so
2026-08-20T19:26:56.368993+00:00,20260820T190931,joint:rzz-hea:6:ec6b5ff4d4fc9ddc,ok,,rzz-hea,6,8,float64,42,64,2,64,2,1,0.75,rotation,rotation,5,5,compact:L2R0W0-L1R0W0-L1R0W0-L1R0W0-L1R0W0,compact:L2R0W0-L1R0W0-L1R0W0-L1R0W0-L1R0W0,,,merged,optimized,20,3,20,0.382046,0.3820245,0.376154,0.384601,0.002012322203326296,0.13372309999999998,0.0188937,0.2294077,,,custom:libsad_search_7e5293342e215a.so,/home/rzzhang/sad_merged/sad/build/libsad_search_7e5293342e215a.so
2026-08-20T19:26:56.388441+00:00,20260820T190931,joint:rzz-hea:26:40b2ecacca0cd8ed,ok,,rzz-hea,26,8,float64,42,128,2,32,2,2,0.75,rotation,rotation,20,20,compact:L2R0W0-L2R0W0-L2R0W0-L2R0W0-L2R0W0-L2R0W0-L1R0W0-L1R0W0-L1R0W0-L1R0W0-L1R0W0-L1R0W0-L1R0W0-L1R0W0-L1R0W0-L1R0W0-L1R0W0-L1R0W0-L1R0W0-L1R0W0,compact:L2R0W0-L2R0W0-L2R0W0-L2R0W0-L2R0W0-L2R0W0-L1R0W0-L1R0W0-L1R0W0-L1R0W0-L1R0W0-L1R0W0-L1R0W0-L1R0W0-L1R0W0-L1R0W0-L1R0W0-L1R0W0-L1R0W0-L1R0W0,,,split,optimized,2,3,2,1436.3474715,1436.3474715,1435.232542,1437.462401,1.1149295000000166,447.265249,10.174879500000001,978.907343,,,custom:libsad_search_3b115211f38255.so,/home/rzzhang/sad_merged/sad/build/libsad_search_3b115211f38255.so
2026-08-20T19:27:03.599753+00:00,20260820T190931,joint:rzz-hea:20:6951861995eecb3c,ok,,rzz-hea,20,8,float64,42,32,2,32,2,2,0.5,rotation,rotation,12,12,compact:L2R0W0-L2R0W0-L2R0W0-L2R0W0-L2R0W0-L2R0W0-L2R0W0-L2R0W0-L1R0W0-L1R0W0-L1R0W0-L1R0W0,compact:L2R0W0-L2R0W0-L2R0W0-L2R0W0-L2R0W0-L2R0W0-L2R0W0-L2R0W0-L1R0W0-L1R0W0-L1R0W0-L1R0W0,,,split,optimized,5,3,5,8.555532,8.467906600000001,8.256254,8.597935,0.13431599909258732,2.6020092000000004,0.1010244,5.764873,,,custom:libsad_search_16d9d6cef53b3d.so,/home/rzzhang/sad_merged/sad/build/libsad_search_16d9d6cef53b3d.so
2026-08-20T19:27:03.682021+00:00,20260820T190931,joint:rzz-hea:8:8686a76a9daf39a0,ok,,rzz-hea,8,8,float64,42,128,2,32,2,2,0.5,rotation,rotation,4,5,compact:L2R0W0-L2R0W0-L2R0W0-L2R0W0,compact:L2R0W0-L2R0W0-L2R0W0-L1R0W0-L1R0W0,,,merged,optimized,20,3,20,0.472553,0.47525015000000004,0.469049,0.48431799999999997,0.005843376859958633,0.17551694999999998,0.0188324,0.2809008,,,custom:libsad_search_d014591f51543a.so,/home/rzzhang/sad_merged/sad/build/libsad_search_d014591f51543a.so
2026-08-20T19:27:03.697918+00:00,20260820T190931,joint:rzz-hea:8:73298c388821e28a,ok,,rzz-hea,8,8,float64,42,128,2,32,2,1,0.25,rotation,rotation,3,4,compact:L3R0W0-L3R0W0-L2R0W0,compact:L2R0W0-L2R0W0-L2R0W0-L2R0W0,,,merged,optimized,20,3,20,0.41979600000000006,0.4192341,0.408508,0.421872,0.002560349036752615,0.14904530000000002,0.0188369,0.2513519,,,custom:libsad_search_5851e15f736f52.so,/home/rzzhang/sad_merged/sad/build/libsad_search_5851e15f736f52.so
2026-08-20T19:27:03.712300+00:00,20260820T190931,joint:rzz-hea:26:826c847c0a0273b4,ok,,rzz-hea,26,8,float64,42,128,2,128,2,1,0.75,rotation,rotation,20,20,compact:L2R0W0-L2R0W0-L2R0W0-L2R0W0-L2R0W0-L2R0W0-L1R0W0-L1R0W0-L1R0W0-L1R0W0-L1R0W0-L1R0W0-L1R0W0-L1R0W0-L1R0W0-L1R0W0-L1R0W0-L1R0W0-L1R0W0-L1R0W0,compact:L2R0W0-L2R0W0-L2R0W0-L2R0W0-L2R0W0-L2R0W0-L1R0W0-L1R0W0-L1R0W0-L1R0W0-L1R0W0-L1R0W0-L1R0W0-L1R0W0-L1R0W0-L1R0W0-L1R0W0-L1R0W0-L1R0W0-L1R0W0,,,split,optimized,2,3,2,1426.9728165,1426.9728165,1426.1630759999998,1427.782557,0.809740500000089,447.54294550000003,10.316313000000001,969.113558,,,custom:libsad_search_9361435758c99d.so,/home/rzzhang/sad_merged/sad/build/libsad_search_9361435758c99d.so
2026-08-20T19:27:10.858830+00:00,20260820T190931,joint:rzz-hea:16:72d723fff46fb660,ok,,rzz-hea,16,8,float64,42,32,2,32,2,1,0.0,rotation,rotation,3,3,compact:L5R1W0-L5R0W0-L5R0W0,compact:L5R1W0-L5R0W0-L5R0W0,,,split,optimized,5,3,5,0.9567,0.9564366,0.9552700000000001,0.9576610000000001,0.0008964234713571599,0.2581822,0.019074999999999998,0.6791794000000001,,,custom:libsad_search_3cb67c7e18cc99.so,/home/rzzhang/sad_merged/sad/build/libsad_search_3cb67c7e18cc99.so
2026-08-20T19:27:10.881703+00:00,20260820T190931,joint:rzz-hea:12:469fac96a15880d1,ok,,rzz-hea,12,8,float64,42,128,2,32,2,1,1.0,rotation,rotation,12,12,compact:L1R0W0-L1R0W0-L1R0W0-L1R0W0-L1R0W0-L1R0W0-L1R0W0-L1R0W0-L1R0W0-L1R0W0-L1R0W0-L1R0W0,compact:L1R0W0-L1R0W0-L1R0W0-L1R0W0-L1R0W0-L1R0W0-L1R0W0-L1R0W0-L1R0W0-L1R0W0-L1R0W0-L1R0W0,,,split,optimized,10,3,10,1.1111835,1.1109217,1.108749,1.112971,0.0013027706666946367,0.4757346,0.0187506,0.6164365,,,custom:libsad_search_7259903b8346c4.so,/home/rzzhang/sad_merged/sad/build/libsad_search_7259903b8346c4.so
2026-08-20T19:27:10.905861+00:00,20260820T190931,joint:rzz-hea:28:c408b6a5d47c8fe8,ok,,rzz-hea,28,8,float64,42,32,2,128,2,2,0.75,rotation,rotation,22,22,compact:L2R0W0-L2R0W0-L2R0W0-L2R0W0-L2R0W0-L2R0W0-L1R0W0-L1R0W0-L1R0W0-L1R0W0-L1R0W0-L1R0W0-L1R0W0-L1R0W0-L1R0W0-L1R0W0-L1R0W0-L1R0W0-L1R0W0-L1R0W0-L1R0W0-L1R0W0,compact:L2R0W0-L2R0W0-L2R0W0-L2R0W0-L2R0W0-L2R0W0-L1R0W0-L1R0W0-L1R0W0-L1R0W0-L1R0W0-L1R0W0-L1R0W0-L1R0W0-L1R0W0-L1R0W0-L1R0W0-L1R0W0-L1R0W0-L1R0W0-L1R0W0-L1R0W0,,,split,optimized,2,3,2,6293.478359500001,6293.478359500001,6293.386354000001,6293.5703650000005,0.09200549999968644,1939.339892,83.902604,4270.2358635,,,custom:libsad_search_2a0e4369743c84.so,/home/rzzhang/sad_merged/sad/build/libsad_search_2a0e4369743c84.so
2026-08-20T19:27:42.382776+00:00,20260820T190931,joint:rzz-hea:6:7cc3842cd7dfb835,ok,,rzz-hea,6,8,float64,42,64,2,64,2,2,0.0,rotation,rotation,1,1,compact:L5R1W0,compact:L5R1W0,,,split,optimized,20,3,20,0.299947,0.29983335,0.29806099999999996,0.30400499999999997,0.0012204552541982005,0.08937925000000001,0.019005,0.19144909999999998,,,custom:libsad_search_20c37ff249ec0a.so,/home/rzzhang/sad_merged/sad/build/libsad_search_20c37ff249ec0a.so
2026-08-20T19:27:42.400058+00:00,20260820T190931,joint:rzz-hea:20:5560e831cb0e15cb,ok,,rzz-hea,20,8,float64,42,32,2,128,2,1,0.75,rotation,rotation,16,16,compact:L2R0W0-L2R0W0-L2R0W0-L2R0W0-L1R0W0-L1R0W0-L1R0W0-L1R0W0-L1R0W0-L1R0W0-L1R0W0-L1R0W0-L1R0W0-L1R0W0-L1R0W0-L1R0W0,compact:L2R0W0-L2R0W0-L2R0W0-L2R0W0-L1R0W0-L1R0W0-L1R0W0-L1R0W0-L1R0W0-L1R0W0-L1R0W0-L1R0W0-L1R0W0-L1R0W0-L1R0W0-L1R0W0,,,merged,optimized,5,3,5,10.052679999999999,10.064219399999999,10.043155,10.091599,0.020004264191416873,2.8315753999999997,0.100913,7.131730999999999,,,custom:libsad_search_2a8327787a9aac.so,/home/rzzhang/sad_merged/sad/build/libsad_search_2a8327787a9aac.so
2026-08-20T19:27:42.499828+00:00,20260820T190931,joint:rzz-hea:22:2c2418c7bca00af7,ok,,rzz-hea,22,8,float64,42,32,2,128,2,2,0.5,rotation,rotation,13,12,compact:L2R0W0-L2R0W0-L2R0W0-L2R0W0-L2R0W0-L2R0W0-L2R0W0-L2R0W0-L2R0W0-L1R0W0-L1R0W0-L1R0W0-L1R0W0,compact:L2R0W0-L2R0W0-L2R0W0-L2R0W0-L2R0W0-L2R0W0-L2R0W0-L2R0W0-L2R0W0-L2R0W0-L1R0W0-L1R0W0,,,split,optimized,3,3,3,51.134735,51.840981,51.112238,53.27597000000001,1.01473201760958,10.574653666666668,0.42880666666666667,40.83752066666666,,,custom:libsad_search_2a0e4369743c84.so,/home/rzzhang/sad_merged/sad/build/libsad_search_2a0e4369743c84.so
2026-08-20T19:27:42.831157+00:00,20260820T190931,joint:rzz-hea:10:3d01465f6982b082,ok,,rzz-hea,10,8,float64,42,32,2,128,2,1,0.0,rotation,rotation,2,2,compact:L5R0W0-L5R0W0,compact:L5R0W0-L5R0W0,,,split,optimized,10,3,10,0.5677865,0.5774797,0.565339,0.601056,0.015454315410590004,0.1536721,0.018718600000000002,0.405089,,,custom:libsad_search_0e4f539ceca897.so,/home/rzzhang/sad_merged/sad/build/libsad_search_0e4f539ceca897.so
2026-08-20T19:27:42.843848+00:00,20260820T190931,joint:rzz-hea:14:39e1a37d9c06befc,ok,,rzz-hea,14,8,float64,42,32,2,32,2,2,0.25,rotation,rotation,5,5,compact:L3R0W0-L3R0W0-L3R0W0-L3R0W0-L2R0W0,compact:L3R0W0-L3R0W0-L3R0W0-L3R0W0-L2R0W0,,,merged,optimized,10,3,10,0.752915,0.7508619999999999,0.746587,0.7540450000000001,0.0031871135530445365,0.2690975,0.0187659,0.4629986,,,custom:libsad_search_dcff342f285260.so,/home/rzzhang/sad_merged/sad/build/libsad_search_dcff342f285260.so
2026-08-20T19:27:42.858440+00:00,20260820T190931,joint:rzz-hea:28:c0b03b82a22b5444,ok,,rzz-hea,28,8,float64,42,32,2,32,2,2,0.75,rotation,rotation,22,22,compact:L2R0W0-L2R0W0-L2R0W0-L2R0W0-L2R0W0-L2R0W0-L1R0W0-L1R0W0-L1R0W0-L1R0W0-L1R0W0-L1R0W0-L1R0W0-L1R0W0-L1R0W0-L1R0W0-L1R0W0-L1R0W0-L1R0W0-L1R0W0-L1R0W0-L1R0W0,compact:L2R0W0-L2R0W0-L2R0W0-L2R0W0-L2R0W0-L2R0W0-L1R0W0-L1R0W0-L1R0W0-L1R0W0-L1R0W0-L1R0W0-L1R0W0-L1R0W0-L1R0W0-L1R0W0-L1R0W0-L1R0W0-L1R0W0-L1R0W0-L1R0W0-L1R0W0,,,split,optimized,2,3,2,6308.5446305000005,6308.5446305000005,6302.783317,6314.305944,5.761313499999687,1940.842921,86.1399085,4281.561801000001,,,custom:libsad_search_16d9d6cef53b3d.so,/home/rzzhang/sad_merged/sad/build/libsad_search_16d9d6cef53b3d.so
2026-08-20T19:28:14.387577+00:00,20260820T190931,joint:rzz-hea:8:f8fa5bf29fb9f649,ok,,rzz-hea,8,8,float64,42,128,2,32,2,1,1.0,rotation,rotation,8,8,compact:L1R0W0-L1R0W0-L1R0W0-L1R0W0-L1R0W0-L1R0W0-L1R0W0-L1R0W0,compact:L1R0W0-L1R0W0-L1R0W0-L1R0W0-L1R0W0-L1R0W0-L1R0W0-L1R0W0,,,merged,optimized,20,3,20,0.7036785000000001,0.7010876500000001,0.6573519999999999,0.7106169999999999,0.01049438126939841,0.29941344999999997,0.0187178,0.38295640000000003,,,custom:libsad_search_5851e15f736f52.so,/home/rzzhang/sad_merged/sad/build/libsad_search_5851e15f736f52.so
2026-08-20T19:28:14.414132+00:00,20260820T190931,joint:rzz-hea:12:15d99962011b61dc,ok,,rzz-hea,12,8,float64,42,64,2,64,2,1,0.5,rotation,rotation,7,7,compact:L2R0W0-L2R0W0-L2R0W0-L2R0W0-L2R0W0-L1R0W0-L1R0W0,compact:L2R0W0-L2R0W0-L2R0W0-L2R0W0-L2R0W0-L1R0W0-L1R0W0,,,merged,optimized,10,3,10,0.7742135,0.7695936999999999,0.7463789999999999,0.775243,0.009793915611745927,0.2981896,0.0189282,0.4524759,,,custom:libsad_search_7e5293342e215a.so,/home/rzzhang/sad_merged/sad/build/libsad_search_7e5293342e215a.so
2026-08-20T19:28:14.434059+00:00,20260820T190931,joint:rzz-hea:22:5924a5fd5c248e60,ok,,rzz-hea,22,8,float64,42,128,2,32,2,1,0.5,rotation,rotation,12,13,compact:L2R0W0-L2R0W0-L2R0W0-L2R0W0-L2R0W0-L2R0W0-L2R0W0-L2R0W0-L2R0W0-L2R0W0-L1R0W0-L1R0W0,compact:L2R0W0-L2R0W0-L2R0W0-L2R0W0-L2R0W0-L2R0W0-L2R0W0-L2R0W0-L2R0W0-L1R0W0-L1R0W0-L1R0W0-L1R0W0,,,merged,optimized,3,3,3,53.973904,53.59407033333334,52.703924,54.104383000000006,0.6316784854234706,8.141764,0.41807133333333335,45.034234999999995,,,custom:libsad_search_5851e15f736f52.so,/home/rzzhang/sad_merged/sad/build/libsad_search_5851e15f736f52.so
2026-08-20T19:28:14.774643+00:00,20260820T190931,joint:rzz-hea:8:cbf6946d0d061c93,ok,,rzz-hea,8,8,float64,42,128,2,128,2,2,0.0,rotation,rotation,1,1,compact:L5R2W1,compact:L5R2W1,,,merged,optimized,20,3,20,0.3721985,0.37223295,0.371473,0.37375099999999994,0.0006017333691096043,0.10869155,0.018941450000000002,0.24459995,,,custom:libsad_search_b969ada61d8a74.so,/home/rzzhang/sad_merged/sad/build/libsad_search_b969ada61d8a74.so
2026-08-20T19:28:14.788353+00:00,20260820T190931,joint:rzz-hea:18:38d4442350904ef0,ok,,rzz-hea,18,8,float64,42,128,2,32,2,1,1.0,rotation,rotation,18,18,compact:L1R0W0-L1R0W0-L1R0W0-L1R0W0-L1R0W0-L1R0W0-L1R0W0-L1R0W0-L1R0W0-L1R0W0-L1R0W0-L1R0W0-L1R0W0-L1R0W0-L1R0W0-L1R0W0-L1R0W0-L1R0W0,compact:L1R0W0-L1R0W0-L1R0W0-L1R0W0-L1R0W0-L1R0W0-L1R0W0-L1R0W0-L1R0W0-L1R0W0-L1R0W0-L1R0W0-L1R0W0-L1R0W0-L1R0W0-L1R0W0-L1R0W0-L1R0W0,,,merged,optimized,5,3,5,3.6187150000000003,3.6490654000000005,3.615753,3.7241940000000002,0.04280588679422488,1.2168258000000003,0.035429999999999996,2.3968096,,,custom:libsad_search_5851e15f736f52.so,/home/rzzhang/sad_merged/sad/build/libsad_search_5851e15f736f52.so
2026-08-20T19:28:14.823036+00:00,20260820T190931,joint:rzz-hea:8:faea3737b1fd114a,ok,,rzz-hea,8,8,float64,42,128,2,128,2,2,0.25,rotation,rotation,3,3,compact:L3R0W0-L3R0W0-L2R0W0,compact:L3R0W0-L3R0W0-L2R0W0,,,merged,optimized,20,3,20,0.437959,0.43883945,0.43679999999999997,0.44532900000000003,0.0024322275279052424,0.1453279,0.01882645,0.27468509999999996,,,custom:libsad_search_b969ada61d8a74.so,/home/rzzhang/sad_merged/sad/build/libsad_search_b969ada61d8a74.so
2026-08-20T19:28:14.837614+00:00,20260820T190931,joint:rzz-hea:24:bd96b6a8462ef466,ok,,rzz-hea,24,8,float64,42,64,2,64,2,2,0.5,rotation,rotation,14,14,compact:L2R0W0-L2R0W0-L2R0W0-L2R0W0-L2R0W0-L2R0W0-L2R0W0-L2R0W0-L2R0W0-L2R0W0-L1R0W0-L1R0W0-L1R0W0-L1R0W0,compact:L2R0W0-L2R0W0-L2R0W0-L2R0W0-L2R0W0-L2R0W0-L2R0W0-L2R0W0-L2R0W0-L2R0W0-L1R0W0-L1R0W0-L1R0W0-L1R0W0,,,split,optimized,3,3,3,265.976653,266.104766,265.782324,266.555321,0.3283197588520386,83.67484966666666,1.8084743333333333,180.621442,,,custom:libsad_search_20c37ff249ec0a.so,/home/rzzhang/sad_merged/sad/build/libsad_search_20c37ff249ec0a.so
2026-08-20T19:28:16.443844+00:00,20260820T190931,joint:rzz-hea:28:e967c46eb38c09a7,ok,,rzz-hea,28,8,float64,42,128,2,128,2,1,0.0,rotation,rotation,4,4,compact:L5R2W0-L5R2W0-L5R2W0-L5R2W0,compact:L5R2W0-L5R2W0-L5R2W0-L5R2W0,,,merged,optimized,2,3,2,2745.6055465,2745.6055465,2744.247664,2746.963429,1.3578824999999597,637.991882,85.19331899999999,2022.4203454999997,,,custom:libsad_search_8fbfac92ec4bef.so,/home/rzzhang/sad_merged/sad/build/libsad_search_8fbfac92ec4bef.so
2026-08-20T19:28:30.190524+00:00,20260820T190931,joint:rzz-hea:16:e4f45ef8bcf24109,ok,,rzz-hea,16,8,float64,42,64,2,64,2,2,0.0,rotation,rotation,2,2,compact:L5R2W1-L5R2W1,compact:L5R2W1-L5R2W1,,,split,optimized,5,3,5,0.88983,0.9061628,0.8858849999999999,0.934736,0.022974894153401457,0.2280898,0.019012400000000002,0.6590605999999999,,,custom:libsad_search_20c37ff249ec0a.so,/home/rzzhang/sad_merged/sad/build/libsad_search_20c37ff249ec0a.so
2026-08-20T19:28:30.213222+00:00,20260820T190931,joint:rzz-hea:12:d15bb5b4ebd30135,ok,,rzz-hea,12,8,float64,42,32,2,128,2,2,0.0,rotation,rotation,2,2,compact:L5R1W0-L5R1W0,compact:L5R1W0-L5R1W0,,,split,optimized,10,3,10,0.578706,0.577989,0.5712430000000001,0.585286,0.005697584189812371,0.1481714,0.0189075,0.41091010000000006,,,custom:libsad_search_2a0e4369743c84.so,/home/rzzhang/sad_merged/sad/build/libsad_search_2a0e4369743c84.so
2026-08-20T19:28:30.231338+00:00,20260820T190931,joint:rzz-hea:18:7dc59bfbb07eb81a,ok,,rzz-hea,18,8,float64,42,64,2,64,2,1,0.25,rotation,rotation,7,7,compact:L3R0W0-L3R0W0-L3R0W0-L3R0W0-L2R0W0-L2R0W0-L2R0W0,compact:L3R0W0-L3R0W0-L3R0W0-L3R0W0-L2R0W0-L2R0W0-L2R0W0,,,split,optimized,5,3,5,2.582419,2.5822906,2.5783769999999997,2.587679,0.003081577621933334,0.7760391999999999,0.035459,1.7707924,,,custom:libsad_search_7ec063ebc99501.so,/home/rzzhang/sad_merged/sad/build/libsad_search_7ec063ebc99501.so
2026-08-20T19:28:30.270913+00:00,20260820T190931,joint:rzz-hea:8:4394d494ebd971e3,ok,,rzz-hea,8,8,float64,42,64,2,64,2,1,0.5,rotation,rotation,4,4,compact:L2R0W0-L2R0W0-L2R0W0-L2R0W0,compact:L2R0W0-L2R0W0-L2R0W0-L2R0W0,,,split,optimized,20,3,20,0.4832989999999999,0.48348455,0.480431,0.48641599999999996,0.0013260028459622616,0.16741869999999998,0.019021450000000002,0.29704440000000004,,,custom:libsad_search_7ec063ebc99501.so,/home/rzzhang/sad_merged/sad/build/libsad_search_7ec063ebc99501.so
2026-08-20T19:28:30.292115+00:00,20260820T190931,joint:rzz-hea:26:48888477b7c9b09d,ok,,rzz-hea,26,8,float64,42,32,2,32,2,1,0.25,rotation,rotation,10,10,compact:L3R0W0-L3R0W0-L3R0W0-L3R0W0-L3R0W0-L3R0W0-L2R0W0-L2R0W0-L2R0W0-L2R0W0,compact:L3R0W0-L3R0W0-L3R0W0-L3R0W0-L3R0W0-L3R0W0-L2R0W0-L2R0W0-L2R0W0-L2R0W0,,,merged,optimized,2,3,2,848.911025,848.911025,848.045588,849.776462,0.8654370000000426,226.906249,10.693484499999999,611.3112914999999,,,custom:libsad_search_f9cdaf042a7bd6.so,/home/rzzhang/sad_merged/sad/build/libsad_search_f9cdaf042a7bd6.so
2026-08-20T19:28:34.564512+00:00,20260820T190931,joint:rzz-hea:20:6184d57e52fc5549,ok,,rzz-hea,20,8,float64,42,32,2,128,2,2,0.5,rotation,rotation,12,12,compact:L2R0W0-L2R0W0-L2R0W0-L2R0W0-L2R0W0-L2R0W0-L2R0W0-L2R0W0-L1R0W0-L1R0W0-L1R0W0-L1R0W0,compact:L2R0W0-L2R0W0-L2R0W0-L2R0W0-L2R0W0-L2R0W0-L2R0W0-L2R0W0-L1R0W0-L1R0W0-L1R0W0-L1R0W0,,,merged,optimized,5,3,5,9.083810000000001,9.1056428,9.08089,9.140319,0.02826836934384407,2.3558982,0.1011624,6.6485822,,,custom:libsad_search_fce412939d20fb.so,/home/rzzhang/sad_merged/sad/build/libsad_search_fce412939d20fb.so
2026-08-20T19:28:34.653475+00:00,20260820T190931,joint:rzz-hea:28:502f78c69f680f6a,ok,,rzz-hea,28,8,float64,42,32,2,32,2,2,0.5,rotation,rotation,16,16,compact:L2R0W0-L2R0W0-L2R0W0-L2R0W0-L2R0W0-L2R0W0-L2R0W0-L2R0W0-L2R0W0-L2R0W0-L2R0W0-L2R0W0-L1R0W0-L1R0W0-L1R0W0-L1R0W0,compact:L2R0W0-L2R0W0-L2R0W0-L2R0W0-L2R0W0-L2R0W0-L2R0W0-L2R0W0-L2R0W0-L2R0W0-L2R0W0-L2R0W0-L1R0W0-L1R0W0-L1R0W0-L1R0W0,,,split,optimized,2,3,2,4869.436465999999,4869.436465999999,4864.421204,4874.451727999999,5.015261999999439,1505.7709435,84.922763,3278.7427595,,,custom:libsad_search_16d9d6cef53b3d.so,/home/rzzhang/sad_merged/sad/build/libsad_search_16d9d6cef53b3d.so
2026-08-20T19:28:59.013702+00:00,20260820T190931,joint:rzz-hea:18:d88d051c3b4bc35f,ok,,rzz-hea,18,8,float64,42,32,2,32,2,2,0.75,rotation,rotation,14,14,compact:L2R0W0-L2R0W0-L2R0W0-L2R0W0-L1R0W0-L1R0W0-L1R0W0-L1R0W0-L1R0W0-L1R0W0-L1R0W0-L1R0W0-L1R0W0-L1R0W0,compact:L2R0W0-L2R0W0-L2R0W0-L2R0W0-L1R0W0-L1R0W0-L1R0W0-L1R0W0-L1R0W0-L1R0W0-L1R0W0-L1R0W0-L1R0W0-L1R0W0,,,merged,optimized,5,3,5,3.2705379999999997,3.2724156,3.268341,3.28163,0.004751671141819475,0.9731156,0.035548199999999995,2.2637518,,,custom:libsad_search_dcff342f285260.so,/home/rzzhang/sad_merged/sad/build/libsad_search_dcff342f285260.so
2026-08-20T19:28:59.059508+00:00,20260820T190931,joint:rzz-hea:10:7e15475cf4dbef82,ok,,rzz-hea,10,8,float64,42,32,2,128,2,1,0.5,rotation,rotation,6,6,compact:L2R0W0-L2R0W0-L2R0W0-L2R0W0-L1R0W0-L1R0W0,compact:L2R0W0-L2R0W0-L2R0W0-L2R0W0-L1R0W0-L1R0W0,,,merged,optimized,10,3,10,0.68718,0.686562,0.6771699999999999,0.6891090000000001,0.003267596211284401,0.2320615,0.018918599999999997,0.4355819,,,custom:libsad_search_2a8327787a9aac.so,/home/rzzhang/sad_merged/sad/build/libsad_search_2a8327787a9aac.so
2026-08-20T19:28:59.079442+00:00,20260820T190931,joint:rzz-hea:22:9a82e08bb9780281,ok,,rzz-hea,22,8,float64,42,32,2,128,2,2,0.25,rotation,rotation,8,8,compact:L3R0W0-L3R0W0-L3R0W0-L3R0W0-L3R0W0-L3R0W0-L2R0W0-L2R0W0,compact:L3R0W0-L3R0W0-L3R0W0-L3R0W0-L3R0W0-L3R0W0-L2R0W0-L2R0W0,,,merged,optimized,3,3,3,38.967522,38.993044,38.950010999999996,39.061599,0.048999998632654175,7.654331333333333,0.42119633333333334,30.917516333333335,,,custom:libsad_search_fce412939d20fb.so,/home/rzzhang/sad_merged/sad/build/libsad_search_fce412939d20fb.so
2026-08-20T19:28:59.332914+00:00,20260820T190931,joint:rzz-hea:6:1dc385f960d76b50,ok,,rzz-hea,6,8,float64,42,128,2,128,2,1,0.75,rotation,rotation,5,5,compact:L2R0W0-L1R0W0-L1R0W0-L1R0W0-L1R0W0,compact:L2R0W0-L1R0W0-L1R0W0-L1R0W0-L1R0W0,,,merged,optimized,20,3,20,0.46568,0.46540375,0.46347700000000003,0.467969,0.0011128754591147965,0.15974785,0.018718600000000002,0.2869373,,,custom:libsad_search_8fbfac92ec4bef.so,/home/rzzhang/sad_merged/sad/build/libsad_search_8fbfac92ec4bef.so
2026-08-20T19:28:59.349536+00:00,20260820T190931,joint:rzz-hea:22:8ea8078ebc0d15c7,ok,,rzz-hea,22,8,float64,42,32,2,32,2,2,0.75,rotation,rotation,18,18,compact:L2R0W0-L2R0W0-L2R0W0-L2R0W0-L1R0W0-L1R0W0-L1R0W0-L1R0W0-L1R0W0-L1R0W0-L1R0W0-L1R0W0-L1R0W0-L1R0W0-L1R0W0-L1R0W0-L1R0W0-L1R0W0,compact:L2R0W0-L2R0W0-L2R0W0-L2R0W0-L1R0W0-L1R0W0-L1R0W0-L1R0W0-L1R0W0-L1R0W0-L1R0W0-L1R0W0-L1R0W0-L1R0W0-L1R0W0-L1R0W0-L1R0W0-L1R0W0,,,merged,optimized,3,3,3,69.734633,69.73485466666666,69.593787,69.876144,0.1152718691162534,11.220545,0.42507500000000004,58.08923466666666,,,custom:libsad_search_dcff342f285260.so,/home/rzzhang/sad_merged/sad/build/libsad_search_dcff342f285260.so
2026-08-20T19:28:59.774798+00:00,20260820T190931,joint:rzz-hea:4:6dd85f2920072855,ok,,rzz-hea,4,8,float64,42,128,2,32,2,1,0.25,rotation,rotation,2,2,compact:L2R0W0-L2R0W0,compact:L2R0W0-L2R0W0,,,merged,optimized,20,3,20,0.2335455,0.23389000000000001,0.232369,0.23557099999999997,0.0007735953076382979,0.07364024999999999,0.01888635,0.1413634,,,custom:libsad_search_5851e15f736f52.so,/home/rzzhang/sad_merged/sad/build/libsad_search_5851e15f736f52.so
2026-08-20T19:28:59.785351+00:00,20260820T190931,joint:rzz-hea:24:01b11c70810264f0,ok,,rzz-hea,24,8,float64,42,32,2,32,2,1,0.25,rotation,rotation,9,9,compact:L3R0W0-L3R0W0-L3R0W0-L3R0W0-L3R0W0-L3R0W0-L2R0W0-L2R0W0-L2R0W0,compact:L3R0W0-L3R0W0-L3R0W0-L3R0W0-L3R0W0-L3R0W0-L2R0W0-L2R0W0-L2R0W0,,,split,optimized,3,3,3,202.51692100000002,204.31009633333335,200.66144,209.751928,3.921806671386055,62.322467333333336,2.2169019999999997,139.77072700000002,,,custom:libsad_search_3cb67c7e18cc99.so,/home/rzzhang/sad_merged/sad/build/libsad_search_3cb67c7e18cc99.so
2026-08-20T19:29:00.983259+00:00,20260820T190931,joint:rzz-hea:12:78beed2b15117ccc,ok,,rzz-hea,12,8,float64,42,32,2,32,2,2,0.25,rotation,rotation,4,4,compact:L3R0W0-L3R0W0-L3R0W0-L3R0W0,compact:L3R0W0-L3R0W0-L3R0W0-L3R0W0,,,split,optimized,10,3,10,0.6892155,0.714696,0.688943,0.774428,0.03888340772360366,0.2427149,0.0191224,0.45285869999999995,,,custom:libsad_search_16d9d6cef53b3d.so,/home/rzzhang/sad_merged/sad/build/libsad_search_16d9d6cef53b3d.so
2026-08-20T19:29:01.000541+00:00,20260820T190931,joint:rzz-hea:4:b72039d8060de319,ok,,rzz-hea,4,8,float64,42,32,2,128,2,1,0.75,rotation,rotation,3,3,compact:L2R0W0-L1R0W0-L1R0W0,compact:L2R0W0-L1R0W0-L1R0W0,,,merged,optimized,20,3,20,0.309197,0.3092621,0.30771,0.31123100000000004,0.0006834044117504697,0.08936630000000001,0.01911225,0.20078355,,,custom:libsad_search_2a8327787a9aac.so,/home/rzzhang/sad_merged/sad/build/libsad_search_2a8327787a9aac.so
2026-08-20T19:29:01.012391+00:00,20260820T190931,joint:rzz-hea:26:395c3ace43c70074,ok,,rzz-hea,26,8,float64,42,128,2,128,2,2,1.0,rotation,rotation,26,26,compact:L1R0W0-L1R0W0-L1R0W0-L1R0W0-L1R0W0-L1R0W0-L1R0W0-L1R0W0-L1R0W0-L1R0W0-L1R0W0-L1R0W0-L1R0W0-L1R0W0-L1R0W0-L1R0W0-L1R0W0-L1R0W0-L1R0W0-L1R0W0-L1R0W0-L1R0W0-L1R0W0-L1R0W0-L1R0W0-L1R0W0,compact:L1R0W0-L1R0W0-L1R0W0-L1R0W0-L1R0W0-L1R0W0-L1R0W0-L1R0W0-L1R0W0-L1R0W0-L1R0W0-L1R0W0-L1R0W0-L1R0W0-L1R0W0-L1R0W0-L1R0W0-L1R0W0-L1R0W0-L1R0W0-L1R0W0-L1R0W0-L1R0W0-L1R0W0-L1R0W0-L1R0W0,,,merged,optimized,2,3,2,1778.8073244999998,1778.8073244999998,1777.7949889999998,1779.8196599999999,1.012335500000063,518.0219609999999,10.2129485,1250.5724149999999,,,custom:libsad_search_b969ada61d8a74.so,/home/rzzhang/sad_merged/sad/build/libsad_search_b969ada61d8a74.so
2026-08-20T19:29:09.919721+00:00,20260820T190931,joint:rzz-hea:18:383fa8182b0ffc13,ok,,rzz-hea,18,8,float64,42,32,2,32,2,2,0.75,rotation,rotation,14,14,compact:L2R0W0-L2R0W0-L2R0W0-L2R0W0-L1R0W0-L1R0W0-L1R0W0-L1R0W0-L1R0W0-L1R0W0-L1R0W0-L1R0W0-L1R0W0-L1R0W0,compact:L2R0W0-L2R0W0-L2R0W0-L2R0W0-L1R0W0-L1R0W0-L1R0W0-L1R0W0-L1R0W0-L1R0W0-L1R0W0-L1R0W0-L1R0W0-L1R0W0,,,split,optimized,5,3,5,3.0791239999999998,3.0725341999999998,3.041163,3.090241,0.01714424852129708,1.0374443999999998,0.0357312,1.9993585999999999,,,custom:libsad_search_16d9d6cef53b3d.so,/home/rzzhang/sad_merged/sad/build/libsad_search_16d9d6cef53b3d.so
2026-08-20T19:29:09.963576+00:00,20260820T190931,joint:rzz-hea:10:af75e405621b703b,ok,,rzz-hea,10,8,float64,42,32,2,32,2,1,1.0,rotation,rotation,10,10,compact:L1R0W0-L1R0W0-L1R0W0-L1R0W0-L1R0W0-L1R0W0-L1R0W0-L1R0W0-L1R0W0-L1R0W0,compact:L1R0W0-L1R0W0-L1R0W0-L1R0W0-L1R0W0-L1R0W0-L1R0W0-L1R0W0-L1R0W0-L1R0W0,,,merged,optimized,10,3,10,0.797442,0.7987517,0.7958409999999999,0.805842,0.003157772444303106,0.33207369999999997,0.018954099999999998,0.4477239,,,custom:libsad_search_f9cdaf042a7bd6.so,/home/rzzhang/sad_merged/sad/build/libsad_search_f9cdaf042a7bd6.so
2026-08-20T19:29:09.983430+00:00,20260820T190931,joint:rzz-hea:16:77929fc162bc36c4,ok,,rzz-hea,16,8,float64,42,128,2,128,2,2,0.0,rotation,rotation,2,2,compact:L5R2W1-L5R2W1,compact:L5R2W1-L5R2W1,,,merged,optimized,5,3,5,1.027175,1.0270316,1.025735,1.027893,0.0007140491859808741,0.21197799999999997,0.01917,0.7958836,,,custom:libsad_search_b969ada61d8a74.so,/home/rzzhang/sad_merged/sad/build/libsad_search_b969ada61d8a74.so
2026-08-20T19:29:09.997489+00:00,20260820T190931,joint:rzz-hea:16:d76f03097e7c1ef5,ok,,rzz-hea,16,8,float64,42,128,2,32,2,1,0.0,legacy,legacy,0,0,,,,,not_applicable,legacy-generic,5,3,5,0.916088,0.9158388000000001,0.9144840000000001,0.91665,0.0007574091100587385,0.2507704,0.0186902,0.6463782,,,custom:libsad_search_eaf59e83158800.so,/home/rzzhang/sad_merged/sad/build/libsad_search_eaf59e83158800.so
2026-08-20T19:29:10.010082+00:00,20260820T190931,joint:rzz-hea:26:d0ca0845418b1902,ok,,rzz-hea,26,8,float64,42,32,2,32,2,1,1.0,rotation,rotation,26,26,compact:L1R0W0-L1R0W0-L1R0W0-L1R0W0-L1R0W0-L1R0W0-L1R0W0-L1R0W0-L1R0W0-L1R0W0-L1R0W0-L1R0W0-L1R0W0-L1R0W0-L1R0W0-L1R0W0-L1R0W0-L1R0W0-L1R0W0-L1R0W0-L1R0W0-L1R0W0-L1R0W0-L1R0W0-L1R0W0-L1R0W0,compact:L1R0W0-L1R0W0-L1R0W0-L1R0W0-L1R0W0-L1R0W0-L1R0W0-L1R0W0-L1R0W0-L1R0W0-L1R0W0-L1R0W0-L1R0W0-L1R0W0-L1R0W0-L1R0W0-L1R0W0-L1R0W0-L1R0W0-L1R0W0-L1R0W0-L1R0W0-L1R0W0-L1R0W0-L1R0W0-L1R0W0,,,split,optimized,2,3,2,1795.1548145,1795.1548145,1793.260919,1797.0487099999998,1.8938954999998714,562.3556795,10.304566000000001,1222.494569,,,custom:libsad_search_3cb67c7e18cc99.so,/home/rzzhang/sad_merged/sad/build/libsad_search_3cb67c7e18cc99.so
2026-08-20T19:29:18.999335+00:00,20260820T190931,joint:rzz-hea:22:cd5fff651e38df8b,ok,,rzz-hea,22,8,float64,42,64,2,64,2,2,0.5,rotation,rotation,12,12,compact:L2R0W0-L2R0W0-L2R0W0-L2R0W0-L2R0W0-L2R0W0-L2R0W0-L2R0W0-L2R0W0-L2R0W0-L1R0W0-L1R0W0,compact:L2R0W0-L2R0W0-L2R0W0-L2R0W0-L2R0W0-L2R0W0-L2R0W0-L2R0W0-L2R0W0-L2R0W0-L1R0W0-L1R0W0,,,merged,optimized,3,3,3,50.044129,50.077643,50.041098000000005,50.147702,0.04955464560126222,8.152019000000001,0.41939800000000005,41.506226,,,custom:libsad_search_97eec9f2a848ec.so,/home/rzzhang/sad_merged/sad/build/libsad_search_97eec9f2a848ec.so
2026-08-20T19:29:19.318318+00:00,20260820T190931,joint:rzz-hea:4:c0c91e8405677bd4,ok,,rzz-hea,4,8,float64,42,64,2,64,2,1,0.0,legacy,legacy,0,0,,,,,not_applicable,legacy-generic,20,3,20,0.2621835,0.2628798,0.260786,0.26929899999999996,0.0022313986779596284,0.0917329,0.018981599999999998,0.1521653,,,custom:libsad_search_5a6ce94d125b8e.so,/home/rzzhang/sad_merged/sad/build/libsad_search_5a6ce94d125b8e.so
2026-08-20T19:29:19.329412+00:00,20260820T190931,joint:rzz-hea:26:effa496d650bda64,ok,,rzz-hea,26,8,float64,42,64,2,64,2,1,0.5,rotation,rotation,15,15,compact:L2R0W0-L2R0W0-L2R0W0-L2R0W0-L2R0W0-L2R0W0-L2R0W0-L2R0W0-L2R0W0-L2R0W0-L2R0W0-L1R0W0-L1R0W0-L1R0W0-L1R0W0,compact:L2R0W0-L2R0W0-L2R0W0-L2R0W0-L2R0W0-L2R0W0-L2R0W0-L2R0W0-L2R0W0-L2R0W0-L2R0W0-L1R0W0-L1R0W0-L1R0W0-L1R0W0,,,merged,optimized,2,3,2,1129.252144,1129.252144,1128.392956,1130.111332,0.8591880000000174,313.13240750000006,10.8767255,805.2430109999999,,,custom:libsad_search_7e5293342e215a.so,/home/rzzhang/sad_merged/sad/build/libsad_search_7e5293342e215a.so
2026-08-20T19:29:24.962856+00:00,20260820T190931,joint:rzz-hea:26:0d70093956776fe2,ok,,rzz-hea,26,8,float64,42,128,2,32,2,1,1.0,rotation,rotation,26,26,compact:L1R0W0-L1R0W0-L1R0W0-L1R0W0-L1R0W0-L1R0W0-L1R0W0-L1R0W0-L1R0W0-L1R0W0-L1R0W0-L1R0W0-L1R0W0-L1R0W0-L1R0W0-L1R0W0-L1R0W0-L1R0W0-L1R0W0-L1R0W0-L1R0W0-L1R0W0-L1R0W0-L1R0W0-L1R0W0-L1R0W0,compact:L1R0W0-L1R0W0-L1R0W0-L1R0W0-L1R0W0-L1R0W0-L1R0W0-L1R0W0-L1R0W0-L1R0W0-L1R0W0-L1R0W0-L1R0W0-L1R0W0-L1R0W0-L1R0W0-L1R0W0-L1R0W0-L1R0W0-L1R0W0-L1R0W0-L1R0W0-L1R0W0-L1R0W0-L1R0W0-L1R0W0,,,split,optimized,2,3,2,1798.756674,1798.756674,1796.7241339999998,1800.7892140000001,2.0325400000001537,559.202375,10.165035499999998,1229.3892635,,,custom:libsad_search_7259903b8346c4.so,/home/rzzhang/sad_merged/sad/build/libsad_search_7259903b8346c4.so
2026-08-20T19:29:33.985798+00:00,20260820T190931,joint:rzz-hea:12:ba957e0ac05900ec,ok,,rzz-hea,12,8,float64,42,128,2,128,2,2,0.0,rotation,rotation,2,2,compact:L5R1W0-L5R1W0,compact:L5R1W0-L5R1W0,,,split,optimized,10,3,10,0.6435599999999999,0.6435541,0.642947,0.6441439999999999,0.0005216365497163396,0.1849808,0.0189288,0.43964449999999994,,,custom:libsad_search_d02bea87aa5c56.so,/home/rzzhang/sad_merged/sad/build/libsad_search_d02bea87aa5c56.so
2026-08-20T19:29:34.004969+00:00,20260820T190931,joint:rzz-hea:20:105374efe2271c50,ok,,rzz-hea,20,8,float64,42,64,2,64,2,2,1.0,rotation,rotation,20,20,compact:L1R0W0-L1R0W0-L1R0W0-L1R0W0-L1R0W0-L1R0W0-L1R0W0-L1R0W0-L1R0W0-L1R0W0-L1R0W0-L1R0W0-L1R0W0-L1R0W0-L1R0W0-L1R0W0-L1R0W0-L1R0W0-L1R0W0-L1R0W0,compact:L1R0W0-L1R0W0-L1R0W0-L1R0W0-L1R0W0-L1R0W0-L1R0W0-L1R0W0-L1R0W0-L1R0W0-L1R0W0-L1R0W0-L1R0W0-L1R0W0-L1R0W0-L1R0W0-L1R0W0-L1R0W0-L1R0W0-L1R0W0,,,merged,optimized,5,3,5,9.58527,9.5844254,9.57526,9.592964,0.007303169985697832,2.805148,0.0959302,6.6833472,,,custom:libsad_search_97eec9f2a848ec.so,/home/rzzhang/sad_merged/sad/build/libsad_search_97eec9f2a848ec.so
2026-08-20T19:29:34.095792+00:00,20260820T190931,joint:rzz-hea:10:8295ebcd4733e6d0,ok,,rzz-hea,10,8,float64,42,128,2,32,2,2,0.5,rotation,rotation,6,6,compact:L2R0W0-L2R0W0-L2R0W0-L2R0W0-L1R0W0-L1R0W0,compact:L2R0W0-L2R0W0-L2R0W0-L2R0W0-L1R0W0-L1R0W0,,,merged,optimized,10,3,10,0.648985,0.6544932,0.647048,0.66876,0.008263051455727486,0.2781428,0.0188557,0.3574947,,,custom:libsad_search_d014591f51543a.so,/home/rzzhang/sad_merged/sad/build/libsad_search_d014591f51543a.so
2026-08-20T19:29:34.109477+00:00,20260820T190931,joint:rzz-hea:20:8f485bfbb9b97ffb,ok,,rzz-hea,20,8,float64,42,32,2,32,2,2,0.25,rotation,rotation,7,7,compact:L3R0W0-L3R0W0-L3R0W0-L3R0W0-L3R0W0-L3R0W0-L2R0W0,compact:L3R0W0-L3R0W0-L3R0W0-L3R0W0-L3R0W0-L3R0W0-L2R0W0,,,split,optimized,5,3,5,7.606249,7.5870052,7.50798,7.609309,0.03959791059841411,2.1288585999999996,0.09946340000000001,5.358683200000001,,,custom:libsad_search_16d9d6cef53b3d.so,/home/rzzhang/sad_merged/sad/build/libsad_search_16d9d6cef53b3d.so
2026-08-20T19:29:34.176674+00:00,20260820T190931,joint:rzz-hea:18:62fa17e327a0cf40,ok,,rzz-hea,18,8,float64,42,32,2,32,2,1,0.25,rotation,rotation,7,7,compact:L3R0W0-L3R0W0-L3R0W0-L3R0W0-L2R0W0-L2R0W0-L2R0W0,compact:L3R0W0-L3R0W0-L3R0W0-L3R0W0-L2R0W0-L2R0W0-L2R0W0,,,merged,optimized,5,3,5,2.587635,2.5867626,2.581519,2.588536,0.002653992961558116,0.6501982000000001,0.035076800000000005,1.9014876,,,custom:libsad_search_f9cdaf042a7bd6.so,/home/rzzhang/sad_merged/sad/build/libsad_search_f9cdaf042a7bd6.so
2026-08-20T19:29:34.203120+00:00,20260820T190931,joint:rzz-hea:24:ecaad7924999276a,ok,,rzz-hea,24,8,float64,42,128,2,128,2,1,0.25,rotation,rotation,8,8,compact:L3R0W0-L3R0W0-L3R0W0-L3R0W0-L3R0W0-L3R0W0-L3R0W0-L3R0W0,compact:L3R0W0-L3R0W0-L3R0W0-L3R0W0-L3R0W0-L3R0W0-L3R0W0-L3R0W0,,,split,optimized,3,3,3,190.058595,187.83534899999998,180.275412,193.17204,5.494716888368507,57.025532999999996,2.109035333333333,128.70078066666665,,,custom:libsad_search_9361435758c99d.so,/home/rzzhang/sad_merged/sad/build/libsad_search_9361435758c99d.so
2026-08-20T19:29:35.300859+00:00,20260820T190931,joint:rzz-hea:12:2179ef7d6feab714,ok,,rzz-hea,12,8,float64,42,32,2,128,2,1,0.5,rotation,rotation,7,7,compact:L2R0W0-L2R0W0-L2R0W0-L2R0W0-L2R0W0-L1R0W0-L1R0W0,compact:L2R0W0-L2R0W0-L2R0W0-L2R0W0-L2R0W0-L1R0W0-L1R0W0,,,split,optimized,10,3,10,1.0731665,1.0737064,1.0709510000000002,1.081043,0.0026478842195231857,0.3422095,0.0189104,0.7125865,,,custom:libsad_search_0e4f539ceca897.so,/home/rzzhang/sad_merged/sad/build/libsad_search_0e4f539ceca897.so
2026-08-20T19:29:35.323374+00:00,20260820T190931,joint:rzz-hea:22:502ff4272adf6db9,ok,,rzz-hea,22,8,float64,42,128,2,32,2,1,0.25,rotation,rotation,8,8,compact:L3R0W0-L3R0W0-L3R0W0-L3R0W0-L3R0W0-L3R0W0-L2R0W0-L2R0W0,compact:L3R0W0-L3R0W0-L3R0W0-L3R0W0-L3R0W0-L3R0W0-L2R0W0-L2R0W0,,,split,optimized,3,3,3,38.877939,38.89220833333333,38.862866,38.93581999999999,0.031446058940489754,9.463358333333334,0.4687266666666666,28.960123333333335,,,custom:libsad_search_7259903b8346c4.so,/home/rzzhang/sad_merged/sad/build/libsad_search_7259903b8346c4.so
2026-08-20T19:29:35.561952+00:00,20260820T190931,joint:rzz-hea:12:0eda4b353ce15203,ok,,rzz-hea,12,8,float64,42,128,2,32,2,1,0.0,legacy,legacy,0,0,,,,,not_applicable,legacy-generic,10,3,10,0.649972,0.6474189,0.6423589999999999,0.651248,0.0036299722987923996,0.2414506,0.0190123,0.386956,,,custom:libsad_search_eaf59e83158800.so,/home/rzzhang/sad_merged/sad/build/libsad_search_eaf59e83158800.so
2026-08-20T19:29:35.575483+00:00,20260820T190931,joint:rzz-hea:20:3f3e1f12f515e7e5,ok,,rzz-hea,20,8,float64,42,32,2,128,2,2,0.75,rotation,rotation,16,16,compact:L2R0W0-L2R0W0-L2R0W0-L2R0W0-L1R0W0-L1R0W0-L1R0W0-L1R0W0-L1R0W0-L1R0W0-L1R0W0-L1R0W0-L1R0W0-L1R0W0-L1R0W0-L1R0W0,compact:L2R0W0-L2R0W0-L2R0W0-L2R0W0-L1R0W0-L1R0W0-L1R0W0-L1R0W0-L1R0W0-L1R0W0-L1R0W0-L1R0W0-L1R0W0-L1R0W0-L1R0W0-L1R0W0,,,merged,optimized,5,3,5,9.890757,9.9063778,9.857041,10.004589,0.05408414990882217,2.7991316,0.10135719999999998,7.005889,,,custom:libsad_search_fce412939d20fb.so,/home/rzzhang/sad_merged/sad/build/libsad_search_fce412939d20fb.so
2026-08-20T19:29:35.662844+00:00,20260820T190931,joint:rzz-hea:6:bab31da534a25d7f,ok,,rzz-hea,6,8,float64,42,64,2,64,2,2,1.0,rotation,rotation,6,6,compact:L1R0W0-L1R0W0-L1R0W0-L1R0W0-L1R0W0-L1R0W0,compact:L1R0W0-L1R0W0-L1R0W0-L1R0W0-L1R0W0-L1R0W0,,,split,optimized,20,3,20,0.482781,0.48246065,0.476084,0.4843859999999999,0.0017720582742957384,0.1791719,0.01878155,0.2845072,,,custom:libsad_search_20c37ff249ec0a.so,/home/rzzhang/sad_merged/sad/build/libsad_search_20c37ff249ec0a.so
2026-08-20T19:29:35.678687+00:00,20260820T190931,joint:rzz-hea:10:b790a67cafa8570c,ok,,rzz-hea,10,8,float64,42,128,2,128,2,2,0.25,rotation,rotation,4,4,compact:L3R0W0-L3R0W0-L2R0W0-L2R0W0,compact:L3R0W0-L3R0W0-L2R0W0-L2R0W0,,,merged,optimized,10,3,10,0.6000045,0.5987904000000001,0.5920380000000001,0.601047,0.003020877792960179,0.2076984,0.0187612,0.3723308,,,custom:libsad_search_b969ada61d8a74.so,/home/rzzhang/sad_merged/sad/build/libsad_search_b969ada61d8a74.so
2026-08-20T19:29:35.691495+00:00,20260820T190931,joint:rzz-hea:6:a622c4490487b93e,ok,,rzz-hea,6,8,float64,42,128,2,128,2,2,0.0,rotation,rotation,1,1,compact:L5R1W0,compact:L5R1W0,,,merged,optimized,20,3,20,0.2641585,0.26425740000000003,0.263062,0.269317,0.0013628583345307692,0.06695015,0.018604350000000002,0.17870290000000003,,,custom:libsad_search_b969ada61d8a74.so,/home/rzzhang/sad_merged/sad/build/libsad_search_b969ada61d8a74.so
2026-08-20T19:29:35.702229+00:00,20260820T190931,joint:rzz-hea:20:5c11ef2cdfda87ae,ok,,rzz-hea,20,8,float64,42,128,2,128,2,1,0.5,rotation,rotation,12,12,compact:L2R0W0-L2R0W0-L2R0W0-L2R0W0-L2R0W0-L2R0W0-L2R0W0-L2R0W0-L1R0W0-L1R0W0-L1R0W0-L1R0W0,compact:L2R0W0-L2R0W0-L2R0W0-L2R0W0-L2R0W0-L2R0W0-L2R0W0-L2R0W0-L1R0W0-L1R0W0-L1R0W0-L1R0W0,,,merged,optimized,5,3,5,8.825884999999998,8.809913599999998,8.672362,8.880137,0.0724193580352655,2.1884993999999995,0.09933800000000001,6.5220762,,,custom:libsad_search_8fbfac92ec4bef.so,/home/rzzhang/sad_merged/sad/build/libsad_search_8fbfac92ec4bef.so
2026-08-20T19:29:35.778551+00:00,20260820T190931,joint:rzz-hea:22:f3bc57fb312c1351,ok,,rzz-hea,22,8,float64,42,128,2,32,2,2,1.0,rotation,rotation,22,22,compact:L1R0W0-L1R0W0-L1R0W0-L1R0W0-L1R0W0-L1R0W0-L1R0W0-L1R0W0-L1R0W0-L1R0W0-L1R0W0-L1R0W0-L1R0W0-L1R0W0-L1R0W0-L1R0W0-L1R0W0-L1R0W0-L1R0W0-L1R0W0-L1R0W0-L1R0W0,compact:L1R0W0-L1R0W0-L1R0W0-L1R0W0-L1R0W0-L1R0W0-L1R0W0-L1R0W0-L1R0W0-L1R0W0-L1R0W0-L1R0W0-L1R0W0-L1R0W0-L1R0W0-L1R0W0-L1R0W0-L1R0W0-L1R0W0-L1R0W0-L1R0W0-L1R0W0,,,split,optimized,3,3,3,80.842315,80.85175600000001,80.805291,80.907662,0.042322608386852076,12.571204000000002,0.4310593333333333,67.84949266666666,,,custom:libsad_search_3b115211f38255.so,/home/rzzhang/sad_merged/sad/build/libsad_search_3b115211f38255.so
2026-08-20T19:29:36.271437+00:00,20260820T190931,joint:rzz-hea:6:4bc963b56c41c5e9,ok,,rzz-hea,6,8,float64,42,128,2,128,2,1,0.25,rotation,rotation,2,2,compact:L3R0W0-L3R0W0,compact:L3R0W0-L3R0W0,,,merged,optimized,20,3,20,0.349163,0.34924585,0.348081,0.352119,0.000920626377799382,0.10000914999999999,0.0188051,0.2304316,,,custom:libsad_search_8fbfac92ec4bef.so,/home/rzzhang/sad_merged/sad/build/libsad_search_8fbfac92ec4bef.so
2026-08-20T19:29:36.284219+00:00,20260820T190931,joint:rzz-hea:12:a5993d99a54c2bc2,ok,,rzz-hea,12,8,float64,42,128,2,32,2,1,0.5,rotation,rotation,7,7,compact:L2R0W0-L2R0W0-L2R0W0-L2R0W0-L2R0W0-L1R0W0-L1R0W0,compact:L2R0W0-L2R0W0-L2R0W0-L2R0W0-L2R0W0-L1R0W0-L1R0W0,,,merged,optimized,10,3,10,0.8186169999999999,0.8182322,0.813396,0.821363,0.0021454578439111674,0.3536497,0.0191558,0.4454267,,,custom:libsad_search_5851e15f736f52.so,/home/rzzhang/sad_merged/sad/build/libsad_search_5851e15f736f52.so
2026-08-20T19:29:36.299815+00:00,20260820T190931,joint:rzz-hea:8:be6b174dd21d6eb3,ok,,rzz-hea,8,8,float64,42,128,2,32,2,2,0.75,rotation,rotation,6,6,compact:L2R0W0-L2R0W0-L1R0W0-L1R0W0-L1R0W0-L1R0W0,compact:L2R0W0-L2R0W0-L1R0W0-L1R0W0-L1R0W0-L1R0W0,,,merged,optimized,20,3,20,0.5363335,0.5383189,0.5347270000000001,0.5437379999999999,0.0034860476459738425,0.22043735,0.01880765,0.2990739,,,custom:libsad_search_d014591f51543a.so,/home/rzzhang/sad_merged/sad/build/libsad_search_d014591f51543a.so
2026-08-20T19:29:36.317035+00:00,20260820T190931,joint:rzz-hea:20:2860ebc94078500a,ok,,rzz-hea,20,8,float64,42,32,2,32,2,1,1.0,rotation,rotation,20,20,compact:L1R0W0-L1R0W0-L1R0W0-L1R0W0-L1R0W0-L1R0W0-L1R0W0-L1R0W0-L1R0W0-L1R0W0-L1R0W0-L1R0W0-L1R0W0-L1R0W0-L1R0W0-L1R0W0-L1R0W0-L1R0W0-L1R0W0-L1R0W0,compact:L1R0W0-L1R0W0-L1R0W0-L1R0W0-L1R0W0-L1R0W0-L1R0W0-L1R0W0-L1R0W0-L1R0W0-L1R0W0-L1R0W0-L1R0W0-L1R0W0-L1R0W0-L1R0W0-L1R0W0-L1R0W0-L1R0W0-L1R0W0,,,split,optimized,5,3,5,10.208311000000002,10.034961200000001,9.581906000000002,10.228684999999999,0.2500021920155096,3.4371528000000002,0.09954779999999999,6.4982606,,,custom:libsad_search_3cb67c7e18cc99.so,/home/rzzhang/sad_merged/sad/build/libsad_search_3cb67c7e18cc99.so
2026-08-20T19:29:36.402323+00:00,20260820T190931,joint:rzz-hea:26:f6613a08b70da784,ok,,rzz-hea,26,8,float64,42,32,2,32,2,1,0.5,rotation,rotation,15,15,compact:L2R0W0-L2R0W0-L2R0W0-L2R0W0-L2R0W0-L2R0W0-L2R0W0-L2R0W0-L2R0W0-L2R0W0-L2R0W0-L1R0W0-L1R0W0-L1R0W0-L1R0W0,compact:L2R0W0-L2R0W0-L2R0W0-L2R0W0-L2R0W0-L2R0W0-L2R0W0-L2R0W0-L2R0W0-L2R0W0-L2R0W0-L1R0W0-L1R0W0-L1R0W0-L1R0W0,,,split,optimized,2,3,2,1136.8844735,1136.8844735,1136.381803,1137.387144,0.502670500000022,352.9771375,10.277308,773.630028,,,custom:libsad_search_3cb67c7e18cc99.so,/home/rzzhang/sad_merged/sad/build/libsad_search_3cb67c7e18cc99.so
2026-08-20T19:29:42.097279+00:00,20260820T190931,joint:rzz-hea:28:767c1dd345484466,ok,,rzz-hea,28,8,float64,42,32,2,128,2,2,0.25,rotation,rotation,10,10,compact:L3R0W0-L3R0W0-L3R0W0-L3R0W0-L3R0W0-L3R0W0-L3R0W0-L3R0W0-L2R0W0-L2R0W0,compact:L3R0W0-L3R0W0-L3R0W0-L3R0W0-L3R0W0-L3R0W0-L3R0W0-L3R0W0-L2R0W0-L2R0W0,,,split,optimized,2,3,2,3525.9683320000004,3525.9683320000004,3525.5735,3526.3631640000003,0.3948320000001786,1103.734205,83.931923,2338.302204,,,custom:libsad_search_2a0e4369743c84.so,/home/rzzhang/sad_merged/sad/build/libsad_search_2a0e4369743c84.so
2026-08-20T19:29:59.766861+00:00,20260820T190931,joint:rzz-hea:20:eb09e1f099cd7a16,ok,,rzz-hea,20,8,float64,42,128,2,128,2,1,0.0,rotation,rotation,3,3,compact:L5R2W0-L5R2W0-L5R1W0,compact:L5R2W0-L5R2W0-L5R1W0,,,merged,optimized,5,3,5,7.828399999999999,7.8583658,7.734542,7.993327999999999,0.08744487264648469,1.6885127999999998,0.101246,6.068607,,,custom:libsad_search_8fbfac92ec4bef.so,/home/rzzhang/sad_merged/sad/build/libsad_search_8fbfac92ec4bef.so
2026-08-20T19:29:59.851977+00:00,20260820T190931,joint:rzz-hea:28:2f5cd74842796060,ok,,rzz-hea,28,8,float64,42,128,2,32,2,1,0.5,rotation,rotation,16,16,compact:L2R0W0-L2R0W0-L2R0W0-L2R0W0-L2R0W0-L2R0W0-L2R0W0-L2R0W0-L2R0W0-L2R0W0-L2R0W0-L2R0W0-L1R0W0-L1R0W0-L1R0W0-L1R0W0,compact:L2R0W0-L2R0W0-L2R0W0-L2R0W0-L2R0W0-L2R0W0-L2R0W0-L2R0W0-L2R0W0-L2R0W0-L2R0W0-L2R0W0-L1R0W0-L1R0W0-L1R0W0-L1R0W0,,,split,optimized,2,3,2,4851.9129685,4851.9129685,4847.721853999999,4856.104083,4.191114500000367,1486.7656849999998,86.144467,3279.0028165000003,,,custom:libsad_search_7259903b8346c4.so,/home/rzzhang/sad_merged/sad/build/libsad_search_7259903b8346c4.so
2026-08-20T19:30:24.163890+00:00,20260820T190931,joint:rzz-hea:4:edd8bec25639e9f1,ok,,rzz-hea,4,8,float64,42,64,2,64,2,2,1.0,rotation,rotation,4,4,compact:L1R0W0-L1R0W0-L1R0W0-L1R0W0,compact:L1R0W0-L1R0W0-L1R0W0-L1R0W0,,,merged,optimized,20,3,20,0.2988315,0.29916774999999995,0.29759299999999994,0.306153,0.001883316751770669,0.10160325,0.01897205,0.17859245,,,custom:libsad_search_97eec9f2a848ec.so,/home/rzzhang/sad_merged/sad/build/libsad_search_97eec9f2a848ec.so
2026-08-20T19:30:24.181118+00:00,20260820T190931,joint:rzz-hea:14:55e41ccf3dd4b290,ok,,rzz-hea,14,8,float64,42,128,2,128,2,2,0.0,rotation,rotation,2,2,compact:L5R2W0-L5R2W0,compact:L5R2W0-L5R2W0,,,split,optimized,10,3,10,0.6747449999999999,0.6746736,0.673715,0.676874,0.0009690923794974286,0.1918373,0.018739699999999998,0.46409659999999997,,,custom:libsad_search_d02bea87aa5c56.so,/home/rzzhang/sad_merged/sad/build/libsad_search_d02bea87aa5c56.so
2026-08-20T19:30:24.200026+00:00,20260820T190931,joint:rzz-hea:14:68fe8ae880c2f0de,ok,,rzz-hea,14,8,float64,42,32,2,128,2,1,0.0,rotation,rotation,2,2,compact:L5R2W0-L5R2W0,compact:L5R2W0-L5R2W0,,,merged,optimized,10,3,10,0.594911,0.5961371,0.592983,0.607891,0.004037582703796901,0.1499279,0.0187997,0.4274095,,,custom:libsad_search_2a8327787a9aac.so,/home/rzzhang/sad_merged/sad/build/libsad_search_2a8327787a9aac.so
2026-08-20T19:30:24.217745+00:00,20260820T190931,joint:rzz-hea:20:21719ddeb9335499,ok,,rzz-hea,20,8,float64,42,32,2,128,2,1,0.0,rotation,rotation,3,3,compact:L5R2W0-L5R2W0-L5R1W0,compact:L5R2W0-L5R2W0-L5R1W0,,,split,optimized,5,3,5,7.293539999999999,7.2982233999999995,7.27172,7.326671,0.02126847396124118,1.8406398000000002,0.0992984,5.3582852,,,custom:libsad_search_0e4f539ceca897.so,/home/rzzhang/sad_merged/sad/build/libsad_search_0e4f539ceca897.so
2026-08-20T19:30:24.296873+00:00,20260820T190931,joint:rzz-hea:4:06bc27733826964c,ok,,rzz-hea,4,8,float64,42,128,2,32,2,1,0.0,rotation,rotation,1,1,compact:L4R0W0,compact:L4R0W0,,,merged,optimized,20,3,20,0.1729975,0.1730698,0.171898,0.17508500000000002,0.0007717025074470096,0.04900485,0.018650749999999997,0.1054142,,,custom:libsad_search_5851e15f736f52.so,/home/rzzhang/sad_merged/sad/build/libsad_search_5851e15f736f52.so
2026-08-20T19:30:24.311792+00:00,20260820T190931,joint:rzz-hea:16:237172fdf69f5618,ok,,rzz-hea,16,8,float64,42,64,2,64,2,1,0.0,rotation,rotation,2,2,compact:L5R2W1-L5R2W1,compact:L5R2W1-L5R2W1,,,merged,optimized,5,3,5,1.0106469999999999,1.0108257999999999,1.010579,1.011638,0.0004068962521331981,0.2134182,0.018525999999999997,0.7788816000000001,,,custom:libsad_search_7e5293342e215a.so,/home/rzzhang/sad_merged/sad/build/libsad_search_7e5293342e215a.so
2026-08-20T19:30:24.334583+00:00,20260820T190931,joint:rzz-hea:14:5d175db3584d03e7,ok,,rzz-hea,14,8,float64,42,32,2,32,2,2,1.0,rotation,rotation,14,14,compact:L1R0W0-L1R0W0-L1R0W0-L1R0W0-L1R0W0-L1R0W0-L1R0W0-L1R0W0-L1R0W0-L1R0W0-L1R0W0-L1R0W0-L1R0W0-L1R0W0,compact:L1R0W0-L1R0W0-L1R0W0-L1R0W0-L1R0W0-L1R0W0-L1R0W0-L1R0W0-L1R0W0-L1R0W0-L1R0W0-L1R0W0-L1R0W0-L1R0W0,,,split,optimized,10,3,10,1.2923955,1.2925485,1.291125,1.2942209999999998,0.000911200663959301,0.5157556000000001,0.018877100000000004,0.7579158,,,custom:libsad_search_16d9d6cef53b3d.so,/home/rzzhang/sad_merged/sad/build/libsad_search_16d9d6cef53b3d.so
2026-08-20T19:30:24.362158+00:00,20260820T190931,joint:rzz-hea:28:5db1a1dca21f4366,ok,,rzz-hea,28,8,float64,42,32,2,32,2,1,0.75,rotation,rotation,22,22,compact:L2R0W0-L2R0W0-L2R0W0-L2R0W0-L2R0W0-L2R0W0-L1R0W0-L1R0W0-L1R0W0-L1R0W0-L1R0W0-L1R0W0-L1R0W0-L1R0W0-L1R0W0-L1R0W0-L1R0W0-L1R0W0-L1R0W0-L1R0W0-L1R0W0-L1R0W0,compact:L2R0W0-L2R0W0-L2R0W0-L2R0W0-L2R0W0-L2R0W0-L1R0W0-L1R0W0-L1R0W0-L1R0W0-L1R0W0-L1R0W0-L1R0W0-L1R0W0-L1R0W0-L1R0W0-L1R0W0-L1R0W0-L1R0W0-L1R0W0-L1R0W0-L1R0W0,,,merged,optimized,2,3,2,6225.305335499999,6225.305335499999,6224.219007999999,6226.391662999999,1.0863275000001522,1767.1630575,84.7814705,4373.360807499999,,,custom:libsad_search_f9cdaf042a7bd6.so,/home/rzzhang/sad_merged/sad/build/libsad_search_f9cdaf042a7bd6.so
2026-08-20T19:30:55.538474+00:00,20260820T190931,joint:rzz-hea:26:ab9509f92b20d929,ok,,rzz-hea,26,8,float64,42,32,2,128,2,1,0.75,rotation,rotation,20,20,compact:L2R0W0-L2R0W0-L2R0W0-L2R0W0-L2R0W0-L2R0W0-L1R0W0-L1R0W0-L1R0W0-L1R0W0-L1R0W0-L1R0W0-L1R0W0-L1R0W0-L1R0W0-L1R0W0-L1R0W0-L1R0W0-L1R0W0-L1R0W0,compact:L2R0W0-L2R0W0-L2R0W0-L2R0W0-L2R0W0-L2R0W0-L1R0W0-L1R0W0-L1R0W0-L1R0W0-L1R0W0-L1R0W0-L1R0W0-L1R0W0-L1R0W0-L1R0W0-L1R0W0-L1R0W0-L1R0W0-L1R0W0,,,merged,optimized,2,3,2,1422.838333,1422.838333,1422.2316689999998,1423.444997,0.6066640000001371,411.20090949999997,10.2103635,1001.4270600000001,,,custom:libsad_search_2a8327787a9aac.so,/home/rzzhang/sad_merged/sad/build/libsad_search_2a8327787a9aac.so
2026-08-20T19:31:02.692485+00:00,20260820T190931,joint:rzz-hea:10:49c5ae5c399f321b,ok,,rzz-hea,10,8,float64,42,32,2,32,2,1,0.25,rotation,rotation,4,4,compact:L3R0W0-L3R0W0-L2R0W0-L2R0W0,compact:L3R0W0-L3R0W0-L2R0W0-L2R0W0,,,split,optimized,10,3,10,0.57338,0.5731959,0.5712379999999999,0.575617,0.0013979896601906806,0.19852799999999998,0.0191044,0.3555635,,,custom:libsad_search_3cb67c7e18cc99.so,/home/rzzhang/sad_merged/sad/build/libsad_search_3cb67c7e18cc99.so
2026-08-20T19:31:02.711551+00:00,20260820T190931,joint:rzz-hea:6:398fb7f880cb356c,ok,,rzz-hea,6,8,float64,42,32,2,32,2,1,0.0,rotation,rotation,1,1,compact:L5R1W0,compact:L5R1W0,,,split,optimized,20,3,20,0.27170799999999995,0.27285909999999997,0.268557,0.277543,0.003623623102641889,0.0824638,0.019001300000000002,0.17139400000000002,,,custom:libsad_search_3cb67c7e18cc99.so,/home/rzzhang/sad_merged/sad/build/libsad_search_3cb67c7e18cc99.so
2026-08-20T19:31:02.728265+00:00,20260820T190931,joint:rzz-hea:10:098431001d4313be,ok,,rzz-hea,10,8,float64,42,32,2,128,2,2,0.75,rotation,rotation,8,8,compact:L2R0W0-L2R0W0-L1R0W0-L1R0W0-L1R0W0-L1R0W0-L1R0W0-L1R0W0,compact:L2R0W0-L2R0W0-L1R0W0-L1R0W0-L1R0W0-L1R0W0-L1R0W0-L1R0W0,,,split,optimized,10,3,10,0.8944479999999999,0.8940085,0.889627,0.89878,0.003401194474004679,0.3020686,0.019211,0.5727289,,,custom:libsad_search_2a0e4369743c84.so,/home/rzzhang/sad_merged/sad/build/libsad_search_2a0e4369743c84.so
2026-08-20T19:31:02.751578+00:00,20260820T190931,joint:rzz-hea:4:73e96bef9339fdcb,ok,,rzz-hea,4,8,float64,42,128,2,128,2,2,0.5,rotation,rotation,2,2,compact:L2R0W0-L2R0W0,compact:L2R0W0-L2R0W0,,,merged,optimized,20,3,20,0.2343405,0.23554360000000002,0.23328599999999997,0.24259199999999997,0.0030513970308696297,0.06589389999999999,0.018768899999999998,0.15088079999999998,,,custom:libsad_search_b969ada61d8a74.so,/home/rzzhang/sad_merged/sad/build/libsad_search_b969ada61d8a74.so
2026-08-20T19:31:02.765521+00:00,20260820T190931,joint:rzz-hea:22:4b09f28ede8de076,ok,,rzz-hea,22,8,float64,42,128,2,128,2,1,0.75,rotation,rotation,17,17,compact:L2R0W0-L2R0W0-L2R0W0-L2R0W0-L2R0W0-L1R0W0-L1R0W0-L1R0W0-L1R0W0-L1R0W0-L1R0W0-L1R0W0-L1R0W0-L1R0W0-L1R0W0-L1R0W0-L1R0W0,compact:L2R0W0-L2R0W0-L2R0W0-L2R0W0-L2R0W0-L1R0W0-L1R0W0-L1R0W0-L1R0W0-L1R0W0-L1R0W0-L1R0W0-L1R0W0-L1R0W0-L1R0W0-L1R0W0-L1R0W0,,,split,optimized,3,3,3,65.007026,65.11971433333333,64.961893,65.390224,0.19216461127955575,10.966442333333333,0.42572766666666667,53.72754433333334,,,custom:libsad_search_9361435758c99d.so,/home/rzzhang/sad_merged/sad/build/libsad_search_9361435758c99d.so
2026-08-20T19:31:03.165465+00:00,20260820T190931,joint:rzz-hea:20:6955c693853c501e,ok,,rzz-hea,20,8,float64,42,128,2,32,2,2,0.5,rotation,rotation,12,12,compact:L2R0W0-L2R0W0-L2R0W0-L2R0W0-L2R0W0-L2R0W0-L2R0W0-L2R0W0-L1R0W0-L1R0W0-L1R0W0-L1R0W0,compact:L2R0W0-L2R0W0-L2R0W0-L2R0W0-L2R0W0-L2R0W0-L2R0W0-L2R0W0-L1R0W0-L1R0W0-L1R0W0-L1R0W0,,,merged,optimized,5,3,5,8.695860999999999,8.712580399999998,8.639598999999999,8.779666,0.05569906914338891,2.2352804,0.1008102,6.3764898,,,custom:libsad_search_d014591f51543a.so,/home/rzzhang/sad_merged/sad/build/libsad_search_d014591f51543a.so
2026-08-20T19:31:03.243087+00:00,20260820T190931,joint:rzz-hea:24:026d53801b03d68c,ok,,rzz-hea,24,8,float64,42,32,2,128,2,1,0.5,rotation,rotation,14,14,compact:L2R0W0-L2R0W0-L2R0W0-L2R0W0-L2R0W0-L2R0W0-L2R0W0-L2R0W0-L2R0W0-L2R0W0-L1R0W0-L1R0W0-L1R0W0-L1R0W0,compact:L2R0W0-L2R0W0-L2R0W0-L2R0W0-L2R0W0-L2R0W0-L2R0W0-L2R0W0-L2R0W0-L2R0W0-L1R0W0-L1R0W0-L1R0W0-L1R0W0,,,merged,optimized,3,3,3,261.431086,261.6131213333333,259.71797699999996,263.69030100000003,1.6267948318048542,71.758611,1.966518,187.88799233333333,,,custom:libsad_search_2a8327787a9aac.so,/home/rzzhang/sad_merged/sad/build/libsad_search_2a8327787a9aac.so
2026-08-20T19:31:04.818433+00:00,20260820T190931,joint:rzz-hea:24:2382ce275c893fea,ok,,rzz-hea,24,8,float64,42,32,2,128,2,1,0.25,rotation,rotation,9,8,compact:L3R0W0-L3R0W0-L3R0W0-L3R0W0-L3R0W0-L3R0W0-L2R0W0-L2R0W0-L2R0W0,compact:L3R0W0-L3R0W0-L3R0W0-L3R0W0-L3R0W0-L3R0W0-L3R0W0-L3R0W0,,,merged,optimized,3,3,3,174.893969,175.7071696666667,174.86297000000002,177.36457,1.1720273413193898,48.78160566666667,1.953195,124.97236900000001,,,custom:libsad_search_2a8327787a9aac.so,/home/rzzhang/sad_merged/sad/build/libsad_search_2a8327787a9aac.so
2026-08-20T19:31:05.889568+00:00,20260820T190931,joint:rzz-hea:8:1ced8e9f3ac84e33,ok,,rzz-hea,8,8,float64,42,128,2,32,2,1,0.0,rotation,rotation,1,2,compact:L5R2W1,compact:L4R0W0-L4R0W0,,,split,optimized,20,3,20,0.39834099999999995,0.39818834999999997,0.392055,0.400296,0.001640666184054512,0.1202142,0.0188238,0.25915035,,,custom:libsad_search_7259903b8346c4.so,/home/rzzhang/sad_merged/sad/build/libsad_search_7259903b8346c4.so
2026-08-20T19:31:05.907217+00:00,20260820T190931,joint:rzz-hea:14:4e884356be6aacf7,ok,,rzz-hea,14,8,float64,42,32,2,128,2,1,0.75,rotation,rotation,11,11,compact:L2R0W0-L2R0W0-L2R0W0-L1R0W0-L1R0W0-L1R0W0-L1R0W0-L1R0W0-L1R0W0-L1R0W0-L1R0W0,compact:L2R0W0-L2R0W0-L2R0W0-L1R0W0-L1R0W0-L1R0W0-L1R0W0-L1R0W0-L1R0W0-L1R0W0-L1R0W0,,,merged,optimized,10,3,10,1.2349485,1.2398152,1.233622,1.282074,0.014176561309429006,0.4349723,0.019023299999999996,0.7858196,,,custom:libsad_search_2a8327787a9aac.so,/home/rzzhang/sad_merged/sad/build/libsad_search_2a8327787a9aac.so
2026-08-20T19:31:05.928535+00:00,20260820T190931,joint:rzz-hea:22:4ded93e1503103e5,ok,,rzz-hea,22,8,float64,42,32,2,128,2,2,0.25,rotation,rotation,8,8,compact:L3R0W0-L3R0W0-L3R0W0-L3R0W0-L3R0W0-L3R0W0-L2R0W0-L2R0W0,compact:L3R0W0-L3R0W0-L3R0W0-L3R0W0-L3R0W0-L3R0W0-L2R0W0-L2R0W0,,,split,optimized,3,3,3,38.491212,38.44936833333333,38.343044,38.513849,0.0757485152168382,9.366919,0.444463,28.637986333333334,,,custom:libsad_search_2a0e4369743c84.so,/home/rzzhang/sad_merged/sad/build/libsad_search_2a0e4369743c84.so
2026-08-20T19:31:06.166315+00:00,20260820T190931,joint:rzz-hea:14:f0670d797643718e,ok,,rzz-hea,14,8,float64,42,64,2,64,2,1,0.5,rotation,rotation,8,8,compact:L2R0W0-L2R0W0-L2R0W0-L2R0W0-L2R0W0-L2R0W0-L1R0W0-L1R0W0,compact:L2R0W0-L2R0W0-L2R0W0-L2R0W0-L2R0W0-L2R0W0-L1R0W0-L1R0W0,,,split,optimized,10,3,10,1.0606165,1.0689874,1.058636,1.122229,0.019873767238246496,0.3948531,0.019241199999999997,0.6548931,,,custom:libsad_search_7ec063ebc99501.so,/home/rzzhang/sad_merged/sad/build/libsad_search_7ec063ebc99501.so
2026-08-20T19:31:06.185974+00:00,20260820T190931,joint:rzz-hea:28:a7a50fc8aa490af2,ok,,rzz-hea,28,8,float64,42,32,2,32,2,1,0.0,rotation,rotation,4,4,compact:L5R2W0-L5R2W0-L5R2W0-L5R2W0,compact:L5R2W0-L5R2W0-L5R2W0-L5R2W0,,,merged,optimized,2,3,2,2725.1195445000003,2725.1195445000003,2720.515854,2729.723235,4.603690499999857,674.637785,85.5644925,1964.917267,,,custom:libsad_search_f9cdaf042a7bd6.so,/home/rzzhang/sad_merged/sad/build/libsad_search_f9cdaf042a7bd6.so
2026-08-20T19:31:19.838068+00:00,20260820T190931,joint:rzz-hea:22:dcb766f80a748b5f,ok,,rzz-hea,22,8,float64,42,128,2,128,2,1,1.0,rotation,rotation,22,22,compact:L1R0W0-L1R0W0-L1R0W0-L1R0W0-L1R0W0-L1R0W0-L1R0W0-L1R0W0-L1R0W0-L1R0W0-L1R0W0-L1R0W0-L1R0W0-L1R0W0-L1R0W0-L1R0W0-L1R0W0-L1R0W0-L1R0W0-L1R0W0-L1R0W0-L1R0W0,compact:L1R0W0-L1R0W0-L1R0W0-L1R0W0-L1R0W0-L1R0W0-L1R0W0-L1R0W0-L1R0W0-L1R0W0-L1R0W0-L1R0W0-L1R0W0-L1R0W0-L1R0W0-L1R0W0-L1R0W0-L1R0W0-L1R0W0-L1R0W0-L1R0W0-L1R0W0,,,split,optimized,3,3,3,81.764341,82.12825,80.681583,83.93882599999999,1.3544323067797273,12.369092,0.40905833333333336,69.35009966666667,,,custom:libsad_search_9361435758c99d.so,/home/rzzhang/sad_merged/sad/build/libsad_search_9361435758c99d.so
2026-08-20T19:31:20.354822+00:00,20260820T190931,joint:rzz-hea:16:dd35922b4ff6ec65,ok,,rzz-hea,16,8,float64,42,64,2,64,2,1,0.0,legacy,legacy,0,0,,,,,not_applicable,legacy-generic,5,3,5,1.0175049999999999,1.0179934,1.016576,1.019886,0.0011989604830852756,0.2802122,0.0190646,0.7187165999999999,,,custom:libsad_search_5a6ce94d125b8e.so,/home/rzzhang/sad_merged/sad/build/libsad_search_5a6ce94d125b8e.so
2026-08-20T19:31:20.368473+00:00,20260820T190931,joint:rzz-hea:16:7760b3d21c21c242,ok,,rzz-hea,16,8,float64,42,64,2,64,2,2,0.75,rotation,rotation,12,12,compact:L2R0W0-L2R0W0-L2R0W0-L2R0W0-L1R0W0-L1R0W0-L1R0W0-L1R0W0-L1R0W0-L1R0W0-L1R0W0-L1R0W0,compact:L2R0W0-L2R0W0-L2R0W0-L2R0W0-L1R0W0-L1R0W0-L1R0W0-L1R0W0-L1R0W0-L1R0W0-L1R0W0-L1R0W0,,,split,optimized,5,3,5,1.691614,1.6902762,1.6864279999999998,1.692688,0.0025280560436826234,0.5893269999999999,0.0194508,1.0814983999999999,,,custom:libsad_search_20c37ff249ec0a.so,/home/rzzhang/sad_merged/sad/build/libsad_search_20c37ff249ec0a.so
2026-08-20T19:31:20.387469+00:00,20260820T190931,joint:rzz-hea:18:663f45cc4879caa4,ok,,rzz-hea,18,8,float64,42,32,2,128,2,1,0.5,rotation,rotation,10,10,compact:L2R0W0-L2R0W0-L2R0W0-L2R0W0-L2R0W0-L2R0W0-L2R0W0-L2R0W0-L1R0W0-L1R0W0,compact:L2R0W0-L2R0W0-L2R0W0-L2R0W0-L2R0W0-L2R0W0-L2R0W0-L2R0W0-L1R0W0-L1R0W0,,,merged,optimized,5,3,5,2.978414,2.9762619999999997,2.9685979999999996,2.981933,0.004886880845693069,0.7639077999999999,0.0355214,2.1768328,,,custom:libsad_search_2a8327787a9aac.so,/home/rzzhang/sad_merged/sad/build/libsad_search_2a8327787a9aac.so
2026-08-20T19:31:20.416592+00:00,20260820T190931,joint:rzz-hea:28:63ddb003e056a66c,ok,,rzz-hea,28,8,float64,42,128,2,128,2,1,0.75,rotation,rotation,22,22,compact:L2R0W0-L2R0W0-L2R0W0-L2R0W0-L2R0W0-L2R0W0-L1R0W0-L1R0W0-L1R0W0-L1R0W0-L1R0W0-L1R0W0-L1R0W0-L1R0W0-L1R0W0-L1R0W0-L1R0W0-L1R0W0-L1R0W0-L1R0W0-L1R0W0-L1R0W0,compact:L2R0W0-L2R0W0-L2R0W0-L2R0W0-L2R0W0-L2R0W0-L1R0W0-L1R0W0-L1R0W0-L1R0W0-L1R0W0-L1R0W0-L1R0W0-L1R0W0-L1R0W0-L1R0W0-L1R0W0-L1R0W0-L1R0W0-L1R0W0-L1R0W0-L1R0W0,,,split,optimized,2,3,2,6276.313410500001,6276.313410500001,6273.990004,6278.6368170000005,2.3234065000001465,1927.2275615,86.04214700000001,4263.043702,,,custom:libsad_search_9361435758c99d.so,/home/rzzhang/sad_merged/sad/build/libsad_search_9361435758c99d.so
2026-08-20T19:31:51.807265+00:00,20260820T190931,joint:rzz-hea:20:23afea57739e5687,ok,,rzz-hea,20,8,float64,42,32,2,128,2,2,0.0,rotation,rotation,3,3,compact:L5R2W0-L5R2W0-L5R1W0,compact:L5R2W0-L5R2W0-L5R1W0,,,split,optimized,5,3,5,7.287725,7.2867842,7.278741,7.293887000000001,0.004876440234433468,1.8456234000000002,0.09932619999999999,5.3418346,,,custom:libsad_search_2a0e4369743c84.so,/home/rzzhang/sad_merged/sad/build/libsad_search_2a0e4369743c84.so
2026-08-20T19:31:51.887212+00:00,20260820T190931,joint:rzz-hea:10:696eaad4d3f73fd3,ok,,rzz-hea,10,8,float64,42,128,2,32,2,2,0.0,rotation,rotation,2,2,compact:L5R0W0-L5R0W0,compact:L5R0W0-L5R0W0,,,merged,optimized,10,3,10,0.40150399999999997,0.4018713,0.40105100000000005,0.40362299999999995,0.0007680546920629943,0.1525909,0.0188156,0.2304648,,,custom:libsad_search_d014591f51543a.so,/home/rzzhang/sad_merged/sad/build/libsad_search_d014591f51543a.so
2026-08-20T19:31:51.903418+00:00,20260820T190931,joint:rzz-hea:6:395c4e3e1f78af2a,ok,,rzz-hea,6,8,float64,42,32,2,32,2,2,0.5,rotation,rotation,4,4,compact:L2R0W0-L2R0W0-L1R0W0-L1R0W0,compact:L2R0W0-L2R0W0-L1R0W0-L1R0W0,,,merged,optimized,20,3,20,0.33690749999999997,0.33614004999999997,0.329625,0.33903099999999997,0.0026513211513319156,0.11521455,0.018810149999999998,0.20211535,,,custom:libsad_search_dcff342f285260.so,/home/rzzhang/sad_merged/sad/build/libsad_search_dcff342f285260.so
2026-08-20T19:31:51.921810+00:00,20260820T190931,joint:rzz-hea:24:f4ca83fd861b4e20,ok,,rzz-hea,24,8,float64,42,64,2,64,2,1,0.25,rotation,rotation,8,8,compact:L3R0W0-L3R0W0-L3R0W0-L3R0W0-L3R0W0-L3R0W0-L3R0W0-L3R0W0,compact:L3R0W0-L3R0W0-L3R0W0-L3R0W0-L3R0W0-L3R0W0-L3R0W0-L3R0W0,,,merged,optimized,3,3,3,170.549633,172.21700733333333,170.454425,175.646964,2.425657050811092,44.721877,1.9125196666666666,125.58261066666668,,,custom:libsad_search_7e5293342e215a.so,/home/rzzhang/sad_merged/sad/build/libsad_search_7e5293342e215a.so
2026-08-20T19:31:52.978201+00:00,20260820T190931,joint:rzz-hea:10:77b5299a176b8f2e,ok,,rzz-hea,10,8,float64,42,128,2,32,2,1,0.5,rotation,rotation,6,6,compact:L2R0W0-L2R0W0-L2R0W0-L2R0W0-L1R0W0-L1R0W0,compact:L2R0W0-L2R0W0-L2R0W0-L2R0W0-L1R0W0-L1R0W0,,,split,optimized,10,3,10,0.734213,0.7342723999999999,0.733066,0.735861,0.000921228332173957,0.2908521,0.018711699999999998,0.4247086,,,custom:libsad_search_7259903b8346c4.so,/home/rzzhang/sad_merged/sad/build/libsad_search_7259903b8346c4.so
2026-08-20T19:31:52.996602+00:00,20260820T190931,joint:rzz-hea:20:9a29905e977ba172,ok,,rzz-hea,20,8,float64,42,64,2,64,2,1,1.0,rotation,rotation,20,20,compact:L1R0W0-L1R0W0-L1R0W0-L1R0W0-L1R0W0-L1R0W0-L1R0W0-L1R0W0-L1R0W0-L1R0W0-L1R0W0-L1R0W0-L1R0W0-L1R0W0-L1R0W0-L1R0W0-L1R0W0-L1R0W0-L1R0W0-L1R0W0,compact:L1R0W0-L1R0W0-L1R0W0-L1R0W0-L1R0W0-L1R0W0-L1R0W0-L1R0W0-L1R0W0-L1R0W0-L1R0W0-L1R0W0-L1R0W0-L1R0W0-L1R0W0-L1R0W0-L1R0W0-L1R0W0-L1R0W0-L1R0W0,,,merged,optimized,5,3,5,10.076184,10.0100622,9.686437,10.136479,0.1660518586627686,2.9295896,0.1010836,6.979389,,,custom:libsad_search_7e5293342e215a.so,/home/rzzhang/sad_merged/sad/build/libsad_search_7e5293342e215a.so
2026-08-20T19:31:53.083126+00:00,20260820T190931,joint:rzz-hea:8:31d32449e2a54db0,ok,,rzz-hea,8,8,float64,42,32,2,32,2,1,0.0,legacy,legacy,0,0,,,,,not_applicable,legacy-generic,20,3,20,0.4166805,0.41663375,0.410964,0.419669,0.0017540056121632067,0.14641900000000002,0.0187488,0.25146595,,,custom:libsad_search_06042376d3c545.so,/home/rzzhang/sad_merged/sad/build/libsad_search_06042376d3c545.so
2026-08-20T19:31:53.097690+00:00,20260820T190931,joint:rzz-hea:8:3feba49a665e7dc5,ok,,rzz-hea,8,8,float64,42,32,2,32,2,2,0.0,rotation,rotation,2,2,compact:L4R0W0-L4R0W0,compact:L4R0W0-L4R0W0,,,split,optimized,20,3,20,0.38398449999999995,0.38228455,0.37714,0.38595399999999996,0.0032093515618423682,0.12291290000000002,0.01904245,0.2403292,,,custom:libsad_search_16d9d6cef53b3d.so,/home/rzzhang/sad_merged/sad/build/libsad_search_16d9d6cef53b3d.so
2026-08-20T19:31:53.111695+00:00,20260820T190931,joint:rzz-hea:28:20deb20312b4fa0f,ok,,rzz-hea,28,8,float64,42,128,2,128,2,2,1.0,rotation,rotation,28,28,compact:L1R0W0-L1R0W0-L1R0W0-L1R0W0-L1R0W0-L1R0W0-L1R0W0-L1R0W0-L1R0W0-L1R0W0-L1R0W0-L1R0W0-L1R0W0-L1R0W0-L1R0W0-L1R0W0-L1R0W0-L1R0W0-L1R0W0-L1R0W0-L1R0W0-L1R0W0-L1R0W0-L1R0W0-L1R0W0-L1R0W0-L1R0W0-L1R0W0,compact:L1R0W0-L1R0W0-L1R0W0-L1R0W0-L1R0W0-L1R0W0-L1R0W0-L1R0W0-L1R0W0-L1R0W0-L1R0W0-L1R0W0-L1R0W0-L1R0W0-L1R0W0-L1R0W0-L1R0W0-L1R0W0-L1R0W0-L1R0W0-L1R0W0-L1R0W0-L1R0W0-L1R0W0-L1R0W0-L1R0W0-L1R0W0-L1R0W0,,,merged,optimized,2,3,2,7627.0699325000005,7627.0699325000005,7624.555594,7629.584271,2.514338499999667,2197.7007645,85.8285035,5343.5406645,,,custom:libsad_search_b969ada61d8a74.so,/home/rzzhang/sad_merged/sad/build/libsad_search_b969ada61d8a74.so
2026-08-20T19:32:31.277434+00:00,20260820T190931,joint:rzz-hea:24:323fc315586acd2c,ok,,rzz-hea,24,8,float64,42,128,2,128,2,1,0.75,rotation,rotation,19,19,compact:L2R0W0-L2R0W0-L2R0W0-L2R0W0-L2R0W0-L1R0W0-L1R0W0-L1R0W0-L1R0W0-L1R0W0-L1R0W0-L1R0W0-L1R0W0-L1R0W0-L1R0W0-L1R0W0-L1R0W0-L1R0W0-L1R0W0,compact:L2R0W0-L2R0W0-L2R0W0-L2R0W0-L2R0W0-L1R0W0-L1R0W0-L1R0W0-L1R0W0-L1R0W0-L1R0W0-L1R0W0-L1R0W0-L1R0W0-L1R0W0-L1R0W0-L1R0W0-L1R0W0-L1R0W0,,,merged,optimized,3,3,3,334.982153,335.14782533333334,334.92325700000004,335.538066,0.27698738616807583,95.80937533333334,1.7801646666666664,237.55828533333334,,,custom:libsad_search_8fbfac92ec4bef.so,/home/rzzhang/sad_merged/sad/build/libsad_search_8fbfac92ec4bef.so
2026-08-20T19:32:33.329408+00:00,20260820T190931,joint:rzz-hea:4:5c3a9c3aea614784,ok,,rzz-hea,4,8,float64,42,32,2,128,2,1,0.0,rotation,rotation,1,1,compact:L4R0W0,compact:L4R0W0,,,merged,optimized,20,3,20,0.20163799999999998,0.2021592,0.20063,0.20894300000000002,0.002311609798387263,0.04424765,0.0187798,0.13913175,,,custom:libsad_search_2a8327787a9aac.so,/home/rzzhang/sad_merged/sad/build/libsad_search_2a8327787a9aac.so
2026-08-20T19:32:33.342632+00:00,20260820T190931,joint:rzz-hea:20:e70a9055e57b619c,ok,,rzz-hea,20,8,float64,42,64,2,64,2,2,0.0,rotation,rotation,3,3,compact:L5R2W0-L5R2W0-L5R1W0,compact:L5R2W0-L5R2W0-L5R1W0,,,merged,optimized,5,3,5,7.4701379999999995,7.4731054,7.462775,7.490468,0.010599982483004517,1.616338,0.0960246,5.7607428,,,custom:libsad_search_97eec9f2a848ec.so,/home/rzzhang/sad_merged/sad/build/libsad_search_97eec9f2a848ec.so
2026-08-20T19:32:33.408960+00:00,20260820T190931,joint:rzz-hea:26:ea027ece241f3228,ok,,rzz-hea,26,8,float64,42,32,2,32,2,1,1.0,rotation,rotation,26,26,compact:L1R0W0-L1R0W0-L1R0W0-L1R0W0-L1R0W0-L1R0W0-L1R0W0-L1R0W0-L1R0W0-L1R0W0-L1R0W0-L1R0W0-L1R0W0-L1R0W0-L1R0W0-L1R0W0-L1R0W0-L1R0W0-L1R0W0-L1R0W0-L1R0W0-L1R0W0-L1R0W0-L1R0W0-L1R0W0-L1R0W0,compact:L1R0W0-L1R0W0-L1R0W0-L1R0W0-L1R0W0-L1R0W0-L1R0W0-L1R0W0-L1R0W0-L1R0W0-L1R0W0-L1R0W0-L1R0W0-L1R0W0-L1R0W0-L1R0W0-L1R0W0-L1R0W0-L1R0W0-L1R0W0-L1R0W0-L1R0W0-L1R0W0-L1R0W0-L1R0W0-L1R0W0,,,merged,optimized,2,3,2,1785.3581115000002,1785.3581115000002,1785.3024770000002,1785.4137460000002,0.05563449999999648,518.1407055,10.17327,1257.044136,,,custom:libsad_search_f9cdaf042a7bd6.so,/home/rzzhang/sad_merged/sad/build/libsad_search_f9cdaf042a7bd6.so
2026-08-20T19:32:42.343437+00:00,20260820T190931,joint:rzz-hea:6:0d2982f5da13d6fb,ok,,rzz-hea,6,8,float64,42,128,2,128,2,2,0.5,rotation,rotation,4,4,compact:L2R0W0-L2R0W0-L1R0W0-L1R0W0,compact:L2R0W0-L2R0W0-L1R0W0-L1R0W0,,,merged,optimized,20,3,20,0.4116,0.4102189,0.404548,0.41272499999999995,0.0029781045968870867,0.1332753,0.01911475,0.25782885,,,custom:libsad_search_b969ada61d8a74.so,/home/rzzhang/sad_merged/sad/build/libsad_search_b969ada61d8a74.so
2026-08-20T19:32:42.363439+00:00,20260820T190931,joint:rzz-hea:8:c3f08053d1cbd962,ok,,rzz-hea,8,8,float64,42,32,2,128,2,2,1.0,rotation,rotation,8,8,compact:L1R0W0-L1R0W0-L1R0W0-L1R0W0-L1R0W0-L1R0W0-L1R0W0-L1R0W0,compact:L1R0W0-L1R0W0-L1R0W0-L1R0W0-L1R0W0-L1R0W0-L1R0W0-L1R0W0,,,merged,optimized,20,3,20,0.6818165,0.68189645,0.679933,0.685204,0.0011740684594605387,0.2548114,0.01874,0.40834505000000004,,,custom:libsad_search_fce412939d20fb.so,/home/rzzhang/sad_merged/sad/build/libsad_search_fce412939d20fb.so
2026-08-20T19:32:42.388778+00:00,20260820T190931,joint:rzz-hea:18:707854fbbf00d0e4,ok,,rzz-hea,18,8,float64,42,128,2,32,2,1,0.0,legacy,legacy,0,0,,,,,not_applicable,legacy-generic,5,3,5,2.186248,2.1853676,2.180056,2.187825,0.0028274991494252424,0.6365856000000001,0.0354104,1.5133716000000002,,,custom:libsad_search_eaf59e83158800.so,/home/rzzhang/sad_merged/sad/build/libsad_search_eaf59e83158800.so
2026-08-20T19:32:42.419307+00:00,20260820T190931,joint:rzz-hea:4:471c70c6c53c3804,ok,,rzz-hea,4,8,float64,42,32,2,128,2,1,1.0,rotation,rotation,4,4,compact:L1R0W0-L1R0W0-L1R0W0-L1R0W0,compact:L1R0W0-L1R0W0-L1R0W0-L1R0W0,,,merged,optimized,20,3,20,0.301838,0.30244715,0.299916,0.30926400000000004,0.002328066585710129,0.09591815,0.01873495,0.18779405,,,custom:libsad_search_2a8327787a9aac.so,/home/rzzhang/sad_merged/sad/build/libsad_search_2a8327787a9aac.so
2026-08-20T19:32:42.430998+00:00,20260820T190931,joint:rzz-hea:16:57198aeeb861b87a,ok,,rzz-hea,16,8,float64,42,32,2,32,2,2,0.0,rotation,rotation,3,3,compact:L5R1W0-L5R0W0-L5R0W0,compact:L5R1W0-L5R0W0-L5R0W0,,,split,optimized,5,3,5,0.922363,0.9223766,0.921561,0.923519,0.0006912760953483052,0.24805299999999997,0.0190648,0.6552588,,,custom:libsad_search_16d9d6cef53b3d.so,/home/rzzhang/sad_merged/sad/build/libsad_search_16d9d6cef53b3d.so
2026-08-20T19:32:42.443249+00:00,20260820T190931,joint:rzz-hea:16:c423c9f550b8e37a,ok,,rzz-hea,16,8,float64,42,128,2,128,2,2,0.25,rotation,rotation,6,6,compact:L3R0W0-L3R0W0-L3R0W0-L3R0W0-L2R0W0-L2R0W0,compact:L3R0W0-L3R0W0-L3R0W0-L3R0W0-L2R0W0-L2R0W0,,,split,optimized,5,3,5,1.214482,1.2146266000000001,1.213507,1.215468,0.0007043231076715012,0.3697814,0.0190214,0.8258237999999999,,,custom:libsad_search_d02bea87aa5c56.so,/home/rzzhang/sad_merged/sad/build/libsad_search_d02bea87aa5c56.so
2026-08-20T19:32:42.458340+00:00,20260820T190931,joint:rzz-hea:10:d69e25b7d341ce34,ok,,rzz-hea,10,8,float64,42,64,2,64,2,1,1.0,rotation,rotation,10,10,compact:L1R0W0-L1R0W0-L1R0W0-L1R0W0-L1R0W0-L1R0W0-L1R0W0-L1R0W0-L1R0W0-L1R0W0,compact:L1R0W0-L1R0W0-L1R0W0-L1R0W0-L1R0W0-L1R0W0-L1R0W0-L1R0W0-L1R0W0-L1R0W0,,,merged,optimized,10,3,10,0.8375350000000001,0.8372721000000001,0.832651,0.841682,0.003520559769411709,0.3437439,0.0189084,0.47461980000000004,,,custom:libsad_search_7e5293342e215a.so,/home/rzzhang/sad_merged/sad/build/libsad_search_7e5293342e215a.so
2026-08-20T19:32:42.474062+00:00,20260820T190931,joint:rzz-hea:24:44bad4a70b33f7a7,ok,,rzz-hea,24,8,float64,42,64,2,64,2,2,1.0,rotation,rotation,24,24,compact:L1R0W0-L1R0W0-L1R0W0-L1R0W0-L1R0W0-L1R0W0-L1R0W0-L1R0W0-L1R0W0-L1R0W0-L1R0W0-L1R0W0-L1R0W0-L1R0W0-L1R0W0-L1R0W0-L1R0W0-L1R0W0-L1R0W0-L1R0W0-L1R0W0-L1R0W0-L1R0W0-L1R0W0,compact:L1R0W0-L1R0W0-L1R0W0-L1R0W0-L1R0W0-L1R0W0-L1R0W0-L1R0W0-L1R0W0-L1R0W0-L1R0W0-L1R0W0-L1R0W0-L1R0W0-L1R0W0-L1R0W0-L1R0W0-L1R0W0-L1R0W0-L1R0W0-L1R0W0-L1R0W0-L1R0W0-L1R0W0,,,merged,optimized,3,3,3,413.397688,413.457175,413.07579899999996,413.89803800000004,0.3383028925455536,119.72416133333334,1.7757026666666667,291.957311,,,custom:libsad_search_97eec9f2a848ec.so,/home/rzzhang/sad_merged/sad/build/libsad_search_97eec9f2a848ec.so
2026-08-20T19:32:44.966230+00:00,20260820T190931,joint:rzz-hea:8:8c8a89b70c57c10d,ok,,rzz-hea,8,8,float64,42,128,2,32,2,1,0.25,rotation,rotation,3,4,compact:L3R0W0-L3R0W0-L2R0W0,compact:L2R0W0-L2R0W0-L2R0W0-L2R0W0,,,split,optimized,20,3,20,0.492457,0.49224674999999996,0.490429,0.492845,0.0005827415271799311,0.1682219,0.019092500000000002,0.30493234999999996,,,custom:libsad_search_7259903b8346c4.so,/home/rzzhang/sad_merged/sad/build/libsad_search_7259903b8346c4.so
2026-08-20T19:32:44.986389+00:00,20260820T190931,joint:rzz-hea:4:b32b5392de7f3aae,ok,,rzz-hea,4,8,float64,42,64,2,64,2,1,1.0,rotation,rotation,4,4,compact:L1R0W0-L1R0W0-L1R0W0-L1R0W0,compact:L1R0W0-L1R0W0-L1R0W0-L1R0W0,,,split,optimized,20,3,20,0.33485800000000004,0.33501105,0.33367399999999997,0.33613200000000004,0.0008349987110768453,0.12420159999999998,0.01902555,0.19178389999999998,,,custom:libsad_search_7ec063ebc99501.so,/home/rzzhang/sad_merged/sad/build/libsad_search_7ec063ebc99501.so
2026-08-20T19:32:44.998986+00:00,20260820T190931,joint:rzz-hea:14:d83a5857d8440924,ok,,rzz-hea,14,8,float64,42,32,2,128,2,1,0.0,rotation,rotation,2,2,compact:L5R2W0-L5R2W0,compact:L5R2W0-L5R2W0,,,split,optimized,10,3,10,0.632253,0.6324856000000001,0.630672,0.635877,0.0013197006630293205,0.1576929,0.0190934,0.4556992999999999,,,custom:libsad_search_0e4f539ceca897.so,/home/rzzhang/sad_merged/sad/build/libsad_search_0e4f539ceca897.so
2026-08-20T19:32:45.012204+00:00,20260820T190931,joint:rzz-hea:6:05c6b4dd4aebf1e1,ok,,rzz-hea,6,8,float64,42,32,2,32,2,1,0.0,legacy,legacy,0,0,,,,,not_applicable,legacy-generic,20,3,20,0.26620849999999996,0.2675883,0.26490400000000003,0.27414000000000005,0.00300563730513181,0.08769135,0.018799,0.16109795,,,custom:libsad_search_06042376d3c545.so,/home/rzzhang/sad_merged/sad/build/libsad_search_06042376d3c545.so
2026-08-20T19:32:45.023441+00:00,20260820T190931,joint:rzz-hea:4:f7ab87954576170d,ok,,rzz-hea,4,8,float64,42,64,2,64,2,1,0.75,rotation,rotation,3,3,compact:L2R0W0-L1R0W0-L1R0W0,compact:L2R0W0-L1R0W0-L1R0W0,,,split,optimized,20,3,20,0.2969695,0.2974796,0.295811,0.29920800000000003,0.0009931556977634507,0.10568439999999998,0.01874915,0.17304605,,,custom:libsad_search_7ec063ebc99501.so,/home/rzzhang/sad_merged/sad/build/libsad_search_7ec063ebc99501.so
2026-08-20T19:32:45.034618+00:00,20260820T190931,joint:rzz-hea:12:43d2852413bd60b8,ok,,rzz-hea,12,8,float64,42,32,2,32,2,1,0.0,rotation,rotation,2,2,compact:L5R1W0-L5R1W0,compact:L5R1W0-L5R1W0,,,merged,optimized,10,3,10,0.4158145,0.4161057,0.415419,0.416925,0.0005519161258742168,0.1336875,0.018827500000000004,0.26359069999999996,,,custom:libsad_search_f9cdaf042a7bd6.so,/home/rzzhang/sad_merged/sad/build/libsad_search_f9cdaf042a7bd6.so
2026-08-20T19:32:45.044743+00:00,20260820T190931,joint:rzz-hea:4:97e3e6f6598ad9a7,ok,,rzz-hea,4,8,float64,42,128,2,128,2,2,1.0,rotation,rotation,4,4,compact:L1R0W0-L1R0W0-L1R0W0-L1R0W0,compact:L1R0W0-L1R0W0-L1R0W0-L1R0W0,,,merged,optimized,20,3,20,0.30797450000000004,0.3103859,0.305849,0.31515299999999996,0.003666005972444675,0.10126885,0.0188902,0.19022685,,,custom:libsad_search_b969ada61d8a74.so,/home/rzzhang/sad_merged/sad/build/libsad_search_b969ada61d8a74.so
2026-08-20T19:32:45.056489+00:00,20260820T190931,joint:rzz-hea:24:7b669da37976f16a,ok,,rzz-hea,24,8,float64,42,32,2,32,2,2,1.0,rotation,rotation,24,24,compact:L1R0W0-L1R0W0-L1R0W0-L1R0W0-L1R0W0-L1R0W0-L1R0W0-L1R0W0-L1R0W0-L1R0W0-L1R0W0-L1R0W0-L1R0W0-L1R0W0-L1R0W0-L1R0W0-L1R0W0-L1R0W0-L1R0W0-L1R0W0-L1R0W0-L1R0W0-L1R0W0-L1R0W0,compact:L1R0W0-L1R0W0-L1R0W0-L1R0W0-L1R0W0-L1R0W0-L1R0W0-L1R0W0-L1R0W0-L1R0W0-L1R0W0-L1R0W0-L1R0W0-L1R0W0-L1R0W0-L1R0W0-L1R0W0-L1R0W0-L1R0W0-L1R0W0-L1R0W0-L1R0W0-L1R0W0-L1R0W0,,,split,optimized,3,3,3,420.70506900000004,421.26155500000004,420.51473500000003,422.564861,0.9248465296527011,130.78768233333335,1.7842246666666666,288.68964800000003,,,custom:libsad_search_16d9d6cef53b3d.so,/home/rzzhang/sad_merged/sad/build/libsad_search_16d9d6cef53b3d.so
2026-08-20T19:32:47.597461+00:00,20260820T190931,joint:rzz-hea:20:4b4d378dbaff0d59,ok,,rzz-hea,20,8,float64,42,64,2,64,2,1,0.5,rotation,rotation,12,12,compact:L2R0W0-L2R0W0-L2R0W0-L2R0W0-L2R0W0-L2R0W0-L2R0W0-L2R0W0-L1R0W0-L1R0W0-L1R0W0-L1R0W0,compact:L2R0W0-L2R0W0-L2R0W0-L2R0W0-L2R0W0-L2R0W0-L2R0W0-L2R0W0-L1R0W0-L1R0W0-L1R0W0-L1R0W0,,,split,optimized,5,3,5,8.363909,8.3226294,8.137768999999999,8.384377,0.0935683076786157,2.430061,0.0995084,5.79306,,,custom:libsad_search_7ec063ebc99501.so,/home/rzzhang/sad_merged/sad/build/libsad_search_7ec063ebc99501.so
2026-08-20T19:32:47.678063+00:00,20260820T190931,joint:rzz-hea:16:fec28db6612300a0,ok,,rzz-hea,16,8,float64,42,64,2,64,2,2,0.25,rotation,rotation,6,6,compact:L3R0W0-L3R0W0-L3R0W0-L3R0W0-L2R0W0-L2R0W0,compact:L3R0W0-L3R0W0-L3R0W0-L3R0W0-L2R0W0-L2R0W0,,,split,optimized,5,3,5,1.193182,1.192834,1.191446,1.1940760000000001,0.0008979951002093788,0.3626104,0.0191938,0.8110298,,,custom:libsad_search_20c37ff249ec0a.so,/home/rzzhang/sad_merged/sad/build/libsad_search_20c37ff249ec0a.so
2026-08-20T19:32:47.693065+00:00,20260820T190931,joint:rzz-hea:24:2212081cbb425813,ok,,rzz-hea,24,8,float64,42,64,2,64,2,2,1.0,rotation,rotation,24,24,compact:L1R0W0-L1R0W0-L1R0W0-L1R0W0-L1R0W0-L1R0W0-L1R0W0-L1R0W0-L1R0W0-L1R0W0-L1R0W0-L1R0W0-L1R0W0-L1R0W0-L1R0W0-L1R0W0-L1R0W0-L1R0W0-L1R0W0-L1R0W0-L1R0W0-L1R0W0-L1R0W0-L1R0W0,compact:L1R0W0-L1R0W0-L1R0W0-L1R0W0-L1R0W0-L1R0W0-L1R0W0-L1R0W0-L1R0W0-L1R0W0-L1R0W0-L1R0W0-L1R0W0-L1R0W0-L1R0W0-L1R0W0-L1R0W0-L1R0W0-L1R0W0-L1R0W0-L1R0W0-L1R0W0-L1R0W0-L1R0W0,,,split,optimized,3,3,3,420.668262,420.29994633333337,419.53823700000004,420.69334000000003,0.538707130010564,131.16419266666668,1.7653806666666667,287.37037300000003,,,custom:libsad_search_20c37ff249ec0a.so,/home/rzzhang/sad_merged/sad/build/libsad_search_20c37ff249ec0a.so
2026-08-20T19:32:50.226165+00:00,20260820T190931,joint:rzz-hea:14:b7aa97d56db8d2b9,ok,,rzz-hea,14,8,float64,42,64,2,64,2,1,0.0,legacy,legacy,0,0,,,,,not_applicable,legacy-generic,10,3,10,0.6194124999999999,0.6194402,0.618273,0.621431,0.0010110565562815748,0.20189200000000002,0.0189921,0.3985561,,,custom:libsad_search_5a6ce94d125b8e.so,/home/rzzhang/sad_merged/sad/build/libsad_search_5a6ce94d125b8e.so
2026-08-20T19:32:50.242912+00:00,20260820T190931,joint:rzz-hea:12:7c76a1f7ceea6d36,ok,,rzz-hea,12,8,float64,42,32,2,128,2,2,0.75,rotation,rotation,10,10,compact:L2R0W0-L2R0W0-L1R0W0-L1R0W0-L1R0W0-L1R0W0-L1R0W0-L1R0W0-L1R0W0-L1R0W0,compact:L2R0W0-L2R0W0-L1R0W0-L1R0W0-L1R0W0-L1R0W0-L1R0W0-L1R0W0-L1R0W0-L1R0W0,,,merged,optimized,10,3,10,1.02799,1.0277443,1.025989,1.029178,0.0010091711500037819,0.3668687,0.0188481,0.6420275,,,custom:libsad_search_fce412939d20fb.so,/home/rzzhang/sad_merged/sad/build/libsad_search_fce412939d20fb.so
2026-08-20T19:32:50.264922+00:00,20260820T190931,joint:rzz-hea:4:cfd001c0c3ade7c8,ok,,rzz-hea,4,8,float64,42,128,2,32,2,2,0.75,rotation,rotation,3,3,compact:L2R0W0-L1R0W0-L1R0W0,compact:L2R0W0-L1R0W0-L1R0W0,,,merged,optimized,20,3,20,0.24572950000000002,0.24577715000000003,0.243621,0.24885900000000002,0.0010959037948196047,0.08352414999999999,0.01871925,0.14353375000000002,,,custom:libsad_search_d014591f51543a.so,/home/rzzhang/sad_merged/sad/build/libsad_search_d014591f51543a.so
2026-08-20T19:32:50.275360+00:00,20260820T190931,joint:rzz-hea:6:15c08e33ee50c3c9,ok,,rzz-hea,6,8,float64,42,32,2,128,2,1,0.5,rotation,rotation,4,4,compact:L2R0W0-L2R0W0-L1R0W0-L1R0W0,compact:L2R0W0-L2R0W0-L1R0W0-L1R0W0,,,split,optimized,20,3,20,0.418693,0.41990405,0.4174690000000001,0.426045,0.0030179388243468355,0.13456384999999998,0.019005150000000002,0.26633505,,,custom:libsad_search_0e4f539ceca897.so,/home/rzzhang/sad_merged/sad/build/libsad_search_0e4f539ceca897.so
2026-08-20T19:32:50.289548+00:00,20260820T190931,joint:rzz-hea:16:4b97692ada661d0a,ok,,rzz-hea,16,8,float64,42,32,2,128,2,2,0.25,rotation,rotation,6,6,compact:L3R0W0-L3R0W0-L3R0W0-L3R0W0-L2R0W0-L2R0W0,compact:L3R0W0-L3R0W0-L3R0W0-L3R0W0-L2R0W0-L2R0W0,,,split,optimized,5,3,5,1.189699,1.1896966,1.188864,1.191155,0.0008294283814772823,0.34528200000000003,0.0188272,0.8255874,,,custom:libsad_search_2a0e4369743c84.so,/home/rzzhang/sad_merged/sad/build/libsad_search_2a0e4369743c84.so
2026-08-20T19:32:50.304380+00:00,20260820T190931,joint:rzz-hea:24:e56015c44c0a55a1,ok,,rzz-hea,24,8,float64,42,64,2,64,2,1,0.5,rotation,rotation,14,14,compact:L2R0W0-L2R0W0-L2R0W0-L2R0W0-L2R0W0-L2R0W0-L2R0W0-L2R0W0-L2R0W0-L2R0W0-L1R0W0-L1R0W0-L1R0W0-L1R0W0,compact:L2R0W0-L2R0W0-L2R0W0-L2R0W0-L2R0W0-L2R0W0-L2R0W0-L2R0W0-L2R0W0-L2R0W0-L1R0W0-L1R0W0-L1R0W0-L1R0W0,,,merged,optimized,3,3,3,261.136275,260.700945,259.630229,261.336331,0.7615029723189981,71.91338933333334,1.8221770000000002,186.96537866666665,,,custom:libsad_search_7e5293342e215a.so,/home/rzzhang/sad_merged/sad/build/libsad_search_7e5293342e215a.so
2026-08-20T19:32:51.877142+00:00,20260820T190931,joint:rzz-hea:26:442e7c700a1ae94d,ok,,rzz-hea,26,8,float64,42,128,2,32,2,1,0.25,rotation,rotation,9,10,compact:L3R0W0-L3R0W0-L3R0W0-L3R0W0-L3R0W0-L3R0W0-L3R0W0-L3R0W0-L2R0W0,compact:L3R0W0-L3R0W0-L3R0W0-L3R0W0-L3R0W0-L3R0W0-L2R0W0-L2R0W0-L2R0W0-L2R0W0,,,split,optimized,2,3,2,845.310481,845.310481,843.0898500000001,847.531112,2.220630999999969,246.679373,10.2432715,588.3878365,,,custom:libsad_search_7259903b8346c4.so,/home/rzzhang/sad_merged/sad/build/libsad_search_7259903b8346c4.so
2026-08-20T19:32:56.105868+00:00,20260820T190931,joint:rzz-hea:26:b97f5495582d4c19,ok,,rzz-hea,26,8,float64,42,32,2,32,2,1,0.25,rotation,rotation,10,10,compact:L3R0W0-L3R0W0-L3R0W0-L3R0W0-L3R0W0-L3R0W0-L2R0W0-L2R0W0-L2R0W0-L2R0W0,compact:L3R0W0-L3R0W0-L3R0W0-L3R0W0-L3R0W0-L3R0W0-L2R0W0-L2R0W0-L2R0W0-L2R0W0,,,split,optimized,2,3,2,859.6341115,859.6341115,858.1416150000001,861.1266079999999,1.492496499999902,262.90906550000005,10.315901,586.409145,,,custom:libsad_search_3cb67c7e18cc99.so,/home/rzzhang/sad_merged/sad/build/libsad_search_3cb67c7e18cc99.so
2026-08-20T19:33:00.414905+00:00,20260820T190931,joint:rzz-hea:18:7e861190d2ec318e,ok,,rzz-hea,18,8,float64,42,32,2,32,2,1,0.0,legacy,legacy,0,0,,,,,not_applicable,legacy-generic,5,3,5,2.401297,2.5214506,2.392968,2.715572,0.15151246565296206,0.7475733999999999,0.0388682,1.7350089999999998,,,custom:libsad_search_06042376d3c545.so,/home/rzzhang/sad_merged/sad/build/libsad_search_06042376d3c545.so
2026-08-20T19:33:00.454877+00:00,20260820T190931,joint:rzz-hea:14:c62dc2162ab61abd,ok,,rzz-hea,14,8,float64,42,32,2,128,2,2,1.0,rotation,rotation,14,14,compact:L1R0W0-L1R0W0-L1R0W0-L1R0W0-L1R0W0-L1R0W0-L1R0W0-L1R0W0-L1R0W0-L1R0W0-L1R0W0-L1R0W0-L1R0W0-L1R0W0,compact:L1R0W0-L1R0W0-L1R0W0-L1R0W0-L1R0W0-L1R0W0-L1R0W0-L1R0W0-L1R0W0-L1R0W0-L1R0W0-L1R0W0-L1R0W0-L1R0W0,,,split,optimized,10,3,10,1.491552,1.4895299,1.4669729999999999,1.4947,0.007649892070480522,0.5303689,0.018991099999999997,0.9401698999999999,,,custom:libsad_search_2a0e4369743c84.so,/home/rzzhang/sad_merged/sad/build/libsad_search_2a0e4369743c84.so
2026-08-20T19:33:00.485378+00:00,20260820T190931,joint:rzz-hea:22:08800f8e603ac6dd,ok,,rzz-hea,22,8,float64,42,64,2,64,2,1,0.75,rotation,rotation,17,17,compact:L2R0W0-L2R0W0-L2R0W0-L2R0W0-L2R0W0-L1R0W0-L1R0W0-L1R0W0-L1R0W0-L1R0W0-L1R0W0-L1R0W0-L1R0W0-L1R0W0-L1R0W0-L1R0W0-L1R0W0,compact:L2R0W0-L2R0W0-L2R0W0-L2R0W0-L2R0W0-L1R0W0-L1R0W0-L1R0W0-L1R0W0-L1R0W0-L1R0W0-L1R0W0-L1R0W0-L1R0W0-L1R0W0-L1R0W0-L1R0W0,,,split,optimized,3,3,3,65.243574,65.21864899999998,65.13276599999999,65.279607,0.06248472634172663,10.973574666666666,0.425676,53.81939833333333,,,custom:libsad_search_7ec063ebc99501.so,/home/rzzhang/sad_merged/sad/build/libsad_search_7ec063ebc99501.so
2026-08-20T19:33:00.886553+00:00,20260820T190931,joint:rzz-hea:22:b1604c51a7727f3a,ok,,rzz-hea,22,8,float64,42,128,2,128,2,1,1.0,rotation,rotation,22,22,compact:L1R0W0-L1R0W0-L1R0W0-L1R0W0-L1R0W0-L1R0W0-L1R0W0-L1R0W0-L1R0W0-L1R0W0-L1R0W0-L1R0W0-L1R0W0-L1R0W0-L1R0W0-L1R0W0-L1R0W0-L1R0W0-L1R0W0-L1R0W0-L1R0W0-L1R0W0,compact:L1R0W0-L1R0W0-L1R0W0-L1R0W0-L1R0W0-L1R0W0-L1R0W0-L1R0W0-L1R0W0-L1R0W0-L1R0W0-L1R0W0-L1R0W0-L1R0W0-L1R0W0-L1R0W0-L1R0W0-L1R0W0-L1R0W0-L1R0W0-L1R0W0-L1R0W0,,,merged,optimized,3,3,3,81.33453899999999,81.29803333333332,81.150476,81.409085,0.10868655695572142,11.619067666666664,0.4169756666666667,69.26199,,,custom:libsad_search_8fbfac92ec4bef.so,/home/rzzhang/sad_merged/sad/build/libsad_search_8fbfac92ec4bef.so
2026-08-20T19:33:01.383264+00:00,20260820T190931,joint:rzz-hea:28:9ea9fc7843472586,ok,,rzz-hea,28,8,float64,42,128,2,32,2,1,0.0,rotation,rotation,4,4,compact:L5R2W0-L5R2W0-L5R2W0-L5R2W0,compact:L5R2W0-L5R2W0-L5R2W0-L5R2W0,,,merged,optimized,2,3,2,2682.0744075000002,2682.0744075000002,2679.170226,2684.978589,2.9041814999998223,632.1619005,85.93427249999999,1963.9782344999999,,,custom:libsad_search_5851e15f736f52.so,/home/rzzhang/sad_merged/sad/build/libsad_search_5851e15f736f52.so
2026-08-20T19:33:14.798230+00:00,20260820T190931,joint:rzz-hea:8:d9c1168e73d35ba2,ok,,rzz-hea,8,8,float64,42,128,2,32,2,1,0.5,rotation,rotation,4,5,compact:L2R0W0-L2R0W0-L2R0W0-L2R0W0,compact:L2R0W0-L2R0W0-L2R0W0-L1R0W0-L1R0W0,,,split,optimized,20,3,20,0.5651255000000001,0.55572865,0.528376,0.5678019999999999,0.015602352653606454,0.1954248,0.01890715,0.3413967,,,custom:libsad_search_7259903b8346c4.so,/home/rzzhang/sad_merged/sad/build/libsad_search_7259903b8346c4.so
2026-08-20T19:33:14.822774+00:00,20260820T190931,joint:rzz-hea:4:22098cd2ea54264c,ok,,rzz-hea,4,8,float64,42,128,2,128,2,2,0.75,rotation,rotation,3,3,compact:L2R0W0-L1R0W0-L1R0W0,compact:L2R0W0-L1R0W0-L1R0W0,,,split,optimized,20,3,20,0.3343955,0.33471565000000003,0.324584,0.343157,0.004756617277803632,0.11460985,0.018881550000000004,0.20122425000000002,,,custom:libsad_search_d02bea87aa5c56.so,/home/rzzhang/sad_merged/sad/build/libsad_search_d02bea87aa5c56.so
2026-08-20T19:33:14.841318+00:00,20260820T190931,joint:rzz-hea:4:f26ab9cddf4f9435,ok,,rzz-hea,4,8,float64,42,128,2,128,2,2,0.25,rotation,rotation,2,2,compact:L2R0W0-L2R0W0,compact:L2R0W0-L2R0W0,,,merged,optimized,20,3,20,0.23442,0.23547954999999998,0.232419,0.241647,0.002902900936563286,0.06578405,0.01887955,0.15081595,,,custom:libsad_search_b969ada61d8a74.so,/home/rzzhang/sad_merged/sad/build/libsad_search_b969ada61d8a74.so
2026-08-20T19:33:14.858226+00:00,20260820T190931,joint:rzz-hea:8:9cbde9a8f6b57286,ok,,rzz-hea,8,8,float64,42,32,2,128,2,2,0.5,rotation,rotation,5,4,compact:L2R0W0-L2R0W0-L2R0W0-L1R0W0-L1R0W0,compact:L2R0W0-L2R0W0-L2R0W0-L2R0W0,,,merged,optimized,20,3,20,0.49851650000000003,0.49843165,0.49269799999999997,0.5007199999999999,0.0016186809220782258,0.1785581,0.0185295,0.30134405,,,custom:libsad_search_fce412939d20fb.so,/home/rzzhang/sad_merged/sad/build/libsad_search_fce412939d20fb.so
2026-08-20T19:33:14.880768+00:00,20260820T190931,joint:rzz-hea:28:90a2266822a4415d,ok,,rzz-hea,28,8,float64,42,128,2,128,2,2,0.5,rotation,rotation,16,16,compact:L2R0W0-L2R0W0-L2R0W0-L2R0W0-L2R0W0-L2R0W0-L2R0W0-L2R0W0-L2R0W0-L2R0W0-L2R0W0-L2R0W0-L1R0W0-L1R0W0-L1R0W0-L1R0W0,compact:L2R0W0-L2R0W0-L2R0W0-L2R0W0-L2R0W0-L2R0W0-L2R0W0-L2R0W0-L2R0W0-L2R0W0-L2R0W0-L2R0W0-L1R0W0-L1R0W0-L1R0W0-L1R0W0,,,split,optimized,2,3,2,4839.863444,4839.863444,4835.061226,4844.665661999999,4.802217999999812,1488.145191,87.38925550000002,3264.3289975,,,custom:libsad_search_d02bea87aa5c56.so,/home/rzzhang/sad_merged/sad/build/libsad_search_d02bea87aa5c56.so
2026-08-20T19:33:39.108478+00:00,20260820T190931,joint:rzz-hea:26:2ff9e08b21caddec,ok,,rzz-hea,26,8,float64,42,32,2,32,2,1,0.75,rotation,rotation,20,20,compact:L2R0W0-L2R0W0-L2R0W0-L2R0W0-L2R0W0-L2R0W0-L1R0W0-L1R0W0-L1R0W0-L1R0W0-L1R0W0-L1R0W0-L1R0W0-L1R0W0-L1R0W0-L1R0W0-L1R0W0-L1R0W0-L1R0W0-L1R0W0,compact:L2R0W0-L2R0W0-L2R0W0-L2R0W0-L2R0W0-L2R0W0-L1R0W0-L1R0W0-L1R0W0-L1R0W0-L1R0W0-L1R0W0-L1R0W0-L1R0W0-L1R0W0-L1R0W0-L1R0W0-L1R0W0-L1R0W0-L1R0W0,,,merged,optimized,2,3,2,1431.6818855000001,1431.6818855000001,1428.6165780000001,1434.7471930000002,3.065307500000017,410.63016000000005,10.402277999999999,1010.6494475000001,,,custom:libsad_search_f9cdaf042a7bd6.so,/home/rzzhang/sad_merged/sad/build/libsad_search_f9cdaf042a7bd6.so
2026-08-20T19:33:46.302540+00:00,20260820T190931,joint:rzz-hea:8:c52026e00991413f,ok,,rzz-hea,8,8,float64,42,128,2,32,2,2,1.0,rotation,rotation,8,8,compact:L1R0W0-L1R0W0-L1R0W0-L1R0W0-L1R0W0-L1R0W0-L1R0W0-L1R0W0,compact:L1R0W0-L1R0W0-L1R0W0-L1R0W0-L1R0W0-L1R0W0-L1R0W0-L1R0W0,,,split,optimized,20,3,20,0.738892,0.73631255,0.6993049999999998,0.741397,0.009272739867347765,0.29773659999999996,0.01905745,0.41951849999999996,,,custom:libsad_search_3b115211f38255.so,/home/rzzhang/sad_merged/sad/build/libsad_search_3b115211f38255.so
2026-08-20T19:33:46.330884+00:00,20260820T190931,joint:rzz-hea:22:c19ead01515f2cec,ok,,rzz-hea,22,8,float64,42,32,2,32,2,1,0.75,rotation,rotation,18,18,compact:L2R0W0-L2R0W0-L2R0W0-L2R0W0-L1R0W0-L1R0W0-L1R0W0-L1R0W0-L1R0W0-L1R0W0-L1R0W0-L1R0W0-L1R0W0-L1R0W0-L1R0W0-L1R0W0-L1R0W0-L1R0W0,compact:L2R0W0-L2R0W0-L2R0W0-L2R0W0-L1R0W0-L1R0W0-L1R0W0-L1R0W0-L1R0W0-L1R0W0-L1R0W0-L1R0W0-L1R0W0-L1R0W0-L1R0W0-L1R0W0-L1R0W0-L1R0W0,,,merged,optimized,3,3,3,69.824494,69.774699,69.623514,69.87608900000001,0.10895928650953624,11.216314666666666,0.4258706666666667,58.13251366666666,,,custom:libsad_search_f9cdaf042a7bd6.so,/home/rzzhang/sad_merged/sad/build/libsad_search_f9cdaf042a7bd6.so
2026-08-20T19:33:46.766563+00:00,20260820T190931,joint:rzz-hea:10:a9a616f5cdf6d9f8,ok,,rzz-hea,10,8,float64,42,128,2,128,2,2,0.75,rotation,rotation,8,8,compact:L2R0W0-L2R0W0-L1R0W0-L1R0W0-L1R0W0-L1R0W0-L1R0W0-L1R0W0,compact:L2R0W0-L2R0W0-L1R0W0-L1R0W0-L1R0W0-L1R0W0-L1R0W0-L1R0W0,,,merged,optimized,10,3,10,0.9307289999999999,0.9300694999999999,0.9236320000000001,0.931903,0.0021973552853373174,0.3571269,0.0189051,0.5540375,,,custom:libsad_search_b969ada61d8a74.so,/home/rzzhang/sad_merged/sad/build/libsad_search_b969ada61d8a74.so
2026-08-20T19:33:46.783940+00:00,20260820T190931,joint:rzz-hea:8:a8f36e35d7b07c9f,ok,,rzz-hea,8,8,float64,42,64,2,64,2,2,0.0,rotation,rotation,1,1,compact:L5R2W1,compact:L5R2W1,,,merged,optimized,20,3,20,0.29694000000000004,0.29641435,0.289792,0.29792,0.0020488547843856677,0.09102695,0.0187704,0.18661699999999998,,,custom:libsad_search_97eec9f2a848ec.so,/home/rzzhang/sad_merged/sad/build/libsad_search_97eec9f2a848ec.so
2026-08-20T19:33:46.796348+00:00,20260820T190931,joint:rzz-hea:8:bf1a352336e975c4,ok,,rzz-hea,8,8,float64,42,128,2,32,2,1,0.75,rotation,rotation,6,6,compact:L2R0W0-L2R0W0-L1R0W0-L1R0W0-L1R0W0-L1R0W0,compact:L2R0W0-L2R0W0-L1R0W0-L1R0W0-L1R0W0-L1R0W0,,,split,optimized,20,3,20,0.5908485,0.59515805,0.582032,0.611715,0.008441942451089078,0.23130225,0.019077499999999997,0.3447783,,,custom:libsad_search_7259903b8346c4.so,/home/rzzhang/sad_merged/sad/build/libsad_search_7259903b8346c4.so
2026-08-20T19:33:46.815019+00:00,20260820T190931,joint:rzz-hea:24:2ca5f49fe2917615,ok,,rzz-hea,24,8,float64,42,128,2,32,2,1,1.0,rotation,rotation,24,24,compact:L1R0W0-L1R0W0-L1R0W0-L1R0W0-L1R0W0-L1R0W0-L1R0W0-L1R0W0-L1R0W0-L1R0W0-L1R0W0-L1R0W0-L1R0W0-L1R0W0-L1R0W0-L1R0W0-L1R0W0-L1R0W0-L1R0W0-L1R0W0-L1R0W0-L1R0W0-L1R0W0-L1R0W0,compact:L1R0W0-L1R0W0-L1R0W0-L1R0W0-L1R0W0-L1R0W0-L1R0W0-L1R0W0-L1R0W0-L1R0W0-L1R0W0-L1R0W0-L1R0W0-L1R0W0-L1R0W0-L1R0W0-L1R0W0-L1R0W0-L1R0W0-L1R0W0-L1R0W0-L1R0W0-L1R0W0-L1R0W0,,,merged,optimized,3,3,3,415.744907,415.303156,413.466141,416.69842,1.3560395380078993,119.75556033333335,1.8023523333333333,293.74524333333335,,,custom:libsad_search_5851e15f736f52.so,/home/rzzhang/sad_merged/sad/build/libsad_search_5851e15f736f52.so
2026-08-20T19:33:49.315849+00:00,20260820T190931,joint:rzz-hea:24:77b09dcf71a11899,ok,,rzz-hea,24,8,float64,42,128,2,128,2,1,0.0,rotation,rotation,3,3,compact:L5R2W1-L5R2W1-L5R2W1,compact:L5R2W1-L5R2W1-L5R2W1,,,split,optimized,3,3,3,146.656545,146.91028466666666,145.34770899999998,148.7266,1.391046119844186,37.40358833333333,1.7930419999999998,107.71365433333334,,,custom:libsad_search_9361435758c99d.so,/home/rzzhang/sad_merged/sad/build/libsad_search_9361435758c99d.so
2026-08-20T19:33:50.214069+00:00,20260820T190931,joint:rzz-hea:8:8eab1014bcdd3150,ok,,rzz-hea,8,8,float64,42,32,2,128,2,2,1.0,rotation,rotation,8,8,compact:L1R0W0-L1R0W0-L1R0W0-L1R0W0-L1R0W0-L1R0W0-L1R0W0-L1R0W0,compact:L1R0W0-L1R0W0-L1R0W0-L1R0W0-L1R0W0-L1R0W0-L1R0W0-L1R0W0,,,split,optimized,20,3,20,0.7607885000000001,0.76284175,0.757914,0.8037820000000001,0.009442570184409565,0.2725539,0.01901645,0.47127139999999995,,,custom:libsad_search_2a0e4369743c84.so,/home/rzzhang/sad_merged/sad/build/libsad_search_2a0e4369743c84.so
2026-08-20T19:33:50.240349+00:00,20260820T190931,joint:rzz-hea:18:51ee9790d095f9f3,ok,,rzz-hea,18,8,float64,42,32,2,32,2,2,0.5,rotation,rotation,10,10,compact:L2R0W0-L2R0W0-L2R0W0-L2R0W0-L2R0W0-L2R0W0-L2R0W0-L2R0W0-L1R0W0-L1R0W0,compact:L2R0W0-L2R0W0-L2R0W0-L2R0W0-L2R0W0-L2R0W0-L2R0W0-L2R0W0-L1R0W0-L1R0W0,,,merged,optimized,5,3,5,2.808732,2.8067234,2.7985700000000002,2.8089630000000003,0.004078793674605214,0.764782,0.0353036,2.0066378,,,custom:libsad_search_dcff342f285260.so,/home/rzzhang/sad_merged/sad/build/libsad_search_dcff342f285260.so
2026-08-20T19:33:50.268831+00:00,20260820T190931,joint:rzz-hea:14:de75add1ffed9f42,ok,,rzz-hea,14,8,float64,42,32,2,128,2,2,0.25,rotation,rotation,5,5,compact:L3R0W0-L3R0W0-L3R0W0-L3R0W0-L2R0W0,compact:L3R0W0-L3R0W0-L3R0W0-L3R0W0-L2R0W0,,,merged,optimized,10,3,10,0.8024304999999999,0.8044138999999999,0.801726,0.808989,0.0030789141413816693,0.24205910000000003,0.019010899999999997,0.5433439,,,custom:libsad_search_fce412939d20fb.so,/home/rzzhang/sad_merged/sad/build/libsad_search_fce412939d20fb.so
2026-08-20T19:33:50.284774+00:00,20260820T190931,joint:rzz-hea:8:404ce1daca00779c,ok,,rzz-hea,8,8,float64,42,32,2,32,2,2,0.5,rotation,rotation,5,5,compact:L2R0W0-L2R0W0-L2R0W0-L1R0W0-L1R0W0,compact:L2R0W0-L2R0W0-L2R0W0-L1R0W0-L1R0W0,,,split,optimized,20,3,20,0.5241935,0.52347095,0.519165,0.527112,0.002264085322486777,0.1900164,0.018929,0.31452555000000004,,,custom:libsad_search_16d9d6cef53b3d.so,/home/rzzhang/sad_merged/sad/build/libsad_search_16d9d6cef53b3d.so
2026-08-20T19:33:50.302158+00:00,20260820T190931,joint:rzz-hea:20:5caf1307871bb4e5,ok,,rzz-hea,20,8,float64,42,32,2,32,2,1,0.5,rotation,rotation,12,12,compact:L2R0W0-L2R0W0-L2R0W0-L2R0W0-L2R0W0-L2R0W0-L2R0W0-L2R0W0-L1R0W0-L1R0W0-L1R0W0-L1R0W0,compact:L2R0W0-L2R0W0-L2R0W0-L2R0W0-L2R0W0-L2R0W0-L2R0W0-L2R0W0-L1R0W0-L1R0W0-L1R0W0-L1R0W0,,,split,optimized,5,3,5,8.480675999999999,8.422618199999999,8.210523,8.554319,0.13313429969380525,2.5866098,0.09943800000000001,5.7365704,,,custom:libsad_search_3cb67c7e18cc99.so,/home/rzzhang/sad_merged/sad/build/libsad_search_3cb67c7e18cc99.so
2026-08-20T19:33:50.375942+00:00,20260820T190931,joint:rzz-hea:22:740c1995c8384053,ok,,rzz-hea,22,8,float64,42,128,2,32,2,2,0.0,rotation,rotation,3,4,compact:L5R2W1-L5R2W0-L5R2W0,compact:L5R1W0-L5R1W0-L5R0W0-L5R0W0,,,merged,optimized,3,3,3,31.921523999999998,31.918931333333337,31.907781000000004,31.927489000000005,0.008251979816316042,6.621259333333333,0.39862966666666666,24.899042333333334,,,custom:libsad_search_d014591f51543a.so,/home/rzzhang/sad_merged/sad/build/libsad_search_d014591f51543a.so
2026-08-20T19:33:50.575609+00:00,20260820T190931,joint:rzz-hea:6:7057681bffad0ed2,ok,,rzz-hea,6,8,float64,42,32,2,32,2,1,1.0,rotation,rotation,6,6,compact:L1R0W0-L1R0W0-L1R0W0-L1R0W0-L1R0W0-L1R0W0,compact:L1R0W0-L1R0W0-L1R0W0-L1R0W0-L1R0W0-L1R0W0,,,split,optimized,20,3,20,0.4777035,0.4828913,0.476119,0.494874,0.007305524841515496,0.18232685,0.0189902,0.28157425,,,custom:libsad_search_3cb67c7e18cc99.so,/home/rzzhang/sad_merged/sad/build/libsad_search_3cb67c7e18cc99.so
2026-08-20T19:33:50.591952+00:00,20260820T190931,joint:rzz-hea:22:ff16c5786a8987e4,ok,,rzz-hea,22,8,float64,42,128,2,128,2,1,0.0,legacy,legacy,0,0,,,,,not_applicable,legacy-generic,3,3,3,33.149974,33.16571033333333,33.118429,33.228728,0.04638384410067201,8.575036666666668,0.403875,24.186798666666665,,,custom:libsad_search_78e231cd0d5107.so,/home/rzzhang/sad_merged/sad/build/libsad_search_78e231cd0d5107.so
2026-08-20T19:33:50.800316+00:00,20260820T190931,joint:rzz-hea:20:7a1413a022b6ae15,ok,,rzz-hea,20,8,float64,42,128,2,32,2,2,0.0,rotation,rotation,3,3,compact:L5R2W0-L5R2W0-L5R1W0,compact:L5R2W0-L5R2W0-L5R1W0,,,merged,optimized,5,3,5,7.404519,7.4121054,7.377905,7.4538,0.031755676245988074,1.6327764000000002,0.10066280000000001,5.678666199999999,,,custom:libsad_search_d014591f51543a.so,/home/rzzhang/sad_merged/sad/build/libsad_search_d014591f51543a.so
2026-08-20T19:33:50.867607+00:00,20260820T190931,joint:rzz-hea:14:c627bde1744f57ca,ok,,rzz-hea,14,8,float64,42,128,2,32,2,2,0.5,rotation,rotation,8,8,compact:L2R0W0-L2R0W0-L2R0W0-L2R0W0-L2R0W0-L2R0W0-L1R0W0-L1R0W0,compact:L2R0W0-L2R0W0-L2R0W0-L2R0W0-L2R0W0-L2R0W0-L1R0W0-L1R0W0,,,merged,optimized,10,3,10,0.9285635000000001,0.9290202000000001,0.9268339999999999,0.93592,0.0023724033299588865,0.3953833,0.018881299999999997,0.5147556,,,custom:libsad_search_d014591f51543a.so,/home/rzzhang/sad_merged/sad/build/libsad_search_d014591f51543a.so
2026-08-20T19:33:50.884899+00:00,20260820T190931,joint:rzz-hea:28:20f38e1e80d0632a,ok,,rzz-hea,28,8,float64,42,64,2,64,2,1,0.75,rotation,rotation,22,22,compact:L2R0W0-L2R0W0-L2R0W0-L2R0W0-L2R0W0-L2R0W0-L1R0W0-L1R0W0-L1R0W0-L1R0W0-L1R0W0-L1R0W0-L1R0W0-L1R0W0-L1R0W0-L1R0W0-L1R0W0-L1R0W0-L1R0W0-L1R0W0-L1R0W0-L1R0W0,compact:L2R0W0-L2R0W0-L2R0W0-L2R0W0-L2R0W0-L2R0W0-L1R0W0-L1R0W0-L1R0W0-L1R0W0-L1R0W0-L1R0W0-L1R0W0-L1R0W0-L1R0W0-L1R0W0-L1R0W0-L1R0W0-L1R0W0-L1R0W0-L1R0W0-L1R0W0,,,split,optimized,2,3,2,6287.9174685,6287.9174685,6283.621166000001,6292.213771,4.296302499999456,1933.818864,85.918705,4268.1798995,,,custom:libsad_search_7ec063ebc99501.so,/home/rzzhang/sad_merged/sad/build/libsad_search_7ec063ebc99501.so
2026-08-20T19:34:22.321198+00:00,20260820T190931,joint:rzz-hea:26:d8d27804b1d7c594,ok,,rzz-hea,26,8,float64,42,64,2,64,2,2,1.0,rotation,rotation,26,26,compact:L1R0W0-L1R0W0-L1R0W0-L1R0W0-L1R0W0-L1R0W0-L1R0W0-L1R0W0-L1R0W0-L1R0W0-L1R0W0-L1R0W0-L1R0W0-L1R0W0-L1R0W0-L1R0W0-L1R0W0-L1R0W0-L1R0W0-L1R0W0-L1R0W0-L1R0W0-L1R0W0-L1R0W0-L1R0W0-L1R0W0,compact:L1R0W0-L1R0W0-L1R0W0-L1R0W0-L1R0W0-L1R0W0-L1R0W0-L1R0W0-L1R0W0-L1R0W0-L1R0W0-L1R0W0-L1R0W0-L1R0W0-L1R0W0-L1R0W0-L1R0W0-L1R0W0-L1R0W0-L1R0W0-L1R0W0-L1R0W0-L1R0W0-L1R0W0-L1R0W0-L1R0W0,,,merged,optimized,2,3,2,1780.5735164999999,1780.5735164999999,1780.378329,1780.7687039999998,0.19518749999997453,516.156845,10.1025395,1254.314132,,,custom:libsad_search_97eec9f2a848ec.so,/home/rzzhang/sad_merged/sad/build/libsad_search_97eec9f2a848ec.so
2026-08-20T19:34:31.284809+00:00,20260820T190931,joint:rzz-hea:14:5fe143b3f040f52b,ok,,rzz-hea,14,8,float64,42,64,2,64,2,1,0.25,rotation,rotation,5,5,compact:L3R0W0-L3R0W0-L3R0W0-L3R0W0-L2R0W0,compact:L3R0W0-L3R0W0-L3R0W0-L3R0W0-L2R0W0,,,split,optimized,10,3,10,0.7710605,0.7708063,0.7649020000000001,0.7728839999999999,0.0020683434942000943,0.2648646,0.0189113,0.4870304,,,custom:libsad_search_7ec063ebc99501.so,/home/rzzhang/sad_merged/sad/build/libsad_search_7ec063ebc99501.so
2026-08-20T19:34:31.305492+00:00,20260820T190931,joint:rzz-hea:8:d70f0f101d8f3791,ok,,rzz-hea,8,8,float64,42,32,2,128,2,2,0.25,rotation,rotation,4,3,compact:L2R0W0-L2R0W0-L2R0W0-L2R0W0,compact:L3R0W0-L3R0W0-L2R0W0,,,split,optimized,20,3,20,0.515984,0.51568995,0.510946,0.5173099999999999,0.0013213926545504809,0.16945585000000002,0.018930299999999997,0.3273038,,,custom:libsad_search_2a0e4369743c84.so,/home/rzzhang/sad_merged/sad/build/libsad_search_2a0e4369743c84.so
2026-08-20T19:34:31.328490+00:00,20260820T190931,joint:rzz-hea:12:de003379b13a5a70,ok,,rzz-hea,12,8,float64,42,128,2,128,2,1,0.25,rotation,rotation,4,4,compact:L3R0W0-L3R0W0-L3R0W0-L3R0W0,compact:L3R0W0-L3R0W0-L3R0W0-L3R0W0,,,merged,optimized,10,3,10,0.6984765,0.6987363999999999,0.698256,0.699402,0.0004311336683674643,0.2405402,0.0186784,0.43951779999999996,,,custom:libsad_search_8fbfac92ec4bef.so,/home/rzzhang/sad_merged/sad/build/libsad_search_8fbfac92ec4bef.so
2026-08-20T19:34:31.348466+00:00,20260820T190931,joint:rzz-hea:18:0437e6ffc82a5b7f,ok,,rzz-hea,18,8,float64,42,128,2,128,2,1,0.25,rotation,rotation,6,6,compact:L3R0W0-L3R0W0-L3R0W0-L3R0W0-L3R0W0-L3R0W0,compact:L3R0W0-L3R0W0-L3R0W0-L3R0W0-L3R0W0-L3R0W0,,,split,optimized,5,3,5,2.565191,2.5671432,2.564915,2.572213,0.0028283404604114173,0.7543002,0.035790600000000006,1.7770524,,,custom:libsad_search_9361435758c99d.so,/home/rzzhang/sad_merged/sad/build/libsad_search_9361435758c99d.so
2026-08-20T19:34:31.375007+00:00,20260820T190931,joint:rzz-hea:20:b19d3214314ab60e,ok,,rzz-hea,20,8,float64,42,128,2,128,2,1,0.0,legacy,legacy,0,0,,,,,not_applicable,legacy-generic,5,3,5,7.480306000000001,7.4794972,7.472233,7.4864809999999995,0.004576477964548487,2.0791044000000003,0.099361,5.3010318,,,custom:libsad_search_78e231cd0d5107.so,/home/rzzhang/sad_merged/sad/build/libsad_search_78e231cd0d5107.so
2026-08-20T19:34:31.441201+00:00,20260820T190931,joint:rzz-hea:24:c9593e7a9f20aabf,ok,,rzz-hea,24,8,float64,42,32,2,128,2,1,0.5,rotation,rotation,14,14,compact:L2R0W0-L2R0W0-L2R0W0-L2R0W0-L2R0W0-L2R0W0-L2R0W0-L2R0W0-L2R0W0-L2R0W0-L1R0W0-L1R0W0-L1R0W0-L1R0W0,compact:L2R0W0-L2R0W0-L2R0W0-L2R0W0-L2R0W0-L2R0W0-L2R0W0-L2R0W0-L2R0W0-L2R0W0-L1R0W0-L1R0W0-L1R0W0-L1R0W0,,,split,optimized,3,3,3,265.636203,266.373997,265.571193,267.91459499999996,1.0896905442151703,83.073444,1.8339046666666665,181.46664833333335,,,custom:libsad_search_0e4f539ceca897.so,/home/rzzhang/sad_merged/sad/build/libsad_search_0e4f539ceca897.so
2026-08-20T19:34:33.048556+00:00,20260820T190931,joint:rzz-hea:10:85c278bc4e40271d,ok,,rzz-hea,10,8,float64,42,64,2,64,2,1,1.0,rotation,rotation,10,10,compact:L1R0W0-L1R0W0-L1R0W0-L1R0W0-L1R0W0-L1R0W0-L1R0W0-L1R0W0-L1R0W0-L1R0W0,compact:L1R0W0-L1R0W0-L1R0W0-L1R0W0-L1R0W0-L1R0W0-L1R0W0-L1R0W0-L1R0W0-L1R0W0,,,split,optimized,10,3,10,0.9552404999999999,0.9555400000000001,0.953483,0.958355,0.0014705364327346636,0.3721249,0.0191761,0.564239,,,custom:libsad_search_7ec063ebc99501.so,/home/rzzhang/sad_merged/sad/build/libsad_search_7ec063ebc99501.so
2026-08-20T19:34:33.069605+00:00,20260820T190931,joint:rzz-hea:18:d47e8ee7324ef806,ok,,rzz-hea,18,8,float64,42,64,2,64,2,2,0.25,rotation,rotation,7,7,compact:L3R0W0-L3R0W0-L3R0W0-L3R0W0-L2R0W0-L2R0W0-L2R0W0,compact:L3R0W0-L3R0W0-L3R0W0-L3R0W0-L2R0W0-L2R0W0-L2R0W0,,,split,optimized,5,3,5,2.615106,2.6056289999999995,2.5803749999999996,2.617464,0.014297785856558503,0.7846828,0.0354672,1.785479,,,custom:libsad_search_20c37ff249ec0a.so,/home/rzzhang/sad_merged/sad/build/libsad_search_20c37ff249ec0a.so
2026-08-20T19:34:33.096575+00:00,20260820T190931,joint:rzz-hea:18:0bbc3f4d3eb50779,ok,,rzz-hea,18,8,float64,42,32,2,32,2,2,0.25,rotation,rotation,7,7,compact:L3R0W0-L3R0W0-L3R0W0-L3R0W0-L2R0W0-L2R0W0-L2R0W0,compact:L3R0W0-L3R0W0-L3R0W0-L3R0W0-L2R0W0-L2R0W0-L2R0W0,,,split,optimized,5,3,5,2.4441580000000003,2.4446564000000004,2.443045,2.447285,0.0015596050269218059,0.738755,0.035121599999999996,1.6707797999999998,,,custom:libsad_search_16d9d6cef53b3d.so,/home/rzzhang/sad_merged/sad/build/libsad_search_16d9d6cef53b3d.so
2026-08-20T19:34:33.121971+00:00,20260820T190931,joint:rzz-hea:22:a06df1360abd841b,ok,,rzz-hea,22,8,float64,42,64,2,64,2,2,0.25,rotation,rotation,8,8,compact:L3R0W0-L3R0W0-L3R0W0-L3R0W0-L3R0W0-L3R0W0-L2R0W0-L2R0W0,compact:L3R0W0-L3R0W0-L3R0W0-L3R0W0-L3R0W0-L3R0W0-L2R0W0-L2R0W0,,,merged,optimized,3,3,3,37.201276,37.196344,37.156836999999996,37.230919,0.030444256699747332,7.322622666666668,0.4224456666666666,29.451275666666664,,,custom:libsad_search_97eec9f2a848ec.so,/home/rzzhang/sad_merged/sad/build/libsad_search_97eec9f2a848ec.so
2026-08-20T19:34:33.353022+00:00,20260820T190931,joint:rzz-hea:26:ca4848fc342b9da5,ok,,rzz-hea,26,8,float64,42,128,2,128,2,2,1.0,rotation,rotation,26,26,compact:L1R0W0-L1R0W0-L1R0W0-L1R0W0-L1R0W0-L1R0W0-L1R0W0-L1R0W0-L1R0W0-L1R0W0-L1R0W0-L1R0W0-L1R0W0-L1R0W0-L1R0W0-L1R0W0-L1R0W0-L1R0W0-L1R0W0-L1R0W0-L1R0W0-L1R0W0-L1R0W0-L1R0W0-L1R0W0-L1R0W0,compact:L1R0W0-L1R0W0-L1R0W0-L1R0W0-L1R0W0-L1R0W0-L1R0W0-L1R0W0-L1R0W0-L1R0W0-L1R0W0-L1R0W0-L1R0W0-L1R0W0-L1R0W0-L1R0W0-L1R0W0-L1R0W0-L1R0W0-L1R0W0-L1R0W0-L1R0W0-L1R0W0-L1R0W0-L1R0W0-L1R0W0,,,split,optimized,2,3,2,1793.471282,1793.471282,1792.243423,1794.699141,1.2278590000000804,562.2731335,10.102858,1221.0952905000001,,,custom:libsad_search_d02bea87aa5c56.so,/home/rzzhang/sad_merged/sad/build/libsad_search_d02bea87aa5c56.so
2026-08-20T19:34:42.339679+00:00,20260820T190931,joint:rzz-hea:24:b2da67edc1d20d19,ok,,rzz-hea,24,8,float64,42,128,2,32,2,1,0.75,rotation,rotation,19,19,compact:L2R0W0-L2R0W0-L2R0W0-L2R0W0-L2R0W0-L1R0W0-L1R0W0-L1R0W0-L1R0W0-L1R0W0-L1R0W0-L1R0W0-L1R0W0-L1R0W0-L1R0W0-L1R0W0-L1R0W0-L1R0W0-L1R0W0,compact:L2R0W0-L2R0W0-L2R0W0-L2R0W0-L2R0W0-L1R0W0-L1R0W0-L1R0W0-L1R0W0-L1R0W0-L1R0W0-L1R0W0-L1R0W0-L1R0W0-L1R0W0-L1R0W0-L1R0W0-L1R0W0-L1R0W0,,,merged,optimized,3,3,3,336.676522,336.625742,336.32682700000004,336.873877,0.22620032703334164,95.79203566666666,1.7793903333333334,239.05431600000003,,,custom:libsad_search_5851e15f736f52.so,/home/rzzhang/sad_merged/sad/build/libsad_search_5851e15f736f52.so
2026-08-20T19:34:44.388585+00:00,20260820T190931,joint:rzz-hea:16:92a55614cab62313,ok,,rzz-hea,16,8,float64,42,128,2,128,2,1,1.0,rotation,rotation,16,16,compact:L1R0W0-L1R0W0-L1R0W0-L1R0W0-L1R0W0-L1R0W0-L1R0W0-L1R0W0-L1R0W0-L1R0W0-L1R0W0-L1R0W0-L1R0W0-L1R0W0-L1R0W0-L1R0W0,compact:L1R0W0-L1R0W0-L1R0W0-L1R0W0-L1R0W0-L1R0W0-L1R0W0-L1R0W0-L1R0W0-L1R0W0-L1R0W0-L1R0W0-L1R0W0-L1R0W0-L1R0W0-L1R0W0,,,split,optimized,5,3,5,2.099121,2.1374264,2.095102,2.2435759999999996,0.05701956717689103,0.7867213999999999,0.018958,1.3317469999999998,,,custom:libsad_search_9361435758c99d.so,/home/rzzhang/sad_merged/sad/build/libsad_search_9361435758c99d.so
2026-08-20T19:34:44.416966+00:00,20260820T190931,joint:rzz-hea:8:017adbbbaaed47b2,ok,,rzz-hea,8,8,float64,42,32,2,32,2,1,1.0,rotation,rotation,8,8,compact:L1R0W0-L1R0W0-L1R0W0-L1R0W0-L1R0W0-L1R0W0-L1R0W0-L1R0W0,compact:L1R0W0-L1R0W0-L1R0W0-L1R0W0-L1R0W0-L1R0W0-L1R0W0-L1R0W0,,,merged,optimized,20,3,20,0.6230629999999999,0.6256245,0.614348,0.641602,0.009478872108536946,0.25633364999999997,0.01892425,0.35036660000000003,,,custom:libsad_search_f9cdaf042a7bd6.so,/home/rzzhang/sad_merged/sad/build/libsad_search_f9cdaf042a7bd6.so
2026-08-20T19:34:44.436863+00:00,20260820T190931,joint:rzz-hea:8:9bf8232f15ab0282,ok,,rzz-hea,8,8,float64,42,128,2,32,2,2,0.5,rotation,rotation,4,5,compact:L2R0W0-L2R0W0-L2R0W0-L2R0W0,compact:L2R0W0-L2R0W0-L2R0W0-L1R0W0-L1R0W0,,,split,optimized,20,3,20,0.515056,0.51503315,0.512995,0.5171990000000001,0.00119173513311474,0.18122860000000002,0.0187245,0.31508005000000006,,,custom:libsad_search_3b115211f38255.so,/home/rzzhang/sad_merged/sad/build/libsad_search_3b115211f38255.so
2026-08-20T19:34:44.454287+00:00,20260820T190931,joint:rzz-hea:18:502d2684e1107415,ok,,rzz-hea,18,8,float64,42,32,2,128,2,1,0.75,rotation,rotation,14,14,compact:L2R0W0-L2R0W0-L2R0W0-L2R0W0-L1R0W0-L1R0W0-L1R0W0-L1R0W0-L1R0W0-L1R0W0-L1R0W0-L1R0W0-L1R0W0-L1R0W0,compact:L2R0W0-L2R0W0-L2R0W0-L2R0W0-L1R0W0-L1R0W0-L1R0W0-L1R0W0-L1R0W0-L1R0W0-L1R0W0-L1R0W0-L1R0W0-L1R0W0,,,split,optimized,5,3,5,3.234637,3.2343582,3.2318339999999997,3.237864,0.0020586623229661752,1.0246882,0.035462999999999995,2.174207,,,custom:libsad_search_0e4f539ceca897.so,/home/rzzhang/sad_merged/sad/build/libsad_search_0e4f539ceca897.so
2026-08-20T19:34:44.486187+00:00,20260820T190931,joint:rzz-hea:4:25f4edbbe42016d2,ok,,rzz-hea,4,8,float64,42,32,2,32,2,1,1.0,rotation,rotation,4,4,compact:L1R0W0-L1R0W0-L1R0W0-L1R0W0,compact:L1R0W0-L1R0W0-L1R0W0-L1R0W0,,,split,optimized,20,3,20,0.3280595,0.32783965,0.323309,0.33202000000000004,0.003124241320304818,0.1217451,0.018882200000000002,0.18721235,,,custom:libsad_search_3cb67c7e18cc99.so,/home/rzzhang/sad_merged/sad/build/libsad_search_3cb67c7e18cc99.so
2026-08-20T19:34:44.499087+00:00,20260820T190931,joint:rzz-hea:12:206b28032d14facc,ok,,rzz-hea,12,8,float64,42,64,2,64,2,2,1.0,rotation,rotation,12,12,compact:L1R0W0-L1R0W0-L1R0W0-L1R0W0-L1R0W0-L1R0W0-L1R0W0-L1R0W0-L1R0W0-L1R0W0-L1R0W0-L1R0W0,compact:L1R0W0-L1R0W0-L1R0W0-L1R0W0-L1R0W0-L1R0W0-L1R0W0-L1R0W0-L1R0W0-L1R0W0-L1R0W0-L1R0W0,,,merged,optimized,10,3,10,1.0618195,1.0613285000000001,1.056464,1.0639589999999999,0.0018869451634851255,0.4396675,0.0188748,0.6027861999999999,,,custom:libsad_search_97eec9f2a848ec.so,/home/rzzhang/sad_merged/sad/build/libsad_search_97eec9f2a848ec.so
2026-08-20T19:34:44.517931+00:00,20260820T190931,joint:rzz-hea:12:eec6125f9664814e,ok,,rzz-hea,12,8,float64,42,128,2,32,2,2,0.0,rotation,rotation,2,2,compact:L5R1W0-L5R1W0,compact:L5R1W0-L5R1W0,,,merged,optimized,10,3,10,0.4523205,0.4516579,0.446518,0.45259200000000005,0.001745364915998945,0.1705826,0.018108499999999996,0.2629668,,,custom:libsad_search_d014591f51543a.so,/home/rzzhang/sad_merged/sad/build/libsad_search_d014591f51543a.so
2026-08-20T19:34:44.529099+00:00,20260820T190931,joint:rzz-hea:26:f72a1ffb31ef60dd,ok,,rzz-hea,26,8,float64,42,32,2,32,2,2,0.0,rotation,rotation,4,4,compact:L5R2W0-L5R2W0-L5R1W0-L5R1W0,compact:L5R2W0-L5R2W0-L5R1W0-L5R1W0,,,split,optimized,2,3,2,645.4653370000001,645.4653370000001,645.290563,645.640111,0.17477400000001353,180.27163099999999,10.841633999999999,454.352072,,,custom:libsad_search_16d9d6cef53b3d.so,/home/rzzhang/sad_merged/sad/build/libsad_search_16d9d6cef53b3d.so
2026-08-20T19:34:47.757617+00:00,20260820T190931,joint:rzz-hea:8:746e23d5013e712c,ok,,rzz-hea,8,8,float64,42,64,2,64,2,1,1.0,rotation,rotation,8,8,compact:L1R0W0-L1R0W0-L1R0W0-L1R0W0-L1R0W0-L1R0W0-L1R0W0-L1R0W0,compact:L1R0W0-L1R0W0-L1R0W0-L1R0W0-L1R0W0-L1R0W0-L1R0W0-L1R0W0,,,merged,optimized,20,3,20,0.6738305,0.6741393,0.6718029999999999,0.676757,0.0013463786651607584,0.27230865000000004,0.01895215,0.38287849999999995,,,custom:libsad_search_7e5293342e215a.so,/home/rzzhang/sad_merged/sad/build/libsad_search_7e5293342e215a.so
2026-08-20T19:34:47.783781+00:00,20260820T190931,joint:rzz-hea:24:89bf3a266dcb89d0,ok,,rzz-hea,24,8,float64,42,32,2,32,2,1,0.0,rotation,rotation,4,4,compact:L5R1W0-L5R1W0-L5R1W0-L5R1W0,compact:L5R1W0-L5R1W0-L5R1W0-L5R1W0,,,merged,optimized,3,3,3,144.070578,144.02836533333334,143.94052200000002,144.073996,0.062130288315936984,28.70097966666667,1.8157539999999999,113.51163166666667,,,custom:libsad_search_f9cdaf042a7bd6.so,/home/rzzhang/sad_merged/sad/build/libsad_search_f9cdaf042a7bd6.so
2026-08-20T19:34:48.666815+00:00,20260820T190931,joint:rzz-hea:22:725221f79c5d5e7b,ok,,rzz-hea,22,8,float64,42,64,2,64,2,2,0.25,rotation,rotation,8,8,compact:L3R0W0-L3R0W0-L3R0W0-L3R0W0-L3R0W0-L3R0W0-L2R0W0-L2R0W0,compact:L3R0W0-L3R0W0-L3R0W0-L3R0W0-L3R0W0-L3R0W0-L2R0W0-L2R0W0,,,split,optimized,3,3,3,38.297432,38.238409,37.97834699999999,38.439448,0.1928147970583893,9.087504333333333,0.45526633333333333,28.69563833333333,,,custom:libsad_search_20c37ff249ec0a.so,/home/rzzhang/sad_merged/sad/build/libsad_search_20c37ff249ec0a.so
2026-08-20T19:34:48.911987+00:00,20260820T190931,joint:rzz-hea:26:ebf541c7a1c59295,ok,,rzz-hea,26,8,float64,42,64,2,64,2,1,0.0,rotation,rotation,4,4,compact:L5R2W0-L5R2W0-L5R1W0-L5R1W0,compact:L5R2W0-L5R2W0-L5R1W0-L5R1W0,,,split,optimized,2,3,2,644.2401625,644.2401625,642.820107,645.660218,1.4200554999999895,175.077033,10.832638499999998,458.330491,,,custom:libsad_search_7ec063ebc99501.so,/home/rzzhang/sad_merged/sad/build/libsad_search_7ec063ebc99501.so
2026-08-20T19:34:52.152588+00:00,20260820T190931,joint:rzz-hea:4:0ea2779d5bc5bbc6,ok,,rzz-hea,4,8,float64,42,128,2,32,2,2,0.25,rotation,rotation,2,2,compact:L2R0W0-L2R0W0,compact:L2R0W0-L2R0W0,,,split,optimized,20,3,20,0.2943135,0.29424685,0.285497,0.29786799999999997,0.0022570307103581882,0.10627284999999999,0.018671200000000002,0.1693028,,,custom:libsad_search_3b115211f38255.so,/home/rzzhang/sad_merged/sad/build/libsad_search_3b115211f38255.so
2026-08-20T19:34:52.170300+00:00,20260820T190931,joint:rzz-hea:6:f870cdd4216f1153,ok,,rzz-hea,6,8,float64,42,128,2,32,2,2,0.5,rotation,rotation,4,4,compact:L2R0W0-L2R0W0-L1R0W0-L1R0W0,compact:L2R0W0-L2R0W0-L1R0W0-L1R0W0,,,merged,optimized,20,3,20,0.3604125,0.360335,0.35572800000000004,0.363611,0.0014205769954493785,0.13155975000000003,0.0187796,0.20999564999999998,,,custom:libsad_search_d014591f51543a.so,/home/rzzhang/sad_merged/sad/build/libsad_search_d014591f51543a.so
2026-08-20T19:34:52.188951+00:00,20260820T190931,joint:rzz-hea:14:cceef6ad47d83692,ok,,rzz-hea,14,8,float64,42,32,2,32,2,1,0.25,rotation,rotation,5,5,compact:L3R0W0-L3R0W0-L3R0W0-L3R0W0-L2R0W0,compact:L3R0W0-L3R0W0-L3R0W0-L3R0W0-L2R0W0,,,merged,optimized,10,3,10,0.680809,0.6832800000000001,0.6796690000000001,0.688216,0.003711704352450496,0.2444972,0.018641400000000002,0.4201414,,,custom:libsad_search_f9cdaf042a7bd6.so,/home/rzzhang/sad_merged/sad/build/libsad_search_f9cdaf042a7bd6.so
2026-08-20T19:34:52.207956+00:00,20260820T190931,joint:rzz-hea:4:dbdc741780d9b234,ok,,rzz-hea,4,8,float64,42,32,2,32,2,2,0.5,rotation,rotation,2,2,compact:L2R0W0-L2R0W0,compact:L2R0W0-L2R0W0,,,merged,optimized,20,3,20,0.20262449999999999,0.20252715000000002,0.201609,0.20399,0.000713902113388102,0.05937395,0.01873155,0.12442165,,,custom:libsad_search_dcff342f285260.so,/home/rzzhang/sad_merged/sad/build/libsad_search_dcff342f285260.so
2026-08-20T19:34:52.222365+00:00,20260820T190931,joint:rzz-hea:8:8171074fb4f1c8b3,ok,,rzz-hea,8,8,float64,42,32,2,128,2,1,0.75,rotation,rotation,6,6,compact:L2R0W0-L2R0W0-L1R0W0-L1R0W0-L1R0W0-L1R0W0,compact:L2R0W0-L2R0W0-L1R0W0-L1R0W0-L1R0W0-L1R0W0,,,merged,optimized,20,3,20,0.5774239999999999,0.57743975,0.576445,0.579427,0.0008766341811154881,0.20474105,0.01873955,0.35395915,,,custom:libsad_search_2a8327787a9aac.so,/home/rzzhang/sad_merged/sad/build/libsad_search_2a8327787a9aac.so
2026-08-20T19:34:52.240870+00:00,20260820T190931,joint:rzz-hea:8:4d3a3551bebef471,ok,,rzz-hea,8,8,float64,42,32,2,128,2,1,1.0,rotation,rotation,8,8,compact:L1R0W0-L1R0W0-L1R0W0-L1R0W0-L1R0W0-L1R0W0-L1R0W0-L1R0W0,compact:L1R0W0-L1R0W0-L1R0W0-L1R0W0-L1R0W0-L1R0W0-L1R0W0-L1R0W0,,,merged,optimized,20,3,20,0.6788455,0.6787174,0.6756719999999999,0.68001,0.0009501364323085446,0.25285680000000005,0.01872365,0.40713695,,,custom:libsad_search_2a8327787a9aac.so,/home/rzzhang/sad_merged/sad/build/libsad_search_2a8327787a9aac.so
2026-08-20T19:34:52.261744+00:00,20260820T190931,joint:rzz-hea:10:aa9b4e2641025963,ok,,rzz-hea,10,8,float64,42,64,2,64,2,1,0.75,rotation,rotation,8,8,compact:L2R0W0-L2R0W0-L1R0W0-L1R0W0-L1R0W0-L1R0W0-L1R0W0-L1R0W0,compact:L2R0W0-L2R0W0-L1R0W0-L1R0W0-L1R0W0-L1R0W0-L1R0W0-L1R0W0,,,split,optimized,10,3,10,0.7722215000000001,0.7728719,0.771028,0.7759780000000001,0.0013896945311830191,0.2931487,0.0187082,0.46101500000000006,,,custom:libsad_search_7ec063ebc99501.so,/home/rzzhang/sad_merged/sad/build/libsad_search_7ec063ebc99501.so
2026-08-20T19:34:52.276838+00:00,20260820T190931,joint:rzz-hea:8:f820bd03a0318e06,ok,,rzz-hea,8,8,float64,42,128,2,128,2,2,0.75,rotation,rotation,6,6,compact:L2R0W0-L2R0W0-L1R0W0-L1R0W0-L1R0W0-L1R0W0,compact:L2R0W0-L2R0W0-L1R0W0-L1R0W0-L1R0W0-L1R0W0,,,merged,optimized,20,3,20,0.5893135,0.58926995,0.587413,0.591981,0.0009772671832717994,0.2165324,0.01871265,0.35402490000000003,,,custom:libsad_search_b969ada61d8a74.so,/home/rzzhang/sad_merged/sad/build/libsad_search_b969ada61d8a74.so
2026-08-20T19:34:52.296110+00:00,20260820T190931,joint:rzz-hea:10:c6b6ef3a57795a89,ok,,rzz-hea,10,8,float64,42,128,2,128,2,1,0.5,rotation,rotation,6,6,compact:L2R0W0-L2R0W0-L2R0W0-L2R0W0-L1R0W0-L1R0W0,compact:L2R0W0-L2R0W0-L2R0W0-L2R0W0-L1R0W0-L1R0W0,,,merged,optimized,10,3,10,0.7106545,0.7119747999999999,0.7089690000000001,0.7180509999999999,0.0030451021920454226,0.2645919,0.018604,0.4287789,,,custom:libsad_search_8fbfac92ec4bef.so,/home/rzzhang/sad_merged/sad/build/libsad_search_8fbfac92ec4bef.so
2026-08-20T19:34:52.310988+00:00,20260820T190931,joint:rzz-hea:26:98118b60004668d7,ok,,rzz-hea,26,8,float64,42,32,2,128,2,2,0.0,rotation,rotation,4,3,compact:L5R2W0-L5R2W0-L5R1W0-L5R1W0,compact:L5R2W2-L5R2W2-L5R2W1,,,split,optimized,2,3,2,631.981495,631.981495,631.862023,632.100967,0.11947199999997338,173.90101749999997,10.6186295,447.461848,,,custom:libsad_search_2a0e4369743c84.so,/home/rzzhang/sad_merged/sad/build/libsad_search_2a0e4369743c84.so
2026-08-20T19:34:55.485783+00:00,20260820T190931,joint:rzz-hea:26:c9f11991e517fe37,ok,,rzz-hea,26,8,float64,42,32,2,128,2,2,0.75,rotation,rotation,20,20,compact:L2R0W0-L2R0W0-L2R0W0-L2R0W0-L2R0W0-L2R0W0-L1R0W0-L1R0W0-L1R0W0-L1R0W0-L1R0W0-L1R0W0-L1R0W0-L1R0W0-L1R0W0-L1R0W0-L1R0W0-L1R0W0-L1R0W0-L1R0W0,compact:L2R0W0-L2R0W0-L2R0W0-L2R0W0-L2R0W0-L2R0W0-L1R0W0-L1R0W0-L1R0W0-L1R0W0-L1R0W0-L1R0W0-L1R0W0-L1R0W0-L1R0W0-L1R0W0-L1R0W0-L1R0W0-L1R0W0-L1R0W0,,,merged,optimized,2,3,2,1421.8292875000002,1421.8292875000002,1419.1726350000001,1424.48594,2.65665249999995,407.95250799999997,10.163838,1003.7129414999999,,,custom:libsad_search_fce412939d20fb.so,/home/rzzhang/sad_merged/sad/build/libsad_search_fce412939d20fb.so
2026-08-20T19:35:02.625591+00:00,20260820T190931,joint:rzz-hea:26:53177d32a796cb21,ok,,rzz-hea,26,8,float64,42,128,2,32,2,1,0.25,rotation,rotation,9,10,compact:L3R0W0-L3R0W0-L3R0W0-L3R0W0-L3R0W0-L3R0W0-L3R0W0-L3R0W0-L2R0W0,compact:L3R0W0-L3R0W0-L3R0W0-L3R0W0-L3R0W0-L3R0W0-L2R0W0-L2R0W0-L2R0W0-L2R0W0,,,merged,optimized,2,3,2,822.4311105000002,822.4311105000002,822.2958800000001,822.5663410000001,0.13523049999997738,204.19884050000002,10.833739999999999,607.3985299999999,,,custom:libsad_search_5851e15f736f52.so,/home/rzzhang/sad_merged/sad/build/libsad_search_5851e15f736f52.so
2026-08-20T19:35:06.766076+00:00,20260820T190931,joint:rzz-hea:10:79530025cb3e0500,ok,,rzz-hea,10,8,float64,42,32,2,32,2,1,1.0,rotation,rotation,10,10,compact:L1R0W0-L1R0W0-L1R0W0-L1R0W0-L1R0W0-L1R0W0-L1R0W0-L1R0W0-L1R0W0-L1R0W0,compact:L1R0W0-L1R0W0-L1R0W0-L1R0W0-L1R0W0-L1R0W0-L1R0W0-L1R0W0-L1R0W0-L1R0W0,,,split,optimized,10,3,10,0.947565,0.9598423,0.910214,1.017736,0.04727223211579922,0.3824187,0.019306499999999997,0.5581171,,,custom:libsad_search_3cb67c7e18cc99.so,/home/rzzhang/sad_merged/sad/build/libsad_search_3cb67c7e18cc99.so
2026-08-20T19:35:06.790681+00:00,20260820T190931,joint:rzz-hea:18:4b1b2f7969f6eec4,ok,,rzz-hea,18,8,float64,42,128,2,128,2,2,0.5,rotation,rotation,10,10,compact:L2R0W0-L2R0W0-L2R0W0-L2R0W0-L2R0W0-L2R0W0-L2R0W0-L2R0W0-L1R0W0-L1R0W0,compact:L2R0W0-L2R0W0-L2R0W0-L2R0W0-L2R0W0-L2R0W0-L2R0W0-L2R0W0-L1R0W0-L1R0W0,,,merged,optimized,5,3,5,3.0761260000000004,3.0627526,3.03329,3.0766129999999996,0.017582898163840878,0.8421614000000001,0.0356192,2.1849719999999997,,,custom:libsad_search_b969ada61d8a74.so,/home/rzzhang/sad_merged/sad/build/libsad_search_b969ada61d8a74.so
2026-08-20T19:35:06.835100+00:00,20260820T190931,joint:rzz-hea:24:e28e5eca03df7284,ok,,rzz-hea,24,8,float64,42,128,2,32,2,2,0.25,rotation,rotation,8,9,compact:L3R0W0-L3R0W0-L3R0W0-L3R0W0-L3R0W0-L3R0W0-L3R0W0-L3R0W0,compact:L3R0W0-L3R0W0-L3R0W0-L3R0W0-L3R0W0-L3R0W0-L2R0W0-L2R0W0-L2R0W0,,,split,optimized,3,3,3,194.667442,194.59184233333335,186.63289899999998,202.475186,6.46780750227837,56.193363,1.995054,136.40342533333333,,,custom:libsad_search_3b115211f38255.so,/home/rzzhang/sad_merged/sad/build/libsad_search_3b115211f38255.so
2026-08-20T19:35:07.988107+00:00,20260820T190931,joint:rzz-hea:28:51faf582b40fa497,ok,,rzz-hea,28,8,float64,42,32,2,128,2,1,0.5,rotation,rotation,16,16,compact:L2R0W0-L2R0W0-L2R0W0-L2R0W0-L2R0W0-L2R0W0-L2R0W0-L2R0W0-L2R0W0-L2R0W0-L2R0W0-L2R0W0-L1R0W0-L1R0W0-L1R0W0-L1R0W0,compact:L2R0W0-L2R0W0-L2R0W0-L2R0W0-L2R0W0-L2R0W0-L2R0W0-L2R0W0-L2R0W0-L2R0W0-L2R0W0-L2R0W0-L1R0W0-L1R0W0-L1R0W0-L1R0W0,,,merged,optimized,2,3,2,4786.292856,4786.292856,4782.750225,4789.835486999999,3.542630999999801,1359.9867379999998,84.68260049999999,3341.6235175,,,custom:libsad_search_2a8327787a9aac.so,/home/rzzhang/sad_merged/sad/build/libsad_search_2a8327787a9aac.so
2026-08-20T19:35:31.946544+00:00,20260820T190931,joint:rzz-hea:16:e1ec5debea919071,ok,,rzz-hea,16,8,float64,42,64,2,64,2,1,0.75,rotation,rotation,12,12,compact:L2R0W0-L2R0W0-L2R0W0-L2R0W0-L1R0W0-L1R0W0-L1R0W0-L1R0W0-L1R0W0-L1R0W0-L1R0W0-L1R0W0,compact:L2R0W0-L2R0W0-L2R0W0-L2R0W0-L1R0W0-L1R0W0-L1R0W0-L1R0W0-L1R0W0-L1R0W0-L1R0W0-L1R0W0,,,merged,optimized,5,3,5,1.837866,1.8374130000000002,1.8359409999999998,1.8389919999999997,0.0012218088230160867,0.5912086,0.019153,1.2270514,,,custom:libsad_search_7e5293342e215a.so,/home/rzzhang/sad_merged/sad/build/libsad_search_7e5293342e215a.so
2026-08-20T19:35:31.977128+00:00,20260820T190931,joint:rzz-hea:26:88709823d8a3afe5,ok,,rzz-hea,26,8,float64,42,64,2,64,2,1,0.25,rotation,rotation,10,10,compact:L3R0W0-L3R0W0-L3R0W0-L3R0W0-L3R0W0-L3R0W0-L2R0W0-L2R0W0-L2R0W0-L2R0W0,compact:L3R0W0-L3R0W0-L3R0W0-L3R0W0-L3R0W0-L3R0W0-L2R0W0-L2R0W0-L2R0W0-L2R0W0,,,split,optimized,2,3,2,839.7378630000001,839.7378630000001,838.077899,841.397827,1.6599640000000022,259.6931265,10.303552,569.7411845,,,custom:libsad_search_7ec063ebc99501.so,/home/rzzhang/sad_merged/sad/build/libsad_search_7ec063ebc99501.so
2026-08-20T19:35:36.211448+00:00,20260820T190931,joint:rzz-hea:18:82f9497f508feb00,ok,,rzz-hea,18,8,float64,42,128,2,128,2,1,0.5,rotation,rotation,10,10,compact:L2R0W0-L2R0W0-L2R0W0-L2R0W0-L2R0W0-L2R0W0-L2R0W0-L2R0W0-L1R0W0-L1R0W0,compact:L2R0W0-L2R0W0-L2R0W0-L2R0W0-L2R0W0-L2R0W0-L2R0W0-L2R0W0-L1R0W0-L1R0W0,,,merged,optimized,5,3,5,3.325947,3.329146,3.3247530000000003,3.335328,0.004616726675903528,0.9135908,0.0357064,2.3798488,,,custom:libsad_search_8fbfac92ec4bef.so,/home/rzzhang/sad_merged/sad/build/libsad_search_8fbfac92ec4bef.so
2026-08-20T19:35:36.257947+00:00,20260820T190931,joint:rzz-hea:12:6715b2e0021e23f5,ok,,rzz-hea,12,8,float64,42,128,2,128,2,1,0.0,rotation,rotation,2,2,compact:L5R1W0-L5R1W0,compact:L5R1W0-L5R1W0,,,split,optimized,10,3,10,0.620484,0.6176172999999999,0.597932,0.6215040000000001,0.007031542534181232,0.17783490000000002,0.018905899999999996,0.4208765,,,custom:libsad_search_9361435758c99d.so,/home/rzzhang/sad_merged/sad/build/libsad_search_9361435758c99d.so
2026-08-20T19:35:36.276286+00:00,20260820T190931,joint:rzz-hea:20:94bfb98224180263,ok,,rzz-hea,20,8,float64,42,32,2,128,2,2,0.75,rotation,rotation,16,16,compact:L2R0W0-L2R0W0-L2R0W0-L2R0W0-L1R0W0-L1R0W0-L1R0W0-L1R0W0-L1R0W0-L1R0W0-L1R0W0-L1R0W0-L1R0W0-L1R0W0-L1R0W0-L1R0W0,compact:L2R0W0-L2R0W0-L2R0W0-L2R0W0-L1R0W0-L1R0W0-L1R0W0-L1R0W0-L1R0W0-L1R0W0-L1R0W0-L1R0W0-L1R0W0-L1R0W0-L1R0W0-L1R0W0,,,split,optimized,5,3,5,9.523160999999998,9.5287332,9.515116,9.553179,0.013109903651819778,3.0155316000000005,0.10101140000000002,6.4121901999999995,,,custom:libsad_search_2a0e4369743c84.so,/home/rzzhang/sad_merged/sad/build/libsad_search_2a0e4369743c84.so
2026-08-20T19:35:36.360809+00:00,20260820T190931,joint:rzz-hea:28:3021db6d14e71c4e,ok,,rzz-hea,28,8,float64,42,128,2,128,2,2,1.0,rotation,rotation,28,28,compact:L1R0W0-L1R0W0-L1R0W0-L1R0W0-L1R0W0-L1R0W0-L1R0W0-L1R0W0-L1R0W0-L1R0W0-L1R0W0-L1R0W0-L1R0W0-L1R0W0-L1R0W0-L1R0W0-L1R0W0-L1R0W0-L1R0W0-L1R0W0-L1R0W0-L1R0W0-L1R0W0-L1R0W0-L1R0W0-L1R0W0-L1R0W0-L1R0W0,compact:L1R0W0-L1R0W0-L1R0W0-L1R0W0-L1R0W0-L1R0W0-L1R0W0-L1R0W0-L1R0W0-L1R0W0-L1R0W0-L1R0W0-L1R0W0-L1R0W0-L1R0W0-L1R0W0-L1R0W0-L1R0W0-L1R0W0-L1R0W0-L1R0W0-L1R0W0-L1R0W0-L1R0W0-L1R0W0-L1R0W0-L1R0W0-L1R0W0,,,split,optimized,2,3,2,7731.6410725000005,7731.6410725000005,7726.977287000001,7736.304858,4.6637854999999035,2377.1800089999997,85.8295825,5268.631481,,,custom:libsad_search_d02bea87aa5c56.so,/home/rzzhang/sad_merged/sad/build/libsad_search_d02bea87aa5c56.so
2026-08-20T19:36:15.012895+00:00,20260820T190931,joint:rzz-hea:8:d498e8b49fa5e5d2,ok,,rzz-hea,8,8,float64,42,128,2,128,2,1,0.0,rotation,rotation,1,1,compact:L5R2W1,compact:L5R2W1,,,split,optimized,20,3,20,0.428109,0.42736655,0.42097,0.43014600000000003,0.002825778325966129,0.11992154999999999,0.018932300000000003,0.2885127,,,custom:libsad_search_9361435758c99d.so,/home/rzzhang/sad_merged/sad/build/libsad_search_9361435758c99d.so
2026-08-20T19:36:15.034401+00:00,20260820T190931,joint:rzz-hea:26:9c574696b0dce7d5,ok,,rzz-hea,26,8,float64,42,128,2,128,2,1,1.0,rotation,rotation,26,26,compact:L1R0W0-L1R0W0-L1R0W0-L1R0W0-L1R0W0-L1R0W0-L1R0W0-L1R0W0-L1R0W0-L1R0W0-L1R0W0-L1R0W0-L1R0W0-L1R0W0-L1R0W0-L1R0W0-L1R0W0-L1R0W0-L1R0W0-L1R0W0-L1R0W0-L1R0W0-L1R0W0-L1R0W0-L1R0W0-L1R0W0,compact:L1R0W0-L1R0W0-L1R0W0-L1R0W0-L1R0W0-L1R0W0-L1R0W0-L1R0W0-L1R0W0-L1R0W0-L1R0W0-L1R0W0-L1R0W0-L1R0W0-L1R0W0-L1R0W0-L1R0W0-L1R0W0-L1R0W0-L1R0W0-L1R0W0-L1R0W0-L1R0W0-L1R0W0-L1R0W0-L1R0W0,,,split,optimized,2,3,2,1786.3171965000001,1786.3171965000001,1785.9186980000002,1786.7156949999999,0.398498499999846,559.5085855,10.1419375,1216.6666735000001,,,custom:libsad_search_9361435758c99d.so,/home/rzzhang/sad_merged/sad/build/libsad_search_9361435758c99d.so
2026-08-20T19:36:24.015271+00:00,20260820T190931,joint:rzz-hea:8:f419f50ffdbff98b,ok,,rzz-hea,8,8,float64,42,32,2,128,2,1,0.25,rotation,rotation,4,3,compact:L2R0W0-L2R0W0-L2R0W0-L2R0W0,compact:L3R0W0-L3R0W0-L2R0W0,,,merged,optimized,20,3,20,0.4707335,0.46954830000000003,0.46300300000000005,0.480282,0.00402635768530318,0.16177545000000002,0.019408599999999998,0.28836425000000004,,,custom:libsad_search_2a8327787a9aac.so,/home/rzzhang/sad_merged/sad/build/libsad_search_2a8327787a9aac.so
2026-08-20T19:36:24.037210+00:00,20260820T190931,joint:rzz-hea:20:0b08c33d4f0742d4,ok,,rzz-hea,20,8,float64,42,32,2,32,2,1,0.25,rotation,rotation,7,7,compact:L3R0W0-L3R0W0-L3R0W0-L3R0W0-L3R0W0-L3R0W0-L2R0W0,compact:L3R0W0-L3R0W0-L3R0W0-L3R0W0-L3R0W0-L3R0W0-L2R0W0,,,split,optimized,5,3,5,7.714822,7.6918734,7.586871,7.722034,0.052587459172696145,2.1535758,0.0997296,5.438567999999999,,,custom:libsad_search_3cb67c7e18cc99.so,/home/rzzhang/sad_merged/sad/build/libsad_search_3cb67c7e18cc99.so
2026-08-20T19:36:24.113469+00:00,20260820T190931,joint:rzz-hea:18:365cc9cae0459f80,ok,,rzz-hea,18,8,float64,42,64,2,64,2,1,0.5,rotation,rotation,10,10,compact:L2R0W0-L2R0W0-L2R0W0-L2R0W0-L2R0W0-L2R0W0-L2R0W0-L2R0W0-L1R0W0-L1R0W0,compact:L2R0W0-L2R0W0-L2R0W0-L2R0W0-L2R0W0-L2R0W0-L2R0W0-L2R0W0-L1R0W0-L1R0W0,,,merged,optimized,5,3,5,3.017604,3.0033256,2.958304,3.024879,0.02545611571783865,0.8219727999999998,0.0353724,2.1459803999999996,,,custom:libsad_search_7e5293342e215a.so,/home/rzzhang/sad_merged/sad/build/libsad_search_7e5293342e215a.so
2026-08-20T19:36:24.143499+00:00,20260820T190931,joint:rzz-hea:12:4a238e880fd1b2df,ok,,rzz-hea,12,8,float64,42,32,2,128,2,2,0.75,rotation,rotation,10,10,compact:L2R0W0-L2R0W0-L1R0W0-L1R0W0-L1R0W0-L1R0W0-L1R0W0-L1R0W0-L1R0W0-L1R0W0,compact:L2R0W0-L2R0W0-L1R0W0-L1R0W0-L1R0W0-L1R0W0-L1R0W0-L1R0W0-L1R0W0-L1R0W0,,,split,optimized,10,3,10,1.0582250000000002,1.0587902,1.056946,1.0618580000000002,0.0014147052555215124,0.3617257,0.019167,0.6778975,,,custom:libsad_search_2a0e4369743c84.so,/home/rzzhang/sad_merged/sad/build/libsad_search_2a0e4369743c84.so
2026-08-20T19:36:24.162663+00:00,20260820T190931,joint:rzz-hea:16:5c00ecef2cca57bf,ok,,rzz-hea,16,8,float64,42,32,2,128,2,2,0.5,rotation,rotation,10,9,compact:L2R0W0-L2R0W0-L2R0W0-L2R0W0-L2R0W0-L2R0W0-L1R0W0-L1R0W0-L1R0W0-L1R0W0,compact:L2R0W0-L2R0W0-L2R0W0-L2R0W0-L2R0W0-L2R0W0-L2R0W0-L1R0W0-L1R0W0,,,merged,optimized,5,3,5,1.5861919999999998,1.5869545999999999,1.583022,1.5922929999999997,0.003010591875362654,0.47643559999999996,0.0191542,1.0913647999999998,,,custom:libsad_search_fce412939d20fb.so,/home/rzzhang/sad_merged/sad/build/libsad_search_fce412939d20fb.so
2026-08-20T19:36:24.181479+00:00,20260820T190931,joint:rzz-hea:8:10a8ba1293dc899b,ok,,rzz-hea,8,8,float64,42,32,2,128,2,2,0.25,rotation,rotation,4,3,compact:L2R0W0-L2R0W0-L2R0W0-L2R0W0,compact:L3R0W0-L3R0W0-L2R0W0,,,merged,optimized,20,3,20,0.4489795,0.44934085,0.44704,0.455679,0.0018594440909852636,0.1557277,0.0188934,0.27471975000000004,,,custom:libsad_search_fce412939d20fb.so,/home/rzzhang/sad_merged/sad/build/libsad_search_fce412939d20fb.so
2026-08-20T19:36:24.197241+00:00,20260820T190931,joint:rzz-hea:24:bcd8853a88fe46df,ok,,rzz-hea,24,8,float64,42,64,2,64,2,1,0.0,rotation,rotation,3,3,compact:L5R2W1-L5R2W1-L5R2W1,compact:L5R2W1-L5R2W1-L5R2W1,,,split,optimized,3,3,3,144.67803600000002,144.87406633333333,144.212817,145.731346,0.6352445721401747,37.42063566666667,1.8026479999999998,105.65078266666667,,,custom:libsad_search_7ec063ebc99501.so,/home/rzzhang/sad_merged/sad/build/libsad_search_7ec063ebc99501.so
2026-08-20T19:36:25.077567+00:00,20260820T190931,joint:rzz-hea:18:b98712b4b4a08e91,ok,,rzz-hea,18,8,float64,42,64,2,64,2,2,1.0,rotation,rotation,18,18,compact:L1R0W0-L1R0W0-L1R0W0-L1R0W0-L1R0W0-L1R0W0-L1R0W0-L1R0W0-L1R0W0-L1R0W0-L1R0W0-L1R0W0-L1R0W0-L1R0W0-L1R0W0-L1R0W0-L1R0W0-L1R0W0,compact:L1R0W0-L1R0W0-L1R0W0-L1R0W0-L1R0W0-L1R0W0-L1R0W0-L1R0W0-L1R0W0-L1R0W0-L1R0W0-L1R0W0-L1R0W0-L1R0W0-L1R0W0-L1R0W0-L1R0W0-L1R0W0,,,split,optimized,5,3,5,3.682249,3.6666752000000002,3.604123,3.6833169999999997,0.03128210110846133,1.2959754,0.0356766,2.3350232,,,custom:libsad_search_20c37ff249ec0a.so,/home/rzzhang/sad_merged/sad/build/libsad_search_20c37ff249ec0a.so
2026-08-20T19:36:25.121080+00:00,20260820T190931,joint:rzz-hea:24:c9358ce4da81f7ea,ok,,rzz-hea,24,8,float64,42,128,2,128,2,2,0.25,rotation,rotation,8,8,compact:L3R0W0-L3R0W0-L3R0W0-L3R0W0-L3R0W0-L3R0W0-L3R0W0-L3R0W0,compact:L3R0W0-L3R0W0-L3R0W0-L3R0W0-L3R0W0-L3R0W0-L3R0W0-L3R0W0,,,merged,optimized,3,3,3,169.921824,171.16802633333336,169.90149399999999,173.68076100000002,1.776791106841472,44.92744066666667,1.9017763333333333,124.33880933333334,,,custom:libsad_search_b969ada61d8a74.so,/home/rzzhang/sad_merged/sad/build/libsad_search_b969ada61d8a74.so
2026-08-20T19:36:26.155827+00:00,20260820T190931,joint:rzz-hea:20:58f0bfc060d0ad15,ok,,rzz-hea,20,8,float64,42,32,2,128,2,1,1.0,rotation,rotation,20,20,compact:L1R0W0-L1R0W0-L1R0W0-L1R0W0-L1R0W0-L1R0W0-L1R0W0-L1R0W0-L1R0W0-L1R0W0-L1R0W0-L1R0W0-L1R0W0-L1R0W0-L1R0W0-L1R0W0-L1R0W0-L1R0W0-L1R0W0-L1R0W0,compact:L1R0W0-L1R0W0-L1R0W0-L1R0W0-L1R0W0-L1R0W0-L1R0W0-L1R0W0-L1R0W0-L1R0W0-L1R0W0-L1R0W0-L1R0W0-L1R0W0-L1R0W0-L1R0W0-L1R0W0-L1R0W0-L1R0W0-L1R0W0,,,merged,optimized,5,3,5,10.692678,10.6852078,10.647281999999999,10.705969,0.02080796369085689,3.2160842,0.100801,7.3683226,,,custom:libsad_search_2a8327787a9aac.so,/home/rzzhang/sad_merged/sad/build/libsad_search_2a8327787a9aac.so
2026-08-20T19:36:26.256787+00:00,20260820T190931,joint:rzz-hea:12:9a06194292568b65,ok,,rzz-hea,12,8,float64,42,128,2,128,2,2,0.5,rotation,rotation,7,7,compact:L2R0W0-L2R0W0-L2R0W0-L2R0W0-L2R0W0-L1R0W0-L1R0W0,compact:L2R0W0-L2R0W0-L2R0W0-L2R0W0-L2R0W0-L1R0W0-L1R0W0,,,merged,optimized,10,3,10,0.89952,0.8998284999999999,0.897852,0.9030990000000001,0.0015307050826335099,0.3357739,0.0189824,0.5450722,,,custom:libsad_search_b969ada61d8a74.so,/home/rzzhang/sad_merged/sad/build/libsad_search_b969ada61d8a74.so
2026-08-20T19:36:26.273888+00:00,20260820T190931,joint:rzz-hea:10:305208d546a5892a,ok,,rzz-hea,10,8,float64,42,128,2,128,2,2,0.75,rotation,rotation,8,8,compact:L2R0W0-L2R0W0-L1R0W0-L1R0W0-L1R0W0-L1R0W0-L1R0W0-L1R0W0,compact:L2R0W0-L2R0W0-L1R0W0-L1R0W0-L1R0W0-L1R0W0-L1R0W0-L1R0W0,,,split,optimized,10,3,10,0.8750420000000001,0.8750617,0.8734109999999999,0.8763019999999999,0.0008906936678791723,0.3195542,0.0190442,0.5364633,,,custom:libsad_search_d02bea87aa5c56.so,/home/rzzhang/sad_merged/sad/build/libsad_search_d02bea87aa5c56.so
2026-08-20T19:36:26.290649+00:00,20260820T190931,joint:rzz-hea:12:ab6bff542f3729a1,ok,,rzz-hea,12,8,float64,42,64,2,64,2,2,0.0,rotation,rotation,2,2,compact:L5R1W0-L5R1W0,compact:L5R1W0-L5R1W0,,,split,optimized,10,3,10,0.49559900000000007,0.49598060000000005,0.494359,0.498677,0.0010773809168534488,0.15155280000000002,0.018933600000000002,0.3254942,,,custom:libsad_search_20c37ff249ec0a.so,/home/rzzhang/sad_merged/sad/build/libsad_search_20c37ff249ec0a.so
2026-08-20T19:36:26.302643+00:00,20260820T190931,joint:rzz-hea:6:f75ae9ea6fe6262a,ok,,rzz-hea,6,8,float64,42,32,2,32,2,2,0.0,rotation,rotation,1,1,compact:L5R1W0,compact:L5R1W0,,,split,optimized,20,3,20,0.2549685,0.25554305,0.25333300000000003,0.263076,0.0019654763665584965,0.07719885,0.0188796,0.15946459999999998,,,custom:libsad_search_16d9d6cef53b3d.so,/home/rzzhang/sad_merged/sad/build/libsad_search_16d9d6cef53b3d.so
2026-08-20T19:36:26.314043+00:00,20260820T190931,joint:rzz-hea:28:06a91dd88b576747,ok,,rzz-hea,28,8,float64,42,64,2,64,2,2,0.25,rotation,rotation,10,10,compact:L3R0W0-L3R0W0-L3R0W0-L3R0W0-L3R0W0-L3R0W0-L3R0W0-L3R0W0-L2R0W0-L2R0W0,compact:L3R0W0-L3R0W0-L3R0W0-L3R0W0-L3R0W0-L3R0W0-L3R0W0-L3R0W0-L2R0W0-L2R0W0,,,merged,optimized,2,3,2,3435.3405519999997,3435.3405519999997,3433.484798,3437.196306,1.8557539999999335,941.344726,85.1995315,2408.7962945,,,custom:libsad_search_97eec9f2a848ec.so,/home/rzzhang/sad_merged/sad/build/libsad_search_97eec9f2a848ec.so
2026-08-20T19:36:43.483672+00:00,20260820T190931,joint:rzz-hea:18:dad804a047187943,ok,,rzz-hea,18,8,float64,42,64,2,64,2,2,1.0,rotation,rotation,18,18,compact:L1R0W0-L1R0W0-L1R0W0-L1R0W0-L1R0W0-L1R0W0-L1R0W0-L1R0W0-L1R0W0-L1R0W0-L1R0W0-L1R0W0-L1R0W0-L1R0W0-L1R0W0-L1R0W0-L1R0W0-L1R0W0,compact:L1R0W0-L1R0W0-L1R0W0-L1R0W0-L1R0W0-L1R0W0-L1R0W0-L1R0W0-L1R0W0-L1R0W0-L1R0W0-L1R0W0-L1R0W0-L1R0W0-L1R0W0-L1R0W0-L1R0W0-L1R0W0,,,merged,optimized,5,3,5,3.759081,3.8093934000000003,3.7570140000000003,4.012835,0.10172592697360877,1.2055656,0.03591,2.5679178,,,custom:libsad_search_97eec9f2a848ec.so,/home/rzzhang/sad_merged/sad/build/libsad_search_97eec9f2a848ec.so
2026-08-20T19:36:43.534218+00:00,20260820T190931,joint:rzz-hea:4:a7460642c8fbcdd1,ok,,rzz-hea,4,8,float64,42,32,2,32,2,1,0.75,rotation,rotation,3,3,compact:L2R0W0-L1R0W0-L1R0W0,compact:L2R0W0-L1R0W0-L1R0W0,,,merged,optimized,20,3,20,0.240555,0.24050515,0.238422,0.243748,0.0011091435558573995,0.0780289,0.0186628,0.14381345,,,custom:libsad_search_f9cdaf042a7bd6.so,/home/rzzhang/sad_merged/sad/build/libsad_search_f9cdaf042a7bd6.so
2026-08-20T19:36:43.551389+00:00,20260820T190931,joint:rzz-hea:10:6597d4ef35ca6fec,ok,,rzz-hea,10,8,float64,42,64,2,64,2,2,0.75,rotation,rotation,8,8,compact:L2R0W0-L2R0W0-L1R0W0-L1R0W0-L1R0W0-L1R0W0-L1R0W0-L1R0W0,compact:L2R0W0-L2R0W0-L1R0W0-L1R0W0-L1R0W0-L1R0W0-L1R0W0-L1R0W0,,,merged,optimized,10,3,10,0.7275395,0.7279014,0.7266969999999999,0.732155,0.0015349697195710522,0.29176030000000003,0.0188745,0.4172666,,,custom:libsad_search_97eec9f2a848ec.so,/home/rzzhang/sad_merged/sad/build/libsad_search_97eec9f2a848ec.so
2026-08-20T19:36:43.572036+00:00,20260820T190931,joint:rzz-hea:12:e86c11d0eb32b622,ok,,rzz-hea,12,8,float64,42,128,2,32,2,2,1.0,rotation,rotation,12,12,compact:L1R0W0-L1R0W0-L1R0W0-L1R0W0-L1R0W0-L1R0W0-L1R0W0-L1R0W0-L1R0W0-L1R0W0-L1R0W0-L1R0W0,compact:L1R0W0-L1R0W0-L1R0W0-L1R0W0-L1R0W0-L1R0W0-L1R0W0-L1R0W0-L1R0W0-L1R0W0-L1R0W0-L1R0W0,,,merged,optimized,10,3,10,1.0813285000000001,1.0806901,1.074172,1.084474,0.003176938571958919,0.49060240000000005,0.0188232,0.5712645,,,custom:libsad_search_d014591f51543a.so,/home/rzzhang/sad_merged/sad/build/libsad_search_d014591f51543a.so
2026-08-20T19:36:43.597230+00:00,20260820T190931,joint:rzz-hea:16:3af5a828ca8b95a3,ok,,rzz-hea,16,8,float64,42,64,2,64,2,1,0.0,rotation,rotation,2,2,compact:L5R2W1-L5R2W1,compact:L5R2W1-L5R2W1,,,split,optimized,5,3,5,0.875488,0.8754518000000001,0.8744770000000001,0.876416,0.0006174458356811301,0.2204324,0.0188582,0.6361612,,,custom:libsad_search_7ec063ebc99501.so,/home/rzzhang/sad_merged/sad/build/libsad_search_7ec063ebc99501.so
2026-08-20T19:36:43.619556+00:00,20260820T190931,joint:rzz-hea:10:04c9767893f36fac,ok,,rzz-hea,10,8,float64,42,32,2,128,2,1,0.25,rotation,rotation,4,4,compact:L3R0W0-L3R0W0-L2R0W0-L2R0W0,compact:L3R0W0-L3R0W0-L2R0W0-L2R0W0,,,merged,optimized,10,3,10,0.572206,0.5720691999999999,0.5713429999999999,0.573507,0.0006240459598459039,0.1787231,0.0188533,0.37449279999999996,,,custom:libsad_search_2a8327787a9aac.so,/home/rzzhang/sad_merged/sad/build/libsad_search_2a8327787a9aac.so
2026-08-20T19:36:43.638861+00:00,20260820T190931,joint:rzz-hea:18:15f58377c8fffe29,ok,,rzz-hea,18,8,float64,42,128,2,32,2,1,0.0,rotation,rotation,2,3,compact:L5R2W2-L5R2W2,compact:L5R1W0-L5R1W0-L5R1W0,,,split,optimized,5,3,5,2.1472420000000003,2.1456356000000003,2.1403540000000003,2.1472870000000004,0.002681970812667383,0.5725186,0.035621200000000006,1.5374958,,,custom:libsad_search_7259903b8346c4.so,/home/rzzhang/sad_merged/sad/build/libsad_search_7259903b8346c4.so
2026-08-20T19:36:43.675018+00:00,20260820T190931,joint:rzz-hea:14:8c0497389f1cc48c,ok,,rzz-hea,14,8,float64,42,64,2,64,2,1,0.0,rotation,rotation,2,2,compact:L5R2W0-L5R2W0,compact:L5R2W0-L5R2W0,,,merged,optimized,10,3,10,0.5170250000000001,0.5172435,0.516118,0.518335,0.0007366261263354643,0.1609699,0.0190245,0.3372491,,,custom:libsad_search_7e5293342e215a.so,/home/rzzhang/sad_merged/sad/build/libsad_search_7e5293342e215a.so
2026-08-20T19:36:43.692910+00:00,20260820T190931,joint:rzz-hea:10:b871b6c3469258a2,ok,,rzz-hea,10,8,float64,42,128,2,128,2,1,0.0,rotation,rotation,2,2,compact:L5R0W0-L5R0W0,compact:L5R0W0-L5R0W0,,,merged,optimized,10,3,10,0.482823,0.48304729999999996,0.482199,0.484294,0.0008105807856099229,0.1515355,0.018855900000000002,0.3126559,,,custom:libsad_search_8fbfac92ec4bef.so,/home/rzzhang/sad_merged/sad/build/libsad_search_8fbfac92ec4bef.so
2026-08-20T19:36:43.711407+00:00,20260820T190931,joint:rzz-hea:22:47614b3b1a0be7f5,ok,,rzz-hea,22,8,float64,42,128,2,128,2,2,0.25,rotation,rotation,8,8,compact:L3R0W0-L3R0W0-L3R0W0-L3R0W0-L3R0W0-L3R0W0-L2R0W0-L2R0W0,compact:L3R0W0-L3R0W0-L3R0W0-L3R0W0-L3R0W0-L3R0W0-L2R0W0-L2R0W0,,,split,optimized,3,3,3,37.52666000000001,37.58557233333334,37.524359,37.705698,0.08494686768536712,8.617470333333333,0.4305766666666667,28.53752533333333,,,custom:libsad_search_d02bea87aa5c56.so,/home/rzzhang/sad_merged/sad/build/libsad_search_d02bea87aa5c56.so
2026-08-20T19:36:43.956214+00:00,20260820T190931,joint:rzz-hea:14:c6a43871773f9c45,ok,,rzz-hea,14,8,float64,42,128,2,128,2,2,0.75,rotation,rotation,11,11,compact:L2R0W0-L2R0W0-L2R0W0-L1R0W0-L1R0W0-L1R0W0-L1R0W0-L1R0W0-L1R0W0-L1R0W0-L1R0W0,compact:L2R0W0-L2R0W0-L2R0W0-L1R0W0-L1R0W0-L1R0W0-L1R0W0-L1R0W0-L1R0W0-L1R0W0-L1R0W0,,,merged,optimized,10,3,10,1.3814220000000001,1.4261778,1.378504,1.509406,0.05834841517436442,0.5560675999999999,0.019221699999999998,0.8508885000000002,,,custom:libsad_search_b969ada61d8a74.so,/home/rzzhang/sad_merged/sad/build/libsad_search_b969ada61d8a74.so
2026-08-20T19:36:43.980763+00:00,20260820T190931,joint:rzz-hea:6:4fdd6f06f40d10f6,ok,,rzz-hea,6,8,float64,42,32,2,32,2,2,1.0,rotation,rotation,6,6,compact:L1R0W0-L1R0W0-L1R0W0-L1R0W0-L1R0W0-L1R0W0,compact:L1R0W0-L1R0W0-L1R0W0-L1R0W0-L1R0W0-L1R0W0,,,merged,optimized,20,3,20,0.4442105,0.4388346,0.423232,0.45284399999999997,0.010031330706342007,0.16540734999999998,0.018912,0.25451525,,,custom:libsad_search_dcff342f285260.so,/home/rzzhang/sad_merged/sad/build/libsad_search_dcff342f285260.so
2026-08-20T19:36:43.996186+00:00,20260820T190931,joint:rzz-hea:24:55e2059b578cb1ee,ok,,rzz-hea,24,8,float64,42,32,2,32,2,2,0.75,rotation,rotation,19,19,compact:L2R0W0-L2R0W0-L2R0W0-L2R0W0-L2R0W0-L1R0W0-L1R0W0-L1R0W0-L1R0W0-L1R0W0-L1R0W0-L1R0W0-L1R0W0-L1R0W0-L1R0W0-L1R0W0-L1R0W0-L1R0W0-L1R0W0,compact:L2R0W0-L2R0W0-L2R0W0-L2R0W0-L2R0W0-L1R0W0-L1R0W0-L1R0W0-L1R0W0-L1R0W0-L1R0W0-L1R0W0-L1R0W0-L1R0W0-L1R0W0-L1R0W0-L1R0W0-L1R0W0-L1R0W0,,,merged,optimized,3,3,3,337.795057,337.342532,336.23640700000004,337.996132,0.7864443932980637,95.80691333333334,1.8603099999999997,239.67530866666667,,,custom:libsad_search_dcff342f285260.so,/home/rzzhang/sad_merged/sad/build/libsad_search_dcff342f285260.so
2026-08-20T19:36:46.030967+00:00,20260820T190931,joint:rzz-hea:26:c32cca64bc4ad140,ok,,rzz-hea,26,8,float64,42,32,2,128,2,1,0.5,rotation,rotation,15,14,compact:L2R0W0-L2R0W0-L2R0W0-L2R0W0-L2R0W0-L2R0W0-L2R0W0-L2R0W0-L2R0W0-L2R0W0-L2R0W0-L1R0W0-L1R0W0-L1R0W0-L1R0W0,compact:L2R0W0-L2R0W0-L2R0W0-L2R0W0-L2R0W0-L2R0W0-L2R0W0-L2R0W0-L2R0W0-L2R0W0-L2R0W0-L2R0W0-L1R0W0-L1R0W0,,,split,optimized,2,3,2,1088.2079359999998,1088.2079359999998,1088.0749839999999,1088.340888,0.1329520000000457,353.5419205,10.238513500000002,724.4275019999999,,,custom:libsad_search_0e4f539ceca897.so,/home/rzzhang/sad_merged/sad/build/libsad_search_0e4f539ceca897.so
2026-08-20T19:36:51.488509+00:00,20260820T190931,joint:rzz-hea:22:b5ddc50584951c57,ok,,rzz-hea,22,8,float64,42,128,2,32,2,2,0.0,rotation,rotation,3,4,compact:L5R2W1-L5R2W0-L5R2W0,compact:L5R1W0-L5R1W0-L5R0W0-L5R0W0,,,split,optimized,3,3,3,32.719165000000004,32.715662,32.670498,32.757323,0.035532599238820135,7.962022666666665,0.4149313333333333,24.338708,,,custom:libsad_search_3b115211f38255.so,/home/rzzhang/sad_merged/sad/build/libsad_search_3b115211f38255.so
2026-08-20T19:36:51.703737+00:00,20260820T190931,joint:rzz-hea:8:4726c2bf582de4a0,ok,,rzz-hea,8,8,float64,42,64,2,64,2,2,1.0,rotation,rotation,8,8,compact:L1R0W0-L1R0W0-L1R0W0-L1R0W0-L1R0W0-L1R0W0-L1R0W0-L1R0W0,compact:L1R0W0-L1R0W0-L1R0W0-L1R0W0-L1R0W0-L1R0W0-L1R0W0-L1R0W0,,,merged,optimized,20,3,20,0.682474,0.6812165,0.676553,0.686098,0.0033087264846161164,0.2753114,0.018887750000000002,0.38701735,,,custom:libsad_search_97eec9f2a848ec.so,/home/rzzhang/sad_merged/sad/build/libsad_search_97eec9f2a848ec.so
2026-08-20T19:36:51.725224+00:00,20260820T190931,joint:rzz-hea:18:1aa21cca6bcb5b21,ok,,rzz-hea,18,8,float64,42,128,2,32,2,1,0.25,rotation,rotation,6,7,compact:L3R0W0-L3R0W0-L3R0W0-L3R0W0-L3R0W0-L3R0W0,compact:L3R0W0-L3R0W0-L3R0W0-L3R0W0-L2R0W0-L2R0W0-L2R0W0,,,split,optimized,5,3,5,2.5144729999999997,2.5071578,2.484125,2.516002,0.012024461524741849,0.7698220000000001,0.0356046,1.7017312,,,custom:libsad_search_7259903b8346c4.so,/home/rzzhang/sad_merged/sad/build/libsad_search_7259903b8346c4.so
2026-08-20T19:36:51.751259+00:00,20260820T190931,joint:rzz-hea:22:31f7ea062fa42850,ok,,rzz-hea,22,8,float64,42,32,2,128,2,2,0.0,rotation,rotation,4,3,compact:L5R1W0-L5R1W0-L5R0W0-L5R0W0,compact:L5R2W1-L5R2W0-L5R2W0,,,merged,optimized,3,3,3,31.724863,31.743170333333335,31.642758,31.861890000000002,0.09039202470842798,6.605008999999999,0.3949443333333333,24.743217,,,custom:libsad_search_fce412939d20fb.so,/home/rzzhang/sad_merged/sad/build/libsad_search_fce412939d20fb.so
2026-08-20T19:36:51.950030+00:00,20260820T190931,joint:rzz-hea:18:fb8112c34dbdc056,ok,,rzz-hea,18,8,float64,42,32,2,128,2,2,0.25,rotation,rotation,7,6,compact:L3R0W0-L3R0W0-L3R0W0-L3R0W0-L2R0W0-L2R0W0-L2R0W0,compact:L3R0W0-L3R0W0-L3R0W0-L3R0W0-L3R0W0-L3R0W0,,,split,optimized,5,3,5,2.564075,2.6013304,2.546649,2.6746260000000004,0.059752716562847766,0.757599,0.0355212,1.8082101999999998,,,custom:libsad_search_2a0e4369743c84.so,/home/rzzhang/sad_merged/sad/build/libsad_search_2a0e4369743c84.so
2026-08-20T19:36:51.977098+00:00,20260820T190931,joint:rzz-hea:10:aafaa373bfabb8f3,ok,,rzz-hea,10,8,float64,42,128,2,32,2,2,0.5,rotation,rotation,6,6,compact:L2R0W0-L2R0W0-L2R0W0-L2R0W0-L1R0W0-L1R0W0,compact:L2R0W0-L2R0W0-L2R0W0-L2R0W0-L1R0W0-L1R0W0,,,split,optimized,10,3,10,0.675273,0.6750021,0.672845,0.676779,0.0011811422818610586,0.2654728,0.018886299999999998,0.39064299999999996,,,custom:libsad_search_3b115211f38255.so,/home/rzzhang/sad_merged/sad/build/libsad_search_3b115211f38255.so
2026-08-20T19:36:51.991119+00:00,20260820T190931,joint:rzz-hea:10:caf965be614c545b,ok,,rzz-hea,10,8,float64,42,32,2,128,2,1,0.5,rotation,rotation,6,6,compact:L2R0W0-L2R0W0-L2R0W0-L2R0W0-L1R0W0-L1R0W0,compact:L2R0W0-L2R0W0-L2R0W0-L2R0W0-L1R0W0-L1R0W0,,,split,optimized,10,3,10,0.7341104999999999,0.7325255,0.7263000000000001,0.734973,0.0028833439354332925,0.23475479999999999,0.0189442,0.4788265,,,custom:libsad_search_0e4f539ceca897.so,/home/rzzhang/sad_merged/sad/build/libsad_search_0e4f539ceca897.so
2026-08-20T19:36:52.006013+00:00,20260820T190931,joint:rzz-hea:16:daa81914e822c6f6,ok,,rzz-hea,16,8,float64,42,32,2,128,2,2,1.0,rotation,rotation,16,16,compact:L1R0W0-L1R0W0-L1R0W0-L1R0W0-L1R0W0-L1R0W0-L1R0W0-L1R0W0-L1R0W0-L1R0W0-L1R0W0-L1R0W0-L1R0W0-L1R0W0-L1R0W0-L1R0W0,compact:L1R0W0-L1R0W0-L1R0W0-L1R0W0-L1R0W0-L1R0W0-L1R0W0-L1R0W0-L1R0W0-L1R0W0-L1R0W0-L1R0W0-L1R0W0-L1R0W0-L1R0W0-L1R0W0,,,merged,optimized,5,3,5,2.112422,2.1120642000000003,2.110701,2.112458,0.0006839311076417037,0.6875486000000001,0.018865999999999997,1.4056495999999998,,,custom:libsad_search_fce412939d20fb.so,/home/rzzhang/sad_merged/sad/build/libsad_search_fce412939d20fb.so
2026-08-20T19:36:52.028874+00:00,20260820T190931,joint:rzz-hea:10:b41962d7462aa0b2,ok,,rzz-hea,10,8,float64,42,32,2,32,2,1,0.25,rotation,rotation,4,4,compact:L3R0W0-L3R0W0-L2R0W0-L2R0W0,compact:L3R0W0-L3R0W0-L2R0W0-L2R0W0,,,merged,optimized,10,3,10,0.479206,0.48143710000000006,0.47826599999999997,0.48743800000000004,0.003643617692623632,0.1762563,0.0191508,0.28603,,,custom:libsad_search_f9cdaf042a7bd6.so,/home/rzzhang/sad_merged/sad/build/libsad_search_f9cdaf042a7bd6.so
2026-08-20T19:36:52.040716+00:00,20260820T190931,joint:rzz-hea:4:0fa892e7f62b085a,ok,,rzz-hea,4,8,float64,42,64,2,64,2,2,0.25,rotation,rotation,2,2,compact:L2R0W0-L2R0W0,compact:L2R0W0-L2R0W0,,,merged,optimized,20,3,20,0.210947,0.21070609999999998,0.203906,0.212017,0.001724794274689016,0.059687550000000006,0.01864115,0.1323774,,,custom:libsad_search_97eec9f2a848ec.so,/home/rzzhang/sad_merged/sad/build/libsad_search_97eec9f2a848ec.so
2026-08-20T19:36:52.050920+00:00,20260820T190931,joint:rzz-hea:28:37c9a58290430049,ok,,rzz-hea,28,8,float64,42,128,2,128,2,2,0.0,rotation,rotation,4,4,compact:L5R2W0-L5R2W0-L5R2W0-L5R2W0,compact:L5R2W0-L5R2W0-L5R2W0-L5R2W0,,,split,optimized,2,3,2,2706.5845575000003,2706.5845575000003,2705.867521,2707.301594,0.7170364999999492,738.012525,84.99424499999999,1883.5777874999999,,,custom:libsad_search_d02bea87aa5c56.so,/home/rzzhang/sad_merged/sad/build/libsad_search_d02bea87aa5c56.so
2026-08-20T19:37:05.594429+00:00,20260820T190931,joint:rzz-hea:20:5c944c72c56b259b,ok,,rzz-hea,20,8,float64,42,64,2,64,2,1,0.0,legacy,legacy,0,0,,,,,not_applicable,legacy-generic,5,3,5,7.400775,7.3836952,7.351353,7.410773000000001,0.026231590393264666,2.0293616,0.1007536,5.2535799999999995,,,custom:libsad_search_5a6ce94d125b8e.so,/home/rzzhang/sad_merged/sad/build/libsad_search_5a6ce94d125b8e.so
2026-08-20T19:37:05.675212+00:00,20260820T190931,joint:rzz-hea:22:eeb33e9da313cdf4,ok,,rzz-hea,22,8,float64,42,128,2,32,2,1,0.75,rotation,rotation,17,18,compact:L2R0W0-L2R0W0-L2R0W0-L2R0W0-L2R0W0-L1R0W0-L1R0W0-L1R0W0-L1R0W0-L1R0W0-L1R0W0-L1R0W0-L1R0W0-L1R0W0-L1R0W0-L1R0W0-L1R0W0,compact:L2R0W0-L2R0W0-L2R0W0-L2R0W0-L1R0W0-L1R0W0-L1R0W0-L1R0W0-L1R0W0-L1R0W0-L1R0W0-L1R0W0-L1R0W0-L1R0W0-L1R0W0-L1R0W0-L1R0W0-L1R0W0,,,merged,optimized,3,3,3,68.26644599999999,68.72147933333332,67.968426,69.929566,0.8628669367225117,9.860426333333333,0.4141346666666666,58.44691833333333,,,custom:libsad_search_5851e15f736f52.so,/home/rzzhang/sad_merged/sad/build/libsad_search_5851e15f736f52.so
2026-08-20T19:37:06.110743+00:00,20260820T190931,joint:rzz-hea:24:d9c58ddfe7d19697,ok,,rzz-hea,24,8,float64,42,64,2,64,2,1,0.25,rotation,rotation,8,8,compact:L3R0W0-L3R0W0-L3R0W0-L3R0W0-L3R0W0-L3R0W0-L3R0W0-L3R0W0,compact:L3R0W0-L3R0W0-L3R0W0-L3R0W0-L3R0W0-L3R0W0-L3R0W0-L3R0W0,,,split,optimized,3,3,3,185.785099,185.36058466666668,179.921372,190.375283,4.27833480950898,56.749299,2.1038390000000002,126.50744666666667,,,custom:libsad_search_7ec063ebc99501.so,/home/rzzhang/sad_merged/sad/build/libsad_search_7ec063ebc99501.so
2026-08-20T19:37:07.204469+00:00,20260820T190931,joint:rzz-hea:16:f47dfa125fbb3029,ok,,rzz-hea,16,8,float64,42,32,2,32,2,2,0.5,rotation,rotation,10,10,compact:L2R0W0-L2R0W0-L2R0W0-L2R0W0-L2R0W0-L2R0W0-L1R0W0-L1R0W0-L1R0W0-L1R0W0,compact:L2R0W0-L2R0W0-L2R0W0-L2R0W0-L2R0W0-L2R0W0-L1R0W0-L1R0W0-L1R0W0-L1R0W0,,,merged,optimized,5,3,5,1.725329,1.8478368,1.722424,2.0499810000000003,0.15202548690190087,0.570789,0.0208614,1.2561864,,,custom:libsad_search_dcff342f285260.so,/home/rzzhang/sad_merged/sad/build/libsad_search_dcff342f285260.so
2026-08-20T19:37:07.230739+00:00,20260820T190931,joint:rzz-hea:24:f99e04d9bbd65438,ok,,rzz-hea,24,8,float64,42,32,2,32,2,1,0.0,legacy,legacy,0,0,,,,,not_applicable,legacy-generic,3,3,3,152.313894,152.22640733333333,151.994631,152.370697,0.16552310356832398,43.562855000000006,1.88235,106.78120233333333,,,custom:libsad_search_06042376d3c545.so,/home/rzzhang/sad_merged/sad/build/libsad_search_06042376d3c545.so
2026-08-20T19:37:08.153509+00:00,20260820T190931,joint:rzz-hea:26:4e6f5b62733735e2,ok,,rzz-hea,26,8,float64,42,32,2,128,2,2,0.5,rotation,rotation,15,14,compact:L2R0W0-L2R0W0-L2R0W0-L2R0W0-L2R0W0-L2R0W0-L2R0W0-L2R0W0-L2R0W0-L2R0W0-L2R0W0-L1R0W0-L1R0W0-L1R0W0-L1R0W0,compact:L2R0W0-L2R0W0-L2R0W0-L2R0W0-L2R0W0-L2R0W0-L2R0W0-L2R0W0-L2R0W0-L2R0W0-L2R0W0-L2R0W0-L1R0W0-L1R0W0,,,split,optimized,2,3,2,1086.947387,1086.947387,1086.010328,1087.8844459999998,0.9370589999998629,353.822593,10.246817,722.877977,,,custom:libsad_search_2a0e4369743c84.so,/home/rzzhang/sad_merged/sad/build/libsad_search_2a0e4369743c84.so
2026-08-20T19:37:13.606794+00:00,20260820T190931,joint:rzz-hea:6:077984e45f5102b2,ok,,rzz-hea,6,8,float64,42,32,2,128,2,2,0.25,rotation,rotation,2,2,compact:L3R0W0-L3R0W0,compact:L3R0W0-L3R0W0,,,merged,optimized,20,3,20,0.3266035,0.32429065,0.303066,0.327623,0.006240413466069382,0.08508104999999999,0.0188973,0.22031230000000002,,,custom:libsad_search_fce412939d20fb.so,/home/rzzhang/sad_merged/sad/build/libsad_search_fce412939d20fb.so
2026-08-20T19:37:13.626401+00:00,20260820T190931,joint:rzz-hea:10:9c052c31d8e91488,ok,,rzz-hea,10,8,float64,42,32,2,128,2,2,0.0,rotation,rotation,2,2,compact:L5R0W0-L5R0W0,compact:L5R0W0-L5R0W0,,,merged,optimized,10,3,10,0.46675500000000003,0.46670169999999994,0.46579200000000004,0.469033,0.0009115649236340578,0.1272001,0.0187545,0.3207471,,,custom:libsad_search_fce412939d20fb.so,/home/rzzhang/sad_merged/sad/build/libsad_search_fce412939d20fb.so
2026-08-20T19:37:13.643632+00:00,20260820T190931,joint:rzz-hea:26:0fe66fc86edac389,ok,,rzz-hea,26,8,float64,42,64,2,64,2,1,1.0,rotation,rotation,26,26,compact:L1R0W0-L1R0W0-L1R0W0-L1R0W0-L1R0W0-L1R0W0-L1R0W0-L1R0W0-L1R0W0-L1R0W0-L1R0W0-L1R0W0-L1R0W0-L1R0W0-L1R0W0-L1R0W0-L1R0W0-L1R0W0-L1R0W0-L1R0W0-L1R0W0-L1R0W0-L1R0W0-L1R0W0-L1R0W0-L1R0W0,compact:L1R0W0-L1R0W0-L1R0W0-L1R0W0-L1R0W0-L1R0W0-L1R0W0-L1R0W0-L1R0W0-L1R0W0-L1R0W0-L1R0W0-L1R0W0-L1R0W0-L1R0W0-L1R0W0-L1R0W0-L1R0W0-L1R0W0-L1R0W0-L1R0W0-L1R0W0-L1R0W0-L1R0W0-L1R0W0-L1R0W0,,,split,optimized,2,3,2,1789.4169605,1789.4169605,1788.03629,1790.797631,1.380670499999951,560.755543,10.102719,1218.5586984999998,,,custom:libsad_search_7ec063ebc99501.so,/home/rzzhang/sad_merged/sad/build/libsad_search_7ec063ebc99501.so
2026-08-20T19:37:22.623179+00:00,20260820T190931,joint:rzz-hea:18:ec834282dc4cb0b6,ok,,rzz-hea,18,8,float64,42,128,2,32,2,1,0.75,rotation,rotation,14,14,compact:L2R0W0-L2R0W0-L2R0W0-L2R0W0-L1R0W0-L1R0W0-L1R0W0-L1R0W0-L1R0W0-L1R0W0-L1R0W0-L1R0W0-L1R0W0-L1R0W0,compact:L2R0W0-L2R0W0-L2R0W0-L2R0W0-L1R0W0-L1R0W0-L1R0W0-L1R0W0-L1R0W0-L1R0W0-L1R0W0-L1R0W0-L1R0W0-L1R0W0,,,merged,optimized,5,3,5,3.2970159999999997,3.2898311999999996,3.2605150000000003,3.298276,0.014672464215665834,1.0334796000000002,0.035195199999999996,2.2211564,,,custom:libsad_search_5851e15f736f52.so,/home/rzzhang/sad_merged/sad/build/libsad_search_5851e15f736f52.so
2026-08-20T19:37:22.669380+00:00,20260820T190931,joint:rzz-hea:24:2c29ad4a7e6a3ec7,ok,,rzz-hea,24,8,float64,42,128,2,32,2,1,0.25,rotation,rotation,8,9,compact:L3R0W0-L3R0W0-L3R0W0-L3R0W0-L3R0W0-L3R0W0-L3R0W0-L3R0W0,compact:L3R0W0-L3R0W0-L3R0W0-L3R0W0-L3R0W0-L3R0W0-L2R0W0-L2R0W0-L2R0W0,,,split,optimized,3,3,3,194.277943,194.19361333333333,185.760311,202.542586,6.851594566883261,56.14609766666667,1.976257333333333,136.07125833333333,,,custom:libsad_search_7259903b8346c4.so,/home/rzzhang/sad_merged/sad/build/libsad_search_7259903b8346c4.so
2026-08-20T19:37:23.830016+00:00,20260820T190931,joint:rzz-hea:16:58120284f3fae1fc,ok,,rzz-hea,16,8,float64,42,128,2,128,2,1,0.5,rotation,rotation,9,9,compact:L2R0W0-L2R0W0-L2R0W0-L2R0W0-L2R0W0-L2R0W0-L2R0W0-L1R0W0-L1R0W0,compact:L2R0W0-L2R0W0-L2R0W0-L2R0W0-L2R0W0-L2R0W0-L2R0W0-L1R0W0-L1R0W0,,,merged,optimized,5,3,5,1.969139,1.9717120000000001,1.967876,1.976754,0.003938529014746506,0.5925466,0.0222088,1.3569566000000002,,,custom:libsad_search_8fbfac92ec4bef.so,/home/rzzhang/sad_merged/sad/build/libsad_search_8fbfac92ec4bef.so
2026-08-20T19:37:23.857047+00:00,20260820T190931,joint:rzz-hea:24:f1a6f6e5dd4581d3,ok,,rzz-hea,24,8,float64,42,128,2,128,2,2,0.0,rotation,rotation,3,3,compact:L5R2W1-L5R2W1-L5R2W1,compact:L5R2W1-L5R2W1-L5R2W1,,,merged,optimized,3,3,3,137.629755,137.56217433333333,137.30911500000002,137.74765299999999,0.18530021450126974,27.221139,1.7870276666666667,108.55400766666668,,,custom:libsad_search_b969ada61d8a74.so,/home/rzzhang/sad_merged/sad/build/libsad_search_b969ada61d8a74.so
2026-08-20T19:37:24.697418+00:00,20260820T190931,joint:rzz-hea:22:dc60b387bdf286fa,ok,,rzz-hea,22,8,float64,42,32,2,32,2,2,0.25,rotation,rotation,8,8,compact:L3R0W0-L3R0W0-L3R0W0-L3R0W0-L3R0W0-L3R0W0-L2R0W0-L2R0W0,compact:L3R0W0-L3R0W0-L3R0W0-L3R0W0-L3R0W0-L3R0W0-L2R0W0-L2R0W0,,,merged,optimized,3,3,3,37.755164,37.77391633333333,37.664114,37.902471,0.09820812039179298,7.663804,0.4233483333333334,29.686764,,,custom:libsad_search_dcff342f285260.so,/home/rzzhang/sad_merged/sad/build/libsad_search_dcff342f285260.so
2026-08-20T19:37:24.940687+00:00,20260820T190931,joint:rzz-hea:6:175daabcddd044c1,ok,,rzz-hea,6,8,float64,42,64,2,64,2,1,0.25,rotation,rotation,2,2,compact:L3R0W0-L3R0W0,compact:L3R0W0-L3R0W0,,,merged,optimized,20,3,20,0.29492399999999996,0.2948567,0.289659,0.298015,0.001504369904644464,0.08713795,0.018683250000000002,0.1890355,,,custom:libsad_search_7e5293342e215a.so,/home/rzzhang/sad_merged/sad/build/libsad_search_7e5293342e215a.so
2026-08-20T19:37:24.953179+00:00,20260820T190931,joint:rzz-hea:26:ca3bb0b551d3b53a,ok,,rzz-hea,26,8,float64,42,128,2,32,2,2,1.0,rotation,rotation,26,26,compact:L1R0W0-L1R0W0-L1R0W0-L1R0W0-L1R0W0-L1R0W0-L1R0W0-L1R0W0-L1R0W0-L1R0W0-L1R0W0-L1R0W0-L1R0W0-L1R0W0-L1R0W0-L1R0W0-L1R0W0-L1R0W0-L1R0W0-L1R0W0-L1R0W0-L1R0W0-L1R0W0-L1R0W0-L1R0W0-L1R0W0,compact:L1R0W0-L1R0W0-L1R0W0-L1R0W0-L1R0W0-L1R0W0-L1R0W0-L1R0W0-L1R0W0-L1R0W0-L1R0W0-L1R0W0-L1R0W0-L1R0W0-L1R0W0-L1R0W0-L1R0W0-L1R0W0-L1R0W0-L1R0W0-L1R0W0-L1R0W0-L1R0W0-L1R0W0-L1R0W0-L1R0W0,,,merged,optimized,2,3,2,1782.710146,1782.710146,1781.242525,1784.1777670000001,1.467621000000122,517.90128,10.2730195,1254.5358465000002,,,custom:libsad_search_d014591f51543a.so,/home/rzzhang/sad_merged/sad/build/libsad_search_d014591f51543a.so
2026-08-20T19:37:33.872445+00:00,20260820T190931,joint:rzz-hea:16:234779107c108b23,ok,,rzz-hea,16,8,float64,42,128,2,32,2,2,0.75,rotation,rotation,12,13,compact:L2R0W0-L2R0W0-L2R0W0-L2R0W0-L1R0W0-L1R0W0-L1R0W0-L1R0W0-L1R0W0-L1R0W0-L1R0W0-L1R0W0,compact:L2R0W0-L2R0W0-L2R0W0-L1R0W0-L1R0W0-L1R0W0-L1R0W0-L1R0W0-L1R0W0-L1R0W0-L1R0W0-L1R0W0-L1R0W0,,,merged,optimized,5,3,5,1.8771309999999999,1.8693614,1.827896,1.886097,0.021000463238700234,0.6310308,0.019333799999999998,1.2189967999999998,,,custom:libsad_search_d014591f51543a.so,/home/rzzhang/sad_merged/sad/build/libsad_search_d014591f51543a.so
2026-08-20T19:37:33.902682+00:00,20260820T190931,joint:rzz-hea:16:4078aa83a64a879b,ok,,rzz-hea,16,8,float64,42,32,2,32,2,2,0.25,rotation,rotation,6,6,compact:L3R0W0-L3R0W0-L3R0W0-L3R0W0-L2R0W0-L2R0W0,compact:L3R0W0-L3R0W0-L3R0W0-L3R0W0-L2R0W0-L2R0W0,,,merged,optimized,5,3,5,1.2627110000000001,1.2617205999999999,1.257366,1.264547,0.002860907730074525,0.34300539999999996,0.019131199999999998,0.8995839999999999,,,custom:libsad_search_dcff342f285260.so,/home/rzzhang/sad_merged/sad/build/libsad_search_dcff342f285260.so
2026-08-20T19:37:33.927929+00:00,20260820T190931,joint:rzz-hea:16:6efa98751be5c68d,ok,,rzz-hea,16,8,float64,42,32,2,128,2,2,1.0,rotation,rotation,16,16,compact:L1R0W0-L1R0W0-L1R0W0-L1R0W0-L1R0W0-L1R0W0-L1R0W0-L1R0W0-L1R0W0-L1R0W0-L1R0W0-L1R0W0-L1R0W0-L1R0W0-L1R0W0-L1R0W0,compact:L1R0W0-L1R0W0-L1R0W0-L1R0W0-L1R0W0-L1R0W0-L1R0W0-L1R0W0-L1R0W0-L1R0W0-L1R0W0-L1R0W0-L1R0W0-L1R0W0-L1R0W0-L1R0W0,,,split,optimized,5,3,5,1.9679759999999997,1.9674634000000002,1.9660620000000002,1.968063,0.0007793108750683509,0.6782482000000001,0.018796200000000002,1.270419,,,custom:libsad_search_2a0e4369743c84.so,/home/rzzhang/sad_merged/sad/build/libsad_search_2a0e4369743c84.so
2026-08-20T19:37:33.954882+00:00,20260820T190931,joint:rzz-hea:20:23d9f511e1d42241,ok,,rzz-hea,20,8,float64,42,128,2,32,2,2,0.75,rotation,rotation,16,16,compact:L2R0W0-L2R0W0-L2R0W0-L2R0W0-L1R0W0-L1R0W0-L1R0W0-L1R0W0-L1R0W0-L1R0W0-L1R0W0-L1R0W0-L1R0W0-L1R0W0-L1R0W0-L1R0W0,compact:L2R0W0-L2R0W0-L2R0W0-L2R0W0-L1R0W0-L1R0W0-L1R0W0-L1R0W0-L1R0W0-L1R0W0-L1R0W0-L1R0W0-L1R0W0-L1R0W0-L1R0W0-L1R0W0,,,merged,optimized,5,3,5,9.368632,9.3222404,9.019276999999999,9.444097000000001,0.15456296296409497,2.6006761999999997,0.0997562,6.621808,,,custom:libsad_search_d014591f51543a.so,/home/rzzhang/sad_merged/sad/build/libsad_search_d014591f51543a.so
2026-08-20T19:37:34.035442+00:00,20260820T190931,joint:rzz-hea:28:a59ff98f6db115c9,ok,,rzz-hea,28,8,float64,42,64,2,64,2,1,1.0,rotation,rotation,28,28,compact:L1R0W0-L1R0W0-L1R0W0-L1R0W0-L1R0W0-L1R0W0-L1R0W0-L1R0W0-L1R0W0-L1R0W0-L1R0W0-L1R0W0-L1R0W0-L1R0W0-L1R0W0-L1R0W0-L1R0W0-L1R0W0-L1R0W0-L1R0W0-L1R0W0-L1R0W0-L1R0W0-L1R0W0-L1R0W0-L1R0W0-L1R0W0-L1R0W0,compact:L1R0W0-L1R0W0-L1R0W0-L1R0W0-L1R0W0-L1R0W0-L1R0W0-L1R0W0-L1R0W0-L1R0W0-L1R0W0-L1R0W0-L1R0W0-L1R0W0-L1R0W0-L1R0W0-L1R0W0-L1R0W0-L1R0W0-L1R0W0-L1R0W0-L1R0W0-L1R0W0-L1R0W0-L1R0W0-L1R0W0-L1R0W0-L1R0W0,,,merged,optimized,2,3,2,7625.3756410000005,7625.3756410000005,7614.523499000001,7636.227783,10.85214199999973,2202.3841534999997,85.606736,5337.3847515,,,custom:libsad_search_7e5293342e215a.so,/home/rzzhang/sad_merged/sad/build/libsad_search_7e5293342e215a.so
2026-08-20T19:38:12.167115+00:00,20260820T190931,joint:rzz-hea:4:cc4779a8f2830fb1,ok,,rzz-hea,4,8,float64,42,64,2,64,2,2,0.5,rotation,rotation,2,2,compact:L2R0W0-L2R0W0,compact:L2R0W0-L2R0W0,,,split,optimized,20,3,20,0.285613,0.28525625,0.278512,0.288613,0.0022088712700155306,0.0963338,0.019020549999999997,0.1699019,,,custom:libsad_search_20c37ff249ec0a.so,/home/rzzhang/sad_merged/sad/build/libsad_search_20c37ff249ec0a.so
2026-08-20T19:38:12.184980+00:00,20260820T190931,joint:rzz-hea:4:503f4a6fe49607de,ok,,rzz-hea,4,8,float64,42,128,2,128,2,1,0.0,rotation,rotation,1,1,compact:L4R0W0,compact:L4R0W0,,,split,optimized,20,3,20,0.257954,0.25787935,0.256165,0.261083,0.0011481701648710465,0.0791785,0.01886305,0.15983780000000003,,,custom:libsad_search_9361435758c99d.so,/home/rzzhang/sad_merged/sad/build/libsad_search_9361435758c99d.so
2026-08-20T19:38:12.201635+00:00,20260820T190931,joint:rzz-hea:4:3cc7a2a60465321a,ok,,rzz-hea,4,8,float64,42,32,2,128,2,2,0.5,rotation,rotation,2,2,compact:L2R0W0-L2R0W0,compact:L2R0W0-L2R0W0,,,merged,optimized,20,3,20,0.22731400000000002,0.22816505,0.226739,0.23456299999999997,0.0019330183257020555,0.059304699999999995,0.018735500000000002,0.15012484999999998,,,custom:libsad_search_fce412939d20fb.so,/home/rzzhang/sad_merged/sad/build/libsad_search_fce412939d20fb.so
2026-08-20T19:38:12.218632+00:00,20260820T190931,joint:rzz-hea:26:d74c34799c0708f0,ok,,rzz-hea,26,8,float64,42,128,2,128,2,2,0.5,rotation,rotation,14,14,compact:L2R0W0-L2R0W0-L2R0W0-L2R0W0-L2R0W0-L2R0W0-L2R0W0-L2R0W0-L2R0W0-L2R0W0-L2R0W0-L2R0W0-L1R0W0-L1R0W0,compact:L2R0W0-L2R0W0-L2R0W0-L2R0W0-L2R0W0-L2R0W0-L2R0W0-L2R0W0-L2R0W0-L2R0W0-L2R0W0-L2R0W0-L1R0W0-L1R0W0,,,merged,optimized,2,3,2,1059.3051730000002,1059.3051730000002,1056.973884,1061.6364620000002,2.3312890000000834,291.82398099999995,10.4888535,756.9923385000001,,,custom:libsad_search_b969ada61d8a74.so,/home/rzzhang/sad_merged/sad/build/libsad_search_b969ada61d8a74.so
2026-08-20T19:38:17.547012+00:00,20260820T190931,joint:rzz-hea:26:efdfe523e5de0e4b,ok,,rzz-hea,26,8,float64,42,128,2,32,2,1,0.0,legacy,legacy,0,0,,,,,not_applicable,legacy-generic,2,3,2,656.0985195,656.0985195,655.954846,656.2421929999999,0.14367349999997714,184.91359000000003,10.1379305,461.046999,,,custom:libsad_search_eaf59e83158800.so,/home/rzzhang/sad_merged/sad/build/libsad_search_eaf59e83158800.so
2026-08-20T19:38:20.845443+00:00,20260820T190931,joint:rzz-hea:4:62bb3c24c9377663,ok,,rzz-hea,4,8,float64,42,128,2,128,2,1,0.75,rotation,rotation,3,3,compact:L2R0W0-L1R0W0-L1R0W0,compact:L2R0W0-L1R0W0-L1R0W0,,,split,optimized,20,3,20,0.37785100000000005,0.3750424,0.34304799999999996,0.380002,0.007977288658435278,0.12800615,0.0190781,0.22795815,,,custom:libsad_search_9361435758c99d.so,/home/rzzhang/sad_merged/sad/build/libsad_search_9361435758c99d.so
2026-08-20T19:38:20.865486+00:00,20260820T190931,joint:rzz-hea:28:035ea10cbe3113a8,ok,,rzz-hea,28,8,float64,42,64,2,64,2,2,0.0,rotation,rotation,4,4,compact:L5R2W0-L5R2W0-L5R2W0-L5R2W0,compact:L5R2W0-L5R2W0-L5R2W0-L5R2W0,,,merged,optimized,2,3,2,2679.194117,2679.194117,2678.320064,2680.0681699999996,0.8740529999997761,631.951683,84.03791050000001,1963.2045235,,,custom:libsad_search_97eec9f2a848ec.so,/home/rzzhang/sad_merged/sad/build/libsad_search_97eec9f2a848ec.so
2026-08-20T19:38:34.285466+00:00,20260820T190931,joint:rzz-hea:24:a97d1445a65b8ed5,ok,,rzz-hea,24,8,float64,42,32,2,32,2,2,0.5,rotation,rotation,14,14,compact:L2R0W0-L2R0W0-L2R0W0-L2R0W0-L2R0W0-L2R0W0-L2R0W0-L2R0W0-L2R0W0-L2R0W0-L1R0W0-L1R0W0-L1R0W0-L1R0W0,compact:L2R0W0-L2R0W0-L2R0W0-L2R0W0-L2R0W0-L2R0W0-L2R0W0-L2R0W0-L2R0W0-L2R0W0-L1R0W0-L1R0W0-L1R0W0-L1R0W0,,,merged,optimized,3,3,3,261.50030000000004,261.25001133333336,260.076144,262.17359,0.8743772043480756,71.748181,1.8950089999999997,187.6068213333333,,,custom:libsad_search_dcff342f285260.so,/home/rzzhang/sad_merged/sad/build/libsad_search_dcff342f285260.so
2026-08-20T19:38:35.891918+00:00,20260820T190931,joint:rzz-hea:24:8968b642070fb8ab,ok,,rzz-hea,24,8,float64,42,32,2,32,2,1,0.75,rotation,rotation,19,19,compact:L2R0W0-L2R0W0-L2R0W0-L2R0W0-L2R0W0-L1R0W0-L1R0W0-L1R0W0-L1R0W0-L1R0W0-L1R0W0-L1R0W0-L1R0W0-L1R0W0-L1R0W0-L1R0W0-L1R0W0-L1R0W0-L1R0W0,compact:L2R0W0-L2R0W0-L2R0W0-L2R0W0-L2R0W0-L1R0W0-L1R0W0-L1R0W0-L1R0W0-L1R0W0-L1R0W0-L1R0W0-L1R0W0-L1R0W0-L1R0W0-L1R0W0-L1R0W0-L1R0W0-L1R0W0,,,split,optimized,3,3,3,344.85217,344.9153323333333,344.518304,345.375523,0.35279664941183614,106.99118566666665,1.7964263333333335,236.12772033333331,,,custom:libsad_search_3cb67c7e18cc99.so,/home/rzzhang/sad_merged/sad/build/libsad_search_3cb67c7e18cc99.so
2026-08-20T19:38:37.982731+00:00,20260820T190931,joint:rzz-hea:4:8fc50681ba001bf0,ok,,rzz-hea,4,8,float64,42,128,2,32,2,2,0.0,rotation,rotation,1,1,compact:L4R0W0,compact:L4R0W0,,,split,optimized,20,3,20,0.245768,0.24421814999999997,0.232336,0.24765099999999998,0.004500245029717819,0.08385705,0.01871775,0.14164335,,,custom:libsad_search_3b115211f38255.so,/home/rzzhang/sad_merged/sad/build/libsad_search_3b115211f38255.so
2026-08-20T19:38:37.997055+00:00,20260820T190931,joint:rzz-hea:8:ed684b6c7a702267,ok,,rzz-hea,8,8,float64,42,128,2,128,2,1,0.5,rotation,rotation,4,4,compact:L2R0W0-L2R0W0-L2R0W0-L2R0W0,compact:L2R0W0-L2R0W0-L2R0W0-L2R0W0,,,merged,optimized,20,3,20,0.5109315000000001,0.50960695,0.5036330000000001,0.5129779999999999,0.0032507044694188875,0.1758764,0.0188683,0.31486225,,,custom:libsad_search_8fbfac92ec4bef.so,/home/rzzhang/sad_merged/sad/build/libsad_search_8fbfac92ec4bef.so
2026-08-20T19:38:38.014315+00:00,20260820T190931,joint:rzz-hea:28:3b4181c3eba56582,ok,,rzz-hea,28,8,float64,42,128,2,32,2,2,0.25,rotation,rotation,10,10,compact:L3R0W0-L3R0W0-L3R0W0-L3R0W0-L3R0W0-L3R0W0-L3R0W0-L3R0W0-L2R0W0-L2R0W0,compact:L3R0W0-L3R0W0-L3R0W0-L3R0W0-L3R0W0-L3R0W0-L3R0W0-L3R0W0-L2R0W0-L2R0W0,,,split,optimized,2,3,2,3596.0961015000003,3596.0961015000003,3595.4614630000005,3596.73074,0.6346384999997099,1060.2526525,85.34174550000002,2450.5017035,,,custom:libsad_search_3b115211f38255.so,/home/rzzhang/sad_merged/sad/build/libsad_search_3b115211f38255.so
2026-08-20T19:38:55.991657+00:00,20260820T190931,joint:rzz-hea:8:64fd7e0726eeb0fe,ok,,rzz-hea,8,8,float64,42,32,2,128,2,2,0.75,rotation,rotation,6,6,compact:L2R0W0-L2R0W0-L1R0W0-L1R0W0-L1R0W0-L1R0W0,compact:L2R0W0-L2R0W0-L1R0W0-L1R0W0-L1R0W0-L1R0W0,,,merged,optimized,20,3,20,0.739768,0.7304835,0.664366,0.7936779999999999,0.06224306005049878,0.25874225,0.019016899999999996,0.45272435,,,custom:libsad_search_fce412939d20fb.so,/home/rzzhang/sad_merged/sad/build/libsad_search_fce412939d20fb.so
2026-08-20T19:38:56.020232+00:00,20260820T190931,joint:rzz-hea:16:4fb7607d197718ea,ok,,rzz-hea,16,8,float64,42,64,2,64,2,2,1.0,rotation,rotation,16,16,compact:L1R0W0-L1R0W0-L1R0W0-L1R0W0-L1R0W0-L1R0W0-L1R0W0-L1R0W0-L1R0W0-L1R0W0-L1R0W0-L1R0W0-L1R0W0-L1R0W0-L1R0W0-L1R0W0,compact:L1R0W0-L1R0W0-L1R0W0-L1R0W0-L1R0W0-L1R0W0-L1R0W0-L1R0W0-L1R0W0-L1R0W0-L1R0W0-L1R0W0-L1R0W0-L1R0W0-L1R0W0-L1R0W0,,,merged,optimized,5,3,5,2.175037,2.1751638,2.174858,2.175907,0.00037874920461966307,0.7485499999999999,0.0188814,1.4077324,,,custom:libsad_search_97eec9f2a848ec.so,/home/rzzhang/sad_merged/sad/build/libsad_search_97eec9f2a848ec.so
2026-08-20T19:38:56.053348+00:00,20260820T190931,joint:rzz-hea:10:4525c556b7aa21d7,ok,,rzz-hea,10,8,float64,42,64,2,64,2,2,0.5,rotation,rotation,6,6,compact:L2R0W0-L2R0W0-L2R0W0-L2R0W0-L1R0W0-L1R0W0,compact:L2R0W0-L2R0W0-L2R0W0-L2R0W0-L1R0W0-L1R0W0,,,merged,optimized,10,3,10,0.6491560000000001,0.6490761,0.648141,0.650216,0.0005511886156299007,0.25058939999999996,0.0189403,0.3795464,,,custom:libsad_search_97eec9f2a848ec.so,/home/rzzhang/sad_merged/sad/build/libsad_search_97eec9f2a848ec.so
2026-08-20T19:38:56.073110+00:00,20260820T190931,joint:rzz-hea:20:cb82eaa2fb6f7b72,ok,,rzz-hea,20,8,float64,42,32,2,32,2,2,0.75,rotation,rotation,16,16,compact:L2R0W0-L2R0W0-L2R0W0-L2R0W0-L1R0W0-L1R0W0-L1R0W0-L1R0W0-L1R0W0-L1R0W0-L1R0W0-L1R0W0-L1R0W0-L1R0W0-L1R0W0-L1R0W0,compact:L2R0W0-L2R0W0-L2R0W0-L2R0W0-L1R0W0-L1R0W0-L1R0W0-L1R0W0-L1R0W0-L1R0W0-L1R0W0-L1R0W0-L1R0W0-L1R0W0-L1R0W0-L1R0W0,,,split,optimized,5,3,5,9.576409000000002,9.4656722,9.239984,9.617567000000001,0.16654553107591974,3.0988148,0.10121839999999999,6.265639000000001,,,custom:libsad_search_16d9d6cef53b3d.so,/home/rzzhang/sad_merged/sad/build/libsad_search_16d9d6cef53b3d.so
2026-08-20T19:38:56.168232+00:00,20260820T190931,joint:rzz-hea:12:9a19de96cff83591,ok,,rzz-hea,12,8,float64,42,128,2,128,2,1,0.25,rotation,rotation,4,4,compact:L3R0W0-L3R0W0-L3R0W0-L3R0W0,compact:L3R0W0-L3R0W0-L3R0W0-L3R0W0,,,split,optimized,10,3,10,0.7802564999999999,0.7804571,0.7799820000000001,0.7814989999999999,0.0005088745326698753,0.2510323,0.0193556,0.5100692,,,custom:libsad_search_9361435758c99d.so,/home/rzzhang/sad_merged/sad/build/libsad_search_9361435758c99d.so
2026-08-20T19:38:56.189037+00:00,20260820T190931,joint:rzz-hea:8:2b7cbcb2d3466122,ok,,rzz-hea,8,8,float64,42,32,2,32,2,2,0.25,rotation,rotation,4,4,compact:L2R0W0-L2R0W0-L2R0W0-L2R0W0,compact:L2R0W0-L2R0W0-L2R0W0-L2R0W0,,,merged,optimized,20,3,20,0.4199575,0.42124534999999996,0.419535,0.427774,0.002697831337852679,0.15727615,0.018896899999999998,0.24507230000000005,,,custom:libsad_search_dcff342f285260.so,/home/rzzhang/sad_merged/sad/build/libsad_search_dcff342f285260.so
2026-08-20T19:38:56.210183+00:00,20260820T190931,joint:rzz-hea:10:08acdd65bcbeeeb1,ok,,rzz-hea,10,8,float64,42,64,2,64,2,1,0.0,rotation,rotation,2,2,compact:L5R0W0-L5R0W0,compact:L5R0W0-L5R0W0,,,merged,optimized,10,3,10,0.39668099999999995,0.3968028,0.395793,0.398397,0.0007460627051394531,0.1304624,0.0190063,0.24733410000000003,,,custom:libsad_search_7e5293342e215a.so,/home/rzzhang/sad_merged/sad/build/libsad_search_7e5293342e215a.so
2026-08-20T19:38:56.226352+00:00,20260820T190931,joint:rzz-hea:20:97e682d5c1afb2fe,ok,,rzz-hea,20,8,float64,42,32,2,32,2,2,0.25,rotation,rotation,7,7,compact:L3R0W0-L3R0W0-L3R0W0-L3R0W0-L3R0W0-L3R0W0-L2R0W0,compact:L3R0W0-L3R0W0-L3R0W0-L3R0W0-L3R0W0-L3R0W0-L2R0W0,,,merged,optimized,5,3,5,7.9647120000000005,7.9425854000000005,7.78343,8.014999,0.08215800836826546,1.8663592,0.09964139999999999,5.9765848,,,custom:libsad_search_dcff342f285260.so,/home/rzzhang/sad_merged/sad/build/libsad_search_dcff342f285260.so
2026-08-20T19:38:56.304553+00:00,20260820T190931,joint:rzz-hea:8:1e3c8637edd6ba10,ok,,rzz-hea,8,8,float64,42,128,2,128,2,1,1.0,rotation,rotation,8,8,compact:L1R0W0-L1R0W0-L1R0W0-L1R0W0-L1R0W0-L1R0W0-L1R0W0-L1R0W0,compact:L1R0W0-L1R0W0-L1R0W0-L1R0W0-L1R0W0-L1R0W0-L1R0W0-L1R0W0,,,merged,optimized,20,3,20,0.7066385,0.7071773,0.705221,0.7106790000000001,0.001384585212256728,0.27233945,0.0189718,0.41586605000000004,,,custom:libsad_search_8fbfac92ec4bef.so,/home/rzzhang/sad_merged/sad/build/libsad_search_8fbfac92ec4bef.so
2026-08-20T19:38:56.326013+00:00,20260820T190931,joint:rzz-hea:18:609d7bde3af8ecde,ok,,rzz-hea,18,8,float64,42,64,2,64,2,2,0.75,rotation,rotation,14,14,compact:L2R0W0-L2R0W0-L2R0W0-L2R0W0-L1R0W0-L1R0W0-L1R0W0-L1R0W0-L1R0W0-L1R0W0-L1R0W0-L1R0W0-L1R0W0-L1R0W0,compact:L2R0W0-L2R0W0-L2R0W0-L2R0W0-L1R0W0-L1R0W0-L1R0W0-L1R0W0-L1R0W0-L1R0W0-L1R0W0-L1R0W0-L1R0W0-L1R0W0,,,split,optimized,5,3,5,3.187687,3.1878206,3.1866209999999997,3.189335,0.001027668545787015,1.0733048,0.035424000000000004,2.0790917999999996,,,custom:libsad_search_20c37ff249ec0a.so,/home/rzzhang/sad_merged/sad/build/libsad_search_20c37ff249ec0a.so
2026-08-20T19:38:56.358038+00:00,20260820T190931,joint:rzz-hea:26:caa069ad1b8bce3e,ok,,rzz-hea,26,8,float64,42,128,2,32,2,1,0.75,rotation,rotation,20,20,compact:L2R0W0-L2R0W0-L2R0W0-L2R0W0-L2R0W0-L2R0W0-L1R0W0-L1R0W0-L1R0W0-L1R0W0-L1R0W0-L1R0W0-L1R0W0-L1R0W0-L1R0W0-L1R0W0-L1R0W0-L1R0W0-L1R0W0-L1R0W0,compact:L2R0W0-L2R0W0-L2R0W0-L2R0W0-L2R0W0-L2R0W0-L1R0W0-L1R0W0-L1R0W0-L1R0W0-L1R0W0-L1R0W0-L1R0W0-L1R0W0-L1R0W0-L1R0W0-L1R0W0-L1R0W0-L1R0W0-L1R0W0,,,split,optimized,2,3,2,1432.4917415,1432.4917415,1432.441112,1432.542371,0.05062950000001365,447.8409605,10.080822999999999,974.569958,,,custom:libsad_search_7259903b8346c4.so,/home/rzzhang/sad_merged/sad/build/libsad_search_7259903b8346c4.so
2026-08-20T19:39:03.540580+00:00,20260820T190931,joint:rzz-hea:12:64626dca2355c2cc,ok,,rzz-hea,12,8,float64,42,128,2,128,2,1,0.75,rotation,rotation,10,10,compact:L2R0W0-L2R0W0-L1R0W0-L1R0W0-L1R0W0-L1R0W0-L1R0W0-L1R0W0-L1R0W0-L1R0W0,compact:L2R0W0-L2R0W0-L1R0W0-L1R0W0-L1R0W0-L1R0W0-L1R0W0-L1R0W0-L1R0W0-L1R0W0,,,merged,optimized,10,3,10,1.144271,1.1446019,1.142761,1.1471529999999999,0.0013134899657020662,0.45125360000000003,0.0190986,0.6742497000000001,,,custom:libsad_search_8fbfac92ec4bef.so,/home/rzzhang/sad_merged/sad/build/libsad_search_8fbfac92ec4bef.so
2026-08-20T19:39:03.566730+00:00,20260820T190931,joint:rzz-hea:26:15704ec57fba46b1,ok,,rzz-hea,26,8,float64,42,32,2,32,2,1,0.5,rotation,rotation,15,15,compact:L2R0W0-L2R0W0-L2R0W0-L2R0W0-L2R0W0-L2R0W0-L2R0W0-L2R0W0-L2R0W0-L2R0W0-L2R0W0-L1R0W0-L1R0W0-L1R0W0-L1R0W0,compact:L2R0W0-L2R0W0-L2R0W0-L2R0W0-L2R0W0-L2R0W0-L2R0W0-L2R0W0-L2R0W0-L2R0W0-L2R0W0-L1R0W0-L1R0W0-L1R0W0-L1R0W0,,,merged,optimized,2,3,2,1139.7148415000001,1139.7148415000001,1136.655798,1142.773885,3.05904350000003,316.102436,11.717694000000002,811.8947115000001,,,custom:libsad_search_f9cdaf042a7bd6.so,/home/rzzhang/sad_merged/sad/build/libsad_search_f9cdaf042a7bd6.so
2026-08-20T19:39:09.283908+00:00,20260820T190931,joint:rzz-hea:26:e516a3c37d9120dc,ok,,rzz-hea,26,8,float64,42,32,2,32,2,1,0.0,rotation,rotation,4,4,compact:L5R2W0-L5R2W0-L5R1W0-L5R1W0,compact:L5R2W0-L5R2W0-L5R1W0-L5R1W0,,,merged,optimized,2,3,2,621.43597,621.43597,620.192176,622.679764,1.2437939999999799,144.54165400000002,10.8713835,466.0229325,,,custom:libsad_search_f9cdaf042a7bd6.so,/home/rzzhang/sad_merged/sad/build/libsad_search_f9cdaf042a7bd6.so
2026-08-20T19:39:12.411105+00:00,20260820T190931,joint:rzz-hea:16:621e9e59d119f448,ok,,rzz-hea,16,8,float64,42,64,2,64,2,1,0.5,rotation,rotation,9,9,compact:L2R0W0-L2R0W0-L2R0W0-L2R0W0-L2R0W0-L2R0W0-L2R0W0-L1R0W0-L1R0W0,compact:L2R0W0-L2R0W0-L2R0W0-L2R0W0-L2R0W0-L2R0W0-L2R0W0-L1R0W0-L1R0W0,,,merged,optimized,5,3,5,1.5710910000000002,1.5737988,1.56977,1.5796320000000001,0.004103286068506535,0.4706976,0.019230199999999996,1.0838710000000003,,,custom:libsad_search_7e5293342e215a.so,/home/rzzhang/sad_merged/sad/build/libsad_search_7e5293342e215a.so
2026-08-20T19:39:12.439405+00:00,20260820T190931,joint:rzz-hea:4:efe501b087614354,ok,,rzz-hea,4,8,float64,42,128,2,32,2,1,0.25,rotation,rotation,2,2,compact:L2R0W0-L2R0W0,compact:L2R0W0-L2R0W0,,,split,optimized,20,3,20,0.266191,0.2657438,0.25837899999999997,0.26728,0.0018503010457760723,0.09454955000000001,0.018624900000000003,0.15256935000000002,,,custom:libsad_search_7259903b8346c4.so,/home/rzzhang/sad_merged/sad/build/libsad_search_7259903b8346c4.so
2026-08-20T19:39:12.456381+00:00,20260820T190931,joint:rzz-hea:16:1af39ecac15651ee,ok,,rzz-hea,16,8,float64,42,128,2,128,2,2,0.5,rotation,rotation,9,9,compact:L2R0W0-L2R0W0-L2R0W0-L2R0W0-L2R0W0-L2R0W0-L2R0W0-L1R0W0-L1R0W0,compact:L2R0W0-L2R0W0-L2R0W0-L2R0W0-L2R0W0-L2R0W0-L2R0W0-L1R0W0-L1R0W0,,,split,optimized,5,3,5,1.464307,1.4630788000000001,1.456047,1.4654019999999999,0.0035477549182546127,0.4829752,0.019186799999999997,0.9609168,,,custom:libsad_search_d02bea87aa5c56.so,/home/rzzhang/sad_merged/sad/build/libsad_search_d02bea87aa5c56.so
2026-08-20T19:39:12.480585+00:00,20260820T190931,joint:rzz-hea:22:06b62b5e507501e3,ok,,rzz-hea,22,8,float64,42,128,2,32,2,2,0.5,rotation,rotation,12,13,compact:L2R0W0-L2R0W0-L2R0W0-L2R0W0-L2R0W0-L2R0W0-L2R0W0-L2R0W0-L2R0W0-L2R0W0-L1R0W0-L1R0W0,compact:L2R0W0-L2R0W0-L2R0W0-L2R0W0-L2R0W0-L2R0W0-L2R0W0-L2R0W0-L2R0W0-L1R0W0-L1R0W0-L1R0W0-L1R0W0,,,merged,optimized,3,3,3,52.265288,52.25271733333333,52.097572,52.395292,0.12186827819503335,8.138423666666666,0.4201856666666667,43.694108,,,custom:libsad_search_d014591f51543a.so,/home/rzzhang/sad_merged/sad/build/libsad_search_d014591f51543a.so
2026-08-20T19:39:12.802576+00:00,20260820T190931,joint:rzz-hea:14:c52c5c7487b220d0,ok,,rzz-hea,14,8,float64,42,128,2,32,2,1,0.0,rotation,rotation,2,2,compact:L5R2W0-L5R2W0,compact:L5R2W0-L5R2W0,,,split,optimized,10,3,10,0.6221525,0.6237661,0.6214639999999999,0.628566,0.0028066113535721304,0.2128652,0.0189348,0.3919661,,,custom:libsad_search_7259903b8346c4.so,/home/rzzhang/sad_merged/sad/build/libsad_search_7259903b8346c4.so
2026-08-20T19:39:12.816213+00:00,20260820T190931,joint:rzz-hea:10:b237b2914aae7fd0,ok,,rzz-hea,10,8,float64,42,128,2,32,2,1,0.5,rotation,rotation,6,6,compact:L2R0W0-L2R0W0-L2R0W0-L2R0W0-L1R0W0-L1R0W0,compact:L2R0W0-L2R0W0-L2R0W0-L2R0W0-L1R0W0-L1R0W0,,,merged,optimized,10,3,10,0.6479075000000001,0.6604487,0.647042,0.705486,0.022624529599750764,0.281781,0.0188222,0.3598455,,,custom:libsad_search_5851e15f736f52.so,/home/rzzhang/sad_merged/sad/build/libsad_search_5851e15f736f52.so
2026-08-20T19:39:12.830534+00:00,20260820T190931,joint:rzz-hea:4:28036e0243bb72a3,ok,,rzz-hea,4,8,float64,42,64,2,64,2,2,0.25,rotation,rotation,2,2,compact:L2R0W0-L2R0W0,compact:L2R0W0-L2R0W0,,,split,optimized,20,3,20,0.2725375,0.27270035,0.27055,0.27613699999999997,0.0013004973769677448,0.0922451,0.0188339,0.16162135,,,custom:libsad_search_20c37ff249ec0a.so,/home/rzzhang/sad_merged/sad/build/libsad_search_20c37ff249ec0a.so
2026-08-20T19:39:12.842189+00:00,20260820T190931,joint:rzz-hea:26:c36b43e3742aa2c2,ok,,rzz-hea,26,8,float64,42,32,2,128,2,2,0.75,rotation,rotation,20,20,compact:L2R0W0-L2R0W0-L2R0W0-L2R0W0-L2R0W0-L2R0W0-L1R0W0-L1R0W0-L1R0W0-L1R0W0-L1R0W0-L1R0W0-L1R0W0-L1R0W0-L1R0W0-L1R0W0-L1R0W0-L1R0W0-L1R0W0-L1R0W0,compact:L2R0W0-L2R0W0-L2R0W0-L2R0W0-L2R0W0-L2R0W0-L1R0W0-L1R0W0-L1R0W0-L1R0W0-L1R0W0-L1R0W0-L1R0W0-L1R0W0-L1R0W0-L1R0W0-L1R0W0-L1R0W0-L1R0W0-L1R0W0,,,split,optimized,2,3,2,1429.4496265000002,1429.4496265000002,1428.799498,1430.0997550000002,0.6501285000000507,448.4223295,10.410211,970.6170860000001,,,custom:libsad_search_2a0e4369743c84.so,/home/rzzhang/sad_merged/sad/build/libsad_search_2a0e4369743c84.so
2026-08-20T19:39:20.003369+00:00,20260820T190931,joint:rzz-hea:16:36c89f6d043ed1a7,ok,,rzz-hea,16,8,float64,42,32,2,32,2,2,0.25,rotation,rotation,6,6,compact:L3R0W0-L3R0W0-L3R0W0-L3R0W0-L2R0W0-L2R0W0,compact:L3R0W0-L3R0W0-L3R0W0-L3R0W0-L2R0W0-L2R0W0,,,split,optimized,5,3,5,1.240057,1.2364918,1.214356,1.247118,0.011381363405146144,0.3807104,0.018802799999999998,0.8369786,,,custom:libsad_search_16d9d6cef53b3d.so,/home/rzzhang/sad_merged/sad/build/libsad_search_16d9d6cef53b3d.so
2026-08-20T19:39:20.028342+00:00,20260820T190931,joint:rzz-hea:20:bd45ebdbffd4b69f,ok,,rzz-hea,20,8,float64,42,32,2,32,2,2,0.5,rotation,rotation,12,12,compact:L2R0W0-L2R0W0-L2R0W0-L2R0W0-L2R0W0-L2R0W0-L2R0W0-L2R0W0-L1R0W0-L1R0W0-L1R0W0-L1R0W0,compact:L2R0W0-L2R0W0-L2R0W0-L2R0W0-L2R0W0-L2R0W0-L2R0W0-L2R0W0-L1R0W0-L1R0W0-L1R0W0-L1R0W0,,,merged,optimized,5,3,5,8.755148,8.6836738,8.530961,8.786769999999999,0.10630563897818412,2.3208860000000002,0.100895,6.2618928,,,custom:libsad_search_dcff342f285260.so,/home/rzzhang/sad_merged/sad/build/libsad_search_dcff342f285260.so
2026-08-20T19:39:20.113106+00:00,20260820T190931,joint:rzz-hea:12:f3903caa927fac53,ok,,rzz-hea,12,8,float64,42,128,2,128,2,2,1.0,rotation,rotation,12,12,compact:L1R0W0-L1R0W0-L1R0W0-L1R0W0-L1R0W0-L1R0W0-L1R0W0-L1R0W0-L1R0W0-L1R0W0-L1R0W0-L1R0W0,compact:L1R0W0-L1R0W0-L1R0W0-L1R0W0-L1R0W0-L1R0W0-L1R0W0-L1R0W0-L1R0W0-L1R0W0-L1R0W0-L1R0W0,,,merged,optimized,10,3,10,1.243519,1.2436333000000002,1.242259,1.2452610000000002,0.0008394774624729794,0.4999043,0.0188419,0.7248870999999999,,,custom:libsad_search_b969ada61d8a74.so,/home/rzzhang/sad_merged/sad/build/libsad_search_b969ada61d8a74.so
2026-08-20T19:39:20.135271+00:00,20260820T190931,joint:rzz-hea:6:9103356c55c681f5,ok,,rzz-hea,6,8,float64,42,32,2,128,2,1,0.25,rotation,rotation,2,2,compact:L3R0W0-L3R0W0,compact:L3R0W0-L3R0W0,,,merged,optimized,20,3,20,0.3040385,0.30413475,0.302118,0.30612,0.0009067094835171872,0.07946125,0.018737300000000002,0.2059362,,,custom:libsad_search_2a8327787a9aac.so,/home/rzzhang/sad_merged/sad/build/libsad_search_2a8327787a9aac.so
2026-08-20T19:39:20.147917+00:00,20260820T190931,joint:rzz-hea:10:d5fa348828be03c4,ok,,rzz-hea,10,8,float64,42,128,2,32,2,2,1.0,rotation,rotation,10,10,compact:L1R0W0-L1R0W0-L1R0W0-L1R0W0-L1R0W0-L1R0W0-L1R0W0-L1R0W0-L1R0W0-L1R0W0,compact:L1R0W0-L1R0W0-L1R0W0-L1R0W0-L1R0W0-L1R0W0-L1R0W0-L1R0W0-L1R0W0-L1R0W0,,,split,optimized,10,3,10,0.891324,0.8963692,0.8888210000000001,0.920625,0.010687557071660492,0.3774757,0.0190384,0.49985510000000005,,,custom:libsad_search_3b115211f38255.so,/home/rzzhang/sad_merged/sad/build/libsad_search_3b115211f38255.so
2026-08-20T19:39:20.165032+00:00,20260820T190931,joint:rzz-hea:16:fd171f5cb3306909,ok,,rzz-hea,16,8,float64,42,128,2,128,2,2,0.75,rotation,rotation,12,12,compact:L2R0W0-L2R0W0-L2R0W0-L2R0W0-L1R0W0-L1R0W0-L1R0W0-L1R0W0-L1R0W0-L1R0W0-L1R0W0-L1R0W0,compact:L2R0W0-L2R0W0-L2R0W0-L2R0W0-L1R0W0-L1R0W0-L1R0W0-L1R0W0-L1R0W0-L1R0W0-L1R0W0-L1R0W0,,,merged,optimized,5,3,5,1.8390999999999997,1.8398886,1.8369570000000002,1.846329,0.0034410104678713437,0.5954162,0.0184936,1.2259788,,,custom:libsad_search_b969ada61d8a74.so,/home/rzzhang/sad_merged/sad/build/libsad_search_b969ada61d8a74.so
2026-08-20T19:39:20.185120+00:00,20260820T190931,joint:rzz-hea:10:5efc9d3aeb7a0e0f,ok,,rzz-hea,10,8,float64,42,64,2,64,2,1,0.5,rotation,rotation,6,6,compact:L2R0W0-L2R0W0-L2R0W0-L2R0W0-L1R0W0-L1R0W0,compact:L2R0W0-L2R0W0-L2R0W0-L2R0W0-L1R0W0-L1R0W0,,,split,optimized,10,3,10,0.666641,0.6669991,0.66575,0.66871,0.0008015349586886412,0.24166500000000002,0.0190306,0.40630349999999993,,,custom:libsad_search_7ec063ebc99501.so,/home/rzzhang/sad_merged/sad/build/libsad_search_7ec063ebc99501.so
2026-08-20T19:39:20.199238+00:00,20260820T190931,joint:rzz-hea:16:5029fecd9da9f345,ok,,rzz-hea,16,8,float64,42,128,2,32,2,1,0.0,rotation,rotation,2,3,compact:L5R2W1-L5R2W1,compact:L5R1W0-L5R0W0-L5R0W0,,,split,optimized,5,3,5,0.896116,0.8964422000000001,0.895947,0.897227,0.0005245788405949707,0.224083,0.018932200000000003,0.6534270000000001,,,custom:libsad_search_7259903b8346c4.so,/home/rzzhang/sad_merged/sad/build/libsad_search_7259903b8346c4.so
2026-08-20T19:39:20.212224+00:00,20260820T190931,joint:rzz-hea:4:7ece83ccc8afaef2,ok,,rzz-hea,4,8,float64,42,64,2,64,2,1,0.5,rotation,rotation,2,2,compact:L2R0W0-L2R0W0,compact:L2R0W0-L2R0W0,,,split,optimized,20,3,20,0.26009099999999996,0.2600042,0.252837,0.264356,0.002224506610464443,0.08856194999999999,0.01845215,0.1529901,,,custom:libsad_search_7ec063ebc99501.so,/home/rzzhang/sad_merged/sad/build/libsad_search_7ec063ebc99501.so
2026-08-20T19:39:20.223554+00:00,20260820T190931,joint:rzz-hea:24:4d1bd98674012514,ok,,rzz-hea,24,8,float64,42,64,2,64,2,1,0.0,legacy,legacy,0,0,,,,,not_applicable,legacy-generic,3,3,3,150.660992,150.34138133333332,149.661641,150.701511,0.48093356291718914,42.25301233333333,1.8027803333333332,106.28558866666667,,,custom:libsad_search_5a6ce94d125b8e.so,/home/rzzhang/sad_merged/sad/build/libsad_search_5a6ce94d125b8e.so
2026-08-20T19:39:21.137014+00:00,20260820T190931,joint:rzz-hea:22:ea789c1d221cb69f,ok,,rzz-hea,22,8,float64,42,128,2,128,2,1,0.0,rotation,rotation,3,3,compact:L5R2W1-L5R2W0-L5R2W0,compact:L5R2W1-L5R2W0-L5R2W0,,,split,optimized,3,3,3,32.581675999999995,32.584471,32.574676999999994,32.59706,0.009349106588334554,7.744014666666667,0.40219166666666667,24.43826466666667,,,custom:libsad_search_9361435758c99d.so,/home/rzzhang/sad_merged/sad/build/libsad_search_9361435758c99d.so
2026-08-20T19:39:21.349881+00:00,20260820T190931,joint:rzz-hea:8:7e83e04fd728f906,ok,,rzz-hea,8,8,float64,42,32,2,128,2,1,0.5,rotation,rotation,5,4,compact:L2R0W0-L2R0W0-L2R0W0-L1R0W0-L1R0W0,compact:L2R0W0-L2R0W0-L2R0W0-L2R0W0,,,split,optimized,20,3,20,0.580048,0.58035545,0.564989,0.600727,0.014216825638921652,0.20009774999999996,0.01878295,0.36147475,,,custom:libsad_search_0e4f539ceca897.so,/home/rzzhang/sad_merged/sad/build/libsad_search_0e4f539ceca897.so
2026-08-20T19:39:21.369336+00:00,20260820T190931,joint:rzz-hea:28:7e607347b8197ba7,ok,,rzz-hea,28,8,float64,42,128,2,128,2,2,0.75,rotation,rotation,22,22,compact:L2R0W0-L2R0W0-L2R0W0-L2R0W0-L2R0W0-L2R0W0-L1R0W0-L1R0W0-L1R0W0-L1R0W0-L1R0W0-L1R0W0-L1R0W0-L1R0W0-L1R0W0-L1R0W0-L1R0W0-L1R0W0-L1R0W0-L1R0W0-L1R0W0-L1R0W0,compact:L2R0W0-L2R0W0-L2R0W0-L2R0W0-L2R0W0-L2R0W0-L1R0W0-L1R0W0-L1R0W0-L1R0W0-L1R0W0-L1R0W0-L1R0W0-L1R0W0-L1R0W0-L1R0W0-L1R0W0-L1R0W0-L1R0W0-L1R0W0-L1R0W0-L1R0W0,,,split,optimized,2,3,2,6290.620613499999,6290.620613499999,6289.572743,6291.668484,1.0478705000000446,1925.3784145,85.9551165,4279.2870825,,,custom:libsad_search_d02bea87aa5c56.so,/home/rzzhang/sad_merged/sad/build/libsad_search_d02bea87aa5c56.so
2026-08-20T19:39:52.835270+00:00,20260820T190931,joint:rzz-hea:12:fbe38964672584c7,ok,,rzz-hea,12,8,float64,42,32,2,128,2,2,1.0,rotation,rotation,12,12,compact:L1R0W0-L1R0W0-L1R0W0-L1R0W0-L1R0W0-L1R0W0-L1R0W0-L1R0W0-L1R0W0-L1R0W0-L1R0W0-L1R0W0,compact:L1R0W0-L1R0W0-L1R0W0-L1R0W0-L1R0W0-L1R0W0-L1R0W0-L1R0W0-L1R0W0-L1R0W0-L1R0W0-L1R0W0,,,split,optimized,10,3,10,1.2405165,1.2658042999999999,1.2317729999999998,1.3147250000000001,0.038157988052438,0.44685899999999995,0.018927,0.8000182999999998,,,custom:libsad_search_2a0e4369743c84.so,/home/rzzhang/sad_merged/sad/build/libsad_search_2a0e4369743c84.so
2026-08-20T19:39:52.862572+00:00,20260820T190931,joint:rzz-hea:8:d6b8cf3b6563964e,ok,,rzz-hea,8,8,float64,42,32,2,32,2,2,0.75,rotation,rotation,6,6,compact:L2R0W0-L2R0W0-L1R0W0-L1R0W0-L1R0W0-L1R0W0,compact:L2R0W0-L2R0W0-L1R0W0-L1R0W0-L1R0W0-L1R0W0,,,split,optimized,20,3,20,0.5723999999999999,0.57302965,0.5721259999999999,0.575423,0.0010875759410266734,0.2132183,0.0186788,0.34113255,,,custom:libsad_search_16d9d6cef53b3d.so,/home/rzzhang/sad_merged/sad/build/libsad_search_16d9d6cef53b3d.so
2026-08-20T19:39:52.886989+00:00,20260820T190931,joint:rzz-hea:14:35392ecf4803138e,ok,,rzz-hea,14,8,float64,42,128,2,32,2,1,0.75,rotation,rotation,11,11,compact:L2R0W0-L2R0W0-L2R0W0-L1R0W0-L1R0W0-L1R0W0-L1R0W0-L1R0W0-L1R0W0-L1R0W0-L1R0W0,compact:L2R0W0-L2R0W0-L2R0W0-L1R0W0-L1R0W0-L1R0W0-L1R0W0-L1R0W0-L1R0W0-L1R0W0-L1R0W0,,,merged,optimized,10,3,10,1.1396455,1.139865,1.1375959999999998,1.143715,0.0014990724465482282,0.5031409,0.0190951,0.617629,,,custom:libsad_search_5851e15f736f52.so,/home/rzzhang/sad_merged/sad/build/libsad_search_5851e15f736f52.so
2026-08-20T19:39:52.913298+00:00,20260820T190931,joint:rzz-hea:14:58b7367d0c4a8d3f,ok,,rzz-hea,14,8,float64,42,64,2,64,2,2,0.75,rotation,rotation,11,11,compact:L2R0W0-L2R0W0-L2R0W0-L1R0W0-L1R0W0-L1R0W0-L1R0W0-L1R0W0-L1R0W0-L1R0W0-L1R0W0,compact:L2R0W0-L2R0W0-L2R0W0-L1R0W0-L1R0W0-L1R0W0-L1R0W0-L1R0W0-L1R0W0-L1R0W0-L1R0W0,,,merged,optimized,10,3,10,1.1192834999999999,1.1197776,1.117198,1.12607,0.0022365692566965064,0.449203,0.0187784,0.6517962,,,custom:libsad_search_97eec9f2a848ec.so,/home/rzzhang/sad_merged/sad/build/libsad_search_97eec9f2a848ec.so
2026-08-20T19:39:52.938023+00:00,20260820T190931,joint:rzz-hea:26:356cda52ab1dcf27,ok,,rzz-hea,26,8,float64,42,64,2,64,2,1,0.0,legacy,legacy,0,0,,,,,not_applicable,legacy-generic,2,3,2,685.630461,685.630461,684.7627620000001,686.49816,0.8676989999999591,200.08003250000002,10.209823499999999,475.340605,,,custom:libsad_search_5a6ce94d125b8e.so,/home/rzzhang/sad_merged/sad/build/libsad_search_5a6ce94d125b8e.so
2026-08-20T19:39:56.383060+00:00,20260820T190931,joint:rzz-hea:28:710387f004807655,ok,,rzz-hea,28,8,float64,42,64,2,64,2,1,0.75,rotation,rotation,22,22,compact:L2R0W0-L2R0W0-L2R0W0-L2R0W0-L2R0W0-L2R0W0-L1R0W0-L1R0W0-L1R0W0-L1R0W0-L1R0W0-L1R0W0-L1R0W0-L1R0W0-L1R0W0-L1R0W0-L1R0W0-L1R0W0-L1R0W0-L1R0W0-L1R0W0-L1R0W0,compact:L2R0W0-L2R0W0-L2R0W0-L2R0W0-L2R0W0-L2R0W0-L1R0W0-L1R0W0-L1R0W0-L1R0W0-L1R0W0-L1R0W0-L1R0W0-L1R0W0-L1R0W0-L1R0W0-L1R0W0-L1R0W0-L1R0W0-L1R0W0-L1R0W0-L1R0W0,,,merged,optimized,2,3,2,6204.429356000001,6204.429356000001,6204.4000399999995,6204.458672000001,0.02931600000056278,1755.592233,85.17423399999998,4363.662889,,,custom:libsad_search_7e5293342e215a.so,/home/rzzhang/sad_merged/sad/build/libsad_search_7e5293342e215a.so
2026-08-20T19:40:27.408388+00:00,20260820T190931,joint:rzz-hea:10:eecfc3f0a677314f,ok,,rzz-hea,10,8,float64,42,128,2,32,2,1,0.25,rotation,rotation,4,4,compact:L3R0W0-L3R0W0-L2R0W0-L2R0W0,compact:L3R0W0-L3R0W0-L2R0W0-L2R0W0,,,merged,optimized,10,3,10,0.5932495,0.5744306,0.539557,0.595248,0.0248978271911426,0.23508840000000003,0.0191245,0.3202177,,,custom:libsad_search_5851e15f736f52.so,/home/rzzhang/sad_merged/sad/build/libsad_search_5851e15f736f52.so
2026-08-20T19:40:27.427330+00:00,20260820T190931,joint:rzz-hea:8:5067c8d2754ad476,ok,,rzz-hea,8,8,float64,42,128,2,32,2,2,0.75,rotation,rotation,6,6,compact:L2R0W0-L2R0W0-L1R0W0-L1R0W0-L1R0W0-L1R0W0,compact:L2R0W0-L2R0W0-L1R0W0-L1R0W0-L1R0W0-L1R0W0,,,split,optimized,20,3,20,0.59345,0.60216045,0.590897,0.6195849999999999,0.012428094272554435,0.23452884999999998,0.0189999,0.3486317,,,custom:libsad_search_3b115211f38255.so,/home/rzzhang/sad_merged/sad/build/libsad_search_3b115211f38255.so
2026-08-20T19:40:27.452401+00:00,20260820T190931,joint:rzz-hea:10:9f25edf6c0907f05,ok,,rzz-hea,10,8,float64,42,128,2,128,2,1,0.25,rotation,rotation,4,4,compact:L3R0W0-L3R0W0-L2R0W0-L2R0W0,compact:L3R0W0-L3R0W0-L2R0W0-L2R0W0,,,split,optimized,10,3,10,0.6521345000000001,0.6517849,0.6481,0.654356,0.001582075943183519,0.21351030000000004,0.0189711,0.41930350000000005,,,custom:libsad_search_9361435758c99d.so,/home/rzzhang/sad_merged/sad/build/libsad_search_9361435758c99d.so
2026-08-20T19:40:27.472308+00:00,20260820T190931,joint:rzz-hea:26:37fb90812aac610f,ok,,rzz-hea,26,8,float64,42,32,2,128,2,1,0.5,rotation,rotation,15,14,compact:L2R0W0-L2R0W0-L2R0W0-L2R0W0-L2R0W0-L2R0W0-L2R0W0-L2R0W0-L2R0W0-L2R0W0-L2R0W0-L1R0W0-L1R0W0-L1R0W0-L1R0W0,compact:L2R0W0-L2R0W0-L2R0W0-L2R0W0-L2R0W0-L2R0W0-L2R0W0-L2R0W0-L2R0W0-L2R0W0-L2R0W0-L2R0W0-L1R0W0-L1R0W0,,,merged,optimized,2,3,2,1089.554605,1089.554605,1088.840957,1090.2682530000002,0.7136480000001484,316.8387295,11.8198695,760.8960059999999,,,custom:libsad_search_2a8327787a9aac.so,/home/rzzhang/sad_merged/sad/build/libsad_search_2a8327787a9aac.so
2026-08-20T19:40:32.941782+00:00,20260820T190931,joint:rzz-hea:24:8496eef74d29f99d,ok,,rzz-hea,24,8,float64,42,32,2,32,2,2,1.0,rotation,rotation,24,24,compact:L1R0W0-L1R0W0-L1R0W0-L1R0W0-L1R0W0-L1R0W0-L1R0W0-L1R0W0-L1R0W0-L1R0W0-L1R0W0-L1R0W0-L1R0W0-L1R0W0-L1R0W0-L1R0W0-L1R0W0-L1R0W0-L1R0W0-L1R0W0-L1R0W0-L1R0W0-L1R0W0-L1R0W0,compact:L1R0W0-L1R0W0-L1R0W0-L1R0W0-L1R0W0-L1R0W0-L1R0W0-L1R0W0-L1R0W0-L1R0W0-L1R0W0-L1R0W0-L1R0W0-L1R0W0-L1R0W0-L1R0W0-L1R0W0-L1R0W0-L1R0W0-L1R0W0-L1R0W0-L1R0W0-L1R0W0-L1R0W0,,,merged,optimized,3,3,3,414.511972,414.34783100000004,414.00025800000003,414.53126299999997,0.24589737482262208,119.410368,1.7943449999999999,293.14311799999996,,,custom:libsad_search_dcff342f285260.so,/home/rzzhang/sad_merged/sad/build/libsad_search_dcff342f285260.so
2026-08-20T19:40:35.457535+00:00,20260820T190931,joint:rzz-hea:24:c3e6331183109ef7,ok,,rzz-hea,24,8,float64,42,128,2,32,2,2,0.0,rotation,rotation,3,4,compact:L5R2W1-L5R2W1-L5R2W1,compact:L5R1W0-L5R1W0-L5R1W0-L5R1W0,,,merged,optimized,3,3,3,137.10745300000002,137.391874,136.76551700000002,138.302652,0.658972675704124,28.273691,1.797028,107.321155,,,custom:libsad_search_d014591f51543a.so,/home/rzzhang/sad_merged/sad/build/libsad_search_d014591f51543a.so
2026-08-20T19:40:36.299728+00:00,20260820T190931,joint:rzz-hea:18:47162efed7e9f874,ok,,rzz-hea,18,8,float64,42,128,2,128,2,2,0.75,rotation,rotation,14,14,compact:L2R0W0-L2R0W0-L2R0W0-L2R0W0-L1R0W0-L1R0W0-L1R0W0-L1R0W0-L1R0W0-L1R0W0-L1R0W0-L1R0W0-L1R0W0-L1R0W0,compact:L2R0W0-L2R0W0-L2R0W0-L2R0W0-L1R0W0-L1R0W0-L1R0W0-L1R0W0-L1R0W0-L1R0W0-L1R0W0-L1R0W0-L1R0W0-L1R0W0,,,split,optimized,5,3,5,3.3985909999999997,3.3961336,3.3840850000000002,3.400577,0.006104306925442012,1.1456088,0.035595800000000004,2.214929,,,custom:libsad_search_d02bea87aa5c56.so,/home/rzzhang/sad_merged/sad/build/libsad_search_d02bea87aa5c56.so
2026-08-20T19:40:36.340915+00:00,20260820T190931,joint:rzz-hea:4:ebb675a6e20df3a1,ok,,rzz-hea,4,8,float64,42,64,2,64,2,1,0.0,rotation,rotation,1,1,compact:L4R0W0,compact:L4R0W0,,,merged,optimized,20,3,20,0.1750605,0.1741875,0.168345,0.17701,0.0025053147007910964,0.042657600000000004,0.01877875,0.11275115000000001,,,custom:libsad_search_7e5293342e215a.so,/home/rzzhang/sad_merged/sad/build/libsad_search_7e5293342e215a.so
2026-08-20T19:40:36.350496+00:00,20260820T190931,joint:rzz-hea:14:d2cd4d011ddbdc03,ok,,rzz-hea,14,8,float64,42,32,2,128,2,1,0.75,rotation,rotation,11,11,compact:L2R0W0-L2R0W0-L2R0W0-L1R0W0-L1R0W0-L1R0W0-L1R0W0-L1R0W0-L1R0W0-L1R0W0-L1R0W0,compact:L2R0W0-L2R0W0-L2R0W0-L1R0W0-L1R0W0-L1R0W0-L1R0W0-L1R0W0-L1R0W0-L1R0W0-L1R0W0,,,split,optimized,10,3,10,1.2555535,1.2549199,1.249305,1.256512,0.0020458485501130947,0.42580450000000003,0.0187849,0.8103305000000001,,,custom:libsad_search_0e4f539ceca897.so,/home/rzzhang/sad_merged/sad/build/libsad_search_0e4f539ceca897.so
2026-08-20T19:40:36.375449+00:00,20260820T190931,joint:rzz-hea:10:81913f1103ec84ff,ok,,rzz-hea,10,8,float64,42,128,2,32,2,2,0.0,rotation,rotation,2,2,compact:L5R0W0-L5R0W0,compact:L5R0W0-L5R0W0,,,split,optimized,10,3,10,0.4526195,0.4527691,0.45132099999999997,0.454697,0.0012807214724521645,0.1573723,0.0191432,0.2762536,,,custom:libsad_search_3b115211f38255.so,/home/rzzhang/sad_merged/sad/build/libsad_search_3b115211f38255.so
2026-08-20T19:40:36.386881+00:00,20260820T190931,joint:rzz-hea:20:6bc6c377dca408ea,ok,,rzz-hea,20,8,float64,42,32,2,32,2,1,0.5,rotation,rotation,12,12,compact:L2R0W0-L2R0W0-L2R0W0-L2R0W0-L2R0W0-L2R0W0-L2R0W0-L2R0W0-L1R0W0-L1R0W0-L1R0W0-L1R0W0,compact:L2R0W0-L2R0W0-L2R0W0-L2R0W0-L2R0W0-L2R0W0-L2R0W0-L2R0W0-L1R0W0-L1R0W0-L1R0W0-L1R0W0,,,merged,optimized,5,3,5,8.675324,8.6794486,8.647916,8.718326,0.025741421200857983,2.3164894,0.1008526,6.2621066,,,custom:libsad_search_f9cdaf042a7bd6.so,/home/rzzhang/sad_merged/sad/build/libsad_search_f9cdaf042a7bd6.so
2026-08-20T19:40:36.463251+00:00,20260820T190931,joint:rzz-hea:8:669e55fd5f73cb96,ok,,rzz-hea,8,8,float64,42,32,2,32,2,1,0.0,rotation,rotation,2,2,compact:L4R0W0-L4R0W0,compact:L4R0W0-L4R0W0,,,split,optimized,20,3,20,0.38801800000000003,0.3886513,0.38606899999999994,0.405061,0.003985649383726576,0.1250679,0.019009949999999998,0.24457344999999997,,,custom:libsad_search_3cb67c7e18cc99.so,/home/rzzhang/sad_merged/sad/build/libsad_search_3cb67c7e18cc99.so
2026-08-20T19:40:36.478004+00:00,20260820T190931,joint:rzz-hea:4:0a6e759ac9d82988,ok,,rzz-hea,4,8,float64,42,32,2,128,2,2,0.0,rotation,rotation,1,1,compact:L4R0W0,compact:L4R0W0,,,split,optimized,20,3,20,0.249631,0.24941635,0.24774,0.253931,0.0012733611536009815,0.0711613,0.018907550000000002,0.1593475,,,custom:libsad_search_2a0e4369743c84.so,/home/rzzhang/sad_merged/sad/build/libsad_search_2a0e4369743c84.so
2026-08-20T19:40:36.489328+00:00,20260820T190931,joint:rzz-hea:12:4d9de260fe633834,ok,,rzz-hea,12,8,float64,42,32,2,32,2,1,0.25,rotation,rotation,4,4,compact:L3R0W0-L3R0W0-L3R0W0-L3R0W0,compact:L3R0W0-L3R0W0-L3R0W0-L3R0W0,,,split,optimized,10,3,10,0.5923364999999999,0.5923320999999999,0.5908559999999999,0.593853,0.0009720891368593674,0.20246370000000002,0.0187827,0.3710857,,,custom:libsad_search_3cb67c7e18cc99.so,/home/rzzhang/sad_merged/sad/build/libsad_search_3cb67c7e18cc99.so
2026-08-20T19:40:36.502410+00:00,20260820T190931,joint:rzz-hea:12:ede5f7f34195467d,ok,,rzz-hea,12,8,float64,42,128,2,128,2,1,1.0,rotation,rotation,12,12,compact:L1R0W0-L1R0W0-L1R0W0-L1R0W0-L1R0W0-L1R0W0-L1R0W0-L1R0W0-L1R0W0-L1R0W0-L1R0W0-L1R0W0,compact:L1R0W0-L1R0W0-L1R0W0-L1R0W0-L1R0W0-L1R0W0-L1R0W0-L1R0W0-L1R0W0-L1R0W0-L1R0W0-L1R0W0,,,split,optimized,10,3,10,1.242152,1.24348,1.240101,1.25119,0.003142521344398481,0.47396620000000006,0.0191615,0.7503523,,,custom:libsad_search_9361435758c99d.so,/home/rzzhang/sad_merged/sad/build/libsad_search_9361435758c99d.so
2026-08-20T19:40:36.524535+00:00,20260820T190931,joint:rzz-hea:14:d61f216ed5ca9923,ok,,rzz-hea,14,8,float64,42,64,2,64,2,2,0.5,rotation,rotation,8,8,compact:L2R0W0-L2R0W0-L2R0W0-L2R0W0-L2R0W0-L2R0W0-L1R0W0-L1R0W0,compact:L2R0W0-L2R0W0-L2R0W0-L2R0W0-L2R0W0-L2R0W0-L1R0W0-L1R0W0,,,merged,optimized,10,3,10,0.9138725,0.9139923,0.912279,0.915531,0.0009897296651106495,0.3476292,0.0190156,0.5473475000000001,,,custom:libsad_search_97eec9f2a848ec.so,/home/rzzhang/sad_merged/sad/build/libsad_search_97eec9f2a848ec.so
2026-08-20T19:40:36.542368+00:00,20260820T190931,joint:rzz-hea:24:14a5283d364632b9,ok,,rzz-hea,24,8,float64,42,128,2,128,2,2,0.5,rotation,rotation,14,14,compact:L2R0W0-L2R0W0-L2R0W0-L2R0W0-L2R0W0-L2R0W0-L2R0W0-L2R0W0-L2R0W0-L2R0W0-L1R0W0-L1R0W0-L1R0W0-L1R0W0,compact:L2R0W0-L2R0W0-L2R0W0-L2R0W0-L2R0W0-L2R0W0-L2R0W0-L2R0W0-L2R0W0-L2R0W0-L1R0W0-L1R0W0-L1R0W0-L1R0W0,,,split,optimized,3,3,3,266.06059700000003,265.68922433333336,264.755026,266.25205,0.6651859175219889,83.50160699999999,1.8044553333333333,180.38316200000003,,,custom:libsad_search_d02bea87aa5c56.so,/home/rzzhang/sad_merged/sad/build/libsad_search_d02bea87aa5c56.so
2026-08-20T19:40:38.147003+00:00,20260820T190931,joint:rzz-hea:10:64715a4488e5aa69,ok,,rzz-hea,10,8,float64,42,128,2,128,2,1,0.0,legacy,legacy,0,0,,,,,not_applicable,legacy-generic,10,3,10,0.571614,0.579341,0.567321,0.6021,0.013004838984008999,0.1888983,0.0192083,0.3712344,,,custom:libsad_search_78e231cd0d5107.so,/home/rzzhang/sad_merged/sad/build/libsad_search_78e231cd0d5107.so
2026-08-20T19:40:38.163119+00:00,20260820T190931,joint:rzz-hea:18:e78c2cf041bb7aaa,ok,,rzz-hea,18,8,float64,42,128,2,128,2,1,1.0,rotation,rotation,18,18,compact:L1R0W0-L1R0W0-L1R0W0-L1R0W0-L1R0W0-L1R0W0-L1R0W0-L1R0W0-L1R0W0-L1R0W0-L1R0W0-L1R0W0-L1R0W0-L1R0W0-L1R0W0-L1R0W0-L1R0W0-L1R0W0,compact:L1R0W0-L1R0W0-L1R0W0-L1R0W0-L1R0W0-L1R0W0-L1R0W0-L1R0W0-L1R0W0-L1R0W0-L1R0W0-L1R0W0-L1R0W0-L1R0W0-L1R0W0-L1R0W0-L1R0W0-L1R0W0,,,split,optimized,5,3,5,3.73245,3.7332462,3.7313119999999995,3.738557,0.0027040226626270894,1.3203508,0.0353202,2.3775752,,,custom:libsad_search_9361435758c99d.so,/home/rzzhang/sad_merged/sad/build/libsad_search_9361435758c99d.so
2026-08-20T19:40:38.199586+00:00,20260820T190931,joint:rzz-hea:28:2854bcc23bda15bf,ok,,rzz-hea,28,8,float64,42,32,2,32,2,1,1.0,rotation,rotation,28,28,compact:L1R0W0-L1R0W0-L1R0W0-L1R0W0-L1R0W0-L1R0W0-L1R0W0-L1R0W0-L1R0W0-L1R0W0-L1R0W0-L1R0W0-L1R0W0-L1R0W0-L1R0W0-L1R0W0-L1R0W0-L1R0W0-L1R0W0-L1R0W0-L1R0W0-L1R0W0-L1R0W0-L1R0W0-L1R0W0-L1R0W0-L1R0W0-L1R0W0,compact:L1R0W0-L1R0W0-L1R0W0-L1R0W0-L1R0W0-L1R0W0-L1R0W0-L1R0W0-L1R0W0-L1R0W0-L1R0W0-L1R0W0-L1R0W0-L1R0W0-L1R0W0-L1R0W0-L1R0W0-L1R0W0-L1R0W0-L1R0W0-L1R0W0-L1R0W0-L1R0W0-L1R0W0-L1R0W0-L1R0W0-L1R0W0-L1R0W0,,,merged,optimized,2,3,2,7642.0781005,7642.0781005,7630.236451,7653.91975,11.84164950000013,2215.1229435,85.55850249999999,5341.3966545,,,custom:libsad_search_f9cdaf042a7bd6.so,/home/rzzhang/sad_merged/sad/build/libsad_search_f9cdaf042a7bd6.so
2026-08-20T19:41:16.429257+00:00,20260820T190931,joint:rzz-hea:22:7994d379889d249f,ok,,rzz-hea,22,8,float64,42,128,2,32,2,1,0.75,rotation,rotation,17,18,compact:L2R0W0-L2R0W0-L2R0W0-L2R0W0-L2R0W0-L1R0W0-L1R0W0-L1R0W0-L1R0W0-L1R0W0-L1R0W0-L1R0W0-L1R0W0-L1R0W0-L1R0W0-L1R0W0-L1R0W0,compact:L2R0W0-L2R0W0-L2R0W0-L2R0W0-L1R0W0-L1R0W0-L1R0W0-L1R0W0-L1R0W0-L1R0W0-L1R0W0-L1R0W0-L1R0W0-L1R0W0-L1R0W0-L1R0W0-L1R0W0-L1R0W0,,,split,optimized,3,3,3,70.601657,70.04826666666666,68.681292,70.861851,0.9724162462273507,10.914215,0.42219666666666666,58.711855,,,custom:libsad_search_7259903b8346c4.so,/home/rzzhang/sad_merged/sad/build/libsad_search_7259903b8346c4.so
2026-08-20T19:41:16.872292+00:00,20260820T190931,joint:rzz-hea:16:65f96ca906a2e81d,ok,,rzz-hea,16,8,float64,42,128,2,32,2,1,0.75,rotation,rotation,12,13,compact:L2R0W0-L2R0W0-L2R0W0-L2R0W0-L1R0W0-L1R0W0-L1R0W0-L1R0W0-L1R0W0-L1R0W0-L1R0W0-L1R0W0,compact:L2R0W0-L2R0W0-L2R0W0-L1R0W0-L1R0W0-L1R0W0-L1R0W0-L1R0W0-L1R0W0-L1R0W0-L1R0W0-L1R0W0-L1R0W0,,,split,optimized,5,3,5,1.7060680000000001,1.7444306,1.6998100000000003,1.824829,0.052858710111390234,0.6351361999999999,0.0190948,1.0901996,,,custom:libsad_search_7259903b8346c4.so,/home/rzzhang/sad_merged/sad/build/libsad_search_7259903b8346c4.so
2026-08-20T19:41:16.892818+00:00,20260820T190931,joint:rzz-hea:6:6738905c7fb9c6d7,ok,,rzz-hea,6,8,float64,42,128,2,128,2,2,0.5,rotation,rotation,4,4,compact:L2R0W0-L2R0W0-L1R0W0-L1R0W0,compact:L2R0W0-L2R0W0-L1R0W0-L1R0W0,,,split,optimized,20,3,20,0.44337150000000003,0.44466165,0.430823,0.451253,0.0046143955321905315,0.150139,0.018915650000000003,0.275607,,,custom:libsad_search_d02bea87aa5c56.so,/home/rzzhang/sad_merged/sad/build/libsad_search_d02bea87aa5c56.so
2026-08-20T19:41:16.908332+00:00,20260820T190931,joint:rzz-hea:16:c098258305b388f6,ok,,rzz-hea,16,8,float64,42,128,2,32,2,1,0.0,rotation,rotation,2,3,compact:L5R2W1-L5R2W1,compact:L5R1W0-L5R0W0-L5R0W0,,,merged,optimized,5,3,5,1.0249709999999999,1.0231314,1.018492,1.026311,0.0032910622358138003,0.21697819999999998,0.019131,0.7870221999999999,,,custom:libsad_search_5851e15f736f52.so,/home/rzzhang/sad_merged/sad/build/libsad_search_5851e15f736f52.so
2026-08-20T19:41:16.922784+00:00,20260820T190931,joint:rzz-hea:26:70faca3007b74402,ok,,rzz-hea,26,8,float64,42,32,2,128,2,2,1.0,rotation,rotation,26,26,compact:L1R0W0-L1R0W0-L1R0W0-L1R0W0-L1R0W0-L1R0W0-L1R0W0-L1R0W0-L1R0W0-L1R0W0-L1R0W0-L1R0W0-L1R0W0-L1R0W0-L1R0W0-L1R0W0-L1R0W0-L1R0W0-L1R0W0-L1R0W0-L1R0W0-L1R0W0-L1R0W0-L1R0W0-L1R0W0-L1R0W0,compact:L1R0W0-L1R0W0-L1R0W0-L1R0W0-L1R0W0-L1R0W0-L1R0W0-L1R0W0-L1R0W0-L1R0W0-L1R0W0-L1R0W0-L1R0W0-L1R0W0-L1R0W0-L1R0W0-L1R0W0-L1R0W0-L1R0W0-L1R0W0-L1R0W0-L1R0W0-L1R0W0-L1R0W0-L1R0W0-L1R0W0,,,split,optimized,2,3,2,1795.1791445,1795.1791445,1794.211615,1796.146674,0.9675295000000688,562.2074565,10.199601999999999,1222.772086,,,custom:libsad_search_2a0e4369743c84.so,/home/rzzhang/sad_merged/sad/build/libsad_search_2a0e4369743c84.so
2026-08-20T19:41:25.910407+00:00,20260820T190931,joint:rzz-hea:26:3a100a074b29437e,ok,,rzz-hea,26,8,float64,42,32,2,128,2,1,0.0,rotation,rotation,4,3,compact:L5R2W0-L5R2W0-L5R1W0-L5R1W0,compact:L5R2W2-L5R2W2-L5R2W1,,,split,optimized,2,3,2,638.5972315,638.5972315,636.082397,641.112066,2.5148345000000063,172.7471115,10.865808000000001,454.984312,,,custom:libsad_search_0e4f539ceca897.so,/home/rzzhang/sad_merged/sad/build/libsad_search_0e4f539ceca897.so
2026-08-20T19:41:29.122413+00:00,20260820T190931,joint:rzz-hea:24:144fdf57ef057e24,ok,,rzz-hea,24,8,float64,42,32,2,128,2,1,0.75,rotation,rotation,19,19,compact:L2R0W0-L2R0W0-L2R0W0-L2R0W0-L2R0W0-L1R0W0-L1R0W0-L1R0W0-L1R0W0-L1R0W0-L1R0W0-L1R0W0-L1R0W0-L1R0W0-L1R0W0-L1R0W0-L1R0W0-L1R0W0-L1R0W0,compact:L2R0W0-L2R0W0-L2R0W0-L2R0W0-L2R0W0-L1R0W0-L1R0W0-L1R0W0-L1R0W0-L1R0W0-L1R0W0-L1R0W0-L1R0W0-L1R0W0-L1R0W0-L1R0W0-L1R0W0-L1R0W0-L1R0W0,,,split,optimized,3,3,3,341.678871,341.63309899999996,341.106494,342.113932,0.41255637024855224,106.96855966666666,1.8042813333333334,232.860258,,,custom:libsad_search_0e4f539ceca897.so,/home/rzzhang/sad_merged/sad/build/libsad_search_0e4f539ceca897.so
2026-08-20T19:41:31.200198+00:00,20260820T190931,joint:rzz-hea:26:f0a63f6d5789b67f,ok,,rzz-hea,26,8,float64,42,32,2,32,2,1,0.0,legacy,legacy,0,0,,,,,not_applicable,legacy-generic,2,3,2,672.0768625,672.0768625,671.677254,672.476471,0.39960849999999937,200.219918,10.8390195,461.017925,,,custom:libsad_search_06042376d3c545.so,/home/rzzhang/sad_merged/sad/build/libsad_search_06042376d3c545.so
2026-08-20T19:41:34.576233+00:00,20260820T190931,joint:rzz-hea:4:eb548a9e3447febe,ok,,rzz-hea,4,8,float64,42,128,2,32,2,2,0.0,rotation,rotation,1,1,compact:L4R0W0,compact:L4R0W0,,,merged,optimized,20,3,20,0.1864765,0.18780655,0.179462,0.19453800000000002,0.0035422487839647824,0.053635300000000004,0.0186888,0.11548245,,,custom:libsad_search_d014591f51543a.so,/home/rzzhang/sad_merged/sad/build/libsad_search_d014591f51543a.so
2026-08-20T19:41:34.593320+00:00,20260820T190931,joint:rzz-hea:14:9ce477598fcf2a5a,ok,,rzz-hea,14,8,float64,42,64,2,64,2,1,0.5,rotation,rotation,8,8,compact:L2R0W0-L2R0W0-L2R0W0-L2R0W0-L2R0W0-L2R0W0-L1R0W0-L1R0W0,compact:L2R0W0-L2R0W0-L2R0W0-L2R0W0-L2R0W0-L2R0W0-L1R0W0-L1R0W0,,,merged,optimized,10,3,10,0.9421605,0.9424688,0.9409689999999999,0.944105,0.0008758980305949073,0.35907870000000003,0.018713200000000003,0.5646768999999999,,,custom:libsad_search_7e5293342e215a.so,/home/rzzhang/sad_merged/sad/build/libsad_search_7e5293342e215a.so
2026-08-20T19:41:34.617089+00:00,20260820T190931,joint:rzz-hea:26:6a3b99d46bc51bee,ok,,rzz-hea,26,8,float64,42,128,2,32,2,1,0.5,rotation,rotation,14,15,compact:L2R0W0-L2R0W0-L2R0W0-L2R0W0-L2R0W0-L2R0W0-L2R0W0-L2R0W0-L2R0W0-L2R0W0-L2R0W0-L2R0W0-L1R0W0-L1R0W0,compact:L2R0W0-L2R0W0-L2R0W0-L2R0W0-L2R0W0-L2R0W0-L2R0W0-L2R0W0-L2R0W0-L2R0W0-L2R0W0-L1R0W0-L1R0W0-L1R0W0-L1R0W0,,,split,optimized,2,3,2,1117.0388599999997,1117.0388599999997,1115.5013889999998,1118.5763309999998,1.5374709999999823,334.4031515,10.208471,772.4272374999999,,,custom:libsad_search_7259903b8346c4.so,/home/rzzhang/sad_merged/sad/build/libsad_search_7259903b8346c4.so
2026-08-20T19:41:40.228645+00:00,20260820T190931,joint:rzz-hea:18:30fcc755d82e39a0,ok,,rzz-hea,18,8,float64,42,32,2,128,2,2,0.75,rotation,rotation,14,14,compact:L2R0W0-L2R0W0-L2R0W0-L2R0W0-L1R0W0-L1R0W0-L1R0W0-L1R0W0-L1R0W0-L1R0W0-L1R0W0-L1R0W0-L1R0W0-L1R0W0,compact:L2R0W0-L2R0W0-L2R0W0-L2R0W0-L1R0W0-L1R0W0-L1R0W0-L1R0W0-L1R0W0-L1R0W0-L1R0W0-L1R0W0-L1R0W0-L1R0W0,,,merged,optimized,5,3,5,3.382153,3.4233922,3.356678,3.5151820000000003,0.0715439174448814,0.9655112,0.0356568,2.4222241999999996,,,custom:libsad_search_fce412939d20fb.so,/home/rzzhang/sad_merged/sad/build/libsad_search_fce412939d20fb.so
2026-08-20T19:41:40.276076+00:00,20260820T190931,joint:rzz-hea:8:486f98d9d0907a02,ok,,rzz-hea,8,8,float64,42,32,2,128,2,1,0.5,rotation,rotation,5,4,compact:L2R0W0-L2R0W0-L2R0W0-L1R0W0-L1R0W0,compact:L2R0W0-L2R0W0-L2R0W0-L2R0W0,,,merged,optimized,20,3,20,0.4976925,0.49782384999999996,0.49653800000000003,0.498829,0.0007684750012199283,0.1784382,0.01872545,0.30066020000000004,,,custom:libsad_search_2a8327787a9aac.so,/home/rzzhang/sad_merged/sad/build/libsad_search_2a8327787a9aac.so
2026-08-20T19:41:40.297845+00:00,20260820T190931,joint:rzz-hea:20:1cefb7f2c12b7fea,ok,,rzz-hea,20,8,float64,42,32,2,128,2,1,0.0,legacy,legacy,0,0,,,,,not_applicable,legacy-generic,5,3,5,7.424048,7.4242056000000005,7.415799000000001,7.429142999999999,0.004684842819134541,2.0338056,0.09451999999999999,5.29588,,,custom:libsad_search_ada51c8f4b2976.so,/home/rzzhang/sad_merged/sad/build/libsad_search_ada51c8f4b2976.so
2026-08-20T19:41:40.364239+00:00,20260820T190931,joint:rzz-hea:28:96c62dad7fc932c4,ok,,rzz-hea,28,8,float64,42,32,2,32,2,1,0.25,rotation,rotation,10,10,compact:L3R0W0-L3R0W0-L3R0W0-L3R0W0-L3R0W0-L3R0W0-L3R0W0-L3R0W0-L2R0W0-L2R0W0,compact:L3R0W0-L3R0W0-L3R0W0-L3R0W0-L3R0W0-L3R0W0-L3R0W0-L3R0W0-L2R0W0-L2R0W0,,,merged,optimized,2,3,2,3543.9244335,3543.9244335,3542.064711,3545.7841559999997,1.8597224999998616,986.717649,83.24600400000001,2473.9607804999996,,,custom:libsad_search_f9cdaf042a7bd6.so,/home/rzzhang/sad_merged/sad/build/libsad_search_f9cdaf042a7bd6.so
2026-08-20T19:41:58.106990+00:00,20260820T190931,joint:rzz-hea:16:51899cf7eda9b5dd,ok,,rzz-hea,16,8,float64,42,32,2,32,2,1,0.0,legacy,legacy,0,0,,,,,not_applicable,legacy-generic,5,3,5,1.12014,1.1189814,1.1135760000000001,1.121077,0.002744461520954476,0.3314452,0.0191524,0.7683838000000001,,,custom:libsad_search_06042376d3c545.so,/home/rzzhang/sad_merged/sad/build/libsad_search_06042376d3c545.so
2026-08-20T19:41:58.131216+00:00,20260820T190931,joint:rzz-hea:4:2831aa377b87e09e,ok,,rzz-hea,4,8,float64,42,32,2,128,2,2,1.0,rotation,rotation,4,4,compact:L1R0W0-L1R0W0-L1R0W0-L1R0W0,compact:L1R0W0-L1R0W0-L1R0W0-L1R0W0,,,split,optimized,20,3,20,0.381892,0.38230909999999996,0.380854,0.38602600000000004,0.001372274968801809,0.1315794,0.018930100000000002,0.23179960000000002,,,custom:libsad_search_2a0e4369743c84.so,/home/rzzhang/sad_merged/sad/build/libsad_search_2a0e4369743c84.so
2026-08-20T19:41:58.151441+00:00,20260820T190931,joint:rzz-hea:12:a034dee229d458ee,ok,,rzz-hea,12,8,float64,42,64,2,64,2,2,0.5,rotation,rotation,7,7,compact:L2R0W0-L2R0W0-L2R0W0-L2R0W0-L2R0W0-L1R0W0-L1R0W0,compact:L2R0W0-L2R0W0-L2R0W0-L2R0W0-L2R0W0-L1R0W0-L1R0W0,,,merged,optimized,10,3,10,0.762537,0.7644678,0.7606290000000001,0.7690539999999999,0.0035199539996993855,0.297336,0.0188943,0.44823750000000007,,,custom:libsad_search_97eec9f2a848ec.so,/home/rzzhang/sad_merged/sad/build/libsad_search_97eec9f2a848ec.so
2026-08-20T19:41:58.172471+00:00,20260820T190931,joint:rzz-hea:8:6d5707fa38954bb0,ok,,rzz-hea,8,8,float64,42,32,2,128,2,2,0.5,rotation,rotation,5,4,compact:L2R0W0-L2R0W0-L2R0W0-L1R0W0-L1R0W0,compact:L2R0W0-L2R0W0-L2R0W0-L2R0W0,,,split,optimized,20,3,20,0.5538855,0.55403755,0.551872,0.557048,0.0014186998792909038,0.1896165,0.018680549999999997,0.34574050000000006,,,custom:libsad_search_2a0e4369743c84.so,/home/rzzhang/sad_merged/sad/build/libsad_search_2a0e4369743c84.so
2026-08-20T19:41:58.196891+00:00,20260820T190931,joint:rzz-hea:8:8d62aab6b872c749,ok,,rzz-hea,8,8,float64,42,64,2,64,2,2,0.75,rotation,rotation,6,6,compact:L2R0W0-L2R0W0-L1R0W0-L1R0W0-L1R0W0-L1R0W0,compact:L2R0W0-L2R0W0-L1R0W0-L1R0W0-L1R0W0-L1R0W0,,,merged,optimized,20,3,20,0.5271739999999999,0.5268573,0.525257,0.5293850000000001,0.0009891417037007516,0.20270625,0.0188779,0.30527315,,,custom:libsad_search_97eec9f2a848ec.so,/home/rzzhang/sad_merged/sad/build/libsad_search_97eec9f2a848ec.so
2026-08-20T19:41:58.219712+00:00,20260820T190931,joint:rzz-hea:16:34af097864175c40,ok,,rzz-hea,16,8,float64,42,32,2,32,2,2,0.5,rotation,rotation,10,10,compact:L2R0W0-L2R0W0-L2R0W0-L2R0W0-L2R0W0-L2R0W0-L1R0W0-L1R0W0-L1R0W0-L1R0W0,compact:L2R0W0-L2R0W0-L2R0W0-L2R0W0-L2R0W0-L2R0W0-L1R0W0-L1R0W0-L1R0W0-L1R0W0,,,split,optimized,5,3,5,1.408904,1.4124276,1.4078549999999999,1.427394,0.007527111600076091,0.4756194,0.022449399999999998,0.9143587999999999,,,custom:libsad_search_16d9d6cef53b3d.so,/home/rzzhang/sad_merged/sad/build/libsad_search_16d9d6cef53b3d.so
2026-08-20T19:41:58.245690+00:00,20260820T190931,joint:rzz-hea:12:49d1fd6ea1101e7a,ok,,rzz-hea,12,8,float64,42,32,2,128,2,1,1.0,rotation,rotation,12,12,compact:L1R0W0-L1R0W0-L1R0W0-L1R0W0-L1R0W0-L1R0W0-L1R0W0-L1R0W0-L1R0W0-L1R0W0-L1R0W0-L1R0W0,compact:L1R0W0-L1R0W0-L1R0W0-L1R0W0-L1R0W0-L1R0W0-L1R0W0-L1R0W0-L1R0W0-L1R0W0-L1R0W0-L1R0W0,,,merged,optimized,10,3,10,1.1479914999999998,1.1472456000000002,1.1425250000000002,1.151993,0.003447749880719286,0.42206780000000005,0.018811,0.7063668,,,custom:libsad_search_2a8327787a9aac.so,/home/rzzhang/sad_merged/sad/build/libsad_search_2a8327787a9aac.so
2026-08-20T19:41:58.272283+00:00,20260820T190931,joint:rzz-hea:14:3d9a97712c6ff6a7,ok,,rzz-hea,14,8,float64,42,32,2,32,2,1,0.5,rotation,rotation,8,8,compact:L2R0W0-L2R0W0-L2R0W0-L2R0W0-L2R0W0-L2R0W0-L1R0W0-L1R0W0,compact:L2R0W0-L2R0W0-L2R0W0-L2R0W0-L2R0W0-L2R0W0-L1R0W0-L1R0W0,,,merged,optimized,10,3,10,0.866825,0.8679787000000001,0.8643360000000001,0.8733009999999999,0.003140229133359502,0.3331715,0.018845999999999998,0.5159612,,,custom:libsad_search_f9cdaf042a7bd6.so,/home/rzzhang/sad_merged/sad/build/libsad_search_f9cdaf042a7bd6.so
2026-08-20T19:41:58.294406+00:00,20260820T190931,joint:rzz-hea:26:61c512805f6ceacd,ok,,rzz-hea,26,8,float64,42,128,2,32,2,1,1.0,rotation,rotation,26,26,compact:L1R0W0-L1R0W0-L1R0W0-L1R0W0-L1R0W0-L1R0W0-L1R0W0-L1R0W0-L1R0W0-L1R0W0-L1R0W0-L1R0W0-L1R0W0-L1R0W0-L1R0W0-L1R0W0-L1R0W0-L1R0W0-L1R0W0-L1R0W0-L1R0W0-L1R0W0-L1R0W0-L1R0W0-L1R0W0-L1R0W0,compact:L1R0W0-L1R0W0-L1R0W0-L1R0W0-L1R0W0-L1R0W0-L1R0W0-L1R0W0-L1R0W0-L1R0W0-L1R0W0-L1R0W0-L1R0W0-L1R0W0-L1R0W0-L1R0W0-L1R0W0-L1R0W0-L1R0W0-L1R0W0-L1R0W0-L1R0W0-L1R0W0-L1R0W0-L1R0W0-L1R0W0,,,merged,optimized,2,3,2,1781.4076025,1781.4076025,1779.220849,1783.594356,2.186753500000009,516.4817745,10.147964,1254.777864,,,custom:libsad_search_5851e15f736f52.so,/home/rzzhang/sad_merged/sad/build/libsad_search_5851e15f736f52.so
2026-08-20T19:42:07.236299+00:00,20260820T190931,joint:rzz-hea:22:36dbe2025b5eaa66,ok,,rzz-hea,22,8,float64,42,32,2,128,2,2,0.75,rotation,rotation,18,17,compact:L2R0W0-L2R0W0-L2R0W0-L2R0W0-L1R0W0-L1R0W0-L1R0W0-L1R0W0-L1R0W0-L1R0W0-L1R0W0-L1R0W0-L1R0W0-L1R0W0-L1R0W0-L1R0W0-L1R0W0-L1R0W0,compact:L2R0W0-L2R0W0-L2R0W0-L2R0W0-L2R0W0-L1R0W0-L1R0W0-L1R0W0-L1R0W0-L1R0W0-L1R0W0-L1R0W0-L1R0W0-L1R0W0-L1R0W0-L1R0W0-L1R0W0,,,merged,optimized,3,3,3,66.952655,67.08888566666667,66.878947,67.435055,0.24662133298012012,11.140979666666667,0.422482,55.525423999999994,,,custom:libsad_search_fce412939d20fb.so,/home/rzzhang/sad_merged/sad/build/libsad_search_fce412939d20fb.so
2026-08-20T19:42:07.658224+00:00,20260820T190931,joint:rzz-hea:8:445678507585d5e5,ok,,rzz-hea,8,8,float64,42,128,2,128,2,2,0.0,rotation,rotation,1,1,compact:L5R2W1,compact:L5R2W1,,,split,optimized,20,3,20,0.45057749999999996,0.4389415,0.416584,0.45585100000000006,0.016493833052083434,0.12364870000000001,0.0190314,0.2962614,,,custom:libsad_search_d02bea87aa5c56.so,/home/rzzhang/sad_merged/sad/build/libsad_search_d02bea87aa5c56.so
2026-08-20T19:42:07.674709+00:00,20260820T190931,joint:rzz-hea:8:6d0787566e0a1c63,ok,,rzz-hea,8,8,float64,42,128,2,128,2,2,0.75,rotation,rotation,6,6,compact:L2R0W0-L2R0W0-L1R0W0-L1R0W0-L1R0W0-L1R0W0,compact:L2R0W0-L2R0W0-L1R0W0-L1R0W0-L1R0W0-L1R0W0,,,split,optimized,20,3,20,0.6848965,0.6753507,0.6483929999999999,0.688053,0.015700813950556853,0.23950805,0.01867505,0.4171676,,,custom:libsad_search_d02bea87aa5c56.so,/home/rzzhang/sad_merged/sad/build/libsad_search_d02bea87aa5c56.so
2026-08-20T19:42:07.695699+00:00,20260820T190931,joint:rzz-hea:26:75f78339c90a1ea4,ok,,rzz-hea,26,8,float64,42,32,2,32,2,2,1.0,rotation,rotation,26,26,compact:L1R0W0-L1R0W0-L1R0W0-L1R0W0-L1R0W0-L1R0W0-L1R0W0-L1R0W0-L1R0W0-L1R0W0-L1R0W0-L1R0W0-L1R0W0-L1R0W0-L1R0W0-L1R0W0-L1R0W0-L1R0W0-L1R0W0-L1R0W0-L1R0W0-L1R0W0-L1R0W0-L1R0W0-L1R0W0-L1R0W0,compact:L1R0W0-L1R0W0-L1R0W0-L1R0W0-L1R0W0-L1R0W0-L1R0W0-L1R0W0-L1R0W0-L1R0W0-L1R0W0-L1R0W0-L1R0W0-L1R0W0-L1R0W0-L1R0W0-L1R0W0-L1R0W0-L1R0W0-L1R0W0-L1R0W0-L1R0W0-L1R0W0-L1R0W0-L1R0W0-L1R0W0,,,split,optimized,2,3,2,1795.4922545,1795.4922545,1794.3649690000002,1796.61954,1.1272854999998572,562.470629,10.1936015,1222.828024,,,custom:libsad_search_16d9d6cef53b3d.so,/home/rzzhang/sad_merged/sad/build/libsad_search_16d9d6cef53b3d.so
2026-08-20T19:42:16.690228+00:00,20260820T190931,joint:rzz-hea:18:b59a5206349c456b,ok,,rzz-hea,18,8,float64,42,32,2,128,2,2,0.0,rotation,rotation,3,2,compact:L5R1W0-L5R1W0-L5R1W0,compact:L5R2W2-L5R2W2,,,merged,optimized,5,3,5,2.37355,2.3731168,2.371566,2.374606,0.0010931242198395938,0.5094608,0.0353348,1.8283212,,,custom:libsad_search_fce412939d20fb.so,/home/rzzhang/sad_merged/sad/build/libsad_search_fce412939d20fb.so
2026-08-20T19:42:16.729639+00:00,20260820T190931,joint:rzz-hea:6:aee4a88a4ab4cbfd,ok,,rzz-hea,6,8,float64,42,128,2,128,2,1,1.0,rotation,rotation,6,6,compact:L1R0W0-L1R0W0-L1R0W0-L1R0W0-L1R0W0-L1R0W0,compact:L1R0W0-L1R0W0-L1R0W0-L1R0W0-L1R0W0-L1R0W0,,,split,optimized,20,3,20,0.516096,0.5165711,0.514826,0.519182,0.001027363076034941,0.1858453,0.01902535,0.31170045,,,custom:libsad_search_9361435758c99d.so,/home/rzzhang/sad_merged/sad/build/libsad_search_9361435758c99d.so
2026-08-20T19:42:16.752406+00:00,20260820T190931,joint:rzz-hea:12:eb89c60519b4af88,ok,,rzz-hea,12,8,float64,42,64,2,64,2,1,1.0,rotation,rotation,12,12,compact:L1R0W0-L1R0W0-L1R0W0-L1R0W0-L1R0W0-L1R0W0-L1R0W0-L1R0W0-L1R0W0-L1R0W0-L1R0W0-L1R0W0,compact:L1R0W0-L1R0W0-L1R0W0-L1R0W0-L1R0W0-L1R0W0-L1R0W0-L1R0W0-L1R0W0-L1R0W0-L1R0W0-L1R0W0,,,merged,optimized,10,3,10,1.0607815,1.0610212,1.0565470000000001,1.065936,0.0036567681578136514,0.44080890000000006,0.0189284,0.6012839,,,custom:libsad_search_7e5293342e215a.so,/home/rzzhang/sad_merged/sad/build/libsad_search_7e5293342e215a.so
2026-08-20T19:42:16.773597+00:00,20260820T190931,joint:rzz-hea:18:a6f9e03df87bdf9b,ok,,rzz-hea,18,8,float64,42,32,2,128,2,1,0.0,legacy,legacy,0,0,,,,,not_applicable,legacy-generic,5,3,5,2.2712000000000003,2.2713886,2.266272,2.2763269999999998,0.0032178054384937524,0.6508638,0.035551,1.5849737999999998,,,custom:libsad_search_ada51c8f4b2976.so,/home/rzzhang/sad_merged/sad/build/libsad_search_ada51c8f4b2976.so
2026-08-20T19:42:16.798483+00:00,20260820T190931,joint:rzz-hea:24:9bacd48131e11f72,ok,,rzz-hea,24,8,float64,42,32,2,32,2,2,0.25,rotation,rotation,9,9,compact:L3R0W0-L3R0W0-L3R0W0-L3R0W0-L3R0W0-L3R0W0-L2R0W0-L2R0W0-L2R0W0,compact:L3R0W0-L3R0W0-L3R0W0-L3R0W0-L3R0W0-L3R0W0-L2R0W0-L2R0W0-L2R0W0,,,merged,optimized,3,3,3,187.894722,187.51306833333334,186.73857099999998,187.905912,0.547671369545856,48.851713,1.9381510000000002,136.7232043333333,,,custom:libsad_search_dcff342f285260.so,/home/rzzhang/sad_merged/sad/build/libsad_search_dcff342f285260.so
2026-08-20T19:42:17.933101+00:00,20260820T190931,joint:rzz-hea:12:11d6f53fce2ca8e0,ok,,rzz-hea,12,8,float64,42,128,2,32,2,1,1.0,rotation,rotation,12,12,compact:L1R0W0-L1R0W0-L1R0W0-L1R0W0-L1R0W0-L1R0W0-L1R0W0-L1R0W0-L1R0W0-L1R0W0-L1R0W0-L1R0W0,compact:L1R0W0-L1R0W0-L1R0W0-L1R0W0-L1R0W0-L1R0W0-L1R0W0-L1R0W0-L1R0W0-L1R0W0-L1R0W0-L1R0W0,,,merged,optimized,10,3,10,1.119267,1.1415737,1.113512,1.2072960000000001,0.036543295970807015,0.5225627999999999,0.0191012,0.5999097000000001,,,custom:libsad_search_5851e15f736f52.so,/home/rzzhang/sad_merged/sad/build/libsad_search_5851e15f736f52.so
2026-08-20T19:42:17.956667+00:00,20260820T190931,joint:rzz-hea:20:420a046b7e4d6f23,ok,,rzz-hea,20,8,float64,42,64,2,64,2,2,0.75,rotation,rotation,16,16,compact:L2R0W0-L2R0W0-L2R0W0-L2R0W0-L1R0W0-L1R0W0-L1R0W0-L1R0W0-L1R0W0-L1R0W0-L1R0W0-L1R0W0-L1R0W0-L1R0W0-L1R0W0-L1R0W0,compact:L2R0W0-L2R0W0-L2R0W0-L2R0W0-L1R0W0-L1R0W0-L1R0W0-L1R0W0-L1R0W0-L1R0W0-L1R0W0-L1R0W0-L1R0W0-L1R0W0-L1R0W0-L1R0W0,,,split,optimized,5,3,5,9.112548,9.05075,8.924071,9.164859000000002,0.1008466284671931,2.8237508,0.10096319999999999,6.126036,,,custom:libsad_search_20c37ff249ec0a.so,/home/rzzhang/sad_merged/sad/build/libsad_search_20c37ff249ec0a.so
2026-08-20T19:42:18.035713+00:00,20260820T190931,joint:rzz-hea:14:fbad24014a8ef233,ok,,rzz-hea,14,8,float64,42,128,2,128,2,1,0.0,legacy,legacy,0,0,,,,,not_applicable,legacy-generic,10,3,10,0.7228805,0.7157340999999999,0.701222,0.7239399999999999,0.009820273717672013,0.22238729999999998,0.0188896,0.47445719999999997,,,custom:libsad_search_78e231cd0d5107.so,/home/rzzhang/sad_merged/sad/build/libsad_search_78e231cd0d5107.so
2026-08-20T19:42:18.050995+00:00,20260820T190931,joint:rzz-hea:12:c7b54d94fbf3dbe4,ok,,rzz-hea,12,8,float64,42,64,2,64,2,1,0.75,rotation,rotation,10,10,compact:L2R0W0-L2R0W0-L1R0W0-L1R0W0-L1R0W0-L1R0W0-L1R0W0-L1R0W0-L1R0W0-L1R0W0,compact:L2R0W0-L2R0W0-L1R0W0-L1R0W0-L1R0W0-L1R0W0-L1R0W0-L1R0W0-L1R0W0-L1R0W0,,,split,optimized,10,3,10,0.9932009999999998,0.9937529999999999,0.976122,1.001288,0.006862478240402638,0.3836197,0.01869,0.5914433,,,custom:libsad_search_7ec063ebc99501.so,/home/rzzhang/sad_merged/sad/build/libsad_search_7ec063ebc99501.so
2026-08-20T19:42:18.069671+00:00,20260820T190931,joint:rzz-hea:10:f2553c9dcf0d7327,ok,,rzz-hea,10,8,float64,42,32,2,32,2,1,0.5,rotation,rotation,6,6,compact:L2R0W0-L2R0W0-L2R0W0-L2R0W0-L1R0W0-L1R0W0,compact:L2R0W0-L2R0W0-L2R0W0-L2R0W0-L1R0W0-L1R0W0,,,split,optimized,10,3,10,0.638548,0.6401635,0.6365979999999999,0.645118,0.00334020051044842,0.23476550000000002,0.0191655,0.3862325,,,custom:libsad_search_3cb67c7e18cc99.so,/home/rzzhang/sad_merged/sad/build/libsad_search_3cb67c7e18cc99.so
2026-08-20T19:42:18.084065+00:00,20260820T190931,joint:rzz-hea:14:164770022e1831e7,ok,,rzz-hea,14,8,float64,42,128,2,32,2,1,0.25,rotation,rotation,5,5,compact:L3R0W0-L3R0W0-L3R0W0-L3R0W0-L2R0W0,compact:L3R0W0-L3R0W0-L3R0W0-L3R0W0-L2R0W0,,,merged,optimized,10,3,10,0.7311785000000001,0.7313245,0.730933,0.732117,0.00039557028452604734,0.29450940000000003,0.018987900000000002,0.4178272,,,custom:libsad_search_5851e15f736f52.so,/home/rzzhang/sad_merged/sad/build/libsad_search_5851e15f736f52.so
2026-08-20T19:42:18.099445+00:00,20260820T190931,joint:rzz-hea:14:263b7b934b3339e6,ok,,rzz-hea,14,8,float64,42,128,2,128,2,2,0.25,rotation,rotation,5,5,compact:L3R0W0-L3R0W0-L3R0W0-L3R0W0-L2R0W0,compact:L3R0W0-L3R0W0-L3R0W0-L3R0W0-L2R0W0,,,split,optimized,10,3,10,0.8878039999999999,0.8881816,0.8867079999999999,0.889925,0.0008719729582963119,0.291198,0.018969200000000002,0.5780144,,,custom:libsad_search_d02bea87aa5c56.so,/home/rzzhang/sad_merged/sad/build/libsad_search_d02bea87aa5c56.so
2026-08-20T19:42:18.117087+00:00,20260820T190931,joint:rzz-hea:24:d415551678da3613,ok,,rzz-hea,24,8,float64,42,32,2,32,2,1,0.25,rotation,rotation,9,9,compact:L3R0W0-L3R0W0-L3R0W0-L3R0W0-L3R0W0-L3R0W0-L2R0W0-L2R0W0-L2R0W0,compact:L3R0W0-L3R0W0-L3R0W0-L3R0W0-L3R0W0-L3R0W0-L2R0W0-L2R0W0-L2R0W0,,,merged,optimized,3,3,3,187.891383,187.56276366666668,186.67029100000002,188.126617,0.6383386531976675,48.85073533333333,1.9165953333333332,136.795433,,,custom:libsad_search_f9cdaf042a7bd6.so,/home/rzzhang/sad_merged/sad/build/libsad_search_f9cdaf042a7bd6.so
2026-08-20T19:42:19.252769+00:00,20260820T190931,joint:rzz-hea:16:ec299f3c7aa4b5f8,ok,,rzz-hea,16,8,float64,42,128,2,128,2,1,0.75,rotation,rotation,12,12,compact:L2R0W0-L2R0W0-L2R0W0-L2R0W0-L1R0W0-L1R0W0-L1R0W0-L1R0W0-L1R0W0-L1R0W0-L1R0W0-L1R0W0,compact:L2R0W0-L2R0W0-L2R0W0-L2R0W0-L1R0W0-L1R0W0-L1R0W0-L1R0W0-L1R0W0-L1R0W0-L1R0W0-L1R0W0,,,split,optimized,5,3,5,1.77145,1.7724841999999998,1.77092,1.7769380000000001,0.002240913420906801,0.6175271999999999,0.019117,1.13584,,,custom:libsad_search_9361435758c99d.so,/home/rzzhang/sad_merged/sad/build/libsad_search_9361435758c99d.so
2026-08-20T19:42:19.278577+00:00,20260820T190931,joint:rzz-hea:18:995e007f960c7ae4,ok,,rzz-hea,18,8,float64,42,64,2,64,2,1,1.0,rotation,rotation,18,18,compact:L1R0W0-L1R0W0-L1R0W0-L1R0W0-L1R0W0-L1R0W0-L1R0W0-L1R0W0-L1R0W0-L1R0W0-L1R0W0-L1R0W0-L1R0W0-L1R0W0-L1R0W0-L1R0W0-L1R0W0-L1R0W0,compact:L1R0W0-L1R0W0-L1R0W0-L1R0W0-L1R0W0-L1R0W0-L1R0W0-L1R0W0-L1R0W0-L1R0W0-L1R0W0-L1R0W0-L1R0W0-L1R0W0-L1R0W0-L1R0W0-L1R0W0-L1R0W0,,,merged,optimized,5,3,5,3.694452,3.693833,3.689463,3.698583,0.0037676226456480905,1.1610836,0.0352012,2.4975482,,,custom:libsad_search_7e5293342e215a.so,/home/rzzhang/sad_merged/sad/build/libsad_search_7e5293342e215a.so
2026-08-20T19:42:19.314680+00:00,20260820T190931,joint:rzz-hea:6:eaae951632c428f4,ok,,rzz-hea,6,8,float64,42,64,2,64,2,2,0.5,rotation,rotation,4,4,compact:L2R0W0-L2R0W0-L1R0W0-L1R0W0,compact:L2R0W0-L2R0W0-L1R0W0-L1R0W0,,,split,optimized,20,3,20,0.38679949999999996,0.3864148,0.381921,0.38802300000000006,0.0011757132983852856,0.13560465,0.018853850000000002,0.2319563,,,custom:libsad_search_20c37ff249ec0a.so,/home/rzzhang/sad_merged/sad/build/libsad_search_20c37ff249ec0a.so
2026-08-20T19:42:19.329252+00:00,20260820T190931,joint:rzz-hea:12:4428c1511c848267,ok,,rzz-hea,12,8,float64,42,128,2,128,2,2,0.25,rotation,rotation,4,4,compact:L3R0W0-L3R0W0-L3R0W0-L3R0W0,compact:L3R0W0-L3R0W0-L3R0W0-L3R0W0,,,split,optimized,10,3,10,0.730937,0.7306871,0.729163,0.732233,0.000989673931151071,0.234418,0.0190808,0.4771883,,,custom:libsad_search_d02bea87aa5c56.so,/home/rzzhang/sad_merged/sad/build/libsad_search_d02bea87aa5c56.so
2026-08-20T19:42:19.344313+00:00,20260820T190931,joint:rzz-hea:24:a6d88dfa08867e91,ok,,rzz-hea,24,8,float64,42,128,2,128,2,1,0.25,rotation,rotation,8,8,compact:L3R0W0-L3R0W0-L3R0W0-L3R0W0-L3R0W0-L3R0W0-L3R0W0-L3R0W0,compact:L3R0W0-L3R0W0-L3R0W0-L3R0W0-L3R0W0-L3R0W0-L3R0W0-L3R0W0,,,merged,optimized,3,3,3,170.421517,172.06658066666668,169.867637,175.910588,2.7275129144381456,45.02479133333333,1.8889930000000001,125.15279633333334,,,custom:libsad_search_8fbfac92ec4bef.so,/home/rzzhang/sad_merged/sad/build/libsad_search_8fbfac92ec4bef.so
2026-08-20T19:42:20.383565+00:00,20260820T190931,joint:rzz-hea:22:7a34db5d302d4bc5,ok,,rzz-hea,22,8,float64,42,64,2,64,2,2,0.75,rotation,rotation,17,17,compact:L2R0W0-L2R0W0-L2R0W0-L2R0W0-L2R0W0-L1R0W0-L1R0W0-L1R0W0-L1R0W0-L1R0W0-L1R0W0-L1R0W0-L1R0W0-L1R0W0-L1R0W0-L1R0W0-L1R0W0,compact:L2R0W0-L2R0W0-L2R0W0-L2R0W0-L2R0W0-L1R0W0-L1R0W0-L1R0W0-L1R0W0-L1R0W0-L1R0W0-L1R0W0-L1R0W0-L1R0W0-L1R0W0-L1R0W0-L1R0W0,,,split,optimized,3,3,3,65.579092,65.64949433333334,65.52440100000001,65.84499000000001,0.14002783802833305,10.869851,0.43199266666666664,54.347650666666674,,,custom:libsad_search_20c37ff249ec0a.so,/home/rzzhang/sad_merged/sad/build/libsad_search_20c37ff249ec0a.so
2026-08-20T19:42:20.795911+00:00,20260820T190931,joint:rzz-hea:24:f5d9232874967e33,ok,,rzz-hea,24,8,float64,42,32,2,128,2,1,1.0,rotation,rotation,24,24,compact:L1R0W0-L1R0W0-L1R0W0-L1R0W0-L1R0W0-L1R0W0-L1R0W0-L1R0W0-L1R0W0-L1R0W0-L1R0W0-L1R0W0-L1R0W0-L1R0W0-L1R0W0-L1R0W0-L1R0W0-L1R0W0-L1R0W0-L1R0W0-L1R0W0-L1R0W0-L1R0W0-L1R0W0,compact:L1R0W0-L1R0W0-L1R0W0-L1R0W0-L1R0W0-L1R0W0-L1R0W0-L1R0W0-L1R0W0-L1R0W0-L1R0W0-L1R0W0-L1R0W0-L1R0W0-L1R0W0-L1R0W0-L1R0W0-L1R0W0-L1R0W0-L1R0W0-L1R0W0-L1R0W0-L1R0W0-L1R0W0,,,merged,optimized,3,3,3,411.44133700000003,411.4817746666667,411.429349,411.574638,0.06584642255193147,119.40747933333333,1.8060693333333333,290.268226,,,custom:libsad_search_2a8327787a9aac.so,/home/rzzhang/sad_merged/sad/build/libsad_search_2a8327787a9aac.so
2026-08-20T19:42:23.279361+00:00,20260820T190931,joint:rzz-hea:28:2de590202406e01a,ok,,rzz-hea,28,8,float64,42,128,2,128,2,1,0.0,legacy,legacy,0,0,,,,,not_applicable,legacy-generic,2,3,2,2980.0702135,2980.0702135,2978.9645800000003,2981.1758470000004,1.1056335000000672,852.2579625,86.209773,2041.6024780000002,,,custom:libsad_search_78e231cd0d5107.so,/home/rzzhang/sad_merged/sad/build/libsad_search_78e231cd0d5107.so
2026-08-20T19:42:38.192242+00:00,20260820T190931,joint:rzz-hea:12:a940e496b6e312c2,ok,,rzz-hea,12,8,float64,42,128,2,128,2,2,0.75,rotation,rotation,10,10,compact:L2R0W0-L2R0W0-L1R0W0-L1R0W0-L1R0W0-L1R0W0-L1R0W0-L1R0W0-L1R0W0-L1R0W0,compact:L2R0W0-L2R0W0-L1R0W0-L1R0W0-L1R0W0-L1R0W0-L1R0W0-L1R0W0-L1R0W0-L1R0W0,,,split,optimized,10,3,10,1.1243095,1.1242836,1.123039,1.1264370000000001,0.0009758073785333227,0.41929089999999997,0.0189209,0.6860718,,,custom:libsad_search_d02bea87aa5c56.so,/home/rzzhang/sad_merged/sad/build/libsad_search_d02bea87aa5c56.so
2026-08-20T19:42:38.218800+00:00,20260820T190931,joint:rzz-hea:14:646c1031493d9945,ok,,rzz-hea,14,8,float64,42,32,2,32,2,1,0.25,rotation,rotation,5,5,compact:L3R0W0-L3R0W0-L3R0W0-L3R0W0-L2R0W0,compact:L3R0W0-L3R0W0-L3R0W0-L3R0W0-L2R0W0,,,split,optimized,10,3,10,0.7228105,0.7230046,0.7217210000000001,0.724191,0.0008892661243969487,0.2500746,0.0188084,0.45412159999999996,,,custom:libsad_search_3cb67c7e18cc99.so,/home/rzzhang/sad_merged/sad/build/libsad_search_3cb67c7e18cc99.so
2026-08-20T19:42:38.239421+00:00,20260820T190931,joint:rzz-hea:16:0908c37dbbed66c1,ok,,rzz-hea,16,8,float64,42,128,2,32,2,2,0.0,rotation,rotation,2,3,compact:L5R2W1-L5R2W1,compact:L5R1W0-L5R0W0-L5R0W0,,,merged,optimized,5,3,5,1.0270299999999999,1.0246038,1.019883,1.0280289999999999,0.003803783243035753,0.21160179999999998,0.018907999999999998,0.7940940000000001,,,custom:libsad_search_d014591f51543a.so,/home/rzzhang/sad_merged/sad/build/libsad_search_d014591f51543a.so
2026-08-20T19:42:38.262558+00:00,20260820T190931,joint:rzz-hea:6:110921b84f1def4b,ok,,rzz-hea,6,8,float64,42,32,2,128,2,2,0.75,rotation,rotation,5,5,compact:L2R0W0-L1R0W0-L1R0W0-L1R0W0-L1R0W0,compact:L2R0W0-L1R0W0-L1R0W0-L1R0W0-L1R0W0,,,split,optimized,20,3,20,0.464413,0.46432590000000007,0.46263800000000005,0.46670200000000006,0.001140449380726746,0.1542008,0.0188077,0.2913174,,,custom:libsad_search_2a0e4369743c84.so,/home/rzzhang/sad_merged/sad/build/libsad_search_2a0e4369743c84.so
2026-08-20T19:42:38.284475+00:00,20260820T190931,joint:rzz-hea:26:a4d9ef59af68868d,ok,,rzz-hea,26,8,float64,42,128,2,32,2,2,0.5,rotation,rotation,14,15,compact:L2R0W0-L2R0W0-L2R0W0-L2R0W0-L2R0W0-L2R0W0-L2R0W0-L2R0W0-L2R0W0-L2R0W0-L2R0W0-L2R0W0-L1R0W0-L1R0W0,compact:L2R0W0-L2R0W0-L2R0W0-L2R0W0-L2R0W0-L2R0W0-L2R0W0-L2R0W0-L2R0W0-L2R0W0-L2R0W0-L1R0W0-L1R0W0-L1R0W0-L1R0W0,,,split,optimized,2,3,2,1120.5209095,1120.5209095,1119.6397980000002,1121.4020209999999,0.8811114999998608,336.5384085,10.237423,773.745078,,,custom:libsad_search_3b115211f38255.so,/home/rzzhang/sad_merged/sad/build/libsad_search_3b115211f38255.so
2026-08-20T19:42:43.919635+00:00,20260820T190931,joint:rzz-hea:28:93a808bfd2489ffe,ok,,rzz-hea,28,8,float64,42,32,2,32,2,1,0.5,rotation,rotation,16,16,compact:L2R0W0-L2R0W0-L2R0W0-L2R0W0-L2R0W0-L2R0W0-L2R0W0-L2R0W0-L2R0W0-L2R0W0-L2R0W0-L2R0W0-L1R0W0-L1R0W0-L1R0W0-L1R0W0,compact:L2R0W0-L2R0W0-L2R0W0-L2R0W0-L2R0W0-L2R0W0-L2R0W0-L2R0W0-L2R0W0-L2R0W0-L2R0W0-L2R0W0-L1R0W0-L1R0W0-L1R0W0-L1R0W0,,,merged,optimized,2,3,2,4827.291524,4827.291524,4826.44456,4828.1384880000005,0.8469640000002983,1370.419743,86.05027299999999,3370.8215079999995,,,custom:libsad_search_f9cdaf042a7bd6.so,/home/rzzhang/sad_merged/sad/build/libsad_search_f9cdaf042a7bd6.so
2026-08-20T19:43:08.064521+00:00,20260820T190931,joint:rzz-hea:6:07490827ac18a47b,ok,,rzz-hea,6,8,float64,42,32,2,32,2,1,0.25,rotation,rotation,2,2,compact:L3R0W0-L3R0W0,compact:L3R0W0-L3R0W0,,,merged,optimized,20,3,20,0.2651995,0.26520835,0.264053,0.26718499999999995,0.000924992771593374,0.08069295,0.01894095,0.16557445,,,custom:libsad_search_f9cdaf042a7bd6.so,/home/rzzhang/sad_merged/sad/build/libsad_search_f9cdaf042a7bd6.so
2026-08-20T19:43:08.081619+00:00,20260820T190931,joint:rzz-hea:18:12dcdea73e29a1b6,ok,,rzz-hea,18,8,float64,42,64,2,64,2,1,0.75,rotation,rotation,14,14,compact:L2R0W0-L2R0W0-L2R0W0-L2R0W0-L1R0W0-L1R0W0-L1R0W0-L1R0W0-L1R0W0-L1R0W0-L1R0W0-L1R0W0-L1R0W0-L1R0W0,compact:L2R0W0-L2R0W0-L2R0W0-L2R0W0-L1R0W0-L1R0W0-L1R0W0-L1R0W0-L1R0W0-L1R0W0-L1R0W0-L1R0W0-L1R0W0-L1R0W0,,,split,optimized,5,3,5,3.2195160000000005,3.2181752,3.205057,3.229577,0.008024418942203845,1.08833,0.035497600000000004,2.0943476,,,custom:libsad_search_7ec063ebc99501.so,/home/rzzhang/sad_merged/sad/build/libsad_search_7ec063ebc99501.so
2026-08-20T19:43:08.127018+00:00,20260820T190931,joint:rzz-hea:4:fb8e31b6c3110d2a,ok,,rzz-hea,4,8,float64,42,32,2,32,2,1,0.25,rotation,rotation,2,2,compact:L2R0W0-L2R0W0,compact:L2R0W0-L2R0W0,,,split,optimized,20,3,20,0.25410850000000007,0.25598755,0.25077900000000003,0.26123599999999997,0.0037951516237826354,0.08736139999999999,0.01886945,0.1497567,,,custom:libsad_search_3cb67c7e18cc99.so,/home/rzzhang/sad_merged/sad/build/libsad_search_3cb67c7e18cc99.so
2026-08-20T19:43:08.143692+00:00,20260820T190931,joint:rzz-hea:28:a977272990afad2d,ok,,rzz-hea,28,8,float64,42,32,2,128,2,2,0.0,rotation,rotation,4,4,compact:L5R2W0-L5R2W0-L5R2W0-L5R2W0,compact:L5R2W0-L5R2W0-L5R2W0-L5R2W0,,,merged,optimized,2,3,2,2716.3214370000005,2716.3214370000005,2716.0752660000003,2716.5676080000003,0.24617100000000391,684.0968085,85.679042,1946.5455865000001,,,custom:libsad_search_fce412939d20fb.so,/home/rzzhang/sad_merged/sad/build/libsad_search_fce412939d20fb.so
2026-08-20T19:43:21.734813+00:00,20260820T190931,joint:rzz-hea:16:dbfbf615b7d9d14a,ok,,rzz-hea,16,8,float64,42,128,2,128,2,1,0.0,rotation,rotation,2,2,compact:L5R2W1-L5R2W1,compact:L5R2W1-L5R2W1,,,split,optimized,5,3,5,0.9245,0.9254384,0.918507,0.933897,0.005006921912712437,0.22953919999999997,0.020835599999999996,0.6750636,,,custom:libsad_search_9361435758c99d.so,/home/rzzhang/sad_merged/sad/build/libsad_search_9361435758c99d.so
2026-08-20T19:43:21.758864+00:00,20260820T190931,joint:rzz-hea:26:5d287acbf1d6c9a8,ok,,rzz-hea,26,8,float64,42,128,2,128,2,1,0.0,rotation,rotation,3,3,compact:L5R2W2-L5R2W2-L5R2W1,compact:L5R2W2-L5R2W2-L5R2W1,,,split,optimized,2,3,2,628.66369,628.66369,627.81161,629.51577,0.8520800000000008,163.270239,10.2298925,455.1635585,,,custom:libsad_search_9361435758c99d.so,/home/rzzhang/sad_merged/sad/build/libsad_search_9361435758c99d.so
2026-08-20T19:43:24.929023+00:00,20260820T190931,joint:rzz-hea:8:78f1a206052674e8,ok,,rzz-hea,8,8,float64,42,64,2,64,2,2,1.0,rotation,rotation,8,8,compact:L1R0W0-L1R0W0-L1R0W0-L1R0W0-L1R0W0-L1R0W0-L1R0W0-L1R0W0,compact:L1R0W0-L1R0W0-L1R0W0-L1R0W0-L1R0W0-L1R0W0-L1R0W0-L1R0W0,,,split,optimized,20,3,20,0.703989,0.7109624999999999,0.687943,0.7392949999999999,0.020866257245850287,0.2727564,0.018971050000000003,0.41923504999999994,,,custom:libsad_search_20c37ff249ec0a.so,/home/rzzhang/sad_merged/sad/build/libsad_search_20c37ff249ec0a.so
2026-08-20T19:43:24.957051+00:00,20260820T190931,joint:rzz-hea:20:526446e46b93c641,ok,,rzz-hea,20,8,float64,42,32,2,128,2,2,0.5,rotation,rotation,12,12,compact:L2R0W0-L2R0W0-L2R0W0-L2R0W0-L2R0W0-L2R0W0-L2R0W0-L2R0W0-L1R0W0-L1R0W0-L1R0W0-L1R0W0,compact:L2R0W0-L2R0W0-L2R0W0-L2R0W0-L2R0W0-L2R0W0-L2R0W0-L2R0W0-L1R0W0-L1R0W0-L1R0W0-L1R0W0,,,split,optimized,5,3,5,8.568043000000001,8.5917484,8.457891,8.771403000000001,0.10136503683144438,2.5566421999999998,0.0994568,5.9356494,,,custom:libsad_search_2a0e4369743c84.so,/home/rzzhang/sad_merged/sad/build/libsad_search_2a0e4369743c84.so
2026-08-20T19:43:25.041323+00:00,20260820T190931,joint:rzz-hea:12:e8f5675f65a7c8e4,ok,,rzz-hea,12,8,float64,42,128,2,32,2,2,0.25,rotation,rotation,4,4,compact:L3R0W0-L3R0W0-L3R0W0-L3R0W0,compact:L3R0W0-L3R0W0-L3R0W0-L3R0W0,,,merged,optimized,10,3,10,0.596953,0.5976792,0.595969,0.601235,0.001582664891883311,0.2446333,0.0190731,0.3339728,,,custom:libsad_search_d014591f51543a.so,/home/rzzhang/sad_merged/sad/build/libsad_search_d014591f51543a.so
2026-08-20T19:43:25.055239+00:00,20260820T190931,joint:rzz-hea:28:4f1c9057f188db08,ok,,rzz-hea,28,8,float64,42,128,2,128,2,2,0.25,rotation,rotation,10,10,compact:L3R0W0-L3R0W0-L3R0W0-L3R0W0-L3R0W0-L3R0W0-L3R0W0-L3R0W0-L2R0W0-L2R0W0,compact:L3R0W0-L3R0W0-L3R0W0-L3R0W0-L3R0W0-L3R0W0-L3R0W0-L3R0W0-L2R0W0-L2R0W0,,,split,optimized,2,3,2,3489.2177599999995,3489.2177599999995,3485.8500289999997,3492.585491,3.367731000000049,1059.428717,85.27528299999999,2344.51376,,,custom:libsad_search_d02bea87aa5c56.so,/home/rzzhang/sad_merged/sad/build/libsad_search_d02bea87aa5c56.so
2026-08-20T19:43:42.509220+00:00,20260820T190931,joint:rzz-hea:20:fb63ce28db402f48,ok,,rzz-hea,20,8,float64,42,32,2,32,2,1,0.75,rotation,rotation,16,16,compact:L2R0W0-L2R0W0-L2R0W0-L2R0W0-L1R0W0-L1R0W0-L1R0W0-L1R0W0-L1R0W0-L1R0W0-L1R0W0-L1R0W0-L1R0W0-L1R0W0-L1R0W0-L1R0W0,compact:L2R0W0-L2R0W0-L2R0W0-L2R0W0-L1R0W0-L1R0W0-L1R0W0-L1R0W0-L1R0W0-L1R0W0-L1R0W0-L1R0W0-L1R0W0-L1R0W0-L1R0W0-L1R0W0,,,split,optimized,5,3,5,9.672847,9.831019600000001,9.640025999999999,10.09861,0.2167289754459245,3.2252620000000003,0.10446180000000001,6.501295799999999,,,custom:libsad_search_3cb67c7e18cc99.so,/home/rzzhang/sad_merged/sad/build/libsad_search_3cb67c7e18cc99.so
2026-08-20T19:43:42.610292+00:00,20260820T190931,joint:rzz-hea:28:7a41657ae166399d,ok,,rzz-hea,28,8,float64,42,32,2,128,2,2,0.0,rotation,rotation,4,4,compact:L5R2W0-L5R2W0-L5R2W0-L5R2W0,compact:L5R2W0-L5R2W0-L5R2W0-L5R2W0,,,split,optimized,2,3,2,2805.018426,2805.018426,2804.740135,2805.296717,0.2782910000000811,816.6848825,86.373637,1901.9599065000002,,,custom:libsad_search_2a0e4369743c84.so,/home/rzzhang/sad_merged/sad/build/libsad_search_2a0e4369743c84.so
2026-08-20T19:43:56.641729+00:00,20260820T190931,joint:rzz-hea:6:aaf1262793be942d,ok,,rzz-hea,6,8,float64,42,128,2,32,2,2,0.75,rotation,rotation,5,5,compact:L2R0W0-L1R0W0-L1R0W0-L1R0W0-L1R0W0,compact:L2R0W0-L1R0W0-L1R0W0-L1R0W0-L1R0W0,,,merged,optimized,20,3,20,0.4136385,0.40956665000000003,0.390269,0.41665699999999994,0.008325333970928729,0.15550765,0.01893015,0.23512885000000003,,,custom:libsad_search_d014591f51543a.so,/home/rzzhang/sad_merged/sad/build/libsad_search_d014591f51543a.so
2026-08-20T19:43:56.663166+00:00,20260820T190931,joint:rzz-hea:14:8c40e13552c842de,ok,,rzz-hea,14,8,float64,42,32,2,128,2,1,0.25,rotation,rotation,5,5,compact:L3R0W0-L3R0W0-L3R0W0-L3R0W0-L2R0W0,compact:L3R0W0-L3R0W0-L3R0W0-L3R0W0-L2R0W0,,,merged,optimized,10,3,10,0.8222965,0.8221037000000001,0.818049,0.82322,0.00148689266929392,0.24759,0.018738,0.5557757,,,custom:libsad_search_2a8327787a9aac.so,/home/rzzhang/sad_merged/sad/build/libsad_search_2a8327787a9aac.so
2026-08-20T19:43:56.685232+00:00,20260820T190931,joint:rzz-hea:28:4241174925adbd55,ok,,rzz-hea,28,8,float64,42,32,2,32,2,1,0.5,rotation,rotation,16,16,compact:L2R0W0-L2R0W0-L2R0W0-L2R0W0-L2R0W0-L2R0W0-L2R0W0-L2R0W0-L2R0W0-L2R0W0-L2R0W0-L2R0W0-L1R0W0-L1R0W0-L1R0W0-L1R0W0,compact:L2R0W0-L2R0W0-L2R0W0-L2R0W0-L2R0W0-L2R0W0-L2R0W0-L2R0W0-L2R0W0-L2R0W0-L2R0W0-L2R0W0-L1R0W0-L1R0W0-L1R0W0-L1R0W0,,,split,optimized,2,3,2,4872.696572000001,4872.696572000001,4872.57225,4872.820894,0.12432200000012017,1503.2588555,86.885201,3282.5525155,,,custom:libsad_search_3cb67c7e18cc99.so,/home/rzzhang/sad_merged/sad/build/libsad_search_3cb67c7e18cc99.so
2026-08-20T19:44:21.088634+00:00,20260820T190931,joint:rzz-hea:12:1057fe7206a1e3e2,ok,,rzz-hea,12,8,float64,42,32,2,32,2,1,0.25,rotation,rotation,4,4,compact:L3R0W0-L3R0W0-L3R0W0-L3R0W0,compact:L3R0W0-L3R0W0-L3R0W0-L3R0W0,,,merged,optimized,10,3,10,0.5909789999999999,0.5913889,0.58976,0.59388,0.0011467276442119975,0.2140551,0.0187562,0.3585776,,,custom:libsad_search_f9cdaf042a7bd6.so,/home/rzzhang/sad_merged/sad/build/libsad_search_f9cdaf042a7bd6.so
2026-08-20T19:44:21.107837+00:00,20260820T190931,joint:rzz-hea:28:f1d01ea2fc9206e4,ok,,rzz-hea,28,8,float64,42,128,2,128,2,1,0.25,rotation,rotation,10,10,compact:L3R0W0-L3R0W0-L3R0W0-L3R0W0-L3R0W0-L3R0W0-L3R0W0-L3R0W0-L2R0W0-L2R0W0,compact:L3R0W0-L3R0W0-L3R0W0-L3R0W0-L3R0W0-L3R0W0-L3R0W0-L3R0W0-L2R0W0-L2R0W0,,,merged,optimized,2,3,2,3418.0503790000002,3418.0503790000002,3416.138209,3419.962549,1.9121699999998327,943.543929,84.855363,2389.6510869999997,,,custom:libsad_search_8fbfac92ec4bef.so,/home/rzzhang/sad_merged/sad/build/libsad_search_8fbfac92ec4bef.so
2026-08-20T19:44:38.211347+00:00,20260820T190931,joint:rzz-hea:4:ca317dfd67ec7376,ok,,rzz-hea,4,8,float64,42,32,2,128,2,2,0.75,rotation,rotation,3,3,compact:L2R0W0-L1R0W0-L1R0W0,compact:L2R0W0-L1R0W0-L1R0W0,,,merged,optimized,20,3,20,0.2977955,0.30802945,0.28762600000000005,0.330694,0.01730421570159999,0.0894932,0.01866865,0.19986759999999998,,,custom:libsad_search_fce412939d20fb.so,/home/rzzhang/sad_merged/sad/build/libsad_search_fce412939d20fb.so
2026-08-20T19:44:38.229757+00:00,20260820T190931,joint:rzz-hea:18:04ed2da19a72475a,ok,,rzz-hea,18,8,float64,42,128,2,128,2,2,0.5,rotation,rotation,10,10,compact:L2R0W0-L2R0W0-L2R0W0-L2R0W0-L2R0W0-L2R0W0-L2R0W0-L2R0W0-L1R0W0-L1R0W0,compact:L2R0W0-L2R0W0-L2R0W0-L2R0W0-L2R0W0-L2R0W0-L2R0W0-L2R0W0-L1R0W0-L1R0W0,,,split,optimized,5,3,5,3.0053609999999997,2.9927048,2.939925,3.007465,0.026410508638797445,0.9550068,0.035532799999999996,2.0021652000000003,,,custom:libsad_search_d02bea87aa5c56.so,/home/rzzhang/sad_merged/sad/build/libsad_search_d02bea87aa5c56.so
2026-08-20T19:44:38.274280+00:00,20260820T190931,joint:rzz-hea:14:a223002802f2c7ed,ok,,rzz-hea,14,8,float64,42,32,2,32,2,1,0.0,legacy,legacy,0,0,,,,,not_applicable,legacy-generic,10,3,10,0.548371,0.548713,0.54772,0.549856,0.0009482924654346055,0.1802315,0.0186856,0.3497959,,,custom:libsad_search_06042376d3c545.so,/home/rzzhang/sad_merged/sad/build/libsad_search_06042376d3c545.so
2026-08-20T19:44:38.293385+00:00,20260820T190931,joint:rzz-hea:12:aea56f74aa98a914,ok,,rzz-hea,12,8,float64,42,32,2,128,2,2,0.25,rotation,rotation,4,4,compact:L3R0W0-L3R0W0-L3R0W0-L3R0W0,compact:L3R0W0-L3R0W0-L3R0W0-L3R0W0,,,merged,optimized,10,3,10,0.6464935,0.6486566,0.6459429999999999,0.667686,0.006363817725233812,0.1978729,0.0191324,0.4316513,,,custom:libsad_search_fce412939d20fb.so,/home/rzzhang/sad_merged/sad/build/libsad_search_fce412939d20fb.so
2026-08-20T19:44:38.313802+00:00,20260820T190931,joint:rzz-hea:8:60e6caa112e4d22a,ok,,rzz-hea,8,8,float64,42,128,2,128,2,1,0.0,rotation,rotation,1,1,compact:L5R2W1,compact:L5R2W1,,,merged,optimized,20,3,20,0.337857,0.338236,0.33657800000000004,0.34816800000000003,0.002399665685048656,0.0988556,0.01901755,0.22036285,,,custom:libsad_search_8fbfac92ec4bef.so,/home/rzzhang/sad_merged/sad/build/libsad_search_8fbfac92ec4bef.so
2026-08-20T19:44:38.332614+00:00,20260820T190931,joint:rzz-hea:4:a3924da8d3360c28,ok,,rzz-hea,4,8,float64,42,128,2,128,2,2,0.25,rotation,rotation,2,2,compact:L2R0W0-L2R0W0,compact:L2R0W0-L2R0W0,,,split,optimized,20,3,20,0.2926775,0.29261529999999997,0.289122,0.295911,0.0015592884627290728,0.0944752,0.01904175,0.17909835,,,custom:libsad_search_d02bea87aa5c56.so,/home/rzzhang/sad_merged/sad/build/libsad_search_d02bea87aa5c56.so
2026-08-20T19:44:38.350599+00:00,20260820T190931,joint:rzz-hea:26:6c60a5c201ee6506,ok,,rzz-hea,26,8,float64,42,128,2,32,2,2,0.0,rotation,rotation,3,4,compact:L5R2W2-L5R2W2-L5R2W1,compact:L5R2W0-L5R2W0-L5R1W0-L5R1W0,,,merged,optimized,2,3,2,599.16965,599.16965,598.578063,599.7612369999999,0.5915869999999472,128.266297,10.1841265,460.7192265,,,custom:libsad_search_d014591f51543a.so,/home/rzzhang/sad_merged/sad/build/libsad_search_d014591f51543a.so
2026-08-20T19:44:41.374043+00:00,20260820T190931,joint:rzz-hea:24:7e0f319122252de8,ok,,rzz-hea,24,8,float64,42,32,2,32,2,2,0.25,rotation,rotation,9,9,compact:L3R0W0-L3R0W0-L3R0W0-L3R0W0-L3R0W0-L3R0W0-L2R0W0-L2R0W0-L2R0W0,compact:L3R0W0-L3R0W0-L3R0W0-L3R0W0-L3R0W0-L3R0W0-L2R0W0-L2R0W0-L2R0W0,,,split,optimized,3,3,3,200.74839300000002,200.55879800000002,194.58408100000003,206.34392,4.8028056400746175,61.526238000000006,2.1372826666666667,136.89527733333333,,,custom:libsad_search_16d9d6cef53b3d.so,/home/rzzhang/sad_merged/sad/build/libsad_search_16d9d6cef53b3d.so
2026-08-20T19:44:42.570656+00:00,20260820T190931,joint:rzz-hea:6:91ae0faa8d3664f7,ok,,rzz-hea,6,8,float64,42,128,2,32,2,2,1.0,rotation,rotation,6,6,compact:L1R0W0-L1R0W0-L1R0W0-L1R0W0-L1R0W0-L1R0W0,compact:L1R0W0-L1R0W0-L1R0W0-L1R0W0-L1R0W0-L1R0W0,,,merged,optimized,20,3,20,0.482264,0.49127580000000004,0.48003599999999996,0.543638,0.020872274803192873,0.19385915,0.0188342,0.27858245,,,custom:libsad_search_d014591f51543a.so,/home/rzzhang/sad_merged/sad/build/libsad_search_d014591f51543a.so
2026-08-20T19:44:42.591361+00:00,20260820T190931,joint:rzz-hea:8:fc600a5ed859e13f,ok,,rzz-hea,8,8,float64,42,64,2,64,2,1,0.0,rotation,rotation,1,1,compact:L5R2W1,compact:L5R2W1,,,merged,optimized,20,3,20,0.32256049999999997,0.31790835,0.297884,0.323644,0.009745525482368823,0.0984426,0.018926,0.20053975,,,custom:libsad_search_7e5293342e215a.so,/home/rzzhang/sad_merged/sad/build/libsad_search_7e5293342e215a.so
2026-08-20T19:44:42.605062+00:00,20260820T190931,joint:rzz-hea:26:31c2c0793a393d7a,ok,,rzz-hea,26,8,float64,42,32,2,128,2,1,1.0,rotation,rotation,26,26,compact:L1R0W0-L1R0W0-L1R0W0-L1R0W0-L1R0W0-L1R0W0-L1R0W0-L1R0W0-L1R0W0-L1R0W0-L1R0W0-L1R0W0-L1R0W0-L1R0W0-L1R0W0-L1R0W0-L1R0W0-L1R0W0-L1R0W0-L1R0W0-L1R0W0-L1R0W0-L1R0W0-L1R0W0-L1R0W0-L1R0W0,compact:L1R0W0-L1R0W0-L1R0W0-L1R0W0-L1R0W0-L1R0W0-L1R0W0-L1R0W0-L1R0W0-L1R0W0-L1R0W0-L1R0W0-L1R0W0-L1R0W0-L1R0W0-L1R0W0-L1R0W0-L1R0W0-L1R0W0-L1R0W0-L1R0W0-L1R0W0-L1R0W0-L1R0W0-L1R0W0-L1R0W0,,,merged,optimized,2,3,2,1774.2639915,1774.2639915,1773.008855,1775.519128,1.255136499999935,517.8569425000001,10.3350915,1246.0719575,,,custom:libsad_search_2a8327787a9aac.so,/home/rzzhang/sad_merged/sad/build/libsad_search_2a8327787a9aac.so
2026-08-20T19:44:51.499006+00:00,20260820T190931,joint:rzz-hea:16:f1ef7687e5f6f0cc,ok,,rzz-hea,16,8,float64,42,128,2,128,2,2,1.0,rotation,rotation,16,16,compact:L1R0W0-L1R0W0-L1R0W0-L1R0W0-L1R0W0-L1R0W0-L1R0W0-L1R0W0-L1R0W0-L1R0W0-L1R0W0-L1R0W0-L1R0W0-L1R0W0-L1R0W0-L1R0W0,compact:L1R0W0-L1R0W0-L1R0W0-L1R0W0-L1R0W0-L1R0W0-L1R0W0-L1R0W0-L1R0W0-L1R0W0-L1R0W0-L1R0W0-L1R0W0-L1R0W0-L1R0W0-L1R0W0,,,merged,optimized,5,3,5,2.195793,2.2287282,2.193907,2.316229,0.047627945823434305,0.7751468,0.019035800000000002,1.4345455999999999,,,custom:libsad_search_b969ada61d8a74.so,/home/rzzhang/sad_merged/sad/build/libsad_search_b969ada61d8a74.so
2026-08-20T19:44:51.533014+00:00,20260820T190931,joint:rzz-hea:8:a4bf1d5ddd5d76d3,ok,,rzz-hea,8,8,float64,42,64,2,64,2,2,0.5,rotation,rotation,4,4,compact:L2R0W0-L2R0W0-L2R0W0-L2R0W0,compact:L2R0W0-L2R0W0-L2R0W0-L2R0W0,,,merged,optimized,20,3,20,0.42783750000000004,0.42926985,0.42099200000000003,0.437123,0.004159672766877216,0.1566321,0.0184251,0.25421265000000004,,,custom:libsad_search_97eec9f2a848ec.so,/home/rzzhang/sad_merged/sad/build/libsad_search_97eec9f2a848ec.so
2026-08-20T19:44:51.554364+00:00,20260820T190931,joint:rzz-hea:18:bc513af86f3683d8,ok,,rzz-hea,18,8,float64,42,64,2,64,2,2,0.75,rotation,rotation,14,14,compact:L2R0W0-L2R0W0-L2R0W0-L2R0W0-L1R0W0-L1R0W0-L1R0W0-L1R0W0-L1R0W0-L1R0W0-L1R0W0-L1R0W0-L1R0W0-L1R0W0,compact:L2R0W0-L2R0W0-L2R0W0-L2R0W0-L1R0W0-L1R0W0-L1R0W0-L1R0W0-L1R0W0-L1R0W0-L1R0W0-L1R0W0-L1R0W0-L1R0W0,,,merged,optimized,5,3,5,3.308638,3.3101424,3.308376,3.3146500000000003,0.002401423377915856,0.986288,0.035357,2.2884974,,,custom:libsad_search_97eec9f2a848ec.so,/home/rzzhang/sad_merged/sad/build/libsad_search_97eec9f2a848ec.so
2026-08-20T19:44:51.594165+00:00,20260820T190931,joint:rzz-hea:4:439d26c75e2c66f1,ok,,rzz-hea,4,8,float64,42,128,2,32,2,2,0.75,rotation,rotation,3,3,compact:L2R0W0-L1R0W0-L1R0W0,compact:L2R0W0-L1R0W0-L1R0W0,,,split,optimized,20,3,20,0.295867,0.29789935,0.294095,0.304041,0.0036726682708216342,0.11185089999999999,0.01877915,0.16726929999999998,,,custom:libsad_search_3b115211f38255.so,/home/rzzhang/sad_merged/sad/build/libsad_search_3b115211f38255.so
2026-08-20T19:44:51.607412+00:00,20260820T190931,joint:rzz-hea:10:7809d4aca3f186fc,ok,,rzz-hea,10,8,float64,42,64,2,64,2,1,0.5,rotation,rotation,6,6,compact:L2R0W0-L2R0W0-L2R0W0-L2R0W0-L1R0W0-L1R0W0,compact:L2R0W0-L2R0W0-L2R0W0-L2R0W0-L1R0W0-L1R0W0,,,merged,optimized,10,3,10,0.6077824999999999,0.6092486,0.607128,0.6144130000000001,0.002641988009056844,0.2339369,0.0188597,0.356452,,,custom:libsad_search_7e5293342e215a.so,/home/rzzhang/sad_merged/sad/build/libsad_search_7e5293342e215a.so
2026-08-20T19:44:51.621358+00:00,20260820T190931,joint:rzz-hea:16:e71b7091b506e4cc,ok,,rzz-hea,16,8,float64,42,32,2,32,2,1,0.25,rotation,rotation,6,6,compact:L3R0W0-L3R0W0-L3R0W0-L3R0W0-L2R0W0-L2R0W0,compact:L3R0W0-L3R0W0-L3R0W0-L3R0W0-L2R0W0-L2R0W0,,,merged,optimized,5,3,5,1.254136,1.2569773999999998,1.252179,1.263399,0.00489415841999423,0.340185,0.018917800000000002,0.8978745999999999,,,custom:libsad_search_f9cdaf042a7bd6.so,/home/rzzhang/sad_merged/sad/build/libsad_search_f9cdaf042a7bd6.so
2026-08-20T19:44:51.637712+00:00,20260820T190931,joint:rzz-hea:16:37685674ae0b5185,ok,,rzz-hea,16,8,float64,42,32,2,32,2,2,1.0,rotation,rotation,16,16,compact:L1R0W0-L1R0W0-L1R0W0-L1R0W0-L1R0W0-L1R0W0-L1R0W0-L1R0W0-L1R0W0-L1R0W0-L1R0W0-L1R0W0-L1R0W0-L1R0W0-L1R0W0-L1R0W0,compact:L1R0W0-L1R0W0-L1R0W0-L1R0W0-L1R0W0-L1R0W0-L1R0W0-L1R0W0-L1R0W0-L1R0W0-L1R0W0-L1R0W0-L1R0W0-L1R0W0-L1R0W0-L1R0W0,,,merged,optimized,5,3,5,1.98335,1.983425,1.982851,1.9844279999999999,0.0005430388568048854,0.6875992,0.0188348,1.276991,,,custom:libsad_search_dcff342f285260.so,/home/rzzhang/sad_merged/sad/build/libsad_search_dcff342f285260.so
2026-08-20T19:44:51.660054+00:00,20260820T190931,joint:rzz-hea:20:21050fb3b4020694,ok,,rzz-hea,20,8,float64,42,32,2,128,2,1,0.5,rotation,rotation,12,12,compact:L2R0W0-L2R0W0-L2R0W0-L2R0W0-L2R0W0-L2R0W0-L2R0W0-L2R0W0-L1R0W0-L1R0W0-L1R0W0-L1R0W0,compact:L2R0W0-L2R0W0-L2R0W0-L2R0W0-L2R0W0-L2R0W0-L2R0W0-L2R0W0-L1R0W0-L1R0W0-L1R0W0-L1R0W0,,,split,optimized,5,3,5,8.693813,8.6485346,8.46476,8.697925,0.09191122622748536,2.5750054,0.0994086,5.9741206,,,custom:libsad_search_0e4f539ceca897.so,/home/rzzhang/sad_merged/sad/build/libsad_search_0e4f539ceca897.so
2026-08-20T19:44:51.736730+00:00,20260820T190931,joint:rzz-hea:14:dd6483ae852dc9f4,ok,,rzz-hea,14,8,float64,42,32,2,32,2,2,0.0,rotation,rotation,2,2,compact:L5R2W0-L5R2W0,compact:L5R2W0-L5R2W0,,,merged,optimized,10,3,10,0.492523,0.4927122,0.491868,0.494555,0.0007232580175843248,0.15292440000000002,0.0190092,0.32077859999999997,,,custom:libsad_search_dcff342f285260.so,/home/rzzhang/sad_merged/sad/build/libsad_search_dcff342f285260.so
2026-08-20T19:44:51.749205+00:00,20260820T190931,joint:rzz-hea:8:3007b3daf07e2ad0,ok,,rzz-hea,8,8,float64,42,128,2,32,2,1,0.0,rotation,rotation,1,2,compact:L5R2W1,compact:L4R0W0-L4R0W0,,,merged,optimized,20,3,20,0.31716900000000003,0.3163728,0.309143,0.31873899999999994,0.0020572709981915346,0.09986855,0.01879645,0.19770780000000002,,,custom:libsad_search_5851e15f736f52.so,/home/rzzhang/sad_merged/sad/build/libsad_search_5851e15f736f52.so
2026-08-20T19:44:51.762878+00:00,20260820T190931,joint:rzz-hea:4:a4a7bfc086a9ea2d,ok,,rzz-hea,4,8,float64,42,128,2,32,2,2,0.25,rotation,rotation,2,2,compact:L2R0W0-L2R0W0,compact:L2R0W0-L2R0W0,,,merged,optimized,20,3,20,0.208857,0.20917270000000002,0.20749199999999998,0.21108900000000003,0.00107046112026547,0.06562165,0.01884775,0.1247033,,,custom:libsad_search_d014591f51543a.so,/home/rzzhang/sad_merged/sad/build/libsad_search_d014591f51543a.so
2026-08-20T19:44:51.773910+00:00,20260820T190931,joint:rzz-hea:16:49c565b556a6f801,ok,,rzz-hea,16,8,float64,42,128,2,128,2,1,0.25,rotation,rotation,6,6,compact:L3R0W0-L3R0W0-L3R0W0-L3R0W0-L2R0W0-L2R0W0,compact:L3R0W0-L3R0W0-L3R0W0-L3R0W0-L2R0W0-L2R0W0,,,merged,optimized,5,3,5,1.3506239999999998,1.3491376,1.3442420000000002,1.352234,0.0030714907520615377,0.3656974,0.0190156,0.9644246000000001,,,custom:libsad_search_8fbfac92ec4bef.so,/home/rzzhang/sad_merged/sad/build/libsad_search_8fbfac92ec4bef.so
2026-08-20T19:44:51.791651+00:00,20260820T190931,joint:rzz-hea:6:1edf304abebc5796,ok,,rzz-hea,6,8,float64,42,32,2,128,2,1,0.5,rotation,rotation,4,4,compact:L2R0W0-L2R0W0-L1R0W0-L1R0W0,compact:L2R0W0-L2R0W0-L1R0W0-L1R0W0,,,merged,optimized,20,3,20,0.377938,0.37811905,0.376751,0.37974499999999994,0.0008060861911110906,0.11577230000000001,0.01893655,0.24341020000000002,,,custom:libsad_search_2a8327787a9aac.so,/home/rzzhang/sad_merged/sad/build/libsad_search_2a8327787a9aac.so
2026-08-20T19:44:51.806646+00:00,20260820T190931,joint:rzz-hea:18:2c06eed2800a957f,ok,,rzz-hea,18,8,float64,42,32,2,32,2,2,1.0,rotation,rotation,18,18,compact:L1R0W0-L1R0W0-L1R0W0-L1R0W0-L1R0W0-L1R0W0-L1R0W0-L1R0W0-L1R0W0-L1R0W0-L1R0W0-L1R0W0-L1R0W0-L1R0W0-L1R0W0-L1R0W0-L1R0W0-L1R0W0,compact:L1R0W0-L1R0W0-L1R0W0-L1R0W0-L1R0W0-L1R0W0-L1R0W0-L1R0W0-L1R0W0-L1R0W0-L1R0W0-L1R0W0-L1R0W0-L1R0W0-L1R0W0-L1R0W0-L1R0W0-L1R0W0,,,merged,optimized,5,3,5,3.537108,3.5374500000000006,3.534723,3.539937,0.0021214467704846578,1.1163638,0.0353226,2.3857636,,,custom:libsad_search_dcff342f285260.so,/home/rzzhang/sad_merged/sad/build/libsad_search_dcff342f285260.so
2026-08-20T19:44:51.841807+00:00,20260820T190931,joint:rzz-hea:22:eb60729352f241dd,ok,,rzz-hea,22,8,float64,42,128,2,128,2,2,0.0,rotation,rotation,3,3,compact:L5R2W1-L5R2W0-L5R2W0,compact:L5R2W1-L5R2W0-L5R2W0,,,merged,optimized,3,3,3,31.175894999999997,31.236504999999998,31.125707000000002,31.407912999999997,0.12292337907276348,6.429385,0.392905,24.414215,,,custom:libsad_search_b969ada61d8a74.so,/home/rzzhang/sad_merged/sad/build/libsad_search_b969ada61d8a74.so
2026-08-20T19:44:52.038985+00:00,20260820T190931,joint:rzz-hea:18:955439b7a2de9f88,ok,,rzz-hea,18,8,float64,42,32,2,128,2,1,1.0,rotation,rotation,18,18,compact:L1R0W0-L1R0W0-L1R0W0-L1R0W0-L1R0W0-L1R0W0-L1R0W0-L1R0W0-L1R0W0-L1R0W0-L1R0W0-L1R0W0-L1R0W0-L1R0W0-L1R0W0-L1R0W0-L1R0W0-L1R0W0,compact:L1R0W0-L1R0W0-L1R0W0-L1R0W0-L1R0W0-L1R0W0-L1R0W0-L1R0W0-L1R0W0-L1R0W0-L1R0W0-L1R0W0-L1R0W0-L1R0W0-L1R0W0-L1R0W0-L1R0W0-L1R0W0,,,split,optimized,5,3,5,3.6136340000000002,3.637457,3.604445,3.74063,0.052000913003523205,1.2073022,0.0356026,2.3945522,,,custom:libsad_search_0e4f539ceca897.so,/home/rzzhang/sad_merged/sad/build/libsad_search_0e4f539ceca897.so
2026-08-20T19:44:52.074863+00:00,20260820T190931,joint:rzz-hea:28:c782f62965c46c1e,ok,,rzz-hea,28,8,float64,42,128,2,32,2,1,0.0,rotation,rotation,4,4,compact:L5R2W0-L5R2W0-L5R2W0-L5R2W0,compact:L5R2W0-L5R2W0-L5R2W0-L5R2W0,,,split,optimized,2,3,2,2754.5892269999995,2754.5892269999995,2751.7744839999996,2757.40397,2.814743000000135,741.228387,84.9399775,1928.4208624999999,,,custom:libsad_search_7259903b8346c4.so,/home/rzzhang/sad_merged/sad/build/libsad_search_7259903b8346c4.so
2026-08-20T19:45:05.859647+00:00,20260820T190931,joint:rzz-hea:20:9816bcd6b1ceafc4,ok,,rzz-hea,20,8,float64,42,128,2,128,2,1,0.5,rotation,rotation,12,12,compact:L2R0W0-L2R0W0-L2R0W0-L2R0W0-L2R0W0-L2R0W0-L2R0W0-L2R0W0-L1R0W0-L1R0W0-L1R0W0-L1R0W0,compact:L2R0W0-L2R0W0-L2R0W0-L2R0W0-L2R0W0-L2R0W0-L2R0W0-L2R0W0-L1R0W0-L1R0W0-L1R0W0-L1R0W0,,,split,optimized,5,3,5,8.721516000000001,8.6828914,8.595172,8.731722000000001,0.05675035025654071,2.5173986000000004,0.10134779999999999,6.064145,,,custom:libsad_search_9361435758c99d.so,/home/rzzhang/sad_merged/sad/build/libsad_search_9361435758c99d.so
2026-08-20T19:45:05.953078+00:00,20260820T190931,joint:rzz-hea:8:2e814348639dc614,ok,,rzz-hea,8,8,float64,42,32,2,32,2,1,0.5,rotation,rotation,5,5,compact:L2R0W0-L2R0W0-L2R0W0-L1R0W0-L1R0W0,compact:L2R0W0-L2R0W0-L2R0W0-L1R0W0-L1R0W0,,,merged,optimized,20,3,20,0.4812075,0.48015515,0.475662,0.48245000000000005,0.002299250101119935,0.18394945000000001,0.0189083,0.27729739999999997,,,custom:libsad_search_f9cdaf042a7bd6.so,/home/rzzhang/sad_merged/sad/build/libsad_search_f9cdaf042a7bd6.so
2026-08-20T19:45:05.975837+00:00,20260820T190931,joint:rzz-hea:16:b5b8d507edd09702,ok,,rzz-hea,16,8,float64,42,32,2,128,2,1,0.0,rotation,rotation,3,2,compact:L5R1W0-L5R0W0-L5R0W0,compact:L5R2W1-L5R2W1,,,split,optimized,5,3,5,0.929652,0.9293172000000001,0.9287059999999999,0.929723,0.0004522182658849765,0.2490336,0.0194356,0.660848,,,custom:libsad_search_0e4f539ceca897.so,/home/rzzhang/sad_merged/sad/build/libsad_search_0e4f539ceca897.so
2026-08-20T19:45:06.000250+00:00,20260820T190931,joint:rzz-hea:24:ecb762f1ca01eacf,ok,,rzz-hea,24,8,float64,42,64,2,64,2,1,0.5,rotation,rotation,14,14,compact:L2R0W0-L2R0W0-L2R0W0-L2R0W0-L2R0W0-L2R0W0-L2R0W0-L2R0W0-L2R0W0-L2R0W0-L1R0W0-L1R0W0-L1R0W0-L1R0W0,compact:L2R0W0-L2R0W0-L2R0W0-L2R0W0-L2R0W0-L2R0W0-L2R0W0-L2R0W0-L2R0W0-L2R0W0-L1R0W0-L1R0W0-L1R0W0-L1R0W0,,,split,optimized,3,3,3,267.310922,267.13894566666664,266.585495,267.52042,0.4005854742967645,83.456152,1.7952216666666665,181.88757200000003,,,custom:libsad_search_7ec063ebc99501.so,/home/rzzhang/sad_merged/sad/build/libsad_search_7ec063ebc99501.so
2026-08-20T19:45:07.633889+00:00,20260820T190931,joint:rzz-hea:22:2bf9c50292eaab79,ok,,rzz-hea,22,8,float64,42,32,2,128,2,1,0.5,rotation,rotation,13,12,compact:L2R0W0-L2R0W0-L2R0W0-L2R0W0-L2R0W0-L2R0W0-L2R0W0-L2R0W0-L2R0W0-L1R0W0-L1R0W0-L1R0W0-L1R0W0,compact:L2R0W0-L2R0W0-L2R0W0-L2R0W0-L2R0W0-L2R0W0-L2R0W0-L2R0W0-L2R0W0-L2R0W0-L1R0W0-L1R0W0,,,split,optimized,3,3,3,51.626369000000004,51.61778866666666,51.572957,51.65404,0.0336534278821968,10.792252666666666,0.441767,40.38376900000001,,,custom:libsad_search_0e4f539ceca897.so,/home/rzzhang/sad_merged/sad/build/libsad_search_0e4f539ceca897.so
2026-08-20T19:45:07.959293+00:00,20260820T190931,joint:rzz-hea:28:de4db05f0b1d9c67,ok,,rzz-hea,28,8,float64,42,128,2,128,2,1,0.0,rotation,rotation,4,4,compact:L5R2W0-L5R2W0-L5R2W0-L5R2W0,compact:L5R2W0-L5R2W0-L5R2W0-L5R2W0,,,split,optimized,2,3,2,2797.7052715,2797.7052715,2796.556774,2798.853769,1.1484974999998485,747.4017170000001,85.95660899999999,1964.3469455,,,custom:libsad_search_9361435758c99d.so,/home/rzzhang/sad_merged/sad/build/libsad_search_9361435758c99d.so
2026-08-20T19:45:21.967979+00:00,20260820T190931,joint:rzz-hea:10:63e0c84129ed81a5,ok,,rzz-hea,10,8,float64,42,32,2,32,2,2,0.75,rotation,rotation,8,8,compact:L2R0W0-L2R0W0-L1R0W0-L1R0W0-L1R0W0-L1R0W0-L1R0W0-L1R0W0,compact:L2R0W0-L2R0W0-L1R0W0-L1R0W0-L1R0W0-L1R0W0-L1R0W0-L1R0W0,,,merged,optimized,10,3,10,0.7194395,0.7194043999999999,0.7177060000000001,0.722917,0.0014592063733413498,0.2908451,0.0192484,0.4093109,,,custom:libsad_search_dcff342f285260.so,/home/rzzhang/sad_merged/sad/build/libsad_search_dcff342f285260.so
2026-08-20T19:45:21.988639+00:00,20260820T190931,joint:rzz-hea:16:f1275ef78f1473f1,ok,,rzz-hea,16,8,float64,42,128,2,128,2,1,0.0,rotation,rotation,2,2,compact:L5R2W1-L5R2W1,compact:L5R2W1-L5R2W1,,,merged,optimized,5,3,5,1.032147,1.0335926,1.031102,1.041168,0.003820624849419323,0.21740079999999998,0.018767,0.7974247999999999,,,custom:libsad_search_8fbfac92ec4bef.so,/home/rzzhang/sad_merged/sad/build/libsad_search_8fbfac92ec4bef.so
2026-08-20T19:45:22.012983+00:00,20260820T190931,joint:rzz-hea:14:e21f9289885bdbf7,ok,,rzz-hea,14,8,float64,42,128,2,32,2,1,1.0,rotation,rotation,14,14,compact:L1R0W0-L1R0W0-L1R0W0-L1R0W0-L1R0W0-L1R0W0-L1R0W0-L1R0W0-L1R0W0-L1R0W0-L1R0W0-L1R0W0-L1R0W0-L1R0W0,compact:L1R0W0-L1R0W0-L1R0W0-L1R0W0-L1R0W0-L1R0W0-L1R0W0-L1R0W0-L1R0W0-L1R0W0-L1R0W0-L1R0W0-L1R0W0-L1R0W0,,,merged,optimized,10,3,10,1.34503,1.3475557,1.344199,1.353011,0.003729984129993132,0.6098964,0.0189583,0.718701,,,custom:libsad_search_5851e15f736f52.so,/home/rzzhang/sad_merged/sad/build/libsad_search_5851e15f736f52.so
2026-08-20T19:45:22.043295+00:00,20260820T190931,joint:rzz-hea:14:e39b9ceaae781a1d,ok,,rzz-hea,14,8,float64,42,32,2,128,2,1,0.5,rotation,rotation,8,8,compact:L2R0W0-L2R0W0-L2R0W0-L2R0W0-L2R0W0-L2R0W0-L1R0W0-L1R0W0,compact:L2R0W0-L2R0W0-L2R0W0-L2R0W0-L2R0W0-L2R0W0-L1R0W0-L1R0W0,,,merged,optimized,10,3,10,1.0116114999999999,1.0098329,1.004936,1.012646,0.002995824976529838,0.3320905,0.0189708,0.6587716,,,custom:libsad_search_2a8327787a9aac.so,/home/rzzhang/sad_merged/sad/build/libsad_search_2a8327787a9aac.so
2026-08-20T19:45:22.068865+00:00,20260820T190931,joint:rzz-hea:18:e24799e1977bead0,ok,,rzz-hea,18,8,float64,42,32,2,128,2,1,0.5,rotation,rotation,10,10,compact:L2R0W0-L2R0W0-L2R0W0-L2R0W0-L2R0W0-L2R0W0-L2R0W0-L2R0W0-L1R0W0-L1R0W0,compact:L2R0W0-L2R0W0-L2R0W0-L2R0W0-L2R0W0-L2R0W0-L2R0W0-L2R0W0-L1R0W0-L1R0W0,,,split,optimized,5,3,5,2.857812,2.8581134,2.8538270000000003,2.862042,0.003085244534878929,0.85713,0.035466399999999995,1.965517,,,custom:libsad_search_0e4f539ceca897.so,/home/rzzhang/sad_merged/sad/build/libsad_search_0e4f539ceca897.so
2026-08-20T19:45:22.112077+00:00,20260820T190931,joint:rzz-hea:24:2b670b0eda4f4630,ok,,rzz-hea,24,8,float64,42,32,2,128,2,2,0.0,rotation,rotation,4,3,compact:L5R1W0-L5R1W0-L5R1W0-L5R1W0,compact:L5R2W1-L5R2W1-L5R2W1,,,split,optimized,3,3,3,145.888339,145.92386666666667,145.69964399999998,146.183617,0.19917183118493056,37.487231666666666,1.8473456666666666,106.58928933333334,,,custom:libsad_search_2a0e4369743c84.so,/home/rzzhang/sad_merged/sad/build/libsad_search_2a0e4369743c84.so
2026-08-20T19:45:23.011791+00:00,20260820T190931,joint:rzz-hea:22:0f2783f1c42f413a,ok,,rzz-hea,22,8,float64,42,64,2,64,2,1,1.0,rotation,rotation,22,22,compact:L1R0W0-L1R0W0-L1R0W0-L1R0W0-L1R0W0-L1R0W0-L1R0W0-L1R0W0-L1R0W0-L1R0W0-L1R0W0-L1R0W0-L1R0W0-L1R0W0-L1R0W0-L1R0W0-L1R0W0-L1R0W0-L1R0W0-L1R0W0-L1R0W0-L1R0W0,compact:L1R0W0-L1R0W0-L1R0W0-L1R0W0-L1R0W0-L1R0W0-L1R0W0-L1R0W0-L1R0W0-L1R0W0-L1R0W0-L1R0W0-L1R0W0-L1R0W0-L1R0W0-L1R0W0-L1R0W0-L1R0W0-L1R0W0-L1R0W0-L1R0W0-L1R0W0,,,split,optimized,3,3,3,80.73898600000001,80.74511033333334,80.725468,80.770877,0.01903724269833746,12.686356666666667,0.422961,67.63579266666667,,,custom:libsad_search_7ec063ebc99501.so,/home/rzzhang/sad_merged/sad/build/libsad_search_7ec063ebc99501.so
2026-08-20T19:45:23.513201+00:00,20260820T190931,joint:rzz-hea:8:d529d8df6bb2a5dc,ok,,rzz-hea,8,8,float64,42,128,2,32,2,2,0.0,rotation,rotation,1,2,compact:L5R2W1,compact:L4R0W0-L4R0W0,,,split,optimized,20,3,20,0.42082300000000006,0.42077850000000006,0.412898,0.433278,0.0037118094441929506,0.12634045,0.0188915,0.27554655,,,custom:libsad_search_3b115211f38255.so,/home/rzzhang/sad_merged/sad/build/libsad_search_3b115211f38255.so
2026-08-20T19:45:23.529455+00:00,20260820T190931,joint:rzz-hea:8:01694cf94a8d9797,ok,,rzz-hea,8,8,float64,42,64,2,64,2,1,0.0,legacy,legacy,0,0,,,,,not_applicable,legacy-generic,20,3,20,0.3727174999999999,0.3731557,0.371522,0.37579599999999996,0.0009925869785565352,0.1215764,0.0187203,0.23285900000000004,,,custom:libsad_search_5a6ce94d125b8e.so,/home/rzzhang/sad_merged/sad/build/libsad_search_5a6ce94d125b8e.so
2026-08-20T19:45:23.544469+00:00,20260820T190931,joint:rzz-hea:4:1d00356894a7f535,ok,,rzz-hea,4,8,float64,42,32,2,32,2,1,0.0,rotation,rotation,1,1,compact:L4R0W0,compact:L4R0W0,,,merged,optimized,20,3,20,0.1668705,0.1670196,0.16569099999999998,0.17096599999999998,0.001372149459789274,0.042005,0.01884105,0.10617355,,,custom:libsad_search_f9cdaf042a7bd6.so,/home/rzzhang/sad_merged/sad/build/libsad_search_f9cdaf042a7bd6.so
2026-08-20T19:45:23.554716+00:00,20260820T190931,joint:rzz-hea:14:dd6cb54144fb81bd,ok,,rzz-hea,14,8,float64,42,64,2,64,2,1,1.0,rotation,rotation,14,14,compact:L1R0W0-L1R0W0-L1R0W0-L1R0W0-L1R0W0-L1R0W0-L1R0W0-L1R0W0-L1R0W0-L1R0W0-L1R0W0-L1R0W0-L1R0W0-L1R0W0,compact:L1R0W0-L1R0W0-L1R0W0-L1R0W0-L1R0W0-L1R0W0-L1R0W0-L1R0W0-L1R0W0-L1R0W0-L1R0W0-L1R0W0-L1R0W0-L1R0W0,,,merged,optimized,10,3,10,1.3271015,1.3264513,1.3209670000000002,1.3292030000000001,0.002448189496342093,0.5417883,0.0188017,0.7658613,,,custom:libsad_search_7e5293342e215a.so,/home/rzzhang/sad_merged/sad/build/libsad_search_7e5293342e215a.so
2026-08-20T19:45:23.578198+00:00,20260820T190931,joint:rzz-hea:10:5fc52b413e1c8cc0,ok,,rzz-hea,10,8,float64,42,32,2,32,2,1,0.0,legacy,legacy,0,0,,,,,not_applicable,legacy-generic,10,3,10,0.449565,0.4495817,0.447479,0.452424,0.0013366767784322388,0.1550139,0.019044600000000002,0.27552319999999997,,,custom:libsad_search_06042376d3c545.so,/home/rzzhang/sad_merged/sad/build/libsad_search_06042376d3c545.so
2026-08-20T19:45:23.590350+00:00,20260820T190931,joint:rzz-hea:8:3c4bd153d21a209f,ok,,rzz-hea,8,8,float64,42,128,2,32,2,2,1.0,rotation,rotation,8,8,compact:L1R0W0-L1R0W0-L1R0W0-L1R0W0-L1R0W0-L1R0W0-L1R0W0-L1R0W0,compact:L1R0W0-L1R0W0-L1R0W0-L1R0W0-L1R0W0-L1R0W0-L1R0W0-L1R0W0,,,merged,optimized,20,3,20,0.6312715,0.6323828,0.6278080000000001,0.637208,0.0035837837769597636,0.26615655,0.018748,0.34747825,,,custom:libsad_search_d014591f51543a.so,/home/rzzhang/sad_merged/sad/build/libsad_search_d014591f51543a.so
2026-08-20T19:45:23.611624+00:00,20260820T190931,joint:rzz-hea:14:96432cb23fa22461,ok,,rzz-hea,14,8,float64,42,128,2,128,2,1,1.0,rotation,rotation,14,14,compact:L1R0W0-L1R0W0-L1R0W0-L1R0W0-L1R0W0-L1R0W0-L1R0W0-L1R0W0-L1R0W0-L1R0W0-L1R0W0-L1R0W0-L1R0W0-L1R0W0,compact:L1R0W0-L1R0W0-L1R0W0-L1R0W0-L1R0W0-L1R0W0-L1R0W0-L1R0W0-L1R0W0-L1R0W0-L1R0W0-L1R0W0-L1R0W0-L1R0W0,,,split,optimized,10,3,10,1.5410925,1.5410659,1.536015,1.545176,0.002316590315528461,0.5954644,0.0191906,0.9264109,,,custom:libsad_search_9361435758c99d.so,/home/rzzhang/sad_merged/sad/build/libsad_search_9361435758c99d.so
2026-08-20T19:45:23.638352+00:00,20260820T190931,joint:rzz-hea:16:e046dc722b7408d1,ok,,rzz-hea,16,8,float64,42,32,2,32,2,1,0.0,rotation,rotation,3,3,compact:L5R1W0-L5R0W0-L5R0W0,compact:L5R1W0-L5R0W0-L5R0W0,,,merged,optimized,5,3,5,1.0474379999999999,1.0454269999999999,1.037606,1.0485259999999998,0.004101512599029734,0.23817460000000001,0.0189766,0.7882758,,,custom:libsad_search_f9cdaf042a7bd6.so,/home/rzzhang/sad_merged/sad/build/libsad_search_f9cdaf042a7bd6.so
2026-08-20T19:45:23.653299+00:00,20260820T190931,joint:rzz-hea:28:30a243c0112db88f,ok,,rzz-hea,28,8,float64,42,128,2,32,2,2,0.75,rotation,rotation,22,22,compact:L2R0W0-L2R0W0-L2R0W0-L2R0W0-L2R0W0-L2R0W0-L1R0W0-L1R0W0-L1R0W0-L1R0W0-L1R0W0-L1R0W0-L1R0W0-L1R0W0-L1R0W0-L1R0W0-L1R0W0-L1R0W0-L1R0W0-L1R0W0-L1R0W0-L1R0W0,compact:L2R0W0-L2R0W0-L2R0W0-L2R0W0-L2R0W0-L2R0W0-L1R0W0-L1R0W0-L1R0W0-L1R0W0-L1R0W0-L1R0W0-L1R0W0-L1R0W0-L1R0W0-L1R0W0-L1R0W0-L1R0W0-L1R0W0-L1R0W0-L1R0W0-L1R0W0,,,split,optimized,2,3,2,6287.5446885,6287.5446885,6277.348236,6297.7411409999995,10.19645249999985,1924.0303860000001,87.292477,4276.221825500001,,,custom:libsad_search_3b115211f38255.so,/home/rzzhang/sad_merged/sad/build/libsad_search_3b115211f38255.so
2026-08-20T19:45:55.125745+00:00,20260820T190931,joint:rzz-hea:18:aa0ab2c9fe358693,ok,,rzz-hea,18,8,float64,42,64,2,64,2,2,0.5,rotation,rotation,10,10,compact:L2R0W0-L2R0W0-L2R0W0-L2R0W0-L2R0W0-L2R0W0-L2R0W0-L2R0W0-L1R0W0-L1R0W0,compact:L2R0W0-L2R0W0-L2R0W0-L2R0W0-L2R0W0-L2R0W0-L2R0W0-L2R0W0-L1R0W0-L1R0W0,,,split,optimized,5,3,5,3.00745,2.9873386,2.8926410000000002,3.0165979999999997,0.047504507439189214,0.9532198,0.035434,1.9986848,,,custom:libsad_search_20c37ff249ec0a.so,/home/rzzhang/sad_merged/sad/build/libsad_search_20c37ff249ec0a.so
2026-08-20T19:45:55.171390+00:00,20260820T190931,joint:rzz-hea:16:f6b8707fbc756fd4,ok,,rzz-hea,16,8,float64,42,32,2,128,2,2,0.0,rotation,rotation,3,2,compact:L5R1W0-L5R0W0-L5R0W0,compact:L5R2W1-L5R2W1,,,split,optimized,5,3,5,0.929624,0.9293726,0.9287049999999999,0.9299670000000001,0.0005092530215914777,0.2498628,0.019084000000000004,0.6604258000000001,,,custom:libsad_search_2a0e4369743c84.so,/home/rzzhang/sad_merged/sad/build/libsad_search_2a0e4369743c84.so
2026-08-20T19:45:55.195281+00:00,20260820T190931,joint:rzz-hea:24:3f81da32f2701f4d,ok,,rzz-hea,24,8,float64,42,128,2,32,2,1,0.0,rotation,rotation,3,4,compact:L5R2W1-L5R2W1-L5R2W1,compact:L5R1W0-L5R1W0-L5R1W0-L5R1W0,,,split,optimized,3,3,3,142.243808,143.18732233333333,142.050392,145.267767,1.473214160842505,38.269875,1.8182846666666668,103.09916266666667,,,custom:libsad_search_7259903b8346c4.so,/home/rzzhang/sad_merged/sad/build/libsad_search_7259903b8346c4.so
2026-08-20T19:45:56.078235+00:00,20260820T190931,joint:rzz-hea:22:8089413c994a194b,ok,,rzz-hea,22,8,float64,42,128,2,32,2,1,0.0,rotation,rotation,3,4,compact:L5R2W1-L5R2W0-L5R2W0,compact:L5R1W0-L5R1W0-L5R0W0-L5R0W0,,,split,optimized,3,3,3,33.339672,33.39483366666667,33.301546,33.543283,0.10611723515161114,8.175459666666667,0.42269066666666666,24.796683333333334,,,custom:libsad_search_7259903b8346c4.so,/home/rzzhang/sad_merged/sad/build/libsad_search_7259903b8346c4.so
2026-08-20T19:45:56.297054+00:00,20260820T190931,joint:rzz-hea:12:f65df5a3908fbbc0,ok,,rzz-hea,12,8,float64,42,32,2,32,2,2,0.5,rotation,rotation,7,7,compact:L2R0W0-L2R0W0-L2R0W0-L2R0W0-L2R0W0-L1R0W0-L1R0W0,compact:L2R0W0-L2R0W0-L2R0W0-L2R0W0-L2R0W0-L1R0W0-L1R0W0,,,merged,optimized,10,3,10,0.7910514999999999,0.7913167,0.7884990000000001,0.795371,0.0016810806078234421,0.30887580000000003,0.0189561,0.4634848,,,custom:libsad_search_dcff342f285260.so,/home/rzzhang/sad_merged/sad/build/libsad_search_dcff342f285260.so
2026-08-20T19:45:56.314303+00:00,20260820T190931,joint:rzz-hea:6:60258a208aa8e3f8,ok,,rzz-hea,6,8,float64,42,128,2,32,2,2,0.5,rotation,rotation,4,4,compact:L2R0W0-L2R0W0-L1R0W0-L1R0W0,compact:L2R0W0-L2R0W0-L1R0W0-L1R0W0,,,split,optimized,20,3,20,0.4012305,0.40126555,0.3992069999999999,0.40569299999999997,0.0013833033461609202,0.15024344999999997,0.01886165,0.23216045,,,custom:libsad_search_3b115211f38255.so,/home/rzzhang/sad_merged/sad/build/libsad_search_3b115211f38255.so
2026-08-20T19:45:56.329749+00:00,20260820T190931,joint:rzz-hea:22:0b071f88827c72f2,ok,,rzz-hea,22,8,float64,42,128,2,128,2,1,0.5,rotation,rotation,12,12,compact:L2R0W0-L2R0W0-L2R0W0-L2R0W0-L2R0W0-L2R0W0-L2R0W0-L2R0W0-L2R0W0-L2R0W0-L1R0W0-L1R0W0,compact:L2R0W0-L2R0W0-L2R0W0-L2R0W0-L2R0W0-L2R0W0-L2R0W0-L2R0W0-L2R0W0-L2R0W0-L1R0W0-L1R0W0,,,merged,optimized,3,3,3,49.75625,49.74161266666667,49.538209,49.930378999999995,0.16043693645860152,8.094501000000001,0.41440466666666664,41.232707,,,custom:libsad_search_8fbfac92ec4bef.so,/home/rzzhang/sad_merged/sad/build/libsad_search_8fbfac92ec4bef.so
2026-08-20T19:45:56.638626+00:00,20260820T190931,joint:rzz-hea:14:68167303faffee71,ok,,rzz-hea,14,8,float64,42,128,2,128,2,2,0.0,rotation,rotation,2,2,compact:L5R2W0-L5R2W0,compact:L5R2W0-L5R2W0,,,merged,optimized,10,3,10,0.687128,0.6873745,0.6869949999999999,0.688197,0.00045448525828677144,0.20850470000000002,0.018850099999999998,0.46001970000000003,,,custom:libsad_search_b969ada61d8a74.so,/home/rzzhang/sad_merged/sad/build/libsad_search_b969ada61d8a74.so
2026-08-20T19:45:56.654196+00:00,20260820T190931,joint:rzz-hea:8:92f0a77010c71a58,ok,,rzz-hea,8,8,float64,42,128,2,32,2,1,0.75,rotation,rotation,6,6,compact:L2R0W0-L2R0W0-L1R0W0-L1R0W0-L1R0W0-L1R0W0,compact:L2R0W0-L2R0W0-L1R0W0-L1R0W0-L1R0W0-L1R0W0,,,merged,optimized,20,3,20,0.5498065,0.5495895,0.544758,0.551986,0.0013671094872028471,0.22493775000000002,0.01899405,0.3056577,,,custom:libsad_search_5851e15f736f52.so,/home/rzzhang/sad_merged/sad/build/libsad_search_5851e15f736f52.so
2026-08-20T19:45:56.673345+00:00,20260820T190931,joint:rzz-hea:16:26920d45d5b6323e,ok,,rzz-hea,16,8,float64,42,128,2,32,2,2,0.0,rotation,rotation,2,3,compact:L5R2W1-L5R2W1,compact:L5R1W0-L5R0W0-L5R0W0,,,split,optimized,5,3,5,0.894027,0.8944894000000001,0.893607,0.8959750000000001,0.0008556416539650378,0.22060120000000003,0.019213800000000003,0.6546744,,,custom:libsad_search_3b115211f38255.so,/home/rzzhang/sad_merged/sad/build/libsad_search_3b115211f38255.so
2026-08-20T19:45:56.687137+00:00,20260820T190931,joint:rzz-hea:10:24feec710d39bb93,ok,,rzz-hea,10,8,float64,42,128,2,32,2,1,1.0,rotation,rotation,10,10,compact:L1R0W0-L1R0W0-L1R0W0-L1R0W0-L1R0W0-L1R0W0-L1R0W0-L1R0W0-L1R0W0-L1R0W0,compact:L1R0W0-L1R0W0-L1R0W0-L1R0W0-L1R0W0-L1R0W0-L1R0W0-L1R0W0-L1R0W0-L1R0W0,,,split,optimized,10,3,10,0.8918900000000001,0.8900897999999999,0.8849420000000001,0.893537,0.0032026666014432215,0.3749111,0.0189748,0.4962038999999999,,,custom:libsad_search_7259903b8346c4.so,/home/rzzhang/sad_merged/sad/build/libsad_search_7259903b8346c4.so
2026-08-20T19:45:56.704976+00:00,20260820T190931,joint:rzz-hea:28:1e6add82525bbe9c,ok,,rzz-hea,28,8,float64,42,64,2,64,2,1,0.25,rotation,rotation,10,10,compact:L3R0W0-L3R0W0-L3R0W0-L3R0W0-L3R0W0-L3R0W0-L3R0W0-L3R0W0-L2R0W0-L2R0W0,compact:L3R0W0-L3R0W0-L3R0W0-L3R0W0-L3R0W0-L3R0W0-L3R0W0-L3R0W0-L2R0W0-L2R0W0,,,split,optimized,2,3,2,3496.0435945,3496.0435945,3495.8445649999994,3496.242624,0.19902950000027886,1060.0016015,85.40178900000001,2350.6402040000003,,,custom:libsad_search_7ec063ebc99501.so,/home/rzzhang/sad_merged/sad/build/libsad_search_7ec063ebc99501.so
2026-08-20T19:46:14.195886+00:00,20260820T190931,joint:rzz-hea:24:2da53ffc33e61387,ok,,rzz-hea,24,8,float64,42,64,2,64,2,2,0.0,rotation,rotation,3,3,compact:L5R2W1-L5R2W1-L5R2W1,compact:L5R2W1-L5R2W1-L5R2W1,,,split,optimized,3,3,3,141.983943,141.97535233333335,141.924477,142.017637,0.038514465380632884,36.99771133333333,1.8228529999999998,103.154788,,,custom:libsad_search_20c37ff249ec0a.so,/home/rzzhang/sad_merged/sad/build/libsad_search_20c37ff249ec0a.so
2026-08-20T19:46:15.077696+00:00,20260820T190931,joint:rzz-hea:22:97001bb170c2d521,ok,,rzz-hea,22,8,float64,42,64,2,64,2,2,0.75,rotation,rotation,17,17,compact:L2R0W0-L2R0W0-L2R0W0-L2R0W0-L2R0W0-L1R0W0-L1R0W0-L1R0W0-L1R0W0-L1R0W0-L1R0W0-L1R0W0-L1R0W0-L1R0W0-L1R0W0-L1R0W0-L1R0W0,compact:L2R0W0-L2R0W0-L2R0W0-L2R0W0-L2R0W0-L1R0W0-L1R0W0-L1R0W0-L1R0W0-L1R0W0-L1R0W0-L1R0W0-L1R0W0-L1R0W0-L1R0W0-L1R0W0-L1R0W0,,,merged,optimized,3,3,3,65.74651300000001,65.722831,65.55462700000001,65.86735300000001,0.12876338923777883,9.757211666666667,0.41199700000000006,55.55362233333333,,,custom:libsad_search_97eec9f2a848ec.so,/home/rzzhang/sad_merged/sad/build/libsad_search_97eec9f2a848ec.so
2026-08-20T19:46:15.489713+00:00,20260820T190931,joint:rzz-hea:10:3a91f84be2a69358,ok,,rzz-hea,10,8,float64,42,32,2,32,2,1,0.0,rotation,rotation,2,2,compact:L5R0W0-L5R0W0,compact:L5R0W0-L5R0W0,,,split,optimized,10,3,10,0.46981700000000004,0.47108730000000004,0.46786500000000003,0.476229,0.003065607510755435,0.1492682,0.0188376,0.30298149999999996,,,custom:libsad_search_3cb67c7e18cc99.so,/home/rzzhang/sad_merged/sad/build/libsad_search_3cb67c7e18cc99.so
2026-08-20T19:46:15.502363+00:00,20260820T190931,joint:rzz-hea:12:4c2044d0c8458479,ok,,rzz-hea,12,8,float64,42,128,2,32,2,2,1.0,rotation,rotation,12,12,compact:L1R0W0-L1R0W0-L1R0W0-L1R0W0-L1R0W0-L1R0W0-L1R0W0-L1R0W0-L1R0W0-L1R0W0-L1R0W0-L1R0W0,compact:L1R0W0-L1R0W0-L1R0W0-L1R0W0-L1R0W0-L1R0W0-L1R0W0-L1R0W0-L1R0W0-L1R0W0-L1R0W0-L1R0W0,,,split,optimized,10,3,10,1.1351225,1.1527771000000002,1.134438,1.220258,0.0318936480084985,0.4994428000000001,0.0188717,0.6344626,,,custom:libsad_search_3b115211f38255.so,/home/rzzhang/sad_merged/sad/build/libsad_search_3b115211f38255.so
2026-08-20T19:46:15.524181+00:00,20260820T190931,joint:rzz-hea:8:ed166270468d6d37,ok,,rzz-hea,8,8,float64,42,128,2,32,2,1,1.0,rotation,rotation,8,8,compact:L1R0W0-L1R0W0-L1R0W0-L1R0W0-L1R0W0-L1R0W0-L1R0W0-L1R0W0,compact:L1R0W0-L1R0W0-L1R0W0-L1R0W0-L1R0W0-L1R0W0-L1R0W0-L1R0W0,,,split,optimized,20,3,20,0.6831969999999999,0.6864477499999999,0.6808040000000001,0.698469,0.005774640715014213,0.27712764999999995,0.0188455,0.3904746,,,custom:libsad_search_7259903b8346c4.so,/home/rzzhang/sad_merged/sad/build/libsad_search_7259903b8346c4.so
2026-08-20T19:46:15.546185+00:00,20260820T190931,joint:rzz-hea:18:6e38e649960eee4e,ok,,rzz-hea,18,8,float64,42,32,2,32,2,2,0.0,rotation,rotation,3,3,compact:L5R1W0-L5R1W0-L5R1W0,compact:L5R1W0-L5R1W0-L5R1W0,,,merged,optimized,5,3,5,2.2823230000000003,2.2821788,2.274461,2.28978,0.004847660318132822,0.49860620000000005,0.035612000000000005,1.7479606000000003,,,custom:libsad_search_dcff342f285260.so,/home/rzzhang/sad_merged/sad/build/libsad_search_dcff342f285260.so
2026-08-20T19:46:15.571838+00:00,20260820T190931,joint:rzz-hea:6:a2777869d26b15de,ok,,rzz-hea,6,8,float64,42,64,2,64,2,2,0.0,rotation,rotation,1,1,compact:L5R1W0,compact:L5R1W0,,,merged,optimized,20,3,20,0.223186,0.2232408,0.216086,0.23365000000000002,0.002905837583210738,0.057934599999999996,0.018942000000000004,0.1463642,,,custom:libsad_search_97eec9f2a848ec.so,/home/rzzhang/sad_merged/sad/build/libsad_search_97eec9f2a848ec.so
2026-08-20T19:46:15.582971+00:00,20260820T190931,joint:rzz-hea:16:92a57441897759a6,ok,,rzz-hea,16,8,float64,42,128,2,128,2,1,0.5,rotation,rotation,9,9,compact:L2R0W0-L2R0W0-L2R0W0-L2R0W0-L2R0W0-L2R0W0-L2R0W0-L1R0W0-L1R0W0,compact:L2R0W0-L2R0W0-L2R0W0-L2R0W0-L2R0W0-L2R0W0-L2R0W0-L1R0W0-L1R0W0,,,split,optimized,5,3,5,1.46129,1.462212,1.461096,1.464325,0.001311894965307867,0.4807972,0.0191092,0.9623056,,,custom:libsad_search_9361435758c99d.so,/home/rzzhang/sad_merged/sad/build/libsad_search_9361435758c99d.so
2026-08-20T19:46:15.601575+00:00,20260820T190931,joint:rzz-hea:20:968c747a8b75d1e1,ok,,rzz-hea,20,8,float64,42,128,2,32,2,2,0.25,rotation,rotation,7,7,compact:L3R0W0-L3R0W0-L3R0W0-L3R0W0-L3R0W0-L3R0W0-L2R0W0,compact:L3R0W0-L3R0W0-L3R0W0-L3R0W0-L3R0W0-L3R0W0-L2R0W0,,,split,optimized,5,3,5,7.4506440000000005,7.476201999999999,7.435276999999999,7.536541999999999,0.04067860598889767,2.0615766,0.09896880000000001,5.3156566000000005,,,custom:libsad_search_3b115211f38255.so,/home/rzzhang/sad_merged/sad/build/libsad_search_3b115211f38255.so
2026-08-20T19:46:15.669106+00:00,20260820T190931,joint:rzz-hea:28:577a9ceae9bd2c9f,ok,,rzz-hea,28,8,float64,42,128,2,128,2,1,0.5,rotation,rotation,16,16,compact:L2R0W0-L2R0W0-L2R0W0-L2R0W0-L2R0W0-L2R0W0-L2R0W0-L2R0W0-L2R0W0-L2R0W0-L2R0W0-L2R0W0-L1R0W0-L1R0W0-L1R0W0-L1R0W0,compact:L2R0W0-L2R0W0-L2R0W0-L2R0W0-L2R0W0-L2R0W0-L2R0W0-L2R0W0-L2R0W0-L2R0W0-L2R0W0-L2R0W0-L1R0W0-L1R0W0-L1R0W0-L1R0W0,,,merged,optimized,2,3,2,4727.5725305,4727.5725305,4727.465428,4727.679633,0.10710249999965527,1305.678043,84.8015675,3337.09292,,,custom:libsad_search_8fbfac92ec4bef.so,/home/rzzhang/sad_merged/sad/build/libsad_search_8fbfac92ec4bef.so
2026-08-20T19:46:39.336333+00:00,20260820T190931,joint:rzz-hea:26:3151d7813d55fce4,ok,,rzz-hea,26,8,float64,42,64,2,64,2,2,0.75,rotation,rotation,20,20,compact:L2R0W0-L2R0W0-L2R0W0-L2R0W0-L2R0W0-L2R0W0-L1R0W0-L1R0W0-L1R0W0-L1R0W0-L1R0W0-L1R0W0-L1R0W0-L1R0W0-L1R0W0-L1R0W0-L1R0W0-L1R0W0-L1R0W0-L1R0W0,compact:L2R0W0-L2R0W0-L2R0W0-L2R0W0-L2R0W0-L2R0W0-L1R0W0-L1R0W0-L1R0W0-L1R0W0-L1R0W0-L1R0W0-L1R0W0-L1R0W0-L1R0W0-L1R0W0-L1R0W0-L1R0W0-L1R0W0-L1R0W0,,,merged,optimized,2,3,2,1420.6475125000002,1420.6475125000002,1419.654878,1421.6401470000003,0.992634500000122,404.15603799999997,10.0971135,1006.3943609999999,,,custom:libsad_search_97eec9f2a848ec.so,/home/rzzhang/sad_merged/sad/build/libsad_search_97eec9f2a848ec.so
2026-08-20T19:46:46.486084+00:00,20260820T190931,joint:rzz-hea:16:f2d4f9034a80b811,ok,,rzz-hea,16,8,float64,42,128,2,128,2,2,0.5,rotation,rotation,9,9,compact:L2R0W0-L2R0W0-L2R0W0-L2R0W0-L2R0W0-L2R0W0-L2R0W0-L1R0W0-L1R0W0,compact:L2R0W0-L2R0W0-L2R0W0-L2R0W0-L2R0W0-L2R0W0-L2R0W0-L1R0W0-L1R0W0,,,merged,optimized,5,3,5,1.628001,1.649566,1.6200029999999999,1.725359,0.039091783433350846,0.500283,0.0192994,1.1299835999999999,,,custom:libsad_search_b969ada61d8a74.so,/home/rzzhang/sad_merged/sad/build/libsad_search_b969ada61d8a74.so
2026-08-20T19:46:46.516169+00:00,20260820T190931,joint:rzz-hea:20:cc223e32629b7b1d,ok,,rzz-hea,20,8,float64,42,32,2,128,2,1,1.0,rotation,rotation,20,20,compact:L1R0W0-L1R0W0-L1R0W0-L1R0W0-L1R0W0-L1R0W0-L1R0W0-L1R0W0-L1R0W0-L1R0W0-L1R0W0-L1R0W0-L1R0W0-L1R0W0-L1R0W0-L1R0W0-L1R0W0-L1R0W0-L1R0W0-L1R0W0,compact:L1R0W0-L1R0W0-L1R0W0-L1R0W0-L1R0W0-L1R0W0-L1R0W0-L1R0W0-L1R0W0-L1R0W0-L1R0W0-L1R0W0-L1R0W0-L1R0W0-L1R0W0-L1R0W0-L1R0W0-L1R0W0-L1R0W0-L1R0W0,,,split,optimized,5,3,5,10.528842000000001,10.5112336,10.308755,10.648575000000001,0.11147284043138082,3.4581776,0.10121859999999999,6.951837399999999,,,custom:libsad_search_0e4f539ceca897.so,/home/rzzhang/sad_merged/sad/build/libsad_search_0e4f539ceca897.so
2026-08-20T19:46:46.614917+00:00,20260820T190931,joint:rzz-hea:12:c9a0bc6f9ad31318,ok,,rzz-hea,12,8,float64,42,64,2,64,2,1,0.0,rotation,rotation,2,2,compact:L5R1W0-L5R1W0,compact:L5R1W0-L5R1W0,,,split,optimized,10,3,10,0.518114,0.5197488,0.513896,0.5274979999999999,0.005429410148441524,0.157136,0.018924499999999997,0.34368829999999995,,,custom:libsad_search_7ec063ebc99501.so,/home/rzzhang/sad_merged/sad/build/libsad_search_7ec063ebc99501.so
2026-08-20T19:46:46.628297+00:00,20260820T190931,joint:rzz-hea:10:722dbfad362b8177,ok,,rzz-hea,10,8,float64,42,128,2,128,2,1,1.0,rotation,rotation,10,10,compact:L1R0W0-L1R0W0-L1R0W0-L1R0W0-L1R0W0-L1R0W0-L1R0W0-L1R0W0-L1R0W0-L1R0W0,compact:L1R0W0-L1R0W0-L1R0W0-L1R0W0-L1R0W0-L1R0W0-L1R0W0-L1R0W0-L1R0W0-L1R0W0,,,split,optimized,10,3,10,1.015288,1.0110576,0.992143,1.018796,0.00871332933154715,0.38157,0.0186473,0.6108403,,,custom:libsad_search_9361435758c99d.so,/home/rzzhang/sad_merged/sad/build/libsad_search_9361435758c99d.so
2026-08-20T19:46:46.648034+00:00,20260820T190931,joint:rzz-hea:24:d04f1b97ddd60529,ok,,rzz-hea,24,8,float64,42,128,2,32,2,1,0.5,rotation,rotation,14,14,compact:L2R0W0-L2R0W0-L2R0W0-L2R0W0-L2R0W0-L2R0W0-L2R0W0-L2R0W0-L2R0W0-L2R0W0-L1R0W0-L1R0W0-L1R0W0-L1R0W0,compact:L2R0W0-L2R0W0-L2R0W0-L2R0W0-L2R0W0-L2R0W0-L2R0W0-L2R0W0-L2R0W0-L2R0W0-L1R0W0-L1R0W0-L1R0W0-L1R0W0,,,split,optimized,3,3,3,266.53213200000005,266.5267166666667,266.219916,266.828102,0.2483204207273743,83.53142766666667,1.8013796666666668,181.19390933333335,,,custom:libsad_search_7259903b8346c4.so,/home/rzzhang/sad_merged/sad/build/libsad_search_7259903b8346c4.so
2026-08-20T19:46:48.258861+00:00,20260820T190931,joint:rzz-hea:16:a90d5f3c3aeb2ed1,ok,,rzz-hea,16,8,float64,42,128,2,128,2,1,1.0,rotation,rotation,16,16,compact:L1R0W0-L1R0W0-L1R0W0-L1R0W0-L1R0W0-L1R0W0-L1R0W0-L1R0W0-L1R0W0-L1R0W0-L1R0W0-L1R0W0-L1R0W0-L1R0W0-L1R0W0-L1R0W0,compact:L1R0W0-L1R0W0-L1R0W0-L1R0W0-L1R0W0-L1R0W0-L1R0W0-L1R0W0-L1R0W0-L1R0W0-L1R0W0-L1R0W0-L1R0W0-L1R0W0-L1R0W0-L1R0W0,,,merged,optimized,5,3,5,2.353077,2.3101174,2.233335,2.364551,0.060739744367588486,0.7975789999999999,0.0189192,1.4936192,,,custom:libsad_search_8fbfac92ec4bef.so,/home/rzzhang/sad_merged/sad/build/libsad_search_8fbfac92ec4bef.so
2026-08-20T19:46:48.289123+00:00,20260820T190931,joint:rzz-hea:24:9d481564357131da,ok,,rzz-hea,24,8,float64,42,128,2,32,2,2,0.5,rotation,rotation,14,14,compact:L2R0W0-L2R0W0-L2R0W0-L2R0W0-L2R0W0-L2R0W0-L2R0W0-L2R0W0-L2R0W0-L2R0W0-L1R0W0-L1R0W0-L1R0W0-L1R0W0,compact:L2R0W0-L2R0W0-L2R0W0-L2R0W0-L2R0W0-L2R0W0-L2R0W0-L2R0W0-L2R0W0-L2R0W0-L1R0W0-L1R0W0-L1R0W0-L1R0W0,,,split,optimized,3,3,3,267.0578770000001,266.89907900000003,265.91745099999997,267.721909,0.7451754925492499,83.741423,1.812559,181.345097,,,custom:libsad_search_3b115211f38255.so,/home/rzzhang/sad_merged/sad/build/libsad_search_3b115211f38255.so
2026-08-20T19:46:49.900133+00:00,20260820T190931,joint:rzz-hea:22:5114430080df32e4,ok,,rzz-hea,22,8,float64,42,32,2,128,2,2,0.5,rotation,rotation,13,12,compact:L2R0W0-L2R0W0-L2R0W0-L2R0W0-L2R0W0-L2R0W0-L2R0W0-L2R0W0-L2R0W0-L1R0W0-L1R0W0-L1R0W0-L1R0W0,compact:L2R0W0-L2R0W0-L2R0W0-L2R0W0-L2R0W0-L2R0W0-L2R0W0-L2R0W0-L2R0W0-L2R0W0-L1R0W0-L1R0W0,,,merged,optimized,3,3,3,50.913496,50.88325733333334,50.772408000000006,50.963868000000005,0.081035036131841,9.088776999999999,0.42157266666666665,41.37290766666667,,,custom:libsad_search_fce412939d20fb.so,/home/rzzhang/sad_merged/sad/build/libsad_search_fce412939d20fb.so
2026-08-20T19:46:50.222390+00:00,20260820T190931,joint:rzz-hea:18:bb8c912779e7bd5e,ok,,rzz-hea,18,8,float64,42,32,2,32,2,1,0.0,rotation,rotation,3,3,compact:L5R1W0-L5R1W0-L5R1W0,compact:L5R1W0-L5R1W0-L5R1W0,,,split,optimized,5,3,5,2.437057,2.3664479999999997,2.251689,2.4463799999999996,0.0936598305144741,0.6524966,0.0372074,1.6767440000000002,,,custom:libsad_search_3cb67c7e18cc99.so,/home/rzzhang/sad_merged/sad/build/libsad_search_3cb67c7e18cc99.so
2026-08-20T19:46:50.248765+00:00,20260820T190931,joint:rzz-hea:16:05b84eb0e36b8ebd,ok,,rzz-hea,16,8,float64,42,32,2,128,2,1,0.75,rotation,rotation,13,12,compact:L2R0W0-L2R0W0-L2R0W0-L1R0W0-L1R0W0-L1R0W0-L1R0W0-L1R0W0-L1R0W0-L1R0W0-L1R0W0-L1R0W0-L1R0W0,compact:L2R0W0-L2R0W0-L2R0W0-L2R0W0-L1R0W0-L1R0W0-L1R0W0-L1R0W0-L1R0W0-L1R0W0-L1R0W0-L1R0W0,,,split,optimized,5,3,5,1.696624,1.7200696,1.693701,1.758215,0.030733211531501332,0.5867042,0.0195064,1.113859,,,custom:libsad_search_0e4f539ceca897.so,/home/rzzhang/sad_merged/sad/build/libsad_search_0e4f539ceca897.so
2026-08-20T19:46:50.268954+00:00,20260820T190931,joint:rzz-hea:14:2d4506cd4c2e566a,ok,,rzz-hea,14,8,float64,42,64,2,64,2,2,0.25,rotation,rotation,5,5,compact:L3R0W0-L3R0W0-L3R0W0-L3R0W0-L2R0W0,compact:L3R0W0-L3R0W0-L3R0W0-L3R0W0-L2R0W0,,,merged,optimized,10,3,10,0.7157260000000001,0.7166184,0.714375,0.7219730000000001,0.002734896970637124,0.2553702,0.0188641,0.4423841,,,custom:libsad_search_97eec9f2a848ec.so,/home/rzzhang/sad_merged/sad/build/libsad_search_97eec9f2a848ec.so
2026-08-20T19:46:50.284828+00:00,20260820T190931,joint:rzz-hea:18:89337c57a054eef8,ok,,rzz-hea,18,8,float64,42,128,2,32,2,2,0.5,rotation,rotation,10,10,compact:L2R0W0-L2R0W0-L2R0W0-L2R0W0-L2R0W0-L2R0W0-L2R0W0-L2R0W0-L1R0W0-L1R0W0,compact:L2R0W0-L2R0W0-L2R0W0-L2R0W0-L2R0W0-L2R0W0-L2R0W0-L2R0W0-L1R0W0-L1R0W0,,,merged,optimized,5,3,5,2.8751979999999997,2.8755012,2.87443,2.876408,0.0007550879154112645,0.8342880000000001,0.0351834,2.0060298000000003,,,custom:libsad_search_d014591f51543a.so,/home/rzzhang/sad_merged/sad/build/libsad_search_d014591f51543a.so
2026-08-20T19:46:50.315324+00:00,20260820T190931,joint:rzz-hea:14:45ee2f1a33f1d344,ok,,rzz-hea,14,8,float64,42,32,2,32,2,2,0.25,rotation,rotation,5,5,compact:L3R0W0-L3R0W0-L3R0W0-L3R0W0-L2R0W0,compact:L3R0W0-L3R0W0-L3R0W0-L3R0W0-L2R0W0,,,split,optimized,10,3,10,0.7199625,0.7195474,0.714608,0.721907,0.0020502927693380564,0.248424,0.0182559,0.45286750000000003,,,custom:libsad_search_16d9d6cef53b3d.so,/home/rzzhang/sad_merged/sad/build/libsad_search_16d9d6cef53b3d.so
2026-08-20T19:46:50.331189+00:00,20260820T190931,joint:rzz-hea:28:3dfca588adcd80cd,ok,,rzz-hea,28,8,float64,42,128,2,32,2,2,0.75,rotation,rotation,22,22,compact:L2R0W0-L2R0W0-L2R0W0-L2R0W0-L2R0W0-L2R0W0-L1R0W0-L1R0W0-L1R0W0-L1R0W0-L1R0W0-L1R0W0-L1R0W0-L1R0W0-L1R0W0-L1R0W0-L1R0W0-L1R0W0-L1R0W0-L1R0W0-L1R0W0-L1R0W0,compact:L2R0W0-L2R0W0-L2R0W0-L2R0W0-L2R0W0-L2R0W0-L1R0W0-L1R0W0-L1R0W0-L1R0W0-L1R0W0-L1R0W0-L1R0W0-L1R0W0-L1R0W0-L1R0W0-L1R0W0-L1R0W0-L1R0W0-L1R0W0-L1R0W0-L1R0W0,,,merged,optimized,2,3,2,6215.4185985,6215.4185985,6212.061627,6218.77557,3.3569714999998723,1750.6745935,84.9466775,4379.7973275,,,custom:libsad_search_d014591f51543a.so,/home/rzzhang/sad_merged/sad/build/libsad_search_d014591f51543a.so
2026-08-20T19:47:21.412822+00:00,20260820T190931,joint:rzz-hea:20:26ed1df9d7be9d73,ok,,rzz-hea,20,8,float64,42,128,2,128,2,2,0.5,rotation,rotation,12,12,compact:L2R0W0-L2R0W0-L2R0W0-L2R0W0-L2R0W0-L2R0W0-L2R0W0-L2R0W0-L1R0W0-L1R0W0-L1R0W0-L1R0W0,compact:L2R0W0-L2R0W0-L2R0W0-L2R0W0-L2R0W0-L2R0W0-L2R0W0-L2R0W0-L1R0W0-L1R0W0-L1R0W0-L1R0W0,,,split,optimized,5,3,5,8.805503,8.8397452,8.770582,8.913699000000001,0.05847407385978877,2.5598878,0.10100600000000001,6.1788514,,,custom:libsad_search_d02bea87aa5c56.so,/home/rzzhang/sad_merged/sad/build/libsad_search_d02bea87aa5c56.so
2026-08-20T19:47:21.508736+00:00,20260820T190931,joint:rzz-hea:24:8c85d87134680826,ok,,rzz-hea,24,8,float64,42,128,2,32,2,2,0.75,rotation,rotation,19,19,compact:L2R0W0-L2R0W0-L2R0W0-L2R0W0-L2R0W0-L1R0W0-L1R0W0-L1R0W0-L1R0W0-L1R0W0-L1R0W0-L1R0W0-L1R0W0-L1R0W0-L1R0W0-L1R0W0-L1R0W0-L1R0W0-L1R0W0,compact:L2R0W0-L2R0W0-L2R0W0-L2R0W0-L2R0W0-L1R0W0-L1R0W0-L1R0W0-L1R0W0-L1R0W0-L1R0W0-L1R0W0-L1R0W0-L1R0W0-L1R0W0-L1R0W0-L1R0W0-L1R0W0-L1R0W0,,,merged,optimized,3,3,3,336.939584,337.289601,336.79652999999996,338.13268899999997,0.5990070358724153,95.94298233333333,1.8093813333333335,239.5372373333333,,,custom:libsad_search_d014591f51543a.so,/home/rzzhang/sad_merged/sad/build/libsad_search_d014591f51543a.so
2026-08-20T19:47:23.567569+00:00,20260820T190931,joint:rzz-hea:4:561f592f975c0426,ok,,rzz-hea,4,8,float64,42,128,2,128,2,1,0.25,rotation,rotation,2,2,compact:L2R0W0-L2R0W0,compact:L2R0W0-L2R0W0,,,split,optimized,20,3,20,0.3041195,0.30423279999999997,0.302825,0.305218,0.0006786183463479264,0.09874585000000001,0.0189001,0.18658685,,,custom:libsad_search_9361435758c99d.so,/home/rzzhang/sad_merged/sad/build/libsad_search_9361435758c99d.so
2026-08-20T19:47:23.584116+00:00,20260820T190931,joint:rzz-hea:8:6247d26d490ca1b4,ok,,rzz-hea,8,8,float64,42,128,2,128,2,2,0.5,rotation,rotation,4,4,compact:L2R0W0-L2R0W0-L2R0W0-L2R0W0,compact:L2R0W0-L2R0W0-L2R0W0-L2R0W0,,,merged,optimized,20,3,20,0.488457,0.49430015000000005,0.487277,0.513958,0.010686301821841831,0.17172695,0.01867675,0.30389645,,,custom:libsad_search_b969ada61d8a74.so,/home/rzzhang/sad_merged/sad/build/libsad_search_b969ada61d8a74.so
2026-08-20T19:47:23.602108+00:00,20260820T190931,joint:rzz-hea:6:1ff5cd579afabe54,ok,,rzz-hea,6,8,float64,42,128,2,32,2,1,0.5,rotation,rotation,4,4,compact:L2R0W0-L2R0W0-L1R0W0-L1R0W0,compact:L2R0W0-L2R0W0-L1R0W0-L1R0W0,,,split,optimized,20,3,20,0.38612650000000004,0.38744045,0.384866,0.39416,0.002558875719432269,0.14460065,0.01882215,0.22401765,,,custom:libsad_search_7259903b8346c4.so,/home/rzzhang/sad_merged/sad/build/libsad_search_7259903b8346c4.so
2026-08-20T19:47:23.617670+00:00,20260820T190931,joint:rzz-hea:14:ffcdbfed7cf731d4,ok,,rzz-hea,14,8,float64,42,32,2,128,2,1,0.25,rotation,rotation,5,5,compact:L3R0W0-L3R0W0-L3R0W0-L3R0W0-L2R0W0,compact:L3R0W0-L3R0W0-L3R0W0-L3R0W0-L2R0W0,,,split,optimized,10,3,10,0.8483655,0.8475210000000001,0.8428049999999999,0.85131,0.003325634405643542,0.24844180000000002,0.0188255,0.5802537,,,custom:libsad_search_0e4f539ceca897.so,/home/rzzhang/sad_merged/sad/build/libsad_search_0e4f539ceca897.so
2026-08-20T19:47:23.635342+00:00,20260820T190931,joint:rzz-hea:10:1ef1338779c85a86,ok,,rzz-hea,10,8,float64,42,32,2,128,2,2,1.0,rotation,rotation,10,10,compact:L1R0W0-L1R0W0-L1R0W0-L1R0W0-L1R0W0-L1R0W0-L1R0W0-L1R0W0-L1R0W0-L1R0W0,compact:L1R0W0-L1R0W0-L1R0W0-L1R0W0-L1R0W0-L1R0W0-L1R0W0-L1R0W0-L1R0W0-L1R0W0,,,split,optimized,10,3,10,0.9544539999999999,0.9538142000000001,0.94832,0.956117,0.0024526151675303594,0.3328208,0.0186578,0.6023356,,,custom:libsad_search_2a0e4369743c84.so,/home/rzzhang/sad_merged/sad/build/libsad_search_2a0e4369743c84.so
2026-08-20T19:47:23.654354+00:00,20260820T190931,joint:rzz-hea:22:1ecf28e799d1c344,ok,,rzz-hea,22,8,float64,42,64,2,64,2,1,0.5,rotation,rotation,12,12,compact:L2R0W0-L2R0W0-L2R0W0-L2R0W0-L2R0W0-L2R0W0-L2R0W0-L2R0W0-L2R0W0-L2R0W0-L1R0W0-L1R0W0,compact:L2R0W0-L2R0W0-L2R0W0-L2R0W0-L2R0W0-L2R0W0-L2R0W0-L2R0W0-L2R0W0-L2R0W0-L1R0W0-L1R0W0,,,split,optimized,3,3,3,50.127852,50.07959666666667,49.930455,50.180482999999995,0.10762568804993357,9.448228000000002,0.43147033333333334,40.19989833333334,,,custom:libsad_search_7ec063ebc99501.so,/home/rzzhang/sad_merged/sad/build/libsad_search_7ec063ebc99501.so
2026-08-20T19:47:23.964729+00:00,20260820T190931,joint:rzz-hea:12:9a2b6cd58bbc6d80,ok,,rzz-hea,12,8,float64,42,32,2,128,2,1,0.0,legacy,legacy,0,0,,,,,not_applicable,legacy-generic,10,3,10,0.659335,0.6591115000000001,0.6582910000000001,0.660242,0.0006139863597833458,0.1850578,0.018818400000000002,0.4552353,,,custom:libsad_search_ada51c8f4b2976.so,/home/rzzhang/sad_merged/sad/build/libsad_search_ada51c8f4b2976.so
2026-08-20T19:47:23.979883+00:00,20260820T190931,joint:rzz-hea:14:4a6cc0c2774899f1,ok,,rzz-hea,14,8,float64,42,128,2,32,2,2,0.75,rotation,rotation,11,11,compact:L2R0W0-L2R0W0-L2R0W0-L1R0W0-L1R0W0-L1R0W0-L1R0W0-L1R0W0-L1R0W0-L1R0W0-L1R0W0,compact:L2R0W0-L2R0W0-L2R0W0-L1R0W0-L1R0W0-L1R0W0-L1R0W0-L1R0W0-L1R0W0-L1R0W0-L1R0W0,,,split,optimized,10,3,10,1.203729,1.2319315,1.200074,1.299466,0.0435605148322423,0.5240039,0.018907599999999997,0.6890200000000001,,,custom:libsad_search_3b115211f38255.so,/home/rzzhang/sad_merged/sad/build/libsad_search_3b115211f38255.so
2026-08-20T19:47:24.002892+00:00,20260820T190931,joint:rzz-hea:12:2acf17f7573abe0a,ok,,rzz-hea,12,8,float64,42,64,2,64,2,2,0.25,rotation,rotation,4,4,compact:L3R0W0-L3R0W0-L3R0W0-L3R0W0,compact:L3R0W0-L3R0W0-L3R0W0-L3R0W0,,,merged,optimized,10,3,10,0.5804455000000001,0.5807625,0.5711259999999999,0.5947370000000001,0.00884844073551949,0.20772899999999997,0.018907900000000002,0.3541256,,,custom:libsad_search_97eec9f2a848ec.so,/home/rzzhang/sad_merged/sad/build/libsad_search_97eec9f2a848ec.so
2026-08-20T19:47:24.016978+00:00,20260820T190931,joint:rzz-hea:10:d5ee2b5244402a94,ok,,rzz-hea,10,8,float64,42,32,2,32,2,2,0.25,rotation,rotation,4,4,compact:L3R0W0-L3R0W0-L2R0W0-L2R0W0,compact:L3R0W0-L3R0W0-L2R0W0-L2R0W0,,,merged,optimized,10,3,10,0.48841100000000004,0.4878979,0.483323,0.488653,0.0015303243087659536,0.17796209999999998,0.0186436,0.29129220000000006,,,custom:libsad_search_dcff342f285260.so,/home/rzzhang/sad_merged/sad/build/libsad_search_dcff342f285260.so
2026-08-20T19:47:24.030042+00:00,20260820T190931,joint:rzz-hea:18:00286a26df964730,ok,,rzz-hea,18,8,float64,42,32,2,128,2,2,0.5,rotation,rotation,10,10,compact:L2R0W0-L2R0W0-L2R0W0-L2R0W0-L2R0W0-L2R0W0-L2R0W0-L2R0W0-L1R0W0-L1R0W0,compact:L2R0W0-L2R0W0-L2R0W0-L2R0W0-L2R0W0-L2R0W0-L2R0W0-L2R0W0-L1R0W0-L1R0W0,,,merged,optimized,5,3,5,2.972547,2.9736256,2.970564,2.978835,0.00278720100459227,0.7657622,0.0354086,2.1724548,,,custom:libsad_search_fce412939d20fb.so,/home/rzzhang/sad_merged/sad/build/libsad_search_fce412939d20fb.so
2026-08-20T19:47:24.061377+00:00,20260820T190931,joint:rzz-hea:18:a69f854ccb74098d,ok,,rzz-hea,18,8,float64,42,32,2,32,2,2,0.5,rotation,rotation,10,10,compact:L2R0W0-L2R0W0-L2R0W0-L2R0W0-L2R0W0-L2R0W0-L2R0W0-L2R0W0-L1R0W0-L1R0W0,compact:L2R0W0-L2R0W0-L2R0W0-L2R0W0-L2R0W0-L2R0W0-L2R0W0-L2R0W0-L1R0W0-L1R0W0,,,split,optimized,5,3,5,2.68894,2.6895994,2.687995,2.691109,0.0012676110760007969,0.8571967999999999,0.0352648,1.7971378,,,custom:libsad_search_16d9d6cef53b3d.so,/home/rzzhang/sad_merged/sad/build/libsad_search_16d9d6cef53b3d.so
2026-08-20T19:47:24.090065+00:00,20260820T190931,joint:rzz-hea:10:484cc53e56c570a1,ok,,rzz-hea,10,8,float64,42,64,2,64,2,2,1.0,rotation,rotation,10,10,compact:L1R0W0-L1R0W0-L1R0W0-L1R0W0-L1R0W0-L1R0W0-L1R0W0-L1R0W0-L1R0W0-L1R0W0,compact:L1R0W0-L1R0W0-L1R0W0-L1R0W0-L1R0W0-L1R0W0-L1R0W0-L1R0W0-L1R0W0-L1R0W0,,,merged,optimized,10,3,10,0.841642,0.8413705,0.8358009999999999,0.844353,0.0020224088236556245,0.3450215,0.0189207,0.4774283,,,custom:libsad_search_97eec9f2a848ec.so,/home/rzzhang/sad_merged/sad/build/libsad_search_97eec9f2a848ec.so
2026-08-20T19:47:24.107086+00:00,20260820T190931,joint:rzz-hea:12:ceac03dad0291962,ok,,rzz-hea,12,8,float64,42,64,2,64,2,1,0.25,rotation,rotation,4,4,compact:L3R0W0-L3R0W0-L3R0W0-L3R0W0,compact:L3R0W0-L3R0W0-L3R0W0-L3R0W0,,,merged,optimized,10,3,10,0.5715205,0.5717608999999999,0.571213,0.573211,0.0006102757491495246,0.2038541,0.018521000000000003,0.34938579999999997,,,custom:libsad_search_7e5293342e215a.so,/home/rzzhang/sad_merged/sad/build/libsad_search_7e5293342e215a.so
2026-08-20T19:47:24.120903+00:00,20260820T190931,joint:rzz-hea:14:3a0b32aafbf990c9,ok,,rzz-hea,14,8,float64,42,128,2,32,2,1,0.25,rotation,rotation,5,5,compact:L3R0W0-L3R0W0-L3R0W0-L3R0W0-L2R0W0,compact:L3R0W0-L3R0W0-L3R0W0-L3R0W0-L2R0W0,,,split,optimized,10,3,10,0.7647855,0.7645932,0.763784,0.765885,0.0006391490905883961,0.2924396,0.0188544,0.45329920000000007,,,custom:libsad_search_7259903b8346c4.so,/home/rzzhang/sad_merged/sad/build/libsad_search_7259903b8346c4.so
2026-08-20T19:47:24.137297+00:00,20260820T190931,joint:rzz-hea:6:6eddcf9908c4e684,ok,,rzz-hea,6,8,float64,42,32,2,32,2,2,0.25,rotation,rotation,2,2,compact:L3R0W0-L3R0W0,compact:L3R0W0-L3R0W0,,,merged,optimized,20,3,20,0.251929,0.25237034999999997,0.25155399999999994,0.254105,0.000765793332107298,0.07686015,0.01870055,0.15680965,,,custom:libsad_search_dcff342f285260.so,/home/rzzhang/sad_merged/sad/build/libsad_search_dcff342f285260.so
2026-08-20T19:47:24.149546+00:00,20260820T190931,joint:rzz-hea:26:072c6ba6a1d68585,ok,,rzz-hea,26,8,float64,42,64,2,64,2,2,0.0,rotation,rotation,4,4,compact:L5R2W0-L5R2W0-L5R1W0-L5R1W0,compact:L5R2W0-L5R2W0-L5R1W0-L5R1W0,,,split,optimized,2,3,2,632.9170385,632.9170385,631.9203620000001,633.913715,0.9966764999999782,172.643206,10.7549365,449.518896,,,custom:libsad_search_20c37ff249ec0a.so,/home/rzzhang/sad_merged/sad/build/libsad_search_20c37ff249ec0a.so
2026-08-20T19:47:27.320794+00:00,20260820T190931,joint:rzz-hea:24:539d7ee79df60f6a,ok,,rzz-hea,24,8,float64,42,32,2,32,2,2,0.0,rotation,rotation,4,4,compact:L5R1W0-L5R1W0-L5R1W0-L5R1W0,compact:L5R1W0-L5R1W0-L5R1W0-L5R1W0,,,split,optimized,3,3,3,147.98876300000003,147.694108,144.795617,150.297944,2.255957561731608,38.981228333333334,1.8973756666666668,106.815504,,,custom:libsad_search_16d9d6cef53b3d.so,/home/rzzhang/sad_merged/sad/build/libsad_search_16d9d6cef53b3d.so
2026-08-20T19:47:28.225531+00:00,20260820T190931,joint:rzz-hea:14:791468643173658e,ok,,rzz-hea,14,8,float64,42,32,2,128,2,1,0.5,rotation,rotation,8,8,compact:L2R0W0-L2R0W0-L2R0W0-L2R0W0-L2R0W0-L2R0W0-L1R0W0-L1R0W0,compact:L2R0W0-L2R0W0-L2R0W0-L2R0W0-L2R0W0-L2R0W0-L1R0W0-L1R0W0,,,split,optimized,10,3,10,1.186813,1.1867751,1.184876,1.188778,0.0011017275026066562,0.38066229999999995,0.0191316,0.7869812,,,custom:libsad_search_0e4f539ceca897.so,/home/rzzhang/sad_merged/sad/build/libsad_search_0e4f539ceca897.so
2026-08-20T19:47:28.250623+00:00,20260820T190931,joint:rzz-hea:6:ebd09c4ab197e22f,ok,,rzz-hea,6,8,float64,42,32,2,128,2,1,1.0,rotation,rotation,6,6,compact:L1R0W0-L1R0W0-L1R0W0-L1R0W0-L1R0W0-L1R0W0,compact:L1R0W0-L1R0W0-L1R0W0-L1R0W0-L1R0W0-L1R0W0,,,split,optimized,20,3,20,0.52419,0.52368565,0.518647,0.526672,0.0017540914535735992,0.17959825000000001,0.01868845,0.32539895,,,custom:libsad_search_0e4f539ceca897.so,/home/rzzhang/sad_merged/sad/build/libsad_search_0e4f539ceca897.so
2026-08-20T19:47:28.269227+00:00,20260820T190931,joint:rzz-hea:8:63377126875a1ed2,ok,,rzz-hea,8,8,float64,42,128,2,128,2,1,1.0,rotation,rotation,8,8,compact:L1R0W0-L1R0W0-L1R0W0-L1R0W0-L1R0W0-L1R0W0-L1R0W0-L1R0W0,compact:L1R0W0-L1R0W0-L1R0W0-L1R0W0-L1R0W0-L1R0W0-L1R0W0-L1R0W0,,,split,optimized,20,3,20,0.7485325,0.74840085,0.746238,0.751507,0.0013787956438500954,0.27601735,0.0188261,0.45355739999999994,,,custom:libsad_search_9361435758c99d.so,/home/rzzhang/sad_merged/sad/build/libsad_search_9361435758c99d.so
2026-08-20T19:47:28.293342+00:00,20260820T190931,joint:rzz-hea:20:d5ad3b843fdd228d,ok,,rzz-hea,20,8,float64,42,128,2,128,2,2,1.0,rotation,rotation,20,20,compact:L1R0W0-L1R0W0-L1R0W0-L1R0W0-L1R0W0-L1R0W0-L1R0W0-L1R0W0-L1R0W0-L1R0W0-L1R0W0-L1R0W0-L1R0W0-L1R0W0-L1R0W0-L1R0W0-L1R0W0-L1R0W0-L1R0W0-L1R0W0,compact:L1R0W0-L1R0W0-L1R0W0-L1R0W0-L1R0W0-L1R0W0-L1R0W0-L1R0W0-L1R0W0-L1R0W0-L1R0W0-L1R0W0-L1R0W0-L1R0W0-L1R0W0-L1R0W0-L1R0W0-L1R0W0-L1R0W0-L1R0W0,,,merged,optimized,5,3,5,10.466372,10.449149,10.369219,10.483748,0.04110012667133801,2.9916304,0.10080040000000001,7.3567181999999995,,,custom:libsad_search_b969ada61d8a74.so,/home/rzzhang/sad_merged/sad/build/libsad_search_b969ada61d8a74.so
2026-08-20T19:47:28.383578+00:00,20260820T190931,joint:rzz-hea:26:799068b2688b9e1f,ok,,rzz-hea,26,8,float64,42,128,2,128,2,2,0.25,rotation,rotation,9,9,compact:L3R0W0-L3R0W0-L3R0W0-L3R0W0-L3R0W0-L3R0W0-L3R0W0-L3R0W0-L2R0W0,compact:L3R0W0-L3R0W0-L3R0W0-L3R0W0-L3R0W0-L3R0W0-L3R0W0-L3R0W0-L2R0W0,,,merged,optimized,2,3,2,769.8607445,769.8607445,769.326808,770.3946810000001,0.5339365000000384,202.139249,10.6535415,557.0679540000001,,,custom:libsad_search_b969ada61d8a74.so,/home/rzzhang/sad_merged/sad/build/libsad_search_b969ada61d8a74.so
2026-08-20T19:47:32.257759+00:00,20260820T190931,joint:rzz-hea:4:f0682c5f0ac7047f,ok,,rzz-hea,4,8,float64,42,64,2,64,2,1,0.5,rotation,rotation,2,2,compact:L2R0W0-L2R0W0,compact:L2R0W0-L2R0W0,,,merged,optimized,20,3,20,0.23546050000000002,0.2296316,0.21293399999999998,0.236554,0.009183840217468943,0.06651534999999999,0.0189548,0.14416145,,,custom:libsad_search_7e5293342e215a.so,/home/rzzhang/sad_merged/sad/build/libsad_search_7e5293342e215a.so
2026-08-20T19:47:32.275379+00:00,20260820T190931,joint:rzz-hea:10:8a013f51dd1ecc40,ok,,rzz-hea,10,8,float64,42,64,2,64,2,1,0.25,rotation,rotation,4,4,compact:L3R0W0-L3R0W0-L2R0W0-L2R0W0,compact:L3R0W0-L3R0W0-L2R0W0-L2R0W0,,,merged,optimized,10,3,10,0.5303370000000001,0.5280096999999999,0.512875,0.536765,0.006673892358286882,0.19323220000000002,0.019035899999999998,0.3157416,,,custom:libsad_search_7e5293342e215a.so,/home/rzzhang/sad_merged/sad/build/libsad_search_7e5293342e215a.so
2026-08-20T19:47:32.294496+00:00,20260820T190931,joint:rzz-hea:14:f6760b4236337632,ok,,rzz-hea,14,8,float64,42,64,2,64,2,1,0.25,rotation,rotation,5,5,compact:L3R0W0-L3R0W0-L3R0W0-L3R0W0-L2R0W0,compact:L3R0W0-L3R0W0-L3R0W0-L3R0W0-L2R0W0,,,merged,optimized,10,3,10,0.7249635000000001,0.7217731,0.715606,0.726027,0.004585561414919668,0.25663790000000003,0.0189218,0.4462134,,,custom:libsad_search_7e5293342e215a.so,/home/rzzhang/sad_merged/sad/build/libsad_search_7e5293342e215a.so
2026-08-20T19:47:32.315511+00:00,20260820T190931,joint:rzz-hea:20:3d4e42af91c78039,ok,,rzz-hea,20,8,float64,42,64,2,64,2,2,0.0,rotation,rotation,3,3,compact:L5R2W0-L5R2W0-L5R1W0,compact:L5R2W0-L5R2W0-L5R1W0,,,split,optimized,5,3,5,7.151892999999999,7.149786400000001,7.141136,7.1557260000000005,0.005931297011615658,1.8433674,0.09771179999999999,5.2087072,,,custom:libsad_search_20c37ff249ec0a.so,/home/rzzhang/sad_merged/sad/build/libsad_search_20c37ff249ec0a.so
2026-08-20T19:47:32.389958+00:00,20260820T190931,joint:rzz-hea:16:1ba8f1e329852bd3,ok,,rzz-hea,16,8,float64,42,32,2,128,2,1,0.25,rotation,rotation,6,6,compact:L3R0W0-L3R0W0-L3R0W0-L3R0W0-L2R0W0-L2R0W0,compact:L3R0W0-L3R0W0-L3R0W0-L3R0W0-L2R0W0-L2R0W0,,,split,optimized,5,3,5,1.196061,1.1961514000000002,1.193989,1.1979640000000003,0.0013170158085612407,0.3454754,0.0186192,0.8320568,,,custom:libsad_search_0e4f539ceca897.so,/home/rzzhang/sad_merged/sad/build/libsad_search_0e4f539ceca897.so
2026-08-20T19:47:32.406441+00:00,20260820T190931,joint:rzz-hea:10:382da4d594932f49,ok,,rzz-hea,10,8,float64,42,128,2,32,2,2,0.75,rotation,rotation,8,8,compact:L2R0W0-L2R0W0-L1R0W0-L1R0W0-L1R0W0-L1R0W0-L1R0W0-L1R0W0,compact:L2R0W0-L2R0W0-L1R0W0-L1R0W0-L1R0W0-L1R0W0-L1R0W0-L1R0W0,,,merged,optimized,10,3,10,0.7377255,0.7356925000000001,0.7300610000000001,0.7395710000000001,0.003698837040205988,0.3211142,0.018907,0.3956713,,,custom:libsad_search_d014591f51543a.so,/home/rzzhang/sad_merged/sad/build/libsad_search_d014591f51543a.so
2026-08-20T19:47:32.422514+00:00,20260820T190931,joint:rzz-hea:12:f0873930e9a5dd5e,ok,,rzz-hea,12,8,float64,42,64,2,64,2,1,0.0,legacy,legacy,0,0,,,,,not_applicable,legacy-generic,10,3,10,0.515041,0.5152248,0.513134,0.5172399999999999,0.0012132601369862852,0.172188,0.0185755,0.3244613,,,custom:libsad_search_5a6ce94d125b8e.so,/home/rzzhang/sad_merged/sad/build/libsad_search_5a6ce94d125b8e.so
2026-08-20T19:47:32.435744+00:00,20260820T190931,joint:rzz-hea:16:553ec909d97ba2ee,ok,,rzz-hea,16,8,float64,42,64,2,64,2,2,0.25,rotation,rotation,6,6,compact:L3R0W0-L3R0W0-L3R0W0-L3R0W0-L2R0W0-L2R0W0,compact:L3R0W0-L3R0W0-L3R0W0-L3R0W0-L2R0W0-L2R0W0,,,merged,optimized,5,3,5,1.2930810000000001,1.2934497999999999,1.292049,1.295575,0.0013025325178282181,0.34862560000000004,0.018794,0.9260301999999999,,,custom:libsad_search_97eec9f2a848ec.so,/home/rzzhang/sad_merged/sad/build/libsad_search_97eec9f2a848ec.so
2026-08-20T19:47:32.453157+00:00,20260820T190931,joint:rzz-hea:10:8efc17666326a746,ok,,rzz-hea,10,8,float64,42,128,2,128,2,1,0.25,rotation,rotation,4,4,compact:L3R0W0-L3R0W0-L2R0W0-L2R0W0,compact:L3R0W0-L3R0W0-L2R0W0-L2R0W0,,,merged,optimized,10,3,10,0.6006065,0.6004354000000001,0.595632,0.603135,0.0018658940591576873,0.20867549999999999,0.0187356,0.37302430000000003,,,custom:libsad_search_8fbfac92ec4bef.so,/home/rzzhang/sad_merged/sad/build/libsad_search_8fbfac92ec4bef.so
2026-08-20T19:47:32.467745+00:00,20260820T190931,joint:rzz-hea:28:5bd5f3075f996dcb,ok,,rzz-hea,28,8,float64,42,32,2,128,2,2,1.0,rotation,rotation,28,28,compact:L1R0W0-L1R0W0-L1R0W0-L1R0W0-L1R0W0-L1R0W0-L1R0W0-L1R0W0-L1R0W0-L1R0W0-L1R0W0-L1R0W0-L1R0W0-L1R0W0-L1R0W0-L1R0W0-L1R0W0-L1R0W0-L1R0W0-L1R0W0-L1R0W0-L1R0W0-L1R0W0-L1R0W0-L1R0W0-L1R0W0-L1R0W0-L1R0W0,compact:L1R0W0-L1R0W0-L1R0W0-L1R0W0-L1R0W0-L1R0W0-L1R0W0-L1R0W0-L1R0W0-L1R0W0-L1R0W0-L1R0W0-L1R0W0-L1R0W0-L1R0W0-L1R0W0-L1R0W0-L1R0W0-L1R0W0-L1R0W0-L1R0W0-L1R0W0-L1R0W0-L1R0W0-L1R0W0-L1R0W0-L1R0W0-L1R0W0,,,merged,optimized,2,3,2,7648.4211015,7648.4211015,7646.304017,7650.538186000001,2.1170845000001464,2216.7229325,83.96832300000001,5347.729846,,,custom:libsad_search_fce412939d20fb.so,/home/rzzhang/sad_merged/sad/build/libsad_search_fce412939d20fb.so
2026-08-20T19:48:10.716136+00:00,20260820T190931,joint:rzz-hea:18:60f8cbbc16b8d555,ok,,rzz-hea,18,8,float64,42,128,2,128,2,1,1.0,rotation,rotation,18,18,compact:L1R0W0-L1R0W0-L1R0W0-L1R0W0-L1R0W0-L1R0W0-L1R0W0-L1R0W0-L1R0W0-L1R0W0-L1R0W0-L1R0W0-L1R0W0-L1R0W0-L1R0W0-L1R0W0-L1R0W0-L1R0W0,compact:L1R0W0-L1R0W0-L1R0W0-L1R0W0-L1R0W0-L1R0W0-L1R0W0-L1R0W0-L1R0W0-L1R0W0-L1R0W0-L1R0W0-L1R0W0-L1R0W0-L1R0W0-L1R0W0-L1R0W0-L1R0W0,,,merged,optimized,5,3,5,3.833529,3.8355759999999997,3.8317289999999997,3.8406909999999996,0.003998153773931067,1.2061852,0.0357718,2.593619,,,custom:libsad_search_8fbfac92ec4bef.so,/home/rzzhang/sad_merged/sad/build/libsad_search_8fbfac92ec4bef.so
2026-08-20T19:48:10.768909+00:00,20260820T190931,joint:rzz-hea:4:98649ce2d75e5b92,ok,,rzz-hea,4,8,float64,42,32,2,128,2,2,0.5,rotation,rotation,2,2,compact:L2R0W0-L2R0W0,compact:L2R0W0-L2R0W0,,,split,optimized,20,3,20,0.28563250000000007,0.2857565,0.283603,0.287783,0.0011107436022773243,0.0880817,0.01888645,0.17878834999999998,,,custom:libsad_search_2a0e4369743c84.so,/home/rzzhang/sad_merged/sad/build/libsad_search_2a0e4369743c84.so
2026-08-20T19:48:10.788727+00:00,20260820T190931,joint:rzz-hea:22:786066cf6737aa13,ok,,rzz-hea,22,8,float64,42,64,2,64,2,1,0.0,rotation,rotation,3,3,compact:L5R2W1-L5R2W0-L5R2W0,compact:L5R2W1-L5R2W0-L5R2W0,,,merged,optimized,3,3,3,32.305078,32.277992000000005,32.214368,32.31453,0.045154144202571585,6.595772,0.39708899999999997,25.285131,,,custom:libsad_search_7e5293342e215a.so,/home/rzzhang/sad_merged/sad/build/libsad_search_7e5293342e215a.so
2026-08-20T19:48:11.004702+00:00,20260820T190931,joint:rzz-hea:28:269cc5835592f85d,ok,,rzz-hea,28,8,float64,42,32,2,32,2,2,0.0,rotation,rotation,4,4,compact:L5R2W0-L5R2W0-L5R2W0-L5R2W0,compact:L5R2W0-L5R2W0-L5R2W0-L5R2W0,,,merged,optimized,2,3,2,2741.8471455,2741.8471455,2740.006448,2743.687843,1.840697500000033,680.44854,83.208667,1978.1899385,,,custom:libsad_search_dcff342f285260.so,/home/rzzhang/sad_merged/sad/build/libsad_search_dcff342f285260.so
2026-08-20T19:48:24.696916+00:00,20260820T190931,joint:rzz-hea:10:a7e00c5995d1dae7,ok,,rzz-hea,10,8,float64,42,64,2,64,2,1,0.0,rotation,rotation,2,2,compact:L5R0W0-L5R0W0,compact:L5R0W0-L5R0W0,,,split,optimized,10,3,10,0.49864050000000004,0.4982486,0.49275100000000005,0.5003329999999999,0.0020708841203698337,0.1558276,0.0187106,0.3237104,,,custom:libsad_search_7ec063ebc99501.so,/home/rzzhang/sad_merged/sad/build/libsad_search_7ec063ebc99501.so
2026-08-20T19:48:24.715950+00:00,20260820T190931,joint:rzz-hea:10:dd7d713eb6faf497,ok,,rzz-hea,10,8,float64,42,128,2,32,2,1,0.75,rotation,rotation,8,8,compact:L2R0W0-L2R0W0-L1R0W0-L1R0W0-L1R0W0-L1R0W0-L1R0W0-L1R0W0,compact:L2R0W0-L2R0W0-L1R0W0-L1R0W0-L1R0W0-L1R0W0-L1R0W0-L1R0W0,,,split,optimized,10,3,10,0.8015399999999999,0.7997026,0.7843279999999999,0.8078259999999999,0.005822383312699365,0.32817430000000003,0.0191586,0.4523697,,,custom:libsad_search_7259903b8346c4.so,/home/rzzhang/sad_merged/sad/build/libsad_search_7259903b8346c4.so
2026-08-20T19:48:24.738175+00:00,20260820T190931,joint:rzz-hea:6:50ed37de13939732,ok,,rzz-hea,6,8,float64,42,128,2,32,2,1,0.75,rotation,rotation,5,5,compact:L2R0W0-L1R0W0-L1R0W0-L1R0W0-L1R0W0,compact:L2R0W0-L1R0W0-L1R0W0-L1R0W0-L1R0W0,,,merged,optimized,20,3,20,0.3860695,0.3858412,0.37971,0.38882900000000004,0.0017288244156073306,0.14641400000000002,0.01842565,0.22100155,,,custom:libsad_search_5851e15f736f52.so,/home/rzzhang/sad_merged/sad/build/libsad_search_5851e15f736f52.so
2026-08-20T19:48:24.758831+00:00,20260820T190931,joint:rzz-hea:16:c40ae5d556a77362,ok,,rzz-hea,16,8,float64,42,128,2,128,2,1,0.25,rotation,rotation,6,6,compact:L3R0W0-L3R0W0-L3R0W0-L3R0W0-L2R0W0-L2R0W0,compact:L3R0W0-L3R0W0-L3R0W0-L3R0W0-L2R0W0-L2R0W0,,,split,optimized,5,3,5,1.223552,1.2225396,1.217546,1.225803,0.002892718347852051,0.372216,0.0191658,0.8311578,,,custom:libsad_search_9361435758c99d.so,/home/rzzhang/sad_merged/sad/build/libsad_search_9361435758c99d.so
2026-08-20T19:48:24.785143+00:00,20260820T190931,joint:rzz-hea:4:6ad815b6c0f28387,ok,,rzz-hea,4,8,float64,42,64,2,64,2,1,0.25,rotation,rotation,2,2,compact:L2R0W0-L2R0W0,compact:L2R0W0-L2R0W0,,,merged,optimized,20,3,20,0.20990199999999998,0.2083459,0.20189900000000002,0.21298699999999998,0.0037069902063533934,0.0596396,0.018652799999999997,0.1300535,,,custom:libsad_search_7e5293342e215a.so,/home/rzzhang/sad_merged/sad/build/libsad_search_7e5293342e215a.so
2026-08-20T19:48:24.802268+00:00,20260820T190931,joint:rzz-hea:26:f347b170de6c3302,ok,,rzz-hea,26,8,float64,42,32,2,128,2,1,0.75,rotation,rotation,20,20,compact:L2R0W0-L2R0W0-L2R0W0-L2R0W0-L2R0W0-L2R0W0-L1R0W0-L1R0W0-L1R0W0-L1R0W0-L1R0W0-L1R0W0-L1R0W0-L1R0W0-L1R0W0-L1R0W0-L1R0W0-L1R0W0-L1R0W0-L1R0W0,compact:L2R0W0-L2R0W0-L2R0W0-L2R0W0-L2R0W0-L2R0W0-L1R0W0-L1R0W0-L1R0W0-L1R0W0-L1R0W0-L1R0W0-L1R0W0-L1R0W0-L1R0W0-L1R0W0-L1R0W0-L1R0W0-L1R0W0-L1R0W0,,,split,optimized,2,3,2,1427.7066829999999,1427.7066829999999,1427.645045,1427.768321,0.06163800000001629,448.4364905,10.259556,969.0106364999999,,,custom:libsad_search_0e4f539ceca897.so,/home/rzzhang/sad_merged/sad/build/libsad_search_0e4f539ceca897.so
2026-08-20T19:48:31.983463+00:00,20260820T190931,joint:rzz-hea:8:a5114ba2a6faff75,ok,,rzz-hea,8,8,float64,42,64,2,64,2,2,0.0,rotation,rotation,1,1,compact:L5R2W1,compact:L5R2W1,,,split,optimized,20,3,20,0.356309,0.3564096,0.351239,0.358349,0.0014040629401846547,0.10549929999999999,0.018868850000000003,0.23204144999999998,,,custom:libsad_search_20c37ff249ec0a.so,/home/rzzhang/sad_merged/sad/build/libsad_search_20c37ff249ec0a.so
2026-08-20T19:48:32.003564+00:00,20260820T190931,joint:rzz-hea:20:071d58cd416e4a78,ok,,rzz-hea,20,8,float64,42,128,2,128,2,1,0.75,rotation,rotation,16,16,compact:L2R0W0-L2R0W0-L2R0W0-L2R0W0-L1R0W0-L1R0W0-L1R0W0-L1R0W0-L1R0W0-L1R0W0-L1R0W0-L1R0W0-L1R0W0-L1R0W0-L1R0W0-L1R0W0,compact:L2R0W0-L2R0W0-L2R0W0-L2R0W0-L1R0W0-L1R0W0-L1R0W0-L1R0W0-L1R0W0-L1R0W0-L1R0W0-L1R0W0-L1R0W0-L1R0W0-L1R0W0-L1R0W0,,,merged,optimized,5,3,5,9.819276,9.813016600000001,9.626729000000001,9.929753,0.10349325512437964,2.6470730000000002,0.10081219999999999,7.0651314,,,custom:libsad_search_8fbfac92ec4bef.so,/home/rzzhang/sad_merged/sad/build/libsad_search_8fbfac92ec4bef.so
2026-08-20T19:48:32.097271+00:00,20260820T190931,joint:rzz-hea:18:050992ee17c99318,ok,,rzz-hea,18,8,float64,42,32,2,128,2,2,1.0,rotation,rotation,18,18,compact:L1R0W0-L1R0W0-L1R0W0-L1R0W0-L1R0W0-L1R0W0-L1R0W0-L1R0W0-L1R0W0-L1R0W0-L1R0W0-L1R0W0-L1R0W0-L1R0W0-L1R0W0-L1R0W0-L1R0W0-L1R0W0,compact:L1R0W0-L1R0W0-L1R0W0-L1R0W0-L1R0W0-L1R0W0-L1R0W0-L1R0W0-L1R0W0-L1R0W0-L1R0W0-L1R0W0-L1R0W0-L1R0W0-L1R0W0-L1R0W0-L1R0W0-L1R0W0,,,split,optimized,5,3,5,3.727219,3.7248308000000003,3.7192100000000003,3.728215,0.0035299292004230902,1.2400546,0.0355606,2.4492156,,,custom:libsad_search_2a0e4369743c84.so,/home/rzzhang/sad_merged/sad/build/libsad_search_2a0e4369743c84.so
2026-08-20T19:48:32.134344+00:00,20260820T190931,joint:rzz-hea:20:a1c22cc6c39df523,ok,,rzz-hea,20,8,float64,42,32,2,32,2,1,0.0,rotation,rotation,3,3,compact:L5R2W0-L5R2W0-L5R1W0,compact:L5R2W0-L5R2W0-L5R1W0,,,merged,optimized,5,3,5,7.336061,7.337166400000001,7.331788,7.34215,0.003589247196836677,1.6020524000000003,0.0960948,5.6390192,,,custom:libsad_search_f9cdaf042a7bd6.so,/home/rzzhang/sad_merged/sad/build/libsad_search_f9cdaf042a7bd6.so
2026-08-20T19:48:32.201287+00:00,20260820T190931,joint:rzz-hea:8:16f07c5d6119158c,ok,,rzz-hea,8,8,float64,42,128,2,128,2,1,0.0,legacy,legacy,0,0,,,,,not_applicable,legacy-generic,20,3,20,0.41054650000000004,0.41049569999999996,0.40947,0.41258700000000004,0.0009857228870225117,0.1272059,0.018726,0.2645638,,,custom:libsad_search_78e231cd0d5107.so,/home/rzzhang/sad_merged/sad/build/libsad_search_78e231cd0d5107.so
2026-08-20T19:48:32.217178+00:00,20260820T190931,joint:rzz-hea:10:85c9de20bb15077e,ok,,rzz-hea,10,8,float64,42,128,2,128,2,2,0.0,rotation,rotation,2,2,compact:L5R0W0-L5R0W0,compact:L5R0W0-L5R0W0,,,split,optimized,10,3,10,0.532934,0.5326555,0.528474,0.534801,0.00155996290019987,0.1567731,0.0187586,0.3571238,,,custom:libsad_search_d02bea87aa5c56.so,/home/rzzhang/sad_merged/sad/build/libsad_search_d02bea87aa5c56.so
2026-08-20T19:48:32.230579+00:00,20260820T190931,joint:rzz-hea:26:9b384f4dc83af0d9,ok,,rzz-hea,26,8,float64,42,32,2,32,2,2,0.75,rotation,rotation,20,20,compact:L2R0W0-L2R0W0-L2R0W0-L2R0W0-L2R0W0-L2R0W0-L1R0W0-L1R0W0-L1R0W0-L1R0W0-L1R0W0-L1R0W0-L1R0W0-L1R0W0-L1R0W0-L1R0W0-L1R0W0-L1R0W0-L1R0W0-L1R0W0,compact:L2R0W0-L2R0W0-L2R0W0-L2R0W0-L2R0W0-L2R0W0-L1R0W0-L1R0W0-L1R0W0-L1R0W0-L1R0W0-L1R0W0-L1R0W0-L1R0W0-L1R0W0-L1R0W0-L1R0W0-L1R0W0-L1R0W0-L1R0W0,,,merged,optimized,2,3,2,1440.212132,1440.212132,1439.41115,1441.013114,0.80098200000009,415.2878955,10.8282635,1014.0959729999998,,,custom:libsad_search_dcff342f285260.so,/home/rzzhang/sad_merged/sad/build/libsad_search_dcff342f285260.so
2026-08-20T19:48:39.412310+00:00,20260820T190931,joint:rzz-hea:18:2ed93a534ce74d76,ok,,rzz-hea,18,8,float64,42,64,2,64,2,1,0.0,legacy,legacy,0,0,,,,,not_applicable,legacy-generic,5,3,5,2.423818,2.4249546000000004,2.4227090000000002,2.429927,0.002563807683895212,0.7114879999999999,0.0350878,1.6783788000000002,,,custom:libsad_search_5a6ce94d125b8e.so,/home/rzzhang/sad_merged/sad/build/libsad_search_5a6ce94d125b8e.so
2026-08-20T19:48:39.452979+00:00,20260820T190931,joint:rzz-hea:24:802e20d8764aab45,ok,,rzz-hea,24,8,float64,42,32,2,32,2,1,0.5,rotation,rotation,14,14,compact:L2R0W0-L2R0W0-L2R0W0-L2R0W0-L2R0W0-L2R0W0-L2R0W0-L2R0W0-L2R0W0-L2R0W0-L1R0W0-L1R0W0-L1R0W0-L1R0W0,compact:L2R0W0-L2R0W0-L2R0W0-L2R0W0-L2R0W0-L2R0W0-L2R0W0-L2R0W0-L2R0W0-L2R0W0-L1R0W0-L1R0W0-L1R0W0-L1R0W0,,,merged,optimized,3,3,3,262.71997400000004,262.2408193333334,260.543673,263.458811,1.2373895333058653,71.75390566666665,1.918609,188.56830466666665,,,custom:libsad_search_f9cdaf042a7bd6.so,/home/rzzhang/sad_merged/sad/build/libsad_search_f9cdaf042a7bd6.so
2026-08-20T19:48:41.044934+00:00,20260820T190931,joint:rzz-hea:8:a693b5bb82a81e55,ok,,rzz-hea,8,8,float64,42,32,2,32,2,1,1.0,rotation,rotation,8,8,compact:L1R0W0-L1R0W0-L1R0W0-L1R0W0-L1R0W0-L1R0W0-L1R0W0-L1R0W0,compact:L1R0W0-L1R0W0-L1R0W0-L1R0W0-L1R0W0-L1R0W0-L1R0W0-L1R0W0,,,split,optimized,20,3,20,0.7061225,0.7039947,0.6776989999999999,0.711768,0.008729420090131987,0.27374105,0.0189998,0.4112538500000001,,,custom:libsad_search_3cb67c7e18cc99.so,/home/rzzhang/sad_merged/sad/build/libsad_search_3cb67c7e18cc99.so
2026-08-20T19:48:41.071537+00:00,20260820T190931,joint:rzz-hea:26:48b6627f0917d888,ok,,rzz-hea,26,8,float64,42,64,2,64,2,1,0.75,rotation,rotation,20,20,compact:L2R0W0-L2R0W0-L2R0W0-L2R0W0-L2R0W0-L2R0W0-L1R0W0-L1R0W0-L1R0W0-L1R0W0-L1R0W0-L1R0W0-L1R0W0-L1R0W0-L1R0W0-L1R0W0-L1R0W0-L1R0W0-L1R0W0-L1R0W0,compact:L2R0W0-L2R0W0-L2R0W0-L2R0W0-L2R0W0-L2R0W0-L1R0W0-L1R0W0-L1R0W0-L1R0W0-L1R0W0-L1R0W0-L1R0W0-L1R0W0-L1R0W0-L1R0W0-L1R0W0-L1R0W0-L1R0W0-L1R0W0,,,merged,optimized,2,3,2,1419.3242245,1419.3242245,1415.95059,1422.6978589999999,3.37363449999998,404.944639,10.1354595,1004.2441260000002,,,custom:libsad_search_7e5293342e215a.so,/home/rzzhang/sad_merged/sad/build/libsad_search_7e5293342e215a.so
2026-08-20T19:48:48.180042+00:00,20260820T190931,joint:rzz-hea:20:e71108f372bfeea8,ok,,rzz-hea,20,8,float64,42,64,2,64,2,2,1.0,rotation,rotation,20,20,compact:L1R0W0-L1R0W0-L1R0W0-L1R0W0-L1R0W0-L1R0W0-L1R0W0-L1R0W0-L1R0W0-L1R0W0-L1R0W0-L1R0W0-L1R0W0-L1R0W0-L1R0W0-L1R0W0-L1R0W0-L1R0W0-L1R0W0-L1R0W0,compact:L1R0W0-L1R0W0-L1R0W0-L1R0W0-L1R0W0-L1R0W0-L1R0W0-L1R0W0-L1R0W0-L1R0W0-L1R0W0-L1R0W0-L1R0W0-L1R0W0-L1R0W0-L1R0W0-L1R0W0-L1R0W0-L1R0W0-L1R0W0,,,split,optimized,5,3,5,10.093382,10.0543364,9.941938,10.108562,0.06348160928520924,3.300824,0.1009606,6.6525518,,,custom:libsad_search_20c37ff249ec0a.so,/home/rzzhang/sad_merged/sad/build/libsad_search_20c37ff249ec0a.so
2026-08-20T19:48:48.276410+00:00,20260820T190931,joint:rzz-hea:28:b06540ec2ce46f4e,ok,,rzz-hea,28,8,float64,42,32,2,128,2,1,1.0,rotation,rotation,28,28,compact:L1R0W0-L1R0W0-L1R0W0-L1R0W0-L1R0W0-L1R0W0-L1R0W0-L1R0W0-L1R0W0-L1R0W0-L1R0W0-L1R0W0-L1R0W0-L1R0W0-L1R0W0-L1R0W0-L1R0W0-L1R0W0-L1R0W0-L1R0W0-L1R0W0-L1R0W0-L1R0W0-L1R0W0-L1R0W0-L1R0W0-L1R0W0-L1R0W0,compact:L1R0W0-L1R0W0-L1R0W0-L1R0W0-L1R0W0-L1R0W0-L1R0W0-L1R0W0-L1R0W0-L1R0W0-L1R0W0-L1R0W0-L1R0W0-L1R0W0-L1R0W0-L1R0W0-L1R0W0-L1R0W0-L1R0W0-L1R0W0-L1R0W0-L1R0W0-L1R0W0-L1R0W0-L1R0W0-L1R0W0-L1R0W0-L1R0W0,,,split,optimized,2,3,2,7735.8551035,7735.8551035,7734.204929,7737.5052780000005,1.6501745000000483,2395.011015,85.4336755,5255.410413,,,custom:libsad_search_0e4f539ceca897.so,/home/rzzhang/sad_merged/sad/build/libsad_search_0e4f539ceca897.so
2026-08-20T19:49:26.970577+00:00,20260820T190931,joint:rzz-hea:20:67ea15d1cfc704df,ok,,rzz-hea,20,8,float64,42,128,2,128,2,1,0.75,rotation,rotation,16,16,compact:L2R0W0-L2R0W0-L2R0W0-L2R0W0-L1R0W0-L1R0W0-L1R0W0-L1R0W0-L1R0W0-L1R0W0-L1R0W0-L1R0W0-L1R0W0-L1R0W0-L1R0W0-L1R0W0,compact:L2R0W0-L2R0W0-L2R0W0-L2R0W0-L1R0W0-L1R0W0-L1R0W0-L1R0W0-L1R0W0-L1R0W0-L1R0W0-L1R0W0-L1R0W0-L1R0W0-L1R0W0-L1R0W0,,,split,optimized,5,3,5,9.713709000000001,9.683767200000002,9.559292000000001,9.717697000000001,0.062261270479809436,2.966386,0.1011952,6.616186000000001,,,custom:libsad_search_9361435758c99d.so,/home/rzzhang/sad_merged/sad/build/libsad_search_9361435758c99d.so
2026-08-20T19:49:27.069902+00:00,20260820T190931,joint:rzz-hea:10:1135310391fd72f7,ok,,rzz-hea,10,8,float64,42,32,2,128,2,1,1.0,rotation,rotation,10,10,compact:L1R0W0-L1R0W0-L1R0W0-L1R0W0-L1R0W0-L1R0W0-L1R0W0-L1R0W0-L1R0W0-L1R0W0,compact:L1R0W0-L1R0W0-L1R0W0-L1R0W0-L1R0W0-L1R0W0-L1R0W0-L1R0W0-L1R0W0-L1R0W0,,,merged,optimized,10,3,10,0.934741,0.9332119999999999,0.9277020000000001,0.93683,0.0031257059682573947,0.3417291,0.0187754,0.5727074999999999,,,custom:libsad_search_2a8327787a9aac.so,/home/rzzhang/sad_merged/sad/build/libsad_search_2a8327787a9aac.so
2026-08-20T19:49:27.094709+00:00,20260820T190931,joint:rzz-hea:28:4d5f4f7ceb1bb87e,ok,,rzz-hea,28,8,float64,42,64,2,64,2,1,0.0,rotation,rotation,4,4,compact:L5R2W0-L5R2W0-L5R2W0-L5R2W0,compact:L5R2W0-L5R2W0-L5R2W0-L5R2W0,,,split,optimized,2,3,2,2825.7783595,2825.7783595,2823.940227,2827.6164919999997,1.8381324999998014,768.3888814999999,85.1137965,1972.2756815,,,custom:libsad_search_7ec063ebc99501.so,/home/rzzhang/sad_merged/sad/build/libsad_search_7ec063ebc99501.so
2026-08-20T19:49:41.263923+00:00,20260820T190931,joint:rzz-hea:16:7c9eb4c9414a703a,ok,,rzz-hea,16,8,float64,42,128,2,32,2,1,0.5,rotation,rotation,9,10,compact:L2R0W0-L2R0W0-L2R0W0-L2R0W0-L2R0W0-L2R0W0-L2R0W0-L1R0W0-L1R0W0,compact:L2R0W0-L2R0W0-L2R0W0-L2R0W0-L2R0W0-L2R0W0-L1R0W0-L1R0W0-L1R0W0-L1R0W0,,,merged,optimized,5,3,5,1.5849240000000002,1.584688,1.5830410000000001,1.5863239999999998,0.001090094858257657,0.49268939999999994,0.018892000000000003,1.0731066,,,custom:libsad_search_5851e15f736f52.so,/home/rzzhang/sad_merged/sad/build/libsad_search_5851e15f736f52.so
2026-08-20T19:49:41.293339+00:00,20260820T190931,joint:rzz-hea:18:30616a41ca23ccac,ok,,rzz-hea,18,8,float64,42,32,2,128,2,2,0.5,rotation,rotation,10,10,compact:L2R0W0-L2R0W0-L2R0W0-L2R0W0-L2R0W0-L2R0W0-L2R0W0-L2R0W0-L1R0W0-L1R0W0,compact:L2R0W0-L2R0W0-L2R0W0-L2R0W0-L2R0W0-L2R0W0-L2R0W0-L2R0W0-L1R0W0-L1R0W0,,,split,optimized,5,3,5,2.8488200000000004,2.8483138,2.845589,2.850604,0.0018486254785651452,0.8548344,0.0353692,1.9581102,,,custom:libsad_search_2a0e4369743c84.so,/home/rzzhang/sad_merged/sad/build/libsad_search_2a0e4369743c84.so
2026-08-20T19:49:41.336402+00:00,20260820T190931,joint:rzz-hea:28:cae8d7bc11ff0a80,ok,,rzz-hea,28,8,float64,42,128,2,128,2,2,0.0,rotation,rotation,4,4,compact:L5R2W0-L5R2W0-L5R2W0-L5R2W0,compact:L5R2W0-L5R2W0-L5R2W0-L5R2W0,,,merged,optimized,2,3,2,2659.2262905000002,2659.2262905000002,2654.273318,2664.1792630000004,4.9529725000002145,632.4381685,85.11988400000001,1941.6682380000002,,,custom:libsad_search_b969ada61d8a74.so,/home/rzzhang/sad_merged/sad/build/libsad_search_b969ada61d8a74.so
2026-08-20T19:49:54.629360+00:00,20260820T190931,joint:rzz-hea:8:00cf8c122974de79,ok,,rzz-hea,8,8,float64,42,32,2,128,2,2,0.0,rotation,rotation,2,1,compact:L4R0W0-L4R0W0,compact:L5R2W1,,,split,optimized,20,3,20,0.43102799999999997,0.42650344999999995,0.40849199999999997,0.43239299999999997,0.007609875429170975,0.12849465,0.019128299999999997,0.27888050000000003,,,custom:libsad_search_2a0e4369743c84.so,/home/rzzhang/sad_merged/sad/build/libsad_search_2a0e4369743c84.so
2026-08-20T19:49:54.652359+00:00,20260820T190931,joint:rzz-hea:8:624e96a86efc4711,ok,,rzz-hea,8,8,float64,42,128,2,128,2,1,0.25,rotation,rotation,3,3,compact:L3R0W0-L3R0W0-L2R0W0,compact:L3R0W0-L3R0W0-L2R0W0,,,merged,optimized,20,3,20,0.43918099999999993,0.44078495,0.437145,0.448461,0.003985409031391878,0.1463358,0.0186384,0.27581074999999994,,,custom:libsad_search_8fbfac92ec4bef.so,/home/rzzhang/sad_merged/sad/build/libsad_search_8fbfac92ec4bef.so
2026-08-20T19:49:54.673938+00:00,20260820T190931,joint:rzz-hea:22:2021d15ec35fac1e,ok,,rzz-hea,22,8,float64,42,32,2,32,2,1,1.0,rotation,rotation,22,22,compact:L1R0W0-L1R0W0-L1R0W0-L1R0W0-L1R0W0-L1R0W0-L1R0W0-L1R0W0-L1R0W0-L1R0W0-L1R0W0-L1R0W0-L1R0W0-L1R0W0-L1R0W0-L1R0W0-L1R0W0-L1R0W0-L1R0W0-L1R0W0-L1R0W0-L1R0W0,compact:L1R0W0-L1R0W0-L1R0W0-L1R0W0-L1R0W0-L1R0W0-L1R0W0-L1R0W0-L1R0W0-L1R0W0-L1R0W0-L1R0W0-L1R0W0-L1R0W0-L1R0W0-L1R0W0-L1R0W0-L1R0W0-L1R0W0-L1R0W0-L1R0W0-L1R0W0,,,split,optimized,3,3,3,82.13163600000001,82.90987666666666,81.993533,84.60446099999999,1.1995777470249827,13.920787333333331,0.42500666666666664,68.56408266666666,,,custom:libsad_search_3cb67c7e18cc99.so,/home/rzzhang/sad_merged/sad/build/libsad_search_3cb67c7e18cc99.so
2026-08-20T19:49:55.198496+00:00,20260820T190931,joint:rzz-hea:18:c8c0a877ec86a1b0,ok,,rzz-hea,18,8,float64,42,32,2,32,2,1,1.0,rotation,rotation,18,18,compact:L1R0W0-L1R0W0-L1R0W0-L1R0W0-L1R0W0-L1R0W0-L1R0W0-L1R0W0-L1R0W0-L1R0W0-L1R0W0-L1R0W0-L1R0W0-L1R0W0-L1R0W0-L1R0W0-L1R0W0-L1R0W0,compact:L1R0W0-L1R0W0-L1R0W0-L1R0W0-L1R0W0-L1R0W0-L1R0W0-L1R0W0-L1R0W0-L1R0W0-L1R0W0-L1R0W0-L1R0W0-L1R0W0-L1R0W0-L1R0W0-L1R0W0-L1R0W0,,,split,optimized,5,3,5,3.6146920000000002,3.560414,3.462054,3.6321730000000003,0.08007676026663423,1.253827,0.035452199999999996,2.2711348,,,custom:libsad_search_3cb67c7e18cc99.so,/home/rzzhang/sad_merged/sad/build/libsad_search_3cb67c7e18cc99.so
2026-08-20T19:49:55.234663+00:00,20260820T190931,joint:rzz-hea:20:49e669d57f038961,ok,,rzz-hea,20,8,float64,42,128,2,128,2,1,0.25,rotation,rotation,7,7,compact:L3R0W0-L3R0W0-L3R0W0-L3R0W0-L3R0W0-L3R0W0-L2R0W0,compact:L3R0W0-L3R0W0-L3R0W0-L3R0W0-L3R0W0-L3R0W0-L2R0W0,,,merged,optimized,5,3,5,7.995254,7.9939713999999995,7.987346999999999,8.002517,0.0056039414201078585,1.8213584,0.0946298,6.077983199999999,,,custom:libsad_search_8fbfac92ec4bef.so,/home/rzzhang/sad_merged/sad/build/libsad_search_8fbfac92ec4bef.so
2026-08-20T19:49:55.306728+00:00,20260820T190931,joint:rzz-hea:16:da3f932c429dac2e,ok,,rzz-hea,16,8,float64,42,128,2,128,2,2,0.75,rotation,rotation,12,12,compact:L2R0W0-L2R0W0-L2R0W0-L2R0W0-L1R0W0-L1R0W0-L1R0W0-L1R0W0-L1R0W0-L1R0W0-L1R0W0-L1R0W0,compact:L2R0W0-L2R0W0-L2R0W0-L2R0W0-L1R0W0-L1R0W0-L1R0W0-L1R0W0-L1R0W0-L1R0W0-L1R0W0-L1R0W0,,,split,optimized,5,3,5,1.7098389999999999,1.709798,1.70803,1.7110789999999998,0.0011179486571394758,0.5962854000000001,0.019169,1.0943436,,,custom:libsad_search_d02bea87aa5c56.so,/home/rzzhang/sad_merged/sad/build/libsad_search_d02bea87aa5c56.so
2026-08-20T19:49:55.327457+00:00,20260820T190931,joint:rzz-hea:24:3442fe1950663312,ok,,rzz-hea,24,8,float64,42,32,2,128,2,1,0.0,rotation,rotation,4,3,compact:L5R1W0-L5R1W0-L5R1W0-L5R1W0,compact:L5R2W1-L5R2W1-L5R2W1,,,merged,optimized,3,3,3,146.537598,146.185261,145.169563,146.848622,0.7293448213051648,27.494288333333337,1.765795,116.92517766666667,,,custom:libsad_search_2a8327787a9aac.so,/home/rzzhang/sad_merged/sad/build/libsad_search_2a8327787a9aac.so
2026-08-20T19:49:56.210513+00:00,20260820T190931,joint:rzz-hea:12:b0ffbcadca7c7c70,ok,,rzz-hea,12,8,float64,42,32,2,32,2,1,0.0,rotation,rotation,2,2,compact:L5R1W0-L5R1W0,compact:L5R1W0-L5R1W0,,,split,optimized,10,3,10,0.506908,0.5040618,0.482169,0.507908,0.007567672572198146,0.1545312,0.0190426,0.330488,,,custom:libsad_search_3cb67c7e18cc99.so,/home/rzzhang/sad_merged/sad/build/libsad_search_3cb67c7e18cc99.so
2026-08-20T19:49:56.226735+00:00,20260820T190931,joint:rzz-hea:18:1a71edd4d724eb10,ok,,rzz-hea,18,8,float64,42,32,2,128,2,2,0.25,rotation,rotation,7,6,compact:L3R0W0-L3R0W0-L3R0W0-L3R0W0-L2R0W0-L2R0W0-L2R0W0,compact:L3R0W0-L3R0W0-L3R0W0-L3R0W0-L3R0W0-L3R0W0,,,merged,optimized,5,3,5,2.663476,2.6724731999999998,2.6556919999999997,2.696169,0.01570425511000122,0.6472840000000001,0.0352108,1.9899784,,,custom:libsad_search_fce412939d20fb.so,/home/rzzhang/sad_merged/sad/build/libsad_search_fce412939d20fb.so
2026-08-20T19:49:56.255885+00:00,20260820T190931,joint:rzz-hea:24:b73492fe0be0a5f2,ok,,rzz-hea,24,8,float64,42,32,2,128,2,1,0.25,rotation,rotation,9,8,compact:L3R0W0-L3R0W0-L3R0W0-L3R0W0-L3R0W0-L3R0W0-L2R0W0-L2R0W0-L2R0W0,compact:L3R0W0-L3R0W0-L3R0W0-L3R0W0-L3R0W0-L3R0W0-L3R0W0-L3R0W0,,,split,optimized,3,3,3,188.288905,187.86835566666664,178.444449,196.871713,7.528774178122642,60.34839933333333,1.9786309999999998,125.54132533333332,,,custom:libsad_search_0e4f539ceca897.so,/home/rzzhang/sad_merged/sad/build/libsad_search_0e4f539ceca897.so
2026-08-20T19:49:57.368176+00:00,20260820T190931,joint:rzz-hea:28:020d46a4f8781538,ok,,rzz-hea,28,8,float64,42,64,2,64,2,1,0.25,rotation,rotation,10,10,compact:L3R0W0-L3R0W0-L3R0W0-L3R0W0-L3R0W0-L3R0W0-L3R0W0-L3R0W0-L2R0W0-L2R0W0,compact:L3R0W0-L3R0W0-L3R0W0-L3R0W0-L3R0W0-L3R0W0-L3R0W0-L3R0W0-L2R0W0-L2R0W0,,,merged,optimized,2,3,2,3447.4349295,3447.4349295,3443.875759,3450.9941,3.5591704999999365,946.5251910000001,85.67880099999999,2415.2309374999995,,,custom:libsad_search_7e5293342e215a.so,/home/rzzhang/sad_merged/sad/build/libsad_search_7e5293342e215a.so
2026-08-20T19:50:14.613890+00:00,20260820T190931,joint:rzz-hea:18:fab121f0e0f2eb4a,ok,,rzz-hea,18,8,float64,42,32,2,32,2,2,1.0,rotation,rotation,18,18,compact:L1R0W0-L1R0W0-L1R0W0-L1R0W0-L1R0W0-L1R0W0-L1R0W0-L1R0W0-L1R0W0-L1R0W0-L1R0W0-L1R0W0-L1R0W0-L1R0W0-L1R0W0-L1R0W0-L1R0W0-L1R0W0,compact:L1R0W0-L1R0W0-L1R0W0-L1R0W0-L1R0W0-L1R0W0-L1R0W0-L1R0W0-L1R0W0-L1R0W0-L1R0W0-L1R0W0-L1R0W0-L1R0W0-L1R0W0-L1R0W0-L1R0W0-L1R0W0,,,split,optimized,5,3,5,3.6271970000000002,3.6389761999999997,3.622762,3.6923959999999996,0.026772514050047453,1.2885634000000001,0.03555420000000001,2.3148585999999995,,,custom:libsad_search_16d9d6cef53b3d.so,/home/rzzhang/sad_merged/sad/build/libsad_search_16d9d6cef53b3d.so
2026-08-20T19:50:14.664814+00:00,20260820T190931,joint:rzz-hea:6:29ea61a800f8054d,ok,,rzz-hea,6,8,float64,42,32,2,128,2,2,1.0,rotation,rotation,6,6,compact:L1R0W0-L1R0W0-L1R0W0-L1R0W0-L1R0W0-L1R0W0,compact:L1R0W0-L1R0W0-L1R0W0-L1R0W0-L1R0W0-L1R0W0,,,merged,optimized,20,3,20,0.47402099999999997,0.47340115000000005,0.465859,0.48225599999999996,0.006530370772590181,0.16099555,0.018789999999999998,0.2936156,,,custom:libsad_search_fce412939d20fb.so,/home/rzzhang/sad_merged/sad/build/libsad_search_fce412939d20fb.so
2026-08-20T19:50:14.688480+00:00,20260820T190931,joint:rzz-hea:4:e42da27490c3cc25,ok,,rzz-hea,4,8,float64,42,64,2,64,2,1,0.25,rotation,rotation,2,2,compact:L2R0W0-L2R0W0,compact:L2R0W0-L2R0W0,,,split,optimized,20,3,20,0.2620025,0.2617466,0.260125,0.263104,0.0007769412075569055,0.08870434999999999,0.018993700000000002,0.15404855,,,custom:libsad_search_7ec063ebc99501.so,/home/rzzhang/sad_merged/sad/build/libsad_search_7ec063ebc99501.so
2026-08-20T19:50:14.706449+00:00,20260820T190931,joint:rzz-hea:12:ff4330713f00c671,ok,,rzz-hea,12,8,float64,42,32,2,32,2,2,0.0,rotation,rotation,2,2,compact:L5R1W0-L5R1W0,compact:L5R1W0-L5R1W0,,,merged,optimized,10,3,10,0.41782949999999996,0.4184858,0.417632,0.42091800000000007,0.0010793538622713228,0.1356176,0.019049,0.2638192,,,custom:libsad_search_dcff342f285260.so,/home/rzzhang/sad_merged/sad/build/libsad_search_dcff342f285260.so
2026-08-20T19:50:14.724505+00:00,20260820T190931,joint:rzz-hea:20:b37f3510d490984d,ok,,rzz-hea,20,8,float64,42,32,2,128,2,2,0.0,rotation,rotation,3,3,compact:L5R2W0-L5R2W0-L5R1W0,compact:L5R2W0-L5R2W0-L5R1W0,,,merged,optimized,5,3,5,7.572496,7.5724632,7.568362,7.575601000000001,0.0023700939559437428,1.6044656,0.09916680000000001,5.8688308,,,custom:libsad_search_fce412939d20fb.so,/home/rzzhang/sad_merged/sad/build/libsad_search_fce412939d20fb.so
2026-08-20T19:50:14.807794+00:00,20260820T190931,joint:rzz-hea:6:5e2b7d9725d16e21,ok,,rzz-hea,6,8,float64,42,32,2,128,2,1,1.0,rotation,rotation,6,6,compact:L1R0W0-L1R0W0-L1R0W0-L1R0W0-L1R0W0-L1R0W0,compact:L1R0W0-L1R0W0-L1R0W0-L1R0W0-L1R0W0-L1R0W0,,,merged,optimized,20,3,20,0.46278050000000004,0.46081734999999996,0.455611,0.46395299999999995,0.002968165953497205,0.15528195,0.01896825,0.28656715,,,custom:libsad_search_2a8327787a9aac.so,/home/rzzhang/sad_merged/sad/build/libsad_search_2a8327787a9aac.so
2026-08-20T19:50:14.830736+00:00,20260820T190931,joint:rzz-hea:18:5507522138ad01f7,ok,,rzz-hea,18,8,float64,42,128,2,32,2,2,0.75,rotation,rotation,14,14,compact:L2R0W0-L2R0W0-L2R0W0-L2R0W0-L1R0W0-L1R0W0-L1R0W0-L1R0W0-L1R0W0-L1R0W0-L1R0W0-L1R0W0-L1R0W0-L1R0W0,compact:L2R0W0-L2R0W0-L2R0W0-L2R0W0-L1R0W0-L1R0W0-L1R0W0-L1R0W0-L1R0W0-L1R0W0-L1R0W0-L1R0W0-L1R0W0-L1R0W0,,,split,optimized,5,3,5,3.13958,3.1378744000000003,3.1332690000000003,3.141513,0.003057696950320582,1.1175228,0.03517,1.9851816000000002,,,custom:libsad_search_3b115211f38255.so,/home/rzzhang/sad_merged/sad/build/libsad_search_3b115211f38255.so
2026-08-20T19:50:14.875917+00:00,20260820T190931,joint:rzz-hea:18:1aacb2401cfcd711,ok,,rzz-hea,18,8,float64,42,128,2,32,2,1,0.25,rotation,rotation,6,7,compact:L3R0W0-L3R0W0-L3R0W0-L3R0W0-L3R0W0-L3R0W0,compact:L3R0W0-L3R0W0-L3R0W0-L3R0W0-L2R0W0-L2R0W0-L2R0W0,,,merged,optimized,5,3,5,2.58433,2.5830952,2.5784800000000003,2.5846560000000003,0.002340793489396179,0.6617512,0.0355132,1.8858308000000001,,,custom:libsad_search_5851e15f736f52.so,/home/rzzhang/sad_merged/sad/build/libsad_search_5851e15f736f52.so
2026-08-20T19:50:14.911441+00:00,20260820T190931,joint:rzz-hea:6:4a801e2e0cd41c7f,ok,,rzz-hea,6,8,float64,42,32,2,128,2,1,0.0,rotation,rotation,1,1,compact:L5R1W0,compact:L5R1W0,,,split,optimized,20,3,20,0.29593400000000003,0.296359,0.29476399999999997,0.302047,0.0014940599050908279,0.07723195000000001,0.01882635,0.2003007,,,custom:libsad_search_0e4f539ceca897.so,/home/rzzhang/sad_merged/sad/build/libsad_search_0e4f539ceca897.so
2026-08-20T19:50:14.924769+00:00,20260820T190931,joint:rzz-hea:20:2723b43efa826536,ok,,rzz-hea,20,8,float64,42,128,2,128,2,1,0.25,rotation,rotation,7,7,compact:L3R0W0-L3R0W0-L3R0W0-L3R0W0-L3R0W0-L3R0W0-L2R0W0,compact:L3R0W0-L3R0W0-L3R0W0-L3R0W0-L3R0W0-L3R0W0-L2R0W0,,,split,optimized,5,3,5,7.692311999999999,7.704554399999999,7.674818,7.74926,0.028339223649211064,2.0639017999999996,0.0978722,5.5427804,,,custom:libsad_search_9361435758c99d.so,/home/rzzhang/sad_merged/sad/build/libsad_search_9361435758c99d.so
2026-08-20T19:50:14.994400+00:00,20260820T190931,joint:rzz-hea:8:57d7a404b36168f9,ok,,rzz-hea,8,8,float64,42,64,2,64,2,1,0.75,rotation,rotation,6,6,compact:L2R0W0-L2R0W0-L1R0W0-L1R0W0-L1R0W0-L1R0W0,compact:L2R0W0-L2R0W0-L1R0W0-L1R0W0-L1R0W0-L1R0W0,,,merged,optimized,20,3,20,0.5284675,0.5289074,0.527222,0.531622,0.0014503014307377696,0.20439120000000002,0.01876535,0.30575085,,,custom:libsad_search_7e5293342e215a.so,/home/rzzhang/sad_merged/sad/build/libsad_search_7e5293342e215a.so
2026-08-20T19:50:15.013228+00:00,20260820T190931,joint:rzz-hea:22:171eb2d33698ec65,ok,,rzz-hea,22,8,float64,42,32,2,32,2,2,0.25,rotation,rotation,8,8,compact:L3R0W0-L3R0W0-L3R0W0-L3R0W0-L3R0W0-L3R0W0-L2R0W0-L2R0W0,compact:L3R0W0-L3R0W0-L3R0W0-L3R0W0-L3R0W0-L3R0W0-L2R0W0-L2R0W0,,,split,optimized,3,3,3,38.990162999999995,38.936596,38.781303,39.038322,0.11155494672133447,9.738771666666667,0.45555700000000005,28.74226733333333,,,custom:libsad_search_16d9d6cef53b3d.so,/home/rzzhang/sad_merged/sad/build/libsad_search_16d9d6cef53b3d.so
2026-08-20T19:50:15.253943+00:00,20260820T190931,joint:rzz-hea:26:f4bc9059b8007c89,ok,,rzz-hea,26,8,float64,42,64,2,64,2,2,0.75,rotation,rotation,20,20,compact:L2R0W0-L2R0W0-L2R0W0-L2R0W0-L2R0W0-L2R0W0-L1R0W0-L1R0W0-L1R0W0-L1R0W0-L1R0W0-L1R0W0-L1R0W0-L1R0W0-L1R0W0-L1R0W0-L1R0W0-L1R0W0-L1R0W0-L1R0W0,compact:L2R0W0-L2R0W0-L2R0W0-L2R0W0-L2R0W0-L2R0W0-L1R0W0-L1R0W0-L1R0W0-L1R0W0-L1R0W0-L1R0W0-L1R0W0-L1R0W0-L1R0W0-L1R0W0-L1R0W0-L1R0W0-L1R0W0-L1R0W0,,,split,optimized,2,3,2,1433.4573259999997,1433.4573259999997,1431.1810409999998,1435.7336109999999,2.27628500000003,449.202256,10.240636,974.0144339999999,,,custom:libsad_search_20c37ff249ec0a.so,/home/rzzhang/sad_merged/sad/build/libsad_search_20c37ff249ec0a.so
2026-08-20T19:50:22.439798+00:00,20260820T190931,joint:rzz-hea:6:36247bea08344ea6,ok,,rzz-hea,6,8,float64,42,128,2,128,2,1,0.75,rotation,rotation,5,5,compact:L2R0W0-L1R0W0-L1R0W0-L1R0W0-L1R0W0,compact:L2R0W0-L1R0W0-L1R0W0-L1R0W0-L1R0W0,,,split,optimized,20,3,20,0.521194,0.5152614,0.49043600000000004,0.528342,0.014349096328340675,0.17985295,0.01893525,0.3164732,,,custom:libsad_search_9361435758c99d.so,/home/rzzhang/sad_merged/sad/build/libsad_search_9361435758c99d.so
2026-08-20T19:50:22.463996+00:00,20260820T190931,joint:rzz-hea:18:dd6d16099d37c12a,ok,,rzz-hea,18,8,float64,42,64,2,64,2,1,0.75,rotation,rotation,14,14,compact:L2R0W0-L2R0W0-L2R0W0-L2R0W0-L1R0W0-L1R0W0-L1R0W0-L1R0W0-L1R0W0-L1R0W0-L1R0W0-L1R0W0-L1R0W0-L1R0W0,compact:L2R0W0-L2R0W0-L2R0W0-L2R0W0-L1R0W0-L1R0W0-L1R0W0-L1R0W0-L1R0W0-L1R0W0-L1R0W0-L1R0W0-L1R0W0-L1R0W0,,,merged,optimized,5,3,5,3.326957,3.3257254000000005,3.320966,3.3270790000000003,0.002383539099742337,0.9878694000000001,0.035330400000000005,2.3025256,,,custom:libsad_search_7e5293342e215a.so,/home/rzzhang/sad_merged/sad/build/libsad_search_7e5293342e215a.so
2026-08-20T19:50:22.510354+00:00,20260820T190931,joint:rzz-hea:16:3ea6cd0a317a2f3b,ok,,rzz-hea,16,8,float64,42,32,2,32,2,1,0.25,rotation,rotation,6,6,compact:L3R0W0-L3R0W0-L3R0W0-L3R0W0-L2R0W0-L2R0W0,compact:L3R0W0-L3R0W0-L3R0W0-L3R0W0-L2R0W0-L2R0W0,,,split,optimized,5,3,5,1.126312,1.1269122,1.124239,1.131302,0.002442120259119128,0.3453374,0.0191284,0.7624464,,,custom:libsad_search_3cb67c7e18cc99.so,/home/rzzhang/sad_merged/sad/build/libsad_search_3cb67c7e18cc99.so
2026-08-20T19:50:22.526278+00:00,20260820T190931,joint:rzz-hea:22:4faeb32fd00c9ce2,ok,,rzz-hea,22,8,float64,42,128,2,32,2,2,0.25,rotation,rotation,8,8,compact:L3R0W0-L3R0W0-L3R0W0-L3R0W0-L3R0W0-L3R0W0-L2R0W0-L2R0W0,compact:L3R0W0-L3R0W0-L3R0W0-L3R0W0-L3R0W0-L3R0W0-L2R0W0-L2R0W0,,,split,optimized,3,3,3,38.382740999999996,38.356884666666666,38.222074,38.465839,0.1011821996411543,9.153287333333335,0.45585166666666666,28.747745666666667,,,custom:libsad_search_3b115211f38255.so,/home/rzzhang/sad_merged/sad/build/libsad_search_3b115211f38255.so
2026-08-20T19:50:22.764731+00:00,20260820T190931,joint:rzz-hea:20:494a8fbb884b5514,ok,,rzz-hea,20,8,float64,42,128,2,128,2,2,0.75,rotation,rotation,16,16,compact:L2R0W0-L2R0W0-L2R0W0-L2R0W0-L1R0W0-L1R0W0-L1R0W0-L1R0W0-L1R0W0-L1R0W0-L1R0W0-L1R0W0-L1R0W0-L1R0W0-L1R0W0-L1R0W0,compact:L2R0W0-L2R0W0-L2R0W0-L2R0W0-L1R0W0-L1R0W0-L1R0W0-L1R0W0-L1R0W0-L1R0W0-L1R0W0-L1R0W0-L1R0W0-L1R0W0-L1R0W0-L1R0W0,,,split,optimized,5,3,5,9.489126,9.5145988,9.397008,9.640211999999998,0.08559751635275402,2.9303065999999998,0.1012036,6.483088600000001,,,custom:libsad_search_d02bea87aa5c56.so,/home/rzzhang/sad_merged/sad/build/libsad_search_d02bea87aa5c56.so
2026-08-20T19:50:22.851634+00:00,20260820T190931,joint:rzz-hea:20:e469e08e09cf1f9d,ok,,rzz-hea,20,8,float64,42,32,2,128,2,1,0.25,rotation,rotation,7,7,compact:L3R0W0-L3R0W0-L3R0W0-L3R0W0-L3R0W0-L3R0W0-L2R0W0,compact:L3R0W0-L3R0W0-L3R0W0-L3R0W0-L3R0W0-L3R0W0-L2R0W0,,,split,optimized,5,3,5,7.714881,7.720173,7.709783,7.744772,0.012888250695885785,2.1007992,0.0943932,5.5249806,,,custom:libsad_search_0e4f539ceca897.so,/home/rzzhang/sad_merged/sad/build/libsad_search_0e4f539ceca897.so
2026-08-20T19:50:22.922223+00:00,20260820T190931,joint:rzz-hea:14:7070964122bd2a4f,ok,,rzz-hea,14,8,float64,42,128,2,128,2,1,0.5,rotation,rotation,8,8,compact:L2R0W0-L2R0W0-L2R0W0-L2R0W0-L2R0W0-L2R0W0-L1R0W0-L1R0W0,compact:L2R0W0-L2R0W0-L2R0W0-L2R0W0-L2R0W0-L2R0W0-L1R0W0-L1R0W0,,,merged,optimized,10,3,10,1.078226,1.07602,1.06822,1.079691,0.00390971495124642,0.3986536,0.018744900000000002,0.6586215000000001,,,custom:libsad_search_8fbfac92ec4bef.so,/home/rzzhang/sad_merged/sad/build/libsad_search_8fbfac92ec4bef.so
2026-08-20T19:50:22.943366+00:00,20260820T190931,joint:rzz-hea:18:9adb05eb27cbdf89,ok,,rzz-hea,18,8,float64,42,32,2,128,2,2,0.0,rotation,rotation,3,2,compact:L5R1W0-L5R1W0-L5R1W0,compact:L5R2W2-L5R2W2,,,split,optimized,5,3,5,2.2107669999999997,2.21075,2.209637,2.2117780000000002,0.0006926046491326542,0.5977132000000001,0.0352296,1.5778072,,,custom:libsad_search_2a0e4369743c84.so,/home/rzzhang/sad_merged/sad/build/libsad_search_2a0e4369743c84.so
2026-08-20T19:50:22.971337+00:00,20260820T190931,joint:rzz-hea:10:5b4a60f3ed74b0b7,ok,,rzz-hea,10,8,float64,42,128,2,128,2,2,0.25,rotation,rotation,4,4,compact:L3R0W0-L3R0W0-L2R0W0-L2R0W0,compact:L3R0W0-L3R0W0-L2R0W0-L2R0W0,,,split,optimized,10,3,10,0.6491279999999999,0.6492720999999999,0.645135,0.65225,0.0017857814227950754,0.21166040000000003,0.0187232,0.4188885,,,custom:libsad_search_d02bea87aa5c56.so,/home/rzzhang/sad_merged/sad/build/libsad_search_d02bea87aa5c56.so
2026-08-20T19:50:22.986417+00:00,20260820T190931,joint:rzz-hea:6:338bca039252b61b,ok,,rzz-hea,6,8,float64,42,32,2,32,2,1,0.0,rotation,rotation,1,1,compact:L5R1W0,compact:L5R1W0,,,merged,optimized,20,3,20,0.2129685,0.21299665,0.21184899999999998,0.213996,0.000519727358814217,0.05611254999999999,0.0187568,0.13812729999999998,,,custom:libsad_search_f9cdaf042a7bd6.so,/home/rzzhang/sad_merged/sad/build/libsad_search_f9cdaf042a7bd6.so
2026-08-20T19:50:22.998413+00:00,20260820T190931,joint:rzz-hea:16:cc0f70321cb897bc,ok,,rzz-hea,16,8,float64,42,128,2,128,2,1,0.75,rotation,rotation,12,12,compact:L2R0W0-L2R0W0-L2R0W0-L2R0W0-L1R0W0-L1R0W0-L1R0W0-L1R0W0-L1R0W0-L1R0W0-L1R0W0-L1R0W0,compact:L2R0W0-L2R0W0-L2R0W0-L2R0W0-L1R0W0-L1R0W0-L1R0W0-L1R0W0-L1R0W0-L1R0W0-L1R0W0-L1R0W0,,,merged,optimized,5,3,5,1.850435,1.8507380000000002,1.849263,1.852327,0.0010356173038337858,0.5990966,0.019267399999999997,1.232374,,,custom:libsad_search_8fbfac92ec4bef.so,/home/rzzhang/sad_merged/sad/build/libsad_search_8fbfac92ec4bef.so
2026-08-20T19:50:23.020049+00:00,20260820T190931,joint:rzz-hea:28:1835cee5e3a5b256,ok,,rzz-hea,28,8,float64,42,128,2,128,2,1,1.0,rotation,rotation,28,28,compact:L1R0W0-L1R0W0-L1R0W0-L1R0W0-L1R0W0-L1R0W0-L1R0W0-L1R0W0-L1R0W0-L1R0W0-L1R0W0-L1R0W0-L1R0W0-L1R0W0-L1R0W0-L1R0W0-L1R0W0-L1R0W0-L1R0W0-L1R0W0-L1R0W0-L1R0W0-L1R0W0-L1R0W0-L1R0W0-L1R0W0-L1R0W0-L1R0W0,compact:L1R0W0-L1R0W0-L1R0W0-L1R0W0-L1R0W0-L1R0W0-L1R0W0-L1R0W0-L1R0W0-L1R0W0-L1R0W0-L1R0W0-L1R0W0-L1R0W0-L1R0W0-L1R0W0-L1R0W0-L1R0W0-L1R0W0-L1R0W0-L1R0W0-L1R0W0-L1R0W0-L1R0W0-L1R0W0-L1R0W0-L1R0W0-L1R0W0,,,merged,optimized,2,3,2,7607.201703500001,7607.201703500001,7604.808561000001,7609.594846,2.3931424999996125,2198.725248,85.08494350000001,5323.391512,,,custom:libsad_search_8fbfac92ec4bef.so,/home/rzzhang/sad_merged/sad/build/libsad_search_8fbfac92ec4bef.so
2026-08-20T19:51:01.089129+00:00,20260820T190931,joint:rzz-hea:16:610e02abca363371,ok,,rzz-hea,16,8,float64,42,32,2,128,2,1,0.5,rotation,rotation,10,9,compact:L2R0W0-L2R0W0-L2R0W0-L2R0W0-L2R0W0-L2R0W0-L1R0W0-L1R0W0-L1R0W0-L1R0W0,compact:L2R0W0-L2R0W0-L2R0W0-L2R0W0-L2R0W0-L2R0W0-L2R0W0-L1R0W0-L1R0W0,,,merged,optimized,5,3,5,1.626835,1.6260504,1.621111,1.628162,0.002587824538101481,0.4865082,0.0187866,1.1207555999999999,,,custom:libsad_search_2a8327787a9aac.so,/home/rzzhang/sad_merged/sad/build/libsad_search_2a8327787a9aac.so
2026-08-20T19:51:01.119002+00:00,20260820T190931,joint:rzz-hea:8:2a11b0891854ae34,ok,,rzz-hea,8,8,float64,42,32,2,32,2,1,0.25,rotation,rotation,4,4,compact:L2R0W0-L2R0W0-L2R0W0-L2R0W0,compact:L2R0W0-L2R0W0-L2R0W0-L2R0W0,,,split,optimized,20,3,20,0.474062,0.47431729999999994,0.473038,0.476152,0.0010102970899690871,0.1658508,0.01882365,0.28964285,,,custom:libsad_search_3cb67c7e18cc99.so,/home/rzzhang/sad_merged/sad/build/libsad_search_3cb67c7e18cc99.so
2026-08-20T19:51:01.141773+00:00,20260820T190931,joint:rzz-hea:10:9b79715ba8c93069,ok,,rzz-hea,10,8,float64,42,128,2,128,2,2,0.5,rotation,rotation,6,6,compact:L2R0W0-L2R0W0-L2R0W0-L2R0W0-L1R0W0-L1R0W0,compact:L2R0W0-L2R0W0-L2R0W0-L2R0W0-L1R0W0-L1R0W0,,,split,optimized,10,3,10,0.7674515,0.7705088,0.7666850000000001,0.796652,0.008771756526488879,0.26662220000000003,0.0218354,0.4820512,,,custom:libsad_search_d02bea87aa5c56.so,/home/rzzhang/sad_merged/sad/build/libsad_search_d02bea87aa5c56.so
2026-08-20T19:51:01.164324+00:00,20260820T190931,joint:rzz-hea:22:574204f872f3219b,ok,,rzz-hea,22,8,float64,42,128,2,128,2,1,0.25,rotation,rotation,8,8,compact:L3R0W0-L3R0W0-L3R0W0-L3R0W0-L3R0W0-L3R0W0-L2R0W0-L2R0W0,compact:L3R0W0-L3R0W0-L3R0W0-L3R0W0-L3R0W0-L3R0W0-L2R0W0-L2R0W0,,,merged,optimized,3,3,3,38.865253,38.824831,38.741247,38.867993000000006,0.05911339775944897,7.303881333333334,0.42058466666666666,31.100365,,,custom:libsad_search_8fbfac92ec4bef.so,/home/rzzhang/sad_merged/sad/build/libsad_search_8fbfac92ec4bef.so
2026-08-20T19:51:01.415946+00:00,20260820T190931,joint:rzz-hea:4:bd3c0faf70ab9064,ok,,rzz-hea,4,8,float64,42,128,2,128,2,1,0.0,rotation,rotation,1,1,compact:L4R0W0,compact:L4R0W0,,,merged,optimized,20,3,20,0.220023,0.21805884999999997,0.20766099999999998,0.227346,0.005471373294475535,0.053423450000000004,0.018887950000000004,0.14574745,,,custom:libsad_search_8fbfac92ec4bef.so,/home/rzzhang/sad_merged/sad/build/libsad_search_8fbfac92ec4bef.so
2026-08-20T19:51:01.427335+00:00,20260820T190931,joint:rzz-hea:20:05923a4605052d86,ok,,rzz-hea,20,8,float64,42,128,2,128,2,1,0.0,rotation,rotation,3,3,compact:L5R2W0-L5R2W0-L5R1W0,compact:L5R2W0-L5R2W0-L5R1W0,,,split,optimized,5,3,5,7.292947,7.3068578,7.281499,7.366645,0.031013332761249717,1.8646914,0.0948098,5.3473566,,,custom:libsad_search_9361435758c99d.so,/home/rzzhang/sad_merged/sad/build/libsad_search_9361435758c99d.so
2026-08-20T19:51:01.495699+00:00,20260820T190931,joint:rzz-hea:18:63b88c225306c161,ok,,rzz-hea,18,8,float64,42,128,2,32,2,1,0.0,rotation,rotation,2,3,compact:L5R2W2-L5R2W2,compact:L5R1W0-L5R1W0-L5R1W0,,,merged,optimized,5,3,5,2.284332,2.2844546,2.283396,2.285578,0.0009209389990655165,0.5015306,0.0355368,1.7473872000000001,,,custom:libsad_search_5851e15f736f52.so,/home/rzzhang/sad_merged/sad/build/libsad_search_5851e15f736f52.so
2026-08-20T19:51:01.521945+00:00,20260820T190931,joint:rzz-hea:22:7485f9dac117f191,ok,,rzz-hea,22,8,float64,42,32,2,32,2,2,0.5,rotation,rotation,13,13,compact:L2R0W0-L2R0W0-L2R0W0-L2R0W0-L2R0W0-L2R0W0-L2R0W0-L2R0W0-L2R0W0-L1R0W0-L1R0W0-L1R0W0-L1R0W0,compact:L2R0W0-L2R0W0-L2R0W0-L2R0W0-L2R0W0-L2R0W0-L2R0W0-L2R0W0-L2R0W0-L1R0W0-L1R0W0-L1R0W0-L1R0W0,,,merged,optimized,3,3,3,53.405963,53.380124333333335,53.28847,53.44594000000001,0.0668327651497084,9.145221,0.4226876666666667,43.812215666666674,,,custom:libsad_search_dcff342f285260.so,/home/rzzhang/sad_merged/sad/build/libsad_search_dcff342f285260.so
2026-08-20T19:51:01.851277+00:00,20260820T190931,joint:rzz-hea:20:a03b259a3481875d,ok,,rzz-hea,20,8,float64,42,128,2,32,2,1,0.0,rotation,rotation,3,3,compact:L5R2W0-L5R2W0-L5R1W0,compact:L5R2W0-L5R2W0-L5R1W0,,,merged,optimized,5,3,5,7.456738,7.452492599999999,7.386429,7.569146,0.06558732997340269,1.6567904000000002,0.09924160000000001,5.6964606,,,custom:libsad_search_5851e15f736f52.so,/home/rzzhang/sad_merged/sad/build/libsad_search_5851e15f736f52.so
2026-08-20T19:51:01.920520+00:00,20260820T190931,joint:rzz-hea:10:01afee66613d7e68,ok,,rzz-hea,10,8,float64,42,128,2,128,2,2,1.0,rotation,rotation,10,10,compact:L1R0W0-L1R0W0-L1R0W0-L1R0W0-L1R0W0-L1R0W0-L1R0W0-L1R0W0-L1R0W0-L1R0W0,compact:L1R0W0-L1R0W0-L1R0W0-L1R0W0-L1R0W0-L1R0W0-L1R0W0-L1R0W0-L1R0W0-L1R0W0,,,merged,optimized,10,3,10,0.956808,0.9560568999999999,0.950465,0.95859,0.002482037729366753,0.3799273,0.018748199999999996,0.5573813999999999,,,custom:libsad_search_b969ada61d8a74.so,/home/rzzhang/sad_merged/sad/build/libsad_search_b969ada61d8a74.so
2026-08-20T19:51:01.939678+00:00,20260820T190931,joint:rzz-hea:10:1e66444d3f5d6923,ok,,rzz-hea,10,8,float64,42,32,2,32,2,1,0.0,rotation,rotation,2,2,compact:L5R0W0-L5R0W0,compact:L5R0W0-L5R0W0,,,merged,optimized,10,3,10,0.3727225,0.373016,0.37257700000000005,0.37387499999999996,0.0005098668453625749,0.12396370000000001,0.0187902,0.2302621,,,custom:libsad_search_f9cdaf042a7bd6.so,/home/rzzhang/sad_merged/sad/build/libsad_search_f9cdaf042a7bd6.so
2026-08-20T19:51:01.951397+00:00,20260820T190931,joint:rzz-hea:4:a28887a59c87f078,ok,,rzz-hea,4,8,float64,42,128,2,128,2,2,0.0,rotation,rotation,1,1,compact:L4R0W0,compact:L4R0W0,,,merged,optimized,20,3,20,0.204393,0.20163989999999998,0.196603,0.205907,0.003512454126390837,0.04866115000000001,0.018634150000000002,0.1343446,,,custom:libsad_search_b969ada61d8a74.so,/home/rzzhang/sad_merged/sad/build/libsad_search_b969ada61d8a74.so
2026-08-20T19:51:01.962369+00:00,20260820T190931,joint:rzz-hea:26:6707dfcb07c1fa4c,ok,,rzz-hea,26,8,float64,42,128,2,32,2,2,0.25,rotation,rotation,9,10,compact:L3R0W0-L3R0W0-L3R0W0-L3R0W0-L3R0W0-L3R0W0-L3R0W0-L3R0W0-L2R0W0,compact:L3R0W0-L3R0W0-L3R0W0-L3R0W0-L3R0W0-L3R0W0-L2R0W0-L2R0W0-L2R0W0-L2R0W0,,,merged,optimized,2,3,2,819.8638699999999,819.8638699999999,819.209425,820.5183149999999,0.6544449999999529,202.916818,10.820838499999999,606.1262135000001,,,custom:libsad_search_d014591f51543a.so,/home/rzzhang/sad_merged/sad/build/libsad_search_d014591f51543a.so
2026-08-20T19:51:06.081662+00:00,20260820T190931,joint:rzz-hea:28:2eb7e4900cd060dd,ok,,rzz-hea,28,8,float64,42,32,2,128,2,1,0.5,rotation,rotation,16,16,compact:L2R0W0-L2R0W0-L2R0W0-L2R0W0-L2R0W0-L2R0W0-L2R0W0-L2R0W0-L2R0W0-L2R0W0-L2R0W0-L2R0W0-L1R0W0-L1R0W0-L1R0W0-L1R0W0,compact:L2R0W0-L2R0W0-L2R0W0-L2R0W0-L2R0W0-L2R0W0-L2R0W0-L2R0W0-L2R0W0-L2R0W0-L2R0W0-L2R0W0-L1R0W0-L1R0W0-L1R0W0-L1R0W0,,,split,optimized,2,3,2,4822.5106385,4822.5106385,4820.740301000001,4824.280976,1.7703374999996413,1486.669644,84.660463,3251.1805315,,,custom:libsad_search_0e4f539ceca897.so,/home/rzzhang/sad_merged/sad/build/libsad_search_0e4f539ceca897.so
2026-08-20T19:51:30.244842+00:00,20260820T190931,joint:rzz-hea:6:dadf3ffa69f8a005,ok,,rzz-hea,6,8,float64,42,128,2,128,2,2,0.25,rotation,rotation,2,2,compact:L3R0W0-L3R0W0,compact:L3R0W0-L3R0W0,,,merged,optimized,20,3,20,0.31526,0.3201556,0.314101,0.33772199999999997,0.009104345706309703,0.0914567,0.018743899999999997,0.209955,,,custom:libsad_search_b969ada61d8a74.so,/home/rzzhang/sad_merged/sad/build/libsad_search_b969ada61d8a74.so
2026-08-20T19:51:30.265323+00:00,20260820T190931,joint:rzz-hea:14:6db47e31e7bfd808,ok,,rzz-hea,14,8,float64,42,128,2,128,2,1,0.0,rotation,rotation,2,2,compact:L5R2W0-L5R2W0,compact:L5R2W0-L5R2W0,,,merged,optimized,10,3,10,0.6387704999999999,0.6385955,0.631187,0.645836,0.0032927019679891856,0.1932746,0.0185917,0.4267292,,,custom:libsad_search_8fbfac92ec4bef.so,/home/rzzhang/sad_merged/sad/build/libsad_search_8fbfac92ec4bef.so
2026-08-20T19:51:30.285337+00:00,20260820T190931,joint:rzz-hea:14:5500b9089c4b0e36,ok,,rzz-hea,14,8,float64,42,32,2,128,2,2,0.5,rotation,rotation,8,8,compact:L2R0W0-L2R0W0-L2R0W0-L2R0W0-L2R0W0-L2R0W0-L1R0W0-L1R0W0,compact:L2R0W0-L2R0W0-L2R0W0-L2R0W0-L2R0W0-L2R0W0-L1R0W0-L1R0W0,,,split,optimized,10,3,10,1.046319,1.0459785,1.044559,1.046755,0.0006622095212242055,0.3359689,0.0189449,0.6910647,,,custom:libsad_search_2a0e4369743c84.so,/home/rzzhang/sad_merged/sad/build/libsad_search_2a0e4369743c84.so
2026-08-20T19:51:30.310627+00:00,20260820T190931,joint:rzz-hea:10:ee164f0b7d6b559c,ok,,rzz-hea,10,8,float64,42,32,2,128,2,2,0.0,rotation,rotation,2,2,compact:L5R0W0-L5R0W0,compact:L5R0W0-L5R0W0,,,split,optimized,10,3,10,0.5139830000000001,0.5134916,0.5080270000000001,0.514987,0.001943763936284421,0.13722389999999998,0.018236600000000002,0.3580311,,,custom:libsad_search_2a0e4369743c84.so,/home/rzzhang/sad_merged/sad/build/libsad_search_2a0e4369743c84.so
2026-08-20T19:51:30.330511+00:00,20260820T190931,joint:rzz-hea:20:d91675399c2e8371,ok,,rzz-hea,20,8,float64,42,32,2,32,2,2,0.75,rotation,rotation,16,16,compact:L2R0W0-L2R0W0-L2R0W0-L2R0W0-L1R0W0-L1R0W0-L1R0W0-L1R0W0-L1R0W0-L1R0W0-L1R0W0-L1R0W0-L1R0W0-L1R0W0-L1R0W0-L1R0W0,compact:L2R0W0-L2R0W0-L2R0W0-L2R0W0-L1R0W0-L1R0W0-L1R0W0-L1R0W0-L1R0W0-L1R0W0-L1R0W0-L1R0W0-L1R0W0-L1R0W0-L1R0W0-L1R0W0,,,merged,optimized,5,3,5,9.468321999999999,9.5250552,9.196467,9.881632000000002,0.3062244373980626,2.7634848,0.0965066,6.6650638,,,custom:libsad_search_dcff342f285260.so,/home/rzzhang/sad_merged/sad/build/libsad_search_dcff342f285260.so
2026-08-20T19:51:30.428253+00:00,20260820T190931,joint:rzz-hea:4:e976e5c74c77deb5,ok,,rzz-hea,4,8,float64,42,64,2,64,2,1,1.0,rotation,rotation,4,4,compact:L1R0W0-L1R0W0-L1R0W0-L1R0W0,compact:L1R0W0-L1R0W0-L1R0W0-L1R0W0,,,merged,optimized,20,3,20,0.2969695,0.2965102,0.29072099999999995,0.29907100000000003,0.0025008446493135186,0.1000023,0.01888645,0.17762145000000001,,,custom:libsad_search_7e5293342e215a.so,/home/rzzhang/sad_merged/sad/build/libsad_search_7e5293342e215a.so
2026-08-20T19:51:30.447137+00:00,20260820T190931,joint:rzz-hea:14:975f04fb72df2a78,ok,,rzz-hea,14,8,float64,42,64,2,64,2,1,0.75,rotation,rotation,11,11,compact:L2R0W0-L2R0W0-L2R0W0-L1R0W0-L1R0W0-L1R0W0-L1R0W0-L1R0W0-L1R0W0-L1R0W0-L1R0W0,compact:L2R0W0-L2R0W0-L2R0W0-L1R0W0-L1R0W0-L1R0W0-L1R0W0-L1R0W0-L1R0W0-L1R0W0-L1R0W0,,,split,optimized,10,3,10,1.1571875,1.1576824000000001,1.156085,1.15987,0.001238292954029813,0.4484065,0.018833000000000003,0.6904429,,,custom:libsad_search_7ec063ebc99501.so,/home/rzzhang/sad_merged/sad/build/libsad_search_7ec063ebc99501.so
2026-08-20T19:51:30.475318+00:00,20260820T190931,joint:rzz-hea:6:aa73b5887eeb83f9,ok,,rzz-hea,6,8,float64,42,128,2,128,2,2,0.25,rotation,rotation,2,2,compact:L3R0W0-L3R0W0,compact:L3R0W0-L3R0W0,,,split,optimized,20,3,20,0.3531655,0.35211525000000005,0.346183,0.355308,0.0024475090168373185,0.10679879999999999,0.0188751,0.22644135,,,custom:libsad_search_d02bea87aa5c56.so,/home/rzzhang/sad_merged/sad/build/libsad_search_d02bea87aa5c56.so
2026-08-20T19:51:30.496192+00:00,20260820T190931,joint:rzz-hea:20:19e92b0dbbe4a48e,ok,,rzz-hea,20,8,float64,42,128,2,32,2,1,0.25,rotation,rotation,7,7,compact:L3R0W0-L3R0W0-L3R0W0-L3R0W0-L3R0W0-L3R0W0-L2R0W0,compact:L3R0W0-L3R0W0-L3R0W0-L3R0W0-L3R0W0-L3R0W0-L2R0W0,,,split,optimized,5,3,5,7.450468,7.5245196,7.4434059999999995,7.6502430000000015,0.09458241239596353,2.0763591999999997,0.0995702,5.3485902,,,custom:libsad_search_7259903b8346c4.so,/home/rzzhang/sad_merged/sad/build/libsad_search_7259903b8346c4.so
2026-08-20T19:51:30.573014+00:00,20260820T190931,joint:rzz-hea:16:7fcd576739822616,ok,,rzz-hea,16,8,float64,42,32,2,128,2,1,1.0,rotation,rotation,16,16,compact:L1R0W0-L1R0W0-L1R0W0-L1R0W0-L1R0W0-L1R0W0-L1R0W0-L1R0W0-L1R0W0-L1R0W0-L1R0W0-L1R0W0-L1R0W0-L1R0W0-L1R0W0-L1R0W0,compact:L1R0W0-L1R0W0-L1R0W0-L1R0W0-L1R0W0-L1R0W0-L1R0W0-L1R0W0-L1R0W0-L1R0W0-L1R0W0-L1R0W0-L1R0W0-L1R0W0-L1R0W0-L1R0W0,,,split,optimized,5,3,5,2.0087409999999997,2.0081803999999996,2.006082,2.0099799999999997,0.0014437033767362101,0.6868954,0.018961,1.302324,,,custom:libsad_search_0e4f539ceca897.so,/home/rzzhang/sad_merged/sad/build/libsad_search_0e4f539ceca897.so
2026-08-20T19:51:30.596425+00:00,20260820T190931,joint:rzz-hea:20:e61fe795ae0f0a1d,ok,,rzz-hea,20,8,float64,42,32,2,128,2,1,0.25,rotation,rotation,7,7,compact:L3R0W0-L3R0W0-L3R0W0-L3R0W0-L3R0W0-L3R0W0-L2R0W0,compact:L3R0W0-L3R0W0-L3R0W0-L3R0W0-L3R0W0-L3R0W0-L2R0W0,,,merged,optimized,5,3,5,8.002424000000001,8.0013414,7.991432,8.010722,0.006190752445381775,1.8277784,0.0944974,6.0790656,,,custom:libsad_search_2a8327787a9aac.so,/home/rzzhang/sad_merged/sad/build/libsad_search_2a8327787a9aac.so
2026-08-20T19:51:30.669054+00:00,20260820T190931,joint:rzz-hea:22:c6d32f29505dbbb4,ok,,rzz-hea,22,8,float64,42,64,2,64,2,2,0.0,rotation,rotation,3,3,compact:L5R2W1-L5R2W0-L5R2W0,compact:L5R2W1-L5R2W0-L5R2W0,,,merged,optimized,3,3,3,31.299329,31.271747333333337,31.199805,31.316108000000003,0.05133003152368271,6.455804666666666,0.390471,24.425471666666667,,,custom:libsad_search_97eec9f2a848ec.so,/home/rzzhang/sad_merged/sad/build/libsad_search_97eec9f2a848ec.so
2026-08-20T19:51:30.866289+00:00,20260820T190931,joint:rzz-hea:4:78173ddd3b19528b,ok,,rzz-hea,4,8,float64,42,32,2,128,2,1,1.0,rotation,rotation,4,4,compact:L1R0W0-L1R0W0-L1R0W0-L1R0W0,compact:L1R0W0-L1R0W0-L1R0W0-L1R0W0,,,split,optimized,20,3,20,0.366282,0.36824825,0.35763799999999996,0.378756,0.006997072608419899,0.1257315,0.01874085,0.2237759,,,custom:libsad_search_0e4f539ceca897.so,/home/rzzhang/sad_merged/sad/build/libsad_search_0e4f539ceca897.so
2026-08-20T19:51:30.881802+00:00,20260820T190931,joint:rzz-hea:28:4f1f4ed35cd0e4d1,ok,,rzz-hea,28,8,float64,42,32,2,32,2,2,1.0,rotation,rotation,28,28,compact:L1R0W0-L1R0W0-L1R0W0-L1R0W0-L1R0W0-L1R0W0-L1R0W0-L1R0W0-L1R0W0-L1R0W0-L1R0W0-L1R0W0-L1R0W0-L1R0W0-L1R0W0-L1R0W0-L1R0W0-L1R0W0-L1R0W0-L1R0W0-L1R0W0-L1R0W0-L1R0W0-L1R0W0-L1R0W0-L1R0W0-L1R0W0-L1R0W0,compact:L1R0W0-L1R0W0-L1R0W0-L1R0W0-L1R0W0-L1R0W0-L1R0W0-L1R0W0-L1R0W0-L1R0W0-L1R0W0-L1R0W0-L1R0W0-L1R0W0-L1R0W0-L1R0W0-L1R0W0-L1R0W0-L1R0W0-L1R0W0-L1R0W0-L1R0W0-L1R0W0-L1R0W0-L1R0W0-L1R0W0-L1R0W0-L1R0W0,,,merged,optimized,2,3,2,7651.303438,7651.303438,7644.043234,7658.563642,7.260204000000158,2213.6487815,85.00764099999999,5352.6470155,,,custom:libsad_search_dcff342f285260.so,/home/rzzhang/sad_merged/sad/build/libsad_search_dcff342f285260.so
2026-08-20T19:52:09.152244+00:00,20260820T190931,joint:rzz-hea:4:7f77f94a626d6652,ok,,rzz-hea,4,8,float64,42,32,2,32,2,1,0.5,rotation,rotation,2,2,compact:L2R0W0-L2R0W0,compact:L2R0W0-L2R0W0,,,split,optimized,20,3,20,0.263133,0.2669729,0.261108,0.278789,0.006875906863098133,0.09142990000000001,0.0189086,0.15663439999999998,,,custom:libsad_search_3cb67c7e18cc99.so,/home/rzzhang/sad_merged/sad/build/libsad_search_3cb67c7e18cc99.so
2026-08-20T19:52:09.171012+00:00,20260820T190931,joint:rzz-hea:14:040ad83a4701365b,ok,,rzz-hea,14,8,float64,42,128,2,128,2,1,0.5,rotation,rotation,8,8,compact:L2R0W0-L2R0W0-L2R0W0-L2R0W0-L2R0W0-L2R0W0-L1R0W0-L1R0W0,compact:L2R0W0-L2R0W0-L2R0W0-L2R0W0-L2R0W0-L2R0W0-L1R0W0-L1R0W0,,,split,optimized,10,3,10,1.1284295,1.1287062,1.1272959999999999,1.131523,0.001215598601512909,0.40149360000000006,0.0191636,0.7080489999999999,,,custom:libsad_search_9361435758c99d.so,/home/rzzhang/sad_merged/sad/build/libsad_search_9361435758c99d.so
2026-08-20T19:52:09.198881+00:00,20260820T190931,joint:rzz-hea:24:34e1b2ca434aa653,ok,,rzz-hea,24,8,float64,42,32,2,128,2,1,0.0,rotation,rotation,4,3,compact:L5R1W0-L5R1W0-L5R1W0-L5R1W0,compact:L5R2W1-L5R2W1-L5R2W1,,,split,optimized,3,3,3,148.661298,148.96487333333334,147.95608800000002,150.277234,0.9716131519575422,37.393977,1.830176,109.74072033333333,,,custom:libsad_search_0e4f539ceca897.so,/home/rzzhang/sad_merged/sad/build/libsad_search_0e4f539ceca897.so
2026-08-20T19:52:10.123692+00:00,20260820T190931,joint:rzz-hea:16:aec07497a35c0f72,ok,,rzz-hea,16,8,float64,42,128,2,32,2,1,0.75,rotation,rotation,12,13,compact:L2R0W0-L2R0W0-L2R0W0-L2R0W0-L1R0W0-L1R0W0-L1R0W0-L1R0W0-L1R0W0-L1R0W0-L1R0W0-L1R0W0,compact:L2R0W0-L2R0W0-L2R0W0-L1R0W0-L1R0W0-L1R0W0-L1R0W0-L1R0W0-L1R0W0-L1R0W0-L1R0W0-L1R0W0-L1R0W0,,,merged,optimized,5,3,5,1.8034590000000001,1.8357636,1.7968289999999998,1.906112,0.04561597310416606,0.6206972,0.019230399999999998,1.1958360000000001,,,custom:libsad_search_5851e15f736f52.so,/home/rzzhang/sad_merged/sad/build/libsad_search_5851e15f736f52.so
2026-08-20T19:52:10.150782+00:00,20260820T190931,joint:rzz-hea:14:e5752d8f46307176,ok,,rzz-hea,14,8,float64,42,64,2,64,2,2,1.0,rotation,rotation,14,14,compact:L1R0W0-L1R0W0-L1R0W0-L1R0W0-L1R0W0-L1R0W0-L1R0W0-L1R0W0-L1R0W0-L1R0W0-L1R0W0-L1R0W0-L1R0W0-L1R0W0,compact:L1R0W0-L1R0W0-L1R0W0-L1R0W0-L1R0W0-L1R0W0-L1R0W0-L1R0W0-L1R0W0-L1R0W0-L1R0W0-L1R0W0-L1R0W0-L1R0W0,,,split,optimized,10,3,10,1.357284,1.3601406,1.353668,1.3761720000000002,0.0074341063511360085,0.5432902,0.0190332,0.7978172,,,custom:libsad_search_20c37ff249ec0a.so,/home/rzzhang/sad_merged/sad/build/libsad_search_20c37ff249ec0a.so
2026-08-20T19:52:10.175771+00:00,20260820T190931,joint:rzz-hea:12:869e34a18cd9c334,ok,,rzz-hea,12,8,float64,42,64,2,64,2,1,0.75,rotation,rotation,10,10,compact:L2R0W0-L2R0W0-L1R0W0-L1R0W0-L1R0W0-L1R0W0-L1R0W0-L1R0W0-L1R0W0-L1R0W0,compact:L2R0W0-L2R0W0-L1R0W0-L1R0W0-L1R0W0-L1R0W0-L1R0W0-L1R0W0-L1R0W0-L1R0W0,,,merged,optimized,10,3,10,0.9308270000000001,0.9310767999999999,0.9297310000000001,0.932664,0.0007743712029769594,0.3765241,0.018681800000000002,0.5358709,,,custom:libsad_search_7e5293342e215a.so,/home/rzzhang/sad_merged/sad/build/libsad_search_7e5293342e215a.so
2026-08-20T19:52:10.194753+00:00,20260820T190931,joint:rzz-hea:18:c3a086c0c82676eb,ok,,rzz-hea,18,8,float64,42,64,2,64,2,1,0.25,rotation,rotation,7,7,compact:L3R0W0-L3R0W0-L3R0W0-L3R0W0-L2R0W0-L2R0W0-L2R0W0,compact:L3R0W0-L3R0W0-L3R0W0-L3R0W0-L2R0W0-L2R0W0-L2R0W0,,,merged,optimized,5,3,5,2.700233,2.6988618,2.6920960000000003,2.701564,0.003423117958820438,0.6792201999999999,0.035417800000000006,1.9842237999999996,,,custom:libsad_search_7e5293342e215a.so,/home/rzzhang/sad_merged/sad/build/libsad_search_7e5293342e215a.so
2026-08-20T19:52:10.223894+00:00,20260820T190931,joint:rzz-hea:6:2d5499f36b444865,ok,,rzz-hea,6,8,float64,42,32,2,128,2,1,0.0,rotation,rotation,1,1,compact:L5R1W0,compact:L5R1W0,,,merged,optimized,20,3,20,0.253899,0.25371305,0.24703699999999998,0.255002,0.001593770073599079,0.05608695,0.01872625,0.17889985,,,custom:libsad_search_2a8327787a9aac.so,/home/rzzhang/sad_merged/sad/build/libsad_search_2a8327787a9aac.so
2026-08-20T19:52:10.236537+00:00,20260820T190931,joint:rzz-hea:24:495660e62fb461ee,ok,,rzz-hea,24,8,float64,42,32,2,32,2,2,0.75,rotation,rotation,19,19,compact:L2R0W0-L2R0W0-L2R0W0-L2R0W0-L2R0W0-L1R0W0-L1R0W0-L1R0W0-L1R0W0-L1R0W0-L1R0W0-L1R0W0-L1R0W0-L1R0W0-L1R0W0-L1R0W0-L1R0W0-L1R0W0-L1R0W0,compact:L2R0W0-L2R0W0-L2R0W0-L2R0W0-L2R0W0-L1R0W0-L1R0W0-L1R0W0-L1R0W0-L1R0W0-L1R0W0-L1R0W0-L1R0W0-L1R0W0-L1R0W0-L1R0W0-L1R0W0-L1R0W0-L1R0W0,,,split,optimized,3,3,3,343.160118,343.22710566666666,342.76135200000004,343.759847,0.41037671869499015,106.92513366666667,1.8045196666666665,234.49745233333334,,,custom:libsad_search_16d9d6cef53b3d.so,/home/rzzhang/sad_merged/sad/build/libsad_search_16d9d6cef53b3d.so
2026-08-20T19:52:12.312173+00:00,20260820T190931,joint:rzz-hea:22:3548b2d5626cf008,ok,,rzz-hea,22,8,float64,42,128,2,128,2,2,1.0,rotation,rotation,22,22,compact:L1R0W0-L1R0W0-L1R0W0-L1R0W0-L1R0W0-L1R0W0-L1R0W0-L1R0W0-L1R0W0-L1R0W0-L1R0W0-L1R0W0-L1R0W0-L1R0W0-L1R0W0-L1R0W0-L1R0W0-L1R0W0-L1R0W0-L1R0W0-L1R0W0-L1R0W0,compact:L1R0W0-L1R0W0-L1R0W0-L1R0W0-L1R0W0-L1R0W0-L1R0W0-L1R0W0-L1R0W0-L1R0W0-L1R0W0-L1R0W0-L1R0W0-L1R0W0-L1R0W0-L1R0W0-L1R0W0-L1R0W0-L1R0W0-L1R0W0-L1R0W0-L1R0W0,,,merged,optimized,3,3,3,80.85253900000001,80.79453000000001,80.657014,80.87403700000002,0.09763376701736319,11.421621333333333,0.4063443333333333,68.96656433333332,,,custom:libsad_search_b969ada61d8a74.so,/home/rzzhang/sad_merged/sad/build/libsad_search_b969ada61d8a74.so
2026-08-20T19:52:12.816178+00:00,20260820T190931,joint:rzz-hea:16:3bf155e4011553d1,ok,,rzz-hea,16,8,float64,42,64,2,64,2,2,0.0,rotation,rotation,2,2,compact:L5R2W1-L5R2W1,compact:L5R2W1-L5R2W1,,,merged,optimized,5,3,5,1.038038,1.0364228,1.030138,1.03847,0.003171648870855655,0.2145662,0.019201799999999998,0.8026547999999999,,,custom:libsad_search_97eec9f2a848ec.so,/home/rzzhang/sad_merged/sad/build/libsad_search_97eec9f2a848ec.so
2026-08-20T19:52:12.832523+00:00,20260820T190931,joint:rzz-hea:6:452e376921651ea3,ok,,rzz-hea,6,8,float64,42,64,2,64,2,1,0.5,rotation,rotation,4,4,compact:L2R0W0-L2R0W0-L1R0W0-L1R0W0,compact:L2R0W0-L2R0W0-L1R0W0-L1R0W0,,,merged,optimized,20,3,20,0.351667,0.35190945,0.33783399999999997,0.36056200000000005,0.007189439063480552,0.11875015000000001,0.018698799999999998,0.21446049999999997,,,custom:libsad_search_7e5293342e215a.so,/home/rzzhang/sad_merged/sad/build/libsad_search_7e5293342e215a.so
2026-08-20T19:52:12.847670+00:00,20260820T190931,joint:rzz-hea:18:bda00f7f13cfb58d,ok,,rzz-hea,18,8,float64,42,128,2,128,2,2,0.75,rotation,rotation,14,14,compact:L2R0W0-L2R0W0-L2R0W0-L2R0W0-L1R0W0-L1R0W0-L1R0W0-L1R0W0-L1R0W0-L1R0W0-L1R0W0-L1R0W0-L1R0W0-L1R0W0,compact:L2R0W0-L2R0W0-L2R0W0-L2R0W0-L1R0W0-L1R0W0-L1R0W0-L1R0W0-L1R0W0-L1R0W0-L1R0W0-L1R0W0-L1R0W0-L1R0W0,,,merged,optimized,5,3,5,3.423238,3.4229944000000003,3.421074,3.4242079999999997,0.0012043339404003278,1.0183782,0.0356686,2.3689476,,,custom:libsad_search_b969ada61d8a74.so,/home/rzzhang/sad_merged/sad/build/libsad_search_b969ada61d8a74.so
2026-08-20T19:52:12.882612+00:00,20260820T190931,joint:rzz-hea:10:7987a6f7cd096447,ok,,rzz-hea,10,8,float64,42,64,2,64,2,2,0.25,rotation,rotation,4,4,compact:L3R0W0-L3R0W0-L2R0W0-L2R0W0,compact:L3R0W0-L3R0W0-L2R0W0-L2R0W0,,,merged,optimized,10,3,10,0.502878,0.5029437,0.501522,0.504396,0.0009761492764941242,0.18318210000000001,0.0186342,0.30112740000000005,,,custom:libsad_search_97eec9f2a848ec.so,/home/rzzhang/sad_merged/sad/build/libsad_search_97eec9f2a848ec.so
2026-08-20T19:52:12.895899+00:00,20260820T190931,joint:rzz-hea:4:394b41c128a7f571,ok,,rzz-hea,4,8,float64,42,32,2,32,2,2,0.25,rotation,rotation,2,2,compact:L2R0W0-L2R0W0,compact:L2R0W0-L2R0W0,,,split,optimized,20,3,20,0.25956349999999995,0.2583168,0.2519,0.26391400000000004,0.0031600559267202966,0.0872451,0.01880865,0.15226304999999998,,,custom:libsad_search_16d9d6cef53b3d.so,/home/rzzhang/sad_merged/sad/build/libsad_search_16d9d6cef53b3d.so
2026-08-20T19:52:12.908815+00:00,20260820T190931,joint:rzz-hea:4:d0103338611cc402,ok,,rzz-hea,4,8,float64,42,128,2,32,2,2,0.5,rotation,rotation,2,2,compact:L2R0W0-L2R0W0,compact:L2R0W0-L2R0W0,,,merged,optimized,20,3,20,0.2088595,0.20880364999999998,0.20566700000000002,0.21095199999999997,0.001143560460797761,0.0657159,0.01863985,0.1244479,,,custom:libsad_search_d014591f51543a.so,/home/rzzhang/sad_merged/sad/build/libsad_search_d014591f51543a.so
2026-08-20T19:52:12.920782+00:00,20260820T190931,joint:rzz-hea:14:e382a4a8a7ce7642,ok,,rzz-hea,14,8,float64,42,128,2,128,2,1,0.0,rotation,rotation,2,2,compact:L5R2W0-L5R2W0,compact:L5R2W0-L5R2W0,,,split,optimized,10,3,10,0.664309,0.6644263,0.663403,0.666639,0.0009125545517940073,0.1890041,0.0190022,0.45642000000000005,,,custom:libsad_search_9361435758c99d.so,/home/rzzhang/sad_merged/sad/build/libsad_search_9361435758c99d.so
2026-08-20T19:52:12.936781+00:00,20260820T190931,joint:rzz-hea:24:f7feba8cca7f7c74,ok,,rzz-hea,24,8,float64,42,128,2,32,2,1,0.75,rotation,rotation,19,19,compact:L2R0W0-L2R0W0-L2R0W0-L2R0W0-L2R0W0-L1R0W0-L1R0W0-L1R0W0-L1R0W0-L1R0W0-L1R0W0-L1R0W0-L1R0W0-L1R0W0-L1R0W0-L1R0W0-L1R0W0-L1R0W0-L1R0W0,compact:L2R0W0-L2R0W0-L2R0W0-L2R0W0-L2R0W0-L1R0W0-L1R0W0-L1R0W0-L1R0W0-L1R0W0-L1R0W0-L1R0W0-L1R0W0-L1R0W0-L1R0W0-L1R0W0-L1R0W0-L1R0W0-L1R0W0,,,split,optimized,3,3,3,343.928382,343.94274466666667,343.623192,344.27666,0.2669704370666352,107.29324533333333,1.7732833333333335,234.876216,,,custom:libsad_search_7259903b8346c4.so,/home/rzzhang/sad_merged/sad/build/libsad_search_7259903b8346c4.so
2026-08-20T19:52:15.014428+00:00,20260820T190931,joint:rzz-hea:28:9085e4a5c7801338,ok,,rzz-hea,28,8,float64,42,32,2,128,2,2,0.25,rotation,rotation,10,10,compact:L3R0W0-L3R0W0-L3R0W0-L3R0W0-L3R0W0-L3R0W0-L3R0W0-L3R0W0-L2R0W0-L2R0W0,compact:L3R0W0-L3R0W0-L3R0W0-L3R0W0-L3R0W0-L3R0W0-L3R0W0-L3R0W0-L2R0W0-L2R0W0,,,merged,optimized,2,3,2,3472.373626,3472.373626,3469.6819219999998,3475.0653300000004,2.6917040000003,988.0942809999999,83.55978750000001,2400.7195575,,,custom:libsad_search_fce412939d20fb.so,/home/rzzhang/sad_merged/sad/build/libsad_search_fce412939d20fb.so
2026-08-20T19:52:32.404395+00:00,20260820T190931,joint:rzz-hea:4:58dc6db78f839bfe,ok,,rzz-hea,4,8,float64,42,128,2,32,2,1,0.0,legacy,legacy,0,0,,,,,not_applicable,legacy-generic,20,3,20,0.25752450000000005,0.26588485,0.254906,0.28254799999999997,0.01191902280925328,0.09807764999999999,0.0187626,0.14904460000000003,,,custom:libsad_search_eaf59e83158800.so,/home/rzzhang/sad_merged/sad/build/libsad_search_eaf59e83158800.so
2026-08-20T19:52:32.425835+00:00,20260820T190931,joint:rzz-hea:26:d085f3f30d966feb,ok,,rzz-hea,26,8,float64,42,128,2,32,2,1,0.0,rotation,rotation,3,4,compact:L5R2W2-L5R2W2-L5R2W1,compact:L5R2W0-L5R2W0-L5R1W0-L5R1W0,,,merged,optimized,2,3,2,598.6953880000001,598.6953880000001,598.1698200000001,599.220956,0.5255679999999643,130.104109,10.2078405,458.3834385,,,custom:libsad_search_5851e15f736f52.so,/home/rzzhang/sad_merged/sad/build/libsad_search_5851e15f736f52.so
2026-08-20T19:52:35.446365+00:00,20260820T190931,joint:rzz-hea:26:a777225a7221ebf8,ok,,rzz-hea,26,8,float64,42,128,2,128,2,1,0.75,rotation,rotation,20,20,compact:L2R0W0-L2R0W0-L2R0W0-L2R0W0-L2R0W0-L2R0W0-L1R0W0-L1R0W0-L1R0W0-L1R0W0-L1R0W0-L1R0W0-L1R0W0-L1R0W0-L1R0W0-L1R0W0-L1R0W0-L1R0W0-L1R0W0-L1R0W0,compact:L2R0W0-L2R0W0-L2R0W0-L2R0W0-L2R0W0-L2R0W0-L1R0W0-L1R0W0-L1R0W0-L1R0W0-L1R0W0-L1R0W0-L1R0W0-L1R0W0-L1R0W0-L1R0W0-L1R0W0-L1R0W0-L1R0W0-L1R0W0,,,merged,optimized,2,3,2,1414.2676314999999,1414.2676314999999,1413.4618150000001,1415.0734479999999,0.805816499999878,404.4976925,10.176039,999.5939,,,custom:libsad_search_8fbfac92ec4bef.so,/home/rzzhang/sad_merged/sad/build/libsad_search_8fbfac92ec4bef.so
2026-08-20T19:52:42.550266+00:00,20260820T190931,joint:rzz-hea:14:3ba63be03f4df624,ok,,rzz-hea,14,8,float64,42,32,2,32,2,2,0.75,rotation,rotation,11,11,compact:L2R0W0-L2R0W0-L2R0W0-L1R0W0-L1R0W0-L1R0W0-L1R0W0-L1R0W0-L1R0W0-L1R0W0-L1R0W0,compact:L2R0W0-L2R0W0-L2R0W0-L1R0W0-L1R0W0-L1R0W0-L1R0W0-L1R0W0-L1R0W0-L1R0W0-L1R0W0,,,split,optimized,10,3,10,1.1676929999999999,1.1649988,1.14372,1.170393,0.0073646263964983,0.4520547,0.018858900000000005,0.6940852,,,custom:libsad_search_16d9d6cef53b3d.so,/home/rzzhang/sad_merged/sad/build/libsad_search_16d9d6cef53b3d.so
2026-08-20T19:52:42.577637+00:00,20260820T190931,joint:rzz-hea:10:7459f956bc608e46,ok,,rzz-hea,10,8,float64,42,64,2,64,2,1,0.0,legacy,legacy,0,0,,,,,not_applicable,legacy-generic,10,3,10,0.47256600000000004,0.47304519999999994,0.47197900000000004,0.476171,0.0012749484538599836,0.1616813,0.018651,0.2927129,,,custom:libsad_search_5a6ce94d125b8e.so,/home/rzzhang/sad_merged/sad/build/libsad_search_5a6ce94d125b8e.so
2026-08-20T19:52:42.596563+00:00,20260820T190931,joint:rzz-hea:16:97467833f5df4877,ok,,rzz-hea,16,8,float64,42,32,2,128,2,1,0.75,rotation,rotation,13,12,compact:L2R0W0-L2R0W0-L2R0W0-L1R0W0-L1R0W0-L1R0W0-L1R0W0-L1R0W0-L1R0W0-L1R0W0-L1R0W0-L1R0W0-L1R0W0,compact:L2R0W0-L2R0W0-L2R0W0-L2R0W0-L1R0W0-L1R0W0-L1R0W0-L1R0W0-L1R0W0-L1R0W0-L1R0W0-L1R0W0,,,merged,optimized,5,3,5,1.8369290000000003,1.8370222000000003,1.835984,1.838111,0.0006855892064494549,0.5827608,0.0190342,1.2352272,,,custom:libsad_search_2a8327787a9aac.so,/home/rzzhang/sad_merged/sad/build/libsad_search_2a8327787a9aac.so
2026-08-20T19:52:42.624454+00:00,20260820T190931,joint:rzz-hea:12:e957bbda1bea7de0,ok,,rzz-hea,12,8,float64,42,32,2,32,2,2,0.5,rotation,rotation,7,7,compact:L2R0W0-L2R0W0-L2R0W0-L2R0W0-L2R0W0-L1R0W0-L1R0W0,compact:L2R0W0-L2R0W0-L2R0W0-L2R0W0-L2R0W0-L1R0W0-L1R0W0,,,split,optimized,10,3,10,0.7592685,0.7601635,0.7576250000000001,0.764976,0.002359021333095554,0.2799085,0.018955600000000003,0.46129939999999997,,,custom:libsad_search_16d9d6cef53b3d.so,/home/rzzhang/sad_merged/sad/build/libsad_search_16d9d6cef53b3d.so
2026-08-20T19:52:42.641466+00:00,20260820T190931,joint:rzz-hea:14:77ac3dc94e7f1c71,ok,,rzz-hea,14,8,float64,42,128,2,128,2,1,0.75,rotation,rotation,11,11,compact:L2R0W0-L2R0W0-L2R0W0-L1R0W0-L1R0W0-L1R0W0-L1R0W0-L1R0W0-L1R0W0-L1R0W0-L1R0W0,compact:L2R0W0-L2R0W0-L2R0W0-L1R0W0-L1R0W0-L1R0W0-L1R0W0-L1R0W0-L1R0W0-L1R0W0-L1R0W0,,,merged,optimized,10,3,10,1.295108,1.2929846999999999,1.288157,1.2963129999999998,0.0031006231647847733,0.5019205999999999,0.0190692,0.7719949,,,custom:libsad_search_8fbfac92ec4bef.so,/home/rzzhang/sad_merged/sad/build/libsad_search_8fbfac92ec4bef.so
2026-08-20T19:52:42.665290+00:00,20260820T190931,joint:rzz-hea:14:7c8601f2f913493b,ok,,rzz-hea,14,8,float64,42,64,2,64,2,1,0.75,rotation,rotation,11,11,compact:L2R0W0-L2R0W0-L2R0W0-L1R0W0-L1R0W0-L1R0W0-L1R0W0-L1R0W0-L1R0W0-L1R0W0-L1R0W0,compact:L2R0W0-L2R0W0-L2R0W0-L1R0W0-L1R0W0-L1R0W0-L1R0W0-L1R0W0-L1R0W0-L1R0W0-L1R0W0,,,merged,optimized,10,3,10,1.1150665,1.1157754,1.114954,1.1189939999999998,0.0012870331930451048,0.44305530000000004,0.019049,0.6536711000000001,,,custom:libsad_search_7e5293342e215a.so,/home/rzzhang/sad_merged/sad/build/libsad_search_7e5293342e215a.so
2026-08-20T19:52:42.686787+00:00,20260820T190931,joint:rzz-hea:28:1ba6fe1172062f42,ok,,rzz-hea,28,8,float64,42,128,2,32,2,2,0.0,rotation,rotation,4,4,compact:L5R2W0-L5R2W0-L5R2W0-L5R2W0,compact:L5R2W0-L5R2W0-L5R2W0-L5R2W0,,,merged,optimized,2,3,2,2680.048565,2680.048565,2675.459413,2684.637717,4.589152000000013,622.1706154999999,85.495761,1972.3821885000002,,,custom:libsad_search_d014591f51543a.so,/home/rzzhang/sad_merged/sad/build/libsad_search_d014591f51543a.so
2026-08-20T19:52:56.076764+00:00,20260820T190931,joint:rzz-hea:8:aeae8a91a4182f71,ok,,rzz-hea,8,8,float64,42,32,2,32,2,1,0.5,rotation,rotation,5,5,compact:L2R0W0-L2R0W0-L2R0W0-L1R0W0-L1R0W0,compact:L2R0W0-L2R0W0-L2R0W0-L1R0W0-L1R0W0,,,split,optimized,20,3,20,0.5416755,0.5512373,0.53969,0.5816910000000001,0.016574830916483006,0.2014419,0.019073350000000003,0.33072205,,,custom:libsad_search_3cb67c7e18cc99.so,/home/rzzhang/sad_merged/sad/build/libsad_search_3cb67c7e18cc99.so
2026-08-20T19:52:56.102611+00:00,20260820T190931,joint:rzz-hea:8:64cf14d264d8b86d,ok,,rzz-hea,8,8,float64,42,64,2,64,2,2,0.25,rotation,rotation,3,3,compact:L3R0W0-L3R0W0-L2R0W0,compact:L3R0W0-L3R0W0-L2R0W0,,,merged,optimized,20,3,20,0.387186,0.3871751,0.38212599999999997,0.38969200000000004,0.0018174622664583857,0.13573775000000002,0.01825395,0.2331834,,,custom:libsad_search_97eec9f2a848ec.so,/home/rzzhang/sad_merged/sad/build/libsad_search_97eec9f2a848ec.so
2026-08-20T19:52:56.123693+00:00,20260820T190931,joint:rzz-hea:28:85170055e77d1626,ok,,rzz-hea,28,8,float64,42,32,2,128,2,1,0.0,rotation,rotation,4,4,compact:L5R2W0-L5R2W0-L5R2W0-L5R2W0,compact:L5R2W0-L5R2W0-L5R2W0-L5R2W0,,,merged,optimized,2,3,2,2790.9556445,2790.9556445,2786.726588,2795.184701,4.22905650000007,681.1467315,84.6765385,2025.1323745,,,custom:libsad_search_2a8327787a9aac.so,/home/rzzhang/sad_merged/sad/build/libsad_search_2a8327787a9aac.so
2026-08-20T19:53:10.089919+00:00,20260820T190931,joint:rzz-hea:8:82f9fd70f84366ed,ok,,rzz-hea,8,8,float64,42,32,2,128,2,1,0.25,rotation,rotation,4,3,compact:L2R0W0-L2R0W0-L2R0W0-L2R0W0,compact:L3R0W0-L3R0W0-L2R0W0,,,split,optimized,20,3,20,0.5170254999999999,0.525925,0.5079509999999999,0.54182,0.013733304584112274,0.1732493,0.01899725,0.33367845,,,custom:libsad_search_0e4f539ceca897.so,/home/rzzhang/sad_merged/sad/build/libsad_search_0e4f539ceca897.so
2026-08-20T19:53:10.114785+00:00,20260820T190931,joint:rzz-hea:8:c3dd8e84fa5e7726,ok,,rzz-hea,8,8,float64,42,32,2,32,2,2,0.0,rotation,rotation,2,2,compact:L4R0W0-L4R0W0,compact:L4R0W0-L4R0W0,,,merged,optimized,20,3,20,0.3254255,0.3247059,0.317733,0.328762,0.002759419900993692,0.10864029999999998,0.018805549999999997,0.19726005,,,custom:libsad_search_dcff342f285260.so,/home/rzzhang/sad_merged/sad/build/libsad_search_dcff342f285260.so
2026-08-20T19:53:10.135089+00:00,20260820T190931,joint:rzz-hea:14:0709fa11acef0e26,ok,,rzz-hea,14,8,float64,42,128,2,32,2,1,0.5,rotation,rotation,8,8,compact:L2R0W0-L2R0W0-L2R0W0-L2R0W0-L2R0W0-L2R0W0-L1R0W0-L1R0W0,compact:L2R0W0-L2R0W0-L2R0W0-L2R0W0-L2R0W0-L2R0W0-L1R0W0-L1R0W0,,,merged,optimized,10,3,10,0.9312610000000001,0.9324052,0.929675,0.939042,0.002975624331127837,0.3971467,0.0191095,0.5161490000000001,,,custom:libsad_search_5851e15f736f52.so,/home/rzzhang/sad_merged/sad/build/libsad_search_5851e15f736f52.so
2026-08-20T19:53:10.159715+00:00,20260820T190931,joint:rzz-hea:4:47e4429c7bd5a30d,ok,,rzz-hea,4,8,float64,42,32,2,32,2,1,1.0,rotation,rotation,4,4,compact:L1R0W0-L1R0W0-L1R0W0-L1R0W0,compact:L1R0W0-L1R0W0-L1R0W0-L1R0W0,,,merged,optimized,20,3,20,0.277579,0.2777252,0.276358,0.279478,0.0009667107426733182,0.0962291,0.018722449999999998,0.16277365000000002,,,custom:libsad_search_f9cdaf042a7bd6.so,/home/rzzhang/sad_merged/sad/build/libsad_search_f9cdaf042a7bd6.so
2026-08-20T19:53:10.179568+00:00,20260820T190931,joint:rzz-hea:14:832ab6cb8225580e,ok,,rzz-hea,14,8,float64,42,128,2,32,2,2,0.75,rotation,rotation,11,11,compact:L2R0W0-L2R0W0-L2R0W0-L1R0W0-L1R0W0-L1R0W0-L1R0W0-L1R0W0-L1R0W0-L1R0W0-L1R0W0,compact:L2R0W0-L2R0W0-L2R0W0-L1R0W0-L1R0W0-L1R0W0-L1R0W0-L1R0W0-L1R0W0-L1R0W0-L1R0W0,,,merged,optimized,10,3,10,1.13913,1.1392513,1.138633,1.140612,0.0006337748890575961,0.5012772,0.0191287,0.6188454000000001,,,custom:libsad_search_d014591f51543a.so,/home/rzzhang/sad_merged/sad/build/libsad_search_d014591f51543a.so
2026-08-20T19:53:10.206972+00:00,20260820T190931,joint:rzz-hea:26:e4cdf700c37292f8,ok,,rzz-hea,26,8,float64,42,64,2,64,2,1,0.25,rotation,rotation,10,10,compact:L3R0W0-L3R0W0-L3R0W0-L3R0W0-L3R0W0-L3R0W0-L2R0W0-L2R0W0-L2R0W0-L2R0W0,compact:L3R0W0-L3R0W0-L3R0W0-L3R0W0-L3R0W0-L3R0W0-L2R0W0-L2R0W0-L2R0W0-L2R0W0,,,merged,optimized,2,3,2,831.126209,831.126209,831.010266,831.2421519999999,0.11594299999995883,221.701604,10.8120915,598.6125135,,,custom:libsad_search_7e5293342e215a.so,/home/rzzhang/sad_merged/sad/build/libsad_search_7e5293342e215a.so
2026-08-20T19:53:14.399919+00:00,20260820T190931,joint:rzz-hea:26:33f69216998272a2,ok,,rzz-hea,26,8,float64,42,32,2,128,2,2,0.5,rotation,rotation,15,14,compact:L2R0W0-L2R0W0-L2R0W0-L2R0W0-L2R0W0-L2R0W0-L2R0W0-L2R0W0-L2R0W0-L2R0W0-L2R0W0-L1R0W0-L1R0W0-L1R0W0-L1R0W0,compact:L2R0W0-L2R0W0-L2R0W0-L2R0W0-L2R0W0-L2R0W0-L2R0W0-L2R0W0-L2R0W0-L2R0W0-L2R0W0-L2R0W0-L1R0W0-L1R0W0,,,merged,optimized,2,3,2,1086.3333575,1086.3333575,1085.716226,1086.9504889999998,0.617131499999914,314.098022,11.5335435,760.701792,,,custom:libsad_search_fce412939d20fb.so,/home/rzzhang/sad_merged/sad/build/libsad_search_fce412939d20fb.so
2026-08-20T19:53:19.850719+00:00,20260820T190931,joint:rzz-hea:14:62a6e62e9156440b,ok,,rzz-hea,14,8,float64,42,128,2,128,2,2,1.0,rotation,rotation,14,14,compact:L1R0W0-L1R0W0-L1R0W0-L1R0W0-L1R0W0-L1R0W0-L1R0W0-L1R0W0-L1R0W0-L1R0W0-L1R0W0-L1R0W0-L1R0W0-L1R0W0,compact:L1R0W0-L1R0W0-L1R0W0-L1R0W0-L1R0W0-L1R0W0-L1R0W0-L1R0W0-L1R0W0-L1R0W0-L1R0W0-L1R0W0-L1R0W0-L1R0W0,,,merged,optimized,10,3,10,1.5451595,1.5448486,1.543909,1.5461569999999998,0.0006883448554322199,0.6213582000000001,0.0189889,0.9045015,,,custom:libsad_search_b969ada61d8a74.so,/home/rzzhang/sad_merged/sad/build/libsad_search_b969ada61d8a74.so
2026-08-20T19:53:19.884689+00:00,20260820T190931,joint:rzz-hea:18:0190786c955dabe2,ok,,rzz-hea,18,8,float64,42,64,2,64,2,1,0.0,rotation,rotation,3,3,compact:L5R1W0-L5R1W0-L5R1W0,compact:L5R1W0-L5R1W0-L5R1W0,,,split,optimized,5,3,5,2.273213,2.2721945999999997,2.2668749999999998,2.277322,0.00404351820077513,0.6183046000000001,0.035267999999999994,1.6186220000000002,,,custom:libsad_search_7ec063ebc99501.so,/home/rzzhang/sad_merged/sad/build/libsad_search_7ec063ebc99501.so
2026-08-20T19:53:19.919668+00:00,20260820T190931,joint:rzz-hea:12:d3dfd5501f70f0f1,ok,,rzz-hea,12,8,float64,42,128,2,32,2,1,0.0,rotation,rotation,2,2,compact:L5R1W0-L5R1W0,compact:L5R1W0-L5R1W0,,,merged,optimized,10,3,10,0.45268699999999995,0.4527632,0.452436,0.453478,0.0003457200601642833,0.17096279999999997,0.0187028,0.2630976,,,custom:libsad_search_5851e15f736f52.so,/home/rzzhang/sad_merged/sad/build/libsad_search_5851e15f736f52.so
2026-08-20T19:53:19.932594+00:00,20260820T190931,joint:rzz-hea:24:96276bb343b7db65,ok,,rzz-hea,24,8,float64,42,64,2,64,2,1,0.75,rotation,rotation,19,19,compact:L2R0W0-L2R0W0-L2R0W0-L2R0W0-L2R0W0-L1R0W0-L1R0W0-L1R0W0-L1R0W0-L1R0W0-L1R0W0-L1R0W0-L1R0W0-L1R0W0-L1R0W0-L1R0W0-L1R0W0-L1R0W0-L1R0W0,compact:L2R0W0-L2R0W0-L2R0W0-L2R0W0-L2R0W0-L1R0W0-L1R0W0-L1R0W0-L1R0W0-L1R0W0-L1R0W0-L1R0W0-L1R0W0-L1R0W0-L1R0W0-L1R0W0-L1R0W0-L1R0W0-L1R0W0,,,merged,optimized,3,3,3,336.913299,337.046852,336.669325,337.557932,0.3748625552287949,95.95475033333334,1.8256496666666666,239.266452,,,custom:libsad_search_7e5293342e215a.so,/home/rzzhang/sad_merged/sad/build/libsad_search_7e5293342e215a.so
2026-08-20T19:53:21.968052+00:00,20260820T190931,joint:rzz-hea:16:f7fe3070b0c1d446,ok,,rzz-hea,16,8,float64,42,128,2,32,2,1,0.25,rotation,rotation,6,6,compact:L3R0W0-L3R0W0-L3R0W0-L3R0W0-L2R0W0-L2R0W0,compact:L3R0W0-L3R0W0-L3R0W0-L3R0W0-L2R0W0-L2R0W0,,,merged,optimized,5,3,5,1.310562,1.310673,1.309759,1.311725,0.0006285523049039418,0.372935,0.0191676,0.9185704,,,custom:libsad_search_5851e15f736f52.so,/home/rzzhang/sad_merged/sad/build/libsad_search_5851e15f736f52.so
2026-08-20T19:53:21.991153+00:00,20260820T190931,joint:rzz-hea:8:dbf066e88f0234a5,ok,,rzz-hea,8,8,float64,42,32,2,128,2,1,0.0,rotation,rotation,2,1,compact:L4R0W0-L4R0W0,compact:L5R2W1,,,split,optimized,20,3,20,0.407943,0.4103835,0.40540299999999996,0.418719,0.005040175686422056,0.12354845,0.0189354,0.26789965,,,custom:libsad_search_0e4f539ceca897.so,/home/rzzhang/sad_merged/sad/build/libsad_search_0e4f539ceca897.so
2026-08-20T19:53:22.008018+00:00,20260820T190931,joint:rzz-hea:24:7231713abc247863,ok,,rzz-hea,24,8,float64,42,32,2,32,2,1,1.0,rotation,rotation,24,24,compact:L1R0W0-L1R0W0-L1R0W0-L1R0W0-L1R0W0-L1R0W0-L1R0W0-L1R0W0-L1R0W0-L1R0W0-L1R0W0-L1R0W0-L1R0W0-L1R0W0-L1R0W0-L1R0W0-L1R0W0-L1R0W0-L1R0W0-L1R0W0-L1R0W0-L1R0W0-L1R0W0-L1R0W0,compact:L1R0W0-L1R0W0-L1R0W0-L1R0W0-L1R0W0-L1R0W0-L1R0W0-L1R0W0-L1R0W0-L1R0W0-L1R0W0-L1R0W0-L1R0W0-L1R0W0-L1R0W0-L1R0W0-L1R0W0-L1R0W0-L1R0W0-L1R0W0-L1R0W0-L1R0W0-L1R0W0-L1R0W0,,,split,optimized,3,3,3,421.06096199999996,421.135242,420.903409,421.44135500000004,0.22580908385774912,130.749763,1.8000919999999998,288.58538699999997,,,custom:libsad_search_3cb67c7e18cc99.so,/home/rzzhang/sad_merged/sad/build/libsad_search_3cb67c7e18cc99.so
2026-08-20T19:53:24.548901+00:00,20260820T190931,joint:rzz-hea:22:75a7c132fb161cf4,ok,,rzz-hea,22,8,float64,42,128,2,32,2,2,0.5,rotation,rotation,12,13,compact:L2R0W0-L2R0W0-L2R0W0-L2R0W0-L2R0W0-L2R0W0-L2R0W0-L2R0W0-L2R0W0-L2R0W0-L1R0W0-L1R0W0,compact:L2R0W0-L2R0W0-L2R0W0-L2R0W0-L2R0W0-L2R0W0-L2R0W0-L2R0W0-L2R0W0-L1R0W0-L1R0W0-L1R0W0-L1R0W0,,,split,optimized,3,3,3,52.830588999999996,52.830918,52.793517,52.86864800000001,0.030672984541234655,9.698791666666667,0.438254,42.693872333333324,,,custom:libsad_search_3b115211f38255.so,/home/rzzhang/sad_merged/sad/build/libsad_search_3b115211f38255.so
2026-08-20T19:53:24.882094+00:00,20260820T190931,joint:rzz-hea:12:3f7a687d91d9d126,ok,,rzz-hea,12,8,float64,42,32,2,32,2,1,1.0,rotation,rotation,12,12,compact:L1R0W0-L1R0W0-L1R0W0-L1R0W0-L1R0W0-L1R0W0-L1R0W0-L1R0W0-L1R0W0-L1R0W0-L1R0W0-L1R0W0,compact:L1R0W0-L1R0W0-L1R0W0-L1R0W0-L1R0W0-L1R0W0-L1R0W0-L1R0W0-L1R0W0-L1R0W0-L1R0W0-L1R0W0,,,merged,optimized,10,3,10,1.1785839999999999,1.1540884,1.068239,1.1848969999999999,0.043658110433686934,0.48666600000000004,0.019134799999999997,0.6482876,,,custom:libsad_search_f9cdaf042a7bd6.so,/home/rzzhang/sad_merged/sad/build/libsad_search_f9cdaf042a7bd6.so
2026-08-20T19:53:24.904895+00:00,20260820T190931,joint:rzz-hea:6:74225fc43bac6ed8,ok,,rzz-hea,6,8,float64,42,128,2,128,2,1,0.25,rotation,rotation,2,2,compact:L3R0W0-L3R0W0,compact:L3R0W0-L3R0W0,,,split,optimized,20,3,20,0.36756999999999995,0.36880075,0.365614,0.374848,0.0029701631415631102,0.11258465,0.01910615,0.23710994999999999,,,custom:libsad_search_9361435758c99d.so,/home/rzzhang/sad_merged/sad/build/libsad_search_9361435758c99d.so
2026-08-20T19:53:24.920810+00:00,20260820T190931,joint:rzz-hea:6:483711965e6c1f76,ok,,rzz-hea,6,8,float64,42,128,2,32,2,2,1.0,rotation,rotation,6,6,compact:L1R0W0-L1R0W0-L1R0W0-L1R0W0-L1R0W0-L1R0W0,compact:L1R0W0-L1R0W0-L1R0W0-L1R0W0-L1R0W0-L1R0W0,,,split,optimized,20,3,20,0.47621099999999994,0.4764215,0.473929,0.479269,0.0011134457103963394,0.18774925,0.01867875,0.2699935,,,custom:libsad_search_3b115211f38255.so,/home/rzzhang/sad_merged/sad/build/libsad_search_3b115211f38255.so
2026-08-20T19:53:24.938703+00:00,20260820T190931,joint:rzz-hea:20:951c19182a6b28ad,ok,,rzz-hea,20,8,float64,42,128,2,32,2,2,1.0,rotation,rotation,20,20,compact:L1R0W0-L1R0W0-L1R0W0-L1R0W0-L1R0W0-L1R0W0-L1R0W0-L1R0W0-L1R0W0-L1R0W0-L1R0W0-L1R0W0-L1R0W0-L1R0W0-L1R0W0-L1R0W0-L1R0W0-L1R0W0-L1R0W0-L1R0W0,compact:L1R0W0-L1R0W0-L1R0W0-L1R0W0-L1R0W0-L1R0W0-L1R0W0-L1R0W0-L1R0W0-L1R0W0-L1R0W0-L1R0W0-L1R0W0-L1R0W0-L1R0W0-L1R0W0-L1R0W0-L1R0W0-L1R0W0-L1R0W0,,,merged,optimized,5,3,5,10.287204000000001,10.2105304,9.888005,10.320644999999999,0.1625034859928857,3.0330828000000003,0.09974140000000001,7.077706200000001,,,custom:libsad_search_d014591f51543a.so,/home/rzzhang/sad_merged/sad/build/libsad_search_d014591f51543a.so
2026-08-20T19:53:25.027309+00:00,20260820T190931,joint:rzz-hea:4:0ba765dc39bb6609,ok,,rzz-hea,4,8,float64,42,32,2,32,2,2,1.0,rotation,rotation,4,4,compact:L1R0W0-L1R0W0-L1R0W0-L1R0W0,compact:L1R0W0-L1R0W0-L1R0W0-L1R0W0,,,split,optimized,20,3,20,0.34623249999999994,0.34511119999999995,0.333773,0.35021,0.0037940283815490966,0.1275619,0.01883845,0.19871085000000002,,,custom:libsad_search_16d9d6cef53b3d.so,/home/rzzhang/sad_merged/sad/build/libsad_search_16d9d6cef53b3d.so
2026-08-20T19:53:25.042319+00:00,20260820T190931,joint:rzz-hea:6:c8224bd88bae600e,ok,,rzz-hea,6,8,float64,42,128,2,128,2,2,0.0,rotation,rotation,1,1,compact:L5R1W0,compact:L5R1W0,,,split,optimized,20,3,20,0.31527550000000004,0.31509475,0.313314,0.317609,0.0009402689974151026,0.087688,0.0189916,0.20841515,,,custom:libsad_search_d02bea87aa5c56.so,/home/rzzhang/sad_merged/sad/build/libsad_search_d02bea87aa5c56.so
2026-08-20T19:53:25.056693+00:00,20260820T190931,joint:rzz-hea:24:fd16bdc2f9494f23,ok,,rzz-hea,24,8,float64,42,64,2,64,2,2,0.0,rotation,rotation,3,3,compact:L5R2W1-L5R2W1-L5R2W1,compact:L5R2W1-L5R2W1-L5R2W1,,,merged,optimized,3,3,3,139.581479,139.41758666666666,139.04671499999998,139.62456600000002,0.2628351412886604,27.628509333333334,1.7260843333333333,110.06299299999999,,,custom:libsad_search_97eec9f2a848ec.so,/home/rzzhang/sad_merged/sad/build/libsad_search_97eec9f2a848ec.so
2026-08-20T19:53:25.897418+00:00,20260820T190931,joint:rzz-hea:20:d703eaa41bb1826e,ok,,rzz-hea,20,8,float64,42,128,2,32,2,1,1.0,rotation,rotation,20,20,compact:L1R0W0-L1R0W0-L1R0W0-L1R0W0-L1R0W0-L1R0W0-L1R0W0-L1R0W0-L1R0W0-L1R0W0-L1R0W0-L1R0W0-L1R0W0-L1R0W0-L1R0W0-L1R0W0-L1R0W0-L1R0W0-L1R0W0-L1R0W0,compact:L1R0W0-L1R0W0-L1R0W0-L1R0W0-L1R0W0-L1R0W0-L1R0W0-L1R0W0-L1R0W0-L1R0W0-L1R0W0-L1R0W0-L1R0W0-L1R0W0-L1R0W0-L1R0W0-L1R0W0-L1R0W0-L1R0W0-L1R0W0,,,merged,optimized,5,3,5,10.327072,10.3257848,10.313777,10.334807,0.008291207762443359,3.106651,0.10111219999999999,7.118021599999999,,,custom:libsad_search_5851e15f736f52.so,/home/rzzhang/sad_merged/sad/build/libsad_search_5851e15f736f52.so
2026-08-20T19:53:25.994035+00:00,20260820T190931,joint:rzz-hea:14:9191dd98255d8e67,ok,,rzz-hea,14,8,float64,42,128,2,32,2,1,0.5,rotation,rotation,8,8,compact:L2R0W0-L2R0W0-L2R0W0-L2R0W0-L2R0W0-L2R0W0-L1R0W0-L1R0W0,compact:L2R0W0-L2R0W0-L2R0W0-L2R0W0-L2R0W0-L2R0W0-L1R0W0-L1R0W0,,,split,optimized,10,3,10,1.003561,1.0037709,1.002322,1.0054370000000001,0.0009053843879812192,0.4092005,0.018754700000000003,0.5758156999999999,,,custom:libsad_search_7259903b8346c4.so,/home/rzzhang/sad_merged/sad/build/libsad_search_7259903b8346c4.so
2026-08-20T19:53:26.014741+00:00,20260820T190931,joint:rzz-hea:8:91868b808a8b1923,ok,,rzz-hea,8,8,float64,42,128,2,128,2,2,1.0,rotation,rotation,8,8,compact:L1R0W0-L1R0W0-L1R0W0-L1R0W0-L1R0W0-L1R0W0-L1R0W0-L1R0W0,compact:L1R0W0-L1R0W0-L1R0W0-L1R0W0-L1R0W0-L1R0W0-L1R0W0-L1R0W0,,,merged,optimized,20,3,20,0.6937085,0.6938194999999999,0.692047,0.6981299999999999,0.001414515906591352,0.26630590000000004,0.018995549999999996,0.40851804999999997,,,custom:libsad_search_b969ada61d8a74.so,/home/rzzhang/sad_merged/sad/build/libsad_search_b969ada61d8a74.so
2026-08-20T19:53:26.037583+00:00,20260820T190931,joint:rzz-hea:28:95384e43cbd457fc,ok,,rzz-hea,28,8,float64,42,128,2,128,2,2,0.5,rotation,rotation,16,16,compact:L2R0W0-L2R0W0-L2R0W0-L2R0W0-L2R0W0-L2R0W0-L2R0W0-L2R0W0-L2R0W0-L2R0W0-L2R0W0-L2R0W0-L1R0W0-L1R0W0-L1R0W0-L1R0W0,compact:L2R0W0-L2R0W0-L2R0W0-L2R0W0-L2R0W0-L2R0W0-L2R0W0-L2R0W0-L2R0W0-L2R0W0-L2R0W0-L2R0W0-L1R0W0-L1R0W0-L1R0W0-L1R0W0,,,merged,optimized,2,3,2,4754.56739,4754.56739,4754.368193,4754.766587,0.1991969999999128,1313.211552,85.7988185,3355.5570195,,,custom:libsad_search_b969ada61d8a74.so,/home/rzzhang/sad_merged/sad/build/libsad_search_b969ada61d8a74.so
2026-08-20T19:53:49.832717+00:00,20260820T190931,joint:rzz-hea:24:5ebd8ea6a94abc18,ok,,rzz-hea,24,8,float64,42,128,2,32,2,1,0.0,legacy,legacy,0,0,,,,,not_applicable,legacy-generic,3,3,3,151.870554,151.25764066666667,148.71419899999998,153.188169,1.8772051842847586,42.856129,1.836941,106.56457066666668,,,custom:libsad_search_eaf59e83158800.so,/home/rzzhang/sad_merged/sad/build/libsad_search_eaf59e83158800.so
2026-08-20T19:53:50.760530+00:00,20260820T190931,joint:rzz-hea:12:23a23c9278982256,ok,,rzz-hea,12,8,float64,42,32,2,128,2,1,0.5,rotation,rotation,7,7,compact:L2R0W0-L2R0W0-L2R0W0-L2R0W0-L2R0W0-L1R0W0-L1R0W0,compact:L2R0W0-L2R0W0-L2R0W0-L2R0W0-L2R0W0-L1R0W0-L1R0W0,,,merged,optimized,10,3,10,0.9108554999999999,0.9113699000000001,0.909417,0.91429,0.0015618786412522699,0.3064733,0.018756000000000002,0.5861406,,,custom:libsad_search_2a8327787a9aac.so,/home/rzzhang/sad_merged/sad/build/libsad_search_2a8327787a9aac.so
2026-08-20T19:53:50.783157+00:00,20260820T190931,joint:rzz-hea:16:506217edb391716c,ok,,rzz-hea,16,8,float64,42,32,2,32,2,1,0.75,rotation,rotation,13,13,compact:L2R0W0-L2R0W0-L2R0W0-L1R0W0-L1R0W0-L1R0W0-L1R0W0-L1R0W0-L1R0W0-L1R0W0-L1R0W0-L1R0W0-L1R0W0,compact:L2R0W0-L2R0W0-L2R0W0-L1R0W0-L1R0W0-L1R0W0-L1R0W0-L1R0W0-L1R0W0-L1R0W0-L1R0W0-L1R0W0-L1R0W0,,,split,optimized,5,3,5,1.673929,1.671876,1.663842,1.675149,0.004132670177984174,0.5929412,0.0192612,1.0596736000000002,,,custom:libsad_search_3cb67c7e18cc99.so,/home/rzzhang/sad_merged/sad/build/libsad_search_3cb67c7e18cc99.so
2026-08-20T19:53:50.804406+00:00,20260820T190931,joint:rzz-hea:10:ffc003f3f382df3d,ok,,rzz-hea,10,8,float64,42,32,2,128,2,1,0.0,legacy,legacy,0,0,,,,,not_applicable,legacy-generic,10,3,10,0.5221865,0.5251704,0.521216,0.53651,0.0055085476343588215,0.15499249999999998,0.018671,0.3515069,,,custom:libsad_search_ada51c8f4b2976.so,/home/rzzhang/sad_merged/sad/build/libsad_search_ada51c8f4b2976.so
2026-08-20T19:53:50.818682+00:00,20260820T190931,joint:rzz-hea:14:447f30ec99d6d0ce,ok,,rzz-hea,14,8,float64,42,32,2,32,2,1,0.5,rotation,rotation,8,8,compact:L2R0W0-L2R0W0-L2R0W0-L2R0W0-L2R0W0-L2R0W0-L1R0W0-L1R0W0,compact:L2R0W0-L2R0W0-L2R0W0-L2R0W0-L2R0W0-L2R0W0-L1R0W0-L1R0W0,,,split,optimized,10,3,10,0.9071819999999999,0.9060243,0.9020409999999999,0.9083509999999999,0.002081902737881872,0.3355348,0.019106799999999997,0.5513827,,,custom:libsad_search_3cb67c7e18cc99.so,/home/rzzhang/sad_merged/sad/build/libsad_search_3cb67c7e18cc99.so
2026-08-20T19:53:50.837668+00:00,20260820T190931,joint:rzz-hea:16:3c553c9d103c0fa5,ok,,rzz-hea,16,8,float64,42,32,2,32,2,1,1.0,rotation,rotation,16,16,compact:L1R0W0-L1R0W0-L1R0W0-L1R0W0-L1R0W0-L1R0W0-L1R0W0-L1R0W0-L1R0W0-L1R0W0-L1R0W0-L1R0W0-L1R0W0-L1R0W0-L1R0W0-L1R0W0,compact:L1R0W0-L1R0W0-L1R0W0-L1R0W0-L1R0W0-L1R0W0-L1R0W0-L1R0W0-L1R0W0-L1R0W0-L1R0W0-L1R0W0-L1R0W0-L1R0W0-L1R0W0-L1R0W0,,,split,optimized,5,3,5,1.834959,1.8353528000000001,1.833829,1.838995,0.0018819675236305157,0.674571,0.0190532,1.1417286,,,custom:libsad_search_3cb67c7e18cc99.so,/home/rzzhang/sad_merged/sad/build/libsad_search_3cb67c7e18cc99.so
2026-08-20T19:53:50.862724+00:00,20260820T190931,joint:rzz-hea:24:1dc876d474442154,ok,,rzz-hea,24,8,float64,42,64,2,64,2,1,0.0,rotation,rotation,3,3,compact:L5R2W1-L5R2W1-L5R2W1,compact:L5R2W1-L5R2W1-L5R2W1,,,merged,optimized,3,3,3,140.58522499999998,140.56235566666666,140.41553,140.68631200000002,0.11172280485301186,28.052350999999998,1.803440666666667,110.70656400000001,,,custom:libsad_search_7e5293342e215a.so,/home/rzzhang/sad_merged/sad/build/libsad_search_7e5293342e215a.so
2026-08-20T19:53:51.717746+00:00,20260820T190931,joint:rzz-hea:20:6c7be15addd97a18,ok,,rzz-hea,20,8,float64,42,32,2,32,2,2,1.0,rotation,rotation,20,20,compact:L1R0W0-L1R0W0-L1R0W0-L1R0W0-L1R0W0-L1R0W0-L1R0W0-L1R0W0-L1R0W0-L1R0W0-L1R0W0-L1R0W0-L1R0W0-L1R0W0-L1R0W0-L1R0W0-L1R0W0-L1R0W0-L1R0W0-L1R0W0,compact:L1R0W0-L1R0W0-L1R0W0-L1R0W0-L1R0W0-L1R0W0-L1R0W0-L1R0W0-L1R0W0-L1R0W0-L1R0W0-L1R0W0-L1R0W0-L1R0W0-L1R0W0-L1R0W0-L1R0W0-L1R0W0-L1R0W0-L1R0W0,,,merged,optimized,5,3,5,10.460169,10.3543084,9.958293999999999,10.496008000000002,0.20331057324851642,3.23438,0.1011734,7.018755,,,custom:libsad_search_dcff342f285260.so,/home/rzzhang/sad_merged/sad/build/libsad_search_dcff342f285260.so
2026-08-20T19:53:51.814627+00:00,20260820T190931,joint:rzz-hea:6:7bffa33829f8220c,ok,,rzz-hea,6,8,float64,42,32,2,128,2,2,0.0,rotation,rotation,1,1,compact:L5R1W0,compact:L5R1W0,,,merged,optimized,20,3,20,0.26552,0.26620415,0.264789,0.276403,0.002414837764219371,0.059362200000000004,0.01941535,0.18742660000000003,,,custom:libsad_search_fce412939d20fb.so,/home/rzzhang/sad_merged/sad/build/libsad_search_fce412939d20fb.so
2026-08-20T19:53:51.827726+00:00,20260820T190931,joint:rzz-hea:4:f2e39aa7e0663f51,ok,,rzz-hea,4,8,float64,42,128,2,32,2,1,0.0,rotation,rotation,1,1,compact:L4R0W0,compact:L4R0W0,,,split,optimized,20,3,20,0.23245050000000003,0.23287585000000002,0.231344,0.24012099999999997,0.0017907711264982984,0.07954159999999999,0.0187309,0.13460334999999998,,,custom:libsad_search_7259903b8346c4.so,/home/rzzhang/sad_merged/sad/build/libsad_search_7259903b8346c4.so
2026-08-20T19:53:51.840453+00:00,20260820T190931,joint:rzz-hea:12:868e92ad34535189,ok,,rzz-hea,12,8,float64,42,128,2,32,2,1,0.25,rotation,rotation,4,4,compact:L3R0W0-L3R0W0-L3R0W0-L3R0W0,compact:L3R0W0-L3R0W0-L3R0W0-L3R0W0,,,merged,optimized,10,3,10,0.6090089999999999,0.6111941,0.607167,0.628103,0.006330463813181464,0.24869219999999997,0.018723700000000003,0.3437782,,,custom:libsad_search_5851e15f736f52.so,/home/rzzhang/sad_merged/sad/build/libsad_search_5851e15f736f52.so
2026-08-20T19:53:51.855733+00:00,20260820T190931,joint:rzz-hea:8:0143490ae06a2872,ok,,rzz-hea,8,8,float64,42,64,2,64,2,2,0.75,rotation,rotation,6,6,compact:L2R0W0-L2R0W0-L1R0W0-L1R0W0-L1R0W0-L1R0W0,compact:L2R0W0-L2R0W0-L1R0W0-L1R0W0-L1R0W0-L1R0W0,,,split,optimized,20,3,20,0.6001940000000001,0.59775425,0.5796950000000001,0.60906,0.0073088656019590385,0.22052850000000002,0.0189217,0.35830404999999993,,,custom:libsad_search_20c37ff249ec0a.so,/home/rzzhang/sad_merged/sad/build/libsad_search_20c37ff249ec0a.so
2026-08-20T19:53:51.876966+00:00,20260820T190931,joint:rzz-hea:18:97f1dab177474056,ok,,rzz-hea,18,8,float64,42,128,2,32,2,2,0.5,rotation,rotation,10,10,compact:L2R0W0-L2R0W0-L2R0W0-L2R0W0-L2R0W0-L2R0W0-L2R0W0-L2R0W0-L1R0W0-L1R0W0,compact:L2R0W0-L2R0W0-L2R0W0-L2R0W0-L2R0W0-L2R0W0-L2R0W0-L2R0W0-L1R0W0-L1R0W0,,,split,optimized,5,3,5,2.756577,2.7584358,2.755404,2.765897,0.0038931236507462356,0.929051,0.0354908,1.793894,,,custom:libsad_search_3b115211f38255.so,/home/rzzhang/sad_merged/sad/build/libsad_search_3b115211f38255.so
2026-08-20T19:53:51.907432+00:00,20260820T190931,joint:rzz-hea:12:5c6d321b4096378b,ok,,rzz-hea,12,8,float64,42,32,2,128,2,1,0.0,rotation,rotation,2,2,compact:L5R1W0-L5R1W0,compact:L5R1W0-L5R1W0,,,split,optimized,10,3,10,0.6011520000000001,0.6014469,0.601018,0.6021219999999999,0.00045830370934563997,0.1514418,0.018836699999999998,0.43116839999999995,,,custom:libsad_search_0e4f539ceca897.so,/home/rzzhang/sad_merged/sad/build/libsad_search_0e4f539ceca897.so
2026-08-20T19:53:51.922657+00:00,20260820T190931,joint:rzz-hea:6:212fb2f0f7012469,ok,,rzz-hea,6,8,float64,42,64,2,64,2,2,0.75,rotation,rotation,5,5,compact:L2R0W0-L1R0W0-L1R0W0-L1R0W0-L1R0W0,compact:L2R0W0-L1R0W0-L1R0W0-L1R0W0-L1R0W0,,,merged,optimized,20,3,20,0.3839165,0.38780295000000004,0.38199,0.399217,0.006649123622515967,0.1366465,0.018850449999999998,0.23230599999999998,,,custom:libsad_search_97eec9f2a848ec.so,/home/rzzhang/sad_merged/sad/build/libsad_search_97eec9f2a848ec.so
2026-08-20T19:53:51.939050+00:00,20260820T190931,joint:rzz-hea:6:f1863bde64523396,ok,,rzz-hea,6,8,float64,42,64,2,64,2,2,0.75,rotation,rotation,5,5,compact:L2R0W0-L1R0W0-L1R0W0-L1R0W0-L1R0W0,compact:L2R0W0-L1R0W0-L1R0W0-L1R0W0-L1R0W0,,,split,optimized,20,3,20,0.427915,0.42916085,0.42407900000000004,0.434194,0.0035281283604058356,0.155639,0.01887675,0.2546451,,,custom:libsad_search_20c37ff249ec0a.so,/home/rzzhang/sad_merged/sad/build/libsad_search_20c37ff249ec0a.so
2026-08-20T19:53:51.955867+00:00,20260820T190931,joint:rzz-hea:10:59bc77e097e87835,ok,,rzz-hea,10,8,float64,42,32,2,128,2,1,0.25,rotation,rotation,4,4,compact:L3R0W0-L3R0W0-L2R0W0-L2R0W0,compact:L3R0W0-L3R0W0-L2R0W0-L2R0W0,,,split,optimized,10,3,10,0.6237165,0.6236767000000001,0.61927,0.625691,0.0016138731703575723,0.1860218,0.0187813,0.41887360000000007,,,custom:libsad_search_0e4f539ceca897.so,/home/rzzhang/sad_merged/sad/build/libsad_search_0e4f539ceca897.so
2026-08-20T19:53:51.970674+00:00,20260820T190931,joint:rzz-hea:6:1c85abb30dceffb9,ok,,rzz-hea,6,8,float64,42,128,2,128,2,2,1.0,rotation,rotation,6,6,compact:L1R0W0-L1R0W0-L1R0W0-L1R0W0-L1R0W0-L1R0W0,compact:L1R0W0-L1R0W0-L1R0W0-L1R0W0-L1R0W0-L1R0W0,,,split,optimized,20,3,20,0.5140665,0.5147252,0.512953,0.5192680000000001,0.0016844926120348522,0.18464355,0.018964850000000002,0.3111168,,,custom:libsad_search_d02bea87aa5c56.so,/home/rzzhang/sad_merged/sad/build/libsad_search_d02bea87aa5c56.so
2026-08-20T19:53:51.990032+00:00,20260820T190931,joint:rzz-hea:22:4453b10bc984e30d,ok,,rzz-hea,22,8,float64,42,128,2,32,2,2,0.75,rotation,rotation,17,18,compact:L2R0W0-L2R0W0-L2R0W0-L2R0W0-L2R0W0-L1R0W0-L1R0W0-L1R0W0-L1R0W0-L1R0W0-L1R0W0-L1R0W0-L1R0W0-L1R0W0-L1R0W0-L1R0W0-L1R0W0,compact:L2R0W0-L2R0W0-L2R0W0-L2R0W0-L1R0W0-L1R0W0-L1R0W0-L1R0W0-L1R0W0-L1R0W0-L1R0W0-L1R0W0-L1R0W0-L1R0W0-L1R0W0-L1R0W0-L1R0W0-L1R0W0,,,split,optimized,3,3,3,67.84889899999999,67.970512,67.782906,68.279731,0.2203044279824343,11.001248,0.4304093333333333,56.538854666666666,,,custom:libsad_search_3b115211f38255.so,/home/rzzhang/sad_merged/sad/build/libsad_search_3b115211f38255.so
2026-08-20T19:53:52.408016+00:00,20260820T190931,joint:rzz-hea:6:2b0c4062daa5cccf,ok,,rzz-hea,6,8,float64,42,32,2,32,2,2,0.5,rotation,rotation,4,4,compact:L2R0W0-L2R0W0-L1R0W0-L1R0W0,compact:L2R0W0-L2R0W0-L1R0W0-L1R0W0,,,split,optimized,20,3,20,0.4263445,0.42629894999999995,0.42217199999999994,0.428931,0.0014832844796262177,0.1514338,0.01901315,0.25585199999999997,,,custom:libsad_search_16d9d6cef53b3d.so,/home/rzzhang/sad_merged/sad/build/libsad_search_16d9d6cef53b3d.so
2026-08-20T19:53:52.425278+00:00,20260820T190931,joint:rzz-hea:10:d29364741fa976c3,ok,,rzz-hea,10,8,float64,42,32,2,32,2,2,0.25,rotation,rotation,4,4,compact:L3R0W0-L3R0W0-L2R0W0-L2R0W0,compact:L3R0W0-L3R0W0-L2R0W0-L2R0W0,,,split,optimized,10,3,10,0.5590360000000001,0.5593578,0.558064,0.563005,0.0013157628813733888,0.19427209999999998,0.0191169,0.3459688,,,custom:libsad_search_16d9d6cef53b3d.so,/home/rzzhang/sad_merged/sad/build/libsad_search_16d9d6cef53b3d.so
2026-08-20T19:53:52.439745+00:00,20260820T190931,joint:rzz-hea:24:d745c40f60700bae,ok,,rzz-hea,24,8,float64,42,64,2,64,2,1,1.0,rotation,rotation,24,24,compact:L1R0W0-L1R0W0-L1R0W0-L1R0W0-L1R0W0-L1R0W0-L1R0W0-L1R0W0-L1R0W0-L1R0W0-L1R0W0-L1R0W0-L1R0W0-L1R0W0-L1R0W0-L1R0W0-L1R0W0-L1R0W0-L1R0W0-L1R0W0-L1R0W0-L1R0W0-L1R0W0-L1R0W0,compact:L1R0W0-L1R0W0-L1R0W0-L1R0W0-L1R0W0-L1R0W0-L1R0W0-L1R0W0-L1R0W0-L1R0W0-L1R0W0-L1R0W0-L1R0W0-L1R0W0-L1R0W0-L1R0W0-L1R0W0-L1R0W0-L1R0W0-L1R0W0-L1R0W0-L1R0W0-L1R0W0-L1R0W0,,,split,optimized,3,3,3,419.223724,419.43972233333335,418.40234100000004,420.693102,0.9475892041675403,131.14173766666667,1.7671830000000002,286.53080166666666,,,custom:libsad_search_7ec063ebc99501.so,/home/rzzhang/sad_merged/sad/build/libsad_search_7ec063ebc99501.so
2026-08-20T19:53:54.969625+00:00,20260820T190931,joint:rzz-hea:22:e9db1689d7e0e058,ok,,rzz-hea,22,8,float64,42,128,2,32,2,1,0.25,rotation,rotation,8,8,compact:L3R0W0-L3R0W0-L3R0W0-L3R0W0-L3R0W0-L3R0W0-L2R0W0-L2R0W0,compact:L3R0W0-L3R0W0-L3R0W0-L3R0W0-L3R0W0-L3R0W0-L2R0W0-L2R0W0,,,merged,optimized,3,3,3,37.63498499999999,37.628395999999995,37.562265999999994,37.687937,0.051516089726092625,7.476966333333334,0.42771699999999996,29.723712666666664,,,custom:libsad_search_5851e15f736f52.so,/home/rzzhang/sad_merged/sad/build/libsad_search_5851e15f736f52.so
2026-08-20T19:53:55.211203+00:00,20260820T190931,joint:rzz-hea:22:8c0a15ab9b07023f,ok,,rzz-hea,22,8,float64,42,64,2,64,2,2,0.5,rotation,rotation,12,12,compact:L2R0W0-L2R0W0-L2R0W0-L2R0W0-L2R0W0-L2R0W0-L2R0W0-L2R0W0-L2R0W0-L2R0W0-L1R0W0-L1R0W0,compact:L2R0W0-L2R0W0-L2R0W0-L2R0W0-L2R0W0-L2R0W0-L2R0W0-L2R0W0-L2R0W0-L2R0W0-L1R0W0-L1R0W0,,,split,optimized,3,3,3,50.155739000000004,50.18003566666667,50.056475000000006,50.327892999999996,0.11212992074473817,9.529773333333333,0.440422,40.20984033333334,,,custom:libsad_search_20c37ff249ec0a.so,/home/rzzhang/sad_merged/sad/build/libsad_search_20c37ff249ec0a.so
2026-08-20T19:53:55.523428+00:00,20260820T190931,joint:rzz-hea:4:967247a23241b9a6,ok,,rzz-hea,4,8,float64,42,128,2,128,2,1,0.0,legacy,legacy,0,0,,,,,not_applicable,legacy-generic,20,3,20,0.291944,0.2945287,0.290667,0.311257,0.0052793456232756745,0.09771365,0.019000500000000003,0.17781455000000002,,,custom:libsad_search_78e231cd0d5107.so,/home/rzzhang/sad_merged/sad/build/libsad_search_78e231cd0d5107.so
2026-08-20T19:53:55.537680+00:00,20260820T190931,joint:rzz-hea:6:899fd98e40984bbc,ok,,rzz-hea,6,8,float64,42,32,2,32,2,1,0.75,rotation,rotation,5,5,compact:L2R0W0-L1R0W0-L1R0W0-L1R0W0-L1R0W0,compact:L2R0W0-L1R0W0-L1R0W0-L1R0W0-L1R0W0,,,merged,optimized,20,3,20,0.41768649999999996,0.4104738,0.390072,0.42157200000000006,0.012142695321056187,0.14990294999999998,0.01881095,0.24175989999999997,,,custom:libsad_search_f9cdaf042a7bd6.so,/home/rzzhang/sad_merged/sad/build/libsad_search_f9cdaf042a7bd6.so
2026-08-20T19:53:55.554593+00:00,20260820T190931,joint:rzz-hea:16:ca51be8f14c3baf1,ok,,rzz-hea,16,8,float64,42,32,2,32,2,1,0.75,rotation,rotation,13,13,compact:L2R0W0-L2R0W0-L2R0W0-L1R0W0-L1R0W0-L1R0W0-L1R0W0-L1R0W0-L1R0W0-L1R0W0-L1R0W0-L1R0W0-L1R0W0,compact:L2R0W0-L2R0W0-L2R0W0-L1R0W0-L1R0W0-L1R0W0-L1R0W0-L1R0W0-L1R0W0-L1R0W0-L1R0W0-L1R0W0-L1R0W0,,,merged,optimized,5,3,5,1.811257,1.7995434,1.7625240000000002,1.829728,0.029886890206911734,0.5951548,0.0189878,1.1854008,,,custom:libsad_search_f9cdaf042a7bd6.so,/home/rzzhang/sad_merged/sad/build/libsad_search_f9cdaf042a7bd6.so
2026-08-20T19:53:55.576378+00:00,20260820T190931,joint:rzz-hea:24:4a2451d8d9c9c455,ok,,rzz-hea,24,8,float64,42,128,2,32,2,1,0.5,rotation,rotation,14,14,compact:L2R0W0-L2R0W0-L2R0W0-L2R0W0-L2R0W0-L2R0W0-L2R0W0-L2R0W0-L2R0W0-L2R0W0-L1R0W0-L1R0W0-L1R0W0-L1R0W0,compact:L2R0W0-L2R0W0-L2R0W0-L2R0W0-L2R0W0-L2R0W0-L2R0W0-L2R0W0-L2R0W0-L2R0W0-L1R0W0-L1R0W0-L1R0W0-L1R0W0,,,merged,optimized,3,3,3,261.534118,261.18337633333334,259.87181999999996,262.14419100000003,0.9602715858764178,72.063013,1.8598976666666667,187.26046566666665,,,custom:libsad_search_5851e15f736f52.so,/home/rzzhang/sad_merged/sad/build/libsad_search_5851e15f736f52.so
2026-08-20T19:53:57.154954+00:00,20260820T190931,joint:rzz-hea:6:0e0320732fd85ddf,ok,,rzz-hea,6,8,float64,42,32,2,32,2,2,0.75,rotation,rotation,5,5,compact:L2R0W0-L1R0W0-L1R0W0-L1R0W0-L1R0W0,compact:L2R0W0-L1R0W0-L1R0W0-L1R0W0-L1R0W0,,,merged,optimized,20,3,20,0.404469,0.3996651,0.38117,0.408343,0.008885226040456157,0.1455696,0.0188188,0.2352767,,,custom:libsad_search_dcff342f285260.so,/home/rzzhang/sad_merged/sad/build/libsad_search_dcff342f285260.so
2026-08-20T19:53:57.174743+00:00,20260820T190931,joint:rzz-hea:12:659426df84300013,ok,,rzz-hea,12,8,float64,42,64,2,64,2,1,0.25,rotation,rotation,4,4,compact:L3R0W0-L3R0W0-L3R0W0-L3R0W0,compact:L3R0W0-L3R0W0-L3R0W0-L3R0W0,,,split,optimized,10,3,10,0.6378385,0.637795,0.6367630000000001,0.639047,0.0007659381176048108,0.2153565,0.019050100000000004,0.4033884,,,custom:libsad_search_7ec063ebc99501.so,/home/rzzhang/sad_merged/sad/build/libsad_search_7ec063ebc99501.so
2026-08-20T19:53:57.190358+00:00,20260820T190931,joint:rzz-hea:14:35d497af33fa314c,ok,,rzz-hea,14,8,float64,42,128,2,32,2,2,0.0,rotation,rotation,2,2,compact:L5R2W0-L5R2W0,compact:L5R2W0-L5R2W0,,,merged,optimized,10,3,10,0.521146,0.5210771000000001,0.520093,0.523176,0.0009391254921467982,0.18929010000000002,0.01897,0.312817,,,custom:libsad_search_d014591f51543a.so,/home/rzzhang/sad_merged/sad/build/libsad_search_d014591f51543a.so
2026-08-20T19:53:57.204575+00:00,20260820T190931,joint:rzz-hea:10:b17aa5460390e365,ok,,rzz-hea,10,8,float64,42,32,2,128,2,1,0.75,rotation,rotation,8,8,compact:L2R0W0-L2R0W0-L1R0W0-L1R0W0-L1R0W0-L1R0W0-L1R0W0-L1R0W0,compact:L2R0W0-L2R0W0-L1R0W0-L1R0W0-L1R0W0-L1R0W0-L1R0W0-L1R0W0,,,split,optimized,10,3,10,0.839679,0.8403569,0.838648,0.8457990000000001,0.0019477584783540607,0.28423149999999997,0.019119399999999998,0.537006,,,custom:libsad_search_0e4f539ceca897.so,/home/rzzhang/sad_merged/sad/build/libsad_search_0e4f539ceca897.so
2026-08-20T19:53:57.222856+00:00,20260820T190931,joint:rzz-hea:10:c2c87cb625b4d9b4,ok,,rzz-hea,10,8,float64,42,32,2,32,2,2,0.0,rotation,rotation,2,2,compact:L5R0W0-L5R0W0,compact:L5R0W0-L5R0W0,,,merged,optimized,10,3,10,0.373622,0.3734037,0.372694,0.373759,0.00040057734583971884,0.1235866,0.0188458,0.2309713,,,custom:libsad_search_dcff342f285260.so,/home/rzzhang/sad_merged/sad/build/libsad_search_dcff342f285260.so
2026-08-20T19:53:57.234864+00:00,20260820T190931,joint:rzz-hea:22:91cb117929d338f6,ok,,rzz-hea,22,8,float64,42,128,2,128,2,2,0.5,rotation,rotation,12,12,compact:L2R0W0-L2R0W0-L2R0W0-L2R0W0-L2R0W0-L2R0W0-L2R0W0-L2R0W0-L2R0W0-L2R0W0-L1R0W0-L1R0W0,compact:L2R0W0-L2R0W0-L2R0W0-L2R0W0-L2R0W0-L2R0W0-L2R0W0-L2R0W0-L2R0W0-L2R0W0-L1R0W0-L1R0W0,,,split,optimized,3,3,3,50.242716,50.268776333333335,50.208113,50.3555,0.06292899529010662,9.557812,0.43400933333333336,40.276955,,,custom:libsad_search_d02bea87aa5c56.so,/home/rzzhang/sad_merged/sad/build/libsad_search_d02bea87aa5c56.so
2026-08-20T19:53:57.547460+00:00,20260820T190931,joint:rzz-hea:26:5ee5abc71fcc44a9,ok,,rzz-hea,26,8,float64,42,64,2,64,2,2,0.5,rotation,rotation,15,15,compact:L2R0W0-L2R0W0-L2R0W0-L2R0W0-L2R0W0-L2R0W0-L2R0W0-L2R0W0-L2R0W0-L2R0W0-L2R0W0-L1R0W0-L1R0W0-L1R0W0-L1R0W0,compact:L2R0W0-L2R0W0-L2R0W0-L2R0W0-L2R0W0-L2R0W0-L2R0W0-L2R0W0-L2R0W0-L2R0W0-L2R0W0-L1R0W0-L1R0W0-L1R0W0-L1R0W0,,,split,optimized,2,3,2,1132.288186,1132.288186,1131.745099,1132.831273,0.5430870000000141,355.19615250000004,10.1219,766.9701335000001,,,custom:libsad_search_20c37ff249ec0a.so,/home/rzzhang/sad_merged/sad/build/libsad_search_20c37ff249ec0a.so
2026-08-20T19:54:03.227242+00:00,20260820T190931,joint:rzz-hea:14:34cc4ba88d1b753a,ok,,rzz-hea,14,8,float64,42,128,2,128,2,2,1.0,rotation,rotation,14,14,compact:L1R0W0-L1R0W0-L1R0W0-L1R0W0-L1R0W0-L1R0W0-L1R0W0-L1R0W0-L1R0W0-L1R0W0-L1R0W0-L1R0W0-L1R0W0-L1R0W0,compact:L1R0W0-L1R0W0-L1R0W0-L1R0W0-L1R0W0-L1R0W0-L1R0W0-L1R0W0-L1R0W0-L1R0W0-L1R0W0-L1R0W0-L1R0W0-L1R0W0,,,split,optimized,10,3,10,1.596844,1.6225576,1.574941,1.684347,0.049930729702659035,0.6337938,0.0191436,0.9696202,,,custom:libsad_search_d02bea87aa5c56.so,/home/rzzhang/sad_merged/sad/build/libsad_search_d02bea87aa5c56.so
2026-08-20T19:54:03.261491+00:00,20260820T190931,joint:rzz-hea:20:154131f507ae3af9,ok,,rzz-hea,20,8,float64,42,128,2,32,2,2,0.5,rotation,rotation,12,12,compact:L2R0W0-L2R0W0-L2R0W0-L2R0W0-L2R0W0-L2R0W0-L2R0W0-L2R0W0-L1R0W0-L1R0W0-L1R0W0-L1R0W0,compact:L2R0W0-L2R0W0-L2R0W0-L2R0W0-L2R0W0-L2R0W0-L2R0W0-L2R0W0-L1R0W0-L1R0W0-L1R0W0-L1R0W0,,,split,optimized,5,3,5,8.521811000000001,8.4535762,8.069951,8.610984,0.1971822072108946,2.5304008,0.0995022,5.8236732,,,custom:libsad_search_3b115211f38255.so,/home/rzzhang/sad_merged/sad/build/libsad_search_3b115211f38255.so
2026-08-20T19:54:03.345276+00:00,20260820T190931,joint:rzz-hea:14:3f800cb8d6ea141f,ok,,rzz-hea,14,8,float64,42,32,2,32,2,2,1.0,rotation,rotation,14,14,compact:L1R0W0-L1R0W0-L1R0W0-L1R0W0-L1R0W0-L1R0W0-L1R0W0-L1R0W0-L1R0W0-L1R0W0-L1R0W0-L1R0W0-L1R0W0-L1R0W0,compact:L1R0W0-L1R0W0-L1R0W0-L1R0W0-L1R0W0-L1R0W0-L1R0W0-L1R0W0-L1R0W0-L1R0W0-L1R0W0-L1R0W0-L1R0W0-L1R0W0,,,merged,optimized,10,3,10,1.3087564999999999,1.3090252,1.308312,1.310564,0.0006157926274323321,0.5400626,0.0189961,0.7499665,,,custom:libsad_search_dcff342f285260.so,/home/rzzhang/sad_merged/sad/build/libsad_search_dcff342f285260.so
2026-08-20T19:54:03.369602+00:00,20260820T190931,joint:rzz-hea:18:6d64dbc79cf2dc51,ok,,rzz-hea,18,8,float64,42,32,2,128,2,1,0.25,rotation,rotation,7,6,compact:L3R0W0-L3R0W0-L3R0W0-L3R0W0-L2R0W0-L2R0W0-L2R0W0,compact:L3R0W0-L3R0W0-L3R0W0-L3R0W0-L3R0W0-L3R0W0,,,merged,optimized,5,3,5,2.673568,2.6732052,2.672495,2.6736850000000003,0.0005286251602033406,0.6459606,0.0354988,1.9917458,,,custom:libsad_search_2a8327787a9aac.so,/home/rzzhang/sad_merged/sad/build/libsad_search_2a8327787a9aac.so
2026-08-20T19:54:03.398980+00:00,20260820T190931,joint:rzz-hea:4:41cafb6cddf73889,ok,,rzz-hea,4,8,float64,42,32,2,32,2,1,0.25,rotation,rotation,2,2,compact:L2R0W0-L2R0W0,compact:L2R0W0-L2R0W0,,,merged,optimized,20,3,20,0.20264,0.20271445,0.20064099999999999,0.20787,0.0014346112182399811,0.0591402,0.019039649999999998,0.1245346,,,custom:libsad_search_f9cdaf042a7bd6.so,/home/rzzhang/sad_merged/sad/build/libsad_search_f9cdaf042a7bd6.so
2026-08-20T19:54:03.411062+00:00,20260820T190931,joint:rzz-hea:18:770d0a6657b32468,ok,,rzz-hea,18,8,float64,42,128,2,128,2,1,0.0,rotation,rotation,2,2,compact:L5R2W2-L5R2W2,compact:L5R2W2-L5R2W2,,,split,optimized,5,3,5,2.1944670000000004,2.1943564,2.193225,2.1953609999999997,0.0008717604258052655,0.5721140000000001,0.0355574,1.5866850000000001,,,custom:libsad_search_9361435758c99d.so,/home/rzzhang/sad_merged/sad/build/libsad_search_9361435758c99d.so
2026-08-20T19:54:03.436427+00:00,20260820T190931,joint:rzz-hea:10:c2ac648408a1a685,ok,,rzz-hea,10,8,float64,42,64,2,64,2,2,0.0,rotation,rotation,2,2,compact:L5R0W0-L5R0W0,compact:L5R0W0-L5R0W0,,,merged,optimized,10,3,10,0.3952045,0.3953102,0.39414800000000005,0.396324,0.000716467975557861,0.1291857,0.0186411,0.24748339999999996,,,custom:libsad_search_97eec9f2a848ec.so,/home/rzzhang/sad_merged/sad/build/libsad_search_97eec9f2a848ec.so
2026-08-20T19:54:03.449104+00:00,20260820T190931,joint:rzz-hea:26:aba209090fff4b71,ok,,rzz-hea,26,8,float64,42,32,2,32,2,2,0.5,rotation,rotation,15,15,compact:L2R0W0-L2R0W0-L2R0W0-L2R0W0-L2R0W0-L2R0W0-L2R0W0-L2R0W0-L2R0W0-L2R0W0-L2R0W0-L1R0W0-L1R0W0-L1R0W0-L1R0W0,compact:L2R0W0-L2R0W0-L2R0W0-L2R0W0-L2R0W0-L2R0W0-L2R0W0-L2R0W0-L2R0W0-L2R0W0-L2R0W0-L1R0W0-L1R0W0-L1R0W0-L1R0W0,,,merged,optimized,2,3,2,1140.5951955,1140.5951955,1140.071759,1141.118632,0.5234365000000025,317.6268505,11.878895,811.0894499999999,,,custom:libsad_search_dcff342f285260.so,/home/rzzhang/sad_merged/sad/build/libsad_search_dcff342f285260.so
2026-08-20T19:54:09.139928+00:00,20260820T190931,joint:rzz-hea:28:af856c7fe2b0c23d,ok,,rzz-hea,28,8,float64,42,32,2,32,2,2,0.75,rotation,rotation,22,22,compact:L2R0W0-L2R0W0-L2R0W0-L2R0W0-L2R0W0-L2R0W0-L1R0W0-L1R0W0-L1R0W0-L1R0W0-L1R0W0-L1R0W0-L1R0W0-L1R0W0-L1R0W0-L1R0W0-L1R0W0-L1R0W0-L1R0W0-L1R0W0-L1R0W0-L1R0W0,compact:L2R0W0-L2R0W0-L2R0W0-L2R0W0-L2R0W0-L2R0W0-L1R0W0-L1R0W0-L1R0W0-L1R0W0-L1R0W0-L1R0W0-L1R0W0-L1R0W0-L1R0W0-L1R0W0-L1R0W0-L1R0W0-L1R0W0-L1R0W0-L1R0W0-L1R0W0,,,merged,optimized,2,3,2,6232.885118,6232.885118,6229.732897,6236.0373389999995,3.1522209999998267,1772.2757465,83.823192,4376.7861795,,,custom:libsad_search_dcff342f285260.so,/home/rzzhang/sad_merged/sad/build/libsad_search_dcff342f285260.so
2026-08-20T19:54:40.336916+00:00,20260820T190931,joint:rzz-hea:12:6dd088e866b4d71a,ok,,rzz-hea,12,8,float64,42,32,2,32,2,1,1.0,rotation,rotation,12,12,compact:L1R0W0-L1R0W0-L1R0W0-L1R0W0-L1R0W0-L1R0W0-L1R0W0-L1R0W0-L1R0W0-L1R0W0-L1R0W0-L1R0W0,compact:L1R0W0-L1R0W0-L1R0W0-L1R0W0-L1R0W0-L1R0W0-L1R0W0-L1R0W0-L1R0W0-L1R0W0-L1R0W0-L1R0W0,,,split,optimized,10,3,10,1.246291,1.2243431,1.151852,1.286093,0.06140980792096647,0.4890195,0.0192402,0.7160834,,,custom:libsad_search_3cb67c7e18cc99.so,/home/rzzhang/sad_merged/sad/build/libsad_search_3cb67c7e18cc99.so
2026-08-20T19:54:40.366284+00:00,20260820T190931,joint:rzz-hea:22:39f18f9cc6dc74ab,ok,,rzz-hea,22,8,float64,42,128,2,128,2,1,0.0,rotation,rotation,3,3,compact:L5R2W1-L5R2W0-L5R2W0,compact:L5R2W1-L5R2W0-L5R2W0,,,merged,optimized,3,3,3,32.207001,32.19682733333334,32.157932,32.225549,0.028526505713496787,6.527360333333333,0.39255066666666666,25.276916333333332,,,custom:libsad_search_8fbfac92ec4bef.so,/home/rzzhang/sad_merged/sad/build/libsad_search_8fbfac92ec4bef.so
2026-08-20T19:54:40.582256+00:00,20260820T190931,joint:rzz-hea:26:80fac0ee8260c297,ok,,rzz-hea,26,8,float64,42,32,2,32,2,1,0.0,rotation,rotation,4,4,compact:L5R2W0-L5R2W0-L5R1W0-L5R1W0,compact:L5R2W0-L5R2W0-L5R1W0-L5R1W0,,,split,optimized,2,3,2,651.4849790000001,651.4849790000001,649.134916,653.835042,2.350063000000034,182.67587899999998,10.866358499999999,457.9427415,,,custom:libsad_search_3cb67c7e18cc99.so,/home/rzzhang/sad_merged/sad/build/libsad_search_3cb67c7e18cc99.so
2026-08-20T19:54:43.860154+00:00,20260820T190931,joint:rzz-hea:18:538b1da9fc17f7ce,ok,,rzz-hea,18,8,float64,42,128,2,32,2,1,1.0,rotation,rotation,18,18,compact:L1R0W0-L1R0W0-L1R0W0-L1R0W0-L1R0W0-L1R0W0-L1R0W0-L1R0W0-L1R0W0-L1R0W0-L1R0W0-L1R0W0-L1R0W0-L1R0W0-L1R0W0-L1R0W0-L1R0W0-L1R0W0,compact:L1R0W0-L1R0W0-L1R0W0-L1R0W0-L1R0W0-L1R0W0-L1R0W0-L1R0W0-L1R0W0-L1R0W0-L1R0W0-L1R0W0-L1R0W0-L1R0W0-L1R0W0-L1R0W0-L1R0W0-L1R0W0,,,split,optimized,5,3,5,3.7732859999999997,3.7166334,3.6235700000000004,3.7829910000000004,0.07471203030463026,1.393751,0.0356354,2.2872470000000003,,,custom:libsad_search_7259903b8346c4.so,/home/rzzhang/sad_merged/sad/build/libsad_search_7259903b8346c4.so
2026-08-20T19:54:43.911298+00:00,20260820T190931,joint:rzz-hea:10:2c2951d2ba9b9cb9,ok,,rzz-hea,10,8,float64,42,64,2,64,2,1,0.25,rotation,rotation,4,4,compact:L3R0W0-L3R0W0-L2R0W0-L2R0W0,compact:L3R0W0-L3R0W0-L2R0W0-L2R0W0,,,split,optimized,10,3,10,0.557557,0.5581619,0.556239,0.564307,0.002238722914967369,0.19195320000000002,0.0190032,0.3472055,,,custom:libsad_search_7ec063ebc99501.so,/home/rzzhang/sad_merged/sad/build/libsad_search_7ec063ebc99501.so
2026-08-20T19:54:43.931101+00:00,20260820T190931,joint:rzz-hea:12:f8d3c500b132155b,ok,,rzz-hea,12,8,float64,42,32,2,128,2,1,0.25,rotation,rotation,4,4,compact:L3R0W0-L3R0W0-L3R0W0-L3R0W0,compact:L3R0W0-L3R0W0-L3R0W0-L3R0W0,,,merged,optimized,10,3,10,0.64503,0.6448415,0.643656,0.646154,0.0008067212963595517,0.19481110000000001,0.0187423,0.4312881,,,custom:libsad_search_2a8327787a9aac.so,/home/rzzhang/sad_merged/sad/build/libsad_search_2a8327787a9aac.so
2026-08-20T19:54:43.950161+00:00,20260820T190931,joint:rzz-hea:28:9400a83e20330e2f,ok,,rzz-hea,28,8,float64,42,128,2,32,2,2,0.5,rotation,rotation,16,16,compact:L2R0W0-L2R0W0-L2R0W0-L2R0W0-L2R0W0-L2R0W0-L2R0W0-L2R0W0-L2R0W0-L2R0W0-L2R0W0-L2R0W0-L1R0W0-L1R0W0-L1R0W0-L1R0W0,compact:L2R0W0-L2R0W0-L2R0W0-L2R0W0-L2R0W0-L2R0W0-L2R0W0-L2R0W0-L2R0W0-L2R0W0-L2R0W0-L2R0W0-L1R0W0-L1R0W0-L1R0W0-L1R0W0,,,merged,optimized,2,3,2,4767.648230499999,4767.648230499999,4766.099565999999,4769.196895,1.548664500000541,1315.4440375000001,83.71978,3368.484413,,,custom:libsad_search_d014591f51543a.so,/home/rzzhang/sad_merged/sad/build/libsad_search_d014591f51543a.so
2026-08-20T19:55:07.810679+00:00,20260820T190931,joint:rzz-hea:4:7280015da38ebaee,ok,,rzz-hea,4,8,float64,42,64,2,64,2,2,0.5,rotation,rotation,2,2,compact:L2R0W0-L2R0W0,compact:L2R0W0-L2R0W0,,,merged,optimized,20,3,20,0.234973,0.2349532,0.228966,0.237544,0.0016335045638136419,0.06771664999999999,0.018931800000000002,0.14830474999999999,,,custom:libsad_search_97eec9f2a848ec.so,/home/rzzhang/sad_merged/sad/build/libsad_search_97eec9f2a848ec.so
2026-08-20T19:55:07.829789+00:00,20260820T190931,joint:rzz-hea:24:e3a6201925f97b4b,ok,,rzz-hea,24,8,float64,42,128,2,128,2,1,1.0,rotation,rotation,24,24,compact:L1R0W0-L1R0W0-L1R0W0-L1R0W0-L1R0W0-L1R0W0-L1R0W0-L1R0W0-L1R0W0-L1R0W0-L1R0W0-L1R0W0-L1R0W0-L1R0W0-L1R0W0-L1R0W0-L1R0W0-L1R0W0-L1R0W0-L1R0W0-L1R0W0-L1R0W0-L1R0W0-L1R0W0,compact:L1R0W0-L1R0W0-L1R0W0-L1R0W0-L1R0W0-L1R0W0-L1R0W0-L1R0W0-L1R0W0-L1R0W0-L1R0W0-L1R0W0-L1R0W0-L1R0W0-L1R0W0-L1R0W0-L1R0W0-L1R0W0-L1R0W0-L1R0W0-L1R0W0-L1R0W0-L1R0W0-L1R0W0,,,split,optimized,3,3,3,417.21679,417.1820373333333,416.88466700000004,417.444655,0.22993107795790435,130.87191266666667,1.766360333333333,284.54376433333334,,,custom:libsad_search_9361435758c99d.so,/home/rzzhang/sad_merged/sad/build/libsad_search_9361435758c99d.so
2026-08-20T19:55:10.379800+00:00,20260820T190931,joint:rzz-hea:4:7b83bcf95a616219,ok,,rzz-hea,4,8,float64,42,32,2,128,2,1,0.0,legacy,legacy,0,0,,,,,not_applicable,legacy-generic,20,3,20,0.25926150000000003,0.26052955,0.257384,0.268214,0.0031635885237337735,0.08162845,0.0186746,0.1602265,,,custom:libsad_search_ada51c8f4b2976.so,/home/rzzhang/sad_merged/sad/build/libsad_search_ada51c8f4b2976.so
2026-08-20T19:55:10.397190+00:00,20260820T190931,joint:rzz-hea:6:22101a260bcc5f0c,ok,,rzz-hea,6,8,float64,42,128,2,32,2,2,0.75,rotation,rotation,5,5,compact:L2R0W0-L1R0W0-L1R0W0-L1R0W0-L1R0W0,compact:L2R0W0-L1R0W0-L1R0W0-L1R0W0-L1R0W0,,,split,optimized,20,3,20,0.43316899999999997,0.4331203,0.424849,0.438478,0.0038454003835751613,0.16589910000000002,0.01860895,0.24861225000000003,,,custom:libsad_search_3b115211f38255.so,/home/rzzhang/sad_merged/sad/build/libsad_search_3b115211f38255.so
2026-08-20T19:55:10.414255+00:00,20260820T190931,joint:rzz-hea:20:8da05b314e730b81,ok,,rzz-hea,20,8,float64,42,32,2,128,2,2,0.25,rotation,rotation,7,7,compact:L3R0W0-L3R0W0-L3R0W0-L3R0W0-L3R0W0-L3R0W0-L2R0W0,compact:L3R0W0-L3R0W0-L3R0W0-L3R0W0-L3R0W0-L3R0W0-L2R0W0,,,split,optimized,5,3,5,7.732274000000001,7.7401958,7.722943000000001,7.779348,0.020729163952267544,2.1072222000000003,0.0975836,5.53539,,,custom:libsad_search_2a0e4369743c84.so,/home/rzzhang/sad_merged/sad/build/libsad_search_2a0e4369743c84.so
2026-08-20T19:55:10.485140+00:00,20260820T190931,joint:rzz-hea:6:e36b40c052799d78,ok,,rzz-hea,6,8,float64,42,128,2,128,2,1,0.5,rotation,rotation,4,4,compact:L2R0W0-L2R0W0-L1R0W0-L1R0W0,compact:L2R0W0-L2R0W0-L1R0W0-L1R0W0,,,split,optimized,20,3,20,0.43622099999999997,0.43490149999999994,0.42902100000000004,0.43745799999999996,0.0030115580934127655,0.1453141,0.01880805,0.27077935000000003,,,custom:libsad_search_9361435758c99d.so,/home/rzzhang/sad_merged/sad/build/libsad_search_9361435758c99d.so
2026-08-20T19:55:10.502108+00:00,20260820T190931,joint:rzz-hea:12:837a6ae51d89b5eb,ok,,rzz-hea,12,8,float64,42,128,2,32,2,2,0.5,rotation,rotation,7,7,compact:L2R0W0-L2R0W0-L2R0W0-L2R0W0-L2R0W0-L1R0W0-L1R0W0,compact:L2R0W0-L2R0W0-L2R0W0-L2R0W0-L2R0W0-L1R0W0-L1R0W0,,,split,optimized,10,3,10,0.810098,0.8106344999999999,0.809782,0.812532,0.000919819248548316,0.3251636,0.0187616,0.4667093,,,custom:libsad_search_3b115211f38255.so,/home/rzzhang/sad_merged/sad/build/libsad_search_3b115211f38255.so
2026-08-20T19:55:10.520122+00:00,20260820T190931,joint:rzz-hea:22:695dad72593d8418,ok,,rzz-hea,22,8,float64,42,32,2,32,2,2,0.0,rotation,rotation,4,4,compact:L5R1W0-L5R1W0-L5R0W0-L5R0W0,compact:L5R1W0-L5R1W0-L5R0W0-L5R0W0,,,merged,optimized,3,3,3,32.29098,32.31143566666666,32.250779,32.392548,0.05965700888877532,6.775924333333333,0.40626700000000004,25.129244333333332,,,custom:libsad_search_dcff342f285260.so,/home/rzzhang/sad_merged/sad/build/libsad_search_dcff342f285260.so
2026-08-20T19:55:10.723927+00:00,20260820T190931,joint:rzz-hea:26:d3a9684865db408c,ok,,rzz-hea,26,8,float64,42,32,2,32,2,2,0.0,rotation,rotation,4,4,compact:L5R2W0-L5R2W0-L5R1W0-L5R1W0,compact:L5R2W0-L5R2W0-L5R1W0-L5R1W0,,,merged,optimized,2,3,2,626.861848,626.861848,626.029178,627.694518,0.8326700000000073,146.334942,10.8688325,469.6580735,,,custom:libsad_search_dcff342f285260.so,/home/rzzhang/sad_merged/sad/build/libsad_search_dcff342f285260.so
2026-08-20T19:55:13.870679+00:00,20260820T190931,joint:rzz-hea:10:17d575cbd91b99fd,ok,,rzz-hea,10,8,float64,42,32,2,128,2,1,0.0,rotation,rotation,2,2,compact:L5R0W0-L5R0W0,compact:L5R0W0-L5R0W0,,,merged,optimized,10,3,10,0.5006895,0.5009057,0.499743,0.501815,0.0007551635650638877,0.13715610000000003,0.0189771,0.3447725,,,custom:libsad_search_2a8327787a9aac.so,/home/rzzhang/sad_merged/sad/build/libsad_search_2a8327787a9aac.so
2026-08-20T19:55:13.890607+00:00,20260820T190931,joint:rzz-hea:26:a2962a7e98c41653,ok,,rzz-hea,26,8,float64,42,128,2,32,2,1,0.5,rotation,rotation,14,15,compact:L2R0W0-L2R0W0-L2R0W0-L2R0W0-L2R0W0-L2R0W0-L2R0W0-L2R0W0-L2R0W0-L2R0W0-L2R0W0-L2R0W0-L1R0W0-L1R0W0,compact:L2R0W0-L2R0W0-L2R0W0-L2R0W0-L2R0W0-L2R0W0-L2R0W0-L2R0W0-L2R0W0-L2R0W0-L2R0W0-L1R0W0-L1R0W0-L1R0W0-L1R0W0,,,merged,optimized,2,3,2,1106.728286,1106.728286,1104.9219990000001,1108.534573,1.8062869999998838,291.3666465,10.2278675,805.133772,,,custom:libsad_search_5851e15f736f52.so,/home/rzzhang/sad_merged/sad/build/libsad_search_5851e15f736f52.so
2026-08-20T19:55:19.451767+00:00,20260820T190931,joint:rzz-hea:8:fe70acc24c0a6ed5,ok,,rzz-hea,8,8,float64,42,32,2,128,2,1,1.0,rotation,rotation,8,8,compact:L1R0W0-L1R0W0-L1R0W0-L1R0W0-L1R0W0-L1R0W0-L1R0W0-L1R0W0,compact:L1R0W0-L1R0W0-L1R0W0-L1R0W0-L1R0W0-L1R0W0-L1R0W0-L1R0W0,,,split,optimized,20,3,20,0.755734,0.76052505,0.754042,0.8181760000000001,0.015362096570699596,0.27035415,0.01892575,0.47124515,,,custom:libsad_search_0e4f539ceca897.so,/home/rzzhang/sad_merged/sad/build/libsad_search_0e4f539ceca897.so
2026-08-20T19:55:19.482445+00:00,20260820T190931,joint:rzz-hea:20:e5e9b04684f83f6a,ok,,rzz-hea,20,8,float64,42,32,2,128,2,2,1.0,rotation,rotation,20,20,compact:L1R0W0-L1R0W0-L1R0W0-L1R0W0-L1R0W0-L1R0W0-L1R0W0-L1R0W0-L1R0W0-L1R0W0-L1R0W0-L1R0W0-L1R0W0-L1R0W0-L1R0W0-L1R0W0-L1R0W0-L1R0W0-L1R0W0-L1R0W0,compact:L1R0W0-L1R0W0-L1R0W0-L1R0W0-L1R0W0-L1R0W0-L1R0W0-L1R0W0-L1R0W0-L1R0W0-L1R0W0-L1R0W0-L1R0W0-L1R0W0-L1R0W0-L1R0W0-L1R0W0-L1R0W0-L1R0W0-L1R0W0,,,merged,optimized,5,3,5,10.876955,10.844279199999999,10.666,10.998533,0.1201241143740923,3.2960838,0.101,7.4471954,,,custom:libsad_search_fce412939d20fb.so,/home/rzzhang/sad_merged/sad/build/libsad_search_fce412939d20fb.so
2026-08-20T19:55:19.584962+00:00,20260820T190931,joint:rzz-hea:28:48c38033d15e4ad5,ok,,rzz-hea,28,8,float64,42,128,2,128,2,1,1.0,rotation,rotation,28,28,compact:L1R0W0-L1R0W0-L1R0W0-L1R0W0-L1R0W0-L1R0W0-L1R0W0-L1R0W0-L1R0W0-L1R0W0-L1R0W0-L1R0W0-L1R0W0-L1R0W0-L1R0W0-L1R0W0-L1R0W0-L1R0W0-L1R0W0-L1R0W0-L1R0W0-L1R0W0-L1R0W0-L1R0W0-L1R0W0-L1R0W0-L1R0W0-L1R0W0,compact:L1R0W0-L1R0W0-L1R0W0-L1R0W0-L1R0W0-L1R0W0-L1R0W0-L1R0W0-L1R0W0-L1R0W0-L1R0W0-L1R0W0-L1R0W0-L1R0W0-L1R0W0-L1R0W0-L1R0W0-L1R0W0-L1R0W0-L1R0W0-L1R0W0-L1R0W0-L1R0W0-L1R0W0-L1R0W0-L1R0W0-L1R0W0-L1R0W0,,,split,optimized,2,3,2,7711.1716639999995,7711.1716639999995,7707.1624950000005,7715.180832999999,4.009168999999474,2376.3656385000004,85.9479335,5248.8580919999995,,,custom:libsad_search_9361435758c99d.so,/home/rzzhang/sad_merged/sad/build/libsad_search_9361435758c99d.so
2026-08-20T19:55:58.159517+00:00,20260820T190931,joint:rzz-hea:24:ce101db06987bfc9,ok,,rzz-hea,24,8,float64,42,128,2,32,2,2,1.0,rotation,rotation,24,24,compact:L1R0W0-L1R0W0-L1R0W0-L1R0W0-L1R0W0-L1R0W0-L1R0W0-L1R0W0-L1R0W0-L1R0W0-L1R0W0-L1R0W0-L1R0W0-L1R0W0-L1R0W0-L1R0W0-L1R0W0-L1R0W0-L1R0W0-L1R0W0-L1R0W0-L1R0W0-L1R0W0-L1R0W0,compact:L1R0W0-L1R0W0-L1R0W0-L1R0W0-L1R0W0-L1R0W0-L1R0W0-L1R0W0-L1R0W0-L1R0W0-L1R0W0-L1R0W0-L1R0W0-L1R0W0-L1R0W0-L1R0W0-L1R0W0-L1R0W0-L1R0W0-L1R0W0-L1R0W0-L1R0W0-L1R0W0-L1R0W0,,,merged,optimized,3,3,3,415.152893,415.0723043333333,414.35601499999996,415.708005,0.554881452757478,119.64951666666667,1.7605546666666667,293.662233,,,custom:libsad_search_d014591f51543a.so,/home/rzzhang/sad_merged/sad/build/libsad_search_d014591f51543a.so
2026-08-20T19:56:00.693013+00:00,20260820T190931,joint:rzz-hea:10:897aa8900235de95,ok,,rzz-hea,10,8,float64,42,32,2,128,2,1,1.0,rotation,rotation,10,10,compact:L1R0W0-L1R0W0-L1R0W0-L1R0W0-L1R0W0-L1R0W0-L1R0W0-L1R0W0-L1R0W0-L1R0W0,compact:L1R0W0-L1R0W0-L1R0W0-L1R0W0-L1R0W0-L1R0W0-L1R0W0-L1R0W0-L1R0W0-L1R0W0,,,split,optimized,10,3,10,1.0085975,0.9921051000000001,0.960545,1.012638,0.023227345825341313,0.34695210000000004,0.018956,0.626197,,,custom:libsad_search_0e4f539ceca897.so,/home/rzzhang/sad_merged/sad/build/libsad_search_0e4f539ceca897.so
2026-08-20T19:56:00.717042+00:00,20260820T190931,joint:rzz-hea:12:c31d49a363e6b84a,ok,,rzz-hea,12,8,float64,42,128,2,32,2,1,0.5,rotation,rotation,7,7,compact:L2R0W0-L2R0W0-L2R0W0-L2R0W0-L2R0W0-L1R0W0-L1R0W0,compact:L2R0W0-L2R0W0-L2R0W0-L2R0W0-L2R0W0-L1R0W0-L1R0W0,,,split,optimized,10,3,10,0.811958,0.8121029999999999,0.810001,0.81513,0.0015486920287778427,0.3256079,0.019182,0.4673130999999999,,,custom:libsad_search_7259903b8346c4.so,/home/rzzhang/sad_merged/sad/build/libsad_search_7259903b8346c4.so
2026-08-20T19:56:00.735234+00:00,20260820T190931,joint:rzz-hea:8:275b335512b42951,ok,,rzz-hea,8,8,float64,42,32,2,32,2,1,0.75,rotation,rotation,6,6,compact:L2R0W0-L2R0W0-L1R0W0-L1R0W0-L1R0W0-L1R0W0,compact:L2R0W0-L2R0W0-L1R0W0-L1R0W0-L1R0W0-L1R0W0,,,split,optimized,20,3,20,0.577809,0.57800385,0.576348,0.580549,0.0013117442690936442,0.2153858,0.018924499999999997,0.34369355,,,custom:libsad_search_3cb67c7e18cc99.so,/home/rzzhang/sad_merged/sad/build/libsad_search_3cb67c7e18cc99.so
2026-08-20T19:56:00.756057+00:00,20260820T190931,joint:rzz-hea:16:99b9bf1299d4e8b6,ok,,rzz-hea,16,8,float64,42,32,2,128,2,1,0.25,rotation,rotation,6,6,compact:L3R0W0-L3R0W0-L3R0W0-L3R0W0-L2R0W0-L2R0W0,compact:L3R0W0-L3R0W0-L3R0W0-L3R0W0-L2R0W0-L2R0W0,,,merged,optimized,5,3,5,1.3301800000000001,1.3305684,1.329226,1.332139,0.0009903463232626784,0.3429846,0.0189544,0.9686294,,,custom:libsad_search_2a8327787a9aac.so,/home/rzzhang/sad_merged/sad/build/libsad_search_2a8327787a9aac.so
2026-08-20T19:56:00.774083+00:00,20260820T190931,joint:rzz-hea:18:5f632356dcc9f4b8,ok,,rzz-hea,18,8,float64,42,128,2,32,2,1,0.5,rotation,rotation,10,10,compact:L2R0W0-L2R0W0-L2R0W0-L2R0W0-L2R0W0-L2R0W0-L2R0W0-L2R0W0-L1R0W0-L1R0W0,compact:L2R0W0-L2R0W0-L2R0W0-L2R0W0-L2R0W0-L2R0W0-L2R0W0-L2R0W0-L1R0W0-L1R0W0,,,split,optimized,5,3,5,2.7554800000000004,2.75598,2.754502,2.758711,0.0015596393172781493,0.9295114,0.035408999999999996,1.7910596,,,custom:libsad_search_7259903b8346c4.so,/home/rzzhang/sad_merged/sad/build/libsad_search_7259903b8346c4.so
2026-08-20T19:56:00.804164+00:00,20260820T190931,joint:rzz-hea:6:333dfd0f90a7f42b,ok,,rzz-hea,6,8,float64,42,32,2,32,2,2,1.0,rotation,rotation,6,6,compact:L1R0W0-L1R0W0-L1R0W0-L1R0W0-L1R0W0-L1R0W0,compact:L1R0W0-L1R0W0-L1R0W0-L1R0W0-L1R0W0-L1R0W0,,,split,optimized,20,3,20,0.46162650000000005,0.46110284999999995,0.45544999999999997,0.46373400000000004,0.0019826933014210884,0.1729875,0.0187799,0.26933545,,,custom:libsad_search_16d9d6cef53b3d.so,/home/rzzhang/sad_merged/sad/build/libsad_search_16d9d6cef53b3d.so
2026-08-20T19:56:00.822057+00:00,20260820T190931,joint:rzz-hea:6:03abc654fc31baa2,ok,,rzz-hea,6,8,float64,42,128,2,32,2,1,1.0,rotation,rotation,6,6,compact:L1R0W0-L1R0W0-L1R0W0-L1R0W0-L1R0W0-L1R0W0,compact:L1R0W0-L1R0W0-L1R0W0-L1R0W0-L1R0W0-L1R0W0,,,merged,optimized,20,3,20,0.4262425,0.42660335,0.424749,0.43007100000000004,0.0014699947032217452,0.16698885,0.018854549999999998,0.24075995,,,custom:libsad_search_5851e15f736f52.so,/home/rzzhang/sad_merged/sad/build/libsad_search_5851e15f736f52.so
2026-08-20T19:56:00.839262+00:00,20260820T190931,joint:rzz-hea:6:741a5b8778cf2cb6,ok,,rzz-hea,6,8,float64,42,32,2,32,2,1,0.25,rotation,rotation,2,2,compact:L3R0W0-L3R0W0,compact:L3R0W0-L3R0W0,,,split,optimized,20,3,20,0.3025495,0.30204165,0.294733,0.303761,0.0020208729370002395,0.09715655,0.0189593,0.18592579999999997,,,custom:libsad_search_3cb67c7e18cc99.so,/home/rzzhang/sad_merged/sad/build/libsad_search_3cb67c7e18cc99.so
2026-08-20T19:56:00.853509+00:00,20260820T190931,joint:rzz-hea:22:4b47840008e616d0,ok,,rzz-hea,22,8,float64,42,32,2,32,2,2,0.5,rotation,rotation,13,13,compact:L2R0W0-L2R0W0-L2R0W0-L2R0W0-L2R0W0-L2R0W0-L2R0W0-L2R0W0-L2R0W0-L1R0W0-L1R0W0-L1R0W0-L1R0W0,compact:L2R0W0-L2R0W0-L2R0W0-L2R0W0-L2R0W0-L2R0W0-L2R0W0-L2R0W0-L2R0W0-L1R0W0-L1R0W0-L1R0W0-L1R0W0,,,split,optimized,3,3,3,53.84752700000001,53.82101,53.733302,53.882201,0.06361389532169907,10.765331666666668,0.438876,42.61680233333333,,,custom:libsad_search_16d9d6cef53b3d.so,/home/rzzhang/sad_merged/sad/build/libsad_search_16d9d6cef53b3d.so
2026-08-20T19:56:01.186855+00:00,20260820T190931,joint:rzz-hea:20:97d4453ecc026a8a,ok,,rzz-hea,20,8,float64,42,32,2,32,2,1,0.0,rotation,rotation,3,3,compact:L5R2W0-L5R2W0-L5R1W0,compact:L5R2W0-L5R2W0-L5R1W0,,,split,optimized,5,3,5,7.168052,7.2288004,7.128067,7.354304,0.10038529327466247,1.8936338000000001,0.1010286,5.234138,,,custom:libsad_search_3cb67c7e18cc99.so,/home/rzzhang/sad_merged/sad/build/libsad_search_3cb67c7e18cc99.so
2026-08-20T19:56:01.255543+00:00,20260820T190931,joint:rzz-hea:20:c132ebf5eacfa327,ok,,rzz-hea,20,8,float64,42,64,2,64,2,2,0.25,rotation,rotation,7,7,compact:L3R0W0-L3R0W0-L3R0W0-L3R0W0-L3R0W0-L3R0W0-L2R0W0,compact:L3R0W0-L3R0W0-L3R0W0-L3R0W0-L3R0W0-L3R0W0-L2R0W0,,,split,optimized,5,3,5,7.525275,7.524554,7.516249,7.532608999999999,0.005340623409303167,2.033516,0.0943488,5.396689200000001,,,custom:libsad_search_20c37ff249ec0a.so,/home/rzzhang/sad_merged/sad/build/libsad_search_20c37ff249ec0a.so
2026-08-20T19:56:01.324847+00:00,20260820T190931,joint:rzz-hea:16:95525d7d3619eb22,ok,,rzz-hea,16,8,float64,42,128,2,32,2,2,0.75,rotation,rotation,12,13,compact:L2R0W0-L2R0W0-L2R0W0-L2R0W0-L1R0W0-L1R0W0-L1R0W0-L1R0W0-L1R0W0-L1R0W0-L1R0W0-L1R0W0,compact:L2R0W0-L2R0W0-L2R0W0-L1R0W0-L1R0W0-L1R0W0-L1R0W0-L1R0W0-L1R0W0-L1R0W0-L1R0W0-L1R0W0-L1R0W0,,,split,optimized,5,3,5,1.642323,1.6430327999999998,1.642294,1.6446440000000002,0.0009454195682341918,0.5963132000000001,0.018871799999999998,1.0278478,,,custom:libsad_search_3b115211f38255.so,/home/rzzhang/sad_merged/sad/build/libsad_search_3b115211f38255.so
2026-08-20T19:56:01.346129+00:00,20260820T190931,joint:rzz-hea:20:b5c3d6ac57cfaf01,ok,,rzz-hea,20,8,float64,42,128,2,128,2,2,0.0,rotation,rotation,3,3,compact:L5R2W0-L5R2W0-L5R1W0,compact:L5R2W0-L5R2W0-L5R1W0,,,merged,optimized,5,3,5,7.582609000000001,7.5808836,7.573428,7.588869,0.005963810614028843,1.6207329999999998,0.0961,5.864050600000001,,,custom:libsad_search_b969ada61d8a74.so,/home/rzzhang/sad_merged/sad/build/libsad_search_b969ada61d8a74.so
2026-08-20T19:56:01.415958+00:00,20260820T190931,joint:rzz-hea:28:7981235db1e29bda,ok,,rzz-hea,28,8,float64,42,32,2,128,2,1,0.25,rotation,rotation,10,10,compact:L3R0W0-L3R0W0-L3R0W0-L3R0W0-L3R0W0-L3R0W0-L3R0W0-L3R0W0-L2R0W0-L2R0W0,compact:L3R0W0-L3R0W0-L3R0W0-L3R0W0-L3R0W0-L3R0W0-L3R0W0-L3R0W0-L2R0W0-L2R0W0,,,merged,optimized,2,3,2,3462.3959274999997,3462.3959274999997,3461.9708779999996,3462.8209770000003,0.42504950000034114,988.18358,79.8663135,2394.3460339999997,,,custom:libsad_search_2a8327787a9aac.so,/home/rzzhang/sad_merged/sad/build/libsad_search_2a8327787a9aac.so
2026-08-20T19:56:18.744692+00:00,20260820T190931,joint:rzz-hea:6:eb982db6fbb470bc,ok,,rzz-hea,6,8,float64,42,128,2,32,2,1,0.5,rotation,rotation,4,4,compact:L2R0W0-L2R0W0-L1R0W0-L1R0W0,compact:L2R0W0-L2R0W0-L1R0W0-L1R0W0,,,merged,optimized,20,3,20,0.3902015,0.3899678,0.38405199999999995,0.39134599999999997,0.0016291908298293443,0.1445391,0.0187124,0.2267163,,,custom:libsad_search_5851e15f736f52.so,/home/rzzhang/sad_merged/sad/build/libsad_search_5851e15f736f52.so
2026-08-20T19:56:18.766492+00:00,20260820T190931,joint:rzz-hea:10:ffc1c4a7533b6455,ok,,rzz-hea,10,8,float64,42,32,2,128,2,2,0.75,rotation,rotation,8,8,compact:L2R0W0-L2R0W0-L1R0W0-L1R0W0-L1R0W0-L1R0W0-L1R0W0-L1R0W0,compact:L2R0W0-L2R0W0-L1R0W0-L1R0W0-L1R0W0-L1R0W0-L1R0W0-L1R0W0,,,merged,optimized,10,3,10,0.828525,0.8302235,0.8274680000000001,0.835455,0.0032081000685763887,0.2951257,0.018881699999999998,0.5162161000000001,,,custom:libsad_search_fce412939d20fb.so,/home/rzzhang/sad_merged/sad/build/libsad_search_fce412939d20fb.so
2026-08-20T19:56:18.791014+00:00,20260820T190931,joint:rzz-hea:18:9ee277f5155ef0a6,ok,,rzz-hea,18,8,float64,42,128,2,32,2,2,1.0,rotation,rotation,18,18,compact:L1R0W0-L1R0W0-L1R0W0-L1R0W0-L1R0W0-L1R0W0-L1R0W0-L1R0W0-L1R0W0-L1R0W0-L1R0W0-L1R0W0-L1R0W0-L1R0W0-L1R0W0-L1R0W0-L1R0W0-L1R0W0,compact:L1R0W0-L1R0W0-L1R0W0-L1R0W0-L1R0W0-L1R0W0-L1R0W0-L1R0W0-L1R0W0-L1R0W0-L1R0W0-L1R0W0-L1R0W0-L1R0W0-L1R0W0-L1R0W0-L1R0W0-L1R0W0,,,merged,optimized,5,3,5,3.808099,3.780397,3.6681350000000004,3.8092479999999993,0.0561328411930126,1.2634038,0.0359046,2.4810886,,,custom:libsad_search_d014591f51543a.so,/home/rzzhang/sad_merged/sad/build/libsad_search_d014591f51543a.so
2026-08-20T19:56:18.842290+00:00,20260820T190931,joint:rzz-hea:24:8f93eeafb25e14f4,ok,,rzz-hea,24,8,float64,42,128,2,128,2,1,0.0,legacy,legacy,0,0,,,,,not_applicable,legacy-generic,3,3,3,148.010865,148.04471966666668,147.71206,148.411234,0.2864386780334591,41.20388466666667,1.8016506666666667,105.03918433333332,,,custom:libsad_search_78e231cd0d5107.so,/home/rzzhang/sad_merged/sad/build/libsad_search_78e231cd0d5107.so
2026-08-20T19:56:19.759244+00:00,20260820T190931,joint:rzz-hea:12:b6a94acdc4d831de,ok,,rzz-hea,12,8,float64,42,32,2,128,2,1,1.0,rotation,rotation,12,12,compact:L1R0W0-L1R0W0-L1R0W0-L1R0W0-L1R0W0-L1R0W0-L1R0W0-L1R0W0-L1R0W0-L1R0W0-L1R0W0-L1R0W0,compact:L1R0W0-L1R0W0-L1R0W0-L1R0W0-L1R0W0-L1R0W0-L1R0W0-L1R0W0-L1R0W0-L1R0W0-L1R0W0-L1R0W0,,,split,optimized,10,3,10,1.2452145,1.2454462,1.243056,1.2493629999999998,0.0017044270474267597,0.43787640000000005,0.0190244,0.7885454000000001,,,custom:libsad_search_0e4f539ceca897.so,/home/rzzhang/sad_merged/sad/build/libsad_search_0e4f539ceca897.so
2026-08-20T19:56:19.786268+00:00,20260820T190931,joint:rzz-hea:22:4ee2abfd23b7f518,ok,,rzz-hea,22,8,float64,42,64,2,64,2,2,0.0,rotation,rotation,3,3,compact:L5R2W1-L5R2W0-L5R2W0,compact:L5R2W1-L5R2W0-L5R2W0,,,split,optimized,3,3,3,32.192788,32.211229,32.184516,32.256383,0.03210679349711855,7.757542666666667,0.406481,24.047205333333334,,,custom:libsad_search_20c37ff249ec0a.so,/home/rzzhang/sad_merged/sad/build/libsad_search_20c37ff249ec0a.so
2026-08-20T19:56:19.990084+00:00,20260820T190931,joint:rzz-hea:8:f8a0145f46753b9e,ok,,rzz-hea,8,8,float64,42,32,2,128,2,1,0.0,rotation,rotation,2,1,compact:L4R0W0-L4R0W0,compact:L5R2W1,,,merged,optimized,20,3,20,0.38070649999999995,0.38033265,0.375824,0.38209599999999994,0.0012165293368842343,0.1177081,0.0187834,0.24384114999999998,,,custom:libsad_search_2a8327787a9aac.so,/home/rzzhang/sad_merged/sad/build/libsad_search_2a8327787a9aac.so
2026-08-20T19:56:20.006065+00:00,20260820T190931,joint:rzz-hea:26:4dcb08cb34daf2d9,ok,,rzz-hea,26,8,float64,42,64,2,64,2,1,0.5,rotation,rotation,15,15,compact:L2R0W0-L2R0W0-L2R0W0-L2R0W0-L2R0W0-L2R0W0-L2R0W0-L2R0W0-L2R0W0-L2R0W0-L2R0W0-L1R0W0-L1R0W0-L1R0W0-L1R0W0,compact:L2R0W0-L2R0W0-L2R0W0-L2R0W0-L2R0W0-L2R0W0-L2R0W0-L2R0W0-L2R0W0-L2R0W0-L2R0W0-L1R0W0-L1R0W0-L1R0W0-L1R0W0,,,split,optimized,2,3,2,1132.194669,1132.194669,1132.166538,1132.2228,0.028131000000030326,353.624255,10.180049,768.390365,,,custom:libsad_search_7ec063ebc99501.so,/home/rzzhang/sad_merged/sad/build/libsad_search_7ec063ebc99501.so
2026-08-20T19:56:25.681519+00:00,20260820T190931,joint:rzz-hea:12:b5f71c5f785ddb60,ok,,rzz-hea,12,8,float64,42,32,2,32,2,2,1.0,rotation,rotation,12,12,compact:L1R0W0-L1R0W0-L1R0W0-L1R0W0-L1R0W0-L1R0W0-L1R0W0-L1R0W0-L1R0W0-L1R0W0-L1R0W0-L1R0W0,compact:L1R0W0-L1R0W0-L1R0W0-L1R0W0-L1R0W0-L1R0W0-L1R0W0-L1R0W0-L1R0W0-L1R0W0-L1R0W0-L1R0W0,,,merged,optimized,10,3,10,1.0736485,1.0687832,1.022785,1.0752059999999999,0.015369320256927417,0.448601,0.0191725,0.6010097,,,custom:libsad_search_dcff342f285260.so,/home/rzzhang/sad_merged/sad/build/libsad_search_dcff342f285260.so
2026-08-20T19:56:25.709286+00:00,20260820T190931,joint:rzz-hea:22:af35f8550ea5c89f,ok,,rzz-hea,22,8,float64,42,128,2,128,2,1,0.5,rotation,rotation,12,12,compact:L2R0W0-L2R0W0-L2R0W0-L2R0W0-L2R0W0-L2R0W0-L2R0W0-L2R0W0-L2R0W0-L2R0W0-L1R0W0-L1R0W0,compact:L2R0W0-L2R0W0-L2R0W0-L2R0W0-L2R0W0-L2R0W0-L2R0W0-L2R0W0-L2R0W0-L2R0W0-L1R0W0-L1R0W0,,,split,optimized,3,3,3,50.255477,50.28588466666667,50.200961,50.401216,0.08453396122400818,9.644796666666664,0.43461633333333327,40.206471666666665,,,custom:libsad_search_9361435758c99d.so,/home/rzzhang/sad_merged/sad/build/libsad_search_9361435758c99d.so
2026-08-20T19:56:26.031553+00:00,20260820T190931,joint:rzz-hea:14:1c0689613ca72632,ok,,rzz-hea,14,8,float64,42,128,2,128,2,1,0.25,rotation,rotation,5,5,compact:L3R0W0-L3R0W0-L3R0W0-L3R0W0-L2R0W0,compact:L3R0W0-L3R0W0-L3R0W0-L3R0W0-L2R0W0,,,split,optimized,10,3,10,0.94988,0.9781402,0.9430739999999999,1.034178,0.0382308774861368,0.32211209999999996,0.0191773,0.6368508,,,custom:libsad_search_9361435758c99d.so,/home/rzzhang/sad_merged/sad/build/libsad_search_9361435758c99d.so
2026-08-20T19:56:26.052099+00:00,20260820T190931,joint:rzz-hea:12:a26bcaca3c2df65b,ok,,rzz-hea,12,8,float64,42,32,2,128,2,2,0.25,rotation,rotation,4,4,compact:L3R0W0-L3R0W0-L3R0W0-L3R0W0,compact:L3R0W0-L3R0W0-L3R0W0-L3R0W0,,,split,optimized,10,3,10,0.7287485,0.7256539,0.706553,0.742611,0.016529183787773644,0.2107794,0.0185536,0.49632089999999995,,,custom:libsad_search_2a0e4369743c84.so,/home/rzzhang/sad_merged/sad/build/libsad_search_2a0e4369743c84.so
2026-08-20T19:56:26.068595+00:00,20260820T190931,joint:rzz-hea:24:5e8957d77a3178b0,ok,,rzz-hea,24,8,float64,42,32,2,32,2,2,0.0,rotation,rotation,4,4,compact:L5R1W0-L5R1W0-L5R1W0-L5R1W0,compact:L5R1W0-L5R1W0-L5R1W0-L5R1W0,,,merged,optimized,3,3,3,143.27378000000002,143.50988700000002,143.27004999999997,143.98583100000002,0.33654667489766554,28.596121000000004,1.7999319999999999,113.11383400000001,,,custom:libsad_search_dcff342f285260.so,/home/rzzhang/sad_merged/sad/build/libsad_search_dcff342f285260.so
2026-08-20T19:56:26.943257+00:00,20260820T190931,joint:rzz-hea:26:988750317494a085,ok,,rzz-hea,26,8,float64,42,32,2,32,2,2,0.5,rotation,rotation,15,15,compact:L2R0W0-L2R0W0-L2R0W0-L2R0W0-L2R0W0-L2R0W0-L2R0W0-L2R0W0-L2R0W0-L2R0W0-L2R0W0-L1R0W0-L1R0W0-L1R0W0-L1R0W0,compact:L2R0W0-L2R0W0-L2R0W0-L2R0W0-L2R0W0-L2R0W0-L2R0W0-L2R0W0-L2R0W0-L2R0W0-L2R0W0-L1R0W0-L1R0W0-L1R0W0-L1R0W0,,,split,optimized,2,3,2,1131.759712,1131.759712,1130.3546,1133.1648240000002,1.4051120000001447,353.3040115,10.283089,768.1726115,,,custom:libsad_search_16d9d6cef53b3d.so,/home/rzzhang/sad_merged/sad/build/libsad_search_16d9d6cef53b3d.so
2026-08-20T19:56:32.627812+00:00,20260820T190931,joint:rzz-hea:16:5b04b85c94ac796a,ok,,rzz-hea,16,8,float64,42,128,2,128,2,2,0.25,rotation,rotation,6,6,compact:L3R0W0-L3R0W0-L3R0W0-L3R0W0-L2R0W0-L2R0W0,compact:L3R0W0-L3R0W0-L3R0W0-L3R0W0-L2R0W0-L2R0W0,,,merged,optimized,5,3,5,1.3977529999999998,1.3979522,1.397671,1.398781,0.000416988441086836,0.3782566,0.019053,1.0006426000000002,,,custom:libsad_search_b969ada61d8a74.so,/home/rzzhang/sad_merged/sad/build/libsad_search_b969ada61d8a74.so
2026-08-20T19:56:32.659181+00:00,20260820T190931,joint:rzz-hea:4:be30a256a9adaab9,ok,,rzz-hea,4,8,float64,42,32,2,128,2,1,0.25,rotation,rotation,2,2,compact:L2R0W0-L2R0W0,compact:L2R0W0-L2R0W0,,,merged,optimized,20,3,20,0.228217,0.22852234999999999,0.226324,0.23555199999999998,0.001939480349861781,0.05968235,0.0188815,0.1499585,,,custom:libsad_search_2a8327787a9aac.so,/home/rzzhang/sad_merged/sad/build/libsad_search_2a8327787a9aac.so
2026-08-20T19:56:32.678336+00:00,20260820T190931,joint:rzz-hea:6:3d4b0df7d113b68a,ok,,rzz-hea,6,8,float64,42,64,2,64,2,1,0.75,rotation,rotation,5,5,compact:L2R0W0-L1R0W0-L1R0W0-L1R0W0-L1R0W0,compact:L2R0W0-L1R0W0-L1R0W0-L1R0W0-L1R0W0,,,split,optimized,20,3,20,0.425061,0.4254789,0.418802,0.433224,0.0024659413598056173,0.15509515000000001,0.018524199999999998,0.25185955,,,custom:libsad_search_7ec063ebc99501.so,/home/rzzhang/sad_merged/sad/build/libsad_search_7ec063ebc99501.so
2026-08-20T19:56:32.699080+00:00,20260820T190931,joint:rzz-hea:12:5c06f6e925a53594,ok,,rzz-hea,12,8,float64,42,128,2,128,2,1,0.5,rotation,rotation,7,7,compact:L2R0W0-L2R0W0-L2R0W0-L2R0W0-L2R0W0-L1R0W0-L1R0W0,compact:L2R0W0-L2R0W0-L2R0W0-L2R0W0-L2R0W0-L1R0W0-L1R0W0,,,merged,optimized,10,3,10,0.873583,0.8742502,0.8722639999999999,0.8803959999999998,0.002378063363327353,0.3264436,0.0189032,0.5289034,,,custom:libsad_search_8fbfac92ec4bef.so,/home/rzzhang/sad_merged/sad/build/libsad_search_8fbfac92ec4bef.so
2026-08-20T19:56:32.718316+00:00,20260820T190931,joint:rzz-hea:6:b3a8cf549e2542b3,ok,,rzz-hea,6,8,float64,42,32,2,32,2,2,0.75,rotation,rotation,5,5,compact:L2R0W0-L1R0W0-L1R0W0-L1R0W0-L1R0W0,compact:L2R0W0-L1R0W0-L1R0W0-L1R0W0-L1R0W0,,,split,optimized,20,3,20,0.4214045,0.4199969,0.41436399999999995,0.424668,0.003237470600638714,0.15382379999999998,0.0187417,0.24743140000000002,,,custom:libsad_search_16d9d6cef53b3d.so,/home/rzzhang/sad_merged/sad/build/libsad_search_16d9d6cef53b3d.so
2026-08-20T19:56:32.735023+00:00,20260820T190931,joint:rzz-hea:6:f77ea111f84f41c1,ok,,rzz-hea,6,8,float64,42,128,2,128,2,1,0.0,rotation,rotation,1,1,compact:L5R1W0,compact:L5R1W0,,,merged,optimized,20,3,20,0.2641845,0.26425835,0.261166,0.26531299999999997,0.0008279929513588853,0.06660865,0.0185522,0.1790975,,,custom:libsad_search_8fbfac92ec4bef.so,/home/rzzhang/sad_merged/sad/build/libsad_search_8fbfac92ec4bef.so
2026-08-20T19:56:32.748332+00:00,20260820T190931,joint:rzz-hea:4:98369f0df5d25d3c,ok,,rzz-hea,4,8,float64,42,32,2,32,2,2,0.75,rotation,rotation,3,3,compact:L2R0W0-L1R0W0-L1R0W0,compact:L2R0W0-L1R0W0-L1R0W0,,,merged,optimized,20,3,20,0.239713,0.2398322,0.237551,0.24162,0.0008083195902611745,0.0774432,0.018795700000000002,0.1435933,,,custom:libsad_search_dcff342f285260.so,/home/rzzhang/sad_merged/sad/build/libsad_search_dcff342f285260.so
2026-08-20T19:56:32.761364+00:00,20260820T190931,joint:rzz-hea:28:60a740d2b70a3346,ok,,rzz-hea,28,8,float64,42,32,2,128,2,2,1.0,rotation,rotation,28,28,compact:L1R0W0-L1R0W0-L1R0W0-L1R0W0-L1R0W0-L1R0W0-L1R0W0-L1R0W0-L1R0W0-L1R0W0-L1R0W0-L1R0W0-L1R0W0-L1R0W0-L1R0W0-L1R0W0-L1R0W0-L1R0W0-L1R0W0-L1R0W0-L1R0W0-L1R0W0-L1R0W0-L1R0W0-L1R0W0-L1R0W0-L1R0W0-L1R0W0,compact:L1R0W0-L1R0W0-L1R0W0-L1R0W0-L1R0W0-L1R0W0-L1R0W0-L1R0W0-L1R0W0-L1R0W0-L1R0W0-L1R0W0-L1R0W0-L1R0W0-L1R0W0-L1R0W0-L1R0W0-L1R0W0-L1R0W0-L1R0W0-L1R0W0-L1R0W0-L1R0W0-L1R0W0-L1R0W0-L1R0W0-L1R0W0-L1R0W0,,,split,optimized,2,3,2,7743.655203,7743.655203,7742.95599,7744.354415999999,0.6992129999994177,2393.9781835,86.48089149999998,5263.196128,,,custom:libsad_search_2a0e4369743c84.so,/home/rzzhang/sad_merged/sad/build/libsad_search_2a0e4369743c84.so
2026-08-20T19:57:11.487692+00:00,20260820T190931,joint:rzz-hea:12:4cda69f1e3c5cf0d,ok,,rzz-hea,12,8,float64,42,128,2,128,2,2,0.5,rotation,rotation,7,7,compact:L2R0W0-L2R0W0-L2R0W0-L2R0W0-L2R0W0-L1R0W0-L1R0W0,compact:L2R0W0-L2R0W0-L2R0W0-L2R0W0-L2R0W0-L1R0W0-L1R0W0,,,split,optimized,10,3,10,0.9523065,0.9526629,0.9505640000000001,0.9543360000000001,0.0012125427373911306,0.3350743,0.0191548,0.5984338,,,custom:libsad_search_d02bea87aa5c56.so,/home/rzzhang/sad_merged/sad/build/libsad_search_d02bea87aa5c56.so
2026-08-20T19:57:11.512877+00:00,20260820T190931,joint:rzz-hea:24:accedca179be26b9,ok,,rzz-hea,24,8,float64,42,128,2,32,2,1,0.25,rotation,rotation,8,9,compact:L3R0W0-L3R0W0-L3R0W0-L3R0W0-L3R0W0-L3R0W0-L3R0W0-L3R0W0,compact:L3R0W0-L3R0W0-L3R0W0-L3R0W0-L3R0W0-L3R0W0-L2R0W0-L2R0W0-L2R0W0,,,merged,optimized,3,3,3,181.59358399999996,182.71607666666668,181.025992,185.52865400000002,2.0022460074628556,45.15598333333334,1.895424,135.6646693333333,,,custom:libsad_search_5851e15f736f52.so,/home/rzzhang/sad_merged/sad/build/libsad_search_5851e15f736f52.so
2026-08-20T19:57:12.641093+00:00,20260820T190931,joint:rzz-hea:4:420e2c44c762cb15,ok,,rzz-hea,4,8,float64,42,128,2,128,2,2,0.0,rotation,rotation,1,1,compact:L4R0W0,compact:L4R0W0,,,split,optimized,20,3,20,0.2672,0.26704395000000003,0.26543500000000003,0.269301,0.0009876499114058565,0.08075505,0.018896399999999997,0.1673925,,,custom:libsad_search_d02bea87aa5c56.so,/home/rzzhang/sad_merged/sad/build/libsad_search_d02bea87aa5c56.so
2026-08-20T19:57:12.657992+00:00,20260820T190931,joint:rzz-hea:16:526dc2baa113c4b2,ok,,rzz-hea,16,8,float64,42,32,2,128,2,2,0.0,rotation,rotation,3,2,compact:L5R1W0-L5R0W0-L5R0W0,compact:L5R2W1-L5R2W1,,,merged,optimized,5,3,5,1.054749,1.0730587999999999,1.0535189999999999,1.1048949999999997,0.023404850714328383,0.2436354,0.0186832,0.8107401999999999,,,custom:libsad_search_fce412939d20fb.so,/home/rzzhang/sad_merged/sad/build/libsad_search_fce412939d20fb.so
2026-08-20T19:57:12.674719+00:00,20260820T190931,joint:rzz-hea:6:bb310c3edf447de1,ok,,rzz-hea,6,8,float64,42,64,2,64,2,2,0.25,rotation,rotation,2,2,compact:L3R0W0-L3R0W0,compact:L3R0W0-L3R0W0,,,merged,optimized,20,3,20,0.261951,0.26195025,0.260316,0.266054,0.0012428239165304129,0.07812345,0.018741900000000002,0.1650849,,,custom:libsad_search_97eec9f2a848ec.so,/home/rzzhang/sad_merged/sad/build/libsad_search_97eec9f2a848ec.so
2026-08-20T19:57:12.688175+00:00,20260820T190931,joint:rzz-hea:12:2c4ff1a233c9bd24,ok,,rzz-hea,12,8,float64,42,128,2,128,2,1,0.0,rotation,rotation,2,2,compact:L5R1W0-L5R1W0,compact:L5R1W0-L5R1W0,,,merged,optimized,10,3,10,0.5508569999999999,0.5509712,0.54988,0.5520060000000001,0.0007071323497055017,0.1715374,0.018648500000000002,0.3607853,,,custom:libsad_search_8fbfac92ec4bef.so,/home/rzzhang/sad_merged/sad/build/libsad_search_8fbfac92ec4bef.so
2026-08-20T19:57:12.702575+00:00,20260820T190931,joint:rzz-hea:12:0d8b7206fa5abd27,ok,,rzz-hea,12,8,float64,42,128,2,32,2,2,0.25,rotation,rotation,4,4,compact:L3R0W0-L3R0W0-L3R0W0-L3R0W0,compact:L3R0W0-L3R0W0-L3R0W0-L3R0W0,,,split,optimized,10,3,10,0.623534,0.6245874,0.622351,0.6298429999999999,0.0026757455858133837,0.23460930000000002,0.0187403,0.3712378,,,custom:libsad_search_3b115211f38255.so,/home/rzzhang/sad_merged/sad/build/libsad_search_3b115211f38255.so
2026-08-20T19:57:12.718214+00:00,20260820T190931,joint:rzz-hea:8:e291a1dc4eb77c34,ok,,rzz-hea,8,8,float64,42,64,2,64,2,1,1.0,rotation,rotation,8,8,compact:L1R0W0-L1R0W0-L1R0W0-L1R0W0-L1R0W0-L1R0W0-L1R0W0-L1R0W0,compact:L1R0W0-L1R0W0-L1R0W0-L1R0W0-L1R0W0-L1R0W0-L1R0W0-L1R0W0,,,split,optimized,20,3,20,0.6742665000000001,0.6750358000000001,0.672858,0.681652,0.002100930617607333,0.25956904999999997,0.01892445,0.3965423,,,custom:libsad_search_7ec063ebc99501.so,/home/rzzhang/sad_merged/sad/build/libsad_search_7ec063ebc99501.so
2026-08-20T19:57:12.741419+00:00,20260820T190931,joint:rzz-hea:20:4a919622980bc8e7,ok,,rzz-hea,20,8,float64,42,128,2,32,2,1,0.25,rotation,rotation,7,7,compact:L3R0W0-L3R0W0-L3R0W0-L3R0W0-L3R0W0-L3R0W0-L2R0W0,compact:L3R0W0-L3R0W0-L3R0W0-L3R0W0-L3R0W0-L3R0W0-L2R0W0,,,merged,optimized,5,3,5,7.8067269999999995,7.808405400000001,7.770739000000001,7.847970000000001,0.03190055300210321,1.8297675999999998,0.09775700000000001,5.8808808,,,custom:libsad_search_5851e15f736f52.so,/home/rzzhang/sad_merged/sad/build/libsad_search_5851e15f736f52.so
2026-08-20T19:57:12.812467+00:00,20260820T190931,joint:rzz-hea:24:a56e77ca5e15389e,ok,,rzz-hea,24,8,float64,42,32,2,32,2,1,0.5,rotation,rotation,14,14,compact:L2R0W0-L2R0W0-L2R0W0-L2R0W0-L2R0W0-L2R0W0-L2R0W0-L2R0W0-L2R0W0-L2R0W0-L1R0W0-L1R0W0-L1R0W0-L1R0W0,compact:L2R0W0-L2R0W0-L2R0W0-L2R0W0-L2R0W0-L2R0W0-L2R0W0-L2R0W0-L2R0W0-L2R0W0-L1R0W0-L1R0W0-L1R0W0-L1R0W0,,,split,optimized,3,3,3,267.737344,267.4958446666667,265.93588800000003,268.814302,1.1874505561213287,83.57681866666667,1.9045653333333334,182.01446066666668,,,custom:libsad_search_3cb67c7e18cc99.so,/home/rzzhang/sad_merged/sad/build/libsad_search_3cb67c7e18cc99.so
2026-08-20T19:57:14.425922+00:00,20260820T190931,joint:rzz-hea:20:588ce995ab0dfecd,ok,,rzz-hea,20,8,float64,42,128,2,128,2,1,1.0,rotation,rotation,20,20,compact:L1R0W0-L1R0W0-L1R0W0-L1R0W0-L1R0W0-L1R0W0-L1R0W0-L1R0W0-L1R0W0-L1R0W0-L1R0W0-L1R0W0-L1R0W0-L1R0W0-L1R0W0-L1R0W0-L1R0W0-L1R0W0-L1R0W0-L1R0W0,compact:L1R0W0-L1R0W0-L1R0W0-L1R0W0-L1R0W0-L1R0W0-L1R0W0-L1R0W0-L1R0W0-L1R0W0-L1R0W0-L1R0W0-L1R0W0-L1R0W0-L1R0W0-L1R0W0-L1R0W0-L1R0W0-L1R0W0-L1R0W0,,,split,optimized,5,3,5,10.195088,10.1988562,10.193091,10.206191,0.005658593231537426,3.2994980000000003,0.10136060000000001,6.7979975999999995,,,custom:libsad_search_9361435758c99d.so,/home/rzzhang/sad_merged/sad/build/libsad_search_9361435758c99d.so
2026-08-20T19:57:14.523461+00:00,20260820T190931,joint:rzz-hea:18:74d20784f62d40cf,ok,,rzz-hea,18,8,float64,42,64,2,64,2,1,0.5,rotation,rotation,10,10,compact:L2R0W0-L2R0W0-L2R0W0-L2R0W0-L2R0W0-L2R0W0-L2R0W0-L2R0W0-L1R0W0-L1R0W0,compact:L2R0W0-L2R0W0-L2R0W0-L2R0W0-L2R0W0-L2R0W0-L2R0W0-L2R0W0-L1R0W0-L1R0W0,,,split,optimized,5,3,5,2.916201,2.8978724,2.839683,2.9276809999999998,0.03397886654731155,0.9221129999999998,0.035566,1.9401933999999998,,,custom:libsad_search_7ec063ebc99501.so,/home/rzzhang/sad_merged/sad/build/libsad_search_7ec063ebc99501.so
2026-08-20T19:57:14.555628+00:00,20260820T190931,joint:rzz-hea:26:3f809d163a4389dc,ok,,rzz-hea,26,8,float64,42,128,2,32,2,2,1.0,rotation,rotation,26,26,compact:L1R0W0-L1R0W0-L1R0W0-L1R0W0-L1R0W0-L1R0W0-L1R0W0-L1R0W0-L1R0W0-L1R0W0-L1R0W0-L1R0W0-L1R0W0-L1R0W0-L1R0W0-L1R0W0-L1R0W0-L1R0W0-L1R0W0-L1R0W0-L1R0W0-L1R0W0-L1R0W0-L1R0W0-L1R0W0-L1R0W0,compact:L1R0W0-L1R0W0-L1R0W0-L1R0W0-L1R0W0-L1R0W0-L1R0W0-L1R0W0-L1R0W0-L1R0W0-L1R0W0-L1R0W0-L1R0W0-L1R0W0-L1R0W0-L1R0W0-L1R0W0-L1R0W0-L1R0W0-L1R0W0-L1R0W0-L1R0W0-L1R0W0-L1R0W0-L1R0W0-L1R0W0,,,split,optimized,2,3,2,1798.852667,1798.852667,1797.5515500000001,1800.1537839999999,1.3011169999998629,562.5973755,10.2111275,1226.044164,,,custom:libsad_search_3b115211f38255.so,/home/rzzhang/sad_merged/sad/build/libsad_search_3b115211f38255.so
2026-08-20T19:57:23.556540+00:00,20260820T190931,joint:rzz-hea:16:19b5e01323aa0030,ok,,rzz-hea,16,8,float64,42,32,2,32,2,1,0.5,rotation,rotation,10,10,compact:L2R0W0-L2R0W0-L2R0W0-L2R0W0-L2R0W0-L2R0W0-L1R0W0-L1R0W0-L1R0W0-L1R0W0,compact:L2R0W0-L2R0W0-L2R0W0-L2R0W0-L2R0W0-L2R0W0-L1R0W0-L1R0W0-L1R0W0-L1R0W0,,,merged,optimized,5,3,5,1.5818199999999998,1.5805504,1.576821,1.58222,0.002037871497420718,0.48715499999999995,0.0192576,1.0741378,,,custom:libsad_search_f9cdaf042a7bd6.so,/home/rzzhang/sad_merged/sad/build/libsad_search_f9cdaf042a7bd6.so
2026-08-20T19:57:23.595956+00:00,20260820T190931,joint:rzz-hea:10:9e82006ddcd8ec8c,ok,,rzz-hea,10,8,float64,42,128,2,32,2,1,1.0,rotation,rotation,10,10,compact:L1R0W0-L1R0W0-L1R0W0-L1R0W0-L1R0W0-L1R0W0-L1R0W0-L1R0W0-L1R0W0-L1R0W0,compact:L1R0W0-L1R0W0-L1R0W0-L1R0W0-L1R0W0-L1R0W0-L1R0W0-L1R0W0-L1R0W0-L1R0W0,,,merged,optimized,10,3,10,0.871569,0.8718996999999999,0.870503,0.873732,0.0010136544825530953,0.3907847,0.0190242,0.4620908,,,custom:libsad_search_5851e15f736f52.so,/home/rzzhang/sad_merged/sad/build/libsad_search_5851e15f736f52.so
2026-08-20T19:57:23.620304+00:00,20260820T190931,joint:rzz-hea:26:d2c5ae770264c886,ok,,rzz-hea,26,8,float64,42,128,2,128,2,1,1.0,rotation,rotation,26,26,compact:L1R0W0-L1R0W0-L1R0W0-L1R0W0-L1R0W0-L1R0W0-L1R0W0-L1R0W0-L1R0W0-L1R0W0-L1R0W0-L1R0W0-L1R0W0-L1R0W0-L1R0W0-L1R0W0-L1R0W0-L1R0W0-L1R0W0-L1R0W0-L1R0W0-L1R0W0-L1R0W0-L1R0W0-L1R0W0-L1R0W0,compact:L1R0W0-L1R0W0-L1R0W0-L1R0W0-L1R0W0-L1R0W0-L1R0W0-L1R0W0-L1R0W0-L1R0W0-L1R0W0-L1R0W0-L1R0W0-L1R0W0-L1R0W0-L1R0W0-L1R0W0-L1R0W0-L1R0W0-L1R0W0-L1R0W0-L1R0W0-L1R0W0-L1R0W0-L1R0W0-L1R0W0,,,merged,optimized,2,3,2,1771.990715,1771.990715,1771.0602720000002,1772.9211579999999,0.9304429999998547,517.237831,10.253333999999999,1244.49955,,,custom:libsad_search_8fbfac92ec4bef.so,/home/rzzhang/sad_merged/sad/build/libsad_search_8fbfac92ec4bef.so
2026-08-20T19:57:32.496600+00:00,20260820T190931,joint:rzz-hea:12:e7e2ed2ba0478350,ok,,rzz-hea,12,8,float64,42,32,2,32,2,1,0.75,rotation,rotation,10,10,compact:L2R0W0-L2R0W0-L1R0W0-L1R0W0-L1R0W0-L1R0W0-L1R0W0-L1R0W0-L1R0W0-L1R0W0,compact:L2R0W0-L2R0W0-L1R0W0-L1R0W0-L1R0W0-L1R0W0-L1R0W0-L1R0W0-L1R0W0-L1R0W0,,,split,optimized,10,3,10,0.9563705,0.9554756,0.949644,0.9573780000000001,0.0021703492437854174,0.3711625,0.019085,0.5652281,,,custom:libsad_search_3cb67c7e18cc99.so,/home/rzzhang/sad_merged/sad/build/libsad_search_3cb67c7e18cc99.so
2026-08-20T19:57:32.522224+00:00,20260820T190931,joint:rzz-hea:20:809a144ba736059d,ok,,rzz-hea,20,8,float64,42,64,2,64,2,2,0.25,rotation,rotation,7,7,compact:L3R0W0-L3R0W0-L3R0W0-L3R0W0-L3R0W0-L3R0W0-L2R0W0,compact:L3R0W0-L3R0W0-L3R0W0-L3R0W0-L3R0W0-L3R0W0-L2R0W0,,,merged,optimized,5,3,5,7.977926999999999,8.0025118,7.967434000000001,8.053743,0.03844150715775857,1.8300834000000004,0.1007072,6.0717212,,,custom:libsad_search_97eec9f2a848ec.so,/home/rzzhang/sad_merged/sad/build/libsad_search_97eec9f2a848ec.so
2026-08-20T19:57:32.602923+00:00,20260820T190931,joint:rzz-hea:24:c000c800e919044c,ok,,rzz-hea,24,8,float64,42,64,2,64,2,2,0.5,rotation,rotation,14,14,compact:L2R0W0-L2R0W0-L2R0W0-L2R0W0-L2R0W0-L2R0W0-L2R0W0-L2R0W0-L2R0W0-L2R0W0-L1R0W0-L1R0W0-L1R0W0-L1R0W0,compact:L2R0W0-L2R0W0-L2R0W0-L2R0W0-L2R0W0-L2R0W0-L2R0W0-L2R0W0-L2R0W0-L2R0W0-L1R0W0-L1R0W0-L1R0W0-L1R0W0,,,merged,optimized,3,3,3,260.071242,259.970892,259.45931299999995,260.38212100000004,0.3833590511005226,72.04007866666667,1.8363143333333334,186.09449899999998,,,custom:libsad_search_97eec9f2a848ec.so,/home/rzzhang/sad_merged/sad/build/libsad_search_97eec9f2a848ec.so
2026-08-20T19:57:34.175648+00:00,20260820T190931,joint:rzz-hea:28:d6b7a8a1a34c0a40,ok,,rzz-hea,28,8,float64,42,32,2,32,2,2,0.0,rotation,rotation,4,4,compact:L5R2W0-L5R2W0-L5R2W0-L5R2W0,compact:L5R2W0-L5R2W0-L5R2W0-L5R2W0,,,split,optimized,2,3,2,2795.2650169999997,2795.2650169999997,2794.800915,2795.7291189999996,0.46410199999991164,795.6191729999999,85.26321049999999,1914.3826334999999,,,custom:libsad_search_16d9d6cef53b3d.so,/home/rzzhang/sad_merged/sad/build/libsad_search_16d9d6cef53b3d.so
2026-08-20T19:57:48.189209+00:00,20260820T190931,joint:rzz-hea:10:1e6a8ca5873c393e,ok,,rzz-hea,10,8,float64,42,64,2,64,2,2,0.0,rotation,rotation,2,2,compact:L5R0W0-L5R0W0,compact:L5R0W0-L5R0W0,,,split,optimized,10,3,10,0.46704999999999997,0.4671947,0.465747,0.46803700000000004,0.0006643640643502654,0.14749750000000003,0.0190695,0.3006277,,,custom:libsad_search_20c37ff249ec0a.so,/home/rzzhang/sad_merged/sad/build/libsad_search_20c37ff249ec0a.so
2026-08-20T19:57:48.208294+00:00,20260820T190931,joint:rzz-hea:24:20fb79bf9e129fd9,ok,,rzz-hea,24,8,float64,42,32,2,128,2,2,0.75,rotation,rotation,19,19,compact:L2R0W0-L2R0W0-L2R0W0-L2R0W0-L2R0W0-L1R0W0-L1R0W0-L1R0W0-L1R0W0-L1R0W0-L1R0W0-L1R0W0-L1R0W0-L1R0W0-L1R0W0-L1R0W0-L1R0W0-L1R0W0-L1R0W0,compact:L2R0W0-L2R0W0-L2R0W0-L2R0W0-L2R0W0-L1R0W0-L1R0W0-L1R0W0-L1R0W0-L1R0W0-L1R0W0-L1R0W0-L1R0W0-L1R0W0-L1R0W0-L1R0W0-L1R0W0-L1R0W0-L1R0W0,,,split,optimized,3,3,3,342.34454000000005,342.276357,341.748939,342.73559200000005,0.40567452201572013,106.98378233333334,1.815272,233.47730266666667,,,custom:libsad_search_2a0e4369743c84.so,/home/rzzhang/sad_merged/sad/build/libsad_search_2a0e4369743c84.so
2026-08-20T19:57:50.307142+00:00,20260820T190931,joint:rzz-hea:22:aec533d96e881c29,ok,,rzz-hea,22,8,float64,42,64,2,64,2,1,0.5,rotation,rotation,12,12,compact:L2R0W0-L2R0W0-L2R0W0-L2R0W0-L2R0W0-L2R0W0-L2R0W0-L2R0W0-L2R0W0-L2R0W0-L1R0W0-L1R0W0,compact:L2R0W0-L2R0W0-L2R0W0-L2R0W0-L2R0W0-L2R0W0-L2R0W0-L2R0W0-L2R0W0-L2R0W0-L1R0W0-L1R0W0,,,merged,optimized,3,3,3,49.708833,49.66054066666667,49.44024,49.832549,0.1637593762492857,8.117590333333334,0.41919966666666664,41.12375066666667,,,custom:libsad_search_7e5293342e215a.so,/home/rzzhang/sad_merged/sad/build/libsad_search_7e5293342e215a.so
2026-08-20T19:57:50.623474+00:00,20260820T190931,joint:rzz-hea:8:f3e4e3e4b7b07e5e,ok,,rzz-hea,8,8,float64,42,128,2,128,2,1,0.75,rotation,rotation,6,6,compact:L2R0W0-L2R0W0-L1R0W0-L1R0W0-L1R0W0-L1R0W0,compact:L2R0W0-L2R0W0-L1R0W0-L1R0W0-L1R0W0-L1R0W0,,,merged,optimized,20,3,20,0.613842,0.6238279999999999,0.602943,0.646318,0.020333279897743986,0.2314726,0.018751999999999998,0.3736034,,,custom:libsad_search_8fbfac92ec4bef.so,/home/rzzhang/sad_merged/sad/build/libsad_search_8fbfac92ec4bef.so
2026-08-20T19:57:50.645754+00:00,20260820T190931,joint:rzz-hea:8:232a80cb54ca50fb,ok,,rzz-hea,8,8,float64,42,128,2,128,2,2,0.25,rotation,rotation,3,3,compact:L3R0W0-L3R0W0-L2R0W0,compact:L3R0W0-L3R0W0-L2R0W0,,,split,optimized,20,3,20,0.49808300000000005,0.5030506499999999,0.4955879999999999,0.5111180000000001,0.006565128530920009,0.16086045,0.01897735,0.32321285,,,custom:libsad_search_d02bea87aa5c56.so,/home/rzzhang/sad_merged/sad/build/libsad_search_d02bea87aa5c56.so
2026-08-20T19:57:50.665171+00:00,20260820T190931,joint:rzz-hea:24:3983cb22e46639ef,ok,,rzz-hea,24,8,float64,42,128,2,128,2,1,0.0,rotation,rotation,3,3,compact:L5R2W1-L5R2W1-L5R2W1,compact:L5R2W1-L5R2W1-L5R2W1,,,merged,optimized,3,3,3,140.174607,140.24879766666666,140.142822,140.42896399999998,0.1280559833466843,27.662848333333333,1.786665,110.79928433333335,,,custom:libsad_search_8fbfac92ec4bef.so,/home/rzzhang/sad_merged/sad/build/libsad_search_8fbfac92ec4bef.so
2026-08-20T19:57:51.521904+00:00,20260820T190931,joint:rzz-hea:6:d8066e61d9f89d9f,ok,,rzz-hea,6,8,float64,42,64,2,64,2,1,1.0,rotation,rotation,6,6,compact:L1R0W0-L1R0W0-L1R0W0-L1R0W0-L1R0W0-L1R0W0,compact:L1R0W0-L1R0W0-L1R0W0-L1R0W0-L1R0W0-L1R0W0,,,merged,optimized,20,3,20,0.44231049999999994,0.43590235,0.421693,0.447582,0.010833883437046018,0.15892099999999998,0.0185159,0.25846545000000004,,,custom:libsad_search_7e5293342e215a.so,/home/rzzhang/sad_merged/sad/build/libsad_search_7e5293342e215a.so
2026-08-20T19:57:51.542869+00:00,20260820T190931,joint:rzz-hea:22:3867aca435c7f9a2,ok,,rzz-hea,22,8,float64,42,128,2,128,2,2,0.5,rotation,rotation,12,12,compact:L2R0W0-L2R0W0-L2R0W0-L2R0W0-L2R0W0-L2R0W0-L2R0W0-L2R0W0-L2R0W0-L2R0W0-L1R0W0-L1R0W0,compact:L2R0W0-L2R0W0-L2R0W0-L2R0W0-L2R0W0-L2R0W0-L2R0W0-L2R0W0-L2R0W0-L2R0W0-L1R0W0-L1R0W0,,,merged,optimized,3,3,3,49.543602,49.535977,49.403305,49.661024,0.10535139995589138,8.066867333333333,0.41153466666666666,41.05757500000001,,,custom:libsad_search_b969ada61d8a74.so,/home/rzzhang/sad_merged/sad/build/libsad_search_b969ada61d8a74.so
2026-08-20T19:57:51.852074+00:00,20260820T190931,joint:rzz-hea:6:5b12fbd9b0e0dcef,ok,,rzz-hea,6,8,float64,42,32,2,128,2,2,0.5,rotation,rotation,4,4,compact:L2R0W0-L2R0W0-L1R0W0-L1R0W0,compact:L2R0W0-L2R0W0-L1R0W0-L1R0W0,,,merged,optimized,20,3,20,0.4044495,0.40434064999999997,0.402343,0.40639699999999995,0.000754884247749276,0.12518965,0.01904,0.260111,,,custom:libsad_search_fce412939d20fb.so,/home/rzzhang/sad_merged/sad/build/libsad_search_fce412939d20fb.so
2026-08-20T19:57:51.869136+00:00,20260820T190931,joint:rzz-hea:28:7f2c4abecf92d376,ok,,rzz-hea,28,8,float64,42,128,2,128,2,2,0.75,rotation,rotation,22,22,compact:L2R0W0-L2R0W0-L2R0W0-L2R0W0-L2R0W0-L2R0W0-L1R0W0-L1R0W0-L1R0W0-L1R0W0-L1R0W0-L1R0W0-L1R0W0-L1R0W0-L1R0W0-L1R0W0-L1R0W0-L1R0W0-L1R0W0-L1R0W0-L1R0W0-L1R0W0,compact:L2R0W0-L2R0W0-L2R0W0-L2R0W0-L2R0W0-L2R0W0-L1R0W0-L1R0W0-L1R0W0-L1R0W0-L1R0W0-L1R0W0-L1R0W0-L1R0W0-L1R0W0-L1R0W0-L1R0W0-L1R0W0-L1R0W0-L1R0W0-L1R0W0-L1R0W0,,,merged,optimized,2,3,2,6189.5951565,6189.5951565,6189.471447,6189.718866,0.12370950000013181,1750.2540255,83.8386275,4355.502503500001,,,custom:libsad_search_b969ada61d8a74.so,/home/rzzhang/sad_merged/sad/build/libsad_search_b969ada61d8a74.so
2026-08-20T19:58:22.834757+00:00,20260820T190931,joint:rzz-hea:28:96df09f45fb69f0a,ok,,rzz-hea,28,8,float64,42,32,2,32,2,2,0.5,rotation,rotation,16,16,compact:L2R0W0-L2R0W0-L2R0W0-L2R0W0-L2R0W0-L2R0W0-L2R0W0-L2R0W0-L2R0W0-L2R0W0-L2R0W0-L2R0W0-L1R0W0-L1R0W0-L1R0W0-L1R0W0,compact:L2R0W0-L2R0W0-L2R0W0-L2R0W0-L2R0W0-L2R0W0-L2R0W0-L2R0W0-L2R0W0-L2R0W0-L2R0W0-L2R0W0-L1R0W0-L1R0W0-L1R0W0-L1R0W0,,,merged,optimized,2,3,2,4797.097661,4797.097661,4796.560605,4797.634717,0.5370560000001205,1347.79465,84.9299995,3364.3730115,,,custom:libsad_search_dcff342f285260.so,/home/rzzhang/sad_merged/sad/build/libsad_search_dcff342f285260.so
2026-08-20T19:58:46.870015+00:00,20260820T190931,joint:rzz-hea:12:7d6a425fbc449bd3,ok,,rzz-hea,12,8,float64,42,32,2,128,2,1,0.75,rotation,rotation,10,10,compact:L2R0W0-L2R0W0-L1R0W0-L1R0W0-L1R0W0-L1R0W0-L1R0W0-L1R0W0-L1R0W0-L1R0W0,compact:L2R0W0-L2R0W0-L1R0W0-L1R0W0-L1R0W0-L1R0W0-L1R0W0-L1R0W0-L1R0W0-L1R0W0,,,split,optimized,10,3,10,1.1095389999999998,1.1097778999999999,1.108096,1.1110849999999999,0.001058415083981725,0.3794879,0.018950900000000003,0.7113391,,,custom:libsad_search_0e4f539ceca897.so,/home/rzzhang/sad_merged/sad/build/libsad_search_0e4f539ceca897.so
2026-08-20T19:58:46.897454+00:00,20260820T190931,joint:rzz-hea:6:2c4643e5860d6f68,ok,,rzz-hea,6,8,float64,42,32,2,32,2,1,0.75,rotation,rotation,5,5,compact:L2R0W0-L1R0W0-L1R0W0-L1R0W0-L1R0W0,compact:L2R0W0-L1R0W0-L1R0W0-L1R0W0-L1R0W0,,,split,optimized,20,3,20,0.42385150000000005,0.4231177,0.415906,0.425026,0.0022253397740569897,0.15446464999999998,0.01880955,0.24984350000000002,,,custom:libsad_search_3cb67c7e18cc99.so,/home/rzzhang/sad_merged/sad/build/libsad_search_3cb67c7e18cc99.so
2026-08-20T19:58:46.920485+00:00,20260820T190931,joint:rzz-hea:12:43bfda542e8792d3,ok,,rzz-hea,12,8,float64,42,32,2,128,2,2,0.5,rotation,rotation,7,7,compact:L2R0W0-L2R0W0-L2R0W0-L2R0W0-L2R0W0-L1R0W0-L1R0W0,compact:L2R0W0-L2R0W0-L2R0W0-L2R0W0-L2R0W0-L1R0W0-L1R0W0,,,merged,optimized,10,3,10,0.8324635,0.8312512,0.82558,0.8336020000000001,0.0027648693567689665,0.2782795,0.018831,0.5341407,,,custom:libsad_search_fce412939d20fb.so,/home/rzzhang/sad_merged/sad/build/libsad_search_fce412939d20fb.so
2026-08-20T19:58:46.945579+00:00,20260820T190931,joint:rzz-hea:14:098ccbc26dabd5e6,ok,,rzz-hea,14,8,float64,42,128,2,32,2,1,0.0,legacy,legacy,0,0,,,,,not_applicable,legacy-generic,10,3,10,0.5831315000000001,0.5838461,0.582506,0.586846,0.0015941148923462,0.215825,0.018986799999999998,0.3490343,,,custom:libsad_search_eaf59e83158800.so,/home/rzzhang/sad_merged/sad/build/libsad_search_eaf59e83158800.so
2026-08-20T19:58:46.966743+00:00,20260820T190931,joint:rzz-hea:18:59cd44c716df09c5,ok,,rzz-hea,18,8,float64,42,32,2,32,2,1,0.5,rotation,rotation,10,10,compact:L2R0W0-L2R0W0-L2R0W0-L2R0W0-L2R0W0-L2R0W0-L2R0W0-L2R0W0-L1R0W0-L1R0W0,compact:L2R0W0-L2R0W0-L2R0W0-L2R0W0-L2R0W0-L2R0W0-L2R0W0-L2R0W0-L1R0W0-L1R0W0,,,merged,optimized,5,3,5,2.807568,2.8074836000000003,2.805593,2.809283,0.0011707841133189946,0.7660695999999999,0.0350138,2.0064002000000003,,,custom:libsad_search_f9cdaf042a7bd6.so,/home/rzzhang/sad_merged/sad/build/libsad_search_f9cdaf042a7bd6.so
2026-08-20T19:58:47.011139+00:00,20260820T190931,joint:rzz-hea:8:5bdabb63bfe39ff9,ok,,rzz-hea,8,8,float64,42,32,2,32,2,2,1.0,rotation,rotation,8,8,compact:L1R0W0-L1R0W0-L1R0W0-L1R0W0-L1R0W0-L1R0W0-L1R0W0-L1R0W0,compact:L1R0W0-L1R0W0-L1R0W0-L1R0W0-L1R0W0-L1R0W0-L1R0W0-L1R0W0,,,split,optimized,20,3,20,0.6646315,0.6651944000000001,0.6634180000000001,0.6713330000000001,0.001796519395943169,0.25778505,0.01899025,0.3884191,,,custom:libsad_search_16d9d6cef53b3d.so,/home/rzzhang/sad_merged/sad/build/libsad_search_16d9d6cef53b3d.so
2026-08-20T19:58:47.042343+00:00,20260820T190931,joint:rzz-hea:4:ec0387321d91ba84,ok,,rzz-hea,4,8,float64,42,64,2,64,2,2,1.0,rotation,rotation,4,4,compact:L1R0W0-L1R0W0-L1R0W0-L1R0W0,compact:L1R0W0-L1R0W0-L1R0W0-L1R0W0,,,split,optimized,20,3,20,0.33290700000000006,0.33341955,0.33163699999999996,0.335959,0.0010972401503317282,0.12290365,0.0186203,0.19189560000000003,,,custom:libsad_search_20c37ff249ec0a.so,/home/rzzhang/sad_merged/sad/build/libsad_search_20c37ff249ec0a.so
2026-08-20T19:58:47.063721+00:00,20260820T190931,joint:rzz-hea:22:3dcf18148b252765,ok,,rzz-hea,22,8,float64,42,128,2,128,2,2,0.75,rotation,rotation,17,17,compact:L2R0W0-L2R0W0-L2R0W0-L2R0W0-L2R0W0-L1R0W0-L1R0W0-L1R0W0-L1R0W0-L1R0W0-L1R0W0-L1R0W0-L1R0W0-L1R0W0-L1R0W0-L1R0W0-L1R0W0,compact:L2R0W0-L2R0W0-L2R0W0-L2R0W0-L2R0W0-L1R0W0-L1R0W0-L1R0W0-L1R0W0-L1R0W0-L1R0W0-L1R0W0-L1R0W0-L1R0W0-L1R0W0-L1R0W0-L1R0W0,,,split,optimized,3,3,3,65.529195,65.50128133333334,65.335826,65.638823,0.12526285720391903,10.949077333333335,0.4277023333333333,54.12450166666667,,,custom:libsad_search_d02bea87aa5c56.so,/home/rzzhang/sad_merged/sad/build/libsad_search_d02bea87aa5c56.so
2026-08-20T19:58:47.480651+00:00,20260820T190931,joint:rzz-hea:16:1b28f3a8f8a9034a,ok,,rzz-hea,16,8,float64,42,64,2,64,2,1,0.75,rotation,rotation,12,12,compact:L2R0W0-L2R0W0-L2R0W0-L2R0W0-L1R0W0-L1R0W0-L1R0W0-L1R0W0-L1R0W0-L1R0W0-L1R0W0-L1R0W0,compact:L2R0W0-L2R0W0-L2R0W0-L2R0W0-L1R0W0-L1R0W0-L1R0W0-L1R0W0-L1R0W0-L1R0W0-L1R0W0-L1R0W0,,,split,optimized,5,3,5,1.806036,1.7868169999999999,1.7019350000000002,1.8142360000000002,0.04256300150600278,0.6266834,0.0192096,1.1409240000000003,,,custom:libsad_search_7ec063ebc99501.so,/home/rzzhang/sad_merged/sad/build/libsad_search_7ec063ebc99501.so
2026-08-20T19:58:47.503744+00:00,20260820T190931,joint:rzz-hea:4:94db8f7efa0d7096,ok,,rzz-hea,4,8,float64,42,32,2,32,2,1,0.0,rotation,rotation,1,1,compact:L4R0W0,compact:L4R0W0,,,split,optimized,20,3,20,0.2267355,0.22729249999999998,0.22507200000000002,0.23348100000000002,0.002037096868094398,0.07354795,0.018955499999999997,0.13478905,,,custom:libsad_search_3cb67c7e18cc99.so,/home/rzzhang/sad_merged/sad/build/libsad_search_3cb67c7e18cc99.so
2026-08-20T19:58:47.516604+00:00,20260820T190931,joint:rzz-hea:24:234f383bba4167ef,ok,,rzz-hea,24,8,float64,42,64,2,64,2,1,1.0,rotation,rotation,24,24,compact:L1R0W0-L1R0W0-L1R0W0-L1R0W0-L1R0W0-L1R0W0-L1R0W0-L1R0W0-L1R0W0-L1R0W0-L1R0W0-L1R0W0-L1R0W0-L1R0W0-L1R0W0-L1R0W0-L1R0W0-L1R0W0-L1R0W0-L1R0W0-L1R0W0-L1R0W0-L1R0W0-L1R0W0,compact:L1R0W0-L1R0W0-L1R0W0-L1R0W0-L1R0W0-L1R0W0-L1R0W0-L1R0W0-L1R0W0-L1R0W0-L1R0W0-L1R0W0-L1R0W0-L1R0W0-L1R0W0-L1R0W0-L1R0W0-L1R0W0-L1R0W0-L1R0W0-L1R0W0-L1R0W0-L1R0W0-L1R0W0,,,merged,optimized,3,3,3,412.676841,412.77547699999997,412.44364599999994,413.205944,0.31892669541553587,119.73008566666667,1.7787326666666667,291.2666586666666,,,custom:libsad_search_7e5293342e215a.so,/home/rzzhang/sad_merged/sad/build/libsad_search_7e5293342e215a.so
2026-08-20T19:58:50.006901+00:00,20260820T190931,joint:rzz-hea:24:c647cc9c09761388,ok,,rzz-hea,24,8,float64,42,128,2,128,2,2,0.75,rotation,rotation,19,19,compact:L2R0W0-L2R0W0-L2R0W0-L2R0W0-L2R0W0-L1R0W0-L1R0W0-L1R0W0-L1R0W0-L1R0W0-L1R0W0-L1R0W0-L1R0W0-L1R0W0-L1R0W0-L1R0W0-L1R0W0-L1R0W0-L1R0W0,compact:L2R0W0-L2R0W0-L2R0W0-L2R0W0-L2R0W0-L1R0W0-L1R0W0-L1R0W0-L1R0W0-L1R0W0-L1R0W0-L1R0W0-L1R0W0-L1R0W0-L1R0W0-L1R0W0-L1R0W0-L1R0W0-L1R0W0,,,merged,optimized,3,3,3,336.231518,336.06576966666665,335.540375,336.425416,0.37984977330723396,96.04292200000002,1.7977056666666666,238.225142,,,custom:libsad_search_b969ada61d8a74.so,/home/rzzhang/sad_merged/sad/build/libsad_search_b969ada61d8a74.so
2026-08-20T19:58:52.043950+00:00,20260820T190931,joint:rzz-hea:10:3475d7ae4ac13c2f,ok,,rzz-hea,10,8,float64,42,32,2,32,2,2,0.75,rotation,rotation,8,8,compact:L2R0W0-L2R0W0-L1R0W0-L1R0W0-L1R0W0-L1R0W0-L1R0W0-L1R0W0,compact:L2R0W0-L2R0W0-L1R0W0-L1R0W0-L1R0W0-L1R0W0-L1R0W0-L1R0W0,,,split,optimized,10,3,10,0.7598385000000001,0.772338,0.75252,0.8019209999999999,0.018488662769383817,0.29540780000000005,0.0188992,0.45803099999999997,,,custom:libsad_search_16d9d6cef53b3d.so,/home/rzzhang/sad_merged/sad/build/libsad_search_16d9d6cef53b3d.so
2026-08-20T19:58:52.065316+00:00,20260820T190931,joint:rzz-hea:18:70a10bad943dbbe2,ok,,rzz-hea,18,8,float64,42,64,2,64,2,2,0.5,rotation,rotation,10,10,compact:L2R0W0-L2R0W0-L2R0W0-L2R0W0-L2R0W0-L2R0W0-L2R0W0-L2R0W0-L1R0W0-L1R0W0,compact:L2R0W0-L2R0W0-L2R0W0-L2R0W0-L2R0W0-L2R0W0-L2R0W0-L2R0W0-L1R0W0-L1R0W0,,,merged,optimized,5,3,5,2.946962,2.9453264,2.9408529999999997,2.9491359999999998,0.0033579931268541566,0.8081398,0.0352644,2.1019222,,,custom:libsad_search_97eec9f2a848ec.so,/home/rzzhang/sad_merged/sad/build/libsad_search_97eec9f2a848ec.so
2026-08-20T19:58:52.097431+00:00,20260820T190931,joint:rzz-hea:26:52facd4a1aa425da,ok,,rzz-hea,26,8,float64,42,128,2,32,2,2,0.5,rotation,rotation,14,15,compact:L2R0W0-L2R0W0-L2R0W0-L2R0W0-L2R0W0-L2R0W0-L2R0W0-L2R0W0-L2R0W0-L2R0W0-L2R0W0-L2R0W0-L1R0W0-L1R0W0,compact:L2R0W0-L2R0W0-L2R0W0-L2R0W0-L2R0W0-L2R0W0-L2R0W0-L2R0W0-L2R0W0-L2R0W0-L2R0W0-L1R0W0-L1R0W0-L1R0W0-L1R0W0,,,merged,optimized,2,3,2,1109.4374910000001,1109.4374910000001,1108.400353,1110.474629,1.0371380000000272,291.9670355,10.469365,807.0010905,,,custom:libsad_search_d014591f51543a.so,/home/rzzhang/sad_merged/sad/build/libsad_search_d014591f51543a.so
2026-08-20T19:58:57.651582+00:00,20260820T190931,joint:rzz-hea:28:cc00dd14f502a10b,ok,,rzz-hea,28,8,float64,42,128,2,32,2,2,0.0,rotation,rotation,4,4,compact:L5R2W0-L5R2W0-L5R2W0-L5R2W0,compact:L5R2W0-L5R2W0-L5R2W0-L5R2W0,,,split,optimized,2,3,2,2753.73153,2753.73153,2751.2893040000004,2756.173756,2.4422259999998914,732.5457580000001,83.5607995,1937.6249725,,,custom:libsad_search_3b115211f38255.so,/home/rzzhang/sad_merged/sad/build/libsad_search_3b115211f38255.so
2026-08-20T19:59:11.437480+00:00,20260820T190931,joint:rzz-hea:26:b640c43bdef74d78,ok,,rzz-hea,26,8,float64,42,32,2,128,2,1,0.25,rotation,rotation,10,9,compact:L3R0W0-L3R0W0-L3R0W0-L3R0W0-L3R0W0-L3R0W0-L2R0W0-L2R0W0-L2R0W0-L2R0W0,compact:L3R0W0-L3R0W0-L3R0W0-L3R0W0-L3R0W0-L3R0W0-L3R0W0-L3R0W0-L2R0W0,,,merged,optimized,2,3,2,797.56817,797.56817,797.1625740000001,797.9737660000001,0.40559600000000273,226.165257,10.875435499999998,560.5274775,,,custom:libsad_search_2a8327787a9aac.so,/home/rzzhang/sad_merged/sad/build/libsad_search_2a8327787a9aac.so
2026-08-20T19:59:15.460302+00:00,20260820T190931,joint:rzz-hea:14:c74c5f56eaadc201,ok,,rzz-hea,14,8,float64,42,128,2,32,2,2,0.25,rotation,rotation,5,5,compact:L3R0W0-L3R0W0-L3R0W0-L3R0W0-L2R0W0,compact:L3R0W0-L3R0W0-L3R0W0-L3R0W0-L2R0W0,,,merged,optimized,10,3,10,0.7679104999999999,0.7679493,0.7667679999999999,0.7690279999999999,0.0008011694015625031,0.30793539999999997,0.018972600000000003,0.4410413,,,custom:libsad_search_d014591f51543a.so,/home/rzzhang/sad_merged/sad/build/libsad_search_d014591f51543a.so
2026-08-20T19:59:15.483573+00:00,20260820T190931,joint:rzz-hea:8:c5f55e837bbd997a,ok,,rzz-hea,8,8,float64,42,32,2,32,2,2,0.25,rotation,rotation,4,4,compact:L2R0W0-L2R0W0-L2R0W0-L2R0W0,compact:L2R0W0-L2R0W0-L2R0W0-L2R0W0,,,split,optimized,20,3,20,0.481675,0.4799574,0.474184,0.483465,0.0032460012230435173,0.16857075000000002,0.0183279,0.29305875,,,custom:libsad_search_16d9d6cef53b3d.so,/home/rzzhang/sad_merged/sad/build/libsad_search_16d9d6cef53b3d.so
2026-08-20T19:59:15.507409+00:00,20260820T190931,joint:rzz-hea:22:23074f4c08a40ef5,ok,,rzz-hea,22,8,float64,42,128,2,32,2,2,0.75,rotation,rotation,17,18,compact:L2R0W0-L2R0W0-L2R0W0-L2R0W0-L2R0W0-L1R0W0-L1R0W0-L1R0W0-L1R0W0-L1R0W0-L1R0W0-L1R0W0-L1R0W0-L1R0W0-L1R0W0-L1R0W0-L1R0W0,compact:L2R0W0-L2R0W0-L2R0W0-L2R0W0-L1R0W0-L1R0W0-L1R0W0-L1R0W0-L1R0W0-L1R0W0-L1R0W0-L1R0W0-L1R0W0-L1R0W0-L1R0W0-L1R0W0-L1R0W0-L1R0W0,,,merged,optimized,3,3,3,68.069516,68.09036966666666,67.887757,68.31383600000001,0.1745699193643946,9.830337666666667,0.4201296666666667,57.839902333333335,,,custom:libsad_search_d014591f51543a.so,/home/rzzhang/sad_merged/sad/build/libsad_search_d014591f51543a.so
2026-08-20T19:59:15.936000+00:00,20260820T190931,joint:rzz-hea:10:83cede499047d4c3,ok,,rzz-hea,10,8,float64,42,128,2,128,2,2,0.5,rotation,rotation,6,6,compact:L2R0W0-L2R0W0-L2R0W0-L2R0W0-L1R0W0-L1R0W0,compact:L2R0W0-L2R0W0-L2R0W0-L2R0W0-L1R0W0-L1R0W0,,,merged,optimized,10,3,10,0.7833665000000001,0.7753579,0.733312,0.785268,0.01704541488172114,0.28785109999999997,0.0186052,0.4689016,,,custom:libsad_search_b969ada61d8a74.so,/home/rzzhang/sad_merged/sad/build/libsad_search_b969ada61d8a74.so
2026-08-20T19:59:15.953755+00:00,20260820T190931,joint:rzz-hea:22:f2759eb05e975c92,ok,,rzz-hea,22,8,float64,42,128,2,32,2,1,0.0,rotation,rotation,3,4,compact:L5R2W1-L5R2W0-L5R2W0,compact:L5R1W0-L5R1W0-L5R0W0-L5R0W0,,,merged,optimized,3,3,3,31.980462000000003,32.06773866666667,31.956228000000003,32.266526000000006,0.14091161440026617,6.675376666666667,0.40066999999999997,24.991692,,,custom:libsad_search_5851e15f736f52.so,/home/rzzhang/sad_merged/sad/build/libsad_search_5851e15f736f52.so
2026-08-20T19:59:16.157594+00:00,20260820T190931,joint:rzz-hea:14:e806f464f12895c0,ok,,rzz-hea,14,8,float64,42,32,2,32,2,2,0.75,rotation,rotation,11,11,compact:L2R0W0-L2R0W0-L2R0W0-L1R0W0-L1R0W0-L1R0W0-L1R0W0-L1R0W0-L1R0W0-L1R0W0-L1R0W0,compact:L2R0W0-L2R0W0-L2R0W0-L1R0W0-L1R0W0-L1R0W0-L1R0W0-L1R0W0-L1R0W0-L1R0W0-L1R0W0,,,merged,optimized,10,3,10,1.080731,1.1044276,1.0776780000000001,1.145459,0.03112118388236539,0.4439006,0.0188529,0.6416741,,,custom:libsad_search_dcff342f285260.so,/home/rzzhang/sad_merged/sad/build/libsad_search_dcff342f285260.so
2026-08-20T19:59:16.179917+00:00,20260820T190931,joint:rzz-hea:4:042e1f059f3fe6a9,ok,,rzz-hea,4,8,float64,42,32,2,32,2,2,0.25,rotation,rotation,2,2,compact:L2R0W0-L2R0W0,compact:L2R0W0-L2R0W0,,,merged,optimized,20,3,20,0.20381449999999998,0.20523395,0.202681,0.21105000000000002,0.0027301411955245047,0.06025335,0.019052850000000003,0.12592775,,,custom:libsad_search_dcff342f285260.so,/home/rzzhang/sad_merged/sad/build/libsad_search_dcff342f285260.so
2026-08-20T19:59:16.192099+00:00,20260820T190931,joint:rzz-hea:20:b39bef059082d371,ok,,rzz-hea,20,8,float64,42,128,2,32,2,1,0.5,rotation,rotation,12,12,compact:L2R0W0-L2R0W0-L2R0W0-L2R0W0-L2R0W0-L2R0W0-L2R0W0-L2R0W0-L1R0W0-L1R0W0-L1R0W0-L1R0W0,compact:L2R0W0-L2R0W0-L2R0W0-L2R0W0-L2R0W0-L2R0W0-L2R0W0-L2R0W0-L1R0W0-L1R0W0-L1R0W0-L1R0W0,,,split,optimized,5,3,5,8.451009,8.3848722,8.110083000000001,8.462430999999999,0.13753904181489668,2.5163176,0.100771,5.7677836,,,custom:libsad_search_7259903b8346c4.so,/home/rzzhang/sad_merged/sad/build/libsad_search_7259903b8346c4.so
2026-08-20T19:59:16.267897+00:00,20260820T190931,joint:rzz-hea:10:2c9dd5bb9f827214,ok,,rzz-hea,10,8,float64,42,32,2,32,2,1,0.5,rotation,rotation,6,6,compact:L2R0W0-L2R0W0-L2R0W0-L2R0W0-L1R0W0-L1R0W0,compact:L2R0W0-L2R0W0-L2R0W0-L2R0W0-L1R0W0-L1R0W0,,,merged,optimized,10,3,10,0.608496,0.6087083,0.608143,0.610138,0.0006190014620338259,0.236345,0.0188063,0.353557,,,custom:libsad_search_f9cdaf042a7bd6.so,/home/rzzhang/sad_merged/sad/build/libsad_search_f9cdaf042a7bd6.so
2026-08-20T19:59:16.283575+00:00,20260820T190931,joint:rzz-hea:20:4a13f76ab37494d2,ok,,rzz-hea,20,8,float64,42,128,2,128,2,2,0.5,rotation,rotation,12,12,compact:L2R0W0-L2R0W0-L2R0W0-L2R0W0-L2R0W0-L2R0W0-L2R0W0-L2R0W0-L1R0W0-L1R0W0-L1R0W0-L1R0W0,compact:L2R0W0-L2R0W0-L2R0W0-L2R0W0-L2R0W0-L2R0W0-L2R0W0-L2R0W0-L1R0W0-L1R0W0-L1R0W0-L1R0W0,,,merged,optimized,5,3,5,8.820832000000001,8.754145600000001,8.620842,8.829814,0.08831314943902785,2.1699902,0.0977226,6.486432799999999,,,custom:libsad_search_b969ada61d8a74.so,/home/rzzhang/sad_merged/sad/build/libsad_search_b969ada61d8a74.so
2026-08-20T19:59:16.362376+00:00,20260820T190931,joint:rzz-hea:14:e4f0c20cb571c4be,ok,,rzz-hea,14,8,float64,42,32,2,128,2,1,1.0,rotation,rotation,14,14,compact:L1R0W0-L1R0W0-L1R0W0-L1R0W0-L1R0W0-L1R0W0-L1R0W0-L1R0W0-L1R0W0-L1R0W0-L1R0W0-L1R0W0-L1R0W0-L1R0W0,compact:L1R0W0-L1R0W0-L1R0W0-L1R0W0-L1R0W0-L1R0W0-L1R0W0-L1R0W0-L1R0W0-L1R0W0-L1R0W0-L1R0W0-L1R0W0-L1R0W0,,,merged,optimized,10,3,10,1.4243505,1.42414,1.422283,1.426507,0.0011421944668050248,0.5183714,0.0190182,0.8867503999999999,,,custom:libsad_search_2a8327787a9aac.so,/home/rzzhang/sad_merged/sad/build/libsad_search_2a8327787a9aac.so
2026-08-20T19:59:16.388415+00:00,20260820T190931,joint:rzz-hea:28:34aa1d4591711ae3,ok,,rzz-hea,28,8,float64,42,32,2,128,2,1,0.0,legacy,legacy,0,0,,,,,not_applicable,legacy-generic,2,3,2,3029.2873295,3029.2873295,3025.410584,3033.164075,3.87674549999997,896.4220439999999,86.58945949999999,2046.275826,,,custom:libsad_search_ada51c8f4b2976.so,/home/rzzhang/sad_merged/sad/build/libsad_search_ada51c8f4b2976.so
2026-08-20T19:59:31.521506+00:00,20260820T190931,joint:rzz-hea:28:d1fc4c61edd348c4,ok,,rzz-hea,28,8,float64,42,32,2,128,2,1,0.75,rotation,rotation,22,22,compact:L2R0W0-L2R0W0-L2R0W0-L2R0W0-L2R0W0-L2R0W0-L1R0W0-L1R0W0-L1R0W0-L1R0W0-L1R0W0-L1R0W0-L1R0W0-L1R0W0-L1R0W0-L1R0W0-L1R0W0-L1R0W0-L1R0W0-L1R0W0-L1R0W0-L1R0W0,compact:L2R0W0-L2R0W0-L2R0W0-L2R0W0-L2R0W0-L2R0W0-L1R0W0-L1R0W0-L1R0W0-L1R0W0-L1R0W0-L1R0W0-L1R0W0-L1R0W0-L1R0W0-L1R0W0-L1R0W0-L1R0W0-L1R0W0-L1R0W0-L1R0W0-L1R0W0,,,merged,optimized,2,3,2,6208.3255465,6208.3255465,6206.218175,6210.432918,2.1073715000002267,1771.115287,84.92425200000001,4352.2860075,,,custom:libsad_search_2a8327787a9aac.so,/home/rzzhang/sad_merged/sad/build/libsad_search_2a8327787a9aac.so
2026-08-20T20:00:02.602260+00:00,20260820T190931,joint:rzz-hea:28:65ad801b774ee24c,ok,,rzz-hea,28,8,float64,42,64,2,64,2,2,0.5,rotation,rotation,16,16,compact:L2R0W0-L2R0W0-L2R0W0-L2R0W0-L2R0W0-L2R0W0-L2R0W0-L2R0W0-L2R0W0-L2R0W0-L2R0W0-L2R0W0-L1R0W0-L1R0W0-L1R0W0-L1R0W0,compact:L2R0W0-L2R0W0-L2R0W0-L2R0W0-L2R0W0-L2R0W0-L2R0W0-L2R0W0-L2R0W0-L2R0W0-L2R0W0-L2R0W0-L1R0W0-L1R0W0-L1R0W0-L1R0W0,,,split,optimized,2,3,2,4847.088895499999,4847.088895499999,4844.993484,4849.1843069999995,2.0954114999999547,1493.197385,86.1759235,3267.7155869999997,,,custom:libsad_search_20c37ff249ec0a.so,/home/rzzhang/sad_merged/sad/build/libsad_search_20c37ff249ec0a.so
2026-08-20T20:00:26.901329+00:00,20260820T190931,joint:rzz-hea:24:dd339b15a37e9ce8,ok,,rzz-hea,24,8,float64,42,128,2,128,2,1,0.5,rotation,rotation,14,14,compact:L2R0W0-L2R0W0-L2R0W0-L2R0W0-L2R0W0-L2R0W0-L2R0W0-L2R0W0-L2R0W0-L2R0W0-L1R0W0-L1R0W0-L1R0W0-L1R0W0,compact:L2R0W0-L2R0W0-L2R0W0-L2R0W0-L2R0W0-L2R0W0-L2R0W0-L2R0W0-L2R0W0-L2R0W0-L1R0W0-L1R0W0-L1R0W0-L1R0W0,,,split,optimized,3,3,3,266.533727,266.447738,265.833405,266.976082,0.4704418225972922,83.42906633333334,1.7827823333333332,181.23588933333335,,,custom:libsad_search_9361435758c99d.so,/home/rzzhang/sad_merged/sad/build/libsad_search_9361435758c99d.so
2026-08-20T20:00:28.545283+00:00,20260820T190931,joint:rzz-hea:8:ff78a1adc5bc6a9d,ok,,rzz-hea,8,8,float64,42,64,2,64,2,1,0.25,rotation,rotation,3,3,compact:L3R0W0-L3R0W0-L2R0W0,compact:L3R0W0-L3R0W0-L2R0W0,,,merged,optimized,20,3,20,0.40328050000000004,0.40324815,0.4022,0.405672,0.0007855118888342749,0.1429542,0.018868950000000002,0.24142500000000003,,,custom:libsad_search_7e5293342e215a.so,/home/rzzhang/sad_merged/sad/build/libsad_search_7e5293342e215a.so
2026-08-20T20:00:28.565603+00:00,20260820T190931,joint:rzz-hea:4:ffd8a74045d4c012,ok,,rzz-hea,4,8,float64,42,64,2,64,2,2,0.0,rotation,rotation,1,1,compact:L4R0W0,compact:L4R0W0,,,split,optimized,20,3,20,0.2264825,0.2272933,0.225184,0.23433900000000002,0.0023102877331622577,0.0724283,0.0187609,0.1361041,,,custom:libsad_search_20c37ff249ec0a.so,/home/rzzhang/sad_merged/sad/build/libsad_search_20c37ff249ec0a.so
2026-08-20T20:00:28.578587+00:00,20260820T190931,joint:rzz-hea:24:4382ffb0ffa942a9,ok,,rzz-hea,24,8,float64,42,128,2,32,2,2,0.0,rotation,rotation,3,4,compact:L5R2W1-L5R2W1-L5R2W1,compact:L5R1W0-L5R1W0-L5R1W0-L5R1W0,,,split,optimized,3,3,3,143.50638999999998,143.27630833333333,142.279114,144.043421,0.7384208274258126,37.74184966666667,1.8637993333333334,103.67065933333335,,,custom:libsad_search_3b115211f38255.so,/home/rzzhang/sad_merged/sad/build/libsad_search_3b115211f38255.so
2026-08-20T20:00:29.449372+00:00,20260820T190931,joint:rzz-hea:12:8c63f89103bd2ae6,ok,,rzz-hea,12,8,float64,42,128,2,32,2,2,0.75,rotation,rotation,10,10,compact:L2R0W0-L2R0W0-L1R0W0-L1R0W0-L1R0W0-L1R0W0-L1R0W0-L1R0W0-L1R0W0-L1R0W0,compact:L2R0W0-L2R0W0-L1R0W0-L1R0W0-L1R0W0-L1R0W0-L1R0W0-L1R0W0-L1R0W0-L1R0W0,,,merged,optimized,10,3,10,1.1160455,1.0963316,1.028939,1.1531449999999999,0.05762694270599472,0.4930282,0.0191782,0.5841252,,,custom:libsad_search_d014591f51543a.so,/home/rzzhang/sad_merged/sad/build/libsad_search_d014591f51543a.so
2026-08-20T20:00:29.474695+00:00,20260820T190931,joint:rzz-hea:24:020da527de2ae75e,ok,,rzz-hea,24,8,float64,42,64,2,64,2,1,0.75,rotation,rotation,19,19,compact:L2R0W0-L2R0W0-L2R0W0-L2R0W0-L2R0W0-L1R0W0-L1R0W0-L1R0W0-L1R0W0-L1R0W0-L1R0W0-L1R0W0-L1R0W0-L1R0W0-L1R0W0-L1R0W0-L1R0W0-L1R0W0-L1R0W0,compact:L2R0W0-L2R0W0-L2R0W0-L2R0W0-L2R0W0-L1R0W0-L1R0W0-L1R0W0-L1R0W0-L1R0W0-L1R0W0-L1R0W0-L1R0W0-L1R0W0-L1R0W0-L1R0W0-L1R0W0-L1R0W0-L1R0W0,,,split,optimized,3,3,3,343.705299,343.2145503333333,342.213893,343.72445899999997,0.7076148201130068,107.28873766666668,1.787443,234.13836966666668,,,custom:libsad_search_7ec063ebc99501.so,/home/rzzhang/sad_merged/sad/build/libsad_search_7ec063ebc99501.so
2026-08-20T20:00:31.546190+00:00,20260820T190931,joint:rzz-hea:22:9f1a5192bfdbf712,ok,,rzz-hea,22,8,float64,42,32,2,32,2,1,0.75,rotation,rotation,18,18,compact:L2R0W0-L2R0W0-L2R0W0-L2R0W0-L1R0W0-L1R0W0-L1R0W0-L1R0W0-L1R0W0-L1R0W0-L1R0W0-L1R0W0-L1R0W0-L1R0W0-L1R0W0-L1R0W0-L1R0W0-L1R0W0,compact:L2R0W0-L2R0W0-L2R0W0-L2R0W0-L1R0W0-L1R0W0-L1R0W0-L1R0W0-L1R0W0-L1R0W0-L1R0W0-L1R0W0-L1R0W0-L1R0W0-L1R0W0-L1R0W0-L1R0W0-L1R0W0,,,split,optimized,3,3,3,69.71423899999999,69.69863966666666,69.648841,69.732839,0.036022404151980526,12.613536999999999,0.4381650000000001,56.646937666666666,,,custom:libsad_search_3cb67c7e18cc99.so,/home/rzzhang/sad_merged/sad/build/libsad_search_3cb67c7e18cc99.so
2026-08-20T20:00:31.982548+00:00,20260820T190931,joint:rzz-hea:26:2f0be90be0685ebb,ok,,rzz-hea,26,8,float64,42,32,2,128,2,1,0.25,rotation,rotation,10,9,compact:L3R0W0-L3R0W0-L3R0W0-L3R0W0-L3R0W0-L3R0W0-L2R0W0-L2R0W0-L2R0W0-L2R0W0,compact:L3R0W0-L3R0W0-L3R0W0-L3R0W0-L3R0W0-L3R0W0-L3R0W0-L3R0W0-L2R0W0,,,split,optimized,2,3,2,832.7251555,832.7251555,831.591554,833.858757,1.1336014999999975,268.20558900000003,10.665635,553.8539314999999,,,custom:libsad_search_0e4f539ceca897.so,/home/rzzhang/sad_merged/sad/build/libsad_search_0e4f539ceca897.so
2026-08-20T20:00:36.134794+00:00,20260820T190931,joint:rzz-hea:18:94ded173a24e997d,ok,,rzz-hea,18,8,float64,42,128,2,128,2,2,0.25,rotation,rotation,6,6,compact:L3R0W0-L3R0W0-L3R0W0-L3R0W0-L3R0W0-L3R0W0,compact:L3R0W0-L3R0W0-L3R0W0-L3R0W0-L3R0W0-L3R0W0,,,merged,optimized,5,3,5,3.10101,2.994309,2.82117,3.1090430000000002,0.1345560348984764,0.7372668,0.037280799999999996,2.2197614,,,custom:libsad_search_b969ada61d8a74.so,/home/rzzhang/sad_merged/sad/build/libsad_search_b969ada61d8a74.so
2026-08-20T20:00:36.181665+00:00,20260820T190931,joint:rzz-hea:18:7d2c9194e8fd444b,ok,,rzz-hea,18,8,float64,42,128,2,128,2,1,0.75,rotation,rotation,14,14,compact:L2R0W0-L2R0W0-L2R0W0-L2R0W0-L1R0W0-L1R0W0-L1R0W0-L1R0W0-L1R0W0-L1R0W0-L1R0W0-L1R0W0-L1R0W0-L1R0W0,compact:L2R0W0-L2R0W0-L2R0W0-L2R0W0-L1R0W0-L1R0W0-L1R0W0-L1R0W0-L1R0W0-L1R0W0-L1R0W0-L1R0W0-L1R0W0-L1R0W0,,,split,optimized,5,3,5,3.3423710000000004,3.3430872000000003,3.341221,3.3464370000000003,0.0019824137206951166,1.129882,0.0354876,2.1777176000000003,,,custom:libsad_search_9361435758c99d.so,/home/rzzhang/sad_merged/sad/build/libsad_search_9361435758c99d.so
2026-08-20T20:00:36.224446+00:00,20260820T190931,joint:rzz-hea:6:a42c1801104d7c68,ok,,rzz-hea,6,8,float64,42,64,2,64,2,1,0.25,rotation,rotation,2,2,compact:L3R0W0-L3R0W0,compact:L3R0W0-L3R0W0,,,split,optimized,20,3,20,0.303981,0.30656194999999997,0.30205499999999996,0.331774,0.006651420934469566,0.0994406,0.01887915,0.1882422,,,custom:libsad_search_7ec063ebc99501.so,/home/rzzhang/sad_merged/sad/build/libsad_search_7ec063ebc99501.so
2026-08-20T20:00:36.239175+00:00,20260820T190931,joint:rzz-hea:26:bc7721d9d1fced14,ok,,rzz-hea,26,8,float64,42,32,2,128,2,2,0.25,rotation,rotation,10,9,compact:L3R0W0-L3R0W0-L3R0W0-L3R0W0-L3R0W0-L3R0W0-L2R0W0-L2R0W0-L2R0W0-L2R0W0,compact:L3R0W0-L3R0W0-L3R0W0-L3R0W0-L3R0W0-L3R0W0-L3R0W0-L3R0W0-L2R0W0,,,merged,optimized,2,3,2,799.3592295000001,799.3592295000001,798.284341,800.434118,1.074888499999986,226.1314625,10.780959,562.446808,,,custom:libsad_search_fce412939d20fb.so,/home/rzzhang/sad_merged/sad/build/libsad_search_fce412939d20fb.so
2026-08-20T20:00:40.252423+00:00,20260820T190931,joint:rzz-hea:28:423c37118222a8ed,ok,,rzz-hea,28,8,float64,42,128,2,32,2,1,0.75,rotation,rotation,22,22,compact:L2R0W0-L2R0W0-L2R0W0-L2R0W0-L2R0W0-L2R0W0-L1R0W0-L1R0W0-L1R0W0-L1R0W0-L1R0W0-L1R0W0-L1R0W0-L1R0W0-L1R0W0-L1R0W0-L1R0W0-L1R0W0-L1R0W0-L1R0W0-L1R0W0-L1R0W0,compact:L2R0W0-L2R0W0-L2R0W0-L2R0W0-L2R0W0-L2R0W0-L1R0W0-L1R0W0-L1R0W0-L1R0W0-L1R0W0-L1R0W0-L1R0W0-L1R0W0-L1R0W0-L1R0W0-L1R0W0-L1R0W0-L1R0W0-L1R0W0-L1R0W0-L1R0W0,,,split,optimized,2,3,2,6296.984716499999,6296.984716499999,6296.949553999999,6297.019879,0.035162500000751606,1928.4370609999999,85.16032700000001,4283.3873285,,,custom:libsad_search_7259903b8346c4.so,/home/rzzhang/sad_merged/sad/build/libsad_search_7259903b8346c4.so
2026-08-20T20:01:11.762613+00:00,20260820T190931,joint:rzz-hea:10:81560ec76e4ed953,ok,,rzz-hea,10,8,float64,42,32,2,32,2,1,0.75,rotation,rotation,8,8,compact:L2R0W0-L2R0W0-L1R0W0-L1R0W0-L1R0W0-L1R0W0-L1R0W0-L1R0W0,compact:L2R0W0-L2R0W0-L1R0W0-L1R0W0-L1R0W0-L1R0W0-L1R0W0-L1R0W0,,,merged,optimized,10,3,10,0.7423755000000001,0.7442762,0.7361119999999999,0.767831,0.008096003480730498,0.3020228,0.0187809,0.4234725,,,custom:libsad_search_f9cdaf042a7bd6.so,/home/rzzhang/sad_merged/sad/build/libsad_search_f9cdaf042a7bd6.so
2026-08-20T20:01:11.786458+00:00,20260820T190931,joint:rzz-hea:8:d88d8751f7636cac,ok,,rzz-hea,8,8,float64,42,32,2,128,2,1,0.0,legacy,legacy,0,0,,,,,not_applicable,legacy-generic,20,3,20,0.449502,0.45142285,0.447411,0.456708,0.003571385659306481,0.14869365,0.01883105,0.28389815,,,custom:libsad_search_ada51c8f4b2976.so,/home/rzzhang/sad_merged/sad/build/libsad_search_ada51c8f4b2976.so
2026-08-20T20:01:11.809691+00:00,20260820T190931,joint:rzz-hea:8:1463ba069279e54b,ok,,rzz-hea,8,8,float64,42,32,2,32,2,2,0.75,rotation,rotation,6,6,compact:L2R0W0-L2R0W0-L1R0W0-L1R0W0-L1R0W0-L1R0W0,compact:L2R0W0-L2R0W0-L1R0W0-L1R0W0-L1R0W0-L1R0W0,,,merged,optimized,20,3,20,0.5505120000000001,0.54375655,0.5212319999999999,0.55794,0.012565286966380852,0.21542435,0.018904749999999998,0.30942745,,,custom:libsad_search_dcff342f285260.so,/home/rzzhang/sad_merged/sad/build/libsad_search_dcff342f285260.so
2026-08-20T20:01:11.835336+00:00,20260820T190931,joint:rzz-hea:4:a08024876b76e378,ok,,rzz-hea,4,8,float64,42,128,2,32,2,1,1.0,rotation,rotation,4,4,compact:L1R0W0-L1R0W0-L1R0W0-L1R0W0,compact:L1R0W0-L1R0W0-L1R0W0-L1R0W0,,,merged,optimized,20,3,20,0.2820555,0.28206254999999997,0.28046,0.283699,0.0007409189884865953,0.10149169999999999,0.0186823,0.16188855,,,custom:libsad_search_5851e15f736f52.so,/home/rzzhang/sad_merged/sad/build/libsad_search_5851e15f736f52.so
2026-08-20T20:01:11.855557+00:00,20260820T190931,joint:rzz-hea:6:515f5cfcaa057d9f,ok,,rzz-hea,6,8,float64,42,128,2,32,2,1,0.0,rotation,rotation,1,1,compact:L5R1W0,compact:L5R1W0,,,split,optimized,20,3,20,0.2642095,0.26410045000000004,0.26201800000000003,0.26546800000000004,0.0008427893256917827,0.0867854,0.01858895,0.15872609999999998,,,custom:libsad_search_7259903b8346c4.so,/home/rzzhang/sad_merged/sad/build/libsad_search_7259903b8346c4.so
2026-08-20T20:01:11.874656+00:00,20260820T190931,joint:rzz-hea:22:b764d806e36d626b,ok,,rzz-hea,22,8,float64,42,32,2,128,2,1,0.25,rotation,rotation,8,8,compact:L3R0W0-L3R0W0-L3R0W0-L3R0W0-L3R0W0-L3R0W0-L2R0W0-L2R0W0,compact:L3R0W0-L3R0W0-L3R0W0-L3R0W0-L3R0W0-L3R0W0-L2R0W0-L2R0W0,,,split,optimized,3,3,3,39.8336,39.628689333333334,38.842903,40.209565000000005,0.5764445862621059,9.426035666666667,0.43990900000000005,29.762744666666663,,,custom:libsad_search_0e4f539ceca897.so,/home/rzzhang/sad_merged/sad/build/libsad_search_0e4f539ceca897.so
2026-08-20T20:01:12.137213+00:00,20260820T190931,joint:rzz-hea:22:6f772e47e63e3560,ok,,rzz-hea,22,8,float64,42,128,2,32,2,2,1.0,rotation,rotation,22,22,compact:L1R0W0-L1R0W0-L1R0W0-L1R0W0-L1R0W0-L1R0W0-L1R0W0-L1R0W0-L1R0W0-L1R0W0-L1R0W0-L1R0W0-L1R0W0-L1R0W0-L1R0W0-L1R0W0-L1R0W0-L1R0W0-L1R0W0-L1R0W0-L1R0W0-L1R0W0,compact:L1R0W0-L1R0W0-L1R0W0-L1R0W0-L1R0W0-L1R0W0-L1R0W0-L1R0W0-L1R0W0-L1R0W0-L1R0W0-L1R0W0-L1R0W0-L1R0W0-L1R0W0-L1R0W0-L1R0W0-L1R0W0-L1R0W0-L1R0W0-L1R0W0-L1R0W0,,,merged,optimized,3,3,3,81.02652499999999,81.07301966666667,80.810442,81.382092,0.23567950857939132,11.544879,0.4147146666666666,69.11342599999999,,,custom:libsad_search_d014591f51543a.so,/home/rzzhang/sad_merged/sad/build/libsad_search_d014591f51543a.so
2026-08-20T20:01:12.635757+00:00,20260820T190931,joint:rzz-hea:8:c89b713adf426ce8,ok,,rzz-hea,8,8,float64,42,32,2,128,2,1,0.75,rotation,rotation,6,6,compact:L2R0W0-L2R0W0-L1R0W0-L1R0W0-L1R0W0-L1R0W0,compact:L2R0W0-L2R0W0-L1R0W0-L1R0W0-L1R0W0-L1R0W0,,,split,optimized,20,3,20,0.706512,0.69738565,0.656231,0.714776,0.021381889921788955,0.2360087,0.018929800000000004,0.44244715,,,custom:libsad_search_0e4f539ceca897.so,/home/rzzhang/sad_merged/sad/build/libsad_search_0e4f539ceca897.so
2026-08-20T20:01:12.659588+00:00,20260820T190931,joint:rzz-hea:28:d70e99e4c4557477,ok,,rzz-hea,28,8,float64,42,64,2,64,2,1,0.0,rotation,rotation,4,4,compact:L5R2W0-L5R2W0-L5R2W0-L5R2W0,compact:L5R2W0-L5R2W0-L5R2W0-L5R2W0,,,merged,optimized,2,3,2,2763.2369655,2763.2369655,2759.541422,2766.932509,3.6955435000002126,656.4522665,84.451034,2022.333665,,,custom:libsad_search_7e5293342e215a.so,/home/rzzhang/sad_merged/sad/build/libsad_search_7e5293342e215a.so
2026-08-20T20:01:26.462457+00:00,20260820T190931,joint:rzz-hea:18:c401ad22ae55492e,ok,,rzz-hea,18,8,float64,42,32,2,32,2,2,0.25,rotation,rotation,7,7,compact:L3R0W0-L3R0W0-L3R0W0-L3R0W0-L2R0W0-L2R0W0-L2R0W0,compact:L3R0W0-L3R0W0-L3R0W0-L3R0W0-L2R0W0-L2R0W0-L2R0W0,,,merged,optimized,5,3,5,2.599936,2.594675,2.5579319999999997,2.624314,0.027886452338008363,0.6536828,0.0355346,1.9054575999999999,,,custom:libsad_search_dcff342f285260.so,/home/rzzhang/sad_merged/sad/build/libsad_search_dcff342f285260.so
2026-08-20T20:01:26.504782+00:00,20260820T190931,joint:rzz-hea:18:3e8188477e8d469d,ok,,rzz-hea,18,8,float64,42,128,2,32,2,2,0.0,rotation,rotation,2,3,compact:L5R2W2-L5R2W2,compact:L5R1W0-L5R1W0-L5R1W0,,,merged,optimized,5,3,5,2.274317,2.2738232,2.2718909999999997,2.275432,0.0014722331880515091,0.4907500000000001,0.0351052,1.7479680000000002,,,custom:libsad_search_d014591f51543a.so,/home/rzzhang/sad_merged/sad/build/libsad_search_d014591f51543a.so
2026-08-20T20:01:26.544770+00:00,20260820T190931,joint:rzz-hea:26:267cab23dc8eb325,ok,,rzz-hea,26,8,float64,42,128,2,128,2,1,0.0,rotation,rotation,3,3,compact:L5R2W2-L5R2W2-L5R2W1,compact:L5R2W2-L5R2W2-L5R2W1,,,merged,optimized,2,3,2,611.480771,611.480771,604.5884500000001,618.3730919999999,6.892320999999924,132.41621800000001,10.303405999999999,468.761147,,,custom:libsad_search_8fbfac92ec4bef.so,/home/rzzhang/sad_merged/sad/build/libsad_search_8fbfac92ec4bef.so
2026-08-20T20:01:29.627369+00:00,20260820T190931,joint:rzz-hea:20:8ca2ad78909f0712,ok,,rzz-hea,20,8,float64,42,64,2,64,2,1,1.0,rotation,rotation,20,20,compact:L1R0W0-L1R0W0-L1R0W0-L1R0W0-L1R0W0-L1R0W0-L1R0W0-L1R0W0-L1R0W0-L1R0W0-L1R0W0-L1R0W0-L1R0W0-L1R0W0-L1R0W0-L1R0W0-L1R0W0-L1R0W0-L1R0W0-L1R0W0,compact:L1R0W0-L1R0W0-L1R0W0-L1R0W0-L1R0W0-L1R0W0-L1R0W0-L1R0W0-L1R0W0-L1R0W0-L1R0W0-L1R0W0-L1R0W0-L1R0W0-L1R0W0-L1R0W0-L1R0W0-L1R0W0-L1R0W0-L1R0W0,,,split,optimized,5,3,5,10.164698999999999,10.187361,10.120791,10.258539,0.056119004976924326,3.3778284,0.1026284,6.706904199999999,,,custom:libsad_search_7ec063ebc99501.so,/home/rzzhang/sad_merged/sad/build/libsad_search_7ec063ebc99501.so
2026-08-20T20:01:29.724068+00:00,20260820T190931,joint:rzz-hea:26:ed13edf0af2b8123,ok,,rzz-hea,26,8,float64,42,128,2,128,2,2,0.0,rotation,rotation,3,3,compact:L5R2W2-L5R2W2-L5R2W1,compact:L5R2W2-L5R2W2-L5R2W1,,,merged,optimized,2,3,2,598.466801,598.466801,597.796722,599.13688,0.670078999999987,127.46695800000002,10.204446500000001,460.79539650000004,,,custom:libsad_search_b969ada61d8a74.so,/home/rzzhang/sad_merged/sad/build/libsad_search_b969ada61d8a74.so
2026-08-20T20:01:32.714557+00:00,20260820T190931,joint:rzz-hea:14:3e42037550a2b245,ok,,rzz-hea,14,8,float64,42,32,2,32,2,1,0.75,rotation,rotation,11,11,compact:L2R0W0-L2R0W0-L2R0W0-L1R0W0-L1R0W0-L1R0W0-L1R0W0-L1R0W0-L1R0W0-L1R0W0-L1R0W0,compact:L2R0W0-L2R0W0-L2R0W0-L1R0W0-L1R0W0-L1R0W0-L1R0W0-L1R0W0-L1R0W0-L1R0W0-L1R0W0,,,split,optimized,10,3,10,1.1007860000000003,1.1065824000000002,1.093344,1.148942,0.017530139778107804,0.4298768,0.0189273,0.6577783,,,custom:libsad_search_3cb67c7e18cc99.so,/home/rzzhang/sad_merged/sad/build/libsad_search_3cb67c7e18cc99.so
2026-08-20T20:01:32.742458+00:00,20260820T190931,joint:rzz-hea:24:2b7bdde6b765e74d,ok,,rzz-hea,24,8,float64,42,128,2,128,2,1,0.75,rotation,rotation,19,19,compact:L2R0W0-L2R0W0-L2R0W0-L2R0W0-L2R0W0-L1R0W0-L1R0W0-L1R0W0-L1R0W0-L1R0W0-L1R0W0-L1R0W0-L1R0W0-L1R0W0-L1R0W0-L1R0W0-L1R0W0-L1R0W0-L1R0W0,compact:L2R0W0-L2R0W0-L2R0W0-L2R0W0-L2R0W0-L1R0W0-L1R0W0-L1R0W0-L1R0W0-L1R0W0-L1R0W0-L1R0W0-L1R0W0-L1R0W0-L1R0W0-L1R0W0-L1R0W0-L1R0W0-L1R0W0,,,split,optimized,3,3,3,342.31732,341.98924933333336,341.268587,342.38184099999995,0.5102655445120673,107.27254133333335,1.7560696666666669,232.96063833333332,,,custom:libsad_search_9361435758c99d.so,/home/rzzhang/sad_merged/sad/build/libsad_search_9361435758c99d.so
2026-08-20T20:01:34.821879+00:00,20260820T190931,joint:rzz-hea:28:5dcc2189189f679c,ok,,rzz-hea,28,8,float64,42,128,2,32,2,1,0.25,rotation,rotation,10,10,compact:L3R0W0-L3R0W0-L3R0W0-L3R0W0-L3R0W0-L3R0W0-L3R0W0-L3R0W0-L2R0W0-L2R0W0,compact:L3R0W0-L3R0W0-L3R0W0-L3R0W0-L3R0W0-L3R0W0-L3R0W0-L3R0W0-L2R0W0-L2R0W0,,,merged,optimized,2,3,2,3497.4519929999997,3497.4519929999997,3496.112676,3498.7913099999996,1.3393169999997099,934.1652419999999,84.09664850000001,2479.1901024999997,,,custom:libsad_search_5851e15f736f52.so,/home/rzzhang/sad_merged/sad/build/libsad_search_5851e15f736f52.so
2026-08-20T20:01:52.314645+00:00,20260820T190931,joint:rzz-hea:12:ed4ad5eb97a8bc61,ok,,rzz-hea,12,8,float64,42,128,2,32,2,1,0.25,rotation,rotation,4,4,compact:L3R0W0-L3R0W0-L3R0W0-L3R0W0,compact:L3R0W0-L3R0W0-L3R0W0-L3R0W0,,,split,optimized,10,3,10,0.7412974999999999,0.7410426999999999,0.739346,0.742459,0.0009219311308335378,0.2779723,0.018986299999999998,0.4440841,,,custom:libsad_search_7259903b8346c4.so,/home/rzzhang/sad_merged/sad/build/libsad_search_7259903b8346c4.so
2026-08-20T20:01:52.338985+00:00,20260820T190931,joint:rzz-hea:28:cf5912cbc92f94df,ok,,rzz-hea,28,8,float64,42,128,2,32,2,2,1.0,rotation,rotation,28,28,compact:L1R0W0-L1R0W0-L1R0W0-L1R0W0-L1R0W0-L1R0W0-L1R0W0-L1R0W0-L1R0W0-L1R0W0-L1R0W0-L1R0W0-L1R0W0-L1R0W0-L1R0W0-L1R0W0-L1R0W0-L1R0W0-L1R0W0-L1R0W0-L1R0W0-L1R0W0-L1R0W0-L1R0W0-L1R0W0-L1R0W0-L1R0W0-L1R0W0,compact:L1R0W0-L1R0W0-L1R0W0-L1R0W0-L1R0W0-L1R0W0-L1R0W0-L1R0W0-L1R0W0-L1R0W0-L1R0W0-L1R0W0-L1R0W0-L1R0W0-L1R0W0-L1R0W0-L1R0W0-L1R0W0-L1R0W0-L1R0W0-L1R0W0-L1R0W0-L1R0W0-L1R0W0-L1R0W0-L1R0W0-L1R0W0-L1R0W0,,,merged,optimized,2,3,2,7617.087869999999,7617.087869999999,7616.89271,7617.28303,0.19515999999975975,2194.8886355,85.00924700000002,5337.189987500001,,,custom:libsad_search_d014591f51543a.so,/home/rzzhang/sad_merged/sad/build/libsad_search_d014591f51543a.so
2026-08-20T20:02:30.497446+00:00,20260820T190931,joint:rzz-hea:14:b773ce0c15c0ffbd,ok,,rzz-hea,14,8,float64,42,32,2,32,2,1,1.0,rotation,rotation,14,14,compact:L1R0W0-L1R0W0-L1R0W0-L1R0W0-L1R0W0-L1R0W0-L1R0W0-L1R0W0-L1R0W0-L1R0W0-L1R0W0-L1R0W0-L1R0W0-L1R0W0,compact:L1R0W0-L1R0W0-L1R0W0-L1R0W0-L1R0W0-L1R0W0-L1R0W0-L1R0W0-L1R0W0-L1R0W0-L1R0W0-L1R0W0-L1R0W0-L1R0W0,,,split,optimized,10,3,10,1.3869785000000001,1.3876691,1.385328,1.3934580000000003,0.002182258300476882,0.5557678,0.019204,0.8126973000000002,,,custom:libsad_search_3cb67c7e18cc99.so,/home/rzzhang/sad_merged/sad/build/libsad_search_3cb67c7e18cc99.so
2026-08-20T20:02:30.529441+00:00,20260820T190931,joint:rzz-hea:8:ad7e171ed9dc4c7c,ok,,rzz-hea,8,8,float64,42,128,2,32,2,2,0.0,rotation,rotation,1,2,compact:L5R2W1,compact:L4R0W0-L4R0W0,,,merged,optimized,20,3,20,0.33272450000000003,0.33481475,0.330626,0.340906,0.004072775219368239,0.1064094,0.018921999999999998,0.20948335,,,custom:libsad_search_d014591f51543a.so,/home/rzzhang/sad_merged/sad/build/libsad_search_d014591f51543a.so
2026-08-20T20:02:30.550325+00:00,20260820T190931,joint:rzz-hea:20:a457acd93e57d4ef,ok,,rzz-hea,20,8,float64,42,128,2,32,2,2,1.0,rotation,rotation,20,20,compact:L1R0W0-L1R0W0-L1R0W0-L1R0W0-L1R0W0-L1R0W0-L1R0W0-L1R0W0-L1R0W0-L1R0W0-L1R0W0-L1R0W0-L1R0W0-L1R0W0-L1R0W0-L1R0W0-L1R0W0-L1R0W0-L1R0W0-L1R0W0,compact:L1R0W0-L1R0W0-L1R0W0-L1R0W0-L1R0W0-L1R0W0-L1R0W0-L1R0W0-L1R0W0-L1R0W0-L1R0W0-L1R0W0-L1R0W0-L1R0W0-L1R0W0-L1R0W0-L1R0W0-L1R0W0-L1R0W0-L1R0W0,,,split,optimized,5,3,5,10.159226,10.1824618,10.075192,10.309662000000001,0.08093228385360235,3.4078235999999995,0.101358,6.6732802,,,custom:libsad_search_3b115211f38255.so,/home/rzzhang/sad_merged/sad/build/libsad_search_3b115211f38255.so
2026-08-20T20:02:30.653859+00:00,20260820T190931,joint:rzz-hea:18:a8a1d06892de448d,ok,,rzz-hea,18,8,float64,42,32,2,128,2,2,0.75,rotation,rotation,14,14,compact:L2R0W0-L2R0W0-L2R0W0-L2R0W0-L1R0W0-L1R0W0-L1R0W0-L1R0W0-L1R0W0-L1R0W0-L1R0W0-L1R0W0-L1R0W0-L1R0W0,compact:L2R0W0-L2R0W0-L2R0W0-L2R0W0-L1R0W0-L1R0W0-L1R0W0-L1R0W0-L1R0W0-L1R0W0-L1R0W0-L1R0W0-L1R0W0-L1R0W0,,,split,optimized,5,3,5,3.282063,3.2685442,3.221377,3.283919,0.023936689256453165,1.0412519999999998,0.035703000000000006,2.1915892,,,custom:libsad_search_2a0e4369743c84.so,/home/rzzhang/sad_merged/sad/build/libsad_search_2a0e4369743c84.so
2026-08-20T20:02:30.702864+00:00,20260820T190931,joint:rzz-hea:22:d6a1c3b83430a0d2,ok,,rzz-hea,22,8,float64,42,32,2,128,2,1,1.0,rotation,rotation,22,22,compact:L1R0W0-L1R0W0-L1R0W0-L1R0W0-L1R0W0-L1R0W0-L1R0W0-L1R0W0-L1R0W0-L1R0W0-L1R0W0-L1R0W0-L1R0W0-L1R0W0-L1R0W0-L1R0W0-L1R0W0-L1R0W0-L1R0W0-L1R0W0-L1R0W0-L1R0W0,compact:L1R0W0-L1R0W0-L1R0W0-L1R0W0-L1R0W0-L1R0W0-L1R0W0-L1R0W0-L1R0W0-L1R0W0-L1R0W0-L1R0W0-L1R0W0-L1R0W0-L1R0W0-L1R0W0-L1R0W0-L1R0W0-L1R0W0-L1R0W0-L1R0W0-L1R0W0,,,split,optimized,3,3,3,82.643606,82.54158966666667,82.27503,82.706133,0.1902068143755329,13.965228000000002,0.42794366666666667,68.148418,,,custom:libsad_search_0e4f539ceca897.so,/home/rzzhang/sad_merged/sad/build/libsad_search_0e4f539ceca897.so
2026-08-20T20:02:31.219961+00:00,20260820T190931,joint:rzz-hea:12:456952779c8b38eb,ok,,rzz-hea,12,8,float64,42,32,2,32,2,2,0.75,rotation,rotation,10,10,compact:L2R0W0-L2R0W0-L1R0W0-L1R0W0-L1R0W0-L1R0W0-L1R0W0-L1R0W0-L1R0W0-L1R0W0,compact:L2R0W0-L2R0W0-L1R0W0-L1R0W0-L1R0W0-L1R0W0-L1R0W0-L1R0W0-L1R0W0-L1R0W0,,,split,optimized,10,3,10,0.9972265000000001,1.0038818,0.994254,1.0660159999999999,0.020780719452415452,0.3903968,0.0190863,0.5943987000000001,,,custom:libsad_search_16d9d6cef53b3d.so,/home/rzzhang/sad_merged/sad/build/libsad_search_16d9d6cef53b3d.so
2026-08-20T20:02:31.241474+00:00,20260820T190931,joint:rzz-hea:16:aff8e0d4ac8715b6,ok,,rzz-hea,16,8,float64,42,32,2,32,2,2,0.75,rotation,rotation,13,13,compact:L2R0W0-L2R0W0-L2R0W0-L1R0W0-L1R0W0-L1R0W0-L1R0W0-L1R0W0-L1R0W0-L1R0W0-L1R0W0-L1R0W0-L1R0W0,compact:L2R0W0-L2R0W0-L2R0W0-L1R0W0-L1R0W0-L1R0W0-L1R0W0-L1R0W0-L1R0W0-L1R0W0-L1R0W0-L1R0W0-L1R0W0,,,merged,optimized,5,3,5,1.783859,1.7852864,1.7810719999999998,1.7901200000000002,0.0035374167184544034,0.5903536,0.0190602,1.1758726000000002,,,custom:libsad_search_dcff342f285260.so,/home/rzzhang/sad_merged/sad/build/libsad_search_dcff342f285260.so
2026-08-20T20:02:31.264146+00:00,20260820T190931,joint:rzz-hea:26:854475830e45014b,ok,,rzz-hea,26,8,float64,42,32,2,32,2,2,0.25,rotation,rotation,10,10,compact:L3R0W0-L3R0W0-L3R0W0-L3R0W0-L3R0W0-L3R0W0-L2R0W0-L2R0W0-L2R0W0-L2R0W0,compact:L3R0W0-L3R0W0-L3R0W0-L3R0W0-L3R0W0-L3R0W0-L2R0W0-L2R0W0-L2R0W0-L2R0W0,,,merged,optimized,2,3,2,845.755562,845.755562,844.717717,846.793407,1.0378450000000043,226.658016,10.7361405,608.3614054999999,,,custom:libsad_search_dcff342f285260.so,/home/rzzhang/sad_merged/sad/build/libsad_search_dcff342f285260.so
2026-08-20T20:02:35.512084+00:00,20260820T190931,joint:rzz-hea:12:3dae2f74f8426d5c,ok,,rzz-hea,12,8,float64,42,32,2,32,2,1,0.75,rotation,rotation,10,10,compact:L2R0W0-L2R0W0-L1R0W0-L1R0W0-L1R0W0-L1R0W0-L1R0W0-L1R0W0-L1R0W0-L1R0W0,compact:L2R0W0-L2R0W0-L1R0W0-L1R0W0-L1R0W0-L1R0W0-L1R0W0-L1R0W0-L1R0W0-L1R0W0,,,merged,optimized,10,3,10,0.9784485,1.0123734,0.964587,1.0772099999999998,0.05281107289612661,0.4155791,0.019298100000000002,0.5774962,,,custom:libsad_search_f9cdaf042a7bd6.so,/home/rzzhang/sad_merged/sad/build/libsad_search_f9cdaf042a7bd6.so
2026-08-20T20:02:35.538813+00:00,20260820T190931,joint:rzz-hea:6:75071a548b2c3a64,ok,,rzz-hea,6,8,float64,42,64,2,64,2,2,0.5,rotation,rotation,4,4,compact:L2R0W0-L2R0W0-L1R0W0-L1R0W0,compact:L2R0W0-L2R0W0-L1R0W0-L1R0W0,,,merged,optimized,20,3,20,0.3696925,0.36885585,0.36262300000000003,0.38277100000000003,0.004331534234829501,0.12432164999999999,0.01944615,0.22508804999999998,,,custom:libsad_search_97eec9f2a848ec.so,/home/rzzhang/sad_merged/sad/build/libsad_search_97eec9f2a848ec.so
2026-08-20T20:02:35.560684+00:00,20260820T190931,joint:rzz-hea:14:772d55710e2a55a3,ok,,rzz-hea,14,8,float64,42,64,2,64,2,2,0.0,rotation,rotation,2,2,compact:L5R2W0-L5R2W0,compact:L5R2W0-L5R2W0,,,split,optimized,10,3,10,0.5979789999999999,0.5981811,0.5969070000000001,0.6009680000000001,0.00124072071394009,0.1795226,0.0192525,0.399406,,,custom:libsad_search_20c37ff249ec0a.so,/home/rzzhang/sad_merged/sad/build/libsad_search_20c37ff249ec0a.so
2026-08-20T20:02:35.582029+00:00,20260820T190931,joint:rzz-hea:18:63095e44c052fc71,ok,,rzz-hea,18,8,float64,42,128,2,32,2,2,0.25,rotation,rotation,6,7,compact:L3R0W0-L3R0W0-L3R0W0-L3R0W0-L3R0W0-L3R0W0,compact:L3R0W0-L3R0W0-L3R0W0-L3R0W0-L2R0W0-L2R0W0-L2R0W0,,,merged,optimized,5,3,5,2.572265,2.5738914,2.571179,2.581494,0.0038260280500802147,0.65792,0.0355404,1.8804310000000002,,,custom:libsad_search_d014591f51543a.so,/home/rzzhang/sad_merged/sad/build/libsad_search_d014591f51543a.so
2026-08-20T20:02:35.611615+00:00,20260820T190931,joint:rzz-hea:16:d58f8d244d33c166,ok,,rzz-hea,16,8,float64,42,32,2,32,2,1,1.0,rotation,rotation,16,16,compact:L1R0W0-L1R0W0-L1R0W0-L1R0W0-L1R0W0-L1R0W0-L1R0W0-L1R0W0-L1R0W0-L1R0W0-L1R0W0-L1R0W0-L1R0W0-L1R0W0-L1R0W0-L1R0W0,compact:L1R0W0-L1R0W0-L1R0W0-L1R0W0-L1R0W0-L1R0W0-L1R0W0-L1R0W0-L1R0W0-L1R0W0-L1R0W0-L1R0W0-L1R0W0-L1R0W0-L1R0W0-L1R0W0,,,merged,optimized,5,3,5,1.9825400000000002,1.9829534000000002,1.9813410000000002,1.9846650000000001,0.0012916681617194672,0.6871447999999999,0.019253,1.2765556000000002,,,custom:libsad_search_f9cdaf042a7bd6.so,/home/rzzhang/sad_merged/sad/build/libsad_search_f9cdaf042a7bd6.so
2026-08-20T20:02:35.635498+00:00,20260820T190931,joint:rzz-hea:28:730bbcf57f66e642,ok,,rzz-hea,28,8,float64,42,128,2,32,2,1,0.75,rotation,rotation,22,22,compact:L2R0W0-L2R0W0-L2R0W0-L2R0W0-L2R0W0-L2R0W0-L1R0W0-L1R0W0-L1R0W0-L1R0W0-L1R0W0-L1R0W0-L1R0W0-L1R0W0-L1R0W0-L1R0W0-L1R0W0-L1R0W0-L1R0W0-L1R0W0-L1R0W0-L1R0W0,compact:L2R0W0-L2R0W0-L2R0W0-L2R0W0-L2R0W0-L2R0W0-L1R0W0-L1R0W0-L1R0W0-L1R0W0-L1R0W0-L1R0W0-L1R0W0-L1R0W0-L1R0W0-L1R0W0-L1R0W0-L1R0W0-L1R0W0-L1R0W0-L1R0W0-L1R0W0,,,merged,optimized,2,3,2,6216.6222205,6216.6222205,6210.060433000001,6223.184008,6.561787499999809,1755.647342,84.151248,4376.823630500001,,,custom:libsad_search_5851e15f736f52.so,/home/rzzhang/sad_merged/sad/build/libsad_search_5851e15f736f52.so
2026-08-20T20:03:06.723555+00:00,20260820T190931,joint:rzz-hea:12:e77dcb824a1b8286,ok,,rzz-hea,12,8,float64,42,128,2,128,2,1,0.5,rotation,rotation,7,7,compact:L2R0W0-L2R0W0-L2R0W0-L2R0W0-L2R0W0-L1R0W0-L1R0W0,compact:L2R0W0-L2R0W0-L2R0W0-L2R0W0-L2R0W0-L1R0W0-L1R0W0,,,split,optimized,10,3,10,1.0296815000000001,1.0669512,1.028914,1.199929,0.06589536352399919,0.3767382,0.0192464,0.6709666,,,custom:libsad_search_9361435758c99d.so,/home/rzzhang/sad_merged/sad/build/libsad_search_9361435758c99d.so
2026-08-20T20:03:06.751602+00:00,20260820T190931,joint:rzz-hea:6:5185f8cfa12e19c1,ok,,rzz-hea,6,8,float64,42,32,2,32,2,1,0.5,rotation,rotation,4,4,compact:L2R0W0-L2R0W0-L1R0W0-L1R0W0,compact:L2R0W0-L2R0W0-L1R0W0-L1R0W0,,,split,optimized,20,3,20,0.41780249999999997,0.41835655000000005,0.415865,0.42395900000000003,0.0016483366911829716,0.1495936,0.0189221,0.24984085,,,custom:libsad_search_3cb67c7e18cc99.so,/home/rzzhang/sad_merged/sad/build/libsad_search_3cb67c7e18cc99.so
2026-08-20T20:03:06.775500+00:00,20260820T190931,joint:rzz-hea:16:349713db26036acc,ok,,rzz-hea,16,8,float64,42,64,2,64,2,2,0.75,rotation,rotation,12,12,compact:L2R0W0-L2R0W0-L2R0W0-L2R0W0-L1R0W0-L1R0W0-L1R0W0-L1R0W0-L1R0W0-L1R0W0-L1R0W0-L1R0W0,compact:L2R0W0-L2R0W0-L2R0W0-L2R0W0-L1R0W0-L1R0W0-L1R0W0-L1R0W0-L1R0W0-L1R0W0-L1R0W0-L1R0W0,,,merged,optimized,5,3,5,1.9629560000000001,1.96295,1.959859,1.96604,0.0022919660555950874,0.6333890000000001,0.019187,1.310374,,,custom:libsad_search_97eec9f2a848ec.so,/home/rzzhang/sad_merged/sad/build/libsad_search_97eec9f2a848ec.so
2026-08-20T20:03:06.809086+00:00,20260820T190931,joint:rzz-hea:12:d1a30368ee1b912d,ok,,rzz-hea,12,8,float64,42,64,2,64,2,1,0.5,rotation,rotation,7,7,compact:L2R0W0-L2R0W0-L2R0W0-L2R0W0-L2R0W0-L1R0W0-L1R0W0,compact:L2R0W0-L2R0W0-L2R0W0-L2R0W0-L2R0W0-L1R0W0-L1R0W0,,,split,optimized,10,3,10,0.8028930000000001,0.8010267000000001,0.7962729999999999,0.8057529999999999,0.003707051255378052,0.2931764,0.018913700000000002,0.4889366,,,custom:libsad_search_7ec063ebc99501.so,/home/rzzhang/sad_merged/sad/build/libsad_search_7ec063ebc99501.so
2026-08-20T20:03:06.832577+00:00,20260820T190931,joint:rzz-hea:24:dd68a61c6fe0a8a6,ok,,rzz-hea,24,8,float64,42,128,2,32,2,2,0.5,rotation,rotation,14,14,compact:L2R0W0-L2R0W0-L2R0W0-L2R0W0-L2R0W0-L2R0W0-L2R0W0-L2R0W0-L2R0W0-L2R0W0-L1R0W0-L1R0W0-L1R0W0-L1R0W0,compact:L2R0W0-L2R0W0-L2R0W0-L2R0W0-L2R0W0-L2R0W0-L2R0W0-L2R0W0-L2R0W0-L2R0W0-L1R0W0-L1R0W0-L1R0W0-L1R0W0,,,merged,optimized,3,3,3,261.36073,261.50392366666665,260.80042599999996,262.350615,0.6409107080607344,72.17551833333334,1.837013,187.49139233333335,,,custom:libsad_search_d014591f51543a.so,/home/rzzhang/sad_merged/sad/build/libsad_search_d014591f51543a.so
2026-08-20T20:03:08.433401+00:00,20260820T190931,joint:rzz-hea:14:ed5d746fea61a3ee,ok,,rzz-hea,14,8,float64,42,64,2,64,2,2,0.25,rotation,rotation,5,5,compact:L3R0W0-L3R0W0-L3R0W0-L3R0W0-L2R0W0,compact:L3R0W0-L3R0W0-L3R0W0-L3R0W0-L2R0W0,,,split,optimized,10,3,10,0.796701,0.7970507,0.7965699999999999,0.798619,0.0006455720021810173,0.2737417,0.0190858,0.5042232,,,custom:libsad_search_20c37ff249ec0a.so,/home/rzzhang/sad_merged/sad/build/libsad_search_20c37ff249ec0a.so
2026-08-20T20:03:08.455186+00:00,20260820T190931,joint:rzz-hea:18:1d52a0a1249cc6d0,ok,,rzz-hea,18,8,float64,42,128,2,128,2,2,0.0,rotation,rotation,2,2,compact:L5R2W2-L5R2W2,compact:L5R2W2-L5R2W2,,,merged,optimized,5,3,5,2.321631,2.3208226,2.3143890000000003,2.324463,0.0034017935622255913,0.49124779999999996,0.0356932,1.7938816,,,custom:libsad_search_b969ada61d8a74.so,/home/rzzhang/sad_merged/sad/build/libsad_search_b969ada61d8a74.so
2026-08-20T20:03:08.483181+00:00,20260820T190931,joint:rzz-hea:22:7b70a31d1bc10345,ok,,rzz-hea,22,8,float64,42,32,2,32,2,1,0.0,rotation,rotation,4,4,compact:L5R1W0-L5R1W0-L5R0W0-L5R0W0,compact:L5R1W0-L5R1W0-L5R0W0-L5R0W0,,,split,optimized,3,3,3,33.577216,33.594519999999996,33.572933,33.633411,0.027555621725280362,8.579066333333333,0.4230273333333333,24.592426333333332,,,custom:libsad_search_3cb67c7e18cc99.so,/home/rzzhang/sad_merged/sad/build/libsad_search_3cb67c7e18cc99.so
2026-08-20T20:03:08.695532+00:00,20260820T190931,joint:rzz-hea:10:cb8a2a258a18f7d1,ok,,rzz-hea,10,8,float64,42,32,2,32,2,2,1.0,rotation,rotation,10,10,compact:L1R0W0-L1R0W0-L1R0W0-L1R0W0-L1R0W0-L1R0W0-L1R0W0-L1R0W0-L1R0W0-L1R0W0,compact:L1R0W0-L1R0W0-L1R0W0-L1R0W0-L1R0W0-L1R0W0-L1R0W0-L1R0W0-L1R0W0-L1R0W0,,,split,optimized,10,3,10,0.9332095,0.9336357,0.9317590000000001,0.936519,0.0015989342731957113,0.3673072,0.0192667,0.5470618,,,custom:libsad_search_16d9d6cef53b3d.so,/home/rzzhang/sad_merged/sad/build/libsad_search_16d9d6cef53b3d.so
2026-08-20T20:03:08.716079+00:00,20260820T190931,joint:rzz-hea:28:34412190be049227,ok,,rzz-hea,28,8,float64,42,32,2,32,2,1,0.0,legacy,legacy,0,0,,,,,not_applicable,legacy-generic,2,3,2,2906.9068735,2906.9068735,2906.276977,2907.53677,0.6298965000000862,889.2369395,85.984589,1931.685345,,,custom:libsad_search_06042376d3c545.so,/home/rzzhang/sad_merged/sad/build/libsad_search_06042376d3c545.so
2026-08-20T20:03:23.259696+00:00,20260820T190931,joint:rzz-hea:24:3802204384603fd3,ok,,rzz-hea,24,8,float64,42,128,2,128,2,2,0.0,rotation,rotation,3,3,compact:L5R2W1-L5R2W1-L5R2W1,compact:L5R2W1-L5R2W1-L5R2W1,,,split,optimized,3,3,3,142.205074,142.07967433333332,141.806496,142.227453,0.19338218853232877,36.38968233333333,1.794515,103.895477,,,custom:libsad_search_d02bea87aa5c56.so,/home/rzzhang/sad_merged/sad/build/libsad_search_d02bea87aa5c56.so
2026-08-20T20:03:24.145176+00:00,20260820T190931,joint:rzz-hea:10:19895de21f09dd93,ok,,rzz-hea,10,8,float64,42,64,2,64,2,2,0.75,rotation,rotation,8,8,compact:L2R0W0-L2R0W0-L1R0W0-L1R0W0-L1R0W0-L1R0W0-L1R0W0-L1R0W0,compact:L2R0W0-L2R0W0-L1R0W0-L1R0W0-L1R0W0-L1R0W0-L1R0W0-L1R0W0,,,split,optimized,10,3,10,0.802773,0.8029831,0.8017770000000001,0.805643,0.0010527760873044047,0.30483699999999997,0.0191481,0.47899800000000003,,,custom:libsad_search_20c37ff249ec0a.so,/home/rzzhang/sad_merged/sad/build/libsad_search_20c37ff249ec0a.so
2026-08-20T20:03:24.167003+00:00,20260820T190931,joint:rzz-hea:26:c389668f46d7d3b1,ok,,rzz-hea,26,8,float64,42,128,2,32,2,1,0.75,rotation,rotation,20,20,compact:L2R0W0-L2R0W0-L2R0W0-L2R0W0-L2R0W0-L2R0W0-L1R0W0-L1R0W0-L1R0W0-L1R0W0-L1R0W0-L1R0W0-L1R0W0-L1R0W0-L1R0W0-L1R0W0-L1R0W0-L1R0W0-L1R0W0-L1R0W0,compact:L2R0W0-L2R0W0-L2R0W0-L2R0W0-L2R0W0-L2R0W0-L1R0W0-L1R0W0-L1R0W0-L1R0W0-L1R0W0-L1R0W0-L1R0W0-L1R0W0-L1R0W0-L1R0W0-L1R0W0-L1R0W0-L1R0W0-L1R0W0,,,merged,optimized,2,3,2,1422.7501575,1422.7501575,1422.141975,1423.3583399999998,0.6081824999998844,403.76059399999997,10.195276999999999,1008.7942864999999,,,custom:libsad_search_5851e15f736f52.so,/home/rzzhang/sad_merged/sad/build/libsad_search_5851e15f736f52.so
2026-08-20T20:03:31.292927+00:00,20260820T190931,joint:rzz-hea:6:0905f9ca083a75e8,ok,,rzz-hea,6,8,float64,42,128,2,128,2,1,0.0,rotation,rotation,1,1,compact:L5R1W0,compact:L5R1W0,,,split,optimized,20,3,20,0.339995,0.3400814,0.338489,0.341368,0.0006401526692907048,0.09569255,0.019057650000000002,0.22533119999999998,,,custom:libsad_search_9361435758c99d.so,/home/rzzhang/sad_merged/sad/build/libsad_search_9361435758c99d.so
2026-08-20T20:03:31.314340+00:00,20260820T190931,joint:rzz-hea:14:d2a2303242c5847e,ok,,rzz-hea,14,8,float64,42,64,2,64,2,1,0.0,rotation,rotation,2,2,compact:L5R2W0-L5R2W0,compact:L5R2W0-L5R2W0,,,split,optimized,10,3,10,0.5722645,0.5719661,0.571278,0.572479,0.0004922666858522932,0.17110039999999999,0.0189115,0.3819542,,,custom:libsad_search_7ec063ebc99501.so,/home/rzzhang/sad_merged/sad/build/libsad_search_7ec063ebc99501.so
2026-08-20T20:03:31.335443+00:00,20260820T190931,joint:rzz-hea:12:df5310f1dfb1d107,ok,,rzz-hea,12,8,float64,42,32,2,32,2,1,0.5,rotation,rotation,7,7,compact:L2R0W0-L2R0W0-L2R0W0-L2R0W0-L2R0W0-L1R0W0-L1R0W0,compact:L2R0W0-L2R0W0-L2R0W0-L2R0W0-L2R0W0-L1R0W0-L1R0W0,,,split,optimized,10,3,10,0.759897,0.7613895,0.759047,0.7678550000000001,0.003076813814646573,0.2808755,0.018930899999999997,0.46158309999999997,,,custom:libsad_search_3cb67c7e18cc99.so,/home/rzzhang/sad_merged/sad/build/libsad_search_3cb67c7e18cc99.so
2026-08-20T20:03:31.358782+00:00,20260820T190931,joint:rzz-hea:16:8da7ae3f9d997ce2,ok,,rzz-hea,16,8,float64,42,128,2,32,2,1,1.0,rotation,rotation,16,16,compact:L1R0W0-L1R0W0-L1R0W0-L1R0W0-L1R0W0-L1R0W0-L1R0W0-L1R0W0-L1R0W0-L1R0W0-L1R0W0-L1R0W0-L1R0W0-L1R0W0-L1R0W0-L1R0W0,compact:L1R0W0-L1R0W0-L1R0W0-L1R0W0-L1R0W0-L1R0W0-L1R0W0-L1R0W0-L1R0W0-L1R0W0-L1R0W0-L1R0W0-L1R0W0-L1R0W0-L1R0W0-L1R0W0,,,split,optimized,5,3,5,1.9047859999999999,1.9045594000000001,1.902216,1.906848,0.0015731613521823289,0.7440640000000001,0.0190706,1.1414248,,,custom:libsad_search_7259903b8346c4.so,/home/rzzhang/sad_merged/sad/build/libsad_search_7259903b8346c4.so
2026-08-20T20:03:31.382806+00:00,20260820T190931,joint:rzz-hea:18:de0d0b483ea5357c,ok,,rzz-hea,18,8,float64,42,64,2,64,2,2,0.0,rotation,rotation,3,3,compact:L5R1W0-L5R1W0-L5R1W0,compact:L5R1W0-L5R1W0-L5R1W0,,,split,optimized,5,3,5,2.25373,2.2538498000000002,2.2533060000000003,2.25481,0.000509992313667496,0.6132195999999999,0.0354678,1.6051624,,,custom:libsad_search_20c37ff249ec0a.so,/home/rzzhang/sad_merged/sad/build/libsad_search_20c37ff249ec0a.so
2026-08-20T20:03:31.413545+00:00,20260820T190931,joint:rzz-hea:10:72f7d33fc65780be,ok,,rzz-hea,10,8,float64,42,32,2,32,2,2,1.0,rotation,rotation,10,10,compact:L1R0W0-L1R0W0-L1R0W0-L1R0W0-L1R0W0-L1R0W0-L1R0W0-L1R0W0-L1R0W0-L1R0W0,compact:L1R0W0-L1R0W0-L1R0W0-L1R0W0-L1R0W0-L1R0W0-L1R0W0-L1R0W0-L1R0W0-L1R0W0,,,merged,optimized,10,3,10,0.79877,0.8006062,0.796596,0.8049089999999999,0.0030820591104000483,0.3317197,0.0190488,0.44983769999999995,,,custom:libsad_search_dcff342f285260.so,/home/rzzhang/sad_merged/sad/build/libsad_search_dcff342f285260.so
2026-08-20T20:03:31.432594+00:00,20260820T190931,joint:rzz-hea:18:6a187aa73adf4f80,ok,,rzz-hea,18,8,float64,42,32,2,32,2,1,0.75,rotation,rotation,14,14,compact:L2R0W0-L2R0W0-L2R0W0-L2R0W0-L1R0W0-L1R0W0-L1R0W0-L1R0W0-L1R0W0-L1R0W0-L1R0W0-L1R0W0-L1R0W0-L1R0W0,compact:L2R0W0-L2R0W0-L2R0W0-L2R0W0-L1R0W0-L1R0W0-L1R0W0-L1R0W0-L1R0W0-L1R0W0-L1R0W0-L1R0W0-L1R0W0-L1R0W0,,,merged,optimized,5,3,5,3.170963,3.1688812000000004,3.164116,3.1736250000000004,0.0039065965955036065,0.9394842000000001,0.0352668,2.1941302000000005,,,custom:libsad_search_f9cdaf042a7bd6.so,/home/rzzhang/sad_merged/sad/build/libsad_search_f9cdaf042a7bd6.so
2026-08-20T20:03:31.466305+00:00,20260820T190931,joint:rzz-hea:20:7c46765fd06696c1,ok,,rzz-hea,20,8,float64,42,128,2,32,2,1,0.5,rotation,rotation,12,12,compact:L2R0W0-L2R0W0-L2R0W0-L2R0W0-L2R0W0-L2R0W0-L2R0W0-L2R0W0-L1R0W0-L1R0W0-L1R0W0-L1R0W0,compact:L2R0W0-L2R0W0-L2R0W0-L2R0W0-L2R0W0-L2R0W0-L2R0W0-L2R0W0-L1R0W0-L1R0W0-L1R0W0-L1R0W0,,,merged,optimized,5,3,5,8.548445,8.4963088,8.386515000000001,8.549323,0.06742096257515107,2.1825799999999997,0.09819900000000001,6.2155298,,,custom:libsad_search_5851e15f736f52.so,/home/rzzhang/sad_merged/sad/build/libsad_search_5851e15f736f52.so
2026-08-20T20:03:31.544282+00:00,20260820T190931,joint:rzz-hea:28:099ee70caba58a65,ok,,rzz-hea,28,8,float64,42,32,2,128,2,2,0.5,rotation,rotation,16,16,compact:L2R0W0-L2R0W0-L2R0W0-L2R0W0-L2R0W0-L2R0W0-L2R0W0-L2R0W0-L2R0W0-L2R0W0-L2R0W0-L2R0W0-L1R0W0-L1R0W0-L1R0W0-L1R0W0,compact:L2R0W0-L2R0W0-L2R0W0-L2R0W0-L2R0W0-L2R0W0-L2R0W0-L2R0W0-L2R0W0-L2R0W0-L2R0W0-L2R0W0-L1R0W0-L1R0W0-L1R0W0-L1R0W0,,,split,optimized,2,3,2,4845.282244,4845.282244,4841.149196,4849.415292,4.13304799999969,1498.513371,85.96834750000001,3260.8005255000003,,,custom:libsad_search_2a0e4369743c84.so,/home/rzzhang/sad_merged/sad/build/libsad_search_2a0e4369743c84.so
2026-08-20T20:03:55.780295+00:00,20260820T190931,joint:rzz-hea:28:3b2610fb6643f078,ok,,rzz-hea,28,8,float64,42,32,2,128,2,1,0.25,rotation,rotation,10,10,compact:L3R0W0-L3R0W0-L3R0W0-L3R0W0-L3R0W0-L3R0W0-L3R0W0-L3R0W0-L2R0W0-L2R0W0,compact:L3R0W0-L3R0W0-L3R0W0-L3R0W0-L3R0W0-L3R0W0-L3R0W0-L3R0W0-L2R0W0-L2R0W0,,,split,optimized,2,3,2,3507.599377,3507.599377,3505.37601,3509.822744,2.223367000000053,1095.2209834999999,86.782943,2325.5954505,,,custom:libsad_search_0e4f539ceca897.so,/home/rzzhang/sad_merged/sad/build/libsad_search_0e4f539ceca897.so
2026-08-20T20:04:13.352983+00:00,20260820T190931,joint:rzz-hea:6:0f72fa2fe98e5b84,ok,,rzz-hea,6,8,float64,42,64,2,64,2,1,0.0,legacy,legacy,0,0,,,,,not_applicable,legacy-generic,20,3,20,0.311268,0.31140274999999995,0.30998699999999996,0.313339,0.0007981245438526592,0.1012584,0.01863685,0.1915075,,,custom:libsad_search_5a6ce94d125b8e.so,/home/rzzhang/sad_merged/sad/build/libsad_search_5a6ce94d125b8e.so
2026-08-20T20:04:13.373066+00:00,20260820T190931,joint:rzz-hea:28:772a2e0cae52f189,ok,,rzz-hea,28,8,float64,42,128,2,32,2,1,0.5,rotation,rotation,16,16,compact:L2R0W0-L2R0W0-L2R0W0-L2R0W0-L2R0W0-L2R0W0-L2R0W0-L2R0W0-L2R0W0-L2R0W0-L2R0W0-L2R0W0-L1R0W0-L1R0W0-L1R0W0-L1R0W0,compact:L2R0W0-L2R0W0-L2R0W0-L2R0W0-L2R0W0-L2R0W0-L2R0W0-L2R0W0-L2R0W0-L2R0W0-L2R0W0-L2R0W0-L1R0W0-L1R0W0-L1R0W0-L1R0W0,,,merged,optimized,2,3,2,4760.7926575,4760.7926575,4760.443577,4761.141738,0.34908050000012736,1310.1896135,85.0283305,3365.5747135,,,custom:libsad_search_5851e15f736f52.so,/home/rzzhang/sad_merged/sad/build/libsad_search_5851e15f736f52.so
2026-08-20T20:04:37.245786+00:00,20260820T190931,joint:rzz-hea:6:657b3f6ea4e3f7ec,ok,,rzz-hea,6,8,float64,42,128,2,128,2,2,1.0,rotation,rotation,6,6,compact:L1R0W0-L1R0W0-L1R0W0-L1R0W0-L1R0W0-L1R0W0,compact:L1R0W0-L1R0W0-L1R0W0-L1R0W0-L1R0W0-L1R0W0,,,merged,optimized,20,3,20,0.4920905,0.49342735,0.4903920000000001,0.501692,0.0032485695971457957,0.17537415,0.0188885,0.2991647,,,custom:libsad_search_b969ada61d8a74.so,/home/rzzhang/sad_merged/sad/build/libsad_search_b969ada61d8a74.so
2026-08-20T20:04:37.270510+00:00,20260820T190931,joint:rzz-hea:14:60909d53c0b60100,ok,,rzz-hea,14,8,float64,42,32,2,128,2,2,0.25,rotation,rotation,5,5,compact:L3R0W0-L3R0W0-L3R0W0-L3R0W0-L2R0W0,compact:L3R0W0-L3R0W0-L3R0W0-L3R0W0-L2R0W0,,,split,optimized,10,3,10,0.848499,0.8506030000000001,0.846006,0.8558129999999999,0.003837637450307124,0.2507642,0.018940500000000002,0.5808983000000001,,,custom:libsad_search_2a0e4369743c84.so,/home/rzzhang/sad_merged/sad/build/libsad_search_2a0e4369743c84.so
2026-08-20T20:04:37.294518+00:00,20260820T190931,joint:rzz-hea:12:142faf4f7f2b0b2a,ok,,rzz-hea,12,8,float64,42,128,2,128,2,2,0.25,rotation,rotation,4,4,compact:L3R0W0-L3R0W0-L3R0W0-L3R0W0,compact:L3R0W0-L3R0W0-L3R0W0-L3R0W0,,,merged,optimized,10,3,10,0.6861944999999999,0.6868635999999999,0.6859310000000001,0.68992,0.0012117755732807922,0.23594400000000001,0.0190111,0.43190850000000003,,,custom:libsad_search_b969ada61d8a74.so,/home/rzzhang/sad_merged/sad/build/libsad_search_b969ada61d8a74.so
2026-08-20T20:04:37.316816+00:00,20260820T190931,joint:rzz-hea:4:bf055483db848ca0,ok,,rzz-hea,4,8,float64,42,128,2,32,2,1,0.75,rotation,rotation,3,3,compact:L2R0W0-L1R0W0-L1R0W0,compact:L2R0W0-L1R0W0-L1R0W0,,,split,optimized,20,3,20,0.299624,0.29958375,0.294786,0.30426200000000003,0.003537877130073913,0.1117202,0.018904149999999998,0.16895939999999998,,,custom:libsad_search_7259903b8346c4.so,/home/rzzhang/sad_merged/sad/build/libsad_search_7259903b8346c4.so
2026-08-20T20:04:37.337619+00:00,20260820T190931,joint:rzz-hea:6:6261e4285d7f0410,ok,,rzz-hea,6,8,float64,42,64,2,64,2,1,1.0,rotation,rotation,6,6,compact:L1R0W0-L1R0W0-L1R0W0-L1R0W0-L1R0W0-L1R0W0,compact:L1R0W0-L1R0W0-L1R0W0-L1R0W0-L1R0W0-L1R0W0,,,split,optimized,20,3,20,0.4710875,0.47068535,0.46484200000000003,0.47367299999999996,0.0021880831856901568,0.17468494999999998,0.01887275,0.27712765,,,custom:libsad_search_7ec063ebc99501.so,/home/rzzhang/sad_merged/sad/build/libsad_search_7ec063ebc99501.so
2026-08-20T20:04:37.361693+00:00,20260820T190931,joint:rzz-hea:10:140adc92da2fbaec,ok,,rzz-hea,10,8,float64,42,32,2,128,2,2,1.0,rotation,rotation,10,10,compact:L1R0W0-L1R0W0-L1R0W0-L1R0W0-L1R0W0-L1R0W0-L1R0W0-L1R0W0-L1R0W0-L1R0W0,compact:L1R0W0-L1R0W0-L1R0W0-L1R0W0-L1R0W0-L1R0W0-L1R0W0-L1R0W0-L1R0W0-L1R0W0,,,merged,optimized,10,3,10,0.905081,0.9047619000000001,0.9018170000000001,0.906663,0.0014067486235997896,0.3322484,0.019192100000000004,0.5533214,,,custom:libsad_search_fce412939d20fb.so,/home/rzzhang/sad_merged/sad/build/libsad_search_fce412939d20fb.so
2026-08-20T20:04:37.388750+00:00,20260820T190931,joint:rzz-hea:26:b1061d24a404e9e1,ok,,rzz-hea,26,8,float64,42,64,2,64,2,2,0.25,rotation,rotation,10,10,compact:L3R0W0-L3R0W0-L3R0W0-L3R0W0-L3R0W0-L3R0W0-L2R0W0-L2R0W0-L2R0W0-L2R0W0,compact:L3R0W0-L3R0W0-L3R0W0-L3R0W0-L3R0W0-L3R0W0-L2R0W0-L2R0W0-L2R0W0-L2R0W0,,,split,optimized,2,3,2,846.7366354999999,846.7366354999999,845.9104769999999,847.562794,0.8261585000000764,260.2133035,10.221635,576.301697,,,custom:libsad_search_20c37ff249ec0a.so,/home/rzzhang/sad_merged/sad/build/libsad_search_20c37ff249ec0a.so
2026-08-20T20:04:41.646895+00:00,20260820T190931,joint:rzz-hea:18:ab2f9a08359d6121,ok,,rzz-hea,18,8,float64,42,32,2,32,2,1,0.25,rotation,rotation,7,7,compact:L3R0W0-L3R0W0-L3R0W0-L3R0W0-L2R0W0-L2R0W0-L2R0W0,compact:L3R0W0-L3R0W0-L3R0W0-L3R0W0-L2R0W0-L2R0W0-L2R0W0,,,split,optimized,5,3,5,2.658013,2.6887014000000002,2.6560379999999997,2.812808,0.06207350613458213,0.8248698000000001,0.0371786,1.8266529999999999,,,custom:libsad_search_3cb67c7e18cc99.so,/home/rzzhang/sad_merged/sad/build/libsad_search_3cb67c7e18cc99.so
2026-08-20T20:04:41.691381+00:00,20260820T190931,joint:rzz-hea:28:bb0dabbde746e9cf,ok,,rzz-hea,28,8,float64,42,32,2,32,2,2,0.25,rotation,rotation,10,10,compact:L3R0W0-L3R0W0-L3R0W0-L3R0W0-L3R0W0-L3R0W0-L3R0W0-L3R0W0-L2R0W0-L2R0W0,compact:L3R0W0-L3R0W0-L3R0W0-L3R0W0-L3R0W0-L3R0W0-L3R0W0-L3R0W0-L2R0W0-L2R0W0,,,merged,optimized,2,3,2,3536.5224235,3536.5224235,3534.814799,3538.230048,1.707624499999838,982.337215,84.4065715,2469.778637,,,custom:libsad_search_dcff342f285260.so,/home/rzzhang/sad_merged/sad/build/libsad_search_dcff342f285260.so
2026-08-20T20:04:59.399081+00:00,20260820T190931,joint:rzz-hea:28:7c3922db888c5e03,ok,,rzz-hea,28,8,float64,42,64,2,64,2,2,0.25,rotation,rotation,10,10,compact:L3R0W0-L3R0W0-L3R0W0-L3R0W0-L3R0W0-L3R0W0-L3R0W0-L3R0W0-L2R0W0-L2R0W0,compact:L3R0W0-L3R0W0-L3R0W0-L3R0W0-L3R0W0-L3R0W0-L3R0W0-L3R0W0-L2R0W0-L2R0W0,,,split,optimized,2,3,2,3479.6527484999997,3479.6527484999997,3478.6178239999995,3480.687673,1.0349245000002156,1051.8994085,85.8791935,2341.8741465,,,custom:libsad_search_20c37ff249ec0a.so,/home/rzzhang/sad_merged/sad/build/libsad_search_20c37ff249ec0a.so
2026-08-20T20:05:16.821718+00:00,20260820T190931,joint:rzz-hea:14:2fcb2c4bbd27f5d6,ok,,rzz-hea,14,8,float64,42,32,2,128,2,2,0.75,rotation,rotation,11,11,compact:L2R0W0-L2R0W0-L2R0W0-L1R0W0-L1R0W0-L1R0W0-L1R0W0-L1R0W0-L1R0W0-L1R0W0-L1R0W0,compact:L2R0W0-L2R0W0-L2R0W0-L1R0W0-L1R0W0-L1R0W0-L1R0W0-L1R0W0-L1R0W0-L1R0W0-L1R0W0,,,split,optimized,10,3,10,1.3558275000000002,1.3888852,1.3505909999999999,1.538831,0.06867519950287733,0.4731649,0.0190976,0.8966227,,,custom:libsad_search_2a0e4369743c84.so,/home/rzzhang/sad_merged/sad/build/libsad_search_2a0e4369743c84.so
2026-08-20T20:05:16.853707+00:00,20260820T190931,joint:rzz-hea:24:9473c652c8eea5e2,ok,,rzz-hea,24,8,float64,42,128,2,32,2,1,0.0,rotation,rotation,3,4,compact:L5R2W1-L5R2W1-L5R2W1,compact:L5R1W0-L5R1W0-L5R1W0-L5R1W0,,,merged,optimized,3,3,3,138.226598,137.9182503333333,137.2121,138.31605299999998,0.5006574139444592,28.65953133333333,1.7771993333333334,107.48151966666667,,,custom:libsad_search_5851e15f736f52.so,/home/rzzhang/sad_merged/sad/build/libsad_search_5851e15f736f52.so
2026-08-20T20:05:17.706656+00:00,20260820T190931,joint:rzz-hea:6:f60e2e29c724e613,ok,,rzz-hea,6,8,float64,42,128,2,128,2,1,1.0,rotation,rotation,6,6,compact:L1R0W0-L1R0W0-L1R0W0-L1R0W0-L1R0W0-L1R0W0,compact:L1R0W0-L1R0W0-L1R0W0-L1R0W0-L1R0W0-L1R0W0,,,merged,optimized,20,3,20,0.4863615,0.48880705,0.48112299999999997,0.515092,0.009264757311851194,0.17335655,0.01876495,0.29668555,,,custom:libsad_search_8fbfac92ec4bef.so,/home/rzzhang/sad_merged/sad/build/libsad_search_8fbfac92ec4bef.so
2026-08-20T20:05:17.729171+00:00,20260820T190931,joint:rzz-hea:18:5d85960bef42d427,ok,,rzz-hea,18,8,float64,42,128,2,128,2,1,0.0,rotation,rotation,2,2,compact:L5R2W2-L5R2W2,compact:L5R2W2-L5R2W2,,,merged,optimized,5,3,5,2.333652,2.3354576000000002,2.330759,2.340609,0.003645968710781954,0.502035,0.0351922,1.7982304000000002,,,custom:libsad_search_8fbfac92ec4bef.so,/home/rzzhang/sad_merged/sad/build/libsad_search_8fbfac92ec4bef.so
2026-08-20T20:05:17.756913+00:00,20260820T190931,joint:rzz-hea:8:6e679fcdc8b05d1f,ok,,rzz-hea,8,8,float64,42,128,2,128,2,1,0.25,rotation,rotation,3,3,compact:L3R0W0-L3R0W0-L2R0W0,compact:L3R0W0-L3R0W0-L2R0W0,,,split,optimized,20,3,20,0.496606,0.49650065000000004,0.49454299999999995,0.49834899999999993,0.0009172310109781519,0.15854644999999998,0.018844,0.3191102,,,custom:libsad_search_9361435758c99d.so,/home/rzzhang/sad_merged/sad/build/libsad_search_9361435758c99d.so
2026-08-20T20:05:17.776370+00:00,20260820T190931,joint:rzz-hea:24:7ed5bbed6789478f,ok,,rzz-hea,24,8,float64,42,128,2,128,2,1,0.5,rotation,rotation,14,14,compact:L2R0W0-L2R0W0-L2R0W0-L2R0W0-L2R0W0-L2R0W0-L2R0W0-L2R0W0-L2R0W0-L2R0W0-L1R0W0-L1R0W0-L1R0W0-L1R0W0,compact:L2R0W0-L2R0W0-L2R0W0-L2R0W0-L2R0W0-L2R0W0-L2R0W0-L2R0W0-L2R0W0-L2R0W0-L1R0W0-L1R0W0-L1R0W0-L1R0W0,,,merged,optimized,3,3,3,260.311012,260.20766899999995,259.19484,261.11715499999997,0.788176617915457,71.85124933333333,1.8158643333333333,186.54055533333332,,,custom:libsad_search_8fbfac92ec4bef.so,/home/rzzhang/sad_merged/sad/build/libsad_search_8fbfac92ec4bef.so
2026-08-20T20:05:19.350521+00:00,20260820T190931,joint:rzz-hea:20:e979d3cccc80be5f,ok,,rzz-hea,20,8,float64,42,32,2,32,2,1,0.0,legacy,legacy,0,0,,,,,not_applicable,legacy-generic,5,3,5,7.2463190000000015,7.245211,7.240712,7.251037,0.0038521647420636965,2.0415275999999998,0.1004392,5.1032442,,,custom:libsad_search_06042376d3c545.so,/home/rzzhang/sad_merged/sad/build/libsad_search_06042376d3c545.so
2026-08-20T20:05:19.423759+00:00,20260820T190931,joint:rzz-hea:4:65600f38921baa30,ok,,rzz-hea,4,8,float64,42,128,2,32,2,1,0.5,rotation,rotation,2,2,compact:L2R0W0-L2R0W0,compact:L2R0W0-L2R0W0,,,merged,optimized,20,3,20,0.20887499999999998,0.20889495,0.20711999999999997,0.20993799999999999,0.0006228035384453159,0.0659444,0.0188609,0.12408965,,,custom:libsad_search_5851e15f736f52.so,/home/rzzhang/sad_merged/sad/build/libsad_search_5851e15f736f52.so
2026-08-20T20:05:19.436515+00:00,20260820T190931,joint:rzz-hea:14:053f66b8c39e8bed,ok,,rzz-hea,14,8,float64,42,32,2,32,2,1,1.0,rotation,rotation,14,14,compact:L1R0W0-L1R0W0-L1R0W0-L1R0W0-L1R0W0-L1R0W0-L1R0W0-L1R0W0-L1R0W0-L1R0W0-L1R0W0-L1R0W0-L1R0W0-L1R0W0,compact:L1R0W0-L1R0W0-L1R0W0-L1R0W0-L1R0W0-L1R0W0-L1R0W0-L1R0W0-L1R0W0-L1R0W0-L1R0W0-L1R0W0-L1R0W0-L1R0W0,,,merged,optimized,10,3,10,1.2528095,1.2530291999999998,1.2522330000000002,1.254348,0.000764005340295509,0.5200151,0.0187368,0.7142773,,,custom:libsad_search_f9cdaf042a7bd6.so,/home/rzzhang/sad_merged/sad/build/libsad_search_f9cdaf042a7bd6.so
2026-08-20T20:05:19.460861+00:00,20260820T190931,joint:rzz-hea:26:5904b6c3901e9480,ok,,rzz-hea,26,8,float64,42,128,2,32,2,1,0.0,rotation,rotation,3,4,compact:L5R2W2-L5R2W2-L5R2W1,compact:L5R2W0-L5R2W0-L5R1W0-L5R1W0,,,split,optimized,2,3,2,626.4905679999999,626.4905679999999,625.7808309999999,627.200305,0.7097370000000183,165.23013250000002,10.24714,451.0132955,,,custom:libsad_search_7259903b8346c4.so,/home/rzzhang/sad_merged/sad/build/libsad_search_7259903b8346c4.so
2026-08-20T20:05:22.604124+00:00,20260820T190931,joint:rzz-hea:16:f46f3ab5ffb04234,ok,,rzz-hea,16,8,float64,42,32,2,128,2,2,0.75,rotation,rotation,13,12,compact:L2R0W0-L2R0W0-L2R0W0-L1R0W0-L1R0W0-L1R0W0-L1R0W0-L1R0W0-L1R0W0-L1R0W0-L1R0W0-L1R0W0-L1R0W0,compact:L2R0W0-L2R0W0-L2R0W0-L2R0W0-L1R0W0-L1R0W0-L1R0W0-L1R0W0-L1R0W0-L1R0W0-L1R0W0-L1R0W0,,,merged,optimized,5,3,5,1.9383769999999998,1.9395403999999998,1.937236,1.942574,0.0020248376329968718,0.6180886,0.0195216,1.3019302000000001,,,custom:libsad_search_fce412939d20fb.so,/home/rzzhang/sad_merged/sad/build/libsad_search_fce412939d20fb.so
2026-08-20T20:05:22.637106+00:00,20260820T190931,joint:rzz-hea:18:2f919ae9387cbbb0,ok,,rzz-hea,18,8,float64,42,32,2,32,2,1,0.0,rotation,rotation,3,3,compact:L5R1W0-L5R1W0-L5R1W0,compact:L5R1W0-L5R1W0-L5R1W0,,,merged,optimized,5,3,5,2.282404,2.2836662,2.280481,2.289474,0.003188004730234768,0.4996094,0.0350794,1.7489774,,,custom:libsad_search_f9cdaf042a7bd6.so,/home/rzzhang/sad_merged/sad/build/libsad_search_f9cdaf042a7bd6.so
2026-08-20T20:05:22.674822+00:00,20260820T190931,joint:rzz-hea:6:01228ab09ee84a21,ok,,rzz-hea,6,8,float64,42,128,2,32,2,1,0.75,rotation,rotation,5,5,compact:L2R0W0-L1R0W0-L1R0W0-L1R0W0-L1R0W0,compact:L2R0W0-L1R0W0-L1R0W0-L1R0W0-L1R0W0,,,split,optimized,20,3,20,0.4334,0.43309975000000006,0.42847299999999994,0.435211,0.0016009376588424818,0.1648002,0.018836250000000002,0.2494633,,,custom:libsad_search_7259903b8346c4.so,/home/rzzhang/sad_merged/sad/build/libsad_search_7259903b8346c4.so
2026-08-20T20:05:22.692522+00:00,20260820T190931,joint:rzz-hea:18:9fdd4ebc7f22f68c,ok,,rzz-hea,18,8,float64,42,128,2,128,2,2,0.0,rotation,rotation,2,2,compact:L5R2W2-L5R2W2,compact:L5R2W2-L5R2W2,,,split,optimized,5,3,5,2.191032,2.1892726,2.182334,2.191377,0.003486872673327769,0.5695118,0.0354254,1.5843354,,,custom:libsad_search_d02bea87aa5c56.so,/home/rzzhang/sad_merged/sad/build/libsad_search_d02bea87aa5c56.so
2026-08-20T20:05:22.718871+00:00,20260820T190931,joint:rzz-hea:6:96b9448dc7f04831,ok,,rzz-hea,6,8,float64,42,128,2,32,2,1,0.25,rotation,rotation,2,2,compact:L3R0W0-L3R0W0,compact:L3R0W0-L3R0W0,,,merged,optimized,20,3,20,0.262152,0.26235725,0.261953,0.263308,0.00044109986114257963,0.0870223,0.018655650000000003,0.1566793,,,custom:libsad_search_5851e15f736f52.so,/home/rzzhang/sad_merged/sad/build/libsad_search_5851e15f736f52.so
2026-08-20T20:05:22.732435+00:00,20260820T190931,joint:rzz-hea:28:2f71d0e58aa4d495,ok,,rzz-hea,28,8,float64,42,128,2,32,2,1,1.0,rotation,rotation,28,28,compact:L1R0W0-L1R0W0-L1R0W0-L1R0W0-L1R0W0-L1R0W0-L1R0W0-L1R0W0-L1R0W0-L1R0W0-L1R0W0-L1R0W0-L1R0W0-L1R0W0-L1R0W0-L1R0W0-L1R0W0-L1R0W0-L1R0W0-L1R0W0-L1R0W0-L1R0W0-L1R0W0-L1R0W0-L1R0W0-L1R0W0-L1R0W0-L1R0W0,compact:L1R0W0-L1R0W0-L1R0W0-L1R0W0-L1R0W0-L1R0W0-L1R0W0-L1R0W0-L1R0W0-L1R0W0-L1R0W0-L1R0W0-L1R0W0-L1R0W0-L1R0W0-L1R0W0-L1R0W0-L1R0W0-L1R0W0-L1R0W0-L1R0W0-L1R0W0-L1R0W0-L1R0W0-L1R0W0-L1R0W0-L1R0W0-L1R0W0,,,split,optimized,2,3,2,7727.108598500001,7727.108598500001,7719.123295,7735.0939020000005,7.9853035000001,2379.174777,85.9298505,5262.003971,,,custom:libsad_search_7259903b8346c4.so,/home/rzzhang/sad_merged/sad/build/libsad_search_7259903b8346c4.so
2026-08-20T20:06:01.370898+00:00,20260820T190931,joint:rzz-hea:16:f22328efc47f306e,ok,,rzz-hea,16,8,float64,42,128,2,128,2,2,1.0,rotation,rotation,16,16,compact:L1R0W0-L1R0W0-L1R0W0-L1R0W0-L1R0W0-L1R0W0-L1R0W0-L1R0W0-L1R0W0-L1R0W0-L1R0W0-L1R0W0-L1R0W0-L1R0W0-L1R0W0-L1R0W0,compact:L1R0W0-L1R0W0-L1R0W0-L1R0W0-L1R0W0-L1R0W0-L1R0W0-L1R0W0-L1R0W0-L1R0W0-L1R0W0-L1R0W0-L1R0W0-L1R0W0-L1R0W0-L1R0W0,,,split,optimized,5,3,5,2.0818809999999996,2.08194,2.08079,2.082831,0.0007571821445332751,0.764463,0.0193518,1.2981252,,,custom:libsad_search_d02bea87aa5c56.so,/home/rzzhang/sad_merged/sad/build/libsad_search_d02bea87aa5c56.so
2026-08-20T20:06:01.406126+00:00,20260820T190931,joint:rzz-hea:12:4c9762a4076e44bf,ok,,rzz-hea,12,8,float64,42,64,2,64,2,1,0.0,rotation,rotation,2,2,compact:L5R1W0-L5R1W0,compact:L5R1W0-L5R1W0,,,merged,optimized,10,3,10,0.44242099999999995,0.4425535,0.440211,0.445537,0.0013981335594284285,0.1436257,0.018901700000000004,0.2800261,,,custom:libsad_search_7e5293342e215a.so,/home/rzzhang/sad_merged/sad/build/libsad_search_7e5293342e215a.so
2026-08-20T20:06:01.425943+00:00,20260820T190931,joint:rzz-hea:10:73f1675dc3ddaf18,ok,,rzz-hea,10,8,float64,42,32,2,32,2,2,0.0,rotation,rotation,2,2,compact:L5R0W0-L5R0W0,compact:L5R0W0-L5R0W0,,,split,optimized,10,3,10,0.43208549999999996,0.4321861,0.430921,0.434076,0.0009742381074460242,0.13752989999999998,0.0188597,0.2757965,,,custom:libsad_search_16d9d6cef53b3d.so,/home/rzzhang/sad_merged/sad/build/libsad_search_16d9d6cef53b3d.so
2026-08-20T20:06:01.445046+00:00,20260820T190931,joint:rzz-hea:28:3e995c87219d4f0b,ok,,rzz-hea,28,8,float64,42,32,2,128,2,1,1.0,rotation,rotation,28,28,compact:L1R0W0-L1R0W0-L1R0W0-L1R0W0-L1R0W0-L1R0W0-L1R0W0-L1R0W0-L1R0W0-L1R0W0-L1R0W0-L1R0W0-L1R0W0-L1R0W0-L1R0W0-L1R0W0-L1R0W0-L1R0W0-L1R0W0-L1R0W0-L1R0W0-L1R0W0-L1R0W0-L1R0W0-L1R0W0-L1R0W0-L1R0W0-L1R0W0,compact:L1R0W0-L1R0W0-L1R0W0-L1R0W0-L1R0W0-L1R0W0-L1R0W0-L1R0W0-L1R0W0-L1R0W0-L1R0W0-L1R0W0-L1R0W0-L1R0W0-L1R0W0-L1R0W0-L1R0W0-L1R0W0-L1R0W0-L1R0W0-L1R0W0-L1R0W0-L1R0W0-L1R0W0-L1R0W0-L1R0W0-L1R0W0-L1R0W0,,,merged,optimized,2,3,2,7630.128244,7630.128244,7620.268508,7639.987980000001,9.85973600000034,2213.154194,86.7315165,5330.2425335,,,custom:libsad_search_2a8327787a9aac.so,/home/rzzhang/sad_merged/sad/build/libsad_search_2a8327787a9aac.so
2026-08-20T20:06:39.641108+00:00,20260820T190931,joint:rzz-hea:16:d0ed7f18f5eb1745,ok,,rzz-hea,16,8,float64,42,32,2,128,2,2,0.25,rotation,rotation,6,6,compact:L3R0W0-L3R0W0-L3R0W0-L3R0W0-L2R0W0-L2R0W0,compact:L3R0W0-L3R0W0-L3R0W0-L3R0W0-L2R0W0-L2R0W0,,,merged,optimized,5,3,5,1.342399,1.342597,1.342382,1.3433430000000002,0.00037457442518152337,0.3474754,0.018883,0.9762386,,,custom:libsad_search_fce412939d20fb.so,/home/rzzhang/sad_merged/sad/build/libsad_search_fce412939d20fb.so
2026-08-20T20:06:39.669665+00:00,20260820T190931,joint:rzz-hea:20:c835326cd92c3133,ok,,rzz-hea,20,8,float64,42,64,2,64,2,1,0.25,rotation,rotation,7,7,compact:L3R0W0-L3R0W0-L3R0W0-L3R0W0-L3R0W0-L3R0W0-L2R0W0,compact:L3R0W0-L3R0W0-L3R0W0-L3R0W0-L3R0W0-L3R0W0-L2R0W0,,,split,optimized,5,3,5,7.718996000000001,7.6959716,7.562012,7.753754,0.06899338691381933,2.0598506,0.0994102,5.5367108,,,custom:libsad_search_7ec063ebc99501.so,/home/rzzhang/sad_merged/sad/build/libsad_search_7ec063ebc99501.so
2026-08-20T20:06:39.755744+00:00,20260820T190931,joint:rzz-hea:10:8755fc96a91353b0,ok,,rzz-hea,10,8,float64,42,32,2,32,2,2,0.5,rotation,rotation,6,6,compact:L2R0W0-L2R0W0-L2R0W0-L2R0W0-L1R0W0-L1R0W0,compact:L2R0W0-L2R0W0-L2R0W0-L2R0W0-L1R0W0-L1R0W0,,,split,optimized,10,3,10,0.6614605,0.6600066,0.6519119999999999,0.662513,0.0031289731925984977,0.24206190000000002,0.018988300000000003,0.39895640000000004,,,custom:libsad_search_16d9d6cef53b3d.so,/home/rzzhang/sad_merged/sad/build/libsad_search_16d9d6cef53b3d.so
2026-08-20T20:06:39.777714+00:00,20260820T190931,joint:rzz-hea:4:44682aa6d007dde9,ok,,rzz-hea,4,8,float64,42,32,2,32,2,1,0.75,rotation,rotation,3,3,compact:L2R0W0-L1R0W0-L1R0W0,compact:L2R0W0-L1R0W0-L1R0W0,,,split,optimized,20,3,20,0.29026450000000004,0.2907669,0.28757,0.29713500000000004,0.002762473255979153,0.10512665000000002,0.018887150000000002,0.16675310000000002,,,custom:libsad_search_3cb67c7e18cc99.so,/home/rzzhang/sad_merged/sad/build/libsad_search_3cb67c7e18cc99.so
2026-08-20T20:06:39.798667+00:00,20260820T190931,joint:rzz-hea:14:7eb8cd9f971bd6eb,ok,,rzz-hea,14,8,float64,42,128,2,128,2,1,0.25,rotation,rotation,5,5,compact:L3R0W0-L3R0W0-L3R0W0-L3R0W0-L2R0W0,compact:L3R0W0-L3R0W0-L3R0W0-L3R0W0-L2R0W0,,,merged,optimized,10,3,10,0.864174,0.8637976999999999,0.8593850000000001,0.8652970000000001,0.0016899607125610845,0.2966772,0.0190786,0.5480419000000001,,,custom:libsad_search_8fbfac92ec4bef.so,/home/rzzhang/sad_merged/sad/build/libsad_search_8fbfac92ec4bef.so
2026-08-20T20:06:39.823049+00:00,20260820T190931,joint:rzz-hea:26:31fcbf5ba3bc6385,ok,,rzz-hea,26,8,float64,42,128,2,128,2,2,0.5,rotation,rotation,14,14,compact:L2R0W0-L2R0W0-L2R0W0-L2R0W0-L2R0W0-L2R0W0-L2R0W0-L2R0W0-L2R0W0-L2R0W0-L2R0W0-L2R0W0-L1R0W0-L1R0W0,compact:L2R0W0-L2R0W0-L2R0W0-L2R0W0-L2R0W0-L2R0W0-L2R0W0-L2R0W0-L2R0W0-L2R0W0-L2R0W0-L2R0W0-L1R0W0-L1R0W0,,,split,optimized,2,3,2,1067.7029365,1067.7029365,1066.6437310000001,1068.762142,1.0592054999999618,335.4458125,10.2237275,722.0333965000001,,,custom:libsad_search_d02bea87aa5c56.so,/home/rzzhang/sad_merged/sad/build/libsad_search_d02bea87aa5c56.so
2026-08-20T20:06:45.196549+00:00,20260820T190931,joint:rzz-hea:20:83f886c3168c12f4,ok,,rzz-hea,20,8,float64,42,32,2,128,2,2,1.0,rotation,rotation,20,20,compact:L1R0W0-L1R0W0-L1R0W0-L1R0W0-L1R0W0-L1R0W0-L1R0W0-L1R0W0-L1R0W0-L1R0W0-L1R0W0-L1R0W0-L1R0W0-L1R0W0-L1R0W0-L1R0W0-L1R0W0-L1R0W0-L1R0W0-L1R0W0,compact:L1R0W0-L1R0W0-L1R0W0-L1R0W0-L1R0W0-L1R0W0-L1R0W0-L1R0W0-L1R0W0-L1R0W0-L1R0W0-L1R0W0-L1R0W0-L1R0W0-L1R0W0-L1R0W0-L1R0W0-L1R0W0-L1R0W0-L1R0W0,,,split,optimized,5,3,5,10.516492000000001,10.430018800000001,10.095715,10.529532000000001,0.16769990609347424,3.4746868,0.1010684,6.8542636,,,custom:libsad_search_2a0e4369743c84.so,/home/rzzhang/sad_merged/sad/build/libsad_search_2a0e4369743c84.so
2026-08-20T20:06:45.302041+00:00,20260820T190931,joint:rzz-hea:12:dd14fee731fee39e,ok,,rzz-hea,12,8,float64,42,64,2,64,2,2,0.5,rotation,rotation,7,7,compact:L2R0W0-L2R0W0-L2R0W0-L2R0W0-L2R0W0-L1R0W0-L1R0W0,compact:L2R0W0-L2R0W0-L2R0W0-L2R0W0-L2R0W0-L1R0W0-L1R0W0,,,split,optimized,10,3,10,0.806931,0.8072604999999999,0.805325,0.809687,0.0011005992231507558,0.295477,0.0190528,0.49273069999999997,,,custom:libsad_search_20c37ff249ec0a.so,/home/rzzhang/sad_merged/sad/build/libsad_search_20c37ff249ec0a.so
2026-08-20T20:06:45.321523+00:00,20260820T190931,joint:rzz-hea:20:88d4e608d5e1fd3f,ok,,rzz-hea,20,8,float64,42,32,2,32,2,2,1.0,rotation,rotation,20,20,compact:L1R0W0-L1R0W0-L1R0W0-L1R0W0-L1R0W0-L1R0W0-L1R0W0-L1R0W0-L1R0W0-L1R0W0-L1R0W0-L1R0W0-L1R0W0-L1R0W0-L1R0W0-L1R0W0-L1R0W0-L1R0W0-L1R0W0-L1R0W0,compact:L1R0W0-L1R0W0-L1R0W0-L1R0W0-L1R0W0-L1R0W0-L1R0W0-L1R0W0-L1R0W0-L1R0W0-L1R0W0-L1R0W0-L1R0W0-L1R0W0-L1R0W0-L1R0W0-L1R0W0-L1R0W0-L1R0W0-L1R0W0,,,split,optimized,5,3,5,9.597013,9.5965302,9.590583,9.599136000000001,0.0031220533883968265,3.3129397999999997,0.1009504,6.18264,,,custom:libsad_search_16d9d6cef53b3d.so,/home/rzzhang/sad_merged/sad/build/libsad_search_16d9d6cef53b3d.so
2026-08-20T20:06:45.407778+00:00,20260820T190931,joint:rzz-hea:28:1af7ee34a5daff8e,ok,,rzz-hea,28,8,float64,42,128,2,32,2,1,1.0,rotation,rotation,28,28,compact:L1R0W0-L1R0W0-L1R0W0-L1R0W0-L1R0W0-L1R0W0-L1R0W0-L1R0W0-L1R0W0-L1R0W0-L1R0W0-L1R0W0-L1R0W0-L1R0W0-L1R0W0-L1R0W0-L1R0W0-L1R0W0-L1R0W0-L1R0W0-L1R0W0-L1R0W0-L1R0W0-L1R0W0-L1R0W0-L1R0W0-L1R0W0-L1R0W0,compact:L1R0W0-L1R0W0-L1R0W0-L1R0W0-L1R0W0-L1R0W0-L1R0W0-L1R0W0-L1R0W0-L1R0W0-L1R0W0-L1R0W0-L1R0W0-L1R0W0-L1R0W0-L1R0W0-L1R0W0-L1R0W0-L1R0W0-L1R0W0-L1R0W0-L1R0W0-L1R0W0-L1R0W0-L1R0W0-L1R0W0-L1R0W0-L1R0W0,,,merged,optimized,2,3,2,7621.200785000001,7621.200785000001,7616.660971,7625.740599000001,4.539814000000206,2199.4019865,85.3152855,5336.483513,,,custom:libsad_search_5851e15f736f52.so,/home/rzzhang/sad_merged/sad/build/libsad_search_5851e15f736f52.so
2026-08-20T20:07:23.567900+00:00,20260820T190931,joint:rzz-hea:28:2e098ac79e7c7b48,ok,,rzz-hea,28,8,float64,42,32,2,128,2,2,0.5,rotation,rotation,16,16,compact:L2R0W0-L2R0W0-L2R0W0-L2R0W0-L2R0W0-L2R0W0-L2R0W0-L2R0W0-L2R0W0-L2R0W0-L2R0W0-L2R0W0-L1R0W0-L1R0W0-L1R0W0-L1R0W0,compact:L2R0W0-L2R0W0-L2R0W0-L2R0W0-L2R0W0-L2R0W0-L2R0W0-L2R0W0-L2R0W0-L2R0W0-L2R0W0-L2R0W0-L1R0W0-L1R0W0-L1R0W0-L1R0W0,,,merged,optimized,2,3,2,4784.7932265,4784.7932265,4781.283376,4788.3030770000005,3.509850500000084,1347.3383944999998,84.8396635,3352.6151685,,,custom:libsad_search_fce412939d20fb.so,/home/rzzhang/sad_merged/sad/build/libsad_search_fce412939d20fb.so
2026-08-20T20:07:47.529938+00:00,20260820T190931,joint:rzz-hea:10:b96f1de9d0b9b1f1,ok,,rzz-hea,10,8,float64,42,128,2,32,2,1,0.75,rotation,rotation,8,8,compact:L2R0W0-L2R0W0-L1R0W0-L1R0W0-L1R0W0-L1R0W0-L1R0W0-L1R0W0,compact:L2R0W0-L2R0W0-L1R0W0-L1R0W0-L1R0W0-L1R0W0-L1R0W0-L1R0W0,,,merged,optimized,10,3,10,0.7746225,0.774716,0.7721189999999999,0.7790239999999999,0.001839763463057141,0.3393354,0.018981,0.4163996,,,custom:libsad_search_5851e15f736f52.so,/home/rzzhang/sad_merged/sad/build/libsad_search_5851e15f736f52.so
2026-08-20T20:07:47.553897+00:00,20260820T190931,joint:rzz-hea:24:5c1a8a47420c3c0f,ok,,rzz-hea,24,8,float64,42,128,2,32,2,2,1.0,rotation,rotation,24,24,compact:L1R0W0-L1R0W0-L1R0W0-L1R0W0-L1R0W0-L1R0W0-L1R0W0-L1R0W0-L1R0W0-L1R0W0-L1R0W0-L1R0W0-L1R0W0-L1R0W0-L1R0W0-L1R0W0-L1R0W0-L1R0W0-L1R0W0-L1R0W0-L1R0W0-L1R0W0-L1R0W0-L1R0W0,compact:L1R0W0-L1R0W0-L1R0W0-L1R0W0-L1R0W0-L1R0W0-L1R0W0-L1R0W0-L1R0W0-L1R0W0-L1R0W0-L1R0W0-L1R0W0-L1R0W0-L1R0W0-L1R0W0-L1R0W0-L1R0W0-L1R0W0-L1R0W0-L1R0W0-L1R0W0-L1R0W0-L1R0W0,,,split,optimized,3,3,3,421.531009,421.71629233333334,420.179872,423.43799600000006,1.3365603702670146,131.2117066666667,1.7758786666666668,288.72870700000004,,,custom:libsad_search_3b115211f38255.so,/home/rzzhang/sad_merged/sad/build/libsad_search_3b115211f38255.so
2026-08-20T20:07:50.129538+00:00,20260820T190931,joint:rzz-hea:4:e97f7b29176467bb,ok,,rzz-hea,4,8,float64,42,128,2,128,2,2,0.75,rotation,rotation,3,3,compact:L2R0W0-L1R0W0-L1R0W0,compact:L2R0W0-L1R0W0-L1R0W0,,,merged,optimized,20,3,20,0.289766,0.28922495000000004,0.281945,0.291259,0.00205716053031843,0.08766285,0.0188171,0.182745,,,custom:libsad_search_b969ada61d8a74.so,/home/rzzhang/sad_merged/sad/build/libsad_search_b969ada61d8a74.so
2026-08-20T20:07:50.147743+00:00,20260820T190931,joint:rzz-hea:26:58f1310e9ab18eb8,ok,,rzz-hea,26,8,float64,42,32,2,128,2,1,1.0,rotation,rotation,26,26,compact:L1R0W0-L1R0W0-L1R0W0-L1R0W0-L1R0W0-L1R0W0-L1R0W0-L1R0W0-L1R0W0-L1R0W0-L1R0W0-L1R0W0-L1R0W0-L1R0W0-L1R0W0-L1R0W0-L1R0W0-L1R0W0-L1R0W0-L1R0W0-L1R0W0-L1R0W0-L1R0W0-L1R0W0-L1R0W0-L1R0W0,compact:L1R0W0-L1R0W0-L1R0W0-L1R0W0-L1R0W0-L1R0W0-L1R0W0-L1R0W0-L1R0W0-L1R0W0-L1R0W0-L1R0W0-L1R0W0-L1R0W0-L1R0W0-L1R0W0-L1R0W0-L1R0W0-L1R0W0-L1R0W0-L1R0W0-L1R0W0-L1R0W0-L1R0W0-L1R0W0-L1R0W0,,,split,optimized,2,3,2,1789.344712,1789.344712,1788.564989,1790.1244350000002,0.7797230000001036,562.3311799999999,10.155602,1216.85793,,,custom:libsad_search_0e4f539ceca897.so,/home/rzzhang/sad_merged/sad/build/libsad_search_0e4f539ceca897.so
2026-08-20T20:07:59.114383+00:00,20260820T190931,joint:rzz-hea:22:2b864f75483e6bc9,ok,,rzz-hea,22,8,float64,42,128,2,32,2,1,0.5,rotation,rotation,12,13,compact:L2R0W0-L2R0W0-L2R0W0-L2R0W0-L2R0W0-L2R0W0-L2R0W0-L2R0W0-L2R0W0-L2R0W0-L1R0W0-L1R0W0,compact:L2R0W0-L2R0W0-L2R0W0-L2R0W0-L2R0W0-L2R0W0-L2R0W0-L2R0W0-L2R0W0-L1R0W0-L1R0W0-L1R0W0-L1R0W0,,,split,optimized,3,3,3,52.513073,52.411701666666666,52.184455,52.537577,0.16099875183229026,9.478259666666668,0.4249026666666667,42.50853933333334,,,custom:libsad_search_7259903b8346c4.so,/home/rzzhang/sad_merged/sad/build/libsad_search_7259903b8346c4.so
2026-08-20T20:07:59.451426+00:00,20260820T190931,joint:rzz-hea:12:2e01976993b47f95,ok,,rzz-hea,12,8,float64,42,128,2,128,2,1,1.0,rotation,rotation,12,12,compact:L1R0W0-L1R0W0-L1R0W0-L1R0W0-L1R0W0-L1R0W0-L1R0W0-L1R0W0-L1R0W0-L1R0W0-L1R0W0-L1R0W0,compact:L1R0W0-L1R0W0-L1R0W0-L1R0W0-L1R0W0-L1R0W0-L1R0W0-L1R0W0-L1R0W0-L1R0W0-L1R0W0-L1R0W0,,,merged,optimized,10,3,10,1.3050875,1.3313552,1.2767490000000001,1.401983,0.05716678517426005,0.5391402,0.0186229,0.7735921,,,custom:libsad_search_8fbfac92ec4bef.so,/home/rzzhang/sad_merged/sad/build/libsad_search_8fbfac92ec4bef.so
2026-08-20T20:07:59.478048+00:00,20260820T190931,joint:rzz-hea:12:cc536c071a36f6c1,ok,,rzz-hea,12,8,float64,42,64,2,64,2,2,0.25,rotation,rotation,4,4,compact:L3R0W0-L3R0W0-L3R0W0-L3R0W0,compact:L3R0W0-L3R0W0-L3R0W0-L3R0W0,,,split,optimized,10,3,10,0.6328235,0.6357958,0.6254099999999999,0.6605280000000001,0.012862682712404934,0.2150863,0.0187619,0.4019476,,,custom:libsad_search_20c37ff249ec0a.so,/home/rzzhang/sad_merged/sad/build/libsad_search_20c37ff249ec0a.so
2026-08-20T20:07:59.494796+00:00,20260820T190931,joint:rzz-hea:6:9b7785c561f19982,ok,,rzz-hea,6,8,float64,42,128,2,32,2,2,0.25,rotation,rotation,2,2,compact:L3R0W0-L3R0W0,compact:L3R0W0-L3R0W0,,,merged,optimized,20,3,20,0.26309099999999996,0.26425605,0.261609,0.271399,0.0030192290982136464,0.0873005,0.0187331,0.15822245000000001,,,custom:libsad_search_d014591f51543a.so,/home/rzzhang/sad_merged/sad/build/libsad_search_d014591f51543a.so
2026-08-20T20:07:59.508605+00:00,20260820T190931,joint:rzz-hea:4:6455afe65b0157d0,ok,,rzz-hea,4,8,float64,42,32,2,128,2,1,0.0,rotation,rotation,1,1,compact:L4R0W0,compact:L4R0W0,,,split,optimized,20,3,20,0.2478765,0.24807435,0.246781,0.24899600000000002,0.0006356546448347576,0.07066025000000001,0.018825,0.1585891,,,custom:libsad_search_0e4f539ceca897.so,/home/rzzhang/sad_merged/sad/build/libsad_search_0e4f539ceca897.so
2026-08-20T20:07:59.521821+00:00,20260820T190931,joint:rzz-hea:4:6882eed43e1dfefc,ok,,rzz-hea,4,8,float64,42,32,2,128,2,1,0.25,rotation,rotation,2,2,compact:L2R0W0-L2R0W0,compact:L2R0W0-L2R0W0,,,split,optimized,20,3,20,0.2845535,0.2840696,0.282549,0.28558300000000003,0.0008619494416727743,0.08751165,0.01865755,0.17790040000000001,,,custom:libsad_search_0e4f539ceca897.so,/home/rzzhang/sad_merged/sad/build/libsad_search_0e4f539ceca897.so
2026-08-20T20:07:59.536525+00:00,20260820T190931,joint:rzz-hea:20:511d3e9e5f7676df,ok,,rzz-hea,20,8,float64,42,64,2,64,2,1,0.25,rotation,rotation,7,7,compact:L3R0W0-L3R0W0-L3R0W0-L3R0W0-L3R0W0-L3R0W0-L2R0W0,compact:L3R0W0-L3R0W0-L3R0W0-L3R0W0-L3R0W0-L3R0W0-L2R0W0,,,merged,optimized,5,3,5,7.841664999999999,7.844057000000001,7.839952000000001,7.853324,0.004797119885931276,1.7749098,0.0961184,5.973028800000001,,,custom:libsad_search_7e5293342e215a.so,/home/rzzhang/sad_merged/sad/build/libsad_search_7e5293342e215a.so
2026-08-20T20:07:59.608948+00:00,20260820T190931,joint:rzz-hea:26:e6b4157ac19cd594,ok,,rzz-hea,26,8,float64,42,128,2,128,2,2,0.75,rotation,rotation,20,20,compact:L2R0W0-L2R0W0-L2R0W0-L2R0W0-L2R0W0-L2R0W0-L1R0W0-L1R0W0-L1R0W0-L1R0W0-L1R0W0-L1R0W0-L1R0W0-L1R0W0-L1R0W0-L1R0W0-L1R0W0-L1R0W0-L1R0W0-L1R0W0,compact:L2R0W0-L2R0W0-L2R0W0-L2R0W0-L2R0W0-L2R0W0-L1R0W0-L1R0W0-L1R0W0-L1R0W0-L1R0W0-L1R0W0-L1R0W0-L1R0W0-L1R0W0-L1R0W0-L1R0W0-L1R0W0-L1R0W0-L1R0W0,,,merged,optimized,2,3,2,1416.009302,1416.009302,1415.627183,1416.391421,0.3821189999999888,404.88064850000006,10.202921,1000.9257324999999,,,custom:libsad_search_b969ada61d8a74.so,/home/rzzhang/sad_merged/sad/build/libsad_search_b969ada61d8a74.so
2026-08-20T20:08:06.707120+00:00,20260820T190931,joint:rzz-hea:6:2d866f90de65c439,ok,,rzz-hea,6,8,float64,42,32,2,128,2,1,0.75,rotation,rotation,5,5,compact:L2R0W0-L1R0W0-L1R0W0-L1R0W0-L1R0W0,compact:L2R0W0-L1R0W0-L1R0W0-L1R0W0-L1R0W0,,,split,optimized,20,3,20,0.5027805000000001,0.49704499999999996,0.472876,0.5081289999999999,0.012083507019901133,0.16616585,0.01874795,0.3121312,,,custom:libsad_search_0e4f539ceca897.so,/home/rzzhang/sad_merged/sad/build/libsad_search_0e4f539ceca897.so
2026-08-20T20:08:06.732596+00:00,20260820T190931,joint:rzz-hea:24:a290470dfb30d4dc,ok,,rzz-hea,24,8,float64,42,32,2,128,2,2,0.25,rotation,rotation,9,8,compact:L3R0W0-L3R0W0-L3R0W0-L3R0W0-L3R0W0-L3R0W0-L2R0W0-L2R0W0-L2R0W0,compact:L3R0W0-L3R0W0-L3R0W0-L3R0W0-L3R0W0-L3R0W0-L3R0W0-L3R0W0,,,merged,optimized,3,3,3,175.590699,176.55805166666664,175.442136,178.64131999999998,1.4743411981275532,48.899801333333336,1.96833,125.68992033333335,,,custom:libsad_search_fce412939d20fb.so,/home/rzzhang/sad_merged/sad/build/libsad_search_fce412939d20fb.so
2026-08-20T20:08:07.812788+00:00,20260820T190931,joint:rzz-hea:6:c3af2101fea0dde9,ok,,rzz-hea,6,8,float64,42,128,2,32,2,1,0.0,legacy,legacy,0,0,,,,,not_applicable,legacy-generic,20,3,20,0.3015015,0.30013290000000004,0.285682,0.31527,0.012437440998453024,0.10630655,0.01880885,0.1750175,,,custom:libsad_search_eaf59e83158800.so,/home/rzzhang/sad_merged/sad/build/libsad_search_eaf59e83158800.so
2026-08-20T20:08:07.831037+00:00,20260820T190931,joint:rzz-hea:8:b5c9c5314b31ec27,ok,,rzz-hea,8,8,float64,42,32,2,128,2,2,0.75,rotation,rotation,6,6,compact:L2R0W0-L2R0W0-L1R0W0-L1R0W0-L1R0W0-L1R0W0,compact:L2R0W0-L2R0W0-L1R0W0-L1R0W0-L1R0W0-L1R0W0,,,split,optimized,20,3,20,0.6399815,0.6430479,0.628606,0.658329,0.012776348304190834,0.21757055000000003,0.018722350000000002,0.406755,,,custom:libsad_search_2a0e4369743c84.so,/home/rzzhang/sad_merged/sad/build/libsad_search_2a0e4369743c84.so
2026-08-20T20:08:07.854409+00:00,20260820T190931,joint:rzz-hea:12:5133f2c29ee4b5cd,ok,,rzz-hea,12,8,float64,42,64,2,64,2,1,1.0,rotation,rotation,12,12,compact:L1R0W0-L1R0W0-L1R0W0-L1R0W0-L1R0W0-L1R0W0-L1R0W0-L1R0W0-L1R0W0-L1R0W0-L1R0W0-L1R0W0,compact:L1R0W0-L1R0W0-L1R0W0-L1R0W0-L1R0W0-L1R0W0-L1R0W0-L1R0W0-L1R0W0-L1R0W0-L1R0W0-L1R0W0,,,split,optimized,10,3,10,1.1048485000000001,1.1045459,1.101783,1.106889,0.0015116966924618432,0.4364644,0.018981500000000002,0.6491,,,custom:libsad_search_7ec063ebc99501.so,/home/rzzhang/sad_merged/sad/build/libsad_search_7ec063ebc99501.so
2026-08-20T20:08:07.877016+00:00,20260820T190931,joint:rzz-hea:12:1f085c06f9f39d53,ok,,rzz-hea,12,8,float64,42,128,2,32,2,1,0.0,rotation,rotation,2,2,compact:L5R1W0-L5R1W0,compact:L5R1W0-L5R1W0,,,split,optimized,10,3,10,0.4976695,0.4979341,0.496465,0.499538,0.0008241442167485039,0.1707678,0.0189623,0.308204,,,custom:libsad_search_7259903b8346c4.so,/home/rzzhang/sad_merged/sad/build/libsad_search_7259903b8346c4.so
2026-08-20T20:08:07.892072+00:00,20260820T190931,joint:rzz-hea:14:d67d906a8c57801c,ok,,rzz-hea,14,8,float64,42,64,2,64,2,2,1.0,rotation,rotation,14,14,compact:L1R0W0-L1R0W0-L1R0W0-L1R0W0-L1R0W0-L1R0W0-L1R0W0-L1R0W0-L1R0W0-L1R0W0-L1R0W0-L1R0W0-L1R0W0-L1R0W0,compact:L1R0W0-L1R0W0-L1R0W0-L1R0W0-L1R0W0-L1R0W0-L1R0W0-L1R0W0-L1R0W0-L1R0W0-L1R0W0-L1R0W0-L1R0W0-L1R0W0,,,merged,optimized,10,3,10,1.3203445,1.3341364,1.317056,1.454873,0.04034194471564307,0.5415884,0.0319169,0.7606311,,,custom:libsad_search_97eec9f2a848ec.so,/home/rzzhang/sad_merged/sad/build/libsad_search_97eec9f2a848ec.so
2026-08-20T20:08:07.918176+00:00,20260820T190931,joint:rzz-hea:4:3d12210d14a17185,ok,,rzz-hea,4,8,float64,42,128,2,128,2,2,0.5,rotation,rotation,2,2,compact:L2R0W0-L2R0W0,compact:L2R0W0-L2R0W0,,,split,optimized,20,3,20,0.2913105,0.29139345000000005,0.289704,0.294578,0.0012701215876836308,0.0939594,0.0188183,0.17861575000000002,,,custom:libsad_search_d02bea87aa5c56.so,/home/rzzhang/sad_merged/sad/build/libsad_search_d02bea87aa5c56.so
2026-08-20T20:08:07.933094+00:00,20260820T190931,joint:rzz-hea:8:e598fd23aefc6f87,ok,,rzz-hea,8,8,float64,42,32,2,32,2,2,1.0,rotation,rotation,8,8,compact:L1R0W0-L1R0W0-L1R0W0-L1R0W0-L1R0W0-L1R0W0-L1R0W0-L1R0W0,compact:L1R0W0-L1R0W0-L1R0W0-L1R0W0-L1R0W0-L1R0W0-L1R0W0-L1R0W0,,,merged,optimized,20,3,20,0.6172925,0.6184870499999999,0.6136670000000001,0.6240829999999999,0.003282308859248303,0.2528905,0.01906435,0.3465322,,,custom:libsad_search_dcff342f285260.so,/home/rzzhang/sad_merged/sad/build/libsad_search_dcff342f285260.so
2026-08-20T20:08:07.955701+00:00,20260820T190931,joint:rzz-hea:28:5a08e29c0954836d,ok,,rzz-hea,28,8,float64,42,128,2,128,2,1,0.5,rotation,rotation,16,16,compact:L2R0W0-L2R0W0-L2R0W0-L2R0W0-L2R0W0-L2R0W0-L2R0W0-L2R0W0-L2R0W0-L2R0W0-L2R0W0-L2R0W0-L1R0W0-L1R0W0-L1R0W0-L1R0W0,compact:L2R0W0-L2R0W0-L2R0W0-L2R0W0-L2R0W0-L2R0W0-L2R0W0-L2R0W0-L2R0W0-L2R0W0-L2R0W0-L2R0W0-L1R0W0-L1R0W0-L1R0W0-L1R0W0,,,split,optimized,2,3,2,4829.0996335,4829.0996335,4827.687011,4830.512256,1.4126224999999977,1486.393247,87.90123899999999,3254.8051474999997,,,custom:libsad_search_9361435758c99d.so,/home/rzzhang/sad_merged/sad/build/libsad_search_9361435758c99d.so
