circuit,qubits,layers,variant,execution_mode,shape,sample,forward_ms,hamiltonian_ms,backward_ms,total_ms,energy,energy_abs_error,gradient_max_abs_error,gradient_l2_error,correct,library,compile_flags
ra-hea,26,8,complex-split,optimized,f64r4_b64r4,0,110.453018,10.07071,331.106547,451.630275,-0.1413459554188984,8.326672684688674e-17,2.498001805406602e-16,5.968441180768495e-16,1,libsad_fusion_f64r4_b64r4_complex_split_66498fcdfe.so,"[""-DSAD_FORWARD_BLOCK_THREADS=64"", ""-DSAD_FORWARD_REGISTER_BITS=4"", ""-DSAD_BLOCK_THREADS=64"", ""-DSAD_REGISTER_BITS=4"", ""-DSAD_REAL_AMPLITUDE=0"", ""-DSAD_RA_FORWARD_FUSED=0"", ""-DSAD_RA_BACKWARD_FUSED=0""]"
ra-hea,26,8,complex-split,optimized,f64r4_b64r4,1,111.730598,10.068498,331.279391,453.078487,-0.1413459554188984,8.326672684688674e-17,2.498001805406602e-16,5.968441180768495e-16,1,libsad_fusion_f64r4_b64r4_complex_split_66498fcdfe.so,"[""-DSAD_FORWARD_BLOCK_THREADS=64"", ""-DSAD_FORWARD_REGISTER_BITS=4"", ""-DSAD_BLOCK_THREADS=64"", ""-DSAD_REGISTER_BITS=4"", ""-DSAD_REAL_AMPLITUDE=0"", ""-DSAD_RA_FORWARD_FUSED=0"", ""-DSAD_RA_BACKWARD_FUSED=0""]"
ra-hea,26,8,complex-split,optimized,f64r4_b64r4,2,111.926787,10.060841,332.95212200000003,454.93975,-0.1413459554188984,8.326672684688674e-17,2.498001805406602e-16,5.968441180768495e-16,1,libsad_fusion_f64r4_b64r4_complex_split_66498fcdfe.so,"[""-DSAD_FORWARD_BLOCK_THREADS=64"", ""-DSAD_FORWARD_REGISTER_BITS=4"", ""-DSAD_BLOCK_THREADS=64"", ""-DSAD_REGISTER_BITS=4"", ""-DSAD_REAL_AMPLITUDE=0"", ""-DSAD_RA_FORWARD_FUSED=0"", ""-DSAD_RA_BACKWARD_FUSED=0""]"
ra-hea,26,8,complex-fused-both,optimized,f64r4_b64r4,0,99.45686300000001,10.044205999999999,292.61427699999996,402.115346,-0.14134595541889836,1.3877787807814457e-16,1.3877787807814457e-16,5.790383876297689e-16,1,libsad_fusion_f64r4_b64r4_complex_fused_both_eecac02710.so,"[""-DSAD_FORWARD_BLOCK_THREADS=64"", ""-DSAD_FORWARD_REGISTER_BITS=4"", ""-DSAD_BLOCK_THREADS=64"", ""-DSAD_REGISTER_BITS=4"", ""-DSAD_REAL_AMPLITUDE=0"", ""-DSAD_RA_FORWARD_FUSED=1"", ""-DSAD_RA_BACKWARD_FUSED=1""]"
ra-hea,26,8,complex-fused-both,optimized,f64r4_b64r4,1,100.56324799999999,10.125006,293.105343,403.793597,-0.14134595541889836,1.3877787807814457e-16,1.3877787807814457e-16,5.790383876297689e-16,1,libsad_fusion_f64r4_b64r4_complex_fused_both_eecac02710.so,"[""-DSAD_FORWARD_BLOCK_THREADS=64"", ""-DSAD_FORWARD_REGISTER_BITS=4"", ""-DSAD_BLOCK_THREADS=64"", ""-DSAD_REGISTER_BITS=4"", ""-DSAD_REAL_AMPLITUDE=0"", ""-DSAD_RA_FORWARD_FUSED=1"", ""-DSAD_RA_BACKWARD_FUSED=1""]"
ra-hea,26,8,complex-fused-both,optimized,f64r4_b64r4,2,99.88097499999999,10.082798,296.43431300000003,406.398086,-0.14134595541889836,1.3877787807814457e-16,1.3877787807814457e-16,5.790383876297689e-16,1,libsad_fusion_f64r4_b64r4_complex_fused_both_eecac02710.so,"[""-DSAD_FORWARD_BLOCK_THREADS=64"", ""-DSAD_FORWARD_REGISTER_BITS=4"", ""-DSAD_BLOCK_THREADS=64"", ""-DSAD_REGISTER_BITS=4"", ""-DSAD_REAL_AMPLITUDE=0"", ""-DSAD_RA_FORWARD_FUSED=1"", ""-DSAD_RA_BACKWARD_FUSED=1""]"
su2-hea,26,8,lookup-forward_lookup-backward,optimized,f128r3_b64r4,0,106.97977999999999,10.445995,405.33482799999996,522.760603,-0.1511870061483651,1.1102230246251565e-16,1.7763568394002505e-15,3.881284217753442e-15,1,libsad_fusion_f128r3_b64r4_lookup_forward_lookup_backward_7b8f8fcfcf.so,"[""-DSAD_FORWARD_BLOCK_THREADS=128"", ""-DSAD_FORWARD_REGISTER_BITS=3"", ""-DSAD_BLOCK_THREADS=64"", ""-DSAD_REGISTER_BITS=4"", ""-DSAD_SU2_FORWARD_STRATEGY=1"", ""-DSAD_SU2_BACKWARD_STRATEGY=1""]"
su2-hea,26,8,lookup-forward_lookup-backward,optimized,f128r3_b64r4,1,107.880015,10.231393,405.71686,523.8282680000001,-0.1511870061483651,1.1102230246251565e-16,1.7763568394002505e-15,3.881284217753442e-15,1,libsad_fusion_f128r3_b64r4_lookup_forward_lookup_backward_7b8f8fcfcf.so,"[""-DSAD_FORWARD_BLOCK_THREADS=128"", ""-DSAD_FORWARD_REGISTER_BITS=3"", ""-DSAD_BLOCK_THREADS=64"", ""-DSAD_REGISTER_BITS=4"", ""-DSAD_SU2_FORWARD_STRATEGY=1"", ""-DSAD_SU2_BACKWARD_STRATEGY=1""]"
su2-hea,26,8,lookup-forward_lookup-backward,optimized,f128r3_b64r4,2,109.277522,10.212876,405.60762500000004,525.098023,-0.1511870061483651,1.1102230246251565e-16,1.7763568394002505e-15,3.881284217753442e-15,1,libsad_fusion_f128r3_b64r4_lookup_forward_lookup_backward_7b8f8fcfcf.so,"[""-DSAD_FORWARD_BLOCK_THREADS=128"", ""-DSAD_FORWARD_REGISTER_BITS=3"", ""-DSAD_BLOCK_THREADS=64"", ""-DSAD_REGISTER_BITS=4"", ""-DSAD_SU2_FORWARD_STRATEGY=1"", ""-DSAD_SU2_BACKWARD_STRATEGY=1""]"
rzz-hea,20,8,fused-forward_combined-backward,optimized,f128r2_b128r2,0,1.627038,0.10118100000000001,5.863377000000001,7.591596000000001,0.7166911626593797,1.6653345369377348e-15,2.7755575615628914e-15,8.74677306972267e-15,1,libsad_fusion_f128r2_b128r2_fused_forward_combined_backward_0245edac0c.so,"[""-DSAD_RZZ_FORWARD_FUSED=1"", ""-DSAD_RZZ_BACKWARD_STRATEGY=1""]"
rzz-hea,20,8,fused-forward_combined-backward,optimized,f128r2_b128r2,1,1.62915,0.09323,5.847159,7.569539,0.7166911626593797,1.6653345369377348e-15,2.7755575615628914e-15,8.74677306972267e-15,1,libsad_fusion_f128r2_b128r2_fused_forward_combined_backward_0245edac0c.so,"[""-DSAD_RZZ_FORWARD_FUSED=1"", ""-DSAD_RZZ_BACKWARD_STRATEGY=1""]"
rzz-hea,20,8,fused-forward_combined-backward,optimized,f128r2_b128r2,2,1.622061,0.101256,5.846159,7.569476000000001,0.7166911626593797,1.6653345369377348e-15,2.7755575615628914e-15,8.74677306972267e-15,1,libsad_fusion_f128r2_b128r2_fused_forward_combined_backward_0245edac0c.so,"[""-DSAD_RZZ_FORWARD_FUSED=1"", ""-DSAD_RZZ_BACKWARD_STRATEGY=1""]"
ra-hea,26,8,complex-fused-backward,optimized,f64r4_b64r4,0,111.484268,10.233713999999999,294.30638999999996,416.02437199999997,-0.14134595541889844,5.551115123125783e-17,1.249000902703301e-16,5.734161614589525e-16,1,libsad_fusion_f64r4_b64r4_complex_fused_backward_dfc4d7af68.so,"[""-DSAD_FORWARD_BLOCK_THREADS=64"", ""-DSAD_FORWARD_REGISTER_BITS=4"", ""-DSAD_BLOCK_THREADS=64"", ""-DSAD_REGISTER_BITS=4"", ""-DSAD_REAL_AMPLITUDE=0"", ""-DSAD_RA_FORWARD_FUSED=0"", ""-DSAD_RA_BACKWARD_FUSED=1""]"
ra-hea,26,8,complex-fused-backward,optimized,f64r4_b64r4,1,111.985771,10.239757,294.440511,416.666039,-0.14134595541889844,5.551115123125783e-17,1.249000902703301e-16,5.734161614589525e-16,1,libsad_fusion_f64r4_b64r4_complex_fused_backward_dfc4d7af68.so,"[""-DSAD_FORWARD_BLOCK_THREADS=64"", ""-DSAD_FORWARD_REGISTER_BITS=4"", ""-DSAD_BLOCK_THREADS=64"", ""-DSAD_REGISTER_BITS=4"", ""-DSAD_REAL_AMPLITUDE=0"", ""-DSAD_RA_FORWARD_FUSED=0"", ""-DSAD_RA_BACKWARD_FUSED=1""]"
ra-hea,26,8,complex-fused-backward,optimized,f64r4_b64r4,2,112.399142,10.123001,290.89206299999995,413.414206,-0.14134595541889844,5.551115123125783e-17,1.249000902703301e-16,5.734161614589525e-16,1,libsad_fusion_f64r4_b64r4_complex_fused_backward_dfc4d7af68.so,"[""-DSAD_FORWARD_BLOCK_THREADS=64"", ""-DSAD_FORWARD_REGISTER_BITS=4"", ""-DSAD_BLOCK_THREADS=64"", ""-DSAD_REGISTER_BITS=4"", ""-DSAD_REAL_AMPLITUDE=0"", ""-DSAD_RA_FORWARD_FUSED=0"", ""-DSAD_RA_BACKWARD_FUSED=1""]"
su2-hea,20,8,split-forward_split-backward,optimized,f128r3_b64r4,0,1.546609,0.093776,4.794003,6.434388,-0.12535282831387853,1.1102230246251565e-16,1.249000902703301e-16,5.208981468848744e-16,1,libsad_fusion_f128r3_b64r4_split_forward_split_backward_4cfb67b4b9.so,"[""-DSAD_FORWARD_BLOCK_THREADS=128"", ""-DSAD_FORWARD_REGISTER_BITS=3"", ""-DSAD_BLOCK_THREADS=64"", ""-DSAD_REGISTER_BITS=4"", ""-DSAD_SU2_FORWARD_STRATEGY=0"", ""-DSAD_SU2_BACKWARD_STRATEGY=0""]"
su2-hea,20,8,split-forward_split-backward,optimized,f128r3_b64r4,1,1.684509,0.094,4.579998,6.358507,-0.12535282831387853,1.1102230246251565e-16,1.249000902703301e-16,5.208981468848744e-16,1,libsad_fusion_f128r3_b64r4_split_forward_split_backward_4cfb67b4b9.so,"[""-DSAD_FORWARD_BLOCK_THREADS=128"", ""-DSAD_FORWARD_REGISTER_BITS=3"", ""-DSAD_BLOCK_THREADS=64"", ""-DSAD_REGISTER_BITS=4"", ""-DSAD_SU2_FORWARD_STRATEGY=0"", ""-DSAD_SU2_BACKWARD_STRATEGY=0""]"
su2-hea,20,8,split-forward_split-backward,optimized,f128r3_b64r4,2,1.546432,0.09387,4.574479,6.214781,-0.12535282831387853,1.1102230246251565e-16,1.249000902703301e-16,5.208981468848744e-16,1,libsad_fusion_f128r3_b64r4_split_forward_split_backward_4cfb67b4b9.so,"[""-DSAD_FORWARD_BLOCK_THREADS=128"", ""-DSAD_FORWARD_REGISTER_BITS=3"", ""-DSAD_BLOCK_THREADS=64"", ""-DSAD_REGISTER_BITS=4"", ""-DSAD_SU2_FORWARD_STRATEGY=0"", ""-DSAD_SU2_BACKWARD_STRATEGY=0""]"
ra-hea,20,8,complex-fused-backward,optimized,f64r4_b64r4,0,1.430912,0.096529,4.02235,5.549791,0.03372766511438081,4.163336342344337e-17,3.0531133177191805e-16,5.705130785579914e-16,1,libsad_fusion_f64r4_b64r4_complex_fused_backward_dfc4d7af68.so,"[""-DSAD_FORWARD_BLOCK_THREADS=64"", ""-DSAD_FORWARD_REGISTER_BITS=4"", ""-DSAD_BLOCK_THREADS=64"", ""-DSAD_REGISTER_BITS=4"", ""-DSAD_REAL_AMPLITUDE=0"", ""-DSAD_RA_FORWARD_FUSED=0"", ""-DSAD_RA_BACKWARD_FUSED=1""]"
ra-hea,20,8,complex-fused-backward,optimized,f64r4_b64r4,1,1.430848,0.09380799999999999,4.014392,5.539048,0.03372766511438081,4.163336342344337e-17,3.0531133177191805e-16,5.705130785579914e-16,1,libsad_fusion_f64r4_b64r4_complex_fused_backward_dfc4d7af68.so,"[""-DSAD_FORWARD_BLOCK_THREADS=64"", ""-DSAD_FORWARD_REGISTER_BITS=4"", ""-DSAD_BLOCK_THREADS=64"", ""-DSAD_REGISTER_BITS=4"", ""-DSAD_REAL_AMPLITUDE=0"", ""-DSAD_RA_FORWARD_FUSED=0"", ""-DSAD_RA_BACKWARD_FUSED=1""]"
ra-hea,20,8,complex-fused-backward,optimized,f64r4_b64r4,2,1.4312509999999998,0.09418699999999999,4.021572,5.54701,0.03372766511438081,4.163336342344337e-17,3.0531133177191805e-16,5.705130785579914e-16,1,libsad_fusion_f64r4_b64r4_complex_fused_backward_dfc4d7af68.so,"[""-DSAD_FORWARD_BLOCK_THREADS=64"", ""-DSAD_FORWARD_REGISTER_BITS=4"", ""-DSAD_BLOCK_THREADS=64"", ""-DSAD_REGISTER_BITS=4"", ""-DSAD_REAL_AMPLITUDE=0"", ""-DSAD_RA_FORWARD_FUSED=0"", ""-DSAD_RA_BACKWARD_FUSED=1""]"
su2-hea,20,8,lookup-forward_phased-backward,optimized,f128r3_b64r4,0,1.418408,0.101235,7.539775000000001,9.059417999999999,-0.12535282831387848,5.551115123125783e-17,3.8424124992886277e-16,1.4288336115608303e-15,1,libsad_fusion_f128r3_b64r4_lookup_forward_phased_backward_2210ed799a.so,"[""-DSAD_FORWARD_BLOCK_THREADS=128"", ""-DSAD_FORWARD_REGISTER_BITS=3"", ""-DSAD_BLOCK_THREADS=64"", ""-DSAD_REGISTER_BITS=4"", ""-DSAD_SU2_FORWARD_STRATEGY=1"", ""-DSAD_SU2_BACKWARD_STRATEGY=2""]"
su2-hea,20,8,lookup-forward_phased-backward,optimized,f128r3_b64r4,1,1.417918,0.10172199999999999,7.538918000000001,9.058558000000001,-0.12535282831387848,5.551115123125783e-17,3.8424124992886277e-16,1.4288336115608303e-15,1,libsad_fusion_f128r3_b64r4_lookup_forward_phased_backward_2210ed799a.so,"[""-DSAD_FORWARD_BLOCK_THREADS=128"", ""-DSAD_FORWARD_REGISTER_BITS=3"", ""-DSAD_BLOCK_THREADS=64"", ""-DSAD_REGISTER_BITS=4"", ""-DSAD_SU2_FORWARD_STRATEGY=1"", ""-DSAD_SU2_BACKWARD_STRATEGY=2""]"
su2-hea,20,8,lookup-forward_phased-backward,optimized,f128r3_b64r4,2,1.4179869999999999,0.10142999999999999,7.546882,9.066299,-0.12535282831387848,5.551115123125783e-17,3.8424124992886277e-16,1.4288336115608303e-15,1,libsad_fusion_f128r3_b64r4_lookup_forward_phased_backward_2210ed799a.so,"[""-DSAD_FORWARD_BLOCK_THREADS=128"", ""-DSAD_FORWARD_REGISTER_BITS=3"", ""-DSAD_BLOCK_THREADS=64"", ""-DSAD_REGISTER_BITS=4"", ""-DSAD_SU2_FORWARD_STRATEGY=1"", ""-DSAD_SU2_BACKWARD_STRATEGY=2""]"
qaoa,20,8,fused-backward,optimized,f128r2_b128r2,0,1.390111,0.035496,3.801006,5.2266129999999995,-10.763304821885578,5.329070518200751e-15,4.440892098500626e-15,1.0450849607480623e-14,1,libsad_fusion_f128r2_b128r2_fused_backward_ce82b75948.so,"[""-DSAD_QAOA_FUSE_COST_RX=0"", ""-DSAD_QAOA_FUSED_BACKWARD=2""]"
qaoa,20,8,fused-backward,optimized,f128r2_b128r2,1,1.3880780000000001,0.035701000000000004,3.800916,5.224695,-10.763304821885578,5.329070518200751e-15,4.440892098500626e-15,1.0450849607480623e-14,1,libsad_fusion_f128r2_b128r2_fused_backward_ce82b75948.so,"[""-DSAD_QAOA_FUSE_COST_RX=0"", ""-DSAD_QAOA_FUSED_BACKWARD=2""]"
qaoa,20,8,fused-backward,optimized,f128r2_b128r2,2,1.387768,0.035741,3.80102,5.224529,-10.763304821885578,5.329070518200751e-15,4.440892098500626e-15,1.0450849607480623e-14,1,libsad_fusion_f128r2_b128r2_fused_backward_ce82b75948.so,"[""-DSAD_QAOA_FUSE_COST_RX=0"", ""-DSAD_QAOA_FUSED_BACKWARD=2""]"
su2-hea,24,8,phased-forward_split-backward,optimized,f128r3_b64r4,0,36.820616,1.686831,84.69502499999999,123.202472,-0.045394002210347575,5.551115123125783e-17,2.7755575615628914e-16,9.51828076330745e-16,1,libsad_fusion_f128r3_b64r4_phased_forward_split_backward_2a4d35d553.so,"[""-DSAD_FORWARD_BLOCK_THREADS=128"", ""-DSAD_FORWARD_REGISTER_BITS=3"", ""-DSAD_BLOCK_THREADS=64"", ""-DSAD_REGISTER_BITS=4"", ""-DSAD_SU2_FORWARD_STRATEGY=2"", ""-DSAD_SU2_BACKWARD_STRATEGY=0""]"
su2-hea,24,8,phased-forward_split-backward,optimized,f128r3_b64r4,1,38.562652,1.693088,84.67874,124.93448000000001,-0.045394002210347575,5.551115123125783e-17,2.7755575615628914e-16,9.51828076330745e-16,1,libsad_fusion_f128r3_b64r4_phased_forward_split_backward_2a4d35d553.so,"[""-DSAD_FORWARD_BLOCK_THREADS=128"", ""-DSAD_FORWARD_REGISTER_BITS=3"", ""-DSAD_BLOCK_THREADS=64"", ""-DSAD_REGISTER_BITS=4"", ""-DSAD_SU2_FORWARD_STRATEGY=2"", ""-DSAD_SU2_BACKWARD_STRATEGY=0""]"
su2-hea,24,8,phased-forward_split-backward,optimized,f128r3_b64r4,2,36.522131,1.703203,85.884976,124.11031,-0.045394002210347575,5.551115123125783e-17,2.7755575615628914e-16,9.51828076330745e-16,1,libsad_fusion_f128r3_b64r4_phased_forward_split_backward_2a4d35d553.so,"[""-DSAD_FORWARD_BLOCK_THREADS=128"", ""-DSAD_FORWARD_REGISTER_BITS=3"", ""-DSAD_BLOCK_THREADS=64"", ""-DSAD_REGISTER_BITS=4"", ""-DSAD_SU2_FORWARD_STRATEGY=2"", ""-DSAD_SU2_BACKWARD_STRATEGY=0""]"
su2-hea,26,8,phased-forward_phased-backward,optimized,f128r3_b64r4,0,156.43456799999998,10.06286,580.478693,746.976121,-0.15118700614836486,1.3877787807814457e-16,1.9845236565174673e-15,4.317074655462827e-15,1,libsad_fusion_f128r3_b64r4_phased_forward_phased_backward_4896db51e9.so,"[""-DSAD_FORWARD_BLOCK_THREADS=128"", ""-DSAD_FORWARD_REGISTER_BITS=3"", ""-DSAD_BLOCK_THREADS=64"", ""-DSAD_REGISTER_BITS=4"", ""-DSAD_SU2_FORWARD_STRATEGY=2"", ""-DSAD_SU2_BACKWARD_STRATEGY=2""]"
su2-hea,26,8,phased-forward_phased-backward,optimized,f128r3_b64r4,1,155.87399399999998,10.668805,607.543832,774.086631,-0.15118700614836486,1.3877787807814457e-16,1.9845236565174673e-15,4.317074655462827e-15,1,libsad_fusion_f128r3_b64r4_phased_forward_phased_backward_4896db51e9.so,"[""-DSAD_FORWARD_BLOCK_THREADS=128"", ""-DSAD_FORWARD_REGISTER_BITS=3"", ""-DSAD_BLOCK_THREADS=64"", ""-DSAD_REGISTER_BITS=4"", ""-DSAD_SU2_FORWARD_STRATEGY=2"", ""-DSAD_SU2_BACKWARD_STRATEGY=2""]"
su2-hea,26,8,phased-forward_phased-backward,optimized,f128r3_b64r4,2,168.77741600000002,10.720283,625.63864,805.136339,-0.15118700614836486,1.3877787807814457e-16,1.9845236565174673e-15,4.317074655462827e-15,1,libsad_fusion_f128r3_b64r4_phased_forward_phased_backward_4896db51e9.so,"[""-DSAD_FORWARD_BLOCK_THREADS=128"", ""-DSAD_FORWARD_REGISTER_BITS=3"", ""-DSAD_BLOCK_THREADS=64"", ""-DSAD_REGISTER_BITS=4"", ""-DSAD_SU2_FORWARD_STRATEGY=2"", ""-DSAD_SU2_BACKWARD_STRATEGY=2""]"
rzz-hea,26,8,split-forward_fused-backward,optimized,f64r4_b128r3,0,173.07387599999998,11.111305,487.94408,672.129261,2.3880453507405344,1.7763568394002505e-15,1.2656542480726785e-14,5.340999512136865e-14,1,libsad_fusion_f64r4_b128r3_split_forward_fused_backward_83bff5076d.so,"[""-DSAD_FORWARD_BLOCK_THREADS=64"", ""-DSAD_FORWARD_REGISTER_BITS=4"", ""-DSAD_BLOCK_THREADS=128"", ""-DSAD_REGISTER_BITS=3"", ""-DSAD_RZZ_FORWARD_FUSED=0"", ""-DSAD_RZZ_BACKWARD_STRATEGY=2""]"
rzz-hea,26,8,split-forward_fused-backward,optimized,f64r4_b128r3,1,173.82697,12.257024999999999,487.918927,674.002922,2.3880453507405344,1.7763568394002505e-15,1.2656542480726785e-14,5.340999512136865e-14,1,libsad_fusion_f64r4_b128r3_split_forward_fused_backward_83bff5076d.so,"[""-DSAD_FORWARD_BLOCK_THREADS=64"", ""-DSAD_FORWARD_REGISTER_BITS=4"", ""-DSAD_BLOCK_THREADS=128"", ""-DSAD_REGISTER_BITS=3"", ""-DSAD_RZZ_FORWARD_FUSED=0"", ""-DSAD_RZZ_BACKWARD_STRATEGY=2""]"
rzz-hea,26,8,split-forward_fused-backward,optimized,f64r4_b128r3,2,174.73153399999998,11.563346000000001,488.63995,674.93483,2.3880453507405344,1.7763568394002505e-15,1.2656542480726785e-14,5.340999512136865e-14,1,libsad_fusion_f64r4_b128r3_split_forward_fused_backward_83bff5076d.so,"[""-DSAD_FORWARD_BLOCK_THREADS=64"", ""-DSAD_FORWARD_REGISTER_BITS=4"", ""-DSAD_BLOCK_THREADS=128"", ""-DSAD_REGISTER_BITS=3"", ""-DSAD_RZZ_FORWARD_FUSED=0"", ""-DSAD_RZZ_BACKWARD_STRATEGY=2""]"
ra-hea,20,8,complex-fused-forward,optimized,f64r4_b64r4,0,1.4145519999999998,0.094098,3.9658740000000003,5.474524,0.03372766511438079,2.7755575615628914e-17,1.942890293094024e-16,5.326966081664685e-16,1,libsad_fusion_f64r4_b64r4_complex_fused_forward_4fbad961c2.so,"[""-DSAD_FORWARD_BLOCK_THREADS=64"", ""-DSAD_FORWARD_REGISTER_BITS=4"", ""-DSAD_BLOCK_THREADS=64"", ""-DSAD_REGISTER_BITS=4"", ""-DSAD_REAL_AMPLITUDE=0"", ""-DSAD_RA_FORWARD_FUSED=1"", ""-DSAD_RA_BACKWARD_FUSED=0""]"
ra-hea,20,8,complex-fused-forward,optimized,f64r4_b64r4,1,1.545757,0.2589,4.280327,6.0849839999999995,0.03372766511438079,2.7755575615628914e-17,1.942890293094024e-16,5.326966081664685e-16,1,libsad_fusion_f64r4_b64r4_complex_fused_forward_4fbad961c2.so,"[""-DSAD_FORWARD_BLOCK_THREADS=64"", ""-DSAD_FORWARD_REGISTER_BITS=4"", ""-DSAD_BLOCK_THREADS=64"", ""-DSAD_REGISTER_BITS=4"", ""-DSAD_REAL_AMPLITUDE=0"", ""-DSAD_RA_FORWARD_FUSED=1"", ""-DSAD_RA_BACKWARD_FUSED=0""]"
ra-hea,20,8,complex-fused-forward,optimized,f64r4_b64r4,2,1.712696,0.241814,3.9508950000000005,5.905405000000001,0.03372766511438079,2.7755575615628914e-17,1.942890293094024e-16,5.326966081664685e-16,1,libsad_fusion_f64r4_b64r4_complex_fused_forward_4fbad961c2.so,"[""-DSAD_FORWARD_BLOCK_THREADS=64"", ""-DSAD_FORWARD_REGISTER_BITS=4"", ""-DSAD_BLOCK_THREADS=64"", ""-DSAD_REGISTER_BITS=4"", ""-DSAD_REAL_AMPLITUDE=0"", ""-DSAD_RA_FORWARD_FUSED=1"", ""-DSAD_RA_BACKWARD_FUSED=0""]"
su2-hea,26,8,lookup-forward_phased-backward,optimized,f128r3_b64r4,0,116.63819000000001,11.138242,627.1434489999999,754.9198809999999,-0.15118700614836506,5.551115123125783e-17,1.9845236565174673e-15,4.105311328346966e-15,1,libsad_fusion_f128r3_b64r4_lookup_forward_phased_backward_2210ed799a.so,"[""-DSAD_FORWARD_BLOCK_THREADS=128"", ""-DSAD_FORWARD_REGISTER_BITS=3"", ""-DSAD_BLOCK_THREADS=64"", ""-DSAD_REGISTER_BITS=4"", ""-DSAD_SU2_FORWARD_STRATEGY=1"", ""-DSAD_SU2_BACKWARD_STRATEGY=2""]"
su2-hea,26,8,lookup-forward_phased-backward,optimized,f128r3_b64r4,1,119.68988399999999,12.014501000000001,626.8283140000001,758.5326990000001,-0.15118700614836506,5.551115123125783e-17,1.9845236565174673e-15,4.105311328346966e-15,1,libsad_fusion_f128r3_b64r4_lookup_forward_phased_backward_2210ed799a.so,"[""-DSAD_FORWARD_BLOCK_THREADS=128"", ""-DSAD_FORWARD_REGISTER_BITS=3"", ""-DSAD_BLOCK_THREADS=64"", ""-DSAD_REGISTER_BITS=4"", ""-DSAD_SU2_FORWARD_STRATEGY=1"", ""-DSAD_SU2_BACKWARD_STRATEGY=2""]"
su2-hea,26,8,lookup-forward_phased-backward,optimized,f128r3_b64r4,2,115.449197,11.399493,628.148417,754.997107,-0.15118700614836506,5.551115123125783e-17,1.9845236565174673e-15,4.105311328346966e-15,1,libsad_fusion_f128r3_b64r4_lookup_forward_phased_backward_2210ed799a.so,"[""-DSAD_FORWARD_BLOCK_THREADS=128"", ""-DSAD_FORWARD_REGISTER_BITS=3"", ""-DSAD_BLOCK_THREADS=64"", ""-DSAD_REGISTER_BITS=4"", ""-DSAD_SU2_FORWARD_STRATEGY=1"", ""-DSAD_SU2_BACKWARD_STRATEGY=2""]"
qaoa,26,8,fused-both,optimized,f64r4_b128r3,0,118.180239,3.0431820000000003,314.64464,435.86806099999995,-13.992296268451238,7.105427357601002e-15,7.993605777301127e-14,1.069951484064533e-13,1,libsad_fusion_f64r4_b128r3_fused_both_f60ba618ce.so,"[""-DSAD_FORWARD_BLOCK_THREADS=64"", ""-DSAD_FORWARD_REGISTER_BITS=4"", ""-DSAD_BLOCK_THREADS=128"", ""-DSAD_REGISTER_BITS=3"", ""-DSAD_QAOA_FUSE_COST_RX=1"", ""-DSAD_QAOA_FUSED_BACKWARD=2""]"
qaoa,26,8,fused-both,optimized,f64r4_b128r3,1,119.0925,3.223637,315.528529,437.844666,-13.992296268451238,7.105427357601002e-15,7.993605777301127e-14,1.069951484064533e-13,1,libsad_fusion_f64r4_b128r3_fused_both_f60ba618ce.so,"[""-DSAD_FORWARD_BLOCK_THREADS=64"", ""-DSAD_FORWARD_REGISTER_BITS=4"", ""-DSAD_BLOCK_THREADS=128"", ""-DSAD_REGISTER_BITS=3"", ""-DSAD_QAOA_FUSE_COST_RX=1"", ""-DSAD_QAOA_FUSED_BACKWARD=2""]"
qaoa,26,8,fused-both,optimized,f64r4_b128r3,2,119.732889,2.9527229999999998,313.667128,436.35274000000004,-13.992296268451238,7.105427357601002e-15,7.993605777301127e-14,1.069951484064533e-13,1,libsad_fusion_f64r4_b128r3_fused_both_f60ba618ce.so,"[""-DSAD_FORWARD_BLOCK_THREADS=64"", ""-DSAD_FORWARD_REGISTER_BITS=4"", ""-DSAD_BLOCK_THREADS=128"", ""-DSAD_REGISTER_BITS=3"", ""-DSAD_QAOA_FUSE_COST_RX=1"", ""-DSAD_QAOA_FUSED_BACKWARD=2""]"
su2-hea,24,8,phased-forward_lookup-backward,optimized,f128r3_b64r4,0,40.03532,1.8663690000000002,96.039666,137.941355,-0.045394002210347575,5.551115123125783e-17,5.967448757360216e-16,1.8192832232493812e-15,1,libsad_fusion_f128r3_b64r4_phased_forward_lookup_backward_7df21f009d.so,"[""-DSAD_FORWARD_BLOCK_THREADS=128"", ""-DSAD_FORWARD_REGISTER_BITS=3"", ""-DSAD_BLOCK_THREADS=64"", ""-DSAD_REGISTER_BITS=4"", ""-DSAD_SU2_FORWARD_STRATEGY=2"", ""-DSAD_SU2_BACKWARD_STRATEGY=1""]"
su2-hea,24,8,phased-forward_lookup-backward,optimized,f128r3_b64r4,1,41.114628,1.873461,96.67477500000001,139.66286399999998,-0.045394002210347575,5.551115123125783e-17,5.967448757360216e-16,1.8192832232493812e-15,1,libsad_fusion_f128r3_b64r4_phased_forward_lookup_backward_7df21f009d.so,"[""-DSAD_FORWARD_BLOCK_THREADS=128"", ""-DSAD_FORWARD_REGISTER_BITS=3"", ""-DSAD_BLOCK_THREADS=64"", ""-DSAD_REGISTER_BITS=4"", ""-DSAD_SU2_FORWARD_STRATEGY=2"", ""-DSAD_SU2_BACKWARD_STRATEGY=1""]"
su2-hea,24,8,phased-forward_lookup-backward,optimized,f128r3_b64r4,2,38.290182,2.02164,97.25148899999999,137.563311,-0.045394002210347575,5.551115123125783e-17,5.967448757360216e-16,1.8192832232493812e-15,1,libsad_fusion_f128r3_b64r4_phased_forward_lookup_backward_7df21f009d.so,"[""-DSAD_FORWARD_BLOCK_THREADS=128"", ""-DSAD_FORWARD_REGISTER_BITS=3"", ""-DSAD_BLOCK_THREADS=64"", ""-DSAD_REGISTER_BITS=4"", ""-DSAD_SU2_FORWARD_STRATEGY=2"", ""-DSAD_SU2_BACKWARD_STRATEGY=1""]"
xxz-hva,20,8,separate-matchings,optimized,f128r3_b32r3,0,3.764943,0.240805,13.258127,17.263875,0.005490219521836676,4.5102810375396984e-17,1.942890293094024e-16,7.916124839559453e-16,1,libsad_fusion_f128r3_b32r3_separate_matchings_6a54a88064.so,"[""-DSAD_FORWARD_BLOCK_THREADS=128"", ""-DSAD_FORWARD_REGISTER_BITS=3"", ""-DSAD_BLOCK_THREADS=32"", ""-DSAD_REGISTER_BITS=3"", ""-DSAD_XXZ_CROSS_MATCHING=0""]"
xxz-hva,20,8,separate-matchings,optimized,f128r3_b32r3,1,4.208952,0.093348,12.826018999999999,17.128319,0.005490219521836676,4.5102810375396984e-17,1.942890293094024e-16,7.916124839559453e-16,1,libsad_fusion_f128r3_b32r3_separate_matchings_6a54a88064.so,"[""-DSAD_FORWARD_BLOCK_THREADS=128"", ""-DSAD_FORWARD_REGISTER_BITS=3"", ""-DSAD_BLOCK_THREADS=32"", ""-DSAD_REGISTER_BITS=3"", ""-DSAD_XXZ_CROSS_MATCHING=0""]"
xxz-hva,20,8,separate-matchings,optimized,f128r3_b32r3,2,3.7659019999999996,0.093973,13.575507,17.435382,0.005490219521836676,4.5102810375396984e-17,1.942890293094024e-16,7.916124839559453e-16,1,libsad_fusion_f128r3_b32r3_separate_matchings_6a54a88064.so,"[""-DSAD_FORWARD_BLOCK_THREADS=128"", ""-DSAD_FORWARD_REGISTER_BITS=3"", ""-DSAD_BLOCK_THREADS=32"", ""-DSAD_REGISTER_BITS=3"", ""-DSAD_XXZ_CROSS_MATCHING=0""]"
su2-hea,20,8,split-forward_lookup-backward,optimized,f128r3_b64r4,0,1.685079,0.259192,5.998575,7.942846,-0.12535282831387848,5.551115123125783e-17,2.498001805406602e-16,6.416446430912837e-16,1,libsad_fusion_f128r3_b64r4_split_forward_lookup_backward_14001066e2.so,"[""-DSAD_FORWARD_BLOCK_THREADS=128"", ""-DSAD_FORWARD_REGISTER_BITS=3"", ""-DSAD_BLOCK_THREADS=64"", ""-DSAD_REGISTER_BITS=4"", ""-DSAD_SU2_FORWARD_STRATEGY=0"", ""-DSAD_SU2_BACKWARD_STRATEGY=1""]"
su2-hea,20,8,split-forward_lookup-backward,optimized,f128r3_b64r4,1,1.686904,0.093605,5.524354000000001,7.304863,-0.12535282831387848,5.551115123125783e-17,2.498001805406602e-16,6.416446430912837e-16,1,libsad_fusion_f128r3_b64r4_split_forward_lookup_backward_14001066e2.so,"[""-DSAD_FORWARD_BLOCK_THREADS=128"", ""-DSAD_FORWARD_REGISTER_BITS=3"", ""-DSAD_BLOCK_THREADS=64"", ""-DSAD_REGISTER_BITS=4"", ""-DSAD_SU2_FORWARD_STRATEGY=0"", ""-DSAD_SU2_BACKWARD_STRATEGY=1""]"
su2-hea,20,8,split-forward_lookup-backward,optimized,f128r3_b64r4,2,1.6952390000000002,0.093873,5.828804,7.617916,-0.12535282831387848,5.551115123125783e-17,2.498001805406602e-16,6.416446430912837e-16,1,libsad_fusion_f128r3_b64r4_split_forward_lookup_backward_14001066e2.so,"[""-DSAD_FORWARD_BLOCK_THREADS=128"", ""-DSAD_FORWARD_REGISTER_BITS=3"", ""-DSAD_BLOCK_THREADS=64"", ""-DSAD_REGISTER_BITS=4"", ""-DSAD_SU2_FORWARD_STRATEGY=0"", ""-DSAD_SU2_BACKWARD_STRATEGY=1""]"
ra-hea,24,8,complex-fused-both,optimized,f64r4_b64r4,0,25.630094,1.683824,69.965447,97.27936500000001,0.2086881706330552,8.326672684688674e-17,1.3877787807814457e-16,5.216543780141679e-16,1,libsad_fusion_f64r4_b64r4_complex_fused_both_eecac02710.so,"[""-DSAD_FORWARD_BLOCK_THREADS=64"", ""-DSAD_FORWARD_REGISTER_BITS=4"", ""-DSAD_BLOCK_THREADS=64"", ""-DSAD_REGISTER_BITS=4"", ""-DSAD_REAL_AMPLITUDE=0"", ""-DSAD_RA_FORWARD_FUSED=1"", ""-DSAD_RA_BACKWARD_FUSED=1""]"
ra-hea,24,8,complex-fused-both,optimized,f64r4_b64r4,1,26.139854,1.675108,68.74391,96.55887200000001,0.2086881706330552,8.326672684688674e-17,1.3877787807814457e-16,5.216543780141679e-16,1,libsad_fusion_f64r4_b64r4_complex_fused_both_eecac02710.so,"[""-DSAD_FORWARD_BLOCK_THREADS=64"", ""-DSAD_FORWARD_REGISTER_BITS=4"", ""-DSAD_BLOCK_THREADS=64"", ""-DSAD_REGISTER_BITS=4"", ""-DSAD_REAL_AMPLITUDE=0"", ""-DSAD_RA_FORWARD_FUSED=1"", ""-DSAD_RA_BACKWARD_FUSED=1""]"
ra-hea,24,8,complex-fused-both,optimized,f64r4_b64r4,2,25.566671999999997,1.983845,68.134559,95.685076,0.2086881706330552,8.326672684688674e-17,1.3877787807814457e-16,5.216543780141679e-16,1,libsad_fusion_f64r4_b64r4_complex_fused_both_eecac02710.so,"[""-DSAD_FORWARD_BLOCK_THREADS=64"", ""-DSAD_FORWARD_REGISTER_BITS=4"", ""-DSAD_BLOCK_THREADS=64"", ""-DSAD_REGISTER_BITS=4"", ""-DSAD_REAL_AMPLITUDE=0"", ""-DSAD_RA_FORWARD_FUSED=1"", ""-DSAD_RA_BACKWARD_FUSED=1""]"
ra-hea,26,8,complex-fused-forward,optimized,f64r4_b64r4,0,107.947417,10.536864999999999,357.918271,476.402553,-0.14134595541889833,1.6653345369377348e-16,1.5265566588595902e-16,5.7676222373428e-16,1,libsad_fusion_f64r4_b64r4_complex_fused_forward_4fbad961c2.so,"[""-DSAD_FORWARD_BLOCK_THREADS=64"", ""-DSAD_FORWARD_REGISTER_BITS=4"", ""-DSAD_BLOCK_THREADS=64"", ""-DSAD_REGISTER_BITS=4"", ""-DSAD_REAL_AMPLITUDE=0"", ""-DSAD_RA_FORWARD_FUSED=1"", ""-DSAD_RA_BACKWARD_FUSED=0""]"
ra-hea,26,8,complex-fused-forward,optimized,f64r4_b64r4,1,110.466763,10.3822,359.663725,480.51268799999997,-0.14134595541889833,1.6653345369377348e-16,1.5265566588595902e-16,5.7676222373428e-16,1,libsad_fusion_f64r4_b64r4_complex_fused_forward_4fbad961c2.so,"[""-DSAD_FORWARD_BLOCK_THREADS=64"", ""-DSAD_FORWARD_REGISTER_BITS=4"", ""-DSAD_BLOCK_THREADS=64"", ""-DSAD_REGISTER_BITS=4"", ""-DSAD_REAL_AMPLITUDE=0"", ""-DSAD_RA_FORWARD_FUSED=1"", ""-DSAD_RA_BACKWARD_FUSED=0""]"
ra-hea,26,8,complex-fused-forward,optimized,f64r4_b64r4,2,107.12212699999999,11.460372999999999,360.264321,478.846821,-0.14134595541889833,1.6653345369377348e-16,1.5265566588595902e-16,5.7676222373428e-16,1,libsad_fusion_f64r4_b64r4_complex_fused_forward_4fbad961c2.so,"[""-DSAD_FORWARD_BLOCK_THREADS=64"", ""-DSAD_FORWARD_REGISTER_BITS=4"", ""-DSAD_BLOCK_THREADS=64"", ""-DSAD_REGISTER_BITS=4"", ""-DSAD_REAL_AMPLITUDE=0"", ""-DSAD_RA_FORWARD_FUSED=1"", ""-DSAD_RA_BACKWARD_FUSED=0""]"
ra-hea,20,8,real-fused-both,optimized,f64r4_b64r4,0,1.072029,0.20808,2.011243,3.291352,0.03372766511438075,1.3877787807814457e-17,2.498001805406602e-16,6.510850340967378e-16,1,libsad_fusion_f64r4_b64r4_real_fused_both_e60c482693.so,"[""-DSAD_FORWARD_BLOCK_THREADS=64"", ""-DSAD_FORWARD_REGISTER_BITS=4"", ""-DSAD_BLOCK_THREADS=64"", ""-DSAD_REGISTER_BITS=4"", ""-DSAD_REAL_AMPLITUDE=1""]"
ra-hea,20,8,real-fused-both,optimized,f64r4_b64r4,1,0.809329,0.059951000000000004,2.011162,2.880442,0.03372766511438075,1.3877787807814457e-17,2.498001805406602e-16,6.510850340967378e-16,1,libsad_fusion_f64r4_b64r4_real_fused_both_e60c482693.so,"[""-DSAD_FORWARD_BLOCK_THREADS=64"", ""-DSAD_FORWARD_REGISTER_BITS=4"", ""-DSAD_BLOCK_THREADS=64"", ""-DSAD_REGISTER_BITS=4"", ""-DSAD_REAL_AMPLITUDE=1""]"
ra-hea,20,8,real-fused-both,optimized,f64r4_b64r4,2,0.809351,0.05995,2.011441,2.8807420000000006,0.03372766511438075,1.3877787807814457e-17,2.498001805406602e-16,6.510850340967378e-16,1,libsad_fusion_f64r4_b64r4_real_fused_both_e60c482693.so,"[""-DSAD_FORWARD_BLOCK_THREADS=64"", ""-DSAD_FORWARD_REGISTER_BITS=4"", ""-DSAD_BLOCK_THREADS=64"", ""-DSAD_REGISTER_BITS=4"", ""-DSAD_REAL_AMPLITUDE=1""]"
rzz-hea,20,8,auto,optimized,f128r2_b128r2,0,1.931575,0.42637699999999995,6.191012,8.548964,0.7166911626593796,1.5543122344752192e-15,2.7755575615628914e-15,1.0644103751757354e-14,1,libsad_fusion_f128r2_b128r2_auto_e3b0c44298.so,[]
rzz-hea,20,8,auto,optimized,f128r2_b128r2,1,1.631109,0.10115500000000001,6.751048,8.483312,0.7166911626593796,1.5543122344752192e-15,2.7755575615628914e-15,1.0644103751757354e-14,1,libsad_fusion_f128r2_b128r2_auto_e3b0c44298.so,[]
rzz-hea,20,8,auto,optimized,f128r2_b128r2,2,1.860669,0.25862999999999997,6.732932,8.852230999999998,0.7166911626593796,1.5543122344752192e-15,2.7755575615628914e-15,1.0644103751757354e-14,1,libsad_fusion_f128r2_b128r2_auto_e3b0c44298.so,[]
qaoa,20,8,fused-forward,optimized,f128r2_b128r2,0,1.5286080000000002,0.21048599999999998,3.977802,5.716896,-10.763304821885578,5.329070518200751e-15,3.552713678800501e-15,7.239471416520751e-15,1,libsad_fusion_f128r2_b128r2_fused_forward_cd039849db.so,"[""-DSAD_QAOA_FUSE_COST_RX=1"", ""-DSAD_QAOA_FUSED_BACKWARD=0""]"
qaoa,20,8,fused-forward,optimized,f128r2_b128r2,1,1.303862,0.035282,3.8296419999999998,5.168786,-10.763304821885578,5.329070518200751e-15,3.552713678800501e-15,7.239471416520751e-15,1,libsad_fusion_f128r2_b128r2_fused_forward_cd039849db.so,"[""-DSAD_QAOA_FUSE_COST_RX=1"", ""-DSAD_QAOA_FUSED_BACKWARD=0""]"
qaoa,20,8,fused-forward,optimized,f128r2_b128r2,2,1.2960070000000001,0.035174,4.073713,5.404894,-10.763304821885578,5.329070518200751e-15,3.552713678800501e-15,7.239471416520751e-15,1,libsad_fusion_f128r2_b128r2_fused_forward_cd039849db.so,"[""-DSAD_QAOA_FUSE_COST_RX=1"", ""-DSAD_QAOA_FUSED_BACKWARD=0""]"
qaoa,20,8,fused-both,optimized,f128r2_b128r2,0,1.528785,0.275055,4.209558,6.0133980000000005,-10.763304821885576,7.105427357601002e-15,1.0658141036401503e-14,1.4152186695512056e-14,1,libsad_fusion_f128r2_b128r2_fused_both_0013ed2463.so,"[""-DSAD_QAOA_FUSE_COST_RX=1"", ""-DSAD_QAOA_FUSED_BACKWARD=2""]"
qaoa,20,8,fused-both,optimized,f128r2_b128r2,1,1.433189,0.036199999999999996,4.0716149999999995,5.541003999999999,-10.763304821885576,7.105427357601002e-15,1.0658141036401503e-14,1.4152186695512056e-14,1,libsad_fusion_f128r2_b128r2_fused_both_0013ed2463.so,"[""-DSAD_QAOA_FUSE_COST_RX=1"", ""-DSAD_QAOA_FUSED_BACKWARD=2""]"
qaoa,20,8,fused-both,optimized,f128r2_b128r2,2,1.2956109999999998,0.183383,4.091349999999999,5.5703439999999995,-10.763304821885576,7.105427357601002e-15,1.0658141036401503e-14,1.4152186695512056e-14,1,libsad_fusion_f128r2_b128r2_fused_both_0013ed2463.so,"[""-DSAD_QAOA_FUSE_COST_RX=1"", ""-DSAD_QAOA_FUSED_BACKWARD=2""]"
su2-hea,26,8,phased-forward_lookup-backward,optimized,f128r3_b64r4,0,169.95402,11.240602,435.840856,617.035478,-0.15118700614836494,5.551115123125783e-17,1.915134717478395e-15,4.16953375946555e-15,1,libsad_fusion_f128r3_b64r4_phased_forward_lookup_backward_7df21f009d.so,"[""-DSAD_FORWARD_BLOCK_THREADS=128"", ""-DSAD_FORWARD_REGISTER_BITS=3"", ""-DSAD_BLOCK_THREADS=64"", ""-DSAD_REGISTER_BITS=4"", ""-DSAD_SU2_FORWARD_STRATEGY=2"", ""-DSAD_SU2_BACKWARD_STRATEGY=1""]"
su2-hea,26,8,phased-forward_lookup-backward,optimized,f128r3_b64r4,1,170.626093,11.264069,435.14556799999997,617.0357300000001,-0.15118700614836494,5.551115123125783e-17,1.915134717478395e-15,4.16953375946555e-15,1,libsad_fusion_f128r3_b64r4_phased_forward_lookup_backward_7df21f009d.so,"[""-DSAD_FORWARD_BLOCK_THREADS=128"", ""-DSAD_FORWARD_REGISTER_BITS=3"", ""-DSAD_BLOCK_THREADS=64"", ""-DSAD_REGISTER_BITS=4"", ""-DSAD_SU2_FORWARD_STRATEGY=2"", ""-DSAD_SU2_BACKWARD_STRATEGY=1""]"
su2-hea,26,8,phased-forward_lookup-backward,optimized,f128r3_b64r4,2,171.24552,11.233636,435.86562299999997,618.3447789999999,-0.15118700614836494,5.551115123125783e-17,1.915134717478395e-15,4.16953375946555e-15,1,libsad_fusion_f128r3_b64r4_phased_forward_lookup_backward_7df21f009d.so,"[""-DSAD_FORWARD_BLOCK_THREADS=128"", ""-DSAD_FORWARD_REGISTER_BITS=3"", ""-DSAD_BLOCK_THREADS=64"", ""-DSAD_REGISTER_BITS=4"", ""-DSAD_SU2_FORWARD_STRATEGY=2"", ""-DSAD_SU2_BACKWARD_STRATEGY=1""]"
su2-hea,24,8,phased-forward_phased-backward,optimized,f128r3_b64r4,0,40.478826000000005,2.000518,140.24583600000003,182.72518000000002,-0.04539400221034758,6.245004513516506e-17,6.38378239159465e-16,1.8487925874106313e-15,1,libsad_fusion_f128r3_b64r4_phased_forward_phased_backward_4896db51e9.so,"[""-DSAD_FORWARD_BLOCK_THREADS=128"", ""-DSAD_FORWARD_REGISTER_BITS=3"", ""-DSAD_BLOCK_THREADS=64"", ""-DSAD_REGISTER_BITS=4"", ""-DSAD_SU2_FORWARD_STRATEGY=2"", ""-DSAD_SU2_BACKWARD_STRATEGY=2""]"
su2-hea,24,8,phased-forward_phased-backward,optimized,f128r3_b64r4,1,40.931031,1.723137,142.153941,184.808109,-0.04539400221034758,6.245004513516506e-17,6.38378239159465e-16,1.8487925874106313e-15,1,libsad_fusion_f128r3_b64r4_phased_forward_phased_backward_4896db51e9.so,"[""-DSAD_FORWARD_BLOCK_THREADS=128"", ""-DSAD_FORWARD_REGISTER_BITS=3"", ""-DSAD_BLOCK_THREADS=64"", ""-DSAD_REGISTER_BITS=4"", ""-DSAD_SU2_FORWARD_STRATEGY=2"", ""-DSAD_SU2_BACKWARD_STRATEGY=2""]"
su2-hea,24,8,phased-forward_phased-backward,optimized,f128r3_b64r4,2,40.222912,1.859416,143.082502,185.16483,-0.04539400221034758,6.245004513516506e-17,6.38378239159465e-16,1.8487925874106313e-15,1,libsad_fusion_f128r3_b64r4_phased_forward_phased_backward_4896db51e9.so,"[""-DSAD_FORWARD_BLOCK_THREADS=128"", ""-DSAD_FORWARD_REGISTER_BITS=3"", ""-DSAD_BLOCK_THREADS=64"", ""-DSAD_REGISTER_BITS=4"", ""-DSAD_SU2_FORWARD_STRATEGY=2"", ""-DSAD_SU2_BACKWARD_STRATEGY=2""]"
ra-hea,24,8,real-fused-both,optimized,f64r4_b64r4,0,16.008278,1.088677,35.520268,52.617223,0.2086881706330552,8.326672684688674e-17,1.5265566588595902e-16,5.786223819776645e-16,1,libsad_fusion_f64r4_b64r4_real_fused_both_e60c482693.so,"[""-DSAD_FORWARD_BLOCK_THREADS=64"", ""-DSAD_FORWARD_REGISTER_BITS=4"", ""-DSAD_BLOCK_THREADS=64"", ""-DSAD_REGISTER_BITS=4"", ""-DSAD_REAL_AMPLITUDE=1""]"
ra-hea,24,8,real-fused-both,optimized,f64r4_b64r4,1,15.9029,1.082155,36.833286,53.818341000000004,0.2086881706330552,8.326672684688674e-17,1.5265566588595902e-16,5.786223819776645e-16,1,libsad_fusion_f64r4_b64r4_real_fused_both_e60c482693.so,"[""-DSAD_FORWARD_BLOCK_THREADS=64"", ""-DSAD_FORWARD_REGISTER_BITS=4"", ""-DSAD_BLOCK_THREADS=64"", ""-DSAD_REGISTER_BITS=4"", ""-DSAD_REAL_AMPLITUDE=1""]"
ra-hea,24,8,real-fused-both,optimized,f64r4_b64r4,2,15.8451,1.056445,35.407875,52.309419999999996,0.2086881706330552,8.326672684688674e-17,1.5265566588595902e-16,5.786223819776645e-16,1,libsad_fusion_f64r4_b64r4_real_fused_both_e60c482693.so,"[""-DSAD_FORWARD_BLOCK_THREADS=64"", ""-DSAD_FORWARD_REGISTER_BITS=4"", ""-DSAD_BLOCK_THREADS=64"", ""-DSAD_REGISTER_BITS=4"", ""-DSAD_REAL_AMPLITUDE=1""]"
su2-hea,26,8,split-forward_split-backward,optimized,f128r3_b64r4,0,146.63261799999998,11.750289,422.36254299999996,580.74545,-0.1511870061483651,1.1102230246251565e-16,1.942890293094024e-16,6.505164639549684e-16,1,libsad_fusion_f128r3_b64r4_split_forward_split_backward_4cfb67b4b9.so,"[""-DSAD_FORWARD_BLOCK_THREADS=128"", ""-DSAD_FORWARD_REGISTER_BITS=3"", ""-DSAD_BLOCK_THREADS=64"", ""-DSAD_REGISTER_BITS=4"", ""-DSAD_SU2_FORWARD_STRATEGY=0"", ""-DSAD_SU2_BACKWARD_STRATEGY=0""]"
su2-hea,26,8,split-forward_split-backward,optimized,f128r3_b64r4,1,147.917225,11.252784,424.58029000000005,583.750299,-0.1511870061483651,1.1102230246251565e-16,1.942890293094024e-16,6.505164639549684e-16,1,libsad_fusion_f128r3_b64r4_split_forward_split_backward_4cfb67b4b9.so,"[""-DSAD_FORWARD_BLOCK_THREADS=128"", ""-DSAD_FORWARD_REGISTER_BITS=3"", ""-DSAD_BLOCK_THREADS=64"", ""-DSAD_REGISTER_BITS=4"", ""-DSAD_SU2_FORWARD_STRATEGY=0"", ""-DSAD_SU2_BACKWARD_STRATEGY=0""]"
su2-hea,26,8,split-forward_split-backward,optimized,f128r3_b64r4,2,144.988903,10.93241,427.403241,583.324554,-0.1511870061483651,1.1102230246251565e-16,1.942890293094024e-16,6.505164639549684e-16,1,libsad_fusion_f128r3_b64r4_split_forward_split_backward_4cfb67b4b9.so,"[""-DSAD_FORWARD_BLOCK_THREADS=128"", ""-DSAD_FORWARD_REGISTER_BITS=3"", ""-DSAD_BLOCK_THREADS=64"", ""-DSAD_REGISTER_BITS=4"", ""-DSAD_SU2_FORWARD_STRATEGY=0"", ""-DSAD_SU2_BACKWARD_STRATEGY=0""]"
xxz-hva,26,8,separate-matchings,optimized,f128r3_b32r3,0,298.638362,8.715940999999999,1004.98957,1312.343873,0.06018530253593117,4.85722573273506e-17,3.95516952522712e-16,1.56935507929819e-15,1,libsad_fusion_f128r3_b32r3_separate_matchings_6a54a88064.so,"[""-DSAD_FORWARD_BLOCK_THREADS=128"", ""-DSAD_FORWARD_REGISTER_BITS=3"", ""-DSAD_BLOCK_THREADS=32"", ""-DSAD_REGISTER_BITS=3"", ""-DSAD_XXZ_CROSS_MATCHING=0""]"
xxz-hva,26,8,separate-matchings,optimized,f128r3_b32r3,1,296.36756199999996,8.773736000000001,1006.278451,1311.419749,0.06018530253593117,4.85722573273506e-17,3.95516952522712e-16,1.56935507929819e-15,1,libsad_fusion_f128r3_b32r3_separate_matchings_6a54a88064.so,"[""-DSAD_FORWARD_BLOCK_THREADS=128"", ""-DSAD_FORWARD_REGISTER_BITS=3"", ""-DSAD_BLOCK_THREADS=32"", ""-DSAD_REGISTER_BITS=3"", ""-DSAD_XXZ_CROSS_MATCHING=0""]"
xxz-hva,26,8,separate-matchings,optimized,f128r3_b32r3,2,297.806269,9.120016999999999,1006.3194,1313.245686,0.06018530253593117,4.85722573273506e-17,3.95516952522712e-16,1.56935507929819e-15,1,libsad_fusion_f128r3_b32r3_separate_matchings_6a54a88064.so,"[""-DSAD_FORWARD_BLOCK_THREADS=128"", ""-DSAD_FORWARD_REGISTER_BITS=3"", ""-DSAD_BLOCK_THREADS=32"", ""-DSAD_REGISTER_BITS=3"", ""-DSAD_XXZ_CROSS_MATCHING=0""]"
rzz-hea,24,8,fused-forward_fused-backward,optimized,f64r3_b64r4,0,30.61679,1.717955,122.576974,154.911719,5.47152895078819,3.552713678800501e-15,1.021405182655144e-14,2.70098725178189e-14,1,libsad_fusion_f64r3_b64r4_fused_forward_fused_backward_c2caba9fa3.so,"[""-DSAD_FORWARD_BLOCK_THREADS=64"", ""-DSAD_FORWARD_REGISTER_BITS=3"", ""-DSAD_BLOCK_THREADS=64"", ""-DSAD_REGISTER_BITS=4"", ""-DSAD_RZZ_FORWARD_FUSED=1"", ""-DSAD_RZZ_BACKWARD_STRATEGY=2""]"
rzz-hea,24,8,fused-forward_fused-backward,optimized,f64r3_b64r4,1,29.296973,1.769564,121.820262,152.886799,5.47152895078819,3.552713678800501e-15,1.021405182655144e-14,2.70098725178189e-14,1,libsad_fusion_f64r3_b64r4_fused_forward_fused_backward_c2caba9fa3.so,"[""-DSAD_FORWARD_BLOCK_THREADS=64"", ""-DSAD_FORWARD_REGISTER_BITS=3"", ""-DSAD_BLOCK_THREADS=64"", ""-DSAD_REGISTER_BITS=4"", ""-DSAD_RZZ_FORWARD_FUSED=1"", ""-DSAD_RZZ_BACKWARD_STRATEGY=2""]"
rzz-hea,24,8,fused-forward_fused-backward,optimized,f64r3_b64r4,2,30.948874,1.8769609999999999,120.88284200000001,153.70867700000002,5.47152895078819,3.552713678800501e-15,1.021405182655144e-14,2.70098725178189e-14,1,libsad_fusion_f64r3_b64r4_fused_forward_fused_backward_c2caba9fa3.so,"[""-DSAD_FORWARD_BLOCK_THREADS=64"", ""-DSAD_FORWARD_REGISTER_BITS=3"", ""-DSAD_BLOCK_THREADS=64"", ""-DSAD_REGISTER_BITS=4"", ""-DSAD_RZZ_FORWARD_FUSED=1"", ""-DSAD_RZZ_BACKWARD_STRATEGY=2""]"
su2-hea,26,8,phased-forward_split-backward,optimized,f128r3_b64r4,0,172.506461,10.596642,423.337772,606.440875,-0.15118700614836486,1.3877787807814457e-16,2.3592239273284576e-16,1.077700258445541e-15,1,libsad_fusion_f128r3_b64r4_phased_forward_split_backward_2a4d35d553.so,"[""-DSAD_FORWARD_BLOCK_THREADS=128"", ""-DSAD_FORWARD_REGISTER_BITS=3"", ""-DSAD_BLOCK_THREADS=64"", ""-DSAD_REGISTER_BITS=4"", ""-DSAD_SU2_FORWARD_STRATEGY=2"", ""-DSAD_SU2_BACKWARD_STRATEGY=0""]"
su2-hea,26,8,phased-forward_split-backward,optimized,f128r3_b64r4,1,171.156857,11.040510999999999,424.08782499999995,606.2851929999999,-0.15118700614836486,1.3877787807814457e-16,2.3592239273284576e-16,1.077700258445541e-15,1,libsad_fusion_f128r3_b64r4_phased_forward_split_backward_2a4d35d553.so,"[""-DSAD_FORWARD_BLOCK_THREADS=128"", ""-DSAD_FORWARD_REGISTER_BITS=3"", ""-DSAD_BLOCK_THREADS=64"", ""-DSAD_REGISTER_BITS=4"", ""-DSAD_SU2_FORWARD_STRATEGY=2"", ""-DSAD_SU2_BACKWARD_STRATEGY=0""]"
su2-hea,26,8,phased-forward_split-backward,optimized,f128r3_b64r4,2,170.975616,10.656702000000001,422.272198,603.904516,-0.15118700614836486,1.3877787807814457e-16,2.3592239273284576e-16,1.077700258445541e-15,1,libsad_fusion_f128r3_b64r4_phased_forward_split_backward_2a4d35d553.so,"[""-DSAD_FORWARD_BLOCK_THREADS=128"", ""-DSAD_FORWARD_REGISTER_BITS=3"", ""-DSAD_BLOCK_THREADS=64"", ""-DSAD_REGISTER_BITS=4"", ""-DSAD_SU2_FORWARD_STRATEGY=2"", ""-DSAD_SU2_BACKWARD_STRATEGY=0""]"
qaoa,26,8,auto,optimized,f64r4_b128r3,0,118.769167,2.906757,316.67871199999996,438.35463599999997,-13.992296268451227,3.552713678800501e-15,7.904787935331115e-14,1.0446113158801026e-13,1,libsad_fusion_f64r4_b128r3_auto_ab3f60d452.so,"[""-DSAD_FORWARD_BLOCK_THREADS=64"", ""-DSAD_FORWARD_REGISTER_BITS=4"", ""-DSAD_BLOCK_THREADS=128"", ""-DSAD_REGISTER_BITS=3"", ""-DSAD_QAOA_FUSE_COST_RX=-1"", ""-DSAD_QAOA_FUSED_BACKWARD=1""]"
qaoa,26,8,auto,optimized,f64r4_b128r3,1,118.997381,3.6872559999999996,316.336675,439.021312,-13.992296268451227,3.552713678800501e-15,7.904787935331115e-14,1.0446113158801026e-13,1,libsad_fusion_f64r4_b128r3_auto_ab3f60d452.so,"[""-DSAD_FORWARD_BLOCK_THREADS=64"", ""-DSAD_FORWARD_REGISTER_BITS=4"", ""-DSAD_BLOCK_THREADS=128"", ""-DSAD_REGISTER_BITS=3"", ""-DSAD_QAOA_FUSE_COST_RX=-1"", ""-DSAD_QAOA_FUSED_BACKWARD=1""]"
qaoa,26,8,auto,optimized,f64r4_b128r3,2,119.852819,3.042947,319.088658,441.98442400000005,-13.992296268451227,3.552713678800501e-15,7.904787935331115e-14,1.0446113158801026e-13,1,libsad_fusion_f64r4_b128r3_auto_ab3f60d452.so,"[""-DSAD_FORWARD_BLOCK_THREADS=64"", ""-DSAD_FORWARD_REGISTER_BITS=4"", ""-DSAD_BLOCK_THREADS=128"", ""-DSAD_REGISTER_BITS=3"", ""-DSAD_QAOA_FUSE_COST_RX=-1"", ""-DSAD_QAOA_FUSED_BACKWARD=1""]"
rzz-hea,26,8,fused-forward_split-backward,optimized,f64r4_b128r3,0,155.034666,10.247675,454.72259199999996,620.0049329999999,2.3880453507405304,2.220446049250313e-15,1.3322676295501878e-15,7.19970198373282e-15,1,libsad_fusion_f64r4_b128r3_fused_forward_split_backward_0031417c41.so,"[""-DSAD_FORWARD_BLOCK_THREADS=64"", ""-DSAD_FORWARD_REGISTER_BITS=4"", ""-DSAD_BLOCK_THREADS=128"", ""-DSAD_REGISTER_BITS=3"", ""-DSAD_RZZ_FORWARD_FUSED=1"", ""-DSAD_RZZ_BACKWARD_STRATEGY=0""]"
rzz-hea,26,8,fused-forward_split-backward,optimized,f64r4_b128r3,1,154.875441,11.17492,455.544332,621.594693,2.3880453507405304,2.220446049250313e-15,1.3322676295501878e-15,7.19970198373282e-15,1,libsad_fusion_f64r4_b128r3_fused_forward_split_backward_0031417c41.so,"[""-DSAD_FORWARD_BLOCK_THREADS=64"", ""-DSAD_FORWARD_REGISTER_BITS=4"", ""-DSAD_BLOCK_THREADS=128"", ""-DSAD_REGISTER_BITS=3"", ""-DSAD_RZZ_FORWARD_FUSED=1"", ""-DSAD_RZZ_BACKWARD_STRATEGY=0""]"
rzz-hea,26,8,fused-forward_split-backward,optimized,f64r4_b128r3,2,152.095285,11.879416,453.844964,617.8196650000001,2.3880453507405304,2.220446049250313e-15,1.3322676295501878e-15,7.19970198373282e-15,1,libsad_fusion_f64r4_b128r3_fused_forward_split_backward_0031417c41.so,"[""-DSAD_FORWARD_BLOCK_THREADS=64"", ""-DSAD_FORWARD_REGISTER_BITS=4"", ""-DSAD_BLOCK_THREADS=128"", ""-DSAD_REGISTER_BITS=3"", ""-DSAD_RZZ_FORWARD_FUSED=1"", ""-DSAD_RZZ_BACKWARD_STRATEGY=0""]"
su2-hea,20,8,split-forward_phased-backward,optimized,f128r3_b64r4,0,1.78783,0.41018,8.687613,10.885623,-0.12535282831387856,1.3877787807814457e-16,3.8510861166685117e-16,1.4176750138580608e-15,1,libsad_fusion_f128r3_b64r4_split_forward_phased_backward_a3372de662.so,"[""-DSAD_FORWARD_BLOCK_THREADS=128"", ""-DSAD_FORWARD_REGISTER_BITS=3"", ""-DSAD_BLOCK_THREADS=64"", ""-DSAD_REGISTER_BITS=4"", ""-DSAD_SU2_FORWARD_STRATEGY=0"", ""-DSAD_SU2_BACKWARD_STRATEGY=2""]"
su2-hea,20,8,split-forward_phased-backward,optimized,f128r3_b64r4,1,1.548444,0.101719,8.199507,9.84967,-0.12535282831387856,1.3877787807814457e-16,3.8510861166685117e-16,1.4176750138580608e-15,1,libsad_fusion_f128r3_b64r4_split_forward_phased_backward_a3372de662.so,"[""-DSAD_FORWARD_BLOCK_THREADS=128"", ""-DSAD_FORWARD_REGISTER_BITS=3"", ""-DSAD_BLOCK_THREADS=64"", ""-DSAD_REGISTER_BITS=4"", ""-DSAD_SU2_FORWARD_STRATEGY=0"", ""-DSAD_SU2_BACKWARD_STRATEGY=2""]"
su2-hea,20,8,split-forward_phased-backward,optimized,f128r3_b64r4,2,1.549643,0.093563,7.555978,9.199183999999999,-0.12535282831387856,1.3877787807814457e-16,3.8510861166685117e-16,1.4176750138580608e-15,1,libsad_fusion_f128r3_b64r4_split_forward_phased_backward_a3372de662.so,"[""-DSAD_FORWARD_BLOCK_THREADS=128"", ""-DSAD_FORWARD_REGISTER_BITS=3"", ""-DSAD_BLOCK_THREADS=64"", ""-DSAD_REGISTER_BITS=4"", ""-DSAD_SU2_FORWARD_STRATEGY=0"", ""-DSAD_SU2_BACKWARD_STRATEGY=2""]"
rzz-hea,24,8,fused-forward_split-backward,optimized,f64r3_b64r4,0,31.013651,1.746057,106.686407,139.446115,5.471528950788189,2.6645352591003757e-15,1.7763568394002505e-15,9.221291575284985e-15,1,libsad_fusion_f64r3_b64r4_fused_forward_split_backward_6ffde65f39.so,"[""-DSAD_FORWARD_BLOCK_THREADS=64"", ""-DSAD_FORWARD_REGISTER_BITS=3"", ""-DSAD_BLOCK_THREADS=64"", ""-DSAD_REGISTER_BITS=4"", ""-DSAD_RZZ_FORWARD_FUSED=1"", ""-DSAD_RZZ_BACKWARD_STRATEGY=0""]"
rzz-hea,24,8,fused-forward_split-backward,optimized,f64r3_b64r4,1,31.372628,1.937303,105.455565,138.76549599999998,5.471528950788189,2.6645352591003757e-15,1.7763568394002505e-15,9.221291575284985e-15,1,libsad_fusion_f64r3_b64r4_fused_forward_split_backward_6ffde65f39.so,"[""-DSAD_FORWARD_BLOCK_THREADS=64"", ""-DSAD_FORWARD_REGISTER_BITS=3"", ""-DSAD_BLOCK_THREADS=64"", ""-DSAD_REGISTER_BITS=4"", ""-DSAD_RZZ_FORWARD_FUSED=1"", ""-DSAD_RZZ_BACKWARD_STRATEGY=0""]"
rzz-hea,24,8,fused-forward_split-backward,optimized,f64r3_b64r4,2,30.883047,1.996809,107.252843,140.132699,5.471528950788189,2.6645352591003757e-15,1.7763568394002505e-15,9.221291575284985e-15,1,libsad_fusion_f64r3_b64r4_fused_forward_split_backward_6ffde65f39.so,"[""-DSAD_FORWARD_BLOCK_THREADS=64"", ""-DSAD_FORWARD_REGISTER_BITS=3"", ""-DSAD_BLOCK_THREADS=64"", ""-DSAD_REGISTER_BITS=4"", ""-DSAD_RZZ_FORWARD_FUSED=1"", ""-DSAD_RZZ_BACKWARD_STRATEGY=0""]"
ra-hea,26,8,real-fused-both,optimized,f64r4_b64r4,0,66.696901,5.697553,175.70539,248.099844,-0.14134595541889847,2.7755575615628914e-17,1.942890293094024e-16,6.650190778414245e-16,1,libsad_fusion_f64r4_b64r4_real_fused_both_e60c482693.so,"[""-DSAD_FORWARD_BLOCK_THREADS=64"", ""-DSAD_FORWARD_REGISTER_BITS=4"", ""-DSAD_BLOCK_THREADS=64"", ""-DSAD_REGISTER_BITS=4"", ""-DSAD_REAL_AMPLITUDE=1""]"
ra-hea,26,8,real-fused-both,optimized,f64r4_b64r4,1,66.50030199999999,5.949427999999999,179.84114100000002,252.29087100000004,-0.14134595541889847,2.7755575615628914e-17,1.942890293094024e-16,6.650190778414245e-16,1,libsad_fusion_f64r4_b64r4_real_fused_both_e60c482693.so,"[""-DSAD_FORWARD_BLOCK_THREADS=64"", ""-DSAD_FORWARD_REGISTER_BITS=4"", ""-DSAD_BLOCK_THREADS=64"", ""-DSAD_REGISTER_BITS=4"", ""-DSAD_REAL_AMPLITUDE=1""]"
ra-hea,26,8,real-fused-both,optimized,f64r4_b64r4,2,65.546512,5.689617,174.014739,245.250868,-0.14134595541889847,2.7755575615628914e-17,1.942890293094024e-16,6.650190778414245e-16,1,libsad_fusion_f64r4_b64r4_real_fused_both_e60c482693.so,"[""-DSAD_FORWARD_BLOCK_THREADS=64"", ""-DSAD_FORWARD_REGISTER_BITS=4"", ""-DSAD_BLOCK_THREADS=64"", ""-DSAD_REGISTER_BITS=4"", ""-DSAD_REAL_AMPLITUDE=1""]"
su2-hea,24,8,split-forward_phased-backward,optimized,f128r3_b64r4,0,33.699042999999996,1.741414,145.134299,180.574756,-0.0453940022103476,8.326672684688674e-17,5.273559366969494e-16,1.7702061543392703e-15,1,libsad_fusion_f128r3_b64r4_split_forward_phased_backward_a3372de662.so,"[""-DSAD_FORWARD_BLOCK_THREADS=128"", ""-DSAD_FORWARD_REGISTER_BITS=3"", ""-DSAD_BLOCK_THREADS=64"", ""-DSAD_REGISTER_BITS=4"", ""-DSAD_SU2_FORWARD_STRATEGY=0"", ""-DSAD_SU2_BACKWARD_STRATEGY=2""]"
su2-hea,24,8,split-forward_phased-backward,optimized,f128r3_b64r4,1,33.258346,1.745768,147.72526399999998,182.729378,-0.0453940022103476,8.326672684688674e-17,5.273559366969494e-16,1.7702061543392703e-15,1,libsad_fusion_f128r3_b64r4_split_forward_phased_backward_a3372de662.so,"[""-DSAD_FORWARD_BLOCK_THREADS=128"", ""-DSAD_FORWARD_REGISTER_BITS=3"", ""-DSAD_BLOCK_THREADS=64"", ""-DSAD_REGISTER_BITS=4"", ""-DSAD_SU2_FORWARD_STRATEGY=0"", ""-DSAD_SU2_BACKWARD_STRATEGY=2""]"
su2-hea,24,8,split-forward_phased-backward,optimized,f128r3_b64r4,2,33.274209,1.8902619999999999,145.67508700000002,180.839558,-0.0453940022103476,8.326672684688674e-17,5.273559366969494e-16,1.7702061543392703e-15,1,libsad_fusion_f128r3_b64r4_split_forward_phased_backward_a3372de662.so,"[""-DSAD_FORWARD_BLOCK_THREADS=128"", ""-DSAD_FORWARD_REGISTER_BITS=3"", ""-DSAD_BLOCK_THREADS=64"", ""-DSAD_REGISTER_BITS=4"", ""-DSAD_SU2_FORWARD_STRATEGY=0"", ""-DSAD_SU2_BACKWARD_STRATEGY=2""]"
qaoa,24,8,split-both,optimized,f64r3_b64r4,0,29.839002,0.711808,82.54992899999999,113.10073899999999,-12.915965786262685,3.552713678800501e-15,7.993605777301127e-15,1.4438876206545318e-14,1,libsad_fusion_f64r3_b64r4_split_both_00cc3cdfca.so,"[""-DSAD_FORWARD_BLOCK_THREADS=64"", ""-DSAD_FORWARD_REGISTER_BITS=3"", ""-DSAD_BLOCK_THREADS=64"", ""-DSAD_REGISTER_BITS=4"", ""-DSAD_QAOA_FUSE_COST_RX=0"", ""-DSAD_QAOA_FUSED_BACKWARD=0""]"
qaoa,24,8,split-both,optimized,f64r3_b64r4,1,28.615537,0.715902,82.994919,112.326358,-12.915965786262685,3.552713678800501e-15,7.993605777301127e-15,1.4438876206545318e-14,1,libsad_fusion_f64r3_b64r4_split_both_00cc3cdfca.so,"[""-DSAD_FORWARD_BLOCK_THREADS=64"", ""-DSAD_FORWARD_REGISTER_BITS=3"", ""-DSAD_BLOCK_THREADS=64"", ""-DSAD_REGISTER_BITS=4"", ""-DSAD_QAOA_FUSE_COST_RX=0"", ""-DSAD_QAOA_FUSED_BACKWARD=0""]"
qaoa,24,8,split-both,optimized,f64r3_b64r4,2,29.522827000000003,0.709201,81.29561100000001,111.52763900000001,-12.915965786262685,3.552713678800501e-15,7.993605777301127e-15,1.4438876206545318e-14,1,libsad_fusion_f64r3_b64r4_split_both_00cc3cdfca.so,"[""-DSAD_FORWARD_BLOCK_THREADS=64"", ""-DSAD_FORWARD_REGISTER_BITS=3"", ""-DSAD_BLOCK_THREADS=64"", ""-DSAD_REGISTER_BITS=4"", ""-DSAD_QAOA_FUSE_COST_RX=0"", ""-DSAD_QAOA_FUSED_BACKWARD=0""]"
qaoa,24,8,fused-both,optimized,f64r3_b64r4,0,26.131509,0.691554,77.084862,103.907925,-12.915965786262671,1.0658141036401503e-14,6.039613253960852e-14,8.57072760268927e-14,1,libsad_fusion_f64r3_b64r4_fused_both_aaa9c0f863.so,"[""-DSAD_FORWARD_BLOCK_THREADS=64"", ""-DSAD_FORWARD_REGISTER_BITS=3"", ""-DSAD_BLOCK_THREADS=64"", ""-DSAD_REGISTER_BITS=4"", ""-DSAD_QAOA_FUSE_COST_RX=1"", ""-DSAD_QAOA_FUSED_BACKWARD=2""]"
qaoa,24,8,fused-both,optimized,f64r3_b64r4,1,26.619083000000003,0.7058220000000001,79.295706,106.62061100000001,-12.915965786262671,1.0658141036401503e-14,6.039613253960852e-14,8.57072760268927e-14,1,libsad_fusion_f64r3_b64r4_fused_both_aaa9c0f863.so,"[""-DSAD_FORWARD_BLOCK_THREADS=64"", ""-DSAD_FORWARD_REGISTER_BITS=3"", ""-DSAD_BLOCK_THREADS=64"", ""-DSAD_REGISTER_BITS=4"", ""-DSAD_QAOA_FUSE_COST_RX=1"", ""-DSAD_QAOA_FUSED_BACKWARD=2""]"
qaoa,24,8,fused-both,optimized,f64r3_b64r4,2,25.440087,0.7144,78.332735,104.487222,-12.915965786262671,1.0658141036401503e-14,6.039613253960852e-14,8.57072760268927e-14,1,libsad_fusion_f64r3_b64r4_fused_both_aaa9c0f863.so,"[""-DSAD_FORWARD_BLOCK_THREADS=64"", ""-DSAD_FORWARD_REGISTER_BITS=3"", ""-DSAD_BLOCK_THREADS=64"", ""-DSAD_REGISTER_BITS=4"", ""-DSAD_QAOA_FUSE_COST_RX=1"", ""-DSAD_QAOA_FUSED_BACKWARD=2""]"
su2-hea,24,8,lookup-forward_phased-backward,optimized,f128r3_b64r4,0,25.462374999999998,2.0074229999999997,145.72396300000003,173.193761,-0.04539400221034752,0.0,5.412337245047638e-16,1.7424403530978435e-15,1,libsad_fusion_f128r3_b64r4_lookup_forward_phased_backward_2210ed799a.so,"[""-DSAD_FORWARD_BLOCK_THREADS=128"", ""-DSAD_FORWARD_REGISTER_BITS=3"", ""-DSAD_BLOCK_THREADS=64"", ""-DSAD_REGISTER_BITS=4"", ""-DSAD_SU2_FORWARD_STRATEGY=1"", ""-DSAD_SU2_BACKWARD_STRATEGY=2""]"
su2-hea,24,8,lookup-forward_phased-backward,optimized,f128r3_b64r4,1,26.219317,1.7206540000000001,145.066786,173.00675700000002,-0.04539400221034752,0.0,5.412337245047638e-16,1.7424403530978435e-15,1,libsad_fusion_f128r3_b64r4_lookup_forward_phased_backward_2210ed799a.so,"[""-DSAD_FORWARD_BLOCK_THREADS=128"", ""-DSAD_FORWARD_REGISTER_BITS=3"", ""-DSAD_BLOCK_THREADS=64"", ""-DSAD_REGISTER_BITS=4"", ""-DSAD_SU2_FORWARD_STRATEGY=1"", ""-DSAD_SU2_BACKWARD_STRATEGY=2""]"
su2-hea,24,8,lookup-forward_phased-backward,optimized,f128r3_b64r4,2,26.49361,1.86034,144.842452,173.196402,-0.04539400221034752,0.0,5.412337245047638e-16,1.7424403530978435e-15,1,libsad_fusion_f128r3_b64r4_lookup_forward_phased_backward_2210ed799a.so,"[""-DSAD_FORWARD_BLOCK_THREADS=128"", ""-DSAD_FORWARD_REGISTER_BITS=3"", ""-DSAD_BLOCK_THREADS=64"", ""-DSAD_REGISTER_BITS=4"", ""-DSAD_SU2_FORWARD_STRATEGY=1"", ""-DSAD_SU2_BACKWARD_STRATEGY=2""]"
qaoa,26,8,fused-backward,optimized,f64r4_b128r3,0,136.624732,2.945883,315.627898,455.19851300000005,-13.992296268451225,5.329070518200751e-15,8.171241461241152e-14,1.0705877805712931e-13,1,libsad_fusion_f64r4_b128r3_fused_backward_341a4da1d1.so,"[""-DSAD_FORWARD_BLOCK_THREADS=64"", ""-DSAD_FORWARD_REGISTER_BITS=4"", ""-DSAD_BLOCK_THREADS=128"", ""-DSAD_REGISTER_BITS=3"", ""-DSAD_QAOA_FUSE_COST_RX=0"", ""-DSAD_QAOA_FUSED_BACKWARD=2""]"
qaoa,26,8,fused-backward,optimized,f64r4_b128r3,1,136.349179,2.822353,317.774583,456.94611499999996,-13.992296268451225,5.329070518200751e-15,8.171241461241152e-14,1.0705877805712931e-13,1,libsad_fusion_f64r4_b128r3_fused_backward_341a4da1d1.so,"[""-DSAD_FORWARD_BLOCK_THREADS=64"", ""-DSAD_FORWARD_REGISTER_BITS=4"", ""-DSAD_BLOCK_THREADS=128"", ""-DSAD_REGISTER_BITS=3"", ""-DSAD_QAOA_FUSE_COST_RX=0"", ""-DSAD_QAOA_FUSED_BACKWARD=2""]"
qaoa,26,8,fused-backward,optimized,f64r4_b128r3,2,137.75008699999998,2.929004,313.665269,454.34436,-13.992296268451225,5.329070518200751e-15,8.171241461241152e-14,1.0705877805712931e-13,1,libsad_fusion_f64r4_b128r3_fused_backward_341a4da1d1.so,"[""-DSAD_FORWARD_BLOCK_THREADS=64"", ""-DSAD_FORWARD_REGISTER_BITS=4"", ""-DSAD_BLOCK_THREADS=128"", ""-DSAD_REGISTER_BITS=3"", ""-DSAD_QAOA_FUSE_COST_RX=0"", ""-DSAD_QAOA_FUSED_BACKWARD=2""]"
su2-hea,24,8,lookup-forward_lookup-backward,optimized,f128r3_b64r4,0,26.94386,2.0084769999999996,98.854424,127.806761,-0.045394002210347624,1.0408340855860843e-16,5.689893001203927e-16,1.7671603488385992e-15,1,libsad_fusion_f128r3_b64r4_lookup_forward_lookup_backward_7b8f8fcfcf.so,"[""-DSAD_FORWARD_BLOCK_THREADS=128"", ""-DSAD_FORWARD_REGISTER_BITS=3"", ""-DSAD_BLOCK_THREADS=64"", ""-DSAD_REGISTER_BITS=4"", ""-DSAD_SU2_FORWARD_STRATEGY=1"", ""-DSAD_SU2_BACKWARD_STRATEGY=1""]"
su2-hea,24,8,lookup-forward_lookup-backward,optimized,f128r3_b64r4,1,26.928441,1.945783,101.779599,130.653823,-0.045394002210347624,1.0408340855860843e-16,5.689893001203927e-16,1.7671603488385992e-15,1,libsad_fusion_f128r3_b64r4_lookup_forward_lookup_backward_7b8f8fcfcf.so,"[""-DSAD_FORWARD_BLOCK_THREADS=128"", ""-DSAD_FORWARD_REGISTER_BITS=3"", ""-DSAD_BLOCK_THREADS=64"", ""-DSAD_REGISTER_BITS=4"", ""-DSAD_SU2_FORWARD_STRATEGY=1"", ""-DSAD_SU2_BACKWARD_STRATEGY=1""]"
su2-hea,24,8,lookup-forward_lookup-backward,optimized,f128r3_b64r4,2,26.005373,2.036699,99.078825,127.12089699999999,-0.045394002210347624,1.0408340855860843e-16,5.689893001203927e-16,1.7671603488385992e-15,1,libsad_fusion_f128r3_b64r4_lookup_forward_lookup_backward_7b8f8fcfcf.so,"[""-DSAD_FORWARD_BLOCK_THREADS=128"", ""-DSAD_FORWARD_REGISTER_BITS=3"", ""-DSAD_BLOCK_THREADS=64"", ""-DSAD_REGISTER_BITS=4"", ""-DSAD_SU2_FORWARD_STRATEGY=1"", ""-DSAD_SU2_BACKWARD_STRATEGY=1""]"
su2-hea,26,8,auto,optimized,f128r3_b64r4,0,118.519723,11.267311000000001,439.089428,568.876462,-0.15118700614836508,8.326672684688674e-17,1.762479051592436e-15,3.85366564500218e-15,1,libsad_fusion_f128r3_b64r4_auto_a330c9365c.so,"[""-DSAD_FORWARD_BLOCK_THREADS=128"", ""-DSAD_FORWARD_REGISTER_BITS=3"", ""-DSAD_BLOCK_THREADS=64"", ""-DSAD_REGISTER_BITS=4""]"
su2-hea,26,8,auto,optimized,f128r3_b64r4,1,118.494222,11.338955,442.20793000000003,572.041107,-0.15118700614836508,8.326672684688674e-17,1.762479051592436e-15,3.85366564500218e-15,1,libsad_fusion_f128r3_b64r4_auto_a330c9365c.so,"[""-DSAD_FORWARD_BLOCK_THREADS=128"", ""-DSAD_FORWARD_REGISTER_BITS=3"", ""-DSAD_BLOCK_THREADS=64"", ""-DSAD_REGISTER_BITS=4""]"
su2-hea,26,8,auto,optimized,f128r3_b64r4,2,118.801109,11.123463000000001,436.766088,566.69066,-0.15118700614836508,8.326672684688674e-17,1.762479051592436e-15,3.85366564500218e-15,1,libsad_fusion_f128r3_b64r4_auto_a330c9365c.so,"[""-DSAD_FORWARD_BLOCK_THREADS=128"", ""-DSAD_FORWARD_REGISTER_BITS=3"", ""-DSAD_BLOCK_THREADS=64"", ""-DSAD_REGISTER_BITS=4""]"
su2-hea,20,8,lookup-forward_split-backward,optimized,f128r3_b64r4,0,1.4324999999999999,0.10153,4.848222,6.382251999999999,-0.12535282831387856,1.3877787807814457e-16,1.1102230246251565e-16,4.898507755648903e-16,1,libsad_fusion_f128r3_b64r4_lookup_forward_split_backward_d2cc1cb087.so,"[""-DSAD_FORWARD_BLOCK_THREADS=128"", ""-DSAD_FORWARD_REGISTER_BITS=3"", ""-DSAD_BLOCK_THREADS=64"", ""-DSAD_REGISTER_BITS=4"", ""-DSAD_SU2_FORWARD_STRATEGY=1"", ""-DSAD_SU2_BACKWARD_STRATEGY=0""]"
su2-hea,20,8,lookup-forward_split-backward,optimized,f128r3_b64r4,1,1.431678,0.26746000000000003,5.382872000000001,7.08201,-0.12535282831387856,1.3877787807814457e-16,1.1102230246251565e-16,4.898507755648903e-16,1,libsad_fusion_f128r3_b64r4_lookup_forward_split_backward_d2cc1cb087.so,"[""-DSAD_FORWARD_BLOCK_THREADS=128"", ""-DSAD_FORWARD_REGISTER_BITS=3"", ""-DSAD_BLOCK_THREADS=64"", ""-DSAD_REGISTER_BITS=4"", ""-DSAD_SU2_FORWARD_STRATEGY=1"", ""-DSAD_SU2_BACKWARD_STRATEGY=0""]"
su2-hea,20,8,lookup-forward_split-backward,optimized,f128r3_b64r4,2,1.5921450000000001,0.240943,4.89335,6.726438000000001,-0.12535282831387856,1.3877787807814457e-16,1.1102230246251565e-16,4.898507755648903e-16,1,libsad_fusion_f128r3_b64r4_lookup_forward_split_backward_d2cc1cb087.so,"[""-DSAD_FORWARD_BLOCK_THREADS=128"", ""-DSAD_FORWARD_REGISTER_BITS=3"", ""-DSAD_BLOCK_THREADS=64"", ""-DSAD_REGISTER_BITS=4"", ""-DSAD_SU2_FORWARD_STRATEGY=1"", ""-DSAD_SU2_BACKWARD_STRATEGY=0""]"
rzz-hea,20,8,fused-forward_split-backward,optimized,f128r2_b128r2,0,1.759226,0.232828,5.717214,7.709268,0.7166911626593797,1.6653345369377348e-15,1.3322676295501878e-15,6.861307913863816e-15,1,libsad_fusion_f128r2_b128r2_fused_forward_split_backward_1714f0e737.so,"[""-DSAD_RZZ_FORWARD_FUSED=1"", ""-DSAD_RZZ_BACKWARD_STRATEGY=0""]"
rzz-hea,20,8,fused-forward_split-backward,optimized,f128r2_b128r2,1,1.768575,0.093725,5.876392999999999,7.738693,0.7166911626593797,1.6653345369377348e-15,1.3322676295501878e-15,6.861307913863816e-15,1,libsad_fusion_f128r2_b128r2_fused_forward_split_backward_1714f0e737.so,"[""-DSAD_RZZ_FORWARD_FUSED=1"", ""-DSAD_RZZ_BACKWARD_STRATEGY=0""]"
rzz-hea,20,8,fused-forward_split-backward,optimized,f128r2_b128r2,2,1.6262029999999998,0.09306400000000001,5.603827,7.323093999999999,0.7166911626593797,1.6653345369377348e-15,1.3322676295501878e-15,6.861307913863816e-15,1,libsad_fusion_f128r2_b128r2_fused_forward_split_backward_1714f0e737.so,"[""-DSAD_RZZ_FORWARD_FUSED=1"", ""-DSAD_RZZ_BACKWARD_STRATEGY=0""]"
qaoa,24,8,fused-forward,optimized,f64r3_b64r4,0,27.430923,0.9922799999999999,81.847572,110.27077499999999,-12.915965786262673,8.881784197001252e-15,2.353672812205332e-14,3.1599451620032646e-14,1,libsad_fusion_f64r3_b64r4_fused_forward_f3f77f428b.so,"[""-DSAD_FORWARD_BLOCK_THREADS=64"", ""-DSAD_FORWARD_REGISTER_BITS=3"", ""-DSAD_BLOCK_THREADS=64"", ""-DSAD_REGISTER_BITS=4"", ""-DSAD_QAOA_FUSE_COST_RX=1"", ""-DSAD_QAOA_FUSED_BACKWARD=0""]"
qaoa,24,8,fused-forward,optimized,f64r3_b64r4,1,24.2283,0.875691,84.488507,109.592498,-12.915965786262673,8.881784197001252e-15,2.353672812205332e-14,3.1599451620032646e-14,1,libsad_fusion_f64r3_b64r4_fused_forward_f3f77f428b.so,"[""-DSAD_FORWARD_BLOCK_THREADS=64"", ""-DSAD_FORWARD_REGISTER_BITS=3"", ""-DSAD_BLOCK_THREADS=64"", ""-DSAD_REGISTER_BITS=4"", ""-DSAD_QAOA_FUSE_COST_RX=1"", ""-DSAD_QAOA_FUSED_BACKWARD=0""]"
qaoa,24,8,fused-forward,optimized,f64r3_b64r4,2,25.452754000000002,0.701426,81.080868,107.235048,-12.915965786262673,8.881784197001252e-15,2.353672812205332e-14,3.1599451620032646e-14,1,libsad_fusion_f64r3_b64r4_fused_forward_f3f77f428b.so,"[""-DSAD_FORWARD_BLOCK_THREADS=64"", ""-DSAD_FORWARD_REGISTER_BITS=3"", ""-DSAD_BLOCK_THREADS=64"", ""-DSAD_REGISTER_BITS=4"", ""-DSAD_QAOA_FUSE_COST_RX=1"", ""-DSAD_QAOA_FUSED_BACKWARD=0""]"
su2-hea,20,8,phased-forward_lookup-backward,optimized,f128r3_b64r4,0,2.895515,0.097559,5.200905,8.193979,-0.1253528283138786,1.6653345369377348e-16,3.7491711124548743e-16,1.5193191903524372e-15,1,libsad_fusion_f128r3_b64r4_phased_forward_lookup_backward_7df21f009d.so,"[""-DSAD_FORWARD_BLOCK_THREADS=128"", ""-DSAD_FORWARD_REGISTER_BITS=3"", ""-DSAD_BLOCK_THREADS=64"", ""-DSAD_REGISTER_BITS=4"", ""-DSAD_SU2_FORWARD_STRATEGY=2"", ""-DSAD_SU2_BACKWARD_STRATEGY=1""]"
su2-hea,20,8,phased-forward_lookup-backward,optimized,f128r3_b64r4,1,2.153638,0.101121,5.58406,7.838819,-0.1253528283138786,1.6653345369377348e-16,3.7491711124548743e-16,1.5193191903524372e-15,1,libsad_fusion_f128r3_b64r4_phased_forward_lookup_backward_7df21f009d.so,"[""-DSAD_FORWARD_BLOCK_THREADS=128"", ""-DSAD_FORWARD_REGISTER_BITS=3"", ""-DSAD_BLOCK_THREADS=64"", ""-DSAD_REGISTER_BITS=4"", ""-DSAD_SU2_FORWARD_STRATEGY=2"", ""-DSAD_SU2_BACKWARD_STRATEGY=1""]"
su2-hea,20,8,phased-forward_lookup-backward,optimized,f128r3_b64r4,2,2.28847,0.10132999999999999,5.191804,7.5816040000000005,-0.1253528283138786,1.6653345369377348e-16,3.7491711124548743e-16,1.5193191903524372e-15,1,libsad_fusion_f128r3_b64r4_phased_forward_lookup_backward_7df21f009d.so,"[""-DSAD_FORWARD_BLOCK_THREADS=128"", ""-DSAD_FORWARD_REGISTER_BITS=3"", ""-DSAD_BLOCK_THREADS=64"", ""-DSAD_REGISTER_BITS=4"", ""-DSAD_SU2_FORWARD_STRATEGY=2"", ""-DSAD_SU2_BACKWARD_STRATEGY=1""]"
qaoa,24,8,fused-backward,optimized,f64r3_b64r4,0,30.679025,0.7015809999999999,77.182767,108.56337299999998,-12.915965786262673,8.881784197001252e-15,5.861977570020827e-14,8.264072441140049e-14,1,libsad_fusion_f64r3_b64r4_fused_backward_a3f9814287.so,"[""-DSAD_FORWARD_BLOCK_THREADS=64"", ""-DSAD_FORWARD_REGISTER_BITS=3"", ""-DSAD_BLOCK_THREADS=64"", ""-DSAD_REGISTER_BITS=4"", ""-DSAD_QAOA_FUSE_COST_RX=0"", ""-DSAD_QAOA_FUSED_BACKWARD=2""]"
qaoa,24,8,fused-backward,optimized,f64r3_b64r4,1,29.143285000000002,0.7014929999999999,76.991681,106.836459,-12.915965786262673,8.881784197001252e-15,5.861977570020827e-14,8.264072441140049e-14,1,libsad_fusion_f64r3_b64r4_fused_backward_a3f9814287.so,"[""-DSAD_FORWARD_BLOCK_THREADS=64"", ""-DSAD_FORWARD_REGISTER_BITS=3"", ""-DSAD_BLOCK_THREADS=64"", ""-DSAD_REGISTER_BITS=4"", ""-DSAD_QAOA_FUSE_COST_RX=0"", ""-DSAD_QAOA_FUSED_BACKWARD=2""]"
qaoa,24,8,fused-backward,optimized,f64r3_b64r4,2,30.769182,0.713428,79.60386299999999,111.086473,-12.915965786262673,8.881784197001252e-15,5.861977570020827e-14,8.264072441140049e-14,1,libsad_fusion_f64r3_b64r4_fused_backward_a3f9814287.so,"[""-DSAD_FORWARD_BLOCK_THREADS=64"", ""-DSAD_FORWARD_REGISTER_BITS=3"", ""-DSAD_BLOCK_THREADS=64"", ""-DSAD_REGISTER_BITS=4"", ""-DSAD_QAOA_FUSE_COST_RX=0"", ""-DSAD_QAOA_FUSED_BACKWARD=2""]"
rzz-hea,26,8,split-forward_split-backward,optimized,f64r4_b128r3,0,174.32433699999999,11.473343999999999,457.689123,643.4868039999999,2.3880453507405326,0.0,1.4432899320127035e-15,6.931651180511968e-15,1,libsad_fusion_f64r4_b128r3_split_forward_split_backward_e4d2b694f4.so,"[""-DSAD_FORWARD_BLOCK_THREADS=64"", ""-DSAD_FORWARD_REGISTER_BITS=4"", ""-DSAD_BLOCK_THREADS=128"", ""-DSAD_REGISTER_BITS=3"", ""-DSAD_RZZ_FORWARD_FUSED=0"", ""-DSAD_RZZ_BACKWARD_STRATEGY=0""]"
rzz-hea,26,8,split-forward_split-backward,optimized,f64r4_b128r3,1,175.039692,10.246698,458.54632699999996,643.832717,2.3880453507405326,0.0,1.4432899320127035e-15,6.931651180511968e-15,1,libsad_fusion_f64r4_b128r3_split_forward_split_backward_e4d2b694f4.so,"[""-DSAD_FORWARD_BLOCK_THREADS=64"", ""-DSAD_FORWARD_REGISTER_BITS=4"", ""-DSAD_BLOCK_THREADS=128"", ""-DSAD_REGISTER_BITS=3"", ""-DSAD_RZZ_FORWARD_FUSED=0"", ""-DSAD_RZZ_BACKWARD_STRATEGY=0""]"
rzz-hea,26,8,split-forward_split-backward,optimized,f64r4_b128r3,2,176.691289,11.651385,455.023778,643.366452,2.3880453507405326,0.0,1.4432899320127035e-15,6.931651180511968e-15,1,libsad_fusion_f64r4_b128r3_split_forward_split_backward_e4d2b694f4.so,"[""-DSAD_FORWARD_BLOCK_THREADS=64"", ""-DSAD_FORWARD_REGISTER_BITS=4"", ""-DSAD_BLOCK_THREADS=128"", ""-DSAD_REGISTER_BITS=3"", ""-DSAD_RZZ_FORWARD_FUSED=0"", ""-DSAD_RZZ_BACKWARD_STRATEGY=0""]"
rzz-hea,24,8,split-forward_fused-backward,optimized,f64r3_b64r4,0,40.80656,1.939804,119.61967,162.36603399999998,5.47152895078819,3.552713678800501e-15,1.0436096431476471e-14,2.7071993441550266e-14,1,libsad_fusion_f64r3_b64r4_split_forward_fused_backward_762dab87c4.so,"[""-DSAD_FORWARD_BLOCK_THREADS=64"", ""-DSAD_FORWARD_REGISTER_BITS=3"", ""-DSAD_BLOCK_THREADS=64"", ""-DSAD_REGISTER_BITS=4"", ""-DSAD_RZZ_FORWARD_FUSED=0"", ""-DSAD_RZZ_BACKWARD_STRATEGY=2""]"
rzz-hea,24,8,split-forward_fused-backward,optimized,f64r3_b64r4,1,39.710903,2.054709,120.232354,161.997966,5.47152895078819,3.552713678800501e-15,1.0436096431476471e-14,2.7071993441550266e-14,1,libsad_fusion_f64r3_b64r4_split_forward_fused_backward_762dab87c4.so,"[""-DSAD_FORWARD_BLOCK_THREADS=64"", ""-DSAD_FORWARD_REGISTER_BITS=3"", ""-DSAD_BLOCK_THREADS=64"", ""-DSAD_REGISTER_BITS=4"", ""-DSAD_RZZ_FORWARD_FUSED=0"", ""-DSAD_RZZ_BACKWARD_STRATEGY=2""]"
rzz-hea,24,8,split-forward_fused-backward,optimized,f64r3_b64r4,2,38.683175,1.767355,121.297085,161.74761500000002,5.47152895078819,3.552713678800501e-15,1.0436096431476471e-14,2.7071993441550266e-14,1,libsad_fusion_f64r3_b64r4_split_forward_fused_backward_762dab87c4.so,"[""-DSAD_FORWARD_BLOCK_THREADS=64"", ""-DSAD_FORWARD_REGISTER_BITS=3"", ""-DSAD_BLOCK_THREADS=64"", ""-DSAD_REGISTER_BITS=4"", ""-DSAD_RZZ_FORWARD_FUSED=0"", ""-DSAD_RZZ_BACKWARD_STRATEGY=2""]"
qaoa,26,8,split-both,optimized,f64r4_b128r3,0,136.291287,3.09981,347.89333500000004,487.28443200000004,-13.992296268451232,1.7763568394002505e-15,1.0658141036401503e-14,1.718838953936386e-14,1,libsad_fusion_f64r4_b128r3_split_both_4026bf3948.so,"[""-DSAD_FORWARD_BLOCK_THREADS=64"", ""-DSAD_FORWARD_REGISTER_BITS=4"", ""-DSAD_BLOCK_THREADS=128"", ""-DSAD_REGISTER_BITS=3"", ""-DSAD_QAOA_FUSE_COST_RX=0"", ""-DSAD_QAOA_FUSED_BACKWARD=0""]"
qaoa,26,8,split-both,optimized,f64r4_b128r3,1,137.892016,3.330495,348.321453,489.543964,-13.992296268451232,1.7763568394002505e-15,1.0658141036401503e-14,1.718838953936386e-14,1,libsad_fusion_f64r4_b128r3_split_both_4026bf3948.so,"[""-DSAD_FORWARD_BLOCK_THREADS=64"", ""-DSAD_FORWARD_REGISTER_BITS=4"", ""-DSAD_BLOCK_THREADS=128"", ""-DSAD_REGISTER_BITS=3"", ""-DSAD_QAOA_FUSE_COST_RX=0"", ""-DSAD_QAOA_FUSED_BACKWARD=0""]"
qaoa,26,8,split-both,optimized,f64r4_b128r3,2,136.652838,2.778986,351.358876,490.7907,-13.992296268451232,1.7763568394002505e-15,1.0658141036401503e-14,1.718838953936386e-14,1,libsad_fusion_f64r4_b128r3_split_both_4026bf3948.so,"[""-DSAD_FORWARD_BLOCK_THREADS=64"", ""-DSAD_FORWARD_REGISTER_BITS=4"", ""-DSAD_BLOCK_THREADS=128"", ""-DSAD_REGISTER_BITS=3"", ""-DSAD_QAOA_FUSE_COST_RX=0"", ""-DSAD_QAOA_FUSED_BACKWARD=0""]"
su2-hea,20,8,auto,optimized,f128r3_b64r4,0,1.422123,0.094392,4.5802439999999995,6.0967590000000005,-0.12535282831387856,1.3877787807814457e-16,1.8041124150158794e-16,5.527601557873396e-16,1,libsad_fusion_f128r3_b64r4_auto_a330c9365c.so,"[""-DSAD_FORWARD_BLOCK_THREADS=128"", ""-DSAD_FORWARD_REGISTER_BITS=3"", ""-DSAD_BLOCK_THREADS=64"", ""-DSAD_REGISTER_BITS=4""]"
su2-hea,20,8,auto,optimized,f128r3_b64r4,1,1.42267,0.10175600000000001,4.579657,6.104083,-0.12535282831387856,1.3877787807814457e-16,1.8041124150158794e-16,5.527601557873396e-16,1,libsad_fusion_f128r3_b64r4_auto_a330c9365c.so,"[""-DSAD_FORWARD_BLOCK_THREADS=128"", ""-DSAD_FORWARD_REGISTER_BITS=3"", ""-DSAD_BLOCK_THREADS=64"", ""-DSAD_REGISTER_BITS=4""]"
su2-hea,20,8,auto,optimized,f128r3_b64r4,2,1.4211580000000001,0.101271,5.117974,6.640402999999999,-0.12535282831387856,1.3877787807814457e-16,1.8041124150158794e-16,5.527601557873396e-16,1,libsad_fusion_f128r3_b64r4_auto_a330c9365c.so,"[""-DSAD_FORWARD_BLOCK_THREADS=128"", ""-DSAD_FORWARD_REGISTER_BITS=3"", ""-DSAD_BLOCK_THREADS=64"", ""-DSAD_REGISTER_BITS=4""]"
su2-hea,24,8,auto,optimized,f128r3_b64r4,0,26.875971,2.25002,100.35965900000001,129.48565000000002,-0.04539400221034761,9.020562075079397e-17,5.689893001203927e-16,1.7275248378024294e-15,1,libsad_fusion_f128r3_b64r4_auto_a330c9365c.so,"[""-DSAD_FORWARD_BLOCK_THREADS=128"", ""-DSAD_FORWARD_REGISTER_BITS=3"", ""-DSAD_BLOCK_THREADS=64"", ""-DSAD_REGISTER_BITS=4""]"
su2-hea,24,8,auto,optimized,f128r3_b64r4,1,26.665777000000002,1.7421,98.38221,126.790087,-0.04539400221034761,9.020562075079397e-17,5.689893001203927e-16,1.7275248378024294e-15,1,libsad_fusion_f128r3_b64r4_auto_a330c9365c.so,"[""-DSAD_FORWARD_BLOCK_THREADS=128"", ""-DSAD_FORWARD_REGISTER_BITS=3"", ""-DSAD_BLOCK_THREADS=64"", ""-DSAD_REGISTER_BITS=4""]"
su2-hea,24,8,auto,optimized,f128r3_b64r4,2,27.202603999999997,1.90077,100.21176399999999,129.315138,-0.04539400221034761,9.020562075079397e-17,5.689893001203927e-16,1.7275248378024294e-15,1,libsad_fusion_f128r3_b64r4_auto_a330c9365c.so,"[""-DSAD_FORWARD_BLOCK_THREADS=128"", ""-DSAD_FORWARD_REGISTER_BITS=3"", ""-DSAD_BLOCK_THREADS=64"", ""-DSAD_REGISTER_BITS=4""]"
ra-hea,24,8,complex-fused-forward,optimized,f64r4_b64r4,0,25.168182,1.6962469999999998,80.17199099999999,107.03641999999999,0.20868817063305523,1.1102230246251565e-16,1.942890293094024e-16,5.948786080724688e-16,1,libsad_fusion_f64r4_b64r4_complex_fused_forward_4fbad961c2.so,"[""-DSAD_FORWARD_BLOCK_THREADS=64"", ""-DSAD_FORWARD_REGISTER_BITS=4"", ""-DSAD_BLOCK_THREADS=64"", ""-DSAD_REGISTER_BITS=4"", ""-DSAD_REAL_AMPLITUDE=0"", ""-DSAD_RA_FORWARD_FUSED=1"", ""-DSAD_RA_BACKWARD_FUSED=0""]"
ra-hea,24,8,complex-fused-forward,optimized,f64r4_b64r4,1,25.592203,1.827347,79.229703,106.649253,0.20868817063305523,1.1102230246251565e-16,1.942890293094024e-16,5.948786080724688e-16,1,libsad_fusion_f64r4_b64r4_complex_fused_forward_4fbad961c2.so,"[""-DSAD_FORWARD_BLOCK_THREADS=64"", ""-DSAD_FORWARD_REGISTER_BITS=4"", ""-DSAD_BLOCK_THREADS=64"", ""-DSAD_REGISTER_BITS=4"", ""-DSAD_REAL_AMPLITUDE=0"", ""-DSAD_RA_FORWARD_FUSED=1"", ""-DSAD_RA_BACKWARD_FUSED=0""]"
ra-hea,24,8,complex-fused-forward,optimized,f64r4_b64r4,2,26.185343,1.8590740000000001,78.656558,106.700975,0.20868817063305523,1.1102230246251565e-16,1.942890293094024e-16,5.948786080724688e-16,1,libsad_fusion_f64r4_b64r4_complex_fused_forward_4fbad961c2.so,"[""-DSAD_FORWARD_BLOCK_THREADS=64"", ""-DSAD_FORWARD_REGISTER_BITS=4"", ""-DSAD_BLOCK_THREADS=64"", ""-DSAD_REGISTER_BITS=4"", ""-DSAD_REAL_AMPLITUDE=0"", ""-DSAD_RA_FORWARD_FUSED=1"", ""-DSAD_RA_BACKWARD_FUSED=0""]"
su2-hea,26,8,lookup-forward_split-backward,optimized,f128r3_b64r4,0,116.977839,10.887986,427.369218,555.2350429999999,-0.15118700614836508,8.326672684688674e-17,1.942890293094024e-16,6.412435619808717e-16,1,libsad_fusion_f128r3_b64r4_lookup_forward_split_backward_d2cc1cb087.so,"[""-DSAD_FORWARD_BLOCK_THREADS=128"", ""-DSAD_FORWARD_REGISTER_BITS=3"", ""-DSAD_BLOCK_THREADS=64"", ""-DSAD_REGISTER_BITS=4"", ""-DSAD_SU2_FORWARD_STRATEGY=1"", ""-DSAD_SU2_BACKWARD_STRATEGY=0""]"
su2-hea,26,8,lookup-forward_split-backward,optimized,f128r3_b64r4,1,122.670073,10.348455,431.35814300000004,564.376671,-0.15118700614836508,8.326672684688674e-17,1.942890293094024e-16,6.412435619808717e-16,1,libsad_fusion_f128r3_b64r4_lookup_forward_split_backward_d2cc1cb087.so,"[""-DSAD_FORWARD_BLOCK_THREADS=128"", ""-DSAD_FORWARD_REGISTER_BITS=3"", ""-DSAD_BLOCK_THREADS=64"", ""-DSAD_REGISTER_BITS=4"", ""-DSAD_SU2_FORWARD_STRATEGY=1"", ""-DSAD_SU2_BACKWARD_STRATEGY=0""]"
su2-hea,26,8,lookup-forward_split-backward,optimized,f128r3_b64r4,2,117.164945,12.05414,430.38323699999995,559.602322,-0.15118700614836508,8.326672684688674e-17,1.942890293094024e-16,6.412435619808717e-16,1,libsad_fusion_f128r3_b64r4_lookup_forward_split_backward_d2cc1cb087.so,"[""-DSAD_FORWARD_BLOCK_THREADS=128"", ""-DSAD_FORWARD_REGISTER_BITS=3"", ""-DSAD_BLOCK_THREADS=64"", ""-DSAD_REGISTER_BITS=4"", ""-DSAD_SU2_FORWARD_STRATEGY=1"", ""-DSAD_SU2_BACKWARD_STRATEGY=0""]"
xxz-hva,26,8,cross-matching,optimized,f128r3_b32r3,0,290.02691400000003,8.357186,982.264458,1280.648558,0.06018530253593123,1.3877787807814457e-17,1.0325074129013956e-14,2.3375802982948253e-14,1,libsad_fusion_f128r3_b32r3_cross_matching_448a98da88.so,"[""-DSAD_FORWARD_BLOCK_THREADS=128"", ""-DSAD_FORWARD_REGISTER_BITS=3"", ""-DSAD_BLOCK_THREADS=32"", ""-DSAD_REGISTER_BITS=3"", ""-DSAD_XXZ_CROSS_MATCHING=1""]"
xxz-hva,26,8,cross-matching,optimized,f128r3_b32r3,1,290.238204,8.638425999999999,984.13056,1283.00719,0.06018530253593123,1.3877787807814457e-17,1.0325074129013956e-14,2.3375802982948253e-14,1,libsad_fusion_f128r3_b32r3_cross_matching_448a98da88.so,"[""-DSAD_FORWARD_BLOCK_THREADS=128"", ""-DSAD_FORWARD_REGISTER_BITS=3"", ""-DSAD_BLOCK_THREADS=32"", ""-DSAD_REGISTER_BITS=3"", ""-DSAD_XXZ_CROSS_MATCHING=1""]"
xxz-hva,26,8,cross-matching,optimized,f128r3_b32r3,2,289.699278,8.120756,982.3976399999999,1280.217674,0.06018530253593123,1.3877787807814457e-17,1.0325074129013956e-14,2.3375802982948253e-14,1,libsad_fusion_f128r3_b32r3_cross_matching_448a98da88.so,"[""-DSAD_FORWARD_BLOCK_THREADS=128"", ""-DSAD_FORWARD_REGISTER_BITS=3"", ""-DSAD_BLOCK_THREADS=32"", ""-DSAD_REGISTER_BITS=3"", ""-DSAD_XXZ_CROSS_MATCHING=1""]"
rzz-hea,24,8,fused-forward_combined-backward,optimized,f64r3_b64r4,0,31.332483,1.797561,110.274811,143.404855,5.471528950788191,4.440892098500626e-15,3.3306690738754696e-15,1.2296485569781967e-14,1,libsad_fusion_f64r3_b64r4_fused_forward_combined_backward_5ba1e15d3c.so,"[""-DSAD_FORWARD_BLOCK_THREADS=64"", ""-DSAD_FORWARD_REGISTER_BITS=3"", ""-DSAD_BLOCK_THREADS=64"", ""-DSAD_REGISTER_BITS=4"", ""-DSAD_RZZ_FORWARD_FUSED=1"", ""-DSAD_RZZ_BACKWARD_STRATEGY=1""]"
rzz-hea,24,8,fused-forward_combined-backward,optimized,f64r3_b64r4,1,30.928683,1.7217179999999999,110.791269,143.44167,5.471528950788191,4.440892098500626e-15,3.3306690738754696e-15,1.2296485569781967e-14,1,libsad_fusion_f64r3_b64r4_fused_forward_combined_backward_5ba1e15d3c.so,"[""-DSAD_FORWARD_BLOCK_THREADS=64"", ""-DSAD_FORWARD_REGISTER_BITS=3"", ""-DSAD_BLOCK_THREADS=64"", ""-DSAD_REGISTER_BITS=4"", ""-DSAD_RZZ_FORWARD_FUSED=1"", ""-DSAD_RZZ_BACKWARD_STRATEGY=1""]"
rzz-hea,24,8,fused-forward_combined-backward,optimized,f64r3_b64r4,2,30.667582,1.893975,111.382628,143.944185,5.471528950788191,4.440892098500626e-15,3.3306690738754696e-15,1.2296485569781967e-14,1,libsad_fusion_f64r3_b64r4_fused_forward_combined_backward_5ba1e15d3c.so,"[""-DSAD_FORWARD_BLOCK_THREADS=64"", ""-DSAD_FORWARD_REGISTER_BITS=3"", ""-DSAD_BLOCK_THREADS=64"", ""-DSAD_REGISTER_BITS=4"", ""-DSAD_RZZ_FORWARD_FUSED=1"", ""-DSAD_RZZ_BACKWARD_STRATEGY=1""]"
rzz-hea,24,8,split-forward_combined-backward,optimized,f64r3_b64r4,0,40.601054999999995,1.948998,110.023634,152.57368699999998,5.471528950788188,1.7763568394002505e-15,3.9968028886505635e-15,1.2724824829449155e-14,1,libsad_fusion_f64r3_b64r4_split_forward_combined_backward_8a54fb2897.so,"[""-DSAD_FORWARD_BLOCK_THREADS=64"", ""-DSAD_FORWARD_REGISTER_BITS=3"", ""-DSAD_BLOCK_THREADS=64"", ""-DSAD_REGISTER_BITS=4"", ""-DSAD_RZZ_FORWARD_FUSED=0"", ""-DSAD_RZZ_BACKWARD_STRATEGY=1""]"
rzz-hea,24,8,split-forward_combined-backward,optimized,f64r3_b64r4,1,38.815196,1.908867,110.633281,151.357344,5.471528950788188,1.7763568394002505e-15,3.9968028886505635e-15,1.2724824829449155e-14,1,libsad_fusion_f64r3_b64r4_split_forward_combined_backward_8a54fb2897.so,"[""-DSAD_FORWARD_BLOCK_THREADS=64"", ""-DSAD_FORWARD_REGISTER_BITS=3"", ""-DSAD_BLOCK_THREADS=64"", ""-DSAD_REGISTER_BITS=4"", ""-DSAD_RZZ_FORWARD_FUSED=0"", ""-DSAD_RZZ_BACKWARD_STRATEGY=1""]"
rzz-hea,24,8,split-forward_combined-backward,optimized,f64r3_b64r4,2,40.441637,1.9284569999999999,109.512361,151.882455,5.471528950788188,1.7763568394002505e-15,3.9968028886505635e-15,1.2724824829449155e-14,1,libsad_fusion_f64r3_b64r4_split_forward_combined_backward_8a54fb2897.so,"[""-DSAD_FORWARD_BLOCK_THREADS=64"", ""-DSAD_FORWARD_REGISTER_BITS=3"", ""-DSAD_BLOCK_THREADS=64"", ""-DSAD_REGISTER_BITS=4"", ""-DSAD_RZZ_FORWARD_FUSED=0"", ""-DSAD_RZZ_BACKWARD_STRATEGY=1""]"
rzz-hea,26,8,split-forward_combined-backward,optimized,f64r4_b128r3,0,174.01743,11.860356000000001,471.783227,657.661013,2.388045350740535,2.220446049250313e-15,2.55351295663786e-15,1.0856024146253962e-14,1,libsad_fusion_f64r4_b128r3_split_forward_combined_backward_f6c4a67e44.so,"[""-DSAD_FORWARD_BLOCK_THREADS=64"", ""-DSAD_FORWARD_REGISTER_BITS=4"", ""-DSAD_BLOCK_THREADS=128"", ""-DSAD_REGISTER_BITS=3"", ""-DSAD_RZZ_FORWARD_FUSED=0"", ""-DSAD_RZZ_BACKWARD_STRATEGY=1""]"
rzz-hea,26,8,split-forward_combined-backward,optimized,f64r4_b128r3,1,175.112334,11.835928000000001,467.646507,654.594769,2.388045350740535,2.220446049250313e-15,2.55351295663786e-15,1.0856024146253962e-14,1,libsad_fusion_f64r4_b128r3_split_forward_combined_backward_f6c4a67e44.so,"[""-DSAD_FORWARD_BLOCK_THREADS=64"", ""-DSAD_FORWARD_REGISTER_BITS=4"", ""-DSAD_BLOCK_THREADS=128"", ""-DSAD_REGISTER_BITS=3"", ""-DSAD_RZZ_FORWARD_FUSED=0"", ""-DSAD_RZZ_BACKWARD_STRATEGY=1""]"
rzz-hea,26,8,split-forward_combined-backward,optimized,f64r4_b128r3,2,176.572803,10.867824,471.83957599999997,659.280203,2.388045350740535,2.220446049250313e-15,2.55351295663786e-15,1.0856024146253962e-14,1,libsad_fusion_f64r4_b128r3_split_forward_combined_backward_f6c4a67e44.so,"[""-DSAD_FORWARD_BLOCK_THREADS=64"", ""-DSAD_FORWARD_REGISTER_BITS=4"", ""-DSAD_BLOCK_THREADS=128"", ""-DSAD_REGISTER_BITS=3"", ""-DSAD_RZZ_FORWARD_FUSED=0"", ""-DSAD_RZZ_BACKWARD_STRATEGY=1""]"
qaoa,24,8,auto,optimized,f64r3_b64r4,0,29.158116,0.7556149999999999,79.64970100000001,109.563432,-12.915965786262682,0.0,6.039613253960852e-14,8.457400348221838e-14,1,libsad_fusion_f64r3_b64r4_auto_4869956e87.so,"[""-DSAD_FORWARD_BLOCK_THREADS=64"", ""-DSAD_FORWARD_REGISTER_BITS=3"", ""-DSAD_BLOCK_THREADS=64"", ""-DSAD_REGISTER_BITS=4"", ""-DSAD_QAOA_FUSE_COST_RX=-1"", ""-DSAD_QAOA_FUSED_BACKWARD=1""]"
qaoa,24,8,auto,optimized,f64r3_b64r4,1,30.011481,0.6986559999999999,77.468016,108.178153,-12.915965786262682,0.0,6.039613253960852e-14,8.457400348221838e-14,1,libsad_fusion_f64r3_b64r4_auto_4869956e87.so,"[""-DSAD_FORWARD_BLOCK_THREADS=64"", ""-DSAD_FORWARD_REGISTER_BITS=3"", ""-DSAD_BLOCK_THREADS=64"", ""-DSAD_REGISTER_BITS=4"", ""-DSAD_QAOA_FUSE_COST_RX=-1"", ""-DSAD_QAOA_FUSED_BACKWARD=1""]"
qaoa,24,8,auto,optimized,f64r3_b64r4,2,30.568615,0.707189,76.95823899999999,108.234043,-12.915965786262682,0.0,6.039613253960852e-14,8.457400348221838e-14,1,libsad_fusion_f64r3_b64r4_auto_4869956e87.so,"[""-DSAD_FORWARD_BLOCK_THREADS=64"", ""-DSAD_FORWARD_REGISTER_BITS=3"", ""-DSAD_BLOCK_THREADS=64"", ""-DSAD_REGISTER_BITS=4"", ""-DSAD_QAOA_FUSE_COST_RX=-1"", ""-DSAD_QAOA_FUSED_BACKWARD=1""]"
ra-hea,20,8,complex-fused-both,optimized,f64r4_b64r4,0,1.391841,0.093142,4.021012,5.5059949999999995,0.03372766511438082,5.551115123125783e-17,1.942890293094024e-16,4.964615288735836e-16,1,libsad_fusion_f64r4_b64r4_complex_fused_both_eecac02710.so,"[""-DSAD_FORWARD_BLOCK_THREADS=64"", ""-DSAD_FORWARD_REGISTER_BITS=4"", ""-DSAD_BLOCK_THREADS=64"", ""-DSAD_REGISTER_BITS=4"", ""-DSAD_REAL_AMPLITUDE=0"", ""-DSAD_RA_FORWARD_FUSED=1"", ""-DSAD_RA_BACKWARD_FUSED=1""]"
ra-hea,20,8,complex-fused-both,optimized,f64r4_b64r4,1,1.392589,0.093376,4.021286,5.507250999999999,0.03372766511438082,5.551115123125783e-17,1.942890293094024e-16,4.964615288735836e-16,1,libsad_fusion_f64r4_b64r4_complex_fused_both_eecac02710.so,"[""-DSAD_FORWARD_BLOCK_THREADS=64"", ""-DSAD_FORWARD_REGISTER_BITS=4"", ""-DSAD_BLOCK_THREADS=64"", ""-DSAD_REGISTER_BITS=4"", ""-DSAD_REAL_AMPLITUDE=0"", ""-DSAD_RA_FORWARD_FUSED=1"", ""-DSAD_RA_BACKWARD_FUSED=1""]"
ra-hea,20,8,complex-fused-both,optimized,f64r4_b64r4,2,1.3927569999999998,0.101025,4.021631,5.515413000000001,0.03372766511438082,5.551115123125783e-17,1.942890293094024e-16,4.964615288735836e-16,1,libsad_fusion_f64r4_b64r4_complex_fused_both_eecac02710.so,"[""-DSAD_FORWARD_BLOCK_THREADS=64"", ""-DSAD_FORWARD_REGISTER_BITS=4"", ""-DSAD_BLOCK_THREADS=64"", ""-DSAD_REGISTER_BITS=4"", ""-DSAD_REAL_AMPLITUDE=0"", ""-DSAD_RA_FORWARD_FUSED=1"", ""-DSAD_RA_BACKWARD_FUSED=1""]"
rzz-hea,26,8,auto,optimized,f64r4_b128r3,0,155.40514,10.291964,500.158097,665.8552010000001,2.3880453507405326,0.0,1.2878587085651816e-14,5.401372492288195e-14,1,libsad_fusion_f64r4_b128r3_auto_3fefadc5a9.so,"[""-DSAD_FORWARD_BLOCK_THREADS=64"", ""-DSAD_FORWARD_REGISTER_BITS=4"", ""-DSAD_BLOCK_THREADS=128"", ""-DSAD_REGISTER_BITS=3""]"
rzz-hea,26,8,auto,optimized,f64r4_b128r3,1,154.871712,10.700849,496.386018,661.958579,2.3880453507405326,0.0,1.2878587085651816e-14,5.401372492288195e-14,1,libsad_fusion_f64r4_b128r3_auto_3fefadc5a9.so,"[""-DSAD_FORWARD_BLOCK_THREADS=64"", ""-DSAD_FORWARD_REGISTER_BITS=4"", ""-DSAD_BLOCK_THREADS=128"", ""-DSAD_REGISTER_BITS=3""]"
rzz-hea,26,8,auto,optimized,f64r4_b128r3,2,155.368414,11.157016,497.632897,664.158327,2.3880453507405326,0.0,1.2878587085651816e-14,5.401372492288195e-14,1,libsad_fusion_f64r4_b128r3_auto_3fefadc5a9.so,"[""-DSAD_FORWARD_BLOCK_THREADS=64"", ""-DSAD_FORWARD_REGISTER_BITS=4"", ""-DSAD_BLOCK_THREADS=128"", ""-DSAD_REGISTER_BITS=3""]"
su2-hea,24,8,split-forward_split-backward,optimized,f128r3_b64r4,0,34.865751,1.733081,93.104881,129.703713,-0.04539400221034758,6.245004513516506e-17,3.608224830031759e-16,8.48377033133625e-16,1,libsad_fusion_f128r3_b64r4_split_forward_split_backward_4cfb67b4b9.so,"[""-DSAD_FORWARD_BLOCK_THREADS=128"", ""-DSAD_FORWARD_REGISTER_BITS=3"", ""-DSAD_BLOCK_THREADS=64"", ""-DSAD_REGISTER_BITS=4"", ""-DSAD_SU2_FORWARD_STRATEGY=0"", ""-DSAD_SU2_BACKWARD_STRATEGY=0""]"
su2-hea,24,8,split-forward_split-backward,optimized,f128r3_b64r4,1,33.769345,1.757789,94.425965,129.953099,-0.04539400221034758,6.245004513516506e-17,3.608224830031759e-16,8.48377033133625e-16,1,libsad_fusion_f128r3_b64r4_split_forward_split_backward_4cfb67b4b9.so,"[""-DSAD_FORWARD_BLOCK_THREADS=128"", ""-DSAD_FORWARD_REGISTER_BITS=3"", ""-DSAD_BLOCK_THREADS=64"", ""-DSAD_REGISTER_BITS=4"", ""-DSAD_SU2_FORWARD_STRATEGY=0"", ""-DSAD_SU2_BACKWARD_STRATEGY=0""]"
su2-hea,24,8,split-forward_split-backward,optimized,f128r3_b64r4,2,34.691067,1.732782,91.468707,127.89255599999998,-0.04539400221034758,6.245004513516506e-17,3.608224830031759e-16,8.48377033133625e-16,1,libsad_fusion_f128r3_b64r4_split_forward_split_backward_4cfb67b4b9.so,"[""-DSAD_FORWARD_BLOCK_THREADS=128"", ""-DSAD_FORWARD_REGISTER_BITS=3"", ""-DSAD_BLOCK_THREADS=64"", ""-DSAD_REGISTER_BITS=4"", ""-DSAD_SU2_FORWARD_STRATEGY=0"", ""-DSAD_SU2_BACKWARD_STRATEGY=0""]"
su2-hea,24,8,lookup-forward_split-backward,optimized,f128r3_b64r4,0,26.003625999999997,2.251119,93.6945,121.949245,-0.04539400221034758,6.245004513516506e-17,2.3592239273284576e-16,8.728269469631275e-16,1,libsad_fusion_f128r3_b64r4_lookup_forward_split_backward_d2cc1cb087.so,"[""-DSAD_FORWARD_BLOCK_THREADS=128"", ""-DSAD_FORWARD_REGISTER_BITS=3"", ""-DSAD_BLOCK_THREADS=64"", ""-DSAD_REGISTER_BITS=4"", ""-DSAD_SU2_FORWARD_STRATEGY=1"", ""-DSAD_SU2_BACKWARD_STRATEGY=0""]"
su2-hea,24,8,lookup-forward_split-backward,optimized,f128r3_b64r4,1,26.615862,1.727241,94.847377,123.19048,-0.04539400221034758,6.245004513516506e-17,2.3592239273284576e-16,8.728269469631275e-16,1,libsad_fusion_f128r3_b64r4_lookup_forward_split_backward_d2cc1cb087.so,"[""-DSAD_FORWARD_BLOCK_THREADS=128"", ""-DSAD_FORWARD_REGISTER_BITS=3"", ""-DSAD_BLOCK_THREADS=64"", ""-DSAD_REGISTER_BITS=4"", ""-DSAD_SU2_FORWARD_STRATEGY=1"", ""-DSAD_SU2_BACKWARD_STRATEGY=0""]"
su2-hea,24,8,lookup-forward_split-backward,optimized,f128r3_b64r4,2,26.74837,1.7121549999999999,93.508675,121.9692,-0.04539400221034758,6.245004513516506e-17,2.3592239273284576e-16,8.728269469631275e-16,1,libsad_fusion_f128r3_b64r4_lookup_forward_split_backward_d2cc1cb087.so,"[""-DSAD_FORWARD_BLOCK_THREADS=128"", ""-DSAD_FORWARD_REGISTER_BITS=3"", ""-DSAD_BLOCK_THREADS=64"", ""-DSAD_REGISTER_BITS=4"", ""-DSAD_SU2_FORWARD_STRATEGY=1"", ""-DSAD_SU2_BACKWARD_STRATEGY=0""]"
qaoa,26,8,fused-forward,optimized,f64r4_b128r3,0,120.811566,2.942885,351.43767599999995,475.19212699999997,-13.992296268451227,3.552713678800501e-15,8.881784197001252e-15,1.71467467633426e-14,1,libsad_fusion_f64r4_b128r3_fused_forward_ee1f10dcea.so,"[""-DSAD_FORWARD_BLOCK_THREADS=64"", ""-DSAD_FORWARD_REGISTER_BITS=4"", ""-DSAD_BLOCK_THREADS=128"", ""-DSAD_REGISTER_BITS=3"", ""-DSAD_QAOA_FUSE_COST_RX=1"", ""-DSAD_QAOA_FUSED_BACKWARD=0""]"
qaoa,26,8,fused-forward,optimized,f64r4_b128r3,1,118.9989,2.9959629999999997,349.590979,471.585842,-13.992296268451227,3.552713678800501e-15,8.881784197001252e-15,1.71467467633426e-14,1,libsad_fusion_f64r4_b128r3_fused_forward_ee1f10dcea.so,"[""-DSAD_FORWARD_BLOCK_THREADS=64"", ""-DSAD_FORWARD_REGISTER_BITS=4"", ""-DSAD_BLOCK_THREADS=128"", ""-DSAD_REGISTER_BITS=3"", ""-DSAD_QAOA_FUSE_COST_RX=1"", ""-DSAD_QAOA_FUSED_BACKWARD=0""]"
qaoa,26,8,fused-forward,optimized,f64r4_b128r3,2,119.113388,3.325469,347.646256,470.085113,-13.992296268451227,3.552713678800501e-15,8.881784197001252e-15,1.71467467633426e-14,1,libsad_fusion_f64r4_b128r3_fused_forward_ee1f10dcea.so,"[""-DSAD_FORWARD_BLOCK_THREADS=64"", ""-DSAD_FORWARD_REGISTER_BITS=4"", ""-DSAD_BLOCK_THREADS=128"", ""-DSAD_REGISTER_BITS=3"", ""-DSAD_QAOA_FUSE_COST_RX=1"", ""-DSAD_QAOA_FUSED_BACKWARD=0""]"
xxz-hva,24,8,cross-matching,optimized,f128r3_b32r3,0,68.81636900000001,1.578924,224.017468,294.41276100000005,0.10889026816899183,6.938893903907228e-17,1.4641066137244252e-15,5.814411763701088e-15,1,libsad_fusion_f128r3_b32r3_cross_matching_448a98da88.so,"[""-DSAD_FORWARD_BLOCK_THREADS=128"", ""-DSAD_FORWARD_REGISTER_BITS=3"", ""-DSAD_BLOCK_THREADS=32"", ""-DSAD_REGISTER_BITS=3"", ""-DSAD_XXZ_CROSS_MATCHING=1""]"
xxz-hva,24,8,cross-matching,optimized,f128r3_b32r3,1,66.985973,1.734546,222.868296,291.588815,0.10889026816899183,6.938893903907228e-17,1.4641066137244252e-15,5.814411763701088e-15,1,libsad_fusion_f128r3_b32r3_cross_matching_448a98da88.so,"[""-DSAD_FORWARD_BLOCK_THREADS=128"", ""-DSAD_FORWARD_REGISTER_BITS=3"", ""-DSAD_BLOCK_THREADS=32"", ""-DSAD_REGISTER_BITS=3"", ""-DSAD_XXZ_CROSS_MATCHING=1""]"
xxz-hva,24,8,cross-matching,optimized,f128r3_b32r3,2,68.515168,1.8154270000000001,223.29057799999998,293.621173,0.10889026816899183,6.938893903907228e-17,1.4641066137244252e-15,5.814411763701088e-15,1,libsad_fusion_f128r3_b32r3_cross_matching_448a98da88.so,"[""-DSAD_FORWARD_BLOCK_THREADS=128"", ""-DSAD_FORWARD_REGISTER_BITS=3"", ""-DSAD_BLOCK_THREADS=32"", ""-DSAD_REGISTER_BITS=3"", ""-DSAD_XXZ_CROSS_MATCHING=1""]"
rzz-hea,20,8,split-forward_split-backward,optimized,f128r2_b128r2,0,2.110836,0.383798,5.428647,7.923281000000001,0.7166911626593796,1.5543122344752192e-15,1.9984014443252818e-15,7.180718059256424e-15,1,libsad_fusion_f128r2_b128r2_split_forward_split_backward_d6edb746ec.so,"[""-DSAD_RZZ_FORWARD_FUSED=0"", ""-DSAD_RZZ_BACKWARD_STRATEGY=0""]"
rzz-hea,20,8,split-forward_split-backward,optimized,f128r2_b128r2,1,1.870645,0.341812,5.8887540000000005,8.101211000000001,0.7166911626593796,1.5543122344752192e-15,1.9984014443252818e-15,7.180718059256424e-15,1,libsad_fusion_f128r2_b128r2_split_forward_split_backward_d6edb746ec.so,"[""-DSAD_RZZ_FORWARD_FUSED=0"", ""-DSAD_RZZ_BACKWARD_STRATEGY=0""]"
rzz-hea,20,8,split-forward_split-backward,optimized,f128r2_b128r2,2,2.046484,0.240359,5.304663000000001,7.591506,0.7166911626593796,1.5543122344752192e-15,1.9984014443252818e-15,7.180718059256424e-15,1,libsad_fusion_f128r2_b128r2_split_forward_split_backward_d6edb746ec.so,"[""-DSAD_RZZ_FORWARD_FUSED=0"", ""-DSAD_RZZ_BACKWARD_STRATEGY=0""]"
rzz-hea,20,8,fused-forward_fused-backward,optimized,f128r2_b128r2,0,1.914208,0.241258,6.370226,8.525692,0.7166911626593798,1.7763568394002505e-15,2.6645352591003757e-15,1.0533677785666425e-14,1,libsad_fusion_f128r2_b128r2_fused_forward_fused_backward_484792bfd4.so,"[""-DSAD_RZZ_FORWARD_FUSED=1"", ""-DSAD_RZZ_BACKWARD_STRATEGY=2""]"
rzz-hea,20,8,fused-forward_fused-backward,optimized,f128r2_b128r2,1,1.770734,0.09386399999999999,6.689042,8.55364,0.7166911626593798,1.7763568394002505e-15,2.6645352591003757e-15,1.0533677785666425e-14,1,libsad_fusion_f128r2_b128r2_fused_forward_fused_backward_484792bfd4.so,"[""-DSAD_RZZ_FORWARD_FUSED=1"", ""-DSAD_RZZ_BACKWARD_STRATEGY=2""]"
rzz-hea,20,8,fused-forward_fused-backward,optimized,f128r2_b128r2,2,1.7622479999999998,0.241326,6.694477,8.698051,0.7166911626593798,1.7763568394002505e-15,2.6645352591003757e-15,1.0533677785666425e-14,1,libsad_fusion_f128r2_b128r2_fused_forward_fused_backward_484792bfd4.so,"[""-DSAD_RZZ_FORWARD_FUSED=1"", ""-DSAD_RZZ_BACKWARD_STRATEGY=2""]"
rzz-hea,20,8,split-forward_fused-backward,optimized,f128r2_b128r2,0,1.870264,0.100959,6.651203,8.622425999999999,0.716691162659379,9.992007221626409e-16,2.220446049250313e-15,1.0217532074102519e-14,1,libsad_fusion_f128r2_b128r2_split_forward_fused_backward_3b00375398.so,"[""-DSAD_RZZ_FORWARD_FUSED=0"", ""-DSAD_RZZ_BACKWARD_STRATEGY=2""]"
rzz-hea,20,8,split-forward_fused-backward,optimized,f128r2_b128r2,1,2.115735,0.382036,6.816987,9.314758,0.716691162659379,9.992007221626409e-16,2.220446049250313e-15,1.0217532074102519e-14,1,libsad_fusion_f128r2_b128r2_split_forward_fused_backward_3b00375398.so,"[""-DSAD_RZZ_FORWARD_FUSED=0"", ""-DSAD_RZZ_BACKWARD_STRATEGY=2""]"
rzz-hea,20,8,split-forward_fused-backward,optimized,f128r2_b128r2,2,1.893715,0.101177,6.529427,8.524318999999998,0.716691162659379,9.992007221626409e-16,2.220446049250313e-15,1.0217532074102519e-14,1,libsad_fusion_f128r2_b128r2_split_forward_fused_backward_3b00375398.so,"[""-DSAD_RZZ_FORWARD_FUSED=0"", ""-DSAD_RZZ_BACKWARD_STRATEGY=2""]"
xxz-hva,20,8,cross-matching,optimized,f128r3_b32r3,0,3.6890859999999996,0.093247,12.3703,16.152632999999998,0.0054902195218367355,1.0495077029659683e-16,4.787836793695988e-16,1.62225652355775e-15,1,libsad_fusion_f128r3_b32r3_cross_matching_448a98da88.so,"[""-DSAD_FORWARD_BLOCK_THREADS=128"", ""-DSAD_FORWARD_REGISTER_BITS=3"", ""-DSAD_BLOCK_THREADS=32"", ""-DSAD_REGISTER_BITS=3"", ""-DSAD_XXZ_CROSS_MATCHING=1""]"
xxz-hva,20,8,cross-matching,optimized,f128r3_b32r3,1,4.529819,0.334679,12.518013,17.382511,0.0054902195218367355,1.0495077029659683e-16,4.787836793695988e-16,1.62225652355775e-15,1,libsad_fusion_f128r3_b32r3_cross_matching_448a98da88.so,"[""-DSAD_FORWARD_BLOCK_THREADS=128"", ""-DSAD_FORWARD_REGISTER_BITS=3"", ""-DSAD_BLOCK_THREADS=32"", ""-DSAD_REGISTER_BITS=3"", ""-DSAD_XXZ_CROSS_MATCHING=1""]"
xxz-hva,20,8,cross-matching,optimized,f128r3_b32r3,2,3.825526,0.093123,13.869869,17.788518,0.0054902195218367355,1.0495077029659683e-16,4.787836793695988e-16,1.62225652355775e-15,1,libsad_fusion_f128r3_b32r3_cross_matching_448a98da88.so,"[""-DSAD_FORWARD_BLOCK_THREADS=128"", ""-DSAD_FORWARD_REGISTER_BITS=3"", ""-DSAD_BLOCK_THREADS=32"", ""-DSAD_REGISTER_BITS=3"", ""-DSAD_XXZ_CROSS_MATCHING=1""]"
ra-hea,20,8,complex-split,optimized,f64r4_b64r4,0,1.433197,0.093242,3.933435,5.459874,0.03372766511438084,7.632783294297951e-17,3.0531133177191805e-16,6.177362499402204e-16,1,libsad_fusion_f64r4_b64r4_complex_split_66498fcdfe.so,"[""-DSAD_FORWARD_BLOCK_THREADS=64"", ""-DSAD_FORWARD_REGISTER_BITS=4"", ""-DSAD_BLOCK_THREADS=64"", ""-DSAD_REGISTER_BITS=4"", ""-DSAD_REAL_AMPLITUDE=0"", ""-DSAD_RA_FORWARD_FUSED=0"", ""-DSAD_RA_BACKWARD_FUSED=0""]"
ra-hea,20,8,complex-split,optimized,f64r4_b64r4,1,1.431584,0.0932,3.93414,5.4589240000000006,0.03372766511438084,7.632783294297951e-17,3.0531133177191805e-16,6.177362499402204e-16,1,libsad_fusion_f64r4_b64r4_complex_split_66498fcdfe.so,"[""-DSAD_FORWARD_BLOCK_THREADS=64"", ""-DSAD_FORWARD_REGISTER_BITS=4"", ""-DSAD_BLOCK_THREADS=64"", ""-DSAD_REGISTER_BITS=4"", ""-DSAD_REAL_AMPLITUDE=0"", ""-DSAD_RA_FORWARD_FUSED=0"", ""-DSAD_RA_BACKWARD_FUSED=0""]"
ra-hea,20,8,complex-split,optimized,f64r4_b64r4,2,1.4311770000000001,0.093457,3.93309,5.457724000000001,0.03372766511438084,7.632783294297951e-17,3.0531133177191805e-16,6.177362499402204e-16,1,libsad_fusion_f64r4_b64r4_complex_split_66498fcdfe.so,"[""-DSAD_FORWARD_BLOCK_THREADS=64"", ""-DSAD_FORWARD_REGISTER_BITS=4"", ""-DSAD_BLOCK_THREADS=64"", ""-DSAD_REGISTER_BITS=4"", ""-DSAD_REAL_AMPLITUDE=0"", ""-DSAD_RA_FORWARD_FUSED=0"", ""-DSAD_RA_BACKWARD_FUSED=0""]"
rzz-hea,26,8,fused-forward_combined-backward,optimized,f64r4_b128r3,0,153.596179,12.082601,469.140055,634.818835,2.3880453507405313,1.3322676295501878e-15,2.55351295663786e-15,1.08944631717164e-14,1,libsad_fusion_f64r4_b128r3_fused_forward_combined_backward_19b76466fc.so,"[""-DSAD_FORWARD_BLOCK_THREADS=64"", ""-DSAD_FORWARD_REGISTER_BITS=4"", ""-DSAD_BLOCK_THREADS=128"", ""-DSAD_REGISTER_BITS=3"", ""-DSAD_RZZ_FORWARD_FUSED=1"", ""-DSAD_RZZ_BACKWARD_STRATEGY=1""]"
rzz-hea,26,8,fused-forward_combined-backward,optimized,f64r4_b128r3,1,153.120256,11.668349,470.464661,635.2532659999999,2.3880453507405313,1.3322676295501878e-15,2.55351295663786e-15,1.08944631717164e-14,1,libsad_fusion_f64r4_b128r3_fused_forward_combined_backward_19b76466fc.so,"[""-DSAD_FORWARD_BLOCK_THREADS=64"", ""-DSAD_FORWARD_REGISTER_BITS=4"", ""-DSAD_BLOCK_THREADS=128"", ""-DSAD_REGISTER_BITS=3"", ""-DSAD_RZZ_FORWARD_FUSED=1"", ""-DSAD_RZZ_BACKWARD_STRATEGY=1""]"
rzz-hea,26,8,fused-forward_combined-backward,optimized,f64r4_b128r3,2,155.265545,11.607571,466.394447,633.267563,2.3880453507405313,1.3322676295501878e-15,2.55351295663786e-15,1.08944631717164e-14,1,libsad_fusion_f64r4_b128r3_fused_forward_combined_backward_19b76466fc.so,"[""-DSAD_FORWARD_BLOCK_THREADS=64"", ""-DSAD_FORWARD_REGISTER_BITS=4"", ""-DSAD_BLOCK_THREADS=128"", ""-DSAD_REGISTER_BITS=3"", ""-DSAD_RZZ_FORWARD_FUSED=1"", ""-DSAD_RZZ_BACKWARD_STRATEGY=1""]"
qaoa,20,8,auto,optimized,f128r2_b128r2,0,1.603485,0.183391,3.806086,5.592962,-10.763304821885582,1.7763568394002505e-15,3.552713678800501e-15,6.445033517410433e-15,1,libsad_fusion_f128r2_b128r2_auto_05d6356191.so,"[""-DSAD_QAOA_FUSE_COST_RX=-1"", ""-DSAD_QAOA_FUSED_BACKWARD=1""]"
qaoa,20,8,auto,optimized,f128r2_b128r2,1,1.293778,0.035642999999999994,3.806823,5.136244,-10.763304821885582,1.7763568394002505e-15,3.552713678800501e-15,6.445033517410433e-15,1,libsad_fusion_f128r2_b128r2_auto_05d6356191.so,"[""-DSAD_QAOA_FUSE_COST_RX=-1"", ""-DSAD_QAOA_FUSED_BACKWARD=1""]"
qaoa,20,8,auto,optimized,f128r2_b128r2,2,1.295004,0.183806,4.102049,5.580859,-10.763304821885582,1.7763568394002505e-15,3.552713678800501e-15,6.445033517410433e-15,1,libsad_fusion_f128r2_b128r2_auto_05d6356191.so,"[""-DSAD_QAOA_FUSE_COST_RX=-1"", ""-DSAD_QAOA_FUSED_BACKWARD=1""]"
su2-hea,20,8,lookup-forward_lookup-backward,optimized,f128r3_b64r4,0,1.42224,0.101254,5.1762809999999995,6.699775,-0.12535282831387853,1.1102230246251565e-16,2.220446049250313e-16,6.371197647344282e-16,1,libsad_fusion_f128r3_b64r4_lookup_forward_lookup_backward_7b8f8fcfcf.so,"[""-DSAD_FORWARD_BLOCK_THREADS=128"", ""-DSAD_FORWARD_REGISTER_BITS=3"", ""-DSAD_BLOCK_THREADS=64"", ""-DSAD_REGISTER_BITS=4"", ""-DSAD_SU2_FORWARD_STRATEGY=1"", ""-DSAD_SU2_BACKWARD_STRATEGY=1""]"
su2-hea,20,8,lookup-forward_lookup-backward,optimized,f128r3_b64r4,1,1.423127,0.101118,5.4020980000000005,6.926343,-0.12535282831387853,1.1102230246251565e-16,2.220446049250313e-16,6.371197647344282e-16,1,libsad_fusion_f128r3_b64r4_lookup_forward_lookup_backward_7b8f8fcfcf.so,"[""-DSAD_FORWARD_BLOCK_THREADS=128"", ""-DSAD_FORWARD_REGISTER_BITS=3"", ""-DSAD_BLOCK_THREADS=64"", ""-DSAD_REGISTER_BITS=4"", ""-DSAD_SU2_FORWARD_STRATEGY=1"", ""-DSAD_SU2_BACKWARD_STRATEGY=1""]"
su2-hea,20,8,lookup-forward_lookup-backward,optimized,f128r3_b64r4,2,1.5765,0.34026,5.873969,7.790729,-0.12535282831387853,1.1102230246251565e-16,2.220446049250313e-16,6.371197647344282e-16,1,libsad_fusion_f128r3_b64r4_lookup_forward_lookup_backward_7b8f8fcfcf.so,"[""-DSAD_FORWARD_BLOCK_THREADS=128"", ""-DSAD_FORWARD_REGISTER_BITS=3"", ""-DSAD_BLOCK_THREADS=64"", ""-DSAD_REGISTER_BITS=4"", ""-DSAD_SU2_FORWARD_STRATEGY=1"", ""-DSAD_SU2_BACKWARD_STRATEGY=1""]"
su2-hea,24,8,split-forward_lookup-backward,optimized,f128r3_b64r4,0,34.278461,1.767661,97.908627,133.954749,-0.04539400221034763,1.1102230246251565e-16,5.412337245047638e-16,1.758062926736699e-15,1,libsad_fusion_f128r3_b64r4_split_forward_lookup_backward_14001066e2.so,"[""-DSAD_FORWARD_BLOCK_THREADS=128"", ""-DSAD_FORWARD_REGISTER_BITS=3"", ""-DSAD_BLOCK_THREADS=64"", ""-DSAD_REGISTER_BITS=4"", ""-DSAD_SU2_FORWARD_STRATEGY=0"", ""-DSAD_SU2_BACKWARD_STRATEGY=1""]"
su2-hea,24,8,split-forward_lookup-backward,optimized,f128r3_b64r4,1,34.796926,1.745081,99.58336700000001,136.12537400000002,-0.04539400221034763,1.1102230246251565e-16,5.412337245047638e-16,1.758062926736699e-15,1,libsad_fusion_f128r3_b64r4_split_forward_lookup_backward_14001066e2.so,"[""-DSAD_FORWARD_BLOCK_THREADS=128"", ""-DSAD_FORWARD_REGISTER_BITS=3"", ""-DSAD_BLOCK_THREADS=64"", ""-DSAD_REGISTER_BITS=4"", ""-DSAD_SU2_FORWARD_STRATEGY=0"", ""-DSAD_SU2_BACKWARD_STRATEGY=1""]"
su2-hea,24,8,split-forward_lookup-backward,optimized,f128r3_b64r4,2,33.502664,1.796365,101.366827,136.665856,-0.04539400221034763,1.1102230246251565e-16,5.412337245047638e-16,1.758062926736699e-15,1,libsad_fusion_f128r3_b64r4_split_forward_lookup_backward_14001066e2.so,"[""-DSAD_FORWARD_BLOCK_THREADS=128"", ""-DSAD_FORWARD_REGISTER_BITS=3"", ""-DSAD_BLOCK_THREADS=64"", ""-DSAD_REGISTER_BITS=4"", ""-DSAD_SU2_FORWARD_STRATEGY=0"", ""-DSAD_SU2_BACKWARD_STRATEGY=1""]"
su2-hea,26,8,split-forward_lookup-backward,optimized,f128r3_b64r4,0,147.42862000000002,11.914276999999998,437.56129799999997,596.9041950000001,-0.15118700614836508,8.326672684688674e-17,1.790234627208065e-15,3.894220837846868e-15,1,libsad_fusion_f128r3_b64r4_split_forward_lookup_backward_14001066e2.so,"[""-DSAD_FORWARD_BLOCK_THREADS=128"", ""-DSAD_FORWARD_REGISTER_BITS=3"", ""-DSAD_BLOCK_THREADS=64"", ""-DSAD_REGISTER_BITS=4"", ""-DSAD_SU2_FORWARD_STRATEGY=0"", ""-DSAD_SU2_BACKWARD_STRATEGY=1""]"
su2-hea,26,8,split-forward_lookup-backward,optimized,f128r3_b64r4,1,148.882066,10.653686,441.597436,601.133188,-0.15118700614836508,8.326672684688674e-17,1.790234627208065e-15,3.894220837846868e-15,1,libsad_fusion_f128r3_b64r4_split_forward_lookup_backward_14001066e2.so,"[""-DSAD_FORWARD_BLOCK_THREADS=128"", ""-DSAD_FORWARD_REGISTER_BITS=3"", ""-DSAD_BLOCK_THREADS=64"", ""-DSAD_REGISTER_BITS=4"", ""-DSAD_SU2_FORWARD_STRATEGY=0"", ""-DSAD_SU2_BACKWARD_STRATEGY=1""]"
su2-hea,26,8,split-forward_lookup-backward,optimized,f128r3_b64r4,2,146.817917,11.757739999999998,436.760368,595.336025,-0.15118700614836508,8.326672684688674e-17,1.790234627208065e-15,3.894220837846868e-15,1,libsad_fusion_f128r3_b64r4_split_forward_lookup_backward_14001066e2.so,"[""-DSAD_FORWARD_BLOCK_THREADS=128"", ""-DSAD_FORWARD_REGISTER_BITS=3"", ""-DSAD_BLOCK_THREADS=64"", ""-DSAD_REGISTER_BITS=4"", ""-DSAD_SU2_FORWARD_STRATEGY=0"", ""-DSAD_SU2_BACKWARD_STRATEGY=1""]"
rzz-hea,20,8,split-forward_combined-backward,optimized,f128r2_b128r2,0,1.8898579999999998,0.101578,6.657674,8.64911,0.7166911626593796,1.5543122344752192e-15,2.9976021664879227e-15,8.580451105984986e-15,1,libsad_fusion_f128r2_b128r2_split_forward_combined_backward_121d23564d.so,"[""-DSAD_RZZ_FORWARD_FUSED=0"", ""-DSAD_RZZ_BACKWARD_STRATEGY=1""]"
rzz-hea,20,8,split-forward_combined-backward,optimized,f128r2_b128r2,1,2.01009,0.259627,6.602202,8.871918999999998,0.7166911626593796,1.5543122344752192e-15,2.9976021664879227e-15,8.580451105984986e-15,1,libsad_fusion_f128r2_b128r2_split_forward_combined_backward_121d23564d.so,"[""-DSAD_RZZ_FORWARD_FUSED=0"", ""-DSAD_RZZ_BACKWARD_STRATEGY=1""]"
rzz-hea,20,8,split-forward_combined-backward,optimized,f128r2_b128r2,2,2.147969,0.24152099999999999,6.607487000000001,8.996977,0.7166911626593796,1.5543122344752192e-15,2.9976021664879227e-15,8.580451105984986e-15,1,libsad_fusion_f128r2_b128r2_split_forward_combined_backward_121d23564d.so,"[""-DSAD_RZZ_FORWARD_FUSED=0"", ""-DSAD_RZZ_BACKWARD_STRATEGY=1""]"
qaoa,20,8,split-both,optimized,f128r2_b128r2,0,1.628334,0.325259,3.936557,5.89015,-10.763304821885582,1.7763568394002505e-15,7.105427357601002e-15,9.748491533352417e-15,1,libsad_fusion_f128r2_b128r2_split_both_4da203f407.so,"[""-DSAD_QAOA_FUSE_COST_RX=0"", ""-DSAD_QAOA_FUSED_BACKWARD=0""]"
qaoa,20,8,split-both,optimized,f128r2_b128r2,1,1.390405,0.275567,4.09757,5.763542,-10.763304821885582,1.7763568394002505e-15,7.105427357601002e-15,9.748491533352417e-15,1,libsad_fusion_f128r2_b128r2_split_both_4da203f407.so,"[""-DSAD_QAOA_FUSE_COST_RX=0"", ""-DSAD_QAOA_FUSED_BACKWARD=0""]"
qaoa,20,8,split-both,optimized,f128r2_b128r2,2,1.392464,0.035628,4.286433,5.714525,-10.763304821885582,1.7763568394002505e-15,7.105427357601002e-15,9.748491533352417e-15,1,libsad_fusion_f128r2_b128r2_split_both_4da203f407.so,"[""-DSAD_QAOA_FUSE_COST_RX=0"", ""-DSAD_QAOA_FUSED_BACKWARD=0""]"
su2-hea,26,8,split-forward_phased-backward,optimized,f128r3_b64r4,0,147.80248300000002,10.859193,636.461247,795.122923,-0.15118700614836497,2.7755575615628914e-17,1.970645868709653e-15,4.0641501580836695e-15,1,libsad_fusion_f128r3_b64r4_split_forward_phased_backward_a3372de662.so,"[""-DSAD_FORWARD_BLOCK_THREADS=128"", ""-DSAD_FORWARD_REGISTER_BITS=3"", ""-DSAD_BLOCK_THREADS=64"", ""-DSAD_REGISTER_BITS=4"", ""-DSAD_SU2_FORWARD_STRATEGY=0"", ""-DSAD_SU2_BACKWARD_STRATEGY=2""]"
su2-hea,26,8,split-forward_phased-backward,optimized,f128r3_b64r4,1,146.723352,11.956004,633.764717,792.444073,-0.15118700614836497,2.7755575615628914e-17,1.970645868709653e-15,4.0641501580836695e-15,1,libsad_fusion_f128r3_b64r4_split_forward_phased_backward_a3372de662.so,"[""-DSAD_FORWARD_BLOCK_THREADS=128"", ""-DSAD_FORWARD_REGISTER_BITS=3"", ""-DSAD_BLOCK_THREADS=64"", ""-DSAD_REGISTER_BITS=4"", ""-DSAD_SU2_FORWARD_STRATEGY=0"", ""-DSAD_SU2_BACKWARD_STRATEGY=2""]"
su2-hea,26,8,split-forward_phased-backward,optimized,f128r3_b64r4,2,145.742421,11.486737,633.249727,790.4788850000001,-0.15118700614836497,2.7755575615628914e-17,1.970645868709653e-15,4.0641501580836695e-15,1,libsad_fusion_f128r3_b64r4_split_forward_phased_backward_a3372de662.so,"[""-DSAD_FORWARD_BLOCK_THREADS=128"", ""-DSAD_FORWARD_REGISTER_BITS=3"", ""-DSAD_BLOCK_THREADS=64"", ""-DSAD_REGISTER_BITS=4"", ""-DSAD_SU2_FORWARD_STRATEGY=0"", ""-DSAD_SU2_BACKWARD_STRATEGY=2""]"
su2-hea,20,8,phased-forward_phased-backward,optimized,f128r3_b64r4,0,2.289657,0.10218899999999999,8.190523,10.582369,-0.12535282831387856,1.3877787807814457e-16,1.942890293094024e-16,7.616821170099124e-16,1,libsad_fusion_f128r3_b64r4_phased_forward_phased_backward_4896db51e9.so,"[""-DSAD_FORWARD_BLOCK_THREADS=128"", ""-DSAD_FORWARD_REGISTER_BITS=3"", ""-DSAD_BLOCK_THREADS=64"", ""-DSAD_REGISTER_BITS=4"", ""-DSAD_SU2_FORWARD_STRATEGY=2"", ""-DSAD_SU2_BACKWARD_STRATEGY=2""]"
su2-hea,20,8,phased-forward_phased-backward,optimized,f128r3_b64r4,1,2.7747599999999997,0.244746,7.580489,10.599995000000002,-0.12535282831387856,1.3877787807814457e-16,1.942890293094024e-16,7.616821170099124e-16,1,libsad_fusion_f128r3_b64r4_phased_forward_phased_backward_4896db51e9.so,"[""-DSAD_FORWARD_BLOCK_THREADS=128"", ""-DSAD_FORWARD_REGISTER_BITS=3"", ""-DSAD_BLOCK_THREADS=64"", ""-DSAD_REGISTER_BITS=4"", ""-DSAD_SU2_FORWARD_STRATEGY=2"", ""-DSAD_SU2_BACKWARD_STRATEGY=2""]"
su2-hea,20,8,phased-forward_phased-backward,optimized,f128r3_b64r4,2,2.154868,0.102098,7.562189,9.819155,-0.12535282831387856,1.3877787807814457e-16,1.942890293094024e-16,7.616821170099124e-16,1,libsad_fusion_f128r3_b64r4_phased_forward_phased_backward_4896db51e9.so,"[""-DSAD_FORWARD_BLOCK_THREADS=128"", ""-DSAD_FORWARD_REGISTER_BITS=3"", ""-DSAD_BLOCK_THREADS=64"", ""-DSAD_REGISTER_BITS=4"", ""-DSAD_SU2_FORWARD_STRATEGY=2"", ""-DSAD_SU2_BACKWARD_STRATEGY=2""]"
ra-hea,24,8,complex-fused-backward,optimized,f64r4_b64r4,0,28.185149,1.7265270000000001,70.588398,100.500074,0.2086881706330552,8.326672684688674e-17,1.3877787807814457e-16,5.132821406765914e-16,1,libsad_fusion_f64r4_b64r4_complex_fused_backward_dfc4d7af68.so,"[""-DSAD_FORWARD_BLOCK_THREADS=64"", ""-DSAD_FORWARD_REGISTER_BITS=4"", ""-DSAD_BLOCK_THREADS=64"", ""-DSAD_REGISTER_BITS=4"", ""-DSAD_REAL_AMPLITUDE=0"", ""-DSAD_RA_FORWARD_FUSED=0"", ""-DSAD_RA_BACKWARD_FUSED=1""]"
ra-hea,24,8,complex-fused-backward,optimized,f64r4_b64r4,1,28.521574,1.851175,70.279106,100.651855,0.2086881706330552,8.326672684688674e-17,1.3877787807814457e-16,5.132821406765914e-16,1,libsad_fusion_f64r4_b64r4_complex_fused_backward_dfc4d7af68.so,"[""-DSAD_FORWARD_BLOCK_THREADS=64"", ""-DSAD_FORWARD_REGISTER_BITS=4"", ""-DSAD_BLOCK_THREADS=64"", ""-DSAD_REGISTER_BITS=4"", ""-DSAD_REAL_AMPLITUDE=0"", ""-DSAD_RA_FORWARD_FUSED=0"", ""-DSAD_RA_BACKWARD_FUSED=1""]"
ra-hea,24,8,complex-fused-backward,optimized,f64r4_b64r4,2,28.38249,2.003343,69.484108,99.869941,0.2086881706330552,8.326672684688674e-17,1.3877787807814457e-16,5.132821406765914e-16,1,libsad_fusion_f64r4_b64r4_complex_fused_backward_dfc4d7af68.so,"[""-DSAD_FORWARD_BLOCK_THREADS=64"", ""-DSAD_FORWARD_REGISTER_BITS=4"", ""-DSAD_BLOCK_THREADS=64"", ""-DSAD_REGISTER_BITS=4"", ""-DSAD_REAL_AMPLITUDE=0"", ""-DSAD_RA_FORWARD_FUSED=0"", ""-DSAD_RA_BACKWARD_FUSED=1""]"
su2-hea,20,8,phased-forward_split-backward,optimized,f128r3_b64r4,0,2.544421,0.242894,4.590641000000001,7.377956,-0.12535282831387862,1.942890293094024e-16,3.7643499428696714e-16,1.4997134090690292e-15,1,libsad_fusion_f128r3_b64r4_phased_forward_split_backward_2a4d35d553.so,"[""-DSAD_FORWARD_BLOCK_THREADS=128"", ""-DSAD_FORWARD_REGISTER_BITS=3"", ""-DSAD_BLOCK_THREADS=64"", ""-DSAD_REGISTER_BITS=4"", ""-DSAD_SU2_FORWARD_STRATEGY=2"", ""-DSAD_SU2_BACKWARD_STRATEGY=0""]"
su2-hea,20,8,phased-forward_split-backward,optimized,f128r3_b64r4,1,2.155274,0.101552,4.792867,7.049693,-0.12535282831387862,1.942890293094024e-16,3.7643499428696714e-16,1.4997134090690292e-15,1,libsad_fusion_f128r3_b64r4_phased_forward_split_backward_2a4d35d553.so,"[""-DSAD_FORWARD_BLOCK_THREADS=128"", ""-DSAD_FORWARD_REGISTER_BITS=3"", ""-DSAD_BLOCK_THREADS=64"", ""-DSAD_REGISTER_BITS=4"", ""-DSAD_SU2_FORWARD_STRATEGY=2"", ""-DSAD_SU2_BACKWARD_STRATEGY=0""]"
su2-hea,20,8,phased-forward_split-backward,optimized,f128r3_b64r4,2,2.409825,0.09413400000000001,5.596636,8.100595,-0.12535282831387862,1.942890293094024e-16,3.7643499428696714e-16,1.4997134090690292e-15,1,libsad_fusion_f128r3_b64r4_phased_forward_split_backward_2a4d35d553.so,"[""-DSAD_FORWARD_BLOCK_THREADS=128"", ""-DSAD_FORWARD_REGISTER_BITS=3"", ""-DSAD_BLOCK_THREADS=64"", ""-DSAD_REGISTER_BITS=4"", ""-DSAD_SU2_FORWARD_STRATEGY=2"", ""-DSAD_SU2_BACKWARD_STRATEGY=0""]"
rzz-hea,24,8,auto,optimized,f64r3_b64r4,0,30.349955,1.730282,113.333275,145.413512,5.47152895078819,3.552713678800501e-15,4.218847493575595e-15,1.282373475145655e-14,1,libsad_fusion_f64r3_b64r4_auto_9effb5b589.so,"[""-DSAD_FORWARD_BLOCK_THREADS=64"", ""-DSAD_FORWARD_REGISTER_BITS=3"", ""-DSAD_BLOCK_THREADS=64"", ""-DSAD_REGISTER_BITS=4""]"
rzz-hea,24,8,auto,optimized,f64r3_b64r4,1,28.551565,1.740447,114.332672,144.624684,5.47152895078819,3.552713678800501e-15,4.218847493575595e-15,1.282373475145655e-14,1,libsad_fusion_f64r3_b64r4_auto_9effb5b589.so,"[""-DSAD_FORWARD_BLOCK_THREADS=64"", ""-DSAD_FORWARD_REGISTER_BITS=3"", ""-DSAD_BLOCK_THREADS=64"", ""-DSAD_REGISTER_BITS=4""]"
rzz-hea,24,8,auto,optimized,f64r3_b64r4,2,31.189059,1.916376,112.361886,145.46732099999997,5.47152895078819,3.552713678800501e-15,4.218847493575595e-15,1.282373475145655e-14,1,libsad_fusion_f64r3_b64r4_auto_9effb5b589.so,"[""-DSAD_FORWARD_BLOCK_THREADS=64"", ""-DSAD_FORWARD_REGISTER_BITS=3"", ""-DSAD_BLOCK_THREADS=64"", ""-DSAD_REGISTER_BITS=4""]"
rzz-hea,26,8,fused-forward_fused-backward,optimized,f64r4_b128r3,0,153.812956,12.196217,497.742897,663.75207,2.3880453507405317,8.881784197001252e-16,1.2434497875801753e-14,5.3641500464288554e-14,1,libsad_fusion_f64r4_b128r3_fused_forward_fused_backward_9a3cdde8d7.so,"[""-DSAD_FORWARD_BLOCK_THREADS=64"", ""-DSAD_FORWARD_REGISTER_BITS=4"", ""-DSAD_BLOCK_THREADS=128"", ""-DSAD_REGISTER_BITS=3"", ""-DSAD_RZZ_FORWARD_FUSED=1"", ""-DSAD_RZZ_BACKWARD_STRATEGY=2""]"
rzz-hea,26,8,fused-forward_fused-backward,optimized,f64r4_b128r3,1,155.625704,10.493749,498.432475,664.551928,2.3880453507405317,8.881784197001252e-16,1.2434497875801753e-14,5.3641500464288554e-14,1,libsad_fusion_f64r4_b128r3_fused_forward_fused_backward_9a3cdde8d7.so,"[""-DSAD_FORWARD_BLOCK_THREADS=64"", ""-DSAD_FORWARD_REGISTER_BITS=4"", ""-DSAD_BLOCK_THREADS=128"", ""-DSAD_REGISTER_BITS=3"", ""-DSAD_RZZ_FORWARD_FUSED=1"", ""-DSAD_RZZ_BACKWARD_STRATEGY=2""]"
rzz-hea,26,8,fused-forward_fused-backward,optimized,f64r4_b128r3,2,155.134005,11.657276,498.38217099999997,665.173452,2.3880453507405317,8.881784197001252e-16,1.2434497875801753e-14,5.3641500464288554e-14,1,libsad_fusion_f64r4_b128r3_fused_forward_fused_backward_9a3cdde8d7.so,"[""-DSAD_FORWARD_BLOCK_THREADS=64"", ""-DSAD_FORWARD_REGISTER_BITS=4"", ""-DSAD_BLOCK_THREADS=128"", ""-DSAD_REGISTER_BITS=3"", ""-DSAD_RZZ_FORWARD_FUSED=1"", ""-DSAD_RZZ_BACKWARD_STRATEGY=2""]"
rzz-hea,24,8,split-forward_split-backward,optimized,f64r3_b64r4,0,39.861158,1.761293,108.30517,149.92762100000002,5.471528950788191,4.440892098500626e-15,1.9984014443252818e-15,9.401295197508796e-15,1,libsad_fusion_f64r3_b64r4_split_forward_split_backward_4aaa9c99cd.so,"[""-DSAD_FORWARD_BLOCK_THREADS=64"", ""-DSAD_FORWARD_REGISTER_BITS=3"", ""-DSAD_BLOCK_THREADS=64"", ""-DSAD_REGISTER_BITS=4"", ""-DSAD_RZZ_FORWARD_FUSED=0"", ""-DSAD_RZZ_BACKWARD_STRATEGY=0""]"
rzz-hea,24,8,split-forward_split-backward,optimized,f64r3_b64r4,1,38.152684,1.938069,109.27535200000001,149.366105,5.471528950788191,4.440892098500626e-15,1.9984014443252818e-15,9.401295197508796e-15,1,libsad_fusion_f64r3_b64r4_split_forward_split_backward_4aaa9c99cd.so,"[""-DSAD_FORWARD_BLOCK_THREADS=64"", ""-DSAD_FORWARD_REGISTER_BITS=3"", ""-DSAD_BLOCK_THREADS=64"", ""-DSAD_REGISTER_BITS=4"", ""-DSAD_RZZ_FORWARD_FUSED=0"", ""-DSAD_RZZ_BACKWARD_STRATEGY=0""]"
rzz-hea,24,8,split-forward_split-backward,optimized,f64r3_b64r4,2,40.520249,1.79392,105.438052,147.75222100000002,5.471528950788191,4.440892098500626e-15,1.9984014443252818e-15,9.401295197508796e-15,1,libsad_fusion_f64r3_b64r4_split_forward_split_backward_4aaa9c99cd.so,"[""-DSAD_FORWARD_BLOCK_THREADS=64"", ""-DSAD_FORWARD_REGISTER_BITS=3"", ""-DSAD_BLOCK_THREADS=64"", ""-DSAD_REGISTER_BITS=4"", ""-DSAD_RZZ_FORWARD_FUSED=0"", ""-DSAD_RZZ_BACKWARD_STRATEGY=0""]"
ra-hea,24,8,complex-split,optimized,f64r4_b64r4,0,28.875507000000002,1.9762199999999999,78.139698,108.991425,0.20868817063305514,2.7755575615628914e-17,2.220446049250313e-16,5.567400912563421e-16,1,libsad_fusion_f64r4_b64r4_complex_split_66498fcdfe.so,"[""-DSAD_FORWARD_BLOCK_THREADS=64"", ""-DSAD_FORWARD_REGISTER_BITS=4"", ""-DSAD_BLOCK_THREADS=64"", ""-DSAD_REGISTER_BITS=4"", ""-DSAD_REAL_AMPLITUDE=0"", ""-DSAD_RA_FORWARD_FUSED=0"", ""-DSAD_RA_BACKWARD_FUSED=0""]"
ra-hea,24,8,complex-split,optimized,f64r4_b64r4,1,29.594645999999997,2.08742,79.085448,110.767514,0.20868817063305514,2.7755575615628914e-17,2.220446049250313e-16,5.567400912563421e-16,1,libsad_fusion_f64r4_b64r4_complex_split_66498fcdfe.so,"[""-DSAD_FORWARD_BLOCK_THREADS=64"", ""-DSAD_FORWARD_REGISTER_BITS=4"", ""-DSAD_BLOCK_THREADS=64"", ""-DSAD_REGISTER_BITS=4"", ""-DSAD_REAL_AMPLITUDE=0"", ""-DSAD_RA_FORWARD_FUSED=0"", ""-DSAD_RA_BACKWARD_FUSED=0""]"
ra-hea,24,8,complex-split,optimized,f64r4_b64r4,2,28.789722,1.717751,79.629629,110.13710199999998,0.20868817063305514,2.7755575615628914e-17,2.220446049250313e-16,5.567400912563421e-16,1,libsad_fusion_f64r4_b64r4_complex_split_66498fcdfe.so,"[""-DSAD_FORWARD_BLOCK_THREADS=64"", ""-DSAD_FORWARD_REGISTER_BITS=4"", ""-DSAD_BLOCK_THREADS=64"", ""-DSAD_REGISTER_BITS=4"", ""-DSAD_REAL_AMPLITUDE=0"", ""-DSAD_RA_FORWARD_FUSED=0"", ""-DSAD_RA_BACKWARD_FUSED=0""]"
xxz-hva,24,8,separate-matchings,optimized,f128r3_b32r3,0,68.676857,1.596671,227.94946,298.222988,0.10889026816899189,1.3877787807814457e-17,2.914335439641036e-16,8.467428784920886e-16,1,libsad_fusion_f128r3_b32r3_separate_matchings_6a54a88064.so,"[""-DSAD_FORWARD_BLOCK_THREADS=128"", ""-DSAD_FORWARD_REGISTER_BITS=3"", ""-DSAD_BLOCK_THREADS=32"", ""-DSAD_REGISTER_BITS=3"", ""-DSAD_XXZ_CROSS_MATCHING=0""]"
xxz-hva,24,8,separate-matchings,optimized,f128r3_b32r3,1,66.824844,1.608788,233.18220200000002,301.615834,0.10889026816899189,1.3877787807814457e-17,2.914335439641036e-16,8.467428784920886e-16,1,libsad_fusion_f128r3_b32r3_separate_matchings_6a54a88064.so,"[""-DSAD_FORWARD_BLOCK_THREADS=128"", ""-DSAD_FORWARD_REGISTER_BITS=3"", ""-DSAD_BLOCK_THREADS=32"", ""-DSAD_REGISTER_BITS=3"", ""-DSAD_XXZ_CROSS_MATCHING=0""]"
xxz-hva,24,8,separate-matchings,optimized,f128r3_b32r3,2,69.853048,1.745659,230.546921,302.145628,0.10889026816899189,1.3877787807814457e-17,2.914335439641036e-16,8.467428784920886e-16,1,libsad_fusion_f128r3_b32r3_separate_matchings_6a54a88064.so,"[""-DSAD_FORWARD_BLOCK_THREADS=128"", ""-DSAD_FORWARD_REGISTER_BITS=3"", ""-DSAD_BLOCK_THREADS=32"", ""-DSAD_REGISTER_BITS=3"", ""-DSAD_XXZ_CROSS_MATCHING=0""]"
su2-hea,26,8,split-forward_lookup-backward,optimized,f128r3_b64r4,3,147.530948,11.992666000000002,439.193091,598.7167049999999,-0.15118700614836506,5.551115123125783e-17,1.7763568394002505e-15,3.849454935209338e-15,1,libsad_fusion_f128r3_b64r4_split_forward_lookup_backward_14001066e2.so,"[""-DSAD_FORWARD_BLOCK_THREADS=128"", ""-DSAD_FORWARD_REGISTER_BITS=3"", ""-DSAD_BLOCK_THREADS=64"", ""-DSAD_REGISTER_BITS=4"", ""-DSAD_SU2_FORWARD_STRATEGY=0"", ""-DSAD_SU2_BACKWARD_STRATEGY=1""]"
su2-hea,26,8,split-forward_lookup-backward,optimized,f128r3_b64r4,4,147.529819,11.507095,437.99030799999997,597.027222,-0.15118700614836506,5.551115123125783e-17,1.7763568394002505e-15,3.849454935209338e-15,1,libsad_fusion_f128r3_b64r4_split_forward_lookup_backward_14001066e2.so,"[""-DSAD_FORWARD_BLOCK_THREADS=128"", ""-DSAD_FORWARD_REGISTER_BITS=3"", ""-DSAD_BLOCK_THREADS=64"", ""-DSAD_REGISTER_BITS=4"", ""-DSAD_SU2_FORWARD_STRATEGY=0"", ""-DSAD_SU2_BACKWARD_STRATEGY=1""]"
su2-hea,26,8,split-forward_lookup-backward,optimized,f128r3_b64r4,5,147.520331,12.477582,438.886783,598.8846960000001,-0.15118700614836506,5.551115123125783e-17,1.7763568394002505e-15,3.849454935209338e-15,1,libsad_fusion_f128r3_b64r4_split_forward_lookup_backward_14001066e2.so,"[""-DSAD_FORWARD_BLOCK_THREADS=128"", ""-DSAD_FORWARD_REGISTER_BITS=3"", ""-DSAD_BLOCK_THREADS=64"", ""-DSAD_REGISTER_BITS=4"", ""-DSAD_SU2_FORWARD_STRATEGY=0"", ""-DSAD_SU2_BACKWARD_STRATEGY=1""]"
su2-hea,24,8,split-forward_split-backward,optimized,f128r3_b64r4,3,34.20852,1.753189,93.453044,129.414753,-0.04539400221034758,6.245004513516506e-17,3.3306690738754696e-16,8.174505897532259e-16,1,libsad_fusion_f128r3_b64r4_split_forward_split_backward_4cfb67b4b9.so,"[""-DSAD_FORWARD_BLOCK_THREADS=128"", ""-DSAD_FORWARD_REGISTER_BITS=3"", ""-DSAD_BLOCK_THREADS=64"", ""-DSAD_REGISTER_BITS=4"", ""-DSAD_SU2_FORWARD_STRATEGY=0"", ""-DSAD_SU2_BACKWARD_STRATEGY=0""]"
su2-hea,24,8,split-forward_split-backward,optimized,f128r3_b64r4,4,34.310996,1.915604,92.43913099999999,128.665731,-0.04539400221034758,6.245004513516506e-17,3.3306690738754696e-16,8.174505897532259e-16,1,libsad_fusion_f128r3_b64r4_split_forward_split_backward_4cfb67b4b9.so,"[""-DSAD_FORWARD_BLOCK_THREADS=128"", ""-DSAD_FORWARD_REGISTER_BITS=3"", ""-DSAD_BLOCK_THREADS=64"", ""-DSAD_REGISTER_BITS=4"", ""-DSAD_SU2_FORWARD_STRATEGY=0"", ""-DSAD_SU2_BACKWARD_STRATEGY=0""]"
su2-hea,24,8,split-forward_split-backward,optimized,f128r3_b64r4,5,35.437087999999996,1.8955529999999998,92.461528,129.794169,-0.04539400221034758,6.245004513516506e-17,3.3306690738754696e-16,8.174505897532259e-16,1,libsad_fusion_f128r3_b64r4_split_forward_split_backward_4cfb67b4b9.so,"[""-DSAD_FORWARD_BLOCK_THREADS=128"", ""-DSAD_FORWARD_REGISTER_BITS=3"", ""-DSAD_BLOCK_THREADS=64"", ""-DSAD_REGISTER_BITS=4"", ""-DSAD_SU2_FORWARD_STRATEGY=0"", ""-DSAD_SU2_BACKWARD_STRATEGY=0""]"
rzz-hea,24,8,split-forward_fused-backward,optimized,f64r3_b64r4,3,39.569824000000004,2.0561220000000002,120.823048,162.44899400000003,5.47152895078819,3.552713678800501e-15,1.0880185641326534e-14,2.7182178492774378e-14,1,libsad_fusion_f64r3_b64r4_split_forward_fused_backward_762dab87c4.so,"[""-DSAD_FORWARD_BLOCK_THREADS=64"", ""-DSAD_FORWARD_REGISTER_BITS=3"", ""-DSAD_BLOCK_THREADS=64"", ""-DSAD_REGISTER_BITS=4"", ""-DSAD_RZZ_FORWARD_FUSED=0"", ""-DSAD_RZZ_BACKWARD_STRATEGY=2""]"
rzz-hea,24,8,split-forward_fused-backward,optimized,f64r3_b64r4,4,40.473982,2.117248,120.821742,163.412972,5.47152895078819,3.552713678800501e-15,1.0880185641326534e-14,2.7182178492774378e-14,1,libsad_fusion_f64r3_b64r4_split_forward_fused_backward_762dab87c4.so,"[""-DSAD_FORWARD_BLOCK_THREADS=64"", ""-DSAD_FORWARD_REGISTER_BITS=3"", ""-DSAD_BLOCK_THREADS=64"", ""-DSAD_REGISTER_BITS=4"", ""-DSAD_RZZ_FORWARD_FUSED=0"", ""-DSAD_RZZ_BACKWARD_STRATEGY=2""]"
rzz-hea,24,8,split-forward_fused-backward,optimized,f64r3_b64r4,5,39.286609999999996,2.029963,122.001589,163.318162,5.47152895078819,3.552713678800501e-15,1.0880185641326534e-14,2.7182178492774378e-14,1,libsad_fusion_f64r3_b64r4_split_forward_fused_backward_762dab87c4.so,"[""-DSAD_FORWARD_BLOCK_THREADS=64"", ""-DSAD_FORWARD_REGISTER_BITS=3"", ""-DSAD_BLOCK_THREADS=64"", ""-DSAD_REGISTER_BITS=4"", ""-DSAD_RZZ_FORWARD_FUSED=0"", ""-DSAD_RZZ_BACKWARD_STRATEGY=2""]"
rzz-hea,24,8,fused-forward_split-backward,optimized,f64r3_b64r4,3,30.498414,1.71923,108.225713,140.443357,5.471528950788189,2.6645352591003757e-15,2.4424906541753444e-15,1.010665312579074e-14,1,libsad_fusion_f64r3_b64r4_fused_forward_split_backward_6ffde65f39.so,"[""-DSAD_FORWARD_BLOCK_THREADS=64"", ""-DSAD_FORWARD_REGISTER_BITS=3"", ""-DSAD_BLOCK_THREADS=64"", ""-DSAD_REGISTER_BITS=4"", ""-DSAD_RZZ_FORWARD_FUSED=1"", ""-DSAD_RZZ_BACKWARD_STRATEGY=0""]"
rzz-hea,24,8,fused-forward_split-backward,optimized,f64r3_b64r4,4,32.15027,2.002004,107.59962200000001,141.75189600000002,5.471528950788189,2.6645352591003757e-15,2.4424906541753444e-15,1.010665312579074e-14,1,libsad_fusion_f64r3_b64r4_fused_forward_split_backward_6ffde65f39.so,"[""-DSAD_FORWARD_BLOCK_THREADS=64"", ""-DSAD_FORWARD_REGISTER_BITS=3"", ""-DSAD_BLOCK_THREADS=64"", ""-DSAD_REGISTER_BITS=4"", ""-DSAD_RZZ_FORWARD_FUSED=1"", ""-DSAD_RZZ_BACKWARD_STRATEGY=0""]"
rzz-hea,24,8,fused-forward_split-backward,optimized,f64r3_b64r4,5,29.682166,2.090582,109.918613,141.691361,5.471528950788189,2.6645352591003757e-15,2.4424906541753444e-15,1.010665312579074e-14,1,libsad_fusion_f64r3_b64r4_fused_forward_split_backward_6ffde65f39.so,"[""-DSAD_FORWARD_BLOCK_THREADS=64"", ""-DSAD_FORWARD_REGISTER_BITS=3"", ""-DSAD_BLOCK_THREADS=64"", ""-DSAD_REGISTER_BITS=4"", ""-DSAD_RZZ_FORWARD_FUSED=1"", ""-DSAD_RZZ_BACKWARD_STRATEGY=0""]"
su2-hea,24,8,auto,optimized,f128r3_b64r4,3,26.377287,1.714574,101.96390099999999,130.055762,-0.045394002210347596,7.632783294297951e-17,5.689893001203927e-16,1.7044783513437129e-15,1,libsad_fusion_f128r3_b64r4_auto_a330c9365c.so,"[""-DSAD_FORWARD_BLOCK_THREADS=128"", ""-DSAD_FORWARD_REGISTER_BITS=3"", ""-DSAD_BLOCK_THREADS=64"", ""-DSAD_REGISTER_BITS=4""]"
su2-hea,24,8,auto,optimized,f128r3_b64r4,4,25.928337,2.0140409999999997,102.075085,130.017463,-0.045394002210347596,7.632783294297951e-17,5.689893001203927e-16,1.7044783513437129e-15,1,libsad_fusion_f128r3_b64r4_auto_a330c9365c.so,"[""-DSAD_FORWARD_BLOCK_THREADS=128"", ""-DSAD_FORWARD_REGISTER_BITS=3"", ""-DSAD_BLOCK_THREADS=64"", ""-DSAD_REGISTER_BITS=4""]"
su2-hea,24,8,auto,optimized,f128r3_b64r4,5,27.149613,1.716659,100.18169400000001,129.047966,-0.045394002210347596,7.632783294297951e-17,5.689893001203927e-16,1.7044783513437129e-15,1,libsad_fusion_f128r3_b64r4_auto_a330c9365c.so,"[""-DSAD_FORWARD_BLOCK_THREADS=128"", ""-DSAD_FORWARD_REGISTER_BITS=3"", ""-DSAD_BLOCK_THREADS=64"", ""-DSAD_REGISTER_BITS=4""]"
su2-hea,20,8,split-forward_phased-backward,optimized,f128r3_b64r4,3,1.547358,0.101215,7.556633,9.205206,-0.1253528283138786,1.6653345369377348e-16,3.877106968808164e-16,1.4315588308811816e-15,1,libsad_fusion_f128r3_b64r4_split_forward_phased_backward_a3372de662.so,"[""-DSAD_FORWARD_BLOCK_THREADS=128"", ""-DSAD_FORWARD_REGISTER_BITS=3"", ""-DSAD_BLOCK_THREADS=64"", ""-DSAD_REGISTER_BITS=4"", ""-DSAD_SU2_FORWARD_STRATEGY=0"", ""-DSAD_SU2_BACKWARD_STRATEGY=2""]"
su2-hea,20,8,split-forward_phased-backward,optimized,f128r3_b64r4,4,1.550271,0.10182400000000001,8.386951,10.039045999999999,-0.1253528283138786,1.6653345369377348e-16,3.877106968808164e-16,1.4315588308811816e-15,1,libsad_fusion_f128r3_b64r4_split_forward_phased_backward_a3372de662.so,"[""-DSAD_FORWARD_BLOCK_THREADS=128"", ""-DSAD_FORWARD_REGISTER_BITS=3"", ""-DSAD_BLOCK_THREADS=64"", ""-DSAD_REGISTER_BITS=4"", ""-DSAD_SU2_FORWARD_STRATEGY=0"", ""-DSAD_SU2_BACKWARD_STRATEGY=2""]"
su2-hea,20,8,split-forward_phased-backward,optimized,f128r3_b64r4,5,1.835871,0.276019,8.336091999999999,10.447982,-0.1253528283138786,1.6653345369377348e-16,3.877106968808164e-16,1.4315588308811816e-15,1,libsad_fusion_f128r3_b64r4_split_forward_phased_backward_a3372de662.so,"[""-DSAD_FORWARD_BLOCK_THREADS=128"", ""-DSAD_FORWARD_REGISTER_BITS=3"", ""-DSAD_BLOCK_THREADS=64"", ""-DSAD_REGISTER_BITS=4"", ""-DSAD_SU2_FORWARD_STRATEGY=0"", ""-DSAD_SU2_BACKWARD_STRATEGY=2""]"
qaoa,24,8,fused-backward,optimized,f64r3_b64r4,3,30.844728,0.95894,79.878326,111.681994,-12.915965786262683,1.7763568394002505e-15,5.861977570020827e-14,8.215140263918496e-14,1,libsad_fusion_f64r3_b64r4_fused_backward_a3f9814287.so,"[""-DSAD_FORWARD_BLOCK_THREADS=64"", ""-DSAD_FORWARD_REGISTER_BITS=3"", ""-DSAD_BLOCK_THREADS=64"", ""-DSAD_REGISTER_BITS=4"", ""-DSAD_QAOA_FUSE_COST_RX=0"", ""-DSAD_QAOA_FUSED_BACKWARD=2""]"
qaoa,24,8,fused-backward,optimized,f64r3_b64r4,4,29.627758,0.709298,78.385334,108.72239,-12.915965786262683,1.7763568394002505e-15,5.861977570020827e-14,8.215140263918496e-14,1,libsad_fusion_f64r3_b64r4_fused_backward_a3f9814287.so,"[""-DSAD_FORWARD_BLOCK_THREADS=64"", ""-DSAD_FORWARD_REGISTER_BITS=3"", ""-DSAD_BLOCK_THREADS=64"", ""-DSAD_REGISTER_BITS=4"", ""-DSAD_QAOA_FUSE_COST_RX=0"", ""-DSAD_QAOA_FUSED_BACKWARD=2""]"
qaoa,24,8,fused-backward,optimized,f64r3_b64r4,5,30.159397000000002,0.71157,79.988924,110.859891,-12.915965786262683,1.7763568394002505e-15,5.861977570020827e-14,8.215140263918496e-14,1,libsad_fusion_f64r3_b64r4_fused_backward_a3f9814287.so,"[""-DSAD_FORWARD_BLOCK_THREADS=64"", ""-DSAD_FORWARD_REGISTER_BITS=3"", ""-DSAD_BLOCK_THREADS=64"", ""-DSAD_REGISTER_BITS=4"", ""-DSAD_QAOA_FUSE_COST_RX=0"", ""-DSAD_QAOA_FUSED_BACKWARD=2""]"
ra-hea,24,8,complex-split,optimized,f64r4_b64r4,3,29.354149,1.92252,77.57030800000001,108.84697700000001,0.2086881706330551,2.7755575615628914e-17,1.5265566588595902e-16,5.161920054358297e-16,1,libsad_fusion_f64r4_b64r4_complex_split_66498fcdfe.so,"[""-DSAD_FORWARD_BLOCK_THREADS=64"", ""-DSAD_FORWARD_REGISTER_BITS=4"", ""-DSAD_BLOCK_THREADS=64"", ""-DSAD_REGISTER_BITS=4"", ""-DSAD_REAL_AMPLITUDE=0"", ""-DSAD_RA_FORWARD_FUSED=0"", ""-DSAD_RA_BACKWARD_FUSED=0""]"
ra-hea,24,8,complex-split,optimized,f64r4_b64r4,4,29.176356000000002,1.754047,79.230201,110.16060399999999,0.2086881706330551,2.7755575615628914e-17,1.5265566588595902e-16,5.161920054358297e-16,1,libsad_fusion_f64r4_b64r4_complex_split_66498fcdfe.so,"[""-DSAD_FORWARD_BLOCK_THREADS=64"", ""-DSAD_FORWARD_REGISTER_BITS=4"", ""-DSAD_BLOCK_THREADS=64"", ""-DSAD_REGISTER_BITS=4"", ""-DSAD_REAL_AMPLITUDE=0"", ""-DSAD_RA_FORWARD_FUSED=0"", ""-DSAD_RA_BACKWARD_FUSED=0""]"
ra-hea,24,8,complex-split,optimized,f64r4_b64r4,5,27.639881000000003,1.8600459999999999,81.353779,110.853706,0.2086881706330551,2.7755575615628914e-17,1.5265566588595902e-16,5.161920054358297e-16,1,libsad_fusion_f64r4_b64r4_complex_split_66498fcdfe.so,"[""-DSAD_FORWARD_BLOCK_THREADS=64"", ""-DSAD_FORWARD_REGISTER_BITS=4"", ""-DSAD_BLOCK_THREADS=64"", ""-DSAD_REGISTER_BITS=4"", ""-DSAD_REAL_AMPLITUDE=0"", ""-DSAD_RA_FORWARD_FUSED=0"", ""-DSAD_RA_BACKWARD_FUSED=0""]"
su2-hea,24,8,split-forward_lookup-backward,optimized,f128r3_b64r4,3,34.957091000000005,1.7609970000000001,98.719534,135.437622,-0.0453940022103476,8.326672684688674e-17,5.689893001203927e-16,1.7067037814945932e-15,1,libsad_fusion_f128r3_b64r4_split_forward_lookup_backward_14001066e2.so,"[""-DSAD_FORWARD_BLOCK_THREADS=128"", ""-DSAD_FORWARD_REGISTER_BITS=3"", ""-DSAD_BLOCK_THREADS=64"", ""-DSAD_REGISTER_BITS=4"", ""-DSAD_SU2_FORWARD_STRATEGY=0"", ""-DSAD_SU2_BACKWARD_STRATEGY=1""]"
su2-hea,24,8,split-forward_lookup-backward,optimized,f128r3_b64r4,4,33.872379,1.7475159999999998,99.696727,135.316622,-0.0453940022103476,8.326672684688674e-17,5.689893001203927e-16,1.7067037814945932e-15,1,libsad_fusion_f128r3_b64r4_split_forward_lookup_backward_14001066e2.so,"[""-DSAD_FORWARD_BLOCK_THREADS=128"", ""-DSAD_FORWARD_REGISTER_BITS=3"", ""-DSAD_BLOCK_THREADS=64"", ""-DSAD_REGISTER_BITS=4"", ""-DSAD_SU2_FORWARD_STRATEGY=0"", ""-DSAD_SU2_BACKWARD_STRATEGY=1""]"
su2-hea,24,8,split-forward_lookup-backward,optimized,f128r3_b64r4,5,33.851714,1.801154,101.05577000000001,136.708638,-0.0453940022103476,8.326672684688674e-17,5.689893001203927e-16,1.7067037814945932e-15,1,libsad_fusion_f128r3_b64r4_split_forward_lookup_backward_14001066e2.so,"[""-DSAD_FORWARD_BLOCK_THREADS=128"", ""-DSAD_FORWARD_REGISTER_BITS=3"", ""-DSAD_BLOCK_THREADS=64"", ""-DSAD_REGISTER_BITS=4"", ""-DSAD_SU2_FORWARD_STRATEGY=0"", ""-DSAD_SU2_BACKWARD_STRATEGY=1""]"
rzz-hea,26,8,fused-forward_fused-backward,optimized,f64r4_b128r3,3,155.09753700000002,11.803012,498.05456799999996,664.955117,2.3880453507405317,8.881784197001252e-16,1.2434497875801753e-14,5.372031813867911e-14,1,libsad_fusion_f64r4_b128r3_fused_forward_fused_backward_9a3cdde8d7.so,"[""-DSAD_FORWARD_BLOCK_THREADS=64"", ""-DSAD_FORWARD_REGISTER_BITS=4"", ""-DSAD_BLOCK_THREADS=128"", ""-DSAD_REGISTER_BITS=3"", ""-DSAD_RZZ_FORWARD_FUSED=1"", ""-DSAD_RZZ_BACKWARD_STRATEGY=2""]"
rzz-hea,26,8,fused-forward_fused-backward,optimized,f64r4_b128r3,4,155.196322,12.026181000000001,496.62653,663.849033,2.3880453507405317,8.881784197001252e-16,1.2434497875801753e-14,5.372031813867911e-14,1,libsad_fusion_f64r4_b128r3_fused_forward_fused_backward_9a3cdde8d7.so,"[""-DSAD_FORWARD_BLOCK_THREADS=64"", ""-DSAD_FORWARD_REGISTER_BITS=4"", ""-DSAD_BLOCK_THREADS=128"", ""-DSAD_REGISTER_BITS=3"", ""-DSAD_RZZ_FORWARD_FUSED=1"", ""-DSAD_RZZ_BACKWARD_STRATEGY=2""]"
rzz-hea,26,8,fused-forward_fused-backward,optimized,f64r4_b128r3,5,154.741825,10.177317,499.85073800000004,664.7698800000001,2.3880453507405317,8.881784197001252e-16,1.2434497875801753e-14,5.372031813867911e-14,1,libsad_fusion_f64r4_b128r3_fused_forward_fused_backward_9a3cdde8d7.so,"[""-DSAD_FORWARD_BLOCK_THREADS=64"", ""-DSAD_FORWARD_REGISTER_BITS=4"", ""-DSAD_BLOCK_THREADS=128"", ""-DSAD_REGISTER_BITS=3"", ""-DSAD_RZZ_FORWARD_FUSED=1"", ""-DSAD_RZZ_BACKWARD_STRATEGY=2""]"
rzz-hea,24,8,split-forward_split-backward,optimized,f64r3_b64r4,3,40.593044,1.936638,107.515755,150.045437,5.471528950788189,2.6645352591003757e-15,1.7763568394002505e-15,9.327855126440684e-15,1,libsad_fusion_f64r3_b64r4_split_forward_split_backward_4aaa9c99cd.so,"[""-DSAD_FORWARD_BLOCK_THREADS=64"", ""-DSAD_FORWARD_REGISTER_BITS=3"", ""-DSAD_BLOCK_THREADS=64"", ""-DSAD_REGISTER_BITS=4"", ""-DSAD_RZZ_FORWARD_FUSED=0"", ""-DSAD_RZZ_BACKWARD_STRATEGY=0""]"
rzz-hea,24,8,split-forward_split-backward,optimized,f64r3_b64r4,4,40.895244,1.921883,105.726505,148.54363199999997,5.471528950788189,2.6645352591003757e-15,1.7763568394002505e-15,9.327855126440684e-15,1,libsad_fusion_f64r3_b64r4_split_forward_split_backward_4aaa9c99cd.so,"[""-DSAD_FORWARD_BLOCK_THREADS=64"", ""-DSAD_FORWARD_REGISTER_BITS=3"", ""-DSAD_BLOCK_THREADS=64"", ""-DSAD_REGISTER_BITS=4"", ""-DSAD_RZZ_FORWARD_FUSED=0"", ""-DSAD_RZZ_BACKWARD_STRATEGY=0""]"
rzz-hea,24,8,split-forward_split-backward,optimized,f64r3_b64r4,5,39.978598,2.022101,107.362223,149.362922,5.471528950788189,2.6645352591003757e-15,1.7763568394002505e-15,9.327855126440684e-15,1,libsad_fusion_f64r3_b64r4_split_forward_split_backward_4aaa9c99cd.so,"[""-DSAD_FORWARD_BLOCK_THREADS=64"", ""-DSAD_FORWARD_REGISTER_BITS=3"", ""-DSAD_BLOCK_THREADS=64"", ""-DSAD_REGISTER_BITS=4"", ""-DSAD_RZZ_FORWARD_FUSED=0"", ""-DSAD_RZZ_BACKWARD_STRATEGY=0""]"
xxz-hva,24,8,cross-matching,optimized,f128r3_b32r3,3,69.505926,1.662941,225.579308,296.748175,0.10889026816899185,5.551115123125783e-17,1.4502288259166107e-15,5.8078167681302785e-15,1,libsad_fusion_f128r3_b32r3_cross_matching_448a98da88.so,"[""-DSAD_FORWARD_BLOCK_THREADS=128"", ""-DSAD_FORWARD_REGISTER_BITS=3"", ""-DSAD_BLOCK_THREADS=32"", ""-DSAD_REGISTER_BITS=3"", ""-DSAD_XXZ_CROSS_MATCHING=1""]"
xxz-hva,24,8,cross-matching,optimized,f128r3_b32r3,4,66.30842000000001,1.775857,222.544537,290.62881400000003,0.10889026816899185,5.551115123125783e-17,1.4502288259166107e-15,5.8078167681302785e-15,1,libsad_fusion_f128r3_b32r3_cross_matching_448a98da88.so,"[""-DSAD_FORWARD_BLOCK_THREADS=128"", ""-DSAD_FORWARD_REGISTER_BITS=3"", ""-DSAD_BLOCK_THREADS=32"", ""-DSAD_REGISTER_BITS=3"", ""-DSAD_XXZ_CROSS_MATCHING=1""]"
xxz-hva,24,8,cross-matching,optimized,f128r3_b32r3,5,67.57981000000001,1.8283310000000002,222.770221,292.17836200000005,0.10889026816899185,5.551115123125783e-17,1.4502288259166107e-15,5.8078167681302785e-15,1,libsad_fusion_f128r3_b32r3_cross_matching_448a98da88.so,"[""-DSAD_FORWARD_BLOCK_THREADS=128"", ""-DSAD_FORWARD_REGISTER_BITS=3"", ""-DSAD_BLOCK_THREADS=32"", ""-DSAD_REGISTER_BITS=3"", ""-DSAD_XXZ_CROSS_MATCHING=1""]"
qaoa,26,8,fused-both,optimized,f64r4_b128r3,3,120.992743,2.9388650000000003,316.43528999999995,440.36689799999994,-13.992296268451229,1.7763568394002505e-15,8.171241461241152e-14,1.0604513028198514e-13,1,libsad_fusion_f64r4_b128r3_fused_both_f60ba618ce.so,"[""-DSAD_FORWARD_BLOCK_THREADS=64"", ""-DSAD_FORWARD_REGISTER_BITS=4"", ""-DSAD_BLOCK_THREADS=128"", ""-DSAD_REGISTER_BITS=3"", ""-DSAD_QAOA_FUSE_COST_RX=1"", ""-DSAD_QAOA_FUSED_BACKWARD=2""]"
qaoa,26,8,fused-both,optimized,f64r4_b128r3,4,119.51597699999999,2.942719,318.74775500000004,441.206451,-13.992296268451229,1.7763568394002505e-15,8.171241461241152e-14,1.0604513028198514e-13,1,libsad_fusion_f64r4_b128r3_fused_both_f60ba618ce.so,"[""-DSAD_FORWARD_BLOCK_THREADS=64"", ""-DSAD_FORWARD_REGISTER_BITS=4"", ""-DSAD_BLOCK_THREADS=128"", ""-DSAD_REGISTER_BITS=3"", ""-DSAD_QAOA_FUSE_COST_RX=1"", ""-DSAD_QAOA_FUSED_BACKWARD=2""]"
qaoa,26,8,fused-both,optimized,f64r4_b128r3,5,119.67315,3.3336949999999996,318.051563,441.058408,-13.992296268451229,1.7763568394002505e-15,8.171241461241152e-14,1.0604513028198514e-13,1,libsad_fusion_f64r4_b128r3_fused_both_f60ba618ce.so,"[""-DSAD_FORWARD_BLOCK_THREADS=64"", ""-DSAD_FORWARD_REGISTER_BITS=4"", ""-DSAD_BLOCK_THREADS=128"", ""-DSAD_REGISTER_BITS=3"", ""-DSAD_QAOA_FUSE_COST_RX=1"", ""-DSAD_QAOA_FUSED_BACKWARD=2""]"
qaoa,24,8,fused-both,optimized,f64r3_b64r4,3,25.535798,0.961843,79.54433599999999,106.04197699999999,-12.915965786262676,5.329070518200751e-15,6.039613253960852e-14,8.56966330908435e-14,1,libsad_fusion_f64r3_b64r4_fused_both_aaa9c0f863.so,"[""-DSAD_FORWARD_BLOCK_THREADS=64"", ""-DSAD_FORWARD_REGISTER_BITS=3"", ""-DSAD_BLOCK_THREADS=64"", ""-DSAD_REGISTER_BITS=4"", ""-DSAD_QAOA_FUSE_COST_RX=1"", ""-DSAD_QAOA_FUSED_BACKWARD=2""]"
qaoa,24,8,fused-both,optimized,f64r3_b64r4,4,25.871662,0.958882,78.831125,105.661669,-12.915965786262676,5.329070518200751e-15,6.039613253960852e-14,8.56966330908435e-14,1,libsad_fusion_f64r3_b64r4_fused_both_aaa9c0f863.so,"[""-DSAD_FORWARD_BLOCK_THREADS=64"", ""-DSAD_FORWARD_REGISTER_BITS=3"", ""-DSAD_BLOCK_THREADS=64"", ""-DSAD_REGISTER_BITS=4"", ""-DSAD_QAOA_FUSE_COST_RX=1"", ""-DSAD_QAOA_FUSED_BACKWARD=2""]"
qaoa,24,8,fused-both,optimized,f64r3_b64r4,5,26.734596,0.6920850000000001,78.99959,106.42627099999999,-12.915965786262676,5.329070518200751e-15,6.039613253960852e-14,8.56966330908435e-14,1,libsad_fusion_f64r3_b64r4_fused_both_aaa9c0f863.so,"[""-DSAD_FORWARD_BLOCK_THREADS=64"", ""-DSAD_FORWARD_REGISTER_BITS=3"", ""-DSAD_BLOCK_THREADS=64"", ""-DSAD_REGISTER_BITS=4"", ""-DSAD_QAOA_FUSE_COST_RX=1"", ""-DSAD_QAOA_FUSED_BACKWARD=2""]"
qaoa,26,8,split-both,optimized,f64r4_b128r3,3,137.517996,3.1202729999999996,348.249133,488.887402,-13.992296268451229,1.7763568394002505e-15,7.993605777301127e-15,1.2115682322070374e-14,1,libsad_fusion_f64r4_b128r3_split_both_4026bf3948.so,"[""-DSAD_FORWARD_BLOCK_THREADS=64"", ""-DSAD_FORWARD_REGISTER_BITS=4"", ""-DSAD_BLOCK_THREADS=128"", ""-DSAD_REGISTER_BITS=3"", ""-DSAD_QAOA_FUSE_COST_RX=0"", ""-DSAD_QAOA_FUSED_BACKWARD=0""]"
qaoa,26,8,split-both,optimized,f64r4_b128r3,4,137.056933,2.79569,353.072586,492.92520900000005,-13.992296268451229,1.7763568394002505e-15,7.993605777301127e-15,1.2115682322070374e-14,1,libsad_fusion_f64r4_b128r3_split_both_4026bf3948.so,"[""-DSAD_FORWARD_BLOCK_THREADS=64"", ""-DSAD_FORWARD_REGISTER_BITS=4"", ""-DSAD_BLOCK_THREADS=128"", ""-DSAD_REGISTER_BITS=3"", ""-DSAD_QAOA_FUSE_COST_RX=0"", ""-DSAD_QAOA_FUSED_BACKWARD=0""]"
qaoa,26,8,split-both,optimized,f64r4_b128r3,5,137.294001,2.796631,350.087051,490.177683,-13.992296268451229,1.7763568394002505e-15,7.993605777301127e-15,1.2115682322070374e-14,1,libsad_fusion_f64r4_b128r3_split_both_4026bf3948.so,"[""-DSAD_FORWARD_BLOCK_THREADS=64"", ""-DSAD_FORWARD_REGISTER_BITS=4"", ""-DSAD_BLOCK_THREADS=128"", ""-DSAD_REGISTER_BITS=3"", ""-DSAD_QAOA_FUSE_COST_RX=0"", ""-DSAD_QAOA_FUSED_BACKWARD=0""]"
su2-hea,20,8,lookup-forward_lookup-backward,optimized,f128r3_b64r4,3,1.428178,0.102317,5.449355000000001,6.97985,-0.12535282831387856,1.3877787807814457e-16,2.498001805406602e-16,6.440036694682865e-16,1,libsad_fusion_f128r3_b64r4_lookup_forward_lookup_backward_7b8f8fcfcf.so,"[""-DSAD_FORWARD_BLOCK_THREADS=128"", ""-DSAD_FORWARD_REGISTER_BITS=3"", ""-DSAD_BLOCK_THREADS=64"", ""-DSAD_REGISTER_BITS=4"", ""-DSAD_SU2_FORWARD_STRATEGY=1"", ""-DSAD_SU2_BACKWARD_STRATEGY=1""]"
su2-hea,20,8,lookup-forward_lookup-backward,optimized,f128r3_b64r4,4,1.5745900000000002,0.344271,5.913364,7.832225,-0.12535282831387856,1.3877787807814457e-16,2.498001805406602e-16,6.440036694682865e-16,1,libsad_fusion_f128r3_b64r4_lookup_forward_lookup_backward_7b8f8fcfcf.so,"[""-DSAD_FORWARD_BLOCK_THREADS=128"", ""-DSAD_FORWARD_REGISTER_BITS=3"", ""-DSAD_BLOCK_THREADS=64"", ""-DSAD_REGISTER_BITS=4"", ""-DSAD_SU2_FORWARD_STRATEGY=1"", ""-DSAD_SU2_BACKWARD_STRATEGY=1""]"
su2-hea,20,8,lookup-forward_lookup-backward,optimized,f128r3_b64r4,5,1.425238,0.345389,5.4638539999999995,7.234480999999999,-0.12535282831387856,1.3877787807814457e-16,2.498001805406602e-16,6.440036694682865e-16,1,libsad_fusion_f128r3_b64r4_lookup_forward_lookup_backward_7b8f8fcfcf.so,"[""-DSAD_FORWARD_BLOCK_THREADS=128"", ""-DSAD_FORWARD_REGISTER_BITS=3"", ""-DSAD_BLOCK_THREADS=64"", ""-DSAD_REGISTER_BITS=4"", ""-DSAD_SU2_FORWARD_STRATEGY=1"", ""-DSAD_SU2_BACKWARD_STRATEGY=1""]"
ra-hea,20,8,complex-fused-both,optimized,f64r4_b64r4,3,1.650452,0.28342,4.169356,6.103228,0.033727665114380814,4.85722573273506e-17,2.220446049250313e-16,5.386074362468381e-16,1,libsad_fusion_f64r4_b64r4_complex_fused_both_eecac02710.so,"[""-DSAD_FORWARD_BLOCK_THREADS=64"", ""-DSAD_FORWARD_REGISTER_BITS=4"", ""-DSAD_BLOCK_THREADS=64"", ""-DSAD_REGISTER_BITS=4"", ""-DSAD_REAL_AMPLITUDE=0"", ""-DSAD_RA_FORWARD_FUSED=1"", ""-DSAD_RA_BACKWARD_FUSED=1""]"
ra-hea,20,8,complex-fused-both,optimized,f64r4_b64r4,4,1.4015950000000001,0.241587,4.2731840000000005,5.916366,0.033727665114380814,4.85722573273506e-17,2.220446049250313e-16,5.386074362468381e-16,1,libsad_fusion_f64r4_b64r4_complex_fused_both_eecac02710.so,"[""-DSAD_FORWARD_BLOCK_THREADS=64"", ""-DSAD_FORWARD_REGISTER_BITS=4"", ""-DSAD_BLOCK_THREADS=64"", ""-DSAD_REGISTER_BITS=4"", ""-DSAD_REAL_AMPLITUDE=0"", ""-DSAD_RA_FORWARD_FUSED=1"", ""-DSAD_RA_BACKWARD_FUSED=1""]"
ra-hea,20,8,complex-fused-both,optimized,f64r4_b64r4,5,1.660275,0.378725,4.176782,6.215782000000001,0.033727665114380814,4.85722573273506e-17,2.220446049250313e-16,5.386074362468381e-16,1,libsad_fusion_f64r4_b64r4_complex_fused_both_eecac02710.so,"[""-DSAD_FORWARD_BLOCK_THREADS=64"", ""-DSAD_FORWARD_REGISTER_BITS=4"", ""-DSAD_BLOCK_THREADS=64"", ""-DSAD_REGISTER_BITS=4"", ""-DSAD_REAL_AMPLITUDE=0"", ""-DSAD_RA_FORWARD_FUSED=1"", ""-DSAD_RA_BACKWARD_FUSED=1""]"
ra-hea,26,8,complex-fused-backward,optimized,f64r4_b64r4,3,120.884398,11.138109,320.57266,452.595167,-0.14134595541889824,2.498001805406602e-16,1.3877787807814457e-16,6.056617392951229e-16,1,libsad_fusion_f64r4_b64r4_complex_fused_backward_dfc4d7af68.so,"[""-DSAD_FORWARD_BLOCK_THREADS=64"", ""-DSAD_FORWARD_REGISTER_BITS=4"", ""-DSAD_BLOCK_THREADS=64"", ""-DSAD_REGISTER_BITS=4"", ""-DSAD_REAL_AMPLITUDE=0"", ""-DSAD_RA_FORWARD_FUSED=0"", ""-DSAD_RA_BACKWARD_FUSED=1""]"
ra-hea,26,8,complex-fused-backward,optimized,f64r4_b64r4,4,121.61937,11.140348,317.10459000000003,449.864308,-0.14134595541889824,2.498001805406602e-16,1.3877787807814457e-16,6.056617392951229e-16,1,libsad_fusion_f64r4_b64r4_complex_fused_backward_dfc4d7af68.so,"[""-DSAD_FORWARD_BLOCK_THREADS=64"", ""-DSAD_FORWARD_REGISTER_BITS=4"", ""-DSAD_BLOCK_THREADS=64"", ""-DSAD_REGISTER_BITS=4"", ""-DSAD_REAL_AMPLITUDE=0"", ""-DSAD_RA_FORWARD_FUSED=0"", ""-DSAD_RA_BACKWARD_FUSED=1""]"
ra-hea,26,8,complex-fused-backward,optimized,f64r4_b64r4,5,121.72300299999999,11.503449,321.044602,454.271054,-0.14134595541889824,2.498001805406602e-16,1.3877787807814457e-16,6.056617392951229e-16,1,libsad_fusion_f64r4_b64r4_complex_fused_backward_dfc4d7af68.so,"[""-DSAD_FORWARD_BLOCK_THREADS=64"", ""-DSAD_FORWARD_REGISTER_BITS=4"", ""-DSAD_BLOCK_THREADS=64"", ""-DSAD_REGISTER_BITS=4"", ""-DSAD_REAL_AMPLITUDE=0"", ""-DSAD_RA_FORWARD_FUSED=0"", ""-DSAD_RA_BACKWARD_FUSED=1""]"
rzz-hea,24,8,auto,optimized,f64r3_b64r4,3,29.362122,1.9265949999999998,113.550238,144.838955,5.471528950788188,1.7763568394002505e-15,3.774758283725532e-15,1.2647464819418186e-14,1,libsad_fusion_f64r3_b64r4_auto_9effb5b589.so,"[""-DSAD_FORWARD_BLOCK_THREADS=64"", ""-DSAD_FORWARD_REGISTER_BITS=3"", ""-DSAD_BLOCK_THREADS=64"", ""-DSAD_REGISTER_BITS=4""]"
rzz-hea,24,8,auto,optimized,f64r3_b64r4,4,30.498998999999998,1.728099,112.55005799999999,144.777156,5.471528950788188,1.7763568394002505e-15,3.774758283725532e-15,1.2647464819418186e-14,1,libsad_fusion_f64r3_b64r4_auto_9effb5b589.so,"[""-DSAD_FORWARD_BLOCK_THREADS=64"", ""-DSAD_FORWARD_REGISTER_BITS=3"", ""-DSAD_BLOCK_THREADS=64"", ""-DSAD_REGISTER_BITS=4""]"
rzz-hea,24,8,auto,optimized,f64r3_b64r4,5,29.211236000000003,1.9286699999999999,112.04511600000001,143.185022,5.471528950788188,1.7763568394002505e-15,3.774758283725532e-15,1.2647464819418186e-14,1,libsad_fusion_f64r3_b64r4_auto_9effb5b589.so,"[""-DSAD_FORWARD_BLOCK_THREADS=64"", ""-DSAD_FORWARD_REGISTER_BITS=3"", ""-DSAD_BLOCK_THREADS=64"", ""-DSAD_REGISTER_BITS=4""]"
rzz-hea,20,8,fused-forward_split-backward,optimized,f128r2_b128r2,3,1.630643,0.100844,5.890175999999999,7.621662999999999,0.7166911626593796,1.5543122344752192e-15,1.3322676295501878e-15,6.730489519545543e-15,1,libsad_fusion_f128r2_b128r2_fused_forward_split_backward_1714f0e737.so,"[""-DSAD_RZZ_FORWARD_FUSED=1"", ""-DSAD_RZZ_BACKWARD_STRATEGY=0""]"
rzz-hea,20,8,fused-forward_split-backward,optimized,f128r2_b128r2,4,1.633931,0.241404,5.841145,7.71648,0.7166911626593796,1.5543122344752192e-15,1.3322676295501878e-15,6.730489519545543e-15,1,libsad_fusion_f128r2_b128r2_fused_forward_split_backward_1714f0e737.so,"[""-DSAD_RZZ_FORWARD_FUSED=1"", ""-DSAD_RZZ_BACKWARD_STRATEGY=0""]"
rzz-hea,20,8,fused-forward_split-backward,optimized,f128r2_b128r2,5,1.772415,0.366977,5.878501,8.017892999999999,0.7166911626593796,1.5543122344752192e-15,1.3322676295501878e-15,6.730489519545543e-15,1,libsad_fusion_f128r2_b128r2_fused_forward_split_backward_1714f0e737.so,"[""-DSAD_RZZ_FORWARD_FUSED=1"", ""-DSAD_RZZ_BACKWARD_STRATEGY=0""]"
su2-hea,24,8,phased-forward_lookup-backward,optimized,f128r3_b64r4,3,39.007042,1.707887,98.187963,138.902892,-0.04539400221034763,1.1102230246251565e-16,5.967448757360216e-16,1.845611529756225e-15,1,libsad_fusion_f128r3_b64r4_phased_forward_lookup_backward_7df21f009d.so,"[""-DSAD_FORWARD_BLOCK_THREADS=128"", ""-DSAD_FORWARD_REGISTER_BITS=3"", ""-DSAD_BLOCK_THREADS=64"", ""-DSAD_REGISTER_BITS=4"", ""-DSAD_SU2_FORWARD_STRATEGY=2"", ""-DSAD_SU2_BACKWARD_STRATEGY=1""]"
su2-hea,24,8,phased-forward_lookup-backward,optimized,f128r3_b64r4,4,38.465402000000005,1.704181,100.997445,141.167028,-0.04539400221034763,1.1102230246251565e-16,5.967448757360216e-16,1.845611529756225e-15,1,libsad_fusion_f128r3_b64r4_phased_forward_lookup_backward_7df21f009d.so,"[""-DSAD_FORWARD_BLOCK_THREADS=128"", ""-DSAD_FORWARD_REGISTER_BITS=3"", ""-DSAD_BLOCK_THREADS=64"", ""-DSAD_REGISTER_BITS=4"", ""-DSAD_SU2_FORWARD_STRATEGY=2"", ""-DSAD_SU2_BACKWARD_STRATEGY=1""]"
su2-hea,24,8,phased-forward_lookup-backward,optimized,f128r3_b64r4,5,39.959936,1.978877,97.53064,139.469453,-0.04539400221034763,1.1102230246251565e-16,5.967448757360216e-16,1.845611529756225e-15,1,libsad_fusion_f128r3_b64r4_phased_forward_lookup_backward_7df21f009d.so,"[""-DSAD_FORWARD_BLOCK_THREADS=128"", ""-DSAD_FORWARD_REGISTER_BITS=3"", ""-DSAD_BLOCK_THREADS=64"", ""-DSAD_REGISTER_BITS=4"", ""-DSAD_SU2_FORWARD_STRATEGY=2"", ""-DSAD_SU2_BACKWARD_STRATEGY=1""]"
su2-hea,20,8,split-forward_lookup-backward,optimized,f128r3_b64r4,3,1.697552,0.094236,5.541383000000001,7.333171,-0.12535282831387856,1.3877787807814457e-16,2.0816681711721685e-16,6.279459094979658e-16,1,libsad_fusion_f128r3_b64r4_split_forward_lookup_backward_14001066e2.so,"[""-DSAD_FORWARD_BLOCK_THREADS=128"", ""-DSAD_FORWARD_REGISTER_BITS=3"", ""-DSAD_BLOCK_THREADS=64"", ""-DSAD_REGISTER_BITS=4"", ""-DSAD_SU2_FORWARD_STRATEGY=0"", ""-DSAD_SU2_BACKWARD_STRATEGY=1""]"
su2-hea,20,8,split-forward_lookup-backward,optimized,f128r3_b64r4,4,1.7228569999999999,0.241994,5.1845349999999994,7.149386,-0.12535282831387856,1.3877787807814457e-16,2.0816681711721685e-16,6.279459094979658e-16,1,libsad_fusion_f128r3_b64r4_split_forward_lookup_backward_14001066e2.so,"[""-DSAD_FORWARD_BLOCK_THREADS=128"", ""-DSAD_FORWARD_REGISTER_BITS=3"", ""-DSAD_BLOCK_THREADS=64"", ""-DSAD_REGISTER_BITS=4"", ""-DSAD_SU2_FORWARD_STRATEGY=0"", ""-DSAD_SU2_BACKWARD_STRATEGY=1""]"
su2-hea,20,8,split-forward_lookup-backward,optimized,f128r3_b64r4,5,1.547836,0.30856999999999996,6.187564,8.043970000000002,-0.12535282831387856,1.3877787807814457e-16,2.0816681711721685e-16,6.279459094979658e-16,1,libsad_fusion_f128r3_b64r4_split_forward_lookup_backward_14001066e2.so,"[""-DSAD_FORWARD_BLOCK_THREADS=128"", ""-DSAD_FORWARD_REGISTER_BITS=3"", ""-DSAD_BLOCK_THREADS=64"", ""-DSAD_REGISTER_BITS=4"", ""-DSAD_SU2_FORWARD_STRATEGY=0"", ""-DSAD_SU2_BACKWARD_STRATEGY=1""]"
xxz-hva,26,8,cross-matching,optimized,f128r3_b32r3,3,290.906421,8.571439,986.854554,1286.3324140000002,0.0601853025359312,2.0816681711721685e-17,1.0241807402167069e-14,2.328534285452037e-14,1,libsad_fusion_f128r3_b32r3_cross_matching_448a98da88.so,"[""-DSAD_FORWARD_BLOCK_THREADS=128"", ""-DSAD_FORWARD_REGISTER_BITS=3"", ""-DSAD_BLOCK_THREADS=32"", ""-DSAD_REGISTER_BITS=3"", ""-DSAD_XXZ_CROSS_MATCHING=1""]"
xxz-hva,26,8,cross-matching,optimized,f128r3_b32r3,4,289.779099,8.921163,981.459363,1280.159625,0.0601853025359312,2.0816681711721685e-17,1.0241807402167069e-14,2.328534285452037e-14,1,libsad_fusion_f128r3_b32r3_cross_matching_448a98da88.so,"[""-DSAD_FORWARD_BLOCK_THREADS=128"", ""-DSAD_FORWARD_REGISTER_BITS=3"", ""-DSAD_BLOCK_THREADS=32"", ""-DSAD_REGISTER_BITS=3"", ""-DSAD_XXZ_CROSS_MATCHING=1""]"
xxz-hva,26,8,cross-matching,optimized,f128r3_b32r3,5,291.16418,8.22476,983.974597,1283.363537,0.0601853025359312,2.0816681711721685e-17,1.0241807402167069e-14,2.328534285452037e-14,1,libsad_fusion_f128r3_b32r3_cross_matching_448a98da88.so,"[""-DSAD_FORWARD_BLOCK_THREADS=128"", ""-DSAD_FORWARD_REGISTER_BITS=3"", ""-DSAD_BLOCK_THREADS=32"", ""-DSAD_REGISTER_BITS=3"", ""-DSAD_XXZ_CROSS_MATCHING=1""]"
su2-hea,24,8,phased-forward_split-backward,optimized,f128r3_b64r4,3,40.711162,1.887107,91.747195,134.345464,-0.04539400221034757,4.85722573273506e-17,3.3306690738754696e-16,9.294671718765717e-16,1,libsad_fusion_f128r3_b64r4_phased_forward_split_backward_2a4d35d553.so,"[""-DSAD_FORWARD_BLOCK_THREADS=128"", ""-DSAD_FORWARD_REGISTER_BITS=3"", ""-DSAD_BLOCK_THREADS=64"", ""-DSAD_REGISTER_BITS=4"", ""-DSAD_SU2_FORWARD_STRATEGY=2"", ""-DSAD_SU2_BACKWARD_STRATEGY=0""]"
su2-hea,24,8,phased-forward_split-backward,optimized,f128r3_b64r4,4,41.658224000000004,1.710361,90.861727,134.23031200000003,-0.04539400221034757,4.85722573273506e-17,3.3306690738754696e-16,9.294671718765717e-16,1,libsad_fusion_f128r3_b64r4_phased_forward_split_backward_2a4d35d553.so,"[""-DSAD_FORWARD_BLOCK_THREADS=128"", ""-DSAD_FORWARD_REGISTER_BITS=3"", ""-DSAD_BLOCK_THREADS=64"", ""-DSAD_REGISTER_BITS=4"", ""-DSAD_SU2_FORWARD_STRATEGY=2"", ""-DSAD_SU2_BACKWARD_STRATEGY=0""]"
su2-hea,24,8,phased-forward_split-backward,optimized,f128r3_b64r4,5,41.699178,1.716169,91.06829800000001,134.48364500000002,-0.04539400221034757,4.85722573273506e-17,3.3306690738754696e-16,9.294671718765717e-16,1,libsad_fusion_f128r3_b64r4_phased_forward_split_backward_2a4d35d553.so,"[""-DSAD_FORWARD_BLOCK_THREADS=128"", ""-DSAD_FORWARD_REGISTER_BITS=3"", ""-DSAD_BLOCK_THREADS=64"", ""-DSAD_REGISTER_BITS=4"", ""-DSAD_SU2_FORWARD_STRATEGY=2"", ""-DSAD_SU2_BACKWARD_STRATEGY=0""]"
qaoa,20,8,auto,optimized,f128r2_b128r2,3,1.446392,0.27707,4.322137000000001,6.045599,-10.763304821885578,5.329070518200751e-15,6.217248937900877e-15,9.57498972995034e-15,1,libsad_fusion_f128r2_b128r2_auto_05d6356191.so,"[""-DSAD_QAOA_FUSE_COST_RX=-1"", ""-DSAD_QAOA_FUSED_BACKWARD=1""]"
qaoa,20,8,auto,optimized,f128r2_b128r2,4,1.437707,0.036216,4.300272,5.774195000000001,-10.763304821885578,5.329070518200751e-15,6.217248937900877e-15,9.57498972995034e-15,1,libsad_fusion_f128r2_b128r2_auto_05d6356191.so,"[""-DSAD_QAOA_FUSE_COST_RX=-1"", ""-DSAD_QAOA_FUSED_BACKWARD=1""]"
qaoa,20,8,auto,optimized,f128r2_b128r2,5,1.440765,0.035930000000000004,3.813072,5.289767,-10.763304821885578,5.329070518200751e-15,6.217248937900877e-15,9.57498972995034e-15,1,libsad_fusion_f128r2_b128r2_auto_05d6356191.so,"[""-DSAD_QAOA_FUSE_COST_RX=-1"", ""-DSAD_QAOA_FUSED_BACKWARD=1""]"
su2-hea,26,8,phased-forward_split-backward,optimized,f128r3_b64r4,3,174.698985,11.460130000000001,425.390302,611.549417,-0.15118700614836508,8.326672684688674e-17,2.7755575615628914e-16,1.1011399159497515e-15,1,libsad_fusion_f128r3_b64r4_phased_forward_split_backward_2a4d35d553.so,"[""-DSAD_FORWARD_BLOCK_THREADS=128"", ""-DSAD_FORWARD_REGISTER_BITS=3"", ""-DSAD_BLOCK_THREADS=64"", ""-DSAD_REGISTER_BITS=4"", ""-DSAD_SU2_FORWARD_STRATEGY=2"", ""-DSAD_SU2_BACKWARD_STRATEGY=0""]"
su2-hea,26,8,phased-forward_split-backward,optimized,f128r3_b64r4,4,174.280719,11.118877,428.38771399999996,613.7873099999999,-0.15118700614836508,8.326672684688674e-17,2.7755575615628914e-16,1.1011399159497515e-15,1,libsad_fusion_f128r3_b64r4_phased_forward_split_backward_2a4d35d553.so,"[""-DSAD_FORWARD_BLOCK_THREADS=128"", ""-DSAD_FORWARD_REGISTER_BITS=3"", ""-DSAD_BLOCK_THREADS=64"", ""-DSAD_REGISTER_BITS=4"", ""-DSAD_SU2_FORWARD_STRATEGY=2"", ""-DSAD_SU2_BACKWARD_STRATEGY=0""]"
su2-hea,26,8,phased-forward_split-backward,optimized,f128r3_b64r4,5,174.766986,11.336172,426.909973,613.013131,-0.15118700614836508,8.326672684688674e-17,2.7755575615628914e-16,1.1011399159497515e-15,1,libsad_fusion_f128r3_b64r4_phased_forward_split_backward_2a4d35d553.so,"[""-DSAD_FORWARD_BLOCK_THREADS=128"", ""-DSAD_FORWARD_REGISTER_BITS=3"", ""-DSAD_BLOCK_THREADS=64"", ""-DSAD_REGISTER_BITS=4"", ""-DSAD_SU2_FORWARD_STRATEGY=2"", ""-DSAD_SU2_BACKWARD_STRATEGY=0""]"
rzz-hea,26,8,fused-forward_split-backward,optimized,f64r4_b128r3,3,153.202044,12.297036,457.03042,622.5295,2.388045350740535,2.220446049250313e-15,1.3322676295501878e-15,7.124409345860909e-15,1,libsad_fusion_f64r4_b128r3_fused_forward_split_backward_0031417c41.so,"[""-DSAD_FORWARD_BLOCK_THREADS=64"", ""-DSAD_FORWARD_REGISTER_BITS=4"", ""-DSAD_BLOCK_THREADS=128"", ""-DSAD_REGISTER_BITS=3"", ""-DSAD_RZZ_FORWARD_FUSED=1"", ""-DSAD_RZZ_BACKWARD_STRATEGY=0""]"
rzz-hea,26,8,fused-forward_split-backward,optimized,f64r4_b128r3,4,156.128761,11.121881,457.75507300000004,625.005715,2.388045350740535,2.220446049250313e-15,1.3322676295501878e-15,7.124409345860909e-15,1,libsad_fusion_f64r4_b128r3_fused_forward_split_backward_0031417c41.so,"[""-DSAD_FORWARD_BLOCK_THREADS=64"", ""-DSAD_FORWARD_REGISTER_BITS=4"", ""-DSAD_BLOCK_THREADS=128"", ""-DSAD_REGISTER_BITS=3"", ""-DSAD_RZZ_FORWARD_FUSED=1"", ""-DSAD_RZZ_BACKWARD_STRATEGY=0""]"
rzz-hea,26,8,fused-forward_split-backward,optimized,f64r4_b128r3,5,155.81689300000002,11.642045999999999,458.376407,625.835346,2.388045350740535,2.220446049250313e-15,1.3322676295501878e-15,7.124409345860909e-15,1,libsad_fusion_f64r4_b128r3_fused_forward_split_backward_0031417c41.so,"[""-DSAD_FORWARD_BLOCK_THREADS=64"", ""-DSAD_FORWARD_REGISTER_BITS=4"", ""-DSAD_BLOCK_THREADS=128"", ""-DSAD_REGISTER_BITS=3"", ""-DSAD_RZZ_FORWARD_FUSED=1"", ""-DSAD_RZZ_BACKWARD_STRATEGY=0""]"
su2-hea,20,8,lookup-forward_split-backward,optimized,f128r3_b64r4,3,1.4329880000000002,0.101742,4.623451,6.158181,-0.12535282831387853,1.1102230246251565e-16,1.3877787807814457e-16,5.279725088025009e-16,1,libsad_fusion_f128r3_b64r4_lookup_forward_split_backward_d2cc1cb087.so,"[""-DSAD_FORWARD_BLOCK_THREADS=128"", ""-DSAD_FORWARD_REGISTER_BITS=3"", ""-DSAD_BLOCK_THREADS=64"", ""-DSAD_REGISTER_BITS=4"", ""-DSAD_SU2_FORWARD_STRATEGY=1"", ""-DSAD_SU2_BACKWARD_STRATEGY=0""]"
su2-hea,20,8,lookup-forward_split-backward,optimized,f128r3_b64r4,4,1.433258,0.094597,4.865816000000001,6.393671,-0.12535282831387853,1.1102230246251565e-16,1.3877787807814457e-16,5.279725088025009e-16,1,libsad_fusion_f128r3_b64r4_lookup_forward_split_backward_d2cc1cb087.so,"[""-DSAD_FORWARD_BLOCK_THREADS=128"", ""-DSAD_FORWARD_REGISTER_BITS=3"", ""-DSAD_BLOCK_THREADS=64"", ""-DSAD_REGISTER_BITS=4"", ""-DSAD_SU2_FORWARD_STRATEGY=1"", ""-DSAD_SU2_BACKWARD_STRATEGY=0""]"
su2-hea,20,8,lookup-forward_split-backward,optimized,f128r3_b64r4,5,1.433249,0.26672799999999997,5.609211999999999,7.309189,-0.12535282831387853,1.1102230246251565e-16,1.3877787807814457e-16,5.279725088025009e-16,1,libsad_fusion_f128r3_b64r4_lookup_forward_split_backward_d2cc1cb087.so,"[""-DSAD_FORWARD_BLOCK_THREADS=128"", ""-DSAD_FORWARD_REGISTER_BITS=3"", ""-DSAD_BLOCK_THREADS=64"", ""-DSAD_REGISTER_BITS=4"", ""-DSAD_SU2_FORWARD_STRATEGY=1"", ""-DSAD_SU2_BACKWARD_STRATEGY=0""]"
su2-hea,26,8,phased-forward_phased-backward,optimized,f128r3_b64r4,3,172.754677,11.247976,634.954015,818.956668,-0.15118700614836503,2.7755575615628914e-17,1.9845236565174673e-15,4.345575347592253e-15,1,libsad_fusion_f128r3_b64r4_phased_forward_phased_backward_4896db51e9.so,"[""-DSAD_FORWARD_BLOCK_THREADS=128"", ""-DSAD_FORWARD_REGISTER_BITS=3"", ""-DSAD_BLOCK_THREADS=64"", ""-DSAD_REGISTER_BITS=4"", ""-DSAD_SU2_FORWARD_STRATEGY=2"", ""-DSAD_SU2_BACKWARD_STRATEGY=2""]"
su2-hea,26,8,phased-forward_phased-backward,optimized,f128r3_b64r4,4,174.111727,11.175196,634.8537269999999,820.1406499999999,-0.15118700614836503,2.7755575615628914e-17,1.9845236565174673e-15,4.345575347592253e-15,1,libsad_fusion_f128r3_b64r4_phased_forward_phased_backward_4896db51e9.so,"[""-DSAD_FORWARD_BLOCK_THREADS=128"", ""-DSAD_FORWARD_REGISTER_BITS=3"", ""-DSAD_BLOCK_THREADS=64"", ""-DSAD_REGISTER_BITS=4"", ""-DSAD_SU2_FORWARD_STRATEGY=2"", ""-DSAD_SU2_BACKWARD_STRATEGY=2""]"
su2-hea,26,8,phased-forward_phased-backward,optimized,f128r3_b64r4,5,175.39147599999998,11.352167,634.409445,821.153088,-0.15118700614836503,2.7755575615628914e-17,1.9845236565174673e-15,4.345575347592253e-15,1,libsad_fusion_f128r3_b64r4_phased_forward_phased_backward_4896db51e9.so,"[""-DSAD_FORWARD_BLOCK_THREADS=128"", ""-DSAD_FORWARD_REGISTER_BITS=3"", ""-DSAD_BLOCK_THREADS=64"", ""-DSAD_REGISTER_BITS=4"", ""-DSAD_SU2_FORWARD_STRATEGY=2"", ""-DSAD_SU2_BACKWARD_STRATEGY=2""]"
rzz-hea,26,8,fused-forward_combined-backward,optimized,f64r4_b128r3,3,155.567162,11.639356,475.004425,642.210943,2.3880453507405335,8.881784197001252e-16,2.6645352591003757e-15,1.136340969128334e-14,1,libsad_fusion_f64r4_b128r3_fused_forward_combined_backward_19b76466fc.so,"[""-DSAD_FORWARD_BLOCK_THREADS=64"", ""-DSAD_FORWARD_REGISTER_BITS=4"", ""-DSAD_BLOCK_THREADS=128"", ""-DSAD_REGISTER_BITS=3"", ""-DSAD_RZZ_FORWARD_FUSED=1"", ""-DSAD_RZZ_BACKWARD_STRATEGY=1""]"
rzz-hea,26,8,fused-forward_combined-backward,optimized,f64r4_b128r3,4,156.202888,10.276408,470.58952700000003,637.068823,2.3880453507405335,8.881784197001252e-16,2.6645352591003757e-15,1.136340969128334e-14,1,libsad_fusion_f64r4_b128r3_fused_forward_combined_backward_19b76466fc.so,"[""-DSAD_FORWARD_BLOCK_THREADS=64"", ""-DSAD_FORWARD_REGISTER_BITS=4"", ""-DSAD_BLOCK_THREADS=128"", ""-DSAD_REGISTER_BITS=3"", ""-DSAD_RZZ_FORWARD_FUSED=1"", ""-DSAD_RZZ_BACKWARD_STRATEGY=1""]"
rzz-hea,26,8,fused-forward_combined-backward,optimized,f64r4_b128r3,5,154.238814,12.047600000000001,470.786264,637.072678,2.3880453507405335,8.881784197001252e-16,2.6645352591003757e-15,1.136340969128334e-14,1,libsad_fusion_f64r4_b128r3_fused_forward_combined_backward_19b76466fc.so,"[""-DSAD_FORWARD_BLOCK_THREADS=64"", ""-DSAD_FORWARD_REGISTER_BITS=4"", ""-DSAD_BLOCK_THREADS=128"", ""-DSAD_REGISTER_BITS=3"", ""-DSAD_RZZ_FORWARD_FUSED=1"", ""-DSAD_RZZ_BACKWARD_STRATEGY=1""]"
qaoa,26,8,auto,optimized,f64r4_b128r3,3,121.046982,3.3496889999999997,316.321717,440.718388,-13.992296268451229,1.7763568394002505e-15,7.993605777301127e-14,1.0529597716748259e-13,1,libsad_fusion_f64r4_b128r3_auto_ab3f60d452.so,"[""-DSAD_FORWARD_BLOCK_THREADS=64"", ""-DSAD_FORWARD_REGISTER_BITS=4"", ""-DSAD_BLOCK_THREADS=128"", ""-DSAD_REGISTER_BITS=3"", ""-DSAD_QAOA_FUSE_COST_RX=-1"", ""-DSAD_QAOA_FUSED_BACKWARD=1""]"
qaoa,26,8,auto,optimized,f64r4_b128r3,4,120.34178399999999,3.1467769999999997,318.0879,441.576461,-13.992296268451229,1.7763568394002505e-15,7.993605777301127e-14,1.0529597716748259e-13,1,libsad_fusion_f64r4_b128r3_auto_ab3f60d452.so,"[""-DSAD_FORWARD_BLOCK_THREADS=64"", ""-DSAD_FORWARD_REGISTER_BITS=4"", ""-DSAD_BLOCK_THREADS=128"", ""-DSAD_REGISTER_BITS=3"", ""-DSAD_QAOA_FUSE_COST_RX=-1"", ""-DSAD_QAOA_FUSED_BACKWARD=1""]"
qaoa,26,8,auto,optimized,f64r4_b128r3,5,119.751547,2.756625,320.501816,443.009988,-13.992296268451229,1.7763568394002505e-15,7.993605777301127e-14,1.0529597716748259e-13,1,libsad_fusion_f64r4_b128r3_auto_ab3f60d452.so,"[""-DSAD_FORWARD_BLOCK_THREADS=64"", ""-DSAD_FORWARD_REGISTER_BITS=4"", ""-DSAD_BLOCK_THREADS=128"", ""-DSAD_REGISTER_BITS=3"", ""-DSAD_QAOA_FUSE_COST_RX=-1"", ""-DSAD_QAOA_FUSED_BACKWARD=1""]"
ra-hea,20,8,complex-fused-backward,optimized,f64r4_b64r4,3,1.573841,0.09414,4.037568,5.7055489999999995,0.03372766511438082,5.551115123125783e-17,2.220446049250313e-16,5.422071867263351e-16,1,libsad_fusion_f64r4_b64r4_complex_fused_backward_dfc4d7af68.so,"[""-DSAD_FORWARD_BLOCK_THREADS=64"", ""-DSAD_FORWARD_REGISTER_BITS=4"", ""-DSAD_BLOCK_THREADS=64"", ""-DSAD_REGISTER_BITS=4"", ""-DSAD_REAL_AMPLITUDE=0"", ""-DSAD_RA_FORWARD_FUSED=0"", ""-DSAD_RA_BACKWARD_FUSED=1""]"
ra-hea,20,8,complex-fused-backward,optimized,f64r4_b64r4,4,1.43829,0.093131,4.0378,5.569221,0.03372766511438082,5.551115123125783e-17,2.220446049250313e-16,5.422071867263351e-16,1,libsad_fusion_f64r4_b64r4_complex_fused_backward_dfc4d7af68.so,"[""-DSAD_FORWARD_BLOCK_THREADS=64"", ""-DSAD_FORWARD_REGISTER_BITS=4"", ""-DSAD_BLOCK_THREADS=64"", ""-DSAD_REGISTER_BITS=4"", ""-DSAD_REAL_AMPLITUDE=0"", ""-DSAD_RA_FORWARD_FUSED=0"", ""-DSAD_RA_BACKWARD_FUSED=1""]"
ra-hea,20,8,complex-fused-backward,optimized,f64r4_b64r4,5,1.439595,0.10157699999999999,4.032483,5.5736550000000005,0.03372766511438082,5.551115123125783e-17,2.220446049250313e-16,5.422071867263351e-16,1,libsad_fusion_f64r4_b64r4_complex_fused_backward_dfc4d7af68.so,"[""-DSAD_FORWARD_BLOCK_THREADS=64"", ""-DSAD_FORWARD_REGISTER_BITS=4"", ""-DSAD_BLOCK_THREADS=64"", ""-DSAD_REGISTER_BITS=4"", ""-DSAD_REAL_AMPLITUDE=0"", ""-DSAD_RA_FORWARD_FUSED=0"", ""-DSAD_RA_BACKWARD_FUSED=1""]"
rzz-hea,20,8,split-forward_combined-backward,optimized,f128r2_b128r2,3,1.878819,0.101362,6.193581,8.173762000000002,0.7166911626593795,1.4432899320127035e-15,3.4416913763379853e-15,8.964403337214909e-15,1,libsad_fusion_f128r2_b128r2_split_forward_combined_backward_121d23564d.so,"[""-DSAD_RZZ_FORWARD_FUSED=0"", ""-DSAD_RZZ_BACKWARD_STRATEGY=1""]"
rzz-hea,20,8,split-forward_combined-backward,optimized,f128r2_b128r2,4,2.025942,0.33602000000000004,6.995221,9.357183000000001,0.7166911626593795,1.4432899320127035e-15,3.4416913763379853e-15,8.964403337214909e-15,1,libsad_fusion_f128r2_b128r2_split_forward_combined_backward_121d23564d.so,"[""-DSAD_RZZ_FORWARD_FUSED=0"", ""-DSAD_RZZ_BACKWARD_STRATEGY=1""]"
rzz-hea,20,8,split-forward_combined-backward,optimized,f128r2_b128r2,5,2.02268,0.093781,6.184029,8.300489999999998,0.7166911626593795,1.4432899320127035e-15,3.4416913763379853e-15,8.964403337214909e-15,1,libsad_fusion_f128r2_b128r2_split_forward_combined_backward_121d23564d.so,"[""-DSAD_RZZ_FORWARD_FUSED=0"", ""-DSAD_RZZ_BACKWARD_STRATEGY=1""]"
qaoa,26,8,fused-forward,optimized,f64r4_b128r3,3,120.15106300000001,3.172669,349.718859,473.042591,-13.992296268451232,1.7763568394002505e-15,1.0658141036401503e-14,2.1844607846076058e-14,1,libsad_fusion_f64r4_b128r3_fused_forward_ee1f10dcea.so,"[""-DSAD_FORWARD_BLOCK_THREADS=64"", ""-DSAD_FORWARD_REGISTER_BITS=4"", ""-DSAD_BLOCK_THREADS=128"", ""-DSAD_REGISTER_BITS=3"", ""-DSAD_QAOA_FUSE_COST_RX=1"", ""-DSAD_QAOA_FUSED_BACKWARD=0""]"
qaoa,26,8,fused-forward,optimized,f64r4_b128r3,4,120.866332,3.0432469999999996,352.897513,476.807092,-13.992296268451232,1.7763568394002505e-15,1.0658141036401503e-14,2.1844607846076058e-14,1,libsad_fusion_f64r4_b128r3_fused_forward_ee1f10dcea.so,"[""-DSAD_FORWARD_BLOCK_THREADS=64"", ""-DSAD_FORWARD_REGISTER_BITS=4"", ""-DSAD_BLOCK_THREADS=128"", ""-DSAD_REGISTER_BITS=3"", ""-DSAD_QAOA_FUSE_COST_RX=1"", ""-DSAD_QAOA_FUSED_BACKWARD=0""]"
qaoa,26,8,fused-forward,optimized,f64r4_b128r3,5,120.390366,3.2986869999999997,351.425068,475.114121,-13.992296268451232,1.7763568394002505e-15,1.0658141036401503e-14,2.1844607846076058e-14,1,libsad_fusion_f64r4_b128r3_fused_forward_ee1f10dcea.so,"[""-DSAD_FORWARD_BLOCK_THREADS=64"", ""-DSAD_FORWARD_REGISTER_BITS=4"", ""-DSAD_BLOCK_THREADS=128"", ""-DSAD_REGISTER_BITS=3"", ""-DSAD_QAOA_FUSE_COST_RX=1"", ""-DSAD_QAOA_FUSED_BACKWARD=0""]"
qaoa,20,8,fused-both,optimized,f128r2_b128r2,3,1.552718,0.182871,3.809638,5.545227,-10.763304821885582,1.7763568394002505e-15,7.105427357601002e-15,1.2886719772722113e-14,1,libsad_fusion_f128r2_b128r2_fused_both_0013ed2463.so,"[""-DSAD_QAOA_FUSE_COST_RX=1"", ""-DSAD_QAOA_FUSED_BACKWARD=2""]"
qaoa,20,8,fused-both,optimized,f128r2_b128r2,4,1.297424,0.036636,4.285856,5.619916,-10.763304821885582,1.7763568394002505e-15,7.105427357601002e-15,1.2886719772722113e-14,1,libsad_fusion_f128r2_b128r2_fused_both_0013ed2463.so,"[""-DSAD_QAOA_FUSE_COST_RX=1"", ""-DSAD_QAOA_FUSED_BACKWARD=2""]"
qaoa,20,8,fused-both,optimized,f128r2_b128r2,5,1.4301540000000001,0.26610700000000004,4.101490999999999,5.797752,-10.763304821885582,1.7763568394002505e-15,7.105427357601002e-15,1.2886719772722113e-14,1,libsad_fusion_f128r2_b128r2_fused_both_0013ed2463.so,"[""-DSAD_QAOA_FUSE_COST_RX=1"", ""-DSAD_QAOA_FUSED_BACKWARD=2""]"
rzz-hea,26,8,split-forward_combined-backward,optimized,f64r4_b128r3,3,175.09103000000002,10.313058,471.655843,657.059931,2.388045350740531,1.7763568394002505e-15,2.3314683517128287e-15,1.0685202797456511e-14,1,libsad_fusion_f64r4_b128r3_split_forward_combined_backward_f6c4a67e44.so,"[""-DSAD_FORWARD_BLOCK_THREADS=64"", ""-DSAD_FORWARD_REGISTER_BITS=4"", ""-DSAD_BLOCK_THREADS=128"", ""-DSAD_REGISTER_BITS=3"", ""-DSAD_RZZ_FORWARD_FUSED=0"", ""-DSAD_RZZ_BACKWARD_STRATEGY=1""]"
rzz-hea,26,8,split-forward_combined-backward,optimized,f64r4_b128r3,4,178.159478,10.705392,473.310204,662.1750740000001,2.388045350740531,1.7763568394002505e-15,2.3314683517128287e-15,1.0685202797456511e-14,1,libsad_fusion_f64r4_b128r3_split_forward_combined_backward_f6c4a67e44.so,"[""-DSAD_FORWARD_BLOCK_THREADS=64"", ""-DSAD_FORWARD_REGISTER_BITS=4"", ""-DSAD_BLOCK_THREADS=128"", ""-DSAD_REGISTER_BITS=3"", ""-DSAD_RZZ_FORWARD_FUSED=0"", ""-DSAD_RZZ_BACKWARD_STRATEGY=1""]"
rzz-hea,26,8,split-forward_combined-backward,optimized,f64r4_b128r3,5,174.025306,11.299361000000001,472.719839,658.044506,2.388045350740531,1.7763568394002505e-15,2.3314683517128287e-15,1.0685202797456511e-14,1,libsad_fusion_f64r4_b128r3_split_forward_combined_backward_f6c4a67e44.so,"[""-DSAD_FORWARD_BLOCK_THREADS=64"", ""-DSAD_FORWARD_REGISTER_BITS=4"", ""-DSAD_BLOCK_THREADS=128"", ""-DSAD_REGISTER_BITS=3"", ""-DSAD_RZZ_FORWARD_FUSED=0"", ""-DSAD_RZZ_BACKWARD_STRATEGY=1""]"
su2-hea,20,8,phased-forward_lookup-backward,optimized,f128r3_b64r4,3,2.640848,0.09587899999999999,6.009671,8.746398000000001,-0.12535282831387864,2.220446049250313e-16,3.7578447298347584e-16,1.480109825714424e-15,1,libsad_fusion_f128r3_b64r4_phased_forward_lookup_backward_7df21f009d.so,"[""-DSAD_FORWARD_BLOCK_THREADS=128"", ""-DSAD_FORWARD_REGISTER_BITS=3"", ""-DSAD_BLOCK_THREADS=64"", ""-DSAD_REGISTER_BITS=4"", ""-DSAD_SU2_FORWARD_STRATEGY=2"", ""-DSAD_SU2_BACKWARD_STRATEGY=1""]"
su2-hea,20,8,phased-forward_lookup-backward,optimized,f128r3_b64r4,4,2.155034,0.10202199999999999,5.861586,8.118642000000001,-0.12535282831387864,2.220446049250313e-16,3.7578447298347584e-16,1.480109825714424e-15,1,libsad_fusion_f128r3_b64r4_phased_forward_lookup_backward_7df21f009d.so,"[""-DSAD_FORWARD_BLOCK_THREADS=128"", ""-DSAD_FORWARD_REGISTER_BITS=3"", ""-DSAD_BLOCK_THREADS=64"", ""-DSAD_REGISTER_BITS=4"", ""-DSAD_SU2_FORWARD_STRATEGY=2"", ""-DSAD_SU2_BACKWARD_STRATEGY=1""]"
su2-hea,20,8,phased-forward_lookup-backward,optimized,f128r3_b64r4,5,2.719185,0.0979,5.249083,8.066168000000001,-0.12535282831387864,2.220446049250313e-16,3.7578447298347584e-16,1.480109825714424e-15,1,libsad_fusion_f128r3_b64r4_phased_forward_lookup_backward_7df21f009d.so,"[""-DSAD_FORWARD_BLOCK_THREADS=128"", ""-DSAD_FORWARD_REGISTER_BITS=3"", ""-DSAD_BLOCK_THREADS=64"", ""-DSAD_REGISTER_BITS=4"", ""-DSAD_SU2_FORWARD_STRATEGY=2"", ""-DSAD_SU2_BACKWARD_STRATEGY=1""]"
ra-hea,20,8,real-fused-both,optimized,f64r4_b64r4,3,0.810728,0.06033,2.011444,2.8825019999999997,0.033727665114380835,6.938893903907228e-17,1.942890293094024e-16,6.368576428381273e-16,1,libsad_fusion_f64r4_b64r4_real_fused_both_e60c482693.so,"[""-DSAD_FORWARD_BLOCK_THREADS=64"", ""-DSAD_FORWARD_REGISTER_BITS=4"", ""-DSAD_BLOCK_THREADS=64"", ""-DSAD_REGISTER_BITS=4"", ""-DSAD_REAL_AMPLITUDE=1""]"
ra-hea,20,8,real-fused-both,optimized,f64r4_b64r4,4,1.075538,0.208646,2.01173,3.2959140000000007,0.033727665114380835,6.938893903907228e-17,1.942890293094024e-16,6.368576428381273e-16,1,libsad_fusion_f64r4_b64r4_real_fused_both_e60c482693.so,"[""-DSAD_FORWARD_BLOCK_THREADS=64"", ""-DSAD_FORWARD_REGISTER_BITS=4"", ""-DSAD_BLOCK_THREADS=64"", ""-DSAD_REGISTER_BITS=4"", ""-DSAD_REAL_AMPLITUDE=1""]"
ra-hea,20,8,real-fused-both,optimized,f64r4_b64r4,5,0.809644,0.060795,2.011368,2.8818070000000002,0.033727665114380835,6.938893903907228e-17,1.942890293094024e-16,6.368576428381273e-16,1,libsad_fusion_f64r4_b64r4_real_fused_both_e60c482693.so,"[""-DSAD_FORWARD_BLOCK_THREADS=64"", ""-DSAD_FORWARD_REGISTER_BITS=4"", ""-DSAD_BLOCK_THREADS=64"", ""-DSAD_REGISTER_BITS=4"", ""-DSAD_REAL_AMPLITUDE=1""]"
qaoa,20,8,split-both,optimized,f128r2_b128r2,3,1.39208,0.035800000000000005,3.8061570000000002,5.234037000000001,-10.76330482188558,3.552713678800501e-15,5.329070518200751e-15,7.800057519991153e-15,1,libsad_fusion_f128r2_b128r2_split_both_4da203f407.so,"[""-DSAD_QAOA_FUSE_COST_RX=0"", ""-DSAD_QAOA_FUSED_BACKWARD=0""]"
qaoa,20,8,split-both,optimized,f128r2_b128r2,4,1.393705,0.035453,3.814424,5.243582,-10.76330482188558,3.552713678800501e-15,5.329070518200751e-15,7.800057519991153e-15,1,libsad_fusion_f128r2_b128r2_split_both_4da203f407.so,"[""-DSAD_QAOA_FUSE_COST_RX=0"", ""-DSAD_QAOA_FUSED_BACKWARD=0""]"
qaoa,20,8,split-both,optimized,f128r2_b128r2,5,1.524529,0.20102499999999998,4.232268,5.957822,-10.76330482188558,3.552713678800501e-15,5.329070518200751e-15,7.800057519991153e-15,1,libsad_fusion_f128r2_b128r2_split_both_4da203f407.so,"[""-DSAD_QAOA_FUSE_COST_RX=0"", ""-DSAD_QAOA_FUSED_BACKWARD=0""]"
xxz-hva,24,8,separate-matchings,optimized,f128r3_b32r3,3,71.23583599999999,1.5986710000000002,229.436421,302.27092799999997,0.10889026816899189,1.3877787807814457e-17,2.0122792321330962e-16,8.677531593061013e-16,1,libsad_fusion_f128r3_b32r3_separate_matchings_6a54a88064.so,"[""-DSAD_FORWARD_BLOCK_THREADS=128"", ""-DSAD_FORWARD_REGISTER_BITS=3"", ""-DSAD_BLOCK_THREADS=32"", ""-DSAD_REGISTER_BITS=3"", ""-DSAD_XXZ_CROSS_MATCHING=0""]"
xxz-hva,24,8,separate-matchings,optimized,f128r3_b32r3,4,69.08760099999999,1.617523,231.46762,302.17274399999997,0.10889026816899189,1.3877787807814457e-17,2.0122792321330962e-16,8.677531593061013e-16,1,libsad_fusion_f128r3_b32r3_separate_matchings_6a54a88064.so,"[""-DSAD_FORWARD_BLOCK_THREADS=128"", ""-DSAD_FORWARD_REGISTER_BITS=3"", ""-DSAD_BLOCK_THREADS=32"", ""-DSAD_REGISTER_BITS=3"", ""-DSAD_XXZ_CROSS_MATCHING=0""]"
xxz-hva,24,8,separate-matchings,optimized,f128r3_b32r3,5,69.581915,1.6022059999999998,231.668355,302.85247599999997,0.10889026816899189,1.3877787807814457e-17,2.0122792321330962e-16,8.677531593061013e-16,1,libsad_fusion_f128r3_b32r3_separate_matchings_6a54a88064.so,"[""-DSAD_FORWARD_BLOCK_THREADS=128"", ""-DSAD_FORWARD_REGISTER_BITS=3"", ""-DSAD_BLOCK_THREADS=32"", ""-DSAD_REGISTER_BITS=3"", ""-DSAD_XXZ_CROSS_MATCHING=0""]"
ra-hea,20,8,complex-fused-forward,optimized,f64r4_b64r4,3,1.402082,0.100967,3.933351,5.4364,0.033727665114380787,2.0816681711721685e-17,2.220446049250313e-16,5.23456752792514e-16,1,libsad_fusion_f64r4_b64r4_complex_fused_forward_4fbad961c2.so,"[""-DSAD_FORWARD_BLOCK_THREADS=64"", ""-DSAD_FORWARD_REGISTER_BITS=4"", ""-DSAD_BLOCK_THREADS=64"", ""-DSAD_REGISTER_BITS=4"", ""-DSAD_REAL_AMPLITUDE=0"", ""-DSAD_RA_FORWARD_FUSED=1"", ""-DSAD_RA_BACKWARD_FUSED=0""]"
ra-hea,20,8,complex-fused-forward,optimized,f64r4_b64r4,4,1.391976,0.100823,3.936671,5.42947,0.033727665114380787,2.0816681711721685e-17,2.220446049250313e-16,5.23456752792514e-16,1,libsad_fusion_f64r4_b64r4_complex_fused_forward_4fbad961c2.so,"[""-DSAD_FORWARD_BLOCK_THREADS=64"", ""-DSAD_FORWARD_REGISTER_BITS=4"", ""-DSAD_BLOCK_THREADS=64"", ""-DSAD_REGISTER_BITS=4"", ""-DSAD_REAL_AMPLITUDE=0"", ""-DSAD_RA_FORWARD_FUSED=1"", ""-DSAD_RA_BACKWARD_FUSED=0""]"
ra-hea,20,8,complex-fused-forward,optimized,f64r4_b64r4,5,1.394034,0.093495,4.116319,5.603848,0.033727665114380787,2.0816681711721685e-17,2.220446049250313e-16,5.23456752792514e-16,1,libsad_fusion_f64r4_b64r4_complex_fused_forward_4fbad961c2.so,"[""-DSAD_FORWARD_BLOCK_THREADS=64"", ""-DSAD_FORWARD_REGISTER_BITS=4"", ""-DSAD_BLOCK_THREADS=64"", ""-DSAD_REGISTER_BITS=4"", ""-DSAD_REAL_AMPLITUDE=0"", ""-DSAD_RA_FORWARD_FUSED=1"", ""-DSAD_RA_BACKWARD_FUSED=0""]"
rzz-hea,26,8,split-forward_fused-backward,optimized,f64r4_b128r3,3,176.72528300000002,11.540146,501.36735,689.632779,2.3880453507405335,8.881784197001252e-16,1.2878587085651816e-14,5.372939021758027e-14,1,libsad_fusion_f64r4_b128r3_split_forward_fused_backward_83bff5076d.so,"[""-DSAD_FORWARD_BLOCK_THREADS=64"", ""-DSAD_FORWARD_REGISTER_BITS=4"", ""-DSAD_BLOCK_THREADS=128"", ""-DSAD_REGISTER_BITS=3"", ""-DSAD_RZZ_FORWARD_FUSED=0"", ""-DSAD_RZZ_BACKWARD_STRATEGY=2""]"
rzz-hea,26,8,split-forward_fused-backward,optimized,f64r4_b128r3,4,174.37626,11.848034,499.56201500000003,685.7863090000001,2.3880453507405335,8.881784197001252e-16,1.2878587085651816e-14,5.372939021758027e-14,1,libsad_fusion_f64r4_b128r3_split_forward_fused_backward_83bff5076d.so,"[""-DSAD_FORWARD_BLOCK_THREADS=64"", ""-DSAD_FORWARD_REGISTER_BITS=4"", ""-DSAD_BLOCK_THREADS=128"", ""-DSAD_REGISTER_BITS=3"", ""-DSAD_RZZ_FORWARD_FUSED=0"", ""-DSAD_RZZ_BACKWARD_STRATEGY=2""]"
rzz-hea,26,8,split-forward_fused-backward,optimized,f64r4_b128r3,5,177.790481,10.991539999999999,498.555789,687.3378100000001,2.3880453507405335,8.881784197001252e-16,1.2878587085651816e-14,5.372939021758027e-14,1,libsad_fusion_f64r4_b128r3_split_forward_fused_backward_83bff5076d.so,"[""-DSAD_FORWARD_BLOCK_THREADS=64"", ""-DSAD_FORWARD_REGISTER_BITS=4"", ""-DSAD_BLOCK_THREADS=128"", ""-DSAD_REGISTER_BITS=3"", ""-DSAD_RZZ_FORWARD_FUSED=0"", ""-DSAD_RZZ_BACKWARD_STRATEGY=2""]"
rzz-hea,20,8,split-forward_split-backward,optimized,f128r2_b128r2,3,1.9005969999999999,0.102116,6.054726,8.057438999999999,0.7166911626593796,1.5543122344752192e-15,1.3322676295501878e-15,6.8760535492723006e-15,1,libsad_fusion_f128r2_b128r2_split_forward_split_backward_d6edb746ec.so,"[""-DSAD_RZZ_FORWARD_FUSED=0"", ""-DSAD_RZZ_BACKWARD_STRATEGY=0""]"
rzz-hea,20,8,split-forward_split-backward,optimized,f128r2_b128r2,4,2.14719,0.27828899999999995,5.993568000000001,8.419047,0.7166911626593796,1.5543122344752192e-15,1.3322676295501878e-15,6.8760535492723006e-15,1,libsad_fusion_f128r2_b128r2_split_forward_split_backward_d6edb746ec.so,"[""-DSAD_RZZ_FORWARD_FUSED=0"", ""-DSAD_RZZ_BACKWARD_STRATEGY=0""]"
rzz-hea,20,8,split-forward_split-backward,optimized,f128r2_b128r2,5,1.88059,0.0932,5.875941,7.849731,0.7166911626593796,1.5543122344752192e-15,1.3322676295501878e-15,6.8760535492723006e-15,1,libsad_fusion_f128r2_b128r2_split_forward_split_backward_d6edb746ec.so,"[""-DSAD_RZZ_FORWARD_FUSED=0"", ""-DSAD_RZZ_BACKWARD_STRATEGY=0""]"
qaoa,24,8,auto,optimized,f64r3_b64r4,3,29.799208,0.76225,78.428431,108.989889,-12.915965786262671,1.0658141036401503e-14,6.039613253960852e-14,8.372325728680575e-14,1,libsad_fusion_f64r3_b64r4_auto_4869956e87.so,"[""-DSAD_FORWARD_BLOCK_THREADS=64"", ""-DSAD_FORWARD_REGISTER_BITS=3"", ""-DSAD_BLOCK_THREADS=64"", ""-DSAD_REGISTER_BITS=4"", ""-DSAD_QAOA_FUSE_COST_RX=-1"", ""-DSAD_QAOA_FUSED_BACKWARD=1""]"
qaoa,24,8,auto,optimized,f64r3_b64r4,4,31.145227000000002,0.703834,76.951746,108.800807,-12.915965786262671,1.0658141036401503e-14,6.039613253960852e-14,8.372325728680575e-14,1,libsad_fusion_f64r3_b64r4_auto_4869956e87.so,"[""-DSAD_FORWARD_BLOCK_THREADS=64"", ""-DSAD_FORWARD_REGISTER_BITS=3"", ""-DSAD_BLOCK_THREADS=64"", ""-DSAD_REGISTER_BITS=4"", ""-DSAD_QAOA_FUSE_COST_RX=-1"", ""-DSAD_QAOA_FUSED_BACKWARD=1""]"
qaoa,24,8,auto,optimized,f64r3_b64r4,5,30.826626,0.7072050000000001,79.58441400000001,111.118245,-12.915965786262671,1.0658141036401503e-14,6.039613253960852e-14,8.372325728680575e-14,1,libsad_fusion_f64r3_b64r4_auto_4869956e87.so,"[""-DSAD_FORWARD_BLOCK_THREADS=64"", ""-DSAD_FORWARD_REGISTER_BITS=3"", ""-DSAD_BLOCK_THREADS=64"", ""-DSAD_REGISTER_BITS=4"", ""-DSAD_QAOA_FUSE_COST_RX=-1"", ""-DSAD_QAOA_FUSED_BACKWARD=1""]"
rzz-hea,24,8,split-forward_combined-backward,optimized,f64r3_b64r4,3,39.918473000000006,1.962559,110.668594,152.549626,5.4715289507881915,5.329070518200751e-15,3.552713678800501e-15,1.259684059992671e-14,1,libsad_fusion_f64r3_b64r4_split_forward_combined_backward_8a54fb2897.so,"[""-DSAD_FORWARD_BLOCK_THREADS=64"", ""-DSAD_FORWARD_REGISTER_BITS=3"", ""-DSAD_BLOCK_THREADS=64"", ""-DSAD_REGISTER_BITS=4"", ""-DSAD_RZZ_FORWARD_FUSED=0"", ""-DSAD_RZZ_BACKWARD_STRATEGY=1""]"
rzz-hea,24,8,split-forward_combined-backward,optimized,f64r3_b64r4,4,39.559416,2.0401339999999997,111.298822,152.898372,5.4715289507881915,5.329070518200751e-15,3.552713678800501e-15,1.259684059992671e-14,1,libsad_fusion_f64r3_b64r4_split_forward_combined_backward_8a54fb2897.so,"[""-DSAD_FORWARD_BLOCK_THREADS=64"", ""-DSAD_FORWARD_REGISTER_BITS=3"", ""-DSAD_BLOCK_THREADS=64"", ""-DSAD_REGISTER_BITS=4"", ""-DSAD_RZZ_FORWARD_FUSED=0"", ""-DSAD_RZZ_BACKWARD_STRATEGY=1""]"
rzz-hea,24,8,split-forward_combined-backward,optimized,f64r3_b64r4,5,38.766426,1.798343,112.760052,153.324821,5.4715289507881915,5.329070518200751e-15,3.552713678800501e-15,1.259684059992671e-14,1,libsad_fusion_f64r3_b64r4_split_forward_combined_backward_8a54fb2897.so,"[""-DSAD_FORWARD_BLOCK_THREADS=64"", ""-DSAD_FORWARD_REGISTER_BITS=3"", ""-DSAD_BLOCK_THREADS=64"", ""-DSAD_REGISTER_BITS=4"", ""-DSAD_RZZ_FORWARD_FUSED=0"", ""-DSAD_RZZ_BACKWARD_STRATEGY=1""]"
qaoa,20,8,fused-backward,optimized,f128r2_b128r2,3,1.400974,0.035591,4.1328190000000005,5.569384,-10.763304821885578,5.329070518200751e-15,3.552713678800501e-15,9.295424736126313e-15,1,libsad_fusion_f128r2_b128r2_fused_backward_ce82b75948.so,"[""-DSAD_QAOA_FUSE_COST_RX=0"", ""-DSAD_QAOA_FUSED_BACKWARD=2""]"
qaoa,20,8,fused-backward,optimized,f128r2_b128r2,4,1.551511,0.271174,4.695938,6.518623000000001,-10.763304821885578,5.329070518200751e-15,3.552713678800501e-15,9.295424736126313e-15,1,libsad_fusion_f128r2_b128r2_fused_backward_ce82b75948.so,"[""-DSAD_QAOA_FUSE_COST_RX=0"", ""-DSAD_QAOA_FUSED_BACKWARD=2""]"
qaoa,20,8,fused-backward,optimized,f128r2_b128r2,5,1.5334969999999999,0.176933,3.80905,5.519480000000001,-10.763304821885578,5.329070518200751e-15,3.552713678800501e-15,9.295424736126313e-15,1,libsad_fusion_f128r2_b128r2_fused_backward_ce82b75948.so,"[""-DSAD_QAOA_FUSE_COST_RX=0"", ""-DSAD_QAOA_FUSED_BACKWARD=2""]"
rzz-hea,20,8,split-forward_fused-backward,optimized,f128r2_b128r2,3,1.8740269999999999,0.10119900000000001,6.050923,8.026149,0.7166911626593797,1.6653345369377348e-15,2.4424906541753444e-15,1.0102150910267946e-14,1,libsad_fusion_f128r2_b128r2_split_forward_fused_backward_3b00375398.so,"[""-DSAD_RZZ_FORWARD_FUSED=0"", ""-DSAD_RZZ_BACKWARD_STRATEGY=2""]"
rzz-hea,20,8,split-forward_fused-backward,optimized,f128r2_b128r2,4,1.871151,0.241002,6.707742,8.819894999999999,0.7166911626593797,1.6653345369377348e-15,2.4424906541753444e-15,1.0102150910267946e-14,1,libsad_fusion_f128r2_b128r2_split_forward_fused_backward_3b00375398.so,"[""-DSAD_RZZ_FORWARD_FUSED=0"", ""-DSAD_RZZ_BACKWARD_STRATEGY=2""]"
rzz-hea,20,8,split-forward_fused-backward,optimized,f128r2_b128r2,5,2.193081,0.27672599999999997,6.613227,9.083034,0.7166911626593797,1.6653345369377348e-15,2.4424906541753444e-15,1.0102150910267946e-14,1,libsad_fusion_f128r2_b128r2_split_forward_fused_backward_3b00375398.so,"[""-DSAD_RZZ_FORWARD_FUSED=0"", ""-DSAD_RZZ_BACKWARD_STRATEGY=2""]"
rzz-hea,24,8,fused-forward_combined-backward,optimized,f64r3_b64r4,3,30.294995,1.74026,112.120361,144.15561599999998,5.471528950788189,2.6645352591003757e-15,3.9968028886505635e-15,1.2643113943431125e-14,1,libsad_fusion_f64r3_b64r4_fused_forward_combined_backward_5ba1e15d3c.so,"[""-DSAD_FORWARD_BLOCK_THREADS=64"", ""-DSAD_FORWARD_REGISTER_BITS=3"", ""-DSAD_BLOCK_THREADS=64"", ""-DSAD_REGISTER_BITS=4"", ""-DSAD_RZZ_FORWARD_FUSED=1"", ""-DSAD_RZZ_BACKWARD_STRATEGY=1""]"
rzz-hea,24,8,fused-forward_combined-backward,optimized,f64r3_b64r4,4,30.092277,1.737399,112.58666000000001,144.416336,5.471528950788189,2.6645352591003757e-15,3.9968028886505635e-15,1.2643113943431125e-14,1,libsad_fusion_f64r3_b64r4_fused_forward_combined_backward_5ba1e15d3c.so,"[""-DSAD_FORWARD_BLOCK_THREADS=64"", ""-DSAD_FORWARD_REGISTER_BITS=3"", ""-DSAD_BLOCK_THREADS=64"", ""-DSAD_REGISTER_BITS=4"", ""-DSAD_RZZ_FORWARD_FUSED=1"", ""-DSAD_RZZ_BACKWARD_STRATEGY=1""]"
rzz-hea,24,8,fused-forward_combined-backward,optimized,f64r3_b64r4,5,29.447955,1.7458339999999999,112.128613,143.322402,5.471528950788189,2.6645352591003757e-15,3.9968028886505635e-15,1.2643113943431125e-14,1,libsad_fusion_f64r3_b64r4_fused_forward_combined_backward_5ba1e15d3c.so,"[""-DSAD_FORWARD_BLOCK_THREADS=64"", ""-DSAD_FORWARD_REGISTER_BITS=3"", ""-DSAD_BLOCK_THREADS=64"", ""-DSAD_REGISTER_BITS=4"", ""-DSAD_RZZ_FORWARD_FUSED=1"", ""-DSAD_RZZ_BACKWARD_STRATEGY=1""]"
xxz-hva,20,8,cross-matching,optimized,f128r3_b32r3,3,3.691084,0.094224,12.767683,16.552991,0.005490219521836728,9.71445146547012e-17,4.718447854656915e-16,1.6089623446160927e-15,1,libsad_fusion_f128r3_b32r3_cross_matching_448a98da88.so,"[""-DSAD_FORWARD_BLOCK_THREADS=128"", ""-DSAD_FORWARD_REGISTER_BITS=3"", ""-DSAD_BLOCK_THREADS=32"", ""-DSAD_REGISTER_BITS=3"", ""-DSAD_XXZ_CROSS_MATCHING=1""]"
xxz-hva,20,8,cross-matching,optimized,f128r3_b32r3,4,4.258679,0.09493800000000001,13.214299,17.567916,0.005490219521836728,9.71445146547012e-17,4.718447854656915e-16,1.6089623446160927e-15,1,libsad_fusion_f128r3_b32r3_cross_matching_448a98da88.so,"[""-DSAD_FORWARD_BLOCK_THREADS=128"", ""-DSAD_FORWARD_REGISTER_BITS=3"", ""-DSAD_BLOCK_THREADS=32"", ""-DSAD_REGISTER_BITS=3"", ""-DSAD_XXZ_CROSS_MATCHING=1""]"
xxz-hva,20,8,cross-matching,optimized,f128r3_b32r3,5,4.102932,0.259823,13.515179999999999,17.877935,0.005490219521836728,9.71445146547012e-17,4.718447854656915e-16,1.6089623446160927e-15,1,libsad_fusion_f128r3_b32r3_cross_matching_448a98da88.so,"[""-DSAD_FORWARD_BLOCK_THREADS=128"", ""-DSAD_FORWARD_REGISTER_BITS=3"", ""-DSAD_BLOCK_THREADS=32"", ""-DSAD_REGISTER_BITS=3"", ""-DSAD_XXZ_CROSS_MATCHING=1""]"
su2-hea,24,8,lookup-forward_phased-backward,optimized,f128r3_b64r4,3,26.959985999999997,1.898405,149.378845,178.23723600000002,-0.045394002210347645,1.249000902703301e-16,5.689893001203927e-16,1.7590240436632628e-15,1,libsad_fusion_f128r3_b64r4_lookup_forward_phased_backward_2210ed799a.so,"[""-DSAD_FORWARD_BLOCK_THREADS=128"", ""-DSAD_FORWARD_REGISTER_BITS=3"", ""-DSAD_BLOCK_THREADS=64"", ""-DSAD_REGISTER_BITS=4"", ""-DSAD_SU2_FORWARD_STRATEGY=1"", ""-DSAD_SU2_BACKWARD_STRATEGY=2""]"
su2-hea,24,8,lookup-forward_phased-backward,optimized,f128r3_b64r4,4,26.60802,2.072839,149.05642899999998,177.737288,-0.045394002210347645,1.249000902703301e-16,5.689893001203927e-16,1.7590240436632628e-15,1,libsad_fusion_f128r3_b64r4_lookup_forward_phased_backward_2210ed799a.so,"[""-DSAD_FORWARD_BLOCK_THREADS=128"", ""-DSAD_FORWARD_REGISTER_BITS=3"", ""-DSAD_BLOCK_THREADS=64"", ""-DSAD_REGISTER_BITS=4"", ""-DSAD_SU2_FORWARD_STRATEGY=1"", ""-DSAD_SU2_BACKWARD_STRATEGY=2""]"
su2-hea,24,8,lookup-forward_phased-backward,optimized,f128r3_b64r4,5,26.987700999999998,1.865006,147.923855,176.77656199999998,-0.045394002210347645,1.249000902703301e-16,5.689893001203927e-16,1.7590240436632628e-15,1,libsad_fusion_f128r3_b64r4_lookup_forward_phased_backward_2210ed799a.so,"[""-DSAD_FORWARD_BLOCK_THREADS=128"", ""-DSAD_FORWARD_REGISTER_BITS=3"", ""-DSAD_BLOCK_THREADS=64"", ""-DSAD_REGISTER_BITS=4"", ""-DSAD_SU2_FORWARD_STRATEGY=1"", ""-DSAD_SU2_BACKWARD_STRATEGY=2""]"
ra-hea,24,8,complex-fused-forward,optimized,f64r4_b64r4,3,26.135319,1.69326,78.761358,106.58993699999999,0.20868817063305511,0.0,1.6653345369377348e-16,5.700309151461064e-16,1,libsad_fusion_f64r4_b64r4_complex_fused_forward_4fbad961c2.so,"[""-DSAD_FORWARD_BLOCK_THREADS=64"", ""-DSAD_FORWARD_REGISTER_BITS=4"", ""-DSAD_BLOCK_THREADS=64"", ""-DSAD_REGISTER_BITS=4"", ""-DSAD_REAL_AMPLITUDE=0"", ""-DSAD_RA_FORWARD_FUSED=1"", ""-DSAD_RA_BACKWARD_FUSED=0""]"
ra-hea,24,8,complex-fused-forward,optimized,f64r4_b64r4,4,26.687068,1.6791880000000001,80.570638,108.93689400000001,0.20868817063305511,0.0,1.6653345369377348e-16,5.700309151461064e-16,1,libsad_fusion_f64r4_b64r4_complex_fused_forward_4fbad961c2.so,"[""-DSAD_FORWARD_BLOCK_THREADS=64"", ""-DSAD_FORWARD_REGISTER_BITS=4"", ""-DSAD_BLOCK_THREADS=64"", ""-DSAD_REGISTER_BITS=4"", ""-DSAD_REAL_AMPLITUDE=0"", ""-DSAD_RA_FORWARD_FUSED=1"", ""-DSAD_RA_BACKWARD_FUSED=0""]"
ra-hea,24,8,complex-fused-forward,optimized,f64r4_b64r4,5,24.031719,1.6741519999999999,81.58863299999999,107.29450399999999,0.20868817063305511,0.0,1.6653345369377348e-16,5.700309151461064e-16,1,libsad_fusion_f64r4_b64r4_complex_fused_forward_4fbad961c2.so,"[""-DSAD_FORWARD_BLOCK_THREADS=64"", ""-DSAD_FORWARD_REGISTER_BITS=4"", ""-DSAD_BLOCK_THREADS=64"", ""-DSAD_REGISTER_BITS=4"", ""-DSAD_REAL_AMPLITUDE=0"", ""-DSAD_RA_FORWARD_FUSED=1"", ""-DSAD_RA_BACKWARD_FUSED=0""]"
xxz-hva,20,8,separate-matchings,optimized,f128r3_b32r3,3,3.774278,0.093536,13.1178,16.985613999999998,0.005490219521836636,5.204170427930421e-18,1.942890293094024e-16,7.278908020889638e-16,1,libsad_fusion_f128r3_b32r3_separate_matchings_6a54a88064.so,"[""-DSAD_FORWARD_BLOCK_THREADS=128"", ""-DSAD_FORWARD_REGISTER_BITS=3"", ""-DSAD_BLOCK_THREADS=32"", ""-DSAD_REGISTER_BITS=3"", ""-DSAD_XXZ_CROSS_MATCHING=0""]"
xxz-hva,20,8,separate-matchings,optimized,f128r3_b32r3,4,4.453055,0.236002,12.948685,17.637742,0.005490219521836636,5.204170427930421e-18,1.942890293094024e-16,7.278908020889638e-16,1,libsad_fusion_f128r3_b32r3_separate_matchings_6a54a88064.so,"[""-DSAD_FORWARD_BLOCK_THREADS=128"", ""-DSAD_FORWARD_REGISTER_BITS=3"", ""-DSAD_BLOCK_THREADS=32"", ""-DSAD_REGISTER_BITS=3"", ""-DSAD_XXZ_CROSS_MATCHING=0""]"
xxz-hva,20,8,separate-matchings,optimized,f128r3_b32r3,5,4.320267,0.24327300000000002,13.179254,17.742794,0.005490219521836636,5.204170427930421e-18,1.942890293094024e-16,7.278908020889638e-16,1,libsad_fusion_f128r3_b32r3_separate_matchings_6a54a88064.so,"[""-DSAD_FORWARD_BLOCK_THREADS=128"", ""-DSAD_FORWARD_REGISTER_BITS=3"", ""-DSAD_BLOCK_THREADS=32"", ""-DSAD_REGISTER_BITS=3"", ""-DSAD_XXZ_CROSS_MATCHING=0""]"
rzz-hea,20,8,fused-forward_fused-backward,optimized,f128r2_b128r2,3,1.8621690000000002,0.093881,6.059729,8.015779,0.7166911626593797,1.6653345369377348e-15,2.3314683517128287e-15,1.017516406248104e-14,1,libsad_fusion_f128r2_b128r2_fused_forward_fused_backward_484792bfd4.so,"[""-DSAD_RZZ_FORWARD_FUSED=1"", ""-DSAD_RZZ_BACKWARD_STRATEGY=2""]"
rzz-hea,20,8,fused-forward_fused-backward,optimized,f128r2_b128r2,4,1.669656,0.368972,6.190239,8.228867000000001,0.7166911626593797,1.6653345369377348e-15,2.3314683517128287e-15,1.017516406248104e-14,1,libsad_fusion_f128r2_b128r2_fused_forward_fused_backward_484792bfd4.so,"[""-DSAD_RZZ_FORWARD_FUSED=1"", ""-DSAD_RZZ_BACKWARD_STRATEGY=2""]"
rzz-hea,20,8,fused-forward_fused-backward,optimized,f128r2_b128r2,5,1.628002,0.093105,6.050947,7.772054000000001,0.7166911626593797,1.6653345369377348e-15,2.3314683517128287e-15,1.017516406248104e-14,1,libsad_fusion_f128r2_b128r2_fused_forward_fused_backward_484792bfd4.so,"[""-DSAD_RZZ_FORWARD_FUSED=1"", ""-DSAD_RZZ_BACKWARD_STRATEGY=2""]"
su2-hea,26,8,split-forward_split-backward,optimized,f128r3_b64r4,3,146.543811,12.266628,427.18649899999997,585.996938,-0.15118700614836514,1.3877787807814457e-16,1.5265566588595902e-16,6.20262623198373e-16,1,libsad_fusion_f128r3_b64r4_split_forward_split_backward_4cfb67b4b9.so,"[""-DSAD_FORWARD_BLOCK_THREADS=128"", ""-DSAD_FORWARD_REGISTER_BITS=3"", ""-DSAD_BLOCK_THREADS=64"", ""-DSAD_REGISTER_BITS=4"", ""-DSAD_SU2_FORWARD_STRATEGY=0"", ""-DSAD_SU2_BACKWARD_STRATEGY=0""]"
su2-hea,26,8,split-forward_split-backward,optimized,f128r3_b64r4,4,146.11554800000002,11.449646000000001,430.22726,587.792454,-0.15118700614836514,1.3877787807814457e-16,1.5265566588595902e-16,6.20262623198373e-16,1,libsad_fusion_f128r3_b64r4_split_forward_split_backward_4cfb67b4b9.so,"[""-DSAD_FORWARD_BLOCK_THREADS=128"", ""-DSAD_FORWARD_REGISTER_BITS=3"", ""-DSAD_BLOCK_THREADS=64"", ""-DSAD_REGISTER_BITS=4"", ""-DSAD_SU2_FORWARD_STRATEGY=0"", ""-DSAD_SU2_BACKWARD_STRATEGY=0""]"
su2-hea,26,8,split-forward_split-backward,optimized,f128r3_b64r4,5,148.127945,11.406794,429.096756,588.631495,-0.15118700614836514,1.3877787807814457e-16,1.5265566588595902e-16,6.20262623198373e-16,1,libsad_fusion_f128r3_b64r4_split_forward_split_backward_4cfb67b4b9.so,"[""-DSAD_FORWARD_BLOCK_THREADS=128"", ""-DSAD_FORWARD_REGISTER_BITS=3"", ""-DSAD_BLOCK_THREADS=64"", ""-DSAD_REGISTER_BITS=4"", ""-DSAD_SU2_FORWARD_STRATEGY=0"", ""-DSAD_SU2_BACKWARD_STRATEGY=0""]"
qaoa,26,8,fused-backward,optimized,f64r4_b128r3,3,137.558767,3.3325970000000003,317.66006699999997,458.551431,-13.992296268451232,1.7763568394002505e-15,8.08242361927114e-14,1.060665150117049e-13,1,libsad_fusion_f64r4_b128r3_fused_backward_341a4da1d1.so,"[""-DSAD_FORWARD_BLOCK_THREADS=64"", ""-DSAD_FORWARD_REGISTER_BITS=4"", ""-DSAD_BLOCK_THREADS=128"", ""-DSAD_REGISTER_BITS=3"", ""-DSAD_QAOA_FUSE_COST_RX=0"", ""-DSAD_QAOA_FUSED_BACKWARD=2""]"
qaoa,26,8,fused-backward,optimized,f64r4_b128r3,4,137.074102,3.19107,319.326206,459.591378,-13.992296268451232,1.7763568394002505e-15,8.08242361927114e-14,1.060665150117049e-13,1,libsad_fusion_f64r4_b128r3_fused_backward_341a4da1d1.so,"[""-DSAD_FORWARD_BLOCK_THREADS=64"", ""-DSAD_FORWARD_REGISTER_BITS=4"", ""-DSAD_BLOCK_THREADS=128"", ""-DSAD_REGISTER_BITS=3"", ""-DSAD_QAOA_FUSE_COST_RX=0"", ""-DSAD_QAOA_FUSED_BACKWARD=2""]"
qaoa,26,8,fused-backward,optimized,f64r4_b128r3,5,137.72133,3.3102829999999996,317.95248100000003,458.984094,-13.992296268451232,1.7763568394002505e-15,8.08242361927114e-14,1.060665150117049e-13,1,libsad_fusion_f64r4_b128r3_fused_backward_341a4da1d1.so,"[""-DSAD_FORWARD_BLOCK_THREADS=64"", ""-DSAD_FORWARD_REGISTER_BITS=4"", ""-DSAD_BLOCK_THREADS=128"", ""-DSAD_REGISTER_BITS=3"", ""-DSAD_QAOA_FUSE_COST_RX=0"", ""-DSAD_QAOA_FUSED_BACKWARD=2""]"
su2-hea,24,8,lookup-forward_split-backward,optimized,f128r3_b64r4,3,27.861006,1.71188,94.347804,123.92069,-0.045394002210347575,5.551115123125783e-17,3.0531133177191805e-16,8.520338355143804e-16,1,libsad_fusion_f128r3_b64r4_lookup_forward_split_backward_d2cc1cb087.so,"[""-DSAD_FORWARD_BLOCK_THREADS=128"", ""-DSAD_FORWARD_REGISTER_BITS=3"", ""-DSAD_BLOCK_THREADS=64"", ""-DSAD_REGISTER_BITS=4"", ""-DSAD_SU2_FORWARD_STRATEGY=1"", ""-DSAD_SU2_BACKWARD_STRATEGY=0""]"
su2-hea,24,8,lookup-forward_split-backward,optimized,f128r3_b64r4,4,27.073422,1.9946899999999999,93.843237,122.911349,-0.045394002210347575,5.551115123125783e-17,3.0531133177191805e-16,8.520338355143804e-16,1,libsad_fusion_f128r3_b64r4_lookup_forward_split_backward_d2cc1cb087.so,"[""-DSAD_FORWARD_BLOCK_THREADS=128"", ""-DSAD_FORWARD_REGISTER_BITS=3"", ""-DSAD_BLOCK_THREADS=64"", ""-DSAD_REGISTER_BITS=4"", ""-DSAD_SU2_FORWARD_STRATEGY=1"", ""-DSAD_SU2_BACKWARD_STRATEGY=0""]"
su2-hea,24,8,lookup-forward_split-backward,optimized,f128r3_b64r4,5,26.276774,1.897788,95.061517,123.236079,-0.045394002210347575,5.551115123125783e-17,3.0531133177191805e-16,8.520338355143804e-16,1,libsad_fusion_f128r3_b64r4_lookup_forward_split_backward_d2cc1cb087.so,"[""-DSAD_FORWARD_BLOCK_THREADS=128"", ""-DSAD_FORWARD_REGISTER_BITS=3"", ""-DSAD_BLOCK_THREADS=64"", ""-DSAD_REGISTER_BITS=4"", ""-DSAD_SU2_FORWARD_STRATEGY=1"", ""-DSAD_SU2_BACKWARD_STRATEGY=0""]"
su2-hea,26,8,split-forward_phased-backward,optimized,f128r3_b64r4,3,148.150913,10.687083999999999,637.810065,796.6480620000001,-0.15118700614836508,8.326672684688674e-17,1.9845236565174673e-15,4.0821750676328656e-15,1,libsad_fusion_f128r3_b64r4_split_forward_phased_backward_a3372de662.so,"[""-DSAD_FORWARD_BLOCK_THREADS=128"", ""-DSAD_FORWARD_REGISTER_BITS=3"", ""-DSAD_BLOCK_THREADS=64"", ""-DSAD_REGISTER_BITS=4"", ""-DSAD_SU2_FORWARD_STRATEGY=0"", ""-DSAD_SU2_BACKWARD_STRATEGY=2""]"
su2-hea,26,8,split-forward_phased-backward,optimized,f128r3_b64r4,4,147.646431,11.318738999999999,638.7205369999999,797.685707,-0.15118700614836508,8.326672684688674e-17,1.9845236565174673e-15,4.0821750676328656e-15,1,libsad_fusion_f128r3_b64r4_split_forward_phased_backward_a3372de662.so,"[""-DSAD_FORWARD_BLOCK_THREADS=128"", ""-DSAD_FORWARD_REGISTER_BITS=3"", ""-DSAD_BLOCK_THREADS=64"", ""-DSAD_REGISTER_BITS=4"", ""-DSAD_SU2_FORWARD_STRATEGY=0"", ""-DSAD_SU2_BACKWARD_STRATEGY=2""]"
su2-hea,26,8,split-forward_phased-backward,optimized,f128r3_b64r4,5,146.41718,11.458493,638.238937,796.1146100000001,-0.15118700614836508,8.326672684688674e-17,1.9845236565174673e-15,4.0821750676328656e-15,1,libsad_fusion_f128r3_b64r4_split_forward_phased_backward_a3372de662.so,"[""-DSAD_FORWARD_BLOCK_THREADS=128"", ""-DSAD_FORWARD_REGISTER_BITS=3"", ""-DSAD_BLOCK_THREADS=64"", ""-DSAD_REGISTER_BITS=4"", ""-DSAD_SU2_FORWARD_STRATEGY=0"", ""-DSAD_SU2_BACKWARD_STRATEGY=2""]"
su2-hea,20,8,split-forward_split-backward,optimized,f128r3_b64r4,3,1.5554290000000002,0.093847,4.599789,6.249065,-0.12535282831387856,1.3877787807814457e-16,1.249000902703301e-16,5.258281644091572e-16,1,libsad_fusion_f128r3_b64r4_split_forward_split_backward_4cfb67b4b9.so,"[""-DSAD_FORWARD_BLOCK_THREADS=128"", ""-DSAD_FORWARD_REGISTER_BITS=3"", ""-DSAD_BLOCK_THREADS=64"", ""-DSAD_REGISTER_BITS=4"", ""-DSAD_SU2_FORWARD_STRATEGY=0"", ""-DSAD_SU2_BACKWARD_STRATEGY=0""]"
su2-hea,20,8,split-forward_split-backward,optimized,f128r3_b64r4,4,1.701236,0.260312,5.431771,7.393319000000001,-0.12535282831387856,1.3877787807814457e-16,1.249000902703301e-16,5.258281644091572e-16,1,libsad_fusion_f128r3_b64r4_split_forward_split_backward_4cfb67b4b9.so,"[""-DSAD_FORWARD_BLOCK_THREADS=128"", ""-DSAD_FORWARD_REGISTER_BITS=3"", ""-DSAD_BLOCK_THREADS=64"", ""-DSAD_REGISTER_BITS=4"", ""-DSAD_SU2_FORWARD_STRATEGY=0"", ""-DSAD_SU2_BACKWARD_STRATEGY=0""]"
su2-hea,20,8,split-forward_split-backward,optimized,f128r3_b64r4,5,1.559535,0.24157900000000002,5.152394999999999,6.953509,-0.12535282831387856,1.3877787807814457e-16,1.249000902703301e-16,5.258281644091572e-16,1,libsad_fusion_f128r3_b64r4_split_forward_split_backward_4cfb67b4b9.so,"[""-DSAD_FORWARD_BLOCK_THREADS=128"", ""-DSAD_FORWARD_REGISTER_BITS=3"", ""-DSAD_BLOCK_THREADS=64"", ""-DSAD_REGISTER_BITS=4"", ""-DSAD_SU2_FORWARD_STRATEGY=0"", ""-DSAD_SU2_BACKWARD_STRATEGY=0""]"
su2-hea,20,8,phased-forward_split-backward,optimized,f128r3_b64r4,3,2.388971,0.09674999999999999,4.5998410000000005,7.085562,-0.12535282831387853,1.1102230246251565e-16,4.163336342344337e-16,1.4689896665730375e-15,1,libsad_fusion_f128r3_b64r4_phased_forward_split_backward_2a4d35d553.so,"[""-DSAD_FORWARD_BLOCK_THREADS=128"", ""-DSAD_FORWARD_REGISTER_BITS=3"", ""-DSAD_BLOCK_THREADS=64"", ""-DSAD_REGISTER_BITS=4"", ""-DSAD_SU2_FORWARD_STRATEGY=2"", ""-DSAD_SU2_BACKWARD_STRATEGY=0""]"
su2-hea,20,8,phased-forward_split-backward,optimized,f128r3_b64r4,4,2.1553470000000003,0.101451,4.800997000000001,7.0577950000000005,-0.12535282831387853,1.1102230246251565e-16,4.163336342344337e-16,1.4689896665730375e-15,1,libsad_fusion_f128r3_b64r4_phased_forward_split_backward_2a4d35d553.so,"[""-DSAD_FORWARD_BLOCK_THREADS=128"", ""-DSAD_FORWARD_REGISTER_BITS=3"", ""-DSAD_BLOCK_THREADS=64"", ""-DSAD_REGISTER_BITS=4"", ""-DSAD_SU2_FORWARD_STRATEGY=2"", ""-DSAD_SU2_BACKWARD_STRATEGY=0""]"
su2-hea,20,8,phased-forward_split-backward,optimized,f128r3_b64r4,5,2.4070989999999997,0.096399,5.668908,8.172406,-0.12535282831387853,1.1102230246251565e-16,4.163336342344337e-16,1.4689896665730375e-15,1,libsad_fusion_f128r3_b64r4_phased_forward_split_backward_2a4d35d553.so,"[""-DSAD_FORWARD_BLOCK_THREADS=128"", ""-DSAD_FORWARD_REGISTER_BITS=3"", ""-DSAD_BLOCK_THREADS=64"", ""-DSAD_REGISTER_BITS=4"", ""-DSAD_SU2_FORWARD_STRATEGY=2"", ""-DSAD_SU2_BACKWARD_STRATEGY=0""]"
su2-hea,24,8,phased-forward_phased-backward,optimized,f128r3_b64r4,3,39.651913,1.719371,148.065972,189.437256,-0.0453940022103476,8.326672684688674e-17,6.106226635438361e-16,1.84025675987687e-15,1,libsad_fusion_f128r3_b64r4_phased_forward_phased_backward_4896db51e9.so,"[""-DSAD_FORWARD_BLOCK_THREADS=128"", ""-DSAD_FORWARD_REGISTER_BITS=3"", ""-DSAD_BLOCK_THREADS=64"", ""-DSAD_REGISTER_BITS=4"", ""-DSAD_SU2_FORWARD_STRATEGY=2"", ""-DSAD_SU2_BACKWARD_STRATEGY=2""]"
su2-hea,24,8,phased-forward_phased-backward,optimized,f128r3_b64r4,4,40.126363,1.740697,146.333904,188.20096399999997,-0.0453940022103476,8.326672684688674e-17,6.106226635438361e-16,1.84025675987687e-15,1,libsad_fusion_f128r3_b64r4_phased_forward_phased_backward_4896db51e9.so,"[""-DSAD_FORWARD_BLOCK_THREADS=128"", ""-DSAD_FORWARD_REGISTER_BITS=3"", ""-DSAD_BLOCK_THREADS=64"", ""-DSAD_REGISTER_BITS=4"", ""-DSAD_SU2_FORWARD_STRATEGY=2"", ""-DSAD_SU2_BACKWARD_STRATEGY=2""]"
su2-hea,24,8,phased-forward_phased-backward,optimized,f128r3_b64r4,5,40.296067,1.891498,145.129343,187.316908,-0.0453940022103476,8.326672684688674e-17,6.106226635438361e-16,1.84025675987687e-15,1,libsad_fusion_f128r3_b64r4_phased_forward_phased_backward_4896db51e9.so,"[""-DSAD_FORWARD_BLOCK_THREADS=128"", ""-DSAD_FORWARD_REGISTER_BITS=3"", ""-DSAD_BLOCK_THREADS=64"", ""-DSAD_REGISTER_BITS=4"", ""-DSAD_SU2_FORWARD_STRATEGY=2"", ""-DSAD_SU2_BACKWARD_STRATEGY=2""]"
rzz-hea,26,8,split-forward_split-backward,optimized,f64r4_b128r3,3,176.11976900000002,11.150534,462.899679,650.169982,2.388045350740534,1.3322676295501878e-15,1.3322676295501878e-15,7.053754465073222e-15,1,libsad_fusion_f64r4_b128r3_split_forward_split_backward_e4d2b694f4.so,"[""-DSAD_FORWARD_BLOCK_THREADS=64"", ""-DSAD_FORWARD_REGISTER_BITS=4"", ""-DSAD_BLOCK_THREADS=128"", ""-DSAD_REGISTER_BITS=3"", ""-DSAD_RZZ_FORWARD_FUSED=0"", ""-DSAD_RZZ_BACKWARD_STRATEGY=0""]"
rzz-hea,26,8,split-forward_split-backward,optimized,f64r4_b128r3,4,175.731325,11.539365,458.94448900000003,646.215179,2.388045350740534,1.3322676295501878e-15,1.3322676295501878e-15,7.053754465073222e-15,1,libsad_fusion_f64r4_b128r3_split_forward_split_backward_e4d2b694f4.so,"[""-DSAD_FORWARD_BLOCK_THREADS=64"", ""-DSAD_FORWARD_REGISTER_BITS=4"", ""-DSAD_BLOCK_THREADS=128"", ""-DSAD_REGISTER_BITS=3"", ""-DSAD_RZZ_FORWARD_FUSED=0"", ""-DSAD_RZZ_BACKWARD_STRATEGY=0""]"
rzz-hea,26,8,split-forward_split-backward,optimized,f64r4_b128r3,5,176.174618,10.804446,460.200526,647.1795900000001,2.388045350740534,1.3322676295501878e-15,1.3322676295501878e-15,7.053754465073222e-15,1,libsad_fusion_f64r4_b128r3_split_forward_split_backward_e4d2b694f4.so,"[""-DSAD_FORWARD_BLOCK_THREADS=64"", ""-DSAD_FORWARD_REGISTER_BITS=4"", ""-DSAD_BLOCK_THREADS=128"", ""-DSAD_REGISTER_BITS=3"", ""-DSAD_RZZ_FORWARD_FUSED=0"", ""-DSAD_RZZ_BACKWARD_STRATEGY=0""]"
su2-hea,26,8,lookup-forward_lookup-backward,optimized,f128r3_b64r4,3,120.071979,11.106074000000001,442.647967,573.82602,-0.1511870061483651,1.1102230246251565e-16,1.762479051592436e-15,3.831737360664838e-15,1,libsad_fusion_f128r3_b64r4_lookup_forward_lookup_backward_7b8f8fcfcf.so,"[""-DSAD_FORWARD_BLOCK_THREADS=128"", ""-DSAD_FORWARD_REGISTER_BITS=3"", ""-DSAD_BLOCK_THREADS=64"", ""-DSAD_REGISTER_BITS=4"", ""-DSAD_SU2_FORWARD_STRATEGY=1"", ""-DSAD_SU2_BACKWARD_STRATEGY=1""]"
su2-hea,26,8,lookup-forward_lookup-backward,optimized,f128r3_b64r4,4,119.038791,11.313282,447.655731,578.0078040000001,-0.1511870061483651,1.1102230246251565e-16,1.762479051592436e-15,3.831737360664838e-15,1,libsad_fusion_f128r3_b64r4_lookup_forward_lookup_backward_7b8f8fcfcf.so,"[""-DSAD_FORWARD_BLOCK_THREADS=128"", ""-DSAD_FORWARD_REGISTER_BITS=3"", ""-DSAD_BLOCK_THREADS=64"", ""-DSAD_REGISTER_BITS=4"", ""-DSAD_SU2_FORWARD_STRATEGY=1"", ""-DSAD_SU2_BACKWARD_STRATEGY=1""]"
su2-hea,26,8,lookup-forward_lookup-backward,optimized,f128r3_b64r4,5,118.690649,10.763516000000001,444.692484,574.146649,-0.1511870061483651,1.1102230246251565e-16,1.762479051592436e-15,3.831737360664838e-15,1,libsad_fusion_f128r3_b64r4_lookup_forward_lookup_backward_7b8f8fcfcf.so,"[""-DSAD_FORWARD_BLOCK_THREADS=128"", ""-DSAD_FORWARD_REGISTER_BITS=3"", ""-DSAD_BLOCK_THREADS=64"", ""-DSAD_REGISTER_BITS=4"", ""-DSAD_SU2_FORWARD_STRATEGY=1"", ""-DSAD_SU2_BACKWARD_STRATEGY=1""]"
ra-hea,26,8,complex-split,optimized,f64r4_b64r4,3,122.326859,10.72312,363.61940999999996,496.66938899999997,-0.14134595541889844,5.551115123125783e-17,1.6653345369377348e-16,5.550861854496886e-16,1,libsad_fusion_f64r4_b64r4_complex_split_66498fcdfe.so,"[""-DSAD_FORWARD_BLOCK_THREADS=64"", ""-DSAD_FORWARD_REGISTER_BITS=4"", ""-DSAD_BLOCK_THREADS=64"", ""-DSAD_REGISTER_BITS=4"", ""-DSAD_REAL_AMPLITUDE=0"", ""-DSAD_RA_FORWARD_FUSED=0"", ""-DSAD_RA_BACKWARD_FUSED=0""]"
ra-hea,26,8,complex-split,optimized,f64r4_b64r4,4,125.19888800000001,10.635073,365.726451,501.560412,-0.14134595541889844,5.551115123125783e-17,1.6653345369377348e-16,5.550861854496886e-16,1,libsad_fusion_f64r4_b64r4_complex_split_66498fcdfe.so,"[""-DSAD_FORWARD_BLOCK_THREADS=64"", ""-DSAD_FORWARD_REGISTER_BITS=4"", ""-DSAD_BLOCK_THREADS=64"", ""-DSAD_REGISTER_BITS=4"", ""-DSAD_REAL_AMPLITUDE=0"", ""-DSAD_RA_FORWARD_FUSED=0"", ""-DSAD_RA_BACKWARD_FUSED=0""]"
ra-hea,26,8,complex-split,optimized,f64r4_b64r4,5,122.370825,10.664958,364.599232,497.63501499999995,-0.14134595541889844,5.551115123125783e-17,1.6653345369377348e-16,5.550861854496886e-16,1,libsad_fusion_f64r4_b64r4_complex_split_66498fcdfe.so,"[""-DSAD_FORWARD_BLOCK_THREADS=64"", ""-DSAD_FORWARD_REGISTER_BITS=4"", ""-DSAD_BLOCK_THREADS=64"", ""-DSAD_REGISTER_BITS=4"", ""-DSAD_REAL_AMPLITUDE=0"", ""-DSAD_RA_FORWARD_FUSED=0"", ""-DSAD_RA_BACKWARD_FUSED=0""]"
qaoa,24,8,split-both,optimized,f64r3_b64r4,3,28.824267,0.7024050000000001,83.966982,113.49365399999999,-12.915965786262671,1.0658141036401503e-14,2.3092638912203256e-14,3.1976350521641336e-14,1,libsad_fusion_f64r3_b64r4_split_both_00cc3cdfca.so,"[""-DSAD_FORWARD_BLOCK_THREADS=64"", ""-DSAD_FORWARD_REGISTER_BITS=3"", ""-DSAD_BLOCK_THREADS=64"", ""-DSAD_REGISTER_BITS=4"", ""-DSAD_QAOA_FUSE_COST_RX=0"", ""-DSAD_QAOA_FUSED_BACKWARD=0""]"
qaoa,24,8,split-both,optimized,f64r3_b64r4,4,29.761699,0.7078990000000001,81.37615,111.845748,-12.915965786262671,1.0658141036401503e-14,2.3092638912203256e-14,3.1976350521641336e-14,1,libsad_fusion_f64r3_b64r4_split_both_00cc3cdfca.so,"[""-DSAD_FORWARD_BLOCK_THREADS=64"", ""-DSAD_FORWARD_REGISTER_BITS=3"", ""-DSAD_BLOCK_THREADS=64"", ""-DSAD_REGISTER_BITS=4"", ""-DSAD_QAOA_FUSE_COST_RX=0"", ""-DSAD_QAOA_FUSED_BACKWARD=0""]"
qaoa,24,8,split-both,optimized,f64r3_b64r4,5,30.054638,0.703726,81.174732,111.933096,-12.915965786262671,1.0658141036401503e-14,2.3092638912203256e-14,3.1976350521641336e-14,1,libsad_fusion_f64r3_b64r4_split_both_00cc3cdfca.so,"[""-DSAD_FORWARD_BLOCK_THREADS=64"", ""-DSAD_FORWARD_REGISTER_BITS=3"", ""-DSAD_BLOCK_THREADS=64"", ""-DSAD_REGISTER_BITS=4"", ""-DSAD_QAOA_FUSE_COST_RX=0"", ""-DSAD_QAOA_FUSED_BACKWARD=0""]"
xxz-hva,26,8,separate-matchings,optimized,f128r3_b32r3,3,303.530318,8.88726,1018.422111,1330.8396890000001,0.06018530253593117,4.85722573273506e-17,4.163336342344337e-16,1.620023780962259e-15,1,libsad_fusion_f128r3_b32r3_separate_matchings_6a54a88064.so,"[""-DSAD_FORWARD_BLOCK_THREADS=128"", ""-DSAD_FORWARD_REGISTER_BITS=3"", ""-DSAD_BLOCK_THREADS=32"", ""-DSAD_REGISTER_BITS=3"", ""-DSAD_XXZ_CROSS_MATCHING=0""]"
xxz-hva,26,8,separate-matchings,optimized,f128r3_b32r3,4,304.736915,8.970248999999999,1024.63472,1338.3418840000002,0.06018530253593117,4.85722573273506e-17,4.163336342344337e-16,1.620023780962259e-15,1,libsad_fusion_f128r3_b32r3_separate_matchings_6a54a88064.so,"[""-DSAD_FORWARD_BLOCK_THREADS=128"", ""-DSAD_FORWARD_REGISTER_BITS=3"", ""-DSAD_BLOCK_THREADS=32"", ""-DSAD_REGISTER_BITS=3"", ""-DSAD_XXZ_CROSS_MATCHING=0""]"
xxz-hva,26,8,separate-matchings,optimized,f128r3_b32r3,5,302.751415,7.704983,1019.247787,1329.7041850000003,0.06018530253593117,4.85722573273506e-17,4.163336342344337e-16,1.620023780962259e-15,1,libsad_fusion_f128r3_b32r3_separate_matchings_6a54a88064.so,"[""-DSAD_FORWARD_BLOCK_THREADS=128"", ""-DSAD_FORWARD_REGISTER_BITS=3"", ""-DSAD_BLOCK_THREADS=32"", ""-DSAD_REGISTER_BITS=3"", ""-DSAD_XXZ_CROSS_MATCHING=0""]"
rzz-hea,20,8,fused-forward_combined-backward,optimized,f128r2_b128r2,3,1.764607,0.10168100000000001,5.855338,7.721626,0.7166911626593797,1.6653345369377348e-15,2.6645352591003757e-15,8.590158214985309e-15,1,libsad_fusion_f128r2_b128r2_fused_forward_combined_backward_0245edac0c.so,"[""-DSAD_RZZ_FORWARD_FUSED=1"", ""-DSAD_RZZ_BACKWARD_STRATEGY=1""]"
rzz-hea,20,8,fused-forward_combined-backward,optimized,f128r2_b128r2,4,1.626677,0.09364700000000001,5.8642449999999995,7.584568999999999,0.7166911626593797,1.6653345369377348e-15,2.6645352591003757e-15,8.590158214985309e-15,1,libsad_fusion_f128r2_b128r2_fused_forward_combined_backward_0245edac0c.so,"[""-DSAD_RZZ_FORWARD_FUSED=1"", ""-DSAD_RZZ_BACKWARD_STRATEGY=1""]"
rzz-hea,20,8,fused-forward_combined-backward,optimized,f128r2_b128r2,5,1.763787,0.259855,6.952871,8.976513,0.7166911626593797,1.6653345369377348e-15,2.6645352591003757e-15,8.590158214985309e-15,1,libsad_fusion_f128r2_b128r2_fused_forward_combined_backward_0245edac0c.so,"[""-DSAD_RZZ_FORWARD_FUSED=1"", ""-DSAD_RZZ_BACKWARD_STRATEGY=1""]"
ra-hea,24,8,real-fused-both,optimized,f64r4_b64r4,3,15.570624,1.070865,33.742648,50.384136999999996,0.20868817063305511,0.0,2.0816681711721685e-16,6.416783418854866e-16,1,libsad_fusion_f64r4_b64r4_real_fused_both_e60c482693.so,"[""-DSAD_FORWARD_BLOCK_THREADS=64"", ""-DSAD_FORWARD_REGISTER_BITS=4"", ""-DSAD_BLOCK_THREADS=64"", ""-DSAD_REGISTER_BITS=4"", ""-DSAD_REAL_AMPLITUDE=1""]"
ra-hea,24,8,real-fused-both,optimized,f64r4_b64r4,4,15.448936999999999,1.273345,37.543786000000004,54.266068000000004,0.20868817063305511,0.0,2.0816681711721685e-16,6.416783418854866e-16,1,libsad_fusion_f64r4_b64r4_real_fused_both_e60c482693.so,"[""-DSAD_FORWARD_BLOCK_THREADS=64"", ""-DSAD_FORWARD_REGISTER_BITS=4"", ""-DSAD_BLOCK_THREADS=64"", ""-DSAD_REGISTER_BITS=4"", ""-DSAD_REAL_AMPLITUDE=1""]"
ra-hea,24,8,real-fused-both,optimized,f64r4_b64r4,5,16.257614,1.179617,35.804837,53.242068,0.20868817063305511,0.0,2.0816681711721685e-16,6.416783418854866e-16,1,libsad_fusion_f64r4_b64r4_real_fused_both_e60c482693.so,"[""-DSAD_FORWARD_BLOCK_THREADS=64"", ""-DSAD_FORWARD_REGISTER_BITS=4"", ""-DSAD_BLOCK_THREADS=64"", ""-DSAD_REGISTER_BITS=4"", ""-DSAD_REAL_AMPLITUDE=1""]"
ra-hea,24,8,complex-fused-backward,optimized,f64r4_b64r4,3,28.786991,1.742602,69.325636,99.855229,0.20868817063305514,2.7755575615628914e-17,1.942890293094024e-16,5.579841793334661e-16,1,libsad_fusion_f64r4_b64r4_complex_fused_backward_dfc4d7af68.so,"[""-DSAD_FORWARD_BLOCK_THREADS=64"", ""-DSAD_FORWARD_REGISTER_BITS=4"", ""-DSAD_BLOCK_THREADS=64"", ""-DSAD_REGISTER_BITS=4"", ""-DSAD_REAL_AMPLITUDE=0"", ""-DSAD_RA_FORWARD_FUSED=0"", ""-DSAD_RA_BACKWARD_FUSED=1""]"
ra-hea,24,8,complex-fused-backward,optimized,f64r4_b64r4,4,29.650486,1.9702579999999998,70.800558,102.421302,0.20868817063305514,2.7755575615628914e-17,1.942890293094024e-16,5.579841793334661e-16,1,libsad_fusion_f64r4_b64r4_complex_fused_backward_dfc4d7af68.so,"[""-DSAD_FORWARD_BLOCK_THREADS=64"", ""-DSAD_FORWARD_REGISTER_BITS=4"", ""-DSAD_BLOCK_THREADS=64"", ""-DSAD_REGISTER_BITS=4"", ""-DSAD_REAL_AMPLITUDE=0"", ""-DSAD_RA_FORWARD_FUSED=0"", ""-DSAD_RA_BACKWARD_FUSED=1""]"
ra-hea,24,8,complex-fused-backward,optimized,f64r4_b64r4,5,27.897904,1.7178849999999999,69.286144,98.901933,0.20868817063305514,2.7755575615628914e-17,1.942890293094024e-16,5.579841793334661e-16,1,libsad_fusion_f64r4_b64r4_complex_fused_backward_dfc4d7af68.so,"[""-DSAD_FORWARD_BLOCK_THREADS=64"", ""-DSAD_FORWARD_REGISTER_BITS=4"", ""-DSAD_BLOCK_THREADS=64"", ""-DSAD_REGISTER_BITS=4"", ""-DSAD_REAL_AMPLITUDE=0"", ""-DSAD_RA_FORWARD_FUSED=0"", ""-DSAD_RA_BACKWARD_FUSED=1""]"
qaoa,24,8,fused-forward,optimized,f64r3_b64r4,3,26.396809,0.69793,83.72305200000001,110.817791,-12.915965786262671,1.0658141036401503e-14,2.1760371282653068e-14,2.7846243767828407e-14,1,libsad_fusion_f64r3_b64r4_fused_forward_f3f77f428b.so,"[""-DSAD_FORWARD_BLOCK_THREADS=64"", ""-DSAD_FORWARD_REGISTER_BITS=3"", ""-DSAD_BLOCK_THREADS=64"", ""-DSAD_REGISTER_BITS=4"", ""-DSAD_QAOA_FUSE_COST_RX=1"", ""-DSAD_QAOA_FUSED_BACKWARD=0""]"
qaoa,24,8,fused-forward,optimized,f64r3_b64r4,4,24.506624000000002,0.713247,84.57410999999999,109.793981,-12.915965786262671,1.0658141036401503e-14,2.1760371282653068e-14,2.7846243767828407e-14,1,libsad_fusion_f64r3_b64r4_fused_forward_f3f77f428b.so,"[""-DSAD_FORWARD_BLOCK_THREADS=64"", ""-DSAD_FORWARD_REGISTER_BITS=3"", ""-DSAD_BLOCK_THREADS=64"", ""-DSAD_REGISTER_BITS=4"", ""-DSAD_QAOA_FUSE_COST_RX=1"", ""-DSAD_QAOA_FUSED_BACKWARD=0""]"
qaoa,24,8,fused-forward,optimized,f64r3_b64r4,5,27.020229999999998,0.770981,82.11552900000001,109.90674,-12.915965786262671,1.0658141036401503e-14,2.1760371282653068e-14,2.7846243767828407e-14,1,libsad_fusion_f64r3_b64r4_fused_forward_f3f77f428b.so,"[""-DSAD_FORWARD_BLOCK_THREADS=64"", ""-DSAD_FORWARD_REGISTER_BITS=3"", ""-DSAD_BLOCK_THREADS=64"", ""-DSAD_REGISTER_BITS=4"", ""-DSAD_QAOA_FUSE_COST_RX=1"", ""-DSAD_QAOA_FUSED_BACKWARD=0""]"
rzz-hea,24,8,fused-forward_fused-backward,optimized,f64r3_b64r4,3,31.433284,1.869742,121.016596,154.31962199999998,5.471528950788189,2.6645352591003757e-15,1.0658141036401503e-14,2.7232775769464923e-14,1,libsad_fusion_f64r3_b64r4_fused_forward_fused_backward_c2caba9fa3.so,"[""-DSAD_FORWARD_BLOCK_THREADS=64"", ""-DSAD_FORWARD_REGISTER_BITS=3"", ""-DSAD_BLOCK_THREADS=64"", ""-DSAD_REGISTER_BITS=4"", ""-DSAD_RZZ_FORWARD_FUSED=1"", ""-DSAD_RZZ_BACKWARD_STRATEGY=2""]"
rzz-hea,24,8,fused-forward_fused-backward,optimized,f64r3_b64r4,4,31.025951,2.006694,122.00843,155.041075,5.471528950788189,2.6645352591003757e-15,1.0658141036401503e-14,2.7232775769464923e-14,1,libsad_fusion_f64r3_b64r4_fused_forward_fused_backward_c2caba9fa3.so,"[""-DSAD_FORWARD_BLOCK_THREADS=64"", ""-DSAD_FORWARD_REGISTER_BITS=3"", ""-DSAD_BLOCK_THREADS=64"", ""-DSAD_REGISTER_BITS=4"", ""-DSAD_RZZ_FORWARD_FUSED=1"", ""-DSAD_RZZ_BACKWARD_STRATEGY=2""]"
rzz-hea,24,8,fused-forward_fused-backward,optimized,f64r3_b64r4,5,30.029732,1.771826,123.588228,155.38978600000002,5.471528950788189,2.6645352591003757e-15,1.0658141036401503e-14,2.7232775769464923e-14,1,libsad_fusion_f64r3_b64r4_fused_forward_fused_backward_c2caba9fa3.so,"[""-DSAD_FORWARD_BLOCK_THREADS=64"", ""-DSAD_FORWARD_REGISTER_BITS=3"", ""-DSAD_BLOCK_THREADS=64"", ""-DSAD_REGISTER_BITS=4"", ""-DSAD_RZZ_FORWARD_FUSED=1"", ""-DSAD_RZZ_BACKWARD_STRATEGY=2""]"
su2-hea,26,8,lookup-forward_split-backward,optimized,f128r3_b64r4,3,117.834715,11.150274999999999,429.854031,558.839021,-0.15118700614836503,2.7755575615628914e-17,1.3877787807814457e-16,6.294946362352743e-16,1,libsad_fusion_f128r3_b64r4_lookup_forward_split_backward_d2cc1cb087.so,"[""-DSAD_FORWARD_BLOCK_THREADS=128"", ""-DSAD_FORWARD_REGISTER_BITS=3"", ""-DSAD_BLOCK_THREADS=64"", ""-DSAD_REGISTER_BITS=4"", ""-DSAD_SU2_FORWARD_STRATEGY=1"", ""-DSAD_SU2_BACKWARD_STRATEGY=0""]"
su2-hea,26,8,lookup-forward_split-backward,optimized,f128r3_b64r4,4,121.306433,11.046222,431.601794,563.9544490000001,-0.15118700614836503,2.7755575615628914e-17,1.3877787807814457e-16,6.294946362352743e-16,1,libsad_fusion_f128r3_b64r4_lookup_forward_split_backward_d2cc1cb087.so,"[""-DSAD_FORWARD_BLOCK_THREADS=128"", ""-DSAD_FORWARD_REGISTER_BITS=3"", ""-DSAD_BLOCK_THREADS=64"", ""-DSAD_REGISTER_BITS=4"", ""-DSAD_SU2_FORWARD_STRATEGY=1"", ""-DSAD_SU2_BACKWARD_STRATEGY=0""]"
su2-hea,26,8,lookup-forward_split-backward,optimized,f128r3_b64r4,5,118.714128,11.996905,431.91224900000003,562.623282,-0.15118700614836503,2.7755575615628914e-17,1.3877787807814457e-16,6.294946362352743e-16,1,libsad_fusion_f128r3_b64r4_lookup_forward_split_backward_d2cc1cb087.so,"[""-DSAD_FORWARD_BLOCK_THREADS=128"", ""-DSAD_FORWARD_REGISTER_BITS=3"", ""-DSAD_BLOCK_THREADS=64"", ""-DSAD_REGISTER_BITS=4"", ""-DSAD_SU2_FORWARD_STRATEGY=1"", ""-DSAD_SU2_BACKWARD_STRATEGY=0""]"
ra-hea,26,8,complex-fused-forward,optimized,f64r4_b64r4,3,108.325144,10.041682999999999,362.947837,481.314664,-0.14134595541889844,5.551115123125783e-17,2.220446049250313e-16,6.093980601121218e-16,1,libsad_fusion_f64r4_b64r4_complex_fused_forward_4fbad961c2.so,"[""-DSAD_FORWARD_BLOCK_THREADS=64"", ""-DSAD_FORWARD_REGISTER_BITS=4"", ""-DSAD_BLOCK_THREADS=64"", ""-DSAD_REGISTER_BITS=4"", ""-DSAD_REAL_AMPLITUDE=0"", ""-DSAD_RA_FORWARD_FUSED=1"", ""-DSAD_RA_BACKWARD_FUSED=0""]"
ra-hea,26,8,complex-fused-forward,optimized,f64r4_b64r4,4,111.050666,11.269641,364.116437,486.43674400000003,-0.14134595541889844,5.551115123125783e-17,2.220446049250313e-16,6.093980601121218e-16,1,libsad_fusion_f64r4_b64r4_complex_fused_forward_4fbad961c2.so,"[""-DSAD_FORWARD_BLOCK_THREADS=64"", ""-DSAD_FORWARD_REGISTER_BITS=4"", ""-DSAD_BLOCK_THREADS=64"", ""-DSAD_REGISTER_BITS=4"", ""-DSAD_REAL_AMPLITUDE=0"", ""-DSAD_RA_FORWARD_FUSED=1"", ""-DSAD_RA_BACKWARD_FUSED=0""]"
ra-hea,26,8,complex-fused-forward,optimized,f64r4_b64r4,5,108.64212099999999,11.853588,365.260539,485.756248,-0.14134595541889844,5.551115123125783e-17,2.220446049250313e-16,6.093980601121218e-16,1,libsad_fusion_f64r4_b64r4_complex_fused_forward_4fbad961c2.so,"[""-DSAD_FORWARD_BLOCK_THREADS=64"", ""-DSAD_FORWARD_REGISTER_BITS=4"", ""-DSAD_BLOCK_THREADS=64"", ""-DSAD_REGISTER_BITS=4"", ""-DSAD_REAL_AMPLITUDE=0"", ""-DSAD_RA_FORWARD_FUSED=1"", ""-DSAD_RA_BACKWARD_FUSED=0""]"
su2-hea,24,8,split-forward_phased-backward,optimized,f128r3_b64r4,3,33.313379,1.888641,146.617806,181.81982599999998,-0.04539400221034763,1.1102230246251565e-16,5.551115123125783e-16,1.7560912235107622e-15,1,libsad_fusion_f128r3_b64r4_split_forward_phased_backward_a3372de662.so,"[""-DSAD_FORWARD_BLOCK_THREADS=128"", ""-DSAD_FORWARD_REGISTER_BITS=3"", ""-DSAD_BLOCK_THREADS=64"", ""-DSAD_REGISTER_BITS=4"", ""-DSAD_SU2_FORWARD_STRATEGY=0"", ""-DSAD_SU2_BACKWARD_STRATEGY=2""]"
su2-hea,24,8,split-forward_phased-backward,optimized,f128r3_b64r4,4,31.728773,1.7576,149.728273,183.214646,-0.04539400221034763,1.1102230246251565e-16,5.551115123125783e-16,1.7560912235107622e-15,1,libsad_fusion_f128r3_b64r4_split_forward_phased_backward_a3372de662.so,"[""-DSAD_FORWARD_BLOCK_THREADS=128"", ""-DSAD_FORWARD_REGISTER_BITS=3"", ""-DSAD_BLOCK_THREADS=64"", ""-DSAD_REGISTER_BITS=4"", ""-DSAD_SU2_FORWARD_STRATEGY=0"", ""-DSAD_SU2_BACKWARD_STRATEGY=2""]"
su2-hea,24,8,split-forward_phased-backward,optimized,f128r3_b64r4,5,33.838772000000006,1.751896,148.85632600000002,184.44699400000002,-0.04539400221034763,1.1102230246251565e-16,5.551115123125783e-16,1.7560912235107622e-15,1,libsad_fusion_f128r3_b64r4_split_forward_phased_backward_a3372de662.so,"[""-DSAD_FORWARD_BLOCK_THREADS=128"", ""-DSAD_FORWARD_REGISTER_BITS=3"", ""-DSAD_BLOCK_THREADS=64"", ""-DSAD_REGISTER_BITS=4"", ""-DSAD_SU2_FORWARD_STRATEGY=0"", ""-DSAD_SU2_BACKWARD_STRATEGY=2""]"
ra-hea,20,8,complex-split,optimized,f64r4_b64r4,3,1.621113,0.36968199999999996,4.798882,6.789677,0.03372766511438083,6.245004513516506e-17,2.220446049250313e-16,5.070995098159247e-16,1,libsad_fusion_f64r4_b64r4_complex_split_66498fcdfe.so,"[""-DSAD_FORWARD_BLOCK_THREADS=64"", ""-DSAD_FORWARD_REGISTER_BITS=4"", ""-DSAD_BLOCK_THREADS=64"", ""-DSAD_REGISTER_BITS=4"", ""-DSAD_REAL_AMPLITUDE=0"", ""-DSAD_RA_FORWARD_FUSED=0"", ""-DSAD_RA_BACKWARD_FUSED=0""]"
ra-hea,20,8,complex-split,optimized,f64r4_b64r4,4,1.572575,0.101474,3.932282,5.606331,0.03372766511438083,6.245004513516506e-17,2.220446049250313e-16,5.070995098159247e-16,1,libsad_fusion_f64r4_b64r4_complex_split_66498fcdfe.so,"[""-DSAD_FORWARD_BLOCK_THREADS=64"", ""-DSAD_FORWARD_REGISTER_BITS=4"", ""-DSAD_BLOCK_THREADS=64"", ""-DSAD_REGISTER_BITS=4"", ""-DSAD_REAL_AMPLITUDE=0"", ""-DSAD_RA_FORWARD_FUSED=0"", ""-DSAD_RA_BACKWARD_FUSED=0""]"
ra-hea,20,8,complex-split,optimized,f64r4_b64r4,5,1.434536,0.093059,3.934208,5.461803,0.03372766511438083,6.245004513516506e-17,2.220446049250313e-16,5.070995098159247e-16,1,libsad_fusion_f64r4_b64r4_complex_split_66498fcdfe.so,"[""-DSAD_FORWARD_BLOCK_THREADS=64"", ""-DSAD_FORWARD_REGISTER_BITS=4"", ""-DSAD_BLOCK_THREADS=64"", ""-DSAD_REGISTER_BITS=4"", ""-DSAD_REAL_AMPLITUDE=0"", ""-DSAD_RA_FORWARD_FUSED=0"", ""-DSAD_RA_BACKWARD_FUSED=0""]"
ra-hea,26,8,real-fused-both,optimized,f64r4_b64r4,3,68.153347,4.975179,177.97689599999998,251.10542199999998,-0.1413459554188986,1.1102230246251565e-16,2.498001805406602e-16,6.661025444081609e-16,1,libsad_fusion_f64r4_b64r4_real_fused_both_e60c482693.so,"[""-DSAD_FORWARD_BLOCK_THREADS=64"", ""-DSAD_FORWARD_REGISTER_BITS=4"", ""-DSAD_BLOCK_THREADS=64"", ""-DSAD_REGISTER_BITS=4"", ""-DSAD_REAL_AMPLITUDE=1""]"
ra-hea,26,8,real-fused-both,optimized,f64r4_b64r4,4,68.14166,4.678749000000001,177.784677,250.60508599999997,-0.1413459554188986,1.1102230246251565e-16,2.498001805406602e-16,6.661025444081609e-16,1,libsad_fusion_f64r4_b64r4_real_fused_both_e60c482693.so,"[""-DSAD_FORWARD_BLOCK_THREADS=64"", ""-DSAD_FORWARD_REGISTER_BITS=4"", ""-DSAD_BLOCK_THREADS=64"", ""-DSAD_REGISTER_BITS=4"", ""-DSAD_REAL_AMPLITUDE=1""]"
ra-hea,26,8,real-fused-both,optimized,f64r4_b64r4,5,69.429694,5.572455,177.169079,252.171228,-0.1413459554188986,1.1102230246251565e-16,2.498001805406602e-16,6.661025444081609e-16,1,libsad_fusion_f64r4_b64r4_real_fused_both_e60c482693.so,"[""-DSAD_FORWARD_BLOCK_THREADS=64"", ""-DSAD_FORWARD_REGISTER_BITS=4"", ""-DSAD_BLOCK_THREADS=64"", ""-DSAD_REGISTER_BITS=4"", ""-DSAD_REAL_AMPLITUDE=1""]"
su2-hea,26,8,auto,optimized,f128r3_b64r4,3,119.05972200000001,11.123168,442.28715800000003,572.470048,-0.15118700614836514,1.3877787807814457e-16,1.7763568394002505e-15,3.843142597342781e-15,1,libsad_fusion_f128r3_b64r4_auto_a330c9365c.so,"[""-DSAD_FORWARD_BLOCK_THREADS=128"", ""-DSAD_FORWARD_REGISTER_BITS=3"", ""-DSAD_BLOCK_THREADS=64"", ""-DSAD_REGISTER_BITS=4""]"
su2-hea,26,8,auto,optimized,f128r3_b64r4,4,123.23008300000001,10.870586,446.795601,580.89627,-0.15118700614836514,1.3877787807814457e-16,1.7763568394002505e-15,3.843142597342781e-15,1,libsad_fusion_f128r3_b64r4_auto_a330c9365c.so,"[""-DSAD_FORWARD_BLOCK_THREADS=128"", ""-DSAD_FORWARD_REGISTER_BITS=3"", ""-DSAD_BLOCK_THREADS=64"", ""-DSAD_REGISTER_BITS=4""]"
su2-hea,26,8,auto,optimized,f128r3_b64r4,5,119.838268,11.744345999999998,445.758565,577.341179,-0.15118700614836514,1.3877787807814457e-16,1.7763568394002505e-15,3.843142597342781e-15,1,libsad_fusion_f128r3_b64r4_auto_a330c9365c.so,"[""-DSAD_FORWARD_BLOCK_THREADS=128"", ""-DSAD_FORWARD_REGISTER_BITS=3"", ""-DSAD_BLOCK_THREADS=64"", ""-DSAD_REGISTER_BITS=4""]"
su2-hea,24,8,lookup-forward_lookup-backward,optimized,f128r3_b64r4,3,26.488067,1.720754,102.817079,131.0259,-0.045394002210347575,5.551115123125783e-17,5.551115123125783e-16,1.73474142563706e-15,1,libsad_fusion_f128r3_b64r4_lookup_forward_lookup_backward_7b8f8fcfcf.so,"[""-DSAD_FORWARD_BLOCK_THREADS=128"", ""-DSAD_FORWARD_REGISTER_BITS=3"", ""-DSAD_BLOCK_THREADS=64"", ""-DSAD_REGISTER_BITS=4"", ""-DSAD_SU2_FORWARD_STRATEGY=1"", ""-DSAD_SU2_BACKWARD_STRATEGY=1""]"
su2-hea,24,8,lookup-forward_lookup-backward,optimized,f128r3_b64r4,4,27.291853,1.88991,100.20689100000001,129.38865400000003,-0.045394002210347575,5.551115123125783e-17,5.551115123125783e-16,1.73474142563706e-15,1,libsad_fusion_f128r3_b64r4_lookup_forward_lookup_backward_7b8f8fcfcf.so,"[""-DSAD_FORWARD_BLOCK_THREADS=128"", ""-DSAD_FORWARD_REGISTER_BITS=3"", ""-DSAD_BLOCK_THREADS=64"", ""-DSAD_REGISTER_BITS=4"", ""-DSAD_SU2_FORWARD_STRATEGY=1"", ""-DSAD_SU2_BACKWARD_STRATEGY=1""]"
su2-hea,24,8,lookup-forward_lookup-backward,optimized,f128r3_b64r4,5,27.780040999999997,1.926488,102.072933,131.77946200000002,-0.045394002210347575,5.551115123125783e-17,5.551115123125783e-16,1.73474142563706e-15,1,libsad_fusion_f128r3_b64r4_lookup_forward_lookup_backward_7b8f8fcfcf.so,"[""-DSAD_FORWARD_BLOCK_THREADS=128"", ""-DSAD_FORWARD_REGISTER_BITS=3"", ""-DSAD_BLOCK_THREADS=64"", ""-DSAD_REGISTER_BITS=4"", ""-DSAD_SU2_FORWARD_STRATEGY=1"", ""-DSAD_SU2_BACKWARD_STRATEGY=1""]"
su2-hea,26,8,phased-forward_lookup-backward,optimized,f128r3_b64r4,3,175.801354,11.34147,439.804658,626.947482,-0.1511870061483649,1.1102230246251565e-16,1.887379141862766e-15,4.185410193333257e-15,1,libsad_fusion_f128r3_b64r4_phased_forward_lookup_backward_7df21f009d.so,"[""-DSAD_FORWARD_BLOCK_THREADS=128"", ""-DSAD_FORWARD_REGISTER_BITS=3"", ""-DSAD_BLOCK_THREADS=64"", ""-DSAD_REGISTER_BITS=4"", ""-DSAD_SU2_FORWARD_STRATEGY=2"", ""-DSAD_SU2_BACKWARD_STRATEGY=1""]"
su2-hea,26,8,phased-forward_lookup-backward,optimized,f128r3_b64r4,4,176.56302,11.823687,442.67494,631.061647,-0.1511870061483649,1.1102230246251565e-16,1.887379141862766e-15,4.185410193333257e-15,1,libsad_fusion_f128r3_b64r4_phased_forward_lookup_backward_7df21f009d.so,"[""-DSAD_FORWARD_BLOCK_THREADS=128"", ""-DSAD_FORWARD_REGISTER_BITS=3"", ""-DSAD_BLOCK_THREADS=64"", ""-DSAD_REGISTER_BITS=4"", ""-DSAD_SU2_FORWARD_STRATEGY=2"", ""-DSAD_SU2_BACKWARD_STRATEGY=1""]"
su2-hea,26,8,phased-forward_lookup-backward,optimized,f128r3_b64r4,5,175.512786,11.677076,443.092458,630.28232,-0.1511870061483649,1.1102230246251565e-16,1.887379141862766e-15,4.185410193333257e-15,1,libsad_fusion_f128r3_b64r4_phased_forward_lookup_backward_7df21f009d.so,"[""-DSAD_FORWARD_BLOCK_THREADS=128"", ""-DSAD_FORWARD_REGISTER_BITS=3"", ""-DSAD_BLOCK_THREADS=64"", ""-DSAD_REGISTER_BITS=4"", ""-DSAD_SU2_FORWARD_STRATEGY=2"", ""-DSAD_SU2_BACKWARD_STRATEGY=1""]"
su2-hea,20,8,lookup-forward_phased-backward,optimized,f128r3_b64r4,3,1.65986,0.241105,8.280788000000001,10.181753,-0.12535282831387848,5.551115123125783e-17,3.894454203567932e-16,1.4117485290481963e-15,1,libsad_fusion_f128r3_b64r4_lookup_forward_phased_backward_2210ed799a.so,"[""-DSAD_FORWARD_BLOCK_THREADS=128"", ""-DSAD_FORWARD_REGISTER_BITS=3"", ""-DSAD_BLOCK_THREADS=64"", ""-DSAD_REGISTER_BITS=4"", ""-DSAD_SU2_FORWARD_STRATEGY=1"", ""-DSAD_SU2_BACKWARD_STRATEGY=2""]"
su2-hea,20,8,lookup-forward_phased-backward,optimized,f128r3_b64r4,4,1.422805,0.101441,8.110788000000001,9.635034000000001,-0.12535282831387848,5.551115123125783e-17,3.894454203567932e-16,1.4117485290481963e-15,1,libsad_fusion_f128r3_b64r4_lookup_forward_phased_backward_2210ed799a.so,"[""-DSAD_FORWARD_BLOCK_THREADS=128"", ""-DSAD_FORWARD_REGISTER_BITS=3"", ""-DSAD_BLOCK_THREADS=64"", ""-DSAD_REGISTER_BITS=4"", ""-DSAD_SU2_FORWARD_STRATEGY=1"", ""-DSAD_SU2_BACKWARD_STRATEGY=2""]"
su2-hea,20,8,lookup-forward_phased-backward,optimized,f128r3_b64r4,5,1.711565,0.39254300000000003,8.48245,10.586558000000002,-0.12535282831387848,5.551115123125783e-17,3.894454203567932e-16,1.4117485290481963e-15,1,libsad_fusion_f128r3_b64r4_lookup_forward_phased_backward_2210ed799a.so,"[""-DSAD_FORWARD_BLOCK_THREADS=128"", ""-DSAD_FORWARD_REGISTER_BITS=3"", ""-DSAD_BLOCK_THREADS=64"", ""-DSAD_REGISTER_BITS=4"", ""-DSAD_SU2_FORWARD_STRATEGY=1"", ""-DSAD_SU2_BACKWARD_STRATEGY=2""]"
qaoa,20,8,fused-forward,optimized,f128r2_b128r2,3,1.4555580000000001,0.2006,4.306584,5.962742,-10.763304821885578,5.329070518200751e-15,5.329070518200751e-15,9.05495612007087e-15,1,libsad_fusion_f128r2_b128r2_fused_forward_cd039849db.so,"[""-DSAD_QAOA_FUSE_COST_RX=1"", ""-DSAD_QAOA_FUSED_BACKWARD=0""]"
qaoa,20,8,fused-forward,optimized,f128r2_b128r2,4,1.7510869999999998,0.25843099999999997,3.81311,5.822628,-10.763304821885578,5.329070518200751e-15,5.329070518200751e-15,9.05495612007087e-15,1,libsad_fusion_f128r2_b128r2_fused_forward_cd039849db.so,"[""-DSAD_QAOA_FUSE_COST_RX=1"", ""-DSAD_QAOA_FUSED_BACKWARD=0""]"
qaoa,20,8,fused-forward,optimized,f128r2_b128r2,5,1.295265,0.035144,3.805383,5.135792,-10.763304821885578,5.329070518200751e-15,5.329070518200751e-15,9.05495612007087e-15,1,libsad_fusion_f128r2_b128r2_fused_forward_cd039849db.so,"[""-DSAD_QAOA_FUSE_COST_RX=1"", ""-DSAD_QAOA_FUSED_BACKWARD=0""]"
ra-hea,24,8,complex-fused-both,optimized,f64r4_b64r4,3,26.523081,1.9632629999999998,70.486118,98.972462,0.2086881706330551,2.7755575615628914e-17,2.220446049250313e-16,5.384907167205905e-16,1,libsad_fusion_f64r4_b64r4_complex_fused_both_eecac02710.so,"[""-DSAD_FORWARD_BLOCK_THREADS=64"", ""-DSAD_FORWARD_REGISTER_BITS=4"", ""-DSAD_BLOCK_THREADS=64"", ""-DSAD_REGISTER_BITS=4"", ""-DSAD_REAL_AMPLITUDE=0"", ""-DSAD_RA_FORWARD_FUSED=1"", ""-DSAD_RA_BACKWARD_FUSED=1""]"
ra-hea,24,8,complex-fused-both,optimized,f64r4_b64r4,4,27.301289999999998,2.014891,71.290621,100.606802,0.2086881706330551,2.7755575615628914e-17,2.220446049250313e-16,5.384907167205905e-16,1,libsad_fusion_f64r4_b64r4_complex_fused_both_eecac02710.so,"[""-DSAD_FORWARD_BLOCK_THREADS=64"", ""-DSAD_FORWARD_REGISTER_BITS=4"", ""-DSAD_BLOCK_THREADS=64"", ""-DSAD_REGISTER_BITS=4"", ""-DSAD_REAL_AMPLITUDE=0"", ""-DSAD_RA_FORWARD_FUSED=1"", ""-DSAD_RA_BACKWARD_FUSED=1""]"
ra-hea,24,8,complex-fused-both,optimized,f64r4_b64r4,5,25.960647,2.0502749999999996,70.783888,98.79481000000001,0.2086881706330551,2.7755575615628914e-17,2.220446049250313e-16,5.384907167205905e-16,1,libsad_fusion_f64r4_b64r4_complex_fused_both_eecac02710.so,"[""-DSAD_FORWARD_BLOCK_THREADS=64"", ""-DSAD_FORWARD_REGISTER_BITS=4"", ""-DSAD_BLOCK_THREADS=64"", ""-DSAD_REGISTER_BITS=4"", ""-DSAD_REAL_AMPLITUDE=0"", ""-DSAD_RA_FORWARD_FUSED=1"", ""-DSAD_RA_BACKWARD_FUSED=1""]"
ra-hea,26,8,complex-fused-both,optimized,f64r4_b64r4,3,109.921987,11.093056,321.040489,442.05553199999997,-0.1413459554188985,0.0,1.5265566588595902e-16,5.531989205060029e-16,1,libsad_fusion_f64r4_b64r4_complex_fused_both_eecac02710.so,"[""-DSAD_FORWARD_BLOCK_THREADS=64"", ""-DSAD_FORWARD_REGISTER_BITS=4"", ""-DSAD_BLOCK_THREADS=64"", ""-DSAD_REGISTER_BITS=4"", ""-DSAD_REAL_AMPLITUDE=0"", ""-DSAD_RA_FORWARD_FUSED=1"", ""-DSAD_RA_BACKWARD_FUSED=1""]"
ra-hea,26,8,complex-fused-both,optimized,f64r4_b64r4,4,109.291182,10.544137000000001,323.115423,442.950742,-0.1413459554188985,0.0,1.5265566588595902e-16,5.531989205060029e-16,1,libsad_fusion_f64r4_b64r4_complex_fused_both_eecac02710.so,"[""-DSAD_FORWARD_BLOCK_THREADS=64"", ""-DSAD_FORWARD_REGISTER_BITS=4"", ""-DSAD_BLOCK_THREADS=64"", ""-DSAD_REGISTER_BITS=4"", ""-DSAD_REAL_AMPLITUDE=0"", ""-DSAD_RA_FORWARD_FUSED=1"", ""-DSAD_RA_BACKWARD_FUSED=1""]"
ra-hea,26,8,complex-fused-both,optimized,f64r4_b64r4,5,109.952704,12.227307,320.244219,442.42422999999997,-0.1413459554188985,0.0,1.5265566588595902e-16,5.531989205060029e-16,1,libsad_fusion_f64r4_b64r4_complex_fused_both_eecac02710.so,"[""-DSAD_FORWARD_BLOCK_THREADS=64"", ""-DSAD_FORWARD_REGISTER_BITS=4"", ""-DSAD_BLOCK_THREADS=64"", ""-DSAD_REGISTER_BITS=4"", ""-DSAD_REAL_AMPLITUDE=0"", ""-DSAD_RA_FORWARD_FUSED=1"", ""-DSAD_RA_BACKWARD_FUSED=1""]"
rzz-hea,20,8,auto,optimized,f128r2_b128r2,3,1.639953,0.24180600000000002,6.7473339999999995,8.629093,0.7166911626593798,1.7763568394002505e-15,2.220446049250313e-15,1.0197382707452118e-14,1,libsad_fusion_f128r2_b128r2_auto_e3b0c44298.so,[]
rzz-hea,20,8,auto,optimized,f128r2_b128r2,4,1.9989729999999999,0.249087,7.039834,9.287894,0.7166911626593798,1.7763568394002505e-15,2.220446049250313e-15,1.0197382707452118e-14,1,libsad_fusion_f128r2_b128r2_auto_e3b0c44298.so,[]
rzz-hea,20,8,auto,optimized,f128r2_b128r2,5,1.718435,0.360107,6.839111,8.917653000000001,0.7166911626593798,1.7763568394002505e-15,2.220446049250313e-15,1.0197382707452118e-14,1,libsad_fusion_f128r2_b128r2_auto_e3b0c44298.so,[]
rzz-hea,26,8,auto,optimized,f64r4_b128r3,3,155.648875,12.262080999999998,498.779726,666.690682,2.3880453507405326,0.0,1.2656542480726785e-14,5.371657762935384e-14,1,libsad_fusion_f64r4_b128r3_auto_3fefadc5a9.so,"[""-DSAD_FORWARD_BLOCK_THREADS=64"", ""-DSAD_FORWARD_REGISTER_BITS=4"", ""-DSAD_BLOCK_THREADS=128"", ""-DSAD_REGISTER_BITS=3""]"
rzz-hea,26,8,auto,optimized,f64r4_b128r3,4,156.86584100000002,11.750663,501.030286,669.64679,2.3880453507405326,0.0,1.2656542480726785e-14,5.371657762935384e-14,1,libsad_fusion_f64r4_b128r3_auto_3fefadc5a9.so,"[""-DSAD_FORWARD_BLOCK_THREADS=64"", ""-DSAD_FORWARD_REGISTER_BITS=4"", ""-DSAD_BLOCK_THREADS=128"", ""-DSAD_REGISTER_BITS=3""]"
rzz-hea,26,8,auto,optimized,f64r4_b128r3,5,154.581162,12.157093000000001,499.020274,665.758529,2.3880453507405326,0.0,1.2656542480726785e-14,5.371657762935384e-14,1,libsad_fusion_f64r4_b128r3_auto_3fefadc5a9.so,"[""-DSAD_FORWARD_BLOCK_THREADS=64"", ""-DSAD_FORWARD_REGISTER_BITS=4"", ""-DSAD_BLOCK_THREADS=128"", ""-DSAD_REGISTER_BITS=3""]"
su2-hea,20,8,phased-forward_phased-backward,optimized,f128r3_b64r4,3,2.685907,0.097842,8.562459,11.346208,-0.12535282831387853,1.1102230246251565e-16,1.8041124150158794e-16,7.496125130100809e-16,1,libsad_fusion_f128r3_b64r4_phased_forward_phased_backward_4896db51e9.so,"[""-DSAD_FORWARD_BLOCK_THREADS=128"", ""-DSAD_FORWARD_REGISTER_BITS=3"", ""-DSAD_BLOCK_THREADS=64"", ""-DSAD_REGISTER_BITS=4"", ""-DSAD_SU2_FORWARD_STRATEGY=2"", ""-DSAD_SU2_BACKWARD_STRATEGY=2""]"
su2-hea,20,8,phased-forward_phased-backward,optimized,f128r3_b64r4,4,2.181354,0.10245699999999999,8.545463999999999,10.829274999999999,-0.12535282831387853,1.1102230246251565e-16,1.8041124150158794e-16,7.496125130100809e-16,1,libsad_fusion_f128r3_b64r4_phased_forward_phased_backward_4896db51e9.so,"[""-DSAD_FORWARD_BLOCK_THREADS=128"", ""-DSAD_FORWARD_REGISTER_BITS=3"", ""-DSAD_BLOCK_THREADS=64"", ""-DSAD_REGISTER_BITS=4"", ""-DSAD_SU2_FORWARD_STRATEGY=2"", ""-DSAD_SU2_BACKWARD_STRATEGY=2""]"
su2-hea,20,8,phased-forward_phased-backward,optimized,f128r3_b64r4,5,2.95316,0.24575299999999997,8.097879,11.296792,-0.12535282831387853,1.1102230246251565e-16,1.8041124150158794e-16,7.496125130100809e-16,1,libsad_fusion_f128r3_b64r4_phased_forward_phased_backward_4896db51e9.so,"[""-DSAD_FORWARD_BLOCK_THREADS=128"", ""-DSAD_FORWARD_REGISTER_BITS=3"", ""-DSAD_BLOCK_THREADS=64"", ""-DSAD_REGISTER_BITS=4"", ""-DSAD_SU2_FORWARD_STRATEGY=2"", ""-DSAD_SU2_BACKWARD_STRATEGY=2""]"
su2-hea,26,8,lookup-forward_phased-backward,optimized,f128r3_b64r4,3,119.862337,10.913654,641.4423919999999,772.218383,-0.151187006148365,0.0,1.9845236565174673e-15,4.08178907540817e-15,1,libsad_fusion_f128r3_b64r4_lookup_forward_phased_backward_2210ed799a.so,"[""-DSAD_FORWARD_BLOCK_THREADS=128"", ""-DSAD_FORWARD_REGISTER_BITS=3"", ""-DSAD_BLOCK_THREADS=64"", ""-DSAD_REGISTER_BITS=4"", ""-DSAD_SU2_FORWARD_STRATEGY=1"", ""-DSAD_SU2_BACKWARD_STRATEGY=2""]"
su2-hea,26,8,lookup-forward_phased-backward,optimized,f128r3_b64r4,4,120.771602,10.278243,649.590961,780.6408060000001,-0.151187006148365,0.0,1.9845236565174673e-15,4.08178907540817e-15,1,libsad_fusion_f128r3_b64r4_lookup_forward_phased_backward_2210ed799a.so,"[""-DSAD_FORWARD_BLOCK_THREADS=128"", ""-DSAD_FORWARD_REGISTER_BITS=3"", ""-DSAD_BLOCK_THREADS=64"", ""-DSAD_REGISTER_BITS=4"", ""-DSAD_SU2_FORWARD_STRATEGY=1"", ""-DSAD_SU2_BACKWARD_STRATEGY=2""]"
su2-hea,26,8,lookup-forward_phased-backward,optimized,f128r3_b64r4,5,118.166562,10.720934999999999,648.884597,777.772094,-0.151187006148365,0.0,1.9845236565174673e-15,4.08178907540817e-15,1,libsad_fusion_f128r3_b64r4_lookup_forward_phased_backward_2210ed799a.so,"[""-DSAD_FORWARD_BLOCK_THREADS=128"", ""-DSAD_FORWARD_REGISTER_BITS=3"", ""-DSAD_BLOCK_THREADS=64"", ""-DSAD_REGISTER_BITS=4"", ""-DSAD_SU2_FORWARD_STRATEGY=1"", ""-DSAD_SU2_BACKWARD_STRATEGY=2""]"
su2-hea,20,8,auto,optimized,f128r3_b64r4,3,1.432943,0.101988,4.6134770000000005,6.148408,-0.12535282831387848,5.551115123125783e-17,9.71445146547012e-17,5.324135585387592e-16,1,libsad_fusion_f128r3_b64r4_auto_a330c9365c.so,"[""-DSAD_FORWARD_BLOCK_THREADS=128"", ""-DSAD_FORWARD_REGISTER_BITS=3"", ""-DSAD_BLOCK_THREADS=64"", ""-DSAD_REGISTER_BITS=4""]"
su2-hea,20,8,auto,optimized,f128r3_b64r4,4,1.422462,0.09408799999999999,4.8049420000000005,6.321492000000001,-0.12535282831387848,5.551115123125783e-17,9.71445146547012e-17,5.324135585387592e-16,1,libsad_fusion_f128r3_b64r4_auto_a330c9365c.so,"[""-DSAD_FORWARD_BLOCK_THREADS=128"", ""-DSAD_FORWARD_REGISTER_BITS=3"", ""-DSAD_BLOCK_THREADS=64"", ""-DSAD_REGISTER_BITS=4""]"
su2-hea,20,8,auto,optimized,f128r3_b64r4,5,1.423019,0.266735,5.113234,6.802988,-0.12535282831387848,5.551115123125783e-17,9.71445146547012e-17,5.324135585387592e-16,1,libsad_fusion_f128r3_b64r4_auto_a330c9365c.so,"[""-DSAD_FORWARD_BLOCK_THREADS=128"", ""-DSAD_FORWARD_REGISTER_BITS=3"", ""-DSAD_BLOCK_THREADS=64"", ""-DSAD_REGISTER_BITS=4""]"
su2-hea,26,8,phased-forward_phased-backward,optimized,f128r3_b64r4,6,172.889737,11.095201000000001,642.185535,826.1704729999999,-0.151187006148365,0.0,2.0122792321330962e-15,4.348613922406789e-15,1,libsad_fusion_f128r3_b64r4_phased_forward_phased_backward_4896db51e9.so,"[""-DSAD_FORWARD_BLOCK_THREADS=128"", ""-DSAD_FORWARD_REGISTER_BITS=3"", ""-DSAD_BLOCK_THREADS=64"", ""-DSAD_REGISTER_BITS=4"", ""-DSAD_SU2_FORWARD_STRATEGY=2"", ""-DSAD_SU2_BACKWARD_STRATEGY=2""]"
su2-hea,26,8,phased-forward_phased-backward,optimized,f128r3_b64r4,7,175.852437,11.812666,643.444805,831.1099079999999,-0.151187006148365,0.0,2.0122792321330962e-15,4.348613922406789e-15,1,libsad_fusion_f128r3_b64r4_phased_forward_phased_backward_4896db51e9.so,"[""-DSAD_FORWARD_BLOCK_THREADS=128"", ""-DSAD_FORWARD_REGISTER_BITS=3"", ""-DSAD_BLOCK_THREADS=64"", ""-DSAD_REGISTER_BITS=4"", ""-DSAD_SU2_FORWARD_STRATEGY=2"", ""-DSAD_SU2_BACKWARD_STRATEGY=2""]"
su2-hea,26,8,phased-forward_phased-backward,optimized,f128r3_b64r4,8,173.52863299999999,10.312945000000001,640.9096549999999,824.751233,-0.151187006148365,0.0,2.0122792321330962e-15,4.348613922406789e-15,1,libsad_fusion_f128r3_b64r4_phased_forward_phased_backward_4896db51e9.so,"[""-DSAD_FORWARD_BLOCK_THREADS=128"", ""-DSAD_FORWARD_REGISTER_BITS=3"", ""-DSAD_BLOCK_THREADS=64"", ""-DSAD_REGISTER_BITS=4"", ""-DSAD_SU2_FORWARD_STRATEGY=2"", ""-DSAD_SU2_BACKWARD_STRATEGY=2""]"
su2-hea,24,8,lookup-forward_lookup-backward,optimized,f128r3_b64r4,6,25.935917,2.026904,100.235311,128.198132,-0.045394002210347596,7.632783294297951e-17,5.551115123125783e-16,1.7146530502756949e-15,1,libsad_fusion_f128r3_b64r4_lookup_forward_lookup_backward_7b8f8fcfcf.so,"[""-DSAD_FORWARD_BLOCK_THREADS=128"", ""-DSAD_FORWARD_REGISTER_BITS=3"", ""-DSAD_BLOCK_THREADS=64"", ""-DSAD_REGISTER_BITS=4"", ""-DSAD_SU2_FORWARD_STRATEGY=1"", ""-DSAD_SU2_BACKWARD_STRATEGY=1""]"
su2-hea,24,8,lookup-forward_lookup-backward,optimized,f128r3_b64r4,7,27.686208999999998,2.0420439999999997,100.638995,130.367248,-0.045394002210347596,7.632783294297951e-17,5.551115123125783e-16,1.7146530502756949e-15,1,libsad_fusion_f128r3_b64r4_lookup_forward_lookup_backward_7b8f8fcfcf.so,"[""-DSAD_FORWARD_BLOCK_THREADS=128"", ""-DSAD_FORWARD_REGISTER_BITS=3"", ""-DSAD_BLOCK_THREADS=64"", ""-DSAD_REGISTER_BITS=4"", ""-DSAD_SU2_FORWARD_STRATEGY=1"", ""-DSAD_SU2_BACKWARD_STRATEGY=1""]"
su2-hea,24,8,lookup-forward_lookup-backward,optimized,f128r3_b64r4,8,27.57915,2.094861,100.295492,129.96950299999997,-0.045394002210347596,7.632783294297951e-17,5.551115123125783e-16,1.7146530502756949e-15,1,libsad_fusion_f128r3_b64r4_lookup_forward_lookup_backward_7b8f8fcfcf.so,"[""-DSAD_FORWARD_BLOCK_THREADS=128"", ""-DSAD_FORWARD_REGISTER_BITS=3"", ""-DSAD_BLOCK_THREADS=64"", ""-DSAD_REGISTER_BITS=4"", ""-DSAD_SU2_FORWARD_STRATEGY=1"", ""-DSAD_SU2_BACKWARD_STRATEGY=1""]"
su2-hea,20,8,lookup-forward_split-backward,optimized,f128r3_b64r4,6,1.617241,0.260226,5.3859829999999995,7.26345,-0.1253528283138786,1.6653345369377348e-16,9.71445146547012e-17,4.834084299512348e-16,1,libsad_fusion_f128r3_b64r4_lookup_forward_split_backward_d2cc1cb087.so,"[""-DSAD_FORWARD_BLOCK_THREADS=128"", ""-DSAD_FORWARD_REGISTER_BITS=3"", ""-DSAD_BLOCK_THREADS=64"", ""-DSAD_REGISTER_BITS=4"", ""-DSAD_SU2_FORWARD_STRATEGY=1"", ""-DSAD_SU2_BACKWARD_STRATEGY=0""]"
su2-hea,20,8,lookup-forward_split-backward,optimized,f128r3_b64r4,7,1.567443,0.34415900000000005,4.904338999999999,6.815941,-0.1253528283138786,1.6653345369377348e-16,9.71445146547012e-17,4.834084299512348e-16,1,libsad_fusion_f128r3_b64r4_lookup_forward_split_backward_d2cc1cb087.so,"[""-DSAD_FORWARD_BLOCK_THREADS=128"", ""-DSAD_FORWARD_REGISTER_BITS=3"", ""-DSAD_BLOCK_THREADS=64"", ""-DSAD_REGISTER_BITS=4"", ""-DSAD_SU2_FORWARD_STRATEGY=1"", ""-DSAD_SU2_BACKWARD_STRATEGY=0""]"
su2-hea,20,8,lookup-forward_split-backward,optimized,f128r3_b64r4,8,1.430623,0.09391999999999999,5.025588999999999,6.550132,-0.1253528283138786,1.6653345369377348e-16,9.71445146547012e-17,4.834084299512348e-16,1,libsad_fusion_f128r3_b64r4_lookup_forward_split_backward_d2cc1cb087.so,"[""-DSAD_FORWARD_BLOCK_THREADS=128"", ""-DSAD_FORWARD_REGISTER_BITS=3"", ""-DSAD_BLOCK_THREADS=64"", ""-DSAD_REGISTER_BITS=4"", ""-DSAD_SU2_FORWARD_STRATEGY=1"", ""-DSAD_SU2_BACKWARD_STRATEGY=0""]"
qaoa,24,8,fused-backward,optimized,f64r3_b64r4,6,29.601892,0.693384,78.854746,109.150022,-12.915965786262685,3.552713678800501e-15,5.5067062021407764e-14,7.822062906070488e-14,1,libsad_fusion_f64r3_b64r4_fused_backward_a3f9814287.so,"[""-DSAD_FORWARD_BLOCK_THREADS=64"", ""-DSAD_FORWARD_REGISTER_BITS=3"", ""-DSAD_BLOCK_THREADS=64"", ""-DSAD_REGISTER_BITS=4"", ""-DSAD_QAOA_FUSE_COST_RX=0"", ""-DSAD_QAOA_FUSED_BACKWARD=2""]"
qaoa,24,8,fused-backward,optimized,f64r3_b64r4,7,29.050128,0.747904,80.84398700000001,110.642019,-12.915965786262685,3.552713678800501e-15,5.5067062021407764e-14,7.822062906070488e-14,1,libsad_fusion_f64r3_b64r4_fused_backward_a3f9814287.so,"[""-DSAD_FORWARD_BLOCK_THREADS=64"", ""-DSAD_FORWARD_REGISTER_BITS=3"", ""-DSAD_BLOCK_THREADS=64"", ""-DSAD_REGISTER_BITS=4"", ""-DSAD_QAOA_FUSE_COST_RX=0"", ""-DSAD_QAOA_FUSED_BACKWARD=2""]"
qaoa,24,8,fused-backward,optimized,f64r3_b64r4,8,29.722566,0.7173499999999999,78.12264400000001,108.56256,-12.915965786262685,3.552713678800501e-15,5.5067062021407764e-14,7.822062906070488e-14,1,libsad_fusion_f64r3_b64r4_fused_backward_a3f9814287.so,"[""-DSAD_FORWARD_BLOCK_THREADS=64"", ""-DSAD_FORWARD_REGISTER_BITS=3"", ""-DSAD_BLOCK_THREADS=64"", ""-DSAD_REGISTER_BITS=4"", ""-DSAD_QAOA_FUSE_COST_RX=0"", ""-DSAD_QAOA_FUSED_BACKWARD=2""]"
rzz-hea,24,8,split-forward_combined-backward,optimized,f64r3_b64r4,6,39.555213,2.0354710000000003,111.11885000000001,152.70953400000002,5.471528950788187,8.881784197001252e-16,3.1086244689504383e-15,1.2330885745319031e-14,1,libsad_fusion_f64r3_b64r4_split_forward_combined_backward_8a54fb2897.so,"[""-DSAD_FORWARD_BLOCK_THREADS=64"", ""-DSAD_FORWARD_REGISTER_BITS=3"", ""-DSAD_BLOCK_THREADS=64"", ""-DSAD_REGISTER_BITS=4"", ""-DSAD_RZZ_FORWARD_FUSED=0"", ""-DSAD_RZZ_BACKWARD_STRATEGY=1""]"
rzz-hea,24,8,split-forward_combined-backward,optimized,f64r3_b64r4,7,40.359637,1.7824119999999999,110.867087,153.00913599999998,5.471528950788187,8.881784197001252e-16,3.1086244689504383e-15,1.2330885745319031e-14,1,libsad_fusion_f64r3_b64r4_split_forward_combined_backward_8a54fb2897.so,"[""-DSAD_FORWARD_BLOCK_THREADS=64"", ""-DSAD_FORWARD_REGISTER_BITS=3"", ""-DSAD_BLOCK_THREADS=64"", ""-DSAD_REGISTER_BITS=4"", ""-DSAD_RZZ_FORWARD_FUSED=0"", ""-DSAD_RZZ_BACKWARD_STRATEGY=1""]"
rzz-hea,24,8,split-forward_combined-backward,optimized,f64r3_b64r4,8,41.04766,1.760675,111.04876399999999,153.857099,5.471528950788187,8.881784197001252e-16,3.1086244689504383e-15,1.2330885745319031e-14,1,libsad_fusion_f64r3_b64r4_split_forward_combined_backward_8a54fb2897.so,"[""-DSAD_FORWARD_BLOCK_THREADS=64"", ""-DSAD_FORWARD_REGISTER_BITS=3"", ""-DSAD_BLOCK_THREADS=64"", ""-DSAD_REGISTER_BITS=4"", ""-DSAD_RZZ_FORWARD_FUSED=0"", ""-DSAD_RZZ_BACKWARD_STRATEGY=1""]"
xxz-hva,24,8,cross-matching,optimized,f128r3_b32r3,6,68.957262,1.603842,224.817151,295.37825499999997,0.10889026816899189,1.3877787807814457e-17,1.4502288259166107e-15,5.890266805975537e-15,1,libsad_fusion_f128r3_b32r3_cross_matching_448a98da88.so,"[""-DSAD_FORWARD_BLOCK_THREADS=128"", ""-DSAD_FORWARD_REGISTER_BITS=3"", ""-DSAD_BLOCK_THREADS=32"", ""-DSAD_REGISTER_BITS=3"", ""-DSAD_XXZ_CROSS_MATCHING=1""]"
xxz-hva,24,8,cross-matching,optimized,f128r3_b32r3,7,68.513216,1.835689,229.94315,300.292055,0.10889026816899189,1.3877787807814457e-17,1.4502288259166107e-15,5.890266805975537e-15,1,libsad_fusion_f128r3_b32r3_cross_matching_448a98da88.so,"[""-DSAD_FORWARD_BLOCK_THREADS=128"", ""-DSAD_FORWARD_REGISTER_BITS=3"", ""-DSAD_BLOCK_THREADS=32"", ""-DSAD_REGISTER_BITS=3"", ""-DSAD_XXZ_CROSS_MATCHING=1""]"
xxz-hva,24,8,cross-matching,optimized,f128r3_b32r3,8,66.885575,1.590784,228.11469200000002,296.591051,0.10889026816899189,1.3877787807814457e-17,1.4502288259166107e-15,5.890266805975537e-15,1,libsad_fusion_f128r3_b32r3_cross_matching_448a98da88.so,"[""-DSAD_FORWARD_BLOCK_THREADS=128"", ""-DSAD_FORWARD_REGISTER_BITS=3"", ""-DSAD_BLOCK_THREADS=32"", ""-DSAD_REGISTER_BITS=3"", ""-DSAD_XXZ_CROSS_MATCHING=1""]"
rzz-hea,26,8,fused-forward_fused-backward,optimized,f64r4_b128r3,6,155.737504,11.243402,499.440508,666.421414,2.388045350740532,4.440892098500626e-16,1.2212453270876722e-14,5.3736367850759114e-14,1,libsad_fusion_f64r4_b128r3_fused_forward_fused_backward_9a3cdde8d7.so,"[""-DSAD_FORWARD_BLOCK_THREADS=64"", ""-DSAD_FORWARD_REGISTER_BITS=4"", ""-DSAD_BLOCK_THREADS=128"", ""-DSAD_REGISTER_BITS=3"", ""-DSAD_RZZ_FORWARD_FUSED=1"", ""-DSAD_RZZ_BACKWARD_STRATEGY=2""]"
rzz-hea,26,8,fused-forward_fused-backward,optimized,f64r4_b128r3,7,157.408629,11.532798,501.062817,670.004244,2.388045350740532,4.440892098500626e-16,1.2212453270876722e-14,5.3736367850759114e-14,1,libsad_fusion_f64r4_b128r3_fused_forward_fused_backward_9a3cdde8d7.so,"[""-DSAD_FORWARD_BLOCK_THREADS=64"", ""-DSAD_FORWARD_REGISTER_BITS=4"", ""-DSAD_BLOCK_THREADS=128"", ""-DSAD_REGISTER_BITS=3"", ""-DSAD_RZZ_FORWARD_FUSED=1"", ""-DSAD_RZZ_BACKWARD_STRATEGY=2""]"
rzz-hea,26,8,fused-forward_fused-backward,optimized,f64r4_b128r3,8,157.329728,11.623012000000001,499.339996,668.292736,2.388045350740532,4.440892098500626e-16,1.2212453270876722e-14,5.3736367850759114e-14,1,libsad_fusion_f64r4_b128r3_fused_forward_fused_backward_9a3cdde8d7.so,"[""-DSAD_FORWARD_BLOCK_THREADS=64"", ""-DSAD_FORWARD_REGISTER_BITS=4"", ""-DSAD_BLOCK_THREADS=128"", ""-DSAD_REGISTER_BITS=3"", ""-DSAD_RZZ_FORWARD_FUSED=1"", ""-DSAD_RZZ_BACKWARD_STRATEGY=2""]"
ra-hea,24,8,real-fused-both,optimized,f64r4_b64r4,6,14.555007999999999,0.910694,36.586687,52.052389,0.20868817063305536,2.498001805406602e-16,1.8041124150158794e-16,6.052652754415921e-16,1,libsad_fusion_f64r4_b64r4_real_fused_both_e60c482693.so,"[""-DSAD_FORWARD_BLOCK_THREADS=64"", ""-DSAD_FORWARD_REGISTER_BITS=4"", ""-DSAD_BLOCK_THREADS=64"", ""-DSAD_REGISTER_BITS=4"", ""-DSAD_REAL_AMPLITUDE=1""]"
ra-hea,24,8,real-fused-both,optimized,f64r4_b64r4,7,14.889066,1.197762,38.271126,54.357954,0.20868817063305536,2.498001805406602e-16,1.8041124150158794e-16,6.052652754415921e-16,1,libsad_fusion_f64r4_b64r4_real_fused_both_e60c482693.so,"[""-DSAD_FORWARD_BLOCK_THREADS=64"", ""-DSAD_FORWARD_REGISTER_BITS=4"", ""-DSAD_BLOCK_THREADS=64"", ""-DSAD_REGISTER_BITS=4"", ""-DSAD_REAL_AMPLITUDE=1""]"
ra-hea,24,8,real-fused-both,optimized,f64r4_b64r4,8,15.702398999999998,1.236467,36.364729,53.303594999999994,0.20868817063305536,2.498001805406602e-16,1.8041124150158794e-16,6.052652754415921e-16,1,libsad_fusion_f64r4_b64r4_real_fused_both_e60c482693.so,"[""-DSAD_FORWARD_BLOCK_THREADS=64"", ""-DSAD_FORWARD_REGISTER_BITS=4"", ""-DSAD_BLOCK_THREADS=64"", ""-DSAD_REGISTER_BITS=4"", ""-DSAD_REAL_AMPLITUDE=1""]"
xxz-hva,20,8,separate-matchings,optimized,f128r3_b32r3,6,4.253342,0.244304,13.231758,17.729404000000002,0.005490219521836669,3.8163916471489756e-17,1.6653345369377348e-16,7.159261686410626e-16,1,libsad_fusion_f128r3_b32r3_separate_matchings_6a54a88064.so,"[""-DSAD_FORWARD_BLOCK_THREADS=128"", ""-DSAD_FORWARD_REGISTER_BITS=3"", ""-DSAD_BLOCK_THREADS=32"", ""-DSAD_REGISTER_BITS=3"", ""-DSAD_XXZ_CROSS_MATCHING=0""]"
xxz-hva,20,8,separate-matchings,optimized,f128r3_b32r3,7,4.260732,0.09605999999999999,13.695344,18.052136,0.005490219521836669,3.8163916471489756e-17,1.6653345369377348e-16,7.159261686410626e-16,1,libsad_fusion_f128r3_b32r3_separate_matchings_6a54a88064.so,"[""-DSAD_FORWARD_BLOCK_THREADS=128"", ""-DSAD_FORWARD_REGISTER_BITS=3"", ""-DSAD_BLOCK_THREADS=32"", ""-DSAD_REGISTER_BITS=3"", ""-DSAD_XXZ_CROSS_MATCHING=0""]"
xxz-hva,20,8,separate-matchings,optimized,f128r3_b32r3,8,3.774457,0.093321,13.10854,16.976318,0.005490219521836669,3.8163916471489756e-17,1.6653345369377348e-16,7.159261686410626e-16,1,libsad_fusion_f128r3_b32r3_separate_matchings_6a54a88064.so,"[""-DSAD_FORWARD_BLOCK_THREADS=128"", ""-DSAD_FORWARD_REGISTER_BITS=3"", ""-DSAD_BLOCK_THREADS=32"", ""-DSAD_REGISTER_BITS=3"", ""-DSAD_XXZ_CROSS_MATCHING=0""]"
su2-hea,24,8,lookup-forward_phased-backward,optimized,f128r3_b64r4,6,27.231333,1.713552,147.27758,176.222465,-0.04539400221034759,6.938893903907228e-17,5.689893001203927e-16,1.7575094029309318e-15,1,libsad_fusion_f128r3_b64r4_lookup_forward_phased_backward_2210ed799a.so,"[""-DSAD_FORWARD_BLOCK_THREADS=128"", ""-DSAD_FORWARD_REGISTER_BITS=3"", ""-DSAD_BLOCK_THREADS=64"", ""-DSAD_REGISTER_BITS=4"", ""-DSAD_SU2_FORWARD_STRATEGY=1"", ""-DSAD_SU2_BACKWARD_STRATEGY=2""]"
su2-hea,24,8,lookup-forward_phased-backward,optimized,f128r3_b64r4,7,25.459259000000003,1.890882,150.937569,178.28770999999998,-0.04539400221034759,6.938893903907228e-17,5.689893001203927e-16,1.7575094029309318e-15,1,libsad_fusion_f128r3_b64r4_lookup_forward_phased_backward_2210ed799a.so,"[""-DSAD_FORWARD_BLOCK_THREADS=128"", ""-DSAD_FORWARD_REGISTER_BITS=3"", ""-DSAD_BLOCK_THREADS=64"", ""-DSAD_REGISTER_BITS=4"", ""-DSAD_SU2_FORWARD_STRATEGY=1"", ""-DSAD_SU2_BACKWARD_STRATEGY=2""]"
su2-hea,24,8,lookup-forward_phased-backward,optimized,f128r3_b64r4,8,27.021679,1.864901,147.877709,176.764289,-0.04539400221034759,6.938893903907228e-17,5.689893001203927e-16,1.7575094029309318e-15,1,libsad_fusion_f128r3_b64r4_lookup_forward_phased_backward_2210ed799a.so,"[""-DSAD_FORWARD_BLOCK_THREADS=128"", ""-DSAD_FORWARD_REGISTER_BITS=3"", ""-DSAD_BLOCK_THREADS=64"", ""-DSAD_REGISTER_BITS=4"", ""-DSAD_SU2_FORWARD_STRATEGY=1"", ""-DSAD_SU2_BACKWARD_STRATEGY=2""]"
qaoa,24,8,auto,optimized,f64r3_b64r4,6,30.175647,0.703303,79.309274,110.188224,-12.915965786262674,7.105427357601002e-15,5.684341886080802e-14,8.242761106115381e-14,1,libsad_fusion_f64r3_b64r4_auto_4869956e87.so,"[""-DSAD_FORWARD_BLOCK_THREADS=64"", ""-DSAD_FORWARD_REGISTER_BITS=3"", ""-DSAD_BLOCK_THREADS=64"", ""-DSAD_REGISTER_BITS=4"", ""-DSAD_QAOA_FUSE_COST_RX=-1"", ""-DSAD_QAOA_FUSED_BACKWARD=1""]"
qaoa,24,8,auto,optimized,f64r3_b64r4,7,29.621821999999998,0.9112159999999999,79.4129,109.945938,-12.915965786262674,7.105427357601002e-15,5.684341886080802e-14,8.242761106115381e-14,1,libsad_fusion_f64r3_b64r4_auto_4869956e87.so,"[""-DSAD_FORWARD_BLOCK_THREADS=64"", ""-DSAD_FORWARD_REGISTER_BITS=3"", ""-DSAD_BLOCK_THREADS=64"", ""-DSAD_REGISTER_BITS=4"", ""-DSAD_QAOA_FUSE_COST_RX=-1"", ""-DSAD_QAOA_FUSED_BACKWARD=1""]"
qaoa,24,8,auto,optimized,f64r3_b64r4,8,29.851055000000002,0.7069310000000001,79.06466400000001,109.62265000000002,-12.915965786262674,7.105427357601002e-15,5.684341886080802e-14,8.242761106115381e-14,1,libsad_fusion_f64r3_b64r4_auto_4869956e87.so,"[""-DSAD_FORWARD_BLOCK_THREADS=64"", ""-DSAD_FORWARD_REGISTER_BITS=3"", ""-DSAD_BLOCK_THREADS=64"", ""-DSAD_REGISTER_BITS=4"", ""-DSAD_QAOA_FUSE_COST_RX=-1"", ""-DSAD_QAOA_FUSED_BACKWARD=1""]"
ra-hea,26,8,complex-fused-backward,optimized,f64r4_b64r4,6,122.001948,11.678766999999999,323.48720199999997,457.167917,-0.14134595541889838,1.1102230246251565e-16,1.5265566588595902e-16,5.887698579695943e-16,1,libsad_fusion_f64r4_b64r4_complex_fused_backward_dfc4d7af68.so,"[""-DSAD_FORWARD_BLOCK_THREADS=64"", ""-DSAD_FORWARD_REGISTER_BITS=4"", ""-DSAD_BLOCK_THREADS=64"", ""-DSAD_REGISTER_BITS=4"", ""-DSAD_REAL_AMPLITUDE=0"", ""-DSAD_RA_FORWARD_FUSED=0"", ""-DSAD_RA_BACKWARD_FUSED=1""]"
ra-hea,26,8,complex-fused-backward,optimized,f64r4_b64r4,7,122.671599,11.568834,318.05472299999997,452.29515599999996,-0.14134595541889838,1.1102230246251565e-16,1.5265566588595902e-16,5.887698579695943e-16,1,libsad_fusion_f64r4_b64r4_complex_fused_backward_dfc4d7af68.so,"[""-DSAD_FORWARD_BLOCK_THREADS=64"", ""-DSAD_FORWARD_REGISTER_BITS=4"", ""-DSAD_BLOCK_THREADS=64"", ""-DSAD_REGISTER_BITS=4"", ""-DSAD_REAL_AMPLITUDE=0"", ""-DSAD_RA_FORWARD_FUSED=0"", ""-DSAD_RA_BACKWARD_FUSED=1""]"
ra-hea,26,8,complex-fused-backward,optimized,f64r4_b64r4,8,123.475984,10.953592,319.222559,453.652135,-0.14134595541889838,1.1102230246251565e-16,1.5265566588595902e-16,5.887698579695943e-16,1,libsad_fusion_f64r4_b64r4_complex_fused_backward_dfc4d7af68.so,"[""-DSAD_FORWARD_BLOCK_THREADS=64"", ""-DSAD_FORWARD_REGISTER_BITS=4"", ""-DSAD_BLOCK_THREADS=64"", ""-DSAD_REGISTER_BITS=4"", ""-DSAD_REAL_AMPLITUDE=0"", ""-DSAD_RA_FORWARD_FUSED=0"", ""-DSAD_RA_BACKWARD_FUSED=1""]"
rzz-hea,20,8,split-forward_split-backward,optimized,f128r2_b128r2,6,2.021508,0.101328,5.690443,7.813279,0.7166911626593795,1.4432899320127035e-15,1.5543122344752192e-15,6.529179332845403e-15,1,libsad_fusion_f128r2_b128r2_split_forward_split_backward_d6edb746ec.so,"[""-DSAD_RZZ_FORWARD_FUSED=0"", ""-DSAD_RZZ_BACKWARD_STRATEGY=0""]"
rzz-hea,20,8,split-forward_split-backward,optimized,f128r2_b128r2,7,2.0612909999999998,0.10189999999999999,5.659334,7.822525000000001,0.7166911626593795,1.4432899320127035e-15,1.5543122344752192e-15,6.529179332845403e-15,1,libsad_fusion_f128r2_b128r2_split_forward_split_backward_d6edb746ec.so,"[""-DSAD_RZZ_FORWARD_FUSED=0"", ""-DSAD_RZZ_BACKWARD_STRATEGY=0""]"
rzz-hea,20,8,split-forward_split-backward,optimized,f128r2_b128r2,8,1.949635,0.101997,5.533862,7.585494,0.7166911626593795,1.4432899320127035e-15,1.5543122344752192e-15,6.529179332845403e-15,1,libsad_fusion_f128r2_b128r2_split_forward_split_backward_d6edb746ec.so,"[""-DSAD_RZZ_FORWARD_FUSED=0"", ""-DSAD_RZZ_BACKWARD_STRATEGY=0""]"
rzz-hea,24,8,auto,optimized,f64r3_b64r4,6,31.547007,1.9963860000000002,112.298099,145.84149200000002,5.47152895078819,3.552713678800501e-15,3.774758283725532e-15,1.2984511762564464e-14,1,libsad_fusion_f64r3_b64r4_auto_9effb5b589.so,"[""-DSAD_FORWARD_BLOCK_THREADS=64"", ""-DSAD_FORWARD_REGISTER_BITS=3"", ""-DSAD_BLOCK_THREADS=64"", ""-DSAD_REGISTER_BITS=4""]"
rzz-hea,24,8,auto,optimized,f64r3_b64r4,7,30.44792,1.7835130000000001,111.237541,143.468974,5.47152895078819,3.552713678800501e-15,3.774758283725532e-15,1.2984511762564464e-14,1,libsad_fusion_f64r3_b64r4_auto_9effb5b589.so,"[""-DSAD_FORWARD_BLOCK_THREADS=64"", ""-DSAD_FORWARD_REGISTER_BITS=3"", ""-DSAD_BLOCK_THREADS=64"", ""-DSAD_REGISTER_BITS=4""]"
rzz-hea,24,8,auto,optimized,f64r3_b64r4,8,30.10594,1.744008,112.157897,144.00784500000003,5.47152895078819,3.552713678800501e-15,3.774758283725532e-15,1.2984511762564464e-14,1,libsad_fusion_f64r3_b64r4_auto_9effb5b589.so,"[""-DSAD_FORWARD_BLOCK_THREADS=64"", ""-DSAD_FORWARD_REGISTER_BITS=3"", ""-DSAD_BLOCK_THREADS=64"", ""-DSAD_REGISTER_BITS=4""]"
qaoa,20,8,fused-forward,optimized,f128r2_b128r2,6,1.560924,0.18468099999999998,4.432334,6.177938999999999,-10.763304821885576,7.105427357601002e-15,7.105427357601002e-15,9.844742646579835e-15,1,libsad_fusion_f128r2_b128r2_fused_forward_cd039849db.so,"[""-DSAD_QAOA_FUSE_COST_RX=1"", ""-DSAD_QAOA_FUSED_BACKWARD=0""]"
qaoa,20,8,fused-forward,optimized,f128r2_b128r2,7,1.4625409999999999,0.035505,4.3417639999999995,5.839809999999999,-10.763304821885576,7.105427357601002e-15,7.105427357601002e-15,9.844742646579835e-15,1,libsad_fusion_f128r2_b128r2_fused_forward_cd039849db.so,"[""-DSAD_QAOA_FUSE_COST_RX=1"", ""-DSAD_QAOA_FUSED_BACKWARD=0""]"
qaoa,20,8,fused-forward,optimized,f128r2_b128r2,8,1.473181,0.03641,4.364065,5.873656,-10.763304821885576,7.105427357601002e-15,7.105427357601002e-15,9.844742646579835e-15,1,libsad_fusion_f128r2_b128r2_fused_forward_cd039849db.so,"[""-DSAD_QAOA_FUSE_COST_RX=1"", ""-DSAD_QAOA_FUSED_BACKWARD=0""]"
su2-hea,26,8,phased-forward_lookup-backward,optimized,f128r3_b64r4,6,174.16968699999998,10.931491999999999,440.615092,625.7162709999999,-0.15118700614836497,2.7755575615628914e-17,1.8735013540549517e-15,4.1530534321446115e-15,1,libsad_fusion_f128r3_b64r4_phased_forward_lookup_backward_7df21f009d.so,"[""-DSAD_FORWARD_BLOCK_THREADS=128"", ""-DSAD_FORWARD_REGISTER_BITS=3"", ""-DSAD_BLOCK_THREADS=64"", ""-DSAD_REGISTER_BITS=4"", ""-DSAD_SU2_FORWARD_STRATEGY=2"", ""-DSAD_SU2_BACKWARD_STRATEGY=1""]"
su2-hea,26,8,phased-forward_lookup-backward,optimized,f128r3_b64r4,7,175.617157,10.057386,445.682712,631.3572549999999,-0.15118700614836497,2.7755575615628914e-17,1.8735013540549517e-15,4.1530534321446115e-15,1,libsad_fusion_f128r3_b64r4_phased_forward_lookup_backward_7df21f009d.so,"[""-DSAD_FORWARD_BLOCK_THREADS=128"", ""-DSAD_FORWARD_REGISTER_BITS=3"", ""-DSAD_BLOCK_THREADS=64"", ""-DSAD_REGISTER_BITS=4"", ""-DSAD_SU2_FORWARD_STRATEGY=2"", ""-DSAD_SU2_BACKWARD_STRATEGY=1""]"
su2-hea,26,8,phased-forward_lookup-backward,optimized,f128r3_b64r4,8,174.734196,12.091998,444.779153,631.605347,-0.15118700614836497,2.7755575615628914e-17,1.8735013540549517e-15,4.1530534321446115e-15,1,libsad_fusion_f128r3_b64r4_phased_forward_lookup_backward_7df21f009d.so,"[""-DSAD_FORWARD_BLOCK_THREADS=128"", ""-DSAD_FORWARD_REGISTER_BITS=3"", ""-DSAD_BLOCK_THREADS=64"", ""-DSAD_REGISTER_BITS=4"", ""-DSAD_SU2_FORWARD_STRATEGY=2"", ""-DSAD_SU2_BACKWARD_STRATEGY=1""]"
xxz-hva,20,8,cross-matching,optimized,f128r3_b32r3,6,3.827969,0.325104,12.850295,17.003368,0.005490219521836728,9.71445146547012e-17,4.579669976578771e-16,1.5603351488892362e-15,1,libsad_fusion_f128r3_b32r3_cross_matching_448a98da88.so,"[""-DSAD_FORWARD_BLOCK_THREADS=128"", ""-DSAD_FORWARD_REGISTER_BITS=3"", ""-DSAD_BLOCK_THREADS=32"", ""-DSAD_REGISTER_BITS=3"", ""-DSAD_XXZ_CROSS_MATCHING=1""]"
xxz-hva,20,8,cross-matching,optimized,f128r3_b32r3,7,4.247908,0.24220399999999997,12.750993000000001,17.241105,0.005490219521836728,9.71445146547012e-17,4.579669976578771e-16,1.5603351488892362e-15,1,libsad_fusion_f128r3_b32r3_cross_matching_448a98da88.so,"[""-DSAD_FORWARD_BLOCK_THREADS=128"", ""-DSAD_FORWARD_REGISTER_BITS=3"", ""-DSAD_BLOCK_THREADS=32"", ""-DSAD_REGISTER_BITS=3"", ""-DSAD_XXZ_CROSS_MATCHING=1""]"
xxz-hva,20,8,cross-matching,optimized,f128r3_b32r3,8,4.570678,0.244438,12.781578999999999,17.596695,0.005490219521836728,9.71445146547012e-17,4.579669976578771e-16,1.5603351488892362e-15,1,libsad_fusion_f128r3_b32r3_cross_matching_448a98da88.so,"[""-DSAD_FORWARD_BLOCK_THREADS=128"", ""-DSAD_FORWARD_REGISTER_BITS=3"", ""-DSAD_BLOCK_THREADS=32"", ""-DSAD_REGISTER_BITS=3"", ""-DSAD_XXZ_CROSS_MATCHING=1""]"
su2-hea,20,8,split-forward_phased-backward,optimized,f128r3_b64r4,6,1.689045,0.094113,7.565849,9.349007,-0.12535282831387864,2.220446049250313e-16,3.859759734048396e-16,1.4215460254841988e-15,1,libsad_fusion_f128r3_b64r4_split_forward_phased_backward_a3372de662.so,"[""-DSAD_FORWARD_BLOCK_THREADS=128"", ""-DSAD_FORWARD_REGISTER_BITS=3"", ""-DSAD_BLOCK_THREADS=64"", ""-DSAD_REGISTER_BITS=4"", ""-DSAD_SU2_FORWARD_STRATEGY=0"", ""-DSAD_SU2_BACKWARD_STRATEGY=2""]"
su2-hea,20,8,split-forward_phased-backward,optimized,f128r3_b64r4,7,1.549216,0.101477,8.481624,10.132317,-0.12535282831387864,2.220446049250313e-16,3.859759734048396e-16,1.4215460254841988e-15,1,libsad_fusion_f128r3_b64r4_split_forward_phased_backward_a3372de662.so,"[""-DSAD_FORWARD_BLOCK_THREADS=128"", ""-DSAD_FORWARD_REGISTER_BITS=3"", ""-DSAD_BLOCK_THREADS=64"", ""-DSAD_REGISTER_BITS=4"", ""-DSAD_SU2_FORWARD_STRATEGY=0"", ""-DSAD_SU2_BACKWARD_STRATEGY=2""]"
su2-hea,20,8,split-forward_phased-backward,optimized,f128r3_b64r4,8,1.5519500000000002,0.093671,8.387475,10.033096,-0.12535282831387864,2.220446049250313e-16,3.859759734048396e-16,1.4215460254841988e-15,1,libsad_fusion_f128r3_b64r4_split_forward_phased_backward_a3372de662.so,"[""-DSAD_FORWARD_BLOCK_THREADS=128"", ""-DSAD_FORWARD_REGISTER_BITS=3"", ""-DSAD_BLOCK_THREADS=64"", ""-DSAD_REGISTER_BITS=4"", ""-DSAD_SU2_FORWARD_STRATEGY=0"", ""-DSAD_SU2_BACKWARD_STRATEGY=2""]"
ra-hea,26,8,complex-split,optimized,f64r4_b64r4,6,121.2226,11.713076,360.858447,493.794123,-0.14134595541889844,5.551115123125783e-17,1.6653345369377348e-16,6.410959322258744e-16,1,libsad_fusion_f64r4_b64r4_complex_split_66498fcdfe.so,"[""-DSAD_FORWARD_BLOCK_THREADS=64"", ""-DSAD_FORWARD_REGISTER_BITS=4"", ""-DSAD_BLOCK_THREADS=64"", ""-DSAD_REGISTER_BITS=4"", ""-DSAD_REAL_AMPLITUDE=0"", ""-DSAD_RA_FORWARD_FUSED=0"", ""-DSAD_RA_BACKWARD_FUSED=0""]"
ra-hea,26,8,complex-split,optimized,f64r4_b64r4,7,123.080846,11.237372,365.321805,499.640023,-0.14134595541889844,5.551115123125783e-17,1.6653345369377348e-16,6.410959322258744e-16,1,libsad_fusion_f64r4_b64r4_complex_split_66498fcdfe.so,"[""-DSAD_FORWARD_BLOCK_THREADS=64"", ""-DSAD_FORWARD_REGISTER_BITS=4"", ""-DSAD_BLOCK_THREADS=64"", ""-DSAD_REGISTER_BITS=4"", ""-DSAD_REAL_AMPLITUDE=0"", ""-DSAD_RA_FORWARD_FUSED=0"", ""-DSAD_RA_BACKWARD_FUSED=0""]"
ra-hea,26,8,complex-split,optimized,f64r4_b64r4,8,121.599816,11.795698,363.690864,497.08637799999997,-0.14134595541889844,5.551115123125783e-17,1.6653345369377348e-16,6.410959322258744e-16,1,libsad_fusion_f64r4_b64r4_complex_split_66498fcdfe.so,"[""-DSAD_FORWARD_BLOCK_THREADS=64"", ""-DSAD_FORWARD_REGISTER_BITS=4"", ""-DSAD_BLOCK_THREADS=64"", ""-DSAD_REGISTER_BITS=4"", ""-DSAD_REAL_AMPLITUDE=0"", ""-DSAD_RA_FORWARD_FUSED=0"", ""-DSAD_RA_BACKWARD_FUSED=0""]"
qaoa,24,8,split-both,optimized,f64r3_b64r4,6,31.36054,0.970899,82.992287,115.323726,-12.915965786262678,3.552713678800501e-15,1.7763568394002505e-14,2.859400899500884e-14,1,libsad_fusion_f64r3_b64r4_split_both_00cc3cdfca.so,"[""-DSAD_FORWARD_BLOCK_THREADS=64"", ""-DSAD_FORWARD_REGISTER_BITS=3"", ""-DSAD_BLOCK_THREADS=64"", ""-DSAD_REGISTER_BITS=4"", ""-DSAD_QAOA_FUSE_COST_RX=0"", ""-DSAD_QAOA_FUSED_BACKWARD=0""]"
qaoa,24,8,split-both,optimized,f64r3_b64r4,7,29.480857999999998,0.844645,81.024746,111.350249,-12.915965786262678,3.552713678800501e-15,1.7763568394002505e-14,2.859400899500884e-14,1,libsad_fusion_f64r3_b64r4_split_both_00cc3cdfca.so,"[""-DSAD_FORWARD_BLOCK_THREADS=64"", ""-DSAD_FORWARD_REGISTER_BITS=3"", ""-DSAD_BLOCK_THREADS=64"", ""-DSAD_REGISTER_BITS=4"", ""-DSAD_QAOA_FUSE_COST_RX=0"", ""-DSAD_QAOA_FUSED_BACKWARD=0""]"
qaoa,24,8,split-both,optimized,f64r3_b64r4,8,30.326909999999998,0.7032320000000001,82.29988200000001,113.330024,-12.915965786262678,3.552713678800501e-15,1.7763568394002505e-14,2.859400899500884e-14,1,libsad_fusion_f64r3_b64r4_split_both_00cc3cdfca.so,"[""-DSAD_FORWARD_BLOCK_THREADS=64"", ""-DSAD_FORWARD_REGISTER_BITS=3"", ""-DSAD_BLOCK_THREADS=64"", ""-DSAD_REGISTER_BITS=4"", ""-DSAD_QAOA_FUSE_COST_RX=0"", ""-DSAD_QAOA_FUSED_BACKWARD=0""]"
su2-hea,26,8,lookup-forward_phased-backward,optimized,f128r3_b64r4,6,119.488686,11.211203,647.487482,778.1873709999999,-0.15118700614836492,8.326672684688674e-17,1.9567680809018384e-15,4.048042335247223e-15,1,libsad_fusion_f128r3_b64r4_lookup_forward_phased_backward_2210ed799a.so,"[""-DSAD_FORWARD_BLOCK_THREADS=128"", ""-DSAD_FORWARD_REGISTER_BITS=3"", ""-DSAD_BLOCK_THREADS=64"", ""-DSAD_REGISTER_BITS=4"", ""-DSAD_SU2_FORWARD_STRATEGY=1"", ""-DSAD_SU2_BACKWARD_STRATEGY=2""]"
su2-hea,26,8,lookup-forward_phased-backward,optimized,f128r3_b64r4,7,117.503487,11.445412000000001,647.867353,776.816252,-0.15118700614836492,8.326672684688674e-17,1.9567680809018384e-15,4.048042335247223e-15,1,libsad_fusion_f128r3_b64r4_lookup_forward_phased_backward_2210ed799a.so,"[""-DSAD_FORWARD_BLOCK_THREADS=128"", ""-DSAD_FORWARD_REGISTER_BITS=3"", ""-DSAD_BLOCK_THREADS=64"", ""-DSAD_REGISTER_BITS=4"", ""-DSAD_SU2_FORWARD_STRATEGY=1"", ""-DSAD_SU2_BACKWARD_STRATEGY=2""]"
su2-hea,26,8,lookup-forward_phased-backward,optimized,f128r3_b64r4,8,117.277384,11.917788,637.761928,766.9571,-0.15118700614836492,8.326672684688674e-17,1.9567680809018384e-15,4.048042335247223e-15,1,libsad_fusion_f128r3_b64r4_lookup_forward_phased_backward_2210ed799a.so,"[""-DSAD_FORWARD_BLOCK_THREADS=128"", ""-DSAD_FORWARD_REGISTER_BITS=3"", ""-DSAD_BLOCK_THREADS=64"", ""-DSAD_REGISTER_BITS=4"", ""-DSAD_SU2_FORWARD_STRATEGY=1"", ""-DSAD_SU2_BACKWARD_STRATEGY=2""]"
su2-hea,26,8,auto,optimized,f128r3_b64r4,6,117.204609,12.14853,442.43457800000004,571.787717,-0.1511870061483651,1.1102230246251565e-16,1.8041124150158794e-15,3.894055199696587e-15,1,libsad_fusion_f128r3_b64r4_auto_a330c9365c.so,"[""-DSAD_FORWARD_BLOCK_THREADS=128"", ""-DSAD_FORWARD_REGISTER_BITS=3"", ""-DSAD_BLOCK_THREADS=64"", ""-DSAD_REGISTER_BITS=4""]"
su2-hea,26,8,auto,optimized,f128r3_b64r4,7,120.224096,12.37726,445.306988,577.908344,-0.1511870061483651,1.1102230246251565e-16,1.8041124150158794e-15,3.894055199696587e-15,1,libsad_fusion_f128r3_b64r4_auto_a330c9365c.so,"[""-DSAD_FORWARD_BLOCK_THREADS=128"", ""-DSAD_FORWARD_REGISTER_BITS=3"", ""-DSAD_BLOCK_THREADS=64"", ""-DSAD_REGISTER_BITS=4""]"
su2-hea,26,8,auto,optimized,f128r3_b64r4,8,117.513672,11.978352,444.605177,574.097201,-0.1511870061483651,1.1102230246251565e-16,1.8041124150158794e-15,3.894055199696587e-15,1,libsad_fusion_f128r3_b64r4_auto_a330c9365c.so,"[""-DSAD_FORWARD_BLOCK_THREADS=128"", ""-DSAD_FORWARD_REGISTER_BITS=3"", ""-DSAD_BLOCK_THREADS=64"", ""-DSAD_REGISTER_BITS=4""]"
ra-hea,24,8,complex-fused-forward,optimized,f64r4_b64r4,6,25.691418000000002,1.686989,79.91466799999999,107.29307499999999,0.20868817063305523,1.1102230246251565e-16,1.3877787807814457e-16,5.46782300243015e-16,1,libsad_fusion_f64r4_b64r4_complex_fused_forward_4fbad961c2.so,"[""-DSAD_FORWARD_BLOCK_THREADS=64"", ""-DSAD_FORWARD_REGISTER_BITS=4"", ""-DSAD_BLOCK_THREADS=64"", ""-DSAD_REGISTER_BITS=4"", ""-DSAD_REAL_AMPLITUDE=0"", ""-DSAD_RA_FORWARD_FUSED=1"", ""-DSAD_RA_BACKWARD_FUSED=0""]"
ra-hea,24,8,complex-fused-forward,optimized,f64r4_b64r4,7,26.013993,1.843626,78.432436,106.290055,0.20868817063305523,1.1102230246251565e-16,1.3877787807814457e-16,5.46782300243015e-16,1,libsad_fusion_f64r4_b64r4_complex_fused_forward_4fbad961c2.so,"[""-DSAD_FORWARD_BLOCK_THREADS=64"", ""-DSAD_FORWARD_REGISTER_BITS=4"", ""-DSAD_BLOCK_THREADS=64"", ""-DSAD_REGISTER_BITS=4"", ""-DSAD_REAL_AMPLITUDE=0"", ""-DSAD_RA_FORWARD_FUSED=1"", ""-DSAD_RA_BACKWARD_FUSED=0""]"
ra-hea,24,8,complex-fused-forward,optimized,f64r4_b64r4,8,26.119595,1.843107,81.160704,109.123406,0.20868817063305523,1.1102230246251565e-16,1.3877787807814457e-16,5.46782300243015e-16,1,libsad_fusion_f64r4_b64r4_complex_fused_forward_4fbad961c2.so,"[""-DSAD_FORWARD_BLOCK_THREADS=64"", ""-DSAD_FORWARD_REGISTER_BITS=4"", ""-DSAD_BLOCK_THREADS=64"", ""-DSAD_REGISTER_BITS=4"", ""-DSAD_REAL_AMPLITUDE=0"", ""-DSAD_RA_FORWARD_FUSED=1"", ""-DSAD_RA_BACKWARD_FUSED=0""]"
qaoa,26,8,fused-backward,optimized,f64r4_b128r3,6,137.923643,3.50062,319.136925,460.561188,-13.99229626845123,0.0,7.993605777301127e-14,1.07051985020324e-13,1,libsad_fusion_f64r4_b128r3_fused_backward_341a4da1d1.so,"[""-DSAD_FORWARD_BLOCK_THREADS=64"", ""-DSAD_FORWARD_REGISTER_BITS=4"", ""-DSAD_BLOCK_THREADS=128"", ""-DSAD_REGISTER_BITS=3"", ""-DSAD_QAOA_FUSE_COST_RX=0"", ""-DSAD_QAOA_FUSED_BACKWARD=2""]"
qaoa,26,8,fused-backward,optimized,f64r4_b128r3,7,139.151303,3.489658,319.766023,462.406984,-13.99229626845123,0.0,7.993605777301127e-14,1.07051985020324e-13,1,libsad_fusion_f64r4_b128r3_fused_backward_341a4da1d1.so,"[""-DSAD_FORWARD_BLOCK_THREADS=64"", ""-DSAD_FORWARD_REGISTER_BITS=4"", ""-DSAD_BLOCK_THREADS=128"", ""-DSAD_REGISTER_BITS=3"", ""-DSAD_QAOA_FUSE_COST_RX=0"", ""-DSAD_QAOA_FUSED_BACKWARD=2""]"
qaoa,26,8,fused-backward,optimized,f64r4_b128r3,8,138.734655,3.330573,319.61895499999997,461.684183,-13.99229626845123,0.0,7.993605777301127e-14,1.07051985020324e-13,1,libsad_fusion_f64r4_b128r3_fused_backward_341a4da1d1.so,"[""-DSAD_FORWARD_BLOCK_THREADS=64"", ""-DSAD_FORWARD_REGISTER_BITS=4"", ""-DSAD_BLOCK_THREADS=128"", ""-DSAD_REGISTER_BITS=3"", ""-DSAD_QAOA_FUSE_COST_RX=0"", ""-DSAD_QAOA_FUSED_BACKWARD=2""]"
rzz-hea,24,8,fused-forward_split-backward,optimized,f64r3_b64r4,6,30.436967,1.746369,108.831896,141.015232,5.471528950788188,1.7763568394002505e-15,2.886579864025407e-15,9.676358954007437e-15,1,libsad_fusion_f64r3_b64r4_fused_forward_split_backward_6ffde65f39.so,"[""-DSAD_FORWARD_BLOCK_THREADS=64"", ""-DSAD_FORWARD_REGISTER_BITS=3"", ""-DSAD_BLOCK_THREADS=64"", ""-DSAD_REGISTER_BITS=4"", ""-DSAD_RZZ_FORWARD_FUSED=1"", ""-DSAD_RZZ_BACKWARD_STRATEGY=0""]"
rzz-hea,24,8,fused-forward_split-backward,optimized,f64r3_b64r4,7,30.92696,1.7977500000000002,109.40920799999999,142.133918,5.471528950788188,1.7763568394002505e-15,2.886579864025407e-15,9.676358954007437e-15,1,libsad_fusion_f64r3_b64r4_fused_forward_split_backward_6ffde65f39.so,"[""-DSAD_FORWARD_BLOCK_THREADS=64"", ""-DSAD_FORWARD_REGISTER_BITS=3"", ""-DSAD_BLOCK_THREADS=64"", ""-DSAD_REGISTER_BITS=4"", ""-DSAD_RZZ_FORWARD_FUSED=1"", ""-DSAD_RZZ_BACKWARD_STRATEGY=0""]"
rzz-hea,24,8,fused-forward_split-backward,optimized,f64r3_b64r4,8,31.336203,1.907806,109.547241,142.79125000000002,5.471528950788188,1.7763568394002505e-15,2.886579864025407e-15,9.676358954007437e-15,1,libsad_fusion_f64r3_b64r4_fused_forward_split_backward_6ffde65f39.so,"[""-DSAD_FORWARD_BLOCK_THREADS=64"", ""-DSAD_FORWARD_REGISTER_BITS=3"", ""-DSAD_BLOCK_THREADS=64"", ""-DSAD_REGISTER_BITS=4"", ""-DSAD_RZZ_FORWARD_FUSED=1"", ""-DSAD_RZZ_BACKWARD_STRATEGY=0""]"
su2-hea,24,8,phased-forward_phased-backward,optimized,f128r3_b64r4,6,38.745732,1.871043,146.790056,187.40683099999998,-0.0453940022103476,8.326672684688674e-17,6.522560269672795e-16,1.865491027537435e-15,1,libsad_fusion_f128r3_b64r4_phased_forward_phased_backward_4896db51e9.so,"[""-DSAD_FORWARD_BLOCK_THREADS=128"", ""-DSAD_FORWARD_REGISTER_BITS=3"", ""-DSAD_BLOCK_THREADS=64"", ""-DSAD_REGISTER_BITS=4"", ""-DSAD_SU2_FORWARD_STRATEGY=2"", ""-DSAD_SU2_BACKWARD_STRATEGY=2""]"
su2-hea,24,8,phased-forward_phased-backward,optimized,f128r3_b64r4,7,40.680356,2.004954,149.300749,191.986059,-0.0453940022103476,8.326672684688674e-17,6.522560269672795e-16,1.865491027537435e-15,1,libsad_fusion_f128r3_b64r4_phased_forward_phased_backward_4896db51e9.so,"[""-DSAD_FORWARD_BLOCK_THREADS=128"", ""-DSAD_FORWARD_REGISTER_BITS=3"", ""-DSAD_BLOCK_THREADS=64"", ""-DSAD_REGISTER_BITS=4"", ""-DSAD_SU2_FORWARD_STRATEGY=2"", ""-DSAD_SU2_BACKWARD_STRATEGY=2""]"
su2-hea,24,8,phased-forward_phased-backward,optimized,f128r3_b64r4,8,40.605495999999995,1.746375,148.908731,191.260602,-0.0453940022103476,8.326672684688674e-17,6.522560269672795e-16,1.865491027537435e-15,1,libsad_fusion_f128r3_b64r4_phased_forward_phased_backward_4896db51e9.so,"[""-DSAD_FORWARD_BLOCK_THREADS=128"", ""-DSAD_FORWARD_REGISTER_BITS=3"", ""-DSAD_BLOCK_THREADS=64"", ""-DSAD_REGISTER_BITS=4"", ""-DSAD_SU2_FORWARD_STRATEGY=2"", ""-DSAD_SU2_BACKWARD_STRATEGY=2""]"
rzz-hea,20,8,fused-forward_split-backward,optimized,f128r2_b128r2,6,1.642771,0.093873,6.042224,7.778867999999999,0.7166911626593798,1.7763568394002505e-15,1.4432899320127035e-15,7.141194161099784e-15,1,libsad_fusion_f128r2_b128r2_fused_forward_split_backward_1714f0e737.so,"[""-DSAD_RZZ_FORWARD_FUSED=1"", ""-DSAD_RZZ_BACKWARD_STRATEGY=0""]"
rzz-hea,20,8,fused-forward_split-backward,optimized,f128r2_b128r2,7,1.888441,0.34270999999999996,5.509375,7.740526,0.7166911626593798,1.7763568394002505e-15,1.4432899320127035e-15,7.141194161099784e-15,1,libsad_fusion_f128r2_b128r2_fused_forward_split_backward_1714f0e737.so,"[""-DSAD_RZZ_FORWARD_FUSED=1"", ""-DSAD_RZZ_BACKWARD_STRATEGY=0""]"
rzz-hea,20,8,fused-forward_split-backward,optimized,f128r2_b128r2,8,1.951656,0.24088199999999999,5.8728419999999995,8.065380000000001,0.7166911626593798,1.7763568394002505e-15,1.4432899320127035e-15,7.141194161099784e-15,1,libsad_fusion_f128r2_b128r2_fused_forward_split_backward_1714f0e737.so,"[""-DSAD_RZZ_FORWARD_FUSED=1"", ""-DSAD_RZZ_BACKWARD_STRATEGY=0""]"
rzz-hea,26,8,auto,optimized,f64r4_b128r3,6,155.897914,11.534736,502.764469,670.197119,2.388045350740532,4.440892098500626e-16,1.2656542480726785e-14,5.369117058934157e-14,1,libsad_fusion_f64r4_b128r3_auto_3fefadc5a9.so,"[""-DSAD_FORWARD_BLOCK_THREADS=64"", ""-DSAD_FORWARD_REGISTER_BITS=4"", ""-DSAD_BLOCK_THREADS=128"", ""-DSAD_REGISTER_BITS=3""]"
rzz-hea,26,8,auto,optimized,f64r4_b128r3,7,155.24568299999999,11.078984,498.374126,664.6987929999999,2.388045350740532,4.440892098500626e-16,1.2656542480726785e-14,5.369117058934157e-14,1,libsad_fusion_f64r4_b128r3_auto_3fefadc5a9.so,"[""-DSAD_FORWARD_BLOCK_THREADS=64"", ""-DSAD_FORWARD_REGISTER_BITS=4"", ""-DSAD_BLOCK_THREADS=128"", ""-DSAD_REGISTER_BITS=3""]"
rzz-hea,26,8,auto,optimized,f64r4_b128r3,8,157.820989,11.649706,504.85207899999995,674.322774,2.388045350740532,4.440892098500626e-16,1.2656542480726785e-14,5.369117058934157e-14,1,libsad_fusion_f64r4_b128r3_auto_3fefadc5a9.so,"[""-DSAD_FORWARD_BLOCK_THREADS=64"", ""-DSAD_FORWARD_REGISTER_BITS=4"", ""-DSAD_BLOCK_THREADS=128"", ""-DSAD_REGISTER_BITS=3""]"
ra-hea,20,8,complex-split,optimized,f64r4_b64r4,6,1.716437,0.394596,4.17401,6.285043,0.03372766511438081,4.163336342344337e-17,2.220446049250313e-16,5.179675202155076e-16,1,libsad_fusion_f64r4_b64r4_complex_split_66498fcdfe.so,"[""-DSAD_FORWARD_BLOCK_THREADS=64"", ""-DSAD_FORWARD_REGISTER_BITS=4"", ""-DSAD_BLOCK_THREADS=64"", ""-DSAD_REGISTER_BITS=4"", ""-DSAD_REAL_AMPLITUDE=0"", ""-DSAD_RA_FORWARD_FUSED=0"", ""-DSAD_RA_BACKWARD_FUSED=0""]"
ra-hea,20,8,complex-split,optimized,f64r4_b64r4,7,1.467163,0.344316,4.253065,6.064544,0.03372766511438081,4.163336342344337e-17,2.220446049250313e-16,5.179675202155076e-16,1,libsad_fusion_f64r4_b64r4_complex_split_66498fcdfe.so,"[""-DSAD_FORWARD_BLOCK_THREADS=64"", ""-DSAD_FORWARD_REGISTER_BITS=4"", ""-DSAD_BLOCK_THREADS=64"", ""-DSAD_REGISTER_BITS=4"", ""-DSAD_REAL_AMPLITUDE=0"", ""-DSAD_RA_FORWARD_FUSED=0"", ""-DSAD_RA_BACKWARD_FUSED=0""]"
ra-hea,20,8,complex-split,optimized,f64r4_b64r4,8,1.4423210000000002,0.094262,4.354106,5.890689,0.03372766511438081,4.163336342344337e-17,2.220446049250313e-16,5.179675202155076e-16,1,libsad_fusion_f64r4_b64r4_complex_split_66498fcdfe.so,"[""-DSAD_FORWARD_BLOCK_THREADS=64"", ""-DSAD_FORWARD_REGISTER_BITS=4"", ""-DSAD_BLOCK_THREADS=64"", ""-DSAD_REGISTER_BITS=4"", ""-DSAD_REAL_AMPLITUDE=0"", ""-DSAD_RA_FORWARD_FUSED=0"", ""-DSAD_RA_BACKWARD_FUSED=0""]"
su2-hea,20,8,split-forward_lookup-backward,optimized,f128r3_b64r4,6,1.549436,0.093803,5.431619,7.074858,-0.12535282831387853,1.1102230246251565e-16,2.498001805406602e-16,6.030662393825167e-16,1,libsad_fusion_f128r3_b64r4_split_forward_lookup_backward_14001066e2.so,"[""-DSAD_FORWARD_BLOCK_THREADS=128"", ""-DSAD_FORWARD_REGISTER_BITS=3"", ""-DSAD_BLOCK_THREADS=64"", ""-DSAD_REGISTER_BITS=4"", ""-DSAD_SU2_FORWARD_STRATEGY=0"", ""-DSAD_SU2_BACKWARD_STRATEGY=1""]"
su2-hea,20,8,split-forward_lookup-backward,optimized,f128r3_b64r4,7,1.6877170000000001,0.259814,6.1835450000000005,8.131076,-0.12535282831387853,1.1102230246251565e-16,2.498001805406602e-16,6.030662393825167e-16,1,libsad_fusion_f128r3_b64r4_split_forward_lookup_backward_14001066e2.so,"[""-DSAD_FORWARD_BLOCK_THREADS=128"", ""-DSAD_FORWARD_REGISTER_BITS=3"", ""-DSAD_BLOCK_THREADS=64"", ""-DSAD_REGISTER_BITS=4"", ""-DSAD_SU2_FORWARD_STRATEGY=0"", ""-DSAD_SU2_BACKWARD_STRATEGY=1""]"
su2-hea,20,8,split-forward_lookup-backward,optimized,f128r3_b64r4,8,1.786141,0.094542,5.208876,7.089559,-0.12535282831387853,1.1102230246251565e-16,2.498001805406602e-16,6.030662393825167e-16,1,libsad_fusion_f128r3_b64r4_split_forward_lookup_backward_14001066e2.so,"[""-DSAD_FORWARD_BLOCK_THREADS=128"", ""-DSAD_FORWARD_REGISTER_BITS=3"", ""-DSAD_BLOCK_THREADS=64"", ""-DSAD_REGISTER_BITS=4"", ""-DSAD_SU2_FORWARD_STRATEGY=0"", ""-DSAD_SU2_BACKWARD_STRATEGY=1""]"
su2-hea,26,8,lookup-forward_lookup-backward,optimized,f128r3_b64r4,6,122.131913,11.357744,448.453062,581.9427189999999,-0.1511870061483652,1.942890293094024e-16,1.762479051592436e-15,3.859062955198898e-15,1,libsad_fusion_f128r3_b64r4_lookup_forward_lookup_backward_7b8f8fcfcf.so,"[""-DSAD_FORWARD_BLOCK_THREADS=128"", ""-DSAD_FORWARD_REGISTER_BITS=3"", ""-DSAD_BLOCK_THREADS=64"", ""-DSAD_REGISTER_BITS=4"", ""-DSAD_SU2_FORWARD_STRATEGY=1"", ""-DSAD_SU2_BACKWARD_STRATEGY=1""]"
su2-hea,26,8,lookup-forward_lookup-backward,optimized,f128r3_b64r4,7,121.10604,12.021431000000002,447.097104,580.2245750000001,-0.1511870061483652,1.942890293094024e-16,1.762479051592436e-15,3.859062955198898e-15,1,libsad_fusion_f128r3_b64r4_lookup_forward_lookup_backward_7b8f8fcfcf.so,"[""-DSAD_FORWARD_BLOCK_THREADS=128"", ""-DSAD_FORWARD_REGISTER_BITS=3"", ""-DSAD_BLOCK_THREADS=64"", ""-DSAD_REGISTER_BITS=4"", ""-DSAD_SU2_FORWARD_STRATEGY=1"", ""-DSAD_SU2_BACKWARD_STRATEGY=1""]"
su2-hea,26,8,lookup-forward_lookup-backward,optimized,f128r3_b64r4,8,121.379253,11.252445,443.662489,576.294187,-0.1511870061483652,1.942890293094024e-16,1.762479051592436e-15,3.859062955198898e-15,1,libsad_fusion_f128r3_b64r4_lookup_forward_lookup_backward_7b8f8fcfcf.so,"[""-DSAD_FORWARD_BLOCK_THREADS=128"", ""-DSAD_FORWARD_REGISTER_BITS=3"", ""-DSAD_BLOCK_THREADS=64"", ""-DSAD_REGISTER_BITS=4"", ""-DSAD_SU2_FORWARD_STRATEGY=1"", ""-DSAD_SU2_BACKWARD_STRATEGY=1""]"
qaoa,20,8,fused-both,optimized,f128r2_b128r2,6,1.3134839999999999,0.036132,3.866246,5.2158619999999996,-10.763304821885582,1.7763568394002505e-15,4.440892098500626e-15,9.536292320918532e-15,1,libsad_fusion_f128r2_b128r2_fused_both_0013ed2463.so,"[""-DSAD_QAOA_FUSE_COST_RX=1"", ""-DSAD_QAOA_FUSED_BACKWARD=2""]"
qaoa,20,8,fused-both,optimized,f128r2_b128r2,7,1.314462,0.036143999999999996,3.85927,5.209876,-10.763304821885582,1.7763568394002505e-15,4.440892098500626e-15,9.536292320918532e-15,1,libsad_fusion_f128r2_b128r2_fused_both_0013ed2463.so,"[""-DSAD_QAOA_FUSE_COST_RX=1"", ""-DSAD_QAOA_FUSED_BACKWARD=2""]"
qaoa,20,8,fused-both,optimized,f128r2_b128r2,8,1.435493,0.201149,4.283547,5.920189000000001,-10.763304821885582,1.7763568394002505e-15,4.440892098500626e-15,9.536292320918532e-15,1,libsad_fusion_f128r2_b128r2_fused_both_0013ed2463.so,"[""-DSAD_QAOA_FUSE_COST_RX=1"", ""-DSAD_QAOA_FUSED_BACKWARD=2""]"
su2-hea,26,8,phased-forward_split-backward,optimized,f128r3_b64r4,6,174.44965100000002,11.685722,428.531222,614.666595,-0.15118700614836497,2.7755575615628914e-17,2.636779683484747e-16,1.120302290813934e-15,1,libsad_fusion_f128r3_b64r4_phased_forward_split_backward_2a4d35d553.so,"[""-DSAD_FORWARD_BLOCK_THREADS=128"", ""-DSAD_FORWARD_REGISTER_BITS=3"", ""-DSAD_BLOCK_THREADS=64"", ""-DSAD_REGISTER_BITS=4"", ""-DSAD_SU2_FORWARD_STRATEGY=2"", ""-DSAD_SU2_BACKWARD_STRATEGY=0""]"
su2-hea,26,8,phased-forward_split-backward,optimized,f128r3_b64r4,7,173.831638,10.053187,427.18848799999995,611.073313,-0.15118700614836497,2.7755575615628914e-17,2.636779683484747e-16,1.120302290813934e-15,1,libsad_fusion_f128r3_b64r4_phased_forward_split_backward_2a4d35d553.so,"[""-DSAD_FORWARD_BLOCK_THREADS=128"", ""-DSAD_FORWARD_REGISTER_BITS=3"", ""-DSAD_BLOCK_THREADS=64"", ""-DSAD_REGISTER_BITS=4"", ""-DSAD_SU2_FORWARD_STRATEGY=2"", ""-DSAD_SU2_BACKWARD_STRATEGY=0""]"
su2-hea,26,8,phased-forward_split-backward,optimized,f128r3_b64r4,8,174.359096,11.296853,428.306079,613.962028,-0.15118700614836497,2.7755575615628914e-17,2.636779683484747e-16,1.120302290813934e-15,1,libsad_fusion_f128r3_b64r4_phased_forward_split_backward_2a4d35d553.so,"[""-DSAD_FORWARD_BLOCK_THREADS=128"", ""-DSAD_FORWARD_REGISTER_BITS=3"", ""-DSAD_BLOCK_THREADS=64"", ""-DSAD_REGISTER_BITS=4"", ""-DSAD_SU2_FORWARD_STRATEGY=2"", ""-DSAD_SU2_BACKWARD_STRATEGY=0""]"
qaoa,24,8,fused-both,optimized,f64r3_b64r4,6,25.823804999999997,0.9567939999999999,81.3191,108.099699,-12.915965786262674,7.105427357601002e-15,5.5067062021407764e-14,7.834902959056915e-14,1,libsad_fusion_f64r3_b64r4_fused_both_aaa9c0f863.so,"[""-DSAD_FORWARD_BLOCK_THREADS=64"", ""-DSAD_FORWARD_REGISTER_BITS=3"", ""-DSAD_BLOCK_THREADS=64"", ""-DSAD_REGISTER_BITS=4"", ""-DSAD_QAOA_FUSE_COST_RX=1"", ""-DSAD_QAOA_FUSED_BACKWARD=2""]"
qaoa,24,8,fused-both,optimized,f64r3_b64r4,7,25.905336000000002,0.714732,78.479955,105.10002300000001,-12.915965786262674,7.105427357601002e-15,5.5067062021407764e-14,7.834902959056915e-14,1,libsad_fusion_f64r3_b64r4_fused_both_aaa9c0f863.so,"[""-DSAD_FORWARD_BLOCK_THREADS=64"", ""-DSAD_FORWARD_REGISTER_BITS=3"", ""-DSAD_BLOCK_THREADS=64"", ""-DSAD_REGISTER_BITS=4"", ""-DSAD_QAOA_FUSE_COST_RX=1"", ""-DSAD_QAOA_FUSED_BACKWARD=2""]"
qaoa,24,8,fused-both,optimized,f64r3_b64r4,8,26.186726,0.698299,79.258419,106.143444,-12.915965786262674,7.105427357601002e-15,5.5067062021407764e-14,7.834902959056915e-14,1,libsad_fusion_f64r3_b64r4_fused_both_aaa9c0f863.so,"[""-DSAD_FORWARD_BLOCK_THREADS=64"", ""-DSAD_FORWARD_REGISTER_BITS=3"", ""-DSAD_BLOCK_THREADS=64"", ""-DSAD_REGISTER_BITS=4"", ""-DSAD_QAOA_FUSE_COST_RX=1"", ""-DSAD_QAOA_FUSED_BACKWARD=2""]"
su2-hea,26,8,split-forward_split-backward,optimized,f128r3_b64r4,6,148.392115,11.521086,429.13497099999995,589.048172,-0.15118700614836492,8.326672684688674e-17,1.249000902703301e-16,6.220136811429491e-16,1,libsad_fusion_f128r3_b64r4_split_forward_split_backward_4cfb67b4b9.so,"[""-DSAD_FORWARD_BLOCK_THREADS=128"", ""-DSAD_FORWARD_REGISTER_BITS=3"", ""-DSAD_BLOCK_THREADS=64"", ""-DSAD_REGISTER_BITS=4"", ""-DSAD_SU2_FORWARD_STRATEGY=0"", ""-DSAD_SU2_BACKWARD_STRATEGY=0""]"
su2-hea,26,8,split-forward_split-backward,optimized,f128r3_b64r4,7,148.11496499999998,11.808285,428.5914,588.5146500000001,-0.15118700614836492,8.326672684688674e-17,1.249000902703301e-16,6.220136811429491e-16,1,libsad_fusion_f128r3_b64r4_split_forward_split_backward_4cfb67b4b9.so,"[""-DSAD_FORWARD_BLOCK_THREADS=128"", ""-DSAD_FORWARD_REGISTER_BITS=3"", ""-DSAD_BLOCK_THREADS=64"", ""-DSAD_REGISTER_BITS=4"", ""-DSAD_SU2_FORWARD_STRATEGY=0"", ""-DSAD_SU2_BACKWARD_STRATEGY=0""]"
su2-hea,26,8,split-forward_split-backward,optimized,f128r3_b64r4,8,147.379048,11.340572,432.696079,591.415699,-0.15118700614836492,8.326672684688674e-17,1.249000902703301e-16,6.220136811429491e-16,1,libsad_fusion_f128r3_b64r4_split_forward_split_backward_4cfb67b4b9.so,"[""-DSAD_FORWARD_BLOCK_THREADS=128"", ""-DSAD_FORWARD_REGISTER_BITS=3"", ""-DSAD_BLOCK_THREADS=64"", ""-DSAD_REGISTER_BITS=4"", ""-DSAD_SU2_FORWARD_STRATEGY=0"", ""-DSAD_SU2_BACKWARD_STRATEGY=0""]"
qaoa,26,8,auto,optimized,f64r4_b128r3,6,120.479951,3.074138,317.465059,441.019148,-13.992296268451227,3.552713678800501e-15,8.08242361927114e-14,1.0630030357412235e-13,1,libsad_fusion_f64r4_b128r3_auto_ab3f60d452.so,"[""-DSAD_FORWARD_BLOCK_THREADS=64"", ""-DSAD_FORWARD_REGISTER_BITS=4"", ""-DSAD_BLOCK_THREADS=128"", ""-DSAD_REGISTER_BITS=3"", ""-DSAD_QAOA_FUSE_COST_RX=-1"", ""-DSAD_QAOA_FUSED_BACKWARD=1""]"
qaoa,26,8,auto,optimized,f64r4_b128r3,7,121.963688,3.077399,321.28341700000004,446.324504,-13.992296268451227,3.552713678800501e-15,8.08242361927114e-14,1.0630030357412235e-13,1,libsad_fusion_f64r4_b128r3_auto_ab3f60d452.so,"[""-DSAD_FORWARD_BLOCK_THREADS=64"", ""-DSAD_FORWARD_REGISTER_BITS=4"", ""-DSAD_BLOCK_THREADS=128"", ""-DSAD_REGISTER_BITS=3"", ""-DSAD_QAOA_FUSE_COST_RX=-1"", ""-DSAD_QAOA_FUSED_BACKWARD=1""]"
qaoa,26,8,auto,optimized,f64r4_b128r3,8,120.556996,3.176515,319.12453,442.858041,-13.992296268451227,3.552713678800501e-15,8.08242361927114e-14,1.0630030357412235e-13,1,libsad_fusion_f64r4_b128r3_auto_ab3f60d452.so,"[""-DSAD_FORWARD_BLOCK_THREADS=64"", ""-DSAD_FORWARD_REGISTER_BITS=4"", ""-DSAD_BLOCK_THREADS=128"", ""-DSAD_REGISTER_BITS=3"", ""-DSAD_QAOA_FUSE_COST_RX=-1"", ""-DSAD_QAOA_FUSED_BACKWARD=1""]"
su2-hea,20,8,phased-forward_phased-backward,optimized,f128r3_b64r4,6,2.721393,0.097232,7.595569,10.414194,-0.1253528283138786,1.6653345369377348e-16,1.8041124150158794e-16,7.546903003622592e-16,1,libsad_fusion_f128r3_b64r4_phased_forward_phased_backward_4896db51e9.so,"[""-DSAD_FORWARD_BLOCK_THREADS=128"", ""-DSAD_FORWARD_REGISTER_BITS=3"", ""-DSAD_BLOCK_THREADS=64"", ""-DSAD_REGISTER_BITS=4"", ""-DSAD_SU2_FORWARD_STRATEGY=2"", ""-DSAD_SU2_BACKWARD_STRATEGY=2""]"
su2-hea,20,8,phased-forward_phased-backward,optimized,f128r3_b64r4,7,2.66585,0.24586999999999998,7.587688,10.499408,-0.1253528283138786,1.6653345369377348e-16,1.8041124150158794e-16,7.546903003622592e-16,1,libsad_fusion_f128r3_b64r4_phased_forward_phased_backward_4896db51e9.so,"[""-DSAD_FORWARD_BLOCK_THREADS=128"", ""-DSAD_FORWARD_REGISTER_BITS=3"", ""-DSAD_BLOCK_THREADS=64"", ""-DSAD_REGISTER_BITS=4"", ""-DSAD_SU2_FORWARD_STRATEGY=2"", ""-DSAD_SU2_BACKWARD_STRATEGY=2""]"
su2-hea,20,8,phased-forward_phased-backward,optimized,f128r3_b64r4,8,2.154224,0.094803,8.402771,10.651798000000001,-0.1253528283138786,1.6653345369377348e-16,1.8041124150158794e-16,7.546903003622592e-16,1,libsad_fusion_f128r3_b64r4_phased_forward_phased_backward_4896db51e9.so,"[""-DSAD_FORWARD_BLOCK_THREADS=128"", ""-DSAD_FORWARD_REGISTER_BITS=3"", ""-DSAD_BLOCK_THREADS=64"", ""-DSAD_REGISTER_BITS=4"", ""-DSAD_SU2_FORWARD_STRATEGY=2"", ""-DSAD_SU2_BACKWARD_STRATEGY=2""]"
ra-hea,26,8,complex-fused-both,optimized,f64r4_b64r4,6,109.347937,11.717184,323.250921,444.31604200000004,-0.14134595541889844,5.551115123125783e-17,1.3877787807814457e-16,5.826085746303852e-16,1,libsad_fusion_f64r4_b64r4_complex_fused_both_eecac02710.so,"[""-DSAD_FORWARD_BLOCK_THREADS=64"", ""-DSAD_FORWARD_REGISTER_BITS=4"", ""-DSAD_BLOCK_THREADS=64"", ""-DSAD_REGISTER_BITS=4"", ""-DSAD_REAL_AMPLITUDE=0"", ""-DSAD_RA_FORWARD_FUSED=1"", ""-DSAD_RA_BACKWARD_FUSED=1""]"
ra-hea,26,8,complex-fused-both,optimized,f64r4_b64r4,7,110.199905,11.652835,321.44619600000004,443.298936,-0.14134595541889844,5.551115123125783e-17,1.3877787807814457e-16,5.826085746303852e-16,1,libsad_fusion_f64r4_b64r4_complex_fused_both_eecac02710.so,"[""-DSAD_FORWARD_BLOCK_THREADS=64"", ""-DSAD_FORWARD_REGISTER_BITS=4"", ""-DSAD_BLOCK_THREADS=64"", ""-DSAD_REGISTER_BITS=4"", ""-DSAD_REAL_AMPLITUDE=0"", ""-DSAD_RA_FORWARD_FUSED=1"", ""-DSAD_RA_BACKWARD_FUSED=1""]"
ra-hea,26,8,complex-fused-both,optimized,f64r4_b64r4,8,107.946983,11.6989,322.076616,441.72249899999997,-0.14134595541889844,5.551115123125783e-17,1.3877787807814457e-16,5.826085746303852e-16,1,libsad_fusion_f64r4_b64r4_complex_fused_both_eecac02710.so,"[""-DSAD_FORWARD_BLOCK_THREADS=64"", ""-DSAD_FORWARD_REGISTER_BITS=4"", ""-DSAD_BLOCK_THREADS=64"", ""-DSAD_REGISTER_BITS=4"", ""-DSAD_REAL_AMPLITUDE=0"", ""-DSAD_RA_FORWARD_FUSED=1"", ""-DSAD_RA_BACKWARD_FUSED=1""]"
qaoa,26,8,split-both,optimized,f64r4_b128r3,6,137.37207800000002,3.486537,350.367771,491.226386,-13.992296268451229,1.7763568394002505e-15,1.7763568394002505e-14,1.9011738637246e-14,1,libsad_fusion_f64r4_b128r3_split_both_4026bf3948.so,"[""-DSAD_FORWARD_BLOCK_THREADS=64"", ""-DSAD_FORWARD_REGISTER_BITS=4"", ""-DSAD_BLOCK_THREADS=128"", ""-DSAD_REGISTER_BITS=3"", ""-DSAD_QAOA_FUSE_COST_RX=0"", ""-DSAD_QAOA_FUSED_BACKWARD=0""]"
qaoa,26,8,split-both,optimized,f64r4_b128r3,7,138.248778,3.03892,351.25453,492.542228,-13.992296268451229,1.7763568394002505e-15,1.7763568394002505e-14,1.9011738637246e-14,1,libsad_fusion_f64r4_b128r3_split_both_4026bf3948.so,"[""-DSAD_FORWARD_BLOCK_THREADS=64"", ""-DSAD_FORWARD_REGISTER_BITS=4"", ""-DSAD_BLOCK_THREADS=128"", ""-DSAD_REGISTER_BITS=3"", ""-DSAD_QAOA_FUSE_COST_RX=0"", ""-DSAD_QAOA_FUSED_BACKWARD=0""]"
qaoa,26,8,split-both,optimized,f64r4_b128r3,8,138.503905,2.803649,352.030664,493.338218,-13.992296268451229,1.7763568394002505e-15,1.7763568394002505e-14,1.9011738637246e-14,1,libsad_fusion_f64r4_b128r3_split_both_4026bf3948.so,"[""-DSAD_FORWARD_BLOCK_THREADS=64"", ""-DSAD_FORWARD_REGISTER_BITS=4"", ""-DSAD_BLOCK_THREADS=128"", ""-DSAD_REGISTER_BITS=3"", ""-DSAD_QAOA_FUSE_COST_RX=0"", ""-DSAD_QAOA_FUSED_BACKWARD=0""]"
su2-hea,24,8,phased-forward_split-backward,optimized,f128r3_b64r4,6,40.925203,1.9583220000000001,91.820048,134.703573,-0.045394002210347624,1.0408340855860843e-16,2.7755575615628914e-16,9.095645400339765e-16,1,libsad_fusion_f128r3_b64r4_phased_forward_split_backward_2a4d35d553.so,"[""-DSAD_FORWARD_BLOCK_THREADS=128"", ""-DSAD_FORWARD_REGISTER_BITS=3"", ""-DSAD_BLOCK_THREADS=64"", ""-DSAD_REGISTER_BITS=4"", ""-DSAD_SU2_FORWARD_STRATEGY=2"", ""-DSAD_SU2_BACKWARD_STRATEGY=0""]"
su2-hea,24,8,phased-forward_split-backward,optimized,f128r3_b64r4,7,39.427277,1.7167569999999999,94.396233,135.540267,-0.045394002210347624,1.0408340855860843e-16,2.7755575615628914e-16,9.095645400339765e-16,1,libsad_fusion_f128r3_b64r4_phased_forward_split_backward_2a4d35d553.so,"[""-DSAD_FORWARD_BLOCK_THREADS=128"", ""-DSAD_FORWARD_REGISTER_BITS=3"", ""-DSAD_BLOCK_THREADS=64"", ""-DSAD_REGISTER_BITS=4"", ""-DSAD_SU2_FORWARD_STRATEGY=2"", ""-DSAD_SU2_BACKWARD_STRATEGY=0""]"
su2-hea,24,8,phased-forward_split-backward,optimized,f128r3_b64r4,8,39.022595,1.713246,93.577217,134.313058,-0.045394002210347624,1.0408340855860843e-16,2.7755575615628914e-16,9.095645400339765e-16,1,libsad_fusion_f128r3_b64r4_phased_forward_split_backward_2a4d35d553.so,"[""-DSAD_FORWARD_BLOCK_THREADS=128"", ""-DSAD_FORWARD_REGISTER_BITS=3"", ""-DSAD_BLOCK_THREADS=64"", ""-DSAD_REGISTER_BITS=4"", ""-DSAD_SU2_FORWARD_STRATEGY=2"", ""-DSAD_SU2_BACKWARD_STRATEGY=0""]"
rzz-hea,26,8,fused-forward_split-backward,optimized,f64r4_b128r3,6,153.80237799999998,11.729468,461.220013,626.751859,2.3880453507405344,1.7763568394002505e-15,1.2212453270876722e-15,6.881572777587224e-15,1,libsad_fusion_f64r4_b128r3_fused_forward_split_backward_0031417c41.so,"[""-DSAD_FORWARD_BLOCK_THREADS=64"", ""-DSAD_FORWARD_REGISTER_BITS=4"", ""-DSAD_BLOCK_THREADS=128"", ""-DSAD_REGISTER_BITS=3"", ""-DSAD_RZZ_FORWARD_FUSED=1"", ""-DSAD_RZZ_BACKWARD_STRATEGY=0""]"
rzz-hea,26,8,fused-forward_split-backward,optimized,f64r4_b128r3,7,154.769706,11.568696999999998,462.641647,628.98005,2.3880453507405344,1.7763568394002505e-15,1.2212453270876722e-15,6.881572777587224e-15,1,libsad_fusion_f64r4_b128r3_fused_forward_split_backward_0031417c41.so,"[""-DSAD_FORWARD_BLOCK_THREADS=64"", ""-DSAD_FORWARD_REGISTER_BITS=4"", ""-DSAD_BLOCK_THREADS=128"", ""-DSAD_REGISTER_BITS=3"", ""-DSAD_RZZ_FORWARD_FUSED=1"", ""-DSAD_RZZ_BACKWARD_STRATEGY=0""]"
rzz-hea,26,8,fused-forward_split-backward,optimized,f64r4_b128r3,8,154.999273,11.334418000000001,460.426078,626.759769,2.3880453507405344,1.7763568394002505e-15,1.2212453270876722e-15,6.881572777587224e-15,1,libsad_fusion_f64r4_b128r3_fused_forward_split_backward_0031417c41.so,"[""-DSAD_FORWARD_BLOCK_THREADS=64"", ""-DSAD_FORWARD_REGISTER_BITS=4"", ""-DSAD_BLOCK_THREADS=128"", ""-DSAD_REGISTER_BITS=3"", ""-DSAD_RZZ_FORWARD_FUSED=1"", ""-DSAD_RZZ_BACKWARD_STRATEGY=0""]"
rzz-hea,24,8,fused-forward_fused-backward,optimized,f64r3_b64r4,6,30.12173,2.006112,122.050575,154.178417,5.47152895078819,3.552713678800501e-15,1.0658141036401503e-14,2.72289328894784e-14,1,libsad_fusion_f64r3_b64r4_fused_forward_fused_backward_c2caba9fa3.so,"[""-DSAD_FORWARD_BLOCK_THREADS=64"", ""-DSAD_FORWARD_REGISTER_BITS=3"", ""-DSAD_BLOCK_THREADS=64"", ""-DSAD_REGISTER_BITS=4"", ""-DSAD_RZZ_FORWARD_FUSED=1"", ""-DSAD_RZZ_BACKWARD_STRATEGY=2""]"
rzz-hea,24,8,fused-forward_fused-backward,optimized,f64r3_b64r4,7,31.872324,1.727989,120.98966899999999,154.589982,5.47152895078819,3.552713678800501e-15,1.0658141036401503e-14,2.72289328894784e-14,1,libsad_fusion_f64r3_b64r4_fused_forward_fused_backward_c2caba9fa3.so,"[""-DSAD_FORWARD_BLOCK_THREADS=64"", ""-DSAD_FORWARD_REGISTER_BITS=3"", ""-DSAD_BLOCK_THREADS=64"", ""-DSAD_REGISTER_BITS=4"", ""-DSAD_RZZ_FORWARD_FUSED=1"", ""-DSAD_RZZ_BACKWARD_STRATEGY=2""]"
rzz-hea,24,8,fused-forward_fused-backward,optimized,f64r3_b64r4,8,31.048634,1.7430379999999999,123.366906,156.158578,5.47152895078819,3.552713678800501e-15,1.0658141036401503e-14,2.72289328894784e-14,1,libsad_fusion_f64r3_b64r4_fused_forward_fused_backward_c2caba9fa3.so,"[""-DSAD_FORWARD_BLOCK_THREADS=64"", ""-DSAD_FORWARD_REGISTER_BITS=3"", ""-DSAD_BLOCK_THREADS=64"", ""-DSAD_REGISTER_BITS=4"", ""-DSAD_RZZ_FORWARD_FUSED=1"", ""-DSAD_RZZ_BACKWARD_STRATEGY=2""]"
rzz-hea,24,8,fused-forward_combined-backward,optimized,f64r3_b64r4,6,31.149195000000002,1.955932,112.90051700000001,146.005644,5.4715289507881915,5.329070518200751e-15,4.6629367034256575e-15,1.2621009368807279e-14,1,libsad_fusion_f64r3_b64r4_fused_forward_combined_backward_5ba1e15d3c.so,"[""-DSAD_FORWARD_BLOCK_THREADS=64"", ""-DSAD_FORWARD_REGISTER_BITS=3"", ""-DSAD_BLOCK_THREADS=64"", ""-DSAD_REGISTER_BITS=4"", ""-DSAD_RZZ_FORWARD_FUSED=1"", ""-DSAD_RZZ_BACKWARD_STRATEGY=1""]"
rzz-hea,24,8,fused-forward_combined-backward,optimized,f64r3_b64r4,7,30.186595,1.950085,114.012794,146.149474,5.4715289507881915,5.329070518200751e-15,4.6629367034256575e-15,1.2621009368807279e-14,1,libsad_fusion_f64r3_b64r4_fused_forward_combined_backward_5ba1e15d3c.so,"[""-DSAD_FORWARD_BLOCK_THREADS=64"", ""-DSAD_FORWARD_REGISTER_BITS=3"", ""-DSAD_BLOCK_THREADS=64"", ""-DSAD_REGISTER_BITS=4"", ""-DSAD_RZZ_FORWARD_FUSED=1"", ""-DSAD_RZZ_BACKWARD_STRATEGY=1""]"
rzz-hea,24,8,fused-forward_combined-backward,optimized,f64r3_b64r4,8,30.107297000000003,1.98393,111.635553,143.72678,5.4715289507881915,5.329070518200751e-15,4.6629367034256575e-15,1.2621009368807279e-14,1,libsad_fusion_f64r3_b64r4_fused_forward_combined_backward_5ba1e15d3c.so,"[""-DSAD_FORWARD_BLOCK_THREADS=64"", ""-DSAD_FORWARD_REGISTER_BITS=3"", ""-DSAD_BLOCK_THREADS=64"", ""-DSAD_REGISTER_BITS=4"", ""-DSAD_RZZ_FORWARD_FUSED=1"", ""-DSAD_RZZ_BACKWARD_STRATEGY=1""]"
su2-hea,26,8,split-forward_phased-backward,optimized,f128r3_b64r4,6,146.732932,10.661567,639.648013,797.042512,-0.151187006148365,0.0,1.970645868709653e-15,4.073091090073154e-15,1,libsad_fusion_f128r3_b64r4_split_forward_phased_backward_a3372de662.so,"[""-DSAD_FORWARD_BLOCK_THREADS=128"", ""-DSAD_FORWARD_REGISTER_BITS=3"", ""-DSAD_BLOCK_THREADS=64"", ""-DSAD_REGISTER_BITS=4"", ""-DSAD_SU2_FORWARD_STRATEGY=0"", ""-DSAD_SU2_BACKWARD_STRATEGY=2""]"
su2-hea,26,8,split-forward_phased-backward,optimized,f128r3_b64r4,7,148.783592,11.9968,641.892265,802.672657,-0.151187006148365,0.0,1.970645868709653e-15,4.073091090073154e-15,1,libsad_fusion_f128r3_b64r4_split_forward_phased_backward_a3372de662.so,"[""-DSAD_FORWARD_BLOCK_THREADS=128"", ""-DSAD_FORWARD_REGISTER_BITS=3"", ""-DSAD_BLOCK_THREADS=64"", ""-DSAD_REGISTER_BITS=4"", ""-DSAD_SU2_FORWARD_STRATEGY=0"", ""-DSAD_SU2_BACKWARD_STRATEGY=2""]"
su2-hea,26,8,split-forward_phased-backward,optimized,f128r3_b64r4,8,146.92434500000002,10.58247,644.240296,801.747111,-0.151187006148365,0.0,1.970645868709653e-15,4.073091090073154e-15,1,libsad_fusion_f128r3_b64r4_split_forward_phased_backward_a3372de662.so,"[""-DSAD_FORWARD_BLOCK_THREADS=128"", ""-DSAD_FORWARD_REGISTER_BITS=3"", ""-DSAD_BLOCK_THREADS=64"", ""-DSAD_REGISTER_BITS=4"", ""-DSAD_SU2_FORWARD_STRATEGY=0"", ""-DSAD_SU2_BACKWARD_STRATEGY=2""]"
su2-hea,20,8,lookup-forward_phased-backward,optimized,f128r3_b64r4,6,1.661026,0.36229,7.957916000000001,9.981232,-0.1253528283138785,8.326672684688674e-17,3.8424124992886277e-16,1.4530224351590831e-15,1,libsad_fusion_f128r3_b64r4_lookup_forward_phased_backward_2210ed799a.so,"[""-DSAD_FORWARD_BLOCK_THREADS=128"", ""-DSAD_FORWARD_REGISTER_BITS=3"", ""-DSAD_BLOCK_THREADS=64"", ""-DSAD_REGISTER_BITS=4"", ""-DSAD_SU2_FORWARD_STRATEGY=1"", ""-DSAD_SU2_BACKWARD_STRATEGY=2""]"
su2-hea,20,8,lookup-forward_phased-backward,optimized,f128r3_b64r4,7,1.577339,0.33685,8.502653,10.416842,-0.1253528283138785,8.326672684688674e-17,3.8424124992886277e-16,1.4530224351590831e-15,1,libsad_fusion_f128r3_b64r4_lookup_forward_phased_backward_2210ed799a.so,"[""-DSAD_FORWARD_BLOCK_THREADS=128"", ""-DSAD_FORWARD_REGISTER_BITS=3"", ""-DSAD_BLOCK_THREADS=64"", ""-DSAD_REGISTER_BITS=4"", ""-DSAD_SU2_FORWARD_STRATEGY=1"", ""-DSAD_SU2_BACKWARD_STRATEGY=2""]"
su2-hea,20,8,lookup-forward_phased-backward,optimized,f128r3_b64r4,8,1.656306,0.241173,8.043622000000001,9.941101000000002,-0.1253528283138785,8.326672684688674e-17,3.8424124992886277e-16,1.4530224351590831e-15,1,libsad_fusion_f128r3_b64r4_lookup_forward_phased_backward_2210ed799a.so,"[""-DSAD_FORWARD_BLOCK_THREADS=128"", ""-DSAD_FORWARD_REGISTER_BITS=3"", ""-DSAD_BLOCK_THREADS=64"", ""-DSAD_REGISTER_BITS=4"", ""-DSAD_SU2_FORWARD_STRATEGY=1"", ""-DSAD_SU2_BACKWARD_STRATEGY=2""]"
su2-hea,20,8,lookup-forward_lookup-backward,optimized,f128r3_b64r4,6,1.592403,0.243358,5.207217,7.042978,-0.12535282831387853,1.1102230246251565e-16,2.498001805406602e-16,6.419572645067714e-16,1,libsad_fusion_f128r3_b64r4_lookup_forward_lookup_backward_7b8f8fcfcf.so,"[""-DSAD_FORWARD_BLOCK_THREADS=128"", ""-DSAD_FORWARD_REGISTER_BITS=3"", ""-DSAD_BLOCK_THREADS=64"", ""-DSAD_REGISTER_BITS=4"", ""-DSAD_SU2_FORWARD_STRATEGY=1"", ""-DSAD_SU2_BACKWARD_STRATEGY=1""]"
su2-hea,20,8,lookup-forward_lookup-backward,optimized,f128r3_b64r4,7,1.422464,0.232869,5.440916,7.096248999999999,-0.12535282831387853,1.1102230246251565e-16,2.498001805406602e-16,6.419572645067714e-16,1,libsad_fusion_f128r3_b64r4_lookup_forward_lookup_backward_7b8f8fcfcf.so,"[""-DSAD_FORWARD_BLOCK_THREADS=128"", ""-DSAD_FORWARD_REGISTER_BITS=3"", ""-DSAD_BLOCK_THREADS=64"", ""-DSAD_REGISTER_BITS=4"", ""-DSAD_SU2_FORWARD_STRATEGY=1"", ""-DSAD_SU2_BACKWARD_STRATEGY=1""]"
su2-hea,20,8,lookup-forward_lookup-backward,optimized,f128r3_b64r4,8,1.571655,0.333247,6.188612,8.093513999999999,-0.12535282831387853,1.1102230246251565e-16,2.498001805406602e-16,6.419572645067714e-16,1,libsad_fusion_f128r3_b64r4_lookup_forward_lookup_backward_7b8f8fcfcf.so,"[""-DSAD_FORWARD_BLOCK_THREADS=128"", ""-DSAD_FORWARD_REGISTER_BITS=3"", ""-DSAD_BLOCK_THREADS=64"", ""-DSAD_REGISTER_BITS=4"", ""-DSAD_SU2_FORWARD_STRATEGY=1"", ""-DSAD_SU2_BACKWARD_STRATEGY=1""]"
rzz-hea,24,8,split-forward_split-backward,optimized,f64r3_b64r4,6,40.09443,1.8012080000000001,107.982264,149.877902,5.471528950788188,1.7763568394002505e-15,1.7763568394002505e-15,9.6404634275061e-15,1,libsad_fusion_f64r3_b64r4_split_forward_split_backward_4aaa9c99cd.so,"[""-DSAD_FORWARD_BLOCK_THREADS=64"", ""-DSAD_FORWARD_REGISTER_BITS=3"", ""-DSAD_BLOCK_THREADS=64"", ""-DSAD_REGISTER_BITS=4"", ""-DSAD_RZZ_FORWARD_FUSED=0"", ""-DSAD_RZZ_BACKWARD_STRATEGY=0""]"
rzz-hea,24,8,split-forward_split-backward,optimized,f64r3_b64r4,7,39.592496,1.77888,107.29851699999999,148.669893,5.471528950788188,1.7763568394002505e-15,1.7763568394002505e-15,9.6404634275061e-15,1,libsad_fusion_f64r3_b64r4_split_forward_split_backward_4aaa9c99cd.so,"[""-DSAD_FORWARD_BLOCK_THREADS=64"", ""-DSAD_FORWARD_REGISTER_BITS=3"", ""-DSAD_BLOCK_THREADS=64"", ""-DSAD_REGISTER_BITS=4"", ""-DSAD_RZZ_FORWARD_FUSED=0"", ""-DSAD_RZZ_BACKWARD_STRATEGY=0""]"
rzz-hea,24,8,split-forward_split-backward,optimized,f64r3_b64r4,8,42.208192,1.7720850000000001,106.690099,150.670376,5.471528950788188,1.7763568394002505e-15,1.7763568394002505e-15,9.6404634275061e-15,1,libsad_fusion_f64r3_b64r4_split_forward_split_backward_4aaa9c99cd.so,"[""-DSAD_FORWARD_BLOCK_THREADS=64"", ""-DSAD_FORWARD_REGISTER_BITS=3"", ""-DSAD_BLOCK_THREADS=64"", ""-DSAD_REGISTER_BITS=4"", ""-DSAD_RZZ_FORWARD_FUSED=0"", ""-DSAD_RZZ_BACKWARD_STRATEGY=0""]"
rzz-hea,20,8,fused-forward_combined-backward,optimized,f128r2_b128r2,6,1.697498,0.101742,6.0347550000000005,7.833995,0.7166911626593798,1.7763568394002505e-15,2.886579864025407e-15,8.6812150278204e-15,1,libsad_fusion_f128r2_b128r2_fused_forward_combined_backward_0245edac0c.so,"[""-DSAD_RZZ_FORWARD_FUSED=1"", ""-DSAD_RZZ_BACKWARD_STRATEGY=1""]"
rzz-hea,20,8,fused-forward_combined-backward,optimized,f128r2_b128r2,7,1.7657969999999998,0.25887099999999996,6.771873,8.796541,0.7166911626593798,1.7763568394002505e-15,2.886579864025407e-15,8.6812150278204e-15,1,libsad_fusion_f128r2_b128r2_fused_forward_combined_backward_0245edac0c.so,"[""-DSAD_RZZ_FORWARD_FUSED=1"", ""-DSAD_RZZ_BACKWARD_STRATEGY=1""]"
rzz-hea,20,8,fused-forward_combined-backward,optimized,f128r2_b128r2,8,1.9824259999999998,0.32219600000000004,5.880003,8.184624999999999,0.7166911626593798,1.7763568394002505e-15,2.886579864025407e-15,8.6812150278204e-15,1,libsad_fusion_f128r2_b128r2_fused_forward_combined_backward_0245edac0c.so,"[""-DSAD_RZZ_FORWARD_FUSED=1"", ""-DSAD_RZZ_BACKWARD_STRATEGY=1""]"
su2-hea,24,8,split-forward_split-backward,optimized,f128r3_b64r4,6,34.208904,1.798316,94.03737,130.04459,-0.04539400221034759,6.938893903907228e-17,3.3306690738754696e-16,8.70596950436691e-16,1,libsad_fusion_f128r3_b64r4_split_forward_split_backward_4cfb67b4b9.so,"[""-DSAD_FORWARD_BLOCK_THREADS=128"", ""-DSAD_FORWARD_REGISTER_BITS=3"", ""-DSAD_BLOCK_THREADS=64"", ""-DSAD_REGISTER_BITS=4"", ""-DSAD_SU2_FORWARD_STRATEGY=0"", ""-DSAD_SU2_BACKWARD_STRATEGY=0""]"
su2-hea,24,8,split-forward_split-backward,optimized,f128r3_b64r4,7,34.071832,1.745063,92.17419100000001,127.99108600000001,-0.04539400221034759,6.938893903907228e-17,3.3306690738754696e-16,8.70596950436691e-16,1,libsad_fusion_f128r3_b64r4_split_forward_split_backward_4cfb67b4b9.so,"[""-DSAD_FORWARD_BLOCK_THREADS=128"", ""-DSAD_FORWARD_REGISTER_BITS=3"", ""-DSAD_BLOCK_THREADS=64"", ""-DSAD_REGISTER_BITS=4"", ""-DSAD_SU2_FORWARD_STRATEGY=0"", ""-DSAD_SU2_BACKWARD_STRATEGY=0""]"
su2-hea,24,8,split-forward_split-backward,optimized,f128r3_b64r4,8,36.166548,1.893602,91.937787,129.997937,-0.04539400221034759,6.938893903907228e-17,3.3306690738754696e-16,8.70596950436691e-16,1,libsad_fusion_f128r3_b64r4_split_forward_split_backward_4cfb67b4b9.so,"[""-DSAD_FORWARD_BLOCK_THREADS=128"", ""-DSAD_FORWARD_REGISTER_BITS=3"", ""-DSAD_BLOCK_THREADS=64"", ""-DSAD_REGISTER_BITS=4"", ""-DSAD_SU2_FORWARD_STRATEGY=0"", ""-DSAD_SU2_BACKWARD_STRATEGY=0""]"
ra-hea,24,8,complex-fused-both,optimized,f64r4_b64r4,6,26.511792,1.887548,68.808095,97.20743499999999,0.20868817063305525,1.3877787807814457e-16,1.3877787807814457e-16,5.101389526338188e-16,1,libsad_fusion_f64r4_b64r4_complex_fused_both_eecac02710.so,"[""-DSAD_FORWARD_BLOCK_THREADS=64"", ""-DSAD_FORWARD_REGISTER_BITS=4"", ""-DSAD_BLOCK_THREADS=64"", ""-DSAD_REGISTER_BITS=4"", ""-DSAD_REAL_AMPLITUDE=0"", ""-DSAD_RA_FORWARD_FUSED=1"", ""-DSAD_RA_BACKWARD_FUSED=1""]"
ra-hea,24,8,complex-fused-both,optimized,f64r4_b64r4,7,27.638355,1.856931,71.74568000000001,101.240966,0.20868817063305525,1.3877787807814457e-16,1.3877787807814457e-16,5.101389526338188e-16,1,libsad_fusion_f64r4_b64r4_complex_fused_both_eecac02710.so,"[""-DSAD_FORWARD_BLOCK_THREADS=64"", ""-DSAD_FORWARD_REGISTER_BITS=4"", ""-DSAD_BLOCK_THREADS=64"", ""-DSAD_REGISTER_BITS=4"", ""-DSAD_REAL_AMPLITUDE=0"", ""-DSAD_RA_FORWARD_FUSED=1"", ""-DSAD_RA_BACKWARD_FUSED=1""]"
ra-hea,24,8,complex-fused-both,optimized,f64r4_b64r4,8,26.334851,1.941034,68.356684,96.632569,0.20868817063305525,1.3877787807814457e-16,1.3877787807814457e-16,5.101389526338188e-16,1,libsad_fusion_f64r4_b64r4_complex_fused_both_eecac02710.so,"[""-DSAD_FORWARD_BLOCK_THREADS=64"", ""-DSAD_FORWARD_REGISTER_BITS=4"", ""-DSAD_BLOCK_THREADS=64"", ""-DSAD_REGISTER_BITS=4"", ""-DSAD_REAL_AMPLITUDE=0"", ""-DSAD_RA_FORWARD_FUSED=1"", ""-DSAD_RA_BACKWARD_FUSED=1""]"
rzz-hea,20,8,split-forward_fused-backward,optimized,f128r2_b128r2,6,2.0165439999999997,0.093441,6.688195,8.798179999999999,0.7166911626593799,1.887379141862766e-15,2.4424906541753444e-15,1.014662411859605e-14,1,libsad_fusion_f128r2_b128r2_split_forward_fused_backward_3b00375398.so,"[""-DSAD_RZZ_FORWARD_FUSED=0"", ""-DSAD_RZZ_BACKWARD_STRATEGY=2""]"
rzz-hea,20,8,split-forward_fused-backward,optimized,f128r2_b128r2,7,2.129216,0.284561,6.1978789999999995,8.611656,0.7166911626593799,1.887379141862766e-15,2.4424906541753444e-15,1.014662411859605e-14,1,libsad_fusion_f128r2_b128r2_split_forward_fused_backward_3b00375398.so,"[""-DSAD_RZZ_FORWARD_FUSED=0"", ""-DSAD_RZZ_BACKWARD_STRATEGY=2""]"
rzz-hea,20,8,split-forward_fused-backward,optimized,f128r2_b128r2,8,1.874543,0.240651,7.396301,9.511495,0.7166911626593799,1.887379141862766e-15,2.4424906541753444e-15,1.014662411859605e-14,1,libsad_fusion_f128r2_b128r2_split_forward_fused_backward_3b00375398.so,"[""-DSAD_RZZ_FORWARD_FUSED=0"", ""-DSAD_RZZ_BACKWARD_STRATEGY=2""]"
su2-hea,20,8,split-forward_split-backward,optimized,f128r3_b64r4,6,1.62757,0.101526,4.836609,6.565705,-0.12535282831387856,1.3877787807814457e-16,1.3877787807814457e-16,5.319995729566743e-16,1,libsad_fusion_f128r3_b64r4_split_forward_split_backward_4cfb67b4b9.so,"[""-DSAD_FORWARD_BLOCK_THREADS=128"", ""-DSAD_FORWARD_REGISTER_BITS=3"", ""-DSAD_BLOCK_THREADS=64"", ""-DSAD_REGISTER_BITS=4"", ""-DSAD_SU2_FORWARD_STRATEGY=0"", ""-DSAD_SU2_BACKWARD_STRATEGY=0""]"
su2-hea,20,8,split-forward_split-backward,optimized,f128r3_b64r4,7,1.628532,0.101693,5.3497509999999995,7.079976,-0.12535282831387856,1.3877787807814457e-16,1.3877787807814457e-16,5.319995729566743e-16,1,libsad_fusion_f128r3_b64r4_split_forward_split_backward_4cfb67b4b9.so,"[""-DSAD_FORWARD_BLOCK_THREADS=128"", ""-DSAD_FORWARD_REGISTER_BITS=3"", ""-DSAD_BLOCK_THREADS=64"", ""-DSAD_REGISTER_BITS=4"", ""-DSAD_SU2_FORWARD_STRATEGY=0"", ""-DSAD_SU2_BACKWARD_STRATEGY=0""]"
su2-hea,20,8,split-forward_split-backward,optimized,f128r3_b64r4,8,1.915663,0.5704199999999999,5.305752,7.791835000000001,-0.12535282831387856,1.3877787807814457e-16,1.3877787807814457e-16,5.319995729566743e-16,1,libsad_fusion_f128r3_b64r4_split_forward_split_backward_4cfb67b4b9.so,"[""-DSAD_FORWARD_BLOCK_THREADS=128"", ""-DSAD_FORWARD_REGISTER_BITS=3"", ""-DSAD_BLOCK_THREADS=64"", ""-DSAD_REGISTER_BITS=4"", ""-DSAD_SU2_FORWARD_STRATEGY=0"", ""-DSAD_SU2_BACKWARD_STRATEGY=0""]"
ra-hea,20,8,complex-fused-both,optimized,f64r4_b64r4,6,1.46845,0.10139899999999999,4.234311999999999,5.804161,0.0337276651143808,3.469446951953614e-17,2.220446049250313e-16,4.822543206974665e-16,1,libsad_fusion_f64r4_b64r4_complex_fused_both_eecac02710.so,"[""-DSAD_FORWARD_BLOCK_THREADS=64"", ""-DSAD_FORWARD_REGISTER_BITS=4"", ""-DSAD_BLOCK_THREADS=64"", ""-DSAD_REGISTER_BITS=4"", ""-DSAD_REAL_AMPLITUDE=0"", ""-DSAD_RA_FORWARD_FUSED=1"", ""-DSAD_RA_BACKWARD_FUSED=1""]"
ra-hea,20,8,complex-fused-both,optimized,f64r4_b64r4,7,1.46134,0.101126,4.234098,5.796564000000001,0.0337276651143808,3.469446951953614e-17,2.220446049250313e-16,4.822543206974665e-16,1,libsad_fusion_f64r4_b64r4_complex_fused_both_eecac02710.so,"[""-DSAD_FORWARD_BLOCK_THREADS=64"", ""-DSAD_FORWARD_REGISTER_BITS=4"", ""-DSAD_BLOCK_THREADS=64"", ""-DSAD_REGISTER_BITS=4"", ""-DSAD_REAL_AMPLITUDE=0"", ""-DSAD_RA_FORWARD_FUSED=1"", ""-DSAD_RA_BACKWARD_FUSED=1""]"
ra-hea,20,8,complex-fused-both,optimized,f64r4_b64r4,8,1.460771,0.102217,4.644171,6.207159,0.0337276651143808,3.469446951953614e-17,2.220446049250313e-16,4.822543206974665e-16,1,libsad_fusion_f64r4_b64r4_complex_fused_both_eecac02710.so,"[""-DSAD_FORWARD_BLOCK_THREADS=64"", ""-DSAD_FORWARD_REGISTER_BITS=4"", ""-DSAD_BLOCK_THREADS=64"", ""-DSAD_REGISTER_BITS=4"", ""-DSAD_REAL_AMPLITUDE=0"", ""-DSAD_RA_FORWARD_FUSED=1"", ""-DSAD_RA_BACKWARD_FUSED=1""]"
ra-hea,20,8,complex-fused-forward,optimized,f64r4_b64r4,6,1.7414729999999998,0.240968,4.090917999999999,6.073359,0.0337276651143808,3.469446951953614e-17,1.6653345369377348e-16,5.14063667111367e-16,1,libsad_fusion_f64r4_b64r4_complex_fused_forward_4fbad961c2.so,"[""-DSAD_FORWARD_BLOCK_THREADS=64"", ""-DSAD_FORWARD_REGISTER_BITS=4"", ""-DSAD_BLOCK_THREADS=64"", ""-DSAD_REGISTER_BITS=4"", ""-DSAD_REAL_AMPLITUDE=0"", ""-DSAD_RA_FORWARD_FUSED=1"", ""-DSAD_RA_BACKWARD_FUSED=0""]"
ra-hea,20,8,complex-fused-forward,optimized,f64r4_b64r4,7,1.443148,0.101085,4.252858,5.797091,0.0337276651143808,3.469446951953614e-17,1.6653345369377348e-16,5.14063667111367e-16,1,libsad_fusion_f64r4_b64r4_complex_fused_forward_4fbad961c2.so,"[""-DSAD_FORWARD_BLOCK_THREADS=64"", ""-DSAD_FORWARD_REGISTER_BITS=4"", ""-DSAD_BLOCK_THREADS=64"", ""-DSAD_REGISTER_BITS=4"", ""-DSAD_REAL_AMPLITUDE=0"", ""-DSAD_RA_FORWARD_FUSED=1"", ""-DSAD_RA_BACKWARD_FUSED=0""]"
ra-hea,20,8,complex-fused-forward,optimized,f64r4_b64r4,8,1.576701,0.33341099999999996,4.6782200000000005,6.588332,0.0337276651143808,3.469446951953614e-17,1.6653345369377348e-16,5.14063667111367e-16,1,libsad_fusion_f64r4_b64r4_complex_fused_forward_4fbad961c2.so,"[""-DSAD_FORWARD_BLOCK_THREADS=64"", ""-DSAD_FORWARD_REGISTER_BITS=4"", ""-DSAD_BLOCK_THREADS=64"", ""-DSAD_REGISTER_BITS=4"", ""-DSAD_REAL_AMPLITUDE=0"", ""-DSAD_RA_FORWARD_FUSED=1"", ""-DSAD_RA_BACKWARD_FUSED=0""]"
qaoa,20,8,auto,optimized,f128r2_b128r2,6,1.3227479999999998,0.035567,3.887465,5.24578,-10.76330482188558,3.552713678800501e-15,6.217248937900877e-15,9.26021844169201e-15,1,libsad_fusion_f128r2_b128r2_auto_05d6356191.so,"[""-DSAD_QAOA_FUSE_COST_RX=-1"", ""-DSAD_QAOA_FUSED_BACKWARD=1""]"
qaoa,20,8,auto,optimized,f128r2_b128r2,7,1.320947,0.184075,4.22604,5.7310620000000005,-10.76330482188558,3.552713678800501e-15,6.217248937900877e-15,9.26021844169201e-15,1,libsad_fusion_f128r2_b128r2_auto_05d6356191.so,"[""-DSAD_QAOA_FUSE_COST_RX=-1"", ""-DSAD_QAOA_FUSED_BACKWARD=1""]"
qaoa,20,8,auto,optimized,f128r2_b128r2,8,1.580924,0.32539,4.117976,6.02429,-10.76330482188558,3.552713678800501e-15,6.217248937900877e-15,9.26021844169201e-15,1,libsad_fusion_f128r2_b128r2_auto_05d6356191.so,"[""-DSAD_QAOA_FUSE_COST_RX=-1"", ""-DSAD_QAOA_FUSED_BACKWARD=1""]"
rzz-hea,24,8,split-forward_fused-backward,optimized,f64r3_b64r4,6,40.799771,1.7815699999999999,119.523905,162.10524600000002,5.471528950788187,8.881784197001252e-16,1.1102230246251565e-14,2.7293830325199487e-14,1,libsad_fusion_f64r3_b64r4_split_forward_fused_backward_762dab87c4.so,"[""-DSAD_FORWARD_BLOCK_THREADS=64"", ""-DSAD_FORWARD_REGISTER_BITS=3"", ""-DSAD_BLOCK_THREADS=64"", ""-DSAD_REGISTER_BITS=4"", ""-DSAD_RZZ_FORWARD_FUSED=0"", ""-DSAD_RZZ_BACKWARD_STRATEGY=2""]"
rzz-hea,24,8,split-forward_fused-backward,optimized,f64r3_b64r4,7,40.358277,1.9515019999999998,119.331371,161.64115,5.471528950788187,8.881784197001252e-16,1.1102230246251565e-14,2.7293830325199487e-14,1,libsad_fusion_f64r3_b64r4_split_forward_fused_backward_762dab87c4.so,"[""-DSAD_FORWARD_BLOCK_THREADS=64"", ""-DSAD_FORWARD_REGISTER_BITS=3"", ""-DSAD_BLOCK_THREADS=64"", ""-DSAD_REGISTER_BITS=4"", ""-DSAD_RZZ_FORWARD_FUSED=0"", ""-DSAD_RZZ_BACKWARD_STRATEGY=2""]"
rzz-hea,24,8,split-forward_fused-backward,optimized,f64r3_b64r4,8,40.157323000000005,2.066832,120.07090199999999,162.29505699999999,5.471528950788187,8.881784197001252e-16,1.1102230246251565e-14,2.7293830325199487e-14,1,libsad_fusion_f64r3_b64r4_split_forward_fused_backward_762dab87c4.so,"[""-DSAD_FORWARD_BLOCK_THREADS=64"", ""-DSAD_FORWARD_REGISTER_BITS=3"", ""-DSAD_BLOCK_THREADS=64"", ""-DSAD_REGISTER_BITS=4"", ""-DSAD_RZZ_FORWARD_FUSED=0"", ""-DSAD_RZZ_BACKWARD_STRATEGY=2""]"
ra-hea,24,8,complex-split,optimized,f64r4_b64r4,6,28.453032,1.909124,81.733551,112.095707,0.20868817063305523,1.1102230246251565e-16,1.6653345369377348e-16,5.202565815448308e-16,1,libsad_fusion_f64r4_b64r4_complex_split_66498fcdfe.so,"[""-DSAD_FORWARD_BLOCK_THREADS=64"", ""-DSAD_FORWARD_REGISTER_BITS=4"", ""-DSAD_BLOCK_THREADS=64"", ""-DSAD_REGISTER_BITS=4"", ""-DSAD_REAL_AMPLITUDE=0"", ""-DSAD_RA_FORWARD_FUSED=0"", ""-DSAD_RA_BACKWARD_FUSED=0""]"
ra-hea,24,8,complex-split,optimized,f64r4_b64r4,7,27.601673,1.745765,81.777829,111.125267,0.20868817063305523,1.1102230246251565e-16,1.6653345369377348e-16,5.202565815448308e-16,1,libsad_fusion_f64r4_b64r4_complex_split_66498fcdfe.so,"[""-DSAD_FORWARD_BLOCK_THREADS=64"", ""-DSAD_FORWARD_REGISTER_BITS=4"", ""-DSAD_BLOCK_THREADS=64"", ""-DSAD_REGISTER_BITS=4"", ""-DSAD_REAL_AMPLITUDE=0"", ""-DSAD_RA_FORWARD_FUSED=0"", ""-DSAD_RA_BACKWARD_FUSED=0""]"
ra-hea,24,8,complex-split,optimized,f64r4_b64r4,8,28.194073,1.728718,79.62889200000001,109.55168300000001,0.20868817063305523,1.1102230246251565e-16,1.6653345369377348e-16,5.202565815448308e-16,1,libsad_fusion_f64r4_b64r4_complex_split_66498fcdfe.so,"[""-DSAD_FORWARD_BLOCK_THREADS=64"", ""-DSAD_FORWARD_REGISTER_BITS=4"", ""-DSAD_BLOCK_THREADS=64"", ""-DSAD_REGISTER_BITS=4"", ""-DSAD_REAL_AMPLITUDE=0"", ""-DSAD_RA_FORWARD_FUSED=0"", ""-DSAD_RA_BACKWARD_FUSED=0""]"
su2-hea,24,8,split-forward_lookup-backward,optimized,f128r3_b64r4,6,34.073395999999995,1.741055,100.456909,136.27136000000002,-0.04539400221034753,6.938893903907228e-18,5.551115123125783e-16,1.7546369545117614e-15,1,libsad_fusion_f128r3_b64r4_split_forward_lookup_backward_14001066e2.so,"[""-DSAD_FORWARD_BLOCK_THREADS=128"", ""-DSAD_FORWARD_REGISTER_BITS=3"", ""-DSAD_BLOCK_THREADS=64"", ""-DSAD_REGISTER_BITS=4"", ""-DSAD_SU2_FORWARD_STRATEGY=0"", ""-DSAD_SU2_BACKWARD_STRATEGY=1""]"
su2-hea,24,8,split-forward_lookup-backward,optimized,f128r3_b64r4,7,34.350170999999996,1.737563,100.66827500000001,136.756009,-0.04539400221034753,6.938893903907228e-18,5.551115123125783e-16,1.7546369545117614e-15,1,libsad_fusion_f128r3_b64r4_split_forward_lookup_backward_14001066e2.so,"[""-DSAD_FORWARD_BLOCK_THREADS=128"", ""-DSAD_FORWARD_REGISTER_BITS=3"", ""-DSAD_BLOCK_THREADS=64"", ""-DSAD_REGISTER_BITS=4"", ""-DSAD_SU2_FORWARD_STRATEGY=0"", ""-DSAD_SU2_BACKWARD_STRATEGY=1""]"
su2-hea,24,8,split-forward_lookup-backward,optimized,f128r3_b64r4,8,33.952455,1.731725,101.61940299999999,137.303583,-0.04539400221034753,6.938893903907228e-18,5.551115123125783e-16,1.7546369545117614e-15,1,libsad_fusion_f128r3_b64r4_split_forward_lookup_backward_14001066e2.so,"[""-DSAD_FORWARD_BLOCK_THREADS=128"", ""-DSAD_FORWARD_REGISTER_BITS=3"", ""-DSAD_BLOCK_THREADS=64"", ""-DSAD_REGISTER_BITS=4"", ""-DSAD_SU2_FORWARD_STRATEGY=0"", ""-DSAD_SU2_BACKWARD_STRATEGY=1""]"
su2-hea,20,8,phased-forward_lookup-backward,optimized,f128r3_b64r4,6,2.633912,0.096344,5.903074,8.633329999999999,-0.1253528283138786,1.6653345369377348e-16,3.7903707950093235e-16,1.5080051530590049e-15,1,libsad_fusion_f128r3_b64r4_phased_forward_lookup_backward_7df21f009d.so,"[""-DSAD_FORWARD_BLOCK_THREADS=128"", ""-DSAD_FORWARD_REGISTER_BITS=3"", ""-DSAD_BLOCK_THREADS=64"", ""-DSAD_REGISTER_BITS=4"", ""-DSAD_SU2_FORWARD_STRATEGY=2"", ""-DSAD_SU2_BACKWARD_STRATEGY=1""]"
su2-hea,20,8,phased-forward_lookup-backward,optimized,f128r3_b64r4,7,2.491067,0.096827,5.349979,7.937873,-0.1253528283138786,1.6653345369377348e-16,3.7903707950093235e-16,1.5080051530590049e-15,1,libsad_fusion_f128r3_b64r4_phased_forward_lookup_backward_7df21f009d.so,"[""-DSAD_FORWARD_BLOCK_THREADS=128"", ""-DSAD_FORWARD_REGISTER_BITS=3"", ""-DSAD_BLOCK_THREADS=64"", ""-DSAD_REGISTER_BITS=4"", ""-DSAD_SU2_FORWARD_STRATEGY=2"", ""-DSAD_SU2_BACKWARD_STRATEGY=1""]"
su2-hea,20,8,phased-forward_lookup-backward,optimized,f128r3_b64r4,8,2.699805,0.243716,5.209897,8.153417999999999,-0.1253528283138786,1.6653345369377348e-16,3.7903707950093235e-16,1.5080051530590049e-15,1,libsad_fusion_f128r3_b64r4_phased_forward_lookup_backward_7df21f009d.so,"[""-DSAD_FORWARD_BLOCK_THREADS=128"", ""-DSAD_FORWARD_REGISTER_BITS=3"", ""-DSAD_BLOCK_THREADS=64"", ""-DSAD_REGISTER_BITS=4"", ""-DSAD_SU2_FORWARD_STRATEGY=2"", ""-DSAD_SU2_BACKWARD_STRATEGY=1""]"
qaoa,20,8,fused-backward,optimized,f128r2_b128r2,6,1.8899080000000001,0.25719000000000003,3.8094270000000003,5.956525000000001,-10.763304821885574,8.881784197001252e-15,7.105427357601002e-15,9.74975584715494e-15,1,libsad_fusion_f128r2_b128r2_fused_backward_ce82b75948.so,"[""-DSAD_QAOA_FUSE_COST_RX=0"", ""-DSAD_QAOA_FUSED_BACKWARD=2""]"
qaoa,20,8,fused-backward,optimized,f128r2_b128r2,7,1.393064,0.036168000000000006,3.802323,5.231554999999999,-10.763304821885574,8.881784197001252e-15,7.105427357601002e-15,9.74975584715494e-15,1,libsad_fusion_f128r2_b128r2_fused_backward_ce82b75948.so,"[""-DSAD_QAOA_FUSE_COST_RX=0"", ""-DSAD_QAOA_FUSED_BACKWARD=2""]"
qaoa,20,8,fused-backward,optimized,f128r2_b128r2,8,1.392197,0.266495,4.234684,5.893376,-10.763304821885574,8.881784197001252e-15,7.105427357601002e-15,9.74975584715494e-15,1,libsad_fusion_f128r2_b128r2_fused_backward_ce82b75948.so,"[""-DSAD_QAOA_FUSE_COST_RX=0"", ""-DSAD_QAOA_FUSED_BACKWARD=2""]"
qaoa,26,8,fused-both,optimized,f64r4_b128r3,6,123.103379,3.021339,320.260387,446.38510499999995,-13.992296268451234,3.552713678800501e-15,8.08242361927114e-14,1.062116197027744e-13,1,libsad_fusion_f64r4_b128r3_fused_both_f60ba618ce.so,"[""-DSAD_FORWARD_BLOCK_THREADS=64"", ""-DSAD_FORWARD_REGISTER_BITS=4"", ""-DSAD_BLOCK_THREADS=128"", ""-DSAD_REGISTER_BITS=3"", ""-DSAD_QAOA_FUSE_COST_RX=1"", ""-DSAD_QAOA_FUSED_BACKWARD=2""]"
qaoa,26,8,fused-both,optimized,f64r4_b128r3,7,119.96791,3.100206,319.729672,442.797788,-13.992296268451234,3.552713678800501e-15,8.08242361927114e-14,1.062116197027744e-13,1,libsad_fusion_f64r4_b128r3_fused_both_f60ba618ce.so,"[""-DSAD_FORWARD_BLOCK_THREADS=64"", ""-DSAD_FORWARD_REGISTER_BITS=4"", ""-DSAD_BLOCK_THREADS=128"", ""-DSAD_REGISTER_BITS=3"", ""-DSAD_QAOA_FUSE_COST_RX=1"", ""-DSAD_QAOA_FUSED_BACKWARD=2""]"
qaoa,26,8,fused-both,optimized,f64r4_b128r3,8,121.930848,2.786621,322.84405300000003,447.56152199999997,-13.992296268451234,3.552713678800501e-15,8.08242361927114e-14,1.062116197027744e-13,1,libsad_fusion_f64r4_b128r3_fused_both_f60ba618ce.so,"[""-DSAD_FORWARD_BLOCK_THREADS=64"", ""-DSAD_FORWARD_REGISTER_BITS=4"", ""-DSAD_BLOCK_THREADS=128"", ""-DSAD_REGISTER_BITS=3"", ""-DSAD_QAOA_FUSE_COST_RX=1"", ""-DSAD_QAOA_FUSED_BACKWARD=2""]"
xxz-hva,24,8,separate-matchings,optimized,f128r3_b32r3,6,72.366818,1.6055760000000001,231.373537,305.34593099999995,0.10889026816899189,1.3877787807814457e-17,1.8041124150158794e-16,8.8393488958268e-16,1,libsad_fusion_f128r3_b32r3_separate_matchings_6a54a88064.so,"[""-DSAD_FORWARD_BLOCK_THREADS=128"", ""-DSAD_FORWARD_REGISTER_BITS=3"", ""-DSAD_BLOCK_THREADS=32"", ""-DSAD_REGISTER_BITS=3"", ""-DSAD_XXZ_CROSS_MATCHING=0""]"
xxz-hva,24,8,separate-matchings,optimized,f128r3_b32r3,7,71.37522799999999,1.6771850000000001,230.994593,304.047006,0.10889026816899189,1.3877787807814457e-17,1.8041124150158794e-16,8.8393488958268e-16,1,libsad_fusion_f128r3_b32r3_separate_matchings_6a54a88064.so,"[""-DSAD_FORWARD_BLOCK_THREADS=128"", ""-DSAD_FORWARD_REGISTER_BITS=3"", ""-DSAD_BLOCK_THREADS=32"", ""-DSAD_REGISTER_BITS=3"", ""-DSAD_XXZ_CROSS_MATCHING=0""]"
xxz-hva,24,8,separate-matchings,optimized,f128r3_b32r3,8,69.636922,1.758668,231.65991,303.05550000000005,0.10889026816899189,1.3877787807814457e-17,1.8041124150158794e-16,8.8393488958268e-16,1,libsad_fusion_f128r3_b32r3_separate_matchings_6a54a88064.so,"[""-DSAD_FORWARD_BLOCK_THREADS=128"", ""-DSAD_FORWARD_REGISTER_BITS=3"", ""-DSAD_BLOCK_THREADS=32"", ""-DSAD_REGISTER_BITS=3"", ""-DSAD_XXZ_CROSS_MATCHING=0""]"
ra-hea,26,8,complex-fused-forward,optimized,f64r4_b64r4,6,109.018542,11.276482000000001,363.803134,484.098158,-0.1413459554188985,0.0,1.6653345369377348e-16,5.901145101168506e-16,1,libsad_fusion_f64r4_b64r4_complex_fused_forward_4fbad961c2.so,"[""-DSAD_FORWARD_BLOCK_THREADS=64"", ""-DSAD_FORWARD_REGISTER_BITS=4"", ""-DSAD_BLOCK_THREADS=64"", ""-DSAD_REGISTER_BITS=4"", ""-DSAD_REAL_AMPLITUDE=0"", ""-DSAD_RA_FORWARD_FUSED=1"", ""-DSAD_RA_BACKWARD_FUSED=0""]"
ra-hea,26,8,complex-fused-forward,optimized,f64r4_b64r4,7,110.544713,11.894218,368.26163699999995,490.700568,-0.1413459554188985,0.0,1.6653345369377348e-16,5.901145101168506e-16,1,libsad_fusion_f64r4_b64r4_complex_fused_forward_4fbad961c2.so,"[""-DSAD_FORWARD_BLOCK_THREADS=64"", ""-DSAD_FORWARD_REGISTER_BITS=4"", ""-DSAD_BLOCK_THREADS=64"", ""-DSAD_REGISTER_BITS=4"", ""-DSAD_REAL_AMPLITUDE=0"", ""-DSAD_RA_FORWARD_FUSED=1"", ""-DSAD_RA_BACKWARD_FUSED=0""]"
ra-hea,26,8,complex-fused-forward,optimized,f64r4_b64r4,8,109.48674199999999,11.92084,363.058686,484.466268,-0.1413459554188985,0.0,1.6653345369377348e-16,5.901145101168506e-16,1,libsad_fusion_f64r4_b64r4_complex_fused_forward_4fbad961c2.so,"[""-DSAD_FORWARD_BLOCK_THREADS=64"", ""-DSAD_FORWARD_REGISTER_BITS=4"", ""-DSAD_BLOCK_THREADS=64"", ""-DSAD_REGISTER_BITS=4"", ""-DSAD_REAL_AMPLITUDE=0"", ""-DSAD_RA_FORWARD_FUSED=1"", ""-DSAD_RA_BACKWARD_FUSED=0""]"
ra-hea,20,8,real-fused-both,optimized,f64r4_b64r4,6,0.818196,0.20882900000000001,2.0314579999999998,3.058483,0.033727665114380745,2.0816681711721685e-17,2.498001805406602e-16,6.284656614580782e-16,1,libsad_fusion_f64r4_b64r4_real_fused_both_e60c482693.so,"[""-DSAD_FORWARD_BLOCK_THREADS=64"", ""-DSAD_FORWARD_REGISTER_BITS=4"", ""-DSAD_BLOCK_THREADS=64"", ""-DSAD_REGISTER_BITS=4"", ""-DSAD_REAL_AMPLITUDE=1""]"
ra-hea,20,8,real-fused-both,optimized,f64r4_b64r4,7,0.965721,0.31061300000000003,2.0362929999999997,3.312627,0.033727665114380745,2.0816681711721685e-17,2.498001805406602e-16,6.284656614580782e-16,1,libsad_fusion_f64r4_b64r4_real_fused_both_e60c482693.so,"[""-DSAD_FORWARD_BLOCK_THREADS=64"", ""-DSAD_FORWARD_REGISTER_BITS=4"", ""-DSAD_BLOCK_THREADS=64"", ""-DSAD_REGISTER_BITS=4"", ""-DSAD_REAL_AMPLITUDE=1""]"
ra-hea,20,8,real-fused-both,optimized,f64r4_b64r4,8,1.091945,0.209375,2.263078,3.5643979999999997,0.033727665114380745,2.0816681711721685e-17,2.498001805406602e-16,6.284656614580782e-16,1,libsad_fusion_f64r4_b64r4_real_fused_both_e60c482693.so,"[""-DSAD_FORWARD_BLOCK_THREADS=64"", ""-DSAD_FORWARD_REGISTER_BITS=4"", ""-DSAD_BLOCK_THREADS=64"", ""-DSAD_REGISTER_BITS=4"", ""-DSAD_REAL_AMPLITUDE=1""]"
rzz-hea,20,8,split-forward_combined-backward,optimized,f128r2_b128r2,6,2.000389,0.10171999999999999,6.331818999999999,8.433928,0.7166911626593799,1.887379141862766e-15,2.7755575615628914e-15,8.573050051239237e-15,1,libsad_fusion_f128r2_b128r2_split_forward_combined_backward_121d23564d.so,"[""-DSAD_RZZ_FORWARD_FUSED=0"", ""-DSAD_RZZ_BACKWARD_STRATEGY=1""]"
rzz-hea,20,8,split-forward_combined-backward,optimized,f128r2_b128r2,7,2.0182059999999997,0.096705,5.88142,7.996330999999999,0.7166911626593799,1.887379141862766e-15,2.7755575615628914e-15,8.573050051239237e-15,1,libsad_fusion_f128r2_b128r2_split_forward_combined_backward_121d23564d.so,"[""-DSAD_RZZ_FORWARD_FUSED=0"", ""-DSAD_RZZ_BACKWARD_STRATEGY=1""]"
rzz-hea,20,8,split-forward_combined-backward,optimized,f128r2_b128r2,8,1.880858,0.09741899999999999,5.880657,7.858934,0.7166911626593799,1.887379141862766e-15,2.7755575615628914e-15,8.573050051239237e-15,1,libsad_fusion_f128r2_b128r2_split_forward_combined_backward_121d23564d.so,"[""-DSAD_RZZ_FORWARD_FUSED=0"", ""-DSAD_RZZ_BACKWARD_STRATEGY=1""]"
su2-hea,24,8,auto,optimized,f128r3_b64r4,6,26.879257,1.7533379999999998,101.99682899999999,130.629424,-0.045394002210347645,1.249000902703301e-16,5.689893001203927e-16,1.7455594670402558e-15,1,libsad_fusion_f128r3_b64r4_auto_a330c9365c.so,"[""-DSAD_FORWARD_BLOCK_THREADS=128"", ""-DSAD_FORWARD_REGISTER_BITS=3"", ""-DSAD_BLOCK_THREADS=64"", ""-DSAD_REGISTER_BITS=4""]"
su2-hea,24,8,auto,optimized,f128r3_b64r4,7,26.370724000000003,1.937411,102.723828,131.031963,-0.045394002210347645,1.249000902703301e-16,5.689893001203927e-16,1.7455594670402558e-15,1,libsad_fusion_f128r3_b64r4_auto_a330c9365c.so,"[""-DSAD_FORWARD_BLOCK_THREADS=128"", ""-DSAD_FORWARD_REGISTER_BITS=3"", ""-DSAD_BLOCK_THREADS=64"", ""-DSAD_REGISTER_BITS=4""]"
su2-hea,24,8,auto,optimized,f128r3_b64r4,8,26.14432,2.028412,101.656764,129.82949599999998,-0.045394002210347645,1.249000902703301e-16,5.689893001203927e-16,1.7455594670402558e-15,1,libsad_fusion_f128r3_b64r4_auto_a330c9365c.so,"[""-DSAD_FORWARD_BLOCK_THREADS=128"", ""-DSAD_FORWARD_REGISTER_BITS=3"", ""-DSAD_BLOCK_THREADS=64"", ""-DSAD_REGISTER_BITS=4""]"
su2-hea,24,8,phased-forward_lookup-backward,optimized,f128r3_b64r4,6,41.222139,1.7511219999999998,99.2743,142.247561,-0.04539400221034763,1.1102230246251565e-16,6.106226635438361e-16,1.8151515612310037e-15,1,libsad_fusion_f128r3_b64r4_phased_forward_lookup_backward_7df21f009d.so,"[""-DSAD_FORWARD_BLOCK_THREADS=128"", ""-DSAD_FORWARD_REGISTER_BITS=3"", ""-DSAD_BLOCK_THREADS=64"", ""-DSAD_REGISTER_BITS=4"", ""-DSAD_SU2_FORWARD_STRATEGY=2"", ""-DSAD_SU2_BACKWARD_STRATEGY=1""]"
su2-hea,24,8,phased-forward_lookup-backward,optimized,f128r3_b64r4,7,42.294116,1.731223,99.598751,143.62409,-0.04539400221034763,1.1102230246251565e-16,6.106226635438361e-16,1.8151515612310037e-15,1,libsad_fusion_f128r3_b64r4_phased_forward_lookup_backward_7df21f009d.so,"[""-DSAD_FORWARD_BLOCK_THREADS=128"", ""-DSAD_FORWARD_REGISTER_BITS=3"", ""-DSAD_BLOCK_THREADS=64"", ""-DSAD_REGISTER_BITS=4"", ""-DSAD_SU2_FORWARD_STRATEGY=2"", ""-DSAD_SU2_BACKWARD_STRATEGY=1""]"
su2-hea,24,8,phased-forward_lookup-backward,optimized,f128r3_b64r4,8,41.990483000000005,1.71529,100.27764,143.983413,-0.04539400221034763,1.1102230246251565e-16,6.106226635438361e-16,1.8151515612310037e-15,1,libsad_fusion_f128r3_b64r4_phased_forward_lookup_backward_7df21f009d.so,"[""-DSAD_FORWARD_BLOCK_THREADS=128"", ""-DSAD_FORWARD_REGISTER_BITS=3"", ""-DSAD_BLOCK_THREADS=64"", ""-DSAD_REGISTER_BITS=4"", ""-DSAD_SU2_FORWARD_STRATEGY=2"", ""-DSAD_SU2_BACKWARD_STRATEGY=1""]"
su2-hea,26,8,lookup-forward_split-backward,optimized,f128r3_b64r4,6,118.71088400000001,11.647704,426.526766,556.885354,-0.15118700614836517,1.6653345369377348e-16,1.1102230246251565e-16,5.95394953995218e-16,1,libsad_fusion_f128r3_b64r4_lookup_forward_split_backward_d2cc1cb087.so,"[""-DSAD_FORWARD_BLOCK_THREADS=128"", ""-DSAD_FORWARD_REGISTER_BITS=3"", ""-DSAD_BLOCK_THREADS=64"", ""-DSAD_REGISTER_BITS=4"", ""-DSAD_SU2_FORWARD_STRATEGY=1"", ""-DSAD_SU2_BACKWARD_STRATEGY=0""]"
su2-hea,26,8,lookup-forward_split-backward,optimized,f128r3_b64r4,7,123.357065,11.125193,438.918606,573.400864,-0.15118700614836517,1.6653345369377348e-16,1.1102230246251565e-16,5.95394953995218e-16,1,libsad_fusion_f128r3_b64r4_lookup_forward_split_backward_d2cc1cb087.so,"[""-DSAD_FORWARD_BLOCK_THREADS=128"", ""-DSAD_FORWARD_REGISTER_BITS=3"", ""-DSAD_BLOCK_THREADS=64"", ""-DSAD_REGISTER_BITS=4"", ""-DSAD_SU2_FORWARD_STRATEGY=1"", ""-DSAD_SU2_BACKWARD_STRATEGY=0""]"
su2-hea,26,8,lookup-forward_split-backward,optimized,f128r3_b64r4,8,119.286609,10.930011,432.948792,563.1654120000001,-0.15118700614836517,1.6653345369377348e-16,1.1102230246251565e-16,5.95394953995218e-16,1,libsad_fusion_f128r3_b64r4_lookup_forward_split_backward_d2cc1cb087.so,"[""-DSAD_FORWARD_BLOCK_THREADS=128"", ""-DSAD_FORWARD_REGISTER_BITS=3"", ""-DSAD_BLOCK_THREADS=64"", ""-DSAD_REGISTER_BITS=4"", ""-DSAD_SU2_FORWARD_STRATEGY=1"", ""-DSAD_SU2_BACKWARD_STRATEGY=0""]"
rzz-hea,26,8,split-forward_combined-backward,optimized,f64r4_b128r3,6,176.178582,11.605444,474.61651900000004,662.400545,2.3880453507405326,0.0,2.55351295663786e-15,1.0955078587500938e-14,1,libsad_fusion_f64r4_b128r3_split_forward_combined_backward_f6c4a67e44.so,"[""-DSAD_FORWARD_BLOCK_THREADS=64"", ""-DSAD_FORWARD_REGISTER_BITS=4"", ""-DSAD_BLOCK_THREADS=128"", ""-DSAD_REGISTER_BITS=3"", ""-DSAD_RZZ_FORWARD_FUSED=0"", ""-DSAD_RZZ_BACKWARD_STRATEGY=1""]"
rzz-hea,26,8,split-forward_combined-backward,optimized,f64r4_b128r3,7,176.607036,12.177768,474.137375,662.922179,2.3880453507405326,0.0,2.55351295663786e-15,1.0955078587500938e-14,1,libsad_fusion_f64r4_b128r3_split_forward_combined_backward_f6c4a67e44.so,"[""-DSAD_FORWARD_BLOCK_THREADS=64"", ""-DSAD_FORWARD_REGISTER_BITS=4"", ""-DSAD_BLOCK_THREADS=128"", ""-DSAD_REGISTER_BITS=3"", ""-DSAD_RZZ_FORWARD_FUSED=0"", ""-DSAD_RZZ_BACKWARD_STRATEGY=1""]"
rzz-hea,26,8,split-forward_combined-backward,optimized,f64r4_b128r3,8,176.94259100000002,12.304506,477.404864,666.651961,2.3880453507405326,0.0,2.55351295663786e-15,1.0955078587500938e-14,1,libsad_fusion_f64r4_b128r3_split_forward_combined_backward_f6c4a67e44.so,"[""-DSAD_FORWARD_BLOCK_THREADS=64"", ""-DSAD_FORWARD_REGISTER_BITS=4"", ""-DSAD_BLOCK_THREADS=128"", ""-DSAD_REGISTER_BITS=3"", ""-DSAD_RZZ_FORWARD_FUSED=0"", ""-DSAD_RZZ_BACKWARD_STRATEGY=1""]"
rzz-hea,20,8,fused-forward_fused-backward,optimized,f128r2_b128r2,6,1.655491,0.101796,6.117139,7.874426000000001,0.7166911626593798,1.7763568394002505e-15,2.6645352591003757e-15,1.0080547373919549e-14,1,libsad_fusion_f128r2_b128r2_fused_forward_fused_backward_484792bfd4.so,"[""-DSAD_RZZ_FORWARD_FUSED=1"", ""-DSAD_RZZ_BACKWARD_STRATEGY=2""]"
rzz-hea,20,8,fused-forward_fused-backward,optimized,f128r2_b128r2,7,1.781019,0.258341,6.924626,8.963986,0.7166911626593798,1.7763568394002505e-15,2.6645352591003757e-15,1.0080547373919549e-14,1,libsad_fusion_f128r2_b128r2_fused_forward_fused_backward_484792bfd4.so,"[""-DSAD_RZZ_FORWARD_FUSED=1"", ""-DSAD_RZZ_BACKWARD_STRATEGY=2""]"
rzz-hea,20,8,fused-forward_fused-backward,optimized,f128r2_b128r2,8,1.962536,0.24156000000000002,6.517557,8.721653,0.7166911626593798,1.7763568394002505e-15,2.6645352591003757e-15,1.0080547373919549e-14,1,libsad_fusion_f128r2_b128r2_fused_forward_fused_backward_484792bfd4.so,"[""-DSAD_RZZ_FORWARD_FUSED=1"", ""-DSAD_RZZ_BACKWARD_STRATEGY=2""]"
rzz-hea,26,8,fused-forward_combined-backward,optimized,f64r4_b128r3,6,154.13913000000002,11.887571,477.012106,643.0388069999999,2.388045350740535,2.220446049250313e-15,2.886579864025407e-15,1.1383910687547905e-14,1,libsad_fusion_f64r4_b128r3_fused_forward_combined_backward_19b76466fc.so,"[""-DSAD_FORWARD_BLOCK_THREADS=64"", ""-DSAD_FORWARD_REGISTER_BITS=4"", ""-DSAD_BLOCK_THREADS=128"", ""-DSAD_REGISTER_BITS=3"", ""-DSAD_RZZ_FORWARD_FUSED=1"", ""-DSAD_RZZ_BACKWARD_STRATEGY=1""]"
rzz-hea,26,8,fused-forward_combined-backward,optimized,f64r4_b128r3,7,155.561272,11.34098,477.157159,644.059411,2.388045350740535,2.220446049250313e-15,2.886579864025407e-15,1.1383910687547905e-14,1,libsad_fusion_f64r4_b128r3_fused_forward_combined_backward_19b76466fc.so,"[""-DSAD_FORWARD_BLOCK_THREADS=64"", ""-DSAD_FORWARD_REGISTER_BITS=4"", ""-DSAD_BLOCK_THREADS=128"", ""-DSAD_REGISTER_BITS=3"", ""-DSAD_RZZ_FORWARD_FUSED=1"", ""-DSAD_RZZ_BACKWARD_STRATEGY=1""]"
rzz-hea,26,8,fused-forward_combined-backward,optimized,f64r4_b128r3,8,155.71790099999998,10.042311999999999,477.83558700000003,643.5957999999999,2.388045350740535,2.220446049250313e-15,2.886579864025407e-15,1.1383910687547905e-14,1,libsad_fusion_f64r4_b128r3_fused_forward_combined_backward_19b76466fc.so,"[""-DSAD_FORWARD_BLOCK_THREADS=64"", ""-DSAD_FORWARD_REGISTER_BITS=4"", ""-DSAD_BLOCK_THREADS=128"", ""-DSAD_REGISTER_BITS=3"", ""-DSAD_RZZ_FORWARD_FUSED=1"", ""-DSAD_RZZ_BACKWARD_STRATEGY=1""]"
su2-hea,20,8,phased-forward_split-backward,optimized,f128r3_b64r4,6,2.1913300000000002,0.102241,5.007066,7.300637,-0.12535282831387856,1.3877787807814457e-16,3.673276960380889e-16,1.4370918239339603e-15,1,libsad_fusion_f128r3_b64r4_phased_forward_split_backward_2a4d35d553.so,"[""-DSAD_FORWARD_BLOCK_THREADS=128"", ""-DSAD_FORWARD_REGISTER_BITS=3"", ""-DSAD_BLOCK_THREADS=64"", ""-DSAD_REGISTER_BITS=4"", ""-DSAD_SU2_FORWARD_STRATEGY=2"", ""-DSAD_SU2_BACKWARD_STRATEGY=0""]"
su2-hea,20,8,phased-forward_split-backward,optimized,f128r3_b64r4,7,2.6481999999999997,0.097736,4.715356000000001,7.461292,-0.12535282831387856,1.3877787807814457e-16,3.673276960380889e-16,1.4370918239339603e-15,1,libsad_fusion_f128r3_b64r4_phased_forward_split_backward_2a4d35d553.so,"[""-DSAD_FORWARD_BLOCK_THREADS=128"", ""-DSAD_FORWARD_REGISTER_BITS=3"", ""-DSAD_BLOCK_THREADS=64"", ""-DSAD_REGISTER_BITS=4"", ""-DSAD_SU2_FORWARD_STRATEGY=2"", ""-DSAD_SU2_BACKWARD_STRATEGY=0""]"
su2-hea,20,8,phased-forward_split-backward,optimized,f128r3_b64r4,8,2.2270139999999996,0.101678,5.191858,7.520549999999999,-0.12535282831387856,1.3877787807814457e-16,3.673276960380889e-16,1.4370918239339603e-15,1,libsad_fusion_f128r3_b64r4_phased_forward_split_backward_2a4d35d553.so,"[""-DSAD_FORWARD_BLOCK_THREADS=128"", ""-DSAD_FORWARD_REGISTER_BITS=3"", ""-DSAD_BLOCK_THREADS=64"", ""-DSAD_REGISTER_BITS=4"", ""-DSAD_SU2_FORWARD_STRATEGY=2"", ""-DSAD_SU2_BACKWARD_STRATEGY=0""]"
su2-hea,26,8,split-forward_lookup-backward,optimized,f128r3_b64r4,6,147.649026,11.832039,442.745926,602.226991,-0.151187006148365,0.0,1.790234627208065e-15,3.879450760969316e-15,1,libsad_fusion_f128r3_b64r4_split_forward_lookup_backward_14001066e2.so,"[""-DSAD_FORWARD_BLOCK_THREADS=128"", ""-DSAD_FORWARD_REGISTER_BITS=3"", ""-DSAD_BLOCK_THREADS=64"", ""-DSAD_REGISTER_BITS=4"", ""-DSAD_SU2_FORWARD_STRATEGY=0"", ""-DSAD_SU2_BACKWARD_STRATEGY=1""]"
su2-hea,26,8,split-forward_lookup-backward,optimized,f128r3_b64r4,7,147.71632300000002,10.946678,446.039154,604.7021550000001,-0.151187006148365,0.0,1.790234627208065e-15,3.879450760969316e-15,1,libsad_fusion_f128r3_b64r4_split_forward_lookup_backward_14001066e2.so,"[""-DSAD_FORWARD_BLOCK_THREADS=128"", ""-DSAD_FORWARD_REGISTER_BITS=3"", ""-DSAD_BLOCK_THREADS=64"", ""-DSAD_REGISTER_BITS=4"", ""-DSAD_SU2_FORWARD_STRATEGY=0"", ""-DSAD_SU2_BACKWARD_STRATEGY=1""]"
su2-hea,26,8,split-forward_lookup-backward,optimized,f128r3_b64r4,8,147.706011,11.403831,441.65008700000004,600.759929,-0.151187006148365,0.0,1.790234627208065e-15,3.879450760969316e-15,1,libsad_fusion_f128r3_b64r4_split_forward_lookup_backward_14001066e2.so,"[""-DSAD_FORWARD_BLOCK_THREADS=128"", ""-DSAD_FORWARD_REGISTER_BITS=3"", ""-DSAD_BLOCK_THREADS=64"", ""-DSAD_REGISTER_BITS=4"", ""-DSAD_SU2_FORWARD_STRATEGY=0"", ""-DSAD_SU2_BACKWARD_STRATEGY=1""]"
su2-hea,24,8,lookup-forward_split-backward,optimized,f128r3_b64r4,6,26.612713,1.895814,95.830563,124.33908999999998,-0.04539400221034756,4.163336342344337e-17,3.608224830031759e-16,8.564866912061088e-16,1,libsad_fusion_f128r3_b64r4_lookup_forward_split_backward_d2cc1cb087.so,"[""-DSAD_FORWARD_BLOCK_THREADS=128"", ""-DSAD_FORWARD_REGISTER_BITS=3"", ""-DSAD_BLOCK_THREADS=64"", ""-DSAD_REGISTER_BITS=4"", ""-DSAD_SU2_FORWARD_STRATEGY=1"", ""-DSAD_SU2_BACKWARD_STRATEGY=0""]"
su2-hea,24,8,lookup-forward_split-backward,optimized,f128r3_b64r4,7,26.955682000000003,2.0007900000000003,94.264844,123.221316,-0.04539400221034756,4.163336342344337e-17,3.608224830031759e-16,8.564866912061088e-16,1,libsad_fusion_f128r3_b64r4_lookup_forward_split_backward_d2cc1cb087.so,"[""-DSAD_FORWARD_BLOCK_THREADS=128"", ""-DSAD_FORWARD_REGISTER_BITS=3"", ""-DSAD_BLOCK_THREADS=64"", ""-DSAD_REGISTER_BITS=4"", ""-DSAD_SU2_FORWARD_STRATEGY=1"", ""-DSAD_SU2_BACKWARD_STRATEGY=0""]"
su2-hea,24,8,lookup-forward_split-backward,optimized,f128r3_b64r4,8,26.651112,1.736694,94.90816000000001,123.295966,-0.04539400221034756,4.163336342344337e-17,3.608224830031759e-16,8.564866912061088e-16,1,libsad_fusion_f128r3_b64r4_lookup_forward_split_backward_d2cc1cb087.so,"[""-DSAD_FORWARD_BLOCK_THREADS=128"", ""-DSAD_FORWARD_REGISTER_BITS=3"", ""-DSAD_BLOCK_THREADS=64"", ""-DSAD_REGISTER_BITS=4"", ""-DSAD_SU2_FORWARD_STRATEGY=1"", ""-DSAD_SU2_BACKWARD_STRATEGY=0""]"
qaoa,20,8,split-both,optimized,f128r2_b128r2,6,1.555007,0.289888,4.470428,6.315323,-10.763304821885582,1.7763568394002505e-15,7.105427357601002e-15,9.805224261780594e-15,1,libsad_fusion_f128r2_b128r2_split_both_4da203f407.so,"[""-DSAD_QAOA_FUSE_COST_RX=0"", ""-DSAD_QAOA_FUSED_BACKWARD=0""]"
qaoa,20,8,split-both,optimized,f128r2_b128r2,7,1.541946,0.038477,3.837983,5.418406000000001,-10.763304821885582,1.7763568394002505e-15,7.105427357601002e-15,9.805224261780594e-15,1,libsad_fusion_f128r2_b128r2_split_both_4da203f407.so,"[""-DSAD_QAOA_FUSE_COST_RX=0"", ""-DSAD_QAOA_FUSED_BACKWARD=0""]"
qaoa,20,8,split-both,optimized,f128r2_b128r2,8,1.4075330000000001,0.281131,4.251932,5.940596,-10.763304821885582,1.7763568394002505e-15,7.105427357601002e-15,9.805224261780594e-15,1,libsad_fusion_f128r2_b128r2_split_both_4da203f407.so,"[""-DSAD_QAOA_FUSE_COST_RX=0"", ""-DSAD_QAOA_FUSED_BACKWARD=0""]"
ra-hea,20,8,complex-fused-backward,optimized,f64r4_b64r4,6,1.587431,0.335548,4.575903,6.498882,0.033727665114380787,2.0816681711721685e-17,2.7755575615628914e-16,5.540558041924384e-16,1,libsad_fusion_f64r4_b64r4_complex_fused_backward_dfc4d7af68.so,"[""-DSAD_FORWARD_BLOCK_THREADS=64"", ""-DSAD_FORWARD_REGISTER_BITS=4"", ""-DSAD_BLOCK_THREADS=64"", ""-DSAD_REGISTER_BITS=4"", ""-DSAD_REAL_AMPLITUDE=0"", ""-DSAD_RA_FORWARD_FUSED=0"", ""-DSAD_RA_BACKWARD_FUSED=1""]"
ra-hea,20,8,complex-fused-backward,optimized,f64r4_b64r4,7,1.607197,0.343006,4.285407,6.23561,0.033727665114380787,2.0816681711721685e-17,2.7755575615628914e-16,5.540558041924384e-16,1,libsad_fusion_f64r4_b64r4_complex_fused_backward_dfc4d7af68.so,"[""-DSAD_FORWARD_BLOCK_THREADS=64"", ""-DSAD_FORWARD_REGISTER_BITS=4"", ""-DSAD_BLOCK_THREADS=64"", ""-DSAD_REGISTER_BITS=4"", ""-DSAD_REAL_AMPLITUDE=0"", ""-DSAD_RA_FORWARD_FUSED=0"", ""-DSAD_RA_BACKWARD_FUSED=1""]"
ra-hea,20,8,complex-fused-backward,optimized,f64r4_b64r4,8,1.597132,0.101974,4.786983,6.486089,0.033727665114380787,2.0816681711721685e-17,2.7755575615628914e-16,5.540558041924384e-16,1,libsad_fusion_f64r4_b64r4_complex_fused_backward_dfc4d7af68.so,"[""-DSAD_FORWARD_BLOCK_THREADS=64"", ""-DSAD_FORWARD_REGISTER_BITS=4"", ""-DSAD_BLOCK_THREADS=64"", ""-DSAD_REGISTER_BITS=4"", ""-DSAD_REAL_AMPLITUDE=0"", ""-DSAD_RA_FORWARD_FUSED=0"", ""-DSAD_RA_BACKWARD_FUSED=1""]"
xxz-hva,26,8,cross-matching,optimized,f128r3_b32r3,6,299.900825,8.697961000000001,1003.76471,1312.363496,0.06018530253593123,1.3877787807814457e-17,1.0186296250935811e-14,2.3245032478819445e-14,1,libsad_fusion_f128r3_b32r3_cross_matching_448a98da88.so,"[""-DSAD_FORWARD_BLOCK_THREADS=128"", ""-DSAD_FORWARD_REGISTER_BITS=3"", ""-DSAD_BLOCK_THREADS=32"", ""-DSAD_REGISTER_BITS=3"", ""-DSAD_XXZ_CROSS_MATCHING=1""]"
xxz-hva,26,8,cross-matching,optimized,f128r3_b32r3,7,300.793635,7.587773,1006.3689810000001,1314.750389,0.06018530253593123,1.3877787807814457e-17,1.0186296250935811e-14,2.3245032478819445e-14,1,libsad_fusion_f128r3_b32r3_cross_matching_448a98da88.so,"[""-DSAD_FORWARD_BLOCK_THREADS=128"", ""-DSAD_FORWARD_REGISTER_BITS=3"", ""-DSAD_BLOCK_THREADS=32"", ""-DSAD_REGISTER_BITS=3"", ""-DSAD_XXZ_CROSS_MATCHING=1""]"
xxz-hva,26,8,cross-matching,optimized,f128r3_b32r3,8,297.54438700000003,9.25049,1004.9538920000001,1311.748769,0.06018530253593123,1.3877787807814457e-17,1.0186296250935811e-14,2.3245032478819445e-14,1,libsad_fusion_f128r3_b32r3_cross_matching_448a98da88.so,"[""-DSAD_FORWARD_BLOCK_THREADS=128"", ""-DSAD_FORWARD_REGISTER_BITS=3"", ""-DSAD_BLOCK_THREADS=32"", ""-DSAD_REGISTER_BITS=3"", ""-DSAD_XXZ_CROSS_MATCHING=1""]"
qaoa,24,8,fused-forward,optimized,f64r3_b64r4,6,25.996876,0.697377,82.927611,109.621864,-12.915965786262674,7.105427357601002e-15,1.0658141036401503e-14,1.7351475293422654e-14,1,libsad_fusion_f64r3_b64r4_fused_forward_f3f77f428b.so,"[""-DSAD_FORWARD_BLOCK_THREADS=64"", ""-DSAD_FORWARD_REGISTER_BITS=3"", ""-DSAD_BLOCK_THREADS=64"", ""-DSAD_REGISTER_BITS=4"", ""-DSAD_QAOA_FUSE_COST_RX=1"", ""-DSAD_QAOA_FUSED_BACKWARD=0""]"
qaoa,24,8,fused-forward,optimized,f64r3_b64r4,7,26.648873,0.703183,80.61516400000001,107.96722,-12.915965786262674,7.105427357601002e-15,1.0658141036401503e-14,1.7351475293422654e-14,1,libsad_fusion_f64r3_b64r4_fused_forward_f3f77f428b.so,"[""-DSAD_FORWARD_BLOCK_THREADS=64"", ""-DSAD_FORWARD_REGISTER_BITS=3"", ""-DSAD_BLOCK_THREADS=64"", ""-DSAD_REGISTER_BITS=4"", ""-DSAD_QAOA_FUSE_COST_RX=1"", ""-DSAD_QAOA_FUSED_BACKWARD=0""]"
qaoa,24,8,fused-forward,optimized,f64r3_b64r4,8,26.745067000000002,0.701983,81.03858799999999,108.485638,-12.915965786262674,7.105427357601002e-15,1.0658141036401503e-14,1.7351475293422654e-14,1,libsad_fusion_f64r3_b64r4_fused_forward_f3f77f428b.so,"[""-DSAD_FORWARD_BLOCK_THREADS=64"", ""-DSAD_FORWARD_REGISTER_BITS=3"", ""-DSAD_BLOCK_THREADS=64"", ""-DSAD_REGISTER_BITS=4"", ""-DSAD_QAOA_FUSE_COST_RX=1"", ""-DSAD_QAOA_FUSED_BACKWARD=0""]"
su2-hea,20,8,auto,optimized,f128r3_b64r4,6,1.564043,0.33926300000000004,5.551895,7.455201,-0.12535282831387862,1.942890293094024e-16,1.3877787807814457e-16,5.522799039709974e-16,1,libsad_fusion_f128r3_b64r4_auto_a330c9365c.so,"[""-DSAD_FORWARD_BLOCK_THREADS=128"", ""-DSAD_FORWARD_REGISTER_BITS=3"", ""-DSAD_BLOCK_THREADS=64"", ""-DSAD_REGISTER_BITS=4""]"
su2-hea,20,8,auto,optimized,f128r3_b64r4,7,1.573176,0.09904900000000001,4.863287,6.535512000000001,-0.12535282831387862,1.942890293094024e-16,1.3877787807814457e-16,5.522799039709974e-16,1,libsad_fusion_f128r3_b64r4_auto_a330c9365c.so,"[""-DSAD_FORWARD_BLOCK_THREADS=128"", ""-DSAD_FORWARD_REGISTER_BITS=3"", ""-DSAD_BLOCK_THREADS=64"", ""-DSAD_REGISTER_BITS=4""]"
su2-hea,20,8,auto,optimized,f128r3_b64r4,8,1.4347590000000001,0.096456,5.3840010000000005,6.915216,-0.12535282831387862,1.942890293094024e-16,1.3877787807814457e-16,5.522799039709974e-16,1,libsad_fusion_f128r3_b64r4_auto_a330c9365c.so,"[""-DSAD_FORWARD_BLOCK_THREADS=128"", ""-DSAD_FORWARD_REGISTER_BITS=3"", ""-DSAD_BLOCK_THREADS=64"", ""-DSAD_REGISTER_BITS=4""]"
rzz-hea,20,8,auto,optimized,f128r2_b128r2,6,1.625689,0.39420900000000003,6.190627,8.210525,0.7166911626593798,1.7763568394002505e-15,2.4424906541753444e-15,1.031312020333891e-14,1,libsad_fusion_f128r2_b128r2_auto_e3b0c44298.so,[]
rzz-hea,20,8,auto,optimized,f128r2_b128r2,7,1.626573,0.09346700000000001,6.050662,7.770702,0.7166911626593798,1.7763568394002505e-15,2.4424906541753444e-15,1.031312020333891e-14,1,libsad_fusion_f128r2_b128r2_auto_e3b0c44298.so,[]
rzz-hea,20,8,auto,optimized,f128r2_b128r2,8,1.77553,0.258447,7.0599,9.093877,0.7166911626593798,1.7763568394002505e-15,2.4424906541753444e-15,1.031312020333891e-14,1,libsad_fusion_f128r2_b128r2_auto_e3b0c44298.so,[]
qaoa,26,8,fused-forward,optimized,f64r4_b128r3,6,119.588603,3.615974,352.306463,475.51104,-13.99229626845123,0.0,1.0658141036401503e-14,1.6085978455292544e-14,1,libsad_fusion_f64r4_b128r3_fused_forward_ee1f10dcea.so,"[""-DSAD_FORWARD_BLOCK_THREADS=64"", ""-DSAD_FORWARD_REGISTER_BITS=4"", ""-DSAD_BLOCK_THREADS=128"", ""-DSAD_REGISTER_BITS=3"", ""-DSAD_QAOA_FUSE_COST_RX=1"", ""-DSAD_QAOA_FUSED_BACKWARD=0""]"
qaoa,26,8,fused-forward,optimized,f64r4_b128r3,7,120.30534800000001,3.3640250000000003,351.170563,474.839936,-13.99229626845123,0.0,1.0658141036401503e-14,1.6085978455292544e-14,1,libsad_fusion_f64r4_b128r3_fused_forward_ee1f10dcea.so,"[""-DSAD_FORWARD_BLOCK_THREADS=64"", ""-DSAD_FORWARD_REGISTER_BITS=4"", ""-DSAD_BLOCK_THREADS=128"", ""-DSAD_REGISTER_BITS=3"", ""-DSAD_QAOA_FUSE_COST_RX=1"", ""-DSAD_QAOA_FUSED_BACKWARD=0""]"
qaoa,26,8,fused-forward,optimized,f64r4_b128r3,8,121.410484,3.16954,353.723114,478.303138,-13.99229626845123,0.0,1.0658141036401503e-14,1.6085978455292544e-14,1,libsad_fusion_f64r4_b128r3_fused_forward_ee1f10dcea.so,"[""-DSAD_FORWARD_BLOCK_THREADS=64"", ""-DSAD_FORWARD_REGISTER_BITS=4"", ""-DSAD_BLOCK_THREADS=128"", ""-DSAD_REGISTER_BITS=3"", ""-DSAD_QAOA_FUSE_COST_RX=1"", ""-DSAD_QAOA_FUSED_BACKWARD=0""]"
su2-hea,24,8,split-forward_phased-backward,optimized,f128r3_b64r4,6,34.03121,1.746084,149.64455199999998,185.421846,-0.04539400221034759,6.938893903907228e-17,5.828670879282072e-16,1.7624161939416788e-15,1,libsad_fusion_f128r3_b64r4_split_forward_phased_backward_a3372de662.so,"[""-DSAD_FORWARD_BLOCK_THREADS=128"", ""-DSAD_FORWARD_REGISTER_BITS=3"", ""-DSAD_BLOCK_THREADS=64"", ""-DSAD_REGISTER_BITS=4"", ""-DSAD_SU2_FORWARD_STRATEGY=0"", ""-DSAD_SU2_BACKWARD_STRATEGY=2""]"
su2-hea,24,8,split-forward_phased-backward,optimized,f128r3_b64r4,7,33.297782999999995,1.9229189999999998,149.597726,184.81842799999998,-0.04539400221034759,6.938893903907228e-17,5.828670879282072e-16,1.7624161939416788e-15,1,libsad_fusion_f128r3_b64r4_split_forward_phased_backward_a3372de662.so,"[""-DSAD_FORWARD_BLOCK_THREADS=128"", ""-DSAD_FORWARD_REGISTER_BITS=3"", ""-DSAD_BLOCK_THREADS=64"", ""-DSAD_REGISTER_BITS=4"", ""-DSAD_SU2_FORWARD_STRATEGY=0"", ""-DSAD_SU2_BACKWARD_STRATEGY=2""]"
su2-hea,24,8,split-forward_phased-backward,optimized,f128r3_b64r4,8,35.410671,1.8933820000000001,147.167069,184.471122,-0.04539400221034759,6.938893903907228e-17,5.828670879282072e-16,1.7624161939416788e-15,1,libsad_fusion_f128r3_b64r4_split_forward_phased_backward_a3372de662.so,"[""-DSAD_FORWARD_BLOCK_THREADS=128"", ""-DSAD_FORWARD_REGISTER_BITS=3"", ""-DSAD_BLOCK_THREADS=64"", ""-DSAD_REGISTER_BITS=4"", ""-DSAD_SU2_FORWARD_STRATEGY=0"", ""-DSAD_SU2_BACKWARD_STRATEGY=2""]"
xxz-hva,26,8,separate-matchings,optimized,f128r3_b32r3,6,301.61780300000004,8.452926,1019.1175020000001,1329.188231,0.06018530253593121,6.938893903907228e-18,3.7470027081099033e-16,1.596251538688832e-15,1,libsad_fusion_f128r3_b32r3_separate_matchings_6a54a88064.so,"[""-DSAD_FORWARD_BLOCK_THREADS=128"", ""-DSAD_FORWARD_REGISTER_BITS=3"", ""-DSAD_BLOCK_THREADS=32"", ""-DSAD_REGISTER_BITS=3"", ""-DSAD_XXZ_CROSS_MATCHING=0""]"
xxz-hva,26,8,separate-matchings,optimized,f128r3_b32r3,7,305.84441899999996,8.213664000000001,1025.611833,1339.6699159999998,0.06018530253593121,6.938893903907228e-18,3.7470027081099033e-16,1.596251538688832e-15,1,libsad_fusion_f128r3_b32r3_separate_matchings_6a54a88064.so,"[""-DSAD_FORWARD_BLOCK_THREADS=128"", ""-DSAD_FORWARD_REGISTER_BITS=3"", ""-DSAD_BLOCK_THREADS=32"", ""-DSAD_REGISTER_BITS=3"", ""-DSAD_XXZ_CROSS_MATCHING=0""]"
xxz-hva,26,8,separate-matchings,optimized,f128r3_b32r3,8,305.04130699999996,8.135010999999999,1032.028998,1345.205316,0.06018530253593121,6.938893903907228e-18,3.7470027081099033e-16,1.596251538688832e-15,1,libsad_fusion_f128r3_b32r3_separate_matchings_6a54a88064.so,"[""-DSAD_FORWARD_BLOCK_THREADS=128"", ""-DSAD_FORWARD_REGISTER_BITS=3"", ""-DSAD_BLOCK_THREADS=32"", ""-DSAD_REGISTER_BITS=3"", ""-DSAD_XXZ_CROSS_MATCHING=0""]"
ra-hea,24,8,complex-fused-backward,optimized,f64r4_b64r4,6,29.3235,1.72274,68.60911,99.65535,0.20868817063305534,2.220446049250313e-16,1.6653345369377348e-16,5.602590420887232e-16,1,libsad_fusion_f64r4_b64r4_complex_fused_backward_dfc4d7af68.so,"[""-DSAD_FORWARD_BLOCK_THREADS=64"", ""-DSAD_FORWARD_REGISTER_BITS=4"", ""-DSAD_BLOCK_THREADS=64"", ""-DSAD_REGISTER_BITS=4"", ""-DSAD_REAL_AMPLITUDE=0"", ""-DSAD_RA_FORWARD_FUSED=0"", ""-DSAD_RA_BACKWARD_FUSED=1""]"
ra-hea,24,8,complex-fused-backward,optimized,f64r4_b64r4,7,29.577729,2.003139,70.642046,102.222914,0.20868817063305534,2.220446049250313e-16,1.6653345369377348e-16,5.602590420887232e-16,1,libsad_fusion_f64r4_b64r4_complex_fused_backward_dfc4d7af68.so,"[""-DSAD_FORWARD_BLOCK_THREADS=64"", ""-DSAD_FORWARD_REGISTER_BITS=4"", ""-DSAD_BLOCK_THREADS=64"", ""-DSAD_REGISTER_BITS=4"", ""-DSAD_REAL_AMPLITUDE=0"", ""-DSAD_RA_FORWARD_FUSED=0"", ""-DSAD_RA_BACKWARD_FUSED=1""]"
ra-hea,24,8,complex-fused-backward,optimized,f64r4_b64r4,8,28.534487000000002,2.052699,68.295886,98.883072,0.20868817063305534,2.220446049250313e-16,1.6653345369377348e-16,5.602590420887232e-16,1,libsad_fusion_f64r4_b64r4_complex_fused_backward_dfc4d7af68.so,"[""-DSAD_FORWARD_BLOCK_THREADS=64"", ""-DSAD_FORWARD_REGISTER_BITS=4"", ""-DSAD_BLOCK_THREADS=64"", ""-DSAD_REGISTER_BITS=4"", ""-DSAD_REAL_AMPLITUDE=0"", ""-DSAD_RA_FORWARD_FUSED=0"", ""-DSAD_RA_BACKWARD_FUSED=1""]"
rzz-hea,26,8,split-forward_split-backward,optimized,f64r4_b128r3,6,177.30162199999998,10.229489,462.82606100000004,650.357172,2.3880453507405335,8.881784197001252e-16,1.3322676295501878e-15,6.808542582199062e-15,1,libsad_fusion_f64r4_b128r3_split_forward_split_backward_e4d2b694f4.so,"[""-DSAD_FORWARD_BLOCK_THREADS=64"", ""-DSAD_FORWARD_REGISTER_BITS=4"", ""-DSAD_BLOCK_THREADS=128"", ""-DSAD_REGISTER_BITS=3"", ""-DSAD_RZZ_FORWARD_FUSED=0"", ""-DSAD_RZZ_BACKWARD_STRATEGY=0""]"
rzz-hea,26,8,split-forward_split-backward,optimized,f64r4_b128r3,7,175.044586,10.37086,462.48940100000004,647.904847,2.3880453507405335,8.881784197001252e-16,1.3322676295501878e-15,6.808542582199062e-15,1,libsad_fusion_f64r4_b128r3_split_forward_split_backward_e4d2b694f4.so,"[""-DSAD_FORWARD_BLOCK_THREADS=64"", ""-DSAD_FORWARD_REGISTER_BITS=4"", ""-DSAD_BLOCK_THREADS=128"", ""-DSAD_REGISTER_BITS=3"", ""-DSAD_RZZ_FORWARD_FUSED=0"", ""-DSAD_RZZ_BACKWARD_STRATEGY=0""]"
rzz-hea,26,8,split-forward_split-backward,optimized,f64r4_b128r3,8,177.457595,10.935896,462.243546,650.637037,2.3880453507405335,8.881784197001252e-16,1.3322676295501878e-15,6.808542582199062e-15,1,libsad_fusion_f64r4_b128r3_split_forward_split_backward_e4d2b694f4.so,"[""-DSAD_FORWARD_BLOCK_THREADS=64"", ""-DSAD_FORWARD_REGISTER_BITS=4"", ""-DSAD_BLOCK_THREADS=128"", ""-DSAD_REGISTER_BITS=3"", ""-DSAD_RZZ_FORWARD_FUSED=0"", ""-DSAD_RZZ_BACKWARD_STRATEGY=0""]"
ra-hea,26,8,real-fused-both,optimized,f64r4_b64r4,6,67.918502,5.288945,175.79030600000002,248.99775300000002,-0.14134595541889838,1.1102230246251565e-16,2.220446049250313e-16,7.057954954725345e-16,1,libsad_fusion_f64r4_b64r4_real_fused_both_e60c482693.so,"[""-DSAD_FORWARD_BLOCK_THREADS=64"", ""-DSAD_FORWARD_REGISTER_BITS=4"", ""-DSAD_BLOCK_THREADS=64"", ""-DSAD_REGISTER_BITS=4"", ""-DSAD_REAL_AMPLITUDE=1""]"
ra-hea,26,8,real-fused-both,optimized,f64r4_b64r4,7,65.284329,5.501113999999999,178.367426,249.152869,-0.14134595541889838,1.1102230246251565e-16,2.220446049250313e-16,7.057954954725345e-16,1,libsad_fusion_f64r4_b64r4_real_fused_both_e60c482693.so,"[""-DSAD_FORWARD_BLOCK_THREADS=64"", ""-DSAD_FORWARD_REGISTER_BITS=4"", ""-DSAD_BLOCK_THREADS=64"", ""-DSAD_REGISTER_BITS=4"", ""-DSAD_REAL_AMPLITUDE=1""]"
ra-hea,26,8,real-fused-both,optimized,f64r4_b64r4,8,66.709591,5.0542419999999995,177.44633100000001,249.21016400000002,-0.14134595541889838,1.1102230246251565e-16,2.220446049250313e-16,7.057954954725345e-16,1,libsad_fusion_f64r4_b64r4_real_fused_both_e60c482693.so,"[""-DSAD_FORWARD_BLOCK_THREADS=64"", ""-DSAD_FORWARD_REGISTER_BITS=4"", ""-DSAD_BLOCK_THREADS=64"", ""-DSAD_REGISTER_BITS=4"", ""-DSAD_REAL_AMPLITUDE=1""]"
rzz-hea,26,8,split-forward_fused-backward,optimized,f64r4_b128r3,6,176.63736,11.568508999999999,503.590705,691.7965740000001,2.388045350740532,4.440892098500626e-16,1.2878587085651816e-14,5.3573024130283576e-14,1,libsad_fusion_f64r4_b128r3_split_forward_fused_backward_83bff5076d.so,"[""-DSAD_FORWARD_BLOCK_THREADS=64"", ""-DSAD_FORWARD_REGISTER_BITS=4"", ""-DSAD_BLOCK_THREADS=128"", ""-DSAD_REGISTER_BITS=3"", ""-DSAD_RZZ_FORWARD_FUSED=0"", ""-DSAD_RZZ_BACKWARD_STRATEGY=2""]"
rzz-hea,26,8,split-forward_fused-backward,optimized,f64r4_b128r3,7,176.238972,11.539282,501.900182,689.678436,2.388045350740532,4.440892098500626e-16,1.2878587085651816e-14,5.3573024130283576e-14,1,libsad_fusion_f64r4_b128r3_split_forward_fused_backward_83bff5076d.so,"[""-DSAD_FORWARD_BLOCK_THREADS=64"", ""-DSAD_FORWARD_REGISTER_BITS=4"", ""-DSAD_BLOCK_THREADS=128"", ""-DSAD_REGISTER_BITS=3"", ""-DSAD_RZZ_FORWARD_FUSED=0"", ""-DSAD_RZZ_BACKWARD_STRATEGY=2""]"
rzz-hea,26,8,split-forward_fused-backward,optimized,f64r4_b128r3,8,175.596194,12.201049000000001,499.359567,687.1568100000001,2.388045350740532,4.440892098500626e-16,1.2878587085651816e-14,5.3573024130283576e-14,1,libsad_fusion_f64r4_b128r3_split_forward_fused_backward_83bff5076d.so,"[""-DSAD_FORWARD_BLOCK_THREADS=64"", ""-DSAD_FORWARD_REGISTER_BITS=4"", ""-DSAD_BLOCK_THREADS=128"", ""-DSAD_REGISTER_BITS=3"", ""-DSAD_RZZ_FORWARD_FUSED=0"", ""-DSAD_RZZ_BACKWARD_STRATEGY=2""]"
su2-hea,28,8,lookup-forward_phased-backward,optimized,f128r3_b64r4,0,542.967864,93.078183,2719.356699,3355.402746,0.06020763571139579,6.938893903907228e-17,2.248201624865942e-15,5.973654991458969e-15,1,libsad_fusion_f128r3_b64r4_lookup_forward_phased_backward_2210ed799a.so,"[""-DSAD_FORWARD_BLOCK_THREADS=128"", ""-DSAD_FORWARD_REGISTER_BITS=3"", ""-DSAD_BLOCK_THREADS=64"", ""-DSAD_REGISTER_BITS=4"", ""-DSAD_SU2_FORWARD_STRATEGY=1"", ""-DSAD_SU2_BACKWARD_STRATEGY=2""]"
su2-hea,28,8,lookup-forward_phased-backward,optimized,f128r3_b64r4,1,543.078367,96.136917,2714.639638,3353.854922,0.06020763571139579,6.938893903907228e-17,2.248201624865942e-15,5.973654991458969e-15,1,libsad_fusion_f128r3_b64r4_lookup_forward_phased_backward_2210ed799a.so,"[""-DSAD_FORWARD_BLOCK_THREADS=128"", ""-DSAD_FORWARD_REGISTER_BITS=3"", ""-DSAD_BLOCK_THREADS=64"", ""-DSAD_REGISTER_BITS=4"", ""-DSAD_SU2_FORWARD_STRATEGY=1"", ""-DSAD_SU2_BACKWARD_STRATEGY=2""]"
qaoa,28,8,split-both,optimized,f64r4_b128r3,0,581.04134,12.835001,1494.666667,2088.5430079999996,-15.068626750639794,0.0,1.5987211554602254e-14,2.485337833655007e-14,1,libsad_fusion_f64r4_b128r3_split_both_4026bf3948.so,"[""-DSAD_FORWARD_BLOCK_THREADS=64"", ""-DSAD_FORWARD_REGISTER_BITS=4"", ""-DSAD_BLOCK_THREADS=128"", ""-DSAD_REGISTER_BITS=3"", ""-DSAD_QAOA_FUSE_COST_RX=0"", ""-DSAD_QAOA_FUSED_BACKWARD=0""]"
qaoa,28,8,split-both,optimized,f64r4_b128r3,1,583.464875,11.000978,1494.373634,2088.839487,-15.068626750639794,0.0,1.5987211554602254e-14,2.485337833655007e-14,1,libsad_fusion_f64r4_b128r3_split_both_4026bf3948.so,"[""-DSAD_FORWARD_BLOCK_THREADS=64"", ""-DSAD_FORWARD_REGISTER_BITS=4"", ""-DSAD_BLOCK_THREADS=128"", ""-DSAD_REGISTER_BITS=3"", ""-DSAD_QAOA_FUSE_COST_RX=0"", ""-DSAD_QAOA_FUSED_BACKWARD=0""]"
ra-hea,28,8,real-fused-both,optimized,f64r3_b64r4,0,404.007446,30.647406,742.0545619999999,1176.709414,-0.3152249068019165,2.7755575615628914e-16,5.551115123125783e-16,9.737051423497497e-16,1,libsad_fusion_f64r3_b64r4_real_fused_both_c7d7fb0b9a.so,"[""-DSAD_FORWARD_BLOCK_THREADS=64"", ""-DSAD_FORWARD_REGISTER_BITS=3"", ""-DSAD_BLOCK_THREADS=64"", ""-DSAD_REGISTER_BITS=4"", ""-DSAD_REAL_AMPLITUDE=1""]"
ra-hea,28,8,real-fused-both,optimized,f64r3_b64r4,1,403.800701,30.559498,731.139024,1165.4992229999998,-0.3152249068019165,2.7755575615628914e-16,5.551115123125783e-16,9.737051423497497e-16,1,libsad_fusion_f64r3_b64r4_real_fused_both_c7d7fb0b9a.so,"[""-DSAD_FORWARD_BLOCK_THREADS=64"", ""-DSAD_FORWARD_REGISTER_BITS=3"", ""-DSAD_BLOCK_THREADS=64"", ""-DSAD_REGISTER_BITS=4"", ""-DSAD_REAL_AMPLITUDE=1""]"
xxz-hva,28,8,cross-matching,optimized,f128r3_b32r3,0,1296.42885,42.289507,4299.64288,5638.361237000001,0.056513226579606064,1.942890293094024e-16,6.744604874597826e-15,2.7642042362670257e-14,1,libsad_fusion_f128r3_b32r3_cross_matching_448a98da88.so,"[""-DSAD_FORWARD_BLOCK_THREADS=128"", ""-DSAD_FORWARD_REGISTER_BITS=3"", ""-DSAD_BLOCK_THREADS=32"", ""-DSAD_REGISTER_BITS=3"", ""-DSAD_XXZ_CROSS_MATCHING=1""]"
xxz-hva,28,8,cross-matching,optimized,f128r3_b32r3,1,1300.7311020000002,43.840675000000005,4282.305985,5626.877761999999,0.056513226579606064,1.942890293094024e-16,6.744604874597826e-15,2.7642042362670257e-14,1,libsad_fusion_f128r3_b32r3_cross_matching_448a98da88.so,"[""-DSAD_FORWARD_BLOCK_THREADS=128"", ""-DSAD_FORWARD_REGISTER_BITS=3"", ""-DSAD_BLOCK_THREADS=32"", ""-DSAD_REGISTER_BITS=3"", ""-DSAD_XXZ_CROSS_MATCHING=1""]"
rzz-hea,28,8,split-forward_split-backward,optimized,f64r4_b128r3,0,742.234606,95.821291,1946.375395,2784.4312919999998,-0.23429087698165424,1.6653345369377348e-16,2.886579864025407e-15,1.749892260774532e-14,1,libsad_fusion_f64r4_b128r3_split_forward_split_backward_e4d2b694f4.so,"[""-DSAD_FORWARD_BLOCK_THREADS=64"", ""-DSAD_FORWARD_REGISTER_BITS=4"", ""-DSAD_BLOCK_THREADS=128"", ""-DSAD_REGISTER_BITS=3"", ""-DSAD_RZZ_FORWARD_FUSED=0"", ""-DSAD_RZZ_BACKWARD_STRATEGY=0""]"
rzz-hea,28,8,split-forward_split-backward,optimized,f64r4_b128r3,1,742.619692,98.062399,1935.868275,2776.550366,-0.23429087698165424,1.6653345369377348e-16,2.886579864025407e-15,1.749892260774532e-14,1,libsad_fusion_f64r4_b128r3_split_forward_split_backward_e4d2b694f4.so,"[""-DSAD_FORWARD_BLOCK_THREADS=64"", ""-DSAD_FORWARD_REGISTER_BITS=4"", ""-DSAD_BLOCK_THREADS=128"", ""-DSAD_REGISTER_BITS=3"", ""-DSAD_RZZ_FORWARD_FUSED=0"", ""-DSAD_RZZ_BACKWARD_STRATEGY=0""]"
ra-hea,28,8,complex-fused-both,optimized,f64r3_b64r4,0,511.378762,99.890135,1288.673674,1899.942571,-0.3152249068019164,3.885780586188048e-16,1.5265566588595902e-16,6.376427013013389e-16,1,libsad_fusion_f64r3_b64r4_complex_fused_both_c1b6bf87d0.so,"[""-DSAD_FORWARD_BLOCK_THREADS=64"", ""-DSAD_FORWARD_REGISTER_BITS=3"", ""-DSAD_BLOCK_THREADS=64"", ""-DSAD_REGISTER_BITS=4"", ""-DSAD_REAL_AMPLITUDE=0"", ""-DSAD_RA_FORWARD_FUSED=1"", ""-DSAD_RA_BACKWARD_FUSED=1""]"
ra-hea,28,8,complex-fused-both,optimized,f64r3_b64r4,1,510.650728,99.899407,1289.647827,1900.197962,-0.3152249068019164,3.885780586188048e-16,1.5265566588595902e-16,6.376427013013389e-16,1,libsad_fusion_f64r3_b64r4_complex_fused_both_c1b6bf87d0.so,"[""-DSAD_FORWARD_BLOCK_THREADS=64"", ""-DSAD_FORWARD_REGISTER_BITS=3"", ""-DSAD_BLOCK_THREADS=64"", ""-DSAD_REGISTER_BITS=4"", ""-DSAD_REAL_AMPLITUDE=0"", ""-DSAD_RA_FORWARD_FUSED=1"", ""-DSAD_RA_BACKWARD_FUSED=1""]"
su2-hea,28,8,phased-forward_lookup-backward,optimized,f128r3_b64r4,0,763.926552,96.81617,1844.77412,2705.516842,0.06020763571139564,8.326672684688674e-17,2.400857290751901e-15,5.98065329615322e-15,1,libsad_fusion_f128r3_b64r4_phased_forward_lookup_backward_7df21f009d.so,"[""-DSAD_FORWARD_BLOCK_THREADS=128"", ""-DSAD_FORWARD_REGISTER_BITS=3"", ""-DSAD_BLOCK_THREADS=64"", ""-DSAD_REGISTER_BITS=4"", ""-DSAD_SU2_FORWARD_STRATEGY=2"", ""-DSAD_SU2_BACKWARD_STRATEGY=1""]"
su2-hea,28,8,phased-forward_lookup-backward,optimized,f128r3_b64r4,1,766.462302,96.366245,1849.497817,2712.326364,0.06020763571139564,8.326672684688674e-17,2.400857290751901e-15,5.98065329615322e-15,1,libsad_fusion_f128r3_b64r4_phased_forward_lookup_backward_7df21f009d.so,"[""-DSAD_FORWARD_BLOCK_THREADS=128"", ""-DSAD_FORWARD_REGISTER_BITS=3"", ""-DSAD_BLOCK_THREADS=64"", ""-DSAD_REGISTER_BITS=4"", ""-DSAD_SU2_FORWARD_STRATEGY=2"", ""-DSAD_SU2_BACKWARD_STRATEGY=1""]"
rzz-hea,28,8,fused-forward_split-backward,optimized,f64r4_b128r3,0,659.229292,100.39290100000001,1937.368682,2696.990875,-0.23429087698165427,1.942890293094024e-16,2.6645352591003757e-15,1.7536321925890386e-14,1,libsad_fusion_f64r4_b128r3_fused_forward_split_backward_0031417c41.so,"[""-DSAD_FORWARD_BLOCK_THREADS=64"", ""-DSAD_FORWARD_REGISTER_BITS=4"", ""-DSAD_BLOCK_THREADS=128"", ""-DSAD_REGISTER_BITS=3"", ""-DSAD_RZZ_FORWARD_FUSED=1"", ""-DSAD_RZZ_BACKWARD_STRATEGY=0""]"
rzz-hea,28,8,fused-forward_split-backward,optimized,f64r4_b128r3,1,654.116907,100.05338,1939.781502,2693.9517889999997,-0.23429087698165427,1.942890293094024e-16,2.6645352591003757e-15,1.7536321925890386e-14,1,libsad_fusion_f64r4_b128r3_fused_forward_split_backward_0031417c41.so,"[""-DSAD_FORWARD_BLOCK_THREADS=64"", ""-DSAD_FORWARD_REGISTER_BITS=4"", ""-DSAD_BLOCK_THREADS=128"", ""-DSAD_REGISTER_BITS=3"", ""-DSAD_RZZ_FORWARD_FUSED=1"", ""-DSAD_RZZ_BACKWARD_STRATEGY=0""]"
ra-hea,28,8,complex-split,optimized,f64r3_b64r4,0,581.35117,98.476415,1467.560963,2147.388548,-0.3152249068019162,5.551115123125783e-16,2.220446049250313e-16,7.018898441288365e-16,1,libsad_fusion_f64r3_b64r4_complex_split_6e2cdffcbf.so,"[""-DSAD_FORWARD_BLOCK_THREADS=64"", ""-DSAD_FORWARD_REGISTER_BITS=3"", ""-DSAD_BLOCK_THREADS=64"", ""-DSAD_REGISTER_BITS=4"", ""-DSAD_REAL_AMPLITUDE=0"", ""-DSAD_RA_FORWARD_FUSED=0"", ""-DSAD_RA_BACKWARD_FUSED=0""]"
ra-hea,28,8,complex-split,optimized,f64r3_b64r4,1,588.298247,95.02635500000001,1466.870443,2150.195045,-0.3152249068019162,5.551115123125783e-16,2.220446049250313e-16,7.018898441288365e-16,1,libsad_fusion_f64r3_b64r4_complex_split_6e2cdffcbf.so,"[""-DSAD_FORWARD_BLOCK_THREADS=64"", ""-DSAD_FORWARD_REGISTER_BITS=3"", ""-DSAD_BLOCK_THREADS=64"", ""-DSAD_REGISTER_BITS=4"", ""-DSAD_REAL_AMPLITUDE=0"", ""-DSAD_RA_FORWARD_FUSED=0"", ""-DSAD_RA_BACKWARD_FUSED=0""]"
su2-hea,28,8,split-forward_phased-backward,optimized,f128r3_b64r4,0,623.891298,96.36752899999999,2724.9186019999997,3445.177429,0.060207635711395764,4.163336342344337e-17,2.275957200481571e-15,6.005580354434389e-15,1,libsad_fusion_f128r3_b64r4_split_forward_phased_backward_a3372de662.so,"[""-DSAD_FORWARD_BLOCK_THREADS=128"", ""-DSAD_FORWARD_REGISTER_BITS=3"", ""-DSAD_BLOCK_THREADS=64"", ""-DSAD_REGISTER_BITS=4"", ""-DSAD_SU2_FORWARD_STRATEGY=0"", ""-DSAD_SU2_BACKWARD_STRATEGY=2""]"
su2-hea,28,8,split-forward_phased-backward,optimized,f128r3_b64r4,1,623.383832,98.50333,2714.709998,3436.59716,0.060207635711395764,4.163336342344337e-17,2.275957200481571e-15,6.005580354434389e-15,1,libsad_fusion_f128r3_b64r4_split_forward_phased_backward_a3372de662.so,"[""-DSAD_FORWARD_BLOCK_THREADS=128"", ""-DSAD_FORWARD_REGISTER_BITS=3"", ""-DSAD_BLOCK_THREADS=64"", ""-DSAD_REGISTER_BITS=4"", ""-DSAD_SU2_FORWARD_STRATEGY=0"", ""-DSAD_SU2_BACKWARD_STRATEGY=2""]"
su2-hea,28,8,lookup-forward_split-backward,optimized,f128r3_b64r4,0,538.103622,95.7277,1734.163959,2367.995281,0.060207635711395834,1.1102230246251565e-16,2.7755575615628914e-16,1.1316077149565551e-15,1,libsad_fusion_f128r3_b64r4_lookup_forward_split_backward_d2cc1cb087.so,"[""-DSAD_FORWARD_BLOCK_THREADS=128"", ""-DSAD_FORWARD_REGISTER_BITS=3"", ""-DSAD_BLOCK_THREADS=64"", ""-DSAD_REGISTER_BITS=4"", ""-DSAD_SU2_FORWARD_STRATEGY=1"", ""-DSAD_SU2_BACKWARD_STRATEGY=0""]"
su2-hea,28,8,lookup-forward_split-backward,optimized,f128r3_b64r4,1,545.5788729999999,95.428132,1730.595806,2371.6028109999997,0.060207635711395834,1.1102230246251565e-16,2.7755575615628914e-16,1.1316077149565551e-15,1,libsad_fusion_f128r3_b64r4_lookup_forward_split_backward_d2cc1cb087.so,"[""-DSAD_FORWARD_BLOCK_THREADS=128"", ""-DSAD_FORWARD_REGISTER_BITS=3"", ""-DSAD_BLOCK_THREADS=64"", ""-DSAD_REGISTER_BITS=4"", ""-DSAD_SU2_FORWARD_STRATEGY=1"", ""-DSAD_SU2_BACKWARD_STRATEGY=0""]"
rzz-hea,28,8,split-forward_fused-backward,optimized,f64r4_b128r3,0,739.218743,98.282088,2135.0984550000003,2972.599286,-0.23429087698165432,2.498001805406602e-16,6.372680161348399e-14,1.2905783357883886e-13,1,libsad_fusion_f64r4_b128r3_split_forward_fused_backward_83bff5076d.so,"[""-DSAD_FORWARD_BLOCK_THREADS=64"", ""-DSAD_FORWARD_REGISTER_BITS=4"", ""-DSAD_BLOCK_THREADS=128"", ""-DSAD_REGISTER_BITS=3"", ""-DSAD_RZZ_FORWARD_FUSED=0"", ""-DSAD_RZZ_BACKWARD_STRATEGY=2""]"
rzz-hea,28,8,split-forward_fused-backward,optimized,f64r4_b128r3,1,742.191911,98.42031399999999,2139.123696,2979.735921,-0.23429087698165432,2.498001805406602e-16,6.372680161348399e-14,1.2905783357883886e-13,1,libsad_fusion_f64r4_b128r3_split_forward_fused_backward_83bff5076d.so,"[""-DSAD_FORWARD_BLOCK_THREADS=64"", ""-DSAD_FORWARD_REGISTER_BITS=4"", ""-DSAD_BLOCK_THREADS=128"", ""-DSAD_REGISTER_BITS=3"", ""-DSAD_RZZ_FORWARD_FUSED=0"", ""-DSAD_RZZ_BACKWARD_STRATEGY=2""]"
ra-hea,28,8,complex-fused-backward,optimized,f64r3_b64r4,0,586.92018,96.331714,1303.94702,1987.1989139999998,-0.3152249068019166,1.6653345369377348e-16,2.636779683484747e-16,7.178157386453185e-16,1,libsad_fusion_f64r3_b64r4_complex_fused_backward_c7624bfc0f.so,"[""-DSAD_FORWARD_BLOCK_THREADS=64"", ""-DSAD_FORWARD_REGISTER_BITS=3"", ""-DSAD_BLOCK_THREADS=64"", ""-DSAD_REGISTER_BITS=4"", ""-DSAD_REAL_AMPLITUDE=0"", ""-DSAD_RA_FORWARD_FUSED=0"", ""-DSAD_RA_BACKWARD_FUSED=1""]"
ra-hea,28,8,complex-fused-backward,optimized,f64r3_b64r4,1,585.075494,95.889666,1317.0796819999998,1998.044842,-0.3152249068019166,1.6653345369377348e-16,2.636779683484747e-16,7.178157386453185e-16,1,libsad_fusion_f64r3_b64r4_complex_fused_backward_c7624bfc0f.so,"[""-DSAD_FORWARD_BLOCK_THREADS=64"", ""-DSAD_FORWARD_REGISTER_BITS=3"", ""-DSAD_BLOCK_THREADS=64"", ""-DSAD_REGISTER_BITS=4"", ""-DSAD_REAL_AMPLITUDE=0"", ""-DSAD_RA_FORWARD_FUSED=0"", ""-DSAD_RA_BACKWARD_FUSED=1""]"
qaoa,28,8,auto,optimized,f64r4_b128r3,0,516.801776,13.047301000000001,1368.580343,1898.42942,-15.068626750639796,1.7763568394002505e-15,1.971756091734278e-13,2.7338355479296883e-13,1,libsad_fusion_f64r4_b128r3_auto_ab3f60d452.so,"[""-DSAD_FORWARD_BLOCK_THREADS=64"", ""-DSAD_FORWARD_REGISTER_BITS=4"", ""-DSAD_BLOCK_THREADS=128"", ""-DSAD_REGISTER_BITS=3"", ""-DSAD_QAOA_FUSE_COST_RX=-1"", ""-DSAD_QAOA_FUSED_BACKWARD=1""]"
qaoa,28,8,auto,optimized,f64r4_b128r3,1,521.748035,12.116254999999999,1362.420513,1896.284803,-15.068626750639796,1.7763568394002505e-15,1.971756091734278e-13,2.7338355479296883e-13,1,libsad_fusion_f64r4_b128r3_auto_ab3f60d452.so,"[""-DSAD_FORWARD_BLOCK_THREADS=64"", ""-DSAD_FORWARD_REGISTER_BITS=4"", ""-DSAD_BLOCK_THREADS=128"", ""-DSAD_REGISTER_BITS=3"", ""-DSAD_QAOA_FUSE_COST_RX=-1"", ""-DSAD_QAOA_FUSED_BACKWARD=1""]"
qaoa,28,8,fused-backward,optimized,f64r4_b128r3,0,582.856396,11.295319,1366.2739960000001,1960.425711,-15.06862675063979,3.552713678800501e-15,1.971756091734278e-13,2.7244060929749453e-13,1,libsad_fusion_f64r4_b128r3_fused_backward_341a4da1d1.so,"[""-DSAD_FORWARD_BLOCK_THREADS=64"", ""-DSAD_FORWARD_REGISTER_BITS=4"", ""-DSAD_BLOCK_THREADS=128"", ""-DSAD_REGISTER_BITS=3"", ""-DSAD_QAOA_FUSE_COST_RX=0"", ""-DSAD_QAOA_FUSED_BACKWARD=2""]"
qaoa,28,8,fused-backward,optimized,f64r4_b128r3,1,584.291275,12.087815,1366.2142319999998,1962.593322,-15.06862675063979,3.552713678800501e-15,1.971756091734278e-13,2.7244060929749453e-13,1,libsad_fusion_f64r4_b128r3_fused_backward_341a4da1d1.so,"[""-DSAD_FORWARD_BLOCK_THREADS=64"", ""-DSAD_FORWARD_REGISTER_BITS=4"", ""-DSAD_BLOCK_THREADS=128"", ""-DSAD_REGISTER_BITS=3"", ""-DSAD_QAOA_FUSE_COST_RX=0"", ""-DSAD_QAOA_FUSED_BACKWARD=2""]"
su2-hea,28,8,split-forward_lookup-backward,optimized,f128r3_b64r4,0,620.3638,95.104991,1862.5357170000002,2578.0045080000004,0.0602076357113958,7.632783294297951e-17,2.1649348980190553e-15,5.961786318350425e-15,1,libsad_fusion_f128r3_b64r4_split_forward_lookup_backward_14001066e2.so,"[""-DSAD_FORWARD_BLOCK_THREADS=128"", ""-DSAD_FORWARD_REGISTER_BITS=3"", ""-DSAD_BLOCK_THREADS=64"", ""-DSAD_REGISTER_BITS=4"", ""-DSAD_SU2_FORWARD_STRATEGY=0"", ""-DSAD_SU2_BACKWARD_STRATEGY=1""]"
su2-hea,28,8,split-forward_lookup-backward,optimized,f128r3_b64r4,1,623.4197780000001,98.978501,1859.199205,2581.597484,0.0602076357113958,7.632783294297951e-17,2.1649348980190553e-15,5.961786318350425e-15,1,libsad_fusion_f128r3_b64r4_split_forward_lookup_backward_14001066e2.so,"[""-DSAD_FORWARD_BLOCK_THREADS=128"", ""-DSAD_FORWARD_REGISTER_BITS=3"", ""-DSAD_BLOCK_THREADS=64"", ""-DSAD_REGISTER_BITS=4"", ""-DSAD_SU2_FORWARD_STRATEGY=0"", ""-DSAD_SU2_BACKWARD_STRATEGY=1""]"
rzz-hea,28,8,fused-forward_combined-backward,optimized,f64r4_b128r3,0,660.524891,97.243357,2022.24454,2780.012788,-0.23429087698165435,2.7755575615628914e-16,3.3306690738754696e-15,1.8807787182429816e-14,1,libsad_fusion_f64r4_b128r3_fused_forward_combined_backward_19b76466fc.so,"[""-DSAD_FORWARD_BLOCK_THREADS=64"", ""-DSAD_FORWARD_REGISTER_BITS=4"", ""-DSAD_BLOCK_THREADS=128"", ""-DSAD_REGISTER_BITS=3"", ""-DSAD_RZZ_FORWARD_FUSED=1"", ""-DSAD_RZZ_BACKWARD_STRATEGY=1""]"
rzz-hea,28,8,fused-forward_combined-backward,optimized,f64r4_b128r3,1,657.044203,98.42306500000001,2019.4086800000002,2774.875948,-0.23429087698165435,2.7755575615628914e-16,3.3306690738754696e-15,1.8807787182429816e-14,1,libsad_fusion_f64r4_b128r3_fused_forward_combined_backward_19b76466fc.so,"[""-DSAD_FORWARD_BLOCK_THREADS=64"", ""-DSAD_FORWARD_REGISTER_BITS=4"", ""-DSAD_BLOCK_THREADS=128"", ""-DSAD_REGISTER_BITS=3"", ""-DSAD_RZZ_FORWARD_FUSED=1"", ""-DSAD_RZZ_BACKWARD_STRATEGY=1""]"
su2-hea,28,8,phased-forward_split-backward,optimized,f128r3_b64r4,0,768.745886,97.67559,1727.639347,2594.060823,0.06020763571139557,1.5265566588595902e-16,1.3877787807814457e-16,7.170766363213318e-16,1,libsad_fusion_f128r3_b64r4_phased_forward_split_backward_2a4d35d553.so,"[""-DSAD_FORWARD_BLOCK_THREADS=128"", ""-DSAD_FORWARD_REGISTER_BITS=3"", ""-DSAD_BLOCK_THREADS=64"", ""-DSAD_REGISTER_BITS=4"", ""-DSAD_SU2_FORWARD_STRATEGY=2"", ""-DSAD_SU2_BACKWARD_STRATEGY=0""]"
su2-hea,28,8,phased-forward_split-backward,optimized,f128r3_b64r4,1,771.113099,99.466248,1729.57621,2600.155557,0.06020763571139557,1.5265566588595902e-16,1.3877787807814457e-16,7.170766363213318e-16,1,libsad_fusion_f128r3_b64r4_phased_forward_split_backward_2a4d35d553.so,"[""-DSAD_FORWARD_BLOCK_THREADS=128"", ""-DSAD_FORWARD_REGISTER_BITS=3"", ""-DSAD_BLOCK_THREADS=64"", ""-DSAD_REGISTER_BITS=4"", ""-DSAD_SU2_FORWARD_STRATEGY=2"", ""-DSAD_SU2_BACKWARD_STRATEGY=0""]"
qaoa,28,8,fused-both,optimized,f64r4_b128r3,0,520.256598,12.191908,1368.504896,1900.9534019999999,-15.068626750639794,0.0,1.9628743075372768e-13,2.728012490824924e-13,1,libsad_fusion_f64r4_b128r3_fused_both_f60ba618ce.so,"[""-DSAD_FORWARD_BLOCK_THREADS=64"", ""-DSAD_FORWARD_REGISTER_BITS=4"", ""-DSAD_BLOCK_THREADS=128"", ""-DSAD_REGISTER_BITS=3"", ""-DSAD_QAOA_FUSE_COST_RX=1"", ""-DSAD_QAOA_FUSED_BACKWARD=2""]"
qaoa,28,8,fused-both,optimized,f64r4_b128r3,1,520.337049,12.09139,1370.001845,1902.430284,-15.068626750639794,0.0,1.9628743075372768e-13,2.728012490824924e-13,1,libsad_fusion_f64r4_b128r3_fused_both_f60ba618ce.so,"[""-DSAD_FORWARD_BLOCK_THREADS=64"", ""-DSAD_FORWARD_REGISTER_BITS=4"", ""-DSAD_BLOCK_THREADS=128"", ""-DSAD_REGISTER_BITS=3"", ""-DSAD_QAOA_FUSE_COST_RX=1"", ""-DSAD_QAOA_FUSED_BACKWARD=2""]"
su2-hea,28,8,lookup-forward_lookup-backward,optimized,f128r3_b64r4,0,543.598568,96.78690900000001,1850.538298,2490.9237749999998,0.0602076357113958,7.632783294297951e-17,2.1510571102112408e-15,5.960640936665972e-15,1,libsad_fusion_f128r3_b64r4_lookup_forward_lookup_backward_7b8f8fcfcf.so,"[""-DSAD_FORWARD_BLOCK_THREADS=128"", ""-DSAD_FORWARD_REGISTER_BITS=3"", ""-DSAD_BLOCK_THREADS=64"", ""-DSAD_REGISTER_BITS=4"", ""-DSAD_SU2_FORWARD_STRATEGY=1"", ""-DSAD_SU2_BACKWARD_STRATEGY=1""]"
su2-hea,28,8,lookup-forward_lookup-backward,optimized,f128r3_b64r4,1,539.0575359999999,100.63765500000001,1851.226772,2490.921963,0.0602076357113958,7.632783294297951e-17,2.1510571102112408e-15,5.960640936665972e-15,1,libsad_fusion_f128r3_b64r4_lookup_forward_lookup_backward_7b8f8fcfcf.so,"[""-DSAD_FORWARD_BLOCK_THREADS=128"", ""-DSAD_FORWARD_REGISTER_BITS=3"", ""-DSAD_BLOCK_THREADS=64"", ""-DSAD_REGISTER_BITS=4"", ""-DSAD_SU2_FORWARD_STRATEGY=1"", ""-DSAD_SU2_BACKWARD_STRATEGY=1""]"
qaoa,28,8,fused-forward,optimized,f64r4_b128r3,0,522.6301559999999,12.140414999999999,1489.679722,2024.450293,-15.06862675063979,3.552713678800501e-15,1.0658141036401503e-14,1.7012152850329047e-14,1,libsad_fusion_f64r4_b128r3_fused_forward_ee1f10dcea.so,"[""-DSAD_FORWARD_BLOCK_THREADS=64"", ""-DSAD_FORWARD_REGISTER_BITS=4"", ""-DSAD_BLOCK_THREADS=128"", ""-DSAD_REGISTER_BITS=3"", ""-DSAD_QAOA_FUSE_COST_RX=1"", ""-DSAD_QAOA_FUSED_BACKWARD=0""]"
qaoa,28,8,fused-forward,optimized,f64r4_b128r3,1,520.047322,12.869314,1497.538973,2030.455609,-15.06862675063979,3.552713678800501e-15,1.0658141036401503e-14,1.7012152850329047e-14,1,libsad_fusion_f64r4_b128r3_fused_forward_ee1f10dcea.so,"[""-DSAD_FORWARD_BLOCK_THREADS=64"", ""-DSAD_FORWARD_REGISTER_BITS=4"", ""-DSAD_BLOCK_THREADS=128"", ""-DSAD_REGISTER_BITS=3"", ""-DSAD_QAOA_FUSE_COST_RX=1"", ""-DSAD_QAOA_FUSED_BACKWARD=0""]"
xxz-hva,28,8,separate-matchings,optimized,f128r3_b32r3,0,1329.24577,41.683521,4374.467637999999,5745.396929,0.056513226579606175,3.0531133177191805e-16,1.6653345369377348e-16,9.45321486000096e-16,1,libsad_fusion_f128r3_b32r3_separate_matchings_6a54a88064.so,"[""-DSAD_FORWARD_BLOCK_THREADS=128"", ""-DSAD_FORWARD_REGISTER_BITS=3"", ""-DSAD_BLOCK_THREADS=32"", ""-DSAD_REGISTER_BITS=3"", ""-DSAD_XXZ_CROSS_MATCHING=0""]"
xxz-hva,28,8,separate-matchings,optimized,f128r3_b32r3,1,1326.293504,47.116595,4382.803808000001,5756.213907,0.056513226579606175,3.0531133177191805e-16,1.6653345369377348e-16,9.45321486000096e-16,1,libsad_fusion_f128r3_b32r3_separate_matchings_6a54a88064.so,"[""-DSAD_FORWARD_BLOCK_THREADS=128"", ""-DSAD_FORWARD_REGISTER_BITS=3"", ""-DSAD_BLOCK_THREADS=32"", ""-DSAD_REGISTER_BITS=3"", ""-DSAD_XXZ_CROSS_MATCHING=0""]"
rzz-hea,28,8,auto,optimized,f64r4_b128r3,0,660.165466,97.795646,2122.587387,2880.5484989999995,-0.23429087698165443,3.608224830031759e-16,6.372680161348399e-14,1.2886440934265927e-13,1,libsad_fusion_f64r4_b128r3_auto_3fefadc5a9.so,"[""-DSAD_FORWARD_BLOCK_THREADS=64"", ""-DSAD_FORWARD_REGISTER_BITS=4"", ""-DSAD_BLOCK_THREADS=128"", ""-DSAD_REGISTER_BITS=3""]"
rzz-hea,28,8,auto,optimized,f64r4_b128r3,1,659.820196,95.415341,2130.861871,2886.097408,-0.23429087698165443,3.608224830031759e-16,6.372680161348399e-14,1.2886440934265927e-13,1,libsad_fusion_f64r4_b128r3_auto_3fefadc5a9.so,"[""-DSAD_FORWARD_BLOCK_THREADS=64"", ""-DSAD_FORWARD_REGISTER_BITS=4"", ""-DSAD_BLOCK_THREADS=128"", ""-DSAD_REGISTER_BITS=3""]"
su2-hea,28,8,split-forward_split-backward,optimized,f128r3_b64r4,0,629.103458,96.71992399999999,1727.612736,2453.436118,0.06020763571139576,3.469446951953614e-17,3.0531133177191805e-16,1.1779962754384955e-15,1,libsad_fusion_f128r3_b64r4_split_forward_split_backward_4cfb67b4b9.so,"[""-DSAD_FORWARD_BLOCK_THREADS=128"", ""-DSAD_FORWARD_REGISTER_BITS=3"", ""-DSAD_BLOCK_THREADS=64"", ""-DSAD_REGISTER_BITS=4"", ""-DSAD_SU2_FORWARD_STRATEGY=0"", ""-DSAD_SU2_BACKWARD_STRATEGY=0""]"
su2-hea,28,8,split-forward_split-backward,optimized,f128r3_b64r4,1,620.623203,99.804778,1721.986461,2442.4144420000002,0.06020763571139576,3.469446951953614e-17,3.0531133177191805e-16,1.1779962754384955e-15,1,libsad_fusion_f128r3_b64r4_split_forward_split_backward_4cfb67b4b9.so,"[""-DSAD_FORWARD_BLOCK_THREADS=128"", ""-DSAD_FORWARD_REGISTER_BITS=3"", ""-DSAD_BLOCK_THREADS=64"", ""-DSAD_REGISTER_BITS=4"", ""-DSAD_SU2_FORWARD_STRATEGY=0"", ""-DSAD_SU2_BACKWARD_STRATEGY=0""]"
su2-hea,28,8,auto,optimized,f128r3_b64r4,0,778.276951,95.131743,1731.5562,2604.964894,0.060207635711395605,1.1796119636642288e-16,2.220446049250313e-16,7.903702865752821e-16,1,libsad_fusion_f128r3_b64r4_auto_a330c9365c.so,"[""-DSAD_FORWARD_BLOCK_THREADS=128"", ""-DSAD_FORWARD_REGISTER_BITS=3"", ""-DSAD_BLOCK_THREADS=64"", ""-DSAD_REGISTER_BITS=4""]"
su2-hea,28,8,auto,optimized,f128r3_b64r4,1,770.000817,93.226062,1723.473921,2586.7008,0.060207635711395605,1.1796119636642288e-16,2.220446049250313e-16,7.903702865752821e-16,1,libsad_fusion_f128r3_b64r4_auto_a330c9365c.so,"[""-DSAD_FORWARD_BLOCK_THREADS=128"", ""-DSAD_FORWARD_REGISTER_BITS=3"", ""-DSAD_BLOCK_THREADS=64"", ""-DSAD_REGISTER_BITS=4""]"
rzz-hea,28,8,split-forward_combined-backward,optimized,f64r4_b128r3,0,740.293815,97.301755,2007.898388,2845.493958,-0.23429087698165413,5.551115123125783e-17,3.774758283725532e-15,1.890920466951972e-14,1,libsad_fusion_f64r4_b128r3_split_forward_combined_backward_f6c4a67e44.so,"[""-DSAD_FORWARD_BLOCK_THREADS=64"", ""-DSAD_FORWARD_REGISTER_BITS=4"", ""-DSAD_BLOCK_THREADS=128"", ""-DSAD_REGISTER_BITS=3"", ""-DSAD_RZZ_FORWARD_FUSED=0"", ""-DSAD_RZZ_BACKWARD_STRATEGY=1""]"
rzz-hea,28,8,split-forward_combined-backward,optimized,f64r4_b128r3,1,740.978622,101.8143,2008.645715,2851.438637,-0.23429087698165413,5.551115123125783e-17,3.774758283725532e-15,1.890920466951972e-14,1,libsad_fusion_f64r4_b128r3_split_forward_combined_backward_f6c4a67e44.so,"[""-DSAD_FORWARD_BLOCK_THREADS=64"", ""-DSAD_FORWARD_REGISTER_BITS=4"", ""-DSAD_BLOCK_THREADS=128"", ""-DSAD_REGISTER_BITS=3"", ""-DSAD_RZZ_FORWARD_FUSED=0"", ""-DSAD_RZZ_BACKWARD_STRATEGY=1""]"
su2-hea,28,8,phased-forward_phased-backward,optimized,f128r3_b64r4,0,768.131099,96.75024,2733.290031,3598.17137,0.060207635711395716,6.938893903907228e-18,2.4702462297909733e-15,6.067080077068663e-15,1,libsad_fusion_f128r3_b64r4_phased_forward_phased_backward_4896db51e9.so,"[""-DSAD_FORWARD_BLOCK_THREADS=128"", ""-DSAD_FORWARD_REGISTER_BITS=3"", ""-DSAD_BLOCK_THREADS=64"", ""-DSAD_REGISTER_BITS=4"", ""-DSAD_SU2_FORWARD_STRATEGY=2"", ""-DSAD_SU2_BACKWARD_STRATEGY=2""]"
su2-hea,28,8,phased-forward_phased-backward,optimized,f128r3_b64r4,1,767.005576,99.595064,2714.119174,3580.719814,0.060207635711395716,6.938893903907228e-18,2.4702462297909733e-15,6.067080077068663e-15,1,libsad_fusion_f128r3_b64r4_phased_forward_phased_backward_4896db51e9.so,"[""-DSAD_FORWARD_BLOCK_THREADS=128"", ""-DSAD_FORWARD_REGISTER_BITS=3"", ""-DSAD_BLOCK_THREADS=64"", ""-DSAD_REGISTER_BITS=4"", ""-DSAD_SU2_FORWARD_STRATEGY=2"", ""-DSAD_SU2_BACKWARD_STRATEGY=2""]"
ra-hea,28,8,complex-fused-forward,optimized,f64r3_b64r4,0,517.6851,99.096244,1458.952061,2075.7334050000004,-0.3152249068019163,4.996003610813204e-16,2.3592239273284576e-16,7.220297421662997e-16,1,libsad_fusion_f64r3_b64r4_complex_fused_forward_d0b2aa0afd.so,"[""-DSAD_FORWARD_BLOCK_THREADS=64"", ""-DSAD_FORWARD_REGISTER_BITS=3"", ""-DSAD_BLOCK_THREADS=64"", ""-DSAD_REGISTER_BITS=4"", ""-DSAD_REAL_AMPLITUDE=0"", ""-DSAD_RA_FORWARD_FUSED=1"", ""-DSAD_RA_BACKWARD_FUSED=0""]"
ra-hea,28,8,complex-fused-forward,optimized,f64r3_b64r4,1,514.734238,95.906851,1461.433631,2072.0747199999996,-0.3152249068019163,4.996003610813204e-16,2.3592239273284576e-16,7.220297421662997e-16,1,libsad_fusion_f64r3_b64r4_complex_fused_forward_d0b2aa0afd.so,"[""-DSAD_FORWARD_BLOCK_THREADS=64"", ""-DSAD_FORWARD_REGISTER_BITS=3"", ""-DSAD_BLOCK_THREADS=64"", ""-DSAD_REGISTER_BITS=4"", ""-DSAD_REAL_AMPLITUDE=0"", ""-DSAD_RA_FORWARD_FUSED=1"", ""-DSAD_RA_BACKWARD_FUSED=0""]"
rzz-hea,28,8,fused-forward_fused-backward,optimized,f64r4_b128r3,0,654.390623,98.365508,2128.408011,2881.1641419999996,-0.23429087698165432,2.498001805406602e-16,6.394884621840902e-14,1.2921483981766885e-13,1,libsad_fusion_f64r4_b128r3_fused_forward_fused_backward_9a3cdde8d7.so,"[""-DSAD_FORWARD_BLOCK_THREADS=64"", ""-DSAD_FORWARD_REGISTER_BITS=4"", ""-DSAD_BLOCK_THREADS=128"", ""-DSAD_REGISTER_BITS=3"", ""-DSAD_RZZ_FORWARD_FUSED=1"", ""-DSAD_RZZ_BACKWARD_STRATEGY=2""]"
rzz-hea,28,8,fused-forward_fused-backward,optimized,f64r4_b128r3,1,657.705458,95.58541,2134.607409,2887.8982770000002,-0.23429087698165432,2.498001805406602e-16,6.394884621840902e-14,1.2921483981766885e-13,1,libsad_fusion_f64r4_b128r3_fused_forward_fused_backward_9a3cdde8d7.so,"[""-DSAD_FORWARD_BLOCK_THREADS=64"", ""-DSAD_FORWARD_REGISTER_BITS=4"", ""-DSAD_BLOCK_THREADS=128"", ""-DSAD_REGISTER_BITS=3"", ""-DSAD_RZZ_FORWARD_FUSED=1"", ""-DSAD_RZZ_BACKWARD_STRATEGY=2""]"
su2-hea,28,8,lookup-forward_split-backward,optimized,f128r3_b64r4,2,540.6386090000001,97.85242299999999,1726.5141959999999,2365.005228,0.060207635711395834,1.1102230246251565e-16,2.914335439641036e-16,1.1152004928913748e-15,1,libsad_fusion_f128r3_b64r4_lookup_forward_split_backward_d2cc1cb087.so,"[""-DSAD_FORWARD_BLOCK_THREADS=128"", ""-DSAD_FORWARD_REGISTER_BITS=3"", ""-DSAD_BLOCK_THREADS=64"", ""-DSAD_REGISTER_BITS=4"", ""-DSAD_SU2_FORWARD_STRATEGY=1"", ""-DSAD_SU2_BACKWARD_STRATEGY=0""]"
su2-hea,28,8,lookup-forward_split-backward,optimized,f128r3_b64r4,3,537.177672,99.67670600000001,1725.939951,2362.794329,0.060207635711395834,1.1102230246251565e-16,2.914335439641036e-16,1.1152004928913748e-15,1,libsad_fusion_f128r3_b64r4_lookup_forward_split_backward_d2cc1cb087.so,"[""-DSAD_FORWARD_BLOCK_THREADS=128"", ""-DSAD_FORWARD_REGISTER_BITS=3"", ""-DSAD_BLOCK_THREADS=64"", ""-DSAD_REGISTER_BITS=4"", ""-DSAD_SU2_FORWARD_STRATEGY=1"", ""-DSAD_SU2_BACKWARD_STRATEGY=0""]"
xxz-hva,28,8,cross-matching,optimized,f128r3_b32r3,2,1286.4332160000001,43.397411,4286.508928,5616.339555,0.05651322657960597,9.71445146547012e-17,6.7307270867900115e-15,2.7623735716583414e-14,1,libsad_fusion_f128r3_b32r3_cross_matching_448a98da88.so,"[""-DSAD_FORWARD_BLOCK_THREADS=128"", ""-DSAD_FORWARD_REGISTER_BITS=3"", ""-DSAD_BLOCK_THREADS=32"", ""-DSAD_REGISTER_BITS=3"", ""-DSAD_XXZ_CROSS_MATCHING=1""]"
xxz-hva,28,8,cross-matching,optimized,f128r3_b32r3,3,1291.277544,44.251252,4251.036359000001,5586.565155,0.05651322657960597,9.71445146547012e-17,6.7307270867900115e-15,2.7623735716583414e-14,1,libsad_fusion_f128r3_b32r3_cross_matching_448a98da88.so,"[""-DSAD_FORWARD_BLOCK_THREADS=128"", ""-DSAD_FORWARD_REGISTER_BITS=3"", ""-DSAD_BLOCK_THREADS=32"", ""-DSAD_REGISTER_BITS=3"", ""-DSAD_XXZ_CROSS_MATCHING=1""]"
qaoa,28,8,split-both,optimized,f64r4_b128r3,2,581.432159,12.738968,1477.490351,2071.661478,-15.068626750639794,0.0,2.042810365310288e-14,2.850161123696309e-14,1,libsad_fusion_f64r4_b128r3_split_both_4026bf3948.so,"[""-DSAD_FORWARD_BLOCK_THREADS=64"", ""-DSAD_FORWARD_REGISTER_BITS=4"", ""-DSAD_BLOCK_THREADS=128"", ""-DSAD_REGISTER_BITS=3"", ""-DSAD_QAOA_FUSE_COST_RX=0"", ""-DSAD_QAOA_FUSED_BACKWARD=0""]"
qaoa,28,8,split-both,optimized,f64r4_b128r3,3,582.919597,12.993355999999999,1478.863408,2074.776361,-15.068626750639794,0.0,2.042810365310288e-14,2.850161123696309e-14,1,libsad_fusion_f64r4_b128r3_split_both_4026bf3948.so,"[""-DSAD_FORWARD_BLOCK_THREADS=64"", ""-DSAD_FORWARD_REGISTER_BITS=4"", ""-DSAD_BLOCK_THREADS=128"", ""-DSAD_REGISTER_BITS=3"", ""-DSAD_QAOA_FUSE_COST_RX=0"", ""-DSAD_QAOA_FUSED_BACKWARD=0""]"
rzz-hea,28,8,split-forward_fused-backward,optimized,f64r4_b128r3,2,739.517078,100.402303,2130.339037,2970.2584180000003,-0.23429087698165413,5.551115123125783e-17,6.372680161348399e-14,1.2887796339611376e-13,1,libsad_fusion_f64r4_b128r3_split_forward_fused_backward_83bff5076d.so,"[""-DSAD_FORWARD_BLOCK_THREADS=64"", ""-DSAD_FORWARD_REGISTER_BITS=4"", ""-DSAD_BLOCK_THREADS=128"", ""-DSAD_REGISTER_BITS=3"", ""-DSAD_RZZ_FORWARD_FUSED=0"", ""-DSAD_RZZ_BACKWARD_STRATEGY=2""]"
rzz-hea,28,8,split-forward_fused-backward,optimized,f64r4_b128r3,3,741.764867,96.269094,2125.9036810000002,2963.9376420000003,-0.23429087698165413,5.551115123125783e-17,6.372680161348399e-14,1.2887796339611376e-13,1,libsad_fusion_f64r4_b128r3_split_forward_fused_backward_83bff5076d.so,"[""-DSAD_FORWARD_BLOCK_THREADS=64"", ""-DSAD_FORWARD_REGISTER_BITS=4"", ""-DSAD_BLOCK_THREADS=128"", ""-DSAD_REGISTER_BITS=3"", ""-DSAD_RZZ_FORWARD_FUSED=0"", ""-DSAD_RZZ_BACKWARD_STRATEGY=2""]"
rzz-hea,28,8,fused-forward_split-backward,optimized,f64r4_b128r3,2,656.2749839999999,97.672657,1938.2520240000001,2692.199665,-0.23429087698165424,1.6653345369377348e-16,3.3306690738754696e-15,1.8609729424254624e-14,1,libsad_fusion_f64r4_b128r3_fused_forward_split_backward_0031417c41.so,"[""-DSAD_FORWARD_BLOCK_THREADS=64"", ""-DSAD_FORWARD_REGISTER_BITS=4"", ""-DSAD_BLOCK_THREADS=128"", ""-DSAD_REGISTER_BITS=3"", ""-DSAD_RZZ_FORWARD_FUSED=1"", ""-DSAD_RZZ_BACKWARD_STRATEGY=0""]"
rzz-hea,28,8,fused-forward_split-backward,optimized,f64r4_b128r3,3,656.895301,98.721478,1933.8666440000002,2689.483423,-0.23429087698165424,1.6653345369377348e-16,3.3306690738754696e-15,1.8609729424254624e-14,1,libsad_fusion_f64r4_b128r3_fused_forward_split_backward_0031417c41.so,"[""-DSAD_FORWARD_BLOCK_THREADS=64"", ""-DSAD_FORWARD_REGISTER_BITS=4"", ""-DSAD_BLOCK_THREADS=128"", ""-DSAD_REGISTER_BITS=3"", ""-DSAD_RZZ_FORWARD_FUSED=1"", ""-DSAD_RZZ_BACKWARD_STRATEGY=0""]"
rzz-hea,28,8,split-forward_split-backward,optimized,f64r4_b128r3,2,738.814435,99.15904,1941.604751,2779.578226,-0.23429087698165418,1.1102230246251565e-16,3.3306690738754696e-15,1.7813589172619745e-14,1,libsad_fusion_f64r4_b128r3_split_forward_split_backward_e4d2b694f4.so,"[""-DSAD_FORWARD_BLOCK_THREADS=64"", ""-DSAD_FORWARD_REGISTER_BITS=4"", ""-DSAD_BLOCK_THREADS=128"", ""-DSAD_REGISTER_BITS=3"", ""-DSAD_RZZ_FORWARD_FUSED=0"", ""-DSAD_RZZ_BACKWARD_STRATEGY=0""]"
rzz-hea,28,8,split-forward_split-backward,optimized,f64r4_b128r3,3,738.738212,102.105701,1941.302509,2782.1464220000003,-0.23429087698165418,1.1102230246251565e-16,3.3306690738754696e-15,1.7813589172619745e-14,1,libsad_fusion_f64r4_b128r3_split_forward_split_backward_e4d2b694f4.so,"[""-DSAD_FORWARD_BLOCK_THREADS=64"", ""-DSAD_FORWARD_REGISTER_BITS=4"", ""-DSAD_BLOCK_THREADS=128"", ""-DSAD_REGISTER_BITS=3"", ""-DSAD_RZZ_FORWARD_FUSED=0"", ""-DSAD_RZZ_BACKWARD_STRATEGY=0""]"
su2-hea,28,8,lookup-forward_lookup-backward,optimized,f128r3_b64r4,2,535.935743,97.387694,1842.028799,2475.352236,0.06020763571139582,9.71445146547012e-17,2.1649348980190553e-15,5.9853522931010356e-15,1,libsad_fusion_f128r3_b64r4_lookup_forward_lookup_backward_7b8f8fcfcf.so,"[""-DSAD_FORWARD_BLOCK_THREADS=128"", ""-DSAD_FORWARD_REGISTER_BITS=3"", ""-DSAD_BLOCK_THREADS=64"", ""-DSAD_REGISTER_BITS=4"", ""-DSAD_SU2_FORWARD_STRATEGY=1"", ""-DSAD_SU2_BACKWARD_STRATEGY=1""]"
su2-hea,28,8,lookup-forward_lookup-backward,optimized,f128r3_b64r4,3,539.072482,100.68967500000001,1846.9960350000001,2486.758192,0.06020763571139582,9.71445146547012e-17,2.1649348980190553e-15,5.9853522931010356e-15,1,libsad_fusion_f128r3_b64r4_lookup_forward_lookup_backward_7b8f8fcfcf.so,"[""-DSAD_FORWARD_BLOCK_THREADS=128"", ""-DSAD_FORWARD_REGISTER_BITS=3"", ""-DSAD_BLOCK_THREADS=64"", ""-DSAD_REGISTER_BITS=4"", ""-DSAD_SU2_FORWARD_STRATEGY=1"", ""-DSAD_SU2_BACKWARD_STRATEGY=1""]"
rzz-hea,28,8,fused-forward_combined-backward,optimized,f64r4_b128r3,2,655.6297089999999,99.143506,2001.1951639999997,2755.9683789999995,-0.23429087698165424,1.6653345369377348e-16,2.9976021664879227e-15,1.872653813583374e-14,1,libsad_fusion_f64r4_b128r3_fused_forward_combined_backward_19b76466fc.so,"[""-DSAD_FORWARD_BLOCK_THREADS=64"", ""-DSAD_FORWARD_REGISTER_BITS=4"", ""-DSAD_BLOCK_THREADS=128"", ""-DSAD_REGISTER_BITS=3"", ""-DSAD_RZZ_FORWARD_FUSED=1"", ""-DSAD_RZZ_BACKWARD_STRATEGY=1""]"
rzz-hea,28,8,fused-forward_combined-backward,optimized,f64r4_b128r3,3,657.199518,99.590634,2010.3336289999997,2767.123781,-0.23429087698165424,1.6653345369377348e-16,2.9976021664879227e-15,1.872653813583374e-14,1,libsad_fusion_f64r4_b128r3_fused_forward_combined_backward_19b76466fc.so,"[""-DSAD_FORWARD_BLOCK_THREADS=64"", ""-DSAD_FORWARD_REGISTER_BITS=4"", ""-DSAD_BLOCK_THREADS=128"", ""-DSAD_REGISTER_BITS=3"", ""-DSAD_RZZ_FORWARD_FUSED=1"", ""-DSAD_RZZ_BACKWARD_STRATEGY=1""]"
ra-hea,28,8,real-fused-both,optimized,f64r3_b64r4,2,399.35958999999997,30.042347,729.21832,1158.620257,-0.3152249068019162,5.551115123125783e-16,2.0816681711721685e-16,7.927602359929839e-16,1,libsad_fusion_f64r3_b64r4_real_fused_both_c7d7fb0b9a.so,"[""-DSAD_FORWARD_BLOCK_THREADS=64"", ""-DSAD_FORWARD_REGISTER_BITS=3"", ""-DSAD_BLOCK_THREADS=64"", ""-DSAD_REGISTER_BITS=4"", ""-DSAD_REAL_AMPLITUDE=1""]"
ra-hea,28,8,real-fused-both,optimized,f64r3_b64r4,3,397.693223,30.622407,729.0002049999999,1157.3158349999999,-0.3152249068019162,5.551115123125783e-16,2.0816681711721685e-16,7.927602359929839e-16,1,libsad_fusion_f64r3_b64r4_real_fused_both_c7d7fb0b9a.so,"[""-DSAD_FORWARD_BLOCK_THREADS=64"", ""-DSAD_FORWARD_REGISTER_BITS=3"", ""-DSAD_BLOCK_THREADS=64"", ""-DSAD_REGISTER_BITS=4"", ""-DSAD_REAL_AMPLITUDE=1""]"
su2-hea,28,8,phased-forward_phased-backward,optimized,f128r3_b64r4,2,776.151879,96.00035199999999,2721.0479539999997,3593.2001849999997,0.06020763571139561,1.1102230246251565e-16,2.4702462297909733e-15,6.028250714206391e-15,1,libsad_fusion_f128r3_b64r4_phased_forward_phased_backward_4896db51e9.so,"[""-DSAD_FORWARD_BLOCK_THREADS=128"", ""-DSAD_FORWARD_REGISTER_BITS=3"", ""-DSAD_BLOCK_THREADS=64"", ""-DSAD_REGISTER_BITS=4"", ""-DSAD_SU2_FORWARD_STRATEGY=2"", ""-DSAD_SU2_BACKWARD_STRATEGY=2""]"
su2-hea,28,8,phased-forward_phased-backward,optimized,f128r3_b64r4,3,764.613339,96.42467500000001,2711.885363,3572.923377,0.06020763571139561,1.1102230246251565e-16,2.4702462297909733e-15,6.028250714206391e-15,1,libsad_fusion_f128r3_b64r4_phased_forward_phased_backward_4896db51e9.so,"[""-DSAD_FORWARD_BLOCK_THREADS=128"", ""-DSAD_FORWARD_REGISTER_BITS=3"", ""-DSAD_BLOCK_THREADS=64"", ""-DSAD_REGISTER_BITS=4"", ""-DSAD_SU2_FORWARD_STRATEGY=2"", ""-DSAD_SU2_BACKWARD_STRATEGY=2""]"
rzz-hea,28,8,auto,optimized,f64r4_b128r3,2,657.109374,94.436578,2130.084964,2881.6309159999996,-0.23429087698165435,2.7755575615628914e-16,6.372680161348399e-14,1.2885377672767438e-13,1,libsad_fusion_f64r4_b128r3_auto_3fefadc5a9.so,"[""-DSAD_FORWARD_BLOCK_THREADS=64"", ""-DSAD_FORWARD_REGISTER_BITS=4"", ""-DSAD_BLOCK_THREADS=128"", ""-DSAD_REGISTER_BITS=3""]"
rzz-hea,28,8,auto,optimized,f64r4_b128r3,3,655.5463129999999,100.799463,2134.591071,2890.936847,-0.23429087698165435,2.7755575615628914e-16,6.372680161348399e-14,1.2885377672767438e-13,1,libsad_fusion_f64r4_b128r3_auto_3fefadc5a9.so,"[""-DSAD_FORWARD_BLOCK_THREADS=64"", ""-DSAD_FORWARD_REGISTER_BITS=4"", ""-DSAD_BLOCK_THREADS=128"", ""-DSAD_REGISTER_BITS=3""]"
ra-hea,28,8,complex-split,optimized,f64r3_b64r4,2,584.4768320000001,100.425851,1463.495587,2148.39827,-0.31522490680191645,3.3306690738754696e-16,2.220446049250313e-16,7.179299930240981e-16,1,libsad_fusion_f64r3_b64r4_complex_split_6e2cdffcbf.so,"[""-DSAD_FORWARD_BLOCK_THREADS=64"", ""-DSAD_FORWARD_REGISTER_BITS=3"", ""-DSAD_BLOCK_THREADS=64"", ""-DSAD_REGISTER_BITS=4"", ""-DSAD_REAL_AMPLITUDE=0"", ""-DSAD_RA_FORWARD_FUSED=0"", ""-DSAD_RA_BACKWARD_FUSED=0""]"
ra-hea,28,8,complex-split,optimized,f64r3_b64r4,3,588.0312009999999,96.367913,1470.9512419999999,2155.350356,-0.31522490680191645,3.3306690738754696e-16,2.220446049250313e-16,7.179299930240981e-16,1,libsad_fusion_f64r3_b64r4_complex_split_6e2cdffcbf.so,"[""-DSAD_FORWARD_BLOCK_THREADS=64"", ""-DSAD_FORWARD_REGISTER_BITS=3"", ""-DSAD_BLOCK_THREADS=64"", ""-DSAD_REGISTER_BITS=4"", ""-DSAD_REAL_AMPLITUDE=0"", ""-DSAD_RA_FORWARD_FUSED=0"", ""-DSAD_RA_BACKWARD_FUSED=0""]"
su2-hea,28,8,auto,optimized,f128r3_b64r4,2,770.751657,96.240592,1729.8988259999999,2596.891075,0.06020763571139572,0.0,1.8041124150158794e-16,7.644083305631894e-16,1,libsad_fusion_f128r3_b64r4_auto_a330c9365c.so,"[""-DSAD_FORWARD_BLOCK_THREADS=128"", ""-DSAD_FORWARD_REGISTER_BITS=3"", ""-DSAD_BLOCK_THREADS=64"", ""-DSAD_REGISTER_BITS=4""]"
su2-hea,28,8,auto,optimized,f128r3_b64r4,3,769.731709,99.196445,1726.12331,2595.051464,0.06020763571139572,0.0,1.8041124150158794e-16,7.644083305631894e-16,1,libsad_fusion_f128r3_b64r4_auto_a330c9365c.so,"[""-DSAD_FORWARD_BLOCK_THREADS=128"", ""-DSAD_FORWARD_REGISTER_BITS=3"", ""-DSAD_BLOCK_THREADS=64"", ""-DSAD_REGISTER_BITS=4""]"
ra-hea,28,8,complex-fused-forward,optimized,f64r3_b64r4,2,521.5938610000001,96.47131,1462.334575,2080.3997460000005,-0.3152249068019166,1.6653345369377348e-16,2.220446049250313e-16,7.148859822825347e-16,1,libsad_fusion_f64r3_b64r4_complex_fused_forward_d0b2aa0afd.so,"[""-DSAD_FORWARD_BLOCK_THREADS=64"", ""-DSAD_FORWARD_REGISTER_BITS=3"", ""-DSAD_BLOCK_THREADS=64"", ""-DSAD_REGISTER_BITS=4"", ""-DSAD_REAL_AMPLITUDE=0"", ""-DSAD_RA_FORWARD_FUSED=1"", ""-DSAD_RA_BACKWARD_FUSED=0""]"
ra-hea,28,8,complex-fused-forward,optimized,f64r3_b64r4,3,512.105091,96.307744,1466.311944,2074.724779,-0.3152249068019166,1.6653345369377348e-16,2.220446049250313e-16,7.148859822825347e-16,1,libsad_fusion_f64r3_b64r4_complex_fused_forward_d0b2aa0afd.so,"[""-DSAD_FORWARD_BLOCK_THREADS=64"", ""-DSAD_FORWARD_REGISTER_BITS=3"", ""-DSAD_BLOCK_THREADS=64"", ""-DSAD_REGISTER_BITS=4"", ""-DSAD_REAL_AMPLITUDE=0"", ""-DSAD_RA_FORWARD_FUSED=1"", ""-DSAD_RA_BACKWARD_FUSED=0""]"
qaoa,28,8,fused-forward,optimized,f64r4_b128r3,2,521.047735,11.540775,1488.625122,2021.2136319999997,-15.06862675063979,3.552713678800501e-15,1.7763568394002505e-14,2.267058018011743e-14,1,libsad_fusion_f64r4_b128r3_fused_forward_ee1f10dcea.so,"[""-DSAD_FORWARD_BLOCK_THREADS=64"", ""-DSAD_FORWARD_REGISTER_BITS=4"", ""-DSAD_BLOCK_THREADS=128"", ""-DSAD_REGISTER_BITS=3"", ""-DSAD_QAOA_FUSE_COST_RX=1"", ""-DSAD_QAOA_FUSED_BACKWARD=0""]"
qaoa,28,8,fused-forward,optimized,f64r4_b128r3,3,518.723388,12.802628,1486.27443,2017.800446,-15.06862675063979,3.552713678800501e-15,1.7763568394002505e-14,2.267058018011743e-14,1,libsad_fusion_f64r4_b128r3_fused_forward_ee1f10dcea.so,"[""-DSAD_FORWARD_BLOCK_THREADS=64"", ""-DSAD_FORWARD_REGISTER_BITS=4"", ""-DSAD_BLOCK_THREADS=128"", ""-DSAD_REGISTER_BITS=3"", ""-DSAD_QAOA_FUSE_COST_RX=1"", ""-DSAD_QAOA_FUSED_BACKWARD=0""]"
su2-hea,28,8,phased-forward_split-backward,optimized,f128r3_b64r4,2,764.1867540000001,94.718535,1723.035983,2581.941272,0.060207635711395646,7.632783294297951e-17,1.942890293094024e-16,7.681796196782355e-16,1,libsad_fusion_f128r3_b64r4_phased_forward_split_backward_2a4d35d553.so,"[""-DSAD_FORWARD_BLOCK_THREADS=128"", ""-DSAD_FORWARD_REGISTER_BITS=3"", ""-DSAD_BLOCK_THREADS=64"", ""-DSAD_REGISTER_BITS=4"", ""-DSAD_SU2_FORWARD_STRATEGY=2"", ""-DSAD_SU2_BACKWARD_STRATEGY=0""]"
su2-hea,28,8,phased-forward_split-backward,optimized,f128r3_b64r4,3,764.067227,96.332492,1729.1981890000002,2589.597908,0.060207635711395646,7.632783294297951e-17,1.942890293094024e-16,7.681796196782355e-16,1,libsad_fusion_f128r3_b64r4_phased_forward_split_backward_2a4d35d553.so,"[""-DSAD_FORWARD_BLOCK_THREADS=128"", ""-DSAD_FORWARD_REGISTER_BITS=3"", ""-DSAD_BLOCK_THREADS=64"", ""-DSAD_REGISTER_BITS=4"", ""-DSAD_SU2_FORWARD_STRATEGY=2"", ""-DSAD_SU2_BACKWARD_STRATEGY=0""]"
su2-hea,28,8,split-forward_phased-backward,optimized,f128r3_b64r4,2,624.4886290000001,99.93334800000001,2715.042742,3439.464719,0.06020763571139582,9.71445146547012e-17,2.275957200481571e-15,5.986700058812371e-15,1,libsad_fusion_f128r3_b64r4_split_forward_phased_backward_a3372de662.so,"[""-DSAD_FORWARD_BLOCK_THREADS=128"", ""-DSAD_FORWARD_REGISTER_BITS=3"", ""-DSAD_BLOCK_THREADS=64"", ""-DSAD_REGISTER_BITS=4"", ""-DSAD_SU2_FORWARD_STRATEGY=0"", ""-DSAD_SU2_BACKWARD_STRATEGY=2""]"
su2-hea,28,8,split-forward_phased-backward,optimized,f128r3_b64r4,3,622.741783,96.47080700000001,2724.945045,3444.1576350000005,0.06020763571139582,9.71445146547012e-17,2.275957200481571e-15,5.986700058812371e-15,1,libsad_fusion_f128r3_b64r4_split_forward_phased_backward_a3372de662.so,"[""-DSAD_FORWARD_BLOCK_THREADS=128"", ""-DSAD_FORWARD_REGISTER_BITS=3"", ""-DSAD_BLOCK_THREADS=64"", ""-DSAD_REGISTER_BITS=4"", ""-DSAD_SU2_FORWARD_STRATEGY=0"", ""-DSAD_SU2_BACKWARD_STRATEGY=2""]"
qaoa,28,8,auto,optimized,f64r4_b128r3,2,523.4344990000001,12.107274,1363.315493,1898.857266,-15.068626750639787,7.105427357601002e-15,1.9806378759312793e-13,2.7566817580599166e-13,1,libsad_fusion_f64r4_b128r3_auto_ab3f60d452.so,"[""-DSAD_FORWARD_BLOCK_THREADS=64"", ""-DSAD_FORWARD_REGISTER_BITS=4"", ""-DSAD_BLOCK_THREADS=128"", ""-DSAD_REGISTER_BITS=3"", ""-DSAD_QAOA_FUSE_COST_RX=-1"", ""-DSAD_QAOA_FUSED_BACKWARD=1""]"
qaoa,28,8,auto,optimized,f64r4_b128r3,3,521.48956,12.708414,1363.7946439999998,1897.992618,-15.068626750639787,7.105427357601002e-15,1.9806378759312793e-13,2.7566817580599166e-13,1,libsad_fusion_f64r4_b128r3_auto_ab3f60d452.so,"[""-DSAD_FORWARD_BLOCK_THREADS=64"", ""-DSAD_FORWARD_REGISTER_BITS=4"", ""-DSAD_BLOCK_THREADS=128"", ""-DSAD_REGISTER_BITS=3"", ""-DSAD_QAOA_FUSE_COST_RX=-1"", ""-DSAD_QAOA_FUSED_BACKWARD=1""]"
qaoa,28,8,fused-both,optimized,f64r4_b128r3,2,518.624447,12.915504,1361.5388340000002,1893.0787850000002,-15.068626750639792,1.7763568394002505e-15,1.9628743075372768e-13,2.719466313587488e-13,1,libsad_fusion_f64r4_b128r3_fused_both_f60ba618ce.so,"[""-DSAD_FORWARD_BLOCK_THREADS=64"", ""-DSAD_FORWARD_REGISTER_BITS=4"", ""-DSAD_BLOCK_THREADS=128"", ""-DSAD_REGISTER_BITS=3"", ""-DSAD_QAOA_FUSE_COST_RX=1"", ""-DSAD_QAOA_FUSED_BACKWARD=2""]"
qaoa,28,8,fused-both,optimized,f64r4_b128r3,3,520.151759,12.795838999999999,1361.6379789999999,1894.585577,-15.068626750639792,1.7763568394002505e-15,1.9628743075372768e-13,2.719466313587488e-13,1,libsad_fusion_f64r4_b128r3_fused_both_f60ba618ce.so,"[""-DSAD_FORWARD_BLOCK_THREADS=64"", ""-DSAD_FORWARD_REGISTER_BITS=4"", ""-DSAD_BLOCK_THREADS=128"", ""-DSAD_REGISTER_BITS=3"", ""-DSAD_QAOA_FUSE_COST_RX=1"", ""-DSAD_QAOA_FUSED_BACKWARD=2""]"
qaoa,28,8,fused-backward,optimized,f64r4_b128r3,2,581.9144510000001,12.329365,1355.1516290000002,1949.395445,-15.068626750639792,1.7763568394002505e-15,1.9806378759312793e-13,2.7280468296130465e-13,1,libsad_fusion_f64r4_b128r3_fused_backward_341a4da1d1.so,"[""-DSAD_FORWARD_BLOCK_THREADS=64"", ""-DSAD_FORWARD_REGISTER_BITS=4"", ""-DSAD_BLOCK_THREADS=128"", ""-DSAD_REGISTER_BITS=3"", ""-DSAD_QAOA_FUSE_COST_RX=0"", ""-DSAD_QAOA_FUSED_BACKWARD=2""]"
qaoa,28,8,fused-backward,optimized,f64r4_b128r3,3,582.239737,12.185962,1356.634545,1951.0602439999998,-15.068626750639792,1.7763568394002505e-15,1.9806378759312793e-13,2.7280468296130465e-13,1,libsad_fusion_f64r4_b128r3_fused_backward_341a4da1d1.so,"[""-DSAD_FORWARD_BLOCK_THREADS=64"", ""-DSAD_FORWARD_REGISTER_BITS=4"", ""-DSAD_BLOCK_THREADS=128"", ""-DSAD_REGISTER_BITS=3"", ""-DSAD_QAOA_FUSE_COST_RX=0"", ""-DSAD_QAOA_FUSED_BACKWARD=2""]"
ra-hea,28,8,complex-fused-backward,optimized,f64r3_b64r4,2,585.996734,98.110694,1289.47484,1973.5822679999999,-0.3152249068019166,1.6653345369377348e-16,2.498001805406602e-16,6.681806046847776e-16,1,libsad_fusion_f64r3_b64r4_complex_fused_backward_c7624bfc0f.so,"[""-DSAD_FORWARD_BLOCK_THREADS=64"", ""-DSAD_FORWARD_REGISTER_BITS=3"", ""-DSAD_BLOCK_THREADS=64"", ""-DSAD_REGISTER_BITS=4"", ""-DSAD_REAL_AMPLITUDE=0"", ""-DSAD_RA_FORWARD_FUSED=0"", ""-DSAD_RA_BACKWARD_FUSED=1""]"
ra-hea,28,8,complex-fused-backward,optimized,f64r3_b64r4,3,583.906206,98.133708,1290.320191,1972.360105,-0.3152249068019166,1.6653345369377348e-16,2.498001805406602e-16,6.681806046847776e-16,1,libsad_fusion_f64r3_b64r4_complex_fused_backward_c7624bfc0f.so,"[""-DSAD_FORWARD_BLOCK_THREADS=64"", ""-DSAD_FORWARD_REGISTER_BITS=3"", ""-DSAD_BLOCK_THREADS=64"", ""-DSAD_REGISTER_BITS=4"", ""-DSAD_REAL_AMPLITUDE=0"", ""-DSAD_RA_FORWARD_FUSED=0"", ""-DSAD_RA_BACKWARD_FUSED=1""]"
ra-hea,28,8,complex-fused-both,optimized,f64r3_b64r4,2,514.023313,94.119229,1289.444213,1897.5867549999998,-0.31522490680191645,3.3306690738754696e-16,2.498001805406602e-16,7.93208926315639e-16,1,libsad_fusion_f64r3_b64r4_complex_fused_both_c1b6bf87d0.so,"[""-DSAD_FORWARD_BLOCK_THREADS=64"", ""-DSAD_FORWARD_REGISTER_BITS=3"", ""-DSAD_BLOCK_THREADS=64"", ""-DSAD_REGISTER_BITS=4"", ""-DSAD_REAL_AMPLITUDE=0"", ""-DSAD_RA_FORWARD_FUSED=1"", ""-DSAD_RA_BACKWARD_FUSED=1""]"
ra-hea,28,8,complex-fused-both,optimized,f64r3_b64r4,3,509.64128200000005,97.111384,1292.370425,1899.1230910000002,-0.31522490680191645,3.3306690738754696e-16,2.498001805406602e-16,7.93208926315639e-16,1,libsad_fusion_f64r3_b64r4_complex_fused_both_c1b6bf87d0.so,"[""-DSAD_FORWARD_BLOCK_THREADS=64"", ""-DSAD_FORWARD_REGISTER_BITS=3"", ""-DSAD_BLOCK_THREADS=64"", ""-DSAD_REGISTER_BITS=4"", ""-DSAD_REAL_AMPLITUDE=0"", ""-DSAD_RA_FORWARD_FUSED=1"", ""-DSAD_RA_BACKWARD_FUSED=1""]"
rzz-hea,28,8,fused-forward_fused-backward,optimized,f64r4_b128r3,2,658.260489,100.85105,2132.1222679999996,2891.233807,-0.23429087698165416,8.326672684688674e-17,6.372680161348399e-14,1.288589228120955e-13,1,libsad_fusion_f64r4_b128r3_fused_forward_fused_backward_9a3cdde8d7.so,"[""-DSAD_FORWARD_BLOCK_THREADS=64"", ""-DSAD_FORWARD_REGISTER_BITS=4"", ""-DSAD_BLOCK_THREADS=128"", ""-DSAD_REGISTER_BITS=3"", ""-DSAD_RZZ_FORWARD_FUSED=1"", ""-DSAD_RZZ_BACKWARD_STRATEGY=2""]"
rzz-hea,28,8,fused-forward_fused-backward,optimized,f64r4_b128r3,3,657.1269400000001,99.656953,2134.007012,2890.7909050000003,-0.23429087698165416,8.326672684688674e-17,6.372680161348399e-14,1.288589228120955e-13,1,libsad_fusion_f64r4_b128r3_fused_forward_fused_backward_9a3cdde8d7.so,"[""-DSAD_FORWARD_BLOCK_THREADS=64"", ""-DSAD_FORWARD_REGISTER_BITS=4"", ""-DSAD_BLOCK_THREADS=128"", ""-DSAD_REGISTER_BITS=3"", ""-DSAD_RZZ_FORWARD_FUSED=1"", ""-DSAD_RZZ_BACKWARD_STRATEGY=2""]"
su2-hea,28,8,phased-forward_lookup-backward,optimized,f128r3_b64r4,2,765.437744,95.45811599999999,1849.4161179999999,2710.311978,0.0602076357113956,1.249000902703301e-16,2.400857290751901e-15,5.982095104999215e-15,1,libsad_fusion_f128r3_b64r4_phased_forward_lookup_backward_7df21f009d.so,"[""-DSAD_FORWARD_BLOCK_THREADS=128"", ""-DSAD_FORWARD_REGISTER_BITS=3"", ""-DSAD_BLOCK_THREADS=64"", ""-DSAD_REGISTER_BITS=4"", ""-DSAD_SU2_FORWARD_STRATEGY=2"", ""-DSAD_SU2_BACKWARD_STRATEGY=1""]"
su2-hea,28,8,phased-forward_lookup-backward,optimized,f128r3_b64r4,3,768.987636,96.287874,1847.348646,2712.624156,0.0602076357113956,1.249000902703301e-16,2.400857290751901e-15,5.982095104999215e-15,1,libsad_fusion_f128r3_b64r4_phased_forward_lookup_backward_7df21f009d.so,"[""-DSAD_FORWARD_BLOCK_THREADS=128"", ""-DSAD_FORWARD_REGISTER_BITS=3"", ""-DSAD_BLOCK_THREADS=64"", ""-DSAD_REGISTER_BITS=4"", ""-DSAD_SU2_FORWARD_STRATEGY=2"", ""-DSAD_SU2_BACKWARD_STRATEGY=1""]"
rzz-hea,28,8,split-forward_combined-backward,optimized,f64r4_b128r3,2,743.157478,98.304885,2019.526468,2860.988831,-0.23429087698165416,8.326672684688674e-17,4.218847493575595e-15,1.8722179788825968e-14,1,libsad_fusion_f64r4_b128r3_split_forward_combined_backward_f6c4a67e44.so,"[""-DSAD_FORWARD_BLOCK_THREADS=64"", ""-DSAD_FORWARD_REGISTER_BITS=4"", ""-DSAD_BLOCK_THREADS=128"", ""-DSAD_REGISTER_BITS=3"", ""-DSAD_RZZ_FORWARD_FUSED=0"", ""-DSAD_RZZ_BACKWARD_STRATEGY=1""]"
rzz-hea,28,8,split-forward_combined-backward,optimized,f64r4_b128r3,3,740.761259,99.145552,2016.525643,2856.4324540000002,-0.23429087698165416,8.326672684688674e-17,4.218847493575595e-15,1.8722179788825968e-14,1,libsad_fusion_f64r4_b128r3_split_forward_combined_backward_f6c4a67e44.so,"[""-DSAD_FORWARD_BLOCK_THREADS=64"", ""-DSAD_FORWARD_REGISTER_BITS=4"", ""-DSAD_BLOCK_THREADS=128"", ""-DSAD_REGISTER_BITS=3"", ""-DSAD_RZZ_FORWARD_FUSED=0"", ""-DSAD_RZZ_BACKWARD_STRATEGY=1""]"
su2-hea,28,8,split-forward_split-backward,optimized,f128r3_b64r4,2,621.38752,96.999922,1723.762311,2442.1497529999997,0.060207635711395764,4.163336342344337e-17,3.3306690738754696e-16,1.0964661548243599e-15,1,libsad_fusion_f128r3_b64r4_split_forward_split_backward_4cfb67b4b9.so,"[""-DSAD_FORWARD_BLOCK_THREADS=128"", ""-DSAD_FORWARD_REGISTER_BITS=3"", ""-DSAD_BLOCK_THREADS=64"", ""-DSAD_REGISTER_BITS=4"", ""-DSAD_SU2_FORWARD_STRATEGY=0"", ""-DSAD_SU2_BACKWARD_STRATEGY=0""]"
su2-hea,28,8,split-forward_split-backward,optimized,f128r3_b64r4,3,622.7085509999999,97.83775,1726.58329,2447.129591,0.060207635711395764,4.163336342344337e-17,3.3306690738754696e-16,1.0964661548243599e-15,1,libsad_fusion_f128r3_b64r4_split_forward_split_backward_4cfb67b4b9.so,"[""-DSAD_FORWARD_BLOCK_THREADS=128"", ""-DSAD_FORWARD_REGISTER_BITS=3"", ""-DSAD_BLOCK_THREADS=64"", ""-DSAD_REGISTER_BITS=4"", ""-DSAD_SU2_FORWARD_STRATEGY=0"", ""-DSAD_SU2_BACKWARD_STRATEGY=0""]"
su2-hea,28,8,lookup-forward_phased-backward,optimized,f128r3_b64r4,2,540.746321,98.7677,2719.630558,3359.1445790000002,0.0602076357113957,2.0816681711721685e-17,2.275957200481571e-15,5.9702635089711095e-15,1,libsad_fusion_f128r3_b64r4_lookup_forward_phased_backward_2210ed799a.so,"[""-DSAD_FORWARD_BLOCK_THREADS=128"", ""-DSAD_FORWARD_REGISTER_BITS=3"", ""-DSAD_BLOCK_THREADS=64"", ""-DSAD_REGISTER_BITS=4"", ""-DSAD_SU2_FORWARD_STRATEGY=1"", ""-DSAD_SU2_BACKWARD_STRATEGY=2""]"
su2-hea,28,8,lookup-forward_phased-backward,optimized,f128r3_b64r4,3,542.139433,97.168683,2721.218856,3360.526972,0.0602076357113957,2.0816681711721685e-17,2.275957200481571e-15,5.9702635089711095e-15,1,libsad_fusion_f128r3_b64r4_lookup_forward_phased_backward_2210ed799a.so,"[""-DSAD_FORWARD_BLOCK_THREADS=128"", ""-DSAD_FORWARD_REGISTER_BITS=3"", ""-DSAD_BLOCK_THREADS=64"", ""-DSAD_REGISTER_BITS=4"", ""-DSAD_SU2_FORWARD_STRATEGY=1"", ""-DSAD_SU2_BACKWARD_STRATEGY=2""]"
xxz-hva,28,8,separate-matchings,optimized,f128r3_b32r3,2,1329.906347,43.278036,4401.903156,5775.087539,0.05651322657960618,3.122502256758253e-16,2.7755575615628914e-16,1.063853900154115e-15,1,libsad_fusion_f128r3_b32r3_separate_matchings_6a54a88064.so,"[""-DSAD_FORWARD_BLOCK_THREADS=128"", ""-DSAD_FORWARD_REGISTER_BITS=3"", ""-DSAD_BLOCK_THREADS=32"", ""-DSAD_REGISTER_BITS=3"", ""-DSAD_XXZ_CROSS_MATCHING=0""]"
xxz-hva,28,8,separate-matchings,optimized,f128r3_b32r3,3,1332.190912,47.460811,4393.859263,5773.510986,0.05651322657960618,3.122502256758253e-16,2.7755575615628914e-16,1.063853900154115e-15,1,libsad_fusion_f128r3_b32r3_separate_matchings_6a54a88064.so,"[""-DSAD_FORWARD_BLOCK_THREADS=128"", ""-DSAD_FORWARD_REGISTER_BITS=3"", ""-DSAD_BLOCK_THREADS=32"", ""-DSAD_REGISTER_BITS=3"", ""-DSAD_XXZ_CROSS_MATCHING=0""]"
su2-hea,28,8,split-forward_lookup-backward,optimized,f128r3_b64r4,2,618.477754,98.45721999999999,1847.378717,2564.3136910000003,0.06020763571139576,3.469446951953614e-17,2.1788126858268697e-15,5.986597348703527e-15,1,libsad_fusion_f128r3_b64r4_split_forward_lookup_backward_14001066e2.so,"[""-DSAD_FORWARD_BLOCK_THREADS=128"", ""-DSAD_FORWARD_REGISTER_BITS=3"", ""-DSAD_BLOCK_THREADS=64"", ""-DSAD_REGISTER_BITS=4"", ""-DSAD_SU2_FORWARD_STRATEGY=0"", ""-DSAD_SU2_BACKWARD_STRATEGY=1""]"
su2-hea,28,8,split-forward_lookup-backward,optimized,f128r3_b64r4,3,621.237884,100.14759600000001,1847.924168,2569.309648,0.06020763571139576,3.469446951953614e-17,2.1788126858268697e-15,5.986597348703527e-15,1,libsad_fusion_f128r3_b64r4_split_forward_lookup_backward_14001066e2.so,"[""-DSAD_FORWARD_BLOCK_THREADS=128"", ""-DSAD_FORWARD_REGISTER_BITS=3"", ""-DSAD_BLOCK_THREADS=64"", ""-DSAD_REGISTER_BITS=4"", ""-DSAD_SU2_FORWARD_STRATEGY=0"", ""-DSAD_SU2_BACKWARD_STRATEGY=1""]"
rzz-hea,28,8,split-forward_combined-backward,optimized,f64r4_b128r3,4,743.8102829999999,97.373296,2016.3374799999997,2857.5210589999997,-0.23429087698165427,1.942890293094024e-16,3.3306690738754696e-15,1.8665793547922272e-14,1,libsad_fusion_f64r4_b128r3_split_forward_combined_backward_f6c4a67e44.so,"[""-DSAD_FORWARD_BLOCK_THREADS=64"", ""-DSAD_FORWARD_REGISTER_BITS=4"", ""-DSAD_BLOCK_THREADS=128"", ""-DSAD_REGISTER_BITS=3"", ""-DSAD_RZZ_FORWARD_FUSED=0"", ""-DSAD_RZZ_BACKWARD_STRATEGY=1""]"
rzz-hea,28,8,split-forward_combined-backward,optimized,f64r4_b128r3,5,743.462991,96.977266,2012.0338759999997,2852.4741329999997,-0.23429087698165427,1.942890293094024e-16,3.3306690738754696e-15,1.8665793547922272e-14,1,libsad_fusion_f64r4_b128r3_split_forward_combined_backward_f6c4a67e44.so,"[""-DSAD_FORWARD_BLOCK_THREADS=64"", ""-DSAD_FORWARD_REGISTER_BITS=4"", ""-DSAD_BLOCK_THREADS=128"", ""-DSAD_REGISTER_BITS=3"", ""-DSAD_RZZ_FORWARD_FUSED=0"", ""-DSAD_RZZ_BACKWARD_STRATEGY=1""]"
qaoa,28,8,split-both,optimized,f64r4_b128r3,4,583.0690589999999,12.506668,1489.5862339999999,2085.161961,-15.068626750639794,0.0,1.4210854715202004e-14,2.3064065016893436e-14,1,libsad_fusion_f64r4_b128r3_split_both_4026bf3948.so,"[""-DSAD_FORWARD_BLOCK_THREADS=64"", ""-DSAD_FORWARD_REGISTER_BITS=4"", ""-DSAD_BLOCK_THREADS=128"", ""-DSAD_REGISTER_BITS=3"", ""-DSAD_QAOA_FUSE_COST_RX=0"", ""-DSAD_QAOA_FUSED_BACKWARD=0""]"
qaoa,28,8,split-both,optimized,f64r4_b128r3,5,584.594228,11.54764,1488.718713,2084.860581,-15.068626750639794,0.0,1.4210854715202004e-14,2.3064065016893436e-14,1,libsad_fusion_f64r4_b128r3_split_both_4026bf3948.so,"[""-DSAD_FORWARD_BLOCK_THREADS=64"", ""-DSAD_FORWARD_REGISTER_BITS=4"", ""-DSAD_BLOCK_THREADS=128"", ""-DSAD_REGISTER_BITS=3"", ""-DSAD_QAOA_FUSE_COST_RX=0"", ""-DSAD_QAOA_FUSED_BACKWARD=0""]"
qaoa,28,8,fused-backward,optimized,f64r4_b128r3,4,580.0811110000001,12.385966999999999,1355.153401,1947.620479,-15.06862675063979,3.552713678800501e-15,1.9806378759312793e-13,2.738834694791421e-13,1,libsad_fusion_f64r4_b128r3_fused_backward_341a4da1d1.so,"[""-DSAD_FORWARD_BLOCK_THREADS=64"", ""-DSAD_FORWARD_REGISTER_BITS=4"", ""-DSAD_BLOCK_THREADS=128"", ""-DSAD_REGISTER_BITS=3"", ""-DSAD_QAOA_FUSE_COST_RX=0"", ""-DSAD_QAOA_FUSED_BACKWARD=2""]"
qaoa,28,8,fused-backward,optimized,f64r4_b128r3,5,581.913779,11.443682,1352.032858,1945.3903189999999,-15.06862675063979,3.552713678800501e-15,1.9806378759312793e-13,2.738834694791421e-13,1,libsad_fusion_f64r4_b128r3_fused_backward_341a4da1d1.so,"[""-DSAD_FORWARD_BLOCK_THREADS=64"", ""-DSAD_FORWARD_REGISTER_BITS=4"", ""-DSAD_BLOCK_THREADS=128"", ""-DSAD_REGISTER_BITS=3"", ""-DSAD_QAOA_FUSE_COST_RX=0"", ""-DSAD_QAOA_FUSED_BACKWARD=2""]"
su2-hea,28,8,split-forward_split-backward,optimized,f128r3_b64r4,4,617.605978,96.294959,1726.6741379999999,2440.5750749999997,0.060207635711395785,6.245004513516506e-17,2.498001805406602e-16,1.0823358824764824e-15,1,libsad_fusion_f128r3_b64r4_split_forward_split_backward_4cfb67b4b9.so,"[""-DSAD_FORWARD_BLOCK_THREADS=128"", ""-DSAD_FORWARD_REGISTER_BITS=3"", ""-DSAD_BLOCK_THREADS=64"", ""-DSAD_REGISTER_BITS=4"", ""-DSAD_SU2_FORWARD_STRATEGY=0"", ""-DSAD_SU2_BACKWARD_STRATEGY=0""]"
su2-hea,28,8,split-forward_split-backward,optimized,f128r3_b64r4,5,616.678855,97.36473,1728.2604489999999,2442.3040340000002,0.060207635711395785,6.245004513516506e-17,2.498001805406602e-16,1.0823358824764824e-15,1,libsad_fusion_f128r3_b64r4_split_forward_split_backward_4cfb67b4b9.so,"[""-DSAD_FORWARD_BLOCK_THREADS=128"", ""-DSAD_FORWARD_REGISTER_BITS=3"", ""-DSAD_BLOCK_THREADS=64"", ""-DSAD_REGISTER_BITS=4"", ""-DSAD_SU2_FORWARD_STRATEGY=0"", ""-DSAD_SU2_BACKWARD_STRATEGY=0""]"
qaoa,28,8,fused-both,optimized,f64r4_b128r3,4,520.987709,12.518446,1360.207237,1893.7133919999999,-15.06862675063979,3.552713678800501e-15,1.971756091734278e-13,2.7237515785453665e-13,1,libsad_fusion_f64r4_b128r3_fused_both_f60ba618ce.so,"[""-DSAD_FORWARD_BLOCK_THREADS=64"", ""-DSAD_FORWARD_REGISTER_BITS=4"", ""-DSAD_BLOCK_THREADS=128"", ""-DSAD_REGISTER_BITS=3"", ""-DSAD_QAOA_FUSE_COST_RX=1"", ""-DSAD_QAOA_FUSED_BACKWARD=2""]"
qaoa,28,8,fused-both,optimized,f64r4_b128r3,5,517.605052,12.178616,1353.404851,1883.188519,-15.06862675063979,3.552713678800501e-15,1.971756091734278e-13,2.7237515785453665e-13,1,libsad_fusion_f64r4_b128r3_fused_both_f60ba618ce.so,"[""-DSAD_FORWARD_BLOCK_THREADS=64"", ""-DSAD_FORWARD_REGISTER_BITS=4"", ""-DSAD_BLOCK_THREADS=128"", ""-DSAD_REGISTER_BITS=3"", ""-DSAD_QAOA_FUSE_COST_RX=1"", ""-DSAD_QAOA_FUSED_BACKWARD=2""]"
rzz-hea,28,8,fused-forward_fused-backward,optimized,f64r4_b128r3,4,660.043671,97.20237,2140.7203259999997,2897.966367,-0.2342908769816542,1.3877787807814457e-16,6.372680161348399e-14,1.288959427120997e-13,1,libsad_fusion_f64r4_b128r3_fused_forward_fused_backward_9a3cdde8d7.so,"[""-DSAD_FORWARD_BLOCK_THREADS=64"", ""-DSAD_FORWARD_REGISTER_BITS=4"", ""-DSAD_BLOCK_THREADS=128"", ""-DSAD_REGISTER_BITS=3"", ""-DSAD_RZZ_FORWARD_FUSED=1"", ""-DSAD_RZZ_BACKWARD_STRATEGY=2""]"
rzz-hea,28,8,fused-forward_fused-backward,optimized,f64r4_b128r3,5,657.114337,96.88151,2133.243476,2887.2393230000002,-0.2342908769816542,1.3877787807814457e-16,6.372680161348399e-14,1.288959427120997e-13,1,libsad_fusion_f64r4_b128r3_fused_forward_fused_backward_9a3cdde8d7.so,"[""-DSAD_FORWARD_BLOCK_THREADS=64"", ""-DSAD_FORWARD_REGISTER_BITS=4"", ""-DSAD_BLOCK_THREADS=128"", ""-DSAD_REGISTER_BITS=3"", ""-DSAD_RZZ_FORWARD_FUSED=1"", ""-DSAD_RZZ_BACKWARD_STRATEGY=2""]"
su2-hea,28,8,lookup-forward_split-backward,optimized,f128r3_b64r4,4,536.451083,93.066177,1725.23878,2354.7560399999998,0.060207635711395806,8.326672684688674e-17,3.0531133177191805e-16,1.1142116071768726e-15,1,libsad_fusion_f128r3_b64r4_lookup_forward_split_backward_d2cc1cb087.so,"[""-DSAD_FORWARD_BLOCK_THREADS=128"", ""-DSAD_FORWARD_REGISTER_BITS=3"", ""-DSAD_BLOCK_THREADS=64"", ""-DSAD_REGISTER_BITS=4"", ""-DSAD_SU2_FORWARD_STRATEGY=1"", ""-DSAD_SU2_BACKWARD_STRATEGY=0""]"
su2-hea,28,8,lookup-forward_split-backward,optimized,f128r3_b64r4,5,541.733698,96.301501,1722.407161,2360.44236,0.060207635711395806,8.326672684688674e-17,3.0531133177191805e-16,1.1142116071768726e-15,1,libsad_fusion_f128r3_b64r4_lookup_forward_split_backward_d2cc1cb087.so,"[""-DSAD_FORWARD_BLOCK_THREADS=128"", ""-DSAD_FORWARD_REGISTER_BITS=3"", ""-DSAD_BLOCK_THREADS=64"", ""-DSAD_REGISTER_BITS=4"", ""-DSAD_SU2_FORWARD_STRATEGY=1"", ""-DSAD_SU2_BACKWARD_STRATEGY=0""]"
su2-hea,28,8,lookup-forward_phased-backward,optimized,f128r3_b64r4,4,542.4126110000001,98.24815600000001,2718.74044,3359.401207,0.06020763571139576,3.469446951953614e-17,2.3037127760972e-15,5.9892527917918056e-15,1,libsad_fusion_f128r3_b64r4_lookup_forward_phased_backward_2210ed799a.so,"[""-DSAD_FORWARD_BLOCK_THREADS=128"", ""-DSAD_FORWARD_REGISTER_BITS=3"", ""-DSAD_BLOCK_THREADS=64"", ""-DSAD_REGISTER_BITS=4"", ""-DSAD_SU2_FORWARD_STRATEGY=1"", ""-DSAD_SU2_BACKWARD_STRATEGY=2""]"
su2-hea,28,8,lookup-forward_phased-backward,optimized,f128r3_b64r4,5,548.1607389999999,96.224485,2724.26878,3368.654004,0.06020763571139576,3.469446951953614e-17,2.3037127760972e-15,5.9892527917918056e-15,1,libsad_fusion_f128r3_b64r4_lookup_forward_phased_backward_2210ed799a.so,"[""-DSAD_FORWARD_BLOCK_THREADS=128"", ""-DSAD_FORWARD_REGISTER_BITS=3"", ""-DSAD_BLOCK_THREADS=64"", ""-DSAD_REGISTER_BITS=4"", ""-DSAD_SU2_FORWARD_STRATEGY=1"", ""-DSAD_SU2_BACKWARD_STRATEGY=2""]"
rzz-hea,28,8,fused-forward_split-backward,optimized,f64r4_b128r3,4,656.435634,99.31946699999999,1941.722138,2697.4772390000003,-0.23429087698165424,1.6653345369377348e-16,3.1086244689504383e-15,1.7616277081964304e-14,1,libsad_fusion_f64r4_b128r3_fused_forward_split_backward_0031417c41.so,"[""-DSAD_FORWARD_BLOCK_THREADS=64"", ""-DSAD_FORWARD_REGISTER_BITS=4"", ""-DSAD_BLOCK_THREADS=128"", ""-DSAD_REGISTER_BITS=3"", ""-DSAD_RZZ_FORWARD_FUSED=1"", ""-DSAD_RZZ_BACKWARD_STRATEGY=0""]"
rzz-hea,28,8,fused-forward_split-backward,optimized,f64r4_b128r3,5,656.893879,98.92248400000001,1951.789991,2707.606354,-0.23429087698165424,1.6653345369377348e-16,3.1086244689504383e-15,1.7616277081964304e-14,1,libsad_fusion_f64r4_b128r3_fused_forward_split_backward_0031417c41.so,"[""-DSAD_FORWARD_BLOCK_THREADS=64"", ""-DSAD_FORWARD_REGISTER_BITS=4"", ""-DSAD_BLOCK_THREADS=128"", ""-DSAD_REGISTER_BITS=3"", ""-DSAD_RZZ_FORWARD_FUSED=1"", ""-DSAD_RZZ_BACKWARD_STRATEGY=0""]"
su2-hea,28,8,phased-forward_phased-backward,optimized,f128r3_b64r4,4,770.43849,102.321179,2713.686388,3586.446057,0.06020763571139564,8.326672684688674e-17,2.4702462297909733e-15,6.047892715006102e-15,1,libsad_fusion_f128r3_b64r4_phased_forward_phased_backward_4896db51e9.so,"[""-DSAD_FORWARD_BLOCK_THREADS=128"", ""-DSAD_FORWARD_REGISTER_BITS=3"", ""-DSAD_BLOCK_THREADS=64"", ""-DSAD_REGISTER_BITS=4"", ""-DSAD_SU2_FORWARD_STRATEGY=2"", ""-DSAD_SU2_BACKWARD_STRATEGY=2""]"
su2-hea,28,8,phased-forward_phased-backward,optimized,f128r3_b64r4,5,765.752194,97.815101,2728.801013,3592.368308,0.06020763571139564,8.326672684688674e-17,2.4702462297909733e-15,6.047892715006102e-15,1,libsad_fusion_f128r3_b64r4_phased_forward_phased_backward_4896db51e9.so,"[""-DSAD_FORWARD_BLOCK_THREADS=128"", ""-DSAD_FORWARD_REGISTER_BITS=3"", ""-DSAD_BLOCK_THREADS=64"", ""-DSAD_REGISTER_BITS=4"", ""-DSAD_SU2_FORWARD_STRATEGY=2"", ""-DSAD_SU2_BACKWARD_STRATEGY=2""]"
rzz-hea,28,8,split-forward_fused-backward,optimized,f64r4_b128r3,4,743.268878,99.27727,2134.83221,2977.378358,-0.23429087698165443,3.608224830031759e-16,6.372680161348399e-14,1.289443594783462e-13,1,libsad_fusion_f64r4_b128r3_split_forward_fused_backward_83bff5076d.so,"[""-DSAD_FORWARD_BLOCK_THREADS=64"", ""-DSAD_FORWARD_REGISTER_BITS=4"", ""-DSAD_BLOCK_THREADS=128"", ""-DSAD_REGISTER_BITS=3"", ""-DSAD_RZZ_FORWARD_FUSED=0"", ""-DSAD_RZZ_BACKWARD_STRATEGY=2""]"
rzz-hea,28,8,split-forward_fused-backward,optimized,f64r4_b128r3,5,740.918639,98.749584,2129.89338,2969.5616029999996,-0.23429087698165443,3.608224830031759e-16,6.372680161348399e-14,1.289443594783462e-13,1,libsad_fusion_f64r4_b128r3_split_forward_fused_backward_83bff5076d.so,"[""-DSAD_FORWARD_BLOCK_THREADS=64"", ""-DSAD_FORWARD_REGISTER_BITS=4"", ""-DSAD_BLOCK_THREADS=128"", ""-DSAD_REGISTER_BITS=3"", ""-DSAD_RZZ_FORWARD_FUSED=0"", ""-DSAD_RZZ_BACKWARD_STRATEGY=2""]"
su2-hea,28,8,lookup-forward_lookup-backward,optimized,f128r3_b64r4,4,542.488564,97.024528,1853.1125729999999,2492.6256650000005,0.06020763571139581,9.020562075079397e-17,2.1510571102112408e-15,5.965976471627769e-15,1,libsad_fusion_f128r3_b64r4_lookup_forward_lookup_backward_7b8f8fcfcf.so,"[""-DSAD_FORWARD_BLOCK_THREADS=128"", ""-DSAD_FORWARD_REGISTER_BITS=3"", ""-DSAD_BLOCK_THREADS=64"", ""-DSAD_REGISTER_BITS=4"", ""-DSAD_SU2_FORWARD_STRATEGY=1"", ""-DSAD_SU2_BACKWARD_STRATEGY=1""]"
su2-hea,28,8,lookup-forward_lookup-backward,optimized,f128r3_b64r4,5,545.2551119999999,98.867308,1851.100681,2495.2231009999996,0.06020763571139581,9.020562075079397e-17,2.1510571102112408e-15,5.965976471627769e-15,1,libsad_fusion_f128r3_b64r4_lookup_forward_lookup_backward_7b8f8fcfcf.so,"[""-DSAD_FORWARD_BLOCK_THREADS=128"", ""-DSAD_FORWARD_REGISTER_BITS=3"", ""-DSAD_BLOCK_THREADS=64"", ""-DSAD_REGISTER_BITS=4"", ""-DSAD_SU2_FORWARD_STRATEGY=1"", ""-DSAD_SU2_BACKWARD_STRATEGY=1""]"
ra-hea,28,8,complex-fused-backward,optimized,f64r3_b64r4,4,585.496518,93.416516,1283.405728,1962.318762,-0.31522490680191617,6.106226635438361e-16,1.6653345369377348e-16,6.289147944101504e-16,1,libsad_fusion_f64r3_b64r4_complex_fused_backward_c7624bfc0f.so,"[""-DSAD_FORWARD_BLOCK_THREADS=64"", ""-DSAD_FORWARD_REGISTER_BITS=3"", ""-DSAD_BLOCK_THREADS=64"", ""-DSAD_REGISTER_BITS=4"", ""-DSAD_REAL_AMPLITUDE=0"", ""-DSAD_RA_FORWARD_FUSED=0"", ""-DSAD_RA_BACKWARD_FUSED=1""]"
ra-hea,28,8,complex-fused-backward,optimized,f64r3_b64r4,5,586.832721,97.458521,1290.9856,1975.276842,-0.31522490680191617,6.106226635438361e-16,1.6653345369377348e-16,6.289147944101504e-16,1,libsad_fusion_f64r3_b64r4_complex_fused_backward_c7624bfc0f.so,"[""-DSAD_FORWARD_BLOCK_THREADS=64"", ""-DSAD_FORWARD_REGISTER_BITS=3"", ""-DSAD_BLOCK_THREADS=64"", ""-DSAD_REGISTER_BITS=4"", ""-DSAD_REAL_AMPLITUDE=0"", ""-DSAD_RA_FORWARD_FUSED=0"", ""-DSAD_RA_BACKWARD_FUSED=1""]"
su2-hea,28,8,phased-forward_split-backward,optimized,f128r3_b64r4,4,760.272337,102.68847000000001,1728.31279,2591.273597,0.060207635711395646,7.632783294297951e-17,1.942890293094024e-16,7.56494752137586e-16,1,libsad_fusion_f128r3_b64r4_phased_forward_split_backward_2a4d35d553.so,"[""-DSAD_FORWARD_BLOCK_THREADS=128"", ""-DSAD_FORWARD_REGISTER_BITS=3"", ""-DSAD_BLOCK_THREADS=64"", ""-DSAD_REGISTER_BITS=4"", ""-DSAD_SU2_FORWARD_STRATEGY=2"", ""-DSAD_SU2_BACKWARD_STRATEGY=0""]"
su2-hea,28,8,phased-forward_split-backward,optimized,f128r3_b64r4,5,766.689,97.9935,1722.784482,2587.466982,0.060207635711395646,7.632783294297951e-17,1.942890293094024e-16,7.56494752137586e-16,1,libsad_fusion_f128r3_b64r4_phased_forward_split_backward_2a4d35d553.so,"[""-DSAD_FORWARD_BLOCK_THREADS=128"", ""-DSAD_FORWARD_REGISTER_BITS=3"", ""-DSAD_BLOCK_THREADS=64"", ""-DSAD_REGISTER_BITS=4"", ""-DSAD_SU2_FORWARD_STRATEGY=2"", ""-DSAD_SU2_BACKWARD_STRATEGY=0""]"
ra-hea,28,8,real-fused-both,optimized,f64r3_b64r4,4,395.588464,30.449737000000002,736.660933,1162.699134,-0.31522490680191667,1.1102230246251565e-16,3.0531133177191805e-16,9.754528624526299e-16,1,libsad_fusion_f64r3_b64r4_real_fused_both_c7d7fb0b9a.so,"[""-DSAD_FORWARD_BLOCK_THREADS=64"", ""-DSAD_FORWARD_REGISTER_BITS=3"", ""-DSAD_BLOCK_THREADS=64"", ""-DSAD_REGISTER_BITS=4"", ""-DSAD_REAL_AMPLITUDE=1""]"
ra-hea,28,8,real-fused-both,optimized,f64r3_b64r4,5,398.12553299999996,30.936189,726.9860209999999,1156.047743,-0.31522490680191667,1.1102230246251565e-16,3.0531133177191805e-16,9.754528624526299e-16,1,libsad_fusion_f64r3_b64r4_real_fused_both_c7d7fb0b9a.so,"[""-DSAD_FORWARD_BLOCK_THREADS=64"", ""-DSAD_FORWARD_REGISTER_BITS=3"", ""-DSAD_BLOCK_THREADS=64"", ""-DSAD_REGISTER_BITS=4"", ""-DSAD_REAL_AMPLITUDE=1""]"
su2-hea,28,8,split-forward_phased-backward,optimized,f128r3_b64r4,4,626.286575,95.797592,2716.5574330000004,3438.6416000000004,0.06020763571139582,9.71445146547012e-17,2.2898349882893854e-15,6.010042686473262e-15,1,libsad_fusion_f128r3_b64r4_split_forward_phased_backward_a3372de662.so,"[""-DSAD_FORWARD_BLOCK_THREADS=128"", ""-DSAD_FORWARD_REGISTER_BITS=3"", ""-DSAD_BLOCK_THREADS=64"", ""-DSAD_REGISTER_BITS=4"", ""-DSAD_SU2_FORWARD_STRATEGY=0"", ""-DSAD_SU2_BACKWARD_STRATEGY=2""]"
su2-hea,28,8,split-forward_phased-backward,optimized,f128r3_b64r4,5,620.658583,97.06290200000001,2721.1814849999996,3438.90297,0.06020763571139582,9.71445146547012e-17,2.2898349882893854e-15,6.010042686473262e-15,1,libsad_fusion_f128r3_b64r4_split_forward_phased_backward_a3372de662.so,"[""-DSAD_FORWARD_BLOCK_THREADS=128"", ""-DSAD_FORWARD_REGISTER_BITS=3"", ""-DSAD_BLOCK_THREADS=64"", ""-DSAD_REGISTER_BITS=4"", ""-DSAD_SU2_FORWARD_STRATEGY=0"", ""-DSAD_SU2_BACKWARD_STRATEGY=2""]"
ra-hea,28,8,complex-split,optimized,f64r3_b64r4,4,580.516021,99.562005,1460.6584010000001,2140.7364270000003,-0.31522490680191595,8.326672684688674e-16,2.7755575615628914e-16,7.343424492536728e-16,1,libsad_fusion_f64r3_b64r4_complex_split_6e2cdffcbf.so,"[""-DSAD_FORWARD_BLOCK_THREADS=64"", ""-DSAD_FORWARD_REGISTER_BITS=3"", ""-DSAD_BLOCK_THREADS=64"", ""-DSAD_REGISTER_BITS=4"", ""-DSAD_REAL_AMPLITUDE=0"", ""-DSAD_RA_FORWARD_FUSED=0"", ""-DSAD_RA_BACKWARD_FUSED=0""]"
ra-hea,28,8,complex-split,optimized,f64r3_b64r4,5,586.566126,97.013829,1453.410242,2136.9901969999996,-0.31522490680191595,8.326672684688674e-16,2.7755575615628914e-16,7.343424492536728e-16,1,libsad_fusion_f64r3_b64r4_complex_split_6e2cdffcbf.so,"[""-DSAD_FORWARD_BLOCK_THREADS=64"", ""-DSAD_FORWARD_REGISTER_BITS=3"", ""-DSAD_BLOCK_THREADS=64"", ""-DSAD_REGISTER_BITS=4"", ""-DSAD_REAL_AMPLITUDE=0"", ""-DSAD_RA_FORWARD_FUSED=0"", ""-DSAD_RA_BACKWARD_FUSED=0""]"
xxz-hva,28,8,cross-matching,optimized,f128r3_b32r3,4,1281.744539,43.927655,4301.368825,5627.041019,0.05651322657960608,2.0816681711721685e-16,6.702971511174383e-15,2.7636632182691748e-14,1,libsad_fusion_f128r3_b32r3_cross_matching_448a98da88.so,"[""-DSAD_FORWARD_BLOCK_THREADS=128"", ""-DSAD_FORWARD_REGISTER_BITS=3"", ""-DSAD_BLOCK_THREADS=32"", ""-DSAD_REGISTER_BITS=3"", ""-DSAD_XXZ_CROSS_MATCHING=1""]"
xxz-hva,28,8,cross-matching,optimized,f128r3_b32r3,5,1290.683654,45.522180000000006,4272.414559999999,5608.620394,0.05651322657960608,2.0816681711721685e-16,6.702971511174383e-15,2.7636632182691748e-14,1,libsad_fusion_f128r3_b32r3_cross_matching_448a98da88.so,"[""-DSAD_FORWARD_BLOCK_THREADS=128"", ""-DSAD_FORWARD_REGISTER_BITS=3"", ""-DSAD_BLOCK_THREADS=32"", ""-DSAD_REGISTER_BITS=3"", ""-DSAD_XXZ_CROSS_MATCHING=1""]"
rzz-hea,28,8,auto,optimized,f64r4_b128r3,4,656.821008,100.34722000000001,2124.285695,2881.453923,-0.23429087698165416,8.326672684688674e-17,6.372680161348399e-14,1.287806250325135e-13,1,libsad_fusion_f64r4_b128r3_auto_3fefadc5a9.so,"[""-DSAD_FORWARD_BLOCK_THREADS=64"", ""-DSAD_FORWARD_REGISTER_BITS=4"", ""-DSAD_BLOCK_THREADS=128"", ""-DSAD_REGISTER_BITS=3""]"
rzz-hea,28,8,auto,optimized,f64r4_b128r3,5,657.143104,97.970004,2161.687316,2916.800424,-0.23429087698165416,8.326672684688674e-17,6.372680161348399e-14,1.287806250325135e-13,1,libsad_fusion_f64r4_b128r3_auto_3fefadc5a9.so,"[""-DSAD_FORWARD_BLOCK_THREADS=64"", ""-DSAD_FORWARD_REGISTER_BITS=4"", ""-DSAD_BLOCK_THREADS=128"", ""-DSAD_REGISTER_BITS=3""]"
su2-hea,28,8,phased-forward_lookup-backward,optimized,f128r3_b64r4,4,750.309366,95.59593199999999,1819.4779990000002,2665.383297,0.06020763571139556,1.5959455978986625e-16,2.3869795029440866e-15,5.985951954153033e-15,1,libsad_fusion_f128r3_b64r4_phased_forward_lookup_backward_7df21f009d.so,"[""-DSAD_FORWARD_BLOCK_THREADS=128"", ""-DSAD_FORWARD_REGISTER_BITS=3"", ""-DSAD_BLOCK_THREADS=64"", ""-DSAD_REGISTER_BITS=4"", ""-DSAD_SU2_FORWARD_STRATEGY=2"", ""-DSAD_SU2_BACKWARD_STRATEGY=1""]"
su2-hea,28,8,phased-forward_lookup-backward,optimized,f128r3_b64r4,5,751.4044359999999,95.244986,1818.0882940000001,2664.737716,0.06020763571139556,1.5959455978986625e-16,2.3869795029440866e-15,5.985951954153033e-15,1,libsad_fusion_f128r3_b64r4_phased_forward_lookup_backward_7df21f009d.so,"[""-DSAD_FORWARD_BLOCK_THREADS=128"", ""-DSAD_FORWARD_REGISTER_BITS=3"", ""-DSAD_BLOCK_THREADS=64"", ""-DSAD_REGISTER_BITS=4"", ""-DSAD_SU2_FORWARD_STRATEGY=2"", ""-DSAD_SU2_BACKWARD_STRATEGY=1""]"
rzz-hea,28,8,fused-forward_combined-backward,optimized,f64r4_b128r3,4,689.3001949999999,97.781822,2024.281428,2811.363445,-0.23429087698165402,5.551115123125783e-17,2.886579864025407e-15,1.8427994214701396e-14,1,libsad_fusion_f64r4_b128r3_fused_forward_combined_backward_19b76466fc.so,"[""-DSAD_FORWARD_BLOCK_THREADS=64"", ""-DSAD_FORWARD_REGISTER_BITS=4"", ""-DSAD_BLOCK_THREADS=128"", ""-DSAD_REGISTER_BITS=3"", ""-DSAD_RZZ_FORWARD_FUSED=1"", ""-DSAD_RZZ_BACKWARD_STRATEGY=1""]"
rzz-hea,28,8,fused-forward_combined-backward,optimized,f64r4_b128r3,5,646.898123,93.35793000000001,1998.145734,2738.401787,-0.23429087698165402,5.551115123125783e-17,2.886579864025407e-15,1.8427994214701396e-14,1,libsad_fusion_f64r4_b128r3_fused_forward_combined_backward_19b76466fc.so,"[""-DSAD_FORWARD_BLOCK_THREADS=64"", ""-DSAD_FORWARD_REGISTER_BITS=4"", ""-DSAD_BLOCK_THREADS=128"", ""-DSAD_REGISTER_BITS=3"", ""-DSAD_RZZ_FORWARD_FUSED=1"", ""-DSAD_RZZ_BACKWARD_STRATEGY=1""]"
su2-hea,28,8,split-forward_lookup-backward,optimized,f128r3_b64r4,4,614.7329569999999,93.786856,1808.8701469999999,2517.38996,0.06020763571139573,6.938893903907228e-18,2.1371793224034263e-15,5.969057639500505e-15,1,libsad_fusion_f128r3_b64r4_split_forward_lookup_backward_14001066e2.so,"[""-DSAD_FORWARD_BLOCK_THREADS=128"", ""-DSAD_FORWARD_REGISTER_BITS=3"", ""-DSAD_BLOCK_THREADS=64"", ""-DSAD_REGISTER_BITS=4"", ""-DSAD_SU2_FORWARD_STRATEGY=0"", ""-DSAD_SU2_BACKWARD_STRATEGY=1""]"
su2-hea,28,8,split-forward_lookup-backward,optimized,f128r3_b64r4,5,613.032334,92.473898,1817.9385189999998,2523.444751,0.06020763571139573,6.938893903907228e-18,2.1371793224034263e-15,5.969057639500505e-15,1,libsad_fusion_f128r3_b64r4_split_forward_lookup_backward_14001066e2.so,"[""-DSAD_FORWARD_BLOCK_THREADS=128"", ""-DSAD_FORWARD_REGISTER_BITS=3"", ""-DSAD_BLOCK_THREADS=64"", ""-DSAD_REGISTER_BITS=4"", ""-DSAD_SU2_FORWARD_STRATEGY=0"", ""-DSAD_SU2_BACKWARD_STRATEGY=1""]"
xxz-hva,28,8,separate-matchings,optimized,f128r3_b32r3,4,1289.476595,41.632633000000006,4245.371485,5576.480713,0.05651322657960599,1.1796119636642288e-16,2.498001805406602e-16,1.0949863681282166e-15,1,libsad_fusion_f128r3_b32r3_separate_matchings_6a54a88064.so,"[""-DSAD_FORWARD_BLOCK_THREADS=128"", ""-DSAD_FORWARD_REGISTER_BITS=3"", ""-DSAD_BLOCK_THREADS=32"", ""-DSAD_REGISTER_BITS=3"", ""-DSAD_XXZ_CROSS_MATCHING=0""]"
xxz-hva,28,8,separate-matchings,optimized,f128r3_b32r3,5,1298.7541709999998,37.447463,4267.622934,5603.824568,0.05651322657960599,1.1796119636642288e-16,2.498001805406602e-16,1.0949863681282166e-15,1,libsad_fusion_f128r3_b32r3_separate_matchings_6a54a88064.so,"[""-DSAD_FORWARD_BLOCK_THREADS=128"", ""-DSAD_FORWARD_REGISTER_BITS=3"", ""-DSAD_BLOCK_THREADS=32"", ""-DSAD_REGISTER_BITS=3"", ""-DSAD_XXZ_CROSS_MATCHING=0""]"
qaoa,28,8,fused-forward,optimized,f64r4_b128r3,4,513.288396,12.352231,1460.288765,1985.929392,-15.068626750639794,0.0,1.2434497875801753e-14,1.7492619859936476e-14,1,libsad_fusion_f64r4_b128r3_fused_forward_ee1f10dcea.so,"[""-DSAD_FORWARD_BLOCK_THREADS=64"", ""-DSAD_FORWARD_REGISTER_BITS=4"", ""-DSAD_BLOCK_THREADS=128"", ""-DSAD_REGISTER_BITS=3"", ""-DSAD_QAOA_FUSE_COST_RX=1"", ""-DSAD_QAOA_FUSED_BACKWARD=0""]"
qaoa,28,8,fused-forward,optimized,f64r4_b128r3,5,509.893001,11.571523000000001,1458.253182,1979.717706,-15.068626750639794,0.0,1.2434497875801753e-14,1.7492619859936476e-14,1,libsad_fusion_f64r4_b128r3_fused_forward_ee1f10dcea.so,"[""-DSAD_FORWARD_BLOCK_THREADS=64"", ""-DSAD_FORWARD_REGISTER_BITS=4"", ""-DSAD_BLOCK_THREADS=128"", ""-DSAD_REGISTER_BITS=3"", ""-DSAD_QAOA_FUSE_COST_RX=1"", ""-DSAD_QAOA_FUSED_BACKWARD=0""]"
ra-hea,28,8,complex-fused-forward,optimized,f64r3_b64r4,4,503.446889,93.390616,1432.805911,2029.643416,-0.3152249068019164,3.885780586188048e-16,2.0816681711721685e-16,6.533612165529917e-16,1,libsad_fusion_f64r3_b64r4_complex_fused_forward_d0b2aa0afd.so,"[""-DSAD_FORWARD_BLOCK_THREADS=64"", ""-DSAD_FORWARD_REGISTER_BITS=3"", ""-DSAD_BLOCK_THREADS=64"", ""-DSAD_REGISTER_BITS=4"", ""-DSAD_REAL_AMPLITUDE=0"", ""-DSAD_RA_FORWARD_FUSED=1"", ""-DSAD_RA_BACKWARD_FUSED=0""]"
ra-hea,28,8,complex-fused-forward,optimized,f64r3_b64r4,5,502.111446,93.110493,1426.7854980000002,2022.007437,-0.3152249068019164,3.885780586188048e-16,2.0816681711721685e-16,6.533612165529917e-16,1,libsad_fusion_f64r3_b64r4_complex_fused_forward_d0b2aa0afd.so,"[""-DSAD_FORWARD_BLOCK_THREADS=64"", ""-DSAD_FORWARD_REGISTER_BITS=3"", ""-DSAD_BLOCK_THREADS=64"", ""-DSAD_REGISTER_BITS=4"", ""-DSAD_REAL_AMPLITUDE=0"", ""-DSAD_RA_FORWARD_FUSED=1"", ""-DSAD_RA_BACKWARD_FUSED=0""]"
su2-hea,28,8,auto,optimized,f128r3_b64r4,4,749.092131,93.479032,1692.148228,2534.719391,0.0602076357113957,2.0816681711721685e-17,1.942890293094024e-16,7.665812454176001e-16,1,libsad_fusion_f128r3_b64r4_auto_a330c9365c.so,"[""-DSAD_FORWARD_BLOCK_THREADS=128"", ""-DSAD_FORWARD_REGISTER_BITS=3"", ""-DSAD_BLOCK_THREADS=64"", ""-DSAD_REGISTER_BITS=4""]"
su2-hea,28,8,auto,optimized,f128r3_b64r4,5,750.538093,95.31783800000001,1694.354587,2540.2105180000003,0.0602076357113957,2.0816681711721685e-17,1.942890293094024e-16,7.665812454176001e-16,1,libsad_fusion_f128r3_b64r4_auto_a330c9365c.so,"[""-DSAD_FORWARD_BLOCK_THREADS=128"", ""-DSAD_FORWARD_REGISTER_BITS=3"", ""-DSAD_BLOCK_THREADS=64"", ""-DSAD_REGISTER_BITS=4""]"
ra-hea,28,8,complex-fused-both,optimized,f64r3_b64r4,4,498.49685,93.287488,1264.360195,1856.1445330000001,-0.3152249068019161,6.661338147750939e-16,1.942890293094024e-16,6.971899918576831e-16,1,libsad_fusion_f64r3_b64r4_complex_fused_both_c1b6bf87d0.so,"[""-DSAD_FORWARD_BLOCK_THREADS=64"", ""-DSAD_FORWARD_REGISTER_BITS=3"", ""-DSAD_BLOCK_THREADS=64"", ""-DSAD_REGISTER_BITS=4"", ""-DSAD_REAL_AMPLITUDE=0"", ""-DSAD_RA_FORWARD_FUSED=1"", ""-DSAD_RA_BACKWARD_FUSED=1""]"
ra-hea,28,8,complex-fused-both,optimized,f64r3_b64r4,5,500.335803,92.586248,1258.545583,1851.467634,-0.3152249068019161,6.661338147750939e-16,1.942890293094024e-16,6.971899918576831e-16,1,libsad_fusion_f64r3_b64r4_complex_fused_both_c1b6bf87d0.so,"[""-DSAD_FORWARD_BLOCK_THREADS=64"", ""-DSAD_FORWARD_REGISTER_BITS=3"", ""-DSAD_BLOCK_THREADS=64"", ""-DSAD_REGISTER_BITS=4"", ""-DSAD_REAL_AMPLITUDE=0"", ""-DSAD_RA_FORWARD_FUSED=1"", ""-DSAD_RA_BACKWARD_FUSED=1""]"
qaoa,28,8,auto,optimized,f64r4_b128r3,4,511.05729,11.51816,1326.954138,1849.529588,-15.068626750639792,1.7763568394002505e-15,1.971756091734278e-13,2.7322065323939805e-13,1,libsad_fusion_f64r4_b128r3_auto_ab3f60d452.so,"[""-DSAD_FORWARD_BLOCK_THREADS=64"", ""-DSAD_FORWARD_REGISTER_BITS=4"", ""-DSAD_BLOCK_THREADS=128"", ""-DSAD_REGISTER_BITS=3"", ""-DSAD_QAOA_FUSE_COST_RX=-1"", ""-DSAD_QAOA_FUSED_BACKWARD=1""]"
qaoa,28,8,auto,optimized,f64r4_b128r3,5,510.950182,11.724188,1322.359901,1845.0342709999998,-15.068626750639792,1.7763568394002505e-15,1.971756091734278e-13,2.7322065323939805e-13,1,libsad_fusion_f64r4_b128r3_auto_ab3f60d452.so,"[""-DSAD_FORWARD_BLOCK_THREADS=64"", ""-DSAD_FORWARD_REGISTER_BITS=4"", ""-DSAD_BLOCK_THREADS=128"", ""-DSAD_REGISTER_BITS=3"", ""-DSAD_QAOA_FUSE_COST_RX=-1"", ""-DSAD_QAOA_FUSED_BACKWARD=1""]"
rzz-hea,28,8,split-forward_split-backward,optimized,f64r4_b128r3,4,727.7161709999999,91.80861399999999,1914.450848,2733.975633,-0.2342908769816542,1.3877787807814457e-16,2.886579864025407e-15,1.8026492487264904e-14,1,libsad_fusion_f64r4_b128r3_split_forward_split_backward_e4d2b694f4.so,"[""-DSAD_FORWARD_BLOCK_THREADS=64"", ""-DSAD_FORWARD_REGISTER_BITS=4"", ""-DSAD_BLOCK_THREADS=128"", ""-DSAD_REGISTER_BITS=3"", ""-DSAD_RZZ_FORWARD_FUSED=0"", ""-DSAD_RZZ_BACKWARD_STRATEGY=0""]"
rzz-hea,28,8,split-forward_split-backward,optimized,f64r4_b128r3,5,725.080615,97.069848,1909.5769129999999,2731.727376,-0.2342908769816542,1.3877787807814457e-16,2.886579864025407e-15,1.8026492487264904e-14,1,libsad_fusion_f64r4_b128r3_split_forward_split_backward_e4d2b694f4.so,"[""-DSAD_FORWARD_BLOCK_THREADS=64"", ""-DSAD_FORWARD_REGISTER_BITS=4"", ""-DSAD_BLOCK_THREADS=128"", ""-DSAD_REGISTER_BITS=3"", ""-DSAD_RZZ_FORWARD_FUSED=0"", ""-DSAD_RZZ_BACKWARD_STRATEGY=0""]"
su2-hea,22,8,lookup-forward_phased-backward,optimized,f128r3_b64r4,0,5.4619159999999995,0.379421,35.395659,41.236996000000005,-0.01972333344097453,2.0816681711721685e-17,3.0531133177191805e-16,1.1395211533736552e-15,1,libsad_fusion_f128r3_b64r4_lookup_forward_phased_backward_2210ed799a.so,"[""-DSAD_FORWARD_BLOCK_THREADS=128"", ""-DSAD_FORWARD_REGISTER_BITS=3"", ""-DSAD_BLOCK_THREADS=64"", ""-DSAD_REGISTER_BITS=4"", ""-DSAD_SU2_FORWARD_STRATEGY=1"", ""-DSAD_SU2_BACKWARD_STRATEGY=2""]"
su2-hea,22,8,lookup-forward_phased-backward,optimized,f128r3_b64r4,1,5.875426,0.6197550000000001,36.229336,42.724517000000006,-0.01972333344097453,2.0816681711721685e-17,3.0531133177191805e-16,1.1395211533736552e-15,1,libsad_fusion_f128r3_b64r4_lookup_forward_phased_backward_2210ed799a.so,"[""-DSAD_FORWARD_BLOCK_THREADS=128"", ""-DSAD_FORWARD_REGISTER_BITS=3"", ""-DSAD_BLOCK_THREADS=64"", ""-DSAD_REGISTER_BITS=4"", ""-DSAD_SU2_FORWARD_STRATEGY=1"", ""-DSAD_SU2_BACKWARD_STRATEGY=2""]"
su2-hea,22,8,lookup-forward_phased-backward,optimized,f128r3_b64r4,2,6.587117,0.380332,35.680681,42.64813,-0.01972333344097453,2.0816681711721685e-17,3.0531133177191805e-16,1.1395211533736552e-15,1,libsad_fusion_f128r3_b64r4_lookup_forward_phased_backward_2210ed799a.so,"[""-DSAD_FORWARD_BLOCK_THREADS=128"", ""-DSAD_FORWARD_REGISTER_BITS=3"", ""-DSAD_BLOCK_THREADS=64"", ""-DSAD_REGISTER_BITS=4"", ""-DSAD_SU2_FORWARD_STRATEGY=1"", ""-DSAD_SU2_BACKWARD_STRATEGY=2""]"
qaoa,22,8,split-both,optimized,f128r2_b128r2,0,6.540798,0.135691,19.070781,25.74727,-11.83963530407412,1.7763568394002505e-15,1.9539925233402755e-14,2.5159721235206196e-14,1,libsad_fusion_f128r2_b128r2_split_both_4da203f407.so,"[""-DSAD_QAOA_FUSE_COST_RX=0"", ""-DSAD_QAOA_FUSED_BACKWARD=0""]"
qaoa,22,8,split-both,optimized,f128r2_b128r2,1,5.402515999999999,0.276812,19.536724,25.216051999999994,-11.83963530407412,1.7763568394002505e-15,1.9539925233402755e-14,2.5159721235206196e-14,1,libsad_fusion_f128r2_b128r2_split_both_4da203f407.so,"[""-DSAD_QAOA_FUSE_COST_RX=0"", ""-DSAD_QAOA_FUSED_BACKWARD=0""]"
qaoa,22,8,split-both,optimized,f128r2_b128r2,2,6.11864,0.135523,19.611182000000003,25.865345,-11.83963530407412,1.7763568394002505e-15,1.9539925233402755e-14,2.5159721235206196e-14,1,libsad_fusion_f128r2_b128r2_split_both_4da203f407.so,"[""-DSAD_QAOA_FUSE_COST_RX=0"", ""-DSAD_QAOA_FUSED_BACKWARD=0""]"
ra-hea,22,8,real-fused-both,optimized,f64r4_b64r4,0,3.4474280000000004,0.213938,8.725646,12.387011999999999,0.28273091635072506,5.551115123125783e-17,1.8041124150158794e-16,6.565275780086766e-16,1,libsad_fusion_f64r4_b64r4_real_fused_both_e60c482693.so,"[""-DSAD_FORWARD_BLOCK_THREADS=64"", ""-DSAD_FORWARD_REGISTER_BITS=4"", ""-DSAD_BLOCK_THREADS=64"", ""-DSAD_REGISTER_BITS=4"", ""-DSAD_REAL_AMPLITUDE=1""]"
ra-hea,22,8,real-fused-both,optimized,f64r4_b64r4,1,3.680473,0.221493,8.377073000000001,12.279039000000001,0.28273091635072506,5.551115123125783e-17,1.8041124150158794e-16,6.565275780086766e-16,1,libsad_fusion_f64r4_b64r4_real_fused_both_e60c482693.so,"[""-DSAD_FORWARD_BLOCK_THREADS=64"", ""-DSAD_FORWARD_REGISTER_BITS=4"", ""-DSAD_BLOCK_THREADS=64"", ""-DSAD_REGISTER_BITS=4"", ""-DSAD_REAL_AMPLITUDE=1""]"
ra-hea,22,8,real-fused-both,optimized,f64r4_b64r4,2,3.48521,0.388188,8.86308,12.736478,0.28273091635072506,5.551115123125783e-17,1.8041124150158794e-16,6.565275780086766e-16,1,libsad_fusion_f64r4_b64r4_real_fused_both_e60c482693.so,"[""-DSAD_FORWARD_BLOCK_THREADS=64"", ""-DSAD_FORWARD_REGISTER_BITS=4"", ""-DSAD_BLOCK_THREADS=64"", ""-DSAD_REGISTER_BITS=4"", ""-DSAD_REAL_AMPLITUDE=1""]"
xxz-hva,22,8,cross-matching,optimized,f128r3_b32r3,0,15.706655,0.639886,50.831849,67.17839000000001,0.10313343865398245,5.551115123125783e-17,6.938893903907228e-16,3.393042590032739e-15,1,libsad_fusion_f128r3_b32r3_cross_matching_448a98da88.so,"[""-DSAD_FORWARD_BLOCK_THREADS=128"", ""-DSAD_FORWARD_REGISTER_BITS=3"", ""-DSAD_BLOCK_THREADS=32"", ""-DSAD_REGISTER_BITS=3"", ""-DSAD_XXZ_CROSS_MATCHING=1""]"
xxz-hva,22,8,cross-matching,optimized,f128r3_b32r3,1,14.199883999999999,0.35237,52.216255000000004,66.76850900000001,0.10313343865398245,5.551115123125783e-17,6.938893903907228e-16,3.393042590032739e-15,1,libsad_fusion_f128r3_b32r3_cross_matching_448a98da88.so,"[""-DSAD_FORWARD_BLOCK_THREADS=128"", ""-DSAD_FORWARD_REGISTER_BITS=3"", ""-DSAD_BLOCK_THREADS=32"", ""-DSAD_REGISTER_BITS=3"", ""-DSAD_XXZ_CROSS_MATCHING=1""]"
xxz-hva,22,8,cross-matching,optimized,f128r3_b32r3,2,15.402768,0.5974459999999999,52.073172,68.073386,0.10313343865398245,5.551115123125783e-17,6.938893903907228e-16,3.393042590032739e-15,1,libsad_fusion_f128r3_b32r3_cross_matching_448a98da88.so,"[""-DSAD_FORWARD_BLOCK_THREADS=128"", ""-DSAD_FORWARD_REGISTER_BITS=3"", ""-DSAD_BLOCK_THREADS=32"", ""-DSAD_REGISTER_BITS=3"", ""-DSAD_XXZ_CROSS_MATCHING=1""]"
rzz-hea,22,8,split-forward_split-backward,optimized,f128r2_b128r2,0,7.984378,0.659221,25.280091000000002,33.92369,-2.9985617914801628,8.881784197001252e-16,1.6653345369377348e-15,6.7202778724252046e-15,1,libsad_fusion_f128r2_b128r2_split_forward_split_backward_d6edb746ec.so,"[""-DSAD_RZZ_FORWARD_FUSED=0"", ""-DSAD_RZZ_BACKWARD_STRATEGY=0""]"
rzz-hea,22,8,split-forward_split-backward,optimized,f128r2_b128r2,1,8.443648,0.6303650000000001,24.642958,33.716971,-2.9985617914801628,8.881784197001252e-16,1.6653345369377348e-15,6.7202778724252046e-15,1,libsad_fusion_f128r2_b128r2_split_forward_split_backward_d6edb746ec.so,"[""-DSAD_RZZ_FORWARD_FUSED=0"", ""-DSAD_RZZ_BACKWARD_STRATEGY=0""]"
rzz-hea,22,8,split-forward_split-backward,optimized,f128r2_b128r2,2,7.340413,0.38541600000000004,25.739179,33.465008000000005,-2.9985617914801628,8.881784197001252e-16,1.6653345369377348e-15,6.7202778724252046e-15,1,libsad_fusion_f128r2_b128r2_split_forward_split_backward_d6edb746ec.so,"[""-DSAD_RZZ_FORWARD_FUSED=0"", ""-DSAD_RZZ_BACKWARD_STRATEGY=0""]"
ra-hea,22,8,complex-fused-both,optimized,f64r4_b64r4,0,6.084632,0.656035,18.787087,25.527753999999998,0.28273091635072506,5.551115123125783e-17,2.220446049250313e-16,5.939170399392064e-16,1,libsad_fusion_f64r4_b64r4_complex_fused_both_eecac02710.so,"[""-DSAD_FORWARD_BLOCK_THREADS=64"", ""-DSAD_FORWARD_REGISTER_BITS=4"", ""-DSAD_BLOCK_THREADS=64"", ""-DSAD_REGISTER_BITS=4"", ""-DSAD_REAL_AMPLITUDE=0"", ""-DSAD_RA_FORWARD_FUSED=1"", ""-DSAD_RA_BACKWARD_FUSED=1""]"
ra-hea,22,8,complex-fused-both,optimized,f64r4_b64r4,1,6.175013,0.371472,18.081757,24.628242,0.28273091635072506,5.551115123125783e-17,2.220446049250313e-16,5.939170399392064e-16,1,libsad_fusion_f64r4_b64r4_complex_fused_both_eecac02710.so,"[""-DSAD_FORWARD_BLOCK_THREADS=64"", ""-DSAD_FORWARD_REGISTER_BITS=4"", ""-DSAD_BLOCK_THREADS=64"", ""-DSAD_REGISTER_BITS=4"", ""-DSAD_REAL_AMPLITUDE=0"", ""-DSAD_RA_FORWARD_FUSED=1"", ""-DSAD_RA_BACKWARD_FUSED=1""]"
ra-hea,22,8,complex-fused-both,optimized,f64r4_b64r4,2,6.581854,0.371412,18.400987,25.354253,0.28273091635072506,5.551115123125783e-17,2.220446049250313e-16,5.939170399392064e-16,1,libsad_fusion_f64r4_b64r4_complex_fused_both_eecac02710.so,"[""-DSAD_FORWARD_BLOCK_THREADS=64"", ""-DSAD_FORWARD_REGISTER_BITS=4"", ""-DSAD_BLOCK_THREADS=64"", ""-DSAD_REGISTER_BITS=4"", ""-DSAD_REAL_AMPLITUDE=0"", ""-DSAD_RA_FORWARD_FUSED=1"", ""-DSAD_RA_BACKWARD_FUSED=1""]"
su2-hea,22,8,phased-forward_lookup-backward,optimized,f128r3_b64r4,0,8.753506,0.379686,23.683787000000002,32.816979,-0.019723333440974513,3.8163916471489756e-17,2.914335439641036e-16,1.1379080299430057e-15,1,libsad_fusion_f128r3_b64r4_phased_forward_lookup_backward_7df21f009d.so,"[""-DSAD_FORWARD_BLOCK_THREADS=128"", ""-DSAD_FORWARD_REGISTER_BITS=3"", ""-DSAD_BLOCK_THREADS=64"", ""-DSAD_REGISTER_BITS=4"", ""-DSAD_SU2_FORWARD_STRATEGY=2"", ""-DSAD_SU2_BACKWARD_STRATEGY=1""]"
su2-hea,22,8,phased-forward_lookup-backward,optimized,f128r3_b64r4,1,9.800816000000001,0.37911,23.395842000000002,33.575768,-0.019723333440974513,3.8163916471489756e-17,2.914335439641036e-16,1.1379080299430057e-15,1,libsad_fusion_f128r3_b64r4_phased_forward_lookup_backward_7df21f009d.so,"[""-DSAD_FORWARD_BLOCK_THREADS=128"", ""-DSAD_FORWARD_REGISTER_BITS=3"", ""-DSAD_BLOCK_THREADS=64"", ""-DSAD_REGISTER_BITS=4"", ""-DSAD_SU2_FORWARD_STRATEGY=2"", ""-DSAD_SU2_BACKWARD_STRATEGY=1""]"
su2-hea,22,8,phased-forward_lookup-backward,optimized,f128r3_b64r4,2,9.238916999999999,0.378152,23.802416,33.419485,-0.019723333440974513,3.8163916471489756e-17,2.914335439641036e-16,1.1379080299430057e-15,1,libsad_fusion_f128r3_b64r4_phased_forward_lookup_backward_7df21f009d.so,"[""-DSAD_FORWARD_BLOCK_THREADS=128"", ""-DSAD_FORWARD_REGISTER_BITS=3"", ""-DSAD_BLOCK_THREADS=64"", ""-DSAD_REGISTER_BITS=4"", ""-DSAD_SU2_FORWARD_STRATEGY=2"", ""-DSAD_SU2_BACKWARD_STRATEGY=1""]"
rzz-hea,22,8,fused-forward_split-backward,optimized,f128r2_b128r2,0,7.212807,0.391656,26.025057,33.62952000000001,-2.998561791480164,2.220446049250313e-15,1.7763568394002505e-15,6.7843129318376896e-15,1,libsad_fusion_f128r2_b128r2_fused_forward_split_backward_1714f0e737.so,"[""-DSAD_RZZ_FORWARD_FUSED=1"", ""-DSAD_RZZ_BACKWARD_STRATEGY=0""]"
rzz-hea,22,8,fused-forward_split-backward,optimized,f128r2_b128r2,1,6.953154,0.38400799999999996,25.085717,32.422879,-2.998561791480164,2.220446049250313e-15,1.7763568394002505e-15,6.7843129318376896e-15,1,libsad_fusion_f128r2_b128r2_fused_forward_split_backward_1714f0e737.so,"[""-DSAD_RZZ_FORWARD_FUSED=1"", ""-DSAD_RZZ_BACKWARD_STRATEGY=0""]"
rzz-hea,22,8,fused-forward_split-backward,optimized,f128r2_b128r2,2,7.707375,0.539544,25.102,33.348918999999995,-2.998561791480164,2.220446049250313e-15,1.7763568394002505e-15,6.7843129318376896e-15,1,libsad_fusion_f128r2_b128r2_fused_forward_split_backward_1714f0e737.so,"[""-DSAD_RZZ_FORWARD_FUSED=1"", ""-DSAD_RZZ_BACKWARD_STRATEGY=0""]"
ra-hea,22,8,complex-split,optimized,f64r4_b64r4,0,6.440620999999999,0.372048,19.042977999999998,25.855646999999998,0.282730916350725,1.1102230246251565e-16,1.6653345369377348e-16,5.283845711773797e-16,1,libsad_fusion_f64r4_b64r4_complex_split_66498fcdfe.so,"[""-DSAD_FORWARD_BLOCK_THREADS=64"", ""-DSAD_FORWARD_REGISTER_BITS=4"", ""-DSAD_BLOCK_THREADS=64"", ""-DSAD_REGISTER_BITS=4"", ""-DSAD_REAL_AMPLITUDE=0"", ""-DSAD_RA_FORWARD_FUSED=0"", ""-DSAD_RA_BACKWARD_FUSED=0""]"
ra-hea,22,8,complex-split,optimized,f64r4_b64r4,1,6.366032,0.513819,19.928651,26.808501999999997,0.282730916350725,1.1102230246251565e-16,1.6653345369377348e-16,5.283845711773797e-16,1,libsad_fusion_f64r4_b64r4_complex_split_66498fcdfe.so,"[""-DSAD_FORWARD_BLOCK_THREADS=64"", ""-DSAD_FORWARD_REGISTER_BITS=4"", ""-DSAD_BLOCK_THREADS=64"", ""-DSAD_REGISTER_BITS=4"", ""-DSAD_REAL_AMPLITUDE=0"", ""-DSAD_RA_FORWARD_FUSED=0"", ""-DSAD_RA_BACKWARD_FUSED=0""]"
ra-hea,22,8,complex-split,optimized,f64r4_b64r4,2,6.152126,0.650994,19.999682,26.802802,0.282730916350725,1.1102230246251565e-16,1.6653345369377348e-16,5.283845711773797e-16,1,libsad_fusion_f64r4_b64r4_complex_split_66498fcdfe.so,"[""-DSAD_FORWARD_BLOCK_THREADS=64"", ""-DSAD_FORWARD_REGISTER_BITS=4"", ""-DSAD_BLOCK_THREADS=64"", ""-DSAD_REGISTER_BITS=4"", ""-DSAD_REAL_AMPLITUDE=0"", ""-DSAD_RA_FORWARD_FUSED=0"", ""-DSAD_RA_BACKWARD_FUSED=0""]"
su2-hea,22,8,split-forward_phased-backward,optimized,f128r3_b64r4,0,6.673420999999999,0.632325,35.489302,42.795048,-0.01972333344097454,1.0408340855860843e-17,3.0531133177191805e-16,1.1258807748511123e-15,1,libsad_fusion_f128r3_b64r4_split_forward_phased_backward_a3372de662.so,"[""-DSAD_FORWARD_BLOCK_THREADS=128"", ""-DSAD_FORWARD_REGISTER_BITS=3"", ""-DSAD_BLOCK_THREADS=64"", ""-DSAD_REGISTER_BITS=4"", ""-DSAD_SU2_FORWARD_STRATEGY=0"", ""-DSAD_SU2_BACKWARD_STRATEGY=2""]"
su2-hea,22,8,split-forward_phased-backward,optimized,f128r3_b64r4,1,6.830635,0.379819,35.855931,43.066385,-0.01972333344097454,1.0408340855860843e-17,3.0531133177191805e-16,1.1258807748511123e-15,1,libsad_fusion_f128r3_b64r4_split_forward_phased_backward_a3372de662.so,"[""-DSAD_FORWARD_BLOCK_THREADS=128"", ""-DSAD_FORWARD_REGISTER_BITS=3"", ""-DSAD_BLOCK_THREADS=64"", ""-DSAD_REGISTER_BITS=4"", ""-DSAD_SU2_FORWARD_STRATEGY=0"", ""-DSAD_SU2_BACKWARD_STRATEGY=2""]"
su2-hea,22,8,split-forward_phased-backward,optimized,f128r3_b64r4,2,6.258012,0.5365,35.951722,42.746234,-0.01972333344097454,1.0408340855860843e-17,3.0531133177191805e-16,1.1258807748511123e-15,1,libsad_fusion_f128r3_b64r4_split_forward_phased_backward_a3372de662.so,"[""-DSAD_FORWARD_BLOCK_THREADS=128"", ""-DSAD_FORWARD_REGISTER_BITS=3"", ""-DSAD_BLOCK_THREADS=64"", ""-DSAD_REGISTER_BITS=4"", ""-DSAD_SU2_FORWARD_STRATEGY=0"", ""-DSAD_SU2_BACKWARD_STRATEGY=2""]"
su2-hea,22,8,lookup-forward_split-backward,optimized,f128r3_b64r4,0,6.44639,0.379394,22.888115,29.713899,-0.01972333344097457,1.734723475976807e-17,1.1102230246251565e-16,4.3611600988899194e-16,1,libsad_fusion_f128r3_b64r4_lookup_forward_split_backward_d2cc1cb087.so,"[""-DSAD_FORWARD_BLOCK_THREADS=128"", ""-DSAD_FORWARD_REGISTER_BITS=3"", ""-DSAD_BLOCK_THREADS=64"", ""-DSAD_REGISTER_BITS=4"", ""-DSAD_SU2_FORWARD_STRATEGY=1"", ""-DSAD_SU2_BACKWARD_STRATEGY=0""]"
su2-hea,22,8,lookup-forward_split-backward,optimized,f128r3_b64r4,1,6.001163,0.6154,22.890265,29.506828,-0.01972333344097457,1.734723475976807e-17,1.1102230246251565e-16,4.3611600988899194e-16,1,libsad_fusion_f128r3_b64r4_lookup_forward_split_backward_d2cc1cb087.so,"[""-DSAD_FORWARD_BLOCK_THREADS=128"", ""-DSAD_FORWARD_REGISTER_BITS=3"", ""-DSAD_BLOCK_THREADS=64"", ""-DSAD_REGISTER_BITS=4"", ""-DSAD_SU2_FORWARD_STRATEGY=1"", ""-DSAD_SU2_BACKWARD_STRATEGY=0""]"
su2-hea,22,8,lookup-forward_split-backward,optimized,f128r3_b64r4,2,5.361656,0.378384,23.346283,29.086322999999997,-0.01972333344097457,1.734723475976807e-17,1.1102230246251565e-16,4.3611600988899194e-16,1,libsad_fusion_f128r3_b64r4_lookup_forward_split_backward_d2cc1cb087.so,"[""-DSAD_FORWARD_BLOCK_THREADS=128"", ""-DSAD_FORWARD_REGISTER_BITS=3"", ""-DSAD_BLOCK_THREADS=64"", ""-DSAD_REGISTER_BITS=4"", ""-DSAD_SU2_FORWARD_STRATEGY=1"", ""-DSAD_SU2_BACKWARD_STRATEGY=0""]"
rzz-hea,22,8,split-forward_fused-backward,optimized,f128r2_b128r2,0,7.352883,0.5339389999999999,29.178183999999998,37.065006,-2.9985617914801646,2.6645352591003757e-15,5.551115123125783e-15,1.9104312976682823e-14,1,libsad_fusion_f128r2_b128r2_split_forward_fused_backward_3b00375398.so,"[""-DSAD_RZZ_FORWARD_FUSED=0"", ""-DSAD_RZZ_BACKWARD_STRATEGY=2""]"
rzz-hea,22,8,split-forward_fused-backward,optimized,f128r2_b128r2,1,8.485993,0.384743,28.58389,37.454626000000005,-2.9985617914801646,2.6645352591003757e-15,5.551115123125783e-15,1.9104312976682823e-14,1,libsad_fusion_f128r2_b128r2_split_forward_fused_backward_3b00375398.so,"[""-DSAD_RZZ_FORWARD_FUSED=0"", ""-DSAD_RZZ_BACKWARD_STRATEGY=2""]"
rzz-hea,22,8,split-forward_fused-backward,optimized,f128r2_b128r2,2,8.154632,0.533292,26.83492,35.522844,-2.9985617914801646,2.6645352591003757e-15,5.551115123125783e-15,1.9104312976682823e-14,1,libsad_fusion_f128r2_b128r2_split_forward_fused_backward_3b00375398.so,"[""-DSAD_RZZ_FORWARD_FUSED=0"", ""-DSAD_RZZ_BACKWARD_STRATEGY=2""]"
ra-hea,22,8,complex-fused-backward,optimized,f64r4_b64r4,0,5.86988,0.607263,18.033589,24.510732,0.2827309163507249,2.220446049250313e-16,3.885780586188048e-16,6.273322843846013e-16,1,libsad_fusion_f64r4_b64r4_complex_fused_backward_dfc4d7af68.so,"[""-DSAD_FORWARD_BLOCK_THREADS=64"", ""-DSAD_FORWARD_REGISTER_BITS=4"", ""-DSAD_BLOCK_THREADS=64"", ""-DSAD_REGISTER_BITS=4"", ""-DSAD_REAL_AMPLITUDE=0"", ""-DSAD_RA_FORWARD_FUSED=0"", ""-DSAD_RA_BACKWARD_FUSED=1""]"
ra-hea,22,8,complex-fused-backward,optimized,f64r4_b64r4,1,5.377936,0.37201900000000004,18.88304,24.632995,0.2827309163507249,2.220446049250313e-16,3.885780586188048e-16,6.273322843846013e-16,1,libsad_fusion_f64r4_b64r4_complex_fused_backward_dfc4d7af68.so,"[""-DSAD_FORWARD_BLOCK_THREADS=64"", ""-DSAD_FORWARD_REGISTER_BITS=4"", ""-DSAD_BLOCK_THREADS=64"", ""-DSAD_REGISTER_BITS=4"", ""-DSAD_REAL_AMPLITUDE=0"", ""-DSAD_RA_FORWARD_FUSED=0"", ""-DSAD_RA_BACKWARD_FUSED=1""]"
ra-hea,22,8,complex-fused-backward,optimized,f64r4_b64r4,2,5.491699,0.371903,17.939819999999997,23.803421999999998,0.2827309163507249,2.220446049250313e-16,3.885780586188048e-16,6.273322843846013e-16,1,libsad_fusion_f64r4_b64r4_complex_fused_backward_dfc4d7af68.so,"[""-DSAD_FORWARD_BLOCK_THREADS=64"", ""-DSAD_FORWARD_REGISTER_BITS=4"", ""-DSAD_BLOCK_THREADS=64"", ""-DSAD_REGISTER_BITS=4"", ""-DSAD_REAL_AMPLITUDE=0"", ""-DSAD_RA_FORWARD_FUSED=0"", ""-DSAD_RA_BACKWARD_FUSED=1""]"
qaoa,22,8,auto,optimized,f128r2_b128r2,0,5.879126,0.269217,20.395783,26.544126000000002,-11.839635304074124,1.7763568394002505e-15,2.3092638912203256e-14,2.6077954867257757e-14,1,libsad_fusion_f128r2_b128r2_auto_05d6356191.so,"[""-DSAD_QAOA_FUSE_COST_RX=-1"", ""-DSAD_QAOA_FUSED_BACKWARD=1""]"
qaoa,22,8,auto,optimized,f128r2_b128r2,1,5.0102899999999995,0.134329,20.695472,25.840090999999997,-11.839635304074124,1.7763568394002505e-15,2.3092638912203256e-14,2.6077954867257757e-14,1,libsad_fusion_f128r2_b128r2_auto_05d6356191.so,"[""-DSAD_QAOA_FUSE_COST_RX=-1"", ""-DSAD_QAOA_FUSED_BACKWARD=1""]"
qaoa,22,8,auto,optimized,f128r2_b128r2,2,5.129461,0.134878,18.390959,23.655298,-11.839635304074124,1.7763568394002505e-15,2.3092638912203256e-14,2.6077954867257757e-14,1,libsad_fusion_f128r2_b128r2_auto_05d6356191.so,"[""-DSAD_QAOA_FUSE_COST_RX=-1"", ""-DSAD_QAOA_FUSED_BACKWARD=1""]"
qaoa,22,8,fused-backward,optimized,f128r2_b128r2,0,6.236867999999999,0.12848800000000002,18.337073,24.702429,-11.839635304074129,7.105427357601002e-15,3.907985046680551e-14,5.2078809507927415e-14,1,libsad_fusion_f128r2_b128r2_fused_backward_ce82b75948.so,"[""-DSAD_QAOA_FUSE_COST_RX=0"", ""-DSAD_QAOA_FUSED_BACKWARD=2""]"
qaoa,22,8,fused-backward,optimized,f128r2_b128r2,1,6.522710999999999,0.30298499999999995,17.405531,24.231226999999997,-11.839635304074129,7.105427357601002e-15,3.907985046680551e-14,5.2078809507927415e-14,1,libsad_fusion_f128r2_b128r2_fused_backward_ce82b75948.so,"[""-DSAD_QAOA_FUSE_COST_RX=0"", ""-DSAD_QAOA_FUSED_BACKWARD=2""]"
qaoa,22,8,fused-backward,optimized,f128r2_b128r2,2,6.529865,0.298898,17.011535000000002,23.840298000000004,-11.839635304074129,7.105427357601002e-15,3.907985046680551e-14,5.2078809507927415e-14,1,libsad_fusion_f128r2_b128r2_fused_backward_ce82b75948.so,"[""-DSAD_QAOA_FUSE_COST_RX=0"", ""-DSAD_QAOA_FUSED_BACKWARD=2""]"
su2-hea,22,8,split-forward_lookup-backward,optimized,f128r3_b64r4,0,6.735826,0.6156389999999999,23.718709,31.070174,-0.01972333344097456,1.0408340855860843e-17,3.122502256758253e-16,7.247326447069175e-16,1,libsad_fusion_f128r3_b64r4_split_forward_lookup_backward_14001066e2.so,"[""-DSAD_FORWARD_BLOCK_THREADS=128"", ""-DSAD_FORWARD_REGISTER_BITS=3"", ""-DSAD_BLOCK_THREADS=64"", ""-DSAD_REGISTER_BITS=4"", ""-DSAD_SU2_FORWARD_STRATEGY=0"", ""-DSAD_SU2_BACKWARD_STRATEGY=1""]"
su2-hea,22,8,split-forward_lookup-backward,optimized,f128r3_b64r4,1,6.0820609999999995,0.37764,23.613243999999998,30.072944999999997,-0.01972333344097456,1.0408340855860843e-17,3.122502256758253e-16,7.247326447069175e-16,1,libsad_fusion_f128r3_b64r4_split_forward_lookup_backward_14001066e2.so,"[""-DSAD_FORWARD_BLOCK_THREADS=128"", ""-DSAD_FORWARD_REGISTER_BITS=3"", ""-DSAD_BLOCK_THREADS=64"", ""-DSAD_REGISTER_BITS=4"", ""-DSAD_SU2_FORWARD_STRATEGY=0"", ""-DSAD_SU2_BACKWARD_STRATEGY=1""]"
su2-hea,22,8,split-forward_lookup-backward,optimized,f128r3_b64r4,2,6.609453,0.378932,25.052056999999998,32.040442,-0.01972333344097456,1.0408340855860843e-17,3.122502256758253e-16,7.247326447069175e-16,1,libsad_fusion_f128r3_b64r4_split_forward_lookup_backward_14001066e2.so,"[""-DSAD_FORWARD_BLOCK_THREADS=128"", ""-DSAD_FORWARD_REGISTER_BITS=3"", ""-DSAD_BLOCK_THREADS=64"", ""-DSAD_REGISTER_BITS=4"", ""-DSAD_SU2_FORWARD_STRATEGY=0"", ""-DSAD_SU2_BACKWARD_STRATEGY=1""]"
rzz-hea,22,8,fused-forward_combined-backward,optimized,f128r2_b128r2,0,6.285424000000001,0.383169,26.371272,33.039865,-2.998561791480163,1.3322676295501878e-15,2.220446049250313e-15,8.943309079885981e-15,1,libsad_fusion_f128r2_b128r2_fused_forward_combined_backward_0245edac0c.so,"[""-DSAD_RZZ_FORWARD_FUSED=1"", ""-DSAD_RZZ_BACKWARD_STRATEGY=1""]"
rzz-hea,22,8,fused-forward_combined-backward,optimized,f128r2_b128r2,1,7.641934,0.385297,26.802492,34.829723,-2.998561791480163,1.3322676295501878e-15,2.220446049250313e-15,8.943309079885981e-15,1,libsad_fusion_f128r2_b128r2_fused_forward_combined_backward_0245edac0c.so,"[""-DSAD_RZZ_FORWARD_FUSED=1"", ""-DSAD_RZZ_BACKWARD_STRATEGY=1""]"
rzz-hea,22,8,fused-forward_combined-backward,optimized,f128r2_b128r2,2,7.5793099999999995,0.67101,26.033085,34.283405,-2.998561791480163,1.3322676295501878e-15,2.220446049250313e-15,8.943309079885981e-15,1,libsad_fusion_f128r2_b128r2_fused_forward_combined_backward_0245edac0c.so,"[""-DSAD_RZZ_FORWARD_FUSED=1"", ""-DSAD_RZZ_BACKWARD_STRATEGY=1""]"
su2-hea,22,8,phased-forward_split-backward,optimized,f128r3_b64r4,0,9.110828,0.381077,23.484029,32.975933999999995,-0.019723333440974516,3.469446951953614e-17,2.7755575615628914e-16,1.0232623839481628e-15,1,libsad_fusion_f128r3_b64r4_phased_forward_split_backward_2a4d35d553.so,"[""-DSAD_FORWARD_BLOCK_THREADS=128"", ""-DSAD_FORWARD_REGISTER_BITS=3"", ""-DSAD_BLOCK_THREADS=64"", ""-DSAD_REGISTER_BITS=4"", ""-DSAD_SU2_FORWARD_STRATEGY=2"", ""-DSAD_SU2_BACKWARD_STRATEGY=0""]"
su2-hea,22,8,phased-forward_split-backward,optimized,f128r3_b64r4,1,9.620762,0.70669,21.881722,32.209174,-0.019723333440974516,3.469446951953614e-17,2.7755575615628914e-16,1.0232623839481628e-15,1,libsad_fusion_f128r3_b64r4_phased_forward_split_backward_2a4d35d553.so,"[""-DSAD_FORWARD_BLOCK_THREADS=128"", ""-DSAD_FORWARD_REGISTER_BITS=3"", ""-DSAD_BLOCK_THREADS=64"", ""-DSAD_REGISTER_BITS=4"", ""-DSAD_SU2_FORWARD_STRATEGY=2"", ""-DSAD_SU2_BACKWARD_STRATEGY=0""]"
su2-hea,22,8,phased-forward_split-backward,optimized,f128r3_b64r4,2,9.710908,0.378697,22.019232,32.108837,-0.019723333440974516,3.469446951953614e-17,2.7755575615628914e-16,1.0232623839481628e-15,1,libsad_fusion_f128r3_b64r4_phased_forward_split_backward_2a4d35d553.so,"[""-DSAD_FORWARD_BLOCK_THREADS=128"", ""-DSAD_FORWARD_REGISTER_BITS=3"", ""-DSAD_BLOCK_THREADS=64"", ""-DSAD_REGISTER_BITS=4"", ""-DSAD_SU2_FORWARD_STRATEGY=2"", ""-DSAD_SU2_BACKWARD_STRATEGY=0""]"
qaoa,22,8,fused-both,optimized,f128r2_b128r2,0,5.715999,0.12833,17.911673999999998,23.756002999999996,-11.839635304074122,0.0,4.085620730620576e-14,5.1725432503462105e-14,1,libsad_fusion_f128r2_b128r2_fused_both_0013ed2463.so,"[""-DSAD_QAOA_FUSE_COST_RX=1"", ""-DSAD_QAOA_FUSED_BACKWARD=2""]"
qaoa,22,8,fused-both,optimized,f128r2_b128r2,1,6.163576,0.127288,17.045598,23.336461999999997,-11.839635304074122,0.0,4.085620730620576e-14,5.1725432503462105e-14,1,libsad_fusion_f128r2_b128r2_fused_both_0013ed2463.so,"[""-DSAD_QAOA_FUSE_COST_RX=1"", ""-DSAD_QAOA_FUSED_BACKWARD=2""]"
qaoa,22,8,fused-both,optimized,f128r2_b128r2,2,6.049121,0.671159,16.878183,23.598463,-11.839635304074122,0.0,4.085620730620576e-14,5.1725432503462105e-14,1,libsad_fusion_f128r2_b128r2_fused_both_0013ed2463.so,"[""-DSAD_QAOA_FUSE_COST_RX=1"", ""-DSAD_QAOA_FUSED_BACKWARD=2""]"
su2-hea,22,8,lookup-forward_lookup-backward,optimized,f128r3_b64r4,0,5.835951,0.521621,23.867379,30.224951,-0.019723333440974607,5.551115123125783e-17,3.0531133177191805e-16,7.354040669814359e-16,1,libsad_fusion_f128r3_b64r4_lookup_forward_lookup_backward_7b8f8fcfcf.so,"[""-DSAD_FORWARD_BLOCK_THREADS=128"", ""-DSAD_FORWARD_REGISTER_BITS=3"", ""-DSAD_BLOCK_THREADS=64"", ""-DSAD_REGISTER_BITS=4"", ""-DSAD_SU2_FORWARD_STRATEGY=1"", ""-DSAD_SU2_BACKWARD_STRATEGY=1""]"
su2-hea,22,8,lookup-forward_lookup-backward,optimized,f128r3_b64r4,1,5.812346000000001,0.5649230000000001,25.287509,31.664778,-0.019723333440974607,5.551115123125783e-17,3.0531133177191805e-16,7.354040669814359e-16,1,libsad_fusion_f128r3_b64r4_lookup_forward_lookup_backward_7b8f8fcfcf.so,"[""-DSAD_FORWARD_BLOCK_THREADS=128"", ""-DSAD_FORWARD_REGISTER_BITS=3"", ""-DSAD_BLOCK_THREADS=64"", ""-DSAD_REGISTER_BITS=4"", ""-DSAD_SU2_FORWARD_STRATEGY=1"", ""-DSAD_SU2_BACKWARD_STRATEGY=1""]"
su2-hea,22,8,lookup-forward_lookup-backward,optimized,f128r3_b64r4,2,6.289927,0.3793,24.157809999999998,30.827036999999997,-0.019723333440974607,5.551115123125783e-17,3.0531133177191805e-16,7.354040669814359e-16,1,libsad_fusion_f128r3_b64r4_lookup_forward_lookup_backward_7b8f8fcfcf.so,"[""-DSAD_FORWARD_BLOCK_THREADS=128"", ""-DSAD_FORWARD_REGISTER_BITS=3"", ""-DSAD_BLOCK_THREADS=64"", ""-DSAD_REGISTER_BITS=4"", ""-DSAD_SU2_FORWARD_STRATEGY=1"", ""-DSAD_SU2_BACKWARD_STRATEGY=1""]"
qaoa,22,8,fused-forward,optimized,f128r2_b128r2,0,5.001616,0.127365,20.188814999999998,25.317796,-11.839635304074116,5.329070518200751e-15,1.5987211554602254e-14,2.4323261027511723e-14,1,libsad_fusion_f128r2_b128r2_fused_forward_cd039849db.so,"[""-DSAD_QAOA_FUSE_COST_RX=1"", ""-DSAD_QAOA_FUSED_BACKWARD=0""]"
qaoa,22,8,fused-forward,optimized,f128r2_b128r2,1,5.669808,0.34226500000000004,20.111601,26.123674,-11.839635304074116,5.329070518200751e-15,1.5987211554602254e-14,2.4323261027511723e-14,1,libsad_fusion_f128r2_b128r2_fused_forward_cd039849db.so,"[""-DSAD_QAOA_FUSE_COST_RX=1"", ""-DSAD_QAOA_FUSED_BACKWARD=0""]"
qaoa,22,8,fused-forward,optimized,f128r2_b128r2,2,5.770511,0.278676,20.078966,26.128153,-11.839635304074116,5.329070518200751e-15,1.5987211554602254e-14,2.4323261027511723e-14,1,libsad_fusion_f128r2_b128r2_fused_forward_cd039849db.so,"[""-DSAD_QAOA_FUSE_COST_RX=1"", ""-DSAD_QAOA_FUSED_BACKWARD=0""]"
xxz-hva,22,8,separate-matchings,optimized,f128r3_b32r3,0,15.963437,0.598249,51.341437,67.903123,0.10313343865398246,6.938893903907228e-17,1.8041124150158794e-16,8.106592162014567e-16,1,libsad_fusion_f128r3_b32r3_separate_matchings_6a54a88064.so,"[""-DSAD_FORWARD_BLOCK_THREADS=128"", ""-DSAD_FORWARD_REGISTER_BITS=3"", ""-DSAD_BLOCK_THREADS=32"", ""-DSAD_REGISTER_BITS=3"", ""-DSAD_XXZ_CROSS_MATCHING=0""]"
xxz-hva,22,8,separate-matchings,optimized,f128r3_b32r3,1,16.021492,0.504407,51.789121,68.31502,0.10313343865398246,6.938893903907228e-17,1.8041124150158794e-16,8.106592162014567e-16,1,libsad_fusion_f128r3_b32r3_separate_matchings_6a54a88064.so,"[""-DSAD_FORWARD_BLOCK_THREADS=128"", ""-DSAD_FORWARD_REGISTER_BITS=3"", ""-DSAD_BLOCK_THREADS=32"", ""-DSAD_REGISTER_BITS=3"", ""-DSAD_XXZ_CROSS_MATCHING=0""]"
xxz-hva,22,8,separate-matchings,optimized,f128r3_b32r3,2,15.327034,0.818103,52.148495000000004,68.293632,0.10313343865398246,6.938893903907228e-17,1.8041124150158794e-16,8.106592162014567e-16,1,libsad_fusion_f128r3_b32r3_separate_matchings_6a54a88064.so,"[""-DSAD_FORWARD_BLOCK_THREADS=128"", ""-DSAD_FORWARD_REGISTER_BITS=3"", ""-DSAD_BLOCK_THREADS=32"", ""-DSAD_REGISTER_BITS=3"", ""-DSAD_XXZ_CROSS_MATCHING=0""]"
rzz-hea,22,8,auto,optimized,f128r2_b128r2,0,8.139909000000001,0.38364600000000004,25.886432,34.409987,-2.998561791480164,2.220446049250313e-15,1.6653345369377348e-15,8.460592955796307e-15,1,libsad_fusion_f128r2_b128r2_auto_e3b0c44298.so,[]
rzz-hea,22,8,auto,optimized,f128r2_b128r2,1,7.528058,0.375803,25.9603,33.864160999999996,-2.998561791480164,2.220446049250313e-15,1.6653345369377348e-15,8.460592955796307e-15,1,libsad_fusion_f128r2_b128r2_auto_e3b0c44298.so,[]
rzz-hea,22,8,auto,optimized,f128r2_b128r2,2,8.223213999999999,0.37963899999999995,26.184455999999997,34.78730899999999,-2.998561791480164,2.220446049250313e-15,1.6653345369377348e-15,8.460592955796307e-15,1,libsad_fusion_f128r2_b128r2_auto_e3b0c44298.so,[]
su2-hea,22,8,split-forward_split-backward,optimized,f128r3_b64r4,0,7.503674999999999,0.528031,23.17077,31.202476,-0.01972333344097456,1.0408340855860843e-17,1.3877787807814457e-16,4.45349103734873e-16,1,libsad_fusion_f128r3_b64r4_split_forward_split_backward_4cfb67b4b9.so,"[""-DSAD_FORWARD_BLOCK_THREADS=128"", ""-DSAD_FORWARD_REGISTER_BITS=3"", ""-DSAD_BLOCK_THREADS=64"", ""-DSAD_REGISTER_BITS=4"", ""-DSAD_SU2_FORWARD_STRATEGY=0"", ""-DSAD_SU2_BACKWARD_STRATEGY=0""]"
su2-hea,22,8,split-forward_split-backward,optimized,f128r3_b64r4,1,6.695755,0.615179,23.528882,30.839816,-0.01972333344097456,1.0408340855860843e-17,1.3877787807814457e-16,4.45349103734873e-16,1,libsad_fusion_f128r3_b64r4_split_forward_split_backward_4cfb67b4b9.so,"[""-DSAD_FORWARD_BLOCK_THREADS=128"", ""-DSAD_FORWARD_REGISTER_BITS=3"", ""-DSAD_BLOCK_THREADS=64"", ""-DSAD_REGISTER_BITS=4"", ""-DSAD_SU2_FORWARD_STRATEGY=0"", ""-DSAD_SU2_BACKWARD_STRATEGY=0""]"
su2-hea,22,8,split-forward_split-backward,optimized,f128r3_b64r4,2,6.951721,0.6601,22.915297000000002,30.527118,-0.01972333344097456,1.0408340855860843e-17,1.3877787807814457e-16,4.45349103734873e-16,1,libsad_fusion_f128r3_b64r4_split_forward_split_backward_4cfb67b4b9.so,"[""-DSAD_FORWARD_BLOCK_THREADS=128"", ""-DSAD_FORWARD_REGISTER_BITS=3"", ""-DSAD_BLOCK_THREADS=64"", ""-DSAD_REGISTER_BITS=4"", ""-DSAD_SU2_FORWARD_STRATEGY=0"", ""-DSAD_SU2_BACKWARD_STRATEGY=0""]"
su2-hea,22,8,auto,optimized,f128r3_b64r4,0,5.702424000000001,0.543802,24.636187,30.882413,-0.019723333440974558,6.938893903907228e-18,2.706168622523819e-16,7.335808556364339e-16,1,libsad_fusion_f128r3_b64r4_auto_a330c9365c.so,"[""-DSAD_FORWARD_BLOCK_THREADS=128"", ""-DSAD_FORWARD_REGISTER_BITS=3"", ""-DSAD_BLOCK_THREADS=64"", ""-DSAD_REGISTER_BITS=4""]"
su2-hea,22,8,auto,optimized,f128r3_b64r4,1,5.375472,0.379521,23.108287,28.863280000000003,-0.019723333440974558,6.938893903907228e-18,2.706168622523819e-16,7.335808556364339e-16,1,libsad_fusion_f128r3_b64r4_auto_a330c9365c.so,"[""-DSAD_FORWARD_BLOCK_THREADS=128"", ""-DSAD_FORWARD_REGISTER_BITS=3"", ""-DSAD_BLOCK_THREADS=64"", ""-DSAD_REGISTER_BITS=4""]"
su2-hea,22,8,auto,optimized,f128r3_b64r4,2,6.58857,0.37749099999999997,25.100205,32.066266000000006,-0.019723333440974558,6.938893903907228e-18,2.706168622523819e-16,7.335808556364339e-16,1,libsad_fusion_f128r3_b64r4_auto_a330c9365c.so,"[""-DSAD_FORWARD_BLOCK_THREADS=128"", ""-DSAD_FORWARD_REGISTER_BITS=3"", ""-DSAD_BLOCK_THREADS=64"", ""-DSAD_REGISTER_BITS=4""]"
rzz-hea,22,8,split-forward_combined-backward,optimized,f128r2_b128r2,0,7.2526980000000005,0.384416,26.24697,33.884084,-2.9985617914801628,8.881784197001252e-16,2.3314683517128287e-15,8.538856202098403e-15,1,libsad_fusion_f128r2_b128r2_split_forward_combined_backward_121d23564d.so,"[""-DSAD_RZZ_FORWARD_FUSED=0"", ""-DSAD_RZZ_BACKWARD_STRATEGY=1""]"
rzz-hea,22,8,split-forward_combined-backward,optimized,f128r2_b128r2,1,8.19319,0.549125,26.514346,35.256661,-2.9985617914801628,8.881784197001252e-16,2.3314683517128287e-15,8.538856202098403e-15,1,libsad_fusion_f128r2_b128r2_split_forward_combined_backward_121d23564d.so,"[""-DSAD_RZZ_FORWARD_FUSED=0"", ""-DSAD_RZZ_BACKWARD_STRATEGY=1""]"
rzz-hea,22,8,split-forward_combined-backward,optimized,f128r2_b128r2,2,8.136282999999999,0.6996100000000001,25.895226,34.731119,-2.9985617914801628,8.881784197001252e-16,2.3314683517128287e-15,8.538856202098403e-15,1,libsad_fusion_f128r2_b128r2_split_forward_combined_backward_121d23564d.so,"[""-DSAD_RZZ_FORWARD_FUSED=0"", ""-DSAD_RZZ_BACKWARD_STRATEGY=1""]"
su2-hea,22,8,phased-forward_phased-backward,optimized,f128r3_b64r4,0,9.73634,0.520809,35.584253000000004,45.841402,-0.019723333440974485,6.591949208711867e-17,3.469446951953614e-16,9.811610415653737e-16,1,libsad_fusion_f128r3_b64r4_phased_forward_phased_backward_4896db51e9.so,"[""-DSAD_FORWARD_BLOCK_THREADS=128"", ""-DSAD_FORWARD_REGISTER_BITS=3"", ""-DSAD_BLOCK_THREADS=64"", ""-DSAD_REGISTER_BITS=4"", ""-DSAD_SU2_FORWARD_STRATEGY=2"", ""-DSAD_SU2_BACKWARD_STRATEGY=2""]"
su2-hea,22,8,phased-forward_phased-backward,optimized,f128r3_b64r4,1,8.480283,0.375753,34.534271999999994,43.390308,-0.019723333440974485,6.591949208711867e-17,3.469446951953614e-16,9.811610415653737e-16,1,libsad_fusion_f128r3_b64r4_phased_forward_phased_backward_4896db51e9.so,"[""-DSAD_FORWARD_BLOCK_THREADS=128"", ""-DSAD_FORWARD_REGISTER_BITS=3"", ""-DSAD_BLOCK_THREADS=64"", ""-DSAD_REGISTER_BITS=4"", ""-DSAD_SU2_FORWARD_STRATEGY=2"", ""-DSAD_SU2_BACKWARD_STRATEGY=2""]"
su2-hea,22,8,phased-forward_phased-backward,optimized,f128r3_b64r4,2,9.836538000000001,0.379389,36.562093,46.77802,-0.019723333440974485,6.591949208711867e-17,3.469446951953614e-16,9.811610415653737e-16,1,libsad_fusion_f128r3_b64r4_phased_forward_phased_backward_4896db51e9.so,"[""-DSAD_FORWARD_BLOCK_THREADS=128"", ""-DSAD_FORWARD_REGISTER_BITS=3"", ""-DSAD_BLOCK_THREADS=64"", ""-DSAD_REGISTER_BITS=4"", ""-DSAD_SU2_FORWARD_STRATEGY=2"", ""-DSAD_SU2_BACKWARD_STRATEGY=2""]"
ra-hea,22,8,complex-fused-forward,optimized,f64r4_b64r4,0,5.70349,0.369648,20.636827,26.709965000000004,0.282730916350725,1.1102230246251565e-16,1.6653345369377348e-16,5.524194560979805e-16,1,libsad_fusion_f64r4_b64r4_complex_fused_forward_4fbad961c2.so,"[""-DSAD_FORWARD_BLOCK_THREADS=64"", ""-DSAD_FORWARD_REGISTER_BITS=4"", ""-DSAD_BLOCK_THREADS=64"", ""-DSAD_REGISTER_BITS=4"", ""-DSAD_REAL_AMPLITUDE=0"", ""-DSAD_RA_FORWARD_FUSED=1"", ""-DSAD_RA_BACKWARD_FUSED=0""]"
ra-hea,22,8,complex-fused-forward,optimized,f64r4_b64r4,1,6.2736600000000005,0.37136899999999995,20.24222,26.887248999999997,0.282730916350725,1.1102230246251565e-16,1.6653345369377348e-16,5.524194560979805e-16,1,libsad_fusion_f64r4_b64r4_complex_fused_forward_4fbad961c2.so,"[""-DSAD_FORWARD_BLOCK_THREADS=64"", ""-DSAD_FORWARD_REGISTER_BITS=4"", ""-DSAD_BLOCK_THREADS=64"", ""-DSAD_REGISTER_BITS=4"", ""-DSAD_REAL_AMPLITUDE=0"", ""-DSAD_RA_FORWARD_FUSED=1"", ""-DSAD_RA_BACKWARD_FUSED=0""]"
ra-hea,22,8,complex-fused-forward,optimized,f64r4_b64r4,2,5.569101,0.37130399999999997,19.050551,24.990955999999997,0.282730916350725,1.1102230246251565e-16,1.6653345369377348e-16,5.524194560979805e-16,1,libsad_fusion_f64r4_b64r4_complex_fused_forward_4fbad961c2.so,"[""-DSAD_FORWARD_BLOCK_THREADS=64"", ""-DSAD_FORWARD_REGISTER_BITS=4"", ""-DSAD_BLOCK_THREADS=64"", ""-DSAD_REGISTER_BITS=4"", ""-DSAD_REAL_AMPLITUDE=0"", ""-DSAD_RA_FORWARD_FUSED=1"", ""-DSAD_RA_BACKWARD_FUSED=0""]"
rzz-hea,22,8,fused-forward_fused-backward,optimized,f128r2_b128r2,0,6.918836000000001,0.544121,27.488706,34.951663,-2.9985617914801637,1.7763568394002505e-15,6.439293542825908e-15,1.9154472225337987e-14,1,libsad_fusion_f128r2_b128r2_fused_forward_fused_backward_484792bfd4.so,"[""-DSAD_RZZ_FORWARD_FUSED=1"", ""-DSAD_RZZ_BACKWARD_STRATEGY=2""]"
rzz-hea,22,8,fused-forward_fused-backward,optimized,f128r2_b128r2,1,7.031508,0.617219,28.750274,36.399001,-2.9985617914801637,1.7763568394002505e-15,6.439293542825908e-15,1.9154472225337987e-14,1,libsad_fusion_f128r2_b128r2_fused_forward_fused_backward_484792bfd4.so,"[""-DSAD_RZZ_FORWARD_FUSED=1"", ""-DSAD_RZZ_BACKWARD_STRATEGY=2""]"
rzz-hea,22,8,fused-forward_fused-backward,optimized,f128r2_b128r2,2,6.3730080000000005,0.383314,27.709349,34.465671,-2.9985617914801637,1.7763568394002505e-15,6.439293542825908e-15,1.9154472225337987e-14,1,libsad_fusion_f128r2_b128r2_fused_forward_fused_backward_484792bfd4.so,"[""-DSAD_RZZ_FORWARD_FUSED=1"", ""-DSAD_RZZ_BACKWARD_STRATEGY=2""]"
su2-hea,22,8,lookup-forward_split-backward,optimized,f128r3_b64r4,3,5.728127000000001,0.658825,23.420745,29.807697,-0.01972333344097452,3.122502256758253e-17,1.6653345369377348e-16,4.452549482895435e-16,1,libsad_fusion_f128r3_b64r4_lookup_forward_split_backward_d2cc1cb087.so,"[""-DSAD_FORWARD_BLOCK_THREADS=128"", ""-DSAD_FORWARD_REGISTER_BITS=3"", ""-DSAD_BLOCK_THREADS=64"", ""-DSAD_REGISTER_BITS=4"", ""-DSAD_SU2_FORWARD_STRATEGY=1"", ""-DSAD_SU2_BACKWARD_STRATEGY=0""]"
su2-hea,22,8,lookup-forward_split-backward,optimized,f128r3_b64r4,4,6.208143,0.379691,22.424844999999998,29.012679,-0.01972333344097452,3.122502256758253e-17,1.6653345369377348e-16,4.452549482895435e-16,1,libsad_fusion_f128r3_b64r4_lookup_forward_split_backward_d2cc1cb087.so,"[""-DSAD_FORWARD_BLOCK_THREADS=128"", ""-DSAD_FORWARD_REGISTER_BITS=3"", ""-DSAD_BLOCK_THREADS=64"", ""-DSAD_REGISTER_BITS=4"", ""-DSAD_SU2_FORWARD_STRATEGY=1"", ""-DSAD_SU2_BACKWARD_STRATEGY=0""]"
su2-hea,22,8,lookup-forward_split-backward,optimized,f128r3_b64r4,5,5.958474,0.549285,23.046824,29.554583,-0.01972333344097452,3.122502256758253e-17,1.6653345369377348e-16,4.452549482895435e-16,1,libsad_fusion_f128r3_b64r4_lookup_forward_split_backward_d2cc1cb087.so,"[""-DSAD_FORWARD_BLOCK_THREADS=128"", ""-DSAD_FORWARD_REGISTER_BITS=3"", ""-DSAD_BLOCK_THREADS=64"", ""-DSAD_REGISTER_BITS=4"", ""-DSAD_SU2_FORWARD_STRATEGY=1"", ""-DSAD_SU2_BACKWARD_STRATEGY=0""]"
xxz-hva,22,8,cross-matching,optimized,f128r3_b32r3,3,14.952359999999999,0.359723,50.2565,65.568583,0.10313343865398238,1.3877787807814457e-17,8.049116928532385e-16,3.4341488438191007e-15,1,libsad_fusion_f128r3_b32r3_cross_matching_448a98da88.so,"[""-DSAD_FORWARD_BLOCK_THREADS=128"", ""-DSAD_FORWARD_REGISTER_BITS=3"", ""-DSAD_BLOCK_THREADS=32"", ""-DSAD_REGISTER_BITS=3"", ""-DSAD_XXZ_CROSS_MATCHING=1""]"
xxz-hva,22,8,cross-matching,optimized,f128r3_b32r3,4,15.808464,0.6310870000000001,52.957124,69.396675,0.10313343865398238,1.3877787807814457e-17,8.049116928532385e-16,3.4341488438191007e-15,1,libsad_fusion_f128r3_b32r3_cross_matching_448a98da88.so,"[""-DSAD_FORWARD_BLOCK_THREADS=128"", ""-DSAD_FORWARD_REGISTER_BITS=3"", ""-DSAD_BLOCK_THREADS=32"", ""-DSAD_REGISTER_BITS=3"", ""-DSAD_XXZ_CROSS_MATCHING=1""]"
xxz-hva,22,8,cross-matching,optimized,f128r3_b32r3,5,14.827053,0.518238,49.524445,64.869736,0.10313343865398238,1.3877787807814457e-17,8.049116928532385e-16,3.4341488438191007e-15,1,libsad_fusion_f128r3_b32r3_cross_matching_448a98da88.so,"[""-DSAD_FORWARD_BLOCK_THREADS=128"", ""-DSAD_FORWARD_REGISTER_BITS=3"", ""-DSAD_BLOCK_THREADS=32"", ""-DSAD_REGISTER_BITS=3"", ""-DSAD_XXZ_CROSS_MATCHING=1""]"
qaoa,22,8,split-both,optimized,f128r2_b128r2,3,6.561988,0.127856,19.207444,25.897288,-11.83963530407412,1.7763568394002505e-15,1.9539925233402755e-14,2.3181339776356372e-14,1,libsad_fusion_f128r2_b128r2_split_both_4da203f407.so,"[""-DSAD_QAOA_FUSE_COST_RX=0"", ""-DSAD_QAOA_FUSED_BACKWARD=0""]"
qaoa,22,8,split-both,optimized,f128r2_b128r2,4,6.529268,0.28729299999999997,18.480853,25.297413999999996,-11.83963530407412,1.7763568394002505e-15,1.9539925233402755e-14,2.3181339776356372e-14,1,libsad_fusion_f128r2_b128r2_split_both_4da203f407.so,"[""-DSAD_QAOA_FUSE_COST_RX=0"", ""-DSAD_QAOA_FUSED_BACKWARD=0""]"
qaoa,22,8,split-both,optimized,f128r2_b128r2,5,5.380567999999999,0.142266,18.440393999999998,23.963228,-11.83963530407412,1.7763568394002505e-15,1.9539925233402755e-14,2.3181339776356372e-14,1,libsad_fusion_f128r2_b128r2_split_both_4da203f407.so,"[""-DSAD_QAOA_FUSE_COST_RX=0"", ""-DSAD_QAOA_FUSED_BACKWARD=0""]"
rzz-hea,22,8,split-forward_fused-backward,optimized,f128r2_b128r2,3,7.821434,0.5586519999999999,28.450466000000002,36.830552000000004,-2.9985617914801637,1.7763568394002505e-15,5.88418203051333e-15,1.9300200097535762e-14,1,libsad_fusion_f128r2_b128r2_split_forward_fused_backward_3b00375398.so,"[""-DSAD_RZZ_FORWARD_FUSED=0"", ""-DSAD_RZZ_BACKWARD_STRATEGY=2""]"
rzz-hea,22,8,split-forward_fused-backward,optimized,f128r2_b128r2,4,8.538113,0.384706,27.477409,36.400228,-2.9985617914801637,1.7763568394002505e-15,5.88418203051333e-15,1.9300200097535762e-14,1,libsad_fusion_f128r2_b128r2_split_forward_fused_backward_3b00375398.so,"[""-DSAD_RZZ_FORWARD_FUSED=0"", ""-DSAD_RZZ_BACKWARD_STRATEGY=2""]"
rzz-hea,22,8,split-forward_fused-backward,optimized,f128r2_b128r2,5,8.721853,0.38445900000000005,26.77768,35.883992000000006,-2.9985617914801637,1.7763568394002505e-15,5.88418203051333e-15,1.9300200097535762e-14,1,libsad_fusion_f128r2_b128r2_split_forward_fused_backward_3b00375398.so,"[""-DSAD_RZZ_FORWARD_FUSED=0"", ""-DSAD_RZZ_BACKWARD_STRATEGY=2""]"
rzz-hea,22,8,fused-forward_split-backward,optimized,f128r2_b128r2,3,7.383627000000001,0.545178,23.899286,31.828091000000004,-2.998561791480164,2.220446049250313e-15,1.3322676295501878e-15,6.90648218111729e-15,1,libsad_fusion_f128r2_b128r2_fused_forward_split_backward_1714f0e737.so,"[""-DSAD_RZZ_FORWARD_FUSED=1"", ""-DSAD_RZZ_BACKWARD_STRATEGY=0""]"
rzz-hea,22,8,fused-forward_split-backward,optimized,f128r2_b128r2,4,8.282053,0.552126,26.249240999999998,35.08342,-2.998561791480164,2.220446049250313e-15,1.3322676295501878e-15,6.90648218111729e-15,1,libsad_fusion_f128r2_b128r2_fused_forward_split_backward_1714f0e737.so,"[""-DSAD_RZZ_FORWARD_FUSED=1"", ""-DSAD_RZZ_BACKWARD_STRATEGY=0""]"
rzz-hea,22,8,fused-forward_split-backward,optimized,f128r2_b128r2,5,7.025653,0.38335,26.179482,33.588485,-2.998561791480164,2.220446049250313e-15,1.3322676295501878e-15,6.90648218111729e-15,1,libsad_fusion_f128r2_b128r2_fused_forward_split_backward_1714f0e737.so,"[""-DSAD_RZZ_FORWARD_FUSED=1"", ""-DSAD_RZZ_BACKWARD_STRATEGY=0""]"
rzz-hea,22,8,split-forward_split-backward,optimized,f128r2_b128r2,3,8.072021000000001,0.533284,26.608553,35.213858,-2.9985617914801637,1.7763568394002505e-15,1.9984014443252818e-15,6.476797006015245e-15,1,libsad_fusion_f128r2_b128r2_split_forward_split_backward_d6edb746ec.so,"[""-DSAD_RZZ_FORWARD_FUSED=0"", ""-DSAD_RZZ_BACKWARD_STRATEGY=0""]"
rzz-hea,22,8,split-forward_split-backward,optimized,f128r2_b128r2,4,7.3407849999999994,0.526674,26.00294,33.87039899999999,-2.9985617914801637,1.7763568394002505e-15,1.9984014443252818e-15,6.476797006015245e-15,1,libsad_fusion_f128r2_b128r2_split_forward_split_backward_d6edb746ec.so,"[""-DSAD_RZZ_FORWARD_FUSED=0"", ""-DSAD_RZZ_BACKWARD_STRATEGY=0""]"
rzz-hea,22,8,split-forward_split-backward,optimized,f128r2_b128r2,5,7.378507,0.384286,26.570794,34.333587,-2.9985617914801637,1.7763568394002505e-15,1.9984014443252818e-15,6.476797006015245e-15,1,libsad_fusion_f128r2_b128r2_split_forward_split_backward_d6edb746ec.so,"[""-DSAD_RZZ_FORWARD_FUSED=0"", ""-DSAD_RZZ_BACKWARD_STRATEGY=0""]"
su2-hea,22,8,lookup-forward_lookup-backward,optimized,f128r3_b64r4,3,5.821656,0.539429,24.494106000000002,30.855191,-0.01972333344097458,2.7755575615628914e-17,2.706168622523819e-16,7.197614651141772e-16,1,libsad_fusion_f128r3_b64r4_lookup_forward_lookup_backward_7b8f8fcfcf.so,"[""-DSAD_FORWARD_BLOCK_THREADS=128"", ""-DSAD_FORWARD_REGISTER_BITS=3"", ""-DSAD_BLOCK_THREADS=64"", ""-DSAD_REGISTER_BITS=4"", ""-DSAD_SU2_FORWARD_STRATEGY=1"", ""-DSAD_SU2_BACKWARD_STRATEGY=1""]"
su2-hea,22,8,lookup-forward_lookup-backward,optimized,f128r3_b64r4,4,5.646560999999999,0.38144,24.331543,30.359544000000003,-0.01972333344097458,2.7755575615628914e-17,2.706168622523819e-16,7.197614651141772e-16,1,libsad_fusion_f128r3_b64r4_lookup_forward_lookup_backward_7b8f8fcfcf.so,"[""-DSAD_FORWARD_BLOCK_THREADS=128"", ""-DSAD_FORWARD_REGISTER_BITS=3"", ""-DSAD_BLOCK_THREADS=64"", ""-DSAD_REGISTER_BITS=4"", ""-DSAD_SU2_FORWARD_STRATEGY=1"", ""-DSAD_SU2_BACKWARD_STRATEGY=1""]"
su2-hea,22,8,lookup-forward_lookup-backward,optimized,f128r3_b64r4,5,5.3862049999999995,0.377827,23.752163,29.516195,-0.01972333344097458,2.7755575615628914e-17,2.706168622523819e-16,7.197614651141772e-16,1,libsad_fusion_f128r3_b64r4_lookup_forward_lookup_backward_7b8f8fcfcf.so,"[""-DSAD_FORWARD_BLOCK_THREADS=128"", ""-DSAD_FORWARD_REGISTER_BITS=3"", ""-DSAD_BLOCK_THREADS=64"", ""-DSAD_REGISTER_BITS=4"", ""-DSAD_SU2_FORWARD_STRATEGY=1"", ""-DSAD_SU2_BACKWARD_STRATEGY=1""]"
rzz-hea,22,8,fused-forward_combined-backward,optimized,f128r2_b128r2,3,6.3137929999999995,0.38293000000000005,26.743581,33.440304,-2.9985617914801623,4.440892098500626e-16,2.220446049250313e-15,8.470862607065769e-15,1,libsad_fusion_f128r2_b128r2_fused_forward_combined_backward_0245edac0c.so,"[""-DSAD_RZZ_FORWARD_FUSED=1"", ""-DSAD_RZZ_BACKWARD_STRATEGY=1""]"
rzz-hea,22,8,fused-forward_combined-backward,optimized,f128r2_b128r2,4,7.314832,0.388168,27.053079,34.756079,-2.9985617914801623,4.440892098500626e-16,2.220446049250313e-15,8.470862607065769e-15,1,libsad_fusion_f128r2_b128r2_fused_forward_combined_backward_0245edac0c.so,"[""-DSAD_RZZ_FORWARD_FUSED=1"", ""-DSAD_RZZ_BACKWARD_STRATEGY=1""]"
rzz-hea,22,8,fused-forward_combined-backward,optimized,f128r2_b128r2,5,6.8501270000000005,0.380454,26.034564,33.265145,-2.9985617914801623,4.440892098500626e-16,2.220446049250313e-15,8.470862607065769e-15,1,libsad_fusion_f128r2_b128r2_fused_forward_combined_backward_0245edac0c.so,"[""-DSAD_RZZ_FORWARD_FUSED=1"", ""-DSAD_RZZ_BACKWARD_STRATEGY=1""]"
ra-hea,22,8,real-fused-both,optimized,f64r4_b64r4,3,3.10713,0.21399200000000002,8.722614,12.043735999999999,0.28273091635072495,1.6653345369377348e-16,2.220446049250313e-16,7.031342734837277e-16,1,libsad_fusion_f64r4_b64r4_real_fused_both_e60c482693.so,"[""-DSAD_FORWARD_BLOCK_THREADS=64"", ""-DSAD_FORWARD_REGISTER_BITS=4"", ""-DSAD_BLOCK_THREADS=64"", ""-DSAD_REGISTER_BITS=4"", ""-DSAD_REAL_AMPLITUDE=1""]"
ra-hea,22,8,real-fused-both,optimized,f64r4_b64r4,4,3.560059,0.362733,8.461652,12.384444,0.28273091635072495,1.6653345369377348e-16,2.220446049250313e-16,7.031342734837277e-16,1,libsad_fusion_f64r4_b64r4_real_fused_both_e60c482693.so,"[""-DSAD_FORWARD_BLOCK_THREADS=64"", ""-DSAD_FORWARD_REGISTER_BITS=4"", ""-DSAD_BLOCK_THREADS=64"", ""-DSAD_REGISTER_BITS=4"", ""-DSAD_REAL_AMPLITUDE=1""]"
ra-hea,22,8,real-fused-both,optimized,f64r4_b64r4,5,3.2915010000000002,0.21317,8.682465,12.187136,0.28273091635072495,1.6653345369377348e-16,2.220446049250313e-16,7.031342734837277e-16,1,libsad_fusion_f64r4_b64r4_real_fused_both_e60c482693.so,"[""-DSAD_FORWARD_BLOCK_THREADS=64"", ""-DSAD_FORWARD_REGISTER_BITS=4"", ""-DSAD_BLOCK_THREADS=64"", ""-DSAD_REGISTER_BITS=4"", ""-DSAD_REAL_AMPLITUDE=1""]"
su2-hea,22,8,phased-forward_phased-backward,optimized,f128r3_b64r4,3,9.240216,0.377514,36.646037,46.263766999999994,-0.01972333344097449,6.245004513516506e-17,3.885780586188048e-16,9.728024216844327e-16,1,libsad_fusion_f128r3_b64r4_phased_forward_phased_backward_4896db51e9.so,"[""-DSAD_FORWARD_BLOCK_THREADS=128"", ""-DSAD_FORWARD_REGISTER_BITS=3"", ""-DSAD_BLOCK_THREADS=64"", ""-DSAD_REGISTER_BITS=4"", ""-DSAD_SU2_FORWARD_STRATEGY=2"", ""-DSAD_SU2_BACKWARD_STRATEGY=2""]"
su2-hea,22,8,phased-forward_phased-backward,optimized,f128r3_b64r4,4,9.840995,0.379343,35.537585,45.757923,-0.01972333344097449,6.245004513516506e-17,3.885780586188048e-16,9.728024216844327e-16,1,libsad_fusion_f128r3_b64r4_phased_forward_phased_backward_4896db51e9.so,"[""-DSAD_FORWARD_BLOCK_THREADS=128"", ""-DSAD_FORWARD_REGISTER_BITS=3"", ""-DSAD_BLOCK_THREADS=64"", ""-DSAD_REGISTER_BITS=4"", ""-DSAD_SU2_FORWARD_STRATEGY=2"", ""-DSAD_SU2_BACKWARD_STRATEGY=2""]"
su2-hea,22,8,phased-forward_phased-backward,optimized,f128r3_b64r4,5,9.15596,0.37814800000000004,35.067292,44.6014,-0.01972333344097449,6.245004513516506e-17,3.885780586188048e-16,9.728024216844327e-16,1,libsad_fusion_f128r3_b64r4_phased_forward_phased_backward_4896db51e9.so,"[""-DSAD_FORWARD_BLOCK_THREADS=128"", ""-DSAD_FORWARD_REGISTER_BITS=3"", ""-DSAD_BLOCK_THREADS=64"", ""-DSAD_REGISTER_BITS=4"", ""-DSAD_SU2_FORWARD_STRATEGY=2"", ""-DSAD_SU2_BACKWARD_STRATEGY=2""]"
rzz-hea,22,8,auto,optimized,f128r2_b128r2,3,6.3837269999999995,0.38197699999999996,24.574169,31.339872999999997,-2.998561791480163,1.3322676295501878e-15,2.1094237467877974e-15,8.718191475340387e-15,1,libsad_fusion_f128r2_b128r2_auto_e3b0c44298.so,[]
rzz-hea,22,8,auto,optimized,f128r2_b128r2,4,6.246058,0.383436,27.034139,33.663633,-2.998561791480163,1.3322676295501878e-15,2.1094237467877974e-15,8.718191475340387e-15,1,libsad_fusion_f128r2_b128r2_auto_e3b0c44298.so,[]
rzz-hea,22,8,auto,optimized,f128r2_b128r2,5,7.888714,0.544943,27.171641,35.605298,-2.998561791480163,1.3322676295501878e-15,2.1094237467877974e-15,8.718191475340387e-15,1,libsad_fusion_f128r2_b128r2_auto_e3b0c44298.so,[]
ra-hea,22,8,complex-split,optimized,f64r4_b64r4,3,6.533981000000001,0.53257,19.441445,26.507996000000002,0.28273091635072506,5.551115123125783e-17,1.6653345369377348e-16,5.419395175666177e-16,1,libsad_fusion_f64r4_b64r4_complex_split_66498fcdfe.so,"[""-DSAD_FORWARD_BLOCK_THREADS=64"", ""-DSAD_FORWARD_REGISTER_BITS=4"", ""-DSAD_BLOCK_THREADS=64"", ""-DSAD_REGISTER_BITS=4"", ""-DSAD_REAL_AMPLITUDE=0"", ""-DSAD_RA_FORWARD_FUSED=0"", ""-DSAD_RA_BACKWARD_FUSED=0""]"
ra-hea,22,8,complex-split,optimized,f64r4_b64r4,4,5.364995,0.37038899999999997,20.337197,26.072581,0.28273091635072506,5.551115123125783e-17,1.6653345369377348e-16,5.419395175666177e-16,1,libsad_fusion_f64r4_b64r4_complex_split_66498fcdfe.so,"[""-DSAD_FORWARD_BLOCK_THREADS=64"", ""-DSAD_FORWARD_REGISTER_BITS=4"", ""-DSAD_BLOCK_THREADS=64"", ""-DSAD_REGISTER_BITS=4"", ""-DSAD_REAL_AMPLITUDE=0"", ""-DSAD_RA_FORWARD_FUSED=0"", ""-DSAD_RA_BACKWARD_FUSED=0""]"
ra-hea,22,8,complex-split,optimized,f64r4_b64r4,5,6.118831,0.369019,19.785048,26.272897999999998,0.28273091635072506,5.551115123125783e-17,1.6653345369377348e-16,5.419395175666177e-16,1,libsad_fusion_f64r4_b64r4_complex_split_66498fcdfe.so,"[""-DSAD_FORWARD_BLOCK_THREADS=64"", ""-DSAD_FORWARD_REGISTER_BITS=4"", ""-DSAD_BLOCK_THREADS=64"", ""-DSAD_REGISTER_BITS=4"", ""-DSAD_REAL_AMPLITUDE=0"", ""-DSAD_RA_FORWARD_FUSED=0"", ""-DSAD_RA_BACKWARD_FUSED=0""]"
su2-hea,22,8,auto,optimized,f128r3_b64r4,3,6.126445,0.378741,23.656636000000002,30.161822,-0.019723333440974555,3.469446951953614e-18,2.636779683484747e-16,7.394552533785335e-16,1,libsad_fusion_f128r3_b64r4_auto_a330c9365c.so,"[""-DSAD_FORWARD_BLOCK_THREADS=128"", ""-DSAD_FORWARD_REGISTER_BITS=3"", ""-DSAD_BLOCK_THREADS=64"", ""-DSAD_REGISTER_BITS=4""]"
su2-hea,22,8,auto,optimized,f128r3_b64r4,4,6.576817,0.620844,24.702542,31.900203,-0.019723333440974555,3.469446951953614e-18,2.636779683484747e-16,7.394552533785335e-16,1,libsad_fusion_f128r3_b64r4_auto_a330c9365c.so,"[""-DSAD_FORWARD_BLOCK_THREADS=128"", ""-DSAD_FORWARD_REGISTER_BITS=3"", ""-DSAD_BLOCK_THREADS=64"", ""-DSAD_REGISTER_BITS=4""]"
su2-hea,22,8,auto,optimized,f128r3_b64r4,5,5.8438300000000005,0.621652,23.865918,30.331400000000002,-0.019723333440974555,3.469446951953614e-18,2.636779683484747e-16,7.394552533785335e-16,1,libsad_fusion_f128r3_b64r4_auto_a330c9365c.so,"[""-DSAD_FORWARD_BLOCK_THREADS=128"", ""-DSAD_FORWARD_REGISTER_BITS=3"", ""-DSAD_BLOCK_THREADS=64"", ""-DSAD_REGISTER_BITS=4""]"
ra-hea,22,8,complex-fused-forward,optimized,f64r4_b64r4,3,6.12216,0.6078840000000001,20.398796,27.12884,0.2827309163507253,1.6653345369377348e-16,1.6653345369377348e-16,5.053625816779923e-16,1,libsad_fusion_f64r4_b64r4_complex_fused_forward_4fbad961c2.so,"[""-DSAD_FORWARD_BLOCK_THREADS=64"", ""-DSAD_FORWARD_REGISTER_BITS=4"", ""-DSAD_BLOCK_THREADS=64"", ""-DSAD_REGISTER_BITS=4"", ""-DSAD_REAL_AMPLITUDE=0"", ""-DSAD_RA_FORWARD_FUSED=1"", ""-DSAD_RA_BACKWARD_FUSED=0""]"
ra-hea,22,8,complex-fused-forward,optimized,f64r4_b64r4,4,5.572768,0.369981,20.452275999999998,26.395025,0.2827309163507253,1.6653345369377348e-16,1.6653345369377348e-16,5.053625816779923e-16,1,libsad_fusion_f64r4_b64r4_complex_fused_forward_4fbad961c2.so,"[""-DSAD_FORWARD_BLOCK_THREADS=64"", ""-DSAD_FORWARD_REGISTER_BITS=4"", ""-DSAD_BLOCK_THREADS=64"", ""-DSAD_REGISTER_BITS=4"", ""-DSAD_REAL_AMPLITUDE=0"", ""-DSAD_RA_FORWARD_FUSED=1"", ""-DSAD_RA_BACKWARD_FUSED=0""]"
ra-hea,22,8,complex-fused-forward,optimized,f64r4_b64r4,5,6.039167,0.5213070000000001,19.229283,25.789757,0.2827309163507253,1.6653345369377348e-16,1.6653345369377348e-16,5.053625816779923e-16,1,libsad_fusion_f64r4_b64r4_complex_fused_forward_4fbad961c2.so,"[""-DSAD_FORWARD_BLOCK_THREADS=64"", ""-DSAD_FORWARD_REGISTER_BITS=4"", ""-DSAD_BLOCK_THREADS=64"", ""-DSAD_REGISTER_BITS=4"", ""-DSAD_REAL_AMPLITUDE=0"", ""-DSAD_RA_FORWARD_FUSED=1"", ""-DSAD_RA_BACKWARD_FUSED=0""]"
qaoa,22,8,fused-forward,optimized,f128r2_b128r2,3,4.977937,0.126971,19.862965,24.967873,-11.839635304074127,5.329070518200751e-15,1.9539925233402755e-14,2.6663849887636948e-14,1,libsad_fusion_f128r2_b128r2_fused_forward_cd039849db.so,"[""-DSAD_QAOA_FUSE_COST_RX=1"", ""-DSAD_QAOA_FUSED_BACKWARD=0""]"
qaoa,22,8,fused-forward,optimized,f128r2_b128r2,4,5.787379,0.285932,19.804925,25.878235999999998,-11.839635304074127,5.329070518200751e-15,1.9539925233402755e-14,2.6663849887636948e-14,1,libsad_fusion_f128r2_b128r2_fused_forward_cd039849db.so,"[""-DSAD_QAOA_FUSE_COST_RX=1"", ""-DSAD_QAOA_FUSED_BACKWARD=0""]"
qaoa,22,8,fused-forward,optimized,f128r2_b128r2,5,6.156156999999999,0.285171,19.470258,25.911586,-11.839635304074127,5.329070518200751e-15,1.9539925233402755e-14,2.6663849887636948e-14,1,libsad_fusion_f128r2_b128r2_fused_forward_cd039849db.so,"[""-DSAD_QAOA_FUSE_COST_RX=1"", ""-DSAD_QAOA_FUSED_BACKWARD=0""]"
su2-hea,22,8,phased-forward_split-backward,optimized,f128r3_b64r4,3,9.681039,0.813078,23.170271,33.664388,-0.01972333344097449,6.245004513516506e-17,2.5673907444456745e-16,9.923706900148275e-16,1,libsad_fusion_f128r3_b64r4_phased_forward_split_backward_2a4d35d553.so,"[""-DSAD_FORWARD_BLOCK_THREADS=128"", ""-DSAD_FORWARD_REGISTER_BITS=3"", ""-DSAD_BLOCK_THREADS=64"", ""-DSAD_REGISTER_BITS=4"", ""-DSAD_SU2_FORWARD_STRATEGY=2"", ""-DSAD_SU2_BACKWARD_STRATEGY=0""]"
su2-hea,22,8,phased-forward_split-backward,optimized,f128r3_b64r4,4,9.476109,0.630984,23.313385999999998,33.42047899999999,-0.01972333344097449,6.245004513516506e-17,2.5673907444456745e-16,9.923706900148275e-16,1,libsad_fusion_f128r3_b64r4_phased_forward_split_backward_2a4d35d553.so,"[""-DSAD_FORWARD_BLOCK_THREADS=128"", ""-DSAD_FORWARD_REGISTER_BITS=3"", ""-DSAD_BLOCK_THREADS=64"", ""-DSAD_REGISTER_BITS=4"", ""-DSAD_SU2_FORWARD_STRATEGY=2"", ""-DSAD_SU2_BACKWARD_STRATEGY=0""]"
su2-hea,22,8,phased-forward_split-backward,optimized,f128r3_b64r4,5,9.111727,0.530391,22.574966,32.217084,-0.01972333344097449,6.245004513516506e-17,2.5673907444456745e-16,9.923706900148275e-16,1,libsad_fusion_f128r3_b64r4_phased_forward_split_backward_2a4d35d553.so,"[""-DSAD_FORWARD_BLOCK_THREADS=128"", ""-DSAD_FORWARD_REGISTER_BITS=3"", ""-DSAD_BLOCK_THREADS=64"", ""-DSAD_REGISTER_BITS=4"", ""-DSAD_SU2_FORWARD_STRATEGY=2"", ""-DSAD_SU2_BACKWARD_STRATEGY=0""]"
su2-hea,22,8,split-forward_phased-backward,optimized,f128r3_b64r4,3,6.828611,0.86509,35.622755999999995,43.31645699999999,-0.01972333344097455,0.0,3.0531133177191805e-16,1.139958239958851e-15,1,libsad_fusion_f128r3_b64r4_split_forward_phased_backward_a3372de662.so,"[""-DSAD_FORWARD_BLOCK_THREADS=128"", ""-DSAD_FORWARD_REGISTER_BITS=3"", ""-DSAD_BLOCK_THREADS=64"", ""-DSAD_REGISTER_BITS=4"", ""-DSAD_SU2_FORWARD_STRATEGY=0"", ""-DSAD_SU2_BACKWARD_STRATEGY=2""]"
su2-hea,22,8,split-forward_phased-backward,optimized,f128r3_b64r4,4,7.17554,0.5333789999999999,35.807976,43.516895,-0.01972333344097455,0.0,3.0531133177191805e-16,1.139958239958851e-15,1,libsad_fusion_f128r3_b64r4_split_forward_phased_backward_a3372de662.so,"[""-DSAD_FORWARD_BLOCK_THREADS=128"", ""-DSAD_FORWARD_REGISTER_BITS=3"", ""-DSAD_BLOCK_THREADS=64"", ""-DSAD_REGISTER_BITS=4"", ""-DSAD_SU2_FORWARD_STRATEGY=0"", ""-DSAD_SU2_BACKWARD_STRATEGY=2""]"
su2-hea,22,8,split-forward_phased-backward,optimized,f128r3_b64r4,5,6.042943,0.379223,35.645817,42.067983000000005,-0.01972333344097455,0.0,3.0531133177191805e-16,1.139958239958851e-15,1,libsad_fusion_f128r3_b64r4_split_forward_phased_backward_a3372de662.so,"[""-DSAD_FORWARD_BLOCK_THREADS=128"", ""-DSAD_FORWARD_REGISTER_BITS=3"", ""-DSAD_BLOCK_THREADS=64"", ""-DSAD_REGISTER_BITS=4"", ""-DSAD_SU2_FORWARD_STRATEGY=0"", ""-DSAD_SU2_BACKWARD_STRATEGY=2""]"
qaoa,22,8,auto,optimized,f128r2_b128r2,3,5.997581,0.280666,19.640427,25.918674,-11.839635304074122,0.0,7.993605777301127e-15,1.4589614763302983e-14,1,libsad_fusion_f128r2_b128r2_auto_05d6356191.so,"[""-DSAD_QAOA_FUSE_COST_RX=-1"", ""-DSAD_QAOA_FUSED_BACKWARD=1""]"
qaoa,22,8,auto,optimized,f128r2_b128r2,4,5.2417169999999995,0.128687,19.634379,25.004783,-11.839635304074122,0.0,7.993605777301127e-15,1.4589614763302983e-14,1,libsad_fusion_f128r2_b128r2_auto_05d6356191.so,"[""-DSAD_QAOA_FUSE_COST_RX=-1"", ""-DSAD_QAOA_FUSED_BACKWARD=1""]"
qaoa,22,8,auto,optimized,f128r2_b128r2,5,6.3372589999999995,0.136598,18.881058,25.354915,-11.839635304074122,0.0,7.993605777301127e-15,1.4589614763302983e-14,1,libsad_fusion_f128r2_b128r2_auto_05d6356191.so,"[""-DSAD_QAOA_FUSE_COST_RX=-1"", ""-DSAD_QAOA_FUSED_BACKWARD=1""]"
qaoa,22,8,fused-both,optimized,f128r2_b128r2,3,5.170517,0.135327,17.921515999999997,23.227359999999997,-11.839635304074122,0.0,4.085620730620576e-14,5.238582371158139e-14,1,libsad_fusion_f128r2_b128r2_fused_both_0013ed2463.so,"[""-DSAD_QAOA_FUSE_COST_RX=1"", ""-DSAD_QAOA_FUSED_BACKWARD=2""]"
qaoa,22,8,fused-both,optimized,f128r2_b128r2,4,6.497892,0.297175,17.154541,23.949607999999998,-11.839635304074122,0.0,4.085620730620576e-14,5.238582371158139e-14,1,libsad_fusion_f128r2_b128r2_fused_both_0013ed2463.so,"[""-DSAD_QAOA_FUSE_COST_RX=1"", ""-DSAD_QAOA_FUSED_BACKWARD=2""]"
qaoa,22,8,fused-both,optimized,f128r2_b128r2,5,4.998577,0.12704900000000002,16.778846,21.904472000000002,-11.839635304074122,0.0,4.085620730620576e-14,5.238582371158139e-14,1,libsad_fusion_f128r2_b128r2_fused_both_0013ed2463.so,"[""-DSAD_QAOA_FUSE_COST_RX=1"", ""-DSAD_QAOA_FUSED_BACKWARD=2""]"
qaoa,22,8,fused-backward,optimized,f128r2_b128r2,3,6.326881,0.127542,18.161049,24.615472,-11.839635304074115,7.105427357601002e-15,4.263256414560601e-14,5.515965198975485e-14,1,libsad_fusion_f128r2_b128r2_fused_backward_ce82b75948.so,"[""-DSAD_QAOA_FUSE_COST_RX=0"", ""-DSAD_QAOA_FUSED_BACKWARD=2""]"
qaoa,22,8,fused-backward,optimized,f128r2_b128r2,4,5.754255,0.30338499999999996,17.411332,23.468972,-11.839635304074115,7.105427357601002e-15,4.263256414560601e-14,5.515965198975485e-14,1,libsad_fusion_f128r2_b128r2_fused_backward_ce82b75948.so,"[""-DSAD_QAOA_FUSE_COST_RX=0"", ""-DSAD_QAOA_FUSED_BACKWARD=2""]"
qaoa,22,8,fused-backward,optimized,f128r2_b128r2,5,6.020642,0.12854000000000002,17.070561,23.219743,-11.839635304074115,7.105427357601002e-15,4.263256414560601e-14,5.515965198975485e-14,1,libsad_fusion_f128r2_b128r2_fused_backward_ce82b75948.so,"[""-DSAD_QAOA_FUSE_COST_RX=0"", ""-DSAD_QAOA_FUSED_BACKWARD=2""]"
ra-hea,22,8,complex-fused-backward,optimized,f64r4_b64r4,3,6.102173,0.694484,18.510519,25.307176000000002,0.28273091635072495,1.6653345369377348e-16,2.7755575615628914e-16,6.432023317329182e-16,1,libsad_fusion_f64r4_b64r4_complex_fused_backward_dfc4d7af68.so,"[""-DSAD_FORWARD_BLOCK_THREADS=64"", ""-DSAD_FORWARD_REGISTER_BITS=4"", ""-DSAD_BLOCK_THREADS=64"", ""-DSAD_REGISTER_BITS=4"", ""-DSAD_REAL_AMPLITUDE=0"", ""-DSAD_RA_FORWARD_FUSED=0"", ""-DSAD_RA_BACKWARD_FUSED=1""]"
ra-hea,22,8,complex-fused-backward,optimized,f64r4_b64r4,4,5.349914,0.3717,17.568705,23.290319,0.28273091635072495,1.6653345369377348e-16,2.7755575615628914e-16,6.432023317329182e-16,1,libsad_fusion_f64r4_b64r4_complex_fused_backward_dfc4d7af68.so,"[""-DSAD_FORWARD_BLOCK_THREADS=64"", ""-DSAD_FORWARD_REGISTER_BITS=4"", ""-DSAD_BLOCK_THREADS=64"", ""-DSAD_REGISTER_BITS=4"", ""-DSAD_REAL_AMPLITUDE=0"", ""-DSAD_RA_FORWARD_FUSED=0"", ""-DSAD_RA_BACKWARD_FUSED=1""]"
ra-hea,22,8,complex-fused-backward,optimized,f64r4_b64r4,5,6.087208,0.61595,18.708272,25.411430000000003,0.28273091635072495,1.6653345369377348e-16,2.7755575615628914e-16,6.432023317329182e-16,1,libsad_fusion_f64r4_b64r4_complex_fused_backward_dfc4d7af68.so,"[""-DSAD_FORWARD_BLOCK_THREADS=64"", ""-DSAD_FORWARD_REGISTER_BITS=4"", ""-DSAD_BLOCK_THREADS=64"", ""-DSAD_REGISTER_BITS=4"", ""-DSAD_REAL_AMPLITUDE=0"", ""-DSAD_RA_FORWARD_FUSED=0"", ""-DSAD_RA_BACKWARD_FUSED=1""]"
ra-hea,22,8,complex-fused-both,optimized,f64r4_b64r4,3,5.567825999999999,0.368884,18.765169,24.701879,0.2827309163507247,3.885780586188048e-16,1.3877787807814457e-16,5.455774260669332e-16,1,libsad_fusion_f64r4_b64r4_complex_fused_both_eecac02710.so,"[""-DSAD_FORWARD_BLOCK_THREADS=64"", ""-DSAD_FORWARD_REGISTER_BITS=4"", ""-DSAD_BLOCK_THREADS=64"", ""-DSAD_REGISTER_BITS=4"", ""-DSAD_REAL_AMPLITUDE=0"", ""-DSAD_RA_FORWARD_FUSED=1"", ""-DSAD_RA_BACKWARD_FUSED=1""]"
ra-hea,22,8,complex-fused-both,optimized,f64r4_b64r4,4,5.996846,0.519728,18.555664,25.072238,0.2827309163507247,3.885780586188048e-16,1.3877787807814457e-16,5.455774260669332e-16,1,libsad_fusion_f64r4_b64r4_complex_fused_both_eecac02710.so,"[""-DSAD_FORWARD_BLOCK_THREADS=64"", ""-DSAD_FORWARD_REGISTER_BITS=4"", ""-DSAD_BLOCK_THREADS=64"", ""-DSAD_REGISTER_BITS=4"", ""-DSAD_REAL_AMPLITUDE=0"", ""-DSAD_RA_FORWARD_FUSED=1"", ""-DSAD_RA_BACKWARD_FUSED=1""]"
ra-hea,22,8,complex-fused-both,optimized,f64r4_b64r4,5,6.244723,0.659015,18.25513,25.158868000000002,0.2827309163507247,3.885780586188048e-16,1.3877787807814457e-16,5.455774260669332e-16,1,libsad_fusion_f64r4_b64r4_complex_fused_both_eecac02710.so,"[""-DSAD_FORWARD_BLOCK_THREADS=64"", ""-DSAD_FORWARD_REGISTER_BITS=4"", ""-DSAD_BLOCK_THREADS=64"", ""-DSAD_REGISTER_BITS=4"", ""-DSAD_REAL_AMPLITUDE=0"", ""-DSAD_RA_FORWARD_FUSED=1"", ""-DSAD_RA_BACKWARD_FUSED=1""]"
rzz-hea,22,8,fused-forward_fused-backward,optimized,f128r2_b128r2,3,6.881893,0.389457,27.432838,34.704188,-2.998561791480165,3.1086244689504383e-15,6.217248937900877e-15,1.9702313568618464e-14,1,libsad_fusion_f128r2_b128r2_fused_forward_fused_backward_484792bfd4.so,"[""-DSAD_RZZ_FORWARD_FUSED=1"", ""-DSAD_RZZ_BACKWARD_STRATEGY=2""]"
rzz-hea,22,8,fused-forward_fused-backward,optimized,f128r2_b128r2,4,7.050354,0.553434,28.715379,36.319167,-2.998561791480165,3.1086244689504383e-15,6.217248937900877e-15,1.9702313568618464e-14,1,libsad_fusion_f128r2_b128r2_fused_forward_fused_backward_484792bfd4.so,"[""-DSAD_RZZ_FORWARD_FUSED=1"", ""-DSAD_RZZ_BACKWARD_STRATEGY=2""]"
rzz-hea,22,8,fused-forward_fused-backward,optimized,f128r2_b128r2,5,7.39485,0.38444199999999995,28.211755,35.991046999999995,-2.998561791480165,3.1086244689504383e-15,6.217248937900877e-15,1.9702313568618464e-14,1,libsad_fusion_f128r2_b128r2_fused_forward_fused_backward_484792bfd4.so,"[""-DSAD_RZZ_FORWARD_FUSED=1"", ""-DSAD_RZZ_BACKWARD_STRATEGY=2""]"
su2-hea,22,8,phased-forward_lookup-backward,optimized,f128r3_b64r4,3,9.101298,0.37939,24.539687,34.02037500000001,-0.01972333344097449,6.245004513516506e-17,3.0531133177191805e-16,1.151173901477243e-15,1,libsad_fusion_f128r3_b64r4_phased_forward_lookup_backward_7df21f009d.so,"[""-DSAD_FORWARD_BLOCK_THREADS=128"", ""-DSAD_FORWARD_REGISTER_BITS=3"", ""-DSAD_BLOCK_THREADS=64"", ""-DSAD_REGISTER_BITS=4"", ""-DSAD_SU2_FORWARD_STRATEGY=2"", ""-DSAD_SU2_BACKWARD_STRATEGY=1""]"
su2-hea,22,8,phased-forward_lookup-backward,optimized,f128r3_b64r4,4,9.752153,0.521551,23.141227,33.414931,-0.01972333344097449,6.245004513516506e-17,3.0531133177191805e-16,1.151173901477243e-15,1,libsad_fusion_f128r3_b64r4_phased_forward_lookup_backward_7df21f009d.so,"[""-DSAD_FORWARD_BLOCK_THREADS=128"", ""-DSAD_FORWARD_REGISTER_BITS=3"", ""-DSAD_BLOCK_THREADS=64"", ""-DSAD_REGISTER_BITS=4"", ""-DSAD_SU2_FORWARD_STRATEGY=2"", ""-DSAD_SU2_BACKWARD_STRATEGY=1""]"
su2-hea,22,8,phased-forward_lookup-backward,optimized,f128r3_b64r4,5,8.380597,0.520591,24.791117,33.692305000000005,-0.01972333344097449,6.245004513516506e-17,3.0531133177191805e-16,1.151173901477243e-15,1,libsad_fusion_f128r3_b64r4_phased_forward_lookup_backward_7df21f009d.so,"[""-DSAD_FORWARD_BLOCK_THREADS=128"", ""-DSAD_FORWARD_REGISTER_BITS=3"", ""-DSAD_BLOCK_THREADS=64"", ""-DSAD_REGISTER_BITS=4"", ""-DSAD_SU2_FORWARD_STRATEGY=2"", ""-DSAD_SU2_BACKWARD_STRATEGY=1""]"
rzz-hea,22,8,split-forward_combined-backward,optimized,f128r2_b128r2,3,8.667621,0.378363,26.744468,35.790452,-2.998561791480164,2.220446049250313e-15,2.6645352591003757e-15,8.543629443105386e-15,1,libsad_fusion_f128r2_b128r2_split_forward_combined_backward_121d23564d.so,"[""-DSAD_RZZ_FORWARD_FUSED=0"", ""-DSAD_RZZ_BACKWARD_STRATEGY=1""]"
rzz-hea,22,8,split-forward_combined-backward,optimized,f128r2_b128r2,4,7.953483000000001,0.684939,25.649508,34.28793,-2.998561791480164,2.220446049250313e-15,2.6645352591003757e-15,8.543629443105386e-15,1,libsad_fusion_f128r2_b128r2_split_forward_combined_backward_121d23564d.so,"[""-DSAD_RZZ_FORWARD_FUSED=0"", ""-DSAD_RZZ_BACKWARD_STRATEGY=1""]"
rzz-hea,22,8,split-forward_combined-backward,optimized,f128r2_b128r2,5,7.844505,0.38444,25.034092,33.263037000000004,-2.998561791480164,2.220446049250313e-15,2.6645352591003757e-15,8.543629443105386e-15,1,libsad_fusion_f128r2_b128r2_split_forward_combined_backward_121d23564d.so,"[""-DSAD_RZZ_FORWARD_FUSED=0"", ""-DSAD_RZZ_BACKWARD_STRATEGY=1""]"
su2-hea,22,8,split-forward_split-backward,optimized,f128r3_b64r4,3,6.7238929999999995,0.7144849999999999,22.380611000000002,29.818989000000002,-0.019723333440974544,6.938893903907228e-18,1.1102230246251565e-16,4.475586997384589e-16,1,libsad_fusion_f128r3_b64r4_split_forward_split_backward_4cfb67b4b9.so,"[""-DSAD_FORWARD_BLOCK_THREADS=128"", ""-DSAD_FORWARD_REGISTER_BITS=3"", ""-DSAD_BLOCK_THREADS=64"", ""-DSAD_REGISTER_BITS=4"", ""-DSAD_SU2_FORWARD_STRATEGY=0"", ""-DSAD_SU2_BACKWARD_STRATEGY=0""]"
su2-hea,22,8,split-forward_split-backward,optimized,f128r3_b64r4,4,6.611403,0.7015790000000001,22.843322999999998,30.156304999999996,-0.019723333440974544,6.938893903907228e-18,1.1102230246251565e-16,4.475586997384589e-16,1,libsad_fusion_f128r3_b64r4_split_forward_split_backward_4cfb67b4b9.so,"[""-DSAD_FORWARD_BLOCK_THREADS=128"", ""-DSAD_FORWARD_REGISTER_BITS=3"", ""-DSAD_BLOCK_THREADS=64"", ""-DSAD_REGISTER_BITS=4"", ""-DSAD_SU2_FORWARD_STRATEGY=0"", ""-DSAD_SU2_BACKWARD_STRATEGY=0""]"
su2-hea,22,8,split-forward_split-backward,optimized,f128r3_b64r4,5,7.288754,0.5295439999999999,22.646541,30.464839,-0.019723333440974544,6.938893903907228e-18,1.1102230246251565e-16,4.475586997384589e-16,1,libsad_fusion_f128r3_b64r4_split_forward_split_backward_4cfb67b4b9.so,"[""-DSAD_FORWARD_BLOCK_THREADS=128"", ""-DSAD_FORWARD_REGISTER_BITS=3"", ""-DSAD_BLOCK_THREADS=64"", ""-DSAD_REGISTER_BITS=4"", ""-DSAD_SU2_FORWARD_STRATEGY=0"", ""-DSAD_SU2_BACKWARD_STRATEGY=0""]"
su2-hea,22,8,lookup-forward_phased-backward,optimized,f128r3_b64r4,3,5.973826,0.5277949999999999,35.508815,42.010436,-0.019723333440974555,3.469446951953614e-18,3.122502256758253e-16,1.1713131990066513e-15,1,libsad_fusion_f128r3_b64r4_lookup_forward_phased_backward_2210ed799a.so,"[""-DSAD_FORWARD_BLOCK_THREADS=128"", ""-DSAD_FORWARD_REGISTER_BITS=3"", ""-DSAD_BLOCK_THREADS=64"", ""-DSAD_REGISTER_BITS=4"", ""-DSAD_SU2_FORWARD_STRATEGY=1"", ""-DSAD_SU2_BACKWARD_STRATEGY=2""]"
su2-hea,22,8,lookup-forward_phased-backward,optimized,f128r3_b64r4,4,5.342566,0.526525,35.180592,41.049682999999995,-0.019723333440974555,3.469446951953614e-18,3.122502256758253e-16,1.1713131990066513e-15,1,libsad_fusion_f128r3_b64r4_lookup_forward_phased_backward_2210ed799a.so,"[""-DSAD_FORWARD_BLOCK_THREADS=128"", ""-DSAD_FORWARD_REGISTER_BITS=3"", ""-DSAD_BLOCK_THREADS=64"", ""-DSAD_REGISTER_BITS=4"", ""-DSAD_SU2_FORWARD_STRATEGY=1"", ""-DSAD_SU2_BACKWARD_STRATEGY=2""]"
su2-hea,22,8,lookup-forward_phased-backward,optimized,f128r3_b64r4,5,5.3430279999999994,0.38022799999999995,36.939749,42.663005000000005,-0.019723333440974555,3.469446951953614e-18,3.122502256758253e-16,1.1713131990066513e-15,1,libsad_fusion_f128r3_b64r4_lookup_forward_phased_backward_2210ed799a.so,"[""-DSAD_FORWARD_BLOCK_THREADS=128"", ""-DSAD_FORWARD_REGISTER_BITS=3"", ""-DSAD_BLOCK_THREADS=64"", ""-DSAD_REGISTER_BITS=4"", ""-DSAD_SU2_FORWARD_STRATEGY=1"", ""-DSAD_SU2_BACKWARD_STRATEGY=2""]"
xxz-hva,22,8,separate-matchings,optimized,f128r3_b32r3,3,16.251558,0.51613,52.545355,69.31304300000001,0.10313343865398243,4.163336342344337e-17,1.6653345369377348e-16,7.635451799008183e-16,1,libsad_fusion_f128r3_b32r3_separate_matchings_6a54a88064.so,"[""-DSAD_FORWARD_BLOCK_THREADS=128"", ""-DSAD_FORWARD_REGISTER_BITS=3"", ""-DSAD_BLOCK_THREADS=32"", ""-DSAD_REGISTER_BITS=3"", ""-DSAD_XXZ_CROSS_MATCHING=0""]"
xxz-hva,22,8,separate-matchings,optimized,f128r3_b32r3,4,14.319915,0.492927,54.096117,68.90895900000001,0.10313343865398243,4.163336342344337e-17,1.6653345369377348e-16,7.635451799008183e-16,1,libsad_fusion_f128r3_b32r3_separate_matchings_6a54a88064.so,"[""-DSAD_FORWARD_BLOCK_THREADS=128"", ""-DSAD_FORWARD_REGISTER_BITS=3"", ""-DSAD_BLOCK_THREADS=32"", ""-DSAD_REGISTER_BITS=3"", ""-DSAD_XXZ_CROSS_MATCHING=0""]"
xxz-hva,22,8,separate-matchings,optimized,f128r3_b32r3,5,16.768195,0.510272,51.143484,68.421951,0.10313343865398243,4.163336342344337e-17,1.6653345369377348e-16,7.635451799008183e-16,1,libsad_fusion_f128r3_b32r3_separate_matchings_6a54a88064.so,"[""-DSAD_FORWARD_BLOCK_THREADS=128"", ""-DSAD_FORWARD_REGISTER_BITS=3"", ""-DSAD_BLOCK_THREADS=32"", ""-DSAD_REGISTER_BITS=3"", ""-DSAD_XXZ_CROSS_MATCHING=0""]"
su2-hea,22,8,split-forward_lookup-backward,optimized,f128r3_b64r4,3,6.491168,0.630064,24.517785,31.639017,-0.019723333440974523,2.7755575615628914e-17,2.914335439641036e-16,7.371894565658155e-16,1,libsad_fusion_f128r3_b64r4_split_forward_lookup_backward_14001066e2.so,"[""-DSAD_FORWARD_BLOCK_THREADS=128"", ""-DSAD_FORWARD_REGISTER_BITS=3"", ""-DSAD_BLOCK_THREADS=64"", ""-DSAD_REGISTER_BITS=4"", ""-DSAD_SU2_FORWARD_STRATEGY=0"", ""-DSAD_SU2_BACKWARD_STRATEGY=1""]"
su2-hea,22,8,split-forward_lookup-backward,optimized,f128r3_b64r4,4,6.784395,0.6160230000000001,24.243426,31.643843999999998,-0.019723333440974523,2.7755575615628914e-17,2.914335439641036e-16,7.371894565658155e-16,1,libsad_fusion_f128r3_b64r4_split_forward_lookup_backward_14001066e2.so,"[""-DSAD_FORWARD_BLOCK_THREADS=128"", ""-DSAD_FORWARD_REGISTER_BITS=3"", ""-DSAD_BLOCK_THREADS=64"", ""-DSAD_REGISTER_BITS=4"", ""-DSAD_SU2_FORWARD_STRATEGY=0"", ""-DSAD_SU2_BACKWARD_STRATEGY=1""]"
su2-hea,22,8,split-forward_lookup-backward,optimized,f128r3_b64r4,5,6.746448,0.6140540000000001,23.173284,30.533786,-0.019723333440974523,2.7755575615628914e-17,2.914335439641036e-16,7.371894565658155e-16,1,libsad_fusion_f128r3_b64r4_split_forward_lookup_backward_14001066e2.so,"[""-DSAD_FORWARD_BLOCK_THREADS=128"", ""-DSAD_FORWARD_REGISTER_BITS=3"", ""-DSAD_BLOCK_THREADS=64"", ""-DSAD_REGISTER_BITS=4"", ""-DSAD_SU2_FORWARD_STRATEGY=0"", ""-DSAD_SU2_BACKWARD_STRATEGY=1""]"
rzz-hea,22,8,split-forward_combined-backward,optimized,f128r2_b128r2,6,8.461426,0.38455199999999995,25.033231,33.879209,-2.998561791480165,3.1086244689504383e-15,2.220446049250313e-15,8.999474752802145e-15,1,libsad_fusion_f128r2_b128r2_split_forward_combined_backward_121d23564d.so,"[""-DSAD_RZZ_FORWARD_FUSED=0"", ""-DSAD_RZZ_BACKWARD_STRATEGY=1""]"
rzz-hea,22,8,split-forward_combined-backward,optimized,f128r2_b128r2,7,8.260781,0.527223,26.181378000000002,34.969382,-2.998561791480165,3.1086244689504383e-15,2.220446049250313e-15,8.999474752802145e-15,1,libsad_fusion_f128r2_b128r2_split_forward_combined_backward_121d23564d.so,"[""-DSAD_RZZ_FORWARD_FUSED=0"", ""-DSAD_RZZ_BACKWARD_STRATEGY=1""]"
rzz-hea,22,8,split-forward_combined-backward,optimized,f128r2_b128r2,8,8.36486,0.377317,25.54646,34.288636999999994,-2.998561791480165,3.1086244689504383e-15,2.220446049250313e-15,8.999474752802145e-15,1,libsad_fusion_f128r2_b128r2_split_forward_combined_backward_121d23564d.so,"[""-DSAD_RZZ_FORWARD_FUSED=0"", ""-DSAD_RZZ_BACKWARD_STRATEGY=1""]"
qaoa,22,8,split-both,optimized,f128r2_b128r2,6,5.802848,0.301758,20.67213,26.776736000000003,-11.83963530407412,1.7763568394002505e-15,1.7763568394002505e-14,2.275225960532274e-14,1,libsad_fusion_f128r2_b128r2_split_both_4da203f407.so,"[""-DSAD_QAOA_FUSE_COST_RX=0"", ""-DSAD_QAOA_FUSED_BACKWARD=0""]"
qaoa,22,8,split-both,optimized,f128r2_b128r2,7,5.565006,0.12787900000000002,19.948031,25.640916,-11.83963530407412,1.7763568394002505e-15,1.7763568394002505e-14,2.275225960532274e-14,1,libsad_fusion_f128r2_b128r2_split_both_4da203f407.so,"[""-DSAD_QAOA_FUSE_COST_RX=0"", ""-DSAD_QAOA_FUSED_BACKWARD=0""]"
qaoa,22,8,split-both,optimized,f128r2_b128r2,8,6.208297,0.12803399999999998,18.512375000000002,24.848706,-11.83963530407412,1.7763568394002505e-15,1.7763568394002505e-14,2.275225960532274e-14,1,libsad_fusion_f128r2_b128r2_split_both_4da203f407.so,"[""-DSAD_QAOA_FUSE_COST_RX=0"", ""-DSAD_QAOA_FUSED_BACKWARD=0""]"
qaoa,22,8,fused-backward,optimized,f128r2_b128r2,6,5.368181,0.285387,18.168681,23.822248999999996,-11.83963530407412,1.7763568394002505e-15,4.440892098500626e-14,5.547305751088233e-14,1,libsad_fusion_f128r2_b128r2_fused_backward_ce82b75948.so,"[""-DSAD_QAOA_FUSE_COST_RX=0"", ""-DSAD_QAOA_FUSED_BACKWARD=2""]"
qaoa,22,8,fused-backward,optimized,f128r2_b128r2,7,6.166716,0.13725099999999998,16.668972,22.972939,-11.83963530407412,1.7763568394002505e-15,4.440892098500626e-14,5.547305751088233e-14,1,libsad_fusion_f128r2_b128r2_fused_backward_ce82b75948.so,"[""-DSAD_QAOA_FUSE_COST_RX=0"", ""-DSAD_QAOA_FUSED_BACKWARD=2""]"
qaoa,22,8,fused-backward,optimized,f128r2_b128r2,8,6.557906,0.128801,16.825821,23.512528,-11.83963530407412,1.7763568394002505e-15,4.440892098500626e-14,5.547305751088233e-14,1,libsad_fusion_f128r2_b128r2_fused_backward_ce82b75948.so,"[""-DSAD_QAOA_FUSE_COST_RX=0"", ""-DSAD_QAOA_FUSED_BACKWARD=2""]"
su2-hea,22,8,split-forward_split-backward,optimized,f128r3_b64r4,6,6.180798,0.526936,23.811423,30.519157,-0.019723333440974544,6.938893903907228e-18,1.1102230246251565e-16,4.3297427812495945e-16,1,libsad_fusion_f128r3_b64r4_split_forward_split_backward_4cfb67b4b9.so,"[""-DSAD_FORWARD_BLOCK_THREADS=128"", ""-DSAD_FORWARD_REGISTER_BITS=3"", ""-DSAD_BLOCK_THREADS=64"", ""-DSAD_REGISTER_BITS=4"", ""-DSAD_SU2_FORWARD_STRATEGY=0"", ""-DSAD_SU2_BACKWARD_STRATEGY=0""]"
su2-hea,22,8,split-forward_split-backward,optimized,f128r3_b64r4,7,6.323025,0.38097499999999995,24.332272,31.036271999999997,-0.019723333440974544,6.938893903907228e-18,1.1102230246251565e-16,4.3297427812495945e-16,1,libsad_fusion_f128r3_b64r4_split_forward_split_backward_4cfb67b4b9.so,"[""-DSAD_FORWARD_BLOCK_THREADS=128"", ""-DSAD_FORWARD_REGISTER_BITS=3"", ""-DSAD_BLOCK_THREADS=64"", ""-DSAD_REGISTER_BITS=4"", ""-DSAD_SU2_FORWARD_STRATEGY=0"", ""-DSAD_SU2_BACKWARD_STRATEGY=0""]"
su2-hea,22,8,split-forward_split-backward,optimized,f128r3_b64r4,8,6.494192,0.573805,23.998117999999998,31.066115,-0.019723333440974544,6.938893903907228e-18,1.1102230246251565e-16,4.3297427812495945e-16,1,libsad_fusion_f128r3_b64r4_split_forward_split_backward_4cfb67b4b9.so,"[""-DSAD_FORWARD_BLOCK_THREADS=128"", ""-DSAD_FORWARD_REGISTER_BITS=3"", ""-DSAD_BLOCK_THREADS=64"", ""-DSAD_REGISTER_BITS=4"", ""-DSAD_SU2_FORWARD_STRATEGY=0"", ""-DSAD_SU2_BACKWARD_STRATEGY=0""]"
qaoa,22,8,fused-both,optimized,f128r2_b128r2,6,5.13769,0.14694600000000002,16.867911,22.152547000000002,-11.839635304074122,0.0,3.907985046680551e-14,5.252962488685061e-14,1,libsad_fusion_f128r2_b128r2_fused_both_0013ed2463.so,"[""-DSAD_QAOA_FUSE_COST_RX=1"", ""-DSAD_QAOA_FUSED_BACKWARD=2""]"
qaoa,22,8,fused-both,optimized,f128r2_b128r2,7,5.013189000000001,0.12782900000000003,18.056491,23.197509,-11.839635304074122,0.0,3.907985046680551e-14,5.252962488685061e-14,1,libsad_fusion_f128r2_b128r2_fused_both_0013ed2463.so,"[""-DSAD_QAOA_FUSE_COST_RX=1"", ""-DSAD_QAOA_FUSED_BACKWARD=2""]"
qaoa,22,8,fused-both,optimized,f128r2_b128r2,8,5.751486,0.368968,18.567383,24.687837000000002,-11.839635304074122,0.0,3.907985046680551e-14,5.252962488685061e-14,1,libsad_fusion_f128r2_b128r2_fused_both_0013ed2463.so,"[""-DSAD_QAOA_FUSE_COST_RX=1"", ""-DSAD_QAOA_FUSED_BACKWARD=2""]"
rzz-hea,22,8,fused-forward_fused-backward,optimized,f128r2_b128r2,6,6.47908,0.39213,28.648703,35.519913,-2.9985617914801654,3.552713678800501e-15,6.217248937900877e-15,1.937728754813715e-14,1,libsad_fusion_f128r2_b128r2_fused_forward_fused_backward_484792bfd4.so,"[""-DSAD_RZZ_FORWARD_FUSED=1"", ""-DSAD_RZZ_BACKWARD_STRATEGY=2""]"
rzz-hea,22,8,fused-forward_fused-backward,optimized,f128r2_b128r2,7,7.466201,0.549632,28.719005,36.734837999999996,-2.9985617914801654,3.552713678800501e-15,6.217248937900877e-15,1.937728754813715e-14,1,libsad_fusion_f128r2_b128r2_fused_forward_fused_backward_484792bfd4.so,"[""-DSAD_RZZ_FORWARD_FUSED=1"", ""-DSAD_RZZ_BACKWARD_STRATEGY=2""]"
rzz-hea,22,8,fused-forward_fused-backward,optimized,f128r2_b128r2,8,7.797583,0.6957880000000001,27.789393,36.28276399999999,-2.9985617914801654,3.552713678800501e-15,6.217248937900877e-15,1.937728754813715e-14,1,libsad_fusion_f128r2_b128r2_fused_forward_fused_backward_484792bfd4.so,"[""-DSAD_RZZ_FORWARD_FUSED=1"", ""-DSAD_RZZ_BACKWARD_STRATEGY=2""]"
su2-hea,22,8,lookup-forward_split-backward,optimized,f128r3_b64r4,6,6.157636,0.62479,23.288861,30.071287,-0.019723333440974555,3.469446951953614e-18,1.249000902703301e-16,4.1379606527107953e-16,1,libsad_fusion_f128r3_b64r4_lookup_forward_split_backward_d2cc1cb087.so,"[""-DSAD_FORWARD_BLOCK_THREADS=128"", ""-DSAD_FORWARD_REGISTER_BITS=3"", ""-DSAD_BLOCK_THREADS=64"", ""-DSAD_REGISTER_BITS=4"", ""-DSAD_SU2_FORWARD_STRATEGY=1"", ""-DSAD_SU2_BACKWARD_STRATEGY=0""]"
su2-hea,22,8,lookup-forward_split-backward,optimized,f128r3_b64r4,7,5.431959,0.378149,23.100049000000002,28.910157,-0.019723333440974555,3.469446951953614e-18,1.249000902703301e-16,4.1379606527107953e-16,1,libsad_fusion_f128r3_b64r4_lookup_forward_split_backward_d2cc1cb087.so,"[""-DSAD_FORWARD_BLOCK_THREADS=128"", ""-DSAD_FORWARD_REGISTER_BITS=3"", ""-DSAD_BLOCK_THREADS=64"", ""-DSAD_REGISTER_BITS=4"", ""-DSAD_SU2_FORWARD_STRATEGY=1"", ""-DSAD_SU2_BACKWARD_STRATEGY=0""]"
su2-hea,22,8,lookup-forward_split-backward,optimized,f128r3_b64r4,8,5.574993,0.385277,24.14809,30.10836,-0.019723333440974555,3.469446951953614e-18,1.249000902703301e-16,4.1379606527107953e-16,1,libsad_fusion_f128r3_b64r4_lookup_forward_split_backward_d2cc1cb087.so,"[""-DSAD_FORWARD_BLOCK_THREADS=128"", ""-DSAD_FORWARD_REGISTER_BITS=3"", ""-DSAD_BLOCK_THREADS=64"", ""-DSAD_REGISTER_BITS=4"", ""-DSAD_SU2_FORWARD_STRATEGY=1"", ""-DSAD_SU2_BACKWARD_STRATEGY=0""]"
su2-hea,22,8,lookup-forward_phased-backward,optimized,f128r3_b64r4,6,5.957019,0.621585,37.384476,43.963080000000005,-0.01972333344097459,3.8163916471489756e-17,3.191891195797325e-16,1.1481753503547954e-15,1,libsad_fusion_f128r3_b64r4_lookup_forward_phased_backward_2210ed799a.so,"[""-DSAD_FORWARD_BLOCK_THREADS=128"", ""-DSAD_FORWARD_REGISTER_BITS=3"", ""-DSAD_BLOCK_THREADS=64"", ""-DSAD_REGISTER_BITS=4"", ""-DSAD_SU2_FORWARD_STRATEGY=1"", ""-DSAD_SU2_BACKWARD_STRATEGY=2""]"
su2-hea,22,8,lookup-forward_phased-backward,optimized,f128r3_b64r4,7,5.816252,0.527845,36.25809,42.602187,-0.01972333344097459,3.8163916471489756e-17,3.191891195797325e-16,1.1481753503547954e-15,1,libsad_fusion_f128r3_b64r4_lookup_forward_phased_backward_2210ed799a.so,"[""-DSAD_FORWARD_BLOCK_THREADS=128"", ""-DSAD_FORWARD_REGISTER_BITS=3"", ""-DSAD_BLOCK_THREADS=64"", ""-DSAD_REGISTER_BITS=4"", ""-DSAD_SU2_FORWARD_STRATEGY=1"", ""-DSAD_SU2_BACKWARD_STRATEGY=2""]"
su2-hea,22,8,lookup-forward_phased-backward,optimized,f128r3_b64r4,8,5.659566000000001,0.538736,36.059903999999996,42.258206,-0.01972333344097459,3.8163916471489756e-17,3.191891195797325e-16,1.1481753503547954e-15,1,libsad_fusion_f128r3_b64r4_lookup_forward_phased_backward_2210ed799a.so,"[""-DSAD_FORWARD_BLOCK_THREADS=128"", ""-DSAD_FORWARD_REGISTER_BITS=3"", ""-DSAD_BLOCK_THREADS=64"", ""-DSAD_REGISTER_BITS=4"", ""-DSAD_SU2_FORWARD_STRATEGY=1"", ""-DSAD_SU2_BACKWARD_STRATEGY=2""]"
rzz-hea,22,8,fused-forward_split-backward,optimized,f128r2_b128r2,6,7.8104059999999995,0.680651,26.966489,35.457546,-2.9985617914801654,3.552713678800501e-15,2.220446049250313e-15,6.738342502083539e-15,1,libsad_fusion_f128r2_b128r2_fused_forward_split_backward_1714f0e737.so,"[""-DSAD_RZZ_FORWARD_FUSED=1"", ""-DSAD_RZZ_BACKWARD_STRATEGY=0""]"
rzz-hea,22,8,fused-forward_split-backward,optimized,f128r2_b128r2,7,8.069559,0.392257,27.165716999999997,35.627533,-2.9985617914801654,3.552713678800501e-15,2.220446049250313e-15,6.738342502083539e-15,1,libsad_fusion_f128r2_b128r2_fused_forward_split_backward_1714f0e737.so,"[""-DSAD_RZZ_FORWARD_FUSED=1"", ""-DSAD_RZZ_BACKWARD_STRATEGY=0""]"
rzz-hea,22,8,fused-forward_split-backward,optimized,f128r2_b128r2,8,7.166244000000001,0.389292,26.512168,34.067704,-2.9985617914801654,3.552713678800501e-15,2.220446049250313e-15,6.738342502083539e-15,1,libsad_fusion_f128r2_b128r2_fused_forward_split_backward_1714f0e737.so,"[""-DSAD_RZZ_FORWARD_FUSED=1"", ""-DSAD_RZZ_BACKWARD_STRATEGY=0""]"
su2-hea,22,8,phased-forward_phased-backward,optimized,f128r3_b64r4,6,8.608083,0.3795,36.601978,45.589561,-0.019723333440974475,7.632783294297951e-17,3.191891195797325e-16,9.618216429310703e-16,1,libsad_fusion_f128r3_b64r4_phased_forward_phased_backward_4896db51e9.so,"[""-DSAD_FORWARD_BLOCK_THREADS=128"", ""-DSAD_FORWARD_REGISTER_BITS=3"", ""-DSAD_BLOCK_THREADS=64"", ""-DSAD_REGISTER_BITS=4"", ""-DSAD_SU2_FORWARD_STRATEGY=2"", ""-DSAD_SU2_BACKWARD_STRATEGY=2""]"
su2-hea,22,8,phased-forward_phased-backward,optimized,f128r3_b64r4,7,8.381461999999999,0.378052,35.791189,44.550703,-0.019723333440974475,7.632783294297951e-17,3.191891195797325e-16,9.618216429310703e-16,1,libsad_fusion_f128r3_b64r4_phased_forward_phased_backward_4896db51e9.so,"[""-DSAD_FORWARD_BLOCK_THREADS=128"", ""-DSAD_FORWARD_REGISTER_BITS=3"", ""-DSAD_BLOCK_THREADS=64"", ""-DSAD_REGISTER_BITS=4"", ""-DSAD_SU2_FORWARD_STRATEGY=2"", ""-DSAD_SU2_BACKWARD_STRATEGY=2""]"
su2-hea,22,8,phased-forward_phased-backward,optimized,f128r3_b64r4,8,9.824648999999999,0.529279,36.40613999999999,46.760068,-0.019723333440974475,7.632783294297951e-17,3.191891195797325e-16,9.618216429310703e-16,1,libsad_fusion_f128r3_b64r4_phased_forward_phased_backward_4896db51e9.so,"[""-DSAD_FORWARD_BLOCK_THREADS=128"", ""-DSAD_FORWARD_REGISTER_BITS=3"", ""-DSAD_BLOCK_THREADS=64"", ""-DSAD_REGISTER_BITS=4"", ""-DSAD_SU2_FORWARD_STRATEGY=2"", ""-DSAD_SU2_BACKWARD_STRATEGY=2""]"
rzz-hea,22,8,split-forward_fused-backward,optimized,f128r2_b128r2,6,8.293457,0.392979,28.685917,37.372353,-2.9985617914801637,1.7763568394002505e-15,6.217248937900877e-15,1.9622093503364234e-14,1,libsad_fusion_f128r2_b128r2_split_forward_fused_backward_3b00375398.so,"[""-DSAD_RZZ_FORWARD_FUSED=0"", ""-DSAD_RZZ_BACKWARD_STRATEGY=2""]"
rzz-hea,22,8,split-forward_fused-backward,optimized,f128r2_b128r2,7,8.243416999999999,0.6903830000000001,27.483141999999997,36.41694199999999,-2.9985617914801637,1.7763568394002505e-15,6.217248937900877e-15,1.9622093503364234e-14,1,libsad_fusion_f128r2_b128r2_split_forward_fused_backward_3b00375398.so,"[""-DSAD_RZZ_FORWARD_FUSED=0"", ""-DSAD_RZZ_BACKWARD_STRATEGY=2""]"
rzz-hea,22,8,split-forward_fused-backward,optimized,f128r2_b128r2,8,7.818581,0.63787,29.246296,37.702747,-2.9985617914801637,1.7763568394002505e-15,6.217248937900877e-15,1.9622093503364234e-14,1,libsad_fusion_f128r2_b128r2_split_forward_fused_backward_3b00375398.so,"[""-DSAD_RZZ_FORWARD_FUSED=0"", ""-DSAD_RZZ_BACKWARD_STRATEGY=2""]"
su2-hea,22,8,lookup-forward_lookup-backward,optimized,f128r3_b64r4,6,5.399189000000001,0.376942,24.449919,30.22605,-0.01972333344097459,3.8163916471489756e-17,2.983724378680108e-16,7.397277634108259e-16,1,libsad_fusion_f128r3_b64r4_lookup_forward_lookup_backward_7b8f8fcfcf.so,"[""-DSAD_FORWARD_BLOCK_THREADS=128"", ""-DSAD_FORWARD_REGISTER_BITS=3"", ""-DSAD_BLOCK_THREADS=64"", ""-DSAD_REGISTER_BITS=4"", ""-DSAD_SU2_FORWARD_STRATEGY=1"", ""-DSAD_SU2_BACKWARD_STRATEGY=1""]"
su2-hea,22,8,lookup-forward_lookup-backward,optimized,f128r3_b64r4,7,6.371567,0.70684,24.013747,31.092153999999997,-0.01972333344097459,3.8163916471489756e-17,2.983724378680108e-16,7.397277634108259e-16,1,libsad_fusion_f128r3_b64r4_lookup_forward_lookup_backward_7b8f8fcfcf.so,"[""-DSAD_FORWARD_BLOCK_THREADS=128"", ""-DSAD_FORWARD_REGISTER_BITS=3"", ""-DSAD_BLOCK_THREADS=64"", ""-DSAD_REGISTER_BITS=4"", ""-DSAD_SU2_FORWARD_STRATEGY=1"", ""-DSAD_SU2_BACKWARD_STRATEGY=1""]"
su2-hea,22,8,lookup-forward_lookup-backward,optimized,f128r3_b64r4,8,6.184170999999999,0.542012,24.383177,31.10936,-0.01972333344097459,3.8163916471489756e-17,2.983724378680108e-16,7.397277634108259e-16,1,libsad_fusion_f128r3_b64r4_lookup_forward_lookup_backward_7b8f8fcfcf.so,"[""-DSAD_FORWARD_BLOCK_THREADS=128"", ""-DSAD_FORWARD_REGISTER_BITS=3"", ""-DSAD_BLOCK_THREADS=64"", ""-DSAD_REGISTER_BITS=4"", ""-DSAD_SU2_FORWARD_STRATEGY=1"", ""-DSAD_SU2_BACKWARD_STRATEGY=1""]"
ra-hea,22,8,complex-fused-backward,optimized,f64r4_b64r4,6,5.847313,0.37020800000000004,18.481610999999997,24.699132,0.282730916350725,1.1102230246251565e-16,2.220446049250313e-16,6.204082939307258e-16,1,libsad_fusion_f64r4_b64r4_complex_fused_backward_dfc4d7af68.so,"[""-DSAD_FORWARD_BLOCK_THREADS=64"", ""-DSAD_FORWARD_REGISTER_BITS=4"", ""-DSAD_BLOCK_THREADS=64"", ""-DSAD_REGISTER_BITS=4"", ""-DSAD_REAL_AMPLITUDE=0"", ""-DSAD_RA_FORWARD_FUSED=0"", ""-DSAD_RA_BACKWARD_FUSED=1""]"
ra-hea,22,8,complex-fused-backward,optimized,f64r4_b64r4,7,5.372593999999999,0.644688,17.858688,23.87597,0.282730916350725,1.1102230246251565e-16,2.220446049250313e-16,6.204082939307258e-16,1,libsad_fusion_f64r4_b64r4_complex_fused_backward_dfc4d7af68.so,"[""-DSAD_FORWARD_BLOCK_THREADS=64"", ""-DSAD_FORWARD_REGISTER_BITS=4"", ""-DSAD_BLOCK_THREADS=64"", ""-DSAD_REGISTER_BITS=4"", ""-DSAD_REAL_AMPLITUDE=0"", ""-DSAD_RA_FORWARD_FUSED=0"", ""-DSAD_RA_BACKWARD_FUSED=1""]"
ra-hea,22,8,complex-fused-backward,optimized,f64r4_b64r4,8,6.251017999999999,0.518928,17.805892,24.575837999999997,0.282730916350725,1.1102230246251565e-16,2.220446049250313e-16,6.204082939307258e-16,1,libsad_fusion_f64r4_b64r4_complex_fused_backward_dfc4d7af68.so,"[""-DSAD_FORWARD_BLOCK_THREADS=64"", ""-DSAD_FORWARD_REGISTER_BITS=4"", ""-DSAD_BLOCK_THREADS=64"", ""-DSAD_REGISTER_BITS=4"", ""-DSAD_REAL_AMPLITUDE=0"", ""-DSAD_RA_FORWARD_FUSED=0"", ""-DSAD_RA_BACKWARD_FUSED=1""]"
su2-hea,22,8,phased-forward_split-backward,optimized,f128r3_b64r4,6,9.859344,0.6304010000000001,22.189061,32.678806,-0.019723333440974475,7.632783294297951e-17,2.489328188026718e-16,9.99970203576652e-16,1,libsad_fusion_f128r3_b64r4_phased_forward_split_backward_2a4d35d553.so,"[""-DSAD_FORWARD_BLOCK_THREADS=128"", ""-DSAD_FORWARD_REGISTER_BITS=3"", ""-DSAD_BLOCK_THREADS=64"", ""-DSAD_REGISTER_BITS=4"", ""-DSAD_SU2_FORWARD_STRATEGY=2"", ""-DSAD_SU2_BACKWARD_STRATEGY=0""]"
su2-hea,22,8,phased-forward_split-backward,optimized,f128r3_b64r4,7,10.031421,0.380803,22.085130000000003,32.49735400000001,-0.019723333440974475,7.632783294297951e-17,2.489328188026718e-16,9.99970203576652e-16,1,libsad_fusion_f128r3_b64r4_phased_forward_split_backward_2a4d35d553.so,"[""-DSAD_FORWARD_BLOCK_THREADS=128"", ""-DSAD_FORWARD_REGISTER_BITS=3"", ""-DSAD_BLOCK_THREADS=64"", ""-DSAD_REGISTER_BITS=4"", ""-DSAD_SU2_FORWARD_STRATEGY=2"", ""-DSAD_SU2_BACKWARD_STRATEGY=0""]"
su2-hea,22,8,phased-forward_split-backward,optimized,f128r3_b64r4,8,8.617843,0.38068,23.649228,32.647751,-0.019723333440974475,7.632783294297951e-17,2.489328188026718e-16,9.99970203576652e-16,1,libsad_fusion_f128r3_b64r4_phased_forward_split_backward_2a4d35d553.so,"[""-DSAD_FORWARD_BLOCK_THREADS=128"", ""-DSAD_FORWARD_REGISTER_BITS=3"", ""-DSAD_BLOCK_THREADS=64"", ""-DSAD_REGISTER_BITS=4"", ""-DSAD_SU2_FORWARD_STRATEGY=2"", ""-DSAD_SU2_BACKWARD_STRATEGY=0""]"
ra-hea,22,8,real-fused-both,optimized,f64r4_b64r4,6,3.113466,0.362937,8.719268000000001,12.195671,0.2827309163507248,3.3306690738754696e-16,2.7755575615628914e-16,7.232326910977002e-16,1,libsad_fusion_f64r4_b64r4_real_fused_both_e60c482693.so,"[""-DSAD_FORWARD_BLOCK_THREADS=64"", ""-DSAD_FORWARD_REGISTER_BITS=4"", ""-DSAD_BLOCK_THREADS=64"", ""-DSAD_REGISTER_BITS=4"", ""-DSAD_REAL_AMPLITUDE=1""]"
ra-hea,22,8,real-fused-both,optimized,f64r4_b64r4,7,3.747359,0.380517,8.439124,12.566999999999998,0.2827309163507248,3.3306690738754696e-16,2.7755575615628914e-16,7.232326910977002e-16,1,libsad_fusion_f64r4_b64r4_real_fused_both_e60c482693.so,"[""-DSAD_FORWARD_BLOCK_THREADS=64"", ""-DSAD_FORWARD_REGISTER_BITS=4"", ""-DSAD_BLOCK_THREADS=64"", ""-DSAD_REGISTER_BITS=4"", ""-DSAD_REAL_AMPLITUDE=1""]"
ra-hea,22,8,real-fused-both,optimized,f64r4_b64r4,8,3.182863,0.221333,7.706605,11.110801,0.2827309163507248,3.3306690738754696e-16,2.7755575615628914e-16,7.232326910977002e-16,1,libsad_fusion_f64r4_b64r4_real_fused_both_e60c482693.so,"[""-DSAD_FORWARD_BLOCK_THREADS=64"", ""-DSAD_FORWARD_REGISTER_BITS=4"", ""-DSAD_BLOCK_THREADS=64"", ""-DSAD_REGISTER_BITS=4"", ""-DSAD_REAL_AMPLITUDE=1""]"
su2-hea,22,8,split-forward_phased-backward,optimized,f128r3_b64r4,6,6.845019,0.379451,36.551984000000004,43.77645400000001,-0.019723333440974555,3.469446951953614e-18,3.191891195797325e-16,1.1364188261146428e-15,1,libsad_fusion_f128r3_b64r4_split_forward_phased_backward_a3372de662.so,"[""-DSAD_FORWARD_BLOCK_THREADS=128"", ""-DSAD_FORWARD_REGISTER_BITS=3"", ""-DSAD_BLOCK_THREADS=64"", ""-DSAD_REGISTER_BITS=4"", ""-DSAD_SU2_FORWARD_STRATEGY=0"", ""-DSAD_SU2_BACKWARD_STRATEGY=2""]"
su2-hea,22,8,split-forward_phased-backward,optimized,f128r3_b64r4,7,6.532334,0.528189,36.911487,43.97201,-0.019723333440974555,3.469446951953614e-18,3.191891195797325e-16,1.1364188261146428e-15,1,libsad_fusion_f128r3_b64r4_split_forward_phased_backward_a3372de662.so,"[""-DSAD_FORWARD_BLOCK_THREADS=128"", ""-DSAD_FORWARD_REGISTER_BITS=3"", ""-DSAD_BLOCK_THREADS=64"", ""-DSAD_REGISTER_BITS=4"", ""-DSAD_SU2_FORWARD_STRATEGY=0"", ""-DSAD_SU2_BACKWARD_STRATEGY=2""]"
su2-hea,22,8,split-forward_phased-backward,optimized,f128r3_b64r4,8,6.976864,0.612799,35.640153,43.22981600000001,-0.019723333440974555,3.469446951953614e-18,3.191891195797325e-16,1.1364188261146428e-15,1,libsad_fusion_f128r3_b64r4_split_forward_phased_backward_a3372de662.so,"[""-DSAD_FORWARD_BLOCK_THREADS=128"", ""-DSAD_FORWARD_REGISTER_BITS=3"", ""-DSAD_BLOCK_THREADS=64"", ""-DSAD_REGISTER_BITS=4"", ""-DSAD_SU2_FORWARD_STRATEGY=0"", ""-DSAD_SU2_BACKWARD_STRATEGY=2""]"
ra-hea,22,8,complex-split,optimized,f64r4_b64r4,6,5.3953500000000005,0.603593,19.059475,25.058418,0.28273091635072506,5.551115123125783e-17,1.249000902703301e-16,5.444792713565729e-16,1,libsad_fusion_f64r4_b64r4_complex_split_66498fcdfe.so,"[""-DSAD_FORWARD_BLOCK_THREADS=64"", ""-DSAD_FORWARD_REGISTER_BITS=4"", ""-DSAD_BLOCK_THREADS=64"", ""-DSAD_REGISTER_BITS=4"", ""-DSAD_REAL_AMPLITUDE=0"", ""-DSAD_RA_FORWARD_FUSED=0"", ""-DSAD_RA_BACKWARD_FUSED=0""]"
ra-hea,22,8,complex-split,optimized,f64r4_b64r4,7,5.37012,0.370899,20.53709,26.278109,0.28273091635072506,5.551115123125783e-17,1.249000902703301e-16,5.444792713565729e-16,1,libsad_fusion_f64r4_b64r4_complex_split_66498fcdfe.so,"[""-DSAD_FORWARD_BLOCK_THREADS=64"", ""-DSAD_FORWARD_REGISTER_BITS=4"", ""-DSAD_BLOCK_THREADS=64"", ""-DSAD_REGISTER_BITS=4"", ""-DSAD_REAL_AMPLITUDE=0"", ""-DSAD_RA_FORWARD_FUSED=0"", ""-DSAD_RA_BACKWARD_FUSED=0""]"
ra-hea,22,8,complex-split,optimized,f64r4_b64r4,8,6.142679,0.371693,20.762809999999998,27.277182,0.28273091635072506,5.551115123125783e-17,1.249000902703301e-16,5.444792713565729e-16,1,libsad_fusion_f64r4_b64r4_complex_split_66498fcdfe.so,"[""-DSAD_FORWARD_BLOCK_THREADS=64"", ""-DSAD_FORWARD_REGISTER_BITS=4"", ""-DSAD_BLOCK_THREADS=64"", ""-DSAD_REGISTER_BITS=4"", ""-DSAD_REAL_AMPLITUDE=0"", ""-DSAD_RA_FORWARD_FUSED=0"", ""-DSAD_RA_BACKWARD_FUSED=0""]"
xxz-hva,22,8,cross-matching,optimized,f128r3_b32r3,6,16.485105,0.35375,50.730941,67.569796,0.1031334386539824,1.3877787807814457e-17,6.938893903907228e-16,3.3572337111164808e-15,1,libsad_fusion_f128r3_b32r3_cross_matching_448a98da88.so,"[""-DSAD_FORWARD_BLOCK_THREADS=128"", ""-DSAD_FORWARD_REGISTER_BITS=3"", ""-DSAD_BLOCK_THREADS=32"", ""-DSAD_REGISTER_BITS=3"", ""-DSAD_XXZ_CROSS_MATCHING=1""]"
xxz-hva,22,8,cross-matching,optimized,f128r3_b32r3,7,16.131597,0.36118700000000004,52.33711,68.829894,0.1031334386539824,1.3877787807814457e-17,6.938893903907228e-16,3.3572337111164808e-15,1,libsad_fusion_f128r3_b32r3_cross_matching_448a98da88.so,"[""-DSAD_FORWARD_BLOCK_THREADS=128"", ""-DSAD_FORWARD_REGISTER_BITS=3"", ""-DSAD_BLOCK_THREADS=32"", ""-DSAD_REGISTER_BITS=3"", ""-DSAD_XXZ_CROSS_MATCHING=1""]"
xxz-hva,22,8,cross-matching,optimized,f128r3_b32r3,8,15.911134,0.35472200000000004,50.753628,67.019484,0.1031334386539824,1.3877787807814457e-17,6.938893903907228e-16,3.3572337111164808e-15,1,libsad_fusion_f128r3_b32r3_cross_matching_448a98da88.so,"[""-DSAD_FORWARD_BLOCK_THREADS=128"", ""-DSAD_FORWARD_REGISTER_BITS=3"", ""-DSAD_BLOCK_THREADS=32"", ""-DSAD_REGISTER_BITS=3"", ""-DSAD_XXZ_CROSS_MATCHING=1""]"
rzz-hea,22,8,auto,optimized,f128r2_b128r2,6,7.49095,0.535821,25.826371,33.853142000000005,-2.998561791480163,1.3322676295501878e-15,1.9984014443252818e-15,8.69167994645814e-15,1,libsad_fusion_f128r2_b128r2_auto_e3b0c44298.so,[]
rzz-hea,22,8,auto,optimized,f128r2_b128r2,7,6.265667,0.650076,27.829236,34.744979,-2.998561791480163,1.3322676295501878e-15,1.9984014443252818e-15,8.69167994645814e-15,1,libsad_fusion_f128r2_b128r2_auto_e3b0c44298.so,[]
rzz-hea,22,8,auto,optimized,f128r2_b128r2,8,6.418641,0.383254,26.588196,33.390091000000005,-2.998561791480163,1.3322676295501878e-15,1.9984014443252818e-15,8.69167994645814e-15,1,libsad_fusion_f128r2_b128r2_auto_e3b0c44298.so,[]
su2-hea,22,8,phased-forward_lookup-backward,optimized,f128r3_b64r4,6,8.512837000000001,0.378344,25.132844000000002,34.024025,-0.019723333440974503,4.85722573273506e-17,2.636779683484747e-16,1.1234130845993414e-15,1,libsad_fusion_f128r3_b64r4_phased_forward_lookup_backward_7df21f009d.so,"[""-DSAD_FORWARD_BLOCK_THREADS=128"", ""-DSAD_FORWARD_REGISTER_BITS=3"", ""-DSAD_BLOCK_THREADS=64"", ""-DSAD_REGISTER_BITS=4"", ""-DSAD_SU2_FORWARD_STRATEGY=2"", ""-DSAD_SU2_BACKWARD_STRATEGY=1""]"
su2-hea,22,8,phased-forward_lookup-backward,optimized,f128r3_b64r4,7,9.06497,0.379978,24.311072,33.75602,-0.019723333440974503,4.85722573273506e-17,2.636779683484747e-16,1.1234130845993414e-15,1,libsad_fusion_f128r3_b64r4_phased_forward_lookup_backward_7df21f009d.so,"[""-DSAD_FORWARD_BLOCK_THREADS=128"", ""-DSAD_FORWARD_REGISTER_BITS=3"", ""-DSAD_BLOCK_THREADS=64"", ""-DSAD_REGISTER_BITS=4"", ""-DSAD_SU2_FORWARD_STRATEGY=2"", ""-DSAD_SU2_BACKWARD_STRATEGY=1""]"
su2-hea,22,8,phased-forward_lookup-backward,optimized,f128r3_b64r4,8,8.383137000000001,0.379222,24.917987,33.680346,-0.019723333440974503,4.85722573273506e-17,2.636779683484747e-16,1.1234130845993414e-15,1,libsad_fusion_f128r3_b64r4_phased_forward_lookup_backward_7df21f009d.so,"[""-DSAD_FORWARD_BLOCK_THREADS=128"", ""-DSAD_FORWARD_REGISTER_BITS=3"", ""-DSAD_BLOCK_THREADS=64"", ""-DSAD_REGISTER_BITS=4"", ""-DSAD_SU2_FORWARD_STRATEGY=2"", ""-DSAD_SU2_BACKWARD_STRATEGY=1""]"
rzz-hea,22,8,fused-forward_combined-backward,optimized,f128r2_b128r2,6,7.596782,0.384663,26.713594999999998,34.69504,-2.9985617914801628,8.881784197001252e-16,1.7763568394002505e-15,8.499581583198643e-15,1,libsad_fusion_f128r2_b128r2_fused_forward_combined_backward_0245edac0c.so,"[""-DSAD_RZZ_FORWARD_FUSED=1"", ""-DSAD_RZZ_BACKWARD_STRATEGY=1""]"
rzz-hea,22,8,fused-forward_combined-backward,optimized,f128r2_b128r2,7,7.958106,0.543682,25.924467,34.426255000000005,-2.9985617914801628,8.881784197001252e-16,1.7763568394002505e-15,8.499581583198643e-15,1,libsad_fusion_f128r2_b128r2_fused_forward_combined_backward_0245edac0c.so,"[""-DSAD_RZZ_FORWARD_FUSED=1"", ""-DSAD_RZZ_BACKWARD_STRATEGY=1""]"
rzz-hea,22,8,fused-forward_combined-backward,optimized,f128r2_b128r2,8,7.571726,0.821168,24.783310999999998,33.176205,-2.9985617914801628,8.881784197001252e-16,1.7763568394002505e-15,8.499581583198643e-15,1,libsad_fusion_f128r2_b128r2_fused_forward_combined_backward_0245edac0c.so,"[""-DSAD_RZZ_FORWARD_FUSED=1"", ""-DSAD_RZZ_BACKWARD_STRATEGY=1""]"
su2-hea,22,8,split-forward_lookup-backward,optimized,f128r3_b64r4,6,6.874792,0.531049,23.619667,31.025508,-0.019723333440974586,3.469446951953614e-17,3.0531133177191805e-16,7.491753033787453e-16,1,libsad_fusion_f128r3_b64r4_split_forward_lookup_backward_14001066e2.so,"[""-DSAD_FORWARD_BLOCK_THREADS=128"", ""-DSAD_FORWARD_REGISTER_BITS=3"", ""-DSAD_BLOCK_THREADS=64"", ""-DSAD_REGISTER_BITS=4"", ""-DSAD_SU2_FORWARD_STRATEGY=0"", ""-DSAD_SU2_BACKWARD_STRATEGY=1""]"
su2-hea,22,8,split-forward_lookup-backward,optimized,f128r3_b64r4,7,6.54113,0.625144,24.077837000000002,31.244111,-0.019723333440974586,3.469446951953614e-17,3.0531133177191805e-16,7.491753033787453e-16,1,libsad_fusion_f128r3_b64r4_split_forward_lookup_backward_14001066e2.so,"[""-DSAD_FORWARD_BLOCK_THREADS=128"", ""-DSAD_FORWARD_REGISTER_BITS=3"", ""-DSAD_BLOCK_THREADS=64"", ""-DSAD_REGISTER_BITS=4"", ""-DSAD_SU2_FORWARD_STRATEGY=0"", ""-DSAD_SU2_BACKWARD_STRATEGY=1""]"
su2-hea,22,8,split-forward_lookup-backward,optimized,f128r3_b64r4,8,6.768148,0.615896,24.218209,31.602253000000005,-0.019723333440974586,3.469446951953614e-17,3.0531133177191805e-16,7.491753033787453e-16,1,libsad_fusion_f128r3_b64r4_split_forward_lookup_backward_14001066e2.so,"[""-DSAD_FORWARD_BLOCK_THREADS=128"", ""-DSAD_FORWARD_REGISTER_BITS=3"", ""-DSAD_BLOCK_THREADS=64"", ""-DSAD_REGISTER_BITS=4"", ""-DSAD_SU2_FORWARD_STRATEGY=0"", ""-DSAD_SU2_BACKWARD_STRATEGY=1""]"
xxz-hva,22,8,separate-matchings,optimized,f128r3_b32r3,6,15.994113,0.604109,53.950009,70.548231,0.10313343865398239,0.0,1.6653345369377348e-16,8.09886450757707e-16,1,libsad_fusion_f128r3_b32r3_separate_matchings_6a54a88064.so,"[""-DSAD_FORWARD_BLOCK_THREADS=128"", ""-DSAD_FORWARD_REGISTER_BITS=3"", ""-DSAD_BLOCK_THREADS=32"", ""-DSAD_REGISTER_BITS=3"", ""-DSAD_XXZ_CROSS_MATCHING=0""]"
xxz-hva,22,8,separate-matchings,optimized,f128r3_b32r3,7,15.259916,0.359231,54.27538,69.894527,0.10313343865398239,0.0,1.6653345369377348e-16,8.09886450757707e-16,1,libsad_fusion_f128r3_b32r3_separate_matchings_6a54a88064.so,"[""-DSAD_FORWARD_BLOCK_THREADS=128"", ""-DSAD_FORWARD_REGISTER_BITS=3"", ""-DSAD_BLOCK_THREADS=32"", ""-DSAD_REGISTER_BITS=3"", ""-DSAD_XXZ_CROSS_MATCHING=0""]"
xxz-hva,22,8,separate-matchings,optimized,f128r3_b32r3,8,15.353563000000001,0.360103,53.4336,69.147266,0.10313343865398239,0.0,1.6653345369377348e-16,8.09886450757707e-16,1,libsad_fusion_f128r3_b32r3_separate_matchings_6a54a88064.so,"[""-DSAD_FORWARD_BLOCK_THREADS=128"", ""-DSAD_FORWARD_REGISTER_BITS=3"", ""-DSAD_BLOCK_THREADS=32"", ""-DSAD_REGISTER_BITS=3"", ""-DSAD_XXZ_CROSS_MATCHING=0""]"
qaoa,22,8,fused-forward,optimized,f128r2_b128r2,6,6.286219,0.39721199999999995,19.062395,25.745826,-11.839635304074118,3.552713678800501e-15,2.1316282072803006e-14,2.676996131089309e-14,1,libsad_fusion_f128r2_b128r2_fused_forward_cd039849db.so,"[""-DSAD_QAOA_FUSE_COST_RX=1"", ""-DSAD_QAOA_FUSED_BACKWARD=0""]"
qaoa,22,8,fused-forward,optimized,f128r2_b128r2,7,5.131889,0.1495,19.934204,25.215593000000002,-11.839635304074118,3.552713678800501e-15,2.1316282072803006e-14,2.676996131089309e-14,1,libsad_fusion_f128r2_b128r2_fused_forward_cd039849db.so,"[""-DSAD_QAOA_FUSE_COST_RX=1"", ""-DSAD_QAOA_FUSED_BACKWARD=0""]"
qaoa,22,8,fused-forward,optimized,f128r2_b128r2,8,5.848281,0.279028,19.963055,26.090364,-11.839635304074118,3.552713678800501e-15,2.1316282072803006e-14,2.676996131089309e-14,1,libsad_fusion_f128r2_b128r2_fused_forward_cd039849db.so,"[""-DSAD_QAOA_FUSE_COST_RX=1"", ""-DSAD_QAOA_FUSED_BACKWARD=0""]"
ra-hea,22,8,complex-fused-forward,optimized,f64r4_b64r4,6,6.8208899999999995,0.372234,19.086309,26.279432999999997,0.28273091635072495,1.6653345369377348e-16,1.6653345369377348e-16,4.797435755092362e-16,1,libsad_fusion_f64r4_b64r4_complex_fused_forward_4fbad961c2.so,"[""-DSAD_FORWARD_BLOCK_THREADS=64"", ""-DSAD_FORWARD_REGISTER_BITS=4"", ""-DSAD_BLOCK_THREADS=64"", ""-DSAD_REGISTER_BITS=4"", ""-DSAD_REAL_AMPLITUDE=0"", ""-DSAD_RA_FORWARD_FUSED=1"", ""-DSAD_RA_BACKWARD_FUSED=0""]"
ra-hea,22,8,complex-fused-forward,optimized,f64r4_b64r4,7,6.417074,0.6750010000000001,19.815443,26.907518,0.28273091635072495,1.6653345369377348e-16,1.6653345369377348e-16,4.797435755092362e-16,1,libsad_fusion_f64r4_b64r4_complex_fused_forward_4fbad961c2.so,"[""-DSAD_FORWARD_BLOCK_THREADS=64"", ""-DSAD_FORWARD_REGISTER_BITS=4"", ""-DSAD_BLOCK_THREADS=64"", ""-DSAD_REGISTER_BITS=4"", ""-DSAD_REAL_AMPLITUDE=0"", ""-DSAD_RA_FORWARD_FUSED=1"", ""-DSAD_RA_BACKWARD_FUSED=0""]"
ra-hea,22,8,complex-fused-forward,optimized,f64r4_b64r4,8,5.590356,0.37036399999999997,20.181722999999998,26.142442999999997,0.28273091635072495,1.6653345369377348e-16,1.6653345369377348e-16,4.797435755092362e-16,1,libsad_fusion_f64r4_b64r4_complex_fused_forward_4fbad961c2.so,"[""-DSAD_FORWARD_BLOCK_THREADS=64"", ""-DSAD_FORWARD_REGISTER_BITS=4"", ""-DSAD_BLOCK_THREADS=64"", ""-DSAD_REGISTER_BITS=4"", ""-DSAD_REAL_AMPLITUDE=0"", ""-DSAD_RA_FORWARD_FUSED=1"", ""-DSAD_RA_BACKWARD_FUSED=0""]"
su2-hea,22,8,auto,optimized,f128r3_b64r4,6,6.431175,0.381842,24.421699,31.234716000000002,-0.019723333440974575,2.42861286636753e-17,2.5673907444456745e-16,7.323536234735995e-16,1,libsad_fusion_f128r3_b64r4_auto_a330c9365c.so,"[""-DSAD_FORWARD_BLOCK_THREADS=128"", ""-DSAD_FORWARD_REGISTER_BITS=3"", ""-DSAD_BLOCK_THREADS=64"", ""-DSAD_REGISTER_BITS=4""]"
su2-hea,22,8,auto,optimized,f128r3_b64r4,7,5.910693,0.528783,24.404958,30.844434,-0.019723333440974575,2.42861286636753e-17,2.5673907444456745e-16,7.323536234735995e-16,1,libsad_fusion_f128r3_b64r4_auto_a330c9365c.so,"[""-DSAD_FORWARD_BLOCK_THREADS=128"", ""-DSAD_FORWARD_REGISTER_BITS=3"", ""-DSAD_BLOCK_THREADS=64"", ""-DSAD_REGISTER_BITS=4""]"
su2-hea,22,8,auto,optimized,f128r3_b64r4,8,6.0910720000000005,0.631355,24.744161000000002,31.466588000000005,-0.019723333440974575,2.42861286636753e-17,2.5673907444456745e-16,7.323536234735995e-16,1,libsad_fusion_f128r3_b64r4_auto_a330c9365c.so,"[""-DSAD_FORWARD_BLOCK_THREADS=128"", ""-DSAD_FORWARD_REGISTER_BITS=3"", ""-DSAD_BLOCK_THREADS=64"", ""-DSAD_REGISTER_BITS=4""]"
ra-hea,22,8,complex-fused-both,optimized,f64r4_b64r4,6,5.589187,0.372568,17.968146,23.929901,0.2827309163507248,3.3306690738754696e-16,2.220446049250313e-16,5.40131439695377e-16,1,libsad_fusion_f64r4_b64r4_complex_fused_both_eecac02710.so,"[""-DSAD_FORWARD_BLOCK_THREADS=64"", ""-DSAD_FORWARD_REGISTER_BITS=4"", ""-DSAD_BLOCK_THREADS=64"", ""-DSAD_REGISTER_BITS=4"", ""-DSAD_REAL_AMPLITUDE=0"", ""-DSAD_RA_FORWARD_FUSED=1"", ""-DSAD_RA_BACKWARD_FUSED=1""]"
ra-hea,22,8,complex-fused-both,optimized,f64r4_b64r4,7,6.395645,0.37122099999999997,18.904653,25.671519,0.2827309163507248,3.3306690738754696e-16,2.220446049250313e-16,5.40131439695377e-16,1,libsad_fusion_f64r4_b64r4_complex_fused_both_eecac02710.so,"[""-DSAD_FORWARD_BLOCK_THREADS=64"", ""-DSAD_FORWARD_REGISTER_BITS=4"", ""-DSAD_BLOCK_THREADS=64"", ""-DSAD_REGISTER_BITS=4"", ""-DSAD_REAL_AMPLITUDE=0"", ""-DSAD_RA_FORWARD_FUSED=1"", ""-DSAD_RA_BACKWARD_FUSED=1""]"
ra-hea,22,8,complex-fused-both,optimized,f64r4_b64r4,8,6.375441,0.369321,18.388958,25.133719999999997,0.2827309163507248,3.3306690738754696e-16,2.220446049250313e-16,5.40131439695377e-16,1,libsad_fusion_f64r4_b64r4_complex_fused_both_eecac02710.so,"[""-DSAD_FORWARD_BLOCK_THREADS=64"", ""-DSAD_FORWARD_REGISTER_BITS=4"", ""-DSAD_BLOCK_THREADS=64"", ""-DSAD_REGISTER_BITS=4"", ""-DSAD_REAL_AMPLITUDE=0"", ""-DSAD_RA_FORWARD_FUSED=1"", ""-DSAD_RA_BACKWARD_FUSED=1""]"
qaoa,22,8,auto,optimized,f128r2_b128r2,6,6.145103,0.649724,18.669199000000003,25.464026,-11.839635304074129,7.105427357601002e-15,1.5987211554602254e-14,2.2584512502677683e-14,1,libsad_fusion_f128r2_b128r2_auto_05d6356191.so,"[""-DSAD_QAOA_FUSE_COST_RX=-1"", ""-DSAD_QAOA_FUSED_BACKWARD=1""]"
qaoa,22,8,auto,optimized,f128r2_b128r2,7,5.007688,0.146403,18.672166,23.826257,-11.839635304074129,7.105427357601002e-15,1.5987211554602254e-14,2.2584512502677683e-14,1,libsad_fusion_f128r2_b128r2_auto_05d6356191.so,"[""-DSAD_QAOA_FUSE_COST_RX=-1"", ""-DSAD_QAOA_FUSED_BACKWARD=1""]"
qaoa,22,8,auto,optimized,f128r2_b128r2,8,6.101055000000001,0.404945,20.505807,27.011807,-11.839635304074129,7.105427357601002e-15,1.5987211554602254e-14,2.2584512502677683e-14,1,libsad_fusion_f128r2_b128r2_auto_05d6356191.so,"[""-DSAD_QAOA_FUSE_COST_RX=-1"", ""-DSAD_QAOA_FUSED_BACKWARD=1""]"
rzz-hea,22,8,split-forward_split-backward,optimized,f128r2_b128r2,6,8.283634999999999,0.384109,24.129526,32.79727,-2.998561791480165,3.1086244689504383e-15,1.7763568394002505e-15,6.316785465686139e-15,1,libsad_fusion_f128r2_b128r2_split_forward_split_backward_d6edb746ec.so,"[""-DSAD_RZZ_FORWARD_FUSED=0"", ""-DSAD_RZZ_BACKWARD_STRATEGY=0""]"
rzz-hea,22,8,split-forward_split-backward,optimized,f128r2_b128r2,7,8.642016,0.54528,27.01403,36.20132600000001,-2.998561791480165,3.1086244689504383e-15,1.7763568394002505e-15,6.316785465686139e-15,1,libsad_fusion_f128r2_b128r2_split_forward_split_backward_d6edb746ec.so,"[""-DSAD_RZZ_FORWARD_FUSED=0"", ""-DSAD_RZZ_BACKWARD_STRATEGY=0""]"
rzz-hea,22,8,split-forward_split-backward,optimized,f128r2_b128r2,8,7.584431,0.695704,26.503523,34.783658,-2.998561791480165,3.1086244689504383e-15,1.7763568394002505e-15,6.316785465686139e-15,1,libsad_fusion_f128r2_b128r2_split_forward_split_backward_d6edb746ec.so,"[""-DSAD_RZZ_FORWARD_FUSED=0"", ""-DSAD_RZZ_BACKWARD_STRATEGY=0""]"
