timestamp_utc,source_fingerprint,repetition,order,circuit,qubits,layers,precision,steps,warmup_steps,policy,kernel_variant,forward_phase_plan,backward_phase_plan,median_ms,forward_mean_ms,hamiltonian_mean_ms,backward_mean_ms,energy_abs_error_vs_best,gradient_max_abs_error_vs_best,correct,library
2026-08-17T11:18:07.858213+00:00,c08a443872232e8d,0,all_fixed-structure_selected-fully_selected,rzz-hea,20,8,float64,5,1,all_fixed,custom:libsad_all_fixed_9269b6c045e4.so,,,7.9837869999999995,1.9246573999999999,0.1541754,6.1313234,7.771561172376096e-16,1.5543122344752192e-15,1,sad/build/libsad_all_fixed_9269b6c045e4.so
2026-08-17T11:18:07.858316+00:00,c08a443872232e8d,0,all_fixed-structure_selected-fully_selected,rzz-hea,20,8,float64,5,1,structure_selected,f128r2_b128r2_d10,,,7.3475850000000005,1.525561,0.44684260000000003,5.5041702,1.1102230246251565e-16,8.881784197001252e-16,1,f128r2_b128r2_d10
2026-08-17T11:18:07.858335+00:00,c08a443872232e8d,0,all_fixed-structure_selected-fully_selected,rzz-hea,20,8,float64,5,1,fully_selected,f128r2_b128r2_d10,,,7.204276,1.5500787999999999,0.3997098,5.3346544,0.0,0.0,1,f128r2_b128r2_d10
2026-08-17T11:18:13.147647+00:00,c08a443872232e8d,0,structure_selected-fully_selected-all_fixed,su2-hea,26,8,float64,2,1,all_fixed,custom:libsad_all_fixed_9269b6c045e4.so,,,589.022429,138.9714795,10.084239499999999,439.96671,2.7755575615628914e-17,2.858824288409778e-15,1,sad/build/libsad_all_fixed_9269b6c045e4.so
2026-08-17T11:18:13.147738+00:00,c08a443872232e8d,0,structure_selected-fully_selected-all_fixed,su2-hea,26,8,float64,2,1,structure_selected,f128r2_b128r2,,,594.0464764999999,114.23085350000001,11.890879,467.924744,1.942890293094024e-16,2.858824288409778e-15,1,f128r2_b128r2
2026-08-17T11:18:13.147754+00:00,c08a443872232e8d,0,structure_selected-fully_selected-all_fixed,su2-hea,26,8,float64,2,1,fully_selected,f128r3_b64r4,,,537.427222,113.82442649999999,11.347754,412.2550415,0.0,0.0,1,f128r3_b64r4
2026-08-17T11:18:13.203291+00:00,c08a443872232e8d,0,fully_selected-all_fixed-structure_selected,xxz-hva,12,8,float64,10,1,all_fixed,custom:libsad_all_fixed_9269b6c045e4.so,,,1.066166,0.33820809999999996,0.0802097,0.7581002,2.7755575615628914e-16,4.475586568020162e-16,1,sad/build/libsad_all_fixed_9269b6c045e4.so
2026-08-17T11:18:13.203368+00:00,c08a443872232e8d,0,fully_selected-all_fixed-structure_selected,xxz-hva,12,8,float64,10,1,structure_selected,f128r2_b128r2,,,0.9932985000000001,0.2897823,0.057325799999999996,0.7272031999999999,1.249000902703301e-16,4.718447854656915e-16,1,f128r2_b128r2
2026-08-17T11:18:13.203384+00:00,c08a443872232e8d,0,fully_selected-all_fixed-structure_selected,xxz-hva,12,8,float64,10,1,fully_selected,f32r2_b32r2,,,0.575432,0.18374279999999998,0.018957199999999997,0.41338850000000005,0.0,0.0,1,f32r2_b32r2
2026-08-17T11:18:14.459884+00:00,c08a443872232e8d,0,all_fixed-structure_selected-fully_selected,qaoa,24,8,float64,3,1,all_fixed,custom:libsad_all_fixed_9269b6c045e4.so,,,110.20886499999999,28.679819,0.7093390000000002,80.234784,8.881784197001252e-15,9.414691248821327e-14,1,sad/build/libsad_all_fixed_9269b6c045e4.so
2026-08-17T11:18:14.459975+00:00,c08a443872232e8d,0,all_fixed-structure_selected-fully_selected,qaoa,24,8,float64,3,1,structure_selected,f128r2_b128r2,,,96.01,23.110796,0.701911,72.16546366666667,5.329070518200751e-15,4.884981308350689e-15,1,f128r2_b128r2
2026-08-17T11:18:14.459991+00:00,c08a443872232e8d,0,all_fixed-structure_selected-fully_selected,qaoa,24,8,float64,3,1,fully_selected,f128r2_b128r2,,,96.134631,23.130953666666667,0.7312286666666667,72.109779,0.0,0.0,1,f128r2_b128r2
2026-08-17T11:18:14.489014+00:00,c08a443872232e8d,0,structure_selected-fully_selected-all_fixed,su2-hea,16,8,float64,5,1,all_fixed,custom:libsad_all_fixed_9269b6c045e4.so,,,0.716768,0.1876166,0.018842800000000003,0.5085498,1.5959455978986625e-16,8.326672684688674e-17,1,sad/build/libsad_all_fixed_9269b6c045e4.so
2026-08-17T11:18:14.489081+00:00,c08a443872232e8d,0,structure_selected-fully_selected-all_fixed,su2-hea,16,8,float64,5,1,structure_selected,f128r2_b128r2,,,0.716817,0.18222220000000003,0.0188196,0.5160929999999999,1.8735013540549517e-16,8.500145032286355e-17,1,f128r2_b128r2
2026-08-17T11:18:14.489100+00:00,c08a443872232e8d,0,structure_selected-fully_selected-all_fixed,su2-hea,16,8,float64,5,1,fully_selected,f64r2_b64r2,,,0.659392,0.174021,0.018965,0.46658940000000004,0.0,0.0,1,f64r2_b64r2
2026-08-17T11:18:14.774921+00:00,c08a443872232e8d,0,fully_selected-all_fixed-structure_selected,qaoa,22,8,float64,3,1,all_fixed,custom:libsad_all_fixed_9269b6c045e4.so,,,24.615905,6.504579,0.12611766666666666,18.203331666666667,5.329070518200751e-15,5.861977570020827e-14,1,sad/build/libsad_all_fixed_9269b6c045e4.so
2026-08-17T11:18:14.775002+00:00,c08a443872232e8d,0,fully_selected-all_fixed-structure_selected,qaoa,22,8,float64,3,1,structure_selected,f128r2_b128r2,,,20.683093000000003,4.867627333333333,0.13006833333333334,16.041993,5.329070518200751e-15,8.881784197001252e-15,1,f128r2_b128r2
2026-08-17T11:18:14.775017+00:00,c08a443872232e8d,0,fully_selected-all_fixed-structure_selected,qaoa,22,8,float64,3,1,fully_selected,f128r2_b128r2,,,20.959966,5.258704333333333,0.13258466666666666,15.66799166666667,0.0,0.0,1,f128r2_b128r2
2026-08-17T11:18:17.784628+00:00,c08a443872232e8d,0,all_fixed-structure_selected-fully_selected,ra-hea,26,8,float64,2,1,all_fixed,custom:libsad_all_fixed_9269b6c045e4.so,,,491.5535035,114.27469749999999,10.5140125,366.7647935,1.3877787807814457e-16,8.1601392309949e-15,1,sad/build/libsad_all_fixed_9269b6c045e4.so
2026-08-17T11:18:17.784720+00:00,c08a443872232e8d,0,all_fixed-structure_selected-fully_selected,ra-hea,26,8,float64,2,1,structure_selected,f128r2_b128r2,,,272.880249,67.466312,4.653503499999999,200.7604335,5.551115123125783e-17,8.354428260304303e-15,1,f128r2_b128r2
2026-08-17T11:18:17.784737+00:00,c08a443872232e8d,0,all_fixed-structure_selected-fully_selected,ra-hea,26,8,float64,2,1,fully_selected,f64r4_b64r4,,,217.63259299999999,57.509828999999996,4.403716,155.719048,0.0,0.0,1,f64r4_b64r4
2026-08-17T11:18:17.819679+00:00,c08a443872232e8d,0,structure_selected-fully_selected-all_fixed,rzz-hea,4,8,float64,20,1,all_fixed,custom:libsad_all_fixed_9269b6c045e4.so,,,0.25489999999999996,0.0755813,0.019011249999999997,0.1593918,2.220446049250313e-16,1.3322676295501878e-15,1,sad/build/libsad_all_fixed_9269b6c045e4.so
2026-08-17T11:18:17.819759+00:00,c08a443872232e8d,0,structure_selected-fully_selected-all_fixed,rzz-hea,4,8,float64,20,1,structure_selected,f128r2_b128r2,,,0.20837999999999998,0.05087969999999999,0.0188707,0.13664849999999998,0.0,0.0,1,f128r2_b128r2
2026-08-17T11:18:17.819774+00:00,c08a443872232e8d,0,structure_selected-fully_selected-all_fixed,rzz-hea,4,8,float64,20,1,fully_selected,f32r2_b32r2,,,0.1659245,0.041800250000000004,0.0185222,0.10568925,0.0,0.0,1,f32r2_b32r2
2026-08-17T11:18:38.841823+00:00,c08a443872232e8d,0,fully_selected-all_fixed-structure_selected,su2-hea,28,8,float64,2,1,all_fixed,custom:libsad_all_fixed_9269b6c045e4.so,,,2477.12517,655.5384040000001,86.62855599999999,1734.9582099999998,6.938893903907228e-18,3.2057689836051395e-15,1,sad/build/libsad_all_fixed_9269b6c045e4.so
2026-08-17T11:18:38.841927+00:00,c08a443872232e8d,0,fully_selected-all_fixed-structure_selected,su2-hea,28,8,float64,2,1,structure_selected,f128r2_b128r2,,,2363.0177760000006,529.6498375000001,85.57669000000001,1747.7912485,2.0816681711721685e-17,3.1780134079895106e-15,1,f128r2_b128r2
2026-08-17T11:18:38.841947+00:00,c08a443872232e8d,0,fully_selected-all_fixed-structure_selected,su2-hea,28,8,float64,2,1,fully_selected,f128r3_b64r4,,,2160.7287770000003,483.5247415,90.1489005,1587.055135,0.0,0.0,1,f128r3_b64r4
2026-08-17T11:18:38.887186+00:00,c08a443872232e8d,0,all_fixed-structure_selected-fully_selected,xxz-hva,10,8,float64,10,1,all_fixed,custom:libsad_all_fixed_9269b6c045e4.so,,,0.91291,0.259313,0.0189978,0.6336063,2.7755575615628914e-17,8.326672684688674e-16,1,sad/build/libsad_all_fixed_9269b6c045e4.so
2026-08-17T11:18:38.887263+00:00,c08a443872232e8d,0,all_fixed-structure_selected-fully_selected,xxz-hva,10,8,float64,10,1,structure_selected,f128r2_b128r2,,,0.849921,0.22660000000000002,0.0186937,0.6049873,1.3877787807814457e-16,8.326672684688674e-16,1,f128r2_b128r2
2026-08-17T11:18:38.887278+00:00,c08a443872232e8d,0,all_fixed-structure_selected-fully_selected,xxz-hva,10,8,float64,10,1,fully_selected,f32r2_b32r2,,,0.5069300000000001,0.15353409999999998,0.0185605,0.33475520000000003,0.0,0.0,1,f32r2_b32r2
2026-08-17T11:18:39.053576+00:00,c08a443872232e8d,0,structure_selected-fully_selected-all_fixed,su2-hea,20,8,float64,5,1,all_fixed,custom:libsad_all_fixed_9269b6c045e4.so,,,6.230196,1.4822864,0.093106,4.876788599999999,2.7755575615628914e-17,1.1102230246251565e-16,1,sad/build/libsad_all_fixed_9269b6c045e4.so
2026-08-17T11:18:39.053667+00:00,c08a443872232e8d,0,structure_selected-fully_selected-all_fixed,su2-hea,20,8,float64,5,1,structure_selected,f128r2_b128r2,,,6.0744359999999995,1.3271419999999998,0.09309380000000002,4.7141462,0.0,1.249000902703301e-16,1,f128r2_b128r2
2026-08-17T11:18:39.053683+00:00,c08a443872232e8d,0,structure_selected-fully_selected-all_fixed,su2-hea,20,8,float64,5,1,fully_selected,f128r2_b128r2,,,6.077387,1.325509,0.092804,4.6580798,0.0,0.0,1,f128r2_b128r2
2026-08-17T11:18:39.136431+00:00,c08a443872232e8d,0,fully_selected-all_fixed-structure_selected,su2-hea,18,8,float64,5,1,all_fixed,custom:libsad_all_fixed_9269b6c045e4.so,,,1.8831,0.63929,0.0354972,1.4006064,4.163336342344337e-17,1.3877787807814457e-16,1,sad/build/libsad_all_fixed_9269b6c045e4.so
2026-08-17T11:18:39.136521+00:00,c08a443872232e8d,0,fully_selected-all_fixed-structure_selected,su2-hea,18,8,float64,5,1,structure_selected,f128r2_b128r2,,,1.852433,0.4132572,0.035339600000000006,1.4035672,5.551115123125783e-17,8.326672684688674e-17,1,f128r2_b128r2
2026-08-17T11:18:39.136537+00:00,c08a443872232e8d,0,fully_selected-all_fixed-structure_selected,su2-hea,18,8,float64,5,1,fully_selected,f128r2_b128r2,,,1.851442,0.41358439999999996,0.06319,1.4017434,0.0,0.0,1,f128r2_b128r2
2026-08-17T11:18:39.161908+00:00,c08a443872232e8d,0,all_fixed-structure_selected-fully_selected,su2-hea,8,8,float64,20,1,all_fixed,custom:libsad_all_fixed_9269b6c045e4.so,,,0.3175895,0.0851014,0.01870155,0.2144047,0.0,0.0,1,sad/build/libsad_all_fixed_9269b6c045e4.so
2026-08-17T11:18:39.161991+00:00,c08a443872232e8d,0,all_fixed-structure_selected-fully_selected,su2-hea,8,8,float64,20,1,structure_selected,f128r2_b128r2,,,0.3081675,0.0753943,0.01881885,0.21384435,0.0,0.0,1,f128r2_b128r2
2026-08-17T11:18:39.162006+00:00,c08a443872232e8d,0,all_fixed-structure_selected-fully_selected,su2-hea,8,8,float64,20,1,fully_selected,f64r2_b64r2,,,0.249901,0.0650558,0.01881675,0.168085,0.0,0.0,1,f64r2_b64r2
2026-08-17T11:18:39.191873+00:00,c08a443872232e8d,0,structure_selected-fully_selected-all_fixed,ra-hea,18,8,float64,5,1,all_fixed,custom:libsad_all_fixed_9269b6c045e4.so,,,1.569305,0.3803622,0.2278418,1.1529364,6.661338147750939e-16,1.942890293094024e-16,1,sad/build/libsad_all_fixed_9269b6c045e4.so
2026-08-17T11:18:39.191960+00:00,c08a443872232e8d,0,structure_selected-fully_selected-all_fixed,ra-hea,18,8,float64,5,1,structure_selected,f128r2_b128r2,,,1.0095290000000001,0.26754859999999997,0.0268178,0.7144385999999999,1.1102230246251565e-16,1.3877787807814457e-16,1,f128r2_b128r2
2026-08-17T11:18:39.191977+00:00,c08a443872232e8d,0,structure_selected-fully_selected-all_fixed,ra-hea,18,8,float64,5,1,fully_selected,f128r2_b128r2,,,1.0076759999999998,0.26708899999999997,0.026868999999999997,0.7146376000000001,0.0,0.0,1,f128r2_b128r2
2026-08-17T11:18:58.309679+00:00,c08a443872232e8d,0,fully_selected-all_fixed-structure_selected,qaoa,28,8,float64,2,1,all_fixed,custom:libsad_all_fixed_9269b6c045e4.so,,,2410.4327350000003,686.2674485,12.214255,1711.9510315,1.2434497875801753e-14,1.8536283619141614e-12,1,sad/build/libsad_all_fixed_9269b6c045e4.so
2026-08-17T11:18:58.309775+00:00,c08a443872232e8d,0,fully_selected-all_fixed-structure_selected,qaoa,28,8,float64,2,1,structure_selected,f128r2_b128r2,,,2141.75154,568.3150945,11.2705965,1562.165849,1.7763568394002505e-15,1.84385839929746e-12,1,f128r2_b128r2
2026-08-17T11:18:58.309792+00:00,c08a443872232e8d,0,fully_selected-all_fixed-structure_selected,qaoa,28,8,float64,2,1,fully_selected,f64r4_b128r3,,,1785.6734115,478.4936985,11.755259500000001,1295.4244534999998,0.0,0.0,1,f64r4_b128r3
2026-08-17T11:19:03.938320+00:00,c08a443872232e8d,0,all_fixed-structure_selected-fully_selected,rzz-hea,26,8,float64,2,1,all_fixed,custom:libsad_all_fixed_9269b6c045e4.so,,,657.273163,170.58210699999998,10.735766,475.95529000000005,1.7763568394002505e-15,1.8207657603852567e-14,1,sad/build/libsad_all_fixed_9269b6c045e4.so
2026-08-17T11:19:03.938414+00:00,c08a443872232e8d,0,all_fixed-structure_selected-fully_selected,rzz-hea,26,8,float64,2,1,structure_selected,f128r2_b128r2,,,622.5772924999999,128.54617699999997,10.130455999999999,483.9006595,1.3322676295501878e-15,1.865174681370263e-14,1,f128r2_b128r2
2026-08-17T11:19:03.938431+00:00,c08a443872232e8d,0,all_fixed-structure_selected-fully_selected,rzz-hea,26,8,float64,2,1,fully_selected,f128r2_b128r3,,,592.57173,136.26349199999999,11.432107,444.876131,0.0,0.0,1,f128r2_b128r3
2026-08-17T11:19:03.974056+00:00,c08a443872232e8d,0,structure_selected-fully_selected-all_fixed,su2-hea,4,8,float64,20,1,all_fixed,custom:libsad_all_fixed_9269b6c045e4.so,,,0.212332,0.07197055000000001,0.03212885,0.13726855,0.0,9.992007221626409e-16,1,sad/build/libsad_all_fixed_9269b6c045e4.so
2026-08-17T11:19:03.974141+00:00,c08a443872232e8d,0,structure_selected-fully_selected-all_fixed,su2-hea,4,8,float64,20,1,structure_selected,f128r2_b128r2,,,0.18732649999999998,0.042517400000000004,0.018835499999999998,0.12620789999999998,0.0,0.0,1,f128r2_b128r2
2026-08-17T11:19:03.974158+00:00,c08a443872232e8d,0,structure_selected-fully_selected-all_fixed,su2-hea,4,8,float64,20,1,fully_selected,f32r2_b32r2,,,0.14031999999999997,0.05027544999999999,0.032497,0.0931049,0.0,0.0,1,f32r2_b32r2
2026-08-17T11:19:04.408644+00:00,c08a443872232e8d,0,fully_selected-all_fixed-structure_selected,su2-hea,22,8,float64,3,1,all_fixed,custom:libsad_all_fixed_9269b6c045e4.so,,,33.804452,7.021327,0.4729089999999999,25.714659333333334,6.938893903907228e-18,3.3306690738754696e-16,1,sad/build/libsad_all_fixed_9269b6c045e4.so
2026-08-17T11:19:04.408740+00:00,c08a443872232e8d,0,fully_selected-all_fixed-structure_selected,su2-hea,22,8,float64,3,1,structure_selected,f128r2_b128r2,,,32.89573,6.119631333333333,0.5437143333333333,26.076429,3.469446951953614e-18,3.3306690738754696e-16,1,f128r2_b128r2
2026-08-17T11:19:04.408757+00:00,c08a443872232e8d,0,fully_selected-all_fixed-structure_selected,su2-hea,22,8,float64,3,1,fully_selected,f128r2_b64r4,,,30.028616,5.648942000000001,0.6105896666666667,23.760646,0.0,0.0,1,f128r2_b64r4
2026-08-17T11:19:04.431368+00:00,c08a443872232e8d,0,all_fixed-structure_selected-fully_selected,su2-hea,10,8,float64,10,1,all_fixed,custom:libsad_all_fixed_9269b6c045e4.so,,,0.45315649999999996,0.133705,0.048872000000000006,0.30157510000000004,1.734723475976807e-16,4.85722573273506e-16,1,sad/build/libsad_all_fixed_9269b6c045e4.so
2026-08-17T11:19:04.431457+00:00,c08a443872232e8d,0,all_fixed-structure_selected-fully_selected,su2-hea,10,8,float64,10,1,structure_selected,f128r2_b128r2,,,0.44729800000000003,0.1378079,0.018817,0.29104240000000003,1.1102230246251565e-16,3.365363543395006e-16,1,f128r2_b128r2
2026-08-17T11:19:04.431474+00:00,c08a443872232e8d,0,all_fixed-structure_selected-fully_selected,su2-hea,10,8,float64,10,1,fully_selected,f32r2_b32r2,compact:L4R0W0-L5R1W0,compact:L2R2W0-L4R2W0,0.31981499999999996,0.19582670000000002,0.0686289,0.2230933,0.0,0.0,1,f32r2_b32r2
2026-08-17T11:19:04.448748+00:00,c08a443872232e8d,0,structure_selected-fully_selected-all_fixed,qaoa,16,8,float64,5,1,all_fixed,custom:libsad_all_fixed_9269b6c045e4.so,,,0.5974170000000001,0.192184,0.0186654,0.3866818,3.552713678800501e-15,1.509903313490213e-14,1,sad/build/libsad_all_fixed_9269b6c045e4.so
2026-08-17T11:19:04.448830+00:00,c08a443872232e8d,0,structure_selected-fully_selected-all_fixed,qaoa,16,8,float64,5,1,structure_selected,f128r2_b128r2,,,0.5415190000000001,0.1652674,0.0189288,0.3574116,5.329070518200751e-15,9.769962616701378e-15,1,f128r2_b128r2
2026-08-17T11:19:04.448846+00:00,c08a443872232e8d,0,structure_selected-fully_selected-all_fixed,qaoa,16,8,float64,5,1,fully_selected,f64r2_b64r2,,,0.5130460000000001,0.20540540000000002,0.05364560000000001,0.35926600000000003,0.0,0.0,1,f64r2_b64r2
2026-08-17T11:19:08.290604+00:00,c08a443872232e8d,0,fully_selected-all_fixed-structure_selected,xxz-hva,24,8,float64,3,1,all_fixed,custom:libsad_all_fixed_9269b6c045e4.so,,,330.18721400000004,73.33845966666668,1.696143,255.014042,5.551115123125783e-17,1.6514567491299204e-15,1,sad/build/libsad_all_fixed_9269b6c045e4.so
2026-08-17T11:19:08.290700+00:00,c08a443872232e8d,0,fully_selected-all_fixed-structure_selected,xxz-hva,24,8,float64,3,1,structure_selected,f128r2_b128r2,,,311.14736500000004,65.19775466666667,1.5708283333333333,241.102552,5.551115123125783e-17,1.5751289161869408e-15,1,f128r2_b128r2
2026-08-17T11:19:08.290718+00:00,c08a443872232e8d,0,fully_selected-all_fixed-structure_selected,xxz-hva,24,8,float64,3,1,fully_selected,f128r3_b32r3,,,300.945676,69.29463299999999,1.6079166666666667,229.76580033333335,0.0,0.0,1,f128r3_b32r3
2026-08-17T11:19:08.384571+00:00,c08a443872232e8d,0,all_fixed-structure_selected-fully_selected,xxz-hva,18,8,float64,5,1,all_fixed,custom:libsad_all_fixed_9269b6c045e4.so,,,4.442016,1.1445942000000002,0.0356588,3.2640172,4.85722573273506e-17,2.3592239273284576e-16,1,sad/build/libsad_all_fixed_9269b6c045e4.so
2026-08-17T11:19:08.384667+00:00,c08a443872232e8d,0,all_fixed-structure_selected-fully_selected,xxz-hva,18,8,float64,5,1,structure_selected,f128r2_b128r2,,,4.234186,1.0480842,0.07805219999999999,3.1500622,6.938893903907228e-17,2.2898349882893854e-16,1,f128r2_b128r2
2026-08-17T11:19:08.384685+00:00,c08a443872232e8d,0,all_fixed-structure_selected-fully_selected,xxz-hva,18,8,float64,5,1,fully_selected,f32r2_b32r2,,,3.8829140000000004,1.0305309999999999,0.2607688,3.0530408,0.0,0.0,1,f32r2_b32r2
2026-08-17T11:19:08.424080+00:00,c08a443872232e8d,0,structure_selected-fully_selected-all_fixed,qaoa,18,8,float64,5,1,all_fixed,custom:libsad_all_fixed_9269b6c045e4.so,,,1.6168440000000002,0.4786224,0.0191512,1.1196560000000002,3.552713678800501e-15,5.3290705182007514e-14,1,sad/build/libsad_all_fixed_9269b6c045e4.so
2026-08-17T11:19:08.424168+00:00,c08a443872232e8d,0,structure_selected-fully_selected-all_fixed,qaoa,18,8,float64,5,1,structure_selected,f128r2_b128r2,,,1.4341359999999999,0.385147,0.0192314,1.0297834,3.552713678800501e-15,5.240252676230739e-14,1,f128r2_b128r2
2026-08-17T11:19:08.424186+00:00,c08a443872232e8d,0,structure_selected-fully_selected-all_fixed,qaoa,18,8,float64,5,1,fully_selected,f128r2_b32r2,,,1.3608369999999999,0.3844742,0.21149420000000002,0.9567608000000001,0.0,0.0,1,f128r2_b32r2
2026-08-17T11:19:08.440537+00:00,c08a443872232e8d,0,fully_selected-all_fixed-structure_selected,ra-hea,6,8,float64,20,1,all_fixed,custom:libsad_all_fixed_9269b6c045e4.so,,,0.21494449999999998,0.05816415,0.018959,0.13685365,0.0,1.1102230246251565e-16,1,sad/build/libsad_all_fixed_9269b6c045e4.so
2026-08-17T11:19:08.440623+00:00,c08a443872232e8d,0,fully_selected-all_fixed-structure_selected,ra-hea,6,8,float64,20,1,structure_selected,f128r2_b128r2,,,0.157434,0.044010549999999996,0.01881495,0.09219745,0.0,0.0,1,f128r2_b128r2
2026-08-17T11:19:08.440638+00:00,c08a443872232e8d,0,fully_selected-all_fixed-structure_selected,ra-hea,6,8,float64,20,1,fully_selected,f32r2_b32r2,,,0.119527,0.0378245,0.01894305,0.0634026,0.0,0.0,1,f32r2_b32r2
2026-08-17T11:19:08.463979+00:00,c08a443872232e8d,0,all_fixed-structure_selected-fully_selected,rzz-hea,6,8,float64,20,1,all_fixed,custom:libsad_all_fixed_9269b6c045e4.so,,,0.307227,0.08684705000000001,0.018865700000000003,0.20176015000000003,1.1102230246251565e-15,1.0547118733938987e-15,1,sad/build/libsad_all_fixed_9269b6c045e4.so
2026-08-17T11:19:08.464072+00:00,c08a443872232e8d,0,all_fixed-structure_selected-fully_selected,rzz-hea,6,8,float64,20,1,structure_selected,f128r2_b128r2,,,0.261575,0.06618085,0.01884795,0.1757875,0.0,0.0,1,f128r2_b128r2
2026-08-17T11:19:08.464088+00:00,c08a443872232e8d,0,all_fixed-structure_selected-fully_selected,rzz-hea,6,8,float64,20,1,fully_selected,f32r2_b32r2,,,0.213882,0.062089000000000005,0.018981449999999997,0.1398396,0.0,0.0,1,f32r2_b32r2
2026-08-17T11:19:08.480624+00:00,c08a443872232e8d,0,structure_selected-fully_selected-all_fixed,qaoa,4,8,float64,20,1,all_fixed,custom:libsad_all_fixed_9269b6c045e4.so,,,0.18924950000000001,0.06436835,0.01819595,0.10608485,2.220446049250313e-15,6.217248937900877e-15,1,sad/build/libsad_all_fixed_9269b6c045e4.so
2026-08-17T11:19:08.480716+00:00,c08a443872232e8d,0,structure_selected-fully_selected-all_fixed,qaoa,4,8,float64,20,1,structure_selected,f128r2_b128r2,,,0.15578250000000002,0.043628799999999995,0.0188156,0.0934236,0.0,0.0,1,f128r2_b128r2
2026-08-17T11:19:08.480732+00:00,c08a443872232e8d,0,structure_selected-fully_selected-all_fixed,qaoa,4,8,float64,20,1,fully_selected,f32r2_b32r2,,,0.1166785,0.037195549999999994,0.018386,0.06095925,0.0,0.0,1,f32r2_b32r2
2026-08-17T11:19:12.604211+00:00,c08a443872232e8d,0,fully_selected-all_fixed-structure_selected,qaoa,26,8,float64,2,1,all_fixed,custom:libsad_all_fixed_9269b6c045e4.so,,,499.1426465,138.927095,2.9846105,357.230941,5.329070518200751e-15,1.2327916465437738e-12,1,sad/build/libsad_all_fixed_9269b6c045e4.so
2026-08-17T11:19:12.604306+00:00,c08a443872232e8d,0,fully_selected-all_fixed-structure_selected,qaoa,26,8,float64,2,1,structure_selected,f128r2_b128r2,,,458.40756100000004,114.399186,2.9824405,341.0259345,7.105427357601002e-15,1.2327916465437738e-12,1,f128r2_b128r2
2026-08-17T11:19:12.604322+00:00,c08a443872232e8d,0,fully_selected-all_fixed-structure_selected,qaoa,26,8,float64,2,1,fully_selected,f128r2_b128r3,,,404.2835005,107.1953265,3.32263,293.765544,0.0,0.0,1,f128r2_b128r3
2026-08-17T11:19:12.652335+00:00,c08a443872232e8d,0,all_fixed-structure_selected-fully_selected,xxz-hva,6,8,float64,20,1,all_fixed,custom:libsad_all_fixed_9269b6c045e4.so,,,0.2980325,0.0819899,0.0189054,0.1981311,0.0,0.0,1,sad/build/libsad_all_fixed_9269b6c045e4.so
2026-08-17T11:19:12.652424+00:00,c08a443872232e8d,0,all_fixed-structure_selected-fully_selected,xxz-hva,6,8,float64,20,1,structure_selected,f128r2_b128r2_xsep,,,0.295926,0.0801218,0.018872299999999998,0.19672835,0.0,0.0,1,f128r2_b128r2_xsep
2026-08-17T11:19:12.652441+00:00,c08a443872232e8d,0,all_fixed-structure_selected-fully_selected,xxz-hva,6,8,float64,20,1,fully_selected,f32r2_b32r2_xsep,,,0.24876949999999998,0.08053914999999999,0.0259729,0.15568330000000002,0.0,0.0,1,f32r2_b32r2_xsep
2026-08-17T11:19:14.202377+00:00,c08a443872232e8d,0,structure_selected-fully_selected-all_fixed,su2-hea,24,8,float64,3,1,all_fixed,custom:libsad_all_fixed_9269b6c045e4.so,,,132.475423,32.716246999999996,1.7444846666666667,98.23890433333334,4.163336342344337e-17,2.1094237467877974e-15,1,sad/build/libsad_all_fixed_9269b6c045e4.so
2026-08-17T11:19:14.202464+00:00,c08a443872232e8d,0,structure_selected-fully_selected-all_fixed,su2-hea,24,8,float64,3,1,structure_selected,f128r2_b128r2,,,125.785648,23.182655999999998,1.7216546666666666,100.90328166666666,4.163336342344337e-17,2.1510571102112408e-15,1,f128r2_b128r2
2026-08-17T11:19:14.202480+00:00,c08a443872232e8d,0,structure_selected-fully_selected-all_fixed,su2-hea,24,8,float64,3,1,fully_selected,f128r2_b64r4,,,115.117401,23.61512833333333,1.7312550000000002,89.47884233333332,0.0,0.0,1,f128r2_b64r4
2026-08-17T11:19:14.228891+00:00,c08a443872232e8d,0,fully_selected-all_fixed-structure_selected,su2-hea,12,8,float64,10,1,all_fixed,custom:libsad_all_fixed_9269b6c045e4.so,,,0.5027829999999999,0.1452999,0.0187067,0.33963750000000004,1.6653345369377348e-16,8.326672684688674e-17,1,sad/build/libsad_all_fixed_9269b6c045e4.so
2026-08-17T11:19:14.228955+00:00,c08a443872232e8d,0,fully_selected-all_fixed-structure_selected,su2-hea,12,8,float64,10,1,structure_selected,f128r2_b128r2,,,0.499512,0.1413513,0.019229800000000002,0.33898480000000003,5.551115123125783e-17,8.326672684688674e-17,1,f128r2_b128r2
2026-08-17T11:19:14.228971+00:00,c08a443872232e8d,0,fully_selected-all_fixed-structure_selected,su2-hea,12,8,float64,10,1,fully_selected,f32r2_b32r2,,,0.3853375,0.1161778,0.0189861,0.25031210000000004,0.0,0.0,1,f32r2_b32r2
2026-08-17T11:19:14.539402+00:00,c08a443872232e8d,0,all_fixed-structure_selected-fully_selected,xxz-hva,20,8,float64,5,1,all_fixed,custom:libsad_all_fixed_9269b6c045e4.so,,,16.580288,3.8484818,0.13751280000000002,12.933705400000001,6.678685382510707e-17,2.498001805406602e-16,1,sad/build/libsad_all_fixed_9269b6c045e4.so
2026-08-17T11:19:14.539493+00:00,c08a443872232e8d,0,all_fixed-structure_selected-fully_selected,xxz-hva,20,8,float64,5,1,structure_selected,f128r2_b128r2,,,16.693303999999998,3.7465112,0.218045,12.9619022,3.2959746043559335e-17,9.71445146547012e-17,1,f128r2_b128r2
2026-08-17T11:19:14.539509+00:00,c08a443872232e8d,0,all_fixed-structure_selected-fully_selected,xxz-hva,20,8,float64,5,1,fully_selected,f128r2_b128r2,,,16.229774,3.6154846,0.0926854,12.548274000000001,0.0,0.0,1,f128r2_b128r2
2026-08-17T11:19:14.581125+00:00,c08a443872232e8d,0,structure_selected-fully_selected-all_fixed,xxz-hva,14,8,float64,10,1,all_fixed,custom:libsad_all_fixed_9269b6c045e4.so,,,1.2388045000000003,0.34564029999999996,0.0322792,0.8738848,3.226585665316861e-16,3.8163916471489756e-16,1,sad/build/libsad_all_fixed_9269b6c045e4.so
2026-08-17T11:19:14.581216+00:00,c08a443872232e8d,0,structure_selected-fully_selected-all_fixed,xxz-hva,14,8,float64,10,1,structure_selected,f128r2_b128r2,,,1.155553,0.3970823,0.018905,0.8343824999999999,5.551115123125783e-17,2.3592239273284576e-16,1,f128r2_b128r2
2026-08-17T11:19:14.581235+00:00,c08a443872232e8d,0,structure_selected-fully_selected-all_fixed,xxz-hva,14,8,float64,10,1,fully_selected,f32r2_b32r2,,,0.736891,0.22886769999999998,0.018363300000000003,0.48947690000000005,0.0,0.0,1,f32r2_b32r2
2026-08-17T11:19:14.599563+00:00,c08a443872232e8d,0,fully_selected-all_fixed-structure_selected,ra-hea,14,8,float64,10,1,all_fixed,custom:libsad_all_fixed_9269b6c045e4.so,,,0.478001,0.1385135,0.018863,0.319549,2.7755575615628914e-17,1.6653345369377348e-16,1,sad/build/libsad_all_fixed_9269b6c045e4.so
2026-08-17T11:19:14.599635+00:00,c08a443872232e8d,0,fully_selected-all_fixed-structure_selected,ra-hea,14,8,float64,10,1,structure_selected,f128r2_b128r2,,,0.37673899999999994,0.1223347,0.0188884,0.2357567,1.1102230246251565e-16,1.6653345369377348e-16,1,f128r2_b128r2
2026-08-17T11:19:14.599649+00:00,c08a443872232e8d,0,fully_selected-all_fixed-structure_selected,ra-hea,14,8,float64,10,1,fully_selected,f32r2_b32r2,,,0.2807265,0.09911150000000002,0.0188747,0.1629644,0.0,0.0,1,f32r2_b32r2
2026-08-17T11:19:14.618867+00:00,c08a443872232e8d,0,all_fixed-structure_selected-fully_selected,su2-hea,6,8,float64,20,1,all_fixed,custom:libsad_all_fixed_9269b6c045e4.so,,,0.254794,0.0700086,0.018850400000000003,0.1660317,0.0,1.8041124150158794e-16,1,sad/build/libsad_all_fixed_9269b6c045e4.so
2026-08-17T11:19:14.618940+00:00,c08a443872232e8d,0,all_fixed-structure_selected-fully_selected,su2-hea,6,8,float64,20,1,structure_selected,f128r2_b128r2,,,0.234992,0.0548292,0.018762050000000002,0.1612334,0.0,0.0,1,f128r2_b128r2
2026-08-17T11:19:14.618955+00:00,c08a443872232e8d,0,all_fixed-structure_selected-fully_selected,su2-hea,6,8,float64,20,1,fully_selected,f32r2_b32r2,,,0.18327,0.0453643,0.0188103,0.11717994999999999,0.0,0.0,1,f32r2_b32r2
2026-08-17T11:19:14.633213+00:00,c08a443872232e8d,0,structure_selected-fully_selected-all_fixed,ra-hea,4,8,float64,20,1,all_fixed,custom:libsad_all_fixed_9269b6c045e4.so,,,0.173081,0.04904990000000001,0.018657899999999998,0.15308155,0.0,0.0,1,sad/build/libsad_all_fixed_9269b6c045e4.so
2026-08-17T11:19:14.633276+00:00,c08a443872232e8d,0,structure_selected-fully_selected-all_fixed,ra-hea,4,8,float64,20,1,structure_selected,f128r2_b128r2,,,0.12498100000000002,0.03711025,0.018474,0.06978229999999999,0.0,0.0,1,f128r2_b128r2
2026-08-17T11:19:14.633291+00:00,c08a443872232e8d,0,structure_selected-fully_selected-all_fixed,ra-hea,4,8,float64,20,1,fully_selected,f32r2_b32r2,,,0.103449,0.031608250000000004,0.0184284,0.0534644,0.0,0.0,1,f32r2_b32r2
2026-08-17T11:19:15.488453+00:00,c08a443872232e8d,0,fully_selected-all_fixed-structure_selected,xxz-hva,22,8,float64,3,1,all_fixed,custom:libsad_all_fixed_9269b6c045e4.so,,,76.35945,17.284367,0.4371353333333333,57.89775233333333,5.551115123125783e-17,1.3600232051658168e-15,1,sad/build/libsad_all_fixed_9269b6c045e4.so
2026-08-17T11:19:15.488542+00:00,c08a443872232e8d,0,fully_selected-all_fixed-structure_selected,xxz-hva,22,8,float64,3,1,structure_selected,f128r2_b128r2,,,71.35210599999999,16.016885,0.35732800000000003,54.62054933333333,1.3877787807814457e-17,1.1796119636642288e-15,1,f128r2_b128r2
2026-08-17T11:19:15.488560+00:00,c08a443872232e8d,0,fully_selected-all_fixed-structure_selected,xxz-hva,22,8,float64,3,1,fully_selected,f128r3_b32r3,,,62.77995,14.202621666666667,0.356453,48.24383533333334,0.0,0.0,1,f128r3_b32r3
2026-08-17T11:19:15.505087+00:00,c08a443872232e8d,0,all_fixed-structure_selected-fully_selected,qaoa,10,8,float64,10,1,all_fixed,custom:libsad_all_fixed_9269b6c045e4.so,,,0.39093,0.13264789999999999,0.018784199999999997,0.23937759999999997,2.6645352591003757e-15,1.5543122344752192e-15,1,sad/build/libsad_all_fixed_9269b6c045e4.so
2026-08-17T11:19:15.505156+00:00,c08a443872232e8d,0,all_fixed-structure_selected-fully_selected,qaoa,10,8,float64,10,1,structure_selected,f128r2_b128r2,,,0.35848,0.11329289999999999,0.0185931,0.2264845,0.0,1.7763568394002505e-15,1,f128r2_b128r2
2026-08-17T11:19:15.505172+00:00,c08a443872232e8d,0,all_fixed-structure_selected-fully_selected,qaoa,10,8,float64,10,1,fully_selected,f32r2_b32r2,compact:L2R2W0-L4R2W0,compact:L4R2W0-L2R2W0,0.2508245,0.0872332,0.018578499999999998,0.14492929999999998,0.0,0.0,1,f32r2_b32r2
2026-08-17T11:19:41.679852+00:00,c08a443872232e8d,0,structure_selected-fully_selected-all_fixed,rzz-hea,28,8,float64,2,1,all_fixed,custom:libsad_all_fixed_9269b6c045e4.so,,,3179.998008,837.7682905,97.87667450000001,2244.353043,5.551115123125783e-17,4.163336342344337e-14,1,sad/build/libsad_all_fixed_9269b6c045e4.so
2026-08-17T11:19:41.679945+00:00,c08a443872232e8d,0,structure_selected-fully_selected-all_fixed,rzz-hea,28,8,float64,2,1,structure_selected,f128r2_b128r2,,,2832.4832450000004,617.787159,87.607758,2127.0883280000003,8.326672684688674e-17,4.196643033083092e-14,1,f128r2_b128r2
2026-08-17T11:19:41.679963+00:00,c08a443872232e8d,0,structure_selected-fully_selected-all_fixed,rzz-hea,28,8,float64,2,1,fully_selected,f64r4_b128r3,,,2678.2204005,650.844731,100.1885725,1927.187097,0.0,0.0,1,f64r4_b128r3
2026-08-17T11:19:41.718965+00:00,c08a443872232e8d,0,fully_selected-all_fixed-structure_selected,ra-hea,16,8,float64,5,1,all_fixed,custom:libsad_all_fixed_9269b6c045e4.so,,,0.782577,0.21001739999999997,0.16753079999999998,0.4056298,2.7755575615628914e-17,2.220446049250313e-16,1,sad/build/libsad_all_fixed_9269b6c045e4.so
2026-08-17T11:19:41.719044+00:00,c08a443872232e8d,0,fully_selected-all_fixed-structure_selected,ra-hea,16,8,float64,5,1,structure_selected,f128r2_b128r2,,,0.432164,0.21348,0.0654248,0.27686619999999995,1.3877787807814457e-16,2.7755575615628914e-16,1,f128r2_b128r2
2026-08-17T11:19:41.719060+00:00,c08a443872232e8d,0,fully_selected-all_fixed-structure_selected,ra-hea,16,8,float64,5,1,fully_selected,f64r2_b64r2,,,0.40244599999999997,0.13052879999999997,0.0190244,0.2530546,0.0,0.0,1,f64r2_b64r2
2026-08-17T11:19:41.765268+00:00,c08a443872232e8d,0,all_fixed-structure_selected-fully_selected,rzz-hea,14,8,float64,10,1,all_fixed,custom:libsad_all_fixed_9269b6c045e4.so,,,0.6645695,0.3563061,0.0190525,0.45839030000000003,2.7755575615628914e-16,5.551115123125783e-16,1,sad/build/libsad_all_fixed_9269b6c045e4.so
2026-08-17T11:19:41.765340+00:00,c08a443872232e8d,0,all_fixed-structure_selected-fully_selected,rzz-hea,14,8,float64,10,1,structure_selected,f128r2_b128r2,,,0.6354489999999999,0.23990309999999998,0.0320712,0.4268604,2.7755575615628914e-16,6.661338147750939e-16,1,f128r2_b128r2
2026-08-17T11:19:41.765356+00:00,c08a443872232e8d,0,all_fixed-structure_selected-fully_selected,rzz-hea,14,8,float64,10,1,fully_selected,f32r2_b32r2,,,0.5437460000000001,0.279404,0.0328821,0.34426179999999995,0.0,0.0,1,f32r2_b32r2
2026-08-17T11:19:41.806325+00:00,c08a443872232e8d,0,structure_selected-fully_selected-all_fixed,rzz-hea,12,8,float64,10,1,all_fixed,custom:libsad_all_fixed_9269b6c045e4.so,,,0.599085,0.19530989999999998,0.0369218,0.4194258,1.1102230246251565e-16,7.771561172376096e-16,1,sad/build/libsad_all_fixed_9269b6c045e4.so
2026-08-17T11:19:41.806405+00:00,c08a443872232e8d,0,structure_selected-fully_selected-all_fixed,rzz-hea,12,8,float64,10,1,structure_selected,f128r2_b128r2,,,0.5460375000000001,0.1726632,0.0188937,0.3546001,0.0,3.3306690738754696e-16,1,f128r2_b128r2
2026-08-17T11:19:41.806420+00:00,c08a443872232e8d,0,structure_selected-fully_selected-all_fixed,rzz-hea,12,8,float64,10,1,fully_selected,f32r2_b32r2,,,0.4166055,0.1471562,0.0187228,0.2623044,0.0,0.0,1,f32r2_b32r2
2026-08-17T11:19:41.845291+00:00,c08a443872232e8d,0,fully_selected-all_fixed-structure_selected,su2-hea,14,8,float64,10,1,all_fixed,custom:libsad_all_fixed_9269b6c045e4.so,,,0.5677584999999999,0.27970090000000003,0.0327802,0.3908503,8.326672684688674e-17,1.1449174941446927e-16,1,sad/build/libsad_all_fixed_9269b6c045e4.so
2026-08-17T11:19:41.845377+00:00,c08a443872232e8d,0,fully_selected-all_fixed-structure_selected,su2-hea,14,8,float64,10,1,structure_selected,f128r2_b128r2,,,0.5673680000000001,0.2218431,0.0471046,0.4024365,1.1102230246251565e-16,1.2836953722228372e-16,1,f128r2_b128r2
2026-08-17T11:19:41.845393+00:00,c08a443872232e8d,0,fully_selected-all_fixed-structure_selected,su2-hea,14,8,float64,10,1,fully_selected,f32r2_b32r2,,,0.408578,0.1242963,0.0188159,0.26593199999999995,0.0,0.0,1,f32r2_b32r2
2026-08-17T11:19:41.879024+00:00,c08a443872232e8d,0,all_fixed-structure_selected-fully_selected,xxz-hva,4,8,float64,20,1,all_fixed,custom:libsad_all_fixed_9269b6c045e4.so,,,0.210055,0.060922449999999996,0.01819405,0.13142905000000002,0.0,2.220446049250313e-16,1,sad/build/libsad_all_fixed_9269b6c045e4.so
2026-08-17T11:19:41.879101+00:00,c08a443872232e8d,0,all_fixed-structure_selected-fully_selected,xxz-hva,4,8,float64,20,1,structure_selected,f128r2_b128r2,,,0.2070765,0.0603721,0.018699900000000002,0.12819925,0.0,0.0,1,f128r2_b128r2
2026-08-17T11:19:41.879117+00:00,c08a443872232e8d,0,all_fixed-structure_selected-fully_selected,xxz-hva,4,8,float64,20,1,fully_selected,f32r2_b32r2,,,0.179603,0.06494825000000001,0.03045615,0.10442610000000001,0.0,0.0,1,f32r2_b32r2
2026-08-17T11:20:34.433449+00:00,c08a443872232e8d,0,structure_selected-fully_selected-all_fixed,xxz-hva,28,8,float64,2,1,all_fixed,custom:libsad_all_fixed_9269b6c045e4.so,,,6218.6335535,1428.4684630000002,45.610335500000005,4744.554755,1.3183898417423734e-16,7.896461262646426e-15,1,sad/build/libsad_all_fixed_9269b6c045e4.so
2026-08-17T11:20:34.433539+00:00,c08a443872232e8d,0,structure_selected-fully_selected-all_fixed,xxz-hva,28,8,float64,2,1,structure_selected,f128r2_b128r2,,,6112.7876545,1364.3852335000001,45.0658515,4703.3365695,5.551115123125783e-17,5.7870375158586285e-15,1,f128r2_b128r2
2026-08-17T11:20:34.433556+00:00,c08a443872232e8d,0,structure_selected-fully_selected-all_fixed,xxz-hva,28,8,float64,2,1,fully_selected,f128r3_b32r3,,,5154.0602125,1190.8232065000002,40.089217,3923.1477889999996,0.0,0.0,1,f128r3_b32r3
2026-08-17T11:20:34.478949+00:00,c08a443872232e8d,0,fully_selected-all_fixed-structure_selected,rzz-hea,10,8,float64,10,1,all_fixed,custom:libsad_all_fixed_9269b6c045e4.so,,,0.5251875,0.156628,0.018671200000000002,0.34966850000000005,0.0,1.1102230246251565e-15,1,sad/build/libsad_all_fixed_9269b6c045e4.so
2026-08-17T11:20:34.479027+00:00,c08a443872232e8d,0,fully_selected-all_fixed-structure_selected,rzz-hea,10,8,float64,10,1,structure_selected,f128r2_b128r2_d6,,,0.47429649999999995,0.1503025,0.018856299999999996,0.3047223,4.440892098500626e-16,5.551115123125783e-16,1,f128r2_b128r2_d6
2026-08-17T11:20:34.479043+00:00,c08a443872232e8d,0,fully_selected-all_fixed-structure_selected,rzz-hea,10,8,float64,10,1,fully_selected,f32r2_b32r2_d6,compact:L2R2W0-L4R2W0,compact:L4R2W0-L2R2W0,0.36072550000000003,0.1585272,0.0459817,0.22275179999999997,0.0,0.0,1,f32r2_b32r2_d6
2026-08-17T11:20:34.525438+00:00,c08a443872232e8d,0,all_fixed-structure_selected-fully_selected,rzz-hea,8,8,float64,20,1,all_fixed,custom:libsad_all_fixed_9269b6c045e4.so,,,0.3972255,0.11966605,0.0819533,0.26682085000000005,2.7755575615628914e-17,5.551115123125783e-16,1,sad/build/libsad_all_fixed_9269b6c045e4.so
2026-08-17T11:20:34.525518+00:00,c08a443872232e8d,0,all_fixed-structure_selected-fully_selected,rzz-hea,8,8,float64,20,1,structure_selected,f128r2_b128r2,,,0.3368465,0.10693104999999999,0.0301956,0.22021164999999998,0.0,1.1102230246251565e-16,1,f128r2_b128r2
2026-08-17T11:20:34.525534+00:00,c08a443872232e8d,0,all_fixed-structure_selected-fully_selected,rzz-hea,8,8,float64,20,1,fully_selected,f64r2_b64r2,,,0.2852485,0.0940541,0.0188482,0.17886255,0.0,0.0,1,f64r2_b64r2
2026-08-17T11:20:36.391750+00:00,c08a443872232e8d,0,structure_selected-fully_selected-all_fixed,rzz-hea,24,8,float64,3,1,all_fixed,custom:libsad_all_fixed_9269b6c045e4.so,,,158.523265,41.63691,1.9080483333333333,115.98365166666667,0.0,1.1657341758564144e-14,1,sad/build/libsad_all_fixed_9269b6c045e4.so
2026-08-17T11:20:36.391842+00:00,c08a443872232e8d,0,structure_selected-fully_selected-all_fixed,rzz-hea,24,8,float64,3,1,structure_selected,f128r2_b128r2,,,150.717681,32.636571,1.8284003333333334,115.85252833333332,2.6645352591003757e-15,1.1435297153639112e-14,1,f128r2_b128r2
2026-08-17T11:20:36.391860+00:00,c08a443872232e8d,0,structure_selected-fully_selected-all_fixed,rzz-hea,24,8,float64,3,1,fully_selected,f128r2_b64r4,,,143.851483,32.33272266666667,1.7727866666666667,109.81022366666666,0.0,0.0,1,f128r2_b64r4
2026-08-17T11:20:36.450454+00:00,c08a443872232e8d,0,fully_selected-all_fixed-structure_selected,rzz-hea,18,8,float64,5,1,all_fixed,custom:libsad_all_fixed_9269b6c045e4.so,,,2.503673,0.8126793999999999,0.1277858,1.6202086000000002,8.881784197001252e-16,3.1086244689504383e-15,1,sad/build/libsad_all_fixed_9269b6c045e4.so
2026-08-17T11:20:36.450534+00:00,c08a443872232e8d,0,fully_selected-all_fixed-structure_selected,rzz-hea,18,8,float64,5,1,structure_selected,f128r2_b128r2,,,2.0843350000000003,0.5752048,0.063266,1.5483398,1.3322676295501878e-15,8.326672684688674e-16,1,f128r2_b128r2
2026-08-17T11:20:36.450550+00:00,c08a443872232e8d,0,fully_selected-all_fixed-structure_selected,rzz-hea,18,8,float64,5,1,fully_selected,f128r2_b128r2,,,2.195181,0.5690828,0.08145859999999999,1.5853234000000003,0.0,0.0,1,f128r2_b128r2
2026-08-17T11:20:36.488418+00:00,c08a443872232e8d,0,all_fixed-structure_selected-fully_selected,xxz-hva,8,8,float64,20,1,all_fixed,custom:libsad_all_fixed_9269b6c045e4.so,,,0.4792485000000001,0.1378093,0.0362191,0.33632265,0.0,1.1102230246251565e-16,1,sad/build/libsad_all_fixed_9269b6c045e4.so
2026-08-17T11:20:36.488503+00:00,c08a443872232e8d,0,all_fixed-structure_selected-fully_selected,xxz-hva,8,8,float64,20,1,structure_selected,f128r2_b128r2,,,0.47602399999999995,0.13712929999999998,0.06690505000000001,0.33358344999999995,0.0,0.0,1,f128r2_b128r2
2026-08-17T11:20:36.488521+00:00,c08a443872232e8d,0,all_fixed-structure_selected-fully_selected,xxz-hva,8,8,float64,20,1,fully_selected,f64r2_b64r2,,,0.43634649999999997,0.1335682,0.025312750000000002,0.3087071,0.0,0.0,1,f64r2_b64r2
2026-08-17T11:20:37.494896+00:00,c08a443872232e8d,0,structure_selected-fully_selected-all_fixed,ra-hea,24,8,float64,3,1,all_fixed,custom:libsad_all_fixed_9269b6c045e4.so,,,124.81208899999999,30.476772,1.747904333333333,93.64152633333333,1.1102230246251565e-16,2.0261570199409107e-15,1,sad/build/libsad_all_fixed_9269b6c045e4.so
2026-08-17T11:20:37.494984+00:00,c08a443872232e8d,0,structure_selected-fully_selected-all_fixed,ra-hea,24,8,float64,3,1,structure_selected,f128r2_b128r2,,,66.46036600000001,15.325298666666667,0.9899203333333334,50.00432466666666,8.326672684688674e-17,1.942890293094024e-15,1,f128r2_b128r2
2026-08-17T11:20:37.495002+00:00,c08a443872232e8d,0,structure_selected-fully_selected-all_fixed,ra-hea,24,8,float64,3,1,fully_selected,f64r4_b64r4,,,52.502072,15.104197666666666,1.042433,36.36554833333334,0.0,0.0,1,f64r4_b64r4
2026-08-17T11:20:37.534405+00:00,c08a443872232e8d,0,fully_selected-all_fixed-structure_selected,xxz-hva,16,8,float64,5,1,all_fixed,custom:libsad_all_fixed_9269b6c045e4.so,,,1.5823070000000001,0.46405100000000005,0.1081182,1.0250211999999999,1.457167719820518e-16,1.457167719820518e-16,1,sad/build/libsad_all_fixed_9269b6c045e4.so
2026-08-17T11:20:37.534473+00:00,c08a443872232e8d,0,fully_selected-all_fixed-structure_selected,xxz-hva,16,8,float64,5,1,structure_selected,f128r2_b128r2,,,1.337177,0.5415596,0.0741548,0.9675279999999999,7.632783294297951e-17,1.0408340855860843e-16,1,f128r2_b128r2
2026-08-17T11:20:37.534488+00:00,c08a443872232e8d,0,fully_selected-all_fixed-structure_selected,xxz-hva,16,8,float64,5,1,fully_selected,f64r2_b64r2,,,1.6313909999999998,0.6803848,0.0462104,0.9257164,0.0,0.0,1,f64r2_b64r2
2026-08-17T11:20:37.650287+00:00,c08a443872232e8d,0,all_fixed-structure_selected-fully_selected,qaoa,20,8,float64,5,1,all_fixed,custom:libsad_all_fixed_9269b6c045e4.so,,,6.380971000000001,2.0683654000000002,0.12712020000000002,4.2754534,3.552713678800501e-15,1.4210854715202004e-14,1,sad/build/libsad_all_fixed_9269b6c045e4.so
2026-08-17T11:20:37.650370+00:00,c08a443872232e8d,0,all_fixed-structure_selected-fully_selected,qaoa,20,8,float64,5,1,structure_selected,f128r2_b128r2,,,5.545850000000001,1.5517436,0.09206439999999999,4.1066632,1.7763568394002505e-15,3.552713678800501e-15,1,f128r2_b128r2
2026-08-17T11:20:37.650385+00:00,c08a443872232e8d,0,all_fixed-structure_selected-fully_selected,qaoa,20,8,float64,5,1,fully_selected,f128r2_b128r2,,,5.568462,1.5683293999999999,0.10211980000000001,4.2179912,0.0,0.0,1,f128r2_b128r2
2026-08-17T11:20:37.673607+00:00,c08a443872232e8d,0,structure_selected-fully_selected-all_fixed,qaoa,8,8,float64,20,1,all_fixed,custom:libsad_all_fixed_9269b6c045e4.so,,,0.2732125,0.09025920000000001,0.03703235,0.18007735000000002,2.6645352591003757e-15,5.329070518200751e-15,1,sad/build/libsad_all_fixed_9269b6c045e4.so
2026-08-17T11:20:37.673678+00:00,c08a443872232e8d,0,structure_selected-fully_selected-all_fixed,qaoa,8,8,float64,20,1,structure_selected,f128r2_b128r2,,,0.241792,0.08845655,0.03282785,0.16001384999999999,0.0,0.0,1,f128r2_b128r2
2026-08-17T11:20:37.673693+00:00,c08a443872232e8d,0,structure_selected-fully_selected-all_fixed,qaoa,8,8,float64,20,1,fully_selected,f64r2_b64r2,,,0.1904125,0.06872935,0.0187861,0.16531645,0.0,0.0,1,f64r2_b64r2
2026-08-17T11:20:37.691973+00:00,c08a443872232e8d,0,fully_selected-all_fixed-structure_selected,qaoa,6,8,float64,20,1,all_fixed,custom:libsad_all_fixed_9269b6c045e4.so,,,0.228301,0.0716665,0.01880375,0.13805314999999999,2.220446049250313e-15,2.7755575615628914e-15,1,sad/build/libsad_all_fixed_9269b6c045e4.so
2026-08-17T11:20:37.692039+00:00,c08a443872232e8d,0,fully_selected-all_fixed-structure_selected,qaoa,6,8,float64,20,1,structure_selected,f128r2_b128r2,,,0.19802750000000002,0.09088345,0.03293945,0.12615275,0.0,0.0,1,f128r2_b128r2
2026-08-17T11:20:37.692053+00:00,c08a443872232e8d,0,fully_selected-all_fixed-structure_selected,qaoa,6,8,float64,20,1,fully_selected,f32r2_b32r2,,,0.1390455,0.043295349999999996,0.01883245,0.07715155,0.0,0.0,1,f32r2_b32r2
2026-08-17T11:20:37.941961+00:00,c08a443872232e8d,0,all_fixed-structure_selected-fully_selected,ra-hea,22,8,float64,3,1,all_fixed,custom:libsad_all_fixed_9269b6c045e4.so,,,31.186065,6.387707666666667,0.445985,23.793999,1.6653345369377348e-16,2.3314683517128287e-15,1,sad/build/libsad_all_fixed_9269b6c045e4.so
2026-08-17T11:20:37.942050+00:00,c08a443872232e8d,0,all_fixed-structure_selected-fully_selected,ra-hea,22,8,float64,3,1,structure_selected,f128r2_b128r2,,,14.785825,3.5952946666666667,0.267952,11.085167333333333,1.6653345369377348e-16,2.609024107869118e-15,1,f128r2_b128r2
2026-08-17T11:20:37.942065+00:00,c08a443872232e8d,0,all_fixed-structure_selected-fully_selected,ra-hea,22,8,float64,3,1,fully_selected,f128r2_b64r4,,,13.328162999999998,3.914333,0.48909866666666674,8.790961666666666,0.0,0.0,1,f128r2_b64r4
2026-08-17T11:20:37.964162+00:00,c08a443872232e8d,0,structure_selected-fully_selected-all_fixed,qaoa,14,8,float64,10,1,all_fixed,custom:libsad_all_fixed_9269b6c045e4.so,,,0.517022,0.2201051,0.0323288,0.3302838,0.0,1.7319479184152442e-14,1,sad/build/libsad_all_fixed_9269b6c045e4.so
2026-08-17T11:20:37.964223+00:00,c08a443872232e8d,0,structure_selected-fully_selected-all_fixed,qaoa,14,8,float64,10,1,structure_selected,f128r2_b128r2,,,0.4845985,0.18965520000000002,0.0460806,0.3154747,2.6645352591003757e-15,1.4654943925052066e-14,1,f128r2_b128r2
2026-08-17T11:20:37.964240+00:00,c08a443872232e8d,0,structure_selected-fully_selected-all_fixed,qaoa,14,8,float64,10,1,fully_selected,f32r2_b32r2,,,0.3203495,0.10833129999999999,0.0186625,0.1918112,0.0,0.0,1,f32r2_b32r2
2026-08-17T11:20:52.930550+00:00,c08a443872232e8d,0,fully_selected-all_fixed-structure_selected,ra-hea,28,8,float64,2,1,all_fixed,custom:libsad_all_fixed_9269b6c045e4.so,,,2437.2819465,641.276649,101.796308,1694.2089895,4.440892098500626e-16,7.854827899222983e-15,1,sad/build/libsad_all_fixed_9269b6c045e4.so
2026-08-17T11:20:52.930651+00:00,c08a443872232e8d,0,fully_selected-all_fixed-structure_selected,ra-hea,28,8,float64,2,1,structure_selected,f128r2_b128r2,,,1389.6693815,402.2354425,30.8093765,956.6245625,5.551115123125783e-16,7.688294445529209e-15,1,f128r2_b128r2
2026-08-17T11:20:52.930669+00:00,c08a443872232e8d,0,fully_selected-all_fixed-structure_selected,ra-hea,28,8,float64,2,1,fully_selected,f64r3_b64r4,,,1140.9650655,393.81895899999995,33.024652,714.1214545000001,0.0,0.0,1,f64r3_b64r4
2026-08-17T11:20:53.387455+00:00,c08a443872232e8d,0,all_fixed-structure_selected-fully_selected,rzz-hea,22,8,float64,3,1,all_fixed,custom:libsad_all_fixed_9269b6c045e4.so,,,36.594053,8.346877000000001,0.46987700000000004,28.04458933333333,8.881784197001252e-16,1.7763568394002505e-15,1,sad/build/libsad_all_fixed_9269b6c045e4.so
2026-08-17T11:20:53.387553+00:00,c08a443872232e8d,0,all_fixed-structure_selected-fully_selected,rzz-hea,22,8,float64,3,1,structure_selected,f128r2_b128r2,,,34.738548,7.686268,0.38984233333333335,26.778554,8.881784197001252e-16,1.1102230246251565e-15,1,f128r2_b128r2
2026-08-17T11:20:53.387570+00:00,c08a443872232e8d,0,all_fixed-structure_selected-fully_selected,rzz-hea,22,8,float64,3,1,fully_selected,f128r2_b128r2,,,35.196991,8.273305666666666,0.387674,26.683076666666665,0.0,0.0,1,f128r2_b128r2
2026-08-17T11:20:53.476377+00:00,c08a443872232e8d,0,structure_selected-fully_selected-all_fixed,ra-hea,20,8,float64,5,1,all_fixed,custom:libsad_all_fixed_9269b6c045e4.so,,,5.692612999999999,1.3401750000000001,0.5917401999999999,4.3170268,1.3877787807814457e-17,4.440892098500626e-16,1,sad/build/libsad_all_fixed_9269b6c045e4.so
2026-08-17T11:20:53.476468+00:00,c08a443872232e8d,0,structure_selected-fully_selected-all_fixed,ra-hea,20,8,float64,5,1,structure_selected,f128r2_b128r2,,,3.2813519999999996,0.876104,0.29700960000000004,2.6868152,6.938893903907228e-18,6.38378239159465e-16,1,f128r2_b128r2
2026-08-17T11:20:53.476484+00:00,c08a443872232e8d,0,structure_selected-fully_selected-all_fixed,ra-hea,20,8,float64,5,1,fully_selected,f64r4_b64r4,,,3.042306,1.0359298,0.11953720000000001,2.0648602,0.0,0.0,1,f64r4_b64r4
2026-08-17T11:20:53.504504+00:00,c08a443872232e8d,0,fully_selected-all_fixed-structure_selected,rzz-hea,16,8,float64,5,1,all_fixed,custom:libsad_all_fixed_9269b6c045e4.so,,,0.903135,0.2515978,0.019085599999999998,0.6619369999999999,1.1102230246251565e-16,1.5543122344752192e-15,1,sad/build/libsad_all_fixed_9269b6c045e4.so
2026-08-17T11:20:53.504580+00:00,c08a443872232e8d,0,fully_selected-all_fixed-structure_selected,rzz-hea,16,8,float64,5,1,structure_selected,f128r2_b128r2,,,1.049847,0.2861504,0.2525866,0.6670886,6.661338147750939e-16,8.881784197001252e-16,1,f128r2_b128r2
2026-08-17T11:20:53.504597+00:00,c08a443872232e8d,0,fully_selected-all_fixed-structure_selected,rzz-hea,16,8,float64,5,1,fully_selected,f64r2_b64r2,,,0.867594,0.2361972,0.0189702,0.6363648,0.0,0.0,1,f64r2_b64r2
2026-08-17T11:20:53.525075+00:00,c08a443872232e8d,0,all_fixed-structure_selected-fully_selected,ra-hea,8,8,float64,20,1,all_fixed,custom:libsad_all_fixed_9269b6c045e4.so,,,0.2595155,0.06946325,0.018957300000000003,0.1711189,0.0,3.885780586188048e-16,1,sad/build/libsad_all_fixed_9269b6c045e4.so
2026-08-17T11:20:53.525152+00:00,c08a443872232e8d,0,all_fixed-structure_selected-fully_selected,ra-hea,8,8,float64,20,1,structure_selected,f128r2_b128r2,,,0.193263,0.13810745,0.0260872,0.13296665,0.0,0.0,1,f128r2_b128r2
2026-08-17T11:20:53.525167+00:00,c08a443872232e8d,0,all_fixed-structure_selected-fully_selected,ra-hea,8,8,float64,20,1,fully_selected,f64r2_b64r2,,,0.160848,0.0482474,0.0190188,0.0936351,0.0,0.0,1,f64r2_b64r2
2026-08-17T11:21:06.324444+00:00,c08a443872232e8d,0,structure_selected-fully_selected-all_fixed,xxz-hva,26,8,float64,2,1,all_fixed,custom:libsad_all_fixed_9269b6c045e4.so,,,1462.6954815,355.7798935,9.127741,1097.787847,1.0408340855860843e-16,4.6351811278100286e-15,1,sad/build/libsad_all_fixed_9269b6c045e4.so
2026-08-17T11:21:06.324534+00:00,c08a443872232e8d,0,structure_selected-fully_selected-all_fixed,xxz-hva,26,8,float64,2,1,structure_selected,f128r2_b128r2,,,1458.2055715000001,326.2729355,9.157021499999999,1122.7756145,2.0816681711721685e-17,6.2450045135165055e-15,1,f128r2_b128r2
2026-08-17T11:21:06.324550+00:00,c08a443872232e8d,0,structure_selected-fully_selected-all_fixed,xxz-hva,26,8,float64,2,1,fully_selected,f128r3_b32r3,,,1315.4505395,296.10596649999997,8.741273000000001,1010.6033000000001,0.0,0.0,1,f128r3_b32r3
2026-08-17T11:21:06.354591+00:00,c08a443872232e8d,0,fully_selected-all_fixed-structure_selected,ra-hea,10,8,float64,10,1,all_fixed,custom:libsad_all_fixed_9269b6c045e4.so,,,0.3680675,0.1106517,0.018775899999999998,0.23928410000000003,0.0,2.7755575615628914e-16,1,sad/build/libsad_all_fixed_9269b6c045e4.so
2026-08-17T11:21:06.354663+00:00,c08a443872232e8d,0,fully_selected-all_fixed-structure_selected,ra-hea,10,8,float64,10,1,structure_selected,f128r2_b128r2,,,0.29382949999999997,0.096813,0.0188145,0.17843150000000002,1.3877787807814457e-16,3.885780586188048e-16,1,f128r2_b128r2
2026-08-17T11:21:06.354679+00:00,c08a443872232e8d,0,fully_selected-all_fixed-structure_selected,ra-hea,10,8,float64,10,1,fully_selected,f32r2_b32r2,,compact:L2R2W0-L4R2W0,0.2308315,0.1085426,0.0189142,0.130148,0.0,0.0,1,f32r2_b32r2
2026-08-17T11:21:06.387219+00:00,c08a443872232e8d,0,all_fixed-structure_selected-fully_selected,qaoa,12,8,float64,10,1,all_fixed,custom:libsad_all_fixed_9269b6c045e4.so,,,0.455946,0.14996310000000002,0.0187299,0.28538339999999995,5.329070518200751e-15,5.329070518200751e-15,1,sad/build/libsad_all_fixed_9269b6c045e4.so
2026-08-17T11:21:06.387299+00:00,c08a443872232e8d,0,all_fixed-structure_selected-fully_selected,qaoa,12,8,float64,10,1,structure_selected,f128r2_b128r2,,,0.41675399999999996,0.1521309,0.0188678,0.26808919999999997,1.7763568394002505e-15,3.1086244689504383e-15,1,f128r2_b128r2
2026-08-17T11:21:06.387315+00:00,c08a443872232e8d,0,all_fixed-structure_selected-fully_selected,qaoa,12,8,float64,10,1,fully_selected,f32r2_b32r2,,,0.285825,0.12483849999999998,0.018821300000000003,0.1686034,0.0,0.0,1,f32r2_b32r2
2026-08-17T11:21:06.407294+00:00,c08a443872232e8d,0,structure_selected-fully_selected-all_fixed,ra-hea,12,8,float64,10,1,all_fixed,custom:libsad_all_fixed_9269b6c045e4.so,,,0.4239145,0.12494569999999999,0.0187109,0.2801524,1.249000902703301e-16,2.220446049250313e-16,1,sad/build/libsad_all_fixed_9269b6c045e4.so
2026-08-17T11:21:06.407366+00:00,c08a443872232e8d,0,structure_selected-fully_selected-all_fixed,ra-hea,12,8,float64,10,1,structure_selected,f128r2_b128r2,,,0.331502,0.2307695,0.018632,0.20348490000000002,8.326672684688674e-17,2.220446049250313e-16,1,f128r2_b128r2
2026-08-17T11:21:06.407381+00:00,c08a443872232e8d,0,structure_selected-fully_selected-all_fixed,ra-hea,12,8,float64,10,1,fully_selected,f32r2_b32r2,compact:L5R1W0-L5R1W0,compact:L4R2W0-L4R2W0,0.25412999999999997,0.1100678,0.0187258,0.1458969,0.0,0.0,1,f32r2_b32r2
2026-08-17T11:21:06.736219+00:00,c08a443872232e8d,1,structure_selected-fully_selected-all_fixed,xxz-hva,20,8,float64,5,1,all_fixed,custom:libsad_all_fixed_9269b6c045e4.so,,,18.856042,4.0849566,0.3415576,14.1734588,1.734723475976807e-18,3.7470027081099033e-16,1,sad/build/libsad_all_fixed_9269b6c045e4.so
2026-08-17T11:21:06.736319+00:00,c08a443872232e8d,1,structure_selected-fully_selected-all_fixed,xxz-hva,20,8,float64,5,1,structure_selected,f128r2_b128r2,,,16.837926,3.7191840000000003,0.1499268,13.002052,4.2500725161431774e-17,1.249000902703301e-16,1,f128r2_b128r2
2026-08-17T11:21:06.736337+00:00,c08a443872232e8d,1,structure_selected-fully_selected-all_fixed,xxz-hva,20,8,float64,5,1,fully_selected,f128r2_b128r2,,,17.667600999999998,3.868824,0.12312780000000001,13.468692799999998,0.0,0.0,1,f128r2_b128r2
2026-08-17T11:21:08.368952+00:00,c08a443872232e8d,1,fully_selected-all_fixed-structure_selected,su2-hea,24,8,float64,3,1,all_fixed,custom:libsad_all_fixed_9269b6c045e4.so,,,138.986598,34.322848666666665,1.7638866666666666,102.58518133333332,2.0816681711721685e-17,2.1371793224034263e-15,1,sad/build/libsad_all_fixed_9269b6c045e4.so
2026-08-17T11:21:08.369044+00:00,c08a443872232e8d,1,fully_selected-all_fixed-structure_selected,su2-hea,24,8,float64,3,1,structure_selected,f128r2_b128r2,,,131.895271,25.941075666666663,1.7185003333333333,104.64892166666667,2.0816681711721685e-17,2.0539125955565396e-15,1,f128r2_b128r2
2026-08-17T11:21:08.369061+00:00,c08a443872232e8d,1,fully_selected-all_fixed-structure_selected,su2-hea,24,8,float64,3,1,fully_selected,f128r2_b64r4,,,127.51226900000002,26.369600000000002,1.9355573333333331,98.533097,0.0,0.0,1,f128r2_b64r4
2026-08-17T11:21:08.393802+00:00,c08a443872232e8d,1,all_fixed-structure_selected-fully_selected,ra-hea,8,8,float64,20,1,all_fixed,custom:libsad_all_fixed_9269b6c045e4.so,,,0.2800105,0.07461954999999999,0.018869399999999998,0.1867326,0.0,3.885780586188048e-16,1,sad/build/libsad_all_fixed_9269b6c045e4.so
2026-08-17T11:21:08.393874+00:00,c08a443872232e8d,1,all_fixed-structure_selected-fully_selected,ra-hea,8,8,float64,20,1,structure_selected,f128r2_b128r2,,,0.19447299999999998,0.05609145,0.0187302,0.11935615000000001,0.0,0.0,1,f128r2_b128r2
2026-08-17T11:21:08.393890+00:00,c08a443872232e8d,1,all_fixed-structure_selected-fully_selected,ra-hea,8,8,float64,20,1,fully_selected,f64r2_b64r2,,,0.1627295,0.04935965,0.01939665,0.0946288,0.0,0.0,1,f64r2_b64r2
2026-08-17T11:21:22.520917+00:00,c08a443872232e8d,1,structure_selected-fully_selected-all_fixed,ra-hea,28,8,float64,2,1,all_fixed,custom:libsad_all_fixed_9269b6c045e4.so,,,2273.9080315,595.7416785,90.3895525,1587.7768004999998,0.0,7.854827899222983e-15,1,sad/build/libsad_all_fixed_9269b6c045e4.so
2026-08-17T11:21:22.521012+00:00,c08a443872232e8d,1,structure_selected-fully_selected-all_fixed,ra-hea,28,8,float64,2,1,structure_selected,f128r2_b128r2,,,1325.2087810000003,388.07710399999996,29.831051,907.3006260000001,1.6653345369377348e-16,7.799316747991725e-15,1,f128r2_b128r2
2026-08-17T11:21:22.521029+00:00,c08a443872232e8d,1,structure_selected-fully_selected-all_fixed,ra-hea,28,8,float64,2,1,fully_selected,f64r3_b64r4,,,1090.910451,374.335619,30.039908,686.534924,0.0,0.0,1,f64r3_b64r4
2026-08-17T11:21:22.606171+00:00,c08a443872232e8d,1,fully_selected-all_fixed-structure_selected,su2-hea,18,8,float64,5,1,all_fixed,custom:libsad_all_fixed_9269b6c045e4.so,,,1.9036490000000001,0.49502599999999997,0.035128400000000004,1.4144144,1.3877787807814457e-16,1.1102230246251565e-16,1,sad/build/libsad_all_fixed_9269b6c045e4.so
2026-08-17T11:21:22.606256+00:00,c08a443872232e8d,1,fully_selected-all_fixed-structure_selected,su2-hea,18,8,float64,5,1,structure_selected,f128r2_b128r2,,,2.401355,0.7558509999999999,0.092026,1.4835706,9.71445146547012e-17,1.1102230246251565e-16,1,f128r2_b128r2
2026-08-17T11:21:22.606272+00:00,c08a443872232e8d,1,fully_selected-all_fixed-structure_selected,su2-hea,18,8,float64,5,1,fully_selected,f128r2_b128r2,,,1.867683,0.4163536,0.035107200000000005,1.4144326,0.0,0.0,1,f128r2_b128r2
2026-08-17T11:21:22.639886+00:00,c08a443872232e8d,1,all_fixed-structure_selected-fully_selected,su2-hea,10,8,float64,10,1,all_fixed,custom:libsad_all_fixed_9269b6c045e4.so,,,0.4469025,0.13039099999999998,0.018975799999999998,0.2958415,1.5959455978986625e-16,4.85722573273506e-16,1,sad/build/libsad_all_fixed_9269b6c045e4.so
2026-08-17T11:21:22.639956+00:00,c08a443872232e8d,1,all_fixed-structure_selected-fully_selected,su2-hea,10,8,float64,10,1,structure_selected,f128r2_b128r2,,,0.4555685,0.1661113,0.0187463,0.2974028,1.3877787807814457e-17,3.2612801348363973e-16,1,f128r2_b128r2
2026-08-17T11:21:22.639972+00:00,c08a443872232e8d,1,all_fixed-structure_selected-fully_selected,su2-hea,10,8,float64,10,1,fully_selected,f32r2_b32r2,compact:L4R0W0-L5R1W0,compact:L2R2W0-L4R2W0,0.3198815,0.0924089,0.0186374,0.20861529999999998,0.0,0.0,1,f32r2_b32r2
2026-08-17T11:21:22.676713+00:00,c08a443872232e8d,1,structure_selected-fully_selected-all_fixed,xxz-hva,6,8,float64,20,1,all_fixed,custom:libsad_all_fixed_9269b6c045e4.so,,,0.29687150000000007,0.08088359999999999,0.018955899999999998,0.19687745000000004,0.0,0.0,1,sad/build/libsad_all_fixed_9269b6c045e4.so
2026-08-17T11:21:22.676780+00:00,c08a443872232e8d,1,structure_selected-fully_selected-all_fixed,xxz-hva,6,8,float64,20,1,structure_selected,f128r2_b128r2_xsep,,,0.29493149999999996,0.08014605000000001,0.018785450000000002,0.1963055,0.0,0.0,1,f128r2_b128r2_xsep
2026-08-17T11:21:22.676794+00:00,c08a443872232e8d,1,structure_selected-fully_selected-all_fixed,xxz-hva,6,8,float64,20,1,fully_selected,f32r2_b32r2_xsep,,,0.247893,0.07423615000000001,0.018967750000000002,0.15502174999999999,0.0,0.0,1,f32r2_b32r2_xsep
2026-08-17T11:21:22.707242+00:00,c08a443872232e8d,1,fully_selected-all_fixed-structure_selected,ra-hea,10,8,float64,10,1,all_fixed,custom:libsad_all_fixed_9269b6c045e4.so,,,0.368609,0.1369421,0.018691000000000003,0.23926329999999998,2.7755575615628914e-17,2.7755575615628914e-16,1,sad/build/libsad_all_fixed_9269b6c045e4.so
2026-08-17T11:21:22.707309+00:00,c08a443872232e8d,1,fully_selected-all_fixed-structure_selected,ra-hea,10,8,float64,10,1,structure_selected,f128r2_b128r2,,,0.29382250000000004,0.0967152,0.0185812,0.17825639999999998,1.3877787807814457e-16,3.885780586188048e-16,1,f128r2_b128r2
2026-08-17T11:21:22.707324+00:00,c08a443872232e8d,1,fully_selected-all_fixed-structure_selected,ra-hea,10,8,float64,10,1,fully_selected,f32r2_b32r2,,compact:L2R2W0-L4R2W0,0.230773,0.0821689,0.0188394,0.12841599999999997,0.0,0.0,1,f32r2_b32r2
2026-08-17T11:21:22.736717+00:00,c08a443872232e8d,1,all_fixed-structure_selected-fully_selected,ra-hea,6,8,float64,20,1,all_fixed,custom:libsad_all_fixed_9269b6c045e4.so,,,0.215835,0.0648492,0.01903735,0.13668894999999998,0.0,1.1102230246251565e-16,1,sad/build/libsad_all_fixed_9269b6c045e4.so
2026-08-17T11:21:22.736787+00:00,c08a443872232e8d,1,all_fixed-structure_selected-fully_selected,ra-hea,6,8,float64,20,1,structure_selected,f128r2_b128r2,,,0.156877,0.044312849999999994,0.0187135,0.09372185,0.0,0.0,1,f128r2_b128r2
2026-08-17T11:21:22.736801+00:00,c08a443872232e8d,1,all_fixed-structure_selected-fully_selected,ra-hea,6,8,float64,20,1,fully_selected,f32r2_b32r2,,,0.1267985,0.03852945,0.01872285,0.06851745,0.0,0.0,1,f32r2_b32r2
2026-08-17T11:21:22.983751+00:00,c08a443872232e8d,1,structure_selected-fully_selected-all_fixed,ra-hea,22,8,float64,3,1,all_fixed,custom:libsad_all_fixed_9269b6c045e4.so,,,27.110423,5.241875666666666,0.37995100000000004,21.738927,5.551115123125783e-17,2.220446049250313e-15,1,sad/build/libsad_all_fixed_9269b6c045e4.so
2026-08-17T11:21:22.983837+00:00,c08a443872232e8d,1,structure_selected-fully_selected-all_fixed,ra-hea,22,8,float64,3,1,structure_selected,f128r2_b128r2,,,14.549992000000001,3.053437666666667,0.224714,11.019098999999999,2.220446049250313e-16,2.275957200481571e-15,1,f128r2_b128r2
2026-08-17T11:21:22.983854+00:00,c08a443872232e8d,1,structure_selected-fully_selected-all_fixed,ra-hea,22,8,float64,3,1,fully_selected,f128r2_b64r4,,,11.77251,3.008483333333334,0.22034466666666666,8.495263333333334,0.0,0.0,1,f128r2_b64r4
2026-08-17T11:21:23.007852+00:00,c08a443872232e8d,1,fully_selected-all_fixed-structure_selected,su2-hea,14,8,float64,10,1,all_fixed,custom:libsad_all_fixed_9269b6c045e4.so,,,0.577914,0.20005,0.0338265,0.3934755,2.498001805406602e-16,1.1449174941446927e-16,1,sad/build/libsad_all_fixed_9269b6c045e4.so
2026-08-17T11:21:23.007924+00:00,c08a443872232e8d,1,fully_selected-all_fixed-structure_selected,su2-hea,14,8,float64,10,1,structure_selected,f128r2_b128r2,,,0.5651515,0.1581171,0.0189084,0.3883903,1.942890293094024e-16,1.214306433183765e-16,1,f128r2_b128r2
2026-08-17T11:21:23.007939+00:00,c08a443872232e8d,1,fully_selected-all_fixed-structure_selected,su2-hea,14,8,float64,10,1,fully_selected,f32r2_b32r2,,,0.41976700000000006,0.1267389,0.0184909,0.2737616,0.0,0.0,1,f32r2_b32r2
2026-08-17T11:21:23.031459+00:00,c08a443872232e8d,1,all_fixed-structure_selected-fully_selected,rzz-hea,12,8,float64,10,1,all_fixed,custom:libsad_all_fixed_9269b6c045e4.so,,,0.5988575,0.19995849999999998,0.0192187,0.40458669999999997,0.0,8.881784197001252e-16,1,sad/build/libsad_all_fixed_9269b6c045e4.so
2026-08-17T11:21:23.031528+00:00,c08a443872232e8d,1,all_fixed-structure_selected-fully_selected,rzz-hea,12,8,float64,10,1,structure_selected,f128r2_b128r2,,,0.544164,0.19807689999999997,0.0189291,0.3555673,0.0,4.440892098500626e-16,1,f128r2_b128r2
2026-08-17T11:21:23.031543+00:00,c08a443872232e8d,1,all_fixed-structure_selected-fully_selected,rzz-hea,12,8,float64,10,1,fully_selected,f32r2_b32r2,,,0.41570749999999995,0.1341981,0.018491800000000003,0.2633049,0.0,0.0,1,f32r2_b32r2
2026-08-17T11:21:26.270127+00:00,c08a443872232e8d,1,structure_selected-fully_selected-all_fixed,ra-hea,26,8,float64,2,1,all_fixed,custom:libsad_all_fixed_9269b6c045e4.so,,,533.1407955000001,125.25090550000002,11.0854375,396.8044525,2.7755575615628914e-17,8.18789480661053e-15,1,sad/build/libsad_all_fixed_9269b6c045e4.so
2026-08-17T11:21:26.270218+00:00,c08a443872232e8d,1,structure_selected-fully_selected-all_fixed,ra-hea,26,8,float64,2,1,structure_selected,f128r2_b128r2,,,293.503419,69.79786250000001,5.447897,218.25765950000002,1.6653345369377348e-16,8.132383655379272e-15,1,f128r2_b128r2
2026-08-17T11:21:26.270235+00:00,c08a443872232e8d,1,structure_selected-fully_selected-all_fixed,ra-hea,26,8,float64,2,1,fully_selected,f64r4_b64r4,,,242.5988065,63.5145085,5.040971999999999,174.043326,0.0,0.0,1,f64r4_b64r4
2026-08-17T11:21:26.372178+00:00,c08a443872232e8d,1,fully_selected-all_fixed-structure_selected,ra-hea,20,8,float64,5,1,all_fixed,custom:libsad_all_fixed_9269b6c045e4.so,,,5.67839,1.3832032,0.0929376,4.1379546,5.551115123125783e-17,5.828670879282072e-16,1,sad/build/libsad_all_fixed_9269b6c045e4.so
2026-08-17T11:21:26.372260+00:00,c08a443872232e8d,1,fully_selected-all_fixed-structure_selected,ra-hea,20,8,float64,5,1,structure_selected,f128r2_b128r2,,,3.162445,1.0490934,0.059900999999999996,2.3048266,2.7755575615628914e-17,5.828670879282072e-16,1,f128r2_b128r2
2026-08-17T11:21:26.372277+00:00,c08a443872232e8d,1,fully_selected-all_fixed-structure_selected,ra-hea,20,8,float64,5,1,fully_selected,f64r4_b64r4,,,3.046376,0.8999786,0.25178220000000007,2.0271733999999997,0.0,0.0,1,f64r4_b64r4
2026-08-17T11:21:26.389240+00:00,c08a443872232e8d,1,all_fixed-structure_selected-fully_selected,ra-hea,12,8,float64,10,1,all_fixed,custom:libsad_all_fixed_9269b6c045e4.so,,,0.422925,0.1246697,0.0188892,0.27971799999999997,1.249000902703301e-16,2.498001805406602e-16,1,sad/build/libsad_all_fixed_9269b6c045e4.so
2026-08-17T11:21:26.389302+00:00,c08a443872232e8d,1,all_fixed-structure_selected-fully_selected,ra-hea,12,8,float64,10,1,structure_selected,f128r2_b128r2,,,0.3305265,0.10765939999999999,0.018658699999999997,0.2041942,2.7755575615628914e-17,2.7755575615628914e-16,1,f128r2_b128r2
2026-08-17T11:21:26.389318+00:00,c08a443872232e8d,1,all_fixed-structure_selected-fully_selected,ra-hea,12,8,float64,10,1,fully_selected,f32r2_b32r2,compact:L5R1W0-L5R1W0,compact:L4R2W0-L4R2W0,0.2548865,0.09001550000000001,0.0186689,0.14552199999999998,0.0,0.0,1,f32r2_b32r2
2026-08-17T11:21:26.422393+00:00,c08a443872232e8d,1,structure_selected-fully_selected-all_fixed,qaoa,18,8,float64,5,1,all_fixed,custom:libsad_all_fixed_9269b6c045e4.so,,,1.6219029999999999,0.47962059999999995,0.0190752,1.123447,1.5987211554602254e-14,5.3290705182007514e-14,1,sad/build/libsad_all_fixed_9269b6c045e4.so
2026-08-17T11:21:26.422460+00:00,c08a443872232e8d,1,structure_selected-fully_selected-all_fixed,qaoa,18,8,float64,5,1,structure_selected,f128r2_b128r2,,,1.443714,0.4406808,0.0191672,1.0357514,1.5987211554602254e-14,4.796163466380676e-14,1,f128r2_b128r2
2026-08-17T11:21:26.422475+00:00,c08a443872232e8d,1,structure_selected-fully_selected-all_fixed,qaoa,18,8,float64,5,1,fully_selected,f128r2_b32r2,,,1.371127,0.3867928,0.018842400000000002,0.9656614000000001,0.0,0.0,1,f128r2_b32r2
2026-08-17T11:21:31.752786+00:00,c08a443872232e8d,1,fully_selected-all_fixed-structure_selected,su2-hea,26,8,float64,2,1,all_fixed,custom:libsad_all_fixed_9269b6c045e4.so,,,624.29025,149.48709300000002,10.694729,464.108428,8.326672684688674e-17,2.942091015256665e-15,1,sad/build/libsad_all_fixed_9269b6c045e4.so
2026-08-17T11:21:31.752882+00:00,c08a443872232e8d,1,fully_selected-all_fixed-structure_selected,su2-hea,26,8,float64,2,1,structure_selected,f128r2_b128r2,,,599.015851,119.507851,12.129007000000001,467.37899300000004,2.7755575615628914e-17,2.886579864025407e-15,1,f128r2_b128r2
2026-08-17T11:21:31.752899+00:00,c08a443872232e8d,1,fully_selected-all_fixed-structure_selected,su2-hea,26,8,float64,2,1,fully_selected,f128r3_b64r4,,,540.2271365,115.833926,10.7423585,413.650852,0.0,0.0,1,f128r3_b64r4
2026-08-17T11:21:33.117686+00:00,c08a443872232e8d,1,all_fixed-structure_selected-fully_selected,qaoa,24,8,float64,3,1,all_fixed,custom:libsad_all_fixed_9269b6c045e4.so,,,120.232843,31.704264333333334,0.7136123333333333,88.18065766666666,3.552713678800501e-15,9.947598300641403e-14,1,sad/build/libsad_all_fixed_9269b6c045e4.so
2026-08-17T11:21:33.117781+00:00,c08a443872232e8d,1,all_fixed-structure_selected-fully_selected,qaoa,24,8,float64,3,1,structure_selected,f128r2_b128r2,,,104.293672,26.06119833333333,1.1316786666666667,77.17626133333334,7.105427357601002e-15,1.3322676295501878e-14,1,f128r2_b128r2
2026-08-17T11:21:33.117797+00:00,c08a443872232e8d,1,all_fixed-structure_selected-fully_selected,qaoa,24,8,float64,3,1,fully_selected,f128r2_b128r2,,,103.633826,24.730230666666667,1.0257653333333334,78.44637733333333,0.0,0.0,1,f128r2_b128r2
2026-08-17T11:21:33.435466+00:00,c08a443872232e8d,1,structure_selected-fully_selected-all_fixed,qaoa,22,8,float64,3,1,all_fixed,custom:libsad_all_fixed_9269b6c045e4.so,,,26.671612,7.323521333333334,0.2359236666666667,19.381665,5.329070518200751e-15,4.440892098500626e-14,1,sad/build/libsad_all_fixed_9269b6c045e4.so
2026-08-17T11:21:33.435551+00:00,c08a443872232e8d,1,structure_selected-fully_selected-all_fixed,qaoa,22,8,float64,3,1,structure_selected,f128r2_b128r2,,,22.514083,5.306395666666667,0.13294833333333334,17.226053,1.7763568394002505e-15,3.9968028886505635e-15,1,f128r2_b128r2
2026-08-17T11:21:33.435568+00:00,c08a443872232e8d,1,structure_selected-fully_selected-all_fixed,qaoa,22,8,float64,3,1,fully_selected,f128r2_b128r2,,,23.744439,5.722006666666667,0.133504,17.825037000000002,0.0,0.0,1,f128r2_b128r2
2026-08-17T11:21:33.472812+00:00,c08a443872232e8d,1,fully_selected-all_fixed-structure_selected,xxz-hva,12,8,float64,10,1,all_fixed,custom:libsad_all_fixed_9269b6c045e4.so,,,1.1319544999999998,0.3409956,0.05781789999999999,0.7758704000000001,2.220446049250313e-16,4.3368086899420177e-16,1,sad/build/libsad_all_fixed_9269b6c045e4.so
2026-08-17T11:21:33.472889+00:00,c08a443872232e8d,1,fully_selected-all_fixed-structure_selected,xxz-hva,12,8,float64,10,1,structure_selected,f128r2_b128r2,,,1.0147405,0.26779339999999996,0.046271400000000004,0.7280073,2.0816681711721685e-16,4.996003610813204e-16,1,f128r2_b128r2
2026-08-17T11:21:33.472906+00:00,c08a443872232e8d,1,fully_selected-all_fixed-structure_selected,xxz-hva,12,8,float64,10,1,fully_selected,f32r2_b32r2,,,0.6169985,0.20027,0.0428783,0.41419290000000003,0.0,0.0,1,f32r2_b32r2
2026-08-17T11:21:33.491575+00:00,c08a443872232e8d,1,all_fixed-structure_selected-fully_selected,ra-hea,14,8,float64,10,1,all_fixed,custom:libsad_all_fixed_9269b6c045e4.so,,,0.4801545,0.1559939,0.1314726,0.32105090000000003,2.7755575615628914e-17,1.8041124150158794e-16,1,sad/build/libsad_all_fixed_9269b6c045e4.so
2026-08-17T11:21:33.491643+00:00,c08a443872232e8d,1,all_fixed-structure_selected-fully_selected,ra-hea,14,8,float64,10,1,structure_selected,f128r2_b128r2,,,0.37758749999999996,0.12330929999999998,0.018577299999999998,0.23553100000000005,2.7755575615628914e-17,1.6653345369377348e-16,1,f128r2_b128r2
2026-08-17T11:21:33.491660+00:00,c08a443872232e8d,1,all_fixed-structure_selected-fully_selected,ra-hea,14,8,float64,10,1,fully_selected,f32r2_b32r2,,,0.28078149999999996,0.1000611,0.018827399999999998,0.16216550000000002,0.0,0.0,1,f32r2_b32r2
2026-08-17T11:21:55.944400+00:00,c08a443872232e8d,1,structure_selected-fully_selected-all_fixed,su2-hea,28,8,float64,2,1,all_fixed,custom:libsad_all_fixed_9269b6c045e4.so,,,2656.3700479999998,703.2539605,89.30634649999999,1863.8097409999998,8.326672684688674e-17,3.219646771412954e-15,1,sad/build/libsad_all_fixed_9269b6c045e4.so
2026-08-17T11:21:55.944492+00:00,c08a443872232e8d,1,structure_selected-fully_selected-all_fixed,su2-hea,28,8,float64,2,1,structure_selected,f128r2_b128r2,,,2548.240765,593.6700850000001,89.598752,1864.9719280000002,2.0816681711721685e-17,3.1502578323738817e-15,1,f128r2_b128r2
2026-08-17T11:21:55.944509+00:00,c08a443872232e8d,1,structure_selected-fully_selected-all_fixed,su2-hea,28,8,float64,2,1,fully_selected,f128r3_b64r4,,,2264.7326679999996,513.0313825000001,91.17103949999999,1660.530246,0.0,0.0,1,f128r3_b64r4
2026-08-17T11:21:55.981396+00:00,c08a443872232e8d,1,fully_selected-all_fixed-structure_selected,rzz-hea,4,8,float64,20,1,all_fixed,custom:libsad_all_fixed_9269b6c045e4.so,,,0.25498899999999997,0.07768225,0.018747549999999998,0.15902024999999997,2.220446049250313e-16,1.3322676295501878e-15,1,sad/build/libsad_all_fixed_9269b6c045e4.so
2026-08-17T11:21:55.981463+00:00,c08a443872232e8d,1,fully_selected-all_fixed-structure_selected,rzz-hea,4,8,float64,20,1,structure_selected,f128r2_b128r2,,,0.19843,0.0487029,0.018575050000000003,0.1327149,0.0,0.0,1,f128r2_b128r2
2026-08-17T11:21:55.981478+00:00,c08a443872232e8d,1,fully_selected-all_fixed-structure_selected,rzz-hea,4,8,float64,20,1,fully_selected,f32r2_b32r2,,,0.1659785,0.04206695,0.01874925,0.10548795,0.0,0.0,1,f32r2_b32r2
2026-08-17T11:21:57.763413+00:00,c08a443872232e8d,1,all_fixed-structure_selected-fully_selected,rzz-hea,24,8,float64,3,1,all_fixed,custom:libsad_all_fixed_9269b6c045e4.so,,,150.80106400000003,38.55069133333333,1.927150666666667,110.05732566666667,2.6645352591003757e-15,1.1657341758564144e-14,1,sad/build/libsad_all_fixed_9269b6c045e4.so
2026-08-17T11:21:57.763504+00:00,c08a443872232e8d,1,all_fixed-structure_selected-fully_selected,rzz-hea,24,8,float64,3,1,structure_selected,f128r2_b128r2,,,141.781223,30.161346666666667,1.823902,110.52377800000001,8.881784197001252e-16,1.1657341758564144e-14,1,f128r2_b128r2
2026-08-17T11:21:57.763522+00:00,c08a443872232e8d,1,all_fixed-structure_selected-fully_selected,rzz-hea,24,8,float64,3,1,fully_selected,f128r2_b64r4,,,138.34375999999997,29.39507,1.7466239999999997,106.641483,0.0,0.0,1,f128r2_b64r4
2026-08-17T11:21:57.915381+00:00,c08a443872232e8d,1,structure_selected-fully_selected-all_fixed,rzz-hea,20,8,float64,5,1,all_fixed,custom:libsad_all_fixed_9269b6c045e4.so,,,7.811744000000001,1.9042884,0.23732480000000003,5.6425908,5.551115123125783e-16,2.4424906541753444e-15,1,sad/build/libsad_all_fixed_9269b6c045e4.so
2026-08-17T11:21:57.915470+00:00,c08a443872232e8d,1,structure_selected-fully_selected-all_fixed,rzz-hea,20,8,float64,5,1,structure_selected,f128r2_b128r2_d10,,,7.082230999999999,1.509874,0.13114119999999999,5.380729,1.1102230246251565e-16,2.220446049250313e-15,1,f128r2_b128r2_d10
2026-08-17T11:21:57.915487+00:00,c08a443872232e8d,1,structure_selected-fully_selected-all_fixed,rzz-hea,20,8,float64,5,1,fully_selected,f128r2_b128r2_d10,,,6.711387,1.4893626,0.1323184,5.4711517999999995,0.0,0.0,1,f128r2_b128r2_d10
2026-08-17T11:22:03.586670+00:00,c08a443872232e8d,1,fully_selected-all_fixed-structure_selected,rzz-hea,26,8,float64,2,1,all_fixed,custom:libsad_all_fixed_9269b6c045e4.so,,,656.3668700000001,171.000541,10.8615915,474.5047375,1.7763568394002505e-15,1.8540724511240114e-14,1,sad/build/libsad_all_fixed_9269b6c045e4.so
2026-08-17T11:22:03.586767+00:00,c08a443872232e8d,1,fully_selected-all_fixed-structure_selected,rzz-hea,26,8,float64,2,1,structure_selected,f128r2_b128r2,,,628.2591675,137.0544675,11.531709500000002,479.6729905,0.0,1.8318679906315083e-14,1,f128r2_b128r2
2026-08-17T11:22:03.586783+00:00,c08a443872232e8d,1,fully_selected-all_fixed-structure_selected,rzz-hea,26,8,float64,2,1,fully_selected,f128r2_b128r3,,,591.767149,136.919147,10.751828,444.096174,0.0,0.0,1,f128r2_b128r3
2026-08-17T11:22:03.619029+00:00,c08a443872232e8d,1,all_fixed-structure_selected-fully_selected,qaoa,6,8,float64,20,1,all_fixed,custom:libsad_all_fixed_9269b6c045e4.so,,,0.24147600000000002,0.07584665,0.01912775,0.1467522,2.220446049250313e-15,2.7755575615628914e-15,1,sad/build/libsad_all_fixed_9269b6c045e4.so
2026-08-17T11:22:03.619105+00:00,c08a443872232e8d,1,all_fixed-structure_selected-fully_selected,qaoa,6,8,float64,20,1,structure_selected,f128r2_b128r2,,,0.20859400000000003,0.0657538,0.01869245,0.13019529999999999,0.0,0.0,1,f128r2_b128r2
2026-08-17T11:22:03.619121+00:00,c08a443872232e8d,1,all_fixed-structure_selected-fully_selected,qaoa,6,8,float64,20,1,fully_selected,f32r2_b32r2,,,0.1474455,0.043956999999999996,0.01852075,0.08304754999999998,0.0,0.0,1,f32r2_b32r2
2026-08-17T11:22:03.753442+00:00,c08a443872232e8d,1,structure_selected-fully_selected-all_fixed,su2-hea,20,8,float64,5,1,all_fixed,custom:libsad_all_fixed_9269b6c045e4.so,,,6.547368,1.4891244,0.2078988,4.7685824000000006,2.7755575615628914e-17,1.1102230246251565e-16,1,sad/build/libsad_all_fixed_9269b6c045e4.so
2026-08-17T11:22:03.753528+00:00,c08a443872232e8d,1,structure_selected-fully_selected-all_fixed,su2-hea,20,8,float64,5,1,structure_selected,f128r2_b128r2,,,6.587975,1.3384916,0.096295,5.0054118,8.326672684688674e-17,1.1102230246251565e-16,1,f128r2_b128r2
2026-08-17T11:22:03.753545+00:00,c08a443872232e8d,1,structure_selected-fully_selected-all_fixed,su2-hea,20,8,float64,5,1,fully_selected,f128r2_b128r2,,,6.401764000000001,1.3396164,0.2074856,4.965313000000001,0.0,0.0,1,f128r2_b128r2
2026-08-17T11:22:03.772591+00:00,c08a443872232e8d,1,fully_selected-all_fixed-structure_selected,qaoa,12,8,float64,10,1,all_fixed,custom:libsad_all_fixed_9269b6c045e4.so,,,0.45000400000000007,0.1502564,0.018865700000000003,0.28252879999999997,5.329070518200751e-15,4.440892098500626e-15,1,sad/build/libsad_all_fixed_9269b6c045e4.so
2026-08-17T11:22:03.772652+00:00,c08a443872232e8d,1,fully_selected-all_fixed-structure_selected,qaoa,12,8,float64,10,1,structure_selected,f128r2_b128r2,,,0.415743,0.12973340000000003,0.0459371,0.2682044,1.7763568394002505e-15,3.1086244689504383e-15,1,f128r2_b128r2
2026-08-17T11:22:03.772668+00:00,c08a443872232e8d,1,fully_selected-all_fixed-structure_selected,qaoa,12,8,float64,10,1,fully_selected,f32r2_b32r2,,,0.2789315,0.11538280000000001,0.0190409,0.16330080000000002,0.0,0.0,1,f32r2_b32r2
2026-08-17T11:22:23.275525+00:00,c08a443872232e8d,1,all_fixed-structure_selected-fully_selected,qaoa,28,8,float64,2,1,all_fixed,custom:libsad_all_fixed_9269b6c045e4.so,,,2476.285594,707.8224955000001,11.868111500000001,1756.5949870000002,7.105427357601002e-15,1.8705037518884637e-12,1,sad/build/libsad_all_fixed_9269b6c045e4.so
2026-08-17T11:22:23.275613+00:00,c08a443872232e8d,1,all_fixed-structure_selected-fully_selected,qaoa,28,8,float64,2,1,structure_selected,f128r2_b128r2,,,2267.0548435,614.2136125,13.179275,1639.661956,0.0,1.8554047187535616e-12,1,f128r2_b128r2
2026-08-17T11:22:23.275629+00:00,c08a443872232e8d,1,all_fixed-structure_selected-fully_selected,qaoa,28,8,float64,2,1,fully_selected,f64r4_b128r3,,,1754.2249459999998,483.04790750000006,11.5550485,1259.6219899999999,0.0,0.0,1,f64r4_b128r3
2026-08-17T11:22:23.325038+00:00,c08a443872232e8d,1,structure_selected-fully_selected-all_fixed,xxz-hva,8,8,float64,20,1,all_fixed,custom:libsad_all_fixed_9269b6c045e4.so,,,0.479204,0.1245698,0.018904749999999998,0.33591550000000003,0.0,1.1102230246251565e-16,1,sad/build/libsad_all_fixed_9269b6c045e4.so
2026-08-17T11:22:23.325105+00:00,c08a443872232e8d,1,structure_selected-fully_selected-all_fixed,xxz-hva,8,8,float64,20,1,structure_selected,f128r2_b128r2,,,0.483364,0.12390414999999998,0.06710495,0.3386106,0.0,0.0,1,f128r2_b128r2
2026-08-17T11:22:23.325120+00:00,c08a443872232e8d,1,structure_selected-fully_selected-all_fixed,xxz-hva,8,8,float64,20,1,fully_selected,f64r2_b64r2,,,0.43606150000000005,0.1167247,0.018916499999999996,0.30038785,0.0,0.0,1,f64r2_b64r2
2026-08-17T11:22:23.410450+00:00,c08a443872232e8d,1,fully_selected-all_fixed-structure_selected,rzz-hea,18,8,float64,5,1,all_fixed,custom:libsad_all_fixed_9269b6c045e4.so,,,2.194932,0.5719622000000001,0.03550559999999999,1.5874406,2.6645352591003757e-15,1.7763568394002505e-15,1,sad/build/libsad_all_fixed_9269b6c045e4.so
2026-08-17T11:22:23.410527+00:00,c08a443872232e8d,1,fully_selected-all_fixed-structure_selected,rzz-hea,18,8,float64,5,1,structure_selected,f128r2_b128r2,,,2.079565,0.5024884000000001,0.034961400000000004,1.54285,2.6645352591003757e-15,6.661338147750939e-16,1,f128r2_b128r2
2026-08-17T11:22:23.410542+00:00,c08a443872232e8d,1,fully_selected-all_fixed-structure_selected,rzz-hea,18,8,float64,5,1,fully_selected,f128r2_b128r2,,,2.0785730000000004,0.5026263999999999,0.0354784,1.5408355999999999,0.0,0.0,1,f128r2_b128r2
2026-08-17T11:22:23.446223+00:00,c08a443872232e8d,1,all_fixed-structure_selected-fully_selected,rzz-hea,10,8,float64,10,1,all_fixed,custom:libsad_all_fixed_9269b6c045e4.so,,,0.5250785,0.1555294,0.0189757,0.3509622,0.0,1.2212453270876722e-15,1,sad/build/libsad_all_fixed_9269b6c045e4.so
2026-08-17T11:22:23.446285+00:00,c08a443872232e8d,1,all_fixed-structure_selected-fully_selected,rzz-hea,10,8,float64,10,1,structure_selected,f128r2_b128r2_d6,,,0.4733415,0.1502254,0.0188851,0.3043294,4.440892098500626e-16,4.440892098500626e-16,1,f128r2_b128r2_d6
2026-08-17T11:22:23.446300+00:00,c08a443872232e8d,1,all_fixed-structure_selected-fully_selected,rzz-hea,10,8,float64,10,1,fully_selected,f32r2_b32r2_d6,compact:L2R2W0-L4R2W0,compact:L4R2W0-L2R2W0,0.360364,0.1189416,0.0190843,0.2226815,0.0,0.0,1,f32r2_b32r2_d6
2026-08-17T11:22:23.503046+00:00,c08a443872232e8d,1,structure_selected-fully_selected-all_fixed,xxz-hva,16,8,float64,5,1,all_fixed,custom:libsad_all_fixed_9269b6c045e4.so,,,1.451019,0.44516039999999996,0.047234000000000005,1.0271438000000002,6.938893903907228e-18,1.4224732503009818e-16,1,sad/build/libsad_all_fixed_9269b6c045e4.so
2026-08-17T11:22:23.503128+00:00,c08a443872232e8d,1,structure_selected-fully_selected-all_fixed,xxz-hva,16,8,float64,5,1,structure_selected,f128r2_b128r2,,,1.337405,0.5423515999999999,0.0190528,0.9679112,4.85722573273506e-17,8.326672684688674e-17,1,f128r2_b128r2
2026-08-17T11:22:23.503145+00:00,c08a443872232e8d,1,structure_selected-fully_selected-all_fixed,xxz-hva,16,8,float64,5,1,fully_selected,f64r2_b64r2,,,1.242454,0.33791140000000003,0.0187986,0.8848706,0.0,0.0,1,f64r2_b64r2
2026-08-17T11:22:23.543173+00:00,c08a443872232e8d,1,fully_selected-all_fixed-structure_selected,rzz-hea,6,8,float64,20,1,all_fixed,custom:libsad_all_fixed_9269b6c045e4.so,,,0.30719099999999994,0.08770645,0.0190486,0.20092030000000002,1.1102230246251565e-15,1.0547118733938987e-15,1,sad/build/libsad_all_fixed_9269b6c045e4.so
2026-08-17T11:22:23.543241+00:00,c08a443872232e8d,1,fully_selected-all_fixed-structure_selected,rzz-hea,6,8,float64,20,1,structure_selected,f128r2_b128r2,,,0.2642955,0.0664341,0.0188701,0.17935155,0.0,0.0,1,f128r2_b128r2
2026-08-17T11:22:23.543256+00:00,c08a443872232e8d,1,fully_selected-all_fixed-structure_selected,rzz-hea,6,8,float64,20,1,fully_selected,f32r2_b32r2,,,0.2132565,0.056337149999999996,0.01897205,0.13815054999999998,0.0,0.0,1,f32r2_b32r2
2026-08-17T11:22:24.491583+00:00,c08a443872232e8d,1,all_fixed-structure_selected-fully_selected,ra-hea,24,8,float64,3,1,all_fixed,custom:libsad_all_fixed_9269b6c045e4.so,,,114.583798,27.153171,1.7194256666666667,85.741477,5.551115123125783e-17,2.0539125955565396e-15,1,sad/build/libsad_all_fixed_9269b6c045e4.so
2026-08-17T11:22:24.491679+00:00,c08a443872232e8d,1,all_fixed-structure_selected-fully_selected,ra-hea,24,8,float64,3,1,structure_selected,f128r2_b128r2,,,62.833178000000004,15.165001333333333,0.932591,47.09376266666667,5.551115123125783e-17,1.9984014443252818e-15,1,f128r2_b128r2
2026-08-17T11:22:24.491697+00:00,c08a443872232e8d,1,all_fixed-structure_selected-fully_selected,ra-hea,24,8,float64,3,1,fully_selected,f64r4_b64r4,,,49.709463,14.247035333333333,0.9253323333333333,34.638735,0.0,0.0,1,f64r4_b64r4
2026-08-17T11:22:24.515256+00:00,c08a443872232e8d,1,structure_selected-fully_selected-all_fixed,qaoa,8,8,float64,20,1,all_fixed,custom:libsad_all_fixed_9269b6c045e4.so,,,0.30447949999999996,0.09020145,0.018995,0.19535125,2.6645352591003757e-15,5.329070518200751e-15,1,sad/build/libsad_all_fixed_9269b6c045e4.so
2026-08-17T11:22:24.515320+00:00,c08a443872232e8d,1,structure_selected-fully_selected-all_fixed,qaoa,8,8,float64,20,1,structure_selected,f128r2_b128r2,,,0.26621,0.07182565,0.01907885,0.1788165,0.0,0.0,1,f128r2_b128r2
2026-08-17T11:22:24.515335+00:00,c08a443872232e8d,1,structure_selected-fully_selected-all_fixed,qaoa,8,8,float64,20,1,fully_selected,f64r2_b64r2,,,0.203734,0.059288549999999995,0.0185126,0.12597675,0.0,0.0,1,f64r2_b64r2
2026-08-17T11:22:24.542974+00:00,c08a443872232e8d,1,fully_selected-all_fixed-structure_selected,ra-hea,18,8,float64,5,1,all_fixed,custom:libsad_all_fixed_9269b6c045e4.so,,,1.62504,0.3953518,0.0354536,1.1942104,8.881784197001252e-16,2.7755575615628914e-16,1,sad/build/libsad_all_fixed_9269b6c045e4.so
2026-08-17T11:22:24.543039+00:00,c08a443872232e8d,1,fully_selected-all_fixed-structure_selected,ra-hea,18,8,float64,5,1,structure_selected,f128r2_b128r2,,,1.0167869999999999,0.2702674,0.0268496,0.7239716,3.3306690738754696e-16,3.3306690738754696e-16,1,f128r2_b128r2
2026-08-17T11:22:24.543055+00:00,c08a443872232e8d,1,fully_selected-all_fixed-structure_selected,ra-hea,18,8,float64,5,1,fully_selected,f128r2_b128r2,,,1.043552,0.2770006,0.0269574,0.7394316,0.0,0.0,1,f128r2_b128r2
2026-08-17T11:22:25.353972+00:00,c08a443872232e8d,1,all_fixed-structure_selected-fully_selected,xxz-hva,22,8,float64,3,1,all_fixed,custom:libsad_all_fixed_9269b6c045e4.so,,,68.153522,15.071449000000001,0.35959066666666667,52.73555266666666,6.938893903907228e-17,1.3322676295501878e-15,1,sad/build/libsad_all_fixed_9269b6c045e4.so
2026-08-17T11:22:25.354060+00:00,c08a443872232e8d,1,all_fixed-structure_selected-fully_selected,xxz-hva,22,8,float64,3,1,structure_selected,f128r2_b128r2,,,67.691795,15.001067333333333,0.35584033333333337,52.25577033333333,2.7755575615628914e-17,1.1518563880486e-15,1,f128r2_b128r2
2026-08-17T11:22:25.354077+00:00,c08a443872232e8d,1,all_fixed-structure_selected-fully_selected,xxz-hva,22,8,float64,3,1,fully_selected,f128r3_b32r3,,,63.00636899999999,14.623379333333334,0.35909433333333335,47.66677433333333,0.0,0.0,1,f128r3_b32r3
2026-08-17T11:22:25.375261+00:00,c08a443872232e8d,1,structure_selected-fully_selected-all_fixed,qaoa,14,8,float64,10,1,all_fixed,custom:libsad_all_fixed_9269b6c045e4.so,,,0.5068935,0.1662995,0.0189383,0.3210013,2.6645352591003757e-15,1.4210854715202004e-14,1,sad/build/libsad_all_fixed_9269b6c045e4.so
2026-08-17T11:22:25.375327+00:00,c08a443872232e8d,1,structure_selected-fully_selected-all_fixed,qaoa,14,8,float64,10,1,structure_selected,f128r2_b128r2,,,0.47128600000000004,0.1443218,0.018657299999999998,0.3083773,2.6645352591003757e-15,1.2434497875801753e-14,1,f128r2_b128r2
2026-08-17T11:22:25.375344+00:00,c08a443872232e8d,1,structure_selected-fully_selected-all_fixed,qaoa,14,8,float64,10,1,fully_selected,f32r2_b32r2,,,0.3109355,0.2020458,0.0189376,0.1854091,0.0,0.0,1,f32r2_b32r2
2026-08-17T11:22:25.388085+00:00,c08a443872232e8d,1,fully_selected-all_fixed-structure_selected,ra-hea,4,8,float64,20,1,all_fixed,custom:libsad_all_fixed_9269b6c045e4.so,,,0.17487350000000002,0.0493327,0.019074,0.10568735,0.0,0.0,1,sad/build/libsad_all_fixed_9269b6c045e4.so
2026-08-17T11:22:25.388152+00:00,c08a443872232e8d,1,fully_selected-all_fixed-structure_selected,ra-hea,4,8,float64,20,1,structure_selected,f128r2_b128r2,,,0.1259715,0.037422399999999995,0.018777,0.07006825,0.0,0.0,1,f128r2_b128r2
2026-08-17T11:22:25.388166+00:00,c08a443872232e8d,1,fully_selected-all_fixed-structure_selected,ra-hea,4,8,float64,20,1,fully_selected,f32r2_b32r2,,,0.1045785,0.03182115,0.0188765,0.053968600000000005,0.0,0.0,1,f32r2_b32r2
2026-08-17T11:22:25.401465+00:00,c08a443872232e8d,1,all_fixed-structure_selected-fully_selected,ra-hea,16,8,float64,5,1,all_fixed,custom:libsad_all_fixed_9269b6c045e4.so,,,0.562847,0.1652336,0.018857999999999996,0.37868219999999997,2.7755575615628914e-17,4.440892098500626e-16,1,sad/build/libsad_all_fixed_9269b6c045e4.so
2026-08-17T11:22:25.401525+00:00,c08a443872232e8d,1,all_fixed-structure_selected-fully_selected,ra-hea,16,8,float64,5,1,structure_selected,f128r2_b128r2,,,0.43199299999999996,0.13524280000000002,0.019399000000000003,0.2773272,1.1102230246251565e-16,3.885780586188048e-16,1,f128r2_b128r2
2026-08-17T11:22:25.401541+00:00,c08a443872232e8d,1,all_fixed-structure_selected-fully_selected,ra-hea,16,8,float64,5,1,fully_selected,f64r2_b64r2,,,0.399485,0.1286246,0.018592,0.252348,0.0,0.0,1,f64r2_b64r2
2026-08-17T11:22:25.508007+00:00,c08a443872232e8d,1,structure_selected-fully_selected-all_fixed,qaoa,20,8,float64,5,1,all_fixed,custom:libsad_all_fixed_9269b6c045e4.so,,,5.803764999999999,1.7106724,0.07820099999999999,4.0831488,1.7763568394002505e-15,1.2434497875801753e-14,1,sad/build/libsad_all_fixed_9269b6c045e4.so
2026-08-17T11:22:25.508086+00:00,c08a443872232e8d,1,structure_selected-fully_selected-all_fixed,qaoa,20,8,float64,5,1,structure_selected,f128r2_b128r2,,,5.13847,1.3193928,0.0781052,3.8083378,1.7763568394002505e-15,6.217248937900877e-15,1,f128r2_b128r2
2026-08-17T11:22:25.508106+00:00,c08a443872232e8d,1,structure_selected-fully_selected-all_fixed,qaoa,20,8,float64,5,1,fully_selected,f128r2_b128r2,,,5.137265999999999,1.2935486,0.2265202,3.8100148,0.0,0.0,1,f128r2_b128r2
2026-08-17T11:22:25.532000+00:00,c08a443872232e8d,1,fully_selected-all_fixed-structure_selected,su2-hea,8,8,float64,20,1,all_fixed,custom:libsad_all_fixed_9269b6c045e4.so,,,0.31889500000000004,0.0857105,0.0189418,0.21438845000000004,0.0,0.0,1,sad/build/libsad_all_fixed_9269b6c045e4.so
2026-08-17T11:22:25.532065+00:00,c08a443872232e8d,1,fully_selected-all_fixed-structure_selected,su2-hea,8,8,float64,20,1,structure_selected,f128r2_b128r2,,,0.308005,0.07541275,0.0187405,0.2139671,0.0,0.0,1,f128r2_b128r2
2026-08-17T11:22:25.532080+00:00,c08a443872232e8d,1,fully_selected-all_fixed-structure_selected,su2-hea,8,8,float64,20,1,fully_selected,f64r2_b64r2,,,0.256881,0.06493515,0.01883765,0.1723882,0.0,0.0,1,f64r2_b64r2
2026-08-17T11:22:25.552824+00:00,c08a443872232e8d,1,all_fixed-structure_selected-fully_selected,su2-hea,12,8,float64,10,1,all_fixed,custom:libsad_all_fixed_9269b6c045e4.so,,,0.502603,0.23873500000000003,0.019088599999999997,0.33951210000000004,0.0,6.071532165918825e-17,1,sad/build/libsad_all_fixed_9269b6c045e4.so
2026-08-17T11:22:25.552886+00:00,c08a443872232e8d,1,all_fixed-structure_selected-fully_selected,su2-hea,12,8,float64,10,1,structure_selected,f128r2_b128r2,,,0.49977699999999997,0.1408858,0.0187847,0.34010429999999997,0.0,6.071532165918825e-17,1,f128r2_b128r2
2026-08-17T11:22:25.552901+00:00,c08a443872232e8d,1,all_fixed-structure_selected-fully_selected,su2-hea,12,8,float64,10,1,fully_selected,f32r2_b32r2,,,0.36390049999999996,0.110136,0.018878699999999998,0.23630569999999998,0.0,0.0,1,f32r2_b32r2
2026-08-17T11:22:25.952803+00:00,c08a443872232e8d,1,structure_selected-fully_selected-all_fixed,rzz-hea,22,8,float64,3,1,all_fixed,custom:libsad_all_fixed_9269b6c045e4.so,,,32.659890999999995,7.499550666666667,0.7206496666666667,24.596567999999998,8.881784197001252e-16,1.3322676295501878e-15,1,sad/build/libsad_all_fixed_9269b6c045e4.so
2026-08-17T11:22:25.952887+00:00,c08a443872232e8d,1,structure_selected-fully_selected-all_fixed,rzz-hea,22,8,float64,3,1,structure_selected,f128r2_b128r2,,,31.388221,6.571710333333334,0.4708016666666667,24.231703333333336,4.440892098500626e-16,1.3322676295501878e-15,1,f128r2_b128r2
2026-08-17T11:22:25.952904+00:00,c08a443872232e8d,1,structure_selected-fully_selected-all_fixed,rzz-hea,22,8,float64,3,1,fully_selected,f128r2_b128r2,,,31.055056,6.935337,0.39538,24.028778,0.0,0.0,1,f128r2_b128r2
2026-08-17T11:22:26.038549+00:00,c08a443872232e8d,1,fully_selected-all_fixed-structure_selected,xxz-hva,18,8,float64,5,1,all_fixed,custom:libsad_all_fixed_9269b6c045e4.so,,,4.489726,1.1569414,0.0357236,3.2979742,6.938893903907228e-17,2.3592239273284576e-16,1,sad/build/libsad_all_fixed_9269b6c045e4.so
2026-08-17T11:22:26.038623+00:00,c08a443872232e8d,1,fully_selected-all_fixed-structure_selected,xxz-hva,18,8,float64,5,1,structure_selected,f128r2_b128r2,,,4.253373,1.0541946,0.0355674,3.3726334,1.3877787807814457e-17,2.42861286636753e-16,1,f128r2_b128r2
2026-08-17T11:22:26.038639+00:00,c08a443872232e8d,1,fully_selected-all_fixed-structure_selected,xxz-hva,18,8,float64,5,1,fully_selected,f32r2_b32r2,,,4.150709,1.0443736000000001,0.0356108,3.101283,0.0,0.0,1,f32r2_b32r2
2026-08-17T11:22:26.056517+00:00,c08a443872232e8d,1,all_fixed-structure_selected-fully_selected,xxz-hva,4,8,float64,20,1,all_fixed,custom:libsad_all_fixed_9269b6c045e4.so,,,0.21085700000000002,0.060647599999999996,0.01859625,0.13130570000000003,0.0,2.220446049250313e-16,1,sad/build/libsad_all_fixed_9269b6c045e4.so
2026-08-17T11:22:26.056579+00:00,c08a443872232e8d,1,all_fixed-structure_selected-fully_selected,xxz-hva,4,8,float64,20,1,structure_selected,f128r2_b128r2,,,0.207706,0.06018205,0.0187661,0.12863129999999998,0.0,0.0,1,f128r2_b128r2
2026-08-17T11:22:26.056593+00:00,c08a443872232e8d,1,all_fixed-structure_selected-fully_selected,xxz-hva,4,8,float64,20,1,fully_selected,f32r2_b32r2,,,0.178357,0.06928925,0.02560415,0.1035586,0.0,0.0,1,f32r2_b32r2
2026-08-17T11:22:26.427367+00:00,c08a443872232e8d,1,structure_selected-fully_selected-all_fixed,su2-hea,22,8,float64,3,1,all_fixed,custom:libsad_all_fixed_9269b6c045e4.so,,,30.849038,6.125731,0.39584400000000003,24.385804666666665,2.42861286636753e-17,3.7470027081099033e-16,1,sad/build/libsad_all_fixed_9269b6c045e4.so
2026-08-17T11:22:26.427453+00:00,c08a443872232e8d,1,structure_selected-fully_selected-all_fixed,su2-hea,22,8,float64,3,1,structure_selected,f128r2_b128r2,,,30.028865000000003,5.259376666666667,0.39247299999999996,24.425745,2.0816681711721685e-17,3.3306690738754696e-16,1,f128r2_b128r2
2026-08-17T11:22:26.427471+00:00,c08a443872232e8d,1,structure_selected-fully_selected-all_fixed,su2-hea,22,8,float64,3,1,fully_selected,f128r2_b64r4,,,27.555888,5.404519333333333,0.39071766666666663,22.056759,0.0,0.0,1,f128r2_b64r4
2026-08-17T11:22:26.443682+00:00,c08a443872232e8d,1,fully_selected-all_fixed-structure_selected,qaoa,16,8,float64,5,1,all_fixed,custom:libsad_all_fixed_9269b6c045e4.so,,,0.6397619999999999,0.204249,0.0193456,0.4114068,5.329070518200751e-15,9.325873406851315e-15,1,sad/build/libsad_all_fixed_9269b6c045e4.so
2026-08-17T11:22:26.443743+00:00,c08a443872232e8d,1,fully_selected-all_fixed-structure_selected,qaoa,16,8,float64,5,1,structure_selected,f128r2_b128r2,,,0.563867,0.1710412,0.0189504,0.37372700000000003,0.0,7.105427357601002e-15,1,f128r2_b128r2
2026-08-17T11:22:26.443758+00:00,c08a443872232e8d,1,fully_selected-all_fixed-structure_selected,qaoa,16,8,float64,5,1,fully_selected,f64r2_b64r2,,,0.549866,0.1740126,0.0189276,0.3575246,0.0,0.0,1,f64r2_b64r2
2026-08-17T11:22:26.468658+00:00,c08a443872232e8d,1,all_fixed-structure_selected-fully_selected,rzz-hea,14,8,float64,10,1,all_fixed,custom:libsad_all_fixed_9269b6c045e4.so,,,0.6863035000000001,0.19429780000000002,0.019129900000000002,0.47284349999999997,0.0,5.551115123125783e-16,1,sad/build/libsad_all_fixed_9269b6c045e4.so
2026-08-17T11:22:26.468723+00:00,c08a443872232e8d,1,all_fixed-structure_selected-fully_selected,rzz-hea,14,8,float64,10,1,structure_selected,f128r2_b128r2,,,0.634841,0.1906301,0.018667700000000002,0.42933479999999996,2.220446049250313e-16,5.551115123125783e-16,1,f128r2_b128r2
2026-08-17T11:22:26.468740+00:00,c08a443872232e8d,1,all_fixed-structure_selected-fully_selected,rzz-hea,14,8,float64,10,1,fully_selected,f32r2_b32r2,,,0.48113449999999996,0.14942650000000002,0.0192313,0.3126874,0.0,0.0,1,f32r2_b32r2
2026-08-17T11:22:30.601089+00:00,c08a443872232e8d,1,structure_selected-fully_selected-all_fixed,qaoa,26,8,float64,2,1,all_fixed,custom:libsad_all_fixed_9269b6c045e4.so,,,511.50247299999995,140.66732599999997,3.5359035000000003,367.2992435,5.329070518200751e-15,1.227462576025573e-12,1,sad/build/libsad_all_fixed_9269b6c045e4.so
2026-08-17T11:22:30.601188+00:00,c08a443872232e8d,1,structure_selected-fully_selected-all_fixed,qaoa,26,8,float64,2,1,structure_selected,f128r2_b128r2,,,441.90017,109.557399,2.8050705,329.53770049999997,3.552713678800501e-15,1.219468970248272e-12,1,f128r2_b128r2
2026-08-17T11:22:30.601206+00:00,c08a443872232e8d,1,structure_selected-fully_selected-all_fixed,qaoa,26,8,float64,2,1,fully_selected,f128r2_b128r3,,,410.7605535,109.887071,2.7858265,298.087656,0.0,0.0,1,f128r2_b128r3
2026-08-17T11:22:34.456862+00:00,c08a443872232e8d,1,fully_selected-all_fixed-structure_selected,xxz-hva,24,8,float64,3,1,all_fixed,custom:libsad_all_fixed_9269b6c045e4.so,,,332.99294199999997,74.91148233333334,1.600585,257.857833,4.163336342344337e-17,1.5959455978986625e-15,1,sad/build/libsad_all_fixed_9269b6c045e4.so
2026-08-17T11:22:34.456963+00:00,c08a443872232e8d,1,fully_selected-all_fixed-structure_selected,xxz-hva,24,8,float64,3,1,structure_selected,f128r2_b128r2,,,331.808545,72.727478,1.7271843333333334,258.08633266666664,4.163336342344337e-17,1.6653345369377348e-15,1,f128r2_b128r2
2026-08-17T11:22:34.456980+00:00,c08a443872232e8d,1,fully_selected-all_fixed-structure_selected,xxz-hva,24,8,float64,3,1,fully_selected,f128r3_b32r3,,,275.779508,64.19434733333333,1.568386,216.89871733333334,0.0,0.0,1,f128r3_b32r3
2026-08-17T11:22:34.495517+00:00,c08a443872232e8d,1,all_fixed-structure_selected-fully_selected,xxz-hva,10,8,float64,10,1,all_fixed,custom:libsad_all_fixed_9269b6c045e4.so,,,0.9159940000000001,0.3088412,0.0472234,0.6372842,8.326672684688674e-17,8.326672684688674e-16,1,sad/build/libsad_all_fixed_9269b6c045e4.so
2026-08-17T11:22:34.495593+00:00,c08a443872232e8d,1,all_fixed-structure_selected-fully_selected,xxz-hva,10,8,float64,10,1,structure_selected,f128r2_b128r2,,,0.8526355,0.2623956,0.0192087,0.6055539000000001,1.3877787807814457e-16,8.326672684688674e-16,1,f128r2_b128r2
2026-08-17T11:22:34.495608+00:00,c08a443872232e8d,1,all_fixed-structure_selected-fully_selected,xxz-hva,10,8,float64,10,1,fully_selected,f32r2_b32r2,,,0.5089345,0.18881869999999998,0.07109399999999999,0.5488127,0.0,0.0,1,f32r2_b32r2
2026-08-17T11:22:34.515581+00:00,c08a443872232e8d,1,structure_selected-fully_selected-all_fixed,su2-hea,16,8,float64,5,1,all_fixed,custom:libsad_all_fixed_9269b6c045e4.so,,,0.728631,0.216394,0.019992,0.5184508,3.122502256758253e-16,8.326672684688674e-17,1,sad/build/libsad_all_fixed_9269b6c045e4.so
2026-08-17T11:22:34.515648+00:00,c08a443872232e8d,1,structure_selected-fully_selected-all_fixed,su2-hea,16,8,float64,5,1,structure_selected,f128r2_b128r2,,,0.708378,0.25944,0.019090600000000003,0.5098402,2.7755575615628914e-17,8.326672684688674e-17,1,f128r2_b128r2
2026-08-17T11:22:34.515664+00:00,c08a443872232e8d,1,structure_selected-fully_selected-all_fixed,su2-hea,16,8,float64,5,1,fully_selected,f64r2_b64r2,,,0.662838,0.17618040000000001,0.019258200000000003,0.4686834,0.0,0.0,1,f64r2_b64r2
2026-08-17T11:23:26.171373+00:00,c08a443872232e8d,1,fully_selected-all_fixed-structure_selected,xxz-hva,28,8,float64,2,1,all_fixed,custom:libsad_all_fixed_9269b6c045e4.so,,,6148.067032,1430.0312875,42.560271,4675.475473500001,5.551115123125783e-17,7.924216838262055e-15,1,sad/build/libsad_all_fixed_9269b6c045e4.so
2026-08-17T11:23:26.171476+00:00,c08a443872232e8d,1,fully_selected-all_fixed-structure_selected,xxz-hva,28,8,float64,2,1,structure_selected,f128r2_b128r2,,,5595.119172,1249.2512825,40.461128,4305.4067615,6.938893903907228e-18,5.773159728050814e-15,1,f128r2_b128r2
2026-08-17T11:23:26.171495+00:00,c08a443872232e8d,1,fully_selected-all_fixed-structure_selected,xxz-hva,28,8,float64,2,1,fully_selected,f128r3_b32r3,,,5387.0725,1282.162364,43.725426999999996,4061.184709,0.0,0.0,1,f128r3_b32r3
2026-08-17T11:23:26.224941+00:00,c08a443872232e8d,1,all_fixed-structure_selected-fully_selected,rzz-hea,16,8,float64,5,1,all_fixed,custom:libsad_all_fixed_9269b6c045e4.so,,,0.90616,0.22321919999999998,0.019375999999999997,0.6635604,4.440892098500626e-16,1.3322676295501878e-15,1,sad/build/libsad_all_fixed_9269b6c045e4.so
2026-08-17T11:23:26.225017+00:00,c08a443872232e8d,1,all_fixed-structure_selected-fully_selected,rzz-hea,16,8,float64,5,1,structure_selected,f128r2_b128r2,,,0.897349,0.2162756,0.018865,0.6618288,3.3306690738754696e-16,8.881784197001252e-16,1,f128r2_b128r2
2026-08-17T11:23:26.225033+00:00,c08a443872232e8d,1,all_fixed-structure_selected-fully_selected,rzz-hea,16,8,float64,5,1,fully_selected,f64r2_b64r2,,,0.869052,0.2132264,0.0191042,0.6364232,0.0,0.0,1,f64r2_b64r2
2026-08-17T11:23:51.157740+00:00,c08a443872232e8d,1,structure_selected-fully_selected-all_fixed,rzz-hea,28,8,float64,2,1,all_fixed,custom:libsad_all_fixed_9269b6c045e4.so,,,2916.298222,766.1544650000001,85.296575,2064.8471820000004,1.6653345369377348e-16,4.263256414560601e-14,1,sad/build/libsad_all_fixed_9269b6c045e4.so
2026-08-17T11:23:51.157834+00:00,c08a443872232e8d,1,structure_selected-fully_selected-all_fixed,rzz-hea,28,8,float64,2,1,structure_selected,f128r2_b128r2,,,2816.6773244999995,633.2392335,87.92206900000001,2095.516022,2.7755575615628914e-17,4.296563105299356e-14,1,f128r2_b128r2
2026-08-17T11:23:51.157850+00:00,c08a443872232e8d,1,structure_selected-fully_selected-all_fixed,rzz-hea,28,8,float64,2,1,fully_selected,f64r4_b128r3,,,2576.858513,629.1419125,95.04710050000001,1852.6695000000002,0.0,0.0,1,f64r4_b128r3
2026-08-17T11:24:02.667841+00:00,c08a443872232e8d,1,fully_selected-all_fixed-structure_selected,xxz-hva,26,8,float64,2,1,all_fixed,custom:libsad_all_fixed_9269b6c045e4.so,,,1330.945827,317.481197,8.398246,1005.0663840000001,0.0,4.524158825347513e-15,1,sad/build/libsad_all_fixed_9269b6c045e4.so
2026-08-17T11:24:02.667935+00:00,c08a443872232e8d,1,fully_selected-all_fixed-structure_selected,xxz-hva,26,8,float64,2,1,structure_selected,f128r2_b128r2,,,1298.8807645,294.501569,7.528051,996.8511445,4.163336342344337e-17,6.2450045135165055e-15,1,f128r2_b128r2
2026-08-17T11:24:02.667950+00:00,c08a443872232e8d,1,fully_selected-all_fixed-structure_selected,xxz-hva,26,8,float64,2,1,fully_selected,f128r3_b32r3,,,1186.8312445,269.12705800000003,7.4579889999999995,910.2461975,0.0,0.0,1,f128r3_b32r3
2026-08-17T11:24:02.702391+00:00,c08a443872232e8d,1,all_fixed-structure_selected-fully_selected,su2-hea,6,8,float64,20,1,all_fixed,custom:libsad_all_fixed_9269b6c045e4.so,,,0.255743,0.07081135,0.0189235,0.16632125,0.0,1.8041124150158794e-16,1,sad/build/libsad_all_fixed_9269b6c045e4.so
2026-08-17T11:24:02.702463+00:00,c08a443872232e8d,1,all_fixed-structure_selected-fully_selected,su2-hea,6,8,float64,20,1,structure_selected,f128r2_b128r2,,,0.2360015,0.055487699999999994,0.0188851,0.16162110000000002,0.0,0.0,1,f128r2_b128r2
2026-08-17T11:24:02.702478+00:00,c08a443872232e8d,1,all_fixed-structure_selected-fully_selected,su2-hea,6,8,float64,20,1,fully_selected,f32r2_b32r2,,,0.18539699999999998,0.046810700000000004,0.018757350000000002,0.12066534999999999,0.0,0.0,1,f32r2_b32r2
2026-08-17T11:24:02.751342+00:00,c08a443872232e8d,1,structure_selected-fully_selected-all_fixed,xxz-hva,14,8,float64,10,1,all_fixed,custom:libsad_all_fixed_9269b6c045e4.so,,,1.24053,0.3474671,0.019196099999999997,0.8747793,1.491862189340054e-16,3.7903707950093235e-16,1,sad/build/libsad_all_fixed_9269b6c045e4.so
2026-08-17T11:24:02.751431+00:00,c08a443872232e8d,1,structure_selected-fully_selected-all_fixed,xxz-hva,14,8,float64,10,1,structure_selected,f128r2_b128r2,,,1.1591625,0.30456609999999995,0.0194215,0.8358552,6.591949208711867e-17,2.42861286636753e-16,1,f128r2_b128r2
2026-08-17T11:24:02.751447+00:00,c08a443872232e8d,1,structure_selected-fully_selected-all_fixed,xxz-hva,14,8,float64,10,1,fully_selected,f32r2_b32r2,,,0.744504,0.24374150000000003,0.033728999999999995,0.49570620000000004,0.0,0.0,1,f32r2_b32r2
2026-08-17T11:24:02.780723+00:00,c08a443872232e8d,1,fully_selected-all_fixed-structure_selected,rzz-hea,8,8,float64,20,1,all_fixed,custom:libsad_all_fixed_9269b6c045e4.so,,,0.39667,0.1588659,0.019010899999999997,0.26618959999999997,2.7755575615628914e-17,5.551115123125783e-16,1,sad/build/libsad_all_fixed_9269b6c045e4.so
2026-08-17T11:24:02.780815+00:00,c08a443872232e8d,1,fully_selected-all_fixed-structure_selected,rzz-hea,8,8,float64,20,1,structure_selected,f128r2_b128r2,,,0.3378405,0.09839955,0.0190322,0.2204916,0.0,1.1102230246251565e-16,1,f128r2_b128r2
2026-08-17T11:24:02.780832+00:00,c08a443872232e8d,1,fully_selected-all_fixed-structure_selected,rzz-hea,8,8,float64,20,1,fully_selected,f64r2_b64r2,,,0.28612,0.0877014,0.018832849999999998,0.1796912,0.0,0.0,1,f64r2_b64r2
2026-08-17T11:24:02.796575+00:00,c08a443872232e8d,1,all_fixed-structure_selected-fully_selected,qaoa,4,8,float64,20,1,all_fixed,custom:libsad_all_fixed_9269b6c045e4.so,,,0.18959099999999998,0.0647965,0.0186008,0.1060002,2.220446049250313e-15,6.217248937900877e-15,1,sad/build/libsad_all_fixed_9269b6c045e4.so
2026-08-17T11:24:02.796654+00:00,c08a443872232e8d,1,all_fixed-structure_selected-fully_selected,qaoa,4,8,float64,20,1,structure_selected,f128r2_b128r2,,,0.15570799999999999,0.043863099999999995,0.0184877,0.09336465000000001,0.0,0.0,1,f128r2_b128r2
2026-08-17T11:24:02.796669+00:00,c08a443872232e8d,1,all_fixed-structure_selected-fully_selected,qaoa,4,8,float64,20,1,fully_selected,f32r2_b32r2,,,0.1173515,0.03892425,0.018586049999999996,0.061128299999999997,0.0,0.0,1,f32r2_b32r2
2026-08-17T11:24:02.814130+00:00,c08a443872232e8d,1,structure_selected-fully_selected-all_fixed,su2-hea,4,8,float64,20,1,all_fixed,custom:libsad_all_fixed_9269b6c045e4.so,,,0.21194749999999998,0.080915,0.01884575,0.13157525,0.0,9.992007221626409e-16,1,sad/build/libsad_all_fixed_9269b6c045e4.so
2026-08-17T11:24:02.814212+00:00,c08a443872232e8d,1,structure_selected-fully_selected-all_fixed,su2-hea,4,8,float64,20,1,structure_selected,f128r2_b128r2,,,0.1863635,0.041647100000000006,0.01878855,0.1261427,0.0,0.0,1,f128r2_b128r2
2026-08-17T11:24:02.814227+00:00,c08a443872232e8d,1,structure_selected-fully_selected-all_fixed,su2-hea,4,8,float64,20,1,fully_selected,f32r2_b32r2,,,0.1386925,0.034998800000000004,0.0187072,0.0847368,0.0,0.0,1,f32r2_b32r2
2026-08-17T11:24:02.831137+00:00,c08a443872232e8d,1,fully_selected-all_fixed-structure_selected,qaoa,10,8,float64,10,1,all_fixed,custom:libsad_all_fixed_9269b6c045e4.so,,,0.39221649999999997,0.1339032,0.0191704,0.23961849999999998,3.552713678800501e-15,1.5543122344752192e-15,1,sad/build/libsad_all_fixed_9269b6c045e4.so
2026-08-17T11:24:02.831221+00:00,c08a443872232e8d,1,fully_selected-all_fixed-structure_selected,qaoa,10,8,float64,10,1,structure_selected,f128r2_b128r2,,,0.3585735,0.1133239,0.018809700000000002,0.22662410000000002,1.7763568394002505e-15,1.7763568394002505e-15,1,f128r2_b128r2
2026-08-17T11:24:02.831238+00:00,c08a443872232e8d,1,fully_selected-all_fixed-structure_selected,qaoa,10,8,float64,10,1,fully_selected,f32r2_b32r2,compact:L2R2W0-L4R2W0,compact:L4R2W0-L2R2W0,0.250435,0.0874062,0.0187908,0.1442428,0.0,0.0,1,f32r2_b32r2
2026-08-17T11:24:02.849054+00:00,c08a443872232e8d,2,fully_selected-all_fixed-structure_selected,qaoa,10,8,float64,10,1,all_fixed,custom:libsad_all_fixed_9269b6c045e4.so,,,0.39369350000000003,0.13424139999999998,0.0187812,0.24230770000000001,3.552713678800501e-15,1.5543122344752192e-15,1,sad/build/libsad_all_fixed_9269b6c045e4.so
2026-08-17T11:24:02.849138+00:00,c08a443872232e8d,2,fully_selected-all_fixed-structure_selected,qaoa,10,8,float64,10,1,structure_selected,f128r2_b128r2,,,0.3585605,0.2085328,0.0187165,0.2266329,8.881784197001252e-16,1.7763568394002505e-15,1,f128r2_b128r2
2026-08-17T11:24:02.849153+00:00,c08a443872232e8d,2,fully_selected-all_fixed-structure_selected,qaoa,10,8,float64,10,1,fully_selected,f32r2_b32r2,compact:L2R2W0-L4R2W0,compact:L4R2W0-L2R2W0,0.25083049999999996,0.0873326,0.0190485,0.1450658,0.0,0.0,1,f32r2_b32r2
2026-08-17T11:24:02.873828+00:00,c08a443872232e8d,2,all_fixed-structure_selected-fully_selected,xxz-hva,6,8,float64,20,1,all_fixed,custom:libsad_all_fixed_9269b6c045e4.so,,,0.29677149999999997,0.0800332,0.0189637,0.19735995,0.0,0.0,1,sad/build/libsad_all_fixed_9269b6c045e4.so
2026-08-17T11:24:02.873910+00:00,c08a443872232e8d,2,all_fixed-structure_selected-fully_selected,xxz-hva,6,8,float64,20,1,structure_selected,f128r2_b128r2_xsep,,,0.296958,0.0801291,0.019116150000000002,0.19929795,0.0,0.0,1,f128r2_b128r2_xsep
2026-08-17T11:24:02.873924+00:00,c08a443872232e8d,2,all_fixed-structure_selected-fully_selected,xxz-hva,6,8,float64,20,1,fully_selected,f32r2_b32r2_xsep,,,0.248706,0.07413465,0.0188786,0.1557866,0.0,0.0,1,f32r2_b32r2_xsep
2026-08-17T11:24:02.921921+00:00,c08a443872232e8d,2,structure_selected-fully_selected-all_fixed,rzz-hea,18,8,float64,5,1,all_fixed,custom:libsad_all_fixed_9269b6c045e4.so,,,2.1935890000000002,0.571446,0.0356044,1.5859332,8.881784197001252e-16,1.5543122344752192e-15,1,sad/build/libsad_all_fixed_9269b6c045e4.so
2026-08-17T11:24:02.922012+00:00,c08a443872232e8d,2,structure_selected-fully_selected-all_fixed,rzz-hea,18,8,float64,5,1,structure_selected,f128r2_b128r2,,,2.085852,0.5024268,0.035495000000000006,1.5458636,1.3322676295501878e-15,1.1102230246251565e-15,1,f128r2_b128r2
2026-08-17T11:24:02.922028+00:00,c08a443872232e8d,2,structure_selected-fully_selected-all_fixed,rzz-hea,18,8,float64,5,1,fully_selected,f128r2_b128r2,,,2.081747,0.5028118,0.035536599999999995,1.5451582000000001,0.0,0.0,1,f128r2_b128r2
2026-08-17T11:24:03.737151+00:00,c08a443872232e8d,2,fully_selected-all_fixed-structure_selected,xxz-hva,22,8,float64,3,1,all_fixed,custom:libsad_all_fixed_9269b6c045e4.so,,,68.06365000000001,15.196043,0.359167,52.289071666666665,6.938893903907228e-17,1.2628786905111156e-15,1,sad/build/libsad_all_fixed_9269b6c045e4.so
2026-08-17T11:24:03.737251+00:00,c08a443872232e8d,2,fully_selected-all_fixed-structure_selected,xxz-hva,22,8,float64,3,1,structure_selected,f128r2_b128r2,,,67.779267,14.757554666666667,0.43187099999999995,52.53353766666667,6.938893903907228e-17,1.0685896612017132e-15,1,f128r2_b128r2
2026-08-17T11:24:03.737269+00:00,c08a443872232e8d,2,fully_selected-all_fixed-structure_selected,xxz-hva,22,8,float64,3,1,fully_selected,f128r3_b32r3,,,63.127875,14.293047666666668,0.6784429999999999,48.14561166666667,0.0,0.0,1,f128r3_b32r3
2026-08-17T11:24:03.757666+00:00,c08a443872232e8d,2,all_fixed-structure_selected-fully_selected,rzz-hea,4,8,float64,20,1,all_fixed,custom:libsad_all_fixed_9269b6c045e4.so,,,0.2551745,0.07656795,0.018866949999999997,0.15987074999999998,2.220446049250313e-16,1.3322676295501878e-15,1,sad/build/libsad_all_fixed_9269b6c045e4.so
2026-08-17T11:24:03.757751+00:00,c08a443872232e8d,2,all_fixed-structure_selected-fully_selected,rzz-hea,4,8,float64,20,1,structure_selected,f128r2_b128r2,,,0.19808299999999998,0.048608750000000006,0.02110305,0.13081735,0.0,0.0,1,f128r2_b128r2
2026-08-17T11:24:03.757767+00:00,c08a443872232e8d,2,all_fixed-structure_selected-fully_selected,rzz-hea,4,8,float64,20,1,fully_selected,f32r2_b32r2,,,0.1676535,0.041842399999999995,0.01913165,0.1065126,0.0,0.0,1,f32r2_b32r2
2026-08-17T11:24:03.779690+00:00,c08a443872232e8d,2,structure_selected-fully_selected-all_fixed,su2-hea,12,8,float64,10,1,all_fixed,custom:libsad_all_fixed_9269b6c045e4.so,,,0.5028089999999998,0.14399779999999998,0.0188985,0.34015979999999996,5.551115123125783e-17,6.071532165918825e-17,1,sad/build/libsad_all_fixed_9269b6c045e4.so
2026-08-17T11:24:03.779763+00:00,c08a443872232e8d,2,structure_selected-fully_selected-all_fixed,su2-hea,12,8,float64,10,1,structure_selected,f128r2_b128r2,,,0.5001994999999999,0.1411327,0.019038,0.3399087,1.1102230246251565e-16,6.071532165918825e-17,1,f128r2_b128r2
2026-08-17T11:24:03.779779+00:00,c08a443872232e8d,2,structure_selected-fully_selected-all_fixed,su2-hea,12,8,float64,10,1,fully_selected,f32r2_b32r2,,,0.36511050000000006,0.12342869999999999,0.0402892,0.2361108,0.0,0.0,1,f32r2_b32r2
2026-08-17T11:24:03.802226+00:00,c08a443872232e8d,2,fully_selected-all_fixed-structure_selected,rzz-hea,16,8,float64,5,1,all_fixed,custom:libsad_all_fixed_9269b6c045e4.so,,,0.901949,0.22198,0.018972,0.6613488000000001,3.3306690738754696e-16,1.3322676295501878e-15,1,sad/build/libsad_all_fixed_9269b6c045e4.so
2026-08-17T11:24:03.802303+00:00,c08a443872232e8d,2,fully_selected-all_fixed-structure_selected,rzz-hea,16,8,float64,5,1,structure_selected,f128r2_b128r2,,,0.8958750000000001,0.2156786,0.019022200000000003,0.6611739999999999,3.3306690738754696e-16,8.881784197001252e-16,1,f128r2_b128r2
2026-08-17T11:24:03.802320+00:00,c08a443872232e8d,2,fully_selected-all_fixed-structure_selected,rzz-hea,16,8,float64,5,1,fully_selected,f64r2_b64r2,,,0.867383,0.21284060000000002,0.0190752,0.6371476,0.0,0.0,1,f64r2_b64r2
2026-08-17T11:24:03.822206+00:00,c08a443872232e8d,2,all_fixed-structure_selected-fully_selected,su2-hea,10,8,float64,10,1,all_fixed,custom:libsad_all_fixed_9269b6c045e4.so,,,0.4388145,0.12874929999999998,0.11493929999999998,0.2912225,2.0122792321330962e-16,4.996003610813204e-16,1,sad/build/libsad_all_fixed_9269b6c045e4.so
2026-08-17T11:24:03.822282+00:00,c08a443872232e8d,2,all_fixed-structure_selected-fully_selected,su2-hea,10,8,float64,10,1,structure_selected,f128r2_b128r2,,,0.4495765,0.13822009999999998,0.0191216,0.29222739999999997,1.1102230246251565e-16,3.5388358909926865e-16,1,f128r2_b128r2
2026-08-17T11:24:03.822300+00:00,c08a443872232e8d,2,all_fixed-structure_selected-fully_selected,su2-hea,10,8,float64,10,1,fully_selected,f32r2_b32r2,compact:L4R0W0-L5R1W0,compact:L2R2W0-L4R2W0,0.3194535,0.0917115,0.018791900000000004,0.20926,0.0,0.0,1,f32r2_b32r2
2026-08-17T11:24:03.961823+00:00,c08a443872232e8d,2,structure_selected-fully_selected-all_fixed,rzz-hea,20,8,float64,5,1,all_fixed,custom:libsad_all_fixed_9269b6c045e4.so,,,7.267676000000001,1.8726354,0.1232328,5.323292,9.992007221626409e-16,2.220446049250313e-15,1,sad/build/libsad_all_fixed_9269b6c045e4.so
2026-08-17T11:24:03.961922+00:00,c08a443872232e8d,2,structure_selected-fully_selected-all_fixed,rzz-hea,20,8,float64,5,1,structure_selected,f128r2_b128r2_d10,,,6.713131,1.4908970000000001,0.0931318,5.2082996,1.1102230246251565e-16,1.7763568394002505e-15,1,f128r2_b128r2_d10
2026-08-17T11:24:03.961940+00:00,c08a443872232e8d,2,structure_selected-fully_selected-all_fixed,rzz-hea,20,8,float64,5,1,fully_selected,f128r2_b128r2_d10,,,6.721393000000001,1.4906538,0.0965292,5.3508656,0.0,0.0,1,f128r2_b128r2_d10
2026-08-17T11:24:03.981117+00:00,c08a443872232e8d,2,fully_selected-all_fixed-structure_selected,ra-hea,14,8,float64,10,1,all_fixed,custom:libsad_all_fixed_9269b6c045e4.so,,,0.4798879999999999,0.1394471,0.0183401,0.3217812,5.551115123125783e-17,2.7755575615628914e-16,1,sad/build/libsad_all_fixed_9269b6c045e4.so
2026-08-17T11:24:03.981193+00:00,c08a443872232e8d,2,fully_selected-all_fixed-structure_selected,ra-hea,14,8,float64,10,1,structure_selected,f128r2_b128r2,,,0.37804699999999997,0.1234261,0.018816799999999998,0.2366347,5.551115123125783e-17,1.6653345369377348e-16,1,f128r2_b128r2
2026-08-17T11:24:03.981210+00:00,c08a443872232e8d,2,fully_selected-all_fixed-structure_selected,ra-hea,14,8,float64,10,1,fully_selected,f32r2_b32r2,,,0.28157,0.1003929,0.0190459,0.1623183,0.0,0.0,1,f32r2_b32r2
2026-08-17T11:24:07.473020+00:00,c08a443872232e8d,2,all_fixed-structure_selected-fully_selected,xxz-hva,24,8,float64,3,1,all_fixed,custom:libsad_all_fixed_9269b6c045e4.so,,,298.38948700000003,66.54947666666666,1.6170503333333333,230.18753299999997,2.7755575615628914e-17,1.6237011735142914e-15,1,sad/build/libsad_all_fixed_9269b6c045e4.so
2026-08-17T11:24:07.473118+00:00,c08a443872232e8d,2,all_fixed-structure_selected-fully_selected,xxz-hva,24,8,float64,3,1,structure_selected,f128r2_b128r2,,,293.490291,64.297672,1.5851016666666666,227.57474199999996,2.7755575615628914e-17,1.5890067039947553e-15,1,f128r2_b128r2
2026-08-17T11:24:07.473136+00:00,c08a443872232e8d,2,all_fixed-structure_selected-fully_selected,xxz-hva,24,8,float64,3,1,fully_selected,f128r3_b32r3,,,270.453102,62.345431,1.5714329999999999,206.78710199999998,0.0,0.0,1,f128r3_b32r3
2026-08-17T11:24:07.589765+00:00,c08a443872232e8d,2,structure_selected-fully_selected-all_fixed,qaoa,20,8,float64,5,1,all_fixed,custom:libsad_all_fixed_9269b6c045e4.so,,,5.805113,1.6853692,0.03551700000000001,4.3081062,1.0658141036401503e-14,1.5987211554602254e-14,1,sad/build/libsad_all_fixed_9269b6c045e4.so
2026-08-17T11:24:07.589845+00:00,c08a443872232e8d,2,structure_selected-fully_selected-all_fixed,qaoa,20,8,float64,5,1,structure_selected,f128r2_b128r2,,,5.137499,1.4845368,0.035630600000000005,3.808048,1.7763568394002505e-15,4.440892098500626e-15,1,f128r2_b128r2
2026-08-17T11:24:07.589861+00:00,c08a443872232e8d,2,structure_selected-fully_selected-all_fixed,qaoa,20,8,float64,5,1,fully_selected,f128r2_b128r2,,,5.138709,1.2937728000000002,0.035672,3.8813644000000003,0.0,0.0,1,f128r2_b128r2
2026-08-17T11:24:07.674742+00:00,c08a443872232e8d,2,fully_selected-all_fixed-structure_selected,xxz-hva,18,8,float64,5,1,all_fixed,custom:libsad_all_fixed_9269b6c045e4.so,,,4.472762,1.150412,0.0355248,3.2866342,8.326672684688674e-17,2.5673907444456745e-16,1,sad/build/libsad_all_fixed_9269b6c045e4.so
2026-08-17T11:24:07.674823+00:00,c08a443872232e8d,2,fully_selected-all_fixed-structure_selected,xxz-hva,18,8,float64,5,1,structure_selected,f128r2_b128r2,,,4.258616,1.0529532000000001,0.0355516,3.375744,2.0816681711721685e-17,2.5673907444456745e-16,1,f128r2_b128r2
2026-08-17T11:24:07.674839+00:00,c08a443872232e8d,2,fully_selected-all_fixed-structure_selected,xxz-hva,18,8,float64,5,1,fully_selected,f32r2_b32r2,,,3.908712,0.9880512,0.035704799999999995,2.9474547999999996,0.0,0.0,1,f32r2_b32r2
2026-08-17T11:24:07.715825+00:00,c08a443872232e8d,2,all_fixed-structure_selected-fully_selected,xxz-hva,14,8,float64,10,1,all_fixed,custom:libsad_all_fixed_9269b6c045e4.so,,,1.2388080000000001,0.3470736,0.0190708,0.8738776999999999,1.3704315460216776e-16,3.8510861166685117e-16,1,sad/build/libsad_all_fixed_9269b6c045e4.so
2026-08-17T11:24:07.715905+00:00,c08a443872232e8d,2,all_fixed-structure_selected-fully_selected,xxz-hva,14,8,float64,10,1,structure_selected,f128r2_b128r2,,,1.1599655,0.3253517,0.0190486,0.8370839,1.2663481374630692e-16,2.498001805406602e-16,1,f128r2_b128r2
2026-08-17T11:24:07.715920+00:00,c08a443872232e8d,2,all_fixed-structure_selected-fully_selected,xxz-hva,14,8,float64,10,1,fully_selected,f32r2_b32r2,,,0.743547,0.2306421,0.0191783,0.49384760000000005,0.0,0.0,1,f32r2_b32r2
2026-08-17T11:24:07.736378+00:00,c08a443872232e8d,2,structure_selected-fully_selected-all_fixed,qaoa,14,8,float64,10,1,all_fixed,custom:libsad_all_fixed_9269b6c045e4.so,,,0.5058465,0.26040300000000005,0.018958500000000003,0.3208513,1.7763568394002505e-15,1.6431300764452317e-14,1,sad/build/libsad_all_fixed_9269b6c045e4.so
2026-08-17T11:24:07.736461+00:00,c08a443872232e8d,2,structure_selected-fully_selected-all_fixed,qaoa,14,8,float64,10,1,structure_selected,f128r2_b128r2,,,0.4729465,0.1443971,0.0191942,0.30903769999999997,8.881784197001252e-16,1.3322676295501878e-14,1,f128r2_b128r2
2026-08-17T11:24:07.736478+00:00,c08a443872232e8d,2,structure_selected-fully_selected-all_fixed,qaoa,14,8,float64,10,1,fully_selected,f32r2_b32r2,,,0.311197,0.10647650000000002,0.0189708,0.1853933,0.0,0.0,1,f32r2_b32r2
2026-08-17T11:24:08.039049+00:00,c08a443872232e8d,2,fully_selected-all_fixed-structure_selected,xxz-hva,20,8,float64,5,1,all_fixed,custom:libsad_all_fixed_9269b6c045e4.so,,,16.199896,3.9919142,0.1372972,12.359071,3.469446951953614e-18,2.914335439641036e-16,1,sad/build/libsad_all_fixed_9269b6c045e4.so
2026-08-17T11:24:08.039139+00:00,c08a443872232e8d,2,fully_selected-all_fixed-structure_selected,xxz-hva,20,8,float64,5,1,structure_selected,f128r2_b128r2,,,16.128583000000003,3.8505103999999997,0.09296280000000001,12.3341486,3.9898639947466563e-17,9.020562075079397e-17,1,f128r2_b128r2
2026-08-17T11:24:08.039156+00:00,c08a443872232e8d,2,fully_selected-all_fixed-structure_selected,xxz-hva,20,8,float64,5,1,fully_selected,f128r2_b128r2,,,16.001268999999997,3.8251489999999997,0.0929364,12.397615400000001,0.0,0.0,1,f128r2_b128r2
2026-08-17T11:24:09.637925+00:00,c08a443872232e8d,2,all_fixed-structure_selected-fully_selected,su2-hea,24,8,float64,3,1,all_fixed,custom:libsad_all_fixed_9269b6c045e4.so,,,135.512532,34.49356366666667,1.8347786666666668,104.12507966666666,2.0816681711721685e-17,2.192690473634684e-15,1,sad/build/libsad_all_fixed_9269b6c045e4.so
2026-08-17T11:24:09.638021+00:00,c08a443872232e8d,2,all_fixed-structure_selected-fully_selected,su2-hea,24,8,float64,3,1,structure_selected,f128r2_b128r2,,,129.996291,24.831873,1.839640333333333,104.46876266666668,4.163336342344337e-17,2.2065682614424986e-15,1,f128r2_b128r2
2026-08-17T11:24:09.638038+00:00,c08a443872232e8d,2,all_fixed-structure_selected-fully_selected,su2-hea,24,8,float64,3,1,fully_selected,f128r2_b64r4,,,118.16215000000001,23.136641,1.72325,93.09928299999999,0.0,0.0,1,f128r2_b64r4
2026-08-17T11:24:11.352772+00:00,c08a443872232e8d,2,structure_selected-fully_selected-all_fixed,rzz-hea,24,8,float64,3,1,all_fixed,custom:libsad_all_fixed_9269b6c045e4.so,,,145.691387,36.81994266666667,1.785561,106.764713,2.6645352591003757e-15,1.1657341758564144e-14,1,sad/build/libsad_all_fixed_9269b6c045e4.so
2026-08-17T11:24:11.352865+00:00,c08a443872232e8d,2,structure_selected-fully_selected-all_fixed,rzz-hea,24,8,float64,3,1,structure_selected,f128r2_b128r2,,,137.768922,28.64455633333333,1.7575209999999999,107.51923033333333,8.881784197001252e-16,1.1657341758564144e-14,1,f128r2_b128r2
2026-08-17T11:24:11.352883+00:00,c08a443872232e8d,2,structure_selected-fully_selected-all_fixed,rzz-hea,24,8,float64,3,1,fully_selected,f128r2_b64r4,,,133.005063,28.740945666666665,1.8385316666666665,102.477266,0.0,0.0,1,f128r2_b64r4
2026-08-17T11:24:11.439794+00:00,c08a443872232e8d,2,fully_selected-all_fixed-structure_selected,ra-hea,20,8,float64,5,1,all_fixed,custom:libsad_all_fixed_9269b6c045e4.so,,,5.412916,1.2742162,0.093149,4.0451722,2.0816681711721685e-17,5.551115123125783e-16,1,sad/build/libsad_all_fixed_9269b6c045e4.so
2026-08-17T11:24:11.439872+00:00,c08a443872232e8d,2,fully_selected-all_fixed-structure_selected,ra-hea,20,8,float64,5,1,structure_selected,f128r2_b128r2,,,3.163703,0.857448,0.060195799999999994,2.4565376000000003,1.3877787807814457e-17,4.440892098500626e-16,1,f128r2_b128r2
2026-08-17T11:24:11.439888+00:00,c08a443872232e8d,2,fully_selected-all_fixed-structure_selected,ra-hea,20,8,float64,5,1,fully_selected,f64r4_b64r4,,,2.94495,0.8292660000000001,0.05985479999999999,2.0568636,0.0,0.0,1,f64r4_b64r4
2026-08-17T11:24:11.464195+00:00,c08a443872232e8d,2,all_fixed-structure_selected-fully_selected,su2-hea,8,8,float64,20,1,all_fixed,custom:libsad_all_fixed_9269b6c045e4.so,,,0.3193955,0.09262965000000001,0.025363350000000003,0.22061964999999997,0.0,0.0,1,sad/build/libsad_all_fixed_9269b6c045e4.so
2026-08-17T11:24:11.464265+00:00,c08a443872232e8d,2,all_fixed-structure_selected-fully_selected,su2-hea,8,8,float64,20,1,structure_selected,f128r2_b128r2,,,0.30789300000000003,0.07546655,0.018597449999999998,0.21377075,0.0,0.0,1,f128r2_b128r2
2026-08-17T11:24:11.464280+00:00,c08a443872232e8d,2,all_fixed-structure_selected-fully_selected,su2-hea,8,8,float64,20,1,fully_selected,f64r2_b64r2,,,0.256852,0.0650959,0.018853250000000002,0.17179365,0.0,0.0,1,f64r2_b64r2
2026-08-17T11:24:11.485713+00:00,c08a443872232e8d,2,structure_selected-fully_selected-all_fixed,rzz-hea,6,8,float64,20,1,all_fixed,custom:libsad_all_fixed_9269b6c045e4.so,,,0.3071875,0.0870031,0.0188053,0.20154835,1.1102230246251565e-15,1.0547118733938987e-15,1,sad/build/libsad_all_fixed_9269b6c045e4.so
2026-08-17T11:24:11.485787+00:00,c08a443872232e8d,2,structure_selected-fully_selected-all_fixed,rzz-hea,6,8,float64,20,1,structure_selected,f128r2_b128r2,,,0.26521100000000003,0.06657475,0.018924950000000003,0.17942465,0.0,0.0,1,f128r2_b128r2
2026-08-17T11:24:11.485803+00:00,c08a443872232e8d,2,structure_selected-fully_selected-all_fixed,rzz-hea,6,8,float64,20,1,fully_selected,f32r2_b32r2,,,0.21399900000000002,0.0563968,0.018816199999999998,0.13902115,0.0,0.0,1,f32r2_b32r2
2026-08-17T11:24:11.527831+00:00,c08a443872232e8d,2,fully_selected-all_fixed-structure_selected,su2-hea,18,8,float64,5,1,all_fixed,custom:libsad_all_fixed_9269b6c045e4.so,,,1.8943279999999998,0.44884260000000004,0.0351868,1.4101294000000002,1.8041124150158794e-16,1.1102230246251565e-16,1,sad/build/libsad_all_fixed_9269b6c045e4.so
2026-08-17T11:24:11.527910+00:00,c08a443872232e8d,2,fully_selected-all_fixed-structure_selected,su2-hea,18,8,float64,5,1,structure_selected,f128r2_b128r2,,,1.860603,0.4581858,0.035647,1.4095702,1.249000902703301e-16,1.1102230246251565e-16,1,f128r2_b128r2
2026-08-17T11:24:11.527926+00:00,c08a443872232e8d,2,fully_selected-all_fixed-structure_selected,su2-hea,18,8,float64,5,1,fully_selected,f128r2_b128r2,,,1.8584930000000002,0.41323999999999994,0.035504799999999996,1.409884,0.0,0.0,1,f128r2_b128r2
2026-08-17T11:24:11.542701+00:00,c08a443872232e8d,2,all_fixed-structure_selected-fully_selected,qaoa,4,8,float64,20,1,all_fixed,custom:libsad_all_fixed_9269b6c045e4.so,,,0.18948700000000002,0.0650832,0.01834485,0.1059279,2.220446049250313e-15,6.217248937900877e-15,1,sad/build/libsad_all_fixed_9269b6c045e4.so
2026-08-17T11:24:11.542769+00:00,c08a443872232e8d,2,all_fixed-structure_selected-fully_selected,qaoa,4,8,float64,20,1,structure_selected,f128r2_b128r2,,,0.1561165,0.043885099999999996,0.018723700000000003,0.09378494999999999,0.0,0.0,1,f128r2_b128r2
2026-08-17T11:24:11.542785+00:00,c08a443872232e8d,2,all_fixed-structure_selected-fully_selected,qaoa,4,8,float64,20,1,fully_selected,f32r2_b32r2,,,0.117577,0.0373255,0.01845265,0.06111555,0.0,0.0,1,f32r2_b32r2
2026-08-17T11:24:11.576606+00:00,c08a443872232e8d,2,structure_selected-fully_selected-all_fixed,xxz-hva,8,8,float64,20,1,all_fixed,custom:libsad_all_fixed_9269b6c045e4.so,,,0.4801525,0.12450765,0.01884525,0.336707,0.0,1.1102230246251565e-16,1,sad/build/libsad_all_fixed_9269b6c045e4.so
2026-08-17T11:24:11.576675+00:00,c08a443872232e8d,2,structure_selected-fully_selected-all_fixed,xxz-hva,8,8,float64,20,1,structure_selected,f128r2_b128r2,,,0.475196,0.12283364999999999,0.018879349999999996,0.33358765,0.0,0.0,1,f128r2_b128r2
2026-08-17T11:24:11.576691+00:00,c08a443872232e8d,2,structure_selected-fully_selected-all_fixed,xxz-hva,8,8,float64,20,1,fully_selected,f64r2_b64r2,,,0.43521550000000003,0.11596020000000001,0.01883595,0.30046550000000005,0.0,0.0,1,f64r2_b64r2
2026-08-17T11:24:11.607626+00:00,c08a443872232e8d,2,fully_selected-all_fixed-structure_selected,xxz-hva,16,8,float64,5,1,all_fixed,custom:libsad_all_fixed_9269b6c045e4.so,,,1.445918,0.5939509999999999,0.019069799999999998,1.0243341999999998,4.163336342344337e-17,1.5959455978986625e-16,1,sad/build/libsad_all_fixed_9269b6c045e4.so
2026-08-17T11:24:11.607694+00:00,c08a443872232e8d,2,fully_selected-all_fixed-structure_selected,xxz-hva,16,8,float64,5,1,structure_selected,f128r2_b128r2,,,1.339359,0.39538639999999997,0.019046999999999998,0.967928,2.0816681711721685e-17,1.0408340855860843e-16,1,f128r2_b128r2
2026-08-17T11:24:11.607711+00:00,c08a443872232e8d,2,fully_selected-all_fixed-structure_selected,xxz-hva,16,8,float64,5,1,fully_selected,f64r2_b64r2,,,1.239013,0.3360682,0.018890399999999998,0.8842656000000001,0.0,0.0,1,f64r2_b64r2
2026-08-17T11:24:11.628124+00:00,c08a443872232e8d,2,all_fixed-structure_selected-fully_selected,rzz-hea,10,8,float64,10,1,all_fixed,custom:libsad_all_fixed_9269b6c045e4.so,,,0.5257705,0.1555029,0.0189124,0.3513506,0.0,1.1102230246251565e-15,1,sad/build/libsad_all_fixed_9269b6c045e4.so
2026-08-17T11:24:11.628188+00:00,c08a443872232e8d,2,all_fixed-structure_selected-fully_selected,rzz-hea,10,8,float64,10,1,structure_selected,f128r2_b128r2_d6,,,0.47353100000000004,0.1500641,0.0190074,0.30344679999999996,4.440892098500626e-16,4.440892098500626e-16,1,f128r2_b128r2_d6
2026-08-17T11:24:11.628204+00:00,c08a443872232e8d,2,all_fixed-structure_selected-fully_selected,rzz-hea,10,8,float64,10,1,fully_selected,f32r2_b32r2_d6,compact:L2R2W0-L4R2W0,compact:L4R2W0-L2R2W0,0.36096399999999995,0.1188336,0.018881299999999997,0.2227972,0.0,0.0,1,f32r2_b32r2_d6
2026-08-17T11:24:11.642549+00:00,c08a443872232e8d,2,structure_selected-fully_selected-all_fixed,ra-hea,10,8,float64,10,1,all_fixed,custom:libsad_all_fixed_9269b6c045e4.so,,,0.36928950000000005,0.1100457,0.018987,0.2401599,2.7755575615628914e-17,2.7755575615628914e-16,1,sad/build/libsad_all_fixed_9269b6c045e4.so
2026-08-17T11:24:11.642613+00:00,c08a443872232e8d,2,structure_selected-fully_selected-all_fixed,ra-hea,10,8,float64,10,1,structure_selected,f128r2_b128r2,,,0.29411149999999997,0.0965048,0.018755,0.179011,1.3877787807814457e-16,3.608224830031759e-16,1,f128r2_b128r2
2026-08-17T11:24:11.642629+00:00,c08a443872232e8d,2,structure_selected-fully_selected-all_fixed,ra-hea,10,8,float64,10,1,fully_selected,f32r2_b32r2,,compact:L2R2W0-L4R2W0,0.2311455,0.0822772,0.0191195,0.129255,0.0,0.0,1,f32r2_b32r2
2026-08-17T11:24:11.655843+00:00,c08a443872232e8d,2,fully_selected-all_fixed-structure_selected,ra-hea,4,8,float64,20,1,all_fixed,custom:libsad_all_fixed_9269b6c045e4.so,,,0.17354050000000004,0.04899535,0.01873715,0.10590435,0.0,0.0,1,sad/build/libsad_all_fixed_9269b6c045e4.so
2026-08-17T11:24:11.655913+00:00,c08a443872232e8d,2,fully_selected-all_fixed-structure_selected,ra-hea,4,8,float64,20,1,structure_selected,f128r2_b128r2,,,0.1266615,0.0371305,0.0186811,0.07041534999999999,0.0,0.0,1,f128r2_b128r2
2026-08-17T11:24:11.655927+00:00,c08a443872232e8d,2,fully_selected-all_fixed-structure_selected,ra-hea,4,8,float64,20,1,fully_selected,f32r2_b32r2,,,0.1046105,0.03180345,0.01875055,0.054785200000000006,0.0,0.0,1,f32r2_b32r2
2026-08-17T11:24:11.690827+00:00,c08a443872232e8d,2,all_fixed-structure_selected-fully_selected,qaoa,18,8,float64,5,1,all_fixed,custom:libsad_all_fixed_9269b6c045e4.so,,,1.622996,0.4801166,0.0190766,1.1242497999999999,1.0658141036401503e-14,5.773159728050814e-14,1,sad/build/libsad_all_fixed_9269b6c045e4.so
2026-08-17T11:24:11.690899+00:00,c08a443872232e8d,2,all_fixed-structure_selected-fully_selected,qaoa,18,8,float64,5,1,structure_selected,f128r2_b128r2,,,1.443911,0.5823294,0.0193154,1.035881,3.552713678800501e-15,4.796163466380676e-14,1,f128r2_b128r2
2026-08-17T11:24:11.690914+00:00,c08a443872232e8d,2,all_fixed-structure_selected-fully_selected,qaoa,18,8,float64,5,1,fully_selected,f128r2_b32r2,,,1.3709529999999999,0.41193640000000004,0.048365000000000005,0.9644458,0.0,0.0,1,f128r2_b32r2
2026-08-17T11:24:11.704880+00:00,c08a443872232e8d,2,structure_selected-fully_selected-all_fixed,ra-hea,16,8,float64,5,1,all_fixed,custom:libsad_all_fixed_9269b6c045e4.so,,,0.564106,0.1651478,0.019242,0.379395,2.7755575615628914e-17,3.608224830031759e-16,1,sad/build/libsad_all_fixed_9269b6c045e4.so
2026-08-17T11:24:11.704946+00:00,c08a443872232e8d,2,structure_selected-fully_selected-all_fixed,ra-hea,16,8,float64,5,1,structure_selected,f128r2_b128r2,,,0.43113399999999996,0.1350728,0.018793,0.2772034,2.7755575615628914e-17,2.220446049250313e-16,1,f128r2_b128r2
2026-08-17T11:24:11.704962+00:00,c08a443872232e8d,2,structure_selected-fully_selected-all_fixed,ra-hea,16,8,float64,5,1,fully_selected,f64r2_b64r2,,,0.40023000000000003,0.128577,0.018751999999999998,0.2525804,0.0,0.0,1,f64r2_b64r2
2026-08-17T11:24:11.726864+00:00,c08a443872232e8d,2,fully_selected-all_fixed-structure_selected,su2-hea,14,8,float64,10,1,all_fixed,custom:libsad_all_fixed_9269b6c045e4.so,,,0.5676485,0.1595142,0.0188249,0.3887039,5.551115123125783e-17,1.214306433183765e-16,1,sad/build/libsad_all_fixed_9269b6c045e4.so
2026-08-17T11:24:11.726928+00:00,c08a443872232e8d,2,fully_selected-all_fixed-structure_selected,su2-hea,14,8,float64,10,1,structure_selected,f128r2_b128r2,,,0.5662505,0.1581417,0.019454100000000002,0.38862599999999997,1.3877787807814457e-16,1.214306433183765e-16,1,f128r2_b128r2
2026-08-17T11:24:11.726943+00:00,c08a443872232e8d,2,fully_selected-all_fixed-structure_selected,su2-hea,14,8,float64,10,1,fully_selected,f32r2_b32r2,,,0.41042900000000004,0.12404350000000001,0.0189752,0.2673571,0.0,0.0,1,f32r2_b32r2
2026-08-17T11:24:11.756787+00:00,c08a443872232e8d,2,all_fixed-structure_selected-fully_selected,xxz-hva,10,8,float64,10,1,all_fixed,custom:libsad_all_fixed_9269b6c045e4.so,,,0.9143705,0.25886020000000004,0.019031799999999998,0.6366353,8.326672684688674e-17,8.326672684688674e-16,1,sad/build/libsad_all_fixed_9269b6c045e4.so
2026-08-17T11:24:11.756860+00:00,c08a443872232e8d,2,all_fixed-structure_selected-fully_selected,xxz-hva,10,8,float64,10,1,structure_selected,f128r2_b128r2,,,0.8534550000000001,0.227523,0.0190035,0.6070363999999999,1.3877787807814457e-16,8.604228440844963e-16,1,f128r2_b128r2
2026-08-17T11:24:11.756875+00:00,c08a443872232e8d,2,all_fixed-structure_selected-fully_selected,xxz-hva,10,8,float64,10,1,fully_selected,f32r2_b32r2,,,0.5069064999999999,0.1525535,0.0187509,0.3355312,0.0,0.0,1,f32r2_b32r2
2026-08-17T11:24:11.792110+00:00,c08a443872232e8d,2,structure_selected-fully_selected-all_fixed,xxz-hva,12,8,float64,10,1,all_fixed,custom:libsad_all_fixed_9269b6c045e4.so,,,1.078284,0.3023957,0.0187656,0.7573898,1.8041124150158794e-16,4.2674197509029455e-16,1,sad/build/libsad_all_fixed_9269b6c045e4.so
2026-08-17T11:24:11.792178+00:00,c08a443872232e8d,2,structure_selected-fully_selected-all_fixed,xxz-hva,12,8,float64,10,1,structure_selected,f128r2_b128r2,,,1.0130405,0.2868737,0.032791600000000004,0.7267994,1.1102230246251565e-16,4.718447854656915e-16,1,f128r2_b128r2
2026-08-17T11:24:11.792194+00:00,c08a443872232e8d,2,structure_selected-fully_selected-all_fixed,xxz-hva,12,8,float64,10,1,fully_selected,f32r2_b32r2,,,0.5846935,0.1731131,0.018794299999999996,0.3926623,0.0,0.0,1,f32r2_b32r2
2026-08-17T11:24:11.809226+00:00,c08a443872232e8d,2,fully_selected-all_fixed-structure_selected,qaoa,12,8,float64,10,1,all_fixed,custom:libsad_all_fixed_9269b6c045e4.so,,,0.4494645,0.1498217,0.0188232,0.2809942,4.440892098500626e-15,4.440892098500626e-15,1,sad/build/libsad_all_fixed_9269b6c045e4.so
2026-08-17T11:24:11.809288+00:00,c08a443872232e8d,2,fully_selected-all_fixed-structure_selected,qaoa,12,8,float64,10,1,structure_selected,f128r2_b128r2,,,0.41565199999999997,0.129931,0.01863,0.2672399,0.0,2.886579864025407e-15,1,f128r2_b128r2
2026-08-17T11:24:11.809302+00:00,c08a443872232e8d,2,fully_selected-all_fixed-structure_selected,qaoa,12,8,float64,10,1,fully_selected,f32r2_b32r2,,,0.277477,0.09740439999999999,0.0187307,0.16233419999999998,0.0,0.0,1,f32r2_b32r2
2026-08-17T11:24:11.828093+00:00,c08a443872232e8d,2,all_fixed-structure_selected-fully_selected,su2-hea,6,8,float64,20,1,all_fixed,custom:libsad_all_fixed_9269b6c045e4.so,,,0.255147,0.07043125,0.01849605,0.1664611,0.0,1.8041124150158794e-16,1,sad/build/libsad_all_fixed_9269b6c045e4.so
2026-08-17T11:24:11.828173+00:00,c08a443872232e8d,2,all_fixed-structure_selected-fully_selected,su2-hea,6,8,float64,20,1,structure_selected,f128r2_b128r2,,,0.235501,0.055129750000000005,0.018712349999999996,0.1619418,0.0,0.0,1,f128r2_b128r2
2026-08-17T11:24:11.828189+00:00,c08a443872232e8d,2,all_fixed-structure_selected-fully_selected,su2-hea,6,8,float64,20,1,fully_selected,f32r2_b32r2,,,0.184184,0.04550534999999999,0.0188389,0.11753,0.0,0.0,1,f32r2_b32r2
2026-08-17T11:24:12.124377+00:00,c08a443872232e8d,2,structure_selected-fully_selected-all_fixed,qaoa,22,8,float64,3,1,all_fixed,custom:libsad_all_fixed_9269b6c045e4.so,,,25.35252,6.782472666666667,0.13716066666666665,18.900332000000002,1.7763568394002505e-15,4.796163466380676e-14,1,sad/build/libsad_all_fixed_9269b6c045e4.so
2026-08-17T11:24:12.124458+00:00,c08a443872232e8d,2,structure_selected-fully_selected-all_fixed,qaoa,22,8,float64,3,1,structure_selected,f128r2_b128r2,,,21.470394,5.021885,0.134121,16.204621666666664,1.7763568394002505e-15,8.881784197001252e-15,1,f128r2_b128r2
2026-08-17T11:24:12.124474+00:00,c08a443872232e8d,2,structure_selected-fully_selected-all_fixed,qaoa,22,8,float64,3,1,fully_selected,f128r2_b128r2,,,21.589266000000002,5.071179333333332,0.13392666666666667,16.730886,0.0,0.0,1,f128r2_b128r2
2026-08-17T11:24:12.143757+00:00,c08a443872232e8d,2,fully_selected-all_fixed-structure_selected,ra-hea,8,8,float64,20,1,all_fixed,custom:libsad_all_fixed_9269b6c045e4.so,,,0.272053,0.07346405,0.0189938,0.179641,0.0,3.885780586188048e-16,1,sad/build/libsad_all_fixed_9269b6c045e4.so
2026-08-17T11:24:12.143830+00:00,c08a443872232e8d,2,fully_selected-all_fixed-structure_selected,ra-hea,8,8,float64,20,1,structure_selected,f128r2_b128r2,,,0.204818,0.0580459,0.01897975,0.12721480000000002,0.0,0.0,1,f128r2_b128r2
2026-08-17T11:24:12.143845+00:00,c08a443872232e8d,2,fully_selected-all_fixed-structure_selected,ra-hea,8,8,float64,20,1,fully_selected,f64r2_b64r2,,,0.16383050000000002,0.050909,0.01834635,0.09449615,0.0,0.0,1,f64r2_b64r2
2026-08-17T11:24:12.163186+00:00,c08a443872232e8d,2,all_fixed-structure_selected-fully_selected,su2-hea,16,8,float64,5,1,all_fixed,custom:libsad_all_fixed_9269b6c045e4.so,,,0.730093,0.1908994,0.019012,0.520356,9.020562075079397e-17,1.249000902703301e-16,1,sad/build/libsad_all_fixed_9269b6c045e4.so
2026-08-17T11:24:12.163254+00:00,c08a443872232e8d,2,all_fixed-structure_selected-fully_selected,su2-hea,16,8,float64,5,1,structure_selected,f128r2_b128r2,,,0.7168580000000001,0.1815034,0.018892000000000003,0.516551,1.0408340855860843e-16,8.326672684688674e-17,1,f128r2_b128r2
2026-08-17T11:24:12.163272+00:00,c08a443872232e8d,2,all_fixed-structure_selected-fully_selected,su2-hea,16,8,float64,5,1,fully_selected,f64r2_b64r2,,,0.670813,0.1769568,0.019083799999999998,0.47508740000000005,0.0,0.0,1,f64r2_b64r2
2026-08-17T11:24:12.284705+00:00,c08a443872232e8d,2,structure_selected-fully_selected-all_fixed,su2-hea,20,8,float64,5,1,all_fixed,custom:libsad_all_fixed_9269b6c045e4.so,,,6.267732999999999,1.4878732000000001,0.0962692,4.684409400000001,0.0,1.1102230246251565e-16,1,sad/build/libsad_all_fixed_9269b6c045e4.so
2026-08-17T11:24:12.284786+00:00,c08a443872232e8d,2,structure_selected-fully_selected-all_fixed,su2-hea,20,8,float64,5,1,structure_selected,f128r2_b128r2,,,6.110361999999999,1.3339256000000002,0.09465380000000001,4.6811406,1.1102230246251565e-16,1.6653345369377348e-16,1,f128r2_b128r2
2026-08-17T11:24:12.284802+00:00,c08a443872232e8d,2,structure_selected-fully_selected-all_fixed,su2-hea,20,8,float64,5,1,fully_selected,f128r2_b128r2,,,6.115469999999999,1.3341424000000002,0.094348,4.904431,0.0,0.0,1,f128r2_b128r2
2026-08-17T11:24:12.305254+00:00,c08a443872232e8d,2,fully_selected-all_fixed-structure_selected,qaoa,8,8,float64,20,1,all_fixed,custom:libsad_all_fixed_9269b6c045e4.so,,,0.2714205,0.0816985,0.01884065,0.17145339999999998,2.6645352591003757e-15,5.329070518200751e-15,1,sad/build/libsad_all_fixed_9269b6c045e4.so
2026-08-17T11:24:12.305325+00:00,c08a443872232e8d,2,fully_selected-all_fixed-structure_selected,qaoa,8,8,float64,20,1,structure_selected,f128r2_b128r2,,,0.24214650000000001,0.0642986,0.018931,0.15895145,0.0,0.0,1,f128r2_b128r2
2026-08-17T11:24:12.305339+00:00,c08a443872232e8d,2,fully_selected-all_fixed-structure_selected,qaoa,8,8,float64,20,1,fully_selected,f64r2_b64r2,,,0.190486,0.0542345,0.018979000000000003,0.11655529999999999,0.0,0.0,1,f64r2_b64r2
2026-08-17T11:24:13.238833+00:00,c08a443872232e8d,2,all_fixed-structure_selected-fully_selected,ra-hea,24,8,float64,3,1,all_fixed,custom:libsad_all_fixed_9269b6c045e4.so,,,113.88110700000001,27.326639999999998,1.7453319999999999,85.23454166666666,2.498001805406602e-16,2.0261570199409107e-15,1,sad/build/libsad_all_fixed_9269b6c045e4.so
2026-08-17T11:24:13.238924+00:00,c08a443872232e8d,2,all_fixed-structure_selected-fully_selected,ra-hea,24,8,float64,3,1,structure_selected,f128r2_b128r2,,,62.888434999999994,14.410647333333333,0.9305876666666667,46.55803966666666,2.7755575615628914e-17,2.0261570199409107e-15,1,f128r2_b128r2
2026-08-17T11:24:13.238941+00:00,c08a443872232e8d,2,all_fixed-structure_selected-fully_selected,ra-hea,24,8,float64,3,1,fully_selected,f64r4_b64r4,,,49.565018,13.997771,1.2416299999999998,34.38001533333334,0.0,0.0,1,f64r4_b64r4
2026-08-17T11:24:13.273153+00:00,c08a443872232e8d,2,structure_selected-fully_selected-all_fixed,ra-hea,18,8,float64,5,1,all_fixed,custom:libsad_all_fixed_9269b6c045e4.so,,,1.6200080000000001,0.39782039999999996,0.22672920000000002,1.1978373999999998,8.881784197001252e-16,2.7755575615628914e-16,1,sad/build/libsad_all_fixed_9269b6c045e4.so
2026-08-17T11:24:13.273233+00:00,c08a443872232e8d,2,structure_selected-fully_selected-all_fixed,ra-hea,18,8,float64,5,1,structure_selected,f128r2_b128r2,,,1.110087,0.2931466,0.027607000000000003,0.789435,0.0,1.1102230246251565e-16,1,f128r2_b128r2
2026-08-17T11:24:13.273250+00:00,c08a443872232e8d,2,structure_selected-fully_selected-all_fixed,ra-hea,18,8,float64,5,1,fully_selected,f128r2_b128r2,,,1.109961,0.2931884,0.056932399999999994,0.786693,0.0,0.0,1,f128r2_b128r2
2026-08-17T11:24:13.289061+00:00,c08a443872232e8d,2,fully_selected-all_fixed-structure_selected,ra-hea,6,8,float64,20,1,all_fixed,custom:libsad_all_fixed_9269b6c045e4.so,,,0.217057,0.059943500000000004,0.0188527,0.1381622,0.0,1.1102230246251565e-16,1,sad/build/libsad_all_fixed_9269b6c045e4.so
2026-08-17T11:24:13.289129+00:00,c08a443872232e8d,2,fully_selected-all_fixed-structure_selected,ra-hea,6,8,float64,20,1,structure_selected,f128r2_b128r2,,,0.1567975,0.04428625,0.018517950000000002,0.09362650000000002,0.0,0.0,1,f128r2_b128r2
2026-08-17T11:24:13.289143+00:00,c08a443872232e8d,2,fully_selected-all_fixed-structure_selected,ra-hea,6,8,float64,20,1,fully_selected,f32r2_b32r2,,,0.12811000000000003,0.0392362,0.018641,0.07022965,0.0,0.0,1,f32r2_b32r2
2026-08-17T11:24:13.305872+00:00,c08a443872232e8d,2,all_fixed-structure_selected-fully_selected,ra-hea,12,8,float64,10,1,all_fixed,custom:libsad_all_fixed_9269b6c045e4.so,,,0.4251895,0.16883620000000002,0.0576507,0.29369359999999994,8.326672684688674e-17,2.220446049250313e-16,1,sad/build/libsad_all_fixed_9269b6c045e4.so
2026-08-17T11:24:13.305950+00:00,c08a443872232e8d,2,all_fixed-structure_selected-fully_selected,ra-hea,12,8,float64,10,1,structure_selected,f128r2_b128r2,,,0.329907,0.10770800000000001,0.018525,0.2038588,4.163336342344337e-17,2.636779683484747e-16,1,f128r2_b128r2
2026-08-17T11:24:13.305966+00:00,c08a443872232e8d,2,all_fixed-structure_selected-fully_selected,ra-hea,12,8,float64,10,1,fully_selected,f32r2_b32r2,compact:L5R1W0-L5R1W0,compact:L4R2W0-L4R2W0,0.25538900000000003,0.0899741,0.0190296,0.1464382,0.0,0.0,1,f32r2_b32r2
2026-08-17T11:24:13.336707+00:00,c08a443872232e8d,2,structure_selected-fully_selected-all_fixed,rzz-hea,8,8,float64,20,1,all_fixed,custom:libsad_all_fixed_9269b6c045e4.so,,,0.39743500000000004,0.14372715000000003,0.032202249999999995,0.26726055,2.7755575615628914e-17,5.551115123125783e-16,1,sad/build/libsad_all_fixed_9269b6c045e4.so
2026-08-17T11:24:13.336790+00:00,c08a443872232e8d,2,structure_selected-fully_selected-all_fixed,rzz-hea,8,8,float64,20,1,structure_selected,f128r2_b128r2,,,0.337895,0.10849325,0.035374499999999996,0.23364035,0.0,1.1102230246251565e-16,1,f128r2_b128r2
2026-08-17T11:24:13.336806+00:00,c08a443872232e8d,2,structure_selected-fully_selected-all_fixed,rzz-hea,8,8,float64,20,1,fully_selected,f64r2_b64r2,,,0.28564049999999996,0.1347382,0.0329602,0.17892925,0.0,0.0,1,f64r2_b64r2
2026-08-17T11:24:13.355862+00:00,c08a443872232e8d,2,fully_selected-all_fixed-structure_selected,su2-hea,4,8,float64,20,1,all_fixed,custom:libsad_all_fixed_9269b6c045e4.so,,,0.212566,0.1074447,0.047816750000000005,0.15143985000000001,0.0,9.992007221626409e-16,1,sad/build/libsad_all_fixed_9269b6c045e4.so
2026-08-17T11:24:13.355934+00:00,c08a443872232e8d,2,fully_selected-all_fixed-structure_selected,su2-hea,4,8,float64,20,1,structure_selected,f128r2_b128r2,,,0.18733049999999998,0.0420592,0.0188372,0.12620330000000002,0.0,0.0,1,f128r2_b128r2
2026-08-17T11:24:13.355949+00:00,c08a443872232e8d,2,fully_selected-all_fixed-structure_selected,su2-hea,4,8,float64,20,1,fully_selected,f32r2_b32r2,,,0.1386805,0.035113450000000004,0.0187546,0.08509960000000001,0.0,0.0,1,f32r2_b32r2
2026-08-17T11:24:13.377331+00:00,c08a443872232e8d,2,all_fixed-structure_selected-fully_selected,xxz-hva,4,8,float64,20,1,all_fixed,custom:libsad_all_fixed_9269b6c045e4.so,,,0.2119895,0.07591969999999999,0.0441466,0.13834205,0.0,2.220446049250313e-16,1,sad/build/libsad_all_fixed_9269b6c045e4.so
2026-08-17T11:24:13.377414+00:00,c08a443872232e8d,2,all_fixed-structure_selected-fully_selected,xxz-hva,4,8,float64,20,1,structure_selected,f128r2_b128r2,,,0.2087475,0.0607138,0.01887585,0.18097670000000002,0.0,0.0,1,f128r2_b128r2
2026-08-17T11:24:13.377430+00:00,c08a443872232e8d,2,all_fixed-structure_selected-fully_selected,xxz-hva,4,8,float64,20,1,fully_selected,f32r2_b32r2,,,0.1794945,0.07005635,0.0336031,0.12592335,0.0,0.0,1,f32r2_b32r2
2026-08-17T11:24:13.403533+00:00,c08a443872232e8d,2,structure_selected-fully_selected-all_fixed,rzz-hea,12,8,float64,10,1,all_fixed,custom:libsad_all_fixed_9269b6c045e4.so,,,0.5987665,0.2813928,0.037173000000000005,0.42830209999999996,1.1102230246251565e-16,7.771561172376096e-16,1,sad/build/libsad_all_fixed_9269b6c045e4.so
2026-08-17T11:24:13.403611+00:00,c08a443872232e8d,2,structure_selected-fully_selected-all_fixed,rzz-hea,12,8,float64,10,1,structure_selected,f128r2_b128r2,,,0.5462525,0.1865325,0.0495624,0.3551439,0.0,3.3306690738754696e-16,1,f128r2_b128r2
2026-08-17T11:24:13.403627+00:00,c08a443872232e8d,2,structure_selected-fully_selected-all_fixed,rzz-hea,12,8,float64,10,1,fully_selected,f32r2_b32r2,,,0.416742,0.146954,0.0344803,0.2876153,0.0,0.0,1,f32r2_b32r2
2026-08-17T11:24:14.726996+00:00,c08a443872232e8d,2,fully_selected-all_fixed-structure_selected,qaoa,24,8,float64,3,1,all_fixed,custom:libsad_all_fixed_9269b6c045e4.so,,,116.528177,30.113019,0.705733,85.97955733333333,7.105427357601002e-15,9.592326932761353e-14,1,sad/build/libsad_all_fixed_9269b6c045e4.so
2026-08-17T11:24:14.727090+00:00,c08a443872232e8d,2,fully_selected-all_fixed-structure_selected,qaoa,24,8,float64,3,1,structure_selected,f128r2_b128r2,,,99.45971800000001,24.138820666666668,0.7048176666666667,74.838166,8.881784197001252e-15,1.2434497875801753e-14,1,f128r2_b128r2
2026-08-17T11:24:14.727109+00:00,c08a443872232e8d,2,fully_selected-all_fixed-structure_selected,qaoa,24,8,float64,3,1,fully_selected,f128r2_b128r2,,,101.377775,25.36674,0.7741129999999999,77.41530933333334,0.0,0.0,1,f128r2_b128r2
2026-08-17T11:24:15.109890+00:00,c08a443872232e8d,2,all_fixed-structure_selected-fully_selected,su2-hea,22,8,float64,3,1,all_fixed,custom:libsad_all_fixed_9269b6c045e4.so,,,30.459338000000002,6.255910666666666,0.39485600000000004,23.977995000000004,4.163336342344337e-17,3.0531133177191805e-16,1,sad/build/libsad_all_fixed_9269b6c045e4.so
2026-08-17T11:24:15.109976+00:00,c08a443872232e8d,2,all_fixed-structure_selected-fully_selected,su2-hea,22,8,float64,3,1,structure_selected,f128r2_b128r2,,,29.875436999999998,5.442834666666667,0.3930306666666667,24.21928133333333,1.734723475976807e-17,3.608224830031759e-16,1,f128r2_b128r2
2026-08-17T11:24:15.109992+00:00,c08a443872232e8d,2,all_fixed-structure_selected-fully_selected,su2-hea,22,8,float64,3,1,fully_selected,f128r2_b64r4,,,27.763914,5.256045,0.3886866666666667,22.202909000000002,0.0,0.0,1,f128r2_b64r4
2026-08-17T11:24:15.331317+00:00,c08a443872232e8d,2,structure_selected-fully_selected-all_fixed,ra-hea,22,8,float64,3,1,all_fixed,custom:libsad_all_fixed_9269b6c045e4.so,,,26.344055,5.5552790000000005,0.46221866666666667,20.519705666666667,1.1102230246251565e-16,2.275957200481571e-15,1,sad/build/libsad_all_fixed_9269b6c045e4.so
2026-08-17T11:24:15.331405+00:00,c08a443872232e8d,2,structure_selected-fully_selected-all_fixed,ra-hea,22,8,float64,3,1,structure_selected,f128r2_b128r2,,,13.415693,3.0442126666666667,0.223175,10.260118666666667,5.551115123125783e-17,2.3314683517128287e-15,1,f128r2_b128r2
2026-08-17T11:24:15.331422+00:00,c08a443872232e8d,2,structure_selected-fully_selected-all_fixed,ra-hea,22,8,float64,3,1,fully_selected,f128r2_b64r4,,,11.182516,3.0841299999999996,0.221143,7.893151333333334,0.0,0.0,1,f128r2_b64r4
2026-08-17T11:24:15.348015+00:00,c08a443872232e8d,2,fully_selected-all_fixed-structure_selected,qaoa,16,8,float64,5,1,all_fixed,custom:libsad_all_fixed_9269b6c045e4.so,,,0.6204799999999999,0.198262,0.019079000000000002,0.4019368,8.881784197001252e-15,1.2434497875801753e-14,1,sad/build/libsad_all_fixed_9269b6c045e4.so
2026-08-17T11:24:15.348083+00:00,c08a443872232e8d,2,fully_selected-all_fixed-structure_selected,qaoa,16,8,float64,5,1,structure_selected,f128r2_b128r2,,,0.5428069999999999,0.16575600000000001,0.0188174,0.358116,1.7763568394002505e-15,1.2434497875801753e-14,1,f128r2_b128r2
2026-08-17T11:24:15.348102+00:00,c08a443872232e8d,2,fully_selected-all_fixed-structure_selected,qaoa,16,8,float64,5,1,fully_selected,f64r2_b64r2,,,0.526271,0.1658892,0.0194302,0.3410504,0.0,0.0,1,f64r2_b64r2
2026-08-17T11:24:15.364710+00:00,c08a443872232e8d,2,all_fixed-structure_selected-fully_selected,qaoa,6,8,float64,20,1,all_fixed,custom:libsad_all_fixed_9269b6c045e4.so,,,0.22935000000000003,0.07178854999999999,0.0188606,0.13873415,2.220446049250313e-15,2.7755575615628914e-15,1,sad/build/libsad_all_fixed_9269b6c045e4.so
2026-08-17T11:24:15.364776+00:00,c08a443872232e8d,2,all_fixed-structure_selected-fully_selected,qaoa,6,8,float64,20,1,structure_selected,f128r2_b128r2,,,0.19796,0.0528799,0.0188865,0.12638624999999998,0.0,0.0,1,f128r2_b128r2
2026-08-17T11:24:15.364790+00:00,c08a443872232e8d,2,all_fixed-structure_selected-fully_selected,qaoa,6,8,float64,20,1,fully_selected,f32r2_b32r2,,,0.13968049999999999,0.04346055,0.0190103,0.0776246,0.0,0.0,1,f32r2_b32r2
2026-08-17T11:24:15.390833+00:00,c08a443872232e8d,2,structure_selected-fully_selected-all_fixed,rzz-hea,14,8,float64,10,1,all_fixed,custom:libsad_all_fixed_9269b6c045e4.so,,,0.6655785,0.28210989999999997,0.0190611,0.45809,0.0,5.551115123125783e-16,1,sad/build/libsad_all_fixed_9269b6c045e4.so
2026-08-17T11:24:15.390900+00:00,c08a443872232e8d,2,structure_selected-fully_selected-all_fixed,rzz-hea,14,8,float64,10,1,structure_selected,f128r2_b128r2,,,0.6342794999999999,0.18845019999999998,0.0190371,0.42479750000000005,5.551115123125783e-17,6.661338147750939e-16,1,f128r2_b128r2
2026-08-17T11:24:15.390916+00:00,c08a443872232e8d,2,structure_selected-fully_selected-all_fixed,rzz-hea,14,8,float64,10,1,fully_selected,f32r2_b32r2,,,0.481421,0.149456,0.0188725,0.3133813,0.0,0.0,1,f32r2_b32r2
2026-08-17T11:24:15.791458+00:00,c08a443872232e8d,2,fully_selected-all_fixed-structure_selected,rzz-hea,22,8,float64,3,1,all_fixed,custom:libsad_all_fixed_9269b6c045e4.so,,,32.010078,7.856868666666667,0.39636899999999997,24.26937433333333,4.440892098500626e-16,1.2212453270876722e-15,1,sad/build/libsad_all_fixed_9269b6c045e4.so
2026-08-17T11:24:15.791555+00:00,c08a443872232e8d,2,fully_selected-all_fixed-structure_selected,rzz-hea,22,8,float64,3,1,structure_selected,f128r2_b128r2,,,31.665857,6.467526333333334,0.3925196666666666,24.64394833333333,0.0,1.9984014443252818e-15,1,f128r2_b128r2
2026-08-17T11:24:15.791572+00:00,c08a443872232e8d,2,fully_selected-all_fixed-structure_selected,rzz-hea,22,8,float64,3,1,fully_selected,f128r2_b128r2,,,31.392397000000003,6.733339000000001,0.39996699999999996,24.393184666666667,0.0,0.0,1,f128r2_b128r2
