timestamp_utc,run_id,candidate_key,status,error,circuit,qubits,layers,precision,random_seed,forward_threads,forward_register_bits,backward_threads,backward_register_bits,mailbox_chunks,partition_level,phase_family_forward,phase_family_backward,phase_count_forward,phase_count_backward,forward_phase_plan,backward_phase_plan,forward_pair_counts,backward_pair_counts,rzz_strategy,execution_profile,steps,warmup_steps,repetitions,median_ms,mean_ms,min_ms,max_ms,std_ms,forward_ms,hamiltonian_ms,backward_ms,energy_abs_error,gradient_max_abs_error,kernel_variant,library_path
2026-08-23T06:40:06.953550+00:00,20260823T064006,joint:equivariant-qnn:28:605ffbe4c832893d,ok,,equivariant-qnn,28,8,float64,42,32,2,32,2,1,0.5,rotation,rotation,16,16,compact:L2R0W0-L2R0W0-L2R0W0-L2R0W0-L2R0W0-L2R0W0-L2R0W0-L2R0W0-L2R0W0-L2R0W0-L2R0W0-L2R0W0-L1R0W0-L1R0W0-L1R0W0-L1R0W0,compact:L2R0W0-L2R0W0-L2R0W0-L2R0W0-L2R0W0-L2R0W0-L2R0W0-L2R0W0-L2R0W0-L2R0W0-L2R0W0-L2R0W0-L1R0W0-L1R0W0-L1R0W0-L1R0W0,,,not_applicable,optimized,2,3,2,7731.871576500001,7731.871576500001,7731.228421000001,7732.514732000001,0.6431554999999207,2589.1262545,83.04669200000001,5059.69863,,,custom:libsad_search_e1d9f2a2400c61.so,/home/rzzhang/sad_merged/sad/build/libsad_search_e1d9f2a2400c61.so
2026-08-23T06:41:00.747194+00:00,20260823T064006,joint:equivariant-qnn:10:cc079f424fdcce88,ok,,equivariant-qnn,10,8,float64,42,128,2,128,2,1,0.0,rotation,rotation,2,2,compact:L5R0W0-L5R0W0,compact:L5R0W0-L5R0W0,,,not_applicable,optimized,10,3,10,0.7658659999999999,0.7655272,0.764399,0.7670469999999999,0.0007737990436799269,0.2656739,0.015367,0.4844862999999999,,,custom:libsad_search_726ce3dd431232.so,/home/rzzhang/sad_merged/sad/build/libsad_search_726ce3dd431232.so
2026-08-23T06:41:17.988849+00:00,20260823T064006,joint:equivariant-qnn:18:4ad5366228fa4a0d,ok,,equivariant-qnn,18,8,float64,42,128,2,32,2,1,0.75,rotation,rotation,14,14,compact:L2R0W0-L2R0W0-L2R0W0-L2R0W0-L1R0W0-L1R0W0-L1R0W0-L1R0W0-L1R0W0-L1R0W0-L1R0W0-L1R0W0-L1R0W0-L1R0W0,compact:L2R0W0-L2R0W0-L2R0W0-L2R0W0-L1R0W0-L1R0W0-L1R0W0-L1R0W0-L1R0W0-L1R0W0-L1R0W0-L1R0W0-L1R0W0-L1R0W0,,,not_applicable,optimized,5,3,5,6.471050000000001,6.4715556,6.4707040000000005,6.4731,0.0008674096148877532,3.0225556,0.0320842,3.4169158,,,custom:libsad_search_78523faf565e9a.so,/home/rzzhang/sad_merged/sad/build/libsad_search_78523faf565e9a.so
2026-08-23T06:41:33.773526+00:00,20260823T064006,joint:equivariant-qnn:12:a1e4ffc5f946c557,ok,,equivariant-qnn,12,8,float64,42,32,2,128,2,1,0.5,rotation,rotation,7,7,compact:L2R0W0-L2R0W0-L2R0W0-L2R0W0-L2R0W0-L1R0W0-L1R0W0,compact:L2R0W0-L2R0W0-L2R0W0-L2R0W0-L2R0W0-L1R0W0-L1R0W0,,,not_applicable,optimized,10,3,10,1.495044,1.495068,1.49398,1.497059,0.0010295486389676287,0.5451988999999999,0.015592699999999998,0.9342764,,,custom:libsad_search_44993f541f55e5.so,/home/rzzhang/sad_merged/sad/build/libsad_search_44993f541f55e5.so
2026-08-23T06:41:50.466664+00:00,20260823T064006,joint:equivariant-qnn:24:6226a17b07e0e7fb,ok,,equivariant-qnn,24,8,float64,42,128,2,32,2,2,0.5,rotation,rotation,14,14,compact:L2R0W0-L2R0W0-L2R0W0-L2R0W0-L2R0W0-L2R0W0-L2R0W0-L2R0W0-L2R0W0-L2R0W0-L1R0W0-L1R0W0-L1R0W0-L1R0W0,compact:L2R0W0-L2R0W0-L2R0W0-L2R0W0-L2R0W0-L2R0W0-L2R0W0-L2R0W0-L2R0W0-L2R0W0-L1R0W0-L1R0W0-L1R0W0-L1R0W0,,,not_applicable,optimized,3,3,3,426.221897,426.2434726666667,426.148068,426.360453,0.08803779150770659,145.103231,1.7385380000000001,279.40170366666666,,,custom:libsad_search_e09d5834859473.so,/home/rzzhang/sad_merged/sad/build/libsad_search_e09d5834859473.so
2026-08-23T06:42:08.754543+00:00,20260823T064006,joint:equivariant-qnn:16:ea5bd9ff839a6dce,ok,,equivariant-qnn,16,8,float64,42,64,2,64,2,2,0.75,rotation,rotation,12,12,compact:L2R0W0-L2R0W0-L2R0W0-L2R0W0-L1R0W0-L1R0W0-L1R0W0-L1R0W0-L1R0W0-L1R0W0-L1R0W0-L1R0W0,compact:L2R0W0-L2R0W0-L2R0W0-L2R0W0-L1R0W0-L1R0W0-L1R0W0-L1R0W0-L1R0W0-L1R0W0-L1R0W0-L1R0W0,,,not_applicable,optimized,5,3,5,2.980737,2.9805187999999996,2.9789869999999996,2.9818960000000003,0.0009819487563006459,1.3679085999999998,0.015401999999999999,1.5972081999999999,,,custom:libsad_search_ae5663d41dfb3d.so,/home/rzzhang/sad_merged/sad/build/libsad_search_ae5663d41dfb3d.so
2026-08-23T06:42:24.904373+00:00,20260823T064006,joint:equivariant-qnn:28:7f35c9fb70cc2393,ok,,equivariant-qnn,28,8,float64,42,64,2,64,2,2,0.0,rotation,rotation,4,4,compact:L5R2W0-L5R2W0-L5R2W0-L5R2W0,compact:L5R2W0-L5R2W0-L5R2W0-L5R2W0,,,not_applicable,optimized,2,3,2,4021.7992685,4021.7992685,4020.1683789999993,4023.430158,1.6308895000004213,1084.1690225,83.008574,2854.6216719999998,,,custom:libsad_search_ae5663d41dfb3d.so,/home/rzzhang/sad_merged/sad/build/libsad_search_ae5663d41dfb3d.so
2026-08-23T06:42:45.038753+00:00,20260823T064006,joint:equivariant-qnn:26:1655c9d18d027f15,ok,,equivariant-qnn,26,8,float64,42,32,2,32,2,1,0.5,rotation,rotation,15,15,compact:L2R0W0-L2R0W0-L2R0W0-L2R0W0-L2R0W0-L2R0W0-L2R0W0-L2R0W0-L2R0W0-L2R0W0-L2R0W0-L1R0W0-L1R0W0-L1R0W0-L1R0W0,compact:L2R0W0-L2R0W0-L2R0W0-L2R0W0-L2R0W0-L2R0W0-L2R0W0-L2R0W0-L2R0W0-L2R0W0-L2R0W0-L1R0W0-L1R0W0-L1R0W0-L1R0W0,,,not_applicable,optimized,2,3,2,1812.0821675000002,1812.0821675000002,1811.462829,1812.701506,0.6193385000000262,610.2730025000001,11.8087845,1190.0003805,,,custom:libsad_search_e1d9f2a2400c61.so,/home/rzzhang/sad_merged/sad/build/libsad_search_e1d9f2a2400c61.so
2026-08-23T06:42:54.152429+00:00,20260823T064006,joint:equivariant-qnn:20:b7282c78f0f7a8b6,ok,,equivariant-qnn,20,8,float64,42,128,2,128,2,2,0.5,rotation,rotation,12,12,compact:L2R0W0-L2R0W0-L2R0W0-L2R0W0-L2R0W0-L2R0W0-L2R0W0-L2R0W0-L1R0W0-L1R0W0-L1R0W0-L1R0W0,compact:L2R0W0-L2R0W0-L2R0W0-L2R0W0-L2R0W0-L2R0W0-L2R0W0-L2R0W0-L1R0W0-L1R0W0-L1R0W0-L1R0W0,,,not_applicable,optimized,5,3,5,18.188041000000002,18.186961200000002,18.180888999999997,18.189042000000004,0.003075098008196151,7.4340307999999995,0.10430699999999998,10.6486234,,,custom:libsad_search_fad73079be189a.so,/home/rzzhang/sad_merged/sad/build/libsad_search_fad73079be189a.so
2026-08-23T06:43:11.565657+00:00,20260823T064006,joint:equivariant-qnn:8:5a18696a759e21d6,ok,,equivariant-qnn,8,8,float64,42,32,2,128,2,2,1.0,rotation,rotation,8,8,compact:L1R0W0-L1R0W0-L1R0W0-L1R0W0-L1R0W0-L1R0W0-L1R0W0-L1R0W0,compact:L1R0W0-L1R0W0-L1R0W0-L1R0W0-L1R0W0-L1R0W0-L1R0W0-L1R0W0,,,not_applicable,optimized,20,3,20,1.250846,1.25109005,1.2482130000000002,1.2575009999999998,0.0021871018832006553,0.5091614,0.01555855,0.7263701,,,custom:libsad_search_57309a924b2f38.so,/home/rzzhang/sad_merged/sad/build/libsad_search_57309a924b2f38.so
2026-08-23T06:43:28.289494+00:00,20260823T064006,joint:equivariant-qnn:4:f3008a40160fd954,ok,,equivariant-qnn,4,8,float64,42,64,2,64,2,2,0.5,rotation,rotation,2,2,compact:L2R0W0-L2R0W0,compact:L2R0W0-L2R0W0,,,not_applicable,optimized,20,3,20,0.329728,0.330275,0.32862199999999997,0.334796,0.0016402048042851306,0.13303684999999998,0.0155658,0.18167235,,,custom:libsad_search_ae5663d41dfb3d.so,/home/rzzhang/sad_merged/sad/build/libsad_search_ae5663d41dfb3d.so
2026-08-23T06:43:28.305805+00:00,20260823T064006,joint:equivariant-qnn:10:3c5b1bcbfb7648ff,ok,,equivariant-qnn,10,8,float64,42,32,2,128,2,2,0.25,rotation,rotation,4,4,compact:L3R0W0-L3R0W0-L2R0W0-L2R0W0,compact:L3R0W0-L3R0W0-L2R0W0-L2R0W0,,,not_applicable,optimized,10,3,10,0.94325,0.9452624999999999,0.942982,0.9550780000000001,0.0035777681940002944,0.3130983,0.015606900000000002,0.6165573,,,custom:libsad_search_57309a924b2f38.so,/home/rzzhang/sad_merged/sad/build/libsad_search_57309a924b2f38.so
2026-08-23T06:43:28.326620+00:00,20260823T064006,joint:equivariant-qnn:16:6aca842242d1b5d4,ok,,equivariant-qnn,16,8,float64,42,128,2,128,2,1,1.0,rotation,rotation,16,16,compact:L1R0W0-L1R0W0-L1R0W0-L1R0W0-L1R0W0-L1R0W0-L1R0W0-L1R0W0-L1R0W0-L1R0W0-L1R0W0-L1R0W0-L1R0W0-L1R0W0-L1R0W0-L1R0W0,compact:L1R0W0-L1R0W0-L1R0W0-L1R0W0-L1R0W0-L1R0W0-L1R0W0-L1R0W0-L1R0W0-L1R0W0-L1R0W0-L1R0W0-L1R0W0-L1R0W0-L1R0W0-L1R0W0,,,not_applicable,optimized,5,3,5,4.003839999999999,4.002979399999999,4.0008479999999995,4.005078,0.0016905932213279677,1.8487214,0.015780999999999996,2.138477,,,custom:libsad_search_726ce3dd431232.so,/home/rzzhang/sad_merged/sad/build/libsad_search_726ce3dd431232.so
2026-08-23T06:43:28.371517+00:00,20260823T064006,joint:equivariant-qnn:12:ac90960b8b6bbbc8,ok,,equivariant-qnn,12,8,float64,42,128,2,128,2,1,0.0,legacy,legacy,0,0,,,,,not_applicable,legacy-generic,10,3,10,0.8653230000000001,0.8653916,0.861232,0.869484,0.003590222589199746,0.2879939,0.015431200000000003,0.5619665,,,custom:libsad_search_e7cc64b1fce303.so,/home/rzzhang/sad_merged/sad/build/libsad_search_e7cc64b1fce303.so
2026-08-23T06:43:45.536970+00:00,20260823T064006,joint:equivariant-qnn:4:3bbd1256945f54c6,ok,,equivariant-qnn,4,8,float64,42,64,2,64,2,1,0.75,rotation,rotation,3,3,compact:L2R0W0-L1R0W0-L1R0W0,compact:L2R0W0-L1R0W0-L1R0W0,,,not_applicable,optimized,20,3,20,0.41661699999999996,0.41649650000000005,0.415559,0.41788899999999995,0.0008029527072001111,0.18146824999999997,0.015379599999999997,0.21964864999999997,,,custom:libsad_search_d69133c4e36ad5.so,/home/rzzhang/sad_merged/sad/build/libsad_search_d69133c4e36ad5.so
2026-08-23T06:44:01.685535+00:00,20260823T064006,joint:equivariant-qnn:28:1ec89a1fc6dbd21c,ok,,equivariant-qnn,28,8,float64,42,128,2,32,2,1,0.0,legacy,legacy,0,0,,,,,not_applicable,legacy-generic,2,3,2,4047.6746865,4047.6746865,4042.200311,4053.149062,5.474375499999951,1187.9379784999999,83.39378850000001,2776.3429195000003,,,custom:libsad_search_e3460e95b2f927.so,/home/rzzhang/sad_merged/sad/build/libsad_search_e3460e95b2f927.so
2026-08-23T06:44:37.656456+00:00,20260823T064006,joint:equivariant-qnn:4:c0fd5af6ccec75eb,ok,,equivariant-qnn,4,8,float64,42,64,2,64,2,2,0.25,rotation,rotation,2,2,compact:L2R0W0-L2R0W0,compact:L2R0W0-L2R0W0,,,not_applicable,optimized,20,3,20,0.314348,0.31454265000000003,0.313231,0.31545900000000004,0.0007144884376251383,0.1253604,0.01554775,0.1736345,,,custom:libsad_search_ae5663d41dfb3d.so,/home/rzzhang/sad_merged/sad/build/libsad_search_ae5663d41dfb3d.so
2026-08-23T06:44:37.677757+00:00,20260823T064006,joint:equivariant-qnn:20:67cb0b0966114b4d,ok,,equivariant-qnn,20,8,float64,42,64,2,64,2,2,0.75,rotation,rotation,16,16,compact:L2R0W0-L2R0W0-L2R0W0-L2R0W0-L1R0W0-L1R0W0-L1R0W0-L1R0W0-L1R0W0-L1R0W0-L1R0W0-L1R0W0-L1R0W0-L1R0W0-L1R0W0-L1R0W0,compact:L2R0W0-L2R0W0-L2R0W0-L2R0W0-L1R0W0-L1R0W0-L1R0W0-L1R0W0-L1R0W0-L1R0W0-L1R0W0-L1R0W0-L1R0W0-L1R0W0-L1R0W0-L1R0W0,,,not_applicable,optimized,5,3,5,18.499149,18.499449199999997,18.497276,18.501435,0.0013834044094193376,8.2157692,0.09778460000000001,10.1858954,,,custom:libsad_search_ae5663d41dfb3d.so,/home/rzzhang/sad_merged/sad/build/libsad_search_ae5663d41dfb3d.so
2026-08-23T06:44:37.859108+00:00,20260823T064006,joint:equivariant-qnn:6:93f44a1d4e1cc03c,ok,,equivariant-qnn,6,8,float64,42,64,2,64,2,2,1.0,rotation,rotation,6,6,compact:L1R0W0-L1R0W0-L1R0W0-L1R0W0-L1R0W0-L1R0W0,compact:L1R0W0-L1R0W0-L1R0W0-L1R0W0-L1R0W0-L1R0W0,,,not_applicable,optimized,20,3,20,0.739402,0.7412578,0.738071,0.7472119999999999,0.003424786367059996,0.34081315,0.015667,0.38477764999999997,,,custom:libsad_search_ae5663d41dfb3d.so,/home/rzzhang/sad_merged/sad/build/libsad_search_ae5663d41dfb3d.so
2026-08-23T06:44:37.890686+00:00,20260823T064006,joint:equivariant-qnn:10:64062624c1cd4254,ok,,equivariant-qnn,10,8,float64,42,128,2,128,2,1,0.25,rotation,rotation,4,4,compact:L3R0W0-L3R0W0-L2R0W0-L2R0W0,compact:L3R0W0-L3R0W0-L2R0W0-L2R0W0,,,not_applicable,optimized,10,3,10,0.987618,0.9895908999999999,0.986983,0.9955649999999999,0.003338968656636352,0.39517040000000003,0.0155535,0.578867,,,custom:libsad_search_726ce3dd431232.so,/home/rzzhang/sad_merged/sad/build/libsad_search_726ce3dd431232.so
2026-08-23T06:44:37.918001+00:00,20260823T064006,joint:equivariant-qnn:12:d3ae87c4a8b6c997,ok,,equivariant-qnn,12,8,float64,42,128,2,32,2,1,0.5,rotation,rotation,7,7,compact:L2R0W0-L2R0W0-L2R0W0-L2R0W0-L2R0W0-L1R0W0-L1R0W0,compact:L2R0W0-L2R0W0-L2R0W0-L2R0W0-L2R0W0-L1R0W0-L1R0W0,,,not_applicable,optimized,10,3,10,1.315754,1.3134976,1.3056040000000002,1.316959,0.004067824755320728,0.6753975,0.015402800000000001,0.6226973000000001,,,custom:libsad_search_78523faf565e9a.so,/home/rzzhang/sad_merged/sad/build/libsad_search_78523faf565e9a.so
2026-08-23T06:44:37.945125+00:00,20260823T064006,joint:equivariant-qnn:4:da6158bbd183d51d,ok,,equivariant-qnn,4,8,float64,42,128,2,128,2,1,1.0,rotation,rotation,4,4,compact:L1R0W0-L1R0W0-L1R0W0-L1R0W0,compact:L1R0W0-L1R0W0-L1R0W0-L1R0W0,,,not_applicable,optimized,20,3,20,0.562192,0.56266595,0.561767,0.5698960000000001,0.0017084988286504774,0.2569678,0.015355150000000001,0.290343,,,custom:libsad_search_726ce3dd431232.so,/home/rzzhang/sad_merged/sad/build/libsad_search_726ce3dd431232.so
2026-08-23T06:44:37.967088+00:00,20260823T064006,joint:equivariant-qnn:8:f04260e2d7d582f8,ok,,equivariant-qnn,8,8,float64,42,128,2,32,2,1,0.0,rotation,rotation,1,2,compact:L5R2W1,compact:L4R0W0-L4R0W0,,,not_applicable,optimized,20,3,20,0.3962405,0.3961589,0.395281,0.397206,0.0004396680452341272,0.1340467,0.015365649999999998,0.24674655000000004,,,custom:libsad_search_78523faf565e9a.so,/home/rzzhang/sad_merged/sad/build/libsad_search_78523faf565e9a.so
2026-08-23T06:44:37.985089+00:00,20260823T064006,joint:equivariant-qnn:4:7abdab889d541e21,ok,,equivariant-qnn,4,8,float64,42,32,2,128,2,2,1.0,rotation,rotation,4,4,compact:L1R0W0-L1R0W0-L1R0W0-L1R0W0,compact:L1R0W0-L1R0W0-L1R0W0-L1R0W0,,,not_applicable,optimized,20,3,20,0.5129515,0.51208215,0.505726,0.5139870000000001,0.0021299156855378153,0.19964405000000002,0.015341249999999999,0.29709684999999997,,,custom:libsad_search_57309a924b2f38.so,/home/rzzhang/sad_merged/sad/build/libsad_search_57309a924b2f38.so
2026-08-23T06:44:38.005746+00:00,20260823T064006,joint:equivariant-qnn:22:1295e56cc6b8d214,ok,,equivariant-qnn,22,8,float64,42,32,2,128,2,2,0.75,rotation,rotation,18,17,compact:L2R0W0-L2R0W0-L2R0W0-L2R0W0-L1R0W0-L1R0W0-L1R0W0-L1R0W0-L1R0W0-L1R0W0-L1R0W0-L1R0W0-L1R0W0-L1R0W0-L1R0W0-L1R0W0-L1R0W0-L1R0W0,compact:L2R0W0-L2R0W0-L2R0W0-L2R0W0-L2R0W0-L1R0W0-L1R0W0-L1R0W0-L1R0W0-L1R0W0-L1R0W0-L1R0W0-L1R0W0-L1R0W0-L1R0W0-L1R0W0-L1R0W0,,,not_applicable,optimized,3,3,3,115.977706,115.96338366666667,115.872295,116.04015,0.06927083166977577,31.063304333333335,0.39083933333333337,84.50924,,,custom:libsad_search_57309a924b2f38.so,/home/rzzhang/sad_merged/sad/build/libsad_search_57309a924b2f38.so
2026-08-23T06:44:38.727198+00:00,20260823T064006,joint:equivariant-qnn:8:6fddfd22572f9346,ok,,equivariant-qnn,8,8,float64,42,128,2,128,2,1,1.0,rotation,rotation,8,8,compact:L1R0W0-L1R0W0-L1R0W0-L1R0W0-L1R0W0-L1R0W0-L1R0W0-L1R0W0,compact:L1R0W0-L1R0W0-L1R0W0-L1R0W0-L1R0W0-L1R0W0-L1R0W0-L1R0W0,,,not_applicable,optimized,20,3,20,1.3122749999999999,1.3120625000000001,1.307636,1.3168160000000002,0.003740286265782365,0.6137859,0.015385799999999998,0.6828907999999999,,,custom:libsad_search_726ce3dd431232.so,/home/rzzhang/sad_merged/sad/build/libsad_search_726ce3dd431232.so
2026-08-23T06:44:38.766712+00:00,20260823T064006,joint:equivariant-qnn:12:b27424519acbf824,ok,,equivariant-qnn,12,8,float64,42,128,2,32,2,2,0.5,rotation,rotation,7,7,compact:L2R0W0-L2R0W0-L2R0W0-L2R0W0-L2R0W0-L1R0W0-L1R0W0,compact:L2R0W0-L2R0W0-L2R0W0-L2R0W0-L2R0W0-L1R0W0-L1R0W0,,,not_applicable,optimized,10,3,10,1.3194245,1.3200511,1.3179889999999999,1.3239509999999999,0.001718597012100261,0.6794486000000001,0.015517299999999998,0.6250851999999999,,,custom:libsad_search_e09d5834859473.so,/home/rzzhang/sad_merged/sad/build/libsad_search_e09d5834859473.so
2026-08-23T06:44:38.793272+00:00,20260823T064006,joint:equivariant-qnn:10:6be7fb7fb521ef5c,ok,,equivariant-qnn,10,8,float64,42,128,2,32,2,1,1.0,rotation,rotation,10,10,compact:L1R0W0-L1R0W0-L1R0W0-L1R0W0-L1R0W0-L1R0W0-L1R0W0-L1R0W0-L1R0W0-L1R0W0,compact:L1R0W0-L1R0W0-L1R0W0-L1R0W0-L1R0W0-L1R0W0-L1R0W0-L1R0W0-L1R0W0-L1R0W0,,,not_applicable,optimized,10,3,10,1.5652240000000002,1.5641935999999999,1.5584589999999998,1.5667860000000002,0.0029071510177491947,0.8285965,0.0153671,0.7202299999999999,,,custom:libsad_search_78523faf565e9a.so,/home/rzzhang/sad_merged/sad/build/libsad_search_78523faf565e9a.so
2026-08-23T06:44:38.822762+00:00,20260823T064006,joint:equivariant-qnn:10:464a390ab66d19c1,ok,,equivariant-qnn,10,8,float64,42,128,2,128,2,1,0.75,rotation,rotation,8,8,compact:L2R0W0-L2R0W0-L1R0W0-L1R0W0-L1R0W0-L1R0W0-L1R0W0-L1R0W0,compact:L2R0W0-L2R0W0-L1R0W0-L1R0W0-L1R0W0-L1R0W0-L1R0W0-L1R0W0,,,not_applicable,optimized,10,3,10,1.522229,1.5223986,1.518616,1.5247789999999999,0.0017225702423994545,0.6813034,0.015610599999999999,0.8254846,,,custom:libsad_search_726ce3dd431232.so,/home/rzzhang/sad_merged/sad/build/libsad_search_726ce3dd431232.so
2026-08-23T06:44:38.851725+00:00,20260823T064006,joint:equivariant-qnn:14:a6e2b7038e210f4e,ok,,equivariant-qnn,14,8,float64,42,64,2,64,2,2,0.5,rotation,rotation,8,8,compact:L2R0W0-L2R0W0-L2R0W0-L2R0W0-L2R0W0-L2R0W0-L1R0W0-L1R0W0,compact:L2R0W0-L2R0W0-L2R0W0-L2R0W0-L2R0W0-L2R0W0-L1R0W0-L1R0W0,,,not_applicable,optimized,10,3,10,1.5565115,1.5563935,1.5544440000000002,1.557534,0.0008464212012939911,0.6903806,0.015531999999999999,0.8504809,,,custom:libsad_search_ae5663d41dfb3d.so,/home/rzzhang/sad_merged/sad/build/libsad_search_ae5663d41dfb3d.so
2026-08-23T06:44:38.881094+00:00,20260823T064006,joint:equivariant-qnn:14:de2eb10827c75e72,ok,,equivariant-qnn,14,8,float64,42,32,2,128,2,2,0.0,rotation,rotation,2,2,compact:L5R2W0-L5R2W0,compact:L5R2W0-L5R2W0,,,not_applicable,optimized,10,3,10,0.8181554999999999,0.8179662999999999,0.817143,0.818998,0.000565462828132874,0.2036154,0.0154825,0.5988684000000001,,,custom:libsad_search_57309a924b2f38.so,/home/rzzhang/sad_merged/sad/build/libsad_search_57309a924b2f38.so
2026-08-23T06:44:38.901336+00:00,20260823T064006,joint:equivariant-qnn:14:b57114620ab76809,ok,,equivariant-qnn,14,8,float64,42,32,2,128,2,2,0.25,rotation,rotation,5,5,compact:L3R0W0-L3R0W0-L3R0W0-L3R0W0-L2R0W0,compact:L3R0W0-L3R0W0-L3R0W0-L3R0W0-L2R0W0,,,not_applicable,optimized,10,3,10,1.2830295,1.2828797,1.2820589999999998,1.283188,0.0003953641486023031,0.42462300000000003,0.015365700000000001,0.842891,,,custom:libsad_search_57309a924b2f38.so,/home/rzzhang/sad_merged/sad/build/libsad_search_57309a924b2f38.so
2026-08-23T06:44:38.927219+00:00,20260823T064006,joint:equivariant-qnn:4:494ead751f22cd99,ok,,equivariant-qnn,4,8,float64,42,32,2,32,2,2,0.5,rotation,rotation,2,2,compact:L2R0W0-L2R0W0,compact:L2R0W0-L2R0W0,,,not_applicable,optimized,20,3,20,0.30498349999999996,0.3046065,0.302823,0.306063,0.0007689720736151659,0.1239794,0.015471000000000002,0.1651561,,,custom:libsad_search_6e9ecc13ac7654.so,/home/rzzhang/sad_merged/sad/build/libsad_search_6e9ecc13ac7654.so
2026-08-23T06:44:54.135380+00:00,20260823T064006,joint:equivariant-qnn:10:26d7a2ae37660e08,ok,,equivariant-qnn,10,8,float64,42,128,2,32,2,1,0.5,rotation,rotation,6,6,compact:L2R0W0-L2R0W0-L2R0W0-L2R0W0-L1R0W0-L1R0W0,compact:L2R0W0-L2R0W0-L2R0W0-L2R0W0-L1R0W0-L1R0W0,,,not_applicable,optimized,10,3,10,1.1222935,1.1221152,1.120212,1.1233179999999998,0.0008885481191246502,0.5694463000000001,0.015456000000000003,0.5372129,,,custom:libsad_search_78523faf565e9a.so,/home/rzzhang/sad_merged/sad/build/libsad_search_78523faf565e9a.so
2026-08-23T06:44:54.159330+00:00,20260823T064006,joint:equivariant-qnn:6:0f92a9a516e92efa,ok,,equivariant-qnn,6,8,float64,42,32,2,128,2,2,0.0,rotation,rotation,1,1,compact:L5R1W0,compact:L5R1W0,,,not_applicable,optimized,20,3,20,0.362399,0.36211605,0.36092799999999997,0.363513,0.0006240496354457659,0.08877950000000001,0.015516299999999998,0.25782025,,,custom:libsad_search_57309a924b2f38.so,/home/rzzhang/sad_merged/sad/build/libsad_search_57309a924b2f38.so
2026-08-23T06:44:54.176859+00:00,20260823T064006,joint:equivariant-qnn:8:686652dfa4ef6730,ok,,equivariant-qnn,8,8,float64,42,128,2,128,2,1,0.0,legacy,legacy,0,0,,,,,not_applicable,legacy-generic,20,3,20,0.4942695,0.4940608,0.492513,0.49464699999999995,0.0005668469458328257,0.14719564999999998,0.015458799999999998,0.33140635,,,custom:libsad_search_e7cc64b1fce303.so,/home/rzzhang/sad_merged/sad/build/libsad_search_e7cc64b1fce303.so
2026-08-23T06:44:54.197741+00:00,20260823T064006,joint:equivariant-qnn:16:df16924ba9920393,ok,,equivariant-qnn,16,8,float64,42,32,2,128,2,2,0.0,rotation,rotation,3,2,compact:L5R1W0-L5R0W0-L5R0W0,compact:L5R2W1-L5R2W1,,,not_applicable,optimized,5,3,5,1.331345,1.3315974000000002,1.3301800000000001,1.333163,0.001019211970102405,0.5033752000000001,0.015743399999999998,0.8124788000000001,,,custom:libsad_search_57309a924b2f38.so,/home/rzzhang/sad_merged/sad/build/libsad_search_57309a924b2f38.so
2026-08-23T06:44:54.217656+00:00,20260823T064006,joint:equivariant-qnn:10:6b19b7c26ce338ae,ok,,equivariant-qnn,10,8,float64,42,64,2,64,2,2,0.0,rotation,rotation,2,2,compact:L5R0W0-L5R0W0,compact:L5R0W0-L5R0W0,,,not_applicable,optimized,10,3,10,0.5625855,0.5627712,0.5620919999999999,0.564072,0.0006445286339643789,0.2021457,0.015370899999999998,0.3452546,,,custom:libsad_search_ae5663d41dfb3d.so,/home/rzzhang/sad_merged/sad/build/libsad_search_ae5663d41dfb3d.so
2026-08-23T06:44:54.234247+00:00,20260823T064006,joint:equivariant-qnn:6:097052abe5caa9c9,ok,,equivariant-qnn,6,8,float64,42,128,2,32,2,2,0.5,rotation,rotation,4,4,compact:L2R0W0-L2R0W0-L1R0W0-L1R0W0,compact:L2R0W0-L2R0W0-L1R0W0-L1R0W0,,,not_applicable,optimized,20,3,20,0.6236405,0.62354745,0.618464,0.624754,0.001311588025067332,0.3096252,0.015483300000000002,0.29843895000000004,,,custom:libsad_search_e09d5834859473.so,/home/rzzhang/sad_merged/sad/build/libsad_search_e09d5834859473.so
2026-08-23T06:44:54.257832+00:00,20260823T064006,joint:equivariant-qnn:28:6ae56f393462e23e,ok,,equivariant-qnn,28,8,float64,42,128,2,128,2,2,0.75,rotation,rotation,22,22,compact:L2R0W0-L2R0W0-L2R0W0-L2R0W0-L2R0W0-L2R0W0-L1R0W0-L1R0W0-L1R0W0-L1R0W0-L1R0W0-L1R0W0-L1R0W0-L1R0W0-L1R0W0-L1R0W0-L1R0W0-L1R0W0-L1R0W0-L1R0W0-L1R0W0-L1R0W0,compact:L2R0W0-L2R0W0-L2R0W0-L2R0W0-L2R0W0-L2R0W0-L1R0W0-L1R0W0-L1R0W0-L1R0W0-L1R0W0-L1R0W0-L1R0W0-L1R0W0-L1R0W0-L1R0W0-L1R0W0-L1R0W0-L1R0W0-L1R0W0-L1R0W0-L1R0W0,,,not_applicable,optimized,2,3,2,10431.120564,10431.120564,10429.625554,10432.615574,1.4950099999996382,3494.127733,82.906797,6854.086034,,,custom:libsad_search_fad73079be189a.so,/home/rzzhang/sad_merged/sad/build/libsad_search_fad73079be189a.so
2026-08-23T06:45:46.441345+00:00,20260823T064006,joint:equivariant-qnn:26:741955d602d7a7c8,ok,,equivariant-qnn,26,8,float64,42,32,2,128,2,2,0.25,rotation,rotation,10,9,compact:L3R0W0-L3R0W0-L3R0W0-L3R0W0-L3R0W0-L3R0W0-L2R0W0-L2R0W0-L2R0W0-L2R0W0,compact:L3R0W0-L3R0W0-L3R0W0-L3R0W0-L3R0W0-L3R0W0-L3R0W0-L3R0W0-L2R0W0,,,not_applicable,optimized,2,3,2,1168.6771405,1168.6771405,1168.085171,1169.2691100000002,0.5919695000001184,422.8153895,11.6027605,734.2589905,,,custom:libsad_search_57309a924b2f38.so,/home/rzzhang/sad_merged/sad/build/libsad_search_57309a924b2f38.so
2026-08-23T06:45:52.338855+00:00,20260823T064006,joint:equivariant-qnn:18:5c54f51ebde87df1,ok,,equivariant-qnn,18,8,float64,42,32,2,128,2,2,1.0,rotation,rotation,18,18,compact:L1R0W0-L1R0W0-L1R0W0-L1R0W0-L1R0W0-L1R0W0-L1R0W0-L1R0W0-L1R0W0-L1R0W0-L1R0W0-L1R0W0-L1R0W0-L1R0W0-L1R0W0-L1R0W0-L1R0W0-L1R0W0,compact:L1R0W0-L1R0W0-L1R0W0-L1R0W0-L1R0W0-L1R0W0-L1R0W0-L1R0W0-L1R0W0-L1R0W0-L1R0W0-L1R0W0-L1R0W0-L1R0W0-L1R0W0-L1R0W0-L1R0W0-L1R0W0,,,not_applicable,optimized,5,3,5,7.0851999999999995,7.086256399999999,7.077022,7.09861,0.0076493033826615,3.2523654,0.0320294,3.8018616,,,custom:libsad_search_57309a924b2f38.so,/home/rzzhang/sad_merged/sad/build/libsad_search_57309a924b2f38.so
2026-08-23T06:45:52.413741+00:00,20260823T064006,joint:equivariant-qnn:6:0319aeb11f87ec2d,ok,,equivariant-qnn,6,8,float64,42,32,2,32,2,2,0.25,rotation,rotation,2,2,compact:L3R0W0-L3R0W0,compact:L3R0W0-L3R0W0,,,not_applicable,optimized,20,3,20,0.3449765,0.34480515,0.34382599999999996,0.346387,0.0007391626529391199,0.13172535,0.015420249999999998,0.19765955000000002,,,custom:libsad_search_6e9ecc13ac7654.so,/home/rzzhang/sad_merged/sad/build/libsad_search_6e9ecc13ac7654.so
2026-08-23T06:45:52.430929+00:00,20260823T064006,joint:equivariant-qnn:26:8e7a175ff137eebb,ok,,equivariant-qnn,26,8,float64,42,32,2,128,2,2,0.75,rotation,rotation,20,20,compact:L2R0W0-L2R0W0-L2R0W0-L2R0W0-L2R0W0-L2R0W0-L1R0W0-L1R0W0-L1R0W0-L1R0W0-L1R0W0-L1R0W0-L1R0W0-L1R0W0-L1R0W0-L1R0W0-L1R0W0-L1R0W0-L1R0W0-L1R0W0,compact:L2R0W0-L2R0W0-L2R0W0-L2R0W0-L2R0W0-L2R0W0-L1R0W0-L1R0W0-L1R0W0-L1R0W0-L1R0W0-L1R0W0-L1R0W0-L1R0W0-L1R0W0-L1R0W0-L1R0W0-L1R0W0-L1R0W0-L1R0W0,,,not_applicable,optimized,2,3,2,2376.1112490000005,2376.1112490000005,2375.7676720000004,2376.454826,0.34357699999986835,798.1864955,11.623660000000001,1566.3010935,,,custom:libsad_search_57309a924b2f38.so,/home/rzzhang/sad_merged/sad/build/libsad_search_57309a924b2f38.so
2026-08-23T06:46:04.342538+00:00,20260823T064006,joint:equivariant-qnn:18:a9b1c5e54e350428,ok,,equivariant-qnn,18,8,float64,42,32,2,128,2,2,0.0,rotation,rotation,3,2,compact:L5R1W0-L5R1W0-L5R1W0,compact:L5R2W2-L5R2W2,,,not_applicable,optimized,5,3,5,3.372137,3.3716952,3.369983,3.3730610000000003,0.001058989027327562,1.0855084000000002,0.032048,2.2541387999999998,,,custom:libsad_search_57309a924b2f38.so,/home/rzzhang/sad_merged/sad/build/libsad_search_57309a924b2f38.so
2026-08-23T06:46:04.390944+00:00,20260823T064006,joint:equivariant-qnn:8:c3ac8ef5ce13848f,ok,,equivariant-qnn,8,8,float64,42,32,2,32,2,2,0.5,rotation,rotation,5,5,compact:L2R0W0-L2R0W0-L2R0W0-L1R0W0-L1R0W0,compact:L2R0W0-L2R0W0-L2R0W0-L1R0W0-L1R0W0,,,not_applicable,optimized,20,3,20,0.7231525,0.7220069,0.715814,0.725129,0.003012762567810487,0.31608264999999997,0.015276600000000001,0.39064764999999996,,,custom:libsad_search_6e9ecc13ac7654.so,/home/rzzhang/sad_merged/sad/build/libsad_search_6e9ecc13ac7654.so
2026-08-23T06:46:04.416995+00:00,20260823T064006,joint:equivariant-qnn:20:a10a37b68edf0928,ok,,equivariant-qnn,20,8,float64,42,64,2,64,2,1,1.0,rotation,rotation,20,20,compact:L1R0W0-L1R0W0-L1R0W0-L1R0W0-L1R0W0-L1R0W0-L1R0W0-L1R0W0-L1R0W0-L1R0W0-L1R0W0-L1R0W0-L1R0W0-L1R0W0-L1R0W0-L1R0W0-L1R0W0-L1R0W0-L1R0W0-L1R0W0,compact:L1R0W0-L1R0W0-L1R0W0-L1R0W0-L1R0W0-L1R0W0-L1R0W0-L1R0W0-L1R0W0-L1R0W0-L1R0W0-L1R0W0-L1R0W0-L1R0W0-L1R0W0-L1R0W0-L1R0W0-L1R0W0-L1R0W0-L1R0W0,,,not_applicable,optimized,5,3,5,21.387859000000002,21.1467388,20.408962,21.390077,0.3794964365937585,9.877843,0.09761620000000001,11.1712796,,,custom:libsad_search_d69133c4e36ad5.so,/home/rzzhang/sad_merged/sad/build/libsad_search_d69133c4e36ad5.so
2026-08-23T06:46:04.604029+00:00,20260823T064006,joint:equivariant-qnn:16:4ba5d9a657154035,ok,,equivariant-qnn,16,8,float64,42,128,2,32,2,2,0.5,rotation,rotation,9,10,compact:L2R0W0-L2R0W0-L2R0W0-L2R0W0-L2R0W0-L2R0W0-L2R0W0-L1R0W0-L1R0W0,compact:L2R0W0-L2R0W0-L2R0W0-L2R0W0-L2R0W0-L2R0W0-L1R0W0-L1R0W0-L1R0W0-L1R0W0,,,not_applicable,optimized,5,3,5,2.44237,2.4411777999999997,2.4350359999999998,2.443268,0.0030914957156691256,1.1006304,0.015423399999999999,1.325124,,,custom:libsad_search_e09d5834859473.so,/home/rzzhang/sad_merged/sad/build/libsad_search_e09d5834859473.so
2026-08-23T06:46:04.632993+00:00,20260823T064006,joint:equivariant-qnn:6:567866b53a6049b9,ok,,equivariant-qnn,6,8,float64,42,128,2,32,2,1,0.75,rotation,rotation,5,5,compact:L2R0W0-L1R0W0-L1R0W0-L1R0W0-L1R0W0,compact:L2R0W0-L1R0W0-L1R0W0-L1R0W0-L1R0W0,,,not_applicable,optimized,20,3,20,0.7126355,0.71007395,0.705345,0.713807,0.003442691366866898,0.36149155,0.015416750000000002,0.33316565,,,custom:libsad_search_78523faf565e9a.so,/home/rzzhang/sad_merged/sad/build/libsad_search_78523faf565e9a.so
2026-08-23T06:46:04.658642+00:00,20260823T064006,joint:equivariant-qnn:4:f876553f838755c7,ok,,equivariant-qnn,4,8,float64,42,64,2,64,2,1,0.5,rotation,rotation,2,2,compact:L2R0W0-L2R0W0,compact:L2R0W0-L2R0W0,,,not_applicable,optimized,20,3,20,0.32565500000000003,0.326066,0.32451500000000005,0.332976,0.0017128104098235735,0.12888,0.015398,0.181788,,,custom:libsad_search_d69133c4e36ad5.so,/home/rzzhang/sad_merged/sad/build/libsad_search_d69133c4e36ad5.so
2026-08-23T06:46:04.675299+00:00,20260823T064006,joint:equivariant-qnn:24:3baa6149d865ff18,ok,,equivariant-qnn,24,8,float64,42,32,2,128,2,2,1.0,rotation,rotation,24,24,compact:L1R0W0-L1R0W0-L1R0W0-L1R0W0-L1R0W0-L1R0W0-L1R0W0-L1R0W0-L1R0W0-L1R0W0-L1R0W0-L1R0W0-L1R0W0-L1R0W0-L1R0W0-L1R0W0-L1R0W0-L1R0W0-L1R0W0-L1R0W0-L1R0W0-L1R0W0-L1R0W0-L1R0W0,compact:L1R0W0-L1R0W0-L1R0W0-L1R0W0-L1R0W0-L1R0W0-L1R0W0-L1R0W0-L1R0W0-L1R0W0-L1R0W0-L1R0W0-L1R0W0-L1R0W0-L1R0W0-L1R0W0-L1R0W0-L1R0W0-L1R0W0-L1R0W0-L1R0W0-L1R0W0-L1R0W0-L1R0W0,,,not_applicable,optimized,3,3,3,708.531017,708.524938,708.449472,708.594325,0.05929200948413908,238.6021673333333,1.745312,468.17745866666667,,,custom:libsad_search_57309a924b2f38.so,/home/rzzhang/sad_merged/sad/build/libsad_search_57309a924b2f38.so
2026-08-23T06:46:08.952853+00:00,20260823T064006,joint:equivariant-qnn:24:6513ad896b7ff527,ok,,equivariant-qnn,24,8,float64,42,32,2,128,2,2,0.25,rotation,rotation,9,8,compact:L3R0W0-L3R0W0-L3R0W0-L3R0W0-L3R0W0-L3R0W0-L2R0W0-L2R0W0-L2R0W0,compact:L3R0W0-L3R0W0-L3R0W0-L3R0W0-L3R0W0-L3R0W0-L3R0W0-L3R0W0,,,not_applicable,optimized,3,3,3,264.509293,264.507178,264.502543,264.509698,0.003281607837636122,96.86719866666667,1.7335723333333335,165.906407,,,custom:libsad_search_57309a924b2f38.so,/home/rzzhang/sad_merged/sad/build/libsad_search_57309a924b2f38.so
2026-08-23T06:46:10.565560+00:00,20260823T064006,joint:equivariant-qnn:26:dbcfa10ff4fac819,ok,,equivariant-qnn,26,8,float64,42,32,2,128,2,2,1.0,rotation,rotation,26,26,compact:L1R0W0-L1R0W0-L1R0W0-L1R0W0-L1R0W0-L1R0W0-L1R0W0-L1R0W0-L1R0W0-L1R0W0-L1R0W0-L1R0W0-L1R0W0-L1R0W0-L1R0W0-L1R0W0-L1R0W0-L1R0W0-L1R0W0-L1R0W0-L1R0W0-L1R0W0-L1R0W0-L1R0W0-L1R0W0-L1R0W0,compact:L1R0W0-L1R0W0-L1R0W0-L1R0W0-L1R0W0-L1R0W0-L1R0W0-L1R0W0-L1R0W0-L1R0W0-L1R0W0-L1R0W0-L1R0W0-L1R0W0-L1R0W0-L1R0W0-L1R0W0-L1R0W0-L1R0W0-L1R0W0-L1R0W0-L1R0W0-L1R0W0-L1R0W0-L1R0W0-L1R0W0,,,not_applicable,optimized,2,3,2,3054.7538194999997,3054.7538194999997,3054.490789,3055.01685,0.2630305000000135,1023.7233319999999,11.326761,2019.7037265,,,custom:libsad_search_57309a924b2f38.so,/home/rzzhang/sad_merged/sad/build/libsad_search_57309a924b2f38.so
2026-08-23T06:46:25.863440+00:00,20260823T064006,joint:equivariant-qnn:22:de131dfbb009d1e6,ok,,equivariant-qnn,22,8,float64,42,128,2,32,2,2,0.0,rotation,rotation,3,4,compact:L5R2W1-L5R2W0-L5R2W0,compact:L5R1W0-L5R1W0-L5R0W0-L5R0W0,,,not_applicable,optimized,3,3,3,49.648368,49.64722233333333,49.642137999999996,49.651161,0.003771652717608054,13.069536666666666,0.3846836666666667,36.193002,,,custom:libsad_search_e09d5834859473.so,/home/rzzhang/sad_merged/sad/build/libsad_search_e09d5834859473.so
2026-08-23T06:46:26.191162+00:00,20260823T064006,joint:equivariant-qnn:16:e90c80002362de92,ok,,equivariant-qnn,16,8,float64,42,32,2,128,2,1,0.5,rotation,rotation,10,9,compact:L2R0W0-L2R0W0-L2R0W0-L2R0W0-L2R0W0-L2R0W0-L1R0W0-L1R0W0-L1R0W0-L1R0W0,compact:L2R0W0-L2R0W0-L2R0W0-L2R0W0-L2R0W0-L2R0W0-L2R0W0-L1R0W0-L1R0W0,,,not_applicable,optimized,5,3,5,2.4288770000000004,2.4291456,2.428069,2.429998,0.0007428328479543976,1.050818,0.015554600000000002,1.362773,,,custom:libsad_search_44993f541f55e5.so,/home/rzzhang/sad_merged/sad/build/libsad_search_44993f541f55e5.so
2026-08-23T06:46:26.220583+00:00,20260823T064006,joint:equivariant-qnn:18:8ae7ee41d558716e,ok,,equivariant-qnn,18,8,float64,42,32,2,128,2,1,1.0,rotation,rotation,18,18,compact:L1R0W0-L1R0W0-L1R0W0-L1R0W0-L1R0W0-L1R0W0-L1R0W0-L1R0W0-L1R0W0-L1R0W0-L1R0W0-L1R0W0-L1R0W0-L1R0W0-L1R0W0-L1R0W0-L1R0W0-L1R0W0,compact:L1R0W0-L1R0W0-L1R0W0-L1R0W0-L1R0W0-L1R0W0-L1R0W0-L1R0W0-L1R0W0-L1R0W0-L1R0W0-L1R0W0-L1R0W0-L1R0W0-L1R0W0-L1R0W0-L1R0W0-L1R0W0,,,not_applicable,optimized,5,3,5,7.164003,7.1645244,7.15895,7.170326,0.0039875731266021735,3.2492544,0.03171,3.8835599999999997,,,custom:libsad_search_44993f541f55e5.so,/home/rzzhang/sad_merged/sad/build/libsad_search_44993f541f55e5.so
2026-08-23T06:46:26.287520+00:00,20260823T064006,joint:equivariant-qnn:20:a7f41f7d6191c27f,ok,,equivariant-qnn,20,8,float64,42,128,2,32,2,1,0.0,legacy,legacy,0,0,,,,,not_applicable,legacy-generic,5,3,5,12.865003999999999,12.863682599999999,12.857771,12.865959,0.0030672667050649707,3.7923626,0.10372580000000002,8.9675942,,,custom:libsad_search_e3460e95b2f927.so,/home/rzzhang/sad_merged/sad/build/libsad_search_e3460e95b2f927.so
2026-08-23T06:46:26.401155+00:00,20260823T064006,joint:equivariant-qnn:18:a7a0bbd774aca995,ok,,equivariant-qnn,18,8,float64,42,32,2,32,2,1,0.75,rotation,rotation,14,14,compact:L2R0W0-L2R0W0-L2R0W0-L2R0W0-L1R0W0-L1R0W0-L1R0W0-L1R0W0-L1R0W0-L1R0W0-L1R0W0-L1R0W0-L1R0W0-L1R0W0,compact:L2R0W0-L2R0W0-L2R0W0-L2R0W0-L1R0W0-L1R0W0-L1R0W0-L1R0W0-L1R0W0-L1R0W0-L1R0W0-L1R0W0-L1R0W0-L1R0W0,,,not_applicable,optimized,5,3,5,6.235231,6.2350778,6.234182,6.2362400000000004,0.0007882982684239082,2.8428235999999996,0.0320556,3.3601986000000004,,,custom:libsad_search_e1d9f2a2400c61.so,/home/rzzhang/sad_merged/sad/build/libsad_search_e1d9f2a2400c61.so
2026-08-23T06:46:26.460955+00:00,20260823T064006,joint:equivariant-qnn:4:c1e6313c9d28681f,ok,,equivariant-qnn,4,8,float64,42,128,2,128,2,1,0.5,rotation,rotation,2,2,compact:L2R0W0-L2R0W0,compact:L2R0W0-L2R0W0,,,not_applicable,optimized,20,3,20,0.40445299999999995,0.40445549999999997,0.401294,0.405529,0.0008744410500428258,0.15891325,0.015268700000000001,0.23027355,,,custom:libsad_search_726ce3dd431232.so,/home/rzzhang/sad_merged/sad/build/libsad_search_726ce3dd431232.so
2026-08-23T06:46:26.479858+00:00,20260823T064006,joint:equivariant-qnn:28:7196f826b4ef6954,ok,,equivariant-qnn,28,8,float64,42,32,2,128,2,1,1.0,rotation,rotation,28,28,compact:L1R0W0-L1R0W0-L1R0W0-L1R0W0-L1R0W0-L1R0W0-L1R0W0-L1R0W0-L1R0W0-L1R0W0-L1R0W0-L1R0W0-L1R0W0-L1R0W0-L1R0W0-L1R0W0-L1R0W0-L1R0W0-L1R0W0-L1R0W0-L1R0W0-L1R0W0-L1R0W0-L1R0W0-L1R0W0-L1R0W0-L1R0W0-L1R0W0,compact:L1R0W0-L1R0W0-L1R0W0-L1R0W0-L1R0W0-L1R0W0-L1R0W0-L1R0W0-L1R0W0-L1R0W0-L1R0W0-L1R0W0-L1R0W0-L1R0W0-L1R0W0-L1R0W0-L1R0W0-L1R0W0-L1R0W0-L1R0W0-L1R0W0-L1R0W0-L1R0W0-L1R0W0-L1R0W0-L1R0W0-L1R0W0-L1R0W0,,,not_applicable,optimized,2,3,2,13115.0159425,13115.0159425,13114.046223000001,13115.985662,0.9697194999989733,4390.063063,82.5901775,8642.362702,,,custom:libsad_search_44993f541f55e5.so,/home/rzzhang/sad_merged/sad/build/libsad_search_44993f541f55e5.so
2026-08-23T06:47:32.091641+00:00,20260823T064006,joint:equivariant-qnn:22:d345700cc8f2bd1d,ok,,equivariant-qnn,22,8,float64,42,32,2,128,2,2,0.0,rotation,rotation,4,3,compact:L5R1W0-L5R1W0-L5R0W0-L5R0W0,compact:L5R2W1-L5R2W0-L5R2W0,,,not_applicable,optimized,3,3,3,53.270083,53.264334999999996,53.231255,53.291667000000004,0.02499576049386766,16.058853666666668,0.3856096666666667,36.819871666666664,,,custom:libsad_search_57309a924b2f38.so,/home/rzzhang/sad_merged/sad/build/libsad_search_57309a924b2f38.so
2026-08-23T06:47:32.442925+00:00,20260823T064006,joint:equivariant-qnn:14:5a9e7ccd07a7144a,ok,,equivariant-qnn,14,8,float64,42,128,2,32,2,2,0.0,rotation,rotation,2,2,compact:L5R2W0-L5R2W0,compact:L5R2W0-L5R2W0,,,not_applicable,optimized,10,3,10,0.6553640000000001,0.6553294000000001,0.654197,0.656449,0.0007685820971112873,0.27794830000000004,0.0154609,0.3619202,,,custom:libsad_search_e09d5834859473.so,/home/rzzhang/sad_merged/sad/build/libsad_search_e09d5834859473.so
2026-08-23T06:47:32.460901+00:00,20260823T064006,joint:equivariant-qnn:6:7499ed4aa7bd738e,ok,,equivariant-qnn,6,8,float64,42,32,2,32,2,1,0.0,legacy,legacy,0,0,,,,,not_applicable,legacy-generic,20,3,20,0.26631000000000005,0.2670977,0.265152,0.279473,0.0029214947047701513,0.0923974,0.015484099999999999,0.1592162,,,custom:libsad_search_cadde23b7a4b57.so,/home/rzzhang/sad_merged/sad/build/libsad_search_cadde23b7a4b57.so
2026-08-23T06:47:47.546148+00:00,20260823T064006,joint:equivariant-qnn:10:694291632dd9452c,ok,,equivariant-qnn,10,8,float64,42,64,2,64,2,1,0.25,rotation,rotation,4,4,compact:L3R0W0-L3R0W0-L2R0W0-L2R0W0,compact:L3R0W0-L3R0W0-L2R0W0-L2R0W0,,,not_applicable,optimized,10,3,10,0.8201174999999999,0.8200079,0.818196,0.8212980000000001,0.000890787679528644,0.3352123,0.015358499999999999,0.4694371,,,custom:libsad_search_d69133c4e36ad5.so,/home/rzzhang/sad_merged/sad/build/libsad_search_d69133c4e36ad5.so
2026-08-23T06:47:47.566209+00:00,20260823T064006,joint:equivariant-qnn:24:711066a37cc9c589,ok,,equivariant-qnn,24,8,float64,42,128,2,32,2,1,0.0,rotation,rotation,3,4,compact:L5R2W1-L5R2W1-L5R2W1,compact:L5R1W0-L5R1W0-L5R1W0-L5R1W0,,,not_applicable,optimized,3,3,3,212.34457600000002,212.33351666666667,212.310813,212.34516100000002,0.016055692995193077,58.798409666666664,1.7416626666666666,151.79344433333333,,,custom:libsad_search_78523faf565e9a.so,/home/rzzhang/sad_merged/sad/build/libsad_search_78523faf565e9a.so
2026-08-23T06:47:48.877847+00:00,20260823T064006,joint:equivariant-qnn:22:e84af606f420bca3,ok,,equivariant-qnn,22,8,float64,42,64,2,64,2,2,1.0,rotation,rotation,22,22,compact:L1R0W0-L1R0W0-L1R0W0-L1R0W0-L1R0W0-L1R0W0-L1R0W0-L1R0W0-L1R0W0-L1R0W0-L1R0W0-L1R0W0-L1R0W0-L1R0W0-L1R0W0-L1R0W0-L1R0W0-L1R0W0-L1R0W0-L1R0W0-L1R0W0-L1R0W0,compact:L1R0W0-L1R0W0-L1R0W0-L1R0W0-L1R0W0-L1R0W0-L1R0W0-L1R0W0-L1R0W0-L1R0W0-L1R0W0-L1R0W0-L1R0W0-L1R0W0-L1R0W0-L1R0W0-L1R0W0-L1R0W0-L1R0W0-L1R0W0-L1R0W0-L1R0W0,,,not_applicable,optimized,3,3,3,143.393361,143.38187333333335,143.350404,143.40185499999998,0.02252074916357604,34.98585766666667,0.3863513333333334,108.00966433333332,,,custom:libsad_search_ae5663d41dfb3d.so,/home/rzzhang/sad_merged/sad/build/libsad_search_ae5663d41dfb3d.so
2026-08-23T06:47:49.763009+00:00,20260823T064006,joint:equivariant-qnn:4:a6c12c6f145de8d4,ok,,equivariant-qnn,4,8,float64,42,32,2,32,2,1,0.25,rotation,rotation,2,2,compact:L2R0W0-L2R0W0,compact:L2R0W0-L2R0W0,,,not_applicable,optimized,20,3,20,0.28896299999999997,0.2891952,0.28766600000000003,0.291892,0.0008873475981823512,0.1165211,0.015513099999999998,0.157161,,,custom:libsad_search_e1d9f2a2400c61.so,/home/rzzhang/sad_merged/sad/build/libsad_search_e1d9f2a2400c61.so
2026-08-23T06:47:49.779472+00:00,20260823T064006,joint:equivariant-qnn:10:893b8793b1ed1bbb,ok,,equivariant-qnn,10,8,float64,42,32,2,128,2,2,0.5,rotation,rotation,6,6,compact:L2R0W0-L2R0W0-L2R0W0-L2R0W0-L1R0W0-L1R0W0,compact:L2R0W0-L2R0W0-L2R0W0-L2R0W0-L1R0W0-L1R0W0,,,not_applicable,optimized,10,3,10,1.1152275,1.1153442999999998,1.113183,1.118174,0.0013320141928673105,0.40785099999999996,0.015320200000000003,0.6921731000000001,,,custom:libsad_search_57309a924b2f38.so,/home/rzzhang/sad_merged/sad/build/libsad_search_57309a924b2f38.so
2026-08-23T06:47:49.803235+00:00,20260823T064006,joint:equivariant-qnn:22:6d886d7092892350,ok,,equivariant-qnn,22,8,float64,42,128,2,128,2,1,1.0,rotation,rotation,22,22,compact:L1R0W0-L1R0W0-L1R0W0-L1R0W0-L1R0W0-L1R0W0-L1R0W0-L1R0W0-L1R0W0-L1R0W0-L1R0W0-L1R0W0-L1R0W0-L1R0W0-L1R0W0-L1R0W0-L1R0W0-L1R0W0-L1R0W0-L1R0W0-L1R0W0-L1R0W0,compact:L1R0W0-L1R0W0-L1R0W0-L1R0W0-L1R0W0-L1R0W0-L1R0W0-L1R0W0-L1R0W0-L1R0W0-L1R0W0-L1R0W0-L1R0W0-L1R0W0-L1R0W0-L1R0W0-L1R0W0-L1R0W0-L1R0W0-L1R0W0-L1R0W0-L1R0W0,,,not_applicable,optimized,3,3,3,143.835614,143.900961,143.776543,144.090726,0.1363339336066606,35.18872133333333,0.38615166666666667,108.326088,,,custom:libsad_search_726ce3dd431232.so,/home/rzzhang/sad_merged/sad/build/libsad_search_726ce3dd431232.so
2026-08-23T06:47:50.691858+00:00,20260823T064006,joint:equivariant-qnn:14:87f4e1cab562b3f8,ok,,equivariant-qnn,14,8,float64,42,128,2,32,2,2,0.5,rotation,rotation,8,8,compact:L2R0W0-L2R0W0-L2R0W0-L2R0W0-L2R0W0-L2R0W0-L1R0W0-L1R0W0,compact:L2R0W0-L2R0W0-L2R0W0-L2R0W0-L2R0W0-L2R0W0-L1R0W0-L1R0W0,,,not_applicable,optimized,10,3,10,1.6005280000000002,1.6005353,1.598332,1.602554,0.0012866201498499999,0.8248284,0.015416599999999997,0.7602903000000001,,,custom:libsad_search_e09d5834859473.so,/home/rzzhang/sad_merged/sad/build/libsad_search_e09d5834859473.so
2026-08-23T06:47:50.722228+00:00,20260823T064006,joint:equivariant-qnn:24:2e5e1e708bd066c4,ok,,equivariant-qnn,24,8,float64,42,32,2,32,2,2,0.25,rotation,rotation,9,9,compact:L3R0W0-L3R0W0-L3R0W0-L3R0W0-L3R0W0-L3R0W0-L2R0W0-L2R0W0-L2R0W0,compact:L3R0W0-L3R0W0-L3R0W0-L3R0W0-L3R0W0-L3R0W0-L2R0W0-L2R0W0-L2R0W0,,,not_applicable,optimized,3,3,3,282.937355,282.929306,282.90292999999997,282.94763300000005,0.019116822487048435,96.889025,1.7388313333333336,184.3014496666667,,,custom:libsad_search_6e9ecc13ac7654.so,/home/rzzhang/sad_merged/sad/build/libsad_search_6e9ecc13ac7654.so
2026-08-23T06:47:52.449666+00:00,20260823T064006,joint:equivariant-qnn:18:91fee5f45b7983ec,ok,,equivariant-qnn,18,8,float64,42,64,2,64,2,2,0.0,rotation,rotation,3,3,compact:L5R1W0-L5R1W0-L5R1W0,compact:L5R1W0-L5R1W0-L5R1W0,,,not_applicable,optimized,5,3,5,3.514392,3.5144303999999997,3.513482,3.515568,0.0006676063510781824,1.1016784,0.031576,2.381176,,,custom:libsad_search_ae5663d41dfb3d.so,/home/rzzhang/sad_merged/sad/build/libsad_search_ae5663d41dfb3d.so
2026-08-23T06:47:52.487554+00:00,20260823T064006,joint:equivariant-qnn:22:4ef4e41e61c9d391,ok,,equivariant-qnn,22,8,float64,42,32,2,32,2,2,0.75,rotation,rotation,18,18,compact:L2R0W0-L2R0W0-L2R0W0-L2R0W0-L1R0W0-L1R0W0-L1R0W0-L1R0W0-L1R0W0-L1R0W0-L1R0W0-L1R0W0-L1R0W0-L1R0W0-L1R0W0-L1R0W0-L1R0W0-L1R0W0,compact:L2R0W0-L2R0W0-L2R0W0-L2R0W0-L1R0W0-L1R0W0-L1R0W0-L1R0W0-L1R0W0-L1R0W0-L1R0W0-L1R0W0-L1R0W0-L1R0W0-L1R0W0-L1R0W0-L1R0W0-L1R0W0,,,not_applicable,optimized,3,3,3,120.138633,120.139258,120.13241699999999,120.146724,0.0058575040759762465,30.938152333333335,0.387915,88.81319066666667,,,custom:libsad_search_6e9ecc13ac7654.so,/home/rzzhang/sad_merged/sad/build/libsad_search_6e9ecc13ac7654.so
2026-08-23T06:47:53.230657+00:00,20260823T064006,joint:equivariant-qnn:22:bebdcef22d053f42,ok,,equivariant-qnn,22,8,float64,42,32,2,128,2,2,0.5,rotation,rotation,13,12,compact:L2R0W0-L2R0W0-L2R0W0-L2R0W0-L2R0W0-L2R0W0-L2R0W0-L2R0W0-L2R0W0-L1R0W0-L1R0W0-L1R0W0-L1R0W0,compact:L2R0W0-L2R0W0-L2R0W0-L2R0W0-L2R0W0-L2R0W0-L2R0W0-L2R0W0-L2R0W0-L2R0W0-L1R0W0-L1R0W0,,,not_applicable,optimized,3,3,3,87.129962,87.13502133333334,87.129854,87.14524800000001,0.007231479762511779,25.966757666666663,0.3865073333333333,60.781756333333334,,,custom:libsad_search_57309a924b2f38.so,/home/rzzhang/sad_merged/sad/build/libsad_search_57309a924b2f38.so
2026-08-23T06:47:53.778487+00:00,20260823T064006,joint:equivariant-qnn:24:d37fa7ede1d59522,ok,,equivariant-qnn,24,8,float64,42,32,2,128,2,1,0.25,rotation,rotation,9,8,compact:L3R0W0-L3R0W0-L3R0W0-L3R0W0-L3R0W0-L3R0W0-L2R0W0-L2R0W0-L2R0W0,compact:L3R0W0-L3R0W0-L3R0W0-L3R0W0-L3R0W0-L3R0W0-L3R0W0-L3R0W0,,,not_applicable,optimized,3,3,3,265.267901,265.263152,265.252276,265.269279,0.007711041996164916,96.89367999999999,1.733912,166.63556,,,custom:libsad_search_44993f541f55e5.so,/home/rzzhang/sad_merged/sad/build/libsad_search_44993f541f55e5.so
2026-08-23T06:47:55.399791+00:00,20260823T064006,joint:equivariant-qnn:14:45f1b1c061f19292,ok,,equivariant-qnn,14,8,float64,42,32,2,128,2,1,0.25,rotation,rotation,5,5,compact:L3R0W0-L3R0W0-L3R0W0-L3R0W0-L2R0W0,compact:L3R0W0-L3R0W0-L3R0W0-L3R0W0-L2R0W0,,,not_applicable,optimized,10,3,10,1.2791264999999998,1.2794915,1.278849,1.2810529999999998,0.0006846549861061278,0.4211882,0.0152864,0.8430169,,,custom:libsad_search_44993f541f55e5.so,/home/rzzhang/sad_merged/sad/build/libsad_search_44993f541f55e5.so
2026-08-23T06:47:55.426142+00:00,20260823T064006,joint:equivariant-qnn:10:5d52ae5f1c31756a,ok,,equivariant-qnn,10,8,float64,42,32,2,32,2,2,1.0,rotation,rotation,10,10,compact:L1R0W0-L1R0W0-L1R0W0-L1R0W0-L1R0W0-L1R0W0-L1R0W0-L1R0W0-L1R0W0-L1R0W0,compact:L1R0W0-L1R0W0-L1R0W0-L1R0W0-L1R0W0-L1R0W0-L1R0W0-L1R0W0-L1R0W0-L1R0W0,,,not_applicable,optimized,10,3,10,1.367064,1.3673529,1.366155,1.368133,0.0006330460409796628,0.6395311,0.0155604,0.7122613999999999,,,custom:libsad_search_6e9ecc13ac7654.so,/home/rzzhang/sad_merged/sad/build/libsad_search_6e9ecc13ac7654.so
2026-08-23T06:47:55.453318+00:00,20260823T064006,joint:equivariant-qnn:4:3241b5c27f08d505,ok,,equivariant-qnn,4,8,float64,42,32,2,32,2,1,1.0,rotation,rotation,4,4,compact:L1R0W0-L1R0W0-L1R0W0-L1R0W0,compact:L1R0W0-L1R0W0-L1R0W0-L1R0W0,,,not_applicable,optimized,20,3,20,0.4484645,0.4482406,0.447371,0.449658,0.0006591775481613471,0.1999672,0.015235499999999999,0.2330379,,,custom:libsad_search_e1d9f2a2400c61.so,/home/rzzhang/sad_merged/sad/build/libsad_search_e1d9f2a2400c61.so
2026-08-23T06:47:55.472827+00:00,20260823T064006,joint:equivariant-qnn:20:3bb8453134633ee3,ok,,equivariant-qnn,20,8,float64,42,32,2,128,2,2,0.0,rotation,rotation,3,3,compact:L5R2W0-L5R2W0-L5R1W0,compact:L5R2W0-L5R2W0-L5R1W0,,,not_applicable,optimized,5,3,5,13.105723999999999,13.109179799999998,13.105423,13.121779,0.006345609234738962,3.6148322,0.09924680000000001,9.3951008,,,custom:libsad_search_57309a924b2f38.so,/home/rzzhang/sad_merged/sad/build/libsad_search_57309a924b2f38.so
2026-08-23T06:47:55.586836+00:00,20260823T064006,joint:equivariant-qnn:20:11279263c9e964ec,ok,,equivariant-qnn,20,8,float64,42,128,2,32,2,2,0.75,rotation,rotation,16,16,compact:L2R0W0-L2R0W0-L2R0W0-L2R0W0-L1R0W0-L1R0W0-L1R0W0-L1R0W0-L1R0W0-L1R0W0-L1R0W0-L1R0W0-L1R0W0-L1R0W0-L1R0W0-L1R0W0,compact:L2R0W0-L2R0W0-L2R0W0-L2R0W0-L1R0W0-L1R0W0-L1R0W0-L1R0W0-L1R0W0-L1R0W0-L1R0W0-L1R0W0-L1R0W0-L1R0W0-L1R0W0-L1R0W0,,,not_applicable,optimized,5,3,5,19.295878000000002,19.325322800000002,19.295845999999997,19.402307,0.041619406191823916,8.719794,0.09770300000000001,10.5078258,,,custom:libsad_search_e09d5834859473.so,/home/rzzhang/sad_merged/sad/build/libsad_search_e09d5834859473.so
2026-08-23T06:47:55.761348+00:00,20260823T064006,joint:equivariant-qnn:8:c328b1028869f6cf,ok,,equivariant-qnn,8,8,float64,42,32,2,128,2,2,0.25,rotation,rotation,4,3,compact:L2R0W0-L2R0W0-L2R0W0-L2R0W0,compact:L3R0W0-L3R0W0-L2R0W0,,,not_applicable,optimized,20,3,20,0.7285600000000001,0.72867225,0.727085,0.7301250000000001,0.0008028530921034193,0.27317345000000004,0.01543535,0.44006345,,,custom:libsad_search_57309a924b2f38.so,/home/rzzhang/sad_merged/sad/build/libsad_search_57309a924b2f38.so
2026-08-23T06:47:55.787396+00:00,20260823T064006,joint:equivariant-qnn:12:c90f9b6c37f5539c,ok,,equivariant-qnn,12,8,float64,42,32,2,32,2,2,0.75,rotation,rotation,10,10,compact:L2R0W0-L2R0W0-L1R0W0-L1R0W0-L1R0W0-L1R0W0-L1R0W0-L1R0W0-L1R0W0-L1R0W0,compact:L2R0W0-L2R0W0-L1R0W0-L1R0W0-L1R0W0-L1R0W0-L1R0W0-L1R0W0-L1R0W0-L1R0W0,,,not_applicable,optimized,10,3,10,1.5820845,1.5814818,1.5770039999999999,1.5831490000000001,0.001597981401644013,0.7322955999999999,0.0153857,0.8338005,,,custom:libsad_search_6e9ecc13ac7654.so,/home/rzzhang/sad_merged/sad/build/libsad_search_6e9ecc13ac7654.so
2026-08-23T06:47:55.817295+00:00,20260823T064006,joint:equivariant-qnn:24:931cb04422d7af7a,ok,,equivariant-qnn,24,8,float64,42,32,2,32,2,2,0.5,rotation,rotation,14,14,compact:L2R0W0-L2R0W0-L2R0W0-L2R0W0-L2R0W0-L2R0W0-L2R0W0-L2R0W0-L2R0W0-L2R0W0-L1R0W0-L1R0W0-L1R0W0-L1R0W0,compact:L2R0W0-L2R0W0-L2R0W0-L2R0W0-L2R0W0-L2R0W0-L2R0W0-L2R0W0-L2R0W0-L2R0W0-L1R0W0-L1R0W0-L1R0W0-L1R0W0,,,not_applicable,optimized,3,3,3,425.322604,425.342691,425.25331300000005,425.452156,0.08241055894724363,144.13567866666665,1.7389076666666667,279.46810466666665,,,custom:libsad_search_6e9ecc13ac7654.so,/home/rzzhang/sad_merged/sad/build/libsad_search_6e9ecc13ac7654.so
2026-08-23T06:47:58.396285+00:00,20260823T064006,joint:equivariant-qnn:10:0e425bc61f65bd7c,ok,,equivariant-qnn,10,8,float64,42,128,2,128,2,2,0.5,rotation,rotation,6,6,compact:L2R0W0-L2R0W0-L2R0W0-L2R0W0-L1R0W0-L1R0W0,compact:L2R0W0-L2R0W0-L2R0W0-L2R0W0-L1R0W0-L1R0W0,,,not_applicable,optimized,10,3,10,1.241147,1.2413683,1.2400799999999998,1.243044,0.0008832299870363002,0.5338603000000001,0.015198699999999999,0.6923093,,,custom:libsad_search_fad73079be189a.so,/home/rzzhang/sad_merged/sad/build/libsad_search_fad73079be189a.so
2026-08-23T06:47:58.422418+00:00,20260823T064006,joint:equivariant-qnn:4:992bd1994ef49998,ok,,equivariant-qnn,4,8,float64,42,64,2,64,2,1,0.0,rotation,rotation,1,1,compact:L4R0W0,compact:L4R0W0,,,not_applicable,optimized,20,3,20,0.23037950000000001,0.23041645000000002,0.22935399999999997,0.231421,0.0005857955680098744,0.0802058,0.0152955,0.13491514999999998,,,custom:libsad_search_d69133c4e36ad5.so,/home/rzzhang/sad_merged/sad/build/libsad_search_d69133c4e36ad5.so
2026-08-23T06:47:58.437190+00:00,20260823T064006,joint:equivariant-qnn:22:2a293d18cc07d98d,ok,,equivariant-qnn,22,8,float64,42,128,2,128,2,2,0.25,rotation,rotation,8,8,compact:L3R0W0-L3R0W0-L3R0W0-L3R0W0-L3R0W0-L3R0W0-L2R0W0-L2R0W0,compact:L3R0W0-L3R0W0-L3R0W0-L3R0W0-L3R0W0-L3R0W0-L2R0W0-L2R0W0,,,not_applicable,optimized,3,3,3,63.681443,64.23203833333334,63.67729,65.337382,0.781597841148647,21.615706,0.39851033333333336,42.217822,,,custom:libsad_search_fad73079be189a.so,/home/rzzhang/sad_merged/sad/build/libsad_search_fad73079be189a.so
2026-08-23T06:47:58.848418+00:00,20260823T064006,joint:equivariant-qnn:26:fdc2eb3c1057ac46,ok,,equivariant-qnn,26,8,float64,42,64,2,64,2,2,1.0,rotation,rotation,26,26,compact:L1R0W0-L1R0W0-L1R0W0-L1R0W0-L1R0W0-L1R0W0-L1R0W0-L1R0W0-L1R0W0-L1R0W0-L1R0W0-L1R0W0-L1R0W0-L1R0W0-L1R0W0-L1R0W0-L1R0W0-L1R0W0-L1R0W0-L1R0W0-L1R0W0-L1R0W0-L1R0W0-L1R0W0-L1R0W0-L1R0W0,compact:L1R0W0-L1R0W0-L1R0W0-L1R0W0-L1R0W0-L1R0W0-L1R0W0-L1R0W0-L1R0W0-L1R0W0-L1R0W0-L1R0W0-L1R0W0-L1R0W0-L1R0W0-L1R0W0-L1R0W0-L1R0W0-L1R0W0-L1R0W0-L1R0W0-L1R0W0-L1R0W0-L1R0W0-L1R0W0-L1R0W0,,,not_applicable,optimized,2,3,2,3056.1920450000002,3056.1920450000002,3056.053491,3056.3305990000003,0.13855400000011286,1025.7819465,11.353452,2019.0566465000002,,,custom:libsad_search_ae5663d41dfb3d.so,/home/rzzhang/sad_merged/sad/build/libsad_search_ae5663d41dfb3d.so
2026-08-23T06:48:14.153252+00:00,20260823T064006,joint:equivariant-qnn:4:c8768d008087fb09,ok,,equivariant-qnn,4,8,float64,42,128,2,32,2,1,0.25,rotation,rotation,2,2,compact:L2R0W0-L2R0W0,compact:L2R0W0-L2R0W0,,,not_applicable,optimized,20,3,20,0.325576,0.3255026,0.32446899999999995,0.32676299999999997,0.0007966168087606651,0.15274970000000002,0.0153654,0.15738749999999999,,,custom:libsad_search_78523faf565e9a.so,/home/rzzhang/sad_merged/sad/build/libsad_search_78523faf565e9a.so
2026-08-23T06:48:14.176412+00:00,20260823T064006,joint:equivariant-qnn:18:bdbf0e97d603c88f,ok,,equivariant-qnn,18,8,float64,42,64,2,64,2,2,0.25,rotation,rotation,7,7,compact:L3R0W0-L3R0W0-L3R0W0-L3R0W0-L2R0W0-L2R0W0-L2R0W0,compact:L3R0W0-L3R0W0-L3R0W0-L3R0W0-L2R0W0-L2R0W0-L2R0W0,,,not_applicable,optimized,5,3,5,4.379867,4.3805272,4.379578,4.381826,0.0009982960282400638,1.7429578000000001,0.032203199999999994,2.6053661999999997,,,custom:libsad_search_ae5663d41dfb3d.so,/home/rzzhang/sad_merged/sad/build/libsad_search_ae5663d41dfb3d.so
2026-08-23T06:48:14.228853+00:00,20260823T064006,joint:equivariant-qnn:28:9718694ed29448c0,ok,,equivariant-qnn,28,8,float64,42,64,2,64,2,2,0.5,rotation,rotation,16,16,compact:L2R0W0-L2R0W0-L2R0W0-L2R0W0-L2R0W0-L2R0W0-L2R0W0-L2R0W0-L2R0W0-L2R0W0-L2R0W0-L2R0W0-L1R0W0-L1R0W0-L1R0W0-L1R0W0,compact:L2R0W0-L2R0W0-L2R0W0-L2R0W0-L2R0W0-L2R0W0-L2R0W0-L2R0W0-L2R0W0-L2R0W0-L2R0W0-L2R0W0-L1R0W0-L1R0W0-L1R0W0-L1R0W0,,,not_applicable,optimized,2,3,2,7740.683822,7740.683822,7739.584046,7741.783598,1.0997760000000198,2598.9045889999998,83.41001800000001,5058.369215,,,custom:libsad_search_ae5663d41dfb3d.so,/home/rzzhang/sad_merged/sad/build/libsad_search_ae5663d41dfb3d.so
2026-08-23T06:48:52.948910+00:00,20260823T064006,joint:equivariant-qnn:4:797e39edeaed9172,ok,,equivariant-qnn,4,8,float64,42,32,2,128,2,1,0.75,rotation,rotation,3,3,compact:L2R0W0-L1R0W0-L1R0W0,compact:L2R0W0-L1R0W0-L1R0W0,,,not_applicable,optimized,20,3,20,0.4341795,0.43342415,0.42692300000000005,0.436116,0.002711656583621893,0.158917,0.01517605,0.2593311,,,custom:libsad_search_44993f541f55e5.so,/home/rzzhang/sad_merged/sad/build/libsad_search_44993f541f55e5.so
2026-08-23T06:48:52.974226+00:00,20260823T064006,joint:equivariant-qnn:26:274d76a34857b91a,ok,,equivariant-qnn,26,8,float64,42,128,2,32,2,2,0.5,rotation,rotation,14,15,compact:L2R0W0-L2R0W0-L2R0W0-L2R0W0-L2R0W0-L2R0W0-L2R0W0-L2R0W0-L2R0W0-L2R0W0-L2R0W0-L2R0W0-L1R0W0-L1R0W0,compact:L2R0W0-L2R0W0-L2R0W0-L2R0W0-L2R0W0-L2R0W0-L2R0W0-L2R0W0-L2R0W0-L2R0W0-L2R0W0-L1R0W0-L1R0W0-L1R0W0-L1R0W0,,,not_applicable,optimized,2,3,2,1775.8085089999997,1775.8085089999997,1775.7993059999997,1775.8177119999998,0.00920300000007046,574.7883830000001,11.679247,1189.3408789999999,,,custom:libsad_search_e09d5834859473.so,/home/rzzhang/sad_merged/sad/build/libsad_search_e09d5834859473.so
2026-08-23T06:49:01.913631+00:00,20260823T064006,joint:equivariant-qnn:16:5fad765a23a72237,ok,,equivariant-qnn,16,8,float64,42,128,2,128,2,2,1.0,rotation,rotation,16,16,compact:L1R0W0-L1R0W0-L1R0W0-L1R0W0-L1R0W0-L1R0W0-L1R0W0-L1R0W0-L1R0W0-L1R0W0-L1R0W0-L1R0W0-L1R0W0-L1R0W0-L1R0W0-L1R0W0,compact:L1R0W0-L1R0W0-L1R0W0-L1R0W0-L1R0W0-L1R0W0-L1R0W0-L1R0W0-L1R0W0-L1R0W0-L1R0W0-L1R0W0-L1R0W0-L1R0W0-L1R0W0-L1R0W0,,,not_applicable,optimized,5,3,5,3.745857,3.7456006000000004,3.7436819999999997,3.7468830000000004,0.00105092960753821,1.7277213999999999,0.015532999999999998,2.0023462,,,custom:libsad_search_fad73079be189a.so,/home/rzzhang/sad_merged/sad/build/libsad_search_fad73079be189a.so
2026-08-23T06:49:01.968247+00:00,20260823T064006,joint:equivariant-qnn:28:69f46f36ce65c8bf,ok,,equivariant-qnn,28,8,float64,42,64,2,64,2,2,0.25,rotation,rotation,10,10,compact:L3R0W0-L3R0W0-L3R0W0-L3R0W0-L3R0W0-L3R0W0-L3R0W0-L3R0W0-L2R0W0-L2R0W0,compact:L3R0W0-L3R0W0-L3R0W0-L3R0W0-L3R0W0-L3R0W0-L3R0W0-L3R0W0-L2R0W0-L2R0W0,,,not_applicable,optimized,2,3,2,5004.3455095,5004.3455095,5004.1439279999995,5004.547091,0.20158150000042951,1692.7181830000002,83.100675,3228.5266515000003,,,custom:libsad_search_ae5663d41dfb3d.so,/home/rzzhang/sad_merged/sad/build/libsad_search_ae5663d41dfb3d.so
2026-08-23T06:49:27.018700+00:00,20260823T064006,joint:equivariant-qnn:20:26e4c301c0652893,ok,,equivariant-qnn,20,8,float64,42,32,2,32,2,1,0.0,rotation,rotation,3,3,compact:L5R2W0-L5R2W0-L5R1W0,compact:L5R2W0-L5R2W0-L5R1W0,,,not_applicable,optimized,5,3,5,11.982056000000002,11.979497,11.974136999999999,11.984109000000002,0.0040688959190434346,3.4166698,0.09769760000000001,8.4651296,,,custom:libsad_search_e1d9f2a2400c61.so,/home/rzzhang/sad_merged/sad/build/libsad_search_e1d9f2a2400c61.so
2026-08-23T06:49:27.149169+00:00,20260823T064006,joint:equivariant-qnn:24:dc3954454ae87919,ok,,equivariant-qnn,24,8,float64,42,32,2,128,2,2,0.5,rotation,rotation,14,14,compact:L2R0W0-L2R0W0-L2R0W0-L2R0W0-L2R0W0-L2R0W0-L2R0W0-L2R0W0-L2R0W0-L2R0W0-L1R0W0-L1R0W0-L1R0W0-L1R0W0,compact:L2R0W0-L2R0W0-L2R0W0-L2R0W0-L2R0W0-L2R0W0-L2R0W0-L2R0W0-L2R0W0-L2R0W0-L1R0W0-L1R0W0-L1R0W0-L1R0W0,,,not_applicable,optimized,3,3,3,425.60167800000005,425.5773993333334,425.470948,425.659572,0.07889589590227693,144.11862966666666,1.7431016666666668,279.715668,,,custom:libsad_search_57309a924b2f38.so,/home/rzzhang/sad_merged/sad/build/libsad_search_57309a924b2f38.so
2026-08-23T06:49:29.747745+00:00,20260823T064006,joint:equivariant-qnn:24:6556544ca47bc999,ok,,equivariant-qnn,24,8,float64,42,32,2,32,2,2,1.0,rotation,rotation,24,24,compact:L1R0W0-L1R0W0-L1R0W0-L1R0W0-L1R0W0-L1R0W0-L1R0W0-L1R0W0-L1R0W0-L1R0W0-L1R0W0-L1R0W0-L1R0W0-L1R0W0-L1R0W0-L1R0W0-L1R0W0-L1R0W0-L1R0W0-L1R0W0-L1R0W0-L1R0W0-L1R0W0-L1R0W0,compact:L1R0W0-L1R0W0-L1R0W0-L1R0W0-L1R0W0-L1R0W0-L1R0W0-L1R0W0-L1R0W0-L1R0W0-L1R0W0-L1R0W0-L1R0W0-L1R0W0-L1R0W0-L1R0W0-L1R0W0-L1R0W0-L1R0W0-L1R0W0-L1R0W0-L1R0W0-L1R0W0-L1R0W0,,,not_applicable,optimized,3,3,3,708.023089,708.0545376666668,707.912281,708.228243,0.13089374911821927,238.66986233333336,1.7527363333333332,467.63193900000005,,,custom:libsad_search_6e9ecc13ac7654.so,/home/rzzhang/sad_merged/sad/build/libsad_search_6e9ecc13ac7654.so
2026-08-23T06:49:34.021973+00:00,20260823T064006,joint:equivariant-qnn:28:cfabab3233638e35,ok,,equivariant-qnn,28,8,float64,42,32,2,128,2,1,0.0,rotation,rotation,4,4,compact:L5R2W0-L5R2W0-L5R2W0-L5R2W0,compact:L5R2W0-L5R2W0-L5R2W0-L5R2W0,,,not_applicable,optimized,2,3,2,4149.480791,4149.480791,4149.271632,4149.68995,0.20915899999999965,1065.9169495,83.11038649999999,3000.453455,,,custom:libsad_search_44993f541f55e5.so,/home/rzzhang/sad_merged/sad/build/libsad_search_44993f541f55e5.so
2026-08-23T06:49:54.794393+00:00,20260823T064006,joint:equivariant-qnn:12:834c8e349fafe838,ok,,equivariant-qnn,12,8,float64,42,32,2,128,2,2,0.5,rotation,rotation,7,7,compact:L2R0W0-L2R0W0-L2R0W0-L2R0W0-L2R0W0-L1R0W0-L1R0W0,compact:L2R0W0-L2R0W0-L2R0W0-L2R0W0-L2R0W0-L1R0W0-L1R0W0,,,not_applicable,optimized,10,3,10,1.398843,1.399197,1.39767,1.4009260000000001,0.0008677367112206875,0.5142122,0.0155589,0.8694259,,,custom:libsad_search_57309a924b2f38.so,/home/rzzhang/sad_merged/sad/build/libsad_search_57309a924b2f38.so
2026-08-23T06:49:54.827204+00:00,20260823T064006,joint:equivariant-qnn:12:33274ff0e4540f19,ok,,equivariant-qnn,12,8,float64,42,32,2,128,2,1,0.75,rotation,rotation,10,10,compact:L2R0W0-L2R0W0-L1R0W0-L1R0W0-L1R0W0-L1R0W0-L1R0W0-L1R0W0-L1R0W0-L1R0W0,compact:L2R0W0-L2R0W0-L1R0W0-L1R0W0-L1R0W0-L1R0W0-L1R0W0-L1R0W0-L1R0W0-L1R0W0,,,not_applicable,optimized,10,3,10,1.802318,1.8025537,1.8002209999999998,1.805255,0.0013564110033467479,0.7053859,0.015546799999999998,1.0816210000000002,,,custom:libsad_search_44993f541f55e5.so,/home/rzzhang/sad_merged/sad/build/libsad_search_44993f541f55e5.so
2026-08-23T06:49:54.865202+00:00,20260823T064006,joint:equivariant-qnn:24:9ee1b2141a5976b7,ok,,equivariant-qnn,24,8,float64,42,32,2,128,2,2,0.0,rotation,rotation,4,3,compact:L5R1W0-L5R1W0-L5R1W0-L5R1W0,compact:L5R2W1-L5R2W1-L5R2W1,,,not_applicable,optimized,3,3,3,223.608637,223.616892,223.608256,223.63378299999997,0.01194475340890784,63.26873233333334,1.7388569999999999,158.60930266666665,,,custom:libsad_search_57309a924b2f38.so,/home/rzzhang/sad_merged/sad/build/libsad_search_57309a924b2f38.so
2026-08-23T06:49:56.243282+00:00,20260823T064006,joint:equivariant-qnn:14:ddaa952fec49f64a,ok,,equivariant-qnn,14,8,float64,42,128,2,32,2,1,0.75,rotation,rotation,11,11,compact:L2R0W0-L2R0W0-L2R0W0-L1R0W0-L1R0W0-L1R0W0-L1R0W0-L1R0W0-L1R0W0-L1R0W0-L1R0W0,compact:L2R0W0-L2R0W0-L2R0W0-L1R0W0-L1R0W0-L1R0W0-L1R0W0-L1R0W0-L1R0W0-L1R0W0-L1R0W0,,,not_applicable,optimized,10,3,10,2.0582735000000003,2.0589652999999997,2.057113,2.0623899999999997,0.001792907139257279,1.0880646999999999,0.0155495,0.9553511,,,custom:libsad_search_78523faf565e9a.so,/home/rzzhang/sad_merged/sad/build/libsad_search_78523faf565e9a.so
2026-08-23T06:49:56.279569+00:00,20260823T064006,joint:equivariant-qnn:16:573c7b1ae65a008d,ok,,equivariant-qnn,16,8,float64,42,128,2,128,2,2,0.75,rotation,rotation,12,12,compact:L2R0W0-L2R0W0-L2R0W0-L2R0W0-L1R0W0-L1R0W0-L1R0W0-L1R0W0-L1R0W0-L1R0W0-L1R0W0-L1R0W0,compact:L2R0W0-L2R0W0-L2R0W0-L2R0W0-L1R0W0-L1R0W0-L1R0W0-L1R0W0-L1R0W0-L1R0W0-L1R0W0-L1R0W0,,,not_applicable,optimized,5,3,5,2.993159,2.9931509999999997,2.992053,2.9941969999999998,0.0009365504791521361,1.3475198,0.0155476,1.6300835999999999,,,custom:libsad_search_fad73079be189a.so,/home/rzzhang/sad_merged/sad/build/libsad_search_fad73079be189a.so
2026-08-23T06:49:56.312858+00:00,20260823T064006,joint:equivariant-qnn:4:f0a0e4e9153256ae,ok,,equivariant-qnn,4,8,float64,42,32,2,128,2,2,0.25,rotation,rotation,2,2,compact:L2R0W0-L2R0W0,compact:L2R0W0-L2R0W0,,,not_applicable,optimized,20,3,20,0.346217,0.34899835,0.345156,0.35512499999999997,0.003975315387173702,0.11658135000000001,0.015375250000000002,0.21704175000000003,,,custom:libsad_search_57309a924b2f38.so,/home/rzzhang/sad_merged/sad/build/libsad_search_57309a924b2f38.so
2026-08-23T06:49:56.329951+00:00,20260823T064006,joint:equivariant-qnn:14:548302efb646fd61,ok,,equivariant-qnn,14,8,float64,42,32,2,32,2,1,0.0,legacy,legacy,0,0,,,,,not_applicable,legacy-generic,10,3,10,0.583636,0.5839627999999999,0.581568,0.5898249999999999,0.0021821282638744984,0.20667729999999998,0.015264200000000002,0.3620213,,,custom:libsad_search_cadde23b7a4b57.so,/home/rzzhang/sad_merged/sad/build/libsad_search_cadde23b7a4b57.so
2026-08-23T06:49:56.346753+00:00,20260823T064006,joint:equivariant-qnn:14:8cec3532e1ae6d75,ok,,equivariant-qnn,14,8,float64,42,32,2,32,2,2,0.5,rotation,rotation,8,8,compact:L2R0W0-L2R0W0-L2R0W0-L2R0W0-L2R0W0-L2R0W0-L1R0W0-L1R0W0,compact:L2R0W0-L2R0W0-L2R0W0-L2R0W0-L2R0W0-L2R0W0-L1R0W0-L1R0W0,,,not_applicable,optimized,10,3,10,1.4028495,1.402971,1.400803,1.4049660000000002,0.0009971338927145447,0.6284866,0.0152557,0.7592287,,,custom:libsad_search_6e9ecc13ac7654.so,/home/rzzhang/sad_merged/sad/build/libsad_search_6e9ecc13ac7654.so
2026-08-23T06:49:56.374007+00:00,20260823T064006,joint:equivariant-qnn:18:4e406efb89aa8d28,ok,,equivariant-qnn,18,8,float64,42,128,2,32,2,1,0.25,rotation,rotation,6,7,compact:L3R0W0-L3R0W0-L3R0W0-L3R0W0-L3R0W0-L3R0W0,compact:L3R0W0-L3R0W0-L3R0W0-L3R0W0-L2R0W0-L2R0W0-L2R0W0,,,not_applicable,optimized,5,3,5,4.187219,4.1874126,4.187119,4.1881949999999994,0.0003959346410708276,1.6238936,0.031661800000000004,2.5318571999999997,,,custom:libsad_search_78523faf565e9a.so,/home/rzzhang/sad_merged/sad/build/libsad_search_78523faf565e9a.so
2026-08-23T06:49:56.416854+00:00,20260823T064006,joint:equivariant-qnn:18:ccae4a7d0ceac654,ok,,equivariant-qnn,18,8,float64,42,32,2,32,2,1,1.0,rotation,rotation,18,18,compact:L1R0W0-L1R0W0-L1R0W0-L1R0W0-L1R0W0-L1R0W0-L1R0W0-L1R0W0-L1R0W0-L1R0W0-L1R0W0-L1R0W0-L1R0W0-L1R0W0-L1R0W0-L1R0W0-L1R0W0-L1R0W0,compact:L1R0W0-L1R0W0-L1R0W0-L1R0W0-L1R0W0-L1R0W0-L1R0W0-L1R0W0-L1R0W0-L1R0W0-L1R0W0-L1R0W0-L1R0W0-L1R0W0-L1R0W0-L1R0W0-L1R0W0-L1R0W0,,,not_applicable,optimized,5,3,5,7.360913,7.3558134,7.324927,7.3738269999999995,0.016389269533447694,3.473484,0.032021,3.8503084,,,custom:libsad_search_e1d9f2a2400c61.so,/home/rzzhang/sad_merged/sad/build/libsad_search_e1d9f2a2400c61.so
2026-08-23T06:49:56.483611+00:00,20260823T064006,joint:equivariant-qnn:16:3d81313225e6b412,ok,,equivariant-qnn,16,8,float64,42,32,2,32,2,2,1.0,rotation,rotation,16,16,compact:L1R0W0-L1R0W0-L1R0W0-L1R0W0-L1R0W0-L1R0W0-L1R0W0-L1R0W0-L1R0W0-L1R0W0-L1R0W0-L1R0W0-L1R0W0-L1R0W0-L1R0W0-L1R0W0,compact:L1R0W0-L1R0W0-L1R0W0-L1R0W0-L1R0W0-L1R0W0-L1R0W0-L1R0W0-L1R0W0-L1R0W0-L1R0W0-L1R0W0-L1R0W0-L1R0W0-L1R0W0-L1R0W0,,,not_applicable,optimized,5,3,5,3.575809,3.5758666,3.574811,3.577042,0.0009356380924268526,1.6889493999999998,0.0157296,1.8711875999999998,,,custom:libsad_search_6e9ecc13ac7654.so,/home/rzzhang/sad_merged/sad/build/libsad_search_6e9ecc13ac7654.so
2026-08-23T06:49:56.521429+00:00,20260823T064006,joint:equivariant-qnn:22:43eca99f9b003701,ok,,equivariant-qnn,22,8,float64,42,128,2,128,2,1,0.0,legacy,legacy,0,0,,,,,not_applicable,legacy-generic,3,3,3,55.216781,54.94900466666667,54.39941700000001,55.230816000000004,0.38865940343727706,15.028131666666667,0.40973766666666667,39.511135333333335,,,custom:libsad_search_e7cc64b1fce303.so,/home/rzzhang/sad_merged/sad/build/libsad_search_e7cc64b1fce303.so
2026-08-23T06:49:56.874371+00:00,20260823T064006,joint:equivariant-qnn:22:cf99ef37c419e611,ok,,equivariant-qnn,22,8,float64,42,64,2,64,2,2,0.25,rotation,rotation,8,8,compact:L3R0W0-L3R0W0-L3R0W0-L3R0W0-L3R0W0-L3R0W0-L2R0W0-L2R0W0,compact:L3R0W0-L3R0W0-L3R0W0-L3R0W0-L3R0W0-L3R0W0-L2R0W0-L2R0W0,,,not_applicable,optimized,3,3,3,65.11702299999999,65.116294,65.112774,65.119085,0.0026275160640144924,22.115834333333336,0.4102756666666667,42.590183999999994,,,custom:libsad_search_ae5663d41dfb3d.so,/home/rzzhang/sad_merged/sad/build/libsad_search_ae5663d41dfb3d.so
2026-08-23T06:49:57.282906+00:00,20260823T064006,joint:equivariant-qnn:24:948b740294c509ab,ok,,equivariant-qnn,24,8,float64,42,64,2,64,2,2,0.25,rotation,rotation,8,8,compact:L3R0W0-L3R0W0-L3R0W0-L3R0W0-L3R0W0-L3R0W0-L3R0W0-L3R0W0,compact:L3R0W0-L3R0W0-L3R0W0-L3R0W0-L3R0W0-L3R0W0-L3R0W0-L3R0W0,,,not_applicable,optimized,3,3,3,254.43250099999997,254.41907066666667,254.377077,254.44763400000002,0.030329885727150563,87.57441433333334,1.7389216666666665,165.10573466666668,,,custom:libsad_search_ae5663d41dfb3d.so,/home/rzzhang/sad_merged/sad/build/libsad_search_ae5663d41dfb3d.so
2026-08-23T06:49:58.840385+00:00,20260823T064006,joint:equivariant-qnn:6:c378de6ec2b8cd95,ok,,equivariant-qnn,6,8,float64,42,32,2,32,2,2,1.0,rotation,rotation,6,6,compact:L1R0W0-L1R0W0-L1R0W0-L1R0W0-L1R0W0-L1R0W0,compact:L1R0W0-L1R0W0-L1R0W0-L1R0W0-L1R0W0-L1R0W0,,,not_applicable,optimized,20,3,20,0.688161,0.6891865,0.6870649999999999,0.69531,0.002616768646632704,0.31526380000000004,0.0153864,0.35853630000000003,,,custom:libsad_search_6e9ecc13ac7654.so,/home/rzzhang/sad_merged/sad/build/libsad_search_6e9ecc13ac7654.so
2026-08-23T06:49:58.865632+00:00,20260823T064006,joint:equivariant-qnn:6:fcb851e636e33c4e,ok,,equivariant-qnn,6,8,float64,42,32,2,128,2,2,0.75,rotation,rotation,5,5,compact:L2R0W0-L1R0W0-L1R0W0-L1R0W0-L1R0W0,compact:L2R0W0-L1R0W0-L1R0W0-L1R0W0-L1R0W0,,,not_applicable,optimized,20,3,20,0.7023619999999999,0.7020442499999999,0.7004349999999999,0.7034459999999999,0.0006961608201414384,0.268976,0.015247700000000001,0.41782054999999996,,,custom:libsad_search_57309a924b2f38.so,/home/rzzhang/sad_merged/sad/build/libsad_search_57309a924b2f38.so
2026-08-23T06:49:58.890851+00:00,20260823T064006,joint:equivariant-qnn:18:4343e79c7753f2ca,ok,,equivariant-qnn,18,8,float64,42,128,2,128,2,2,0.0,rotation,rotation,2,2,compact:L5R2W2-L5R2W2,compact:L5R2W2-L5R2W2,,,not_applicable,optimized,5,3,5,3.214334,3.2145630000000005,3.214313,3.215364,0.00040575263400252794,0.9288784,0.031742,2.2539426000000002,,,custom:libsad_search_fad73079be189a.so,/home/rzzhang/sad_merged/sad/build/libsad_search_fad73079be189a.so
2026-08-23T06:49:58.925901+00:00,20260823T064006,joint:equivariant-qnn:6:46c218c7c0a720c4,ok,,equivariant-qnn,6,8,float64,42,128,2,128,2,2,0.25,rotation,rotation,2,2,compact:L3R0W0-L3R0W0,compact:L3R0W0-L3R0W0,,,not_applicable,optimized,20,3,20,0.4782565,0.4783378,0.474083,0.479317,0.0010776735869455132,0.17554345,0.01525995,0.2875344,,,custom:libsad_search_fad73079be189a.so,/home/rzzhang/sad_merged/sad/build/libsad_search_fad73079be189a.so
2026-08-23T06:49:58.945908+00:00,20260823T064006,joint:equivariant-qnn:14:c49c39d3afc5c246,ok,,equivariant-qnn,14,8,float64,42,32,2,128,2,2,0.75,rotation,rotation,11,11,compact:L2R0W0-L2R0W0-L2R0W0-L1R0W0-L1R0W0-L1R0W0-L1R0W0-L1R0W0-L1R0W0-L1R0W0-L1R0W0,compact:L2R0W0-L2R0W0-L2R0W0-L1R0W0-L1R0W0-L1R0W0-L1R0W0-L1R0W0-L1R0W0-L1R0W0-L1R0W0,,,not_applicable,optimized,10,3,10,2.1366645,2.1366061,2.134071,2.139233,0.0015326503482529215,0.8392737000000001,0.0155028,1.2818296,,,custom:libsad_search_57309a924b2f38.so,/home/rzzhang/sad_merged/sad/build/libsad_search_57309a924b2f38.so
2026-08-23T06:49:58.982797+00:00,20260823T064006,joint:equivariant-qnn:12:6903bf2afe284dfb,ok,,equivariant-qnn,12,8,float64,42,128,2,32,2,1,0.25,rotation,rotation,4,4,compact:L3R0W0-L3R0W0-L3R0W0-L3R0W0,compact:L3R0W0-L3R0W0-L3R0W0-L3R0W0,,,not_applicable,optimized,10,3,10,0.9042565,0.9043296999999999,0.903068,0.905307,0.0007523442097869882,0.4440704,0.0153853,0.44487399999999994,,,custom:libsad_search_78523faf565e9a.so,/home/rzzhang/sad_merged/sad/build/libsad_search_78523faf565e9a.so
2026-08-23T06:49:59.003582+00:00,20260823T064006,joint:equivariant-qnn:6:b68425db1f336a69,ok,,equivariant-qnn,6,8,float64,42,128,2,32,2,2,0.0,rotation,rotation,1,1,compact:L5R1W0,compact:L5R1W0,,,not_applicable,optimized,20,3,20,0.280455,0.28018465,0.27828499999999995,0.282476,0.0008722266491572207,0.11339935,0.0154614,0.1513239,,,custom:libsad_search_e09d5834859473.so,/home/rzzhang/sad_merged/sad/build/libsad_search_e09d5834859473.so
2026-08-23T06:49:59.019287+00:00,20260823T064006,joint:equivariant-qnn:4:3a0752240793307b,ok,,equivariant-qnn,4,8,float64,42,128,2,32,2,1,0.0,rotation,rotation,1,1,compact:L4R0W0,compact:L4R0W0,,,not_applicable,optimized,20,3,20,0.2344905,0.234713,0.22933699999999999,0.239663,0.0016882574448229162,0.10102705,0.014983950000000001,0.118702,,,custom:libsad_search_78523faf565e9a.so,/home/rzzhang/sad_merged/sad/build/libsad_search_78523faf565e9a.so
2026-08-23T06:49:59.033676+00:00,20260823T064006,joint:equivariant-qnn:18:9a1af8ee5591ee6a,ok,,equivariant-qnn,18,8,float64,42,64,2,64,2,1,0.0,legacy,legacy,0,0,,,,,not_applicable,legacy-generic,5,3,5,3.6360539999999997,3.6374863999999993,3.6352059999999997,3.644414,0.0034939463418891077,1.1481538,0.032064199999999994,2.4572683999999994,,,custom:libsad_search_a82e9b3f4b7d25.so,/home/rzzhang/sad_merged/sad/build/libsad_search_a82e9b3f4b7d25.so
2026-08-23T06:50:15.152290+00:00,20260823T064006,joint:equivariant-qnn:26:4316c2b60d71b038,ok,,equivariant-qnn,26,8,float64,42,32,2,32,2,2,1.0,rotation,rotation,26,26,compact:L1R0W0-L1R0W0-L1R0W0-L1R0W0-L1R0W0-L1R0W0-L1R0W0-L1R0W0-L1R0W0-L1R0W0-L1R0W0-L1R0W0-L1R0W0-L1R0W0-L1R0W0-L1R0W0-L1R0W0-L1R0W0-L1R0W0-L1R0W0-L1R0W0-L1R0W0-L1R0W0-L1R0W0-L1R0W0-L1R0W0,compact:L1R0W0-L1R0W0-L1R0W0-L1R0W0-L1R0W0-L1R0W0-L1R0W0-L1R0W0-L1R0W0-L1R0W0-L1R0W0-L1R0W0-L1R0W0-L1R0W0-L1R0W0-L1R0W0-L1R0W0-L1R0W0-L1R0W0-L1R0W0-L1R0W0-L1R0W0-L1R0W0-L1R0W0-L1R0W0-L1R0W0,,,not_applicable,optimized,2,3,2,3049.752928,3049.752928,3049.5041509999996,3050.001705,0.2487770000002456,1023.8168464999999,11.579985500000001,2014.3560960000002,,,custom:libsad_search_6e9ecc13ac7654.so,/home/rzzhang/sad_merged/sad/build/libsad_search_6e9ecc13ac7654.so
2026-08-23T06:50:30.424978+00:00,20260823T064006,joint:equivariant-qnn:20:39bb69ccd4a580ff,ok,,equivariant-qnn,20,8,float64,42,128,2,32,2,2,1.0,rotation,rotation,20,20,compact:L1R0W0-L1R0W0-L1R0W0-L1R0W0-L1R0W0-L1R0W0-L1R0W0-L1R0W0-L1R0W0-L1R0W0-L1R0W0-L1R0W0-L1R0W0-L1R0W0-L1R0W0-L1R0W0-L1R0W0-L1R0W0-L1R0W0-L1R0W0,compact:L1R0W0-L1R0W0-L1R0W0-L1R0W0-L1R0W0-L1R0W0-L1R0W0-L1R0W0-L1R0W0-L1R0W0-L1R0W0-L1R0W0-L1R0W0-L1R0W0-L1R0W0-L1R0W0-L1R0W0-L1R0W0-L1R0W0-L1R0W0,,,not_applicable,optimized,5,3,5,20.211323,20.212839199999998,20.203943999999996,20.22027,0.005658807344309253,9.5574424,0.09774440000000001,10.5576524,,,custom:libsad_search_e09d5834859473.so,/home/rzzhang/sad_merged/sad/build/libsad_search_e09d5834859473.so
2026-08-23T06:50:30.614044+00:00,20260823T064006,joint:equivariant-qnn:24:332a6355fd072b0b,ok,,equivariant-qnn,24,8,float64,42,128,2,128,2,2,0.0,rotation,rotation,3,3,compact:L5R2W1-L5R2W1-L5R2W1,compact:L5R2W1-L5R2W1-L5R2W1,,,not_applicable,optimized,3,3,3,216.755969,216.74991699999998,216.73450599999998,216.759276,0.010980535900711966,56.193264666666664,1.7441163333333334,158.812536,,,custom:libsad_search_fad73079be189a.so,/home/rzzhang/sad_merged/sad/build/libsad_search_fad73079be189a.so
2026-08-23T06:50:31.948040+00:00,20260823T064006,joint:equivariant-qnn:16:1c8ca666fb47bbfb,ok,,equivariant-qnn,16,8,float64,42,32,2,32,2,2,0.5,rotation,rotation,10,10,compact:L2R0W0-L2R0W0-L2R0W0-L2R0W0-L2R0W0-L2R0W0-L1R0W0-L1R0W0-L1R0W0-L1R0W0,compact:L2R0W0-L2R0W0-L2R0W0-L2R0W0-L2R0W0-L2R0W0-L1R0W0-L1R0W0-L1R0W0-L1R0W0,,,not_applicable,optimized,5,3,5,2.3347279999999997,2.334735,2.33469,2.3347979999999997,3.96080799836867e-05,1.0507900000000001,0.015602199999999998,1.2683428,,,custom:libsad_search_6e9ecc13ac7654.so,/home/rzzhang/sad_merged/sad/build/libsad_search_6e9ecc13ac7654.so
2026-08-23T06:50:31.976476+00:00,20260823T064006,joint:equivariant-qnn:10:d8fbc4959aadf1fa,ok,,equivariant-qnn,10,8,float64,42,128,2,128,2,2,0.75,rotation,rotation,8,8,compact:L2R0W0-L2R0W0-L1R0W0-L1R0W0-L1R0W0-L1R0W0-L1R0W0-L1R0W0,compact:L2R0W0-L2R0W0-L1R0W0-L1R0W0-L1R0W0-L1R0W0-L1R0W0-L1R0W0,,,not_applicable,optimized,10,3,10,1.5042305,1.5046642000000001,1.503277,1.5103810000000002,0.001943616412772908,0.6796061,0.015399800000000002,0.8096582999999998,,,custom:libsad_search_fad73079be189a.so,/home/rzzhang/sad_merged/sad/build/libsad_search_fad73079be189a.so
2026-08-23T06:50:32.005360+00:00,20260823T064006,joint:equivariant-qnn:10:235fecf2b15d4fa4,ok,,equivariant-qnn,10,8,float64,42,128,2,32,2,1,0.25,rotation,rotation,4,4,compact:L3R0W0-L3R0W0-L2R0W0-L2R0W0,compact:L3R0W0-L3R0W0-L2R0W0-L2R0W0,,,not_applicable,optimized,10,3,10,0.8018135,0.802285,0.800746,0.803931,0.0009533215616988929,0.3912587,0.015344300000000002,0.395682,,,custom:libsad_search_78523faf565e9a.so,/home/rzzhang/sad_merged/sad/build/libsad_search_78523faf565e9a.so
2026-08-23T06:50:32.024858+00:00,20260823T064006,joint:equivariant-qnn:12:fafb53ca8f964cc7,ok,,equivariant-qnn,12,8,float64,42,32,2,32,2,2,0.0,rotation,rotation,2,2,compact:L5R1W0-L5R1W0,compact:L5R1W0-L5R1W0,,,not_applicable,optimized,10,3,10,0.548806,0.5453521,0.523097,0.5491429999999999,0.007916282365479381,0.19469700000000004,0.0154289,0.33522620000000003,,,custom:libsad_search_6e9ecc13ac7654.so,/home/rzzhang/sad_merged/sad/build/libsad_search_6e9ecc13ac7654.so
2026-08-23T06:50:32.041114+00:00,20260823T064006,joint:equivariant-qnn:24:57f8a268c6a00c5d,ok,,equivariant-qnn,24,8,float64,42,128,2,32,2,1,0.25,rotation,rotation,8,9,compact:L3R0W0-L3R0W0-L3R0W0-L3R0W0-L3R0W0-L3R0W0-L3R0W0-L3R0W0,compact:L3R0W0-L3R0W0-L3R0W0-L3R0W0-L3R0W0-L3R0W0-L2R0W0-L2R0W0-L2R0W0,,,not_applicable,optimized,3,3,3,273.81266999999997,273.8058926666667,273.789233,273.815775,0.011848167969000017,87.75185466666667,1.735644,184.318394,,,custom:libsad_search_78523faf565e9a.so,/home/rzzhang/sad_merged/sad/build/libsad_search_78523faf565e9a.so
2026-08-23T06:50:33.721036+00:00,20260823T064006,joint:equivariant-qnn:6:cef0c3ad56a93f6d,ok,,equivariant-qnn,6,8,float64,42,32,2,32,2,1,1.0,rotation,rotation,6,6,compact:L1R0W0-L1R0W0-L1R0W0-L1R0W0-L1R0W0-L1R0W0,compact:L1R0W0-L1R0W0-L1R0W0-L1R0W0-L1R0W0-L1R0W0,,,not_applicable,optimized,20,3,20,0.689146,0.68928,0.6880409999999999,0.695383,0.0015186221057261033,0.31542125,0.01531615,0.3585426,,,custom:libsad_search_e1d9f2a2400c61.so,/home/rzzhang/sad_merged/sad/build/libsad_search_e1d9f2a2400c61.so
2026-08-23T06:50:33.746736+00:00,20260823T064006,joint:equivariant-qnn:12:69f6b4f80c004a50,ok,,equivariant-qnn,12,8,float64,42,128,2,32,2,2,0.0,rotation,rotation,2,2,compact:L5R1W0-L5R1W0,compact:L5R1W0-L5R1W0,,,not_applicable,optimized,10,3,10,0.6000675,0.6003459,0.599999,0.601587,0.0005066198673562051,0.2641783,0.0154238,0.3207438,,,custom:libsad_search_e09d5834859473.so,/home/rzzhang/sad_merged/sad/build/libsad_search_e09d5834859473.so
2026-08-23T06:50:33.763722+00:00,20260823T064006,joint:equivariant-qnn:8:4fd9dd5c4fc1a6ef,ok,,equivariant-qnn,8,8,float64,42,32,2,32,2,1,1.0,rotation,rotation,8,8,compact:L1R0W0-L1R0W0-L1R0W0-L1R0W0-L1R0W0-L1R0W0-L1R0W0-L1R0W0,compact:L1R0W0-L1R0W0-L1R0W0-L1R0W0-L1R0W0-L1R0W0-L1R0W0-L1R0W0,,,not_applicable,optimized,20,3,20,1.024502,1.02475065,1.0237990000000001,1.026946,0.000855713519526217,0.47759615,0.0152072,0.5319472999999999,,,custom:libsad_search_e1d9f2a2400c61.so,/home/rzzhang/sad_merged/sad/build/libsad_search_e1d9f2a2400c61.so
2026-08-23T06:50:33.796482+00:00,20260823T064006,joint:equivariant-qnn:8:e342f5fa6ec516d2,ok,,equivariant-qnn,8,8,float64,42,128,2,128,2,1,0.25,rotation,rotation,3,3,compact:L3R0W0-L3R0W0-L2R0W0,compact:L3R0W0-L3R0W0-L2R0W0,,,not_applicable,optimized,20,3,20,0.7167855000000001,0.71647175,0.709646,0.7177330000000001,0.0016593622532467172,0.277673,0.015346249999999999,0.4234525,,,custom:libsad_search_726ce3dd431232.so,/home/rzzhang/sad_merged/sad/build/libsad_search_726ce3dd431232.so
2026-08-23T06:50:33.822352+00:00,20260823T064006,joint:equivariant-qnn:12:6984aaa905b6fa8e,ok,,equivariant-qnn,12,8,float64,42,128,2,128,2,2,0.0,rotation,rotation,2,2,compact:L5R1W0-L5R1W0,compact:L5R1W0-L5R1W0,,,not_applicable,optimized,10,3,10,0.85187,0.8404771,0.804644,0.8520559999999999,0.018373426939196722,0.2741517,0.0153604,0.5509649999999999,,,custom:libsad_search_fad73079be189a.so,/home/rzzhang/sad_merged/sad/build/libsad_search_fad73079be189a.so
2026-08-23T06:50:33.842511+00:00,20260823T064006,joint:equivariant-qnn:6:b29746240150822d,ok,,equivariant-qnn,6,8,float64,42,32,2,32,2,2,0.0,rotation,rotation,1,1,compact:L5R1W0,compact:L5R1W0,,,not_applicable,optimized,20,3,20,0.2611015,0.26124179999999997,0.260054,0.263063,0.0008837593337555191,0.0868185,0.0153263,0.159097,,,custom:libsad_search_6e9ecc13ac7654.so,/home/rzzhang/sad_merged/sad/build/libsad_search_6e9ecc13ac7654.so
2026-08-23T06:50:33.857537+00:00,20260823T064006,joint:equivariant-qnn:24:9dbe573836b3b2ac,ok,,equivariant-qnn,24,8,float64,42,64,2,64,2,2,1.0,rotation,rotation,24,24,compact:L1R0W0-L1R0W0-L1R0W0-L1R0W0-L1R0W0-L1R0W0-L1R0W0-L1R0W0-L1R0W0-L1R0W0-L1R0W0-L1R0W0-L1R0W0-L1R0W0-L1R0W0-L1R0W0-L1R0W0-L1R0W0-L1R0W0-L1R0W0-L1R0W0-L1R0W0-L1R0W0-L1R0W0,compact:L1R0W0-L1R0W0-L1R0W0-L1R0W0-L1R0W0-L1R0W0-L1R0W0-L1R0W0-L1R0W0-L1R0W0-L1R0W0-L1R0W0-L1R0W0-L1R0W0-L1R0W0-L1R0W0-L1R0W0-L1R0W0-L1R0W0-L1R0W0-L1R0W0-L1R0W0-L1R0W0-L1R0W0,,,not_applicable,optimized,3,3,3,709.923249,709.9370726666666,709.664395,710.223574,0.22849304705734438,239.7173393333333,1.7384646666666665,468.48126866666667,,,custom:libsad_search_ae5663d41dfb3d.so,/home/rzzhang/sad_merged/sad/build/libsad_search_ae5663d41dfb3d.so
2026-08-23T06:50:38.143756+00:00,20260823T064006,joint:equivariant-qnn:12:1e4b70ea242d69a5,ok,,equivariant-qnn,12,8,float64,42,64,2,64,2,2,0.75,rotation,rotation,10,10,compact:L2R0W0-L2R0W0-L1R0W0-L1R0W0-L1R0W0-L1R0W0-L1R0W0-L1R0W0-L1R0W0-L1R0W0,compact:L2R0W0-L2R0W0-L1R0W0-L1R0W0-L1R0W0-L1R0W0-L1R0W0-L1R0W0-L1R0W0-L1R0W0,,,not_applicable,optimized,10,3,10,1.653867,1.6540542999999999,1.6527669999999999,1.654838,0.0006248585519939904,0.7625339999999999,0.0154441,0.8760762,,,custom:libsad_search_ae5663d41dfb3d.so,/home/rzzhang/sad_merged/sad/build/libsad_search_ae5663d41dfb3d.so
2026-08-23T06:50:38.174833+00:00,20260823T064006,joint:equivariant-qnn:14:1b870916ee696ad4,ok,,equivariant-qnn,14,8,float64,42,128,2,32,2,1,0.0,rotation,rotation,2,2,compact:L5R2W0-L5R2W0,compact:L5R2W0-L5R2W0,,,not_applicable,optimized,10,3,10,0.6553545,0.6554342999999999,0.655198,0.656337,0.0003165552242500549,0.2787374,0.0152187,0.36147819999999997,,,custom:libsad_search_78523faf565e9a.so,/home/rzzhang/sad_merged/sad/build/libsad_search_78523faf565e9a.so
2026-08-23T06:50:38.192792+00:00,20260823T064006,joint:equivariant-qnn:18:ecf33a1628902fa8,ok,,equivariant-qnn,18,8,float64,42,32,2,128,2,2,0.5,rotation,rotation,10,10,compact:L2R0W0-L2R0W0-L2R0W0-L2R0W0-L2R0W0-L2R0W0-L2R0W0-L2R0W0-L1R0W0-L1R0W0,compact:L2R0W0-L2R0W0-L2R0W0-L2R0W0-L2R0W0-L2R0W0-L2R0W0-L2R0W0-L1R0W0-L1R0W0,,,not_applicable,optimized,5,3,5,5.127257999999999,5.2216591999999995,5.118703000000001,5.4109229999999995,0.12245538779718887,2.1542944000000004,0.031629,3.0357358000000003,,,custom:libsad_search_57309a924b2f38.so,/home/rzzhang/sad_merged/sad/build/libsad_search_57309a924b2f38.so
2026-08-23T06:50:38.244292+00:00,20260823T064006,joint:equivariant-qnn:10:1ad0fc81c45a8166,ok,,equivariant-qnn,10,8,float64,42,32,2,32,2,2,0.75,rotation,rotation,8,8,compact:L2R0W0-L2R0W0-L1R0W0-L1R0W0-L1R0W0-L1R0W0-L1R0W0-L1R0W0,compact:L2R0W0-L2R0W0-L1R0W0-L1R0W0-L1R0W0-L1R0W0-L1R0W0-L1R0W0,,,not_applicable,optimized,10,3,10,1.2032505,1.2034017000000001,1.201191,1.204282,0.0008795614873333392,0.551698,0.015434199999999999,0.6362695,,,custom:libsad_search_6e9ecc13ac7654.so,/home/rzzhang/sad_merged/sad/build/libsad_search_6e9ecc13ac7654.so
2026-08-23T06:50:38.269186+00:00,20260823T064006,joint:equivariant-qnn:12:30d94b657d5d2cbb,ok,,equivariant-qnn,12,8,float64,42,32,2,128,2,2,0.0,rotation,rotation,2,2,compact:L5R1W0-L5R1W0,compact:L5R1W0-L5R1W0,,,not_applicable,optimized,10,3,10,0.7700555,0.7700826999999999,0.769948,0.7704929999999999,0.0001449627883285617,0.1966707,0.015494400000000002,0.5579176,,,custom:libsad_search_57309a924b2f38.so,/home/rzzhang/sad_merged/sad/build/libsad_search_57309a924b2f38.so
2026-08-23T06:50:38.288473+00:00,20260823T064006,joint:equivariant-qnn:18:bfc7d90ad424a25f,ok,,equivariant-qnn,18,8,float64,42,32,2,32,2,2,0.75,rotation,rotation,14,14,compact:L2R0W0-L2R0W0-L2R0W0-L2R0W0-L1R0W0-L1R0W0-L1R0W0-L1R0W0-L1R0W0-L1R0W0-L1R0W0-L1R0W0-L1R0W0-L1R0W0,compact:L2R0W0-L2R0W0-L2R0W0-L2R0W0-L1R0W0-L1R0W0-L1R0W0-L1R0W0-L1R0W0-L1R0W0-L1R0W0-L1R0W0-L1R0W0-L1R0W0,,,not_applicable,optimized,5,3,5,6.234275,6.234846200000001,6.232074000000001,6.239325,0.002466778417288219,2.8430082000000003,0.031638599999999996,3.3601994000000004,,,custom:libsad_search_6e9ecc13ac7654.so,/home/rzzhang/sad_merged/sad/build/libsad_search_6e9ecc13ac7654.so
2026-08-23T06:50:38.348418+00:00,20260823T064006,joint:equivariant-qnn:14:e8146a45c8d83f57,ok,,equivariant-qnn,14,8,float64,42,32,2,128,2,2,0.5,rotation,rotation,8,8,compact:L2R0W0-L2R0W0-L2R0W0-L2R0W0-L2R0W0-L2R0W0-L1R0W0-L1R0W0,compact:L2R0W0-L2R0W0-L2R0W0-L2R0W0-L2R0W0-L2R0W0-L1R0W0-L1R0W0,,,not_applicable,optimized,10,3,10,1.7960859999999998,1.7963048000000001,1.796055,1.797192,0.00043561423300894343,0.6613370000000001,0.015405700000000001,1.1195621,,,custom:libsad_search_57309a924b2f38.so,/home/rzzhang/sad_merged/sad/build/libsad_search_57309a924b2f38.so
2026-08-23T06:50:38.381420+00:00,20260823T064006,joint:equivariant-qnn:10:b4c24a26dbf2e2b2,ok,,equivariant-qnn,10,8,float64,42,128,2,32,2,2,0.75,rotation,rotation,8,8,compact:L2R0W0-L2R0W0-L1R0W0-L1R0W0-L1R0W0-L1R0W0-L1R0W0-L1R0W0,compact:L2R0W0-L2R0W0-L1R0W0-L1R0W0-L1R0W0-L1R0W0-L1R0W0-L1R0W0,,,not_applicable,optimized,10,3,10,1.3679415,1.3679563,1.3669820000000001,1.370063,0.0009556907501906366,0.7141048,0.0155586,0.6382929,,,custom:libsad_search_e09d5834859473.so,/home/rzzhang/sad_merged/sad/build/libsad_search_e09d5834859473.so
2026-08-23T06:50:38.408582+00:00,20260823T064006,joint:equivariant-qnn:6:3eb3a2beda2341ff,ok,,equivariant-qnn,6,8,float64,42,64,2,64,2,1,0.0,legacy,legacy,0,0,,,,,not_applicable,legacy-generic,20,3,20,0.2953865,0.2954889,0.294802,0.296954,0.0006554531180793957,0.09639145,0.0153658,0.18373165,,,custom:libsad_search_a82e9b3f4b7d25.so,/home/rzzhang/sad_merged/sad/build/libsad_search_a82e9b3f4b7d25.so
2026-08-23T06:50:38.424657+00:00,20260823T064006,joint:equivariant-qnn:12:8e729347b1bb0b9e,ok,,equivariant-qnn,12,8,float64,42,128,2,32,2,2,0.25,rotation,rotation,4,4,compact:L3R0W0-L3R0W0-L3R0W0-L3R0W0,compact:L3R0W0-L3R0W0-L3R0W0-L3R0W0,,,not_applicable,optimized,10,3,10,0.9656545000000001,0.9659845,0.9645459999999999,0.968594,0.0012616745420273659,0.4724658,0.0154532,0.47806550000000003,,,custom:libsad_search_e09d5834859473.so,/home/rzzhang/sad_merged/sad/build/libsad_search_e09d5834859473.so
2026-08-23T06:50:38.446693+00:00,20260823T064006,joint:equivariant-qnn:14:6bde9ee93210045b,ok,,equivariant-qnn,14,8,float64,42,128,2,128,2,1,0.75,rotation,rotation,11,11,compact:L2R0W0-L2R0W0-L2R0W0-L1R0W0-L1R0W0-L1R0W0-L1R0W0-L1R0W0-L1R0W0-L1R0W0-L1R0W0,compact:L2R0W0-L2R0W0-L2R0W0-L1R0W0-L1R0W0-L1R0W0-L1R0W0-L1R0W0-L1R0W0-L1R0W0-L1R0W0,,,not_applicable,optimized,10,3,10,2.5539210000000003,2.5538781,2.552635,2.554993,0.0009022337224910676,1.1648953000000002,0.0158536,1.3731292000000002,,,custom:libsad_search_726ce3dd431232.so,/home/rzzhang/sad_merged/sad/build/libsad_search_726ce3dd431232.so
2026-08-23T06:50:38.489413+00:00,20260823T064006,joint:equivariant-qnn:24:c6c464329db762ca,ok,,equivariant-qnn,24,8,float64,42,128,2,32,2,2,0.25,rotation,rotation,8,9,compact:L3R0W0-L3R0W0-L3R0W0-L3R0W0-L3R0W0-L3R0W0-L3R0W0-L3R0W0,compact:L3R0W0-L3R0W0-L3R0W0-L3R0W0-L3R0W0-L3R0W0-L2R0W0-L2R0W0-L2R0W0,,,not_applicable,optimized,3,3,3,273.739913,273.7451476666667,273.719589,273.77594100000005,0.023301477454374997,87.682572,1.7363253333333335,184.3262503333333,,,custom:libsad_search_e09d5834859473.so,/home/rzzhang/sad_merged/sad/build/libsad_search_e09d5834859473.so
2026-08-23T06:50:40.167275+00:00,20260823T064006,joint:equivariant-qnn:6:15b7113b32974fa8,ok,,equivariant-qnn,6,8,float64,42,32,2,32,2,2,0.75,rotation,rotation,5,5,compact:L2R0W0-L1R0W0-L1R0W0-L1R0W0-L1R0W0,compact:L2R0W0-L1R0W0-L1R0W0-L1R0W0-L1R0W0,,,not_applicable,optimized,20,3,20,0.6039865,0.6039301499999999,0.6021139999999999,0.6073149999999999,0.0011541886879968884,0.26912775,0.015435599999999999,0.3193668,,,custom:libsad_search_6e9ecc13ac7654.so,/home/rzzhang/sad_merged/sad/build/libsad_search_6e9ecc13ac7654.so
2026-08-23T06:50:40.190679+00:00,20260823T064006,joint:equivariant-qnn:12:821f58844a1cb88b,ok,,equivariant-qnn,12,8,float64,42,32,2,32,2,1,0.25,rotation,rotation,4,4,compact:L3R0W0-L3R0W0-L3R0W0-L3R0W0,compact:L3R0W0-L3R0W0-L3R0W0-L3R0W0,,,not_applicable,optimized,10,3,10,0.783358,0.7832944,0.782276,0.784325,0.00048040716064607595,0.3223732,0.015361399999999999,0.4455598,,,custom:libsad_search_e1d9f2a2400c61.so,/home/rzzhang/sad_merged/sad/build/libsad_search_e1d9f2a2400c61.so
2026-08-23T06:50:40.210337+00:00,20260823T064006,joint:equivariant-qnn:28:316a325765b9c5eb,ok,,equivariant-qnn,28,8,float64,42,128,2,128,2,1,0.5,rotation,rotation,16,16,compact:L2R0W0-L2R0W0-L2R0W0-L2R0W0-L2R0W0-L2R0W0-L2R0W0-L2R0W0-L2R0W0-L2R0W0-L2R0W0-L2R0W0-L1R0W0-L1R0W0-L1R0W0-L1R0W0,compact:L2R0W0-L2R0W0-L2R0W0-L2R0W0-L2R0W0-L2R0W0-L2R0W0-L2R0W0-L2R0W0-L2R0W0-L2R0W0-L2R0W0-L1R0W0-L1R0W0-L1R0W0-L1R0W0,,,not_applicable,optimized,2,3,2,7721.644457,7721.644457,7720.732113,7722.556801,0.9123439999998482,2595.7933525000003,82.6802025,5043.170902,,,custom:libsad_search_726ce3dd431232.so,/home/rzzhang/sad_merged/sad/build/libsad_search_726ce3dd431232.so
2026-08-23T06:51:18.848260+00:00,20260823T064006,joint:equivariant-qnn:16:f7dfc974a5d33054,ok,,equivariant-qnn,16,8,float64,42,32,2,128,2,1,0.0,rotation,rotation,3,2,compact:L5R1W0-L5R0W0-L5R0W0,compact:L5R2W1-L5R2W1,,,not_applicable,optimized,5,3,5,1.2708929999999998,1.2711392,1.2696539999999998,1.272734,0.001055179112757724,0.47602180000000005,0.0156048,0.7795126,,,custom:libsad_search_44993f541f55e5.so,/home/rzzhang/sad_merged/sad/build/libsad_search_44993f541f55e5.so
2026-08-23T06:51:18.876738+00:00,20260823T064006,joint:equivariant-qnn:20:1089ae801c8cae35,ok,,equivariant-qnn,20,8,float64,42,64,2,64,2,2,0.25,rotation,rotation,7,7,compact:L3R0W0-L3R0W0-L3R0W0-L3R0W0-L3R0W0-L3R0W0-L2R0W0,compact:L3R0W0-L3R0W0-L3R0W0-L3R0W0-L3R0W0-L3R0W0-L2R0W0,,,not_applicable,optimized,5,3,5,14.433325,14.438758000000002,14.431634999999998,14.461533000000001,0.011433171248608764,5.295280399999999,0.097737,9.0457406,,,custom:libsad_search_ae5663d41dfb3d.so,/home/rzzhang/sad_merged/sad/build/libsad_search_ae5663d41dfb3d.so
2026-08-23T06:51:19.026808+00:00,20260823T064006,joint:equivariant-qnn:24:8b48096492ac35df,ok,,equivariant-qnn,24,8,float64,42,64,2,64,2,1,1.0,rotation,rotation,24,24,compact:L1R0W0-L1R0W0-L1R0W0-L1R0W0-L1R0W0-L1R0W0-L1R0W0-L1R0W0-L1R0W0-L1R0W0-L1R0W0-L1R0W0-L1R0W0-L1R0W0-L1R0W0-L1R0W0-L1R0W0-L1R0W0-L1R0W0-L1R0W0-L1R0W0-L1R0W0-L1R0W0-L1R0W0,compact:L1R0W0-L1R0W0-L1R0W0-L1R0W0-L1R0W0-L1R0W0-L1R0W0-L1R0W0-L1R0W0-L1R0W0-L1R0W0-L1R0W0-L1R0W0-L1R0W0-L1R0W0-L1R0W0-L1R0W0-L1R0W0-L1R0W0-L1R0W0-L1R0W0-L1R0W0-L1R0W0-L1R0W0,,,not_applicable,optimized,3,3,3,708.997042,709.047105,708.9375620000001,709.206711,0.11544125209242598,239.42594400000002,1.741582,467.87957900000004,,,custom:libsad_search_d69133c4e36ad5.so,/home/rzzhang/sad_merged/sad/build/libsad_search_d69133c4e36ad5.so
2026-08-23T06:51:23.321975+00:00,20260823T064006,joint:equivariant-qnn:10:d6ca9db55c94b024,ok,,equivariant-qnn,10,8,float64,42,32,2,128,2,1,0.25,rotation,rotation,4,4,compact:L3R0W0-L3R0W0-L2R0W0-L2R0W0,compact:L3R0W0-L3R0W0-L2R0W0-L2R0W0,,,not_applicable,optimized,10,3,10,0.8827035,0.8827657999999999,0.882558,0.8836340000000001,0.00029631193023573854,0.29083149999999997,0.0154321,0.5765022,,,custom:libsad_search_44993f541f55e5.so,/home/rzzhang/sad_merged/sad/build/libsad_search_44993f541f55e5.so
2026-08-23T06:51:23.343293+00:00,20260823T064006,joint:equivariant-qnn:22:f5ea2262cf2d72ca,ok,,equivariant-qnn,22,8,float64,42,128,2,128,2,2,0.5,rotation,rotation,12,12,compact:L2R0W0-L2R0W0-L2R0W0-L2R0W0-L2R0W0-L2R0W0-L2R0W0-L2R0W0-L2R0W0-L2R0W0-L1R0W0-L1R0W0,compact:L2R0W0-L2R0W0-L2R0W0-L2R0W0-L2R0W0-L2R0W0-L2R0W0-L2R0W0-L2R0W0-L2R0W0-L1R0W0-L1R0W0,,,not_applicable,optimized,3,3,3,86.200494,86.28062,86.19219100000001,86.449175,0.11923457544129341,25.107821333333334,0.38594999999999996,60.78684866666667,,,custom:libsad_search_fad73079be189a.so,/home/rzzhang/sad_merged/sad/build/libsad_search_fad73079be189a.so
2026-08-23T06:51:23.886963+00:00,20260823T064006,joint:equivariant-qnn:4:8cb82ea634ab747b,ok,,equivariant-qnn,4,8,float64,42,128,2,128,2,2,0.25,rotation,rotation,2,2,compact:L2R0W0-L2R0W0,compact:L2R0W0-L2R0W0,,,not_applicable,optimized,20,3,20,0.3830155,0.38545695,0.38174399999999997,0.390928,0.003691068618638778,0.1526334,0.015464900000000002,0.21735865000000001,,,custom:libsad_search_fad73079be189a.so,/home/rzzhang/sad_merged/sad/build/libsad_search_fad73079be189a.so
2026-08-23T06:51:23.905226+00:00,20260823T064006,joint:equivariant-qnn:20:06c710d3472a5fe8,ok,,equivariant-qnn,20,8,float64,42,32,2,32,2,1,0.75,rotation,rotation,16,16,compact:L2R0W0-L2R0W0-L2R0W0-L2R0W0-L1R0W0-L1R0W0-L1R0W0-L1R0W0-L1R0W0-L1R0W0-L1R0W0-L1R0W0-L1R0W0-L1R0W0-L1R0W0-L1R0W0,compact:L2R0W0-L2R0W0-L2R0W0-L2R0W0-L1R0W0-L1R0W0-L1R0W0-L1R0W0-L1R0W0-L1R0W0-L1R0W0-L1R0W0-L1R0W0-L1R0W0-L1R0W0-L1R0W0,,,not_applicable,optimized,5,3,5,18.265403,18.5965026,18.13557,19.229048999999996,0.5124759446103191,8.267603200000002,0.0992558,10.229643600000001,,,custom:libsad_search_e1d9f2a2400c61.so,/home/rzzhang/sad_merged/sad/build/libsad_search_e1d9f2a2400c61.so
2026-08-23T06:51:24.072306+00:00,20260823T064006,joint:equivariant-qnn:8:54c0fa574f70874b,ok,,equivariant-qnn,8,8,float64,42,128,2,32,2,1,1.0,rotation,rotation,8,8,compact:L1R0W0-L1R0W0-L1R0W0-L1R0W0-L1R0W0-L1R0W0-L1R0W0-L1R0W0,compact:L1R0W0-L1R0W0-L1R0W0-L1R0W0-L1R0W0-L1R0W0-L1R0W0-L1R0W0,,,not_applicable,optimized,20,3,20,1.209219,1.2093839,1.207454,1.215484,0.0015813271293442079,0.6375142,0.0153633,0.5565064,,,custom:libsad_search_78523faf565e9a.so,/home/rzzhang/sad_merged/sad/build/libsad_search_78523faf565e9a.so
2026-08-23T06:51:24.109903+00:00,20260823T064006,joint:equivariant-qnn:22:217eea6c95f69a9a,ok,,equivariant-qnn,22,8,float64,42,128,2,32,2,2,1.0,rotation,rotation,22,22,compact:L1R0W0-L1R0W0-L1R0W0-L1R0W0-L1R0W0-L1R0W0-L1R0W0-L1R0W0-L1R0W0-L1R0W0-L1R0W0-L1R0W0-L1R0W0-L1R0W0-L1R0W0-L1R0W0-L1R0W0-L1R0W0-L1R0W0-L1R0W0-L1R0W0-L1R0W0,compact:L1R0W0-L1R0W0-L1R0W0-L1R0W0-L1R0W0-L1R0W0-L1R0W0-L1R0W0-L1R0W0-L1R0W0-L1R0W0-L1R0W0-L1R0W0-L1R0W0-L1R0W0-L1R0W0-L1R0W0-L1R0W0-L1R0W0-L1R0W0-L1R0W0-L1R0W0,,,not_applicable,optimized,3,3,3,143.161784,143.32056333333333,143.106848,143.69305799999998,0.26434661405727755,35.159279999999995,0.3904586666666667,107.77082466666666,,,custom:libsad_search_e09d5834859473.so,/home/rzzhang/sad_merged/sad/build/libsad_search_e09d5834859473.so
2026-08-23T06:51:24.998398+00:00,20260823T064006,joint:equivariant-qnn:22:866121df2250fac1,ok,,equivariant-qnn,22,8,float64,42,128,2,128,2,1,0.0,rotation,rotation,3,3,compact:L5R2W1-L5R2W0-L5R2W0,compact:L5R2W1-L5R2W0-L5R2W0,,,not_applicable,optimized,3,3,3,51.326209999999996,52.00921366666666,51.311890999999996,53.38954,0.9760556160077267,13.376451333333332,0.3908686666666667,38.24189366666666,,,custom:libsad_search_726ce3dd431232.so,/home/rzzhang/sad_merged/sad/build/libsad_search_726ce3dd431232.so
2026-08-23T06:51:25.336938+00:00,20260823T064006,joint:equivariant-qnn:14:cfa348be6d7348ab,ok,,equivariant-qnn,14,8,float64,42,64,2,64,2,2,1.0,rotation,rotation,14,14,compact:L1R0W0-L1R0W0-L1R0W0-L1R0W0-L1R0W0-L1R0W0-L1R0W0-L1R0W0-L1R0W0-L1R0W0-L1R0W0-L1R0W0-L1R0W0-L1R0W0,compact:L1R0W0-L1R0W0-L1R0W0-L1R0W0-L1R0W0-L1R0W0-L1R0W0-L1R0W0-L1R0W0-L1R0W0-L1R0W0-L1R0W0-L1R0W0-L1R0W0,,,not_applicable,optimized,10,3,10,2.4186465,2.4176794,2.4126779999999997,2.420817,0.0028278497201937947,1.1393891999999999,0.015250300000000001,1.2630398999999999,,,custom:libsad_search_ae5663d41dfb3d.so,/home/rzzhang/sad_merged/sad/build/libsad_search_ae5663d41dfb3d.so
2026-08-23T06:51:25.378410+00:00,20260823T064006,joint:equivariant-qnn:4:8ddbe12d7859655a,ok,,equivariant-qnn,4,8,float64,42,128,2,32,2,2,0.25,rotation,rotation,2,2,compact:L2R0W0-L2R0W0,compact:L2R0W0-L2R0W0,,,not_applicable,optimized,20,3,20,0.3255235000000001,0.32519005,0.3245,0.325816,0.0005193925755148975,0.15256720000000001,0.015370750000000002,0.15725209999999998,,,custom:libsad_search_e09d5834859473.so,/home/rzzhang/sad_merged/sad/build/libsad_search_e09d5834859473.so
2026-08-23T06:51:25.395147+00:00,20260823T064006,joint:equivariant-qnn:20:9a304a87e3bcbf52,ok,,equivariant-qnn,20,8,float64,42,64,2,64,2,1,0.5,rotation,rotation,12,12,compact:L2R0W0-L2R0W0-L2R0W0-L2R0W0-L2R0W0-L2R0W0-L2R0W0-L2R0W0-L1R0W0-L1R0W0-L1R0W0-L1R0W0,compact:L2R0W0-L2R0W0-L2R0W0-L2R0W0-L2R0W0-L2R0W0-L2R0W0-L2R0W0-L1R0W0-L1R0W0-L1R0W0-L1R0W0,,,not_applicable,optimized,5,3,5,17.714679,17.7160078,17.714347,17.720705,0.0023901365986062836,7.3862868,0.1053376,10.2243834,,,custom:libsad_search_d69133c4e36ad5.so,/home/rzzhang/sad_merged/sad/build/libsad_search_d69133c4e36ad5.so
2026-08-23T06:51:25.553787+00:00,20260823T064006,joint:equivariant-qnn:28:7a8729c8b9c23b5c,ok,,equivariant-qnn,28,8,float64,42,128,2,32,2,2,1.0,rotation,rotation,28,28,compact:L1R0W0-L1R0W0-L1R0W0-L1R0W0-L1R0W0-L1R0W0-L1R0W0-L1R0W0-L1R0W0-L1R0W0-L1R0W0-L1R0W0-L1R0W0-L1R0W0-L1R0W0-L1R0W0-L1R0W0-L1R0W0-L1R0W0-L1R0W0-L1R0W0-L1R0W0-L1R0W0-L1R0W0-L1R0W0-L1R0W0-L1R0W0-L1R0W0,compact:L1R0W0-L1R0W0-L1R0W0-L1R0W0-L1R0W0-L1R0W0-L1R0W0-L1R0W0-L1R0W0-L1R0W0-L1R0W0-L1R0W0-L1R0W0-L1R0W0-L1R0W0-L1R0W0-L1R0W0-L1R0W0-L1R0W0-L1R0W0-L1R0W0-L1R0W0-L1R0W0-L1R0W0-L1R0W0-L1R0W0-L1R0W0-L1R0W0,,,not_applicable,optimized,2,3,2,13126.8193535,13126.8193535,13125.991842,13127.646864999999,0.8275114999996731,4392.813802,83.10234650000001,8650.903204999999,,,custom:libsad_search_e09d5834859473.so,/home/rzzhang/sad_merged/sad/build/libsad_search_e09d5834859473.so
2026-08-23T06:52:31.211118+00:00,20260823T064006,joint:equivariant-qnn:20:033b1bc446bc4713,ok,,equivariant-qnn,20,8,float64,42,128,2,32,2,2,0.5,rotation,rotation,12,12,compact:L2R0W0-L2R0W0-L2R0W0-L2R0W0-L2R0W0-L2R0W0-L2R0W0-L2R0W0-L1R0W0-L1R0W0-L1R0W0-L1R0W0,compact:L2R0W0-L2R0W0-L2R0W0-L2R0W0-L2R0W0-L2R0W0-L2R0W0-L2R0W0-L1R0W0-L1R0W0-L1R0W0-L1R0W0,,,not_applicable,optimized,5,3,5,16.456101,16.457253200000004,16.451989,16.46416,0.003968900371638956,6.9442,0.097912,9.415141199999999,,,custom:libsad_search_e09d5834859473.so,/home/rzzhang/sad_merged/sad/build/libsad_search_e09d5834859473.so
2026-08-23T06:52:31.377816+00:00,20260823T064006,joint:equivariant-qnn:26:153a7fc224f2a0f8,ok,,equivariant-qnn,26,8,float64,42,128,2,32,2,1,1.0,rotation,rotation,26,26,compact:L1R0W0-L1R0W0-L1R0W0-L1R0W0-L1R0W0-L1R0W0-L1R0W0-L1R0W0-L1R0W0-L1R0W0-L1R0W0-L1R0W0-L1R0W0-L1R0W0-L1R0W0-L1R0W0-L1R0W0-L1R0W0-L1R0W0-L1R0W0-L1R0W0-L1R0W0-L1R0W0-L1R0W0-L1R0W0-L1R0W0,compact:L1R0W0-L1R0W0-L1R0W0-L1R0W0-L1R0W0-L1R0W0-L1R0W0-L1R0W0-L1R0W0-L1R0W0-L1R0W0-L1R0W0-L1R0W0-L1R0W0-L1R0W0-L1R0W0-L1R0W0-L1R0W0-L1R0W0-L1R0W0-L1R0W0-L1R0W0-L1R0W0-L1R0W0-L1R0W0-L1R0W0,,,not_applicable,optimized,2,3,2,3050.9259615,3050.9259615,3050.51992,3051.332003,0.40604149999990113,1025.170129,11.269843,2014.4859894999997,,,custom:libsad_search_78523faf565e9a.so,/home/rzzhang/sad_merged/sad/build/libsad_search_78523faf565e9a.so
2026-08-23T06:52:46.672688+00:00,20260823T064006,joint:equivariant-qnn:12:5bd4ba684b817dfd,ok,,equivariant-qnn,12,8,float64,42,128,2,32,2,1,1.0,rotation,rotation,12,12,compact:L1R0W0-L1R0W0-L1R0W0-L1R0W0-L1R0W0-L1R0W0-L1R0W0-L1R0W0-L1R0W0-L1R0W0-L1R0W0-L1R0W0,compact:L1R0W0-L1R0W0-L1R0W0-L1R0W0-L1R0W0-L1R0W0-L1R0W0-L1R0W0-L1R0W0-L1R0W0-L1R0W0-L1R0W0,,,not_applicable,optimized,10,3,10,2.006024,2.0048934,1.9998949999999998,2.0089230000000002,0.0034373541045403587,1.0734706,0.0155208,0.915902,,,custom:libsad_search_78523faf565e9a.so,/home/rzzhang/sad_merged/sad/build/libsad_search_78523faf565e9a.so
2026-08-23T06:52:46.713300+00:00,20260823T064006,joint:equivariant-qnn:8:a9a40c54f1b1deae,ok,,equivariant-qnn,8,8,float64,42,32,2,32,2,2,1.0,rotation,rotation,8,8,compact:L1R0W0-L1R0W0-L1R0W0-L1R0W0-L1R0W0-L1R0W0-L1R0W0-L1R0W0,compact:L1R0W0-L1R0W0-L1R0W0-L1R0W0-L1R0W0-L1R0W0-L1R0W0-L1R0W0,,,not_applicable,optimized,20,3,20,1.0229279999999998,1.02306395,1.021914,1.02514,0.0009954782506413978,0.47697390000000006,0.01540685,0.5306831999999999,,,custom:libsad_search_6e9ecc13ac7654.so,/home/rzzhang/sad_merged/sad/build/libsad_search_6e9ecc13ac7654.so
2026-08-23T06:52:46.749653+00:00,20260823T064006,joint:equivariant-qnn:14:3e1fc7e78d732248,ok,,equivariant-qnn,14,8,float64,42,32,2,128,2,1,0.75,rotation,rotation,11,11,compact:L2R0W0-L2R0W0-L2R0W0-L1R0W0-L1R0W0-L1R0W0-L1R0W0-L1R0W0-L1R0W0-L1R0W0-L1R0W0,compact:L2R0W0-L2R0W0-L2R0W0-L1R0W0-L1R0W0-L1R0W0-L1R0W0-L1R0W0-L1R0W0-L1R0W0-L1R0W0,,,not_applicable,optimized,10,3,10,2.137068,2.1373930000000003,2.136058,2.140114,0.0012934917858263163,0.8387557000000001,0.015400000000000002,1.2832373000000001,,,custom:libsad_search_44993f541f55e5.so,/home/rzzhang/sad_merged/sad/build/libsad_search_44993f541f55e5.so
2026-08-23T06:52:46.787673+00:00,20260823T064006,joint:equivariant-qnn:26:38f88b3f8a4c4baf,ok,,equivariant-qnn,26,8,float64,42,128,2,128,2,2,1.0,rotation,rotation,26,26,compact:L1R0W0-L1R0W0-L1R0W0-L1R0W0-L1R0W0-L1R0W0-L1R0W0-L1R0W0-L1R0W0-L1R0W0-L1R0W0-L1R0W0-L1R0W0-L1R0W0-L1R0W0-L1R0W0-L1R0W0-L1R0W0-L1R0W0-L1R0W0-L1R0W0-L1R0W0-L1R0W0-L1R0W0-L1R0W0-L1R0W0,compact:L1R0W0-L1R0W0-L1R0W0-L1R0W0-L1R0W0-L1R0W0-L1R0W0-L1R0W0-L1R0W0-L1R0W0-L1R0W0-L1R0W0-L1R0W0-L1R0W0-L1R0W0-L1R0W0-L1R0W0-L1R0W0-L1R0W0-L1R0W0-L1R0W0-L1R0W0-L1R0W0-L1R0W0-L1R0W0-L1R0W0,,,not_applicable,optimized,2,3,2,3056.305354,3056.305354,3055.9678200000003,3056.642888,0.33753399999977773,1025.3901365,11.675214,2019.2400035000003,,,custom:libsad_search_fad73079be189a.so,/home/rzzhang/sad_merged/sad/build/libsad_search_fad73079be189a.so
2026-08-23T06:53:02.094381+00:00,20260823T064006,joint:equivariant-qnn:28:b7e33fd86088ded9,ok,,equivariant-qnn,28,8,float64,42,32,2,32,2,2,0.75,rotation,rotation,22,22,compact:L2R0W0-L2R0W0-L2R0W0-L2R0W0-L2R0W0-L2R0W0-L1R0W0-L1R0W0-L1R0W0-L1R0W0-L1R0W0-L1R0W0-L1R0W0-L1R0W0-L1R0W0-L1R0W0-L1R0W0-L1R0W0-L1R0W0-L1R0W0-L1R0W0-L1R0W0,compact:L2R0W0-L2R0W0-L2R0W0-L2R0W0-L2R0W0-L2R0W0-L1R0W0-L1R0W0-L1R0W0-L1R0W0-L1R0W0-L1R0W0-L1R0W0-L1R0W0-L1R0W0-L1R0W0-L1R0W0-L1R0W0-L1R0W0-L1R0W0-L1R0W0-L1R0W0,,,not_applicable,optimized,2,3,2,10429.975125500001,10429.975125500001,10429.884187000001,10430.066064,0.09093849999953818,3489.4080350000004,83.18544650000001,6857.381644,,,custom:libsad_search_6e9ecc13ac7654.so,/home/rzzhang/sad_merged/sad/build/libsad_search_6e9ecc13ac7654.so
2026-08-23T06:53:54.274203+00:00,20260823T064006,joint:equivariant-qnn:20:c3d30a8cc5d0e9bf,ok,,equivariant-qnn,20,8,float64,42,32,2,32,2,2,0.25,rotation,rotation,7,7,compact:L3R0W0-L3R0W0-L3R0W0-L3R0W0-L3R0W0-L3R0W0-L2R0W0,compact:L3R0W0-L3R0W0-L3R0W0-L3R0W0-L3R0W0-L3R0W0-L2R0W0,,,not_applicable,optimized,5,3,5,14.257341,14.2580126,14.256182999999998,14.262562,0.002333490827066204,5.278533800000001,0.09784419999999999,8.8816346,,,custom:libsad_search_6e9ecc13ac7654.so,/home/rzzhang/sad_merged/sad/build/libsad_search_6e9ecc13ac7654.so
2026-08-23T06:53:54.423131+00:00,20260823T064006,joint:equivariant-qnn:22:713ef6578b200d6d,ok,,equivariant-qnn,22,8,float64,42,64,2,64,2,1,1.0,rotation,rotation,22,22,compact:L1R0W0-L1R0W0-L1R0W0-L1R0W0-L1R0W0-L1R0W0-L1R0W0-L1R0W0-L1R0W0-L1R0W0-L1R0W0-L1R0W0-L1R0W0-L1R0W0-L1R0W0-L1R0W0-L1R0W0-L1R0W0-L1R0W0-L1R0W0-L1R0W0-L1R0W0,compact:L1R0W0-L1R0W0-L1R0W0-L1R0W0-L1R0W0-L1R0W0-L1R0W0-L1R0W0-L1R0W0-L1R0W0-L1R0W0-L1R0W0-L1R0W0-L1R0W0-L1R0W0-L1R0W0-L1R0W0-L1R0W0-L1R0W0-L1R0W0-L1R0W0-L1R0W0,,,not_applicable,optimized,3,3,3,143.68082499999997,143.67913766666666,143.658404,143.698184,0.016283886111397406,35.143658,0.3877823333333333,108.14769733333334,,,custom:libsad_search_d69133c4e36ad5.so,/home/rzzhang/sad_merged/sad/build/libsad_search_d69133c4e36ad5.so
2026-08-23T06:53:55.320197+00:00,20260823T064006,joint:equivariant-qnn:18:846de12dc3c9c3ef,ok,,equivariant-qnn,18,8,float64,42,128,2,32,2,1,0.0,rotation,rotation,2,3,compact:L5R2W2-L5R2W2,compact:L5R1W0-L5R1W0-L5R1W0,,,not_applicable,optimized,5,3,5,3.3096829999999997,3.3104372,3.309584,3.311668,0.0009672706756643479,0.937956,0.0319858,2.3404954,,,custom:libsad_search_78523faf565e9a.so,/home/rzzhang/sad_merged/sad/build/libsad_search_78523faf565e9a.so
2026-08-23T06:53:55.357278+00:00,20260823T064006,joint:equivariant-qnn:26:71edc362baf9d8e6,ok,,equivariant-qnn,26,8,float64,42,32,2,128,2,1,0.5,rotation,rotation,15,14,compact:L2R0W0-L2R0W0-L2R0W0-L2R0W0-L2R0W0-L2R0W0-L2R0W0-L2R0W0-L2R0W0-L2R0W0-L2R0W0-L1R0W0-L1R0W0-L1R0W0-L1R0W0,compact:L2R0W0-L2R0W0-L2R0W0-L2R0W0-L2R0W0-L2R0W0-L2R0W0-L2R0W0-L2R0W0-L2R0W0-L2R0W0-L2R0W0-L1R0W0-L1R0W0,,,not_applicable,optimized,2,3,2,1735.4700010000001,1735.4700010000001,1735.397749,1735.542253,0.07225200000004861,610.2666994999998,11.3481655,1113.855136,,,custom:libsad_search_44993f541f55e5.so,/home/rzzhang/sad_merged/sad/build/libsad_search_44993f541f55e5.so
2026-08-23T06:54:04.063704+00:00,20260823T064006,joint:equivariant-qnn:10:6a9855ea62ca4c5c,ok,,equivariant-qnn,10,8,float64,42,64,2,64,2,2,0.5,rotation,rotation,6,6,compact:L2R0W0-L2R0W0-L2R0W0-L2R0W0-L1R0W0-L1R0W0,compact:L2R0W0-L2R0W0-L2R0W0-L2R0W0-L1R0W0-L1R0W0,,,not_applicable,optimized,10,3,10,1.0106169999999999,1.0106654000000002,1.008575,1.0136830000000001,0.0013684037562064976,0.4413222,0.015545700000000003,0.5537974999999999,,,custom:libsad_search_ae5663d41dfb3d.so,/home/rzzhang/sad_merged/sad/build/libsad_search_ae5663d41dfb3d.so
2026-08-23T06:54:04.091597+00:00,20260823T064006,joint:equivariant-qnn:28:6bf556ebdd2b2060,ok,,equivariant-qnn,28,8,float64,42,32,2,128,2,2,0.5,rotation,rotation,16,16,compact:L2R0W0-L2R0W0-L2R0W0-L2R0W0-L2R0W0-L2R0W0-L2R0W0-L2R0W0-L2R0W0-L2R0W0-L2R0W0-L2R0W0-L1R0W0-L1R0W0-L1R0W0-L1R0W0,compact:L2R0W0-L2R0W0-L2R0W0-L2R0W0-L2R0W0-L2R0W0-L2R0W0-L2R0W0-L2R0W0-L2R0W0-L2R0W0-L2R0W0-L1R0W0-L1R0W0-L1R0W0-L1R0W0,,,not_applicable,optimized,2,3,2,7725.1833705,7725.1833705,7724.826284000001,7725.540456999999,0.3570864999992409,2589.167408,82.4657845,5053.550178,,,custom:libsad_search_57309a924b2f38.so,/home/rzzhang/sad_merged/sad/build/libsad_search_57309a924b2f38.so
2026-08-23T06:54:42.760820+00:00,20260823T064006,joint:equivariant-qnn:8:d3466a3291436dbe,ok,,equivariant-qnn,8,8,float64,42,32,2,128,2,1,0.0,rotation,rotation,2,1,compact:L4R0W0-L4R0W0,compact:L5R2W1,,,not_applicable,optimized,20,3,20,0.487391,0.48729955,0.4862719999999999,0.488343,0.00045478549614077276,0.1564859,0.015483700000000003,0.31532995,,,custom:libsad_search_44993f541f55e5.so,/home/rzzhang/sad_merged/sad/build/libsad_search_44993f541f55e5.so
2026-08-23T06:54:42.786177+00:00,20260823T064006,joint:equivariant-qnn:10:d1c9e5d1fd3fb0b2,ok,,equivariant-qnn,10,8,float64,42,128,2,128,2,1,1.0,rotation,rotation,10,10,compact:L1R0W0-L1R0W0-L1R0W0-L1R0W0-L1R0W0-L1R0W0-L1R0W0-L1R0W0-L1R0W0-L1R0W0,compact:L1R0W0-L1R0W0-L1R0W0-L1R0W0-L1R0W0-L1R0W0-L1R0W0-L1R0W0-L1R0W0-L1R0W0,,,not_applicable,optimized,10,3,10,1.785348,1.7851476000000002,1.7828060000000001,1.787973,0.0013765276749851537,0.8268359,0.015359500000000002,0.9429521999999999,,,custom:libsad_search_726ce3dd431232.so,/home/rzzhang/sad_merged/sad/build/libsad_search_726ce3dd431232.so
2026-08-23T06:54:42.825263+00:00,20260823T064006,joint:equivariant-qnn:6:d1981c6ac94156ed,ok,,equivariant-qnn,6,8,float64,42,128,2,128,2,1,0.25,rotation,rotation,2,2,compact:L3R0W0-L3R0W0,compact:L3R0W0-L3R0W0,,,not_applicable,optimized,20,3,20,0.480377,0.48051595,0.47612499999999996,0.48229,0.0012724200750931323,0.1771278,0.01548295,0.2879052,,,custom:libsad_search_726ce3dd431232.so,/home/rzzhang/sad_merged/sad/build/libsad_search_726ce3dd431232.so
2026-08-23T06:54:42.851177+00:00,20260823T064006,joint:equivariant-qnn:16:8c925b73ddedf2c9,ok,,equivariant-qnn,16,8,float64,42,128,2,128,2,1,0.0,rotation,rotation,2,2,compact:L5R2W1-L5R2W1,compact:L5R2W1-L5R2W1,,,not_applicable,optimized,5,3,5,1.160068,1.1613754,1.159054,1.168244,0.003461870453959849,0.373132,0.015456600000000001,0.7727868000000001,,,custom:libsad_search_726ce3dd431232.so,/home/rzzhang/sad_merged/sad/build/libsad_search_726ce3dd431232.so
2026-08-23T06:54:42.878563+00:00,20260823T064006,joint:equivariant-qnn:14:7b1c26a55ea5e0fc,ok,,equivariant-qnn,14,8,float64,42,64,2,64,2,1,1.0,rotation,rotation,14,14,compact:L1R0W0-L1R0W0-L1R0W0-L1R0W0-L1R0W0-L1R0W0-L1R0W0-L1R0W0-L1R0W0-L1R0W0-L1R0W0-L1R0W0-L1R0W0-L1R0W0,compact:L1R0W0-L1R0W0-L1R0W0-L1R0W0-L1R0W0-L1R0W0-L1R0W0-L1R0W0-L1R0W0-L1R0W0-L1R0W0-L1R0W0-L1R0W0-L1R0W0,,,not_applicable,optimized,10,3,10,2.422332,2.4227046000000003,2.419749,2.428056,0.002401679587288917,1.1417744,0.015525200000000001,1.2654050000000001,,,custom:libsad_search_d69133c4e36ad5.so,/home/rzzhang/sad_merged/sad/build/libsad_search_d69133c4e36ad5.so
2026-08-23T06:54:42.925910+00:00,20260823T064006,joint:equivariant-qnn:28:03246125624fe838,ok,,equivariant-qnn,28,8,float64,42,32,2,32,2,1,1.0,rotation,rotation,28,28,compact:L1R0W0-L1R0W0-L1R0W0-L1R0W0-L1R0W0-L1R0W0-L1R0W0-L1R0W0-L1R0W0-L1R0W0-L1R0W0-L1R0W0-L1R0W0-L1R0W0-L1R0W0-L1R0W0-L1R0W0-L1R0W0-L1R0W0-L1R0W0-L1R0W0-L1R0W0-L1R0W0-L1R0W0-L1R0W0-L1R0W0-L1R0W0-L1R0W0,compact:L1R0W0-L1R0W0-L1R0W0-L1R0W0-L1R0W0-L1R0W0-L1R0W0-L1R0W0-L1R0W0-L1R0W0-L1R0W0-L1R0W0-L1R0W0-L1R0W0-L1R0W0-L1R0W0-L1R0W0-L1R0W0-L1R0W0-L1R0W0-L1R0W0-L1R0W0-L1R0W0-L1R0W0-L1R0W0-L1R0W0-L1R0W0-L1R0W0,,,not_applicable,optimized,2,3,2,13126.3305435,13126.3305435,13124.695419,13127.965668,1.6351245000005292,4391.2162935,82.591995,8652.522255000002,,,custom:libsad_search_e1d9f2a2400c61.so,/home/rzzhang/sad_merged/sad/build/libsad_search_e1d9f2a2400c61.so
2026-08-23T06:55:48.678072+00:00,20260823T064006,joint:equivariant-qnn:28:2598b953229aeaad,ok,,equivariant-qnn,28,8,float64,42,64,2,64,2,1,0.0,rotation,rotation,4,4,compact:L5R2W0-L5R2W0-L5R2W0-L5R2W0,compact:L5R2W0-L5R2W0-L5R2W0-L5R2W0,,,not_applicable,optimized,2,3,2,4171.4975655,4171.4975655,4170.684869000001,4172.310262,0.8126964999996744,1089.9963435000002,82.84013600000002,2998.661086,,,custom:libsad_search_d69133c4e36ad5.so,/home/rzzhang/sad_merged/sad/build/libsad_search_d69133c4e36ad5.so
2026-08-23T06:56:09.818692+00:00,20260823T064006,joint:equivariant-qnn:18:5e995f3f91439f33,ok,,equivariant-qnn,18,8,float64,42,32,2,128,2,1,0.75,rotation,rotation,14,14,compact:L2R0W0-L2R0W0-L2R0W0-L2R0W0-L1R0W0-L1R0W0-L1R0W0-L1R0W0-L1R0W0-L1R0W0-L1R0W0-L1R0W0-L1R0W0-L1R0W0,compact:L2R0W0-L2R0W0-L2R0W0-L2R0W0-L1R0W0-L1R0W0-L1R0W0-L1R0W0-L1R0W0-L1R0W0-L1R0W0-L1R0W0-L1R0W0-L1R0W0,,,not_applicable,optimized,5,3,5,6.208672999999999,6.20695,6.20111,6.209872,0.003302966484843452,2.7006736,0.031883,3.4743934000000003,,,custom:libsad_search_44993f541f55e5.so,/home/rzzhang/sad_merged/sad/build/libsad_search_44993f541f55e5.so
2026-08-23T06:56:09.893545+00:00,20260823T064006,joint:equivariant-qnn:26:669bca6054f7dc87,ok,,equivariant-qnn,26,8,float64,42,64,2,64,2,1,0.0,legacy,legacy,0,0,,,,,not_applicable,legacy-generic,2,3,2,1000.7040034999999,1000.7040034999999,1000.6936049999999,1000.7144019999998,0.010398499999951127,273.88553449999995,11.6009545,715.2175144999999,,,custom:libsad_search_a82e9b3f4b7d25.so,/home/rzzhang/sad_merged/sad/build/libsad_search_a82e9b3f4b7d25.so
2026-08-23T06:56:14.936814+00:00,20260823T064006,joint:equivariant-qnn:16:5b4e73198722e5c1,ok,,equivariant-qnn,16,8,float64,42,32,2,128,2,1,0.0,legacy,legacy,0,0,,,,,not_applicable,legacy-generic,5,3,5,1.304574,1.3045534,1.304424,1.3046429999999998,7.225399642920414e-05,0.4690436,0.0154552,0.8200546,,,custom:libsad_search_7c2e0b28add24f.so,/home/rzzhang/sad_merged/sad/build/libsad_search_7c2e0b28add24f.so
2026-08-23T06:56:31.646414+00:00,20260823T064006,joint:equivariant-qnn:22:a13c13eff72317f1,ok,,equivariant-qnn,22,8,float64,42,32,2,32,2,1,0.0,rotation,rotation,4,4,compact:L5R1W0-L5R1W0-L5R0W0-L5R0W0,compact:L5R1W0-L5R1W0-L5R0W0-L5R0W0,,,not_applicable,optimized,3,3,3,55.952427,55.160955333333334,53.328905,56.201533999999995,1.2994408777784212,16.84754,0.404221,37.90919433333333,,,custom:libsad_search_e1d9f2a2400c61.so,/home/rzzhang/sad_merged/sad/build/libsad_search_e1d9f2a2400c61.so
2026-08-23T06:56:32.003348+00:00,20260823T064006,joint:equivariant-qnn:28:1cb15814f657bb82,ok,,equivariant-qnn,28,8,float64,42,32,2,128,2,1,0.75,rotation,rotation,22,22,compact:L2R0W0-L2R0W0-L2R0W0-L2R0W0-L2R0W0-L2R0W0-L1R0W0-L1R0W0-L1R0W0-L1R0W0-L1R0W0-L1R0W0-L1R0W0-L1R0W0-L1R0W0-L1R0W0-L1R0W0-L1R0W0-L1R0W0-L1R0W0-L1R0W0-L1R0W0,compact:L2R0W0-L2R0W0-L2R0W0-L2R0W0-L2R0W0-L2R0W0-L1R0W0-L1R0W0-L1R0W0-L1R0W0-L1R0W0-L1R0W0-L1R0W0-L1R0W0-L1R0W0-L1R0W0-L1R0W0-L1R0W0-L1R0W0-L1R0W0-L1R0W0-L1R0W0,,,not_applicable,optimized,2,3,2,10416.076939999999,10416.076939999999,10414.488118,10417.665762,1.5888220000006186,3488.897947,82.6475025,6844.5314905,,,custom:libsad_search_44993f541f55e5.so,/home/rzzhang/sad_merged/sad/build/libsad_search_44993f541f55e5.so
2026-08-23T06:57:24.112808+00:00,20260823T064006,joint:equivariant-qnn:26:edfcb9fedc0ac473,ok,,equivariant-qnn,26,8,float64,42,128,2,128,2,2,0.75,rotation,rotation,20,20,compact:L2R0W0-L2R0W0-L2R0W0-L2R0W0-L2R0W0-L2R0W0-L1R0W0-L1R0W0-L1R0W0-L1R0W0-L1R0W0-L1R0W0-L1R0W0-L1R0W0-L1R0W0-L1R0W0-L1R0W0-L1R0W0-L1R0W0-L1R0W0,compact:L2R0W0-L2R0W0-L2R0W0-L2R0W0-L2R0W0-L2R0W0-L1R0W0-L1R0W0-L1R0W0-L1R0W0-L1R0W0-L1R0W0-L1R0W0-L1R0W0-L1R0W0-L1R0W0-L1R0W0-L1R0W0-L1R0W0-L1R0W0,,,not_applicable,optimized,2,3,2,2377.1318810000002,2377.1318810000002,2376.8176150000004,2377.446147,0.3142659999998614,799.921998,11.403549499999999,1565.8063335,,,custom:libsad_search_fad73079be189a.so,/home/rzzhang/sad_merged/sad/build/libsad_search_fad73079be189a.so
2026-08-23T06:57:36.053156+00:00,20260823T064006,joint:equivariant-qnn:14:8387e90ce84ad3f3,ok,,equivariant-qnn,14,8,float64,42,128,2,128,2,1,0.25,rotation,rotation,5,5,compact:L3R0W0-L3R0W0-L3R0W0-L3R0W0-L2R0W0,compact:L3R0W0-L3R0W0-L3R0W0-L3R0W0-L2R0W0,,,not_applicable,optimized,10,3,10,1.4316400000000002,1.4317294999999999,1.4304320000000001,1.4325610000000002,0.0007635013097565512,0.5728986,0.015231,0.8435999,,,custom:libsad_search_726ce3dd431232.so,/home/rzzhang/sad_merged/sad/build/libsad_search_726ce3dd431232.so
2026-08-23T06:57:36.086550+00:00,20260823T064006,joint:equivariant-qnn:16:b524114a7798a9b6,ok,,equivariant-qnn,16,8,float64,42,128,2,128,2,1,0.5,rotation,rotation,9,9,compact:L2R0W0-L2R0W0-L2R0W0-L2R0W0-L2R0W0-L2R0W0-L2R0W0-L1R0W0-L1R0W0,compact:L2R0W0-L2R0W0-L2R0W0-L2R0W0-L2R0W0-L2R0W0-L2R0W0-L1R0W0-L1R0W0,,,not_applicable,optimized,5,3,5,2.433042,2.4336729999999998,2.433002,2.435299,0.0009012096315509114,1.0543728,0.015693799999999997,1.3636063999999999,,,custom:libsad_search_726ce3dd431232.so,/home/rzzhang/sad_merged/sad/build/libsad_search_726ce3dd431232.so
2026-08-23T06:57:36.120000+00:00,20260823T064006,joint:equivariant-qnn:26:01943badb685bbab,ok,,equivariant-qnn,26,8,float64,42,128,2,32,2,1,0.5,rotation,rotation,14,15,compact:L2R0W0-L2R0W0-L2R0W0-L2R0W0-L2R0W0-L2R0W0-L2R0W0-L2R0W0-L2R0W0-L2R0W0-L2R0W0-L2R0W0-L1R0W0-L1R0W0,compact:L2R0W0-L2R0W0-L2R0W0-L2R0W0-L2R0W0-L2R0W0-L2R0W0-L2R0W0-L2R0W0-L2R0W0-L2R0W0-L1R0W0-L1R0W0-L1R0W0-L1R0W0,,,not_applicable,optimized,2,3,2,1775.2961965,1775.2961965,1774.6935079999998,1775.898885,0.602688500000113,574.5680024999999,11.424787,1189.303407,,,custom:libsad_search_78523faf565e9a.so,/home/rzzhang/sad_merged/sad/build/libsad_search_78523faf565e9a.so
2026-08-23T06:57:45.023864+00:00,20260823T064006,joint:equivariant-qnn:20:e6d53fcb3b439021,ok,,equivariant-qnn,20,8,float64,42,32,2,128,2,2,0.75,rotation,rotation,16,16,compact:L2R0W0-L2R0W0-L2R0W0-L2R0W0-L1R0W0-L1R0W0-L1R0W0-L1R0W0-L1R0W0-L1R0W0-L1R0W0-L1R0W0-L1R0W0-L1R0W0-L1R0W0-L1R0W0,compact:L2R0W0-L2R0W0-L2R0W0-L2R0W0-L1R0W0-L1R0W0-L1R0W0-L1R0W0-L1R0W0-L1R0W0-L1R0W0-L1R0W0-L1R0W0-L1R0W0-L1R0W0-L1R0W0,,,not_applicable,optimized,5,3,5,18.814273,18.8142792,18.809219000000002,18.818316000000003,0.0030692351750884325,8.067325199999999,0.09757859999999999,10.649375399999998,,,custom:libsad_search_57309a924b2f38.so,/home/rzzhang/sad_merged/sad/build/libsad_search_57309a924b2f38.so
2026-08-23T06:57:45.202486+00:00,20260823T064006,joint:equivariant-qnn:14:88c73a95b35c819e,ok,,equivariant-qnn,14,8,float64,42,64,2,64,2,1,0.0,legacy,legacy,0,0,,,,,not_applicable,legacy-generic,10,3,10,0.6696534999999999,0.6698553,0.669495,0.670753,0.00044566356144519427,0.2273627,0.0152818,0.4272108,,,custom:libsad_search_a82e9b3f4b7d25.so,/home/rzzhang/sad_merged/sad/build/libsad_search_a82e9b3f4b7d25.so
2026-08-23T06:57:45.220627+00:00,20260823T064006,joint:equivariant-qnn:26:f7d062ec47455caa,ok,,equivariant-qnn,26,8,float64,42,64,2,64,2,1,0.25,rotation,rotation,10,10,compact:L3R0W0-L3R0W0-L3R0W0-L3R0W0-L3R0W0-L3R0W0-L2R0W0-L2R0W0-L2R0W0-L2R0W0,compact:L3R0W0-L3R0W0-L3R0W0-L3R0W0-L3R0W0-L3R0W0-L2R0W0-L2R0W0-L2R0W0-L2R0W0,,,not_applicable,optimized,2,3,2,1243.5313849999998,1243.5313849999998,1243.3939599999999,1243.66881,0.13742500000000746,423.58119500000004,11.744836500000002,808.2053535,,,custom:libsad_search_d69133c4e36ad5.so,/home/rzzhang/sad_merged/sad/build/libsad_search_d69133c4e36ad5.so
2026-08-23T06:57:51.468859+00:00,20260823T064006,joint:equivariant-qnn:18:44d35c4ae0adfeb4,ok,,equivariant-qnn,18,8,float64,42,128,2,32,2,2,0.0,rotation,rotation,2,3,compact:L5R2W2-L5R2W2,compact:L5R1W0-L5R1W0-L5R1W0,,,not_applicable,optimized,5,3,5,3.302421,3.3019937999999995,3.3004339999999996,3.3032600000000003,0.0009874395981528561,0.9295024000000001,0.0317846,2.3407068,,,custom:libsad_search_e09d5834859473.so,/home/rzzhang/sad_merged/sad/build/libsad_search_e09d5834859473.so
2026-08-23T06:57:51.521030+00:00,20260823T064006,joint:equivariant-qnn:8:3c6cb03f3d886b9e,ok,,equivariant-qnn,8,8,float64,42,64,2,64,2,2,1.0,rotation,rotation,8,8,compact:L1R0W0-L1R0W0-L1R0W0-L1R0W0-L1R0W0-L1R0W0-L1R0W0-L1R0W0,compact:L1R0W0-L1R0W0-L1R0W0-L1R0W0-L1R0W0-L1R0W0-L1R0W0-L1R0W0,,,not_applicable,optimized,20,3,20,1.0958934999999999,1.09817745,1.095445,1.10396,0.0035182423378016785,0.5078899499999999,0.015341700000000003,0.5749458,,,custom:libsad_search_ae5663d41dfb3d.so,/home/rzzhang/sad_merged/sad/build/libsad_search_ae5663d41dfb3d.so
2026-08-23T06:57:51.556127+00:00,20260823T064006,joint:equivariant-qnn:14:8b4685b6d4b54171,ok,,equivariant-qnn,14,8,float64,42,128,2,128,2,1,1.0,rotation,rotation,14,14,compact:L1R0W0-L1R0W0-L1R0W0-L1R0W0-L1R0W0-L1R0W0-L1R0W0-L1R0W0-L1R0W0-L1R0W0-L1R0W0-L1R0W0-L1R0W0-L1R0W0,compact:L1R0W0-L1R0W0-L1R0W0-L1R0W0-L1R0W0-L1R0W0-L1R0W0-L1R0W0-L1R0W0-L1R0W0-L1R0W0-L1R0W0-L1R0W0-L1R0W0,,,not_applicable,optimized,10,3,10,2.8769635000000005,2.8763285,2.8692689999999996,2.879426,0.002632174775732118,1.3495320000000002,0.0162568,1.5105397,,,custom:libsad_search_726ce3dd431232.so,/home/rzzhang/sad_merged/sad/build/libsad_search_726ce3dd431232.so
2026-08-23T06:57:51.602985+00:00,20260823T064006,joint:equivariant-qnn:18:c2bfa70289a4f4e8,ok,,equivariant-qnn,18,8,float64,42,32,2,32,2,2,0.0,rotation,rotation,3,3,compact:L5R1W0-L5R1W0-L5R1W0,compact:L5R1W0-L5R1W0-L5R1W0,,,not_applicable,optimized,5,3,5,3.4457660000000003,3.4457846000000005,3.4447829999999997,3.4468470000000004,0.000653200306185093,1.0824806,0.0315932,2.3317108,,,custom:libsad_search_6e9ecc13ac7654.so,/home/rzzhang/sad_merged/sad/build/libsad_search_6e9ecc13ac7654.so
2026-08-23T06:57:51.640571+00:00,20260823T064006,joint:equivariant-qnn:18:cc6200d07d1a498b,ok,,equivariant-qnn,18,8,float64,42,128,2,128,2,2,1.0,rotation,rotation,18,18,compact:L1R0W0-L1R0W0-L1R0W0-L1R0W0-L1R0W0-L1R0W0-L1R0W0-L1R0W0-L1R0W0-L1R0W0-L1R0W0-L1R0W0-L1R0W0-L1R0W0-L1R0W0-L1R0W0-L1R0W0-L1R0W0,compact:L1R0W0-L1R0W0-L1R0W0-L1R0W0-L1R0W0-L1R0W0-L1R0W0-L1R0W0-L1R0W0-L1R0W0-L1R0W0-L1R0W0-L1R0W0-L1R0W0-L1R0W0-L1R0W0-L1R0W0-L1R0W0,,,not_applicable,optimized,5,3,5,7.244669,7.256555199999999,7.238993000000001,7.312417999999999,0.028093023179429716,3.4162574,0.0320832,3.8082145999999995,,,custom:libsad_search_fad73079be189a.so,/home/rzzhang/sad_merged/sad/build/libsad_search_fad73079be189a.so
2026-08-23T06:57:51.708629+00:00,20260823T064006,joint:equivariant-qnn:22:9bafa64dcce02491,ok,,equivariant-qnn,22,8,float64,42,128,2,32,2,2,0.75,rotation,rotation,17,18,compact:L2R0W0-L2R0W0-L2R0W0-L2R0W0-L2R0W0-L1R0W0-L1R0W0-L1R0W0-L1R0W0-L1R0W0-L1R0W0-L1R0W0-L1R0W0-L1R0W0-L1R0W0-L1R0W0-L1R0W0,compact:L2R0W0-L2R0W0-L2R0W0-L2R0W0-L1R0W0-L1R0W0-L1R0W0-L1R0W0-L1R0W0-L1R0W0-L1R0W0-L1R0W0-L1R0W0-L1R0W0-L1R0W0-L1R0W0-L1R0W0-L1R0W0,,,not_applicable,optimized,3,3,3,119.51648699999998,119.76731566666668,119.19463200000001,120.59082800000002,0.5969517471400534,30.53056066666667,0.39053699999999997,88.846218,,,custom:libsad_search_e09d5834859473.so,/home/rzzhang/sad_merged/sad/build/libsad_search_e09d5834859473.so
2026-08-23T06:57:52.454862+00:00,20260823T064006,joint:equivariant-qnn:12:7b5e9200d93acea3,ok,,equivariant-qnn,12,8,float64,42,64,2,64,2,2,0.0,rotation,rotation,2,2,compact:L5R1W0-L5R1W0,compact:L5R1W0-L5R1W0,,,not_applicable,optimized,10,3,10,0.5898645,0.5929596,0.589708,0.598013,0.0038942997367948052,0.2043609,0.015560800000000001,0.3730379,,,custom:libsad_search_ae5663d41dfb3d.so,/home/rzzhang/sad_merged/sad/build/libsad_search_ae5663d41dfb3d.so
2026-08-23T06:57:52.472299+00:00,20260823T064006,joint:equivariant-qnn:28:46d3687b84cf26c0,ok,,equivariant-qnn,28,8,float64,42,64,2,64,2,2,1.0,rotation,rotation,28,28,compact:L1R0W0-L1R0W0-L1R0W0-L1R0W0-L1R0W0-L1R0W0-L1R0W0-L1R0W0-L1R0W0-L1R0W0-L1R0W0-L1R0W0-L1R0W0-L1R0W0-L1R0W0-L1R0W0-L1R0W0-L1R0W0-L1R0W0-L1R0W0-L1R0W0-L1R0W0-L1R0W0-L1R0W0-L1R0W0-L1R0W0-L1R0W0-L1R0W0,compact:L1R0W0-L1R0W0-L1R0W0-L1R0W0-L1R0W0-L1R0W0-L1R0W0-L1R0W0-L1R0W0-L1R0W0-L1R0W0-L1R0W0-L1R0W0-L1R0W0-L1R0W0-L1R0W0-L1R0W0-L1R0W0-L1R0W0-L1R0W0-L1R0W0-L1R0W0-L1R0W0-L1R0W0-L1R0W0-L1R0W0-L1R0W0-L1R0W0,,,not_applicable,optimized,2,3,2,13143.945786,13143.945786,13143.079491999999,13144.81208,0.86629400000038,4396.361097999999,82.973586,8664.611101999999,,,custom:libsad_search_ae5663d41dfb3d.so,/home/rzzhang/sad_merged/sad/build/libsad_search_ae5663d41dfb3d.so
2026-08-23T06:58:58.225598+00:00,20260823T064006,joint:equivariant-qnn:12:28a04f95989d1d60,ok,,equivariant-qnn,12,8,float64,42,128,2,128,2,2,0.75,rotation,rotation,10,10,compact:L2R0W0-L2R0W0-L1R0W0-L1R0W0-L1R0W0-L1R0W0-L1R0W0-L1R0W0-L1R0W0-L1R0W0,compact:L2R0W0-L2R0W0-L1R0W0-L1R0W0-L1R0W0-L1R0W0-L1R0W0-L1R0W0-L1R0W0-L1R0W0,,,not_applicable,optimized,10,3,10,2.00088,2.0012054,1.999776,2.005026,0.0014699645029727809,0.9131319000000001,0.015534599999999999,1.0725388999999999,,,custom:libsad_search_fad73079be189a.so,/home/rzzhang/sad_merged/sad/build/libsad_search_fad73079be189a.so
2026-08-23T06:58:58.265578+00:00,20260823T064006,joint:equivariant-qnn:18:eee4e45d49bb2300,ok,,equivariant-qnn,18,8,float64,42,32,2,128,2,1,0.0,rotation,rotation,3,2,compact:L5R1W0-L5R1W0-L5R1W0,compact:L5R2W2-L5R2W2,,,not_applicable,optimized,5,3,5,3.389379,3.3888407999999997,3.38755,3.389482,0.000768522062142578,1.0866176,0.0319326,2.2702906,,,custom:libsad_search_44993f541f55e5.so,/home/rzzhang/sad_merged/sad/build/libsad_search_44993f541f55e5.so
2026-08-23T06:58:58.316885+00:00,20260823T064006,joint:equivariant-qnn:4:81b43877eea6c327,ok,,equivariant-qnn,4,8,float64,42,64,2,64,2,2,0.75,rotation,rotation,3,3,compact:L2R0W0-L1R0W0-L1R0W0,compact:L2R0W0-L1R0W0-L1R0W0,,,not_applicable,optimized,20,3,20,0.39734,0.39743439999999997,0.39611799999999997,0.398419,0.0008355673760984233,0.170526,0.015434199999999999,0.21147420000000003,,,custom:libsad_search_ae5663d41dfb3d.so,/home/rzzhang/sad_merged/sad/build/libsad_search_ae5663d41dfb3d.so
2026-08-23T06:58:58.340110+00:00,20260823T064006,joint:equivariant-qnn:8:8a0d7d0aa588640a,ok,,equivariant-qnn,8,8,float64,42,32,2,32,2,1,0.0,rotation,rotation,2,2,compact:L4R0W0-L4R0W0,compact:L4R0W0-L4R0W0,,,not_applicable,optimized,20,3,20,0.41878150000000003,0.41883765000000006,0.417767,0.419875,0.0006003204373499081,0.15577214999999997,0.015447250000000001,0.24761824999999998,,,custom:libsad_search_e1d9f2a2400c61.so,/home/rzzhang/sad_merged/sad/build/libsad_search_e1d9f2a2400c61.so
2026-08-23T06:58:58.364891+00:00,20260823T064006,joint:equivariant-qnn:20:016fd3f97fa3ad0e,ok,,equivariant-qnn,20,8,float64,42,128,2,128,2,2,0.75,rotation,rotation,16,16,compact:L2R0W0-L2R0W0-L2R0W0-L2R0W0-L1R0W0-L1R0W0-L1R0W0-L1R0W0-L1R0W0-L1R0W0-L1R0W0-L1R0W0-L1R0W0-L1R0W0-L1R0W0-L1R0W0,compact:L2R0W0-L2R0W0-L2R0W0-L2R0W0-L1R0W0-L1R0W0-L1R0W0-L1R0W0-L1R0W0-L1R0W0-L1R0W0-L1R0W0-L1R0W0-L1R0W0-L1R0W0-L1R0W0,,,not_applicable,optimized,5,3,5,18.9811,18.9799272,18.972874,18.984213999999998,0.003882422872381775,8.2391802,0.097511,10.643236,,,custom:libsad_search_fad73079be189a.so,/home/rzzhang/sad_merged/sad/build/libsad_search_fad73079be189a.so
2026-08-23T06:58:58.545531+00:00,20260823T064006,joint:equivariant-qnn:20:a6544d08077468be,ok,,equivariant-qnn,20,8,float64,42,64,2,64,2,1,0.75,rotation,rotation,16,16,compact:L2R0W0-L2R0W0-L2R0W0-L2R0W0-L1R0W0-L1R0W0-L1R0W0-L1R0W0-L1R0W0-L1R0W0-L1R0W0-L1R0W0-L1R0W0-L1R0W0-L1R0W0-L1R0W0,compact:L2R0W0-L2R0W0-L2R0W0-L2R0W0-L1R0W0-L1R0W0-L1R0W0-L1R0W0-L1R0W0-L1R0W0-L1R0W0-L1R0W0-L1R0W0-L1R0W0-L1R0W0-L1R0W0,,,not_applicable,optimized,5,3,5,18.55715,18.7241144,18.553977,19.394844000000003,0.3353677360871804,8.310807200000001,0.0974326,10.3158746,,,custom:libsad_search_d69133c4e36ad5.so,/home/rzzhang/sad_merged/sad/build/libsad_search_d69133c4e36ad5.so
2026-08-23T06:58:58.714721+00:00,20260823T064006,joint:equivariant-qnn:10:e7ab1f9436064c55,ok,,equivariant-qnn,10,8,float64,42,32,2,32,2,1,0.75,rotation,rotation,8,8,compact:L2R0W0-L2R0W0-L1R0W0-L1R0W0-L1R0W0-L1R0W0-L1R0W0-L1R0W0,compact:L2R0W0-L2R0W0-L1R0W0-L1R0W0-L1R0W0-L1R0W0-L1R0W0-L1R0W0,,,not_applicable,optimized,10,3,10,1.189802,1.1897524000000002,1.1888010000000002,1.190853,0.0005392550787891677,0.5440043999999999,0.015339799999999999,0.6304082,,,custom:libsad_search_e1d9f2a2400c61.so,/home/rzzhang/sad_merged/sad/build/libsad_search_e1d9f2a2400c61.so
2026-08-23T06:58:58.739654+00:00,20260823T064006,joint:equivariant-qnn:10:8d0d7c1999515417,ok,,equivariant-qnn,10,8,float64,42,128,2,128,2,2,0.25,rotation,rotation,4,4,compact:L3R0W0-L3R0W0-L2R0W0-L2R0W0,compact:L3R0W0-L3R0W0-L2R0W0-L2R0W0,,,not_applicable,optimized,10,3,10,1.0316285,1.0289879,1.023899,1.032252,0.003736225834983716,0.40822020000000003,0.015372599999999998,0.6053951000000001,,,custom:libsad_search_fad73079be189a.so,/home/rzzhang/sad_merged/sad/build/libsad_search_fad73079be189a.so
2026-08-23T06:58:58.762418+00:00,20260823T064006,joint:equivariant-qnn:24:ef60c31142ce30fd,ok,,equivariant-qnn,24,8,float64,42,128,2,128,2,1,1.0,rotation,rotation,24,24,compact:L1R0W0-L1R0W0-L1R0W0-L1R0W0-L1R0W0-L1R0W0-L1R0W0-L1R0W0-L1R0W0-L1R0W0-L1R0W0-L1R0W0-L1R0W0-L1R0W0-L1R0W0-L1R0W0-L1R0W0-L1R0W0-L1R0W0-L1R0W0-L1R0W0-L1R0W0-L1R0W0-L1R0W0,compact:L1R0W0-L1R0W0-L1R0W0-L1R0W0-L1R0W0-L1R0W0-L1R0W0-L1R0W0-L1R0W0-L1R0W0-L1R0W0-L1R0W0-L1R0W0-L1R0W0-L1R0W0-L1R0W0-L1R0W0-L1R0W0-L1R0W0-L1R0W0-L1R0W0-L1R0W0-L1R0W0-L1R0W0,,,not_applicable,optimized,3,3,3,708.764415,708.7633656666667,708.7092240000001,708.816458,0.043784384692342235,239.4566583333333,1.740412,467.5662953333333,,,custom:libsad_search_726ce3dd431232.so,/home/rzzhang/sad_merged/sad/build/libsad_search_726ce3dd431232.so
2026-08-23T06:59:03.042695+00:00,20260823T064006,joint:equivariant-qnn:10:77ebed33b9929b92,ok,,equivariant-qnn,10,8,float64,42,64,2,64,2,2,1.0,rotation,rotation,10,10,compact:L1R0W0-L1R0W0-L1R0W0-L1R0W0-L1R0W0-L1R0W0-L1R0W0-L1R0W0-L1R0W0-L1R0W0,compact:L1R0W0-L1R0W0-L1R0W0-L1R0W0-L1R0W0-L1R0W0-L1R0W0-L1R0W0-L1R0W0-L1R0W0,,,not_applicable,optimized,10,3,10,1.4736160000000003,1.4743394,1.472458,1.480704,0.002230406519000512,0.6870173,0.015481600000000002,0.7718405,,,custom:libsad_search_ae5663d41dfb3d.so,/home/rzzhang/sad_merged/sad/build/libsad_search_ae5663d41dfb3d.so
2026-08-23T06:59:03.071707+00:00,20260823T064006,joint:equivariant-qnn:14:d8afe561ac7ce5c6,ok,,equivariant-qnn,14,8,float64,42,128,2,128,2,1,0.0,legacy,legacy,0,0,,,,,not_applicable,legacy-generic,10,3,10,0.9358625,0.9343912,0.9215779999999999,0.9369919999999999,0.004308331017923329,0.3043079,0.015321200000000002,0.6147621,,,custom:libsad_search_e7cc64b1fce303.so,/home/rzzhang/sad_merged/sad/build/libsad_search_e7cc64b1fce303.so
2026-08-23T06:59:03.093872+00:00,20260823T064006,joint:equivariant-qnn:20:c00a60821eceac37,ok,,equivariant-qnn,20,8,float64,42,32,2,32,2,1,0.5,rotation,rotation,12,12,compact:L2R0W0-L2R0W0-L2R0W0-L2R0W0-L2R0W0-L2R0W0-L2R0W0-L2R0W0-L1R0W0-L1R0W0-L1R0W0-L1R0W0,compact:L2R0W0-L2R0W0-L2R0W0-L2R0W0-L2R0W0-L2R0W0-L2R0W0-L2R0W0-L1R0W0-L1R0W0-L1R0W0-L1R0W0,,,not_applicable,optimized,5,3,5,16.588758000000002,16.5892406,16.58807,16.591128,0.0011952592354807303,6.9318214000000005,0.0972906,9.5601286,,,custom:libsad_search_e1d9f2a2400c61.so,/home/rzzhang/sad_merged/sad/build/libsad_search_e1d9f2a2400c61.so
2026-08-23T06:59:03.246487+00:00,20260823T064006,joint:equivariant-qnn:18:ca5acd2924c7a764,ok,,equivariant-qnn,18,8,float64,42,64,2,64,2,1,0.0,rotation,rotation,3,3,compact:L5R1W0-L5R1W0-L5R1W0,compact:L5R1W0-L5R1W0-L5R1W0,,,not_applicable,optimized,5,3,5,3.5860800000000004,3.5889598,3.5849710000000004,3.6015440000000005,0.00630721657785761,1.123958,0.0317192,2.4332826000000005,,,custom:libsad_search_d69133c4e36ad5.so,/home/rzzhang/sad_merged/sad/build/libsad_search_d69133c4e36ad5.so
2026-08-23T06:59:03.284981+00:00,20260823T064006,joint:equivariant-qnn:16:241da651f365631b,ok,,equivariant-qnn,16,8,float64,42,32,2,32,2,1,0.0,legacy,legacy,0,0,,,,,not_applicable,legacy-generic,5,3,5,1.269633,1.2697604,1.2688019999999998,1.270792,0.0008813817787996572,0.4620958,0.015468200000000001,0.7921964,,,custom:libsad_search_cadde23b7a4b57.so,/home/rzzhang/sad_merged/sad/build/libsad_search_cadde23b7a4b57.so
2026-08-23T06:59:03.304896+00:00,20260823T064006,joint:equivariant-qnn:24:ee370de73d3a967a,ok,,equivariant-qnn,24,8,float64,42,64,2,64,2,1,0.0,rotation,rotation,3,3,compact:L5R2W1-L5R2W1-L5R2W1,compact:L5R2W1-L5R2W1-L5R2W1,,,not_applicable,optimized,3,3,3,220.354736,220.34554200000002,220.317802,220.364088,0.01998325425617143,58.82122066666667,1.736329,159.78799233333334,,,custom:libsad_search_d69133c4e36ad5.so,/home/rzzhang/sad_merged/sad/build/libsad_search_d69133c4e36ad5.so
2026-08-23T06:59:04.676296+00:00,20260823T064006,joint:equivariant-qnn:22:0c92ea524f948d4f,ok,,equivariant-qnn,22,8,float64,42,32,2,128,2,2,0.25,rotation,rotation,8,8,compact:L3R0W0-L3R0W0-L3R0W0-L3R0W0-L3R0W0-L3R0W0-L2R0W0-L2R0W0,compact:L3R0W0-L3R0W0-L3R0W0-L3R0W0-L3R0W0-L3R0W0-L2R0W0-L2R0W0,,,not_applicable,optimized,3,3,3,63.262964000000004,63.265645000000006,63.25787699999999,63.27609400000001,0.007674876459380098,20.960760666666665,0.3855496666666667,41.91933466666667,,,custom:libsad_search_57309a924b2f38.so,/home/rzzhang/sad_merged/sad/build/libsad_search_57309a924b2f38.so
2026-08-23T06:59:05.078912+00:00,20260823T064006,joint:equivariant-qnn:14:42507e6312cab484,ok,,equivariant-qnn,14,8,float64,42,64,2,64,2,2,0.0,rotation,rotation,2,2,compact:L5R2W0-L5R2W0,compact:L5R2W0-L5R2W0,,,not_applicable,optimized,10,3,10,0.654266,0.6540003999999999,0.653253,0.654369,0.0004584232105816632,0.2197591,0.015401600000000001,0.4188397,,,custom:libsad_search_ae5663d41dfb3d.so,/home/rzzhang/sad_merged/sad/build/libsad_search_ae5663d41dfb3d.so
2026-08-23T06:59:05.097044+00:00,20260823T064006,joint:equivariant-qnn:24:74306c7b0647043c,ok,,equivariant-qnn,24,8,float64,42,32,2,128,2,1,0.5,rotation,rotation,14,14,compact:L2R0W0-L2R0W0-L2R0W0-L2R0W0-L2R0W0-L2R0W0-L2R0W0-L2R0W0-L2R0W0-L2R0W0-L1R0W0-L1R0W0-L1R0W0-L1R0W0,compact:L2R0W0-L2R0W0-L2R0W0-L2R0W0-L2R0W0-L2R0W0-L2R0W0-L2R0W0-L2R0W0-L2R0W0-L1R0W0-L1R0W0-L1R0W0-L1R0W0,,,not_applicable,optimized,3,3,3,425.58077699999996,425.5556933333333,425.48647400000004,425.59982899999994,0.04955960556963471,144.118898,1.7397836666666664,279.69701166666664,,,custom:libsad_search_44993f541f55e5.so,/home/rzzhang/sad_merged/sad/build/libsad_search_44993f541f55e5.so
2026-08-23T06:59:07.677923+00:00,20260823T064006,joint:equivariant-qnn:22:b583d3730573c40b,ok,,equivariant-qnn,22,8,float64,42,32,2,32,2,2,1.0,rotation,rotation,22,22,compact:L1R0W0-L1R0W0-L1R0W0-L1R0W0-L1R0W0-L1R0W0-L1R0W0-L1R0W0-L1R0W0-L1R0W0-L1R0W0-L1R0W0-L1R0W0-L1R0W0-L1R0W0-L1R0W0-L1R0W0-L1R0W0-L1R0W0-L1R0W0-L1R0W0-L1R0W0,compact:L1R0W0-L1R0W0-L1R0W0-L1R0W0-L1R0W0-L1R0W0-L1R0W0-L1R0W0-L1R0W0-L1R0W0-L1R0W0-L1R0W0-L1R0W0-L1R0W0-L1R0W0-L1R0W0-L1R0W0-L1R0W0-L1R0W0-L1R0W0-L1R0W0-L1R0W0,,,not_applicable,optimized,3,3,3,142.996189,142.98977566666665,142.97489,142.998248,0.010559266841131927,34.83956833333333,0.38789033333333334,107.762317,,,custom:libsad_search_6e9ecc13ac7654.so,/home/rzzhang/sad_merged/sad/build/libsad_search_6e9ecc13ac7654.so
2026-08-23T06:59:08.559819+00:00,20260823T064006,joint:equivariant-qnn:22:b5c9113171bd6593,ok,,equivariant-qnn,22,8,float64,42,32,2,32,2,2,0.0,rotation,rotation,4,4,compact:L5R1W0-L5R1W0-L5R0W0-L5R0W0,compact:L5R1W0-L5R1W0-L5R0W0-L5R0W0,,,not_applicable,optimized,3,3,3,55.15582299999999,54.962547666666666,54.572070000000004,55.15975000000001,0.276114060316061,16.81139666666667,0.4046496666666667,37.74650133333333,,,custom:libsad_search_6e9ecc13ac7654.so,/home/rzzhang/sad_merged/sad/build/libsad_search_6e9ecc13ac7654.so
2026-08-23T06:59:08.907402+00:00,20260823T064006,joint:equivariant-qnn:8:ec8227b0289d9700,ok,,equivariant-qnn,8,8,float64,42,32,2,128,2,2,0.75,rotation,rotation,6,6,compact:L2R0W0-L2R0W0-L1R0W0-L1R0W0-L1R0W0-L1R0W0,compact:L2R0W0-L2R0W0-L1R0W0-L1R0W0-L1R0W0-L1R0W0,,,not_applicable,optimized,20,3,20,0.9635684999999999,0.96376595,0.962643,0.965526,0.0005811885644951951,0.37051369999999995,0.015453900000000001,0.57779835,,,custom:libsad_search_57309a924b2f38.so,/home/rzzhang/sad_merged/sad/build/libsad_search_57309a924b2f38.so
2026-08-23T06:59:08.939294+00:00,20260823T064006,joint:equivariant-qnn:18:fb5a9295041f2606,ok,,equivariant-qnn,18,8,float64,42,64,2,64,2,1,1.0,rotation,rotation,18,18,compact:L1R0W0-L1R0W0-L1R0W0-L1R0W0-L1R0W0-L1R0W0-L1R0W0-L1R0W0-L1R0W0-L1R0W0-L1R0W0-L1R0W0-L1R0W0-L1R0W0-L1R0W0-L1R0W0-L1R0W0-L1R0W0,compact:L1R0W0-L1R0W0-L1R0W0-L1R0W0-L1R0W0-L1R0W0-L1R0W0-L1R0W0-L1R0W0-L1R0W0-L1R0W0-L1R0W0-L1R0W0-L1R0W0-L1R0W0-L1R0W0-L1R0W0-L1R0W0,,,not_applicable,optimized,5,3,5,7.140563,7.1410672,7.138413,7.1443959999999995,0.0019512765462638257,3.3525588,0.0316924,3.7568160000000006,,,custom:libsad_search_d69133c4e36ad5.so,/home/rzzhang/sad_merged/sad/build/libsad_search_d69133c4e36ad5.so
2026-08-23T06:59:09.006444+00:00,20260823T064006,joint:equivariant-qnn:22:8da5dc4f683ca521,ok,,equivariant-qnn,22,8,float64,42,128,2,32,2,1,0.0,rotation,rotation,3,4,compact:L5R2W1-L5R2W0-L5R2W0,compact:L5R1W0-L5R1W0-L5R0W0-L5R0W0,,,not_applicable,optimized,3,3,3,53.091226000000006,52.20485033333333,50.427972000000004,53.095353,1.2564438484957812,13.900164,0.4041133333333334,37.900573,,,custom:libsad_search_78523faf565e9a.so,/home/rzzhang/sad_merged/sad/build/libsad_search_78523faf565e9a.so
2026-08-23T06:59:09.340817+00:00,20260823T064006,joint:equivariant-qnn:26:2110172a0af5f3c7,ok,,equivariant-qnn,26,8,float64,42,32,2,32,2,2,0.5,rotation,rotation,15,15,compact:L2R0W0-L2R0W0-L2R0W0-L2R0W0-L2R0W0-L2R0W0-L2R0W0-L2R0W0-L2R0W0-L2R0W0-L2R0W0-L1R0W0-L1R0W0-L1R0W0-L1R0W0,compact:L2R0W0-L2R0W0-L2R0W0-L2R0W0-L2R0W0-L2R0W0-L2R0W0-L2R0W0-L2R0W0-L2R0W0-L2R0W0-L1R0W0-L1R0W0-L1R0W0-L1R0W0,,,not_applicable,optimized,2,3,2,1811.416066,1811.416066,1811.347358,1811.484774,0.06870800000001509,610.026068,11.477718000000001,1189.91228,,,custom:libsad_search_6e9ecc13ac7654.so,/home/rzzhang/sad_merged/sad/build/libsad_search_6e9ecc13ac7654.so
2026-08-23T06:59:18.423782+00:00,20260823T064006,joint:equivariant-qnn:8:13b325147e9121fb,ok,,equivariant-qnn,8,8,float64,42,128,2,32,2,2,0.5,rotation,rotation,4,5,compact:L2R0W0-L2R0W0-L2R0W0-L2R0W0,compact:L2R0W0-L2R0W0-L2R0W0-L1R0W0-L1R0W0,,,not_applicable,optimized,20,3,20,0.746353,0.7485686,0.745318,0.754666,0.0035646867520161877,0.34410365000000004,0.015504900000000002,0.38896005,,,custom:libsad_search_e09d5834859473.so,/home/rzzhang/sad_merged/sad/build/libsad_search_e09d5834859473.so
2026-08-23T06:59:18.455957+00:00,20260823T064006,joint:equivariant-qnn:12:1bb913c772b33f73,ok,,equivariant-qnn,12,8,float64,42,128,2,32,2,1,0.75,rotation,rotation,10,10,compact:L2R0W0-L2R0W0-L1R0W0-L1R0W0-L1R0W0-L1R0W0-L1R0W0-L1R0W0-L1R0W0-L1R0W0,compact:L2R0W0-L2R0W0-L1R0W0-L1R0W0-L1R0W0-L1R0W0-L1R0W0-L1R0W0-L1R0W0-L1R0W0,,,not_applicable,optimized,10,3,10,1.717265,1.7181495999999998,1.716165,1.7213509999999999,0.0018573367599872095,0.9070656999999999,0.0154218,0.7956621,,,custom:libsad_search_78523faf565e9a.so,/home/rzzhang/sad_merged/sad/build/libsad_search_78523faf565e9a.so
2026-08-23T06:59:18.489990+00:00,20260823T064006,joint:equivariant-qnn:16:78403ffc59f8e2e0,ok,,equivariant-qnn,16,8,float64,42,64,2,64,2,2,1.0,rotation,rotation,16,16,compact:L1R0W0-L1R0W0-L1R0W0-L1R0W0-L1R0W0-L1R0W0-L1R0W0-L1R0W0-L1R0W0-L1R0W0-L1R0W0-L1R0W0-L1R0W0-L1R0W0-L1R0W0-L1R0W0,compact:L1R0W0-L1R0W0-L1R0W0-L1R0W0-L1R0W0-L1R0W0-L1R0W0-L1R0W0-L1R0W0-L1R0W0-L1R0W0-L1R0W0-L1R0W0-L1R0W0-L1R0W0-L1R0W0,,,not_applicable,optimized,5,3,5,3.4898810000000005,3.4912366000000006,3.4897050000000003,3.493846,0.001787541171553702,1.650584,0.015630400000000003,1.8250222,,,custom:libsad_search_ae5663d41dfb3d.so,/home/rzzhang/sad_merged/sad/build/libsad_search_ae5663d41dfb3d.so
2026-08-23T06:59:18.527823+00:00,20260823T064006,joint:equivariant-qnn:10:b13f1078be5ac2a8,ok,,equivariant-qnn,10,8,float64,42,32,2,128,2,1,0.75,rotation,rotation,8,8,compact:L2R0W0-L2R0W0-L1R0W0-L1R0W0-L1R0W0-L1R0W0-L1R0W0-L1R0W0,compact:L2R0W0-L2R0W0-L1R0W0-L1R0W0-L1R0W0-L1R0W0-L1R0W0-L1R0W0,,,not_applicable,optimized,10,3,10,1.349263,1.35148,1.3485519999999998,1.3567609999999999,0.003294861514540477,0.5229126,0.015324100000000002,0.8132432999999999,,,custom:libsad_search_44993f541f55e5.so,/home/rzzhang/sad_merged/sad/build/libsad_search_44993f541f55e5.so
2026-08-23T06:59:18.554803+00:00,20260823T064006,joint:equivariant-qnn:26:e1bee7519d447d1a,ok,,equivariant-qnn,26,8,float64,42,32,2,32,2,2,0.0,rotation,rotation,4,4,compact:L5R2W0-L5R2W0-L5R1W0-L5R1W0,compact:L5R2W0-L5R2W0-L5R1W0-L5R1W0,,,not_applicable,optimized,2,3,2,906.4060569999999,906.4060569999999,906.395499,906.416615,0.010558000000003176,249.3089785,11.558845,645.5382334999999,,,custom:libsad_search_6e9ecc13ac7654.so,/home/rzzhang/sad_merged/sad/build/libsad_search_6e9ecc13ac7654.so
2026-08-23T06:59:23.121357+00:00,20260823T064006,joint:equivariant-qnn:6:418bd3e929bce5e0,ok,,equivariant-qnn,6,8,float64,42,32,2,128,2,2,0.25,rotation,rotation,2,2,compact:L3R0W0-L3R0W0,compact:L3R0W0-L3R0W0,,,not_applicable,optimized,20,3,20,0.435168,0.43542509999999995,0.43505699999999997,0.436321,0.0004738341376473385,0.1321269,0.015512849999999998,0.28778535000000005,,,custom:libsad_search_57309a924b2f38.so,/home/rzzhang/sad_merged/sad/build/libsad_search_57309a924b2f38.so
2026-08-23T06:59:23.145959+00:00,20260823T064006,joint:equivariant-qnn:18:b8dfcaad5a5105e2,ok,,equivariant-qnn,18,8,float64,42,32,2,128,2,1,0.5,rotation,rotation,10,10,compact:L2R0W0-L2R0W0-L2R0W0-L2R0W0-L2R0W0-L2R0W0-L2R0W0-L2R0W0-L1R0W0-L1R0W0,compact:L2R0W0-L2R0W0-L2R0W0-L2R0W0-L2R0W0-L2R0W0-L2R0W0-L2R0W0-L1R0W0-L1R0W0,,,not_applicable,optimized,5,3,5,5.173401,5.1751348,5.17231,5.182468,0.0037197877036195754,2.1277513999999997,0.031835,3.0155484,,,custom:libsad_search_44993f541f55e5.so,/home/rzzhang/sad_merged/sad/build/libsad_search_44993f541f55e5.so
2026-08-23T06:59:23.204649+00:00,20260823T064006,joint:equivariant-qnn:8:4ad80e9d20fd0655,ok,,equivariant-qnn,8,8,float64,42,128,2,32,2,1,0.25,rotation,rotation,3,4,compact:L3R0W0-L3R0W0-L2R0W0,compact:L2R0W0-L2R0W0-L2R0W0-L2R0W0,,,not_applicable,optimized,20,3,20,0.6317904999999999,0.63188475,0.630745,0.633755,0.0005534431203836475,0.27753165,0.01547165,0.33888145000000003,,,custom:libsad_search_78523faf565e9a.so,/home/rzzhang/sad_merged/sad/build/libsad_search_78523faf565e9a.so
2026-08-23T06:59:23.228741+00:00,20260823T064006,joint:equivariant-qnn:24:2c39a167ade0201e,ok,,equivariant-qnn,24,8,float64,42,64,2,64,2,2,0.0,rotation,rotation,3,3,compact:L5R2W1-L5R2W1-L5R2W1,compact:L5R2W1-L5R2W1-L5R2W1,,,not_applicable,optimized,3,3,3,215.06081999999998,215.06608100000003,215.052253,215.08517,0.01394371574103326,57.762028333333326,1.7391339999999997,155.56491866666667,,,custom:libsad_search_ae5663d41dfb3d.so,/home/rzzhang/sad_merged/sad/build/libsad_search_ae5663d41dfb3d.so
2026-08-23T06:59:24.554798+00:00,20260823T064006,joint:equivariant-qnn:4:5e2aae7e62f046da,ok,,equivariant-qnn,4,8,float64,42,32,2,32,2,2,1.0,rotation,rotation,4,4,compact:L1R0W0-L1R0W0-L1R0W0-L1R0W0,compact:L1R0W0-L1R0W0-L1R0W0-L1R0W0,,,not_applicable,optimized,20,3,20,0.44748299999999996,0.44770864999999993,0.44521999999999995,0.449532,0.0008961887789411436,0.19964520000000002,0.015398100000000001,0.23266535,,,custom:libsad_search_6e9ecc13ac7654.so,/home/rzzhang/sad_merged/sad/build/libsad_search_6e9ecc13ac7654.so
2026-08-23T06:59:24.575021+00:00,20260823T064006,joint:equivariant-qnn:16:891fb8a79e91d7fc,ok,,equivariant-qnn,16,8,float64,42,128,2,128,2,2,0.5,rotation,rotation,9,9,compact:L2R0W0-L2R0W0-L2R0W0-L2R0W0-L2R0W0-L2R0W0-L2R0W0-L1R0W0-L1R0W0,compact:L2R0W0-L2R0W0-L2R0W0-L2R0W0-L2R0W0-L2R0W0-L2R0W0-L1R0W0-L1R0W0,,,not_applicable,optimized,5,3,5,2.425863,2.4278991999999997,2.425837,2.433884,0.00311220438917493,1.0565778,0.015461800000000001,1.3558595999999998,,,custom:libsad_search_fad73079be189a.so,/home/rzzhang/sad_merged/sad/build/libsad_search_fad73079be189a.so
2026-08-23T06:59:24.604441+00:00,20260823T064006,joint:equivariant-qnn:8:0c2e4b9b942442b1,ok,,equivariant-qnn,8,8,float64,42,32,2,128,2,1,1.0,rotation,rotation,8,8,compact:L1R0W0-L1R0W0-L1R0W0-L1R0W0-L1R0W0-L1R0W0-L1R0W0-L1R0W0,compact:L1R0W0-L1R0W0-L1R0W0-L1R0W0-L1R0W0-L1R0W0-L1R0W0-L1R0W0,,,not_applicable,optimized,20,3,20,1.1723565000000002,1.17196105,1.1704020000000002,1.172649,0.0006314745026523236,0.47729130000000003,0.0152924,0.67937735,,,custom:libsad_search_44993f541f55e5.so,/home/rzzhang/sad_merged/sad/build/libsad_search_44993f541f55e5.so
2026-08-23T06:59:24.642141+00:00,20260823T064006,joint:equivariant-qnn:4:c97a7272deaa9cf6,ok,,equivariant-qnn,4,8,float64,42,128,2,32,2,2,0.5,rotation,rotation,2,2,compact:L2R0W0-L2R0W0,compact:L2R0W0-L2R0W0,,,not_applicable,optimized,20,3,20,0.325701,0.32654535,0.32251399999999997,0.332626,0.0022535402431507665,0.15397570000000002,0.0131586,0.15941105,,,custom:libsad_search_e09d5834859473.so,/home/rzzhang/sad_merged/sad/build/libsad_search_e09d5834859473.so
2026-08-23T06:59:24.659981+00:00,20260823T064006,joint:equivariant-qnn:18:da42ea0cad4278b7,ok,,equivariant-qnn,18,8,float64,42,64,2,64,2,1,0.25,rotation,rotation,7,7,compact:L3R0W0-L3R0W0-L3R0W0-L3R0W0-L2R0W0-L2R0W0-L2R0W0,compact:L3R0W0-L3R0W0-L3R0W0-L3R0W0-L2R0W0-L2R0W0-L2R0W0,,,not_applicable,optimized,5,3,5,4.6531,4.65212,4.6461239999999995,4.654197000000001,0.0030368509347681615,1.8438530000000002,0.032114199999999996,2.7761527999999998,,,custom:libsad_search_d69133c4e36ad5.so,/home/rzzhang/sad_merged/sad/build/libsad_search_d69133c4e36ad5.so
2026-08-23T06:59:24.706635+00:00,20260823T064006,joint:equivariant-qnn:26:72d7384d5e28000f,ok,,equivariant-qnn,26,8,float64,42,64,2,64,2,1,0.5,rotation,rotation,15,15,compact:L2R0W0-L2R0W0-L2R0W0-L2R0W0-L2R0W0-L2R0W0-L2R0W0-L2R0W0-L2R0W0-L2R0W0-L2R0W0-L1R0W0-L1R0W0-L1R0W0-L1R0W0,compact:L2R0W0-L2R0W0-L2R0W0-L2R0W0-L2R0W0-L2R0W0-L2R0W0-L2R0W0-L2R0W0-L2R0W0-L2R0W0-L1R0W0-L1R0W0-L1R0W0-L1R0W0,,,not_applicable,optimized,2,3,2,1813.4774805,1813.4774805,1812.9651450000001,1813.9898159999998,0.5123354999998355,612.544325,11.448561,1189.4845945000002,,,custom:libsad_search_d69133c4e36ad5.so,/home/rzzhang/sad_merged/sad/build/libsad_search_d69133c4e36ad5.so
2026-08-23T06:59:33.800787+00:00,20260823T064006,joint:equivariant-qnn:18:09101833f15ab95a,ok,,equivariant-qnn,18,8,float64,42,64,2,64,2,2,1.0,rotation,rotation,18,18,compact:L1R0W0-L1R0W0-L1R0W0-L1R0W0-L1R0W0-L1R0W0-L1R0W0-L1R0W0-L1R0W0-L1R0W0-L1R0W0-L1R0W0-L1R0W0-L1R0W0-L1R0W0-L1R0W0-L1R0W0-L1R0W0,compact:L1R0W0-L1R0W0-L1R0W0-L1R0W0-L1R0W0-L1R0W0-L1R0W0-L1R0W0-L1R0W0-L1R0W0-L1R0W0-L1R0W0-L1R0W0-L1R0W0-L1R0W0-L1R0W0-L1R0W0-L1R0W0,,,not_applicable,optimized,5,3,5,7.0697540000000005,7.072407,7.065678,7.078834,0.005151562326129855,3.362223,0.032335600000000006,3.6778484000000002,,,custom:libsad_search_ae5663d41dfb3d.so,/home/rzzhang/sad_merged/sad/build/libsad_search_ae5663d41dfb3d.so
2026-08-23T06:59:33.875833+00:00,20260823T064006,joint:equivariant-qnn:22:c7a5c983a665476e,ok,,equivariant-qnn,22,8,float64,42,64,2,64,2,2,0.0,rotation,rotation,3,3,compact:L5R2W1-L5R2W0-L5R2W0,compact:L5R2W1-L5R2W0-L5R2W0,,,not_applicable,optimized,3,3,3,49.988513999999995,49.98782966666666,49.985350999999994,49.989624,0.0018103160558942042,13.085627,0.3849866666666667,36.517216,,,custom:libsad_search_ae5663d41dfb3d.so,/home/rzzhang/sad_merged/sad/build/libsad_search_ae5663d41dfb3d.so
2026-08-23T06:59:34.198096+00:00,20260823T064006,joint:equivariant-qnn:24:833f2c5644712e9e,ok,,equivariant-qnn,24,8,float64,42,128,2,128,2,2,0.25,rotation,rotation,8,8,compact:L3R0W0-L3R0W0-L3R0W0-L3R0W0-L3R0W0-L3R0W0-L3R0W0-L3R0W0,compact:L3R0W0-L3R0W0-L3R0W0-L3R0W0-L3R0W0-L3R0W0-L3R0W0-L3R0W0,,,not_applicable,optimized,3,3,3,255.394577,255.394499,255.381087,255.40783300000004,0.01091914807422923,87.69139399999999,1.7424036666666665,165.96070133333333,,,custom:libsad_search_fad73079be189a.so,/home/rzzhang/sad_merged/sad/build/libsad_search_fad73079be189a.so
2026-08-23T06:59:35.761017+00:00,20260823T064006,joint:equivariant-qnn:18:f81fcf0c827f0dc3,ok,,equivariant-qnn,18,8,float64,42,128,2,32,2,1,0.0,legacy,legacy,0,0,,,,,not_applicable,legacy-generic,5,3,5,3.206156,3.2063636000000004,3.2059789999999997,3.207293,0.0004773885629128719,0.9408082,0.032111,2.2334444,,,custom:libsad_search_e3460e95b2f927.so,/home/rzzhang/sad_merged/sad/build/libsad_search_e3460e95b2f927.so
2026-08-23T06:59:35.797208+00:00,20260823T064006,joint:equivariant-qnn:8:57a6f5c5abf60109,ok,,equivariant-qnn,8,8,float64,42,128,2,128,2,2,0.75,rotation,rotation,6,6,compact:L2R0W0-L2R0W0-L1R0W0-L1R0W0-L1R0W0-L1R0W0,compact:L2R0W0-L2R0W0-L1R0W0-L1R0W0-L1R0W0-L1R0W0,,,not_applicable,optimized,20,3,20,1.0690285,1.06857045,1.063129,1.070938,0.0014779409147526942,0.4759384,0.015302299999999998,0.57732975,,,custom:libsad_search_fad73079be189a.so,/home/rzzhang/sad_merged/sad/build/libsad_search_fad73079be189a.so
2026-08-23T06:59:35.831843+00:00,20260823T064006,joint:equivariant-qnn:10:db51f74692ad5eee,ok,,equivariant-qnn,10,8,float64,42,32,2,32,2,1,0.0,legacy,legacy,0,0,,,,,not_applicable,legacy-generic,10,3,10,0.4679165,0.4678495,0.466925,0.46812,0.00032189913016347316,0.1728669,0.015431000000000002,0.2795516,,,custom:libsad_search_cadde23b7a4b57.so,/home/rzzhang/sad_merged/sad/build/libsad_search_cadde23b7a4b57.so
2026-08-23T06:59:35.847885+00:00,20260823T064006,joint:equivariant-qnn:22:abe33600015a27a0,ok,,equivariant-qnn,22,8,float64,42,64,2,64,2,1,0.25,rotation,rotation,8,8,compact:L3R0W0-L3R0W0-L3R0W0-L3R0W0-L3R0W0-L3R0W0-L2R0W0-L2R0W0,compact:L3R0W0-L3R0W0-L3R0W0-L3R0W0-L3R0W0-L3R0W0-L2R0W0-L2R0W0,,,not_applicable,optimized,3,3,3,63.780035999999996,64.256486,63.76259199999999,65.22682999999999,0.6861737787839653,21.611448666666668,0.39807233333333336,42.246964999999996,,,custom:libsad_search_d69133c4e36ad5.so,/home/rzzhang/sad_merged/sad/build/libsad_search_d69133c4e36ad5.so
2026-08-23T06:59:36.260610+00:00,20260823T064006,joint:equivariant-qnn:20:a0c25f3176e7b5de,ok,,equivariant-qnn,20,8,float64,42,128,2,128,2,1,0.0,rotation,rotation,3,3,compact:L5R2W0-L5R2W0-L5R1W0,compact:L5R2W0-L5R2W0-L5R1W0,,,not_applicable,optimized,5,3,5,12.904558,12.904439400000001,12.903632,12.905705,0.0007561871725967675,3.5682900000000006,0.09744459999999999,9.2387048,,,custom:libsad_search_726ce3dd431232.so,/home/rzzhang/sad_merged/sad/build/libsad_search_726ce3dd431232.so
2026-08-23T06:59:36.375886+00:00,20260823T064006,joint:equivariant-qnn:8:edd0022782d2b9fd,ok,,equivariant-qnn,8,8,float64,42,128,2,128,2,1,0.0,rotation,rotation,1,1,compact:L5R2W1,compact:L5R2W1,,,not_applicable,optimized,20,3,20,0.47803399999999996,0.4776074,0.47617299999999996,0.479281,0.0008472407214009508,0.1388222,0.015502150000000003,0.32328305,,,custom:libsad_search_726ce3dd431232.so,/home/rzzhang/sad_merged/sad/build/libsad_search_726ce3dd431232.so
2026-08-23T06:59:36.396682+00:00,20260823T064006,joint:equivariant-qnn:8:2e281f7e47649f6b,ok,,equivariant-qnn,8,8,float64,42,128,2,32,2,1,0.0,legacy,legacy,0,0,,,,,not_applicable,legacy-generic,20,3,20,0.40445600000000004,0.40486560000000005,0.40331199999999995,0.40759900000000004,0.0010165419519134599,0.14244355000000003,0.01536675,0.24705529999999998,,,custom:libsad_search_e3460e95b2f927.so,/home/rzzhang/sad_merged/sad/build/libsad_search_e3460e95b2f927.so
2026-08-23T06:59:36.415938+00:00,20260823T064006,joint:equivariant-qnn:28:11a49d23de7c73b3,ok,,equivariant-qnn,28,8,float64,42,128,2,32,2,1,0.5,rotation,rotation,16,16,compact:L2R0W0-L2R0W0-L2R0W0-L2R0W0-L2R0W0-L2R0W0-L2R0W0-L2R0W0-L2R0W0-L2R0W0-L2R0W0-L2R0W0-L1R0W0-L1R0W0-L1R0W0-L1R0W0,compact:L2R0W0-L2R0W0-L2R0W0-L2R0W0-L2R0W0-L2R0W0-L2R0W0-L2R0W0-L2R0W0-L2R0W0-L2R0W0-L2R0W0-L1R0W0-L1R0W0-L1R0W0-L1R0W0,,,not_applicable,optimized,2,3,2,7734.735805,7734.735805,7734.1016039999995,7735.370006,0.6342010000003029,2594.6740334999995,83.4274175,5056.634354,,,custom:libsad_search_78523faf565e9a.so,/home/rzzhang/sad_merged/sad/build/libsad_search_78523faf565e9a.so
2026-08-23T07:00:15.107306+00:00,20260823T064006,joint:equivariant-qnn:18:09b301b9acd83a43,ok,,equivariant-qnn,18,8,float64,42,128,2,128,2,1,0.25,rotation,rotation,6,6,compact:L3R0W0-L3R0W0-L3R0W0-L3R0W0-L3R0W0-L3R0W0,compact:L3R0W0-L3R0W0-L3R0W0-L3R0W0-L3R0W0-L3R0W0,,,not_applicable,optimized,5,3,5,4.291714000000001,4.2916229999999995,4.29056,4.292726,0.0006963246369330837,1.6258531999999999,0.031758999999999996,2.6340108000000004,,,custom:libsad_search_726ce3dd431232.so,/home/rzzhang/sad_merged/sad/build/libsad_search_726ce3dd431232.so
2026-08-23T07:00:15.171142+00:00,20260823T064006,joint:equivariant-qnn:16:db764876d0be8974,ok,,equivariant-qnn,16,8,float64,42,128,2,128,2,2,0.25,rotation,rotation,6,6,compact:L3R0W0-L3R0W0-L3R0W0-L3R0W0-L2R0W0-L2R0W0,compact:L3R0W0-L3R0W0-L3R0W0-L3R0W0-L2R0W0-L2R0W0,,,not_applicable,optimized,5,3,5,1.87806,1.8783851999999999,1.877835,1.879061,0.0005459122273772548,0.7699116,0.0154334,1.0930402,,,custom:libsad_search_fad73079be189a.so,/home/rzzhang/sad_merged/sad/build/libsad_search_fad73079be189a.so
2026-08-23T07:00:15.206138+00:00,20260823T064006,joint:equivariant-qnn:20:b4ee6ff425b55f58,ok,,equivariant-qnn,20,8,float64,42,128,2,128,2,1,0.75,rotation,rotation,16,16,compact:L2R0W0-L2R0W0-L2R0W0-L2R0W0-L1R0W0-L1R0W0-L1R0W0-L1R0W0-L1R0W0-L1R0W0-L1R0W0-L1R0W0-L1R0W0-L1R0W0-L1R0W0-L1R0W0,compact:L2R0W0-L2R0W0-L2R0W0-L2R0W0-L1R0W0-L1R0W0-L1R0W0-L1R0W0-L1R0W0-L1R0W0-L1R0W0-L1R0W0-L1R0W0-L1R0W0-L1R0W0-L1R0W0,,,not_applicable,optimized,5,3,5,19.167585000000003,19.1695858,19.165399,19.179872,0.005248308123575968,8.2624372,0.09754260000000001,10.809605999999999,,,custom:libsad_search_726ce3dd431232.so,/home/rzzhang/sad_merged/sad/build/libsad_search_726ce3dd431232.so
2026-08-23T07:00:15.385238+00:00,20260823T064006,joint:equivariant-qnn:10:f6ebe055f73aa00b,ok,,equivariant-qnn,10,8,float64,42,32,2,32,2,2,0.25,rotation,rotation,4,4,compact:L3R0W0-L3R0W0-L2R0W0-L2R0W0,compact:L3R0W0-L3R0W0-L2R0W0-L2R0W0,,,not_applicable,optimized,10,3,10,0.7023765,0.7023507,0.70132,0.703561,0.0007484264893761934,0.2912804,0.0153762,0.3956941,,,custom:libsad_search_6e9ecc13ac7654.so,/home/rzzhang/sad_merged/sad/build/libsad_search_6e9ecc13ac7654.so
2026-08-23T07:00:15.404620+00:00,20260823T064006,joint:equivariant-qnn:10:f97618e459cb38d3,ok,,equivariant-qnn,10,8,float64,42,32,2,128,2,2,1.0,rotation,rotation,10,10,compact:L1R0W0-L1R0W0-L1R0W0-L1R0W0-L1R0W0-L1R0W0-L1R0W0-L1R0W0-L1R0W0-L1R0W0,compact:L1R0W0-L1R0W0-L1R0W0-L1R0W0-L1R0W0-L1R0W0-L1R0W0-L1R0W0-L1R0W0-L1R0W0,,,not_applicable,optimized,10,3,10,1.587193,1.5873929,1.586084,1.589278,0.0009304402667554864,0.639081,0.015229699999999999,0.9330822000000001,,,custom:libsad_search_57309a924b2f38.so,/home/rzzhang/sad_merged/sad/build/libsad_search_57309a924b2f38.so
2026-08-23T07:00:15.435400+00:00,20260823T064006,joint:equivariant-qnn:26:3ba055403ba645a2,ok,,equivariant-qnn,26,8,float64,42,128,2,32,2,1,0.0,legacy,legacy,0,0,,,,,not_applicable,legacy-generic,2,3,2,912.32737,912.32737,912.0826310000001,912.572109,0.24473899999992454,251.6332705,11.499024,649.1950755,,,custom:libsad_search_e3460e95b2f927.so,/home/rzzhang/sad_merged/sad/build/libsad_search_e3460e95b2f927.so
2026-08-23T07:00:20.035170+00:00,20260823T064006,joint:equivariant-qnn:14:90076eb646270899,ok,,equivariant-qnn,14,8,float64,42,128,2,128,2,2,0.75,rotation,rotation,11,11,compact:L2R0W0-L2R0W0-L2R0W0-L1R0W0-L1R0W0-L1R0W0-L1R0W0-L1R0W0-L1R0W0-L1R0W0-L1R0W0,compact:L2R0W0-L2R0W0-L2R0W0-L1R0W0-L1R0W0-L1R0W0-L1R0W0-L1R0W0-L1R0W0-L1R0W0-L1R0W0,,,not_applicable,optimized,10,3,10,2.3864425000000002,2.3874524,2.384888,2.39322,0.0028891250647903296,1.0886303999999998,0.015556099999999998,1.2832659,,,custom:libsad_search_fad73079be189a.so,/home/rzzhang/sad_merged/sad/build/libsad_search_fad73079be189a.so
2026-08-23T07:00:20.081770+00:00,20260823T064006,joint:equivariant-qnn:24:d7caa2d41986d04f,ok,,equivariant-qnn,24,8,float64,42,32,2,32,2,1,0.75,rotation,rotation,19,19,compact:L2R0W0-L2R0W0-L2R0W0-L2R0W0-L2R0W0-L1R0W0-L1R0W0-L1R0W0-L1R0W0-L1R0W0-L1R0W0-L1R0W0-L1R0W0-L1R0W0-L1R0W0-L1R0W0-L1R0W0-L1R0W0-L1R0W0,compact:L2R0W0-L2R0W0-L2R0W0-L2R0W0-L2R0W0-L1R0W0-L1R0W0-L1R0W0-L1R0W0-L1R0W0-L1R0W0-L1R0W0-L1R0W0-L1R0W0-L1R0W0-L1R0W0-L1R0W0-L1R0W0-L1R0W0,,,not_applicable,optimized,3,3,3,566.3144410000001,566.3129873333334,566.3001469999999,566.324374,0.00994390072137497,191.37249333333332,1.7374183333333333,373.2030756666667,,,custom:libsad_search_e1d9f2a2400c61.so,/home/rzzhang/sad_merged/sad/build/libsad_search_e1d9f2a2400c61.so
2026-08-23T07:00:23.506627+00:00,20260823T064006,joint:equivariant-qnn:8:2422cde1eeeda1a1,ok,,equivariant-qnn,8,8,float64,42,32,2,32,2,1,0.75,rotation,rotation,6,6,compact:L2R0W0-L2R0W0-L1R0W0-L1R0W0-L1R0W0-L1R0W0,compact:L2R0W0-L2R0W0-L1R0W0-L1R0W0-L1R0W0-L1R0W0,,,not_applicable,optimized,20,3,20,0.825299,0.82460375,0.818201,0.8274199999999999,0.0026408576613479134,0.3705812,0.01542305,0.43859950000000003,,,custom:libsad_search_e1d9f2a2400c61.so,/home/rzzhang/sad_merged/sad/build/libsad_search_e1d9f2a2400c61.so
2026-08-23T07:00:23.536149+00:00,20260823T064006,joint:equivariant-qnn:28:d1e42bcb7b627148,ok,,equivariant-qnn,28,8,float64,42,32,2,32,2,1,0.25,rotation,rotation,10,10,compact:L3R0W0-L3R0W0-L3R0W0-L3R0W0-L3R0W0-L3R0W0-L3R0W0-L3R0W0-L2R0W0-L2R0W0,compact:L3R0W0-L3R0W0-L3R0W0-L3R0W0-L3R0W0-L3R0W0-L3R0W0-L3R0W0-L2R0W0-L2R0W0,,,not_applicable,optimized,2,3,2,5007.7551475,5007.7551475,5007.377718,5008.132576999999,0.37742949999983466,1691.1166034999999,83.67850849999999,3232.9600355000002,,,custom:libsad_search_e1d9f2a2400c61.so,/home/rzzhang/sad_merged/sad/build/libsad_search_e1d9f2a2400c61.so
2026-08-23T07:00:48.603524+00:00,20260823T064006,joint:equivariant-qnn:10:ef6e335982344077,ok,,equivariant-qnn,10,8,float64,42,64,2,64,2,1,0.5,rotation,rotation,6,6,compact:L2R0W0-L2R0W0-L2R0W0-L2R0W0-L1R0W0-L1R0W0,compact:L2R0W0-L2R0W0-L2R0W0-L2R0W0-L1R0W0-L1R0W0,,,not_applicable,optimized,10,3,10,1.0105365000000002,1.010345,1.008569,1.011704,0.0009044501091823783,0.44104269999999995,0.0156105,0.5536918,,,custom:libsad_search_d69133c4e36ad5.so,/home/rzzhang/sad_merged/sad/build/libsad_search_d69133c4e36ad5.so
2026-08-23T07:00:48.632418+00:00,20260823T064006,joint:equivariant-qnn:22:19406e37211912cc,ok,,equivariant-qnn,22,8,float64,42,128,2,128,2,2,1.0,rotation,rotation,22,22,compact:L1R0W0-L1R0W0-L1R0W0-L1R0W0-L1R0W0-L1R0W0-L1R0W0-L1R0W0-L1R0W0-L1R0W0-L1R0W0-L1R0W0-L1R0W0-L1R0W0-L1R0W0-L1R0W0-L1R0W0-L1R0W0-L1R0W0-L1R0W0-L1R0W0-L1R0W0,compact:L1R0W0-L1R0W0-L1R0W0-L1R0W0-L1R0W0-L1R0W0-L1R0W0-L1R0W0-L1R0W0-L1R0W0-L1R0W0-L1R0W0-L1R0W0-L1R0W0-L1R0W0-L1R0W0-L1R0W0-L1R0W0-L1R0W0-L1R0W0-L1R0W0-L1R0W0,,,not_applicable,optimized,3,3,3,143.80604800000003,143.80735533333333,143.804096,143.811922,0.0033259995323088286,35.168273,0.39015466666666665,108.24892766666667,,,custom:libsad_search_fad73079be189a.so,/home/rzzhang/sad_merged/sad/build/libsad_search_fad73079be189a.so
2026-08-23T07:00:49.536881+00:00,20260823T064006,joint:equivariant-qnn:6:4f19c1829235062d,ok,,equivariant-qnn,6,8,float64,42,128,2,32,2,2,0.75,rotation,rotation,5,5,compact:L2R0W0-L1R0W0-L1R0W0-L1R0W0-L1R0W0,compact:L2R0W0-L1R0W0-L1R0W0-L1R0W0-L1R0W0,,,not_applicable,optimized,20,3,20,0.686002,0.6858536,0.684898,0.687126,0.0007651287734754264,0.35046965,0.0152575,0.32012645,,,custom:libsad_search_e09d5834859473.so,/home/rzzhang/sad_merged/sad/build/libsad_search_e09d5834859473.so
2026-08-23T07:00:49.563180+00:00,20260823T064006,joint:equivariant-qnn:8:a6a0c277158770e6,ok,,equivariant-qnn,8,8,float64,42,32,2,32,2,2,0.25,rotation,rotation,4,4,compact:L2R0W0-L2R0W0-L2R0W0-L2R0W0,compact:L2R0W0-L2R0W0-L2R0W0-L2R0W0,,,not_applicable,optimized,20,3,20,0.6246315,0.6230282,0.617123,0.6257199999999999,0.003160100039555721,0.26338300000000003,0.01522145,0.34442375,,,custom:libsad_search_6e9ecc13ac7654.so,/home/rzzhang/sad_merged/sad/build/libsad_search_6e9ecc13ac7654.so
2026-08-23T07:00:49.587535+00:00,20260823T064006,joint:equivariant-qnn:12:85a96efdf47e0367,ok,,equivariant-qnn,12,8,float64,42,128,2,128,2,1,0.0,rotation,rotation,2,2,compact:L5R1W0-L5R1W0,compact:L5R1W0-L5R1W0,,,not_applicable,optimized,10,3,10,0.8068145,0.8068757999999999,0.80598,0.807894,0.0005832374816487532,0.2658332,0.015489300000000001,0.5255533,,,custom:libsad_search_726ce3dd431232.so,/home/rzzhang/sad_merged/sad/build/libsad_search_726ce3dd431232.so
2026-08-23T07:00:49.608087+00:00,20260823T064006,joint:equivariant-qnn:24:f9193eaf26d08713,ok,,equivariant-qnn,24,8,float64,42,32,2,32,2,2,0.75,rotation,rotation,19,19,compact:L2R0W0-L2R0W0-L2R0W0-L2R0W0-L2R0W0-L1R0W0-L1R0W0-L1R0W0-L1R0W0-L1R0W0-L1R0W0-L1R0W0-L1R0W0-L1R0W0-L1R0W0-L1R0W0-L1R0W0-L1R0W0-L1R0W0,compact:L2R0W0-L2R0W0-L2R0W0-L2R0W0-L2R0W0-L1R0W0-L1R0W0-L1R0W0-L1R0W0-L1R0W0-L1R0W0-L1R0W0-L1R0W0-L1R0W0-L1R0W0-L1R0W0-L1R0W0-L1R0W0-L1R0W0,,,not_applicable,optimized,3,3,3,566.582284,566.6044036666667,566.566176,566.664751,0.04317574470567247,191.442541,1.7463219999999997,373.41554066666663,,,custom:libsad_search_6e9ecc13ac7654.so,/home/rzzhang/sad_merged/sad/build/libsad_search_6e9ecc13ac7654.so
2026-08-23T07:00:53.034562+00:00,20260823T064006,joint:equivariant-qnn:10:d73b47c7936e3190,ok,,equivariant-qnn,10,8,float64,42,32,2,128,2,1,0.0,rotation,rotation,2,2,compact:L5R0W0-L5R0W0,compact:L5R0W0-L5R0W0,,,not_applicable,optimized,10,3,10,0.6496975,0.649772,0.649051,0.651351,0.0006813901965834243,0.17402299999999998,0.0154484,0.46030059999999995,,,custom:libsad_search_44993f541f55e5.so,/home/rzzhang/sad_merged/sad/build/libsad_search_44993f541f55e5.so
2026-08-23T07:00:53.053882+00:00,20260823T064006,joint:equivariant-qnn:20:c286f86c842e567e,ok,,equivariant-qnn,20,8,float64,42,32,2,128,2,2,0.5,rotation,rotation,12,12,compact:L2R0W0-L2R0W0-L2R0W0-L2R0W0-L2R0W0-L2R0W0-L2R0W0-L2R0W0-L1R0W0-L1R0W0-L1R0W0-L1R0W0,compact:L2R0W0-L2R0W0-L2R0W0-L2R0W0-L2R0W0-L2R0W0-L2R0W0-L2R0W0-L1R0W0-L1R0W0-L1R0W0-L1R0W0,,,not_applicable,optimized,5,3,5,16.933926999999997,16.936170399999998,16.932085,16.941326999999998,0.003848558358658161,6.841685999999999,0.0977024,9.996782,,,custom:libsad_search_57309a924b2f38.so,/home/rzzhang/sad_merged/sad/build/libsad_search_57309a924b2f38.so
2026-08-23T07:00:53.210187+00:00,20260823T064006,joint:equivariant-qnn:26:affb861dd8e4a8c1,ok,,equivariant-qnn,26,8,float64,42,128,2,32,2,1,0.75,rotation,rotation,20,20,compact:L2R0W0-L2R0W0-L2R0W0-L2R0W0-L2R0W0-L2R0W0-L1R0W0-L1R0W0-L1R0W0-L1R0W0-L1R0W0-L1R0W0-L1R0W0-L1R0W0-L1R0W0-L1R0W0-L1R0W0-L1R0W0-L1R0W0-L1R0W0,compact:L2R0W0-L2R0W0-L2R0W0-L2R0W0-L2R0W0-L2R0W0-L1R0W0-L1R0W0-L1R0W0-L1R0W0-L1R0W0-L1R0W0-L1R0W0-L1R0W0-L1R0W0-L1R0W0-L1R0W0-L1R0W0-L1R0W0-L1R0W0,,,not_applicable,optimized,2,3,2,2375.601235,2375.601235,2374.820416,2376.382054,0.780819000000065,800.101132,11.535224,1563.964879,,,custom:libsad_search_78523faf565e9a.so,/home/rzzhang/sad_merged/sad/build/libsad_search_78523faf565e9a.so
2026-08-23T07:01:05.117361+00:00,20260823T064006,joint:equivariant-qnn:8:3f41705ca283f618,ok,,equivariant-qnn,8,8,float64,42,128,2,128,2,1,0.75,rotation,rotation,6,6,compact:L2R0W0-L2R0W0-L1R0W0-L1R0W0-L1R0W0-L1R0W0,compact:L2R0W0-L2R0W0-L1R0W0-L1R0W0-L1R0W0-L1R0W0,,,not_applicable,optimized,20,3,20,1.072069,1.07195385,1.071007,1.073233,0.0006801425788024128,0.4779054,0.015467549999999997,0.5785809000000001,,,custom:libsad_search_726ce3dd431232.so,/home/rzzhang/sad_merged/sad/build/libsad_search_726ce3dd431232.so
2026-08-23T07:01:05.157774+00:00,20260823T064006,joint:equivariant-qnn:16:a96286b0b547b23b,ok,,equivariant-qnn,16,8,float64,42,32,2,128,2,1,0.25,rotation,rotation,6,6,compact:L3R0W0-L3R0W0-L3R0W0-L3R0W0-L2R0W0-L2R0W0,compact:L3R0W0-L3R0W0-L3R0W0-L3R0W0-L2R0W0-L2R0W0,,,not_applicable,optimized,5,3,5,1.833019,1.8333314,1.832875,1.8340290000000001,0.00046822285292374695,0.7158846,0.0153852,1.1020616,,,custom:libsad_search_44993f541f55e5.so,/home/rzzhang/sad_merged/sad/build/libsad_search_44993f541f55e5.so
2026-08-23T07:01:05.186899+00:00,20260823T064006,joint:equivariant-qnn:20:259cddabb8c182fb,ok,,equivariant-qnn,20,8,float64,42,32,2,32,2,1,0.0,legacy,legacy,0,0,,,,,not_applicable,legacy-generic,5,3,5,12.032195000000002,12.002488600000001,11.9328,12.034220999999999,0.040505911028391677,3.4323734,0.09740979999999999,8.472705399999999,,,custom:libsad_search_cadde23b7a4b57.so,/home/rzzhang/sad_merged/sad/build/libsad_search_cadde23b7a4b57.so
2026-08-23T07:01:05.294057+00:00,20260823T064006,joint:equivariant-qnn:24:545dd8bb804fc336,ok,,equivariant-qnn,24,8,float64,42,32,2,32,2,1,0.5,rotation,rotation,14,14,compact:L2R0W0-L2R0W0-L2R0W0-L2R0W0-L2R0W0-L2R0W0-L2R0W0-L2R0W0-L2R0W0-L2R0W0-L1R0W0-L1R0W0-L1R0W0-L1R0W0,compact:L2R0W0-L2R0W0-L2R0W0-L2R0W0-L2R0W0-L2R0W0-L2R0W0-L2R0W0-L2R0W0-L2R0W0-L1R0W0-L1R0W0-L1R0W0-L1R0W0,,,not_applicable,optimized,3,3,3,425.34846300000004,425.3305373333333,425.280077,425.363072,0.036175863503477436,144.18463633333334,1.7371043333333336,279.40879666666666,,,custom:libsad_search_e1d9f2a2400c61.so,/home/rzzhang/sad_merged/sad/build/libsad_search_e1d9f2a2400c61.so
2026-08-23T07:01:07.873613+00:00,20260823T064006,joint:equivariant-qnn:6:0e86e9152360b2fd,ok,,equivariant-qnn,6,8,float64,42,32,2,128,2,1,0.75,rotation,rotation,5,5,compact:L2R0W0-L1R0W0-L1R0W0-L1R0W0-L1R0W0,compact:L2R0W0-L1R0W0-L1R0W0-L1R0W0-L1R0W0,,,not_applicable,optimized,20,3,20,0.7039855,0.70407835,0.702418,0.7055950000000001,0.0008270995874137722,0.2703047,0.015384100000000001,0.41838955,,,custom:libsad_search_44993f541f55e5.so,/home/rzzhang/sad_merged/sad/build/libsad_search_44993f541f55e5.so
2026-08-23T07:01:07.900270+00:00,20260823T064006,joint:equivariant-qnn:4:046fdf9a70deac4c,ok,,equivariant-qnn,4,8,float64,42,64,2,64,2,1,0.25,rotation,rotation,2,2,compact:L2R0W0-L2R0W0,compact:L2R0W0-L2R0W0,,,not_applicable,optimized,20,3,20,0.313391,0.31382555,0.313203,0.315753,0.0007534559360042303,0.12519355000000001,0.01521055,0.17342144999999998,,,custom:libsad_search_d69133c4e36ad5.so,/home/rzzhang/sad_merged/sad/build/libsad_search_d69133c4e36ad5.so
2026-08-23T07:01:07.918408+00:00,20260823T064006,joint:equivariant-qnn:10:205e629f436917c6,ok,,equivariant-qnn,10,8,float64,42,128,2,32,2,1,0.75,rotation,rotation,8,8,compact:L2R0W0-L2R0W0-L1R0W0-L1R0W0-L1R0W0-L1R0W0-L1R0W0-L1R0W0,compact:L2R0W0-L2R0W0-L1R0W0-L1R0W0-L1R0W0-L1R0W0-L1R0W0-L1R0W0,,,not_applicable,optimized,10,3,10,1.3004795,1.3003552,1.298451,1.3015610000000002,0.0010600559230531908,0.6797214,0.015442099999999999,0.6051917000000001,,,custom:libsad_search_78523faf565e9a.so,/home/rzzhang/sad_merged/sad/build/libsad_search_78523faf565e9a.so
2026-08-23T07:01:07.945395+00:00,20260823T064006,joint:equivariant-qnn:6:a4143ca98c10451f,ok,,equivariant-qnn,6,8,float64,42,32,2,128,2,2,0.5,rotation,rotation,4,4,compact:L2R0W0-L2R0W0-L1R0W0-L1R0W0,compact:L2R0W0-L2R0W0-L1R0W0-L1R0W0,,,not_applicable,optimized,20,3,20,0.610737,0.6108195,0.6093459999999999,0.6122960000000001,0.0006772513935017156,0.22379355,0.01530835,0.37171760000000004,,,custom:libsad_search_57309a924b2f38.so,/home/rzzhang/sad_merged/sad/build/libsad_search_57309a924b2f38.so
2026-08-23T07:01:07.969536+00:00,20260823T064006,joint:equivariant-qnn:6:006bb85f961a280a,ok,,equivariant-qnn,6,8,float64,42,128,2,128,2,1,1.0,rotation,rotation,6,6,compact:L1R0W0-L1R0W0-L1R0W0-L1R0W0-L1R0W0-L1R0W0,compact:L1R0W0-L1R0W0-L1R0W0-L1R0W0-L1R0W0-L1R0W0,,,not_applicable,optimized,20,3,20,0.8766345,0.8769292499999999,0.87569,0.877566,0.0005566380219676046,0.40560090000000004,0.015520200000000001,0.45580814999999997,,,custom:libsad_search_726ce3dd431232.so,/home/rzzhang/sad_merged/sad/build/libsad_search_726ce3dd431232.so
2026-08-23T07:01:07.999938+00:00,20260823T064006,joint:equivariant-qnn:20:15adfd6d0c581fd7,ok,,equivariant-qnn,20,8,float64,42,128,2,128,2,2,0.25,rotation,rotation,7,7,compact:L3R0W0-L3R0W0-L3R0W0-L3R0W0-L3R0W0-L3R0W0-L2R0W0,compact:L3R0W0-L3R0W0-L3R0W0-L3R0W0-L3R0W0-L3R0W0-L2R0W0,,,not_applicable,optimized,5,3,5,15.776054999999998,15.7747456,15.766789999999999,15.777970000000002,0.0040460438257641064,5.7090216,0.1057438,9.959980199999999,,,custom:libsad_search_fad73079be189a.so,/home/rzzhang/sad_merged/sad/build/libsad_search_fad73079be189a.so
2026-08-23T07:01:08.144306+00:00,20260823T064006,joint:equivariant-qnn:26:b40335c8bceb1955,ok,,equivariant-qnn,26,8,float64,42,128,2,128,2,2,0.25,rotation,rotation,9,9,compact:L3R0W0-L3R0W0-L3R0W0-L3R0W0-L3R0W0-L3R0W0-L3R0W0-L3R0W0-L2R0W0,compact:L3R0W0-L3R0W0-L3R0W0-L3R0W0-L3R0W0-L3R0W0-L3R0W0-L3R0W0-L2R0W0,,,not_applicable,optimized,2,3,2,1132.6394544999998,1132.6394544999998,1132.55846,1132.720449,0.08099449999997432,386.212471,11.096679500000002,735.330304,,,custom:libsad_search_fad73079be189a.so,/home/rzzhang/sad_merged/sad/build/libsad_search_fad73079be189a.so
2026-08-23T07:01:13.844509+00:00,20260823T064006,joint:equivariant-qnn:24:21a150d7aaef83ba,ok,,equivariant-qnn,24,8,float64,42,128,2,128,2,2,0.75,rotation,rotation,19,19,compact:L2R0W0-L2R0W0-L2R0W0-L2R0W0-L2R0W0-L1R0W0-L1R0W0-L1R0W0-L1R0W0-L1R0W0-L1R0W0-L1R0W0-L1R0W0-L1R0W0-L1R0W0-L1R0W0-L1R0W0-L1R0W0-L1R0W0,compact:L2R0W0-L2R0W0-L2R0W0-L2R0W0-L2R0W0-L1R0W0-L1R0W0-L1R0W0-L1R0W0-L1R0W0-L1R0W0-L1R0W0-L1R0W0-L1R0W0-L1R0W0-L1R0W0-L1R0W0-L1R0W0-L1R0W0,,,not_applicable,optimized,3,3,3,568.990814,568.9529113333333,568.7941020000001,569.073818,0.11729654518731007,192.36689633333333,1.7454566666666667,374.8405583333334,,,custom:libsad_search_fad73079be189a.so,/home/rzzhang/sad_merged/sad/build/libsad_search_fad73079be189a.so
2026-08-23T07:01:17.297015+00:00,20260823T064006,joint:equivariant-qnn:20:d6465b6eee7b3288,ok,,equivariant-qnn,20,8,float64,42,128,2,128,2,1,0.0,legacy,legacy,0,0,,,,,not_applicable,legacy-generic,5,3,5,12.521629,12.5220548,12.520655,12.523743,0.0010580669922079459,3.5795938,0.0976684,8.8447926,,,custom:libsad_search_e7cc64b1fce303.so,/home/rzzhang/sad_merged/sad/build/libsad_search_e7cc64b1fce303.so
2026-08-23T07:01:17.410396+00:00,20260823T064006,joint:equivariant-qnn:4:96b2d1ce06338f01,ok,,equivariant-qnn,4,8,float64,42,128,2,128,2,1,0.0,legacy,legacy,0,0,,,,,not_applicable,legacy-generic,20,3,20,0.3036015,0.3035233,0.30216299999999996,0.304144,0.0005746587770146842,0.10428830000000001,0.015430049999999999,0.18380495,,,custom:libsad_search_e7cc64b1fce303.so,/home/rzzhang/sad_merged/sad/build/libsad_search_e7cc64b1fce303.so
2026-08-23T07:01:17.427556+00:00,20260823T064006,joint:equivariant-qnn:24:a340e71a1a696fd9,ok,,equivariant-qnn,24,8,float64,42,128,2,128,2,2,0.5,rotation,rotation,14,14,compact:L2R0W0-L2R0W0-L2R0W0-L2R0W0-L2R0W0-L2R0W0-L2R0W0-L2R0W0-L2R0W0-L2R0W0-L1R0W0-L1R0W0-L1R0W0-L1R0W0,compact:L2R0W0-L2R0W0-L2R0W0-L2R0W0-L2R0W0-L2R0W0-L2R0W0-L2R0W0-L2R0W0-L2R0W0-L1R0W0-L1R0W0-L1R0W0-L1R0W0,,,not_applicable,optimized,3,3,3,426.615379,426.60408533333333,426.499611,426.69726599999996,0.08108651731875788,145.06539266666667,1.740755,279.79793766666666,,,custom:libsad_search_fad73079be189a.so,/home/rzzhang/sad_merged/sad/build/libsad_search_fad73079be189a.so
2026-08-23T07:01:20.014824+00:00,20260823T064006,joint:equivariant-qnn:14:cab9e220022b762d,ok,,equivariant-qnn,14,8,float64,42,32,2,128,2,1,0.0,legacy,legacy,0,0,,,,,not_applicable,legacy-generic,10,3,10,0.8292785,0.8291033999999999,0.8283640000000001,0.830495,0.000666420767983679,0.2070528,0.015325699999999998,0.6067249,,,custom:libsad_search_7c2e0b28add24f.so,/home/rzzhang/sad_merged/sad/build/libsad_search_7c2e0b28add24f.so
2026-08-23T07:01:20.036502+00:00,20260823T064006,joint:equivariant-qnn:10:c067d02ab6c9962c,ok,,equivariant-qnn,10,8,float64,42,64,2,64,2,1,1.0,rotation,rotation,10,10,compact:L1R0W0-L1R0W0-L1R0W0-L1R0W0-L1R0W0-L1R0W0-L1R0W0-L1R0W0-L1R0W0-L1R0W0,compact:L1R0W0-L1R0W0-L1R0W0-L1R0W0-L1R0W0-L1R0W0-L1R0W0-L1R0W0-L1R0W0-L1R0W0,,,not_applicable,optimized,10,3,10,1.48486,1.4848823000000002,1.483636,1.4868450000000002,0.0009974863457712319,0.6915146000000001,0.0151472,0.7782205,,,custom:libsad_search_d69133c4e36ad5.so,/home/rzzhang/sad_merged/sad/build/libsad_search_d69133c4e36ad5.so
2026-08-23T07:01:20.066117+00:00,20260823T064006,joint:equivariant-qnn:26:53a75f0f3248b453,ok,,equivariant-qnn,26,8,float64,42,128,2,32,2,2,0.25,rotation,rotation,9,10,compact:L3R0W0-L3R0W0-L3R0W0-L3R0W0-L3R0W0-L3R0W0-L3R0W0-L3R0W0-L2R0W0,compact:L3R0W0-L3R0W0-L3R0W0-L3R0W0-L3R0W0-L3R0W0-L2R0W0-L2R0W0-L2R0W0-L2R0W0,,,not_applicable,optimized,2,3,2,1207.4132800000002,1207.4132800000002,1207.238927,1207.587633,0.17435299999999643,386.249525,11.500376,809.6633790000001,,,custom:libsad_search_e09d5834859473.so,/home/rzzhang/sad_merged/sad/build/libsad_search_e09d5834859473.so
2026-08-23T07:01:26.135109+00:00,20260823T064006,joint:equivariant-qnn:10:e65fcb887adbc270,ok,,equivariant-qnn,10,8,float64,42,128,2,128,2,2,0.0,rotation,rotation,2,2,compact:L5R0W0-L5R0W0,compact:L5R0W0-L5R0W0,,,not_applicable,optimized,10,3,10,0.724948,0.7233915000000001,0.717675,0.726101,0.0029466292691819967,0.249917,0.015508599999999999,0.4579659,,,custom:libsad_search_fad73079be189a.so,/home/rzzhang/sad_merged/sad/build/libsad_search_fad73079be189a.so
2026-08-23T07:01:26.160184+00:00,20260823T064006,joint:equivariant-qnn:8:a4efb1ca094692e2,ok,,equivariant-qnn,8,8,float64,42,128,2,32,2,2,0.75,rotation,rotation,6,6,compact:L2R0W0-L2R0W0-L1R0W0-L1R0W0-L1R0W0-L1R0W0,compact:L2R0W0-L2R0W0-L1R0W0-L1R0W0-L1R0W0-L1R0W0,,,not_applicable,optimized,20,3,20,0.93293,0.9329913,0.930808,0.934986,0.001029639699118084,0.47764195,0.015527100000000002,0.43982225,,,custom:libsad_search_e09d5834859473.so,/home/rzzhang/sad_merged/sad/build/libsad_search_e09d5834859473.so
2026-08-23T07:01:26.194600+00:00,20260823T064006,joint:equivariant-qnn:22:d3ee4c3161bf0258,ok,,equivariant-qnn,22,8,float64,42,32,2,128,2,1,0.0,rotation,rotation,4,3,compact:L5R1W0-L5R1W0-L5R0W0-L5R0W0,compact:L5R2W1-L5R2W0-L5R2W0,,,not_applicable,optimized,3,3,3,54.45498,54.48760766666667,54.368265,54.639578,0.11314035373915969,16.147681666666667,0.3902086666666667,37.94971733333333,,,custom:libsad_search_44993f541f55e5.so,/home/rzzhang/sad_merged/sad/build/libsad_search_44993f541f55e5.so
2026-08-23T07:01:26.544901+00:00,20260823T064006,joint:equivariant-qnn:22:4a48b668a69975cf,ok,,equivariant-qnn,22,8,float64,42,32,2,128,2,1,0.25,rotation,rotation,8,8,compact:L3R0W0-L3R0W0-L3R0W0-L3R0W0-L3R0W0-L3R0W0-L2R0W0-L2R0W0,compact:L3R0W0-L3R0W0-L3R0W0-L3R0W0-L3R0W0-L3R0W0-L2R0W0-L2R0W0,,,not_applicable,optimized,3,3,3,64.849072,64.768144,63.84853999999999,65.60682000000001,0.7200921910829744,21.635714666666665,0.398601,42.733828333333335,,,custom:libsad_search_44993f541f55e5.so,/home/rzzhang/sad_merged/sad/build/libsad_search_44993f541f55e5.so
2026-08-23T07:01:26.956139+00:00,20260823T064006,joint:equivariant-qnn:20:20128088e7435bd5,ok,,equivariant-qnn,20,8,float64,42,32,2,128,2,1,0.0,legacy,legacy,0,0,,,,,not_applicable,legacy-generic,5,3,5,12.373145000000001,12.5765356,12.372135,12.900526000000001,0.2501731917049468,3.4803618000000003,0.0976508,8.998522999999999,,,custom:libsad_search_7c2e0b28add24f.so,/home/rzzhang/sad_merged/sad/build/libsad_search_7c2e0b28add24f.so
2026-08-23T07:01:27.068470+00:00,20260823T064006,joint:equivariant-qnn:6:71dc7a067e25a4a0,ok,,equivariant-qnn,6,8,float64,42,128,2,128,2,1,0.0,rotation,rotation,1,1,compact:L5R1W0,compact:L5R1W0,,,not_applicable,optimized,20,3,20,0.38377,0.38370915,0.381958,0.387959,0.0011991093059016782,0.11837225,0.015417300000000002,0.24991960000000002,,,custom:libsad_search_726ce3dd431232.so,/home/rzzhang/sad_merged/sad/build/libsad_search_726ce3dd431232.so
2026-08-23T07:01:27.087553+00:00,20260823T064006,joint:equivariant-qnn:14:ca191dc753eeec65,ok,,equivariant-qnn,14,8,float64,42,128,2,32,2,1,0.0,legacy,legacy,0,0,,,,,not_applicable,legacy-generic,10,3,10,0.7055515000000001,0.7058180000000001,0.704461,0.707565,0.0009209326794071393,0.31253200000000003,0.0155489,0.3777371,,,custom:libsad_search_e3460e95b2f927.so,/home/rzzhang/sad_merged/sad/build/libsad_search_e3460e95b2f927.so
2026-08-23T07:01:27.107022+00:00,20260823T064006,joint:equivariant-qnn:16:5213691286d4a1a1,ok,,equivariant-qnn,16,8,float64,42,128,2,32,2,1,0.0,legacy,legacy,0,0,,,,,not_applicable,legacy-generic,5,3,5,1.178606,1.1785522,1.177474,1.179458,0.0006314429190354455,0.3875496,0.0155906,0.775412,,,custom:libsad_search_e3460e95b2f927.so,/home/rzzhang/sad_merged/sad/build/libsad_search_e3460e95b2f927.so
2026-08-23T07:01:27.126460+00:00,20260823T064006,joint:equivariant-qnn:16:717ff880d1c8186b,ok,,equivariant-qnn,16,8,float64,42,128,2,128,2,2,0.0,rotation,rotation,2,2,compact:L5R2W1-L5R2W1,compact:L5R2W1-L5R2W1,,,not_applicable,optimized,5,3,5,1.192912,1.1937694,1.192809,1.19618,0.001291176920487677,0.38264040000000005,0.015409,0.79572,,,custom:libsad_search_fad73079be189a.so,/home/rzzhang/sad_merged/sad/build/libsad_search_fad73079be189a.so
2026-08-23T07:01:27.146261+00:00,20260823T064006,joint:equivariant-qnn:4:e5159848862a15c5,ok,,equivariant-qnn,4,8,float64,42,64,2,64,2,1,1.0,rotation,rotation,4,4,compact:L1R0W0-L1R0W0-L1R0W0-L1R0W0,compact:L1R0W0-L1R0W0-L1R0W0-L1R0W0,,,not_applicable,optimized,20,3,20,0.493622,0.4938526,0.492578,0.49556199999999995,0.0006146231691044525,0.22132914999999997,0.015336549999999997,0.2571869,,,custom:libsad_search_d69133c4e36ad5.so,/home/rzzhang/sad_merged/sad/build/libsad_search_d69133c4e36ad5.so
2026-08-23T07:01:27.168020+00:00,20260823T064006,joint:equivariant-qnn:14:65a6fb8af082a6ae,ok,,equivariant-qnn,14,8,float64,42,32,2,32,2,1,0.5,rotation,rotation,8,8,compact:L2R0W0-L2R0W0-L2R0W0-L2R0W0-L2R0W0-L2R0W0-L1R0W0-L1R0W0,compact:L2R0W0-L2R0W0-L2R0W0-L2R0W0-L2R0W0-L2R0W0-L1R0W0-L1R0W0,,,not_applicable,optimized,10,3,10,1.458602,1.4580544,1.451978,1.46028,0.002266028031600665,0.6495461,0.015579899999999999,0.7929284,,,custom:libsad_search_e1d9f2a2400c61.so,/home/rzzhang/sad_merged/sad/build/libsad_search_e1d9f2a2400c61.so
2026-08-23T07:01:27.197546+00:00,20260823T064006,joint:equivariant-qnn:6:7c2b731a9bd34785,ok,,equivariant-qnn,6,8,float64,42,128,2,128,2,2,0.0,rotation,rotation,1,1,compact:L5R1W0,compact:L5R1W0,,,not_applicable,optimized,20,3,20,0.3824025,0.3825221,0.38180099999999995,0.383999,0.0006527222150348611,0.1179055,0.015234900000000001,0.24938169999999998,,,custom:libsad_search_fad73079be189a.so,/home/rzzhang/sad_merged/sad/build/libsad_search_fad73079be189a.so
2026-08-23T07:01:27.216503+00:00,20260823T064006,joint:equivariant-qnn:22:0df10407cd78288f,ok,,equivariant-qnn,22,8,float64,42,32,2,128,2,1,0.75,rotation,rotation,18,17,compact:L2R0W0-L2R0W0-L2R0W0-L2R0W0-L1R0W0-L1R0W0-L1R0W0-L1R0W0-L1R0W0-L1R0W0-L1R0W0-L1R0W0-L1R0W0-L1R0W0-L1R0W0-L1R0W0-L1R0W0-L1R0W0,compact:L2R0W0-L2R0W0-L2R0W0-L2R0W0-L2R0W0-L1R0W0-L1R0W0-L1R0W0-L1R0W0-L1R0W0-L1R0W0-L1R0W0-L1R0W0-L1R0W0-L1R0W0-L1R0W0-L1R0W0,,,not_applicable,optimized,3,3,3,116.17486999999998,116.20250833333334,115.964941,116.467714,0.20618451361880524,31.022538333333337,0.38793666666666665,84.79203333333334,,,custom:libsad_search_44993f541f55e5.so,/home/rzzhang/sad_merged/sad/build/libsad_search_44993f541f55e5.so
2026-08-23T07:01:27.942264+00:00,20260823T064006,joint:equivariant-qnn:26:f7d753b6bd1813ab,ok,,equivariant-qnn,26,8,float64,42,128,2,128,2,1,0.25,rotation,rotation,9,9,compact:L3R0W0-L3R0W0-L3R0W0-L3R0W0-L3R0W0-L3R0W0-L3R0W0-L3R0W0-L2R0W0,compact:L3R0W0-L3R0W0-L3R0W0-L3R0W0-L3R0W0-L3R0W0-L3R0W0-L3R0W0-L2R0W0,,,not_applicable,optimized,2,3,2,1134.1663445,1134.1663445,1134.1040209999999,1134.228668,0.062323500000047716,386.1117145,11.337887000000002,736.716743,,,custom:libsad_search_726ce3dd431232.so,/home/rzzhang/sad_merged/sad/build/libsad_search_726ce3dd431232.so
2026-08-23T07:01:33.644590+00:00,20260823T064006,joint:equivariant-qnn:16:e41415cf861dcdc7,ok,,equivariant-qnn,16,8,float64,42,128,2,32,2,1,1.0,rotation,rotation,16,16,compact:L1R0W0-L1R0W0-L1R0W0-L1R0W0-L1R0W0-L1R0W0-L1R0W0-L1R0W0-L1R0W0-L1R0W0-L1R0W0-L1R0W0-L1R0W0-L1R0W0-L1R0W0-L1R0W0,compact:L1R0W0-L1R0W0-L1R0W0-L1R0W0-L1R0W0-L1R0W0-L1R0W0-L1R0W0-L1R0W0-L1R0W0-L1R0W0-L1R0W0-L1R0W0-L1R0W0-L1R0W0-L1R0W0,,,not_applicable,optimized,5,3,5,3.5112399999999995,3.5100849999999992,3.5052979999999994,3.513319,0.003230496989628886,1.7374252,0.0160036,1.7566562000000001,,,custom:libsad_search_78523faf565e9a.so,/home/rzzhang/sad_merged/sad/build/libsad_search_78523faf565e9a.so
2026-08-23T07:01:33.692823+00:00,20260823T064006,joint:equivariant-qnn:14:55b62c8b24f8f161,ok,,equivariant-qnn,14,8,float64,42,64,2,64,2,1,0.25,rotation,rotation,5,5,compact:L3R0W0-L3R0W0-L3R0W0-L3R0W0-L2R0W0,compact:L3R0W0-L3R0W0-L3R0W0-L3R0W0-L2R0W0,,,not_applicable,optimized,10,3,10,1.124845,1.124328,1.1190639999999998,1.125464,0.0018148711249012215,0.46318139999999997,0.015466699999999998,0.6456799,,,custom:libsad_search_d69133c4e36ad5.so,/home/rzzhang/sad_merged/sad/build/libsad_search_d69133c4e36ad5.so
2026-08-23T07:01:33.717721+00:00,20260823T064006,joint:equivariant-qnn:10:da61b6458215d57f,ok,,equivariant-qnn,10,8,float64,42,32,2,128,2,1,0.0,legacy,legacy,0,0,,,,,not_applicable,legacy-generic,10,3,10,0.632918,0.6353614999999999,0.632606,0.6410039999999999,0.0033769255321963987,0.1740516,0.0154452,0.44586469999999995,,,custom:libsad_search_7c2e0b28add24f.so,/home/rzzhang/sad_merged/sad/build/libsad_search_7c2e0b28add24f.so
2026-08-23T07:01:33.736105+00:00,20260823T064006,joint:equivariant-qnn:14:c6d16133f26f0ce1,ok,,equivariant-qnn,14,8,float64,42,32,2,32,2,2,0.75,rotation,rotation,11,11,compact:L2R0W0-L2R0W0-L2R0W0-L1R0W0-L1R0W0-L1R0W0-L1R0W0-L1R0W0-L1R0W0-L1R0W0-L1R0W0,compact:L2R0W0-L2R0W0-L2R0W0-L1R0W0-L1R0W0-L1R0W0-L1R0W0-L1R0W0-L1R0W0-L1R0W0-L1R0W0,,,not_applicable,optimized,10,3,10,1.8108735,1.8109369999999998,1.8067080000000002,1.8187099999999998,0.003298874899113292,0.8400763,0.015432999999999999,0.9554277,,,custom:libsad_search_6e9ecc13ac7654.so,/home/rzzhang/sad_merged/sad/build/libsad_search_6e9ecc13ac7654.so
2026-08-23T07:01:33.770161+00:00,20260823T064006,joint:equivariant-qnn:20:3ef801965f15627b,ok,,equivariant-qnn,20,8,float64,42,128,2,128,2,2,0.0,rotation,rotation,3,3,compact:L5R2W0-L5R2W0-L5R1W0,compact:L5R2W0-L5R2W0-L5R1W0,,,not_applicable,optimized,5,3,5,13.123771,12.807314400000001,12.327077000000001,13.124875,0.3883142007970346,3.5468031999999994,0.0979076,9.162603599999999,,,custom:libsad_search_fad73079be189a.so,/home/rzzhang/sad_merged/sad/build/libsad_search_fad73079be189a.so
2026-08-23T07:01:33.884356+00:00,20260823T064006,joint:equivariant-qnn:6:dbfb25359896064b,ok,,equivariant-qnn,6,8,float64,42,128,2,128,2,2,0.75,rotation,rotation,5,5,compact:L2R0W0-L1R0W0-L1R0W0-L1R0W0-L1R0W0,compact:L2R0W0-L1R0W0-L1R0W0-L1R0W0-L1R0W0,,,not_applicable,optimized,20,3,20,0.8227544999999999,0.82281315,0.821223,0.8244389999999999,0.0007887485198084296,0.3657695,0.015380250000000002,0.4416634,,,custom:libsad_search_fad73079be189a.so,/home/rzzhang/sad_merged/sad/build/libsad_search_fad73079be189a.so
2026-08-23T07:01:33.914067+00:00,20260823T064006,joint:equivariant-qnn:8:dc91191e5c9f10f8,ok,,equivariant-qnn,8,8,float64,42,128,2,128,2,1,0.5,rotation,rotation,4,4,compact:L2R0W0-L2R0W0-L2R0W0-L2R0W0,compact:L2R0W0-L2R0W0-L2R0W0-L2R0W0,,,not_applicable,optimized,20,3,20,0.8723785,0.8723772499999999,0.8705149999999999,0.878428,0.0015636914937096772,0.3619364,0.0154366,0.4950042499999999,,,custom:libsad_search_726ce3dd431232.so,/home/rzzhang/sad_merged/sad/build/libsad_search_726ce3dd431232.so
2026-08-23T07:01:33.944331+00:00,20260823T064006,joint:equivariant-qnn:6:7593e4c158072754,ok,,equivariant-qnn,6,8,float64,42,64,2,64,2,2,0.0,rotation,rotation,1,1,compact:L5R1W0,compact:L5R1W0,,,not_applicable,optimized,20,3,20,0.292771,0.29247615000000005,0.28876900000000005,0.29587600000000003,0.0012554176307109923,0.09332145,0.015256349999999998,0.18389835000000002,,,custom:libsad_search_ae5663d41dfb3d.so,/home/rzzhang/sad_merged/sad/build/libsad_search_ae5663d41dfb3d.so
2026-08-23T07:01:33.961551+00:00,20260823T064006,joint:equivariant-qnn:10:f3c9bb3722ba584c,ok,,equivariant-qnn,10,8,float64,42,32,2,32,2,2,0.5,rotation,rotation,6,6,compact:L2R0W0-L2R0W0-L2R0W0-L2R0W0-L1R0W0-L1R0W0,compact:L2R0W0-L2R0W0-L2R0W0-L2R0W0-L1R0W0-L1R0W0,,,not_applicable,optimized,10,3,10,0.9717914999999999,0.9719537,0.9707439999999999,0.973722,0.0008660538147251607,0.42807009999999995,0.015645100000000002,0.5282384999999999,,,custom:libsad_search_6e9ecc13ac7654.so,/home/rzzhang/sad_merged/sad/build/libsad_search_6e9ecc13ac7654.so
2026-08-23T07:01:33.984453+00:00,20260823T064006,joint:equivariant-qnn:18:9e5b98dafa7406c5,ok,,equivariant-qnn,18,8,float64,42,128,2,128,2,1,0.0,legacy,legacy,0,0,,,,,not_applicable,legacy-generic,5,3,5,3.4293299999999998,3.4306151999999996,3.428389,3.436524,0.0030495470745669447,0.9954303999999999,0.0317474,2.4034374,,,custom:libsad_search_e7cc64b1fce303.so,/home/rzzhang/sad_merged/sad/build/libsad_search_e7cc64b1fce303.so
2026-08-23T07:01:34.022668+00:00,20260823T064006,joint:equivariant-qnn:4:a2c9a445aa4ed17a,ok,,equivariant-qnn,4,8,float64,42,128,2,128,2,1,0.25,rotation,rotation,2,2,compact:L2R0W0-L2R0W0,compact:L2R0W0-L2R0W0,,,not_applicable,optimized,20,3,20,0.4053255,0.40602974999999997,0.399145,0.41182700000000005,0.002836127004825422,0.16009920000000002,0.015528100000000001,0.23040244999999998,,,custom:libsad_search_726ce3dd431232.so,/home/rzzhang/sad_merged/sad/build/libsad_search_726ce3dd431232.so
2026-08-23T07:01:34.042024+00:00,20260823T064006,joint:equivariant-qnn:24:57ace42e89e0cc9a,ok,,equivariant-qnn,24,8,float64,42,32,2,32,2,1,0.0,legacy,legacy,0,0,,,,,not_applicable,legacy-generic,3,3,3,214.17755400000001,214.17419200000003,214.16634000000002,214.178682,0.005571267001316546,59.48262133333334,1.7384669999999998,152.95310366666666,,,custom:libsad_search_cadde23b7a4b57.so,/home/rzzhang/sad_merged/sad/build/libsad_search_cadde23b7a4b57.so
2026-08-23T07:01:35.377146+00:00,20260823T064006,joint:equivariant-qnn:18:7e30f71e309e0535,ok,,equivariant-qnn,18,8,float64,42,128,2,32,2,2,0.5,rotation,rotation,10,10,compact:L2R0W0-L2R0W0-L2R0W0-L2R0W0-L2R0W0-L2R0W0-L2R0W0-L2R0W0-L1R0W0-L1R0W0,compact:L2R0W0-L2R0W0-L2R0W0-L2R0W0-L2R0W0-L2R0W0-L2R0W0-L2R0W0-L1R0W0-L1R0W0,,,not_applicable,optimized,5,3,5,5.053547,5.0538832,5.05249,5.055522,0.001011894342310483,2.2216836,0.031886199999999996,2.8003134,,,custom:libsad_search_e09d5834859473.so,/home/rzzhang/sad_merged/sad/build/libsad_search_e09d5834859473.so
2026-08-23T07:01:35.428697+00:00,20260823T064006,joint:equivariant-qnn:20:9a46e201f1c22a64,ok,,equivariant-qnn,20,8,float64,42,64,2,64,2,1,0.0,rotation,rotation,3,3,compact:L5R2W0-L5R2W0-L5R1W0,compact:L5R2W0-L5R2W0-L5R1W0,,,not_applicable,optimized,5,3,5,12.369867999999999,12.369451,12.368119,12.370142000000001,0.0007795139511257945,3.4846738,0.097417,8.7873602,,,custom:libsad_search_d69133c4e36ad5.so,/home/rzzhang/sad_merged/sad/build/libsad_search_d69133c4e36ad5.so
2026-08-23T07:01:35.540793+00:00,20260823T064006,joint:equivariant-qnn:4:64a021cd7d78d9c1,ok,,equivariant-qnn,4,8,float64,42,128,2,128,2,1,0.75,rotation,rotation,3,3,compact:L2R0W0-L1R0W0-L1R0W0,compact:L2R0W0-L1R0W0-L1R0W0,,,not_applicable,optimized,20,3,20,0.4813375,0.4814549,0.48111600000000004,0.48242300000000005,0.0003986310198667507,0.2060302,0.015260449999999997,0.26016425,,,custom:libsad_search_726ce3dd431232.so,/home/rzzhang/sad_merged/sad/build/libsad_search_726ce3dd431232.so
2026-08-23T07:01:35.562055+00:00,20260823T064006,joint:equivariant-qnn:26:61e7ab380652bd58,ok,,equivariant-qnn,26,8,float64,42,32,2,128,2,2,0.0,rotation,rotation,4,3,compact:L5R2W0-L5R2W0-L5R1W0-L5R1W0,compact:L5R2W2-L5R2W2-L5R2W1,,,not_applicable,optimized,2,3,2,938.9316215,938.9316215,938.854647,939.008596,0.07697450000000572,250.02750900000004,11.6405595,677.263553,,,custom:libsad_search_57309a924b2f38.so,/home/rzzhang/sad_merged/sad/build/libsad_search_57309a924b2f38.so
2026-08-23T07:01:40.294591+00:00,20260823T064006,joint:equivariant-qnn:26:936788e8ad8e6663,ok,,equivariant-qnn,26,8,float64,42,32,2,128,2,1,0.0,rotation,rotation,4,3,compact:L5R2W0-L5R2W0-L5R1W0-L5R1W0,compact:L5R2W2-L5R2W2-L5R2W1,,,not_applicable,optimized,2,3,2,961.934248,961.934248,961.844402,962.024094,0.08984600000002274,250.02551649999998,11.642757999999999,700.2659735,,,custom:libsad_search_44993f541f55e5.so,/home/rzzhang/sad_merged/sad/build/libsad_search_44993f541f55e5.so
2026-08-23T07:01:45.142531+00:00,20260823T064006,joint:equivariant-qnn:12:444141894dbd66dd,ok,,equivariant-qnn,12,8,float64,42,32,2,128,2,1,1.0,rotation,rotation,12,12,compact:L1R0W0-L1R0W0-L1R0W0-L1R0W0-L1R0W0-L1R0W0-L1R0W0-L1R0W0-L1R0W0-L1R0W0-L1R0W0-L1R0W0,compact:L1R0W0-L1R0W0-L1R0W0-L1R0W0-L1R0W0-L1R0W0-L1R0W0-L1R0W0-L1R0W0-L1R0W0-L1R0W0-L1R0W0,,,not_applicable,optimized,10,3,10,2.062261,2.0620091,2.061176,2.063456,0.0007096933774524529,0.8318935,0.0154955,1.2146201,,,custom:libsad_search_44993f541f55e5.so,/home/rzzhang/sad_merged/sad/build/libsad_search_44993f541f55e5.so
2026-08-23T07:01:45.184269+00:00,20260823T064006,joint:equivariant-qnn:20:e88b897b15bea874,ok,,equivariant-qnn,20,8,float64,42,32,2,32,2,2,1.0,rotation,rotation,20,20,compact:L1R0W0-L1R0W0-L1R0W0-L1R0W0-L1R0W0-L1R0W0-L1R0W0-L1R0W0-L1R0W0-L1R0W0-L1R0W0-L1R0W0-L1R0W0-L1R0W0-L1R0W0-L1R0W0-L1R0W0-L1R0W0-L1R0W0-L1R0W0,compact:L1R0W0-L1R0W0-L1R0W0-L1R0W0-L1R0W0-L1R0W0-L1R0W0-L1R0W0-L1R0W0-L1R0W0-L1R0W0-L1R0W0-L1R0W0-L1R0W0-L1R0W0-L1R0W0-L1R0W0-L1R0W0-L1R0W0-L1R0W0,,,not_applicable,optimized,5,3,5,20.044065,20.047742200000002,20.043939000000005,20.057384,0.005234288390984046,9.3614574,0.0974286,10.5888562,,,custom:libsad_search_6e9ecc13ac7654.so,/home/rzzhang/sad_merged/sad/build/libsad_search_6e9ecc13ac7654.so
2026-08-23T07:01:45.368587+00:00,20260823T064006,joint:equivariant-qnn:14:08e6f8f882f7d0f9,ok,,equivariant-qnn,14,8,float64,42,128,2,32,2,2,1.0,rotation,rotation,14,14,compact:L1R0W0-L1R0W0-L1R0W0-L1R0W0-L1R0W0-L1R0W0-L1R0W0-L1R0W0-L1R0W0-L1R0W0-L1R0W0-L1R0W0-L1R0W0-L1R0W0,compact:L1R0W0-L1R0W0-L1R0W0-L1R0W0-L1R0W0-L1R0W0-L1R0W0-L1R0W0-L1R0W0-L1R0W0-L1R0W0-L1R0W0-L1R0W0-L1R0W0,,,not_applicable,optimized,10,3,10,2.527704,2.5276366,2.526212,2.528325,0.0006825095164171751,1.353304,0.015627,1.1587056,,,custom:libsad_search_e09d5834859473.so,/home/rzzhang/sad_merged/sad/build/libsad_search_e09d5834859473.so
2026-08-23T07:01:45.411725+00:00,20260823T064006,joint:equivariant-qnn:28:27b9cda489ad5b1d,ok,,equivariant-qnn,28,8,float64,42,32,2,32,2,1,0.0,rotation,rotation,4,4,compact:L5R2W0-L5R2W0-L5R2W0-L5R2W0,compact:L5R2W0-L5R2W0-L5R2W0-L5R2W0,,,not_applicable,optimized,2,3,2,3930.0946464999997,3930.0946464999997,3930.0797150000003,3930.1095779999996,0.014931499999647713,1066.0044360000002,83.719417,2780.3707934999998,,,custom:libsad_search_e1d9f2a2400c61.so,/home/rzzhang/sad_merged/sad/build/libsad_search_e1d9f2a2400c61.so
2026-08-23T07:02:05.097443+00:00,20260823T064006,joint:equivariant-qnn:26:3d2ba25e74b71676,ok,,equivariant-qnn,26,8,float64,42,32,2,128,2,1,0.25,rotation,rotation,10,9,compact:L3R0W0-L3R0W0-L3R0W0-L3R0W0-L3R0W0-L3R0W0-L2R0W0-L2R0W0-L2R0W0-L2R0W0,compact:L3R0W0-L3R0W0-L3R0W0-L3R0W0-L3R0W0-L3R0W0-L3R0W0-L3R0W0-L2R0W0,,,not_applicable,optimized,2,3,2,1171.167911,1171.167911,1171.1069169999998,1171.228905,0.06099400000005062,423.05801649999995,11.392495999999998,736.7173985,,,custom:libsad_search_44993f541f55e5.so,/home/rzzhang/sad_merged/sad/build/libsad_search_44993f541f55e5.so
2026-08-23T07:02:11.009708+00:00,20260823T064006,joint:equivariant-qnn:6:b20606a7066cdc1b,ok,,equivariant-qnn,6,8,float64,42,128,2,128,2,1,0.0,legacy,legacy,0,0,,,,,not_applicable,legacy-generic,20,3,20,0.37462549999999994,0.37424225,0.37276699999999996,0.374867,0.0005867632295057359,0.11752795,0.015414200000000003,0.24130010000000002,,,custom:libsad_search_e7cc64b1fce303.so,/home/rzzhang/sad_merged/sad/build/libsad_search_e7cc64b1fce303.so
2026-08-23T07:02:11.034238+00:00,20260823T064006,joint:equivariant-qnn:14:9f7229bef3f9cb6f,ok,,equivariant-qnn,14,8,float64,42,32,2,128,2,1,0.5,rotation,rotation,8,8,compact:L2R0W0-L2R0W0-L2R0W0-L2R0W0-L2R0W0-L2R0W0-L1R0W0-L1R0W0,compact:L2R0W0-L2R0W0-L2R0W0-L2R0W0-L2R0W0-L2R0W0-L1R0W0-L1R0W0,,,not_applicable,optimized,10,3,10,1.709044,1.7097514,1.7052809999999998,1.7152809999999998,0.002960159394356969,0.6302861999999999,0.0153066,1.0641585999999998,,,custom:libsad_search_44993f541f55e5.so,/home/rzzhang/sad_merged/sad/build/libsad_search_44993f541f55e5.so
2026-08-23T07:02:11.069455+00:00,20260823T064006,joint:equivariant-qnn:8:e2d1b9cb41c1f996,ok,,equivariant-qnn,8,8,float64,42,32,2,128,2,1,0.5,rotation,rotation,5,4,compact:L2R0W0-L2R0W0-L2R0W0-L1R0W0-L1R0W0,compact:L2R0W0-L2R0W0-L2R0W0-L2R0W0,,,not_applicable,optimized,20,3,20,0.801787,0.8016631499999999,0.79977,0.802814,0.0008311125841304671,0.31667875,0.01539445,0.46958995,,,custom:libsad_search_44993f541f55e5.so,/home/rzzhang/sad_merged/sad/build/libsad_search_44993f541f55e5.so
2026-08-23T07:02:11.097769+00:00,20260823T064006,joint:equivariant-qnn:8:965c6e8fa3ab5a65,ok,,equivariant-qnn,8,8,float64,42,128,2,128,2,2,1.0,rotation,rotation,8,8,compact:L1R0W0-L1R0W0-L1R0W0-L1R0W0-L1R0W0-L1R0W0-L1R0W0-L1R0W0,compact:L1R0W0-L1R0W0-L1R0W0-L1R0W0-L1R0W0-L1R0W0-L1R0W0-L1R0W0,,,not_applicable,optimized,20,3,20,1.305569,1.3061384,1.3022070000000001,1.311804,0.0029678640197960517,0.6109097,0.015313649999999998,0.6799150500000001,,,custom:libsad_search_fad73079be189a.so,/home/rzzhang/sad_merged/sad/build/libsad_search_fad73079be189a.so
2026-08-23T07:02:11.138435+00:00,20260823T064006,joint:equivariant-qnn:18:69284c70d816c666,ok,,equivariant-qnn,18,8,float64,42,32,2,128,2,2,0.75,rotation,rotation,14,14,compact:L2R0W0-L2R0W0-L2R0W0-L2R0W0-L1R0W0-L1R0W0-L1R0W0-L1R0W0-L1R0W0-L1R0W0-L1R0W0-L1R0W0-L1R0W0-L1R0W0,compact:L2R0W0-L2R0W0-L2R0W0-L2R0W0-L1R0W0-L1R0W0-L1R0W0-L1R0W0-L1R0W0-L1R0W0-L1R0W0-L1R0W0-L1R0W0-L1R0W0,,,not_applicable,optimized,5,3,5,6.106235,6.1051668,6.102049999999999,6.107059,0.0018220254004817347,2.6891578,0.0317844,3.3842246,,,custom:libsad_search_57309a924b2f38.so,/home/rzzhang/sad_merged/sad/build/libsad_search_57309a924b2f38.so
2026-08-23T07:02:11.197761+00:00,20260823T064006,joint:equivariant-qnn:16:225ed5cd80f4cdcc,ok,,equivariant-qnn,16,8,float64,42,64,2,64,2,1,0.0,rotation,rotation,2,2,compact:L5R2W1-L5R2W1,compact:L5R2W1-L5R2W1,,,not_applicable,optimized,5,3,5,1.087421,1.0878468,1.0873419999999998,1.0895869999999999,0.0008713234531446621,0.3663844,0.0154982,0.7059641999999999,,,custom:libsad_search_d69133c4e36ad5.so,/home/rzzhang/sad_merged/sad/build/libsad_search_d69133c4e36ad5.so
2026-08-23T07:02:11.216917+00:00,20260823T064006,joint:equivariant-qnn:4:69f8bda8ca441b96,ok,,equivariant-qnn,4,8,float64,42,128,2,32,2,1,0.0,legacy,legacy,0,0,,,,,not_applicable,legacy-generic,20,3,20,0.241632,0.24336380000000002,0.23644999999999997,0.251771,0.006303266047058463,0.10577460000000001,0.01525445,0.12233474999999999,,,custom:libsad_search_e3460e95b2f927.so,/home/rzzhang/sad_merged/sad/build/libsad_search_e3460e95b2f927.so
2026-08-23T07:02:11.232691+00:00,20260823T064006,joint:equivariant-qnn:24:094dbb4590510067,ok,,equivariant-qnn,24,8,float64,42,64,2,64,2,1,0.25,rotation,rotation,8,8,compact:L3R0W0-L3R0W0-L3R0W0-L3R0W0-L3R0W0-L3R0W0-L3R0W0-L3R0W0,compact:L3R0W0-L3R0W0-L3R0W0-L3R0W0-L3R0W0-L3R0W0-L3R0W0-L3R0W0,,,not_applicable,optimized,3,3,3,255.11075299999996,255.205633,255.10334400000002,255.40280199999998,0.13945234369011197,87.711206,1.7407263333333336,165.75370066666665,,,custom:libsad_search_d69133c4e36ad5.so,/home/rzzhang/sad_merged/sad/build/libsad_search_d69133c4e36ad5.so
2026-08-23T07:02:12.804598+00:00,20260823T064006,joint:equivariant-qnn:28:19f48284967ed5f5,ok,,equivariant-qnn,28,8,float64,42,128,2,128,2,2,1.0,rotation,rotation,28,28,compact:L1R0W0-L1R0W0-L1R0W0-L1R0W0-L1R0W0-L1R0W0-L1R0W0-L1R0W0-L1R0W0-L1R0W0-L1R0W0-L1R0W0-L1R0W0-L1R0W0-L1R0W0-L1R0W0-L1R0W0-L1R0W0-L1R0W0-L1R0W0-L1R0W0-L1R0W0-L1R0W0-L1R0W0-L1R0W0-L1R0W0-L1R0W0-L1R0W0,compact:L1R0W0-L1R0W0-L1R0W0-L1R0W0-L1R0W0-L1R0W0-L1R0W0-L1R0W0-L1R0W0-L1R0W0-L1R0W0-L1R0W0-L1R0W0-L1R0W0-L1R0W0-L1R0W0-L1R0W0-L1R0W0-L1R0W0-L1R0W0-L1R0W0-L1R0W0-L1R0W0-L1R0W0-L1R0W0-L1R0W0-L1R0W0-L1R0W0,,,not_applicable,optimized,2,3,2,13135.470657,13135.470657,13132.712055999998,13138.229258000001,2.758601000001363,4393.964359,83.19278750000001,8658.313510500002,,,custom:libsad_search_fad73079be189a.so,/home/rzzhang/sad_merged/sad/build/libsad_search_fad73079be189a.so
2026-08-23T07:03:18.512646+00:00,20260823T064006,joint:equivariant-qnn:6:36824e78ad065916,ok,,equivariant-qnn,6,8,float64,42,64,2,64,2,2,0.25,rotation,rotation,2,2,compact:L3R0W0-L3R0W0,compact:L3R0W0-L3R0W0,,,not_applicable,optimized,20,3,20,0.379907,0.37721905,0.37277299999999997,0.380884,0.003637375021564316,0.14282385,0.01549005,0.21890515000000002,,,custom:libsad_search_ae5663d41dfb3d.so,/home/rzzhang/sad_merged/sad/build/libsad_search_ae5663d41dfb3d.so
2026-08-23T07:03:18.536770+00:00,20260823T064006,joint:equivariant-qnn:4:67ce45440265a44c,ok,,equivariant-qnn,4,8,float64,42,32,2,128,2,1,0.0,legacy,legacy,0,0,,,,,not_applicable,legacy-generic,20,3,20,0.276403,0.27619335,0.275384,0.27741,0.0005316958975768,0.0772522,0.015524099999999999,0.18341705,,,custom:libsad_search_7c2e0b28add24f.so,/home/rzzhang/sad_merged/sad/build/libsad_search_7c2e0b28add24f.so
2026-08-23T07:03:18.558624+00:00,20260823T064006,joint:equivariant-qnn:16:285f4ec87717ba4b,ok,,equivariant-qnn,16,8,float64,42,32,2,128,2,2,1.0,rotation,rotation,16,16,compact:L1R0W0-L1R0W0-L1R0W0-L1R0W0-L1R0W0-L1R0W0-L1R0W0-L1R0W0-L1R0W0-L1R0W0-L1R0W0-L1R0W0-L1R0W0-L1R0W0-L1R0W0-L1R0W0,compact:L1R0W0-L1R0W0-L1R0W0-L1R0W0-L1R0W0-L1R0W0-L1R0W0-L1R0W0-L1R0W0-L1R0W0-L1R0W0-L1R0W0-L1R0W0-L1R0W0-L1R0W0-L1R0W0,,,not_applicable,optimized,5,3,5,3.5953,3.5987446,3.5904320000000003,3.6105219999999996,0.007021601059587232,1.5803921999999997,0.015539599999999999,2.0028128,,,custom:libsad_search_57309a924b2f38.so,/home/rzzhang/sad_merged/sad/build/libsad_search_57309a924b2f38.so
2026-08-23T07:03:18.607390+00:00,20260823T064006,joint:equivariant-qnn:14:224902da613d8f91,ok,,equivariant-qnn,14,8,float64,42,32,2,32,2,1,1.0,rotation,rotation,14,14,compact:L1R0W0-L1R0W0-L1R0W0-L1R0W0-L1R0W0-L1R0W0-L1R0W0-L1R0W0-L1R0W0-L1R0W0-L1R0W0-L1R0W0-L1R0W0-L1R0W0,compact:L1R0W0-L1R0W0-L1R0W0-L1R0W0-L1R0W0-L1R0W0-L1R0W0-L1R0W0-L1R0W0-L1R0W0-L1R0W0-L1R0W0-L1R0W0-L1R0W0,,,not_applicable,optimized,10,3,10,2.2282135,2.2266759,2.221951,2.22929,0.002729473152460056,1.0534942,0.015597100000000001,1.1575846,,,custom:libsad_search_e1d9f2a2400c61.so,/home/rzzhang/sad_merged/sad/build/libsad_search_e1d9f2a2400c61.so
2026-08-23T07:03:18.651568+00:00,20260823T064006,joint:equivariant-qnn:16:da13d6732dada781,ok,,equivariant-qnn,16,8,float64,42,64,2,64,2,2,0.0,rotation,rotation,2,2,compact:L5R2W1-L5R2W1,compact:L5R2W1-L5R2W1,,,not_applicable,optimized,5,3,5,1.081212,1.0808818,1.080267,1.0813530000000002,0.00047740775025128715,0.359771,0.0155628,0.7055480000000001,,,custom:libsad_search_ae5663d41dfb3d.so,/home/rzzhang/sad_merged/sad/build/libsad_search_ae5663d41dfb3d.so
2026-08-23T07:03:18.679478+00:00,20260823T064006,joint:equivariant-qnn:16:291dc83b227d35a2,ok,,equivariant-qnn,16,8,float64,42,32,2,128,2,2,0.5,rotation,rotation,10,9,compact:L2R0W0-L2R0W0-L2R0W0-L2R0W0-L2R0W0-L2R0W0-L1R0W0-L1R0W0-L1R0W0-L1R0W0,compact:L2R0W0-L2R0W0-L2R0W0-L2R0W0-L2R0W0-L2R0W0-L2R0W0-L1R0W0-L1R0W0,,,not_applicable,optimized,5,3,5,2.428919,2.429337,2.428886,2.430989,0.0008266866395436186,1.0516684,0.015539,1.3621295999999998,,,custom:libsad_search_57309a924b2f38.so,/home/rzzhang/sad_merged/sad/build/libsad_search_57309a924b2f38.so
2026-08-23T07:03:18.718405+00:00,20260823T064006,joint:equivariant-qnn:28:0d4edcbdcddb3c06,ok,,equivariant-qnn,28,8,float64,42,32,2,32,2,2,1.0,rotation,rotation,28,28,compact:L1R0W0-L1R0W0-L1R0W0-L1R0W0-L1R0W0-L1R0W0-L1R0W0-L1R0W0-L1R0W0-L1R0W0-L1R0W0-L1R0W0-L1R0W0-L1R0W0-L1R0W0-L1R0W0-L1R0W0-L1R0W0-L1R0W0-L1R0W0-L1R0W0-L1R0W0-L1R0W0-L1R0W0-L1R0W0-L1R0W0-L1R0W0-L1R0W0,compact:L1R0W0-L1R0W0-L1R0W0-L1R0W0-L1R0W0-L1R0W0-L1R0W0-L1R0W0-L1R0W0-L1R0W0-L1R0W0-L1R0W0-L1R0W0-L1R0W0-L1R0W0-L1R0W0-L1R0W0-L1R0W0-L1R0W0-L1R0W0-L1R0W0-L1R0W0-L1R0W0-L1R0W0-L1R0W0-L1R0W0-L1R0W0-L1R0W0,,,not_applicable,optimized,2,3,2,13122.902584,13122.902584,13120.568626,13125.236542,2.333958000000166,4390.7455035,83.0369055,8649.120175,,,custom:libsad_search_6e9ecc13ac7654.so,/home/rzzhang/sad_merged/sad/build/libsad_search_6e9ecc13ac7654.so
2026-08-23T07:04:24.385565+00:00,20260823T064006,joint:equivariant-qnn:20:86c1a0473420aa7a,ok,,equivariant-qnn,20,8,float64,42,128,2,32,2,1,0.5,rotation,rotation,12,12,compact:L2R0W0-L2R0W0-L2R0W0-L2R0W0-L2R0W0-L2R0W0-L2R0W0-L2R0W0-L1R0W0-L1R0W0-L1R0W0-L1R0W0,compact:L2R0W0-L2R0W0-L2R0W0-L2R0W0-L2R0W0-L2R0W0-L2R0W0-L2R0W0-L1R0W0-L1R0W0-L1R0W0-L1R0W0,,,not_applicable,optimized,5,3,5,16.464239,16.4636556,16.458762,16.466071999999997,0.0025530072150300445,6.9468482,0.09789840000000001,9.418909,,,custom:libsad_search_78523faf565e9a.so,/home/rzzhang/sad_merged/sad/build/libsad_search_78523faf565e9a.so
2026-08-23T07:04:24.552477+00:00,20260823T064006,joint:equivariant-qnn:14:929db944b266c418,ok,,equivariant-qnn,14,8,float64,42,32,2,128,2,1,1.0,rotation,rotation,14,14,compact:L1R0W0-L1R0W0-L1R0W0-L1R0W0-L1R0W0-L1R0W0-L1R0W0-L1R0W0-L1R0W0-L1R0W0-L1R0W0-L1R0W0-L1R0W0-L1R0W0,compact:L1R0W0-L1R0W0-L1R0W0-L1R0W0-L1R0W0-L1R0W0-L1R0W0-L1R0W0-L1R0W0-L1R0W0-L1R0W0-L1R0W0-L1R0W0-L1R0W0,,,not_applicable,optimized,10,3,10,2.5871125,2.5863115999999997,2.580545,2.589556,0.0030021952035135615,1.0535875000000001,0.0154078,1.5173163,,,custom:libsad_search_44993f541f55e5.so,/home/rzzhang/sad_merged/sad/build/libsad_search_44993f541f55e5.so
2026-08-23T07:04:24.602094+00:00,20260823T064006,joint:equivariant-qnn:8:df88edae7a8b503b,ok,,equivariant-qnn,8,8,float64,42,128,2,32,2,1,0.5,rotation,rotation,4,5,compact:L2R0W0-L2R0W0-L2R0W0-L2R0W0,compact:L2R0W0-L2R0W0-L2R0W0-L1R0W0-L1R0W0,,,not_applicable,optimized,20,3,20,0.750514,0.74857565,0.742496,0.751555,0.0031474433160106267,0.34156345,0.015758150000000002,0.39125404999999996,,,custom:libsad_search_78523faf565e9a.so,/home/rzzhang/sad_merged/sad/build/libsad_search_78523faf565e9a.so
2026-08-23T07:04:24.634591+00:00,20260823T064006,joint:equivariant-qnn:14:6d54fb4db3955275,ok,,equivariant-qnn,14,8,float64,42,32,2,32,2,2,0.25,rotation,rotation,5,5,compact:L3R0W0-L3R0W0-L3R0W0-L3R0W0-L2R0W0,compact:L3R0W0-L3R0W0-L3R0W0-L3R0W0-L2R0W0,,,not_applicable,optimized,10,3,10,1.009559,1.0095168,1.008619,1.010683,0.0005367663923905887,0.42138410000000004,0.0155016,0.5726311,,,custom:libsad_search_6e9ecc13ac7654.so,/home/rzzhang/sad_merged/sad/build/libsad_search_6e9ecc13ac7654.so
2026-08-23T07:04:24.660390+00:00,20260823T064006,joint:equivariant-qnn:24:e19134466ac7fda3,ok,,equivariant-qnn,24,8,float64,42,64,2,64,2,1,0.0,legacy,legacy,0,0,,,,,not_applicable,legacy-generic,3,3,3,220.859969,220.86181533333334,220.82744399999999,220.898033,0.028847396651272193,59.369573,1.737399,159.75484333333333,,,custom:libsad_search_a82e9b3f4b7d25.so,/home/rzzhang/sad_merged/sad/build/libsad_search_a82e9b3f4b7d25.so
2026-08-23T07:04:26.012044+00:00,20260823T064006,joint:equivariant-qnn:26:9e5d2f13656adf9d,ok,,equivariant-qnn,26,8,float64,42,64,2,64,2,1,0.0,rotation,rotation,4,4,compact:L5R2W0-L5R2W0-L5R1W0-L5R1W0,compact:L5R2W0-L5R2W0-L5R1W0-L5R1W0,,,not_applicable,optimized,2,3,2,938.705098,938.705098,938.52994,938.880256,0.17515800000001036,252.55800900000003,11.4561905,674.6908985,,,custom:libsad_search_d69133c4e36ad5.so,/home/rzzhang/sad_merged/sad/build/libsad_search_d69133c4e36ad5.so
2026-08-23T07:04:30.738196+00:00,20260823T064006,joint:equivariant-qnn:8:34ce704ff934f6e1,ok,,equivariant-qnn,8,8,float64,42,32,2,128,2,2,0.5,rotation,rotation,5,4,compact:L2R0W0-L2R0W0-L2R0W0-L1R0W0-L1R0W0,compact:L2R0W0-L2R0W0-L2R0W0-L2R0W0,,,not_applicable,optimized,20,3,20,0.8017104999999999,0.8014043,0.799664,0.8028270000000001,0.0008834078389962495,0.3161684,0.0156034,0.46963250000000006,,,custom:libsad_search_57309a924b2f38.so,/home/rzzhang/sad_merged/sad/build/libsad_search_57309a924b2f38.so
2026-08-23T07:04:30.783616+00:00,20260823T064006,joint:equivariant-qnn:10:3791b49d12edcb80,ok,,equivariant-qnn,10,8,float64,42,128,2,128,2,1,0.5,rotation,rotation,6,6,compact:L2R0W0-L2R0W0-L2R0W0-L2R0W0-L1R0W0-L1R0W0,compact:L2R0W0-L2R0W0-L2R0W0-L2R0W0-L1R0W0-L1R0W0,,,not_applicable,optimized,10,3,10,1.2415595000000001,1.241568,1.24099,1.24215,0.0004973919983273202,0.5334029000000001,0.015353,0.6928120999999999,,,custom:libsad_search_726ce3dd431232.so,/home/rzzhang/sad_merged/sad/build/libsad_search_726ce3dd431232.so
2026-08-23T07:04:30.816315+00:00,20260823T064006,joint:equivariant-qnn:8:5b4004aca9a5cb32,ok,,equivariant-qnn,8,8,float64,42,64,2,64,2,2,0.5,rotation,rotation,4,4,compact:L2R0W0-L2R0W0-L2R0W0-L2R0W0,compact:L2R0W0-L2R0W0-L2R0W0-L2R0W0,,,not_applicable,optimized,20,3,20,0.6676785,0.6697739,0.666589,0.675954,0.003473928639163449,0.2807102,0.01541035,0.37365335,,,custom:libsad_search_ae5663d41dfb3d.so,/home/rzzhang/sad_merged/sad/build/libsad_search_ae5663d41dfb3d.so
2026-08-23T07:04:30.846913+00:00,20260823T064006,joint:equivariant-qnn:18:0c111cf5297423d0,ok,,equivariant-qnn,18,8,float64,42,64,2,64,2,2,0.5,rotation,rotation,10,10,compact:L2R0W0-L2R0W0-L2R0W0-L2R0W0-L2R0W0-L2R0W0-L2R0W0-L2R0W0-L1R0W0-L1R0W0,compact:L2R0W0-L2R0W0-L2R0W0-L2R0W0-L2R0W0-L2R0W0-L2R0W0-L2R0W0-L1R0W0-L1R0W0,,,not_applicable,optimized,5,3,5,5.07303,5.0739692,5.0727970000000004,5.078022,0.0020281932255087633,2.1768254,0.0314354,2.8657084,,,custom:libsad_search_ae5663d41dfb3d.so,/home/rzzhang/sad_merged/sad/build/libsad_search_ae5663d41dfb3d.so
2026-08-23T07:04:30.901497+00:00,20260823T064006,joint:equivariant-qnn:10:08d9a2dda1f5b8ae,ok,,equivariant-qnn,10,8,float64,42,64,2,64,2,2,0.25,rotation,rotation,4,4,compact:L3R0W0-L3R0W0-L2R0W0-L2R0W0,compact:L3R0W0-L3R0W0-L2R0W0-L2R0W0,,,not_applicable,optimized,10,3,10,0.766958,0.7667449,0.7650009999999999,0.767886,0.000737207765829965,0.31419820000000004,0.015511200000000001,0.4370355,,,custom:libsad_search_ae5663d41dfb3d.so,/home/rzzhang/sad_merged/sad/build/libsad_search_ae5663d41dfb3d.so
2026-08-23T07:04:30.925573+00:00,20260823T064006,joint:equivariant-qnn:24:c791060545bdfdaf,ok,,equivariant-qnn,24,8,float64,42,32,2,128,2,1,1.0,rotation,rotation,24,24,compact:L1R0W0-L1R0W0-L1R0W0-L1R0W0-L1R0W0-L1R0W0-L1R0W0-L1R0W0-L1R0W0-L1R0W0-L1R0W0-L1R0W0-L1R0W0-L1R0W0-L1R0W0-L1R0W0-L1R0W0-L1R0W0-L1R0W0-L1R0W0-L1R0W0-L1R0W0-L1R0W0-L1R0W0,compact:L1R0W0-L1R0W0-L1R0W0-L1R0W0-L1R0W0-L1R0W0-L1R0W0-L1R0W0-L1R0W0-L1R0W0-L1R0W0-L1R0W0-L1R0W0-L1R0W0-L1R0W0-L1R0W0-L1R0W0-L1R0W0-L1R0W0-L1R0W0-L1R0W0-L1R0W0-L1R0W0-L1R0W0,,,not_applicable,optimized,3,3,3,707.810583,707.854276,707.786247,707.9659979999999,0.07962166450152744,238.598678,1.743356,467.512242,,,custom:libsad_search_44993f541f55e5.so,/home/rzzhang/sad_merged/sad/build/libsad_search_44993f541f55e5.so
2026-08-23T07:04:35.206893+00:00,20260823T064006,joint:equivariant-qnn:20:fb1cc10d1a4ee744,ok,,equivariant-qnn,20,8,float64,42,64,2,64,2,1,0.25,rotation,rotation,7,7,compact:L3R0W0-L3R0W0-L3R0W0-L3R0W0-L3R0W0-L3R0W0-L2R0W0,compact:L3R0W0-L3R0W0-L3R0W0-L3R0W0-L3R0W0-L3R0W0-L2R0W0,,,not_applicable,optimized,5,3,5,14.480497999999997,14.4803676,14.479525,14.481608999999999,0.0007410696593435113,5.3392188,0.09722159999999999,9.043927199999999,,,custom:libsad_search_d69133c4e36ad5.so,/home/rzzhang/sad_merged/sad/build/libsad_search_d69133c4e36ad5.so
2026-08-23T07:04:35.349792+00:00,20260823T064006,joint:equivariant-qnn:12:c324e3ef1546f014,ok,,equivariant-qnn,12,8,float64,42,32,2,128,2,2,1.0,rotation,rotation,12,12,compact:L1R0W0-L1R0W0-L1R0W0-L1R0W0-L1R0W0-L1R0W0-L1R0W0-L1R0W0-L1R0W0-L1R0W0-L1R0W0-L1R0W0,compact:L1R0W0-L1R0W0-L1R0W0-L1R0W0-L1R0W0-L1R0W0-L1R0W0-L1R0W0-L1R0W0-L1R0W0-L1R0W0-L1R0W0,,,not_applicable,optimized,10,3,10,2.052603,2.061318,2.051086,2.132971,0.02398921497673484,0.8320526,0.0153562,1.2139092,,,custom:libsad_search_57309a924b2f38.so,/home/rzzhang/sad_merged/sad/build/libsad_search_57309a924b2f38.so
2026-08-23T07:04:35.399008+00:00,20260823T064006,joint:equivariant-qnn:20:c490df9e484cee6a,ok,,equivariant-qnn,20,8,float64,42,128,2,32,2,1,1.0,rotation,rotation,20,20,compact:L1R0W0-L1R0W0-L1R0W0-L1R0W0-L1R0W0-L1R0W0-L1R0W0-L1R0W0-L1R0W0-L1R0W0-L1R0W0-L1R0W0-L1R0W0-L1R0W0-L1R0W0-L1R0W0-L1R0W0-L1R0W0-L1R0W0-L1R0W0,compact:L1R0W0-L1R0W0-L1R0W0-L1R0W0-L1R0W0-L1R0W0-L1R0W0-L1R0W0-L1R0W0-L1R0W0-L1R0W0-L1R0W0-L1R0W0-L1R0W0-L1R0W0-L1R0W0-L1R0W0-L1R0W0-L1R0W0-L1R0W0,,,not_applicable,optimized,5,3,5,21.383556999999996,21.386147599999997,21.382391000000002,21.392625,0.0042091847951824255,10.163419,0.1007286,11.122,,,custom:libsad_search_78523faf565e9a.so,/home/rzzhang/sad_merged/sad/build/libsad_search_78523faf565e9a.so
2026-08-23T07:04:35.600906+00:00,20260823T064006,joint:equivariant-qnn:14:999e7d59d91e7ce2,ok,,equivariant-qnn,14,8,float64,42,32,2,32,2,1,0.0,rotation,rotation,2,2,compact:L5R2W0-L5R2W0,compact:L5R2W0-L5R2W0,,,not_applicable,optimized,10,3,10,0.6142915,0.6141717,0.6132850000000001,0.615537,0.0006101555621314776,0.2123586,0.015503399999999999,0.38630970000000003,,,custom:libsad_search_e1d9f2a2400c61.so,/home/rzzhang/sad_merged/sad/build/libsad_search_e1d9f2a2400c61.so
2026-08-23T07:04:35.624605+00:00,20260823T064006,joint:equivariant-qnn:16:66af889654d7fde3,ok,,equivariant-qnn,16,8,float64,42,128,2,32,2,2,0.75,rotation,rotation,12,13,compact:L2R0W0-L2R0W0-L2R0W0-L2R0W0-L1R0W0-L1R0W0-L1R0W0-L1R0W0-L1R0W0-L1R0W0-L1R0W0-L1R0W0,compact:L2R0W0-L2R0W0-L2R0W0-L1R0W0-L1R0W0-L1R0W0-L1R0W0-L1R0W0-L1R0W0-L1R0W0-L1R0W0-L1R0W0-L1R0W0,,,not_applicable,optimized,5,3,5,3.021833,3.0222346,3.0207469999999996,3.023847,0.0010622449058480601,1.419516,0.0154224,1.5872962,,,custom:libsad_search_e09d5834859473.so,/home/rzzhang/sad_merged/sad/build/libsad_search_e09d5834859473.so
2026-08-23T07:04:35.664229+00:00,20260823T064006,joint:equivariant-qnn:4:3a542e6a46810331,ok,,equivariant-qnn,4,8,float64,42,64,2,64,2,1,0.0,legacy,legacy,0,0,,,,,not_applicable,legacy-generic,20,3,20,0.24384699999999998,0.24418565,0.24356299999999997,0.245617,0.0005688544871054539,0.08555475,0.015230850000000002,0.14340004999999997,,,custom:libsad_search_a82e9b3f4b7d25.so,/home/rzzhang/sad_merged/sad/build/libsad_search_a82e9b3f4b7d25.so
2026-08-23T07:04:35.685421+00:00,20260823T064006,joint:equivariant-qnn:14:37ecdc989a05d61f,ok,,equivariant-qnn,14,8,float64,42,64,2,64,2,2,0.25,rotation,rotation,5,5,compact:L3R0W0-L3R0W0-L3R0W0-L3R0W0-L2R0W0,compact:L3R0W0-L3R0W0-L3R0W0-L3R0W0-L2R0W0,,,not_applicable,optimized,10,3,10,1.1805415,1.1799224,1.174793,1.181627,0.0017848062191733742,0.4860177,0.015457000000000002,0.6784477,,,custom:libsad_search_ae5663d41dfb3d.so,/home/rzzhang/sad_merged/sad/build/libsad_search_ae5663d41dfb3d.so
2026-08-23T07:04:35.716193+00:00,20260823T064006,joint:equivariant-qnn:14:8df5cc807edea8bd,ok,,equivariant-qnn,14,8,float64,42,128,2,32,2,2,0.25,rotation,rotation,5,5,compact:L3R0W0-L3R0W0-L3R0W0-L3R0W0-L2R0W0,compact:L3R0W0-L3R0W0-L3R0W0-L3R0W0-L2R0W0,,,not_applicable,optimized,10,3,10,1.2186485,1.2213667,1.218222,1.225732,0.0035525034004206062,0.6052513,0.0152154,0.6009,,,custom:libsad_search_e09d5834859473.so,/home/rzzhang/sad_merged/sad/build/libsad_search_e09d5834859473.so
2026-08-23T07:04:35.745087+00:00,20260823T064006,joint:equivariant-qnn:16:42baef4f717e6398,ok,,equivariant-qnn,16,8,float64,42,32,2,128,2,1,1.0,rotation,rotation,16,16,compact:L1R0W0-L1R0W0-L1R0W0-L1R0W0-L1R0W0-L1R0W0-L1R0W0-L1R0W0-L1R0W0-L1R0W0-L1R0W0-L1R0W0-L1R0W0-L1R0W0-L1R0W0-L1R0W0,compact:L1R0W0-L1R0W0-L1R0W0-L1R0W0-L1R0W0-L1R0W0-L1R0W0-L1R0W0-L1R0W0-L1R0W0-L1R0W0-L1R0W0-L1R0W0-L1R0W0-L1R0W0-L1R0W0,,,not_applicable,optimized,5,3,5,3.780646,3.7814542,3.778572,3.786846,0.0028828401551248026,1.6619688000000001,0.015497199999999997,2.1039882,,,custom:libsad_search_44993f541f55e5.so,/home/rzzhang/sad_merged/sad/build/libsad_search_44993f541f55e5.so
2026-08-23T07:04:35.790324+00:00,20260823T064006,joint:equivariant-qnn:4:e11979a6c9343f3f,ok,,equivariant-qnn,4,8,float64,42,32,2,32,2,1,0.5,rotation,rotation,2,2,compact:L2R0W0-L2R0W0,compact:L2R0W0-L2R0W0,,,not_applicable,optimized,20,3,20,0.30613,0.30603915000000004,0.305125,0.306307,0.00030030455790747433,0.12446979999999999,0.0156724,0.16589695,,,custom:libsad_search_e1d9f2a2400c61.so,/home/rzzhang/sad_merged/sad/build/libsad_search_e1d9f2a2400c61.so
2026-08-23T07:04:35.812982+00:00,20260823T064006,joint:equivariant-qnn:4:b3b8427d23cba4ec,ok,,equivariant-qnn,4,8,float64,42,32,2,128,2,2,0.75,rotation,rotation,3,3,compact:L2R0W0-L1R0W0-L1R0W0,compact:L2R0W0-L1R0W0-L1R0W0,,,not_applicable,optimized,20,3,20,0.46078299999999994,0.4607653500000001,0.453927,0.461982,0.0016417543139885435,0.1687287,0.0156412,0.27639545000000004,,,custom:libsad_search_57309a924b2f38.so,/home/rzzhang/sad_merged/sad/build/libsad_search_57309a924b2f38.so
2026-08-23T07:04:35.837834+00:00,20260823T064006,joint:equivariant-qnn:16:f17bca2edad5455f,ok,,equivariant-qnn,16,8,float64,42,64,2,64,2,1,0.0,legacy,legacy,0,0,,,,,not_applicable,legacy-generic,5,3,5,1.167263,1.1669129999999999,1.1653269999999998,1.168292,0.0010107804905122627,0.39653580000000005,0.0152302,0.755147,,,custom:libsad_search_a82e9b3f4b7d25.so,/home/rzzhang/sad_merged/sad/build/libsad_search_a82e9b3f4b7d25.so
2026-08-23T07:04:35.861711+00:00,20260823T064006,joint:equivariant-qnn:24:bd3083b5f43608e5,ok,,equivariant-qnn,24,8,float64,42,64,2,64,2,2,0.75,rotation,rotation,19,19,compact:L2R0W0-L2R0W0-L2R0W0-L2R0W0-L2R0W0-L1R0W0-L1R0W0-L1R0W0-L1R0W0-L1R0W0-L1R0W0-L1R0W0-L1R0W0-L1R0W0-L1R0W0-L1R0W0-L1R0W0-L1R0W0-L1R0W0,compact:L2R0W0-L2R0W0-L2R0W0-L2R0W0-L2R0W0-L1R0W0-L1R0W0-L1R0W0-L1R0W0-L1R0W0-L1R0W0-L1R0W0-L1R0W0-L1R0W0-L1R0W0-L1R0W0-L1R0W0-L1R0W0-L1R0W0,,,not_applicable,optimized,3,3,3,567.9392819999999,567.956513,567.89369,568.0365670000001,0.05958825277412756,192.38789833333334,1.736011,373.83260366666667,,,custom:libsad_search_ae5663d41dfb3d.so,/home/rzzhang/sad_merged/sad/build/libsad_search_ae5663d41dfb3d.so
2026-08-23T07:04:39.301416+00:00,20260823T064006,joint:equivariant-qnn:8:3852276b7200af6f,ok,,equivariant-qnn,8,8,float64,42,128,2,32,2,2,0.25,rotation,rotation,3,4,compact:L3R0W0-L3R0W0-L2R0W0,compact:L2R0W0-L2R0W0-L2R0W0-L2R0W0,,,not_applicable,optimized,20,3,20,0.631772,0.6318339,0.630677,0.632935,0.0006352676522537541,0.2775281,0.01535405,0.33895175000000005,,,custom:libsad_search_e09d5834859473.so,/home/rzzhang/sad_merged/sad/build/libsad_search_e09d5834859473.so
2026-08-23T07:04:39.335549+00:00,20260823T064006,joint:equivariant-qnn:20:bd2aa0269432e3e2,ok,,equivariant-qnn,20,8,float64,42,128,2,32,2,2,0.25,rotation,rotation,7,7,compact:L3R0W0-L3R0W0-L3R0W0-L3R0W0-L3R0W0-L3R0W0-L2R0W0,compact:L3R0W0-L3R0W0-L3R0W0-L3R0W0-L3R0W0-L3R0W0-L2R0W0,,,not_applicable,optimized,5,3,5,15.179037,15.181254599999999,15.176841999999999,15.186235,0.0037625856322488133,5.659453,0.10083539999999999,9.4209662,,,custom:libsad_search_e09d5834859473.so,/home/rzzhang/sad_merged/sad/build/libsad_search_e09d5834859473.so
2026-08-23T07:04:39.478333+00:00,20260823T064006,joint:equivariant-qnn:16:d1082d36de20fc89,ok,,equivariant-qnn,16,8,float64,42,64,2,64,2,2,0.25,rotation,rotation,6,6,compact:L3R0W0-L3R0W0-L3R0W0-L3R0W0-L2R0W0-L2R0W0,compact:L3R0W0-L3R0W0-L3R0W0-L3R0W0-L2R0W0-L2R0W0,,,not_applicable,optimized,5,3,5,1.8604200000000002,1.8597842,1.858668,1.8605850000000002,0.0009078822390597341,0.775593,0.0152562,1.068935,,,custom:libsad_search_ae5663d41dfb3d.so,/home/rzzhang/sad_merged/sad/build/libsad_search_ae5663d41dfb3d.so
2026-08-23T07:04:39.512697+00:00,20260823T064006,joint:equivariant-qnn:22:1b15b9fd7c5999b9,ok,,equivariant-qnn,22,8,float64,42,64,2,64,2,1,0.5,rotation,rotation,12,12,compact:L2R0W0-L2R0W0-L2R0W0-L2R0W0-L2R0W0-L2R0W0-L2R0W0-L2R0W0-L2R0W0-L2R0W0-L1R0W0-L1R0W0,compact:L2R0W0-L2R0W0-L2R0W0-L2R0W0-L2R0W0-L2R0W0-L2R0W0-L2R0W0-L2R0W0-L2R0W0-L1R0W0-L1R0W0,,,not_applicable,optimized,3,3,3,87.033387,86.98652499999999,86.859221,87.06696699999999,0.0910554241913457,25.336544333333336,0.39086,61.25912066666667,,,custom:libsad_search_d69133c4e36ad5.so,/home/rzzhang/sad_merged/sad/build/libsad_search_d69133c4e36ad5.so
2026-08-23T07:04:40.066048+00:00,20260823T064006,joint:equivariant-qnn:10:e068cb7b860609fc,ok,,equivariant-qnn,10,8,float64,42,32,2,128,2,2,0.75,rotation,rotation,8,8,compact:L2R0W0-L2R0W0-L1R0W0-L1R0W0-L1R0W0-L1R0W0-L1R0W0-L1R0W0,compact:L2R0W0-L2R0W0-L1R0W0-L1R0W0-L1R0W0-L1R0W0-L1R0W0-L1R0W0,,,not_applicable,optimized,10,3,10,1.3466,1.3469394,1.346463,1.3485509999999998,0.0006567657421028888,0.5229615,0.015383199999999998,0.8085947,,,custom:libsad_search_57309a924b2f38.so,/home/rzzhang/sad_merged/sad/build/libsad_search_57309a924b2f38.so
2026-08-23T07:04:40.105654+00:00,20260823T064006,joint:equivariant-qnn:18:4a3b816c2c1052e9,ok,,equivariant-qnn,18,8,float64,42,32,2,32,2,1,0.0,legacy,legacy,0,0,,,,,not_applicable,legacy-generic,5,3,5,3.3136240000000003,3.3142974,3.311688,3.31992,0.002902706020250795,1.0473624000000001,0.031881400000000004,2.2350536,,,custom:libsad_search_cadde23b7a4b57.so,/home/rzzhang/sad_merged/sad/build/libsad_search_cadde23b7a4b57.so
2026-08-23T07:04:40.148671+00:00,20260823T064006,joint:equivariant-qnn:8:c1ecc555564f019a,ok,,equivariant-qnn,8,8,float64,42,64,2,64,2,1,0.25,rotation,rotation,3,3,compact:L3R0W0-L3R0W0-L2R0W0,compact:L3R0W0-L3R0W0-L2R0W0,,,not_applicable,optimized,20,3,20,0.5661275,0.5658805499999999,0.565102,0.567357,0.0006086387660180629,0.22513475,0.0154147,0.32533110000000004,,,custom:libsad_search_d69133c4e36ad5.so,/home/rzzhang/sad_merged/sad/build/libsad_search_d69133c4e36ad5.so
2026-08-23T07:04:40.177034+00:00,20260823T064006,joint:equivariant-qnn:18:131ba1852f293d96,ok,,equivariant-qnn,18,8,float64,42,128,2,128,2,2,0.75,rotation,rotation,14,14,compact:L2R0W0-L2R0W0-L2R0W0-L2R0W0-L1R0W0-L1R0W0-L1R0W0-L1R0W0-L1R0W0-L1R0W0-L1R0W0-L1R0W0-L1R0W0-L1R0W0,compact:L2R0W0-L2R0W0-L2R0W0-L2R0W0-L1R0W0-L1R0W0-L1R0W0-L1R0W0-L1R0W0-L1R0W0-L1R0W0-L1R0W0-L1R0W0-L1R0W0,,,not_applicable,optimized,5,3,5,6.687679,6.688407,6.685887,6.691928,0.0021576469590733967,3.024531,0.03207499999999999,3.6318009999999994,,,custom:libsad_search_fad73079be189a.so,/home/rzzhang/sad_merged/sad/build/libsad_search_fad73079be189a.so
2026-08-23T07:04:40.244664+00:00,20260823T064006,joint:equivariant-qnn:16:2f052cc1637c883b,ok,,equivariant-qnn,16,8,float64,42,32,2,128,2,1,0.75,rotation,rotation,13,12,compact:L2R0W0-L2R0W0-L2R0W0-L1R0W0-L1R0W0-L1R0W0-L1R0W0-L1R0W0-L1R0W0-L1R0W0-L1R0W0-L1R0W0-L1R0W0,compact:L2R0W0-L2R0W0-L2R0W0-L2R0W0-L1R0W0-L1R0W0-L1R0W0-L1R0W0-L1R0W0-L1R0W0-L1R0W0-L1R0W0,,,not_applicable,optimized,5,3,5,3.1794179999999996,3.1795242000000004,3.1776310000000003,3.1817110000000004,0.0014664077741202144,1.4084282000000001,0.0157146,1.7553814,,,custom:libsad_search_44993f541f55e5.so,/home/rzzhang/sad_merged/sad/build/libsad_search_44993f541f55e5.so
2026-08-23T07:04:40.292932+00:00,20260823T064006,joint:equivariant-qnn:16:a1a78648b85c8c09,ok,,equivariant-qnn,16,8,float64,42,64,2,64,2,1,0.25,rotation,rotation,6,6,compact:L3R0W0-L3R0W0-L3R0W0-L3R0W0-L2R0W0-L2R0W0,compact:L3R0W0-L3R0W0-L3R0W0-L3R0W0-L2R0W0-L2R0W0,,,not_applicable,optimized,5,3,5,1.8862560000000002,1.8863945999999998,1.885154,1.8872559999999998,0.0007656854706731163,0.7858458,0.0157246,1.0848242000000001,,,custom:libsad_search_d69133c4e36ad5.so,/home/rzzhang/sad_merged/sad/build/libsad_search_d69133c4e36ad5.so
2026-08-23T07:04:40.324296+00:00,20260823T064006,joint:equivariant-qnn:28:6f7ff361d6e7d278,ok,,equivariant-qnn,28,8,float64,42,64,2,64,2,1,0.75,rotation,rotation,22,22,compact:L2R0W0-L2R0W0-L2R0W0-L2R0W0-L2R0W0-L2R0W0-L1R0W0-L1R0W0-L1R0W0-L1R0W0-L1R0W0-L1R0W0-L1R0W0-L1R0W0-L1R0W0-L1R0W0-L1R0W0-L1R0W0-L1R0W0-L1R0W0-L1R0W0-L1R0W0,compact:L2R0W0-L2R0W0-L2R0W0-L2R0W0-L2R0W0-L2R0W0-L1R0W0-L1R0W0-L1R0W0-L1R0W0-L1R0W0-L1R0W0-L1R0W0-L1R0W0-L1R0W0-L1R0W0-L1R0W0-L1R0W0-L1R0W0-L1R0W0-L1R0W0-L1R0W0,,,not_applicable,optimized,2,3,2,10431.218347499998,10431.218347499998,10430.995307,10431.441388,0.22304050000002462,3495.378619,82.9682215,6852.871507,,,custom:libsad_search_d69133c4e36ad5.so,/home/rzzhang/sad_merged/sad/build/libsad_search_d69133c4e36ad5.so
2026-08-23T07:05:32.504009+00:00,20260823T064006,joint:equivariant-qnn:8:742bad1aa6cb695d,ok,,equivariant-qnn,8,8,float64,42,128,2,128,2,2,0.25,rotation,rotation,3,3,compact:L3R0W0-L3R0W0-L2R0W0,compact:L3R0W0-L3R0W0-L2R0W0,,,not_applicable,optimized,20,3,20,0.716852,0.7167144,0.709325,0.718869,0.0018548942934841315,0.27780895,0.015667249999999997,0.4232382,,,custom:libsad_search_fad73079be189a.so,/home/rzzhang/sad_merged/sad/build/libsad_search_fad73079be189a.so
2026-08-23T07:05:32.535389+00:00,20260823T064006,joint:equivariant-qnn:24:8f5880899a1e09d8,ok,,equivariant-qnn,24,8,float64,42,128,2,128,2,1,0.75,rotation,rotation,19,19,compact:L2R0W0-L2R0W0-L2R0W0-L2R0W0-L2R0W0-L1R0W0-L1R0W0-L1R0W0-L1R0W0-L1R0W0-L1R0W0-L1R0W0-L1R0W0-L1R0W0-L1R0W0-L1R0W0-L1R0W0-L1R0W0-L1R0W0,compact:L2R0W0-L2R0W0-L2R0W0-L2R0W0-L2R0W0-L1R0W0-L1R0W0-L1R0W0-L1R0W0-L1R0W0-L1R0W0-L1R0W0-L1R0W0-L1R0W0-L1R0W0-L1R0W0-L1R0W0-L1R0W0-L1R0W0,,,not_applicable,optimized,3,3,3,567.601609,567.6269976666666,567.578876,567.7005079999999,0.05280166760196661,192.25483333333335,1.7455193333333332,373.62664500000005,,,custom:libsad_search_726ce3dd431232.so,/home/rzzhang/sad_merged/sad/build/libsad_search_726ce3dd431232.so
2026-08-23T07:05:35.993211+00:00,20260823T064006,joint:equivariant-qnn:12:fca5b2e56d72ea1f,ok,,equivariant-qnn,12,8,float64,42,128,2,32,2,2,0.75,rotation,rotation,10,10,compact:L2R0W0-L2R0W0-L1R0W0-L1R0W0-L1R0W0-L1R0W0-L1R0W0-L1R0W0-L1R0W0-L1R0W0,compact:L2R0W0-L2R0W0-L1R0W0-L1R0W0-L1R0W0-L1R0W0-L1R0W0-L1R0W0-L1R0W0-L1R0W0,,,not_applicable,optimized,10,3,10,1.722801,1.7228669,1.722225,1.723502,0.0004947349694533331,0.9122501999999999,0.015539900000000004,0.7950768000000001,,,custom:libsad_search_e09d5834859473.so,/home/rzzhang/sad_merged/sad/build/libsad_search_e09d5834859473.so
2026-08-23T07:05:36.026483+00:00,20260823T064006,joint:equivariant-qnn:14:6f133eb92f200365,ok,,equivariant-qnn,14,8,float64,42,64,2,64,2,1,0.5,rotation,rotation,8,8,compact:L2R0W0-L2R0W0-L2R0W0-L2R0W0-L2R0W0-L2R0W0-L1R0W0-L1R0W0,compact:L2R0W0-L2R0W0-L2R0W0-L2R0W0-L2R0W0-L2R0W0-L1R0W0-L1R0W0,,,not_applicable,optimized,10,3,10,1.5478055,1.5482662,1.5471899999999998,1.55226,0.0014874061180457873,0.6832985,0.0152358,0.8497318999999999,,,custom:libsad_search_d69133c4e36ad5.so,/home/rzzhang/sad_merged/sad/build/libsad_search_d69133c4e36ad5.so
2026-08-23T07:05:36.057177+00:00,20260823T064006,joint:equivariant-qnn:14:0033fe9293ead9be,ok,,equivariant-qnn,14,8,float64,42,128,2,128,2,2,0.25,rotation,rotation,5,5,compact:L3R0W0-L3R0W0-L3R0W0-L3R0W0-L2R0W0,compact:L3R0W0-L3R0W0-L3R0W0-L3R0W0-L2R0W0,,,not_applicable,optimized,10,3,10,1.4304899999999998,1.4306985,1.4294730000000002,1.4324860000000001,0.0009738401562885067,0.5723297,0.015341300000000002,0.8430274999999999,,,custom:libsad_search_fad73079be189a.so,/home/rzzhang/sad_merged/sad/build/libsad_search_fad73079be189a.so
2026-08-23T07:05:36.086319+00:00,20260823T064006,joint:equivariant-qnn:16:94569e7cc31a8750,ok,,equivariant-qnn,16,8,float64,42,32,2,32,2,1,0.75,rotation,rotation,13,13,compact:L2R0W0-L2R0W0-L2R0W0-L1R0W0-L1R0W0-L1R0W0-L1R0W0-L1R0W0-L1R0W0-L1R0W0-L1R0W0-L1R0W0-L1R0W0,compact:L2R0W0-L2R0W0-L2R0W0-L1R0W0-L1R0W0-L1R0W0-L1R0W0-L1R0W0-L1R0W0-L1R0W0-L1R0W0-L1R0W0-L1R0W0,,,not_applicable,optimized,5,3,5,2.8414669999999997,2.8403751999999995,2.836348,2.843832,0.0029276284873595505,1.313904,0.0155368,1.5109344,,,custom:libsad_search_e1d9f2a2400c61.so,/home/rzzhang/sad_merged/sad/build/libsad_search_e1d9f2a2400c61.so
2026-08-23T07:05:36.120101+00:00,20260823T064006,joint:equivariant-qnn:26:97ab3bbbea35dd61,ok,,equivariant-qnn,26,8,float64,42,32,2,128,2,1,0.75,rotation,rotation,20,20,compact:L2R0W0-L2R0W0-L2R0W0-L2R0W0-L2R0W0-L2R0W0-L1R0W0-L1R0W0-L1R0W0-L1R0W0-L1R0W0-L1R0W0-L1R0W0-L1R0W0-L1R0W0-L1R0W0-L1R0W0-L1R0W0-L1R0W0-L1R0W0,compact:L2R0W0-L2R0W0-L2R0W0-L2R0W0-L2R0W0-L2R0W0-L1R0W0-L1R0W0-L1R0W0-L1R0W0-L1R0W0-L1R0W0-L1R0W0-L1R0W0-L1R0W0-L1R0W0-L1R0W0-L1R0W0-L1R0W0-L1R0W0,,,not_applicable,optimized,2,3,2,2373.4696335,2373.4696335,2373.1387750000004,2373.800492,0.33085849999974926,798.065114,11.6641435,1563.740376,,,custom:libsad_search_44993f541f55e5.so,/home/rzzhang/sad_merged/sad/build/libsad_search_44993f541f55e5.so
2026-08-23T07:05:48.015101+00:00,20260823T064006,joint:equivariant-qnn:18:dadc2571bb417e9a,ok,,equivariant-qnn,18,8,float64,42,64,2,64,2,2,0.75,rotation,rotation,14,14,compact:L2R0W0-L2R0W0-L2R0W0-L2R0W0-L1R0W0-L1R0W0-L1R0W0-L1R0W0-L1R0W0-L1R0W0-L1R0W0-L1R0W0-L1R0W0-L1R0W0,compact:L2R0W0-L2R0W0-L2R0W0-L2R0W0-L1R0W0-L1R0W0-L1R0W0-L1R0W0-L1R0W0-L1R0W0-L1R0W0-L1R0W0-L1R0W0-L1R0W0,,,not_applicable,optimized,5,3,5,6.078563,6.0797305999999995,6.078473,6.082502,0.001606558881584939,2.7689302,0.032069,3.2787314,,,custom:libsad_search_ae5663d41dfb3d.so,/home/rzzhang/sad_merged/sad/build/libsad_search_ae5663d41dfb3d.so
2026-08-23T07:05:48.083150+00:00,20260823T064006,joint:equivariant-qnn:14:7b546377ff50846d,ok,,equivariant-qnn,14,8,float64,42,128,2,32,2,1,0.25,rotation,rotation,5,5,compact:L3R0W0-L3R0W0-L3R0W0-L3R0W0-L2R0W0,compact:L3R0W0-L3R0W0-L3R0W0-L3R0W0-L2R0W0,,,not_applicable,optimized,10,3,10,1.1611224999999998,1.1602715,1.1550380000000002,1.162298,0.0019136035247667512,0.5727325999999999,0.015317100000000004,0.5722218,,,custom:libsad_search_78523faf565e9a.so,/home/rzzhang/sad_merged/sad/build/libsad_search_78523faf565e9a.so
2026-08-23T07:05:48.109417+00:00,20260823T064006,joint:equivariant-qnn:4:a3500a3bb48f8301,ok,,equivariant-qnn,4,8,float64,42,128,2,128,2,1,0.0,rotation,rotation,1,1,compact:L4R0W0,compact:L4R0W0,,,not_applicable,optimized,20,3,20,0.3000165,0.29887755,0.291953,0.301036,0.003043951764975908,0.10104890000000001,0.01529275,0.1825359,,,custom:libsad_search_726ce3dd431232.so,/home/rzzhang/sad_merged/sad/build/libsad_search_726ce3dd431232.so
2026-08-23T07:05:48.126800+00:00,20260823T064006,joint:equivariant-qnn:18:7c58c17c1848bd47,ok,,equivariant-qnn,18,8,float64,42,64,2,64,2,1,0.5,rotation,rotation,10,10,compact:L2R0W0-L2R0W0-L2R0W0-L2R0W0-L2R0W0-L2R0W0-L2R0W0-L2R0W0-L1R0W0-L1R0W0,compact:L2R0W0-L2R0W0-L2R0W0-L2R0W0-L2R0W0-L2R0W0-L2R0W0-L2R0W0-L1R0W0-L1R0W0,,,not_applicable,optimized,5,3,5,5.340069000000001,5.2697352,5.105684,5.398503,0.13515635984947197,2.238329,0.031584799999999996,2.9998214000000005,,,custom:libsad_search_d69133c4e36ad5.so,/home/rzzhang/sad_merged/sad/build/libsad_search_d69133c4e36ad5.so
2026-08-23T07:05:48.179297+00:00,20260823T064006,joint:equivariant-qnn:18:5c085d5407b5369c,ok,,equivariant-qnn,18,8,float64,42,32,2,128,2,1,0.25,rotation,rotation,7,6,compact:L3R0W0-L3R0W0-L3R0W0-L3R0W0-L2R0W0-L2R0W0-L2R0W0,compact:L3R0W0-L3R0W0-L3R0W0-L3R0W0-L3R0W0-L3R0W0,,,not_applicable,optimized,5,3,5,4.640777000000001,4.6398016,4.6347439999999995,4.642804,0.0027117408873270563,1.8118906,0.0316274,2.7962836,,,custom:libsad_search_44993f541f55e5.so,/home/rzzhang/sad_merged/sad/build/libsad_search_44993f541f55e5.so
2026-08-23T07:05:48.227271+00:00,20260823T064006,joint:equivariant-qnn:8:f8fd363e18cb296d,ok,,equivariant-qnn,8,8,float64,42,64,2,64,2,1,0.75,rotation,rotation,6,6,compact:L2R0W0-L2R0W0-L1R0W0-L1R0W0-L1R0W0-L1R0W0,compact:L2R0W0-L2R0W0-L1R0W0-L1R0W0-L1R0W0-L1R0W0,,,not_applicable,optimized,20,3,20,0.9311659999999999,0.93058245,0.9266829999999999,0.934821,0.0034458100858143484,0.41469710000000004,0.0154256,0.50045975,,,custom:libsad_search_d69133c4e36ad5.so,/home/rzzhang/sad_merged/sad/build/libsad_search_d69133c4e36ad5.so
2026-08-23T07:05:48.259085+00:00,20260823T064006,joint:equivariant-qnn:14:fef464a757a5fe66,ok,,equivariant-qnn,14,8,float64,42,64,2,64,2,1,0.75,rotation,rotation,11,11,compact:L2R0W0-L2R0W0-L2R0W0-L1R0W0-L1R0W0-L1R0W0-L1R0W0-L1R0W0-L1R0W0-L1R0W0-L1R0W0,compact:L2R0W0-L2R0W0-L2R0W0-L1R0W0-L1R0W0-L1R0W0-L1R0W0-L1R0W0-L1R0W0-L1R0W0-L1R0W0,,,not_applicable,optimized,10,3,10,2.0879639999999995,2.0895658999999998,2.086742,2.097159,0.0033530314776333563,0.9623474000000001,0.015494200000000001,1.1117242999999999,,,custom:libsad_search_d69133c4e36ad5.so,/home/rzzhang/sad_merged/sad/build/libsad_search_d69133c4e36ad5.so
2026-08-23T07:05:48.296737+00:00,20260823T064006,joint:equivariant-qnn:6:7b890594f0870276,ok,,equivariant-qnn,6,8,float64,42,32,2,32,2,1,0.75,rotation,rotation,5,5,compact:L2R0W0-L1R0W0-L1R0W0-L1R0W0-L1R0W0,compact:L2R0W0-L1R0W0-L1R0W0-L1R0W0-L1R0W0,,,not_applicable,optimized,20,3,20,0.6328385,0.6331127000000001,0.631725,0.635984,0.0009363159242477927,0.28112994999999996,0.015397300000000003,0.33658544999999995,,,custom:libsad_search_e1d9f2a2400c61.so,/home/rzzhang/sad_merged/sad/build/libsad_search_e1d9f2a2400c61.so
2026-08-23T07:05:48.321683+00:00,20260823T064006,joint:equivariant-qnn:20:f1cd94b65f24fd50,ok,,equivariant-qnn,20,8,float64,42,128,2,32,2,1,0.0,rotation,rotation,3,3,compact:L5R2W0-L5R2W0-L5R1W0,compact:L5R2W0-L5R2W0-L5R1W0,,,not_applicable,optimized,5,3,5,12.810478,12.8110362,12.809637,12.813477,0.0013288192352615797,3.6796983999999995,0.10580660000000001,9.025531200000001,,,custom:libsad_search_78523faf565e9a.so,/home/rzzhang/sad_merged/sad/build/libsad_search_78523faf565e9a.so
2026-08-23T07:05:48.436575+00:00,20260823T064006,joint:equivariant-qnn:8:24a32144128b6487,ok,,equivariant-qnn,8,8,float64,42,64,2,64,2,1,0.0,rotation,rotation,1,1,compact:L5R2W1,compact:L5R2W1,,,not_applicable,optimized,20,3,20,0.362437,0.3621614,0.361288,0.362639,0.0004949658978151964,0.11344339999999999,0.01552725,0.23319075,,,custom:libsad_search_d69133c4e36ad5.so,/home/rzzhang/sad_merged/sad/build/libsad_search_d69133c4e36ad5.so
2026-08-23T07:05:48.455318+00:00,20260823T064006,joint:equivariant-qnn:16:5bf0d458e68d1ef2,ok,,equivariant-qnn,16,8,float64,42,64,2,64,2,2,0.5,rotation,rotation,9,9,compact:L2R0W0-L2R0W0-L2R0W0-L2R0W0-L2R0W0-L2R0W0-L2R0W0-L1R0W0-L1R0W0,compact:L2R0W0-L2R0W0-L2R0W0-L2R0W0-L2R0W0-L2R0W0-L2R0W0-L1R0W0-L1R0W0,,,not_applicable,optimized,5,3,5,2.428823,2.4276808,2.421824,2.4309819999999998,0.003220121202687886,1.0750902,0.0156678,1.3369228,,,custom:libsad_search_ae5663d41dfb3d.so,/home/rzzhang/sad_merged/sad/build/libsad_search_ae5663d41dfb3d.so
2026-08-23T07:05:48.485292+00:00,20260823T064006,joint:equivariant-qnn:4:917887a59cbb3765,ok,,equivariant-qnn,4,8,float64,42,32,2,128,2,1,0.5,rotation,rotation,2,2,compact:L2R0W0-L2R0W0,compact:L2R0W0-L2R0W0,,,not_applicable,optimized,20,3,20,0.37081850000000005,0.37091419999999997,0.369598,0.371811,0.0006858563698034703,0.12443045000000001,0.01567735,0.2308064,,,custom:libsad_search_44993f541f55e5.so,/home/rzzhang/sad_merged/sad/build/libsad_search_44993f541f55e5.so
2026-08-23T07:05:48.504271+00:00,20260823T064006,joint:equivariant-qnn:14:6235e938e49512ae,ok,,equivariant-qnn,14,8,float64,42,128,2,128,2,2,1.0,rotation,rotation,14,14,compact:L1R0W0-L1R0W0-L1R0W0-L1R0W0-L1R0W0-L1R0W0-L1R0W0-L1R0W0-L1R0W0-L1R0W0-L1R0W0-L1R0W0-L1R0W0-L1R0W0,compact:L1R0W0-L1R0W0-L1R0W0-L1R0W0-L1R0W0-L1R0W0-L1R0W0-L1R0W0-L1R0W0-L1R0W0-L1R0W0-L1R0W0-L1R0W0-L1R0W0,,,not_applicable,optimized,10,3,10,3.0822534999999998,3.0821548,3.0810480000000005,3.0833399999999997,0.000865877912872069,1.4497328,0.0157398,1.6166822,,,custom:libsad_search_fad73079be189a.so,/home/rzzhang/sad_merged/sad/build/libsad_search_fad73079be189a.so
2026-08-23T07:05:48.555004+00:00,20260823T064006,joint:equivariant-qnn:4:df70cc24bf3b0a2e,ok,,equivariant-qnn,4,8,float64,42,32,2,128,2,2,0.5,rotation,rotation,2,2,compact:L2R0W0-L2R0W0,compact:L2R0W0-L2R0W0,,,not_applicable,optimized,20,3,20,0.3706685,0.3708634,0.369683,0.371813,0.0006376875724051838,0.1244556,0.0157001,0.2307077,,,custom:libsad_search_57309a924b2f38.so,/home/rzzhang/sad_merged/sad/build/libsad_search_57309a924b2f38.so
2026-08-23T07:05:48.573991+00:00,20260823T064006,joint:equivariant-qnn:28:fc9e710fd60b3e36,ok,,equivariant-qnn,28,8,float64,42,32,2,128,2,2,1.0,rotation,rotation,28,28,compact:L1R0W0-L1R0W0-L1R0W0-L1R0W0-L1R0W0-L1R0W0-L1R0W0-L1R0W0-L1R0W0-L1R0W0-L1R0W0-L1R0W0-L1R0W0-L1R0W0-L1R0W0-L1R0W0-L1R0W0-L1R0W0-L1R0W0-L1R0W0-L1R0W0-L1R0W0-L1R0W0-L1R0W0-L1R0W0-L1R0W0-L1R0W0-L1R0W0,compact:L1R0W0-L1R0W0-L1R0W0-L1R0W0-L1R0W0-L1R0W0-L1R0W0-L1R0W0-L1R0W0-L1R0W0-L1R0W0-L1R0W0-L1R0W0-L1R0W0-L1R0W0-L1R0W0-L1R0W0-L1R0W0-L1R0W0-L1R0W0-L1R0W0-L1R0W0-L1R0W0-L1R0W0-L1R0W0-L1R0W0-L1R0W0-L1R0W0,,,not_applicable,optimized,2,3,2,13130.038203499998,13130.038203499998,13129.777522999999,13130.298883999998,0.2606804999995802,4390.3835015,83.250112,8656.40459,,,custom:libsad_search_57309a924b2f38.so,/home/rzzhang/sad_merged/sad/build/libsad_search_57309a924b2f38.so
2026-08-23T07:06:54.245203+00:00,20260823T064006,joint:equivariant-qnn:4:f675c7edf9375fdd,ok,,equivariant-qnn,4,8,float64,42,128,2,32,2,2,0.0,rotation,rotation,1,1,compact:L4R0W0,compact:L4R0W0,,,not_applicable,optimized,20,3,20,0.235477,0.23538655,0.233358,0.237635,0.0010072264132259417,0.10096625000000001,0.015645,0.1187753,,,custom:libsad_search_e09d5834859473.so,/home/rzzhang/sad_merged/sad/build/libsad_search_e09d5834859473.so
2026-08-23T07:06:54.266958+00:00,20260823T064006,joint:equivariant-qnn:12:edbbefa143a6dea2,ok,,equivariant-qnn,12,8,float64,42,128,2,32,2,1,0.0,rotation,rotation,2,2,compact:L5R1W0-L5R1W0,compact:L5R1W0-L5R1W0,,,not_applicable,optimized,10,3,10,0.6000485,0.600036,0.594883,0.60216,0.0018531274645851943,0.26406909999999995,0.0154424,0.3205245,,,custom:libsad_search_78523faf565e9a.so,/home/rzzhang/sad_merged/sad/build/libsad_search_78523faf565e9a.so
2026-08-23T07:06:54.290627+00:00,20260823T064006,joint:equivariant-qnn:18:01e39b1900b334d9,ok,,equivariant-qnn,18,8,float64,42,128,2,128,2,1,0.75,rotation,rotation,14,14,compact:L2R0W0-L2R0W0-L2R0W0-L2R0W0-L1R0W0-L1R0W0-L1R0W0-L1R0W0-L1R0W0-L1R0W0-L1R0W0-L1R0W0-L1R0W0-L1R0W0,compact:L2R0W0-L2R0W0-L2R0W0-L2R0W0-L1R0W0-L1R0W0-L1R0W0-L1R0W0-L1R0W0-L1R0W0-L1R0W0-L1R0W0-L1R0W0-L1R0W0,,,not_applicable,optimized,5,3,5,6.322212,6.3216032,6.318280000000001,6.324216,0.002385849148626174,2.821399,0.032295399999999995,3.4679088,,,custom:libsad_search_726ce3dd431232.so,/home/rzzhang/sad_merged/sad/build/libsad_search_726ce3dd431232.so
2026-08-23T07:06:54.367521+00:00,20260823T064006,joint:equivariant-qnn:24:ad98d6d770025018,ok,,equivariant-qnn,24,8,float64,42,32,2,32,2,1,0.0,rotation,rotation,4,4,compact:L5R1W0-L5R1W0-L5R1W0-L5R1W0,compact:L5R1W0-L5R1W0-L5R1W0-L5R1W0,,,not_applicable,optimized,3,3,3,216.730068,216.73465766666666,216.72085600000003,216.753049,0.013537505736117068,63.26736100000001,1.740547,151.72674966666665,,,custom:libsad_search_e1d9f2a2400c61.so,/home/rzzhang/sad_merged/sad/build/libsad_search_e1d9f2a2400c61.so
2026-08-23T07:06:55.706122+00:00,20260823T064006,joint:equivariant-qnn:24:5002ec0e904a602c,ok,,equivariant-qnn,24,8,float64,42,32,2,128,2,2,0.75,rotation,rotation,19,19,compact:L2R0W0-L2R0W0-L2R0W0-L2R0W0-L2R0W0-L1R0W0-L1R0W0-L1R0W0-L1R0W0-L1R0W0-L1R0W0-L1R0W0-L1R0W0-L1R0W0-L1R0W0-L1R0W0-L1R0W0-L1R0W0-L1R0W0,compact:L2R0W0-L2R0W0-L2R0W0-L2R0W0-L2R0W0-L1R0W0-L1R0W0-L1R0W0-L1R0W0-L1R0W0-L1R0W0-L1R0W0-L1R0W0-L1R0W0-L1R0W0-L1R0W0-L1R0W0-L1R0W0-L1R0W0,,,not_applicable,optimized,3,3,3,566.904177,566.9470936666667,566.883568,567.053536,0.07573489052537603,191.34019566666663,1.735352,373.871546,,,custom:libsad_search_57309a924b2f38.so,/home/rzzhang/sad_merged/sad/build/libsad_search_57309a924b2f38.so
2026-08-23T07:06:59.135255+00:00,20260823T064006,joint:equivariant-qnn:24:43dbcc3e286d3a93,ok,,equivariant-qnn,24,8,float64,42,32,2,128,2,1,0.75,rotation,rotation,19,19,compact:L2R0W0-L2R0W0-L2R0W0-L2R0W0-L2R0W0-L1R0W0-L1R0W0-L1R0W0-L1R0W0-L1R0W0-L1R0W0-L1R0W0-L1R0W0-L1R0W0-L1R0W0-L1R0W0-L1R0W0-L1R0W0-L1R0W0,compact:L2R0W0-L2R0W0-L2R0W0-L2R0W0-L2R0W0-L1R0W0-L1R0W0-L1R0W0-L1R0W0-L1R0W0-L1R0W0-L1R0W0-L1R0W0-L1R0W0-L1R0W0-L1R0W0-L1R0W0-L1R0W0-L1R0W0,,,not_applicable,optimized,3,3,3,566.704703,566.7064753333333,566.677603,566.73712,0.02433001159520424,191.35421666666667,1.746033,373.6062256666666,,,custom:libsad_search_44993f541f55e5.so,/home/rzzhang/sad_merged/sad/build/libsad_search_44993f541f55e5.so
2026-08-23T07:07:02.563633+00:00,20260823T064006,joint:equivariant-qnn:12:4959478b7db7409f,ok,,equivariant-qnn,12,8,float64,42,128,2,128,2,1,0.5,rotation,rotation,7,7,compact:L2R0W0-L2R0W0-L2R0W0-L2R0W0-L2R0W0-L1R0W0-L1R0W0,compact:L2R0W0-L2R0W0-L2R0W0-L2R0W0-L2R0W0-L1R0W0-L1R0W0,,,not_applicable,optimized,10,3,10,1.5585360000000001,1.5588946,1.5575020000000002,1.5613279999999998,0.0011303656222655903,0.6738047,0.0152834,0.8698064999999999,,,custom:libsad_search_726ce3dd431232.so,/home/rzzhang/sad_merged/sad/build/libsad_search_726ce3dd431232.so
2026-08-23T07:07:02.595025+00:00,20260823T064006,joint:equivariant-qnn:14:b4bc4545c750104d,ok,,equivariant-qnn,14,8,float64,42,128,2,128,2,1,0.5,rotation,rotation,8,8,compact:L2R0W0-L2R0W0-L2R0W0-L2R0W0-L2R0W0-L2R0W0-L1R0W0-L1R0W0,compact:L2R0W0-L2R0W0-L2R0W0-L2R0W0-L2R0W0-L2R0W0-L1R0W0-L1R0W0,,,not_applicable,optimized,10,3,10,1.903568,1.9034020000000003,1.901611,1.90463,0.00090955263728935,0.8249523999999999,0.015271699999999997,1.0631779,,,custom:libsad_search_726ce3dd431232.so,/home/rzzhang/sad_merged/sad/build/libsad_search_726ce3dd431232.so
2026-08-23T07:07:02.630464+00:00,20260823T064006,joint:equivariant-qnn:20:8f0d1f69246dfb8a,ok,,equivariant-qnn,20,8,float64,42,64,2,64,2,2,0.5,rotation,rotation,12,12,compact:L2R0W0-L2R0W0-L2R0W0-L2R0W0-L2R0W0-L2R0W0-L2R0W0-L2R0W0-L1R0W0-L1R0W0-L1R0W0-L1R0W0,compact:L2R0W0-L2R0W0-L2R0W0-L2R0W0-L2R0W0-L2R0W0-L2R0W0-L2R0W0-L1R0W0-L1R0W0-L1R0W0-L1R0W0,,,not_applicable,optimized,5,3,5,16.601240999999998,17.002693,16.594032000000002,17.621291,0.4950938169127139,7.0536508,0.09917540000000001,9.8498668,,,custom:libsad_search_ae5663d41dfb3d.so,/home/rzzhang/sad_merged/sad/build/libsad_search_ae5663d41dfb3d.so
2026-08-23T07:07:02.786178+00:00,20260823T064006,joint:equivariant-qnn:18:bdbfc7058e9a6477,ok,,equivariant-qnn,18,8,float64,42,32,2,128,2,2,0.25,rotation,rotation,7,6,compact:L3R0W0-L3R0W0-L3R0W0-L3R0W0-L2R0W0-L2R0W0-L2R0W0,compact:L3R0W0-L3R0W0-L3R0W0-L3R0W0-L3R0W0-L3R0W0,,,not_applicable,optimized,5,3,5,4.614237999999999,4.613943,4.609126,4.617215,0.0026465054694823705,1.8110468,0.0318698,2.7710264,,,custom:libsad_search_57309a924b2f38.so,/home/rzzhang/sad_merged/sad/build/libsad_search_57309a924b2f38.so
2026-08-23T07:07:02.834044+00:00,20260823T064006,joint:equivariant-qnn:8:1e3b4a5af44a6482,ok,,equivariant-qnn,8,8,float64,42,32,2,32,2,1,0.0,legacy,legacy,0,0,,,,,not_applicable,legacy-generic,20,3,20,0.42392950000000007,0.42538764999999995,0.42373299999999997,0.431182,0.0028455956191103557,0.16172499999999998,0.0154209,0.24824174999999998,,,custom:libsad_search_cadde23b7a4b57.so,/home/rzzhang/sad_merged/sad/build/libsad_search_cadde23b7a4b57.so
2026-08-23T07:07:02.854557+00:00,20260823T064006,joint:equivariant-qnn:22:64c214cecae8adde,ok,,equivariant-qnn,22,8,float64,42,32,2,128,2,2,1.0,rotation,rotation,22,22,compact:L1R0W0-L1R0W0-L1R0W0-L1R0W0-L1R0W0-L1R0W0-L1R0W0-L1R0W0-L1R0W0-L1R0W0-L1R0W0-L1R0W0-L1R0W0-L1R0W0-L1R0W0-L1R0W0-L1R0W0-L1R0W0-L1R0W0-L1R0W0-L1R0W0-L1R0W0,compact:L1R0W0-L1R0W0-L1R0W0-L1R0W0-L1R0W0-L1R0W0-L1R0W0-L1R0W0-L1R0W0-L1R0W0-L1R0W0-L1R0W0-L1R0W0-L1R0W0-L1R0W0-L1R0W0-L1R0W0-L1R0W0-L1R0W0-L1R0W0-L1R0W0-L1R0W0,,,not_applicable,optimized,3,3,3,143.455661,143.614637,143.453421,143.93482899999998,0.22641178127178802,34.99045,0.3877423333333333,108.23644466666667,,,custom:libsad_search_57309a924b2f38.so,/home/rzzhang/sad_merged/sad/build/libsad_search_57309a924b2f38.so
2026-08-23T07:07:03.745093+00:00,20260823T064006,joint:equivariant-qnn:20:7a8d2243a610cbec,ok,,equivariant-qnn,20,8,float64,42,128,2,32,2,2,0.0,rotation,rotation,3,3,compact:L5R2W0-L5R2W0-L5R1W0,compact:L5R2W0-L5R2W0-L5R1W0,,,not_applicable,optimized,5,3,5,11.939045999999998,11.9399772,11.934978,11.944094,0.0035193073409409414,3.4198967999999996,0.09743779999999999,8.422642599999998,,,custom:libsad_search_e09d5834859473.so,/home/rzzhang/sad_merged/sad/build/libsad_search_e09d5834859473.so
2026-08-23T07:07:03.852264+00:00,20260823T064006,joint:equivariant-qnn:14:bc66fad1e96bd633,ok,,equivariant-qnn,14,8,float64,42,32,2,32,2,1,0.25,rotation,rotation,5,5,compact:L3R0W0-L3R0W0-L3R0W0-L3R0W0-L2R0W0,compact:L3R0W0-L3R0W0-L3R0W0-L3R0W0-L2R0W0,,,not_applicable,optimized,10,3,10,1.0095490000000003,1.0094253,1.0085860000000002,1.0106080000000002,0.0005847166920825919,0.4209348,0.0152401,0.5732504,,,custom:libsad_search_e1d9f2a2400c61.so,/home/rzzhang/sad_merged/sad/build/libsad_search_e1d9f2a2400c61.so
2026-08-23T07:07:03.876014+00:00,20260823T064006,joint:equivariant-qnn:16:d06cdba164e1c44c,ok,,equivariant-qnn,16,8,float64,42,128,2,32,2,1,0.75,rotation,rotation,12,13,compact:L2R0W0-L2R0W0-L2R0W0-L2R0W0-L1R0W0-L1R0W0-L1R0W0-L1R0W0-L1R0W0-L1R0W0-L1R0W0-L1R0W0,compact:L2R0W0-L2R0W0-L2R0W0-L1R0W0-L1R0W0-L1R0W0-L1R0W0-L1R0W0-L1R0W0-L1R0W0-L1R0W0-L1R0W0-L1R0W0,,,not_applicable,optimized,5,3,5,2.8702119999999995,2.8710736,2.868217,2.877361,0.003354350703191384,1.3477736,0.0153128,1.5079872,,,custom:libsad_search_78523faf565e9a.so,/home/rzzhang/sad_merged/sad/build/libsad_search_78523faf565e9a.so
2026-08-23T07:07:03.909718+00:00,20260823T064006,joint:equivariant-qnn:26:86b68b8b8acee6ba,ok,,equivariant-qnn,26,8,float64,42,128,2,32,2,2,0.75,rotation,rotation,20,20,compact:L2R0W0-L2R0W0-L2R0W0-L2R0W0-L2R0W0-L2R0W0-L1R0W0-L1R0W0-L1R0W0-L1R0W0-L1R0W0-L1R0W0-L1R0W0-L1R0W0-L1R0W0-L1R0W0-L1R0W0-L1R0W0-L1R0W0-L1R0W0,compact:L2R0W0-L2R0W0-L2R0W0-L2R0W0-L2R0W0-L2R0W0-L1R0W0-L1R0W0-L1R0W0-L1R0W0-L1R0W0-L1R0W0-L1R0W0-L1R0W0-L1R0W0-L1R0W0-L1R0W0-L1R0W0-L1R0W0-L1R0W0,,,not_applicable,optimized,2,3,2,2375.357253,2375.357253,2375.1594219999997,2375.555084,0.1978310000001784,800.003963,11.966810500000001,1563.3864795000002,,,custom:libsad_search_e09d5834859473.so,/home/rzzhang/sad_merged/sad/build/libsad_search_e09d5834859473.so
2026-08-23T07:07:15.804869+00:00,20260823T064006,joint:equivariant-qnn:4:3180134b3d86c106,ok,,equivariant-qnn,4,8,float64,42,128,2,128,2,2,1.0,rotation,rotation,4,4,compact:L1R0W0-L1R0W0-L1R0W0-L1R0W0,compact:L1R0W0-L1R0W0-L1R0W0-L1R0W0,,,not_applicable,optimized,20,3,20,0.5713330000000001,0.57073725,0.565308,0.5724390000000001,0.0016171835355023897,0.25776415,0.015588700000000002,0.29738439999999994,,,custom:libsad_search_fad73079be189a.so,/home/rzzhang/sad_merged/sad/build/libsad_search_fad73079be189a.so
2026-08-23T07:07:15.833923+00:00,20260823T064006,joint:equivariant-qnn:8:ad5ec11b72507c6e,ok,,equivariant-qnn,8,8,float64,42,32,2,32,2,2,0.0,rotation,rotation,2,2,compact:L4R0W0-L4R0W0,compact:L4R0W0-L4R0W0,,,not_applicable,optimized,20,3,20,0.417809,0.41796005,0.41677400000000003,0.41884400000000005,0.0005874398245778023,0.1557934,0.0153052,0.24686145,,,custom:libsad_search_6e9ecc13ac7654.so,/home/rzzhang/sad_merged/sad/build/libsad_search_6e9ecc13ac7654.so
2026-08-23T07:07:15.860019+00:00,20260823T064006,joint:equivariant-qnn:8:09fb8d9ea3c56930,ok,,equivariant-qnn,8,8,float64,42,128,2,32,2,2,0.0,rotation,rotation,1,2,compact:L5R2W1,compact:L4R0W0-L4R0W0,,,not_applicable,optimized,20,3,20,0.395229,0.39528595,0.39512499999999995,0.3962859999999999,0.00023719116235642573,0.1329935,0.015498800000000002,0.24679365000000003,,,custom:libsad_search_e09d5834859473.so,/home/rzzhang/sad_merged/sad/build/libsad_search_e09d5834859473.so
2026-08-23T07:07:15.879792+00:00,20260823T064006,joint:equivariant-qnn:20:23fa9e3ce330b15f,ok,,equivariant-qnn,20,8,float64,42,32,2,128,2,1,0.25,rotation,rotation,7,7,compact:L3R0W0-L3R0W0-L3R0W0-L3R0W0-L3R0W0-L3R0W0-L2R0W0,compact:L3R0W0-L3R0W0-L3R0W0-L3R0W0-L3R0W0-L3R0W0-L2R0W0,,,not_applicable,optimized,5,3,5,14.984398,14.9739058,14.931159999999998,14.985192999999999,0.02137517314456249,5.3649956,0.09734,9.5115702,,,custom:libsad_search_44993f541f55e5.so,/home/rzzhang/sad_merged/sad/build/libsad_search_44993f541f55e5.so
2026-08-23T07:07:16.019801+00:00,20260823T064006,joint:equivariant-qnn:6:2a9b58bfbb45b0f2,ok,,equivariant-qnn,6,8,float64,42,128,2,128,2,1,0.5,rotation,rotation,4,4,compact:L2R0W0-L2R0W0-L1R0W0-L1R0W0,compact:L2R0W0-L2R0W0-L1R0W0-L1R0W0,,,not_applicable,optimized,20,3,20,0.6911165000000001,0.6911219,0.6901100000000001,0.6923330000000001,0.0006163124126609698,0.29569029999999996,0.015427,0.3800046,,,custom:libsad_search_726ce3dd431232.so,/home/rzzhang/sad_merged/sad/build/libsad_search_726ce3dd431232.so
2026-08-23T07:07:16.046590+00:00,20260823T064006,joint:equivariant-qnn:12:9d6d92262bfc84af,ok,,equivariant-qnn,12,8,float64,42,128,2,128,2,2,1.0,rotation,rotation,12,12,compact:L1R0W0-L1R0W0-L1R0W0-L1R0W0-L1R0W0-L1R0W0-L1R0W0-L1R0W0-L1R0W0-L1R0W0-L1R0W0-L1R0W0,compact:L1R0W0-L1R0W0-L1R0W0-L1R0W0-L1R0W0-L1R0W0-L1R0W0-L1R0W0-L1R0W0-L1R0W0-L1R0W0-L1R0W0,,,not_applicable,optimized,10,3,10,2.3460105,2.3455689,2.33995,2.347076,0.0019732717222927035,1.0928608,0.0152744,1.2374337,,,custom:libsad_search_fad73079be189a.so,/home/rzzhang/sad_merged/sad/build/libsad_search_fad73079be189a.so
2026-08-23T07:07:16.087644+00:00,20260823T064006,joint:equivariant-qnn:28:7f5b1ebef9352f6f,ok,,equivariant-qnn,28,8,float64,42,64,2,64,2,1,0.25,rotation,rotation,10,10,compact:L3R0W0-L3R0W0-L3R0W0-L3R0W0-L3R0W0-L3R0W0-L3R0W0-L3R0W0-L2R0W0-L2R0W0,compact:L3R0W0-L3R0W0-L3R0W0-L3R0W0-L3R0W0-L3R0W0-L3R0W0-L3R0W0-L2R0W0-L2R0W0,,,not_applicable,optimized,2,3,2,5003.398714499999,5003.398714499999,5003.384724,5003.412705,0.013990500000090833,1691.8313925000002,82.894699,3228.672623,,,custom:libsad_search_d69133c4e36ad5.so,/home/rzzhang/sad_merged/sad/build/libsad_search_d69133c4e36ad5.so
2026-08-23T07:07:41.136848+00:00,20260823T064006,joint:equivariant-qnn:22:82283d20a43b23d3,ok,,equivariant-qnn,22,8,float64,42,128,2,128,2,2,0.0,rotation,rotation,3,3,compact:L5R2W1-L5R2W0-L5R2W0,compact:L5R2W1-L5R2W0-L5R2W0,,,not_applicable,optimized,3,3,3,50.551751,50.543194,50.520863,50.556968,0.015933391415515336,13.135078333333333,0.3879863333333333,37.02012933333334,,,custom:libsad_search_fad73079be189a.so,/home/rzzhang/sad_merged/sad/build/libsad_search_fad73079be189a.so
2026-08-23T07:07:41.473160+00:00,20260823T064006,joint:equivariant-qnn:26:0a6ee24af1ced812,ok,,equivariant-qnn,26,8,float64,42,128,2,32,2,1,0.25,rotation,rotation,9,10,compact:L3R0W0-L3R0W0-L3R0W0-L3R0W0-L3R0W0-L3R0W0-L3R0W0-L3R0W0-L2R0W0,compact:L3R0W0-L3R0W0-L3R0W0-L3R0W0-L3R0W0-L3R0W0-L2R0W0-L2R0W0-L2R0W0-L2R0W0,,,not_applicable,optimized,2,3,2,1207.3766635,1207.3766635,1207.084197,1207.66913,0.2924665000000459,386.1262015,11.481321,809.7691410000001,,,custom:libsad_search_78523faf565e9a.so,/home/rzzhang/sad_merged/sad/build/libsad_search_78523faf565e9a.so
2026-08-23T07:07:47.544602+00:00,20260823T064006,joint:equivariant-qnn:22:49f9d883a8bbf01a,ok,,equivariant-qnn,22,8,float64,42,128,2,32,2,1,0.5,rotation,rotation,12,13,compact:L2R0W0-L2R0W0-L2R0W0-L2R0W0-L2R0W0-L2R0W0-L2R0W0-L2R0W0-L2R0W0-L2R0W0-L1R0W0-L1R0W0,compact:L2R0W0-L2R0W0-L2R0W0-L2R0W0-L2R0W0-L2R0W0-L2R0W0-L2R0W0-L2R0W0-L1R0W0-L1R0W0-L1R0W0-L1R0W0,,,not_applicable,optimized,3,3,3,90.689172,90.69572333333333,90.66814999999998,90.729848,0.025610554820671722,25.112538333333333,0.39003933333333335,65.19314566666667,,,custom:libsad_search_78523faf565e9a.so,/home/rzzhang/sad_merged/sad/build/libsad_search_78523faf565e9a.so
2026-08-23T07:07:48.121129+00:00,20260823T064006,joint:equivariant-qnn:16:3617f793907b1bd3,ok,,equivariant-qnn,16,8,float64,42,128,2,32,2,1,0.5,rotation,rotation,9,10,compact:L2R0W0-L2R0W0-L2R0W0-L2R0W0-L2R0W0-L2R0W0-L2R0W0-L1R0W0-L1R0W0,compact:L2R0W0-L2R0W0-L2R0W0-L2R0W0-L2R0W0-L2R0W0-L1R0W0-L1R0W0-L1R0W0-L1R0W0,,,not_applicable,optimized,5,3,5,2.355168,2.3545732,2.3532049999999995,2.355225,0.0008114102291690387,1.0617024,0.015497199999999997,1.2773735999999998,,,custom:libsad_search_78523faf565e9a.so,/home/rzzhang/sad_merged/sad/build/libsad_search_78523faf565e9a.so
2026-08-23T07:07:48.150940+00:00,20260823T064006,joint:equivariant-qnn:16:ed6a17b38ebe60d5,ok,,equivariant-qnn,16,8,float64,42,128,2,128,2,1,0.75,rotation,rotation,12,12,compact:L2R0W0-L2R0W0-L2R0W0-L2R0W0-L1R0W0-L1R0W0-L1R0W0-L1R0W0-L1R0W0-L1R0W0-L1R0W0-L1R0W0,compact:L2R0W0-L2R0W0-L2R0W0-L2R0W0-L1R0W0-L1R0W0-L1R0W0-L1R0W0-L1R0W0-L1R0W0-L1R0W0-L1R0W0,,,not_applicable,optimized,5,3,5,3.0113689999999997,3.0135768,3.009492,3.019018,0.0038896165055183106,1.3544794000000002,0.0155442,1.6435532,,,custom:libsad_search_726ce3dd431232.so,/home/rzzhang/sad_merged/sad/build/libsad_search_726ce3dd431232.so
2026-08-23T07:07:48.185847+00:00,20260823T064006,joint:equivariant-qnn:20:54315600265227da,ok,,equivariant-qnn,20,8,float64,42,128,2,128,2,1,1.0,rotation,rotation,20,20,compact:L1R0W0-L1R0W0-L1R0W0-L1R0W0-L1R0W0-L1R0W0-L1R0W0-L1R0W0-L1R0W0-L1R0W0-L1R0W0-L1R0W0-L1R0W0-L1R0W0-L1R0W0-L1R0W0-L1R0W0-L1R0W0-L1R0W0-L1R0W0,compact:L1R0W0-L1R0W0-L1R0W0-L1R0W0-L1R0W0-L1R0W0-L1R0W0-L1R0W0-L1R0W0-L1R0W0-L1R0W0-L1R0W0-L1R0W0-L1R0W0-L1R0W0-L1R0W0-L1R0W0-L1R0W0-L1R0W0-L1R0W0,,,not_applicable,optimized,5,3,5,21.286125,21.7259118,21.275986,22.537668,0.5531527952594656,9.755580199999999,0.10089599999999999,11.869435600000001,,,custom:libsad_search_726ce3dd431232.so,/home/rzzhang/sad_merged/sad/build/libsad_search_726ce3dd431232.so
2026-08-23T07:07:48.379351+00:00,20260823T064006,joint:equivariant-qnn:26:d212dc9263b10e6f,ok,,equivariant-qnn,26,8,float64,42,32,2,32,2,1,1.0,rotation,rotation,26,26,compact:L1R0W0-L1R0W0-L1R0W0-L1R0W0-L1R0W0-L1R0W0-L1R0W0-L1R0W0-L1R0W0-L1R0W0-L1R0W0-L1R0W0-L1R0W0-L1R0W0-L1R0W0-L1R0W0-L1R0W0-L1R0W0-L1R0W0-L1R0W0-L1R0W0-L1R0W0-L1R0W0-L1R0W0-L1R0W0-L1R0W0,compact:L1R0W0-L1R0W0-L1R0W0-L1R0W0-L1R0W0-L1R0W0-L1R0W0-L1R0W0-L1R0W0-L1R0W0-L1R0W0-L1R0W0-L1R0W0-L1R0W0-L1R0W0-L1R0W0-L1R0W0-L1R0W0-L1R0W0-L1R0W0-L1R0W0-L1R0W0-L1R0W0-L1R0W0-L1R0W0-L1R0W0,,,not_applicable,optimized,2,3,2,3049.134691,3049.134691,3048.6024880000004,3049.6668939999995,0.5322029999995266,1023.751257,11.3493195,2014.0341145000002,,,custom:libsad_search_e1d9f2a2400c61.so,/home/rzzhang/sad_merged/sad/build/libsad_search_e1d9f2a2400c61.so
2026-08-23T07:08:03.654489+00:00,20260823T064006,joint:equivariant-qnn:12:cc3723186a304d93,ok,,equivariant-qnn,12,8,float64,42,64,2,64,2,1,0.25,rotation,rotation,4,4,compact:L3R0W0-L3R0W0-L3R0W0-L3R0W0,compact:L3R0W0-L3R0W0-L3R0W0-L3R0W0,,,not_applicable,optimized,10,3,10,0.8693044999999999,0.8691464,0.868308,0.870324,0.0005740127524715819,0.35138030000000003,0.015562600000000003,0.5022035,,,custom:libsad_search_d69133c4e36ad5.so,/home/rzzhang/sad_merged/sad/build/libsad_search_d69133c4e36ad5.so
2026-08-23T07:08:03.680878+00:00,20260823T064006,joint:equivariant-qnn:22:ab8f700d98bc19f7,ok,,equivariant-qnn,22,8,float64,42,32,2,128,2,1,1.0,rotation,rotation,22,22,compact:L1R0W0-L1R0W0-L1R0W0-L1R0W0-L1R0W0-L1R0W0-L1R0W0-L1R0W0-L1R0W0-L1R0W0-L1R0W0-L1R0W0-L1R0W0-L1R0W0-L1R0W0-L1R0W0-L1R0W0-L1R0W0-L1R0W0-L1R0W0-L1R0W0-L1R0W0,compact:L1R0W0-L1R0W0-L1R0W0-L1R0W0-L1R0W0-L1R0W0-L1R0W0-L1R0W0-L1R0W0-L1R0W0-L1R0W0-L1R0W0-L1R0W0-L1R0W0-L1R0W0-L1R0W0-L1R0W0-L1R0W0-L1R0W0-L1R0W0-L1R0W0-L1R0W0,,,not_applicable,optimized,3,3,3,143.511775,143.499129,143.46673099999998,143.518881,0.023091796696380656,34.853690666666665,0.38518899999999995,108.26024933333333,,,custom:libsad_search_44993f541f55e5.so,/home/rzzhang/sad_merged/sad/build/libsad_search_44993f541f55e5.so
2026-08-23T07:08:04.573255+00:00,20260823T064006,joint:equivariant-qnn:22:fcba373dfc5631db,ok,,equivariant-qnn,22,8,float64,42,32,2,32,2,1,0.75,rotation,rotation,18,18,compact:L2R0W0-L2R0W0-L2R0W0-L2R0W0-L1R0W0-L1R0W0-L1R0W0-L1R0W0-L1R0W0-L1R0W0-L1R0W0-L1R0W0-L1R0W0-L1R0W0-L1R0W0-L1R0W0-L1R0W0-L1R0W0,compact:L2R0W0-L2R0W0-L2R0W0-L2R0W0-L1R0W0-L1R0W0-L1R0W0-L1R0W0-L1R0W0-L1R0W0-L1R0W0-L1R0W0-L1R0W0-L1R0W0-L1R0W0-L1R0W0-L1R0W0-L1R0W0,,,not_applicable,optimized,3,3,3,120.08655700000001,120.08742533333333,120.077102,120.09861699999999,0.008804896680569229,30.874410666666666,0.38635933333333333,88.82665533333333,,,custom:libsad_search_e1d9f2a2400c61.so,/home/rzzhang/sad_merged/sad/build/libsad_search_e1d9f2a2400c61.so
2026-08-23T07:08:05.320083+00:00,20260823T064006,joint:equivariant-qnn:8:07b31dfdb512451e,ok,,equivariant-qnn,8,8,float64,42,128,2,128,2,2,0.5,rotation,rotation,4,4,compact:L2R0W0-L2R0W0-L2R0W0-L2R0W0,compact:L2R0W0-L2R0W0-L2R0W0-L2R0W0,,,not_applicable,optimized,20,3,20,0.82836,0.8282421,0.8273090000000001,0.829399,0.0005859598877056139,0.34355969999999997,0.01526195,0.46942045,,,custom:libsad_search_fad73079be189a.so,/home/rzzhang/sad_merged/sad/build/libsad_search_fad73079be189a.so
2026-08-23T07:08:05.350407+00:00,20260823T064006,joint:equivariant-qnn:10:b51a992f75da4424,ok,,equivariant-qnn,10,8,float64,42,32,2,128,2,1,0.5,rotation,rotation,6,6,compact:L2R0W0-L2R0W0-L2R0W0-L2R0W0-L1R0W0-L1R0W0,compact:L2R0W0-L2R0W0-L2R0W0-L2R0W0-L1R0W0-L1R0W0,,,not_applicable,optimized,10,3,10,1.1156345,1.1161387,1.1150559999999998,1.118172,0.0011947385529897387,0.40779869999999996,0.0154226,0.6929173999999999,,,custom:libsad_search_44993f541f55e5.so,/home/rzzhang/sad_merged/sad/build/libsad_search_44993f541f55e5.so
2026-08-23T07:08:05.375571+00:00,20260823T064006,joint:equivariant-qnn:4:ed35005223478516,ok,,equivariant-qnn,4,8,float64,42,32,2,32,2,2,0.0,rotation,rotation,1,1,compact:L4R0W0,compact:L4R0W0,,,not_applicable,optimized,20,3,20,0.20689600000000002,0.20727700000000002,0.20671599999999998,0.208033,0.0005089005796813362,0.0739176,0.01516515,0.11819425,,,custom:libsad_search_6e9ecc13ac7654.so,/home/rzzhang/sad_merged/sad/build/libsad_search_6e9ecc13ac7654.so
2026-08-23T07:08:05.391222+00:00,20260823T064006,joint:equivariant-qnn:10:3c4f4a0be0998d0b,ok,,equivariant-qnn,10,8,float64,42,128,2,128,2,2,1.0,rotation,rotation,10,10,compact:L1R0W0-L1R0W0-L1R0W0-L1R0W0-L1R0W0-L1R0W0-L1R0W0-L1R0W0-L1R0W0-L1R0W0,compact:L1R0W0-L1R0W0-L1R0W0-L1R0W0-L1R0W0-L1R0W0-L1R0W0-L1R0W0-L1R0W0-L1R0W0,,,not_applicable,optimized,10,3,10,1.7750974999999998,1.7749962,1.7734999999999999,1.77662,0.0009195546530794694,0.8261158,0.0154545,0.9334258999999999,,,custom:libsad_search_fad73079be189a.so,/home/rzzhang/sad_merged/sad/build/libsad_search_fad73079be189a.so
2026-08-23T07:08:05.425360+00:00,20260823T064006,joint:equivariant-qnn:6:7f62ea6776745a01,ok,,equivariant-qnn,6,8,float64,42,128,2,128,2,2,1.0,rotation,rotation,6,6,compact:L1R0W0-L1R0W0-L1R0W0-L1R0W0-L1R0W0-L1R0W0,compact:L1R0W0-L1R0W0-L1R0W0-L1R0W0-L1R0W0-L1R0W0,,,not_applicable,optimized,20,3,20,0.8857444999999999,0.88583395,0.879642,0.887727,0.0016476324673603614,0.4075835,0.015310249999999997,0.4629402,,,custom:libsad_search_fad73079be189a.so,/home/rzzhang/sad_merged/sad/build/libsad_search_fad73079be189a.so
2026-08-23T07:08:05.456326+00:00,20260823T064006,joint:equivariant-qnn:28:1edabc31cb8f88ef,ok,,equivariant-qnn,28,8,float64,42,128,2,32,2,1,0.0,rotation,rotation,4,4,compact:L5R2W0-L5R2W0-L5R2W0-L5R2W0,compact:L5R2W0-L5R2W0-L5R2W0-L5R2W0,,,not_applicable,optimized,2,3,2,3898.081393,3898.081393,3897.8112090000004,3898.3515769999995,0.27018399999951725,1034.8977750000001,83.4673215,2779.7162965,,,custom:libsad_search_78523faf565e9a.so,/home/rzzhang/sad_merged/sad/build/libsad_search_78523faf565e9a.so
2026-08-23T07:08:24.986265+00:00,20260823T064006,joint:equivariant-qnn:22:6e7e81ddc7fde7b9,ok,,equivariant-qnn,22,8,float64,42,128,2,32,2,1,0.25,rotation,rotation,8,8,compact:L3R0W0-L3R0W0-L3R0W0-L3R0W0-L3R0W0-L3R0W0-L2R0W0-L2R0W0,compact:L3R0W0-L3R0W0-L3R0W0-L3R0W0-L3R0W0-L3R0W0-L2R0W0-L2R0W0,,,not_applicable,optimized,3,3,3,63.11960800000001,63.650829666666674,62.901099,64.931782,0.9101522605126119,21.156162333333334,0.38875166666666666,42.10591566666667,,,custom:libsad_search_78523faf565e9a.so,/home/rzzhang/sad_merged/sad/build/libsad_search_78523faf565e9a.so
2026-08-23T07:08:25.405309+00:00,20260823T064006,joint:equivariant-qnn:6:0edcb3ab1e9dadab,ok,,equivariant-qnn,6,8,float64,42,128,2,32,2,1,0.0,legacy,legacy,0,0,,,,,not_applicable,legacy-generic,20,3,20,0.28305349999999996,0.28325585000000003,0.282522,0.28473599999999993,0.0007465472707739128,0.11716475,0.015310399999999998,0.1507807,,,custom:libsad_search_e3460e95b2f927.so,/home/rzzhang/sad_merged/sad/build/libsad_search_e3460e95b2f927.so
2026-08-23T07:08:25.423054+00:00,20260823T064006,joint:equivariant-qnn:26:073ccf49ebfface7,ok,,equivariant-qnn,26,8,float64,42,32,2,32,2,2,0.25,rotation,rotation,10,10,compact:L3R0W0-L3R0W0-L3R0W0-L3R0W0-L3R0W0-L3R0W0-L2R0W0-L2R0W0-L2R0W0-L2R0W0,compact:L3R0W0-L3R0W0-L3R0W0-L3R0W0-L3R0W0-L3R0W0-L2R0W0-L2R0W0-L2R0W0-L2R0W0,,,not_applicable,optimized,2,3,2,1244.3200164999998,1244.3200164999998,1244.250164,1244.3898689999999,0.06985249999991083,423.067808,11.483198999999999,809.7690095,,,custom:libsad_search_6e9ecc13ac7654.so,/home/rzzhang/sad_merged/sad/build/libsad_search_6e9ecc13ac7654.so
2026-08-23T07:08:31.676786+00:00,20260823T064006,joint:equivariant-qnn:12:6346a12d47708cd5,ok,,equivariant-qnn,12,8,float64,42,128,2,128,2,1,1.0,rotation,rotation,12,12,compact:L1R0W0-L1R0W0-L1R0W0-L1R0W0-L1R0W0-L1R0W0-L1R0W0-L1R0W0-L1R0W0-L1R0W0-L1R0W0-L1R0W0,compact:L1R0W0-L1R0W0-L1R0W0-L1R0W0-L1R0W0-L1R0W0-L1R0W0-L1R0W0-L1R0W0-L1R0W0-L1R0W0-L1R0W0,,,not_applicable,optimized,10,3,10,2.3096289999999997,2.3098146,2.3070030000000004,2.31626,0.00243824847790373,1.0782546,0.015620900000000002,1.2159391000000002,,,custom:libsad_search_726ce3dd431232.so,/home/rzzhang/sad_merged/sad/build/libsad_search_726ce3dd431232.so
2026-08-23T07:08:31.722820+00:00,20260823T064006,joint:equivariant-qnn:22:ad1362de0aa15d7b,ok,,equivariant-qnn,22,8,float64,42,32,2,32,2,2,0.25,rotation,rotation,8,8,compact:L3R0W0-L3R0W0-L3R0W0-L3R0W0-L3R0W0-L3R0W0-L2R0W0-L2R0W0,compact:L3R0W0-L3R0W0-L3R0W0-L3R0W0-L3R0W0-L3R0W0-L2R0W0-L2R0W0,,,not_applicable,optimized,3,3,3,62.887892,62.89163666666667,62.88775499999999,62.89926300000001,0.005392922048602505,21.053539,0.3900466666666667,41.44805100000001,,,custom:libsad_search_6e9ecc13ac7654.so,/home/rzzhang/sad_merged/sad/build/libsad_search_6e9ecc13ac7654.so
2026-08-23T07:08:32.123849+00:00,20260823T064006,joint:equivariant-qnn:6:533cf2b165eb6c61,ok,,equivariant-qnn,6,8,float64,42,32,2,128,2,1,0.0,rotation,rotation,1,1,compact:L5R1W0,compact:L5R1W0,,,not_applicable,optimized,20,3,20,0.340866,0.34049735000000003,0.33983599999999997,0.340987,0.00048014177854046583,0.08355155,0.01539905,0.24154675,,,custom:libsad_search_44993f541f55e5.so,/home/rzzhang/sad_merged/sad/build/libsad_search_44993f541f55e5.so
2026-08-23T07:08:32.142614+00:00,20260823T064006,joint:equivariant-qnn:8:b91802418ee486e6,ok,,equivariant-qnn,8,8,float64,42,64,2,64,2,2,0.0,rotation,rotation,1,1,compact:L5R2W1,compact:L5R2W1,,,not_applicable,optimized,20,3,20,0.346603,0.34659270000000003,0.34599900000000006,0.347224,0.0004971432489735681,0.10623605,0.0155565,0.22480015,,,custom:libsad_search_ae5663d41dfb3d.so,/home/rzzhang/sad_merged/sad/build/libsad_search_ae5663d41dfb3d.so
2026-08-23T07:08:32.161627+00:00,20260823T064006,joint:equivariant-qnn:18:ce7f5afdd34d4d86,ok,,equivariant-qnn,18,8,float64,42,128,2,32,2,2,1.0,rotation,rotation,18,18,compact:L1R0W0-L1R0W0-L1R0W0-L1R0W0-L1R0W0-L1R0W0-L1R0W0-L1R0W0-L1R0W0-L1R0W0-L1R0W0-L1R0W0-L1R0W0-L1R0W0-L1R0W0-L1R0W0-L1R0W0-L1R0W0,compact:L1R0W0-L1R0W0-L1R0W0-L1R0W0-L1R0W0-L1R0W0-L1R0W0-L1R0W0-L1R0W0-L1R0W0-L1R0W0-L1R0W0-L1R0W0-L1R0W0-L1R0W0-L1R0W0-L1R0W0-L1R0W0,,,not_applicable,optimized,5,3,5,7.073826,7.074270800000001,7.072827,7.075904,0.0013725583994863653,3.432752,0.0320094,3.6095094,,,custom:libsad_search_e09d5834859473.so,/home/rzzhang/sad_merged/sad/build/libsad_search_e09d5834859473.so
2026-08-23T07:08:32.229582+00:00,20260823T064006,joint:equivariant-qnn:18:65047e75cbd7c6c5,ok,,equivariant-qnn,18,8,float64,42,32,2,32,2,1,0.0,rotation,rotation,3,3,compact:L5R1W0-L5R1W0-L5R1W0,compact:L5R1W0-L5R1W0-L5R1W0,,,not_applicable,optimized,5,3,5,3.461039,3.4605446,3.459284,3.4612410000000002,0.0007853107919799184,1.0880729999999998,0.031891600000000006,2.34058,,,custom:libsad_search_e1d9f2a2400c61.so,/home/rzzhang/sad_merged/sad/build/libsad_search_e1d9f2a2400c61.so
2026-08-23T07:08:32.269103+00:00,20260823T064006,joint:equivariant-qnn:4:1688a34b5b7644f3,ok,,equivariant-qnn,4,8,float64,42,128,2,32,2,2,0.75,rotation,rotation,3,3,compact:L2R0W0-L1R0W0-L1R0W0,compact:L2R0W0-L1R0W0-L1R0W0,,,not_applicable,optimized,20,3,20,0.4167865,0.4169981,0.41560100000000005,0.420859,0.0010761263355201266,0.2064875,0.015342550000000002,0.19516805,,,custom:libsad_search_e09d5834859473.so,/home/rzzhang/sad_merged/sad/build/libsad_search_e09d5834859473.so
2026-08-23T07:08:32.289421+00:00,20260823T064006,joint:equivariant-qnn:22:f1ab811e62ac1d5c,ok,,equivariant-qnn,22,8,float64,42,128,2,128,2,2,0.75,rotation,rotation,17,17,compact:L2R0W0-L2R0W0-L2R0W0-L2R0W0-L2R0W0-L1R0W0-L1R0W0-L1R0W0-L1R0W0-L1R0W0-L1R0W0-L1R0W0-L1R0W0-L1R0W0-L1R0W0-L1R0W0-L1R0W0,compact:L2R0W0-L2R0W0-L2R0W0-L2R0W0-L2R0W0-L1R0W0-L1R0W0-L1R0W0-L1R0W0-L1R0W0-L1R0W0-L1R0W0-L1R0W0-L1R0W0-L1R0W0-L1R0W0-L1R0W0,,,not_applicable,optimized,3,3,3,114.97563500000001,115.04650766666667,114.931382,115.232506,0.13275570798609193,30.119244,0.387611,84.53965266666667,,,custom:libsad_search_fad73079be189a.so,/home/rzzhang/sad_merged/sad/build/libsad_search_fad73079be189a.so
2026-08-23T07:08:33.007413+00:00,20260823T064006,joint:equivariant-qnn:18:b8b2e64beccc12eb,ok,,equivariant-qnn,18,8,float64,42,128,2,32,2,2,0.25,rotation,rotation,6,7,compact:L3R0W0-L3R0W0-L3R0W0-L3R0W0-L3R0W0-L3R0W0,compact:L3R0W0-L3R0W0-L3R0W0-L3R0W0-L2R0W0-L2R0W0-L2R0W0,,,not_applicable,optimized,5,3,5,4.188217,4.18776,4.186108,4.189050999999999,0.0010266929433864816,1.6240126,0.031765,2.5319824,,,custom:libsad_search_e09d5834859473.so,/home/rzzhang/sad_merged/sad/build/libsad_search_e09d5834859473.so
2026-08-23T07:08:33.052386+00:00,20260823T064006,joint:equivariant-qnn:22:c2d8493205e66882,ok,,equivariant-qnn,22,8,float64,42,64,2,64,2,2,0.5,rotation,rotation,12,12,compact:L2R0W0-L2R0W0-L2R0W0-L2R0W0-L2R0W0-L2R0W0-L2R0W0-L2R0W0-L2R0W0-L2R0W0-L1R0W0-L1R0W0,compact:L2R0W0-L2R0W0-L2R0W0-L2R0W0-L2R0W0-L2R0W0-L2R0W0-L2R0W0-L2R0W0-L2R0W0-L1R0W0-L1R0W0,,,not_applicable,optimized,3,3,3,86.12487499999999,86.10811466666667,86.04674499999999,86.152724,0.04485954889306708,25.151884,0.39120999999999995,60.56502066666666,,,custom:libsad_search_ae5663d41dfb3d.so,/home/rzzhang/sad_merged/sad/build/libsad_search_ae5663d41dfb3d.so
2026-08-23T07:08:33.596934+00:00,20260823T064006,joint:equivariant-qnn:16:5ca9b93057871071,ok,,equivariant-qnn,16,8,float64,42,32,2,32,2,2,0.25,rotation,rotation,6,6,compact:L3R0W0-L3R0W0-L3R0W0-L3R0W0-L2R0W0-L2R0W0,compact:L3R0W0-L3R0W0-L3R0W0-L3R0W0-L2R0W0-L2R0W0,,,not_applicable,optimized,5,3,5,1.6977049999999998,1.6977505999999998,1.6966009999999998,1.69883,0.0009391904173276619,0.7121164,0.015435599999999999,0.9701985999999999,,,custom:libsad_search_6e9ecc13ac7654.so,/home/rzzhang/sad_merged/sad/build/libsad_search_6e9ecc13ac7654.so
2026-08-23T07:08:33.621802+00:00,20260823T064006,joint:equivariant-qnn:28:8c22db49c55bb1d3,ok,,equivariant-qnn,28,8,float64,42,128,2,128,2,1,0.0,legacy,legacy,0,0,,,,,not_applicable,legacy-generic,2,3,2,4462.775194,4462.775194,4462.492977,4463.057411,0.282216999999946,1186.6289440000003,82.83176350000001,3193.3144865,,,custom:libsad_search_e7cc64b1fce303.so,/home/rzzhang/sad_merged/sad/build/libsad_search_e7cc64b1fce303.so
2026-08-23T07:08:55.975214+00:00,20260823T064006,joint:equivariant-qnn:20:76118813921d3e40,ok,,equivariant-qnn,20,8,float64,42,128,2,32,2,1,0.25,rotation,rotation,7,7,compact:L3R0W0-L3R0W0-L3R0W0-L3R0W0-L3R0W0-L3R0W0-L2R0W0,compact:L3R0W0-L3R0W0-L3R0W0-L3R0W0-L3R0W0-L3R0W0-L2R0W0,,,not_applicable,optimized,5,3,5,14.281957000000002,14.284742400000003,14.279827000000003,14.291096999999999,0.00482157740163816,5.3276584,0.09895480000000001,8.8581292,,,custom:libsad_search_78523faf565e9a.so,/home/rzzhang/sad_merged/sad/build/libsad_search_78523faf565e9a.so
2026-08-23T07:08:56.125348+00:00,20260823T064006,joint:equivariant-qnn:28:e57396aa19437506,ok,,equivariant-qnn,28,8,float64,42,64,2,64,2,1,0.0,legacy,legacy,0,0,,,,,not_applicable,legacy-generic,2,3,2,4127.936066,4127.936066,4127.223292,4128.648840000001,0.712774000000536,1119.2856585,82.79022350000001,2925.860184,,,custom:libsad_search_a82e9b3f4b7d25.so,/home/rzzhang/sad_merged/sad/build/libsad_search_a82e9b3f4b7d25.so
2026-08-23T07:09:16.899276+00:00,20260823T064006,joint:equivariant-qnn:26:002b81596e2217cc,ok,,equivariant-qnn,26,8,float64,42,32,2,32,2,1,0.0,rotation,rotation,4,4,compact:L5R2W0-L5R2W0-L5R1W0-L5R1W0,compact:L5R2W0-L5R2W0-L5R1W0-L5R1W0,,,not_applicable,optimized,2,3,2,909.5594970000001,909.5594970000001,909.2817090000001,909.8372850000001,0.2777879999999868,250.18609550000005,11.4356535,647.9377479999999,,,custom:libsad_search_e1d9f2a2400c61.so,/home/rzzhang/sad_merged/sad/build/libsad_search_e1d9f2a2400c61.so
2026-08-23T07:09:21.487557+00:00,20260823T064006,joint:equivariant-qnn:20:60684ebd341525e5,ok,,equivariant-qnn,20,8,float64,42,32,2,128,2,1,0.75,rotation,rotation,16,16,compact:L2R0W0-L2R0W0-L2R0W0-L2R0W0-L1R0W0-L1R0W0-L1R0W0-L1R0W0-L1R0W0-L1R0W0-L1R0W0-L1R0W0-L1R0W0-L1R0W0-L1R0W0-L1R0W0,compact:L2R0W0-L2R0W0-L2R0W0-L2R0W0-L1R0W0-L1R0W0-L1R0W0-L1R0W0-L1R0W0-L1R0W0-L1R0W0-L1R0W0-L1R0W0-L1R0W0-L1R0W0-L1R0W0,,,not_applicable,optimized,5,3,5,19.065025,19.0666916,19.060799,19.073326,0.004489012345717147,8.108370200000001,0.09754299999999999,10.8607784,,,custom:libsad_search_44993f541f55e5.so,/home/rzzhang/sad_merged/sad/build/libsad_search_44993f541f55e5.so
2026-08-23T07:09:21.660171+00:00,20260823T064006,joint:equivariant-qnn:22:8406bcde7fb30dc8,ok,,equivariant-qnn,22,8,float64,42,32,2,32,2,1,0.5,rotation,rotation,13,13,compact:L2R0W0-L2R0W0-L2R0W0-L2R0W0-L2R0W0-L2R0W0-L2R0W0-L2R0W0-L2R0W0-L1R0W0-L1R0W0-L1R0W0-L1R0W0,compact:L2R0W0-L2R0W0-L2R0W0-L2R0W0-L2R0W0-L2R0W0-L2R0W0-L2R0W0-L2R0W0-L1R0W0-L1R0W0-L1R0W0-L1R0W0,,,not_applicable,optimized,3,3,3,91.664838,91.66071866666665,91.650449,91.66686899999999,0.007308934274039629,26.046894333333334,0.3855483333333333,65.228276,,,custom:libsad_search_e1d9f2a2400c61.so,/home/rzzhang/sad_merged/sad/build/libsad_search_e1d9f2a2400c61.so
2026-08-23T07:09:22.234340+00:00,20260823T064006,joint:equivariant-qnn:12:1282da777b37d517,ok,,equivariant-qnn,12,8,float64,42,32,2,32,2,1,0.75,rotation,rotation,10,10,compact:L2R0W0-L2R0W0-L1R0W0-L1R0W0-L1R0W0-L1R0W0-L1R0W0-L1R0W0-L1R0W0-L1R0W0,compact:L2R0W0-L2R0W0-L1R0W0-L1R0W0-L1R0W0-L1R0W0-L1R0W0-L1R0W0-L1R0W0-L1R0W0,,,not_applicable,optimized,10,3,10,1.518121,1.5198258,1.5167499999999998,1.524672,0.003236584860620884,0.7062166,0.0155602,0.798049,,,custom:libsad_search_e1d9f2a2400c61.so,/home/rzzhang/sad_merged/sad/build/libsad_search_e1d9f2a2400c61.so
2026-08-23T07:09:22.265335+00:00,20260823T064006,joint:equivariant-qnn:4:b08ccce40cb472ce,ok,,equivariant-qnn,4,8,float64,42,32,2,128,2,1,1.0,rotation,rotation,4,4,compact:L1R0W0-L1R0W0-L1R0W0-L1R0W0,compact:L1R0W0-L1R0W0-L1R0W0-L1R0W0,,,not_applicable,optimized,20,3,20,0.514033,0.5125866,0.506714,0.515992,0.0032558970253986986,0.20074555000000002,0.015546500000000001,0.29629455,,,custom:libsad_search_44993f541f55e5.so,/home/rzzhang/sad_merged/sad/build/libsad_search_44993f541f55e5.so
2026-08-23T07:09:22.287857+00:00,20260823T064006,joint:equivariant-qnn:20:853807a7fbcf9bc8,ok,,equivariant-qnn,20,8,float64,42,32,2,32,2,2,0.75,rotation,rotation,16,16,compact:L2R0W0-L2R0W0-L2R0W0-L2R0W0-L1R0W0-L1R0W0-L1R0W0-L1R0W0-L1R0W0-L1R0W0-L1R0W0-L1R0W0-L1R0W0-L1R0W0-L1R0W0-L1R0W0,compact:L2R0W0-L2R0W0-L2R0W0-L2R0W0-L1R0W0-L1R0W0-L1R0W0-L1R0W0-L1R0W0-L1R0W0-L1R0W0-L1R0W0-L1R0W0-L1R0W0-L1R0W0-L1R0W0,,,not_applicable,optimized,5,3,5,19.230997,19.2317884,19.230877,19.234054,0.0012219559075518905,8.574002,0.1023926,10.5553938,,,custom:libsad_search_6e9ecc13ac7654.so,/home/rzzhang/sad_merged/sad/build/libsad_search_6e9ecc13ac7654.so
2026-08-23T07:09:22.463029+00:00,20260823T064006,joint:equivariant-qnn:20:4e46b33b13ef21d4,ok,,equivariant-qnn,20,8,float64,42,32,2,128,2,1,0.5,rotation,rotation,12,12,compact:L2R0W0-L2R0W0-L2R0W0-L2R0W0-L2R0W0-L2R0W0-L2R0W0-L2R0W0-L1R0W0-L1R0W0-L1R0W0-L1R0W0,compact:L2R0W0-L2R0W0-L2R0W0-L2R0W0-L2R0W0-L2R0W0-L2R0W0-L2R0W0-L1R0W0-L1R0W0-L1R0W0-L1R0W0,,,not_applicable,optimized,5,3,5,17.950921,17.951990799999997,17.948995,17.958129,0.0031608316880211355,7.2440924,0.0992936,10.6086048,,,custom:libsad_search_44993f541f55e5.so,/home/rzzhang/sad_merged/sad/build/libsad_search_44993f541f55e5.so
2026-08-23T07:09:22.628401+00:00,20260823T064006,joint:equivariant-qnn:12:5e2ce00f4b3a61dd,ok,,equivariant-qnn,12,8,float64,42,64,2,64,2,1,0.75,rotation,rotation,10,10,compact:L2R0W0-L2R0W0-L1R0W0-L1R0W0-L1R0W0-L1R0W0-L1R0W0-L1R0W0-L1R0W0-L1R0W0,compact:L2R0W0-L2R0W0-L1R0W0-L1R0W0-L1R0W0-L1R0W0-L1R0W0-L1R0W0-L1R0W0-L1R0W0,,,not_applicable,optimized,10,3,10,1.7428675,1.7429397999999998,1.7419089999999997,1.7437690000000001,0.0004958186765341349,0.8022231,0.015395499999999998,0.9253212000000001,,,custom:libsad_search_d69133c4e36ad5.so,/home/rzzhang/sad_merged/sad/build/libsad_search_d69133c4e36ad5.so
2026-08-23T07:09:22.662665+00:00,20260823T064006,joint:equivariant-qnn:26:5410b65fbcfa0699,ok,,equivariant-qnn,26,8,float64,42,32,2,32,2,1,0.75,rotation,rotation,20,20,compact:L2R0W0-L2R0W0-L2R0W0-L2R0W0-L2R0W0-L2R0W0-L1R0W0-L1R0W0-L1R0W0-L1R0W0-L1R0W0-L1R0W0-L1R0W0-L1R0W0-L1R0W0-L1R0W0-L1R0W0-L1R0W0-L1R0W0-L1R0W0,compact:L2R0W0-L2R0W0-L2R0W0-L2R0W0-L2R0W0-L2R0W0-L1R0W0-L1R0W0-L1R0W0-L1R0W0-L1R0W0-L1R0W0-L1R0W0-L1R0W0-L1R0W0-L1R0W0-L1R0W0-L1R0W0-L1R0W0-L1R0W0,,,not_applicable,optimized,2,3,2,2373.106708,2373.106708,2372.957645,2373.2557709999996,0.14906299999984185,798.338523,11.369341,1563.398844,,,custom:libsad_search_e1d9f2a2400c61.so,/home/rzzhang/sad_merged/sad/build/libsad_search_e1d9f2a2400c61.so
2026-08-23T07:09:34.559114+00:00,20260823T064006,joint:equivariant-qnn:28:a08863feae21f160,ok,,equivariant-qnn,28,8,float64,42,128,2,32,2,2,0.25,rotation,rotation,10,10,compact:L3R0W0-L3R0W0-L3R0W0-L3R0W0-L3R0W0-L3R0W0-L3R0W0-L3R0W0-L2R0W0-L2R0W0,compact:L3R0W0-L3R0W0-L3R0W0-L3R0W0-L3R0W0-L3R0W0-L3R0W0-L3R0W0-L2R0W0-L2R0W0,,,not_applicable,optimized,2,3,2,5010.7203365000005,5010.7203365000005,5010.420627,5011.020046000001,0.2997095000000627,1694.501038,83.138923,3233.0803755,,,custom:libsad_search_e09d5834859473.so,/home/rzzhang/sad_merged/sad/build/libsad_search_e09d5834859473.so
2026-08-23T07:09:59.655090+00:00,20260823T064006,joint:equivariant-qnn:20:2ca6f578adc4349d,ok,,equivariant-qnn,20,8,float64,42,64,2,64,2,1,0.0,legacy,legacy,0,0,,,,,not_applicable,legacy-generic,5,3,5,12.423983999999999,12.4236378,12.422295,12.424344,0.0007548897667870219,3.5867747999999997,0.0976266,8.7392364,,,custom:libsad_search_a82e9b3f4b7d25.so,/home/rzzhang/sad_merged/sad/build/libsad_search_a82e9b3f4b7d25.so
2026-08-23T07:09:59.790736+00:00,20260823T064006,joint:equivariant-qnn:26:9900ba7b1255b8ec,ok,,equivariant-qnn,26,8,float64,42,32,2,32,2,1,0.0,legacy,legacy,0,0,,,,,not_applicable,legacy-generic,2,3,2,912.7220884999999,912.7220884999999,912.3830459999999,913.0611309999999,0.339042500000005,250.03608049999997,11.6102115,651.0757965,,,custom:libsad_search_cadde23b7a4b57.so,/home/rzzhang/sad_merged/sad/build/libsad_search_cadde23b7a4b57.so
2026-08-23T07:10:04.393894+00:00,20260823T064006,joint:equivariant-qnn:12:9c6d7c51aa315c03,ok,,equivariant-qnn,12,8,float64,42,32,2,32,2,2,1.0,rotation,rotation,12,12,compact:L1R0W0-L1R0W0-L1R0W0-L1R0W0-L1R0W0-L1R0W0-L1R0W0-L1R0W0-L1R0W0-L1R0W0-L1R0W0-L1R0W0,compact:L1R0W0-L1R0W0-L1R0W0-L1R0W0-L1R0W0-L1R0W0-L1R0W0-L1R0W0-L1R0W0-L1R0W0-L1R0W0-L1R0W0,,,not_applicable,optimized,10,3,10,1.7704695000000001,1.7700582,1.7684689999999998,1.7714910000000001,0.0010126917398696215,0.8361670999999999,0.015491199999999998,0.9183998999999999,,,custom:libsad_search_6e9ecc13ac7654.so,/home/rzzhang/sad_merged/sad/build/libsad_search_6e9ecc13ac7654.so
2026-08-23T07:10:04.432773+00:00,20260823T064006,joint:equivariant-qnn:26:0f3ba8c3bd4c5598,ok,,equivariant-qnn,26,8,float64,42,64,2,64,2,2,0.75,rotation,rotation,20,20,compact:L2R0W0-L2R0W0-L2R0W0-L2R0W0-L2R0W0-L2R0W0-L1R0W0-L1R0W0-L1R0W0-L1R0W0-L1R0W0-L1R0W0-L1R0W0-L1R0W0-L1R0W0-L1R0W0-L1R0W0-L1R0W0-L1R0W0-L1R0W0,compact:L2R0W0-L2R0W0-L2R0W0-L2R0W0-L2R0W0-L2R0W0-L1R0W0-L1R0W0-L1R0W0-L1R0W0-L1R0W0-L1R0W0-L1R0W0-L1R0W0-L1R0W0-L1R0W0-L1R0W0-L1R0W0-L1R0W0-L1R0W0,,,not_applicable,optimized,2,3,2,2377.5541755,2377.5541755,2377.375653,2377.732698,0.1785224999998718,800.7458290000001,11.413860500000002,1565.3944860000001,,,custom:libsad_search_ae5663d41dfb3d.so,/home/rzzhang/sad_merged/sad/build/libsad_search_ae5663d41dfb3d.so
2026-08-23T07:10:16.354447+00:00,20260823T064006,joint:equivariant-qnn:24:b5d2dcc3fd90ab68,ok,,equivariant-qnn,24,8,float64,42,128,2,128,2,1,0.25,rotation,rotation,8,8,compact:L3R0W0-L3R0W0-L3R0W0-L3R0W0-L3R0W0-L3R0W0-L3R0W0-L3R0W0,compact:L3R0W0-L3R0W0-L3R0W0-L3R0W0-L3R0W0-L3R0W0-L3R0W0-L3R0W0,,,not_applicable,optimized,3,3,3,256.320542,256.307524,256.264167,256.337863,0.03146295543440756,87.79224533333334,1.741465,166.77381366666665,,,custom:libsad_search_726ce3dd431232.so,/home/rzzhang/sad_merged/sad/build/libsad_search_726ce3dd431232.so
2026-08-23T07:10:17.932014+00:00,20260823T064006,joint:equivariant-qnn:6:aee7bd325490994d,ok,,equivariant-qnn,6,8,float64,42,128,2,32,2,2,0.25,rotation,rotation,2,2,compact:L3R0W0-L3R0W0,compact:L3R0W0-L3R0W0,,,not_applicable,optimized,20,3,20,0.389098,0.38955365,0.38895599999999997,0.391036,0.0006127222270327765,0.1763478,0.0152804,0.19792545,,,custom:libsad_search_e09d5834859473.so,/home/rzzhang/sad_merged/sad/build/libsad_search_e09d5834859473.so
2026-08-23T07:10:17.952252+00:00,20260823T064006,joint:equivariant-qnn:28:6f30688493943138,ok,,equivariant-qnn,28,8,float64,42,32,2,128,2,2,0.0,rotation,rotation,4,4,compact:L5R2W0-L5R2W0-L5R2W0-L5R2W0,compact:L5R2W0-L5R2W0-L5R2W0-L5R2W0,,,not_applicable,optimized,2,3,2,4016.6725575,4016.6725575,4016.333524,4017.011591,0.33903349999991406,1065.7572615,82.485548,2868.429748,,,custom:libsad_search_57309a924b2f38.so,/home/rzzhang/sad_merged/sad/build/libsad_search_57309a924b2f38.so
2026-08-23T07:10:38.077674+00:00,20260823T064006,joint:equivariant-qnn:6:9700d8bffd1125a2,ok,,equivariant-qnn,6,8,float64,42,32,2,32,2,1,0.0,rotation,rotation,1,1,compact:L5R1W0,compact:L5R1W0,,,not_applicable,optimized,20,3,20,0.25081050000000005,0.2507914,0.249835,0.25097300000000006,0.00022917687492415395,0.08391320000000001,0.015377249999999999,0.15150095,,,custom:libsad_search_e1d9f2a2400c61.so,/home/rzzhang/sad_merged/sad/build/libsad_search_e1d9f2a2400c61.so
2026-08-23T07:10:38.100107+00:00,20260823T064006,joint:equivariant-qnn:20:35ea1453f34ea16f,ok,,equivariant-qnn,20,8,float64,42,32,2,32,2,2,0.0,rotation,rotation,3,3,compact:L5R2W0-L5R2W0-L5R1W0,compact:L5R2W0-L5R2W0-L5R1W0,,,not_applicable,optimized,5,3,5,11.934832,11.9326232,11.927909,11.936752,0.0035905004330875675,3.4033765999999996,0.0976102,8.4316364,,,custom:libsad_search_6e9ecc13ac7654.so,/home/rzzhang/sad_merged/sad/build/libsad_search_6e9ecc13ac7654.so
2026-08-23T07:10:38.231817+00:00,20260823T064006,joint:equivariant-qnn:18:bdacbc3d528462a0,ok,,equivariant-qnn,18,8,float64,42,128,2,128,2,1,0.5,rotation,rotation,10,10,compact:L2R0W0-L2R0W0-L2R0W0-L2R0W0-L2R0W0-L2R0W0-L2R0W0-L2R0W0-L1R0W0-L1R0W0,compact:L2R0W0-L2R0W0-L2R0W0-L2R0W0-L2R0W0-L2R0W0-L2R0W0-L2R0W0-L1R0W0-L1R0W0,,,not_applicable,optimized,5,3,5,5.27463,5.272812,5.267378,5.274651,0.002813348538663652,2.2206761999999998,0.0318644,3.0202714,,,custom:libsad_search_726ce3dd431232.so,/home/rzzhang/sad_merged/sad/build/libsad_search_726ce3dd431232.so
2026-08-23T07:10:38.301048+00:00,20260823T064006,joint:equivariant-qnn:10:85a5eadb2fe019ab,ok,,equivariant-qnn,10,8,float64,42,32,2,32,2,1,1.0,rotation,rotation,10,10,compact:L1R0W0-L1R0W0-L1R0W0-L1R0W0-L1R0W0-L1R0W0-L1R0W0-L1R0W0-L1R0W0-L1R0W0,compact:L1R0W0-L1R0W0-L1R0W0-L1R0W0-L1R0W0-L1R0W0-L1R0W0-L1R0W0-L1R0W0-L1R0W0,,,not_applicable,optimized,10,3,10,1.3700705,1.3701902000000001,1.368114,1.372168,0.0009565517027322854,0.6399133000000001,0.015432000000000001,0.7148449,,,custom:libsad_search_e1d9f2a2400c61.so,/home/rzzhang/sad_merged/sad/build/libsad_search_e1d9f2a2400c61.so
2026-08-23T07:10:38.335598+00:00,20260823T064006,joint:equivariant-qnn:16:b146911617a40205,ok,,equivariant-qnn,16,8,float64,42,128,2,32,2,1,0.25,rotation,rotation,6,6,compact:L3R0W0-L3R0W0-L3R0W0-L3R0W0-L2R0W0-L2R0W0,compact:L3R0W0-L3R0W0-L3R0W0-L3R0W0-L2R0W0-L2R0W0,,,not_applicable,optimized,5,3,5,1.748792,1.7504122,1.7458819999999997,1.7551240000000001,0.003608792728877741,0.7690896,0.015472799999999998,0.9658498,,,custom:libsad_search_78523faf565e9a.so,/home/rzzhang/sad_merged/sad/build/libsad_search_78523faf565e9a.so
2026-08-23T07:10:38.361388+00:00,20260823T064006,joint:equivariant-qnn:10:a09e5334c36f5cb7,ok,,equivariant-qnn,10,8,float64,42,128,2,32,2,2,0.0,rotation,rotation,2,2,compact:L5R0W0-L5R0W0,compact:L5R0W0-L5R0W0,,,not_applicable,optimized,10,3,10,0.550935,0.5507845,0.5458540000000001,0.551969,0.001715272179567989,0.24816840000000004,0.015397100000000002,0.287219,,,custom:libsad_search_e09d5834859473.so,/home/rzzhang/sad_merged/sad/build/libsad_search_e09d5834859473.so
2026-08-23T07:10:38.379321+00:00,20260823T064006,joint:equivariant-qnn:4:bfa6a76c05e71075,ok,,equivariant-qnn,4,8,float64,42,32,2,128,2,2,0.0,rotation,rotation,1,1,compact:L4R0W0,compact:L4R0W0,,,not_applicable,optimized,20,3,20,0.2652815,0.2674353,0.26416999999999996,0.272495,0.0032676356452334223,0.07403309999999999,0.015155400000000001,0.17824679999999998,,,custom:libsad_search_57309a924b2f38.so,/home/rzzhang/sad_merged/sad/build/libsad_search_57309a924b2f38.so
2026-08-23T07:10:38.396269+00:00,20260823T064006,joint:equivariant-qnn:4:90659ee9a779d0f6,ok,,equivariant-qnn,4,8,float64,42,32,2,32,2,1,0.0,legacy,legacy,0,0,,,,,not_applicable,legacy-generic,20,3,20,0.2099395,0.21019685,0.208921,0.21202,0.0006491925195964588,0.0766619,0.015409300000000003,0.11812565,,,custom:libsad_search_cadde23b7a4b57.so,/home/rzzhang/sad_merged/sad/build/libsad_search_cadde23b7a4b57.so
2026-08-23T07:10:38.411638+00:00,20260823T064006,joint:equivariant-qnn:16:254b561236961e03,ok,,equivariant-qnn,16,8,float64,42,32,2,32,2,1,0.0,rotation,rotation,3,3,compact:L5R1W0-L5R0W0-L5R0W0,compact:L5R1W0-L5R0W0-L5R0W0,,,not_applicable,optimized,5,3,5,1.2625170000000001,1.2621402,1.260491,1.263562,0.0010409398445635732,0.47140619999999994,0.0150652,0.7756688,,,custom:libsad_search_e1d9f2a2400c61.so,/home/rzzhang/sad_merged/sad/build/libsad_search_e1d9f2a2400c61.so
2026-08-23T07:10:38.432945+00:00,20260823T064006,joint:equivariant-qnn:16:299526874e8391c3,ok,,equivariant-qnn,16,8,float64,42,32,2,32,2,1,0.5,rotation,rotation,10,10,compact:L2R0W0-L2R0W0-L2R0W0-L2R0W0-L2R0W0-L2R0W0-L1R0W0-L1R0W0-L1R0W0-L1R0W0,compact:L2R0W0-L2R0W0-L2R0W0-L2R0W0-L2R0W0-L2R0W0-L1R0W0-L1R0W0-L1R0W0-L1R0W0,,,not_applicable,optimized,5,3,5,2.3347430000000005,2.3347064,2.333666,2.3356399999999997,0.0006262282650918024,1.0498402,0.015413800000000002,1.2694524,,,custom:libsad_search_e1d9f2a2400c61.so,/home/rzzhang/sad_merged/sad/build/libsad_search_e1d9f2a2400c61.so
2026-08-23T07:10:38.462768+00:00,20260823T064006,joint:equivariant-qnn:28:7b30af761d08b976,ok,,equivariant-qnn,28,8,float64,42,64,2,64,2,2,0.75,rotation,rotation,22,22,compact:L2R0W0-L2R0W0-L2R0W0-L2R0W0-L2R0W0-L2R0W0-L1R0W0-L1R0W0-L1R0W0-L1R0W0-L1R0W0-L1R0W0-L1R0W0-L1R0W0-L1R0W0-L1R0W0-L1R0W0-L1R0W0-L1R0W0-L1R0W0-L1R0W0-L1R0W0,compact:L2R0W0-L2R0W0-L2R0W0-L2R0W0-L2R0W0-L2R0W0-L1R0W0-L1R0W0-L1R0W0-L1R0W0-L1R0W0-L1R0W0-L1R0W0-L1R0W0-L1R0W0-L1R0W0-L1R0W0-L1R0W0-L1R0W0-L1R0W0-L1R0W0-L1R0W0,,,not_applicable,optimized,2,3,2,10440.332951,10440.332951,10440.31379,10440.352111999999,0.01916099999925791,3497.768689,83.14551150000001,6859.4187505,,,custom:libsad_search_ae5663d41dfb3d.so,/home/rzzhang/sad_merged/sad/build/libsad_search_ae5663d41dfb3d.so
2026-08-23T07:11:30.699034+00:00,20260823T064006,joint:equivariant-qnn:28:6a5a932449ecf85c,ok,,equivariant-qnn,28,8,float64,42,32,2,128,2,1,0.5,rotation,rotation,16,16,compact:L2R0W0-L2R0W0-L2R0W0-L2R0W0-L2R0W0-L2R0W0-L2R0W0-L2R0W0-L2R0W0-L2R0W0-L2R0W0-L2R0W0-L1R0W0-L1R0W0-L1R0W0-L1R0W0,compact:L2R0W0-L2R0W0-L2R0W0-L2R0W0-L2R0W0-L2R0W0-L2R0W0-L2R0W0-L2R0W0-L2R0W0-L2R0W0-L2R0W0-L1R0W0-L1R0W0-L1R0W0-L1R0W0,,,not_applicable,optimized,2,3,2,7717.219220999999,7717.219220999999,7716.283412,7718.15503,0.935809000000063,2588.3335355000004,81.987456,5046.8982295,,,custom:libsad_search_44993f541f55e5.so,/home/rzzhang/sad_merged/sad/build/libsad_search_44993f541f55e5.so
2026-08-23T07:12:09.571401+00:00,20260823T064006,joint:equivariant-qnn:26:8b7233e66f497e1a,ok,,equivariant-qnn,26,8,float64,42,128,2,32,2,1,0.0,rotation,rotation,3,4,compact:L5R2W2-L5R2W2-L5R2W1,compact:L5R2W0-L5R2W0-L5R1W0-L5R1W0,,,not_applicable,optimized,2,3,2,906.592907,906.592907,906.232041,906.9537730000001,0.3608660000000441,249.695946,11.583637000000001,645.313324,,,custom:libsad_search_78523faf565e9a.so,/home/rzzhang/sad_merged/sad/build/libsad_search_78523faf565e9a.so
2026-08-23T07:12:14.148198+00:00,20260823T064006,joint:equivariant-qnn:20:be681673b4eec32d,ok,,equivariant-qnn,20,8,float64,42,32,2,32,2,1,0.25,rotation,rotation,7,7,compact:L3R0W0-L3R0W0-L3R0W0-L3R0W0-L3R0W0-L3R0W0-L2R0W0,compact:L3R0W0-L3R0W0-L3R0W0-L3R0W0-L3R0W0-L3R0W0-L2R0W0,,,not_applicable,optimized,5,3,5,14.201142,14.2005688,14.197861,14.203112,0.0020228788792219575,5.2549748,0.09745619999999999,8.8481378,,,custom:libsad_search_e1d9f2a2400c61.so,/home/rzzhang/sad_merged/sad/build/libsad_search_e1d9f2a2400c61.so
2026-08-23T07:12:14.281463+00:00,20260823T064006,joint:equivariant-qnn:12:a10c60698b84ee40,ok,,equivariant-qnn,12,8,float64,42,64,2,64,2,2,1.0,rotation,rotation,12,12,compact:L1R0W0-L1R0W0-L1R0W0-L1R0W0-L1R0W0-L1R0W0-L1R0W0-L1R0W0-L1R0W0-L1R0W0-L1R0W0-L1R0W0,compact:L1R0W0-L1R0W0-L1R0W0-L1R0W0-L1R0W0-L1R0W0-L1R0W0-L1R0W0-L1R0W0-L1R0W0-L1R0W0-L1R0W0,,,not_applicable,optimized,10,3,10,1.916953,1.9162484,1.909744,1.9190779999999998,0.002933906685632587,0.9009284,0.0154351,0.9998849,,,custom:libsad_search_ae5663d41dfb3d.so,/home/rzzhang/sad_merged/sad/build/libsad_search_ae5663d41dfb3d.so
2026-08-23T07:12:14.317914+00:00,20260823T064006,joint:equivariant-qnn:10:3390200b668b8467,ok,,equivariant-qnn,10,8,float64,42,128,2,32,2,2,0.5,rotation,rotation,6,6,compact:L2R0W0-L2R0W0-L2R0W0-L2R0W0-L1R0W0-L1R0W0,compact:L2R0W0-L2R0W0-L2R0W0-L2R0W0-L1R0W0-L1R0W0,,,not_applicable,optimized,10,3,10,1.0541125,1.0533280999999999,1.045555,1.055666,0.002718499382012054,0.5336067,0.015548499999999998,0.5041728999999999,,,custom:libsad_search_e09d5834859473.so,/home/rzzhang/sad_merged/sad/build/libsad_search_e09d5834859473.so
2026-08-23T07:12:14.342659+00:00,20260823T064006,joint:equivariant-qnn:22:02d8e213bb45ec5a,ok,,equivariant-qnn,22,8,float64,42,128,2,32,2,2,0.25,rotation,rotation,8,8,compact:L3R0W0-L3R0W0-L3R0W0-L3R0W0-L3R0W0-L3R0W0-L2R0W0-L2R0W0,compact:L3R0W0-L3R0W0-L3R0W0-L3R0W0-L3R0W0-L3R0W0-L2R0W0-L2R0W0,,,not_applicable,optimized,3,3,3,64.58778300000002,64.31023966666667,63.084517000000005,65.258419,0.9089316816311828,22.00978266666667,0.4048356666666667,41.89562133333333,,,custom:libsad_search_e09d5834859473.so,/home/rzzhang/sad_merged/sad/build/libsad_search_e09d5834859473.so
2026-08-23T07:12:14.751243+00:00,20260823T064006,joint:equivariant-qnn:10:990eed28493b682a,ok,,equivariant-qnn,10,8,float64,42,64,2,64,2,1,0.75,rotation,rotation,8,8,compact:L2R0W0-L2R0W0-L1R0W0-L1R0W0-L1R0W0-L1R0W0-L1R0W0-L1R0W0,compact:L2R0W0-L2R0W0-L1R0W0-L1R0W0-L1R0W0-L1R0W0-L1R0W0-L1R0W0,,,not_applicable,optimized,10,3,10,1.2548584999999999,1.2543769,1.249167,1.255623,0.0018023270208261377,0.5690286000000001,0.0155012,0.6698471,,,custom:libsad_search_d69133c4e36ad5.so,/home/rzzhang/sad_merged/sad/build/libsad_search_d69133c4e36ad5.so
2026-08-23T07:12:14.778948+00:00,20260823T064006,joint:equivariant-qnn:28:b09385bb9431ff9d,ok,,equivariant-qnn,28,8,float64,42,64,2,64,2,1,1.0,rotation,rotation,28,28,compact:L1R0W0-L1R0W0-L1R0W0-L1R0W0-L1R0W0-L1R0W0-L1R0W0-L1R0W0-L1R0W0-L1R0W0-L1R0W0-L1R0W0-L1R0W0-L1R0W0-L1R0W0-L1R0W0-L1R0W0-L1R0W0-L1R0W0-L1R0W0-L1R0W0-L1R0W0-L1R0W0-L1R0W0-L1R0W0-L1R0W0-L1R0W0-L1R0W0,compact:L1R0W0-L1R0W0-L1R0W0-L1R0W0-L1R0W0-L1R0W0-L1R0W0-L1R0W0-L1R0W0-L1R0W0-L1R0W0-L1R0W0-L1R0W0-L1R0W0-L1R0W0-L1R0W0-L1R0W0-L1R0W0-L1R0W0-L1R0W0-L1R0W0-L1R0W0-L1R0W0-L1R0W0-L1R0W0-L1R0W0-L1R0W0-L1R0W0,,,not_applicable,optimized,2,3,2,13132.40409,13132.40409,13132.384491,13132.423689,0.019598999999288935,4394.5184684999995,82.6688255,8655.216796,,,custom:libsad_search_d69133c4e36ad5.so,/home/rzzhang/sad_merged/sad/build/libsad_search_d69133c4e36ad5.so
2026-08-23T07:13:20.464062+00:00,20260823T064006,joint:equivariant-qnn:16:dabd6293cec020cc,ok,,equivariant-qnn,16,8,float64,42,32,2,32,2,2,0.75,rotation,rotation,13,13,compact:L2R0W0-L2R0W0-L2R0W0-L1R0W0-L1R0W0-L1R0W0-L1R0W0-L1R0W0-L1R0W0-L1R0W0-L1R0W0-L1R0W0-L1R0W0,compact:L2R0W0-L2R0W0-L2R0W0-L1R0W0-L1R0W0-L1R0W0-L1R0W0-L1R0W0-L1R0W0-L1R0W0-L1R0W0-L1R0W0-L1R0W0,,,not_applicable,optimized,5,3,5,2.8435680000000003,2.8436154,2.842479,2.845777,0.0011919994295300764,1.3154896,0.015396799999999999,1.512729,,,custom:libsad_search_6e9ecc13ac7654.so,/home/rzzhang/sad_merged/sad/build/libsad_search_6e9ecc13ac7654.so
2026-08-23T07:13:20.507614+00:00,20260823T064006,joint:equivariant-qnn:4:39a88f8a29f00159,ok,,equivariant-qnn,4,8,float64,42,128,2,32,2,2,1.0,rotation,rotation,4,4,compact:L1R0W0-L1R0W0-L1R0W0-L1R0W0,compact:L1R0W0-L1R0W0-L1R0W0-L1R0W0,,,not_applicable,optimized,20,3,20,0.505816,0.5060244500000001,0.50479,0.506933,0.0008126206048950591,0.2576403,0.015320049999999998,0.23306410000000002,,,custom:libsad_search_e09d5834859473.so,/home/rzzhang/sad_merged/sad/build/libsad_search_e09d5834859473.so
2026-08-23T07:13:20.536014+00:00,20260823T064006,joint:equivariant-qnn:24:8566d24b19ed3b83,ok,,equivariant-qnn,24,8,float64,42,128,2,32,2,1,0.75,rotation,rotation,19,19,compact:L2R0W0-L2R0W0-L2R0W0-L2R0W0-L2R0W0-L1R0W0-L1R0W0-L1R0W0-L1R0W0-L1R0W0-L1R0W0-L1R0W0-L1R0W0-L1R0W0-L1R0W0-L1R0W0-L1R0W0-L1R0W0-L1R0W0,compact:L2R0W0-L2R0W0-L2R0W0-L2R0W0-L2R0W0-L1R0W0-L1R0W0-L1R0W0-L1R0W0-L1R0W0-L1R0W0-L1R0W0-L1R0W0-L1R0W0-L1R0W0-L1R0W0-L1R0W0-L1R0W0-L1R0W0,,,not_applicable,optimized,3,3,3,567.097838,567.129454,567.058381,567.2321430000001,0.07437735655875395,192.21204299999997,1.7555316666666665,373.16187933333333,,,custom:libsad_search_78523faf565e9a.so,/home/rzzhang/sad_merged/sad/build/libsad_search_78523faf565e9a.so
2026-08-23T07:13:23.988094+00:00,20260823T064006,joint:equivariant-qnn:6:7a6b3c8be6e953aa,ok,,equivariant-qnn,6,8,float64,42,128,2,32,2,1,0.25,rotation,rotation,2,2,compact:L3R0W0-L3R0W0,compact:L3R0W0-L3R0W0,,,not_applicable,optimized,20,3,20,0.389567,0.38959705,0.388965,0.390225,0.0005342771261246453,0.1760171,0.015432999999999999,0.19814695000000002,,,custom:libsad_search_78523faf565e9a.so,/home/rzzhang/sad_merged/sad/build/libsad_search_78523faf565e9a.so
2026-08-23T07:13:24.008523+00:00,20260823T064006,joint:equivariant-qnn:10:793077283c8f02b5,ok,,equivariant-qnn,10,8,float64,42,128,2,32,2,2,0.25,rotation,rotation,4,4,compact:L3R0W0-L3R0W0-L2R0W0-L2R0W0,compact:L3R0W0-L3R0W0-L2R0W0-L2R0W0,,,not_applicable,optimized,10,3,10,0.818172,0.8195893,0.80269,0.8366560000000001,0.01622848569059972,0.3996278,0.015647400000000002,0.4043141,,,custom:libsad_search_e09d5834859473.so,/home/rzzhang/sad_merged/sad/build/libsad_search_e09d5834859473.so
2026-08-23T07:13:24.029754+00:00,20260823T064006,joint:equivariant-qnn:18:107c2ca9839587fe,ok,,equivariant-qnn,18,8,float64,42,128,2,128,2,1,1.0,rotation,rotation,18,18,compact:L1R0W0-L1R0W0-L1R0W0-L1R0W0-L1R0W0-L1R0W0-L1R0W0-L1R0W0-L1R0W0-L1R0W0-L1R0W0-L1R0W0-L1R0W0-L1R0W0-L1R0W0-L1R0W0-L1R0W0-L1R0W0,compact:L1R0W0-L1R0W0-L1R0W0-L1R0W0-L1R0W0-L1R0W0-L1R0W0-L1R0W0-L1R0W0-L1R0W0-L1R0W0-L1R0W0-L1R0W0-L1R0W0-L1R0W0-L1R0W0-L1R0W0-L1R0W0,,,not_applicable,optimized,5,3,5,7.65859,7.65875,7.654330000000001,7.662637,0.003100789383366671,3.5790028,0.0319654,4.0477818,,,custom:libsad_search_726ce3dd431232.so,/home/rzzhang/sad_merged/sad/build/libsad_search_726ce3dd431232.so
2026-08-23T07:13:24.102532+00:00,20260823T064006,joint:equivariant-qnn:22:e661d03c62e49069,ok,,equivariant-qnn,22,8,float64,42,32,2,32,2,1,1.0,rotation,rotation,22,22,compact:L1R0W0-L1R0W0-L1R0W0-L1R0W0-L1R0W0-L1R0W0-L1R0W0-L1R0W0-L1R0W0-L1R0W0-L1R0W0-L1R0W0-L1R0W0-L1R0W0-L1R0W0-L1R0W0-L1R0W0-L1R0W0-L1R0W0-L1R0W0-L1R0W0-L1R0W0,compact:L1R0W0-L1R0W0-L1R0W0-L1R0W0-L1R0W0-L1R0W0-L1R0W0-L1R0W0-L1R0W0-L1R0W0-L1R0W0-L1R0W0-L1R0W0-L1R0W0-L1R0W0-L1R0W0-L1R0W0-L1R0W0-L1R0W0-L1R0W0-L1R0W0-L1R0W0,,,not_applicable,optimized,3,3,3,143.036627,143.17860266666665,143.026924,143.47225699999998,0.2076827511154553,34.995123666666665,0.3881856666666667,107.79529333333333,,,custom:libsad_search_e1d9f2a2400c61.so,/home/rzzhang/sad_merged/sad/build/libsad_search_e1d9f2a2400c61.so
2026-08-23T07:13:24.991004+00:00,20260823T064006,joint:equivariant-qnn:18:0b2d065362702b79,ok,,equivariant-qnn,18,8,float64,42,64,2,64,2,1,0.75,rotation,rotation,14,14,compact:L2R0W0-L2R0W0-L2R0W0-L2R0W0-L1R0W0-L1R0W0-L1R0W0-L1R0W0-L1R0W0-L1R0W0-L1R0W0-L1R0W0-L1R0W0-L1R0W0,compact:L2R0W0-L2R0W0-L2R0W0-L2R0W0-L1R0W0-L1R0W0-L1R0W0-L1R0W0-L1R0W0-L1R0W0-L1R0W0-L1R0W0-L1R0W0-L1R0W0,,,not_applicable,optimized,5,3,5,6.361113,6.3242998,6.176925,6.361249,0.07368742752301782,2.8487728000000003,0.031734399999999996,3.4437926,,,custom:libsad_search_d69133c4e36ad5.so,/home/rzzhang/sad_merged/sad/build/libsad_search_d69133c4e36ad5.so
2026-08-23T07:13:25.052562+00:00,20260823T064006,joint:equivariant-qnn:8:ddbba72b75e1a7ab,ok,,equivariant-qnn,8,8,float64,42,64,2,64,2,1,0.5,rotation,rotation,4,4,compact:L2R0W0-L2R0W0-L2R0W0-L2R0W0,compact:L2R0W0-L2R0W0-L2R0W0-L2R0W0,,,not_applicable,optimized,20,3,20,0.6951674999999999,0.69501945,0.693212,0.6982900000000001,0.0011184146581210423,0.2915292,0.015421949999999999,0.3880683,,,custom:libsad_search_d69133c4e36ad5.so,/home/rzzhang/sad_merged/sad/build/libsad_search_d69133c4e36ad5.so
2026-08-23T07:13:25.079462+00:00,20260823T064006,joint:equivariant-qnn:12:a93a2f9d52698f90,ok,,equivariant-qnn,12,8,float64,42,128,2,128,2,1,0.25,rotation,rotation,4,4,compact:L3R0W0-L3R0W0-L3R0W0-L3R0W0,compact:L3R0W0-L3R0W0-L3R0W0-L3R0W0,,,not_applicable,optimized,10,3,10,1.185296,1.1852557000000001,1.1836939999999998,1.186662,0.0008057584067200836,0.4624162,0.015438699999999998,0.7074008,,,custom:libsad_search_726ce3dd431232.so,/home/rzzhang/sad_merged/sad/build/libsad_search_726ce3dd431232.so
2026-08-23T07:13:25.105527+00:00,20260823T064006,joint:equivariant-qnn:14:440ae9c08715a423,ok,,equivariant-qnn,14,8,float64,42,128,2,128,2,1,0.0,rotation,rotation,2,2,compact:L5R2W0-L5R2W0,compact:L5R2W0-L5R2W0,,,not_applicable,optimized,10,3,10,0.9298125,0.9303779000000001,0.928786,0.931875,0.0010408071339109877,0.2908664,0.0154644,0.6240471,,,custom:libsad_search_726ce3dd431232.so,/home/rzzhang/sad_merged/sad/build/libsad_search_726ce3dd431232.so
2026-08-23T07:13:25.128497+00:00,20260823T064006,joint:equivariant-qnn:14:719277fe969ced6c,ok,,equivariant-qnn,14,8,float64,42,64,2,64,2,2,0.75,rotation,rotation,11,11,compact:L2R0W0-L2R0W0-L2R0W0-L1R0W0-L1R0W0-L1R0W0-L1R0W0-L1R0W0-L1R0W0-L1R0W0-L1R0W0,compact:L2R0W0-L2R0W0-L2R0W0-L1R0W0-L1R0W0-L1R0W0-L1R0W0-L1R0W0-L1R0W0-L1R0W0-L1R0W0,,,not_applicable,optimized,10,3,10,2.0571650000000004,2.0567932,2.056104,2.057295,0.0005312705148980946,0.9462319,0.015344499999999999,1.0952168,,,custom:libsad_search_ae5663d41dfb3d.so,/home/rzzhang/sad_merged/sad/build/libsad_search_ae5663d41dfb3d.so
2026-08-23T07:13:25.166362+00:00,20260823T064006,joint:equivariant-qnn:20:797b2b24ccf811bc,ok,,equivariant-qnn,20,8,float64,42,64,2,64,2,2,0.0,rotation,rotation,3,3,compact:L5R2W0-L5R2W0-L5R1W0,compact:L5R2W0-L5R2W0-L5R1W0,,,not_applicable,optimized,5,3,5,12.982475,12.943942000000002,12.776686,12.998769000000001,0.08395116484480748,3.6407993999999997,0.10278419999999999,9.2003584,,,custom:libsad_search_ae5663d41dfb3d.so,/home/rzzhang/sad_merged/sad/build/libsad_search_ae5663d41dfb3d.so
2026-08-23T07:13:25.282112+00:00,20260823T064006,joint:equivariant-qnn:20:5a64e91313d6c784,ok,,equivariant-qnn,20,8,float64,42,32,2,128,2,1,1.0,rotation,rotation,20,20,compact:L1R0W0-L1R0W0-L1R0W0-L1R0W0-L1R0W0-L1R0W0-L1R0W0-L1R0W0-L1R0W0-L1R0W0-L1R0W0-L1R0W0-L1R0W0-L1R0W0-L1R0W0-L1R0W0-L1R0W0-L1R0W0-L1R0W0-L1R0W0,compact:L1R0W0-L1R0W0-L1R0W0-L1R0W0-L1R0W0-L1R0W0-L1R0W0-L1R0W0-L1R0W0-L1R0W0-L1R0W0-L1R0W0-L1R0W0-L1R0W0-L1R0W0-L1R0W0-L1R0W0-L1R0W0-L1R0W0-L1R0W0,,,not_applicable,optimized,5,3,5,22.468938,22.408278,22.274296999999997,22.51399,0.10751658693057521,9.9463936,0.1056534,12.356231000000001,,,custom:libsad_search_44993f541f55e5.so,/home/rzzhang/sad_merged/sad/build/libsad_search_44993f541f55e5.so
2026-08-23T07:13:25.482806+00:00,20260823T064006,joint:equivariant-qnn:24:5d1d8e945de88a34,ok,,equivariant-qnn,24,8,float64,42,128,2,128,2,1,0.0,legacy,legacy,0,0,,,,,not_applicable,legacy-generic,3,3,3,220.75526200000002,220.77924800000002,220.6766,220.905882,0.09512817678619276,59.24112266666667,1.7412393333333336,159.796886,,,custom:libsad_search_e7cc64b1fce303.so,/home/rzzhang/sad_merged/sad/build/libsad_search_e7cc64b1fce303.so
2026-08-23T07:13:26.856324+00:00,20260823T064006,joint:equivariant-qnn:26:5fc9210e0d9141ee,ok,,equivariant-qnn,26,8,float64,42,64,2,64,2,1,0.75,rotation,rotation,20,20,compact:L2R0W0-L2R0W0-L2R0W0-L2R0W0-L2R0W0-L2R0W0-L1R0W0-L1R0W0-L1R0W0-L1R0W0-L1R0W0-L1R0W0-L1R0W0-L1R0W0-L1R0W0-L1R0W0-L1R0W0-L1R0W0-L1R0W0-L1R0W0,compact:L2R0W0-L2R0W0-L2R0W0-L2R0W0-L2R0W0-L2R0W0-L1R0W0-L1R0W0-L1R0W0-L1R0W0-L1R0W0-L1R0W0-L1R0W0-L1R0W0-L1R0W0-L1R0W0-L1R0W0-L1R0W0-L1R0W0-L1R0W0,,,not_applicable,optimized,2,3,2,2375.7804185,2375.7804185,2375.562833,2375.998004,0.21758550000004107,800.027067,11.543256,1564.2100955,,,custom:libsad_search_d69133c4e36ad5.so,/home/rzzhang/sad_merged/sad/build/libsad_search_d69133c4e36ad5.so
2026-08-23T07:13:38.764653+00:00,20260823T064006,joint:equivariant-qnn:26:34759b58025946f6,ok,,equivariant-qnn,26,8,float64,42,128,2,128,2,1,0.75,rotation,rotation,20,20,compact:L2R0W0-L2R0W0-L2R0W0-L2R0W0-L2R0W0-L2R0W0-L1R0W0-L1R0W0-L1R0W0-L1R0W0-L1R0W0-L1R0W0-L1R0W0-L1R0W0-L1R0W0-L1R0W0-L1R0W0-L1R0W0-L1R0W0-L1R0W0,compact:L2R0W0-L2R0W0-L2R0W0-L2R0W0-L2R0W0-L2R0W0-L1R0W0-L1R0W0-L1R0W0-L1R0W0-L1R0W0-L1R0W0-L1R0W0-L1R0W0-L1R0W0-L1R0W0-L1R0W0-L1R0W0-L1R0W0-L1R0W0,,,not_applicable,optimized,2,3,2,2374.8216835000003,2374.8216835000003,2374.388356,2375.255011,0.4333275000001322,799.6734114999999,11.589707500000001,1563.5585645,,,custom:libsad_search_726ce3dd431232.so,/home/rzzhang/sad_merged/sad/build/libsad_search_726ce3dd431232.so
2026-08-23T07:13:50.681376+00:00,20260823T064006,joint:equivariant-qnn:10:589b619a4dc0d507,ok,,equivariant-qnn,10,8,float64,42,128,2,32,2,1,0.0,legacy,legacy,0,0,,,,,not_applicable,legacy-generic,10,3,10,0.531432,0.531585,0.530304,0.532468,0.0006037285814006239,0.23656150000000004,0.0154692,0.2795543,,,custom:libsad_search_e3460e95b2f927.so,/home/rzzhang/sad_merged/sad/build/libsad_search_e3460e95b2f927.so
2026-08-23T07:13:50.704393+00:00,20260823T064006,joint:equivariant-qnn:22:6a264a65586ca149,ok,,equivariant-qnn,22,8,float64,42,32,2,128,2,1,0.0,legacy,legacy,0,0,,,,,not_applicable,legacy-generic,3,3,3,51.881361,51.88413833333333,51.879357,51.891697,0.005407037718464607,14.14903,0.38518499999999994,37.34992333333334,,,custom:libsad_search_7c2e0b28add24f.so,/home/rzzhang/sad_merged/sad/build/libsad_search_7c2e0b28add24f.so
2026-08-23T07:13:51.046731+00:00,20260823T064006,joint:equivariant-qnn:14:f387ed0c634cd674,ok,,equivariant-qnn,14,8,float64,42,64,2,64,2,1,0.0,rotation,rotation,2,2,compact:L5R2W0-L5R2W0,compact:L5R2W0-L5R2W0,,,not_applicable,optimized,10,3,10,0.6625019999999999,0.6630859,0.661509,0.666592,0.0013895995430338835,0.2196621,0.0153821,0.4280417,,,custom:libsad_search_d69133c4e36ad5.so,/home/rzzhang/sad_merged/sad/build/libsad_search_d69133c4e36ad5.so
2026-08-23T07:13:51.066003+00:00,20260823T064006,joint:equivariant-qnn:12:02006419cc6c958a,ok,,equivariant-qnn,12,8,float64,42,128,2,128,2,2,0.25,rotation,rotation,4,4,compact:L3R0W0-L3R0W0-L3R0W0-L3R0W0,compact:L3R0W0-L3R0W0-L3R0W0-L3R0W0,,,not_applicable,optimized,10,3,10,1.1314685,1.1319485999999999,1.13045,1.1334929999999999,0.0009402369063166537,0.44195320000000005,0.015593399999999999,0.674402,,,custom:libsad_search_fad73079be189a.so,/home/rzzhang/sad_merged/sad/build/libsad_search_fad73079be189a.so
2026-08-23T07:13:51.091838+00:00,20260823T064006,joint:equivariant-qnn:24:0b90af89b6f56afe,ok,,equivariant-qnn,24,8,float64,42,128,2,32,2,2,1.0,rotation,rotation,24,24,compact:L1R0W0-L1R0W0-L1R0W0-L1R0W0-L1R0W0-L1R0W0-L1R0W0-L1R0W0-L1R0W0-L1R0W0-L1R0W0-L1R0W0-L1R0W0-L1R0W0-L1R0W0-L1R0W0-L1R0W0-L1R0W0-L1R0W0-L1R0W0-L1R0W0-L1R0W0-L1R0W0-L1R0W0,compact:L1R0W0-L1R0W0-L1R0W0-L1R0W0-L1R0W0-L1R0W0-L1R0W0-L1R0W0-L1R0W0-L1R0W0-L1R0W0-L1R0W0-L1R0W0-L1R0W0-L1R0W0-L1R0W0-L1R0W0-L1R0W0-L1R0W0-L1R0W0-L1R0W0-L1R0W0-L1R0W0-L1R0W0,,,not_applicable,optimized,3,3,3,708.573404,708.6544600000001,708.2754540000001,709.1145220000001,0.34730998018869436,239.52021033333335,1.7393786666666666,467.39487099999997,,,custom:libsad_search_e09d5834859473.so,/home/rzzhang/sad_merged/sad/build/libsad_search_e09d5834859473.so
2026-08-23T07:13:55.372338+00:00,20260823T064006,joint:equivariant-qnn:16:c3735bc9ca2989f8,ok,,equivariant-qnn,16,8,float64,42,32,2,32,2,1,1.0,rotation,rotation,16,16,compact:L1R0W0-L1R0W0-L1R0W0-L1R0W0-L1R0W0-L1R0W0-L1R0W0-L1R0W0-L1R0W0-L1R0W0-L1R0W0-L1R0W0-L1R0W0-L1R0W0-L1R0W0-L1R0W0,compact:L1R0W0-L1R0W0-L1R0W0-L1R0W0-L1R0W0-L1R0W0-L1R0W0-L1R0W0-L1R0W0-L1R0W0-L1R0W0-L1R0W0-L1R0W0-L1R0W0-L1R0W0-L1R0W0,,,not_applicable,optimized,5,3,5,3.341949,3.3405478000000004,3.3342750000000003,3.3452669999999998,0.004202817026709392,1.5767888,0.015571,1.7481879999999999,,,custom:libsad_search_e1d9f2a2400c61.so,/home/rzzhang/sad_merged/sad/build/libsad_search_e1d9f2a2400c61.so
2026-08-23T07:13:55.411114+00:00,20260823T064006,joint:equivariant-qnn:26:2bbf1c3d54bb79b7,ok,,equivariant-qnn,26,8,float64,42,128,2,128,2,1,0.0,rotation,rotation,3,3,compact:L5R2W2-L5R2W2-L5R2W1,compact:L5R2W2-L5R2W2-L5R2W1,,,not_applicable,optimized,2,3,2,958.1671355,958.1671355,958.065873,958.2683979999999,0.10126249999996162,249.30714650000002,11.600430500000002,697.2595585,,,custom:libsad_search_726ce3dd431232.so,/home/rzzhang/sad_merged/sad/build/libsad_search_726ce3dd431232.so
2026-08-23T07:14:00.232211+00:00,20260823T064006,joint:equivariant-qnn:6:d8b81184b3cfd7d8,ok,,equivariant-qnn,6,8,float64,42,64,2,64,2,1,0.5,rotation,rotation,4,4,compact:L2R0W0-L2R0W0-L1R0W0-L1R0W0,compact:L2R0W0-L2R0W0-L1R0W0-L1R0W0,,,not_applicable,optimized,20,3,20,0.5539925000000001,0.554494,0.553858,0.5570320000000001,0.0007640695648957652,0.24057325000000002,0.01548295,0.29843780000000003,,,custom:libsad_search_d69133c4e36ad5.so,/home/rzzhang/sad_merged/sad/build/libsad_search_d69133c4e36ad5.so
2026-08-23T07:14:00.261447+00:00,20260823T064006,joint:equivariant-qnn:26:70b92f86765415dc,ok,,equivariant-qnn,26,8,float64,42,128,2,128,2,2,0.0,rotation,rotation,3,3,compact:L5R2W2-L5R2W2-L5R2W1,compact:L5R2W2-L5R2W2-L5R2W1,,,not_applicable,optimized,2,3,2,921.326016,921.326016,921.1893849999999,921.4626470000001,0.13663100000007944,234.515908,11.4415815,675.3685265,,,custom:libsad_search_fad73079be189a.so,/home/rzzhang/sad_merged/sad/build/libsad_search_fad73079be189a.so
2026-08-23T07:14:04.906151+00:00,20260823T064006,joint:equivariant-qnn:6:efde92499e24a2a7,ok,,equivariant-qnn,6,8,float64,42,32,2,32,2,2,0.5,rotation,rotation,4,4,compact:L2R0W0-L2R0W0-L1R0W0-L1R0W0,compact:L2R0W0-L2R0W0-L1R0W0-L1R0W0,,,not_applicable,optimized,20,3,20,0.5211375,0.5201327,0.513015,0.522304,0.0025344595104282086,0.22409980000000002,0.015450450000000001,0.28058245,,,custom:libsad_search_6e9ecc13ac7654.so,/home/rzzhang/sad_merged/sad/build/libsad_search_6e9ecc13ac7654.so
2026-08-23T07:14:04.934291+00:00,20260823T064006,joint:equivariant-qnn:6:ffe584440c5a9791,ok,,equivariant-qnn,6,8,float64,42,64,2,64,2,2,0.75,rotation,rotation,5,5,compact:L2R0W0-L1R0W0-L1R0W0-L1R0W0-L1R0W0,compact:L2R0W0-L1R0W0-L1R0W0-L1R0W0-L1R0W0,,,not_applicable,optimized,20,3,20,0.6500815,0.6496124,0.6481450000000001,0.650331,0.0006874739558703092,0.2894843,0.015475649999999999,0.34465245,,,custom:libsad_search_ae5663d41dfb3d.so,/home/rzzhang/sad_merged/sad/build/libsad_search_ae5663d41dfb3d.so
2026-08-23T07:14:04.962726+00:00,20260823T064006,joint:equivariant-qnn:4:08037ae7915e6521,ok,,equivariant-qnn,4,8,float64,42,32,2,32,2,2,0.75,rotation,rotation,3,3,compact:L2R0W0-L1R0W0-L1R0W0,compact:L2R0W0-L1R0W0-L1R0W0,,,not_applicable,optimized,20,3,20,0.3675605,0.36782195,0.366586,0.36985,0.000685168991928278,0.15777259999999999,0.0152416,0.19480775,,,custom:libsad_search_6e9ecc13ac7654.so,/home/rzzhang/sad_merged/sad/build/libsad_search_6e9ecc13ac7654.so
2026-08-23T07:14:04.981743+00:00,20260823T064006,joint:equivariant-qnn:28:c43634db969bd336,ok,,equivariant-qnn,28,8,float64,42,128,2,128,2,1,1.0,rotation,rotation,28,28,compact:L1R0W0-L1R0W0-L1R0W0-L1R0W0-L1R0W0-L1R0W0-L1R0W0-L1R0W0-L1R0W0-L1R0W0-L1R0W0-L1R0W0-L1R0W0-L1R0W0-L1R0W0-L1R0W0-L1R0W0-L1R0W0-L1R0W0-L1R0W0-L1R0W0-L1R0W0-L1R0W0-L1R0W0-L1R0W0-L1R0W0-L1R0W0-L1R0W0,compact:L1R0W0-L1R0W0-L1R0W0-L1R0W0-L1R0W0-L1R0W0-L1R0W0-L1R0W0-L1R0W0-L1R0W0-L1R0W0-L1R0W0-L1R0W0-L1R0W0-L1R0W0-L1R0W0-L1R0W0-L1R0W0-L1R0W0-L1R0W0-L1R0W0-L1R0W0-L1R0W0-L1R0W0-L1R0W0-L1R0W0-L1R0W0-L1R0W0,,,not_applicable,optimized,2,3,2,13120.836758500001,13120.836758500001,13119.28136,13122.392157,1.5553984999996828,4392.7220175,83.3628575,8644.7518835,,,custom:libsad_search_726ce3dd431232.so,/home/rzzhang/sad_merged/sad/build/libsad_search_726ce3dd431232.so
2026-08-23T07:15:10.608567+00:00,20260823T064006,joint:equivariant-qnn:12:d0edba61842bf89a,ok,,equivariant-qnn,12,8,float64,42,64,2,64,2,2,0.5,rotation,rotation,7,7,compact:L2R0W0-L2R0W0-L2R0W0-L2R0W0-L2R0W0-L1R0W0-L1R0W0,compact:L2R0W0-L2R0W0-L2R0W0-L2R0W0-L2R0W0-L1R0W0-L1R0W0,,,not_applicable,optimized,10,3,10,1.259978,1.2598499,1.2542920000000002,1.2616070000000001,0.0020653312785119575,0.5551875,0.015604400000000003,0.689058,,,custom:libsad_search_ae5663d41dfb3d.so,/home/rzzhang/sad_merged/sad/build/libsad_search_ae5663d41dfb3d.so
2026-08-23T07:15:10.641509+00:00,20260823T064006,joint:equivariant-qnn:4:f8b0aa5c0152be14,ok,,equivariant-qnn,4,8,float64,42,128,2,128,2,2,0.0,rotation,rotation,1,1,compact:L4R0W0,compact:L4R0W0,,,not_applicable,optimized,20,3,20,0.297933,0.2958275,0.29082100000000005,0.299939,0.003554030986077639,0.09982789999999998,0.01532795,0.18067165000000002,,,custom:libsad_search_fad73079be189a.so,/home/rzzhang/sad_merged/sad/build/libsad_search_fad73079be189a.so
2026-08-23T07:15:10.664314+00:00,20260823T064006,joint:equivariant-qnn:16:7f227abb2bbace28,ok,,equivariant-qnn,16,8,float64,42,64,2,64,2,1,0.75,rotation,rotation,12,12,compact:L2R0W0-L2R0W0-L2R0W0-L2R0W0-L1R0W0-L1R0W0-L1R0W0-L1R0W0-L1R0W0-L1R0W0-L1R0W0-L1R0W0,compact:L2R0W0-L2R0W0-L2R0W0-L2R0W0-L1R0W0-L1R0W0-L1R0W0-L1R0W0-L1R0W0-L1R0W0-L1R0W0-L1R0W0,,,not_applicable,optimized,5,3,5,2.801696,2.800957,2.795329,2.80371,0.002919642512363415,1.2787686,0.015657799999999996,1.5065306,,,custom:libsad_search_d69133c4e36ad5.so,/home/rzzhang/sad_merged/sad/build/libsad_search_d69133c4e36ad5.so
2026-08-23T07:15:10.706668+00:00,20260823T064006,joint:equivariant-qnn:26:a5c3e283ea1aeb2b,ok,,equivariant-qnn,26,8,float64,42,128,2,128,2,1,0.0,legacy,legacy,0,0,,,,,not_applicable,legacy-generic,2,3,2,960.4291295,960.4291295,959.9264830000001,960.931776,0.5026464999999689,251.541774,11.7764445,697.110911,,,custom:libsad_search_e7cc64b1fce303.so,/home/rzzhang/sad_merged/sad/build/libsad_search_e7cc64b1fce303.so
2026-08-23T07:15:15.550096+00:00,20260823T064006,joint:equivariant-qnn:12:89d80b052ddde17f,ok,,equivariant-qnn,12,8,float64,42,64,2,64,2,1,0.0,rotation,rotation,2,2,compact:L5R1W0-L5R1W0,compact:L5R1W0-L5R1W0,,,not_applicable,optimized,10,3,10,0.597971,0.5959027,0.589763,0.59877,0.003378413297688723,0.2047541,0.015390799999999998,0.3757578,,,custom:libsad_search_d69133c4e36ad5.so,/home/rzzhang/sad_merged/sad/build/libsad_search_d69133c4e36ad5.so
2026-08-23T07:15:15.574736+00:00,20260823T064006,joint:equivariant-qnn:12:8f7978f7619c99dd,ok,,equivariant-qnn,12,8,float64,42,32,2,128,2,2,0.25,rotation,rotation,4,4,compact:L3R0W0-L3R0W0-L3R0W0-L3R0W0,compact:L3R0W0-L3R0W0-L3R0W0-L3R0W0,,,not_applicable,optimized,10,3,10,1.0127005,1.0125678,1.011503,1.013754,0.0008485919867639528,0.3229123,0.015514300000000002,0.6741412,,,custom:libsad_search_57309a924b2f38.so,/home/rzzhang/sad_merged/sad/build/libsad_search_57309a924b2f38.so
2026-08-23T07:15:15.603936+00:00,20260823T064006,joint:equivariant-qnn:8:aad2d4d9272003d1,ok,,equivariant-qnn,8,8,float64,42,64,2,64,2,2,0.25,rotation,rotation,3,3,compact:L3R0W0-L3R0W0-L2R0W0,compact:L3R0W0-L3R0W0-L2R0W0,,,not_applicable,optimized,20,3,20,0.5661034999999999,0.56591505,0.564173,0.567391,0.0007553419407791326,0.2249579,0.0154024,0.32555474999999995,,,custom:libsad_search_ae5663d41dfb3d.so,/home/rzzhang/sad_merged/sad/build/libsad_search_ae5663d41dfb3d.so
2026-08-23T07:15:15.627636+00:00,20260823T064006,joint:equivariant-qnn:20:451868f4bed16864,ok,,equivariant-qnn,20,8,float64,42,128,2,128,2,1,0.25,rotation,rotation,7,7,compact:L3R0W0-L3R0W0-L3R0W0-L3R0W0-L3R0W0-L3R0W0-L2R0W0,compact:L3R0W0-L3R0W0-L3R0W0-L3R0W0-L3R0W0-L3R0W0-L2R0W0,,,not_applicable,optimized,5,3,5,14.722704,14.723899399999999,14.721654,14.728905000000001,0.0025831279952806415,5.326550800000001,0.0972246,9.300124,,,custom:libsad_search_726ce3dd431232.so,/home/rzzhang/sad_merged/sad/build/libsad_search_726ce3dd431232.so
2026-08-23T07:15:15.767048+00:00,20260823T064006,joint:equivariant-qnn:22:f1c14ead9f1dbc66,ok,,equivariant-qnn,22,8,float64,42,32,2,128,2,1,0.5,rotation,rotation,13,12,compact:L2R0W0-L2R0W0-L2R0W0-L2R0W0-L2R0W0-L2R0W0-L2R0W0-L2R0W0-L2R0W0-L1R0W0-L1R0W0-L1R0W0-L1R0W0,compact:L2R0W0-L2R0W0-L2R0W0-L2R0W0-L2R0W0-L2R0W0-L2R0W0-L2R0W0-L2R0W0-L2R0W0-L1R0W0-L1R0W0,,,not_applicable,optimized,3,3,3,87.89881700000001,87.83989866666667,87.683018,87.93786100000001,0.1120707103107509,26.049426333333333,0.3898593333333334,61.400613,,,custom:libsad_search_44993f541f55e5.so,/home/rzzhang/sad_merged/sad/build/libsad_search_44993f541f55e5.so
2026-08-23T07:15:16.323767+00:00,20260823T064006,joint:equivariant-qnn:20:2af5b249238b667e,ok,,equivariant-qnn,20,8,float64,42,32,2,32,2,1,1.0,rotation,rotation,20,20,compact:L1R0W0-L1R0W0-L1R0W0-L1R0W0-L1R0W0-L1R0W0-L1R0W0-L1R0W0-L1R0W0-L1R0W0-L1R0W0-L1R0W0-L1R0W0-L1R0W0-L1R0W0-L1R0W0-L1R0W0-L1R0W0-L1R0W0-L1R0W0,compact:L1R0W0-L1R0W0-L1R0W0-L1R0W0-L1R0W0-L1R0W0-L1R0W0-L1R0W0-L1R0W0-L1R0W0-L1R0W0-L1R0W0-L1R0W0-L1R0W0-L1R0W0-L1R0W0-L1R0W0-L1R0W0-L1R0W0-L1R0W0,,,not_applicable,optimized,5,3,5,20.90849,20.9086742,20.906464,20.910581,0.0013543765207656043,9.787853799999999,0.097883,11.022937399999998,,,custom:libsad_search_e1d9f2a2400c61.so,/home/rzzhang/sad_merged/sad/build/libsad_search_e1d9f2a2400c61.so
2026-08-23T07:15:16.510711+00:00,20260823T064006,joint:equivariant-qnn:24:4400ef3fc9541155,ok,,equivariant-qnn,24,8,float64,42,64,2,64,2,1,0.5,rotation,rotation,14,14,compact:L2R0W0-L2R0W0-L2R0W0-L2R0W0-L2R0W0-L2R0W0-L2R0W0-L2R0W0-L2R0W0-L2R0W0-L1R0W0-L1R0W0-L1R0W0-L1R0W0,compact:L2R0W0-L2R0W0-L2R0W0-L2R0W0-L2R0W0-L2R0W0-L2R0W0-L2R0W0-L2R0W0-L2R0W0-L1R0W0-L1R0W0-L1R0W0-L1R0W0,,,not_applicable,optimized,3,3,3,426.424762,426.421091,426.404605,426.43390600000004,0.012240488307262683,144.977655,1.7360873333333333,279.70734866666663,,,custom:libsad_search_d69133c4e36ad5.so,/home/rzzhang/sad_merged/sad/build/libsad_search_d69133c4e36ad5.so
2026-08-23T07:15:19.098990+00:00,20260823T064006,joint:equivariant-qnn:28:5c5e2724ca3cf342,ok,,equivariant-qnn,28,8,float64,42,128,2,128,2,1,0.75,rotation,rotation,22,22,compact:L2R0W0-L2R0W0-L2R0W0-L2R0W0-L2R0W0-L2R0W0-L1R0W0-L1R0W0-L1R0W0-L1R0W0-L1R0W0-L1R0W0-L1R0W0-L1R0W0-L1R0W0-L1R0W0-L1R0W0-L1R0W0-L1R0W0-L1R0W0-L1R0W0-L1R0W0,compact:L2R0W0-L2R0W0-L2R0W0-L2R0W0-L2R0W0-L2R0W0-L1R0W0-L1R0W0-L1R0W0-L1R0W0-L1R0W0-L1R0W0-L1R0W0-L1R0W0-L1R0W0-L1R0W0-L1R0W0-L1R0W0-L1R0W0-L1R0W0-L1R0W0-L1R0W0,,,not_applicable,optimized,2,3,2,10419.424336,10419.424336,10417.835269000001,10421.013402999999,1.5890669999989768,3493.2862729999997,82.7218495,6843.416213500001,,,custom:libsad_search_726ce3dd431232.so,/home/rzzhang/sad_merged/sad/build/libsad_search_726ce3dd431232.so
2026-08-23T07:16:11.223307+00:00,20260823T064006,joint:equivariant-qnn:14:a1ce836533fbebff,ok,,equivariant-qnn,14,8,float64,42,128,2,32,2,1,0.5,rotation,rotation,8,8,compact:L2R0W0-L2R0W0-L2R0W0-L2R0W0-L2R0W0-L2R0W0-L1R0W0-L1R0W0,compact:L2R0W0-L2R0W0-L2R0W0-L2R0W0-L2R0W0-L2R0W0-L1R0W0-L1R0W0,,,not_applicable,optimized,10,3,10,1.6004475,1.600639,1.59945,1.603372,0.0009620273384888869,0.8249652999999999,0.015456600000000001,0.7602170999999999,,,custom:libsad_search_78523faf565e9a.so,/home/rzzhang/sad_merged/sad/build/libsad_search_78523faf565e9a.so
2026-08-23T07:16:11.260136+00:00,20260823T064006,joint:equivariant-qnn:10:af5f0d4ffdcc0de7,ok,,equivariant-qnn,10,8,float64,42,128,2,32,2,1,0.0,rotation,rotation,2,2,compact:L5R0W0-L5R0W0,compact:L5R0W0-L5R0W0,,,not_applicable,optimized,10,3,10,0.551975,0.5523963000000001,0.551752,0.554071,0.0008324797955506191,0.24893639999999997,0.015283699999999997,0.2881762,,,custom:libsad_search_78523faf565e9a.so,/home/rzzhang/sad_merged/sad/build/libsad_search_78523faf565e9a.so
2026-08-23T07:16:11.282853+00:00,20260823T064006,joint:equivariant-qnn:26:336ce06c0c4ee67e,ok,,equivariant-qnn,26,8,float64,42,64,2,64,2,2,0.5,rotation,rotation,15,15,compact:L2R0W0-L2R0W0-L2R0W0-L2R0W0-L2R0W0-L2R0W0-L2R0W0-L2R0W0-L2R0W0-L2R0W0-L2R0W0-L1R0W0-L1R0W0-L1R0W0-L1R0W0,compact:L2R0W0-L2R0W0-L2R0W0-L2R0W0-L2R0W0-L2R0W0-L2R0W0-L2R0W0-L2R0W0-L2R0W0-L2R0W0-L1R0W0-L1R0W0-L1R0W0-L1R0W0,,,not_applicable,optimized,2,3,2,1814.0398685,1814.0398685,1813.6646339999998,1814.415103,0.3752345000001469,612.879287,11.7278505,1189.432731,,,custom:libsad_search_ae5663d41dfb3d.so,/home/rzzhang/sad_merged/sad/build/libsad_search_ae5663d41dfb3d.so
2026-08-23T07:16:20.403012+00:00,20260823T064006,joint:equivariant-qnn:18:d52f06dd0a3eacf7,ok,,equivariant-qnn,18,8,float64,42,128,2,32,2,1,1.0,rotation,rotation,18,18,compact:L1R0W0-L1R0W0-L1R0W0-L1R0W0-L1R0W0-L1R0W0-L1R0W0-L1R0W0-L1R0W0-L1R0W0-L1R0W0-L1R0W0-L1R0W0-L1R0W0-L1R0W0-L1R0W0-L1R0W0-L1R0W0,compact:L1R0W0-L1R0W0-L1R0W0-L1R0W0-L1R0W0-L1R0W0-L1R0W0-L1R0W0-L1R0W0-L1R0W0-L1R0W0-L1R0W0-L1R0W0-L1R0W0-L1R0W0-L1R0W0-L1R0W0-L1R0W0,,,not_applicable,optimized,5,3,5,7.06129,7.0639094,7.058222,7.070398,0.00504472181988269,3.4276204,0.031866599999999995,3.6044224000000002,,,custom:libsad_search_78523faf565e9a.so,/home/rzzhang/sad_merged/sad/build/libsad_search_78523faf565e9a.so
2026-08-23T07:16:20.478494+00:00,20260823T064006,joint:equivariant-qnn:22:fea7e0e3d2b6aeda,ok,,equivariant-qnn,22,8,float64,42,128,2,32,2,2,0.5,rotation,rotation,12,13,compact:L2R0W0-L2R0W0-L2R0W0-L2R0W0-L2R0W0-L2R0W0-L2R0W0-L2R0W0-L2R0W0-L2R0W0-L1R0W0-L1R0W0,compact:L2R0W0-L2R0W0-L2R0W0-L2R0W0-L2R0W0-L2R0W0-L2R0W0-L2R0W0-L2R0W0-L1R0W0-L1R0W0-L1R0W0-L1R0W0,,,not_applicable,optimized,3,3,3,90.62440299999999,90.632018,90.612711,90.65894,0.019626024881944336,25.049106666666667,0.3850636666666667,65.19784766666666,,,custom:libsad_search_e09d5834859473.so,/home/rzzhang/sad_merged/sad/build/libsad_search_e09d5834859473.so
2026-08-23T07:16:21.038035+00:00,20260823T064006,joint:equivariant-qnn:26:1d10959273bb617b,ok,,equivariant-qnn,26,8,float64,42,32,2,32,2,2,0.75,rotation,rotation,20,20,compact:L2R0W0-L2R0W0-L2R0W0-L2R0W0-L2R0W0-L2R0W0-L1R0W0-L1R0W0-L1R0W0-L1R0W0-L1R0W0-L1R0W0-L1R0W0-L1R0W0-L1R0W0-L1R0W0-L1R0W0-L1R0W0-L1R0W0-L1R0W0,compact:L2R0W0-L2R0W0-L2R0W0-L2R0W0-L2R0W0-L2R0W0-L1R0W0-L1R0W0-L1R0W0-L1R0W0-L1R0W0-L1R0W0-L1R0W0-L1R0W0-L1R0W0-L1R0W0-L1R0W0-L1R0W0-L1R0W0-L1R0W0,,,not_applicable,optimized,2,3,2,2373.071419,2373.071419,2372.478455,2373.664383,0.5929639999999381,797.9861145,11.7978425,1563.287462,,,custom:libsad_search_6e9ecc13ac7654.so,/home/rzzhang/sad_merged/sad/build/libsad_search_6e9ecc13ac7654.so
2026-08-23T07:16:32.931152+00:00,20260823T064006,joint:equivariant-qnn:10:4a6aae56f7026adb,ok,,equivariant-qnn,10,8,float64,42,32,2,32,2,1,0.5,rotation,rotation,6,6,compact:L2R0W0-L2R0W0-L2R0W0-L2R0W0-L1R0W0-L1R0W0,compact:L2R0W0-L2R0W0-L2R0W0-L2R0W0-L1R0W0-L1R0W0,,,not_applicable,optimized,10,3,10,0.929666,0.9290088000000001,0.9235890000000001,0.9298190000000001,0.0018206676138163944,0.40886120000000004,0.0156552,0.5044924,,,custom:libsad_search_e1d9f2a2400c61.so,/home/rzzhang/sad_merged/sad/build/libsad_search_e1d9f2a2400c61.so
2026-08-23T07:16:32.958729+00:00,20260823T064006,joint:equivariant-qnn:20:8e919ee3dc6d3869,ok,,equivariant-qnn,20,8,float64,42,128,2,32,2,1,0.75,rotation,rotation,16,16,compact:L2R0W0-L2R0W0-L2R0W0-L2R0W0-L1R0W0-L1R0W0-L1R0W0-L1R0W0-L1R0W0-L1R0W0-L1R0W0-L1R0W0-L1R0W0-L1R0W0-L1R0W0-L1R0W0,compact:L2R0W0-L2R0W0-L2R0W0-L2R0W0-L1R0W0-L1R0W0-L1R0W0-L1R0W0-L1R0W0-L1R0W0-L1R0W0-L1R0W0-L1R0W0-L1R0W0-L1R0W0-L1R0W0,,,not_applicable,optimized,5,3,5,18.347707999999997,18.3494824,18.34376,18.357739,0.004671072022565917,8.2637728,0.0971192,9.9885904,,,custom:libsad_search_78523faf565e9a.so,/home/rzzhang/sad_merged/sad/build/libsad_search_78523faf565e9a.so
2026-08-23T07:16:33.133952+00:00,20260823T064006,joint:equivariant-qnn:8:4d654d077f45420f,ok,,equivariant-qnn,8,8,float64,42,128,2,128,2,2,0.0,rotation,rotation,1,1,compact:L5R2W1,compact:L5R2W1,,,not_applicable,optimized,20,3,20,0.46281399999999995,0.463098,0.462466,0.464901,0.0006037110235866155,0.1330687,0.015401299999999998,0.314628,,,custom:libsad_search_fad73079be189a.so,/home/rzzhang/sad_merged/sad/build/libsad_search_fad73079be189a.so
2026-08-23T07:16:33.155626+00:00,20260823T064006,joint:equivariant-qnn:8:ec71a171e40fb8b4,ok,,equivariant-qnn,8,8,float64,42,64,2,64,2,1,1.0,rotation,rotation,8,8,compact:L1R0W0-L1R0W0-L1R0W0-L1R0W0-L1R0W0-L1R0W0-L1R0W0-L1R0W0,compact:L1R0W0-L1R0W0-L1R0W0-L1R0W0-L1R0W0-L1R0W0-L1R0W0-L1R0W0,,,not_applicable,optimized,20,3,20,1.1529260000000001,1.15250355,1.1468379999999998,1.1541,0.001537139436583462,0.532892,0.01524535,0.6043662000000001,,,custom:libsad_search_d69133c4e36ad5.so,/home/rzzhang/sad_merged/sad/build/libsad_search_d69133c4e36ad5.so
2026-08-23T07:16:33.192991+00:00,20260823T064006,joint:equivariant-qnn:22:5f8d215621f01846,ok,,equivariant-qnn,22,8,float64,42,32,2,32,2,1,0.0,legacy,legacy,0,0,,,,,not_applicable,legacy-generic,3,3,3,56.240105,56.24034,56.23677,56.244144999999996,0.0030154131834056975,15.069796666666669,0.409556,40.76098733333333,,,custom:libsad_search_cadde23b7a4b57.so,/home/rzzhang/sad_merged/sad/build/libsad_search_cadde23b7a4b57.so
2026-08-23T07:16:33.554093+00:00,20260823T064006,joint:equivariant-qnn:6:4a722a169a31ef0a,ok,,equivariant-qnn,6,8,float64,42,64,2,64,2,2,0.5,rotation,rotation,4,4,compact:L2R0W0-L2R0W0-L1R0W0-L1R0W0,compact:L2R0W0-L2R0W0-L1R0W0-L1R0W0,,,not_applicable,optimized,20,3,20,0.5789795,0.5789680500000001,0.577614,0.579642,0.0005887899859033022,0.24940944999999995,0.0152609,0.31429769999999996,,,custom:libsad_search_ae5663d41dfb3d.so,/home/rzzhang/sad_merged/sad/build/libsad_search_ae5663d41dfb3d.so
2026-08-23T07:16:33.578061+00:00,20260823T064006,joint:equivariant-qnn:22:2ef472b73df8f5a7,ok,,equivariant-qnn,22,8,float64,42,32,2,32,2,1,0.25,rotation,rotation,8,8,compact:L3R0W0-L3R0W0-L3R0W0-L3R0W0-L3R0W0-L3R0W0-L2R0W0-L2R0W0,compact:L3R0W0-L3R0W0-L3R0W0-L3R0W0-L3R0W0-L3R0W0-L2R0W0-L2R0W0,,,not_applicable,optimized,3,3,3,65.178227,65.05947266666668,64.813729,65.186462,0.17379953219410788,22.319600666666666,0.41064300000000004,42.329229000000005,,,custom:libsad_search_e1d9f2a2400c61.so,/home/rzzhang/sad_merged/sad/build/libsad_search_e1d9f2a2400c61.so
2026-08-23T07:16:33.991487+00:00,20260823T064006,joint:equivariant-qnn:6:290e754231ad8465,ok,,equivariant-qnn,6,8,float64,42,32,2,128,2,1,0.25,rotation,rotation,2,2,compact:L3R0W0-L3R0W0,compact:L3R0W0-L3R0W0,,,not_applicable,optimized,20,3,20,0.436195,0.43616580000000005,0.43005099999999996,0.4372730000000001,0.0014704221366668934,0.13322335,0.015003400000000002,0.28793905,,,custom:libsad_search_44993f541f55e5.so,/home/rzzhang/sad_merged/sad/build/libsad_search_44993f541f55e5.so
2026-08-23T07:16:34.012839+00:00,20260823T064006,joint:equivariant-qnn:28:4d5f9b0d0e689692,ok,,equivariant-qnn,28,8,float64,42,32,2,32,2,2,0.25,rotation,rotation,10,10,compact:L3R0W0-L3R0W0-L3R0W0-L3R0W0-L3R0W0-L3R0W0-L3R0W0-L3R0W0-L2R0W0-L2R0W0,compact:L3R0W0-L3R0W0-L3R0W0-L3R0W0-L3R0W0-L3R0W0-L3R0W0-L3R0W0-L2R0W0-L2R0W0,,,not_applicable,optimized,2,3,2,5006.5957645,5006.5957645,5006.233598,5006.957931,0.36216650000005757,1691.0676099999998,82.869551,3232.6586035,,,custom:libsad_search_6e9ecc13ac7654.so,/home/rzzhang/sad_merged/sad/build/libsad_search_6e9ecc13ac7654.so
2026-08-23T07:16:59.079807+00:00,20260823T064006,joint:equivariant-qnn:12:191b1a00c48e5ec3,ok,,equivariant-qnn,12,8,float64,42,128,2,128,2,1,0.75,rotation,rotation,10,10,compact:L2R0W0-L2R0W0-L1R0W0-L1R0W0-L1R0W0-L1R0W0-L1R0W0-L1R0W0-L1R0W0-L1R0W0,compact:L2R0W0-L2R0W0-L1R0W0-L1R0W0-L1R0W0-L1R0W0-L1R0W0-L1R0W0-L1R0W0-L1R0W0,,,not_applicable,optimized,10,3,10,2.0131335,2.0134051,2.012044,2.0152590000000004,0.000953919540632218,0.9164218,0.0155535,1.0814298,,,custom:libsad_search_726ce3dd431232.so,/home/rzzhang/sad_merged/sad/build/libsad_search_726ce3dd431232.so
2026-08-23T07:16:59.121938+00:00,20260823T064006,joint:equivariant-qnn:6:b705deae9e044e6c,ok,,equivariant-qnn,6,8,float64,42,32,2,32,2,1,0.5,rotation,rotation,4,4,compact:L2R0W0-L2R0W0-L1R0W0-L1R0W0,compact:L2R0W0-L2R0W0-L1R0W0-L1R0W0,,,not_applicable,optimized,20,3,20,0.524168,0.52403205,0.523127,0.526239,0.0008785156501167373,0.22655560000000002,0.015399899999999998,0.28207655,,,custom:libsad_search_e1d9f2a2400c61.so,/home/rzzhang/sad_merged/sad/build/libsad_search_e1d9f2a2400c61.so
2026-08-23T07:16:59.150696+00:00,20260823T064006,joint:equivariant-qnn:12:91a7218f29217ae1,ok,,equivariant-qnn,12,8,float64,42,128,2,128,2,2,0.5,rotation,rotation,7,7,compact:L2R0W0-L2R0W0-L2R0W0-L2R0W0-L2R0W0-L1R0W0-L1R0W0,compact:L2R0W0-L2R0W0-L2R0W0-L2R0W0-L2R0W0-L1R0W0-L1R0W0,,,not_applicable,optimized,10,3,10,1.5585425000000002,1.5587427,1.555243,1.5634759999999999,0.0021442310066781363,0.6734742,0.0155555,0.8697130000000001,,,custom:libsad_search_fad73079be189a.so,/home/rzzhang/sad_merged/sad/build/libsad_search_fad73079be189a.so
2026-08-23T07:16:59.187053+00:00,20260823T064006,joint:equivariant-qnn:14:6f16ef14435c8506,ok,,equivariant-qnn,14,8,float64,42,32,2,128,2,2,1.0,rotation,rotation,14,14,compact:L1R0W0-L1R0W0-L1R0W0-L1R0W0-L1R0W0-L1R0W0-L1R0W0-L1R0W0-L1R0W0-L1R0W0-L1R0W0-L1R0W0-L1R0W0-L1R0W0,compact:L1R0W0-L1R0W0-L1R0W0-L1R0W0-L1R0W0-L1R0W0-L1R0W0-L1R0W0-L1R0W0-L1R0W0-L1R0W0-L1R0W0-L1R0W0-L1R0W0,,,not_applicable,optimized,10,3,10,2.5809035,2.5821420999999996,2.5785469999999995,2.586654,0.0029491552841448476,1.0535238,0.015478999999999998,1.5131393,,,custom:libsad_search_57309a924b2f38.so,/home/rzzhang/sad_merged/sad/build/libsad_search_57309a924b2f38.so
2026-08-23T07:16:59.237704+00:00,20260823T064006,joint:equivariant-qnn:16:5899e2f9e44ab57f,ok,,equivariant-qnn,16,8,float64,42,128,2,32,2,2,0.0,rotation,rotation,2,3,compact:L5R2W1-L5R2W1,compact:L5R1W0-L5R0W0-L5R0W0,,,not_applicable,optimized,5,3,5,1.161022,1.1607028,1.1600300000000001,1.1611449999999999,0.00046433324240244874,0.368426,0.0157208,0.776556,,,custom:libsad_search_e09d5834859473.so,/home/rzzhang/sad_merged/sad/build/libsad_search_e09d5834859473.so
2026-08-23T07:16:59.267070+00:00,20260823T064006,joint:equivariant-qnn:24:76ac78a3c6d0f849,ok,,equivariant-qnn,24,8,float64,42,128,2,128,2,2,1.0,rotation,rotation,24,24,compact:L1R0W0-L1R0W0-L1R0W0-L1R0W0-L1R0W0-L1R0W0-L1R0W0-L1R0W0-L1R0W0-L1R0W0-L1R0W0-L1R0W0-L1R0W0-L1R0W0-L1R0W0-L1R0W0-L1R0W0-L1R0W0-L1R0W0-L1R0W0-L1R0W0-L1R0W0-L1R0W0-L1R0W0,compact:L1R0W0-L1R0W0-L1R0W0-L1R0W0-L1R0W0-L1R0W0-L1R0W0-L1R0W0-L1R0W0-L1R0W0-L1R0W0-L1R0W0-L1R0W0-L1R0W0-L1R0W0-L1R0W0-L1R0W0-L1R0W0-L1R0W0-L1R0W0-L1R0W0-L1R0W0-L1R0W0-L1R0W0,,,not_applicable,optimized,3,3,3,709.781974,709.7174533333333,709.588022,709.782364,0.09152191198953988,239.68603766666666,1.741506,468.2899096666667,,,custom:libsad_search_fad73079be189a.so,/home/rzzhang/sad_merged/sad/build/libsad_search_fad73079be189a.so
2026-08-23T07:17:03.566912+00:00,20260823T064006,joint:equivariant-qnn:4:b7001f58acfa65e5,ok,,equivariant-qnn,4,8,float64,42,64,2,64,2,2,1.0,rotation,rotation,4,4,compact:L1R0W0-L1R0W0-L1R0W0-L1R0W0,compact:L1R0W0-L1R0W0-L1R0W0-L1R0W0,,,not_applicable,optimized,20,3,20,0.4791045,0.47681015000000004,0.471955,0.480319,0.00346708460056861,0.21546625000000003,0.01532405,0.24601985,,,custom:libsad_search_ae5663d41dfb3d.so,/home/rzzhang/sad_merged/sad/build/libsad_search_ae5663d41dfb3d.so
2026-08-23T07:17:03.589527+00:00,20260823T064006,joint:equivariant-qnn:22:a79a32ebcd627a91,ok,,equivariant-qnn,22,8,float64,42,32,2,32,2,2,0.5,rotation,rotation,13,13,compact:L2R0W0-L2R0W0-L2R0W0-L2R0W0-L2R0W0-L2R0W0-L2R0W0-L2R0W0-L2R0W0-L1R0W0-L1R0W0-L1R0W0-L1R0W0,compact:L2R0W0-L2R0W0-L2R0W0-L2R0W0-L2R0W0-L2R0W0-L2R0W0-L2R0W0-L2R0W0-L1R0W0-L1R0W0-L1R0W0-L1R0W0,,,not_applicable,optimized,3,3,3,91.772164,92.34354066666667,91.74966,93.508798,0.82401257966503,26.612088333333336,0.396528,65.33492433333333,,,custom:libsad_search_6e9ecc13ac7654.so,/home/rzzhang/sad_merged/sad/build/libsad_search_6e9ecc13ac7654.so
2026-08-23T07:17:04.167625+00:00,20260823T064006,joint:equivariant-qnn:16:7a119702da996041,ok,,equivariant-qnn,16,8,float64,42,32,2,32,2,2,0.0,rotation,rotation,3,3,compact:L5R1W0-L5R0W0-L5R0W0,compact:L5R1W0-L5R0W0-L5R0W0,,,not_applicable,optimized,5,3,5,1.262546,1.2624962,1.261374,1.26445,0.0011244291707351354,0.47161260000000005,0.01541,0.7754736,,,custom:libsad_search_6e9ecc13ac7654.so,/home/rzzhang/sad_merged/sad/build/libsad_search_6e9ecc13ac7654.so
2026-08-23T07:17:04.189464+00:00,20260823T064006,joint:equivariant-qnn:4:8920afb22dc550d4,ok,,equivariant-qnn,4,8,float64,42,32,2,32,2,1,0.0,rotation,rotation,1,1,compact:L4R0W0,compact:L4R0W0,,,not_applicable,optimized,20,3,20,0.20784450000000002,0.20797245000000003,0.206741,0.20986,0.0006670386401851049,0.0739884,0.0153483,0.11863575,,,custom:libsad_search_e1d9f2a2400c61.so,/home/rzzhang/sad_merged/sad/build/libsad_search_e1d9f2a2400c61.so
2026-08-23T07:17:04.205380+00:00,20260823T064006,joint:equivariant-qnn:22:f8c41c8dcf3bdcef,ok,,equivariant-qnn,22,8,float64,42,128,2,32,2,1,1.0,rotation,rotation,22,22,compact:L1R0W0-L1R0W0-L1R0W0-L1R0W0-L1R0W0-L1R0W0-L1R0W0-L1R0W0-L1R0W0-L1R0W0-L1R0W0-L1R0W0-L1R0W0-L1R0W0-L1R0W0-L1R0W0-L1R0W0-L1R0W0-L1R0W0-L1R0W0-L1R0W0-L1R0W0,compact:L1R0W0-L1R0W0-L1R0W0-L1R0W0-L1R0W0-L1R0W0-L1R0W0-L1R0W0-L1R0W0-L1R0W0-L1R0W0-L1R0W0-L1R0W0-L1R0W0-L1R0W0-L1R0W0-L1R0W0-L1R0W0-L1R0W0-L1R0W0-L1R0W0-L1R0W0,,,not_applicable,optimized,3,3,3,143.236469,143.33059766666668,143.211783,143.543541,0.15091056304388756,35.15645666666667,0.38774833333333336,107.78639266666667,,,custom:libsad_search_78523faf565e9a.so,/home/rzzhang/sad_merged/sad/build/libsad_search_78523faf565e9a.so
2026-08-23T07:17:05.097447+00:00,20260823T064006,joint:equivariant-qnn:24:8ce52cc805043c06,ok,,equivariant-qnn,24,8,float64,42,32,2,32,2,1,0.25,rotation,rotation,9,9,compact:L3R0W0-L3R0W0-L3R0W0-L3R0W0-L3R0W0-L3R0W0-L2R0W0-L2R0W0-L2R0W0,compact:L3R0W0-L3R0W0-L3R0W0-L3R0W0-L3R0W0-L3R0W0-L2R0W0-L2R0W0-L2R0W0,,,not_applicable,optimized,3,3,3,283.04249999999996,283.060657,283.02930599999996,283.11016500000005,0.03541941046944396,96.94400666666665,1.7439436666666668,184.3727066666667,,,custom:libsad_search_e1d9f2a2400c61.so,/home/rzzhang/sad_merged/sad/build/libsad_search_e1d9f2a2400c61.so
2026-08-23T07:17:06.827391+00:00,20260823T064006,joint:equivariant-qnn:10:409dc256f21e7e01,ok,,equivariant-qnn,10,8,float64,42,32,2,32,2,1,0.0,rotation,rotation,2,2,compact:L5R0W0-L5R0W0,compact:L5R0W0-L5R0W0,,,not_applicable,optimized,10,3,10,0.47714750000000006,0.47733169999999997,0.477083,0.47815399999999997,0.00038187067182489425,0.174136,0.0152889,0.2879068,,,custom:libsad_search_e1d9f2a2400c61.so,/home/rzzhang/sad_merged/sad/build/libsad_search_e1d9f2a2400c61.so
2026-08-23T07:17:06.845433+00:00,20260823T064006,joint:equivariant-qnn:16:bf43eeccf32f16cb,ok,,equivariant-qnn,16,8,float64,42,128,2,128,2,1,0.0,legacy,legacy,0,0,,,,,not_applicable,legacy-generic,5,3,5,1.161133,1.1611322,1.1610779999999998,1.1611740000000002,3.5555027773948764e-05,0.3744754,0.015369400000000002,0.7712874,,,custom:libsad_search_e7cc64b1fce303.so,/home/rzzhang/sad_merged/sad/build/libsad_search_e7cc64b1fce303.so
2026-08-23T07:17:06.866379+00:00,20260823T064006,joint:equivariant-qnn:24:8337a4a1bb53f937,ok,,equivariant-qnn,24,8,float64,42,128,2,32,2,1,0.5,rotation,rotation,14,14,compact:L2R0W0-L2R0W0-L2R0W0-L2R0W0-L2R0W0-L2R0W0-L2R0W0-L2R0W0-L2R0W0-L2R0W0-L1R0W0-L1R0W0-L1R0W0-L1R0W0,compact:L2R0W0-L2R0W0-L2R0W0-L2R0W0-L2R0W0-L2R0W0-L2R0W0-L2R0W0-L2R0W0-L2R0W0-L1R0W0-L1R0W0-L1R0W0-L1R0W0,,,not_applicable,optimized,3,3,3,426.321289,426.33509733333335,426.07948100000004,426.604522,0.21456936014929304,145.12644766666668,1.744939,279.4637106666667,,,custom:libsad_search_78523faf565e9a.so,/home/rzzhang/sad_merged/sad/build/libsad_search_78523faf565e9a.so
2026-08-23T07:17:09.453124+00:00,20260823T064006,joint:equivariant-qnn:28:c30add147cb612de,ok,,equivariant-qnn,28,8,float64,42,128,2,32,2,1,0.75,rotation,rotation,22,22,compact:L2R0W0-L2R0W0-L2R0W0-L2R0W0-L2R0W0-L2R0W0-L1R0W0-L1R0W0-L1R0W0-L1R0W0-L1R0W0-L1R0W0-L1R0W0-L1R0W0-L1R0W0-L1R0W0-L1R0W0-L1R0W0-L1R0W0-L1R0W0-L1R0W0-L1R0W0,compact:L2R0W0-L2R0W0-L2R0W0-L2R0W0-L2R0W0-L2R0W0-L1R0W0-L1R0W0-L1R0W0-L1R0W0-L1R0W0-L1R0W0-L1R0W0-L1R0W0-L1R0W0-L1R0W0-L1R0W0-L1R0W0-L1R0W0-L1R0W0-L1R0W0-L1R0W0,,,not_applicable,optimized,2,3,2,10426.017820000001,10426.017820000001,10425.057725,10426.977915,0.9600949999994555,3494.0491409999995,82.7247885,6849.243890500001,,,custom:libsad_search_78523faf565e9a.so,/home/rzzhang/sad_merged/sad/build/libsad_search_78523faf565e9a.so
2026-08-23T07:18:01.622852+00:00,20260823T064006,joint:equivariant-qnn:26:a78b3847f2c0f6e9,ok,,equivariant-qnn,26,8,float64,42,128,2,128,2,2,0.5,rotation,rotation,14,14,compact:L2R0W0-L2R0W0-L2R0W0-L2R0W0-L2R0W0-L2R0W0-L2R0W0-L2R0W0-L2R0W0-L2R0W0-L2R0W0-L2R0W0-L1R0W0-L1R0W0,compact:L2R0W0-L2R0W0-L2R0W0-L2R0W0-L2R0W0-L2R0W0-L2R0W0-L2R0W0-L2R0W0-L2R0W0-L2R0W0-L2R0W0-L1R0W0-L1R0W0,,,not_applicable,optimized,2,3,2,1701.803481,1701.803481,1701.7135689999998,1701.893393,0.08991200000014032,574.7643380000001,11.9721695,1115.0669735,,,custom:libsad_search_fad73079be189a.so,/home/rzzhang/sad_merged/sad/build/libsad_search_fad73079be189a.so
2026-08-23T07:18:10.187263+00:00,20260823T064006,joint:equivariant-qnn:14:7730e54178e92a46,ok,,equivariant-qnn,14,8,float64,42,32,2,128,2,1,0.0,rotation,rotation,2,2,compact:L5R2W0-L5R2W0,compact:L5R2W0-L5R2W0,,,not_applicable,optimized,10,3,10,0.8170885000000001,0.8164832000000001,0.810855,0.8180810000000001,0.001970108971605384,0.2025293,0.015321299999999998,0.5986326,,,custom:libsad_search_44993f541f55e5.so,/home/rzzhang/sad_merged/sad/build/libsad_search_44993f541f55e5.so
2026-08-23T07:18:10.215394+00:00,20260823T064006,joint:equivariant-qnn:6:2ddb58e7c3ca0830,ok,,equivariant-qnn,6,8,float64,42,32,2,128,2,1,0.0,legacy,legacy,0,0,,,,,not_applicable,legacy-generic,20,3,20,0.34294899999999995,0.34289105,0.34193199999999996,0.344048,0.0008451578240186852,0.08639615,0.0154012,0.24109370000000002,,,custom:libsad_search_7c2e0b28add24f.so,/home/rzzhang/sad_merged/sad/build/libsad_search_7c2e0b28add24f.so
2026-08-23T07:18:10.239500+00:00,20260823T064006,joint:equivariant-qnn:22:1407b48cf9cb4f6c,ok,,equivariant-qnn,22,8,float64,42,128,2,128,2,1,0.5,rotation,rotation,12,12,compact:L2R0W0-L2R0W0-L2R0W0-L2R0W0-L2R0W0-L2R0W0-L2R0W0-L2R0W0-L2R0W0-L2R0W0-L1R0W0-L1R0W0,compact:L2R0W0-L2R0W0-L2R0W0-L2R0W0-L2R0W0-L2R0W0-L2R0W0-L2R0W0-L2R0W0-L2R0W0-L1R0W0-L1R0W0,,,not_applicable,optimized,3,3,3,86.75103100000001,86.761445,86.74767899999999,86.78562500000001,0.017152517327402226,25.028191000000003,0.385542,61.347712,,,custom:libsad_search_726ce3dd431232.so,/home/rzzhang/sad_merged/sad/build/libsad_search_726ce3dd431232.so
2026-08-23T07:18:10.785195+00:00,20260823T064006,joint:equivariant-qnn:10:04cabd8651b67b11,ok,,equivariant-qnn,10,8,float64,42,64,2,64,2,2,0.75,rotation,rotation,8,8,compact:L2R0W0-L2R0W0-L1R0W0-L1R0W0-L1R0W0-L1R0W0-L1R0W0-L1R0W0,compact:L2R0W0-L2R0W0-L1R0W0-L1R0W0-L1R0W0-L1R0W0-L1R0W0-L1R0W0,,,not_applicable,optimized,10,3,10,1.239957,1.2396916,1.238764,1.2410450000000002,0.0006690486080996618,0.5622699,0.0152865,0.6621352,,,custom:libsad_search_ae5663d41dfb3d.so,/home/rzzhang/sad_merged/sad/build/libsad_search_ae5663d41dfb3d.so
2026-08-23T07:18:10.813288+00:00,20260823T064006,joint:equivariant-qnn:22:dd93a3bfbf326a98,ok,,equivariant-qnn,22,8,float64,42,64,2,64,2,2,0.75,rotation,rotation,17,17,compact:L2R0W0-L2R0W0-L2R0W0-L2R0W0-L2R0W0-L1R0W0-L1R0W0-L1R0W0-L1R0W0-L1R0W0-L1R0W0-L1R0W0-L1R0W0-L1R0W0-L1R0W0-L1R0W0-L1R0W0,compact:L2R0W0-L2R0W0-L2R0W0-L2R0W0-L2R0W0-L1R0W0-L1R0W0-L1R0W0-L1R0W0-L1R0W0-L1R0W0-L1R0W0-L1R0W0-L1R0W0-L1R0W0-L1R0W0-L1R0W0,,,not_applicable,optimized,3,3,3,114.84389,114.80158866666666,114.641108,114.91976799999999,0.11762908087524351,30.112301666666664,0.392241,84.297046,,,custom:libsad_search_ae5663d41dfb3d.so,/home/rzzhang/sad_merged/sad/build/libsad_search_ae5663d41dfb3d.so
2026-08-23T07:18:11.530782+00:00,20260823T064006,joint:equivariant-qnn:26:df2be1f76b7b10f3,ok,,equivariant-qnn,26,8,float64,42,32,2,32,2,1,0.25,rotation,rotation,10,10,compact:L3R0W0-L3R0W0-L3R0W0-L3R0W0-L3R0W0-L3R0W0-L2R0W0-L2R0W0-L2R0W0-L2R0W0,compact:L3R0W0-L3R0W0-L3R0W0-L3R0W0-L3R0W0-L3R0W0-L2R0W0-L2R0W0-L2R0W0-L2R0W0,,,not_applicable,optimized,2,3,2,1243.7883084999999,1243.7883084999999,1243.684818,1243.891799,0.1034905000000208,422.840553,11.467721000000001,809.4800345,,,custom:libsad_search_e1d9f2a2400c61.so,/home/rzzhang/sad_merged/sad/build/libsad_search_e1d9f2a2400c61.so
2026-08-23T07:18:17.781754+00:00,20260823T064006,joint:equivariant-qnn:4:15f63f24d11c6fd4,ok,,equivariant-qnn,4,8,float64,42,32,2,32,2,2,0.25,rotation,rotation,2,2,compact:L2R0W0-L2R0W0,compact:L2R0W0-L2R0W0,,,not_applicable,optimized,20,3,20,0.2887725,0.28887969999999996,0.28852,0.28993800000000003,0.0004038215075995834,0.11670929999999999,0.015336199999999998,0.1568342,,,custom:libsad_search_6e9ecc13ac7654.so,/home/rzzhang/sad_merged/sad/build/libsad_search_6e9ecc13ac7654.so
2026-08-23T07:18:17.805558+00:00,20260823T064006,joint:equivariant-qnn:26:7b03d00539dd363d,ok,,equivariant-qnn,26,8,float64,42,128,2,32,2,2,0.0,rotation,rotation,3,4,compact:L5R2W2-L5R2W2-L5R2W1,compact:L5R2W0-L5R2W0-L5R1W0-L5R1W0,,,not_applicable,optimized,2,3,2,891.3779069999999,891.3779069999999,891.288926,891.4668879999999,0.08898099999998976,234.320529,11.835428,645.22195,,,custom:libsad_search_e09d5834859473.so,/home/rzzhang/sad_merged/sad/build/libsad_search_e09d5834859473.so
2026-08-23T07:18:22.301125+00:00,20260823T064006,joint:equivariant-qnn:8:5a11f554d93f960f,ok,,equivariant-qnn,8,8,float64,42,64,2,64,2,1,0.0,legacy,legacy,0,0,,,,,not_applicable,legacy-generic,20,3,20,0.350004,0.34758685,0.342807,0.35220300000000004,0.003804747301398608,0.11044245,0.01549135,0.22165305,,,custom:libsad_search_a82e9b3f4b7d25.so,/home/rzzhang/sad_merged/sad/build/libsad_search_a82e9b3f4b7d25.so
2026-08-23T07:18:22.325967+00:00,20260823T064006,joint:equivariant-qnn:20:840c4fe51d406832,ok,,equivariant-qnn,20,8,float64,42,32,2,32,2,2,0.5,rotation,rotation,12,12,compact:L2R0W0-L2R0W0-L2R0W0-L2R0W0-L2R0W0-L2R0W0-L2R0W0-L2R0W0-L1R0W0-L1R0W0-L1R0W0-L1R0W0,compact:L2R0W0-L2R0W0-L2R0W0-L2R0W0-L2R0W0-L2R0W0-L2R0W0-L2R0W0-L1R0W0-L1R0W0-L1R0W0-L1R0W0,,,not_applicable,optimized,5,3,5,16.332278,16.331855400000002,16.330441,16.333569,0.00123083266125058,6.815750600000001,0.09746760000000002,9.4186372,,,custom:libsad_search_6e9ecc13ac7654.so,/home/rzzhang/sad_merged/sad/build/libsad_search_6e9ecc13ac7654.so
2026-08-23T07:18:22.485873+00:00,20260823T064006,joint:equivariant-qnn:28:428e1d78c75b9299,ok,,equivariant-qnn,28,8,float64,42,32,2,32,2,2,0.0,rotation,rotation,4,4,compact:L5R2W0-L5R2W0-L5R2W0-L5R2W0,compact:L5R2W0-L5R2W0-L5R2W0-L5R2W0,,,not_applicable,optimized,2,3,2,3928.6210950000004,3928.6210950000004,3928.241607,3929.0005830000005,0.37948800000026495,1065.915594,82.9776475,2779.7278535,,,custom:libsad_search_6e9ecc13ac7654.so,/home/rzzhang/sad_merged/sad/build/libsad_search_6e9ecc13ac7654.so
2026-08-23T07:18:42.164051+00:00,20260823T064006,joint:equivariant-qnn:28:4368dbe1c43056df,ok,,equivariant-qnn,28,8,float64,42,32,2,128,2,1,0.0,legacy,legacy,0,0,,,,,not_applicable,legacy-generic,2,3,2,4360.6634665,4360.6634665,4360.27827,4361.0486630000005,0.38519650000034744,1075.1068005,82.2060735,3203.3505925,,,custom:libsad_search_7c2e0b28add24f.so,/home/rzzhang/sad_merged/sad/build/libsad_search_7c2e0b28add24f.so
2026-08-23T07:19:04.252486+00:00,20260823T064006,joint:equivariant-qnn:28:0d64d39c81adc034,ok,,equivariant-qnn,28,8,float64,42,128,2,128,2,2,0.0,rotation,rotation,4,4,compact:L5R2W0-L5R2W0-L5R2W0-L5R2W0,compact:L5R2W0-L5R2W0-L5R2W0-L5R2W0,,,not_applicable,optimized,2,3,2,3952.9524155,3952.9524155,3952.8569669999997,3953.047864,0.09544850000020233,999.8639684999999,83.3856625,2869.7027845000002,,,custom:libsad_search_fad73079be189a.so,/home/rzzhang/sad_merged/sad/build/libsad_search_fad73079be189a.so
2026-08-23T07:19:24.301555+00:00,20260823T064006,joint:equivariant-qnn:26:b9aa7fc8046e20d0,ok,,equivariant-qnn,26,8,float64,42,32,2,128,2,2,0.5,rotation,rotation,15,14,compact:L2R0W0-L2R0W0-L2R0W0-L2R0W0-L2R0W0-L2R0W0-L2R0W0-L2R0W0-L2R0W0-L2R0W0-L2R0W0-L1R0W0-L1R0W0-L1R0W0-L1R0W0,compact:L2R0W0-L2R0W0-L2R0W0-L2R0W0-L2R0W0-L2R0W0-L2R0W0-L2R0W0-L2R0W0-L2R0W0-L2R0W0-L2R0W0-L1R0W0-L1R0W0,,,not_applicable,optimized,2,3,2,1737.4658605,1737.4658605,1737.2163339999997,1737.7153870000002,0.24952650000022913,610.2407835,11.7411365,1115.4839404999998,,,custom:libsad_search_57309a924b2f38.so,/home/rzzhang/sad_merged/sad/build/libsad_search_57309a924b2f38.so
2026-08-23T07:19:33.045480+00:00,20260823T064006,joint:equivariant-qnn:28:94fdb8fb080bc3b7,ok,,equivariant-qnn,28,8,float64,42,32,2,32,2,1,0.75,rotation,rotation,22,22,compact:L2R0W0-L2R0W0-L2R0W0-L2R0W0-L2R0W0-L2R0W0-L1R0W0-L1R0W0-L1R0W0-L1R0W0-L1R0W0-L1R0W0-L1R0W0-L1R0W0-L1R0W0-L1R0W0-L1R0W0-L1R0W0-L1R0W0-L1R0W0-L1R0W0-L1R0W0,compact:L2R0W0-L2R0W0-L2R0W0-L2R0W0-L2R0W0-L2R0W0-L1R0W0-L1R0W0-L1R0W0-L1R0W0-L1R0W0-L1R0W0-L1R0W0-L1R0W0-L1R0W0-L1R0W0-L1R0W0-L1R0W0-L1R0W0-L1R0W0-L1R0W0-L1R0W0,,,not_applicable,optimized,2,3,2,10420.0449335,10420.0449335,10418.192137,10421.897729999999,1.8527964999993856,3489.2829785000004,83.55527649999999,6847.206678499999,,,custom:libsad_search_e1d9f2a2400c61.so,/home/rzzhang/sad_merged/sad/build/libsad_search_e1d9f2a2400c61.so
2026-08-23T07:20:25.194836+00:00,20260823T064006,joint:equivariant-qnn:8:d77b114495b6ba6d,ok,,equivariant-qnn,8,8,float64,42,32,2,32,2,2,0.75,rotation,rotation,6,6,compact:L2R0W0-L2R0W0-L1R0W0-L1R0W0-L1R0W0-L1R0W0,compact:L2R0W0-L2R0W0-L1R0W0-L1R0W0-L1R0W0-L1R0W0,,,not_applicable,optimized,20,3,20,0.8252275,0.8249872500000001,0.82416,0.82638,0.0007218612661031122,0.3710923,0.0152084,0.43868655,,,custom:libsad_search_6e9ecc13ac7654.so,/home/rzzhang/sad_merged/sad/build/libsad_search_6e9ecc13ac7654.so
2026-08-23T07:20:25.230408+00:00,20260823T064006,joint:equivariant-qnn:4:ee138769624d66bd,ok,,equivariant-qnn,4,8,float64,42,64,2,64,2,2,0.0,rotation,rotation,1,1,compact:L4R0W0,compact:L4R0W0,,,not_applicable,optimized,20,3,20,0.23035450000000002,0.230304,0.229245,0.23144099999999998,0.00038844600654401926,0.07983760000000001,0.01531715,0.13514925000000003,,,custom:libsad_search_ae5663d41dfb3d.so,/home/rzzhang/sad_merged/sad/build/libsad_search_ae5663d41dfb3d.so
2026-08-23T07:20:25.252945+00:00,20260823T064006,joint:equivariant-qnn:24:601d2d21186f2111,ok,,equivariant-qnn,24,8,float64,42,64,2,64,2,1,0.75,rotation,rotation,19,19,compact:L2R0W0-L2R0W0-L2R0W0-L2R0W0-L2R0W0-L1R0W0-L1R0W0-L1R0W0-L1R0W0-L1R0W0-L1R0W0-L1R0W0-L1R0W0-L1R0W0-L1R0W0-L1R0W0-L1R0W0-L1R0W0-L1R0W0,compact:L2R0W0-L2R0W0-L2R0W0-L2R0W0-L2R0W0-L1R0W0-L1R0W0-L1R0W0-L1R0W0-L1R0W0-L1R0W0-L1R0W0-L1R0W0-L1R0W0-L1R0W0-L1R0W0-L1R0W0-L1R0W0-L1R0W0,,,not_applicable,optimized,3,3,3,567.856355,567.809706,567.7139970000001,567.8587660000001,0.06768364027344301,192.30734533333336,1.7476973333333334,373.7546633333333,,,custom:libsad_search_d69133c4e36ad5.so,/home/rzzhang/sad_merged/sad/build/libsad_search_d69133c4e36ad5.so
2026-08-23T07:20:28.711000+00:00,20260823T064006,joint:equivariant-qnn:12:af8cd741d457e9d7,ok,,equivariant-qnn,12,8,float64,42,32,2,128,2,2,0.75,rotation,rotation,10,10,compact:L2R0W0-L2R0W0-L1R0W0-L1R0W0-L1R0W0-L1R0W0-L1R0W0-L1R0W0-L1R0W0-L1R0W0,compact:L2R0W0-L2R0W0-L1R0W0-L1R0W0-L1R0W0-L1R0W0-L1R0W0-L1R0W0-L1R0W0-L1R0W0,,,not_applicable,optimized,10,3,10,1.790956,1.7909248000000002,1.789817,1.791991,0.0006756372991480037,0.7028603999999999,0.0153562,1.0727082,,,custom:libsad_search_57309a924b2f38.so,/home/rzzhang/sad_merged/sad/build/libsad_search_57309a924b2f38.so
2026-08-23T07:20:28.746319+00:00,20260823T064006,joint:equivariant-qnn:22:69ab14e9f3d5b0e3,ok,,equivariant-qnn,22,8,float64,42,128,2,32,2,1,0.75,rotation,rotation,17,18,compact:L2R0W0-L2R0W0-L2R0W0-L2R0W0-L2R0W0-L1R0W0-L1R0W0-L1R0W0-L1R0W0-L1R0W0-L1R0W0-L1R0W0-L1R0W0-L1R0W0-L1R0W0-L1R0W0-L1R0W0,compact:L2R0W0-L2R0W0-L2R0W0-L2R0W0-L1R0W0-L1R0W0-L1R0W0-L1R0W0-L1R0W0-L1R0W0-L1R0W0-L1R0W0-L1R0W0-L1R0W0-L1R0W0-L1R0W0-L1R0W0-L1R0W0,,,not_applicable,optimized,3,3,3,119.550849,119.55729133333334,119.335466,119.785559,0.18380615678178558,30.216027333333336,0.39091400000000004,88.95035,,,custom:libsad_search_78523faf565e9a.so,/home/rzzhang/sad_merged/sad/build/libsad_search_78523faf565e9a.so
2026-08-23T07:20:29.491832+00:00,20260823T064006,joint:equivariant-qnn:20:434bd21c1ab6639e,ok,,equivariant-qnn,20,8,float64,42,32,2,128,2,2,1.0,rotation,rotation,20,20,compact:L1R0W0-L1R0W0-L1R0W0-L1R0W0-L1R0W0-L1R0W0-L1R0W0-L1R0W0-L1R0W0-L1R0W0-L1R0W0-L1R0W0-L1R0W0-L1R0W0-L1R0W0-L1R0W0-L1R0W0-L1R0W0-L1R0W0-L1R0W0,compact:L1R0W0-L1R0W0-L1R0W0-L1R0W0-L1R0W0-L1R0W0-L1R0W0-L1R0W0-L1R0W0-L1R0W0-L1R0W0-L1R0W0-L1R0W0-L1R0W0-L1R0W0-L1R0W0-L1R0W0-L1R0W0-L1R0W0-L1R0W0,,,not_applicable,optimized,5,3,5,20.816719,20.8181006,20.812637000000002,20.823738000000002,0.004482654418980621,9.350208199999999,0.0974344,11.370458,,,custom:libsad_search_57309a924b2f38.so,/home/rzzhang/sad_merged/sad/build/libsad_search_57309a924b2f38.so
2026-08-23T07:20:29.680285+00:00,20260823T064006,joint:equivariant-qnn:18:b0b1511c0e812019,ok,,equivariant-qnn,18,8,float64,42,32,2,32,2,2,0.5,rotation,rotation,10,10,compact:L2R0W0-L2R0W0-L2R0W0-L2R0W0-L2R0W0-L2R0W0-L2R0W0-L2R0W0-L1R0W0-L1R0W0,compact:L2R0W0-L2R0W0-L2R0W0-L2R0W0-L2R0W0-L2R0W0-L2R0W0-L2R0W0-L1R0W0-L1R0W0,,,not_applicable,optimized,5,3,5,5.23147,5.2296662,5.224327,5.233550999999999,0.003989508912134561,2.2464198000000004,0.0316968,2.9515496,,,custom:libsad_search_6e9ecc13ac7654.so,/home/rzzhang/sad_merged/sad/build/libsad_search_6e9ecc13ac7654.so
2026-08-23T07:20:29.733863+00:00,20260823T064006,joint:equivariant-qnn:18:13c513add5492fdd,ok,,equivariant-qnn,18,8,float64,42,32,2,32,2,2,1.0,rotation,rotation,18,18,compact:L1R0W0-L1R0W0-L1R0W0-L1R0W0-L1R0W0-L1R0W0-L1R0W0-L1R0W0-L1R0W0-L1R0W0-L1R0W0-L1R0W0-L1R0W0-L1R0W0-L1R0W0-L1R0W0-L1R0W0-L1R0W0,compact:L1R0W0-L1R0W0-L1R0W0-L1R0W0-L1R0W0-L1R0W0-L1R0W0-L1R0W0-L1R0W0-L1R0W0-L1R0W0-L1R0W0-L1R0W0-L1R0W0-L1R0W0-L1R0W0-L1R0W0-L1R0W0,,,not_applicable,optimized,5,3,5,7.246845,7.2446938,7.239614,7.247675,0.0033825181980292147,3.4367517999999997,0.0317798,3.7761622,,,custom:libsad_search_6e9ecc13ac7654.so,/home/rzzhang/sad_merged/sad/build/libsad_search_6e9ecc13ac7654.so
2026-08-23T07:20:29.803231+00:00,20260823T064006,joint:equivariant-qnn:6:e0c29ce7b2f80b4d,ok,,equivariant-qnn,6,8,float64,42,64,2,64,2,1,0.0,rotation,rotation,1,1,compact:L5R1W0,compact:L5R1W0,,,not_applicable,optimized,20,3,20,0.2927845,0.2928127,0.291759,0.293899,0.0005409491750617682,0.09352905,0.015140250000000001,0.18414339999999998,,,custom:libsad_search_d69133c4e36ad5.so,/home/rzzhang/sad_merged/sad/build/libsad_search_d69133c4e36ad5.so
2026-08-23T07:20:29.821343+00:00,20260823T064006,joint:equivariant-qnn:28:bb78a21334b931cc,ok,,equivariant-qnn,28,8,float64,42,128,2,128,2,1,0.25,rotation,rotation,10,10,compact:L3R0W0-L3R0W0-L3R0W0-L3R0W0-L3R0W0-L3R0W0-L3R0W0-L3R0W0-L2R0W0-L2R0W0,compact:L3R0W0-L3R0W0-L3R0W0-L3R0W0-L3R0W0-L3R0W0-L3R0W0-L3R0W0-L2R0W0-L2R0W0,,,not_applicable,optimized,2,3,2,5015.703197499999,5015.703197499999,5015.328078,5016.0783169999995,0.3751194999999825,1693.8334244999999,83.109951,3238.759822,,,custom:libsad_search_726ce3dd431232.so,/home/rzzhang/sad_merged/sad/build/libsad_search_726ce3dd431232.so
2026-08-23T07:20:54.937257+00:00,20260823T064006,joint:equivariant-qnn:28:d51b27a187a2617c,ok,,equivariant-qnn,28,8,float64,42,128,2,128,2,2,0.25,rotation,rotation,10,10,compact:L3R0W0-L3R0W0-L3R0W0-L3R0W0-L3R0W0-L3R0W0-L3R0W0-L3R0W0-L2R0W0-L2R0W0,compact:L3R0W0-L3R0W0-L3R0W0-L3R0W0-L3R0W0-L3R0W0-L3R0W0-L3R0W0-L2R0W0-L2R0W0,,,not_applicable,optimized,2,3,2,5014.4258085,5014.4258085,5014.368598,5014.483019,0.05721050000011019,1694.1531169999998,81.9010335,3238.371658,,,custom:libsad_search_fad73079be189a.so,/home/rzzhang/sad_merged/sad/build/libsad_search_fad73079be189a.so
2026-08-23T07:21:20.295576+00:00,20260823T064006,joint:equivariant-qnn:8:849847050b251bc4,ok,,equivariant-qnn,8,8,float64,42,128,2,32,2,1,0.75,rotation,rotation,6,6,compact:L2R0W0-L2R0W0-L1R0W0-L1R0W0-L1R0W0-L1R0W0,compact:L2R0W0-L2R0W0-L1R0W0-L1R0W0-L1R0W0-L1R0W0,,,not_applicable,optimized,20,3,20,0.932794,0.93301945,0.931618,0.9358960000000001,0.0009696870874153376,0.47770625000000005,0.01560925,0.43970395,,,custom:libsad_search_78523faf565e9a.so,/home/rzzhang/sad_merged/sad/build/libsad_search_78523faf565e9a.so
2026-08-23T07:21:20.333595+00:00,20260823T064006,joint:equivariant-qnn:8:fa90d08e0e906dc6,ok,,equivariant-qnn,8,8,float64,42,32,2,32,2,1,0.25,rotation,rotation,4,4,compact:L2R0W0-L2R0W0-L2R0W0-L2R0W0,compact:L2R0W0-L2R0W0-L2R0W0-L2R0W0,,,not_applicable,optimized,20,3,20,0.6163970000000001,0.6164068,0.614414,0.618759,0.0009382390207191325,0.2617562,0.015493950000000001,0.33915665,,,custom:libsad_search_e1d9f2a2400c61.so,/home/rzzhang/sad_merged/sad/build/libsad_search_e1d9f2a2400c61.so
2026-08-23T07:21:20.364688+00:00,20260823T064006,joint:equivariant-qnn:4:a2fccd08f051b73e,ok,,equivariant-qnn,4,8,float64,42,128,2,32,2,1,1.0,rotation,rotation,4,4,compact:L1R0W0-L1R0W0-L1R0W0-L1R0W0,compact:L1R0W0-L1R0W0-L1R0W0-L1R0W0,,,not_applicable,optimized,20,3,20,0.5058075,0.5054577,0.502793,0.506903,0.0009826884094157227,0.25710855,0.015540700000000001,0.23280845,,,custom:libsad_search_78523faf565e9a.so,/home/rzzhang/sad_merged/sad/build/libsad_search_78523faf565e9a.so
2026-08-23T07:21:20.393472+00:00,20260823T064006,joint:equivariant-qnn:6:0e90e18faa251fa1,ok,,equivariant-qnn,6,8,float64,42,32,2,128,2,1,1.0,rotation,rotation,6,6,compact:L1R0W0-L1R0W0-L1R0W0-L1R0W0-L1R0W0-L1R0W0,compact:L1R0W0-L1R0W0-L1R0W0-L1R0W0-L1R0W0-L1R0W0,,,not_applicable,optimized,20,3,20,0.7960645,0.7946291,0.78939,0.798749,0.0032384470491270954,0.31829085,0.01553015,0.4608081,,,custom:libsad_search_44993f541f55e5.so,/home/rzzhang/sad_merged/sad/build/libsad_search_44993f541f55e5.so
2026-08-23T07:21:20.428321+00:00,20260823T064006,joint:equivariant-qnn:22:2e03c3983d26fb07,ok,,equivariant-qnn,22,8,float64,42,64,2,64,2,1,0.0,rotation,rotation,3,3,compact:L5R2W1-L5R2W0-L5R2W0,compact:L5R2W1-L5R2W0-L5R2W0,,,not_applicable,optimized,3,3,3,51.040833,51.04213000000001,51.040691,51.044866,0.0019355125074933162,13.207733,0.38600433333333334,37.44839266666667,,,custom:libsad_search_d69133c4e36ad5.so,/home/rzzhang/sad_merged/sad/build/libsad_search_d69133c4e36ad5.so
2026-08-23T07:21:20.767477+00:00,20260823T064006,joint:equivariant-qnn:22:06539accc62a8341,ok,,equivariant-qnn,22,8,float64,42,128,2,128,2,1,0.75,rotation,rotation,17,17,compact:L2R0W0-L2R0W0-L2R0W0-L2R0W0-L2R0W0-L1R0W0-L1R0W0-L1R0W0-L1R0W0-L1R0W0-L1R0W0-L1R0W0-L1R0W0-L1R0W0-L1R0W0-L1R0W0-L1R0W0,compact:L2R0W0-L2R0W0-L2R0W0-L2R0W0-L2R0W0-L1R0W0-L1R0W0-L1R0W0-L1R0W0-L1R0W0-L1R0W0-L1R0W0-L1R0W0-L1R0W0-L1R0W0-L1R0W0-L1R0W0,,,not_applicable,optimized,3,3,3,115.14059999999999,115.15500566666667,115.129396,115.195021,0.028662432791993677,30.009280333333333,0.3873853333333334,84.75834,,,custom:libsad_search_726ce3dd431232.so,/home/rzzhang/sad_merged/sad/build/libsad_search_726ce3dd431232.so
2026-08-23T07:21:21.486641+00:00,20260823T064006,joint:equivariant-qnn:8:2feab5744bc53280,ok,,equivariant-qnn,8,8,float64,42,32,2,128,2,2,0.0,rotation,rotation,2,1,compact:L4R0W0-L4R0W0,compact:L5R2W1,,,not_applicable,optimized,20,3,20,0.485302,0.48281904999999997,0.478023,0.48648500000000006,0.003474083411131639,0.1557792,0.0152354,0.31180445,,,custom:libsad_search_57309a924b2f38.so,/home/rzzhang/sad_merged/sad/build/libsad_search_57309a924b2f38.so
2026-08-23T07:21:21.509212+00:00,20260823T064006,joint:equivariant-qnn:26:1eba973f7e97256a,ok,,equivariant-qnn,26,8,float64,42,128,2,128,2,1,0.5,rotation,rotation,14,14,compact:L2R0W0-L2R0W0-L2R0W0-L2R0W0-L2R0W0-L2R0W0-L2R0W0-L2R0W0-L2R0W0-L2R0W0-L2R0W0-L2R0W0-L1R0W0-L1R0W0,compact:L2R0W0-L2R0W0-L2R0W0-L2R0W0-L2R0W0-L2R0W0-L2R0W0-L2R0W0-L2R0W0-L2R0W0-L2R0W0-L2R0W0-L1R0W0-L1R0W0,,,not_applicable,optimized,2,3,2,1699.9620140000002,1699.9620140000002,1699.7471260000002,1700.176902,0.21488799999985986,574.8542515,11.294291,1113.8134714999999,,,custom:libsad_search_726ce3dd431232.so,/home/rzzhang/sad_merged/sad/build/libsad_search_726ce3dd431232.so
2026-08-23T07:21:30.037540+00:00,20260823T064006,joint:equivariant-qnn:26:217a59d3f1f9213f,ok,,equivariant-qnn,26,8,float64,42,32,2,128,2,1,0.0,legacy,legacy,0,0,,,,,not_applicable,legacy-generic,2,3,2,962.2574245,962.2574245,962.140096,962.3747529999999,0.11732849999998507,250.0681475,11.8226805,700.3665965,,,custom:libsad_search_7c2e0b28add24f.so,/home/rzzhang/sad_merged/sad/build/libsad_search_7c2e0b28add24f.so
2026-08-23T07:21:34.889658+00:00,20260823T064006,joint:equivariant-qnn:18:15ce2a8aad6a658e,ok,,equivariant-qnn,18,8,float64,42,128,2,128,2,2,0.25,rotation,rotation,6,6,compact:L3R0W0-L3R0W0-L3R0W0-L3R0W0-L3R0W0-L3R0W0,compact:L3R0W0-L3R0W0-L3R0W0-L3R0W0-L3R0W0-L3R0W0,,,not_applicable,optimized,5,3,5,4.266824,4.2742732,4.26393,4.287412,0.010733736411892913,1.6275088,0.0317042,2.6150602,,,custom:libsad_search_fad73079be189a.so,/home/rzzhang/sad_merged/sad/build/libsad_search_fad73079be189a.so
2026-08-23T07:21:34.944838+00:00,20260823T064006,joint:equivariant-qnn:24:0abbd9bd99d87cf2,ok,,equivariant-qnn,24,8,float64,42,128,2,32,2,2,0.75,rotation,rotation,19,19,compact:L2R0W0-L2R0W0-L2R0W0-L2R0W0-L2R0W0-L1R0W0-L1R0W0-L1R0W0-L1R0W0-L1R0W0-L1R0W0-L1R0W0-L1R0W0-L1R0W0-L1R0W0-L1R0W0-L1R0W0-L1R0W0-L1R0W0,compact:L2R0W0-L2R0W0-L2R0W0-L2R0W0-L2R0W0-L1R0W0-L1R0W0-L1R0W0-L1R0W0-L1R0W0-L1R0W0-L1R0W0-L1R0W0-L1R0W0-L1R0W0-L1R0W0-L1R0W0-L1R0W0-L1R0W0,,,not_applicable,optimized,3,3,3,567.364184,567.3941699999999,567.346155,567.4721709999999,0.05564397667907952,192.32872700000001,1.7374203333333333,373.32802266666664,,,custom:libsad_search_e09d5834859473.so,/home/rzzhang/sad_merged/sad/build/libsad_search_e09d5834859473.so
2026-08-23T07:21:38.377670+00:00,20260823T064006,joint:equivariant-qnn:18:6840f8e4821e5f63,ok,,equivariant-qnn,18,8,float64,42,32,2,128,2,1,0.0,legacy,legacy,0,0,,,,,not_applicable,legacy-generic,5,3,5,3.341067,3.3418161999999993,3.339138,3.3472799999999996,0.002837725525839137,1.0466754,0.0318518,2.263289,,,custom:libsad_search_7c2e0b28add24f.so,/home/rzzhang/sad_merged/sad/build/libsad_search_7c2e0b28add24f.so
2026-08-23T07:21:38.416874+00:00,20260823T064006,joint:equivariant-qnn:24:758dfca345c9ad36,ok,,equivariant-qnn,24,8,float64,42,128,2,32,2,1,1.0,rotation,rotation,24,24,compact:L1R0W0-L1R0W0-L1R0W0-L1R0W0-L1R0W0-L1R0W0-L1R0W0-L1R0W0-L1R0W0-L1R0W0-L1R0W0-L1R0W0-L1R0W0-L1R0W0-L1R0W0-L1R0W0-L1R0W0-L1R0W0-L1R0W0-L1R0W0-L1R0W0-L1R0W0-L1R0W0-L1R0W0,compact:L1R0W0-L1R0W0-L1R0W0-L1R0W0-L1R0W0-L1R0W0-L1R0W0-L1R0W0-L1R0W0-L1R0W0-L1R0W0-L1R0W0-L1R0W0-L1R0W0-L1R0W0-L1R0W0-L1R0W0-L1R0W0-L1R0W0-L1R0W0-L1R0W0-L1R0W0-L1R0W0-L1R0W0,,,not_applicable,optimized,3,3,3,708.575897,708.6634446666667,708.4471639999999,708.9672730000001,0.22117382066958322,239.44334866666665,1.7443233333333332,467.47577266666667,,,custom:libsad_search_78523faf565e9a.so,/home/rzzhang/sad_merged/sad/build/libsad_search_78523faf565e9a.so
2026-08-23T07:21:42.697381+00:00,20260823T064006,joint:equivariant-qnn:12:6fda16c6903c12b0,ok,,equivariant-qnn,12,8,float64,42,128,2,32,2,2,1.0,rotation,rotation,12,12,compact:L1R0W0-L1R0W0-L1R0W0-L1R0W0-L1R0W0-L1R0W0-L1R0W0-L1R0W0-L1R0W0-L1R0W0-L1R0W0-L1R0W0,compact:L1R0W0-L1R0W0-L1R0W0-L1R0W0-L1R0W0-L1R0W0-L1R0W0-L1R0W0-L1R0W0-L1R0W0-L1R0W0-L1R0W0,,,not_applicable,optimized,10,3,10,2.0008014999999997,2.0008214,1.998794,2.0028200000000003,0.0012269688015594219,1.0725258,0.015320199999999999,0.9129754,,,custom:libsad_search_e09d5834859473.so,/home/rzzhang/sad_merged/sad/build/libsad_search_e09d5834859473.so
2026-08-23T07:21:42.735091+00:00,20260823T064006,joint:equivariant-qnn:24:60ea1b8522e751ea,ok,,equivariant-qnn,24,8,float64,42,32,2,32,2,2,0.0,rotation,rotation,4,4,compact:L5R1W0-L5R1W0-L5R1W0-L5R1W0,compact:L5R1W0-L5R1W0-L5R1W0-L5R1W0,,,not_applicable,optimized,3,3,3,217.387614,217.3891626666667,217.384313,217.39556100000001,0.004720745162468056,63.467262999999996,1.7356680000000002,152.18623166666669,,,custom:libsad_search_6e9ecc13ac7654.so,/home/rzzhang/sad_merged/sad/build/libsad_search_6e9ecc13ac7654.so
2026-08-23T07:21:44.079219+00:00,20260823T064006,joint:equivariant-qnn:28:63fbe7c4ccb63eff,ok,,equivariant-qnn,28,8,float64,42,32,2,128,2,2,0.25,rotation,rotation,10,10,compact:L3R0W0-L3R0W0-L3R0W0-L3R0W0-L3R0W0-L3R0W0-L3R0W0-L3R0W0-L2R0W0-L2R0W0,compact:L3R0W0-L3R0W0-L3R0W0-L3R0W0-L3R0W0-L3R0W0-L3R0W0-L3R0W0-L2R0W0-L2R0W0,,,not_applicable,optimized,2,3,2,5010.668471,5010.668471,5010.614979,5010.721963,0.053492000000005646,1691.0764385000002,82.69874250000001,3236.8932900000004,,,custom:libsad_search_57309a924b2f38.so,/home/rzzhang/sad_merged/sad/build/libsad_search_57309a924b2f38.so
2026-08-23T07:22:09.162932+00:00,20260823T064006,joint:equivariant-qnn:12:6f07d1f36872f565,ok,,equivariant-qnn,12,8,float64,42,32,2,128,2,1,0.25,rotation,rotation,4,4,compact:L3R0W0-L3R0W0-L3R0W0-L3R0W0,compact:L3R0W0-L3R0W0-L3R0W0-L3R0W0,,,not_applicable,optimized,10,3,10,1.021833,1.0216015999999999,1.020845,1.022027,0.00044798241036895234,0.3232029,0.0155835,0.6828152000000001,,,custom:libsad_search_44993f541f55e5.so,/home/rzzhang/sad_merged/sad/build/libsad_search_44993f541f55e5.so
2026-08-23T07:22:09.192705+00:00,20260823T064006,joint:equivariant-qnn:28:6147c3de0c66416d,ok,,equivariant-qnn,28,8,float64,42,128,2,32,2,1,1.0,rotation,rotation,28,28,compact:L1R0W0-L1R0W0-L1R0W0-L1R0W0-L1R0W0-L1R0W0-L1R0W0-L1R0W0-L1R0W0-L1R0W0-L1R0W0-L1R0W0-L1R0W0-L1R0W0-L1R0W0-L1R0W0-L1R0W0-L1R0W0-L1R0W0-L1R0W0-L1R0W0-L1R0W0-L1R0W0-L1R0W0-L1R0W0-L1R0W0-L1R0W0-L1R0W0,compact:L1R0W0-L1R0W0-L1R0W0-L1R0W0-L1R0W0-L1R0W0-L1R0W0-L1R0W0-L1R0W0-L1R0W0-L1R0W0-L1R0W0-L1R0W0-L1R0W0-L1R0W0-L1R0W0-L1R0W0-L1R0W0-L1R0W0-L1R0W0-L1R0W0-L1R0W0-L1R0W0-L1R0W0-L1R0W0-L1R0W0-L1R0W0-L1R0W0,,,not_applicable,optimized,2,3,2,13125.5547985,13125.5547985,13125.438653,13125.670944,0.11614550000012969,4392.4771279999995,81.8336105,8651.244059999999,,,custom:libsad_search_78523faf565e9a.so,/home/rzzhang/sad_merged/sad/build/libsad_search_78523faf565e9a.so
2026-08-23T07:23:15.075917+00:00,20260823T064006,joint:equivariant-qnn:12:6015724c33129904,ok,,equivariant-qnn,12,8,float64,42,64,2,64,2,1,0.0,legacy,legacy,0,0,,,,,not_applicable,legacy-generic,10,3,10,0.5959405,0.5956966,0.5947100000000001,0.5968810000000001,0.0006580381751843837,0.2105149,0.015400000000000002,0.3697817,,,custom:libsad_search_a82e9b3f4b7d25.so,/home/rzzhang/sad_merged/sad/build/libsad_search_a82e9b3f4b7d25.so
2026-08-23T07:23:15.100084+00:00,20260823T064006,joint:equivariant-qnn:8:0df5f65c0bc91730,ok,,equivariant-qnn,8,8,float64,42,32,2,128,2,1,0.75,rotation,rotation,6,6,compact:L2R0W0-L2R0W0-L1R0W0-L1R0W0-L1R0W0-L1R0W0,compact:L2R0W0-L2R0W0-L1R0W0-L1R0W0-L1R0W0-L1R0W0,,,not_applicable,optimized,20,3,20,0.955364,0.95565645,0.954326,0.957439,0.0008351698315312913,0.3699512,0.01545275,0.5702525,,,custom:libsad_search_44993f541f55e5.so,/home/rzzhang/sad_merged/sad/build/libsad_search_44993f541f55e5.so
2026-08-23T07:23:15.138225+00:00,20260823T064006,joint:equivariant-qnn:20:9b6989ced1bb1bfd,ok,,equivariant-qnn,20,8,float64,42,128,2,128,2,2,1.0,rotation,rotation,20,20,compact:L1R0W0-L1R0W0-L1R0W0-L1R0W0-L1R0W0-L1R0W0-L1R0W0-L1R0W0-L1R0W0-L1R0W0-L1R0W0-L1R0W0-L1R0W0-L1R0W0-L1R0W0-L1R0W0-L1R0W0-L1R0W0-L1R0W0-L1R0W0,compact:L1R0W0-L1R0W0-L1R0W0-L1R0W0-L1R0W0-L1R0W0-L1R0W0-L1R0W0-L1R0W0-L1R0W0-L1R0W0-L1R0W0-L1R0W0-L1R0W0-L1R0W0-L1R0W0-L1R0W0-L1R0W0-L1R0W0-L1R0W0,,,not_applicable,optimized,5,3,5,21.009312,21.0100414,21.006175000000002,21.014253,0.0035799485247685805,9.568963199999999,0.09747600000000001,11.343602200000001,,,custom:libsad_search_fad73079be189a.so,/home/rzzhang/sad_merged/sad/build/libsad_search_fad73079be189a.so
2026-08-23T07:23:15.342360+00:00,20260823T064006,joint:equivariant-qnn:18:07fdd683e427498c,ok,,equivariant-qnn,18,8,float64,42,128,2,128,2,1,0.0,rotation,rotation,2,2,compact:L5R2W2-L5R2W2,compact:L5R2W2-L5R2W2,,,not_applicable,optimized,5,3,5,3.227682,3.2281716000000005,3.227499,3.229509,0.0007782797954463362,0.9336424,0.03186839999999999,2.2626608,,,custom:libsad_search_726ce3dd431232.so,/home/rzzhang/sad_merged/sad/build/libsad_search_726ce3dd431232.so
2026-08-23T07:23:15.380568+00:00,20260823T064006,joint:equivariant-qnn:22:5655946215eb5da2,ok,,equivariant-qnn,22,8,float64,42,64,2,64,2,1,0.75,rotation,rotation,17,17,compact:L2R0W0-L2R0W0-L2R0W0-L2R0W0-L2R0W0-L1R0W0-L1R0W0-L1R0W0-L1R0W0-L1R0W0-L1R0W0-L1R0W0-L1R0W0-L1R0W0-L1R0W0-L1R0W0-L1R0W0,compact:L2R0W0-L2R0W0-L2R0W0-L2R0W0-L2R0W0-L1R0W0-L1R0W0-L1R0W0-L1R0W0-L1R0W0-L1R0W0-L1R0W0-L1R0W0-L1R0W0-L1R0W0-L1R0W0-L1R0W0,,,not_applicable,optimized,3,3,3,115.014478,115.09824366666668,115.00181500000001,115.278438,0.12752146542532047,30.102843333333333,0.3887636666666666,84.60663666666667,,,custom:libsad_search_d69133c4e36ad5.so,/home/rzzhang/sad_merged/sad/build/libsad_search_d69133c4e36ad5.so
2026-08-23T07:23:16.099081+00:00,20260823T064006,joint:equivariant-qnn:10:b1b4a9c94f0331b7,ok,,equivariant-qnn,10,8,float64,42,128,2,128,2,1,0.0,legacy,legacy,0,0,,,,,not_applicable,legacy-generic,10,3,10,0.6952115000000001,0.6949394,0.694123,0.696264,0.0006736557280985492,0.23598389999999997,0.015472300000000001,0.44348319999999997,,,custom:libsad_search_e7cc64b1fce303.so,/home/rzzhang/sad_merged/sad/build/libsad_search_e7cc64b1fce303.so
2026-08-23T07:23:16.120120+00:00,20260823T064006,joint:equivariant-qnn:14:f3e3038b83b7f3fc,ok,,equivariant-qnn,14,8,float64,42,128,2,32,2,2,0.75,rotation,rotation,11,11,compact:L2R0W0-L2R0W0-L2R0W0-L1R0W0-L1R0W0-L1R0W0-L1R0W0-L1R0W0-L1R0W0-L1R0W0-L1R0W0,compact:L2R0W0-L2R0W0-L2R0W0-L1R0W0-L1R0W0-L1R0W0-L1R0W0-L1R0W0-L1R0W0-L1R0W0-L1R0W0,,,not_applicable,optimized,10,3,10,2.0591785000000002,2.0592048000000003,2.0581470000000004,2.061145,0.000994617896480861,1.0885277,0.015336900000000002,0.9553401999999999,,,custom:libsad_search_e09d5834859473.so,/home/rzzhang/sad_merged/sad/build/libsad_search_e09d5834859473.so
2026-08-23T07:23:16.158692+00:00,20260823T064006,joint:equivariant-qnn:24:f65d452815598208,ok,,equivariant-qnn,24,8,float64,42,32,2,128,2,1,0.0,rotation,rotation,4,3,compact:L5R1W0-L5R1W0-L5R1W0-L5R1W0,compact:L5R2W1-L5R2W1-L5R2W1,,,not_applicable,optimized,3,3,3,228.67233399999998,228.67796066666665,228.66459799999998,228.69695000000002,0.013793899843383996,63.248293,1.7413683333333332,163.6882993333333,,,custom:libsad_search_44993f541f55e5.so,/home/rzzhang/sad_merged/sad/build/libsad_search_44993f541f55e5.so
2026-08-23T07:23:17.571076+00:00,20260823T064006,joint:equivariant-qnn:10:237eb78fa9619c5e,ok,,equivariant-qnn,10,8,float64,42,64,2,64,2,1,0.0,legacy,legacy,0,0,,,,,not_applicable,legacy-generic,10,3,10,0.523205,0.5230090000000001,0.522191,0.523351,0.0004140251200108731,0.1868819,0.0155909,0.32053620000000005,,,custom:libsad_search_a82e9b3f4b7d25.so,/home/rzzhang/sad_merged/sad/build/libsad_search_a82e9b3f4b7d25.so
2026-08-23T07:23:17.589440+00:00,20260823T064006,joint:equivariant-qnn:6:84b813aab7bcbc5d,ok,,equivariant-qnn,6,8,float64,42,64,2,64,2,1,0.25,rotation,rotation,2,2,compact:L3R0W0-L3R0W0,compact:L3R0W0-L3R0W0,,,not_applicable,optimized,20,3,20,0.3707375,0.3711636,0.37046300000000004,0.372798,0.0006400758861260197,0.14163775,0.01527585,0.21424999999999997,,,custom:libsad_search_d69133c4e36ad5.so,/home/rzzhang/sad_merged/sad/build/libsad_search_d69133c4e36ad5.so
2026-08-23T07:23:17.609518+00:00,20260823T064006,joint:equivariant-qnn:12:88742162e21fe94d,ok,,equivariant-qnn,12,8,float64,42,128,2,32,2,1,0.0,legacy,legacy,0,0,,,,,not_applicable,legacy-generic,10,3,10,0.6050705000000001,0.6109889,0.6031740000000001,0.636991,0.012491829709454063,0.2718537,0.015418300000000001,0.3237169,,,custom:libsad_search_e3460e95b2f927.so,/home/rzzhang/sad_merged/sad/build/libsad_search_e3460e95b2f927.so
2026-08-23T07:23:17.629084+00:00,20260823T064006,joint:equivariant-qnn:18:35e042560f6159c5,ok,,equivariant-qnn,18,8,float64,42,128,2,128,2,2,0.5,rotation,rotation,10,10,compact:L2R0W0-L2R0W0-L2R0W0-L2R0W0-L2R0W0-L2R0W0-L2R0W0-L2R0W0-L1R0W0-L1R0W0,compact:L2R0W0-L2R0W0-L2R0W0-L2R0W0-L2R0W0-L2R0W0-L2R0W0-L2R0W0-L1R0W0-L1R0W0,,,not_applicable,optimized,5,3,5,5.507979,5.5078176,5.506791000000001,5.5091790000000005,0.0008548449216085559,2.3401416000000004,0.0319842,3.1356917999999996,,,custom:libsad_search_fad73079be189a.so,/home/rzzhang/sad_merged/sad/build/libsad_search_fad73079be189a.so
2026-08-23T07:23:17.684942+00:00,20260823T064006,joint:equivariant-qnn:14:2ea8f4f0c1ec1e2d,ok,,equivariant-qnn,14,8,float64,42,128,2,32,2,1,1.0,rotation,rotation,14,14,compact:L1R0W0-L1R0W0-L1R0W0-L1R0W0-L1R0W0-L1R0W0-L1R0W0-L1R0W0-L1R0W0-L1R0W0-L1R0W0-L1R0W0-L1R0W0-L1R0W0,compact:L1R0W0-L1R0W0-L1R0W0-L1R0W0-L1R0W0-L1R0W0-L1R0W0-L1R0W0-L1R0W0-L1R0W0-L1R0W0-L1R0W0-L1R0W0-L1R0W0,,,not_applicable,optimized,10,3,10,2.6510335,2.6507773,2.6489499999999997,2.652132,0.0010099083176210557,1.4185965,0.0154599,1.2167209,,,custom:libsad_search_78523faf565e9a.so,/home/rzzhang/sad_merged/sad/build/libsad_search_78523faf565e9a.so
2026-08-23T07:23:17.731097+00:00,20260823T064006,joint:equivariant-qnn:28:b25dd86e098d522c,ok,,equivariant-qnn,28,8,float64,42,128,2,32,2,2,0.0,rotation,rotation,4,4,compact:L5R2W0-L5R2W0-L5R2W0-L5R2W0,compact:L5R2W0-L5R2W0-L5R2W0-L5R2W0,,,not_applicable,optimized,2,3,2,3862.4123200000004,3862.4123200000004,3862.291658,3862.532982,0.12066200000003846,999.4130255,83.248041,2779.7512534999996,,,custom:libsad_search_e09d5834859473.so,/home/rzzhang/sad_merged/sad/build/libsad_search_e09d5834859473.so
2026-08-23T07:23:37.088904+00:00,20260823T064006,joint:equivariant-qnn:12:fa610a017f0215dd,ok,,equivariant-qnn,12,8,float64,42,64,2,64,2,1,0.5,rotation,rotation,7,7,compact:L2R0W0-L2R0W0-L2R0W0-L2R0W0-L2R0W0-L1R0W0-L1R0W0,compact:L2R0W0-L2R0W0-L2R0W0-L2R0W0-L2R0W0-L1R0W0-L1R0W0,,,not_applicable,optimized,10,3,10,1.2634634999999999,1.2633634,1.2623410000000002,1.2647750000000002,0.0006749157280728041,0.5590225,0.0154289,0.688912,,,custom:libsad_search_d69133c4e36ad5.so,/home/rzzhang/sad_merged/sad/build/libsad_search_d69133c4e36ad5.so
2026-08-23T07:23:37.121317+00:00,20260823T064006,joint:equivariant-qnn:6:6bd54365d711dc86,ok,,equivariant-qnn,6,8,float64,42,32,2,32,2,1,0.25,rotation,rotation,2,2,compact:L3R0W0-L3R0W0,compact:L3R0W0-L3R0W0,,,not_applicable,optimized,20,3,20,0.34604149999999995,0.34611644999999996,0.344868,0.348238,0.0009359432394648789,0.1324475,0.0152153,0.19845365,,,custom:libsad_search_e1d9f2a2400c61.so,/home/rzzhang/sad_merged/sad/build/libsad_search_e1d9f2a2400c61.so
2026-08-23T07:23:37.145584+00:00,20260823T064006,joint:equivariant-qnn:16:6070076ba7ede9cf,ok,,equivariant-qnn,16,8,float64,42,32,2,32,2,1,0.25,rotation,rotation,6,6,compact:L3R0W0-L3R0W0-L3R0W0-L3R0W0-L2R0W0-L2R0W0,compact:L3R0W0-L3R0W0-L3R0W0-L3R0W0-L2R0W0-L2R0W0,,,not_applicable,optimized,5,3,5,1.702707,1.7022476000000002,1.700878,1.702888,0.0007749633797800311,0.7150798,0.015593600000000003,0.9715741999999999,,,custom:libsad_search_e1d9f2a2400c61.so,/home/rzzhang/sad_merged/sad/build/libsad_search_e1d9f2a2400c61.so
2026-08-23T07:23:37.180132+00:00,20260823T064006,joint:equivariant-qnn:12:bab71b60faef41b9,ok,,equivariant-qnn,12,8,float64,42,32,2,32,2,1,0.5,rotation,rotation,7,7,compact:L2R0W0-L2R0W0-L2R0W0-L2R0W0-L2R0W0-L1R0W0-L1R0W0,compact:L2R0W0-L2R0W0-L2R0W0-L2R0W0-L2R0W0-L1R0W0-L1R0W0,,,not_applicable,optimized,10,3,10,1.1519385,1.1520591,1.15092,1.1531449999999999,0.0005878711508485408,0.5118727000000001,0.0154193,0.6247670999999999,,,custom:libsad_search_e1d9f2a2400c61.so,/home/rzzhang/sad_merged/sad/build/libsad_search_e1d9f2a2400c61.so
2026-08-23T07:23:37.211607+00:00,20260823T064006,joint:equivariant-qnn:24:bb379103cbdc5896,ok,,equivariant-qnn,24,8,float64,42,128,2,128,2,1,0.0,rotation,rotation,3,3,compact:L5R2W1-L5R2W1-L5R2W1,compact:L5R2W1-L5R2W1-L5R2W1,,,not_applicable,optimized,3,3,3,224.395387,224.39303199999998,224.368825,224.41488399999997,0.018877100571851796,58.714573666666666,1.7515316666666667,163.92692666666667,,,custom:libsad_search_726ce3dd431232.so,/home/rzzhang/sad_merged/sad/build/libsad_search_726ce3dd431232.so
2026-08-23T07:23:38.596820+00:00,20260823T064006,joint:equivariant-qnn:14:9a5e494f3c591adf,ok,,equivariant-qnn,14,8,float64,42,32,2,32,2,2,0.0,rotation,rotation,2,2,compact:L5R2W0-L5R2W0,compact:L5R2W0-L5R2W0,,,not_applicable,optimized,10,3,10,0.5795185,0.580544,0.578309,0.5866699999999999,0.002814722508525499,0.20246029999999998,0.0154006,0.36268310000000004,,,custom:libsad_search_6e9ecc13ac7654.so,/home/rzzhang/sad_merged/sad/build/libsad_search_6e9ecc13ac7654.so
2026-08-23T07:23:38.615904+00:00,20260823T064006,joint:equivariant-qnn:18:5f0ce8b9ea00e0d1,ok,,equivariant-qnn,18,8,float64,42,32,2,32,2,2,0.25,rotation,rotation,7,7,compact:L3R0W0-L3R0W0-L3R0W0-L3R0W0-L2R0W0-L2R0W0-L2R0W0,compact:L3R0W0-L3R0W0-L3R0W0-L3R0W0-L2R0W0-L2R0W0-L2R0W0,,,not_applicable,optimized,5,3,5,4.289429,4.2896784,4.288748999999999,4.290488,0.000675800147972944,1.7192863999999999,0.031523999999999996,2.538868,,,custom:libsad_search_6e9ecc13ac7654.so,/home/rzzhang/sad_merged/sad/build/libsad_search_6e9ecc13ac7654.so
2026-08-23T07:23:38.661837+00:00,20260823T064006,joint:equivariant-qnn:20:53ce756981fa1ed2,ok,,equivariant-qnn,20,8,float64,42,32,2,128,2,2,0.25,rotation,rotation,7,7,compact:L3R0W0-L3R0W0-L3R0W0-L3R0W0-L3R0W0-L3R0W0-L2R0W0,compact:L3R0W0-L3R0W0-L3R0W0-L3R0W0-L3R0W0-L3R0W0-L2R0W0,,,not_applicable,optimized,5,3,5,14.703510999999999,14.702064400000001,14.695234999999998,14.704616999999999,0.003442593766334281,5.2761206,0.09729439999999999,9.3286494,,,custom:libsad_search_57309a924b2f38.so,/home/rzzhang/sad_merged/sad/build/libsad_search_57309a924b2f38.so
2026-08-23T07:23:38.801291+00:00,20260823T064006,joint:equivariant-qnn:10:7bdd197c0ad9b4e0,ok,,equivariant-qnn,10,8,float64,42,32,2,32,2,1,0.25,rotation,rotation,4,4,compact:L3R0W0-L3R0W0-L2R0W0-L2R0W0,compact:L3R0W0-L3R0W0-L2R0W0-L2R0W0,,,not_applicable,optimized,10,3,10,0.705398,0.7117304,0.703378,0.739219,0.012551353076063119,0.2955059,0.0154084,0.40081609999999995,,,custom:libsad_search_e1d9f2a2400c61.so,/home/rzzhang/sad_merged/sad/build/libsad_search_e1d9f2a2400c61.so
2026-08-23T07:23:38.821681+00:00,20260823T064006,joint:equivariant-qnn:28:2acbf63019d0dce6,ok,,equivariant-qnn,28,8,float64,42,32,2,32,2,1,0.0,legacy,legacy,0,0,,,,,not_applicable,legacy-generic,2,3,2,3935.167074,3935.167074,3932.287776,3938.0463720000002,2.8792980000000625,1074.597821,83.467158,2777.102095,,,custom:libsad_search_cadde23b7a4b57.so,/home/rzzhang/sad_merged/sad/build/libsad_search_cadde23b7a4b57.so
2026-08-23T07:23:58.534402+00:00,20260823T064006,joint:equivariant-qnn:22:eb8348fc8eaf1599,ok,,equivariant-qnn,22,8,float64,42,64,2,64,2,1,0.0,legacy,legacy,0,0,,,,,not_applicable,legacy-generic,3,3,3,51.288772,51.26967033333333,51.165916,51.354322999999994,0.07809376699128016,13.756681,0.38805033333333333,37.124939000000005,,,custom:libsad_search_a82e9b3f4b7d25.so,/home/rzzhang/sad_merged/sad/build/libsad_search_a82e9b3f4b7d25.so
2026-08-23T07:23:58.879072+00:00,20260823T064006,joint:equivariant-qnn:10:fdd533b9ab3df1a5,ok,,equivariant-qnn,10,8,float64,42,64,2,64,2,1,0.0,rotation,rotation,2,2,compact:L5R0W0-L5R0W0,compact:L5R0W0-L5R0W0,,,not_applicable,optimized,10,3,10,0.5333845,0.5332488000000001,0.532493,0.5335770000000001,0.00038034242466493477,0.18927899999999998,0.015369599999999999,0.3286002,,,custom:libsad_search_d69133c4e36ad5.so,/home/rzzhang/sad_merged/sad/build/libsad_search_d69133c4e36ad5.so
2026-08-23T07:23:58.899369+00:00,20260823T064006,joint:equivariant-qnn:26:40d98cf4db497f26,ok,,equivariant-qnn,26,8,float64,42,64,2,64,2,1,1.0,rotation,rotation,26,26,compact:L1R0W0-L1R0W0-L1R0W0-L1R0W0-L1R0W0-L1R0W0-L1R0W0-L1R0W0-L1R0W0-L1R0W0-L1R0W0-L1R0W0-L1R0W0-L1R0W0-L1R0W0-L1R0W0-L1R0W0-L1R0W0-L1R0W0-L1R0W0-L1R0W0-L1R0W0-L1R0W0-L1R0W0-L1R0W0-L1R0W0,compact:L1R0W0-L1R0W0-L1R0W0-L1R0W0-L1R0W0-L1R0W0-L1R0W0-L1R0W0-L1R0W0-L1R0W0-L1R0W0-L1R0W0-L1R0W0-L1R0W0-L1R0W0-L1R0W0-L1R0W0-L1R0W0-L1R0W0-L1R0W0-L1R0W0-L1R0W0-L1R0W0-L1R0W0-L1R0W0-L1R0W0,,,not_applicable,optimized,2,3,2,3052.600641,3052.600641,3052.0053789999997,3053.195903,0.5952620000000479,1025.552023,11.893664500000002,2015.1549534999997,,,custom:libsad_search_d69133c4e36ad5.so,/home/rzzhang/sad_merged/sad/build/libsad_search_d69133c4e36ad5.so
2026-08-23T07:24:14.190995+00:00,20260823T064006,joint:equivariant-qnn:6:2d5abc15cc0c905e,ok,,equivariant-qnn,6,8,float64,42,64,2,64,2,1,1.0,rotation,rotation,6,6,compact:L1R0W0-L1R0W0-L1R0W0-L1R0W0-L1R0W0-L1R0W0,compact:L1R0W0-L1R0W0-L1R0W0-L1R0W0-L1R0W0-L1R0W0,,,not_applicable,optimized,20,3,20,0.7372475000000001,0.7377191,0.736137,0.744474,0.0017836890396030294,0.339474,0.015447450000000001,0.38279765,,,custom:libsad_search_d69133c4e36ad5.so,/home/rzzhang/sad_merged/sad/build/libsad_search_d69133c4e36ad5.so
2026-08-23T07:24:14.229228+00:00,20260823T064006,joint:equivariant-qnn:12:f46ba6a810859f2d,ok,,equivariant-qnn,12,8,float64,42,32,2,128,2,1,0.0,legacy,legacy,0,0,,,,,not_applicable,legacy-generic,10,3,10,0.7311335000000001,0.7309949,0.730008,0.731178,0.0003357744629956264,0.19085359999999998,0.0152556,0.5248857,,,custom:libsad_search_7c2e0b28add24f.so,/home/rzzhang/sad_merged/sad/build/libsad_search_7c2e0b28add24f.so
2026-08-23T07:24:14.254416+00:00,20260823T064006,joint:equivariant-qnn:10:1fc746e9cfb3665d,ok,,equivariant-qnn,10,8,float64,42,128,2,32,2,2,1.0,rotation,rotation,10,10,compact:L1R0W0-L1R0W0-L1R0W0-L1R0W0-L1R0W0-L1R0W0-L1R0W0-L1R0W0-L1R0W0-L1R0W0,compact:L1R0W0-L1R0W0-L1R0W0-L1R0W0-L1R0W0-L1R0W0-L1R0W0-L1R0W0-L1R0W0-L1R0W0,,,not_applicable,optimized,10,3,10,1.5554405,1.5555108,1.5543140000000002,1.5565510000000002,0.0007520001063829262,0.8263266,0.015419000000000002,0.7137652000000001,,,custom:libsad_search_e09d5834859473.so,/home/rzzhang/sad_merged/sad/build/libsad_search_e09d5834859473.so
2026-08-23T07:24:14.289914+00:00,20260823T064006,joint:equivariant-qnn:16:a665279522710c94,ok,,equivariant-qnn,16,8,float64,42,32,2,128,2,2,0.25,rotation,rotation,6,6,compact:L3R0W0-L3R0W0-L3R0W0-L3R0W0-L2R0W0-L2R0W0,compact:L3R0W0-L3R0W0-L3R0W0-L3R0W0-L2R0W0-L2R0W0,,,not_applicable,optimized,5,3,5,1.820683,1.8208416,1.82058,1.821589,0.00037916940804863985,0.7120268,0.015364400000000002,1.0934503999999998,,,custom:libsad_search_57309a924b2f38.so,/home/rzzhang/sad_merged/sad/build/libsad_search_57309a924b2f38.so
2026-08-23T07:24:14.318013+00:00,20260823T064006,joint:equivariant-qnn:16:f0225c6cbbb2e386,ok,,equivariant-qnn,16,8,float64,42,128,2,32,2,2,1.0,rotation,rotation,16,16,compact:L1R0W0-L1R0W0-L1R0W0-L1R0W0-L1R0W0-L1R0W0-L1R0W0-L1R0W0-L1R0W0-L1R0W0-L1R0W0-L1R0W0-L1R0W0-L1R0W0-L1R0W0-L1R0W0,compact:L1R0W0-L1R0W0-L1R0W0-L1R0W0-L1R0W0-L1R0W0-L1R0W0-L1R0W0-L1R0W0-L1R0W0-L1R0W0-L1R0W0-L1R0W0-L1R0W0-L1R0W0-L1R0W0,,,not_applicable,optimized,5,3,5,3.492733,3.4921962,3.490718,3.493948,0.0012451672016239276,1.7266272,0.015424400000000001,1.7501446,,,custom:libsad_search_e09d5834859473.so,/home/rzzhang/sad_merged/sad/build/libsad_search_e09d5834859473.so
2026-08-23T07:24:14.357659+00:00,20260823T064006,joint:equivariant-qnn:10:1855574560db24ed,ok,,equivariant-qnn,10,8,float64,42,32,2,32,2,2,0.0,rotation,rotation,2,2,compact:L5R0W0-L5R0W0,compact:L5R0W0-L5R0W0,,,not_applicable,optimized,10,3,10,0.47708700000000004,0.4768326,0.47599299999999994,0.478268,0.0006996858152056591,0.17357209999999998,0.015283000000000003,0.28797750000000005,,,custom:libsad_search_6e9ecc13ac7654.so,/home/rzzhang/sad_merged/sad/build/libsad_search_6e9ecc13ac7654.so
2026-08-23T07:24:14.375455+00:00,20260823T064006,joint:equivariant-qnn:16:59278af65263b409,ok,,equivariant-qnn,16,8,float64,42,128,2,32,2,2,0.25,rotation,rotation,6,6,compact:L3R0W0-L3R0W0-L3R0W0-L3R0W0-L2R0W0-L2R0W0,compact:L3R0W0-L3R0W0-L3R0W0-L3R0W0-L2R0W0-L2R0W0,,,not_applicable,optimized,5,3,5,1.756152,1.7564972,1.755073,1.758065,0.0010169360648536125,0.769876,0.015478,0.9711432000000001,,,custom:libsad_search_e09d5834859473.so,/home/rzzhang/sad_merged/sad/build/libsad_search_e09d5834859473.so
2026-08-23T07:24:14.401096+00:00,20260823T064006,joint:equivariant-qnn:20:db8124606cd01ffd,ok,,equivariant-qnn,20,8,float64,42,128,2,128,2,1,0.5,rotation,rotation,12,12,compact:L2R0W0-L2R0W0-L2R0W0-L2R0W0-L2R0W0-L2R0W0-L2R0W0-L2R0W0-L1R0W0-L1R0W0-L1R0W0-L1R0W0,compact:L2R0W0-L2R0W0-L2R0W0-L2R0W0-L2R0W0-L2R0W0-L2R0W0-L2R0W0-L1R0W0-L1R0W0-L1R0W0-L1R0W0,,,not_applicable,optimized,5,3,5,18.238403,18.237736599999998,18.235146,18.239185999999997,0.0013971043769161451,7.441134,0.1055924,10.6910102,,,custom:libsad_search_726ce3dd431232.so,/home/rzzhang/sad_merged/sad/build/libsad_search_726ce3dd431232.so
2026-08-23T07:24:14.569135+00:00,20260823T064006,joint:equivariant-qnn:28:a883a8293467ca16,ok,,equivariant-qnn,28,8,float64,42,128,2,128,2,1,0.0,rotation,rotation,4,4,compact:L5R2W0-L5R2W0-L5R2W0-L5R2W0,compact:L5R2W0-L5R2W0-L5R2W0-L5R2W0,,,not_applicable,optimized,2,3,2,4119.1807659999995,4119.1807659999995,4118.709718,4119.651814,0.47104799999988245,1035.1168209999998,82.8494855,3001.2144595,,,custom:libsad_search_726ce3dd431232.so,/home/rzzhang/sad_merged/sad/build/libsad_search_726ce3dd431232.so
2026-08-23T07:24:35.199054+00:00,20260823T064006,joint:equivariant-qnn:28:be62cb428ff5380c,ok,,equivariant-qnn,28,8,float64,42,64,2,64,2,1,0.5,rotation,rotation,16,16,compact:L2R0W0-L2R0W0-L2R0W0-L2R0W0-L2R0W0-L2R0W0-L2R0W0-L2R0W0-L2R0W0-L2R0W0-L2R0W0-L2R0W0-L1R0W0-L1R0W0-L1R0W0-L1R0W0,compact:L2R0W0-L2R0W0-L2R0W0-L2R0W0-L2R0W0-L2R0W0-L2R0W0-L2R0W0-L2R0W0-L2R0W0-L2R0W0-L2R0W0-L1R0W0-L1R0W0-L1R0W0-L1R0W0,,,not_applicable,optimized,2,3,2,7733.5760135,7733.5760135,7733.177823,7733.974204,0.3981905000000552,2597.9186480000003,81.98817199999999,5053.669193499999,,,custom:libsad_search_d69133c4e36ad5.so,/home/rzzhang/sad_merged/sad/build/libsad_search_d69133c4e36ad5.so
2026-08-23T07:25:14.148420+00:00,20260823T064006,joint:equivariant-qnn:6:815cfaa080055d4a,ok,,equivariant-qnn,6,8,float64,42,128,2,32,2,1,1.0,rotation,rotation,6,6,compact:L1R0W0-L1R0W0-L1R0W0-L1R0W0-L1R0W0-L1R0W0,compact:L1R0W0-L1R0W0-L1R0W0-L1R0W0-L1R0W0-L1R0W0,,,not_applicable,optimized,20,3,20,0.7894950000000001,0.78884625,0.7823640000000001,0.7915050000000001,0.0025775194446405352,0.40810175,0.01547065,0.36527385,,,custom:libsad_search_78523faf565e9a.so,/home/rzzhang/sad_merged/sad/build/libsad_search_78523faf565e9a.so
2026-08-23T07:25:14.184177+00:00,20260823T064006,joint:equivariant-qnn:28:3b240f8c41552a98,ok,,equivariant-qnn,28,8,float64,42,32,2,128,2,2,0.75,rotation,rotation,22,22,compact:L2R0W0-L2R0W0-L2R0W0-L2R0W0-L2R0W0-L2R0W0-L1R0W0-L1R0W0-L1R0W0-L1R0W0-L1R0W0-L1R0W0-L1R0W0-L1R0W0-L1R0W0-L1R0W0-L1R0W0-L1R0W0-L1R0W0-L1R0W0-L1R0W0-L1R0W0,compact:L2R0W0-L2R0W0-L2R0W0-L2R0W0-L2R0W0-L2R0W0-L1R0W0-L1R0W0-L1R0W0-L1R0W0-L1R0W0-L1R0W0-L1R0W0-L1R0W0-L1R0W0-L1R0W0-L1R0W0-L1R0W0-L1R0W0-L1R0W0-L1R0W0-L1R0W0,,,not_applicable,optimized,2,3,2,10428.91237,10428.91237,10428.726027,10429.098713,0.18634299999939685,3489.707028,83.27987049999999,6855.925471500001,,,custom:libsad_search_57309a924b2f38.so,/home/rzzhang/sad_merged/sad/build/libsad_search_57309a924b2f38.so
2026-08-23T07:26:06.581611+00:00,20260823T064006,joint:equivariant-qnn:6:b3888ea85415bc0e,ok,,equivariant-qnn,6,8,float64,42,128,2,128,2,1,0.75,rotation,rotation,5,5,compact:L2R0W0-L1R0W0-L1R0W0-L1R0W0-L1R0W0,compact:L2R0W0-L1R0W0-L1R0W0-L1R0W0-L1R0W0,,,not_applicable,optimized,20,3,20,0.7832615,0.78325875,0.78217,0.785406,0.0007762044108996008,0.34972035,0.015392749999999998,0.41814565,,,custom:libsad_search_726ce3dd431232.so,/home/rzzhang/sad_merged/sad/build/libsad_search_726ce3dd431232.so
2026-08-23T07:26:06.616645+00:00,20260823T064006,joint:equivariant-qnn:14:c7981a964195d96f,ok,,equivariant-qnn,14,8,float64,42,128,2,128,2,2,0.0,rotation,rotation,2,2,compact:L5R2W0-L5R2W0,compact:L5R2W0-L5R2W0,,,not_applicable,optimized,10,3,10,0.8872595000000001,0.8872440000000001,0.886584,0.887952,0.0005403310096598267,0.2808047,0.0156299,0.5908094,,,custom:libsad_search_fad73079be189a.so,/home/rzzhang/sad_merged/sad/build/libsad_search_fad73079be189a.so
2026-08-23T07:26:06.645949+00:00,20260823T064006,joint:equivariant-qnn:12:5f6377115722e952,ok,,equivariant-qnn,12,8,float64,42,64,2,64,2,2,0.25,rotation,rotation,4,4,compact:L3R0W0-L3R0W0-L3R0W0-L3R0W0,compact:L3R0W0-L3R0W0-L3R0W0-L3R0W0,,,not_applicable,optimized,10,3,10,0.8692960000000001,0.8693158999999999,0.8682360000000001,0.871261,0.0007775499276573558,0.35100260000000005,0.015336399999999998,0.5029769000000001,,,custom:libsad_search_ae5663d41dfb3d.so,/home/rzzhang/sad_merged/sad/build/libsad_search_ae5663d41dfb3d.so
2026-08-23T07:26:06.674046+00:00,20260823T064006,joint:equivariant-qnn:4:33392a0812517f8e,ok,,equivariant-qnn,4,8,float64,42,128,2,32,2,1,0.75,rotation,rotation,3,3,compact:L2R0W0-L1R0W0-L1R0W0,compact:L2R0W0-L1R0W0-L1R0W0,,,not_applicable,optimized,20,3,20,0.41558700000000004,0.41529465,0.41455,0.415837,0.0004863715940512981,0.20486799999999997,0.0153928,0.19503384999999998,,,custom:libsad_search_78523faf565e9a.so,/home/rzzhang/sad_merged/sad/build/libsad_search_78523faf565e9a.so
2026-08-23T07:26:06.700260+00:00,20260823T064006,joint:equivariant-qnn:6:8e9cecdef54b233a,ok,,equivariant-qnn,6,8,float64,42,64,2,64,2,1,0.75,rotation,rotation,5,5,compact:L2R0W0-L1R0W0-L1R0W0-L1R0W0-L1R0W0,compact:L2R0W0-L1R0W0-L1R0W0-L1R0W0-L1R0W0,,,not_applicable,optimized,20,3,20,0.6501465,0.6498918,0.649026,0.6521549999999999,0.0007254097187107276,0.29012119999999997,0.015238799999999999,0.34453180000000005,,,custom:libsad_search_d69133c4e36ad5.so,/home/rzzhang/sad_merged/sad/build/libsad_search_d69133c4e36ad5.so
2026-08-23T07:26:06.731742+00:00,20260823T064006,joint:equivariant-qnn:10:b1365a70e3691e05,ok,,equivariant-qnn,10,8,float64,42,32,2,128,2,2,0.0,rotation,rotation,2,2,compact:L5R0W0-L5R0W0,compact:L5R0W0-L5R0W0,,,not_applicable,optimized,10,3,10,0.640953,0.640883,0.639907,0.6421870000000001,0.0007444203113833182,0.17349920000000002,0.0156912,0.4516926,,,custom:libsad_search_57309a924b2f38.so,/home/rzzhang/sad_merged/sad/build/libsad_search_57309a924b2f38.so
2026-08-23T07:26:06.755943+00:00,20260823T064006,joint:equivariant-qnn:24:edd66b11bb105a84,ok,,equivariant-qnn,24,8,float64,42,128,2,32,2,2,0.0,rotation,rotation,3,4,compact:L5R2W1-L5R2W1-L5R2W1,compact:L5R1W0-L5R1W0-L5R1W0-L5R1W0,,,not_applicable,optimized,3,3,3,209.39749999999998,209.39343766666664,209.38517399999998,209.397639,0.005843570274722156,56.02132233333334,1.743349,151.62876633333332,,,custom:libsad_search_e09d5834859473.so,/home/rzzhang/sad_merged/sad/build/libsad_search_e09d5834859473.so
2026-08-23T07:26:08.050719+00:00,20260823T064006,joint:equivariant-qnn:16:10b2b7b1ac038f9f,ok,,equivariant-qnn,16,8,float64,42,128,2,32,2,1,0.0,rotation,rotation,2,3,compact:L5R2W1-L5R2W1,compact:L5R1W0-L5R0W0-L5R0W0,,,not_applicable,optimized,5,3,5,1.162277,1.1623928000000001,1.1611580000000001,1.163163,0.000729291820878269,0.37147660000000005,0.015548400000000002,0.7753677999999999,,,custom:libsad_search_78523faf565e9a.so,/home/rzzhang/sad_merged/sad/build/libsad_search_78523faf565e9a.so
2026-08-23T07:26:08.071842+00:00,20260823T064006,joint:equivariant-qnn:26:c044c006882a86aa,ok,,equivariant-qnn,26,8,float64,42,128,2,128,2,1,1.0,rotation,rotation,26,26,compact:L1R0W0-L1R0W0-L1R0W0-L1R0W0-L1R0W0-L1R0W0-L1R0W0-L1R0W0-L1R0W0-L1R0W0-L1R0W0-L1R0W0-L1R0W0-L1R0W0-L1R0W0-L1R0W0-L1R0W0-L1R0W0-L1R0W0-L1R0W0-L1R0W0-L1R0W0-L1R0W0-L1R0W0-L1R0W0-L1R0W0,compact:L1R0W0-L1R0W0-L1R0W0-L1R0W0-L1R0W0-L1R0W0-L1R0W0-L1R0W0-L1R0W0-L1R0W0-L1R0W0-L1R0W0-L1R0W0-L1R0W0-L1R0W0-L1R0W0-L1R0W0-L1R0W0-L1R0W0-L1R0W0-L1R0W0-L1R0W0-L1R0W0-L1R0W0-L1R0W0-L1R0W0,,,not_applicable,optimized,2,3,2,3051.93188,3051.93188,3051.338362,3052.525398,0.593518000000131,1024.9924525000001,11.302591000000001,2015.6368365,,,custom:libsad_search_726ce3dd431232.so,/home/rzzhang/sad_merged/sad/build/libsad_search_726ce3dd431232.so
2026-08-23T07:26:23.361795+00:00,20260823T064006,joint:equivariant-qnn:26:3347a1671b1e62af,ok,,equivariant-qnn,26,8,float64,42,32,2,128,2,1,1.0,rotation,rotation,26,26,compact:L1R0W0-L1R0W0-L1R0W0-L1R0W0-L1R0W0-L1R0W0-L1R0W0-L1R0W0-L1R0W0-L1R0W0-L1R0W0-L1R0W0-L1R0W0-L1R0W0-L1R0W0-L1R0W0-L1R0W0-L1R0W0-L1R0W0-L1R0W0-L1R0W0-L1R0W0-L1R0W0-L1R0W0-L1R0W0-L1R0W0,compact:L1R0W0-L1R0W0-L1R0W0-L1R0W0-L1R0W0-L1R0W0-L1R0W0-L1R0W0-L1R0W0-L1R0W0-L1R0W0-L1R0W0-L1R0W0-L1R0W0-L1R0W0-L1R0W0-L1R0W0-L1R0W0-L1R0W0-L1R0W0-L1R0W0-L1R0W0-L1R0W0-L1R0W0-L1R0W0-L1R0W0,,,not_applicable,optimized,2,3,2,3051.6717149999995,3051.6717149999995,3051.260066,3052.0833639999996,0.41164899999989757,1023.689836,12.3880995,2015.5937794999995,,,custom:libsad_search_44993f541f55e5.so,/home/rzzhang/sad_merged/sad/build/libsad_search_44993f541f55e5.so
2026-08-23T07:26:38.658931+00:00,20260823T064006,joint:equivariant-qnn:14:aa789eaa26c7e800,ok,,equivariant-qnn,14,8,float64,42,128,2,128,2,2,0.5,rotation,rotation,8,8,compact:L2R0W0-L2R0W0-L2R0W0-L2R0W0-L2R0W0-L2R0W0-L1R0W0-L1R0W0,compact:L2R0W0-L2R0W0-L2R0W0-L2R0W0-L2R0W0-L2R0W0-L1R0W0-L1R0W0,,,not_applicable,optimized,10,3,10,1.8990494999999998,1.8990524,1.894117,1.903483,0.0037783004697880245,0.8249232000000001,0.0155615,1.0585677,,,custom:libsad_search_fad73079be189a.so,/home/rzzhang/sad_merged/sad/build/libsad_search_fad73079be189a.so
2026-08-23T07:26:38.699998+00:00,20260823T064006,joint:equivariant-qnn:24:23e8c7bb3a1cc5ed,ok,,equivariant-qnn,24,8,float64,42,64,2,64,2,2,0.5,rotation,rotation,14,14,compact:L2R0W0-L2R0W0-L2R0W0-L2R0W0-L2R0W0-L2R0W0-L2R0W0-L2R0W0-L2R0W0-L2R0W0-L1R0W0-L1R0W0-L1R0W0-L1R0W0,compact:L2R0W0-L2R0W0-L2R0W0-L2R0W0-L2R0W0-L2R0W0-L2R0W0-L2R0W0-L2R0W0-L2R0W0-L1R0W0-L1R0W0-L1R0W0-L1R0W0,,,not_applicable,optimized,3,3,3,426.361903,426.3570946666667,426.340256,426.369125,0.012266345349044437,145.10076766666666,1.743082,279.51324500000004,,,custom:libsad_search_ae5663d41dfb3d.so,/home/rzzhang/sad_merged/sad/build/libsad_search_ae5663d41dfb3d.so
2026-08-23T07:26:41.288346+00:00,20260823T064006,joint:equivariant-qnn:6:2f09505ce29aaf66,ok,,equivariant-qnn,6,8,float64,42,128,2,128,2,2,0.5,rotation,rotation,4,4,compact:L2R0W0-L2R0W0-L1R0W0-L1R0W0,compact:L2R0W0-L2R0W0-L1R0W0-L1R0W0,,,not_applicable,optimized,20,3,20,0.676924,0.6772289,0.6757320000000001,0.678901,0.0007555718298083729,0.2901066,0.015426299999999999,0.371696,,,custom:libsad_search_fad73079be189a.so,/home/rzzhang/sad_merged/sad/build/libsad_search_fad73079be189a.so
2026-08-23T07:26:41.315801+00:00,20260823T064006,joint:equivariant-qnn:18:0af7189d4baadc2b,ok,,equivariant-qnn,18,8,float64,42,32,2,32,2,1,0.25,rotation,rotation,7,7,compact:L3R0W0-L3R0W0-L3R0W0-L3R0W0-L2R0W0-L2R0W0-L2R0W0,compact:L3R0W0-L3R0W0-L3R0W0-L3R0W0-L2R0W0-L2R0W0-L2R0W0,,,not_applicable,optimized,5,3,5,4.277362,4.2774008,4.276078999999999,4.278212999999999,0.0007564843422041164,1.7126236,0.032169,2.5326082,,,custom:libsad_search_e1d9f2a2400c61.so,/home/rzzhang/sad_merged/sad/build/libsad_search_e1d9f2a2400c61.so
2026-08-23T07:26:41.362361+00:00,20260823T064006,joint:equivariant-qnn:8:ad64c87e05941fae,ok,,equivariant-qnn,8,8,float64,42,64,2,64,2,2,0.75,rotation,rotation,6,6,compact:L2R0W0-L2R0W0-L1R0W0-L1R0W0-L1R0W0-L1R0W0,compact:L2R0W0-L2R0W0-L1R0W0-L1R0W0-L1R0W0-L1R0W0,,,not_applicable,optimized,20,3,20,0.8826515,0.8957558499999999,0.8805230000000001,0.9347940000000001,0.020969518879256615,0.3992882,0.0153098,0.48115785000000005,,,custom:libsad_search_ae5663d41dfb3d.so,/home/rzzhang/sad_merged/sad/build/libsad_search_ae5663d41dfb3d.so
2026-08-23T07:26:41.394520+00:00,20260823T064006,joint:equivariant-qnn:22:4758e43a15968d0c,ok,,equivariant-qnn,22,8,float64,42,128,2,32,2,1,0.0,legacy,legacy,0,0,,,,,not_applicable,legacy-generic,3,3,3,56.186858,56.190554,56.18675,56.198054,0.005303484137808303,15.024797666666668,0.41031333333333336,40.75544299999999,,,custom:libsad_search_e3460e95b2f927.so,/home/rzzhang/sad_merged/sad/build/libsad_search_e3460e95b2f927.so
2026-08-23T07:26:41.756306+00:00,20260823T064006,joint:equivariant-qnn:20:6805673636e7d027,ok,,equivariant-qnn,20,8,float64,42,32,2,128,2,1,0.0,rotation,rotation,3,3,compact:L5R2W0-L5R2W0-L5R1W0,compact:L5R2W0-L5R2W0-L5R1W0,,,not_applicable,optimized,5,3,5,12.871676,12.8720258,12.871581,12.872658,0.0005064035544893577,3.5362701999999993,0.09743560000000001,9.23832,,,custom:libsad_search_44993f541f55e5.so,/home/rzzhang/sad_merged/sad/build/libsad_search_44993f541f55e5.so
2026-08-23T07:26:41.873349+00:00,20260823T064006,joint:equivariant-qnn:4:3946893ba499a76e,ok,,equivariant-qnn,4,8,float64,42,128,2,32,2,1,0.5,rotation,rotation,2,2,compact:L2R0W0-L2R0W0,compact:L2R0W0-L2R0W0,,,not_applicable,optimized,20,3,20,0.3368825,0.33598635,0.330659,0.338983,0.0026851004874119742,0.1566839,0.015369599999999999,0.16393285000000002,,,custom:libsad_search_78523faf565e9a.so,/home/rzzhang/sad_merged/sad/build/libsad_search_78523faf565e9a.so
2026-08-23T07:26:41.892651+00:00,20260823T064006,joint:equivariant-qnn:12:62955f1c90fdaa98,ok,,equivariant-qnn,12,8,float64,42,32,2,32,2,1,0.0,legacy,legacy,0,0,,,,,not_applicable,legacy-generic,10,3,10,0.540659,0.541144,0.539718,0.542642,0.0009426629302141891,0.1970751,0.0152575,0.32881140000000003,,,custom:libsad_search_cadde23b7a4b57.so,/home/rzzhang/sad_merged/sad/build/libsad_search_cadde23b7a4b57.so
2026-08-23T07:26:41.911451+00:00,20260823T064006,joint:equivariant-qnn:26:6770dfb4e249cf1a,ok,,equivariant-qnn,26,8,float64,42,64,2,64,2,2,0.25,rotation,rotation,10,10,compact:L3R0W0-L3R0W0-L3R0W0-L3R0W0-L3R0W0-L3R0W0-L2R0W0-L2R0W0-L2R0W0-L2R0W0,compact:L3R0W0-L3R0W0-L3R0W0-L3R0W0-L3R0W0-L3R0W0-L2R0W0-L2R0W0-L2R0W0-L2R0W0,,,not_applicable,optimized,2,3,2,1243.0452500000001,1243.0452500000001,1242.8637840000001,1243.2267160000001,0.18146600000000035,423.7824735,11.265381000000001,807.9973954999999,,,custom:libsad_search_ae5663d41dfb3d.so,/home/rzzhang/sad_merged/sad/build/libsad_search_ae5663d41dfb3d.so
2026-08-23T07:26:48.162621+00:00,20260823T064006,joint:equivariant-qnn:16:24d42fb5c53ccac4,ok,,equivariant-qnn,16,8,float64,42,128,2,128,2,1,0.25,rotation,rotation,6,6,compact:L3R0W0-L3R0W0-L3R0W0-L3R0W0-L2R0W0-L2R0W0,compact:L3R0W0-L3R0W0-L3R0W0-L3R0W0-L2R0W0-L2R0W0,,,not_applicable,optimized,5,3,5,1.878958,1.8793976000000001,1.878855,1.881176,0.0008926868655917663,0.7692642,0.015202,1.0949314,,,custom:libsad_search_726ce3dd431232.so,/home/rzzhang/sad_merged/sad/build/libsad_search_726ce3dd431232.so
2026-08-23T07:26:48.199287+00:00,20260823T064006,joint:equivariant-qnn:16:8f0894183e5e050b,ok,,equivariant-qnn,16,8,float64,42,32,2,128,2,2,0.75,rotation,rotation,13,12,compact:L2R0W0-L2R0W0-L2R0W0-L1R0W0-L1R0W0-L1R0W0-L1R0W0-L1R0W0-L1R0W0-L1R0W0-L1R0W0-L1R0W0-L1R0W0,compact:L2R0W0-L2R0W0-L2R0W0-L2R0W0-L1R0W0-L1R0W0-L1R0W0-L1R0W0-L1R0W0-L1R0W0-L1R0W0-L1R0W0,,,not_applicable,optimized,5,3,5,2.964525,2.9652326,2.962409,2.970492,0.002825142587552034,1.3172190000000001,0.0155322,1.6324814,,,custom:libsad_search_57309a924b2f38.so,/home/rzzhang/sad_merged/sad/build/libsad_search_57309a924b2f38.so
2026-08-23T07:26:48.239761+00:00,20260823T064006,joint:equivariant-qnn:6:7d65adc26d232e1c,ok,,equivariant-qnn,6,8,float64,42,128,2,32,2,1,0.5,rotation,rotation,4,4,compact:L2R0W0-L2R0W0-L1R0W0-L1R0W0,compact:L2R0W0-L2R0W0-L1R0W0-L1R0W0,,,not_applicable,optimized,20,3,20,0.5865535,0.5854328,0.57854,0.586886,0.0024065110762263096,0.2892523,0.015547950000000001,0.28063255,,,custom:libsad_search_78523faf565e9a.so,/home/rzzhang/sad_merged/sad/build/libsad_search_78523faf565e9a.so
2026-08-23T07:26:48.264813+00:00,20260823T064006,joint:equivariant-qnn:18:be8f2c5c1940d0b5,ok,,equivariant-qnn,18,8,float64,42,32,2,32,2,1,0.5,rotation,rotation,10,10,compact:L2R0W0-L2R0W0-L2R0W0-L2R0W0-L2R0W0-L2R0W0-L2R0W0-L2R0W0-L1R0W0-L1R0W0,compact:L2R0W0-L2R0W0-L2R0W0-L2R0W0-L2R0W0-L2R0W0-L2R0W0-L2R0W0-L1R0W0-L1R0W0,,,not_applicable,optimized,5,3,5,4.945942,4.946683999999999,4.944535,4.950166,0.0019026582457184887,2.1226506,0.03183,2.7922033999999996,,,custom:libsad_search_e1d9f2a2400c61.so,/home/rzzhang/sad_merged/sad/build/libsad_search_e1d9f2a2400c61.so
2026-08-23T07:26:48.316579+00:00,20260823T064006,joint:equivariant-qnn:6:4dc42fdfe3d77ade,ok,,equivariant-qnn,6,8,float64,42,32,2,128,2,2,1.0,rotation,rotation,6,6,compact:L1R0W0-L1R0W0-L1R0W0-L1R0W0-L1R0W0-L1R0W0,compact:L1R0W0-L1R0W0-L1R0W0-L1R0W0-L1R0W0-L1R0W0,,,not_applicable,optimized,20,3,20,0.794602,0.7941768,0.7883910000000001,0.7966449999999999,0.001572744721815963,0.31551955000000004,0.015290050000000001,0.46336720000000003,,,custom:libsad_search_57309a924b2f38.so,/home/rzzhang/sad_merged/sad/build/libsad_search_57309a924b2f38.so
2026-08-23T07:26:48.346514+00:00,20260823T064006,joint:equivariant-qnn:28:fe176b4927fff669,ok,,equivariant-qnn,28,8,float64,42,128,2,32,2,2,0.75,rotation,rotation,22,22,compact:L2R0W0-L2R0W0-L2R0W0-L2R0W0-L2R0W0-L2R0W0-L1R0W0-L1R0W0-L1R0W0-L1R0W0-L1R0W0-L1R0W0-L1R0W0-L1R0W0-L1R0W0-L1R0W0-L1R0W0-L1R0W0-L1R0W0-L1R0W0-L1R0W0-L1R0W0,compact:L2R0W0-L2R0W0-L2R0W0-L2R0W0-L2R0W0-L2R0W0-L1R0W0-L1R0W0-L1R0W0-L1R0W0-L1R0W0-L1R0W0-L1R0W0-L1R0W0-L1R0W0-L1R0W0-L1R0W0-L1R0W0-L1R0W0-L1R0W0-L1R0W0-L1R0W0,,,not_applicable,optimized,2,3,2,10425.902398999999,10425.902398999999,10425.866037,10425.938761,0.03636199999982637,3494.1787575,83.851966,6847.8716755000005,,,custom:libsad_search_e09d5834859473.so,/home/rzzhang/sad_merged/sad/build/libsad_search_e09d5834859473.so
2026-08-23T07:27:40.511749+00:00,20260823T064006,joint:equivariant-qnn:16:791fc91d3e11aece,ok,,equivariant-qnn,16,8,float64,42,64,2,64,2,1,0.5,rotation,rotation,9,9,compact:L2R0W0-L2R0W0-L2R0W0-L2R0W0-L2R0W0-L2R0W0-L2R0W0-L1R0W0-L1R0W0,compact:L2R0W0-L2R0W0-L2R0W0-L2R0W0-L2R0W0-L2R0W0-L2R0W0-L1R0W0-L1R0W0,,,not_applicable,optimized,5,3,5,2.275243,2.273226,2.269178,2.277098,0.003318184141966858,1.0041548,0.0152356,1.2538356,,,custom:libsad_search_d69133c4e36ad5.so,/home/rzzhang/sad_merged/sad/build/libsad_search_d69133c4e36ad5.so
2026-08-23T07:27:40.551688+00:00,20260823T064006,joint:equivariant-qnn:12:37372735cb54023c,ok,,equivariant-qnn,12,8,float64,42,32,2,32,2,1,0.0,rotation,rotation,2,2,compact:L5R1W0-L5R1W0,compact:L5R1W0-L5R1W0,,,not_applicable,optimized,10,3,10,0.523282,0.523626,0.523079,0.525353,0.0006961492656032627,0.1871806,0.015494699999999998,0.3209507,,,custom:libsad_search_e1d9f2a2400c61.so,/home/rzzhang/sad_merged/sad/build/libsad_search_e1d9f2a2400c61.so
2026-08-23T07:27:40.574866+00:00,20260823T064006,joint:equivariant-qnn:8:2845a254fc2ee809,ok,,equivariant-qnn,8,8,float64,42,128,2,32,2,2,1.0,rotation,rotation,8,8,compact:L1R0W0-L1R0W0-L1R0W0-L1R0W0-L1R0W0-L1R0W0-L1R0W0-L1R0W0,compact:L1R0W0-L1R0W0-L1R0W0-L1R0W0-L1R0W0-L1R0W0-L1R0W0-L1R0W0,,,not_applicable,optimized,20,3,20,1.150992,1.1513453,1.149855,1.1539939999999997,0.0010590200706312694,0.6036988999999999,0.01551325,0.53213315,,,custom:libsad_search_e09d5834859473.so,/home/rzzhang/sad_merged/sad/build/libsad_search_e09d5834859473.so
2026-08-23T07:27:40.617762+00:00,20260823T064006,joint:equivariant-qnn:28:dcf249d5bc2d24a6,ok,,equivariant-qnn,28,8,float64,42,128,2,128,2,2,0.5,rotation,rotation,16,16,compact:L2R0W0-L2R0W0-L2R0W0-L2R0W0-L2R0W0-L2R0W0-L2R0W0-L2R0W0-L2R0W0-L2R0W0-L2R0W0-L2R0W0-L1R0W0-L1R0W0-L1R0W0-L1R0W0,compact:L2R0W0-L2R0W0-L2R0W0-L2R0W0-L2R0W0-L2R0W0-L2R0W0-L2R0W0-L2R0W0-L2R0W0-L2R0W0-L2R0W0-L1R0W0-L1R0W0-L1R0W0-L1R0W0,,,not_applicable,optimized,2,3,2,7732.508342499999,7732.508342499999,7731.7213169999995,7733.295368,0.7870255000002544,2596.1619205,82.08938199999999,5054.2570399999995,,,custom:libsad_search_fad73079be189a.so,/home/rzzhang/sad_merged/sad/build/libsad_search_fad73079be189a.so
2026-08-23T07:28:19.394564+00:00,20260823T064006,joint:equivariant-qnn:16:e31c229bd22d5a40,ok,,equivariant-qnn,16,8,float64,42,64,2,64,2,1,1.0,rotation,rotation,16,16,compact:L1R0W0-L1R0W0-L1R0W0-L1R0W0-L1R0W0-L1R0W0-L1R0W0-L1R0W0-L1R0W0-L1R0W0-L1R0W0-L1R0W0-L1R0W0-L1R0W0-L1R0W0-L1R0W0,compact:L1R0W0-L1R0W0-L1R0W0-L1R0W0-L1R0W0-L1R0W0-L1R0W0-L1R0W0-L1R0W0-L1R0W0-L1R0W0-L1R0W0-L1R0W0-L1R0W0-L1R0W0-L1R0W0,,,not_applicable,optimized,5,3,5,3.507266,3.5077508,3.507038,3.509151,0.000809246414882481,1.6522352,0.015542600000000002,1.8399729999999999,,,custom:libsad_search_d69133c4e36ad5.so,/home/rzzhang/sad_merged/sad/build/libsad_search_d69133c4e36ad5.so
2026-08-23T07:28:19.443109+00:00,20260823T064006,joint:equivariant-qnn:28:ebae87a887fa0e96,ok,,equivariant-qnn,28,8,float64,42,128,2,32,2,1,0.25,rotation,rotation,10,10,compact:L3R0W0-L3R0W0-L3R0W0-L3R0W0-L3R0W0-L3R0W0-L3R0W0-L3R0W0-L2R0W0-L2R0W0,compact:L3R0W0-L3R0W0-L3R0W0-L3R0W0-L3R0W0-L3R0W0-L3R0W0-L3R0W0-L2R0W0-L2R0W0,,,not_applicable,optimized,2,3,2,5008.014094,5008.014094,5007.7636649999995,5008.264523,0.25042900000016743,1693.0080460000001,83.13099749999999,3231.8750505000003,,,custom:libsad_search_78523faf565e9a.so,/home/rzzhang/sad_merged/sad/build/libsad_search_78523faf565e9a.so
2026-08-23T07:28:44.658393+00:00,20260823T064006,joint:equivariant-qnn:8:1c3580dfda877ce8,ok,,equivariant-qnn,8,8,float64,42,32,2,128,2,1,0.0,legacy,legacy,0,0,,,,,not_applicable,legacy-generic,20,3,20,0.48483,0.48507939999999994,0.484247,0.486389,0.0008274721385037662,0.15496765,0.015323100000000003,0.31478865,,,custom:libsad_search_7c2e0b28add24f.so,/home/rzzhang/sad_merged/sad/build/libsad_search_7c2e0b28add24f.so
2026-08-23T07:28:44.687045+00:00,20260823T064006,joint:equivariant-qnn:4:6105eac122319b41,ok,,equivariant-qnn,4,8,float64,42,32,2,32,2,1,0.75,rotation,rotation,3,3,compact:L2R0W0-L1R0W0-L1R0W0,compact:L2R0W0-L1R0W0-L1R0W0,,,not_applicable,optimized,20,3,20,0.3676045,0.36762635,0.36646300000000004,0.36865,0.000740322043100164,0.15684009999999998,0.01540875,0.1953775,,,custom:libsad_search_e1d9f2a2400c61.so,/home/rzzhang/sad_merged/sad/build/libsad_search_e1d9f2a2400c61.so
2026-08-23T07:28:44.712344+00:00,20260823T064006,joint:equivariant-qnn:14:c26914f577410a40,ok,,equivariant-qnn,14,8,float64,42,32,2,32,2,2,1.0,rotation,rotation,14,14,compact:L1R0W0-L1R0W0-L1R0W0-L1R0W0-L1R0W0-L1R0W0-L1R0W0-L1R0W0-L1R0W0-L1R0W0-L1R0W0-L1R0W0-L1R0W0-L1R0W0,compact:L1R0W0-L1R0W0-L1R0W0-L1R0W0-L1R0W0-L1R0W0-L1R0W0-L1R0W0-L1R0W0-L1R0W0-L1R0W0-L1R0W0-L1R0W0-L1R0W0,,,not_applicable,optimized,10,3,10,2.2246764999999997,2.2246002000000002,2.220008,2.227124,0.0018596889955043063,1.0513278,0.0156686,1.1576038,,,custom:libsad_search_6e9ecc13ac7654.so,/home/rzzhang/sad_merged/sad/build/libsad_search_6e9ecc13ac7654.so
2026-08-23T07:28:44.758250+00:00,20260823T064006,joint:equivariant-qnn:24:93d8a84b6a9824fd,ok,,equivariant-qnn,24,8,float64,42,32,2,128,2,1,0.0,legacy,legacy,0,0,,,,,not_applicable,legacy-generic,3,3,3,220.86266700000002,220.87116566666668,220.85546499999998,220.895365,0.01736227714200052,59.25120266666667,1.7541743333333333,159.86578866666667,,,custom:libsad_search_7c2e0b28add24f.so,/home/rzzhang/sad_merged/sad/build/libsad_search_7c2e0b28add24f.so
2026-08-23T07:28:46.122380+00:00,20260823T064006,joint:equivariant-qnn:20:494365c4c59ad4ee,ok,,equivariant-qnn,20,8,float64,42,64,2,64,2,2,1.0,rotation,rotation,20,20,compact:L1R0W0-L1R0W0-L1R0W0-L1R0W0-L1R0W0-L1R0W0-L1R0W0-L1R0W0-L1R0W0-L1R0W0-L1R0W0-L1R0W0-L1R0W0-L1R0W0-L1R0W0-L1R0W0-L1R0W0-L1R0W0-L1R0W0-L1R0W0,compact:L1R0W0-L1R0W0-L1R0W0-L1R0W0-L1R0W0-L1R0W0-L1R0W0-L1R0W0-L1R0W0-L1R0W0-L1R0W0-L1R0W0-L1R0W0-L1R0W0-L1R0W0-L1R0W0-L1R0W0-L1R0W0-L1R0W0-L1R0W0,,,not_applicable,optimized,5,3,5,20.201462000000003,20.203682399999998,20.200429,20.212453,0.004535617691119948,9.4632974,0.097459,10.642926000000001,,,custom:libsad_search_ae5663d41dfb3d.so,/home/rzzhang/sad_merged/sad/build/libsad_search_ae5663d41dfb3d.so
2026-08-23T07:28:46.306577+00:00,20260823T064006,joint:equivariant-qnn:12:67399103a2992a28,ok,,equivariant-qnn,12,8,float64,42,32,2,32,2,2,0.5,rotation,rotation,7,7,compact:L2R0W0-L2R0W0-L2R0W0-L2R0W0-L2R0W0-L1R0W0-L1R0W0,compact:L2R0W0-L2R0W0-L2R0W0-L2R0W0-L2R0W0-L1R0W0-L1R0W0,,,not_applicable,optimized,10,3,10,1.209216,1.2091996,1.208244,1.210493,0.0007505947242020943,0.5383548,0.0154377,0.6554071,,,custom:libsad_search_6e9ecc13ac7654.so,/home/rzzhang/sad_merged/sad/build/libsad_search_6e9ecc13ac7654.so
2026-08-23T07:28:46.333666+00:00,20260823T064006,joint:equivariant-qnn:18:b2f9ce3aff51997f,ok,,equivariant-qnn,18,8,float64,42,128,2,32,2,1,0.5,rotation,rotation,10,10,compact:L2R0W0-L2R0W0-L2R0W0-L2R0W0-L2R0W0-L2R0W0-L2R0W0-L2R0W0-L1R0W0-L1R0W0,compact:L2R0W0-L2R0W0-L2R0W0-L2R0W0-L2R0W0-L2R0W0-L2R0W0-L2R0W0-L1R0W0-L1R0W0,,,not_applicable,optimized,5,3,5,5.324815,5.3243676,5.322621,5.325812,0.0010923262516301234,2.3446542,0.031967,2.9477464,,,custom:libsad_search_78523faf565e9a.so,/home/rzzhang/sad_merged/sad/build/libsad_search_78523faf565e9a.so
2026-08-23T07:28:46.388104+00:00,20260823T064006,joint:equivariant-qnn:28:c36d20eabb1f2cf5,ok,,equivariant-qnn,28,8,float64,42,128,2,32,2,2,0.5,rotation,rotation,16,16,compact:L2R0W0-L2R0W0-L2R0W0-L2R0W0-L2R0W0-L2R0W0-L2R0W0-L2R0W0-L2R0W0-L2R0W0-L2R0W0-L2R0W0-L1R0W0-L1R0W0-L1R0W0-L1R0W0,compact:L2R0W0-L2R0W0-L2R0W0-L2R0W0-L2R0W0-L2R0W0-L2R0W0-L2R0W0-L2R0W0-L2R0W0-L2R0W0-L2R0W0-L1R0W0-L1R0W0-L1R0W0-L1R0W0,,,not_applicable,optimized,2,3,2,7735.944327,7735.944327,7734.18242,7737.706234,1.7619070000000647,2595.9144255,83.714484,5056.315417500001,,,custom:libsad_search_e09d5834859473.so,/home/rzzhang/sad_merged/sad/build/libsad_search_e09d5834859473.so
2026-08-23T07:29:25.097541+00:00,20260823T064006,joint:equivariant-qnn:28:ae5c7890ae934f7b,ok,,equivariant-qnn,28,8,float64,42,32,2,32,2,2,0.5,rotation,rotation,16,16,compact:L2R0W0-L2R0W0-L2R0W0-L2R0W0-L2R0W0-L2R0W0-L2R0W0-L2R0W0-L2R0W0-L2R0W0-L2R0W0-L2R0W0-L1R0W0-L1R0W0-L1R0W0-L1R0W0,compact:L2R0W0-L2R0W0-L2R0W0-L2R0W0-L2R0W0-L2R0W0-L2R0W0-L2R0W0-L2R0W0-L2R0W0-L2R0W0-L2R0W0-L1R0W0-L1R0W0-L1R0W0-L1R0W0,,,not_applicable,optimized,2,3,2,7729.052019,7729.052019,7728.977935,7729.126103,0.07408399999985704,2588.098031,82.366322,5058.587665999999,,,custom:libsad_search_6e9ecc13ac7654.so,/home/rzzhang/sad_merged/sad/build/libsad_search_6e9ecc13ac7654.so
2026-08-23T07:30:04.029706+00:00,20260823T064006,joint:equivariant-qnn:10:5ecc9dd2271f632c,ok,,equivariant-qnn,10,8,float64,42,32,2,128,2,1,1.0,rotation,rotation,10,10,compact:L1R0W0-L1R0W0-L1R0W0-L1R0W0-L1R0W0-L1R0W0-L1R0W0-L1R0W0-L1R0W0-L1R0W0,compact:L1R0W0-L1R0W0-L1R0W0-L1R0W0-L1R0W0-L1R0W0-L1R0W0-L1R0W0-L1R0W0-L1R0W0,,,not_applicable,optimized,10,3,10,1.590562,1.5926784999999999,1.589144,1.59745,0.0036490057344433493,0.6394938,0.015617999999999998,0.9375667000000001,,,custom:libsad_search_44993f541f55e5.so,/home/rzzhang/sad_merged/sad/build/libsad_search_44993f541f55e5.so
2026-08-23T07:30:04.067336+00:00,20260823T064006,joint:equivariant-qnn:24:0d398aac84e8a443,ok,,equivariant-qnn,24,8,float64,42,128,2,128,2,1,0.5,rotation,rotation,14,14,compact:L2R0W0-L2R0W0-L2R0W0-L2R0W0-L2R0W0-L2R0W0-L2R0W0-L2R0W0-L2R0W0-L2R0W0-L1R0W0-L1R0W0-L1R0W0-L1R0W0,compact:L2R0W0-L2R0W0-L2R0W0-L2R0W0-L2R0W0-L2R0W0-L2R0W0-L2R0W0-L2R0W0-L2R0W0-L1R0W0-L1R0W0-L1R0W0-L1R0W0,,,not_applicable,optimized,3,3,3,426.39001099999996,426.3777056666666,426.31344,426.429666,0.04824027840115755,144.99176066666666,1.7447540000000001,279.641191,,,custom:libsad_search_726ce3dd431232.so,/home/rzzhang/sad_merged/sad/build/libsad_search_726ce3dd431232.so
2026-08-23T07:30:06.678177+00:00,20260823T064006,joint:equivariant-qnn:4:a22eb8b39c6f77e3,ok,,equivariant-qnn,4,8,float64,42,128,2,128,2,2,0.75,rotation,rotation,3,3,compact:L2R0W0-L1R0W0-L1R0W0,compact:L2R0W0-L1R0W0-L1R0W0,,,not_applicable,optimized,20,3,20,0.480242,0.47897870000000003,0.47322300000000006,0.481277,0.002775358663308208,0.20521455000000002,0.015475950000000002,0.25828819999999997,,,custom:libsad_search_fad73079be189a.so,/home/rzzhang/sad_merged/sad/build/libsad_search_fad73079be189a.so
2026-08-23T07:30:06.701986+00:00,20260823T064006,joint:equivariant-qnn:26:1b2cf312cf7c573d,ok,,equivariant-qnn,26,8,float64,42,64,2,64,2,2,0.0,rotation,rotation,4,4,compact:L5R2W0-L5R2W0-L5R1W0-L5R1W0,compact:L5R2W0-L5R2W0-L5R1W0-L5R1W0,,,not_applicable,optimized,2,3,2,920.137068,920.137068,920.0659360000001,920.2082,0.07113199999997732,249.08761950000002,11.989167,659.0602815,,,custom:libsad_search_ae5663d41dfb3d.so,/home/rzzhang/sad_merged/sad/build/libsad_search_ae5663d41dfb3d.so
2026-08-23T07:30:11.335091+00:00,20260823T064006,joint:equivariant-qnn:22:16fb9e9464bdfa5f,ok,,equivariant-qnn,22,8,float64,42,128,2,128,2,1,0.25,rotation,rotation,8,8,compact:L3R0W0-L3R0W0-L3R0W0-L3R0W0-L3R0W0-L3R0W0-L2R0W0-L2R0W0,compact:L3R0W0-L3R0W0-L3R0W0-L3R0W0-L3R0W0-L3R0W0-L2R0W0-L2R0W0,,,not_applicable,optimized,3,3,3,63.730746,63.72154233333333,63.696024,63.737857000000005,0.01827622467092914,21.045246,0.3851943333333333,42.291102,,,custom:libsad_search_726ce3dd431232.so,/home/rzzhang/sad_merged/sad/build/libsad_search_726ce3dd431232.so
2026-08-23T07:30:11.750722+00:00,20260823T064006,joint:equivariant-qnn:12:7b136709d65522ed,ok,,equivariant-qnn,12,8,float64,42,64,2,64,2,1,1.0,rotation,rotation,12,12,compact:L1R0W0-L1R0W0-L1R0W0-L1R0W0-L1R0W0-L1R0W0-L1R0W0-L1R0W0-L1R0W0-L1R0W0-L1R0W0-L1R0W0,compact:L1R0W0-L1R0W0-L1R0W0-L1R0W0-L1R0W0-L1R0W0-L1R0W0-L1R0W0-L1R0W0-L1R0W0-L1R0W0-L1R0W0,,,not_applicable,optimized,10,3,10,1.9188420000000002,1.9185162999999998,1.91786,1.918989,0.00047028162838879203,0.9021408,0.015586699999999998,1.0007887999999998,,,custom:libsad_search_d69133c4e36ad5.so,/home/rzzhang/sad_merged/sad/build/libsad_search_d69133c4e36ad5.so
2026-08-23T07:30:11.787916+00:00,20260823T064006,joint:equivariant-qnn:12:108440968397f387,ok,,equivariant-qnn,12,8,float64,42,32,2,32,2,2,0.25,rotation,rotation,4,4,compact:L3R0W0-L3R0W0-L3R0W0-L3R0W0,compact:L3R0W0-L3R0W0-L3R0W0-L3R0W0,,,not_applicable,optimized,10,3,10,0.7822405,0.7819924,0.781336,0.7823599999999999,0.00039809878171125226,0.32198869999999996,0.0154505,0.44455320000000004,,,custom:libsad_search_6e9ecc13ac7654.so,/home/rzzhang/sad_merged/sad/build/libsad_search_6e9ecc13ac7654.so
2026-08-23T07:30:11.809864+00:00,20260823T064006,joint:equivariant-qnn:6:ee7fcc3b4f4cac23,ok,,equivariant-qnn,6,8,float64,42,128,2,32,2,1,0.0,rotation,rotation,1,1,compact:L5R1W0,compact:L5R1W0,,,not_applicable,optimized,20,3,20,0.2804875,0.2804343,0.279489,0.282602,0.0007680714224601798,0.11376184999999998,0.015329249999999999,0.1513432,,,custom:libsad_search_78523faf565e9a.so,/home/rzzhang/sad_merged/sad/build/libsad_search_78523faf565e9a.so
2026-08-23T07:30:11.828086+00:00,20260823T064006,joint:equivariant-qnn:4:540d447f9dbc2498,ok,,equivariant-qnn,4,8,float64,42,32,2,128,2,1,0.0,rotation,rotation,1,1,compact:L4R0W0,compact:L4R0W0,,,not_applicable,optimized,20,3,20,0.27279200000000003,0.2703722,0.26514099999999996,0.274389,0.0037750147496400615,0.07395349999999999,0.015271499999999997,0.1811472,,,custom:libsad_search_44993f541f55e5.so,/home/rzzhang/sad_merged/sad/build/libsad_search_44993f541f55e5.so
2026-08-23T07:30:11.846045+00:00,20260823T064006,joint:equivariant-qnn:4:88e174f8efe6aeff,ok,,equivariant-qnn,4,8,float64,42,32,2,128,2,1,0.25,rotation,rotation,2,2,compact:L2R0W0-L2R0W0,compact:L2R0W0-L2R0W0,,,not_applicable,optimized,20,3,20,0.3461775,0.34669245,0.344988,0.354244,0.0018362233381318312,0.11643725,0.015319650000000002,0.21493555,,,custom:libsad_search_44993f541f55e5.so,/home/rzzhang/sad_merged/sad/build/libsad_search_44993f541f55e5.so
2026-08-23T07:30:11.865726+00:00,20260823T064006,joint:equivariant-qnn:18:2046763bf9e9f769,ok,,equivariant-qnn,18,8,float64,42,128,2,32,2,2,0.75,rotation,rotation,14,14,compact:L2R0W0-L2R0W0-L2R0W0-L2R0W0-L1R0W0-L1R0W0-L1R0W0-L1R0W0-L1R0W0-L1R0W0-L1R0W0-L1R0W0-L1R0W0-L1R0W0,compact:L2R0W0-L2R0W0-L2R0W0-L2R0W0-L1R0W0-L1R0W0-L1R0W0-L1R0W0-L1R0W0-L1R0W0-L1R0W0-L1R0W0-L1R0W0-L1R0W0,,,not_applicable,optimized,5,3,5,6.484998000000001,6.485033400000001,6.4807,6.488503,0.002974122162924849,3.0206285999999998,0.032092999999999997,3.4323118,,,custom:libsad_search_e09d5834859473.so,/home/rzzhang/sad_merged/sad/build/libsad_search_e09d5834859473.so
2026-08-23T07:30:11.928386+00:00,20260823T064006,joint:equivariant-qnn:24:5524ef402b561fb5,ok,,equivariant-qnn,24,8,float64,42,128,2,32,2,1,0.0,legacy,legacy,0,0,,,,,not_applicable,legacy-generic,3,3,3,213.35079199999998,213.35002533333332,213.33846,213.360824,0.009146145174641749,59.13879266666667,1.7306353333333333,152.48059733333332,,,custom:libsad_search_e3460e95b2f927.so,/home/rzzhang/sad_merged/sad/build/libsad_search_e3460e95b2f927.so
2026-08-23T07:30:13.260347+00:00,20260823T064006,joint:equivariant-qnn:6:5bcd96c126178485,ok,,equivariant-qnn,6,8,float64,42,32,2,128,2,1,0.5,rotation,rotation,4,4,compact:L2R0W0-L2R0W0-L1R0W0-L1R0W0,compact:L2R0W0-L2R0W0-L1R0W0-L1R0W0,,,not_applicable,optimized,20,3,20,0.6112039999999999,0.61108355,0.610186,0.612346,0.000763259554476724,0.2236572,0.01537595,0.3720504,,,custom:libsad_search_44993f541f55e5.so,/home/rzzhang/sad_merged/sad/build/libsad_search_44993f541f55e5.so
2026-08-23T07:30:13.286582+00:00,20260823T064006,joint:equivariant-qnn:24:92570e2fbfa58cd9,ok,,equivariant-qnn,24,8,float64,42,32,2,32,2,1,1.0,rotation,rotation,24,24,compact:L1R0W0-L1R0W0-L1R0W0-L1R0W0-L1R0W0-L1R0W0-L1R0W0-L1R0W0-L1R0W0-L1R0W0-L1R0W0-L1R0W0-L1R0W0-L1R0W0-L1R0W0-L1R0W0-L1R0W0-L1R0W0-L1R0W0-L1R0W0-L1R0W0-L1R0W0-L1R0W0-L1R0W0,compact:L1R0W0-L1R0W0-L1R0W0-L1R0W0-L1R0W0-L1R0W0-L1R0W0-L1R0W0-L1R0W0-L1R0W0-L1R0W0-L1R0W0-L1R0W0-L1R0W0-L1R0W0-L1R0W0-L1R0W0-L1R0W0-L1R0W0-L1R0W0-L1R0W0-L1R0W0-L1R0W0-L1R0W0,,,not_applicable,optimized,3,3,3,707.743469,707.7764296666668,707.736256,707.849564,0.051797553843987466,238.5676256666667,1.7462219999999997,467.462582,,,custom:libsad_search_e1d9f2a2400c61.so,/home/rzzhang/sad_merged/sad/build/libsad_search_e1d9f2a2400c61.so
2026-08-23T07:30:17.562013+00:00,20260823T064006,joint:equivariant-qnn:28:b23ca2d4229a15ba,ok,,equivariant-qnn,28,8,float64,42,32,2,128,2,1,0.25,rotation,rotation,10,10,compact:L3R0W0-L3R0W0-L3R0W0-L3R0W0-L3R0W0-L3R0W0-L3R0W0-L3R0W0-L2R0W0-L2R0W0,compact:L3R0W0-L3R0W0-L3R0W0-L3R0W0-L3R0W0-L3R0W0-L3R0W0-L3R0W0-L2R0W0-L2R0W0,,,not_applicable,optimized,2,3,2,5007.577959,5007.577959,5007.334806,5007.8211120000005,0.24315300000034767,1690.1963685,83.174894,3234.2066965000004,,,custom:libsad_search_44993f541f55e5.so,/home/rzzhang/sad_merged/sad/build/libsad_search_44993f541f55e5.so
2026-08-23T07:30:42.630281+00:00,20260823T064006,joint:equivariant-qnn:6:f11b273adc01e34f,ok,,equivariant-qnn,6,8,float64,42,128,2,32,2,2,1.0,rotation,rotation,6,6,compact:L1R0W0-L1R0W0-L1R0W0-L1R0W0-L1R0W0-L1R0W0,compact:L1R0W0-L1R0W0-L1R0W0-L1R0W0-L1R0W0-L1R0W0,,,not_applicable,optimized,20,3,20,0.7828275,0.78383725,0.780178,0.790496,0.0033994717806594492,0.40750254999999996,0.0158489,0.36048579999999997,,,custom:libsad_search_e09d5834859473.so,/home/rzzhang/sad_merged/sad/build/libsad_search_e09d5834859473.so
2026-08-23T07:30:42.664955+00:00,20260823T064006,joint:equivariant-qnn:8:6a36ed8ce6d45b6e,ok,,equivariant-qnn,8,8,float64,42,32,2,128,2,1,0.25,rotation,rotation,4,3,compact:L2R0W0-L2R0W0-L2R0W0-L2R0W0,compact:L3R0W0-L3R0W0-L2R0W0,,,not_applicable,optimized,20,3,20,0.6922550000000001,0.69356445,0.692095,0.7003199999999999,0.002609477370566731,0.2613739,0.015344300000000002,0.41684625,,,custom:libsad_search_44993f541f55e5.so,/home/rzzhang/sad_merged/sad/build/libsad_search_44993f541f55e5.so
2026-08-23T07:30:42.697857+00:00,20260823T064006,joint:equivariant-qnn:12:012cb86d2b07a2cf,ok,,equivariant-qnn,12,8,float64,42,32,2,32,2,1,1.0,rotation,rotation,12,12,compact:L1R0W0-L1R0W0-L1R0W0-L1R0W0-L1R0W0-L1R0W0-L1R0W0-L1R0W0-L1R0W0-L1R0W0-L1R0W0-L1R0W0,compact:L1R0W0-L1R0W0-L1R0W0-L1R0W0-L1R0W0-L1R0W0-L1R0W0-L1R0W0-L1R0W0-L1R0W0-L1R0W0-L1R0W0,,,not_applicable,optimized,10,3,10,1.75819,1.7587872,1.7560959999999999,1.764327,0.0024126414072546836,0.8302054,0.015554,0.9130278000000001,,,custom:libsad_search_e1d9f2a2400c61.so,/home/rzzhang/sad_merged/sad/build/libsad_search_e1d9f2a2400c61.so
2026-08-23T07:30:42.737545+00:00,20260823T064006,joint:equivariant-qnn:12:b4ce780eb60b1ae8,ok,,equivariant-qnn,12,8,float64,42,32,2,128,2,1,0.0,rotation,rotation,2,2,compact:L5R1W0-L5R1W0,compact:L5R1W0-L5R1W0,,,not_applicable,optimized,10,3,10,0.7285085,0.7290449,0.726996,0.733313,0.002051853769156084,0.1872453,0.015539500000000003,0.5262601,,,custom:libsad_search_44993f541f55e5.so,/home/rzzhang/sad_merged/sad/build/libsad_search_44993f541f55e5.so
2026-08-23T07:30:42.763883+00:00,20260823T064006,joint:equivariant-qnn:14:a2bb63c3a13fbeb5,ok,,equivariant-qnn,14,8,float64,42,32,2,32,2,1,0.75,rotation,rotation,11,11,compact:L2R0W0-L2R0W0-L2R0W0-L1R0W0-L1R0W0-L1R0W0-L1R0W0-L1R0W0-L1R0W0-L1R0W0-L1R0W0,compact:L2R0W0-L2R0W0-L2R0W0-L1R0W0-L1R0W0-L1R0W0-L1R0W0-L1R0W0-L1R0W0-L1R0W0-L1R0W0,,,not_applicable,optimized,10,3,10,1.8114729999999999,1.8120355,1.8072169999999999,1.8185010000000001,0.0031100367280789912,0.8397356999999999,0.015755,0.9565448000000001,,,custom:libsad_search_e1d9f2a2400c61.so,/home/rzzhang/sad_merged/sad/build/libsad_search_e1d9f2a2400c61.so
2026-08-23T07:30:42.803714+00:00,20260823T064006,joint:equivariant-qnn:4:23588d00a56b8386,ok,,equivariant-qnn,4,8,float64,42,128,2,128,2,2,0.5,rotation,rotation,2,2,compact:L2R0W0-L2R0W0,compact:L2R0W0-L2R0W0,,,not_applicable,optimized,20,3,20,0.38303349999999997,0.38499279999999997,0.381845,0.39092,0.003483080139761359,0.15256885,0.01542385,0.2170001,,,custom:libsad_search_fad73079be189a.so,/home/rzzhang/sad_merged/sad/build/libsad_search_fad73079be189a.so
2026-08-23T07:30:42.829906+00:00,20260823T064006,joint:equivariant-qnn:8:41d43916c37a267e,ok,,equivariant-qnn,8,8,float64,42,32,2,32,2,1,0.5,rotation,rotation,5,5,compact:L2R0W0-L2R0W0-L2R0W0-L1R0W0-L1R0W0,compact:L2R0W0-L2R0W0-L2R0W0-L1R0W0-L1R0W0,,,not_applicable,optimized,20,3,20,0.7254860000000001,0.7253547,0.722931,0.726955,0.0009719113694159605,0.316392,0.0154923,0.39347039999999994,,,custom:libsad_search_e1d9f2a2400c61.so,/home/rzzhang/sad_merged/sad/build/libsad_search_e1d9f2a2400c61.so
2026-08-23T07:30:42.862103+00:00,20260823T064006,joint:equivariant-qnn:26:2925f929d4a64220,ok,,equivariant-qnn,26,8,float64,42,128,2,32,2,2,1.0,rotation,rotation,26,26,compact:L1R0W0-L1R0W0-L1R0W0-L1R0W0-L1R0W0-L1R0W0-L1R0W0-L1R0W0-L1R0W0-L1R0W0-L1R0W0-L1R0W0-L1R0W0-L1R0W0-L1R0W0-L1R0W0-L1R0W0-L1R0W0-L1R0W0-L1R0W0-L1R0W0-L1R0W0-L1R0W0-L1R0W0-L1R0W0-L1R0W0,compact:L1R0W0-L1R0W0-L1R0W0-L1R0W0-L1R0W0-L1R0W0-L1R0W0-L1R0W0-L1R0W0-L1R0W0-L1R0W0-L1R0W0-L1R0W0-L1R0W0-L1R0W0-L1R0W0-L1R0W0-L1R0W0-L1R0W0-L1R0W0-L1R0W0-L1R0W0-L1R0W0-L1R0W0-L1R0W0-L1R0W0,,,not_applicable,optimized,2,3,2,3050.2269905000003,3050.2269905000003,3049.5699050000003,3050.884076,0.6570854999997664,1025.2282335,11.380079,2013.6186780000003,,,custom:libsad_search_e09d5834859473.so,/home/rzzhang/sad_merged/sad/build/libsad_search_e09d5834859473.so
