timestamp_utc,candidate_key,stage,circuit,qubits,layers,config,flags,forward_phase_plan,backward_phase_plan,steps,warmup_steps,median_ms,mean_ms,forward_ms,hamiltonian_ms,backward_ms,status,error
2026-08-23T11:32:07.269564+00:00,forward_shape:4:f602424b97389aee,forward_shape,mera,4,2,"{""backward_register_bits"": 2, ""backward_threads"": 128, ""diagonal_threads"": 64, ""diagonal_warp_atomic"": 0, ""forward_register_bits"": 2, ""forward_threads"": 32, ""legacy_reduction"": 1, ""lookup_bits"": 8, ""mailbox_chunks"": 1, ""ordinary_threads"": 128, ""rotation_warp_atomic"": 0, ""shared_diagonal_threads"": 128}","{""SAD_BLOCK_THREADS"": 128, ""SAD_DIAGONAL_BLOCK_THREADS"": 64, ""SAD_DIAGONAL_LOOKUP_BITS"": 8, ""SAD_DIAGONAL_WARP_ATOMIC"": 0, ""SAD_FORWARD_BLOCK_THREADS"": 32, ""SAD_FORWARD_REGISTER_BITS"": 2, ""SAD_LEGACY_BLOCK_REDUCTION"": 1, ""SAD_MAILBOX_CHUNKS"": 1, ""SAD_ORDINARY_BLOCK_THREADS"": 128, ""SAD_QAOA_BD_FUSION"": 1, ""SAD_REGISTER_BITS"": 2, ""SAD_ROTATION_WARP_ATOMIC"": 0, ""SAD_SHARED_DIAGONAL_BLOCK_THREADS"": 128}",,,10,3,0.06952649999999999,0.069309,0.0200042,0.015496,0.0338088,ok,
2026-08-23T11:32:25.648921+00:00,forward_shape:4:3929c52c272469c1,forward_shape,mera,4,2,"{""backward_register_bits"": 2, ""backward_threads"": 128, ""diagonal_threads"": 64, ""diagonal_warp_atomic"": 0, ""forward_register_bits"": 3, ""forward_threads"": 32, ""legacy_reduction"": 1, ""lookup_bits"": 8, ""mailbox_chunks"": 1, ""ordinary_threads"": 128, ""rotation_warp_atomic"": 0, ""shared_diagonal_threads"": 128}","{""SAD_BLOCK_THREADS"": 128, ""SAD_DIAGONAL_BLOCK_THREADS"": 64, ""SAD_DIAGONAL_LOOKUP_BITS"": 8, ""SAD_DIAGONAL_WARP_ATOMIC"": 0, ""SAD_FORWARD_BLOCK_THREADS"": 32, ""SAD_FORWARD_REGISTER_BITS"": 3, ""SAD_LEGACY_BLOCK_REDUCTION"": 1, ""SAD_MAILBOX_CHUNKS"": 1, ""SAD_ORDINARY_BLOCK_THREADS"": 128, ""SAD_QAOA_BD_FUSION"": 1, ""SAD_REGISTER_BITS"": 2, ""SAD_ROTATION_WARP_ATOMIC"": 0, ""SAD_SHARED_DIAGONAL_BLOCK_THREADS"": 128}",,,10,3,0.082249,0.08238759999999999,0.024111999999999998,0.0155859,0.0426897,ok,
2026-08-23T11:32:50.701433+00:00,forward_shape:4:d8fea2798abab198,forward_shape,mera,4,2,"{""backward_register_bits"": 2, ""backward_threads"": 128, ""diagonal_threads"": 64, ""diagonal_warp_atomic"": 0, ""forward_register_bits"": 4, ""forward_threads"": 32, ""legacy_reduction"": 1, ""lookup_bits"": 8, ""mailbox_chunks"": 1, ""ordinary_threads"": 128, ""rotation_warp_atomic"": 0, ""shared_diagonal_threads"": 128}","{""SAD_BLOCK_THREADS"": 128, ""SAD_DIAGONAL_BLOCK_THREADS"": 64, ""SAD_DIAGONAL_LOOKUP_BITS"": 8, ""SAD_DIAGONAL_WARP_ATOMIC"": 0, ""SAD_FORWARD_BLOCK_THREADS"": 32, ""SAD_FORWARD_REGISTER_BITS"": 4, ""SAD_LEGACY_BLOCK_REDUCTION"": 1, ""SAD_MAILBOX_CHUNKS"": 1, ""SAD_ORDINARY_BLOCK_THREADS"": 128, ""SAD_QAOA_BD_FUSION"": 1, ""SAD_REGISTER_BITS"": 2, ""SAD_ROTATION_WARP_ATOMIC"": 0, ""SAD_SHARED_DIAGONAL_BLOCK_THREADS"": 128}",,,10,3,0.08689400000000001,0.0865088,0.027933899999999998,0.015657400000000002,0.042917500000000004,ok,
2026-08-23T11:33:07.700103+00:00,forward_shape:4:5532a8a8658cefc3,forward_shape,mera,4,2,"{""backward_register_bits"": 2, ""backward_threads"": 128, ""diagonal_threads"": 64, ""diagonal_warp_atomic"": 0, ""forward_register_bits"": 2, ""forward_threads"": 64, ""legacy_reduction"": 1, ""lookup_bits"": 8, ""mailbox_chunks"": 1, ""ordinary_threads"": 128, ""rotation_warp_atomic"": 0, ""shared_diagonal_threads"": 128}","{""SAD_BLOCK_THREADS"": 128, ""SAD_DIAGONAL_BLOCK_THREADS"": 64, ""SAD_DIAGONAL_LOOKUP_BITS"": 8, ""SAD_DIAGONAL_WARP_ATOMIC"": 0, ""SAD_FORWARD_BLOCK_THREADS"": 64, ""SAD_FORWARD_REGISTER_BITS"": 2, ""SAD_LEGACY_BLOCK_REDUCTION"": 1, ""SAD_MAILBOX_CHUNKS"": 1, ""SAD_ORDINARY_BLOCK_THREADS"": 128, ""SAD_QAOA_BD_FUSION"": 1, ""SAD_REGISTER_BITS"": 2, ""SAD_ROTATION_WARP_ATOMIC"": 0, ""SAD_SHARED_DIAGONAL_BLOCK_THREADS"": 128}",,,10,3,0.079319,0.0791214,0.0211249,0.015306100000000003,0.0426904,ok,
2026-08-23T11:33:27.056629+00:00,forward_shape:4:b17eec4c7e8abc2d,forward_shape,mera,4,2,"{""backward_register_bits"": 2, ""backward_threads"": 128, ""diagonal_threads"": 64, ""diagonal_warp_atomic"": 0, ""forward_register_bits"": 3, ""forward_threads"": 64, ""legacy_reduction"": 1, ""lookup_bits"": 8, ""mailbox_chunks"": 1, ""ordinary_threads"": 128, ""rotation_warp_atomic"": 0, ""shared_diagonal_threads"": 128}","{""SAD_BLOCK_THREADS"": 128, ""SAD_DIAGONAL_BLOCK_THREADS"": 64, ""SAD_DIAGONAL_LOOKUP_BITS"": 8, ""SAD_DIAGONAL_WARP_ATOMIC"": 0, ""SAD_FORWARD_BLOCK_THREADS"": 64, ""SAD_FORWARD_REGISTER_BITS"": 3, ""SAD_LEGACY_BLOCK_REDUCTION"": 1, ""SAD_MAILBOX_CHUNKS"": 1, ""SAD_ORDINARY_BLOCK_THREADS"": 128, ""SAD_QAOA_BD_FUSION"": 1, ""SAD_REGISTER_BITS"": 2, ""SAD_ROTATION_WARP_ATOMIC"": 0, ""SAD_SHARED_DIAGONAL_BLOCK_THREADS"": 128}",,,10,3,0.083497,0.0837111,0.025125599999999998,0.015595599999999998,0.0429899,ok,
2026-08-23T11:33:53.793519+00:00,forward_shape:4:22b6fa2b49c2be41,forward_shape,mera,4,2,"{""backward_register_bits"": 2, ""backward_threads"": 128, ""diagonal_threads"": 64, ""diagonal_warp_atomic"": 0, ""forward_register_bits"": 4, ""forward_threads"": 64, ""legacy_reduction"": 1, ""lookup_bits"": 8, ""mailbox_chunks"": 1, ""ordinary_threads"": 128, ""rotation_warp_atomic"": 0, ""shared_diagonal_threads"": 128}","{""SAD_BLOCK_THREADS"": 128, ""SAD_DIAGONAL_BLOCK_THREADS"": 64, ""SAD_DIAGONAL_LOOKUP_BITS"": 8, ""SAD_DIAGONAL_WARP_ATOMIC"": 0, ""SAD_FORWARD_BLOCK_THREADS"": 64, ""SAD_FORWARD_REGISTER_BITS"": 4, ""SAD_LEGACY_BLOCK_REDUCTION"": 1, ""SAD_MAILBOX_CHUNKS"": 1, ""SAD_ORDINARY_BLOCK_THREADS"": 128, ""SAD_QAOA_BD_FUSION"": 1, ""SAD_REGISTER_BITS"": 2, ""SAD_ROTATION_WARP_ATOMIC"": 0, ""SAD_SHARED_DIAGONAL_BLOCK_THREADS"": 128}",,,10,3,0.088017,0.0872383,0.030366300000000002,0.0152803,0.0415917,ok,
2026-08-23T11:33:53.809602+00:00,forward_shape:4:d6a57187675e1418,forward_shape,mera,4,2,"{""backward_register_bits"": 2, ""backward_threads"": 128, ""diagonal_threads"": 64, ""diagonal_warp_atomic"": 0, ""forward_register_bits"": 2, ""forward_threads"": 128, ""legacy_reduction"": 1, ""lookup_bits"": 8, ""mailbox_chunks"": 1, ""ordinary_threads"": 128, ""rotation_warp_atomic"": 0, ""shared_diagonal_threads"": 128}","{""SAD_BLOCK_THREADS"": 128, ""SAD_DIAGONAL_BLOCK_THREADS"": 64, ""SAD_DIAGONAL_LOOKUP_BITS"": 8, ""SAD_DIAGONAL_WARP_ATOMIC"": 0, ""SAD_FORWARD_BLOCK_THREADS"": 128, ""SAD_FORWARD_REGISTER_BITS"": 2, ""SAD_LEGACY_BLOCK_REDUCTION"": 1, ""SAD_MAILBOX_CHUNKS"": 1, ""SAD_ORDINARY_BLOCK_THREADS"": 128, ""SAD_QAOA_BD_FUSION"": 1, ""SAD_REGISTER_BITS"": 2, ""SAD_ROTATION_WARP_ATOMIC"": 0, ""SAD_SHARED_DIAGONAL_BLOCK_THREADS"": 128}",,,10,3,0.08219599999999999,0.10615,0.0236441,0.015540100000000001,0.06696579999999999,ok,
2026-08-23T11:34:13.783705+00:00,forward_shape:4:b094e7caa1a87c4b,forward_shape,mera,4,2,"{""backward_register_bits"": 2, ""backward_threads"": 128, ""diagonal_threads"": 64, ""diagonal_warp_atomic"": 0, ""forward_register_bits"": 3, ""forward_threads"": 128, ""legacy_reduction"": 1, ""lookup_bits"": 8, ""mailbox_chunks"": 1, ""ordinary_threads"": 128, ""rotation_warp_atomic"": 0, ""shared_diagonal_threads"": 128}","{""SAD_BLOCK_THREADS"": 128, ""SAD_DIAGONAL_BLOCK_THREADS"": 64, ""SAD_DIAGONAL_LOOKUP_BITS"": 8, ""SAD_DIAGONAL_WARP_ATOMIC"": 0, ""SAD_FORWARD_BLOCK_THREADS"": 128, ""SAD_FORWARD_REGISTER_BITS"": 3, ""SAD_LEGACY_BLOCK_REDUCTION"": 1, ""SAD_MAILBOX_CHUNKS"": 1, ""SAD_ORDINARY_BLOCK_THREADS"": 128, ""SAD_QAOA_BD_FUSION"": 1, ""SAD_REGISTER_BITS"": 2, ""SAD_ROTATION_WARP_ATOMIC"": 0, ""SAD_SHARED_DIAGONAL_BLOCK_THREADS"": 128}",,,10,3,0.08801600000000001,0.1098768,0.05157869999999999,0.015593400000000002,0.0427047,ok,
2026-08-23T11:34:41.895566+00:00,forward_shape:4:1964afef7698a504,forward_shape,mera,4,2,"{""backward_register_bits"": 2, ""backward_threads"": 128, ""diagonal_threads"": 64, ""diagonal_warp_atomic"": 0, ""forward_register_bits"": 4, ""forward_threads"": 128, ""legacy_reduction"": 1, ""lookup_bits"": 8, ""mailbox_chunks"": 1, ""ordinary_threads"": 128, ""rotation_warp_atomic"": 0, ""shared_diagonal_threads"": 128}","{""SAD_BLOCK_THREADS"": 128, ""SAD_DIAGONAL_BLOCK_THREADS"": 64, ""SAD_DIAGONAL_LOOKUP_BITS"": 8, ""SAD_DIAGONAL_WARP_ATOMIC"": 0, ""SAD_FORWARD_BLOCK_THREADS"": 128, ""SAD_FORWARD_REGISTER_BITS"": 4, ""SAD_LEGACY_BLOCK_REDUCTION"": 1, ""SAD_MAILBOX_CHUNKS"": 1, ""SAD_ORDINARY_BLOCK_THREADS"": 128, ""SAD_QAOA_BD_FUSION"": 1, ""SAD_REGISTER_BITS"": 2, ""SAD_ROTATION_WARP_ATOMIC"": 0, ""SAD_SHARED_DIAGONAL_BLOCK_THREADS"": 128}",,,10,3,0.0993045,0.0992634,0.0411279,0.015623,0.042512499999999995,ok,
2026-08-23T11:34:59.412202+00:00,forward_shape:4:1b07605c4d4e74b0,forward_shape,mera,4,2,"{""backward_register_bits"": 2, ""backward_threads"": 128, ""diagonal_threads"": 64, ""diagonal_warp_atomic"": 0, ""forward_register_bits"": 2, ""forward_threads"": 256, ""legacy_reduction"": 1, ""lookup_bits"": 8, ""mailbox_chunks"": 1, ""ordinary_threads"": 128, ""rotation_warp_atomic"": 0, ""shared_diagonal_threads"": 128}","{""SAD_BLOCK_THREADS"": 128, ""SAD_DIAGONAL_BLOCK_THREADS"": 64, ""SAD_DIAGONAL_LOOKUP_BITS"": 8, ""SAD_DIAGONAL_WARP_ATOMIC"": 0, ""SAD_FORWARD_BLOCK_THREADS"": 256, ""SAD_FORWARD_REGISTER_BITS"": 2, ""SAD_LEGACY_BLOCK_REDUCTION"": 1, ""SAD_MAILBOX_CHUNKS"": 1, ""SAD_ORDINARY_BLOCK_THREADS"": 128, ""SAD_QAOA_BD_FUSION"": 1, ""SAD_REGISTER_BITS"": 2, ""SAD_ROTATION_WARP_ATOMIC"": 0, ""SAD_SHARED_DIAGONAL_BLOCK_THREADS"": 128}",,,10,3,0.085849,0.08587840000000001,0.027849199999999998,0.015620700000000001,0.0424085,ok,
2026-08-23T11:35:19.965973+00:00,forward_shape:4:36056cb345adf71b,forward_shape,mera,4,2,"{""backward_register_bits"": 2, ""backward_threads"": 128, ""diagonal_threads"": 64, ""diagonal_warp_atomic"": 0, ""forward_register_bits"": 3, ""forward_threads"": 256, ""legacy_reduction"": 1, ""lookup_bits"": 8, ""mailbox_chunks"": 1, ""ordinary_threads"": 128, ""rotation_warp_atomic"": 0, ""shared_diagonal_threads"": 128}","{""SAD_BLOCK_THREADS"": 128, ""SAD_DIAGONAL_BLOCK_THREADS"": 64, ""SAD_DIAGONAL_LOOKUP_BITS"": 8, ""SAD_DIAGONAL_WARP_ATOMIC"": 0, ""SAD_FORWARD_BLOCK_THREADS"": 256, ""SAD_FORWARD_REGISTER_BITS"": 3, ""SAD_LEGACY_BLOCK_REDUCTION"": 1, ""SAD_MAILBOX_CHUNKS"": 1, ""SAD_ORDINARY_BLOCK_THREADS"": 128, ""SAD_QAOA_BD_FUSION"": 1, ""SAD_REGISTER_BITS"": 2, ""SAD_ROTATION_WARP_ATOMIC"": 0, ""SAD_SHARED_DIAGONAL_BLOCK_THREADS"": 128}",,,10,3,0.09639600000000001,0.0964572,0.038649,0.015279899999999999,0.0425283,ok,
2026-08-23T11:35:49.193414+00:00,forward_shape:4:a68594eedd8e2d54,forward_shape,mera,4,2,"{""backward_register_bits"": 2, ""backward_threads"": 128, ""diagonal_threads"": 64, ""diagonal_warp_atomic"": 0, ""forward_register_bits"": 4, ""forward_threads"": 256, ""legacy_reduction"": 1, ""lookup_bits"": 8, ""mailbox_chunks"": 1, ""ordinary_threads"": 128, ""rotation_warp_atomic"": 0, ""shared_diagonal_threads"": 128}","{""SAD_BLOCK_THREADS"": 128, ""SAD_DIAGONAL_BLOCK_THREADS"": 64, ""SAD_DIAGONAL_LOOKUP_BITS"": 8, ""SAD_DIAGONAL_WARP_ATOMIC"": 0, ""SAD_FORWARD_BLOCK_THREADS"": 256, ""SAD_FORWARD_REGISTER_BITS"": 4, ""SAD_LEGACY_BLOCK_REDUCTION"": 1, ""SAD_MAILBOX_CHUNKS"": 1, ""SAD_ORDINARY_BLOCK_THREADS"": 128, ""SAD_QAOA_BD_FUSION"": 1, ""SAD_REGISTER_BITS"": 2, ""SAD_ROTATION_WARP_ATOMIC"": 0, ""SAD_SHARED_DIAGONAL_BLOCK_THREADS"": 128}",,,10,3,0.115679,0.11566660000000001,0.057852600000000004,0.0154361,0.042377899999999996,ok,
2026-08-23T11:35:49.208827+00:00,backward_shape:4:f0426287d967c0d5,backward_shape,mera,4,2,"{""backward_register_bits"": 2, ""backward_threads"": 32, ""diagonal_threads"": 64, ""diagonal_warp_atomic"": 0, ""forward_register_bits"": 2, ""forward_threads"": 32, ""legacy_reduction"": 1, ""lookup_bits"": 8, ""mailbox_chunks"": 1, ""ordinary_threads"": 128, ""rotation_warp_atomic"": 0, ""shared_diagonal_threads"": 128}","{""SAD_BLOCK_THREADS"": 32, ""SAD_DIAGONAL_BLOCK_THREADS"": 64, ""SAD_DIAGONAL_LOOKUP_BITS"": 8, ""SAD_DIAGONAL_WARP_ATOMIC"": 0, ""SAD_FORWARD_BLOCK_THREADS"": 32, ""SAD_FORWARD_REGISTER_BITS"": 2, ""SAD_LEGACY_BLOCK_REDUCTION"": 1, ""SAD_MAILBOX_CHUNKS"": 1, ""SAD_ORDINARY_BLOCK_THREADS"": 128, ""SAD_QAOA_BD_FUSION"": 1, ""SAD_REGISTER_BITS"": 2, ""SAD_ROTATION_WARP_ATOMIC"": 0, ""SAD_SHARED_DIAGONAL_BLOCK_THREADS"": 128}",,,10,3,0.0708265,0.09313590000000001,0.020978300000000002,0.0154625,0.0566951,ok,
2026-08-23T11:36:10.601382+00:00,backward_shape:4:f5ec05b02bcb54cf,backward_shape,mera,4,2,"{""backward_register_bits"": 3, ""backward_threads"": 32, ""diagonal_threads"": 64, ""diagonal_warp_atomic"": 0, ""forward_register_bits"": 2, ""forward_threads"": 32, ""legacy_reduction"": 1, ""lookup_bits"": 8, ""mailbox_chunks"": 1, ""ordinary_threads"": 128, ""rotation_warp_atomic"": 0, ""shared_diagonal_threads"": 128}","{""SAD_BLOCK_THREADS"": 32, ""SAD_DIAGONAL_BLOCK_THREADS"": 64, ""SAD_DIAGONAL_LOOKUP_BITS"": 8, ""SAD_DIAGONAL_WARP_ATOMIC"": 0, ""SAD_FORWARD_BLOCK_THREADS"": 32, ""SAD_FORWARD_REGISTER_BITS"": 2, ""SAD_LEGACY_BLOCK_REDUCTION"": 1, ""SAD_MAILBOX_CHUNKS"": 1, ""SAD_ORDINARY_BLOCK_THREADS"": 128, ""SAD_QAOA_BD_FUSION"": 1, ""SAD_REGISTER_BITS"": 3, ""SAD_ROTATION_WARP_ATOMIC"": 0, ""SAD_SHARED_DIAGONAL_BLOCK_THREADS"": 128}",,,10,3,0.07019,0.0698648,0.0206941,0.014867100000000003,0.034303600000000004,ok,
2026-08-23T11:36:56.579326+00:00,backward_shape:4:dfe95b6b15a4cf2d,backward_shape,mera,4,2,"{""backward_register_bits"": 4, ""backward_threads"": 32, ""diagonal_threads"": 64, ""diagonal_warp_atomic"": 0, ""forward_register_bits"": 2, ""forward_threads"": 32, ""legacy_reduction"": 1, ""lookup_bits"": 8, ""mailbox_chunks"": 1, ""ordinary_threads"": 128, ""rotation_warp_atomic"": 0, ""shared_diagonal_threads"": 128}","{""SAD_BLOCK_THREADS"": 32, ""SAD_DIAGONAL_BLOCK_THREADS"": 64, ""SAD_DIAGONAL_LOOKUP_BITS"": 8, ""SAD_DIAGONAL_WARP_ATOMIC"": 0, ""SAD_FORWARD_BLOCK_THREADS"": 32, ""SAD_FORWARD_REGISTER_BITS"": 2, ""SAD_LEGACY_BLOCK_REDUCTION"": 1, ""SAD_MAILBOX_CHUNKS"": 1, ""SAD_ORDINARY_BLOCK_THREADS"": 128, ""SAD_QAOA_BD_FUSION"": 1, ""SAD_REGISTER_BITS"": 4, ""SAD_ROTATION_WARP_ATOMIC"": 0, ""SAD_SHARED_DIAGONAL_BLOCK_THREADS"": 128}",,,10,3,0.087888,0.08741850000000001,0.021226500000000002,0.0154611,0.05073090000000001,ok,
2026-08-23T11:37:12.520891+00:00,backward_shape:4:441cac79afd5021b,backward_shape,mera,4,2,"{""backward_register_bits"": 2, ""backward_threads"": 64, ""diagonal_threads"": 64, ""diagonal_warp_atomic"": 0, ""forward_register_bits"": 2, ""forward_threads"": 32, ""legacy_reduction"": 1, ""lookup_bits"": 8, ""mailbox_chunks"": 1, ""ordinary_threads"": 128, ""rotation_warp_atomic"": 0, ""shared_diagonal_threads"": 128}","{""SAD_BLOCK_THREADS"": 64, ""SAD_DIAGONAL_BLOCK_THREADS"": 64, ""SAD_DIAGONAL_LOOKUP_BITS"": 8, ""SAD_DIAGONAL_WARP_ATOMIC"": 0, ""SAD_FORWARD_BLOCK_THREADS"": 32, ""SAD_FORWARD_REGISTER_BITS"": 2, ""SAD_LEGACY_BLOCK_REDUCTION"": 1, ""SAD_MAILBOX_CHUNKS"": 1, ""SAD_ORDINARY_BLOCK_THREADS"": 128, ""SAD_QAOA_BD_FUSION"": 1, ""SAD_REGISTER_BITS"": 2, ""SAD_ROTATION_WARP_ATOMIC"": 0, ""SAD_SHARED_DIAGONAL_BLOCK_THREADS"": 128}",,,10,3,0.070556,0.070403,0.0205955,0.015313899999999998,0.0344936,ok,
2026-08-23T11:37:36.181016+00:00,backward_shape:4:3855e8d9856b357b,backward_shape,mera,4,2,"{""backward_register_bits"": 3, ""backward_threads"": 64, ""diagonal_threads"": 64, ""diagonal_warp_atomic"": 0, ""forward_register_bits"": 2, ""forward_threads"": 32, ""legacy_reduction"": 1, ""lookup_bits"": 8, ""mailbox_chunks"": 1, ""ordinary_threads"": 128, ""rotation_warp_atomic"": 0, ""shared_diagonal_threads"": 128}","{""SAD_BLOCK_THREADS"": 64, ""SAD_DIAGONAL_BLOCK_THREADS"": 64, ""SAD_DIAGONAL_LOOKUP_BITS"": 8, ""SAD_DIAGONAL_WARP_ATOMIC"": 0, ""SAD_FORWARD_BLOCK_THREADS"": 32, ""SAD_FORWARD_REGISTER_BITS"": 2, ""SAD_LEGACY_BLOCK_REDUCTION"": 1, ""SAD_MAILBOX_CHUNKS"": 1, ""SAD_ORDINARY_BLOCK_THREADS"": 128, ""SAD_QAOA_BD_FUSION"": 1, ""SAD_REGISTER_BITS"": 3, ""SAD_ROTATION_WARP_ATOMIC"": 0, ""SAD_SHARED_DIAGONAL_BLOCK_THREADS"": 128}",,,10,3,0.079662,0.079315,0.0208709,0.0155987,0.0428454,ok,
2026-08-23T11:38:30.814260+00:00,backward_shape:4:819db30f6fbcbdbf,backward_shape,mera,4,2,"{""backward_register_bits"": 4, ""backward_threads"": 64, ""diagonal_threads"": 64, ""diagonal_warp_atomic"": 0, ""forward_register_bits"": 2, ""forward_threads"": 32, ""legacy_reduction"": 1, ""lookup_bits"": 8, ""mailbox_chunks"": 1, ""ordinary_threads"": 128, ""rotation_warp_atomic"": 0, ""shared_diagonal_threads"": 128}","{""SAD_BLOCK_THREADS"": 64, ""SAD_DIAGONAL_BLOCK_THREADS"": 64, ""SAD_DIAGONAL_LOOKUP_BITS"": 8, ""SAD_DIAGONAL_WARP_ATOMIC"": 0, ""SAD_FORWARD_BLOCK_THREADS"": 32, ""SAD_FORWARD_REGISTER_BITS"": 2, ""SAD_LEGACY_BLOCK_REDUCTION"": 1, ""SAD_MAILBOX_CHUNKS"": 1, ""SAD_ORDINARY_BLOCK_THREADS"": 128, ""SAD_QAOA_BD_FUSION"": 1, ""SAD_REGISTER_BITS"": 4, ""SAD_ROTATION_WARP_ATOMIC"": 0, ""SAD_SHARED_DIAGONAL_BLOCK_THREADS"": 128}",,,10,3,0.09518800000000001,0.0953105,0.0207299,0.015364699999999998,0.059215899999999995,ok,
2026-08-23T11:38:30.825155+00:00,backward_shape:4:fab655e6dec695b5,backward_shape,mera,4,2,"{""backward_register_bits"": 2, ""backward_threads"": 128, ""diagonal_threads"": 64, ""diagonal_warp_atomic"": 0, ""forward_register_bits"": 2, ""forward_threads"": 32, ""legacy_reduction"": 1, ""lookup_bits"": 8, ""mailbox_chunks"": 1, ""ordinary_threads"": 128, ""rotation_warp_atomic"": 0, ""shared_diagonal_threads"": 128}","{""SAD_BLOCK_THREADS"": 128, ""SAD_DIAGONAL_BLOCK_THREADS"": 64, ""SAD_DIAGONAL_LOOKUP_BITS"": 8, ""SAD_DIAGONAL_WARP_ATOMIC"": 0, ""SAD_FORWARD_BLOCK_THREADS"": 32, ""SAD_FORWARD_REGISTER_BITS"": 2, ""SAD_LEGACY_BLOCK_REDUCTION"": 1, ""SAD_MAILBOX_CHUNKS"": 1, ""SAD_ORDINARY_BLOCK_THREADS"": 128, ""SAD_QAOA_BD_FUSION"": 1, ""SAD_REGISTER_BITS"": 2, ""SAD_ROTATION_WARP_ATOMIC"": 0, ""SAD_SHARED_DIAGONAL_BLOCK_THREADS"": 128}",,,10,3,0.0797415,0.07932180000000001,0.021035699999999997,0.015503000000000001,0.0427831,ok,
2026-08-23T11:38:56.978964+00:00,backward_shape:4:639cd47ca4deaaee,backward_shape,mera,4,2,"{""backward_register_bits"": 3, ""backward_threads"": 128, ""diagonal_threads"": 64, ""diagonal_warp_atomic"": 0, ""forward_register_bits"": 2, ""forward_threads"": 32, ""legacy_reduction"": 1, ""lookup_bits"": 8, ""mailbox_chunks"": 1, ""ordinary_threads"": 128, ""rotation_warp_atomic"": 0, ""shared_diagonal_threads"": 128}","{""SAD_BLOCK_THREADS"": 128, ""SAD_DIAGONAL_BLOCK_THREADS"": 64, ""SAD_DIAGONAL_LOOKUP_BITS"": 8, ""SAD_DIAGONAL_WARP_ATOMIC"": 0, ""SAD_FORWARD_BLOCK_THREADS"": 32, ""SAD_FORWARD_REGISTER_BITS"": 2, ""SAD_LEGACY_BLOCK_REDUCTION"": 1, ""SAD_MAILBOX_CHUNKS"": 1, ""SAD_ORDINARY_BLOCK_THREADS"": 128, ""SAD_QAOA_BD_FUSION"": 1, ""SAD_REGISTER_BITS"": 3, ""SAD_ROTATION_WARP_ATOMIC"": 0, ""SAD_SHARED_DIAGONAL_BLOCK_THREADS"": 128}",,,10,3,0.09508449999999999,0.0950235,0.020573499999999998,0.015409700000000002,0.0590403,ok,
2026-08-23T11:40:01.925612+00:00,backward_shape:4:f87587c1ebfb9473,backward_shape,mera,4,2,"{""backward_register_bits"": 4, ""backward_threads"": 128, ""diagonal_threads"": 64, ""diagonal_warp_atomic"": 0, ""forward_register_bits"": 2, ""forward_threads"": 32, ""legacy_reduction"": 1, ""lookup_bits"": 8, ""mailbox_chunks"": 1, ""ordinary_threads"": 128, ""rotation_warp_atomic"": 0, ""shared_diagonal_threads"": 128}","{""SAD_BLOCK_THREADS"": 128, ""SAD_DIAGONAL_BLOCK_THREADS"": 64, ""SAD_DIAGONAL_LOOKUP_BITS"": 8, ""SAD_DIAGONAL_WARP_ATOMIC"": 0, ""SAD_FORWARD_BLOCK_THREADS"": 32, ""SAD_FORWARD_REGISTER_BITS"": 2, ""SAD_LEGACY_BLOCK_REDUCTION"": 1, ""SAD_MAILBOX_CHUNKS"": 1, ""SAD_ORDINARY_BLOCK_THREADS"": 128, ""SAD_QAOA_BD_FUSION"": 1, ""SAD_REGISTER_BITS"": 4, ""SAD_ROTATION_WARP_ATOMIC"": 0, ""SAD_SHARED_DIAGONAL_BLOCK_THREADS"": 128}",,,10,3,0.12070449999999999,0.12046450000000002,0.0211046,0.0155095,0.0838504,ok,
2026-08-23T11:40:19.835211+00:00,backward_shape:4:25ed931964a35cb2,backward_shape,mera,4,2,"{""backward_register_bits"": 2, ""backward_threads"": 256, ""diagonal_threads"": 64, ""diagonal_warp_atomic"": 0, ""forward_register_bits"": 2, ""forward_threads"": 32, ""legacy_reduction"": 1, ""lookup_bits"": 8, ""mailbox_chunks"": 1, ""ordinary_threads"": 128, ""rotation_warp_atomic"": 0, ""shared_diagonal_threads"": 128}","{""SAD_BLOCK_THREADS"": 256, ""SAD_DIAGONAL_BLOCK_THREADS"": 64, ""SAD_DIAGONAL_LOOKUP_BITS"": 8, ""SAD_DIAGONAL_WARP_ATOMIC"": 0, ""SAD_FORWARD_BLOCK_THREADS"": 32, ""SAD_FORWARD_REGISTER_BITS"": 2, ""SAD_LEGACY_BLOCK_REDUCTION"": 1, ""SAD_MAILBOX_CHUNKS"": 1, ""SAD_ORDINARY_BLOCK_THREADS"": 128, ""SAD_QAOA_BD_FUSION"": 1, ""SAD_REGISTER_BITS"": 2, ""SAD_ROTATION_WARP_ATOMIC"": 0, ""SAD_SHARED_DIAGONAL_BLOCK_THREADS"": 128}",,,10,3,0.0871635,0.0879326,0.0206573,0.0154886,0.0517867,ok,
2026-08-23T11:40:49.002135+00:00,backward_shape:4:3146664836a57294,backward_shape,mera,4,2,"{""backward_register_bits"": 3, ""backward_threads"": 256, ""diagonal_threads"": 64, ""diagonal_warp_atomic"": 0, ""forward_register_bits"": 2, ""forward_threads"": 32, ""legacy_reduction"": 1, ""lookup_bits"": 8, ""mailbox_chunks"": 1, ""ordinary_threads"": 128, ""rotation_warp_atomic"": 0, ""shared_diagonal_threads"": 128}","{""SAD_BLOCK_THREADS"": 256, ""SAD_DIAGONAL_BLOCK_THREADS"": 64, ""SAD_DIAGONAL_LOOKUP_BITS"": 8, ""SAD_DIAGONAL_WARP_ATOMIC"": 0, ""SAD_FORWARD_BLOCK_THREADS"": 32, ""SAD_FORWARD_REGISTER_BITS"": 2, ""SAD_LEGACY_BLOCK_REDUCTION"": 1, ""SAD_MAILBOX_CHUNKS"": 1, ""SAD_ORDINARY_BLOCK_THREADS"": 128, ""SAD_QAOA_BD_FUSION"": 1, ""SAD_REGISTER_BITS"": 3, ""SAD_ROTATION_WARP_ATOMIC"": 0, ""SAD_SHARED_DIAGONAL_BLOCK_THREADS"": 128}",,,10,3,0.1198175,0.1197883,0.0207437,0.015452400000000002,0.08359219999999999,ok,
2026-08-23T11:42:04.287126+00:00,backward_shape:4:acfb7c3d6376cf08,backward_shape,mera,4,2,"{""backward_register_bits"": 4, ""backward_threads"": 256, ""diagonal_threads"": 64, ""diagonal_warp_atomic"": 0, ""forward_register_bits"": 2, ""forward_threads"": 32, ""legacy_reduction"": 1, ""lookup_bits"": 8, ""mailbox_chunks"": 1, ""ordinary_threads"": 128, ""rotation_warp_atomic"": 0, ""shared_diagonal_threads"": 128}","{""SAD_BLOCK_THREADS"": 256, ""SAD_DIAGONAL_BLOCK_THREADS"": 64, ""SAD_DIAGONAL_LOOKUP_BITS"": 8, ""SAD_DIAGONAL_WARP_ATOMIC"": 0, ""SAD_FORWARD_BLOCK_THREADS"": 32, ""SAD_FORWARD_REGISTER_BITS"": 2, ""SAD_LEGACY_BLOCK_REDUCTION"": 1, ""SAD_MAILBOX_CHUNKS"": 1, ""SAD_ORDINARY_BLOCK_THREADS"": 128, ""SAD_QAOA_BD_FUSION"": 1, ""SAD_REGISTER_BITS"": 4, ""SAD_ROTATION_WARP_ATOMIC"": 0, ""SAD_SHARED_DIAGONAL_BLOCK_THREADS"": 128}",,,10,3,0.17719300000000002,0.17711269999999998,0.020713,0.015534699999999999,0.140865,ok,
2026-08-23T11:42:25.744681+00:00,ordinary_threads:4:f9842b55d328b67a,ordinary_threads,mera,4,2,"{""backward_register_bits"": 3, ""backward_threads"": 32, ""diagonal_threads"": 64, ""diagonal_warp_atomic"": 0, ""forward_register_bits"": 2, ""forward_threads"": 32, ""legacy_reduction"": 1, ""lookup_bits"": 8, ""mailbox_chunks"": 1, ""ordinary_threads"": 64, ""rotation_warp_atomic"": 0, ""shared_diagonal_threads"": 128}","{""SAD_BLOCK_THREADS"": 32, ""SAD_DIAGONAL_BLOCK_THREADS"": 64, ""SAD_DIAGONAL_LOOKUP_BITS"": 8, ""SAD_DIAGONAL_WARP_ATOMIC"": 0, ""SAD_FORWARD_BLOCK_THREADS"": 32, ""SAD_FORWARD_REGISTER_BITS"": 2, ""SAD_LEGACY_BLOCK_REDUCTION"": 1, ""SAD_MAILBOX_CHUNKS"": 1, ""SAD_ORDINARY_BLOCK_THREADS"": 64, ""SAD_QAOA_BD_FUSION"": 1, ""SAD_REGISTER_BITS"": 3, ""SAD_ROTATION_WARP_ATOMIC"": 0, ""SAD_SHARED_DIAGONAL_BLOCK_THREADS"": 128}",,,10,3,0.071608,0.07175480000000001,0.020919499999999997,0.0154736,0.035361699999999996,ok,
2026-08-23T11:42:25.755102+00:00,ordinary_threads:4:5d6e0e2cebc8e2b4,ordinary_threads,mera,4,2,"{""backward_register_bits"": 3, ""backward_threads"": 32, ""diagonal_threads"": 64, ""diagonal_warp_atomic"": 0, ""forward_register_bits"": 2, ""forward_threads"": 32, ""legacy_reduction"": 1, ""lookup_bits"": 8, ""mailbox_chunks"": 1, ""ordinary_threads"": 128, ""rotation_warp_atomic"": 0, ""shared_diagonal_threads"": 128}","{""SAD_BLOCK_THREADS"": 32, ""SAD_DIAGONAL_BLOCK_THREADS"": 64, ""SAD_DIAGONAL_LOOKUP_BITS"": 8, ""SAD_DIAGONAL_WARP_ATOMIC"": 0, ""SAD_FORWARD_BLOCK_THREADS"": 32, ""SAD_FORWARD_REGISTER_BITS"": 2, ""SAD_LEGACY_BLOCK_REDUCTION"": 1, ""SAD_MAILBOX_CHUNKS"": 1, ""SAD_ORDINARY_BLOCK_THREADS"": 128, ""SAD_QAOA_BD_FUSION"": 1, ""SAD_REGISTER_BITS"": 3, ""SAD_ROTATION_WARP_ATOMIC"": 0, ""SAD_SHARED_DIAGONAL_BLOCK_THREADS"": 128}",,,10,3,0.070709,0.0710113,0.020685000000000002,0.0156635,0.034662799999999994,ok,
2026-08-23T11:42:25.764510+00:00,reduction:4:c61b0f34f001de36,reduction,mera,4,2,"{""backward_register_bits"": 3, ""backward_threads"": 32, ""diagonal_threads"": 64, ""diagonal_warp_atomic"": 0, ""forward_register_bits"": 2, ""forward_threads"": 32, ""legacy_reduction"": 1, ""lookup_bits"": 8, ""mailbox_chunks"": 1, ""ordinary_threads"": 64, ""rotation_warp_atomic"": 0, ""shared_diagonal_threads"": 128}","{""SAD_BLOCK_THREADS"": 32, ""SAD_DIAGONAL_BLOCK_THREADS"": 64, ""SAD_DIAGONAL_LOOKUP_BITS"": 8, ""SAD_DIAGONAL_WARP_ATOMIC"": 0, ""SAD_FORWARD_BLOCK_THREADS"": 32, ""SAD_FORWARD_REGISTER_BITS"": 2, ""SAD_LEGACY_BLOCK_REDUCTION"": 1, ""SAD_MAILBOX_CHUNKS"": 1, ""SAD_ORDINARY_BLOCK_THREADS"": 64, ""SAD_QAOA_BD_FUSION"": 1, ""SAD_REGISTER_BITS"": 3, ""SAD_ROTATION_WARP_ATOMIC"": 0, ""SAD_SHARED_DIAGONAL_BLOCK_THREADS"": 128}",,,10,3,0.07161300000000001,0.0719509,0.020974700000000002,0.0155495,0.035426700000000005,ok,
2026-08-23T11:42:49.139574+00:00,reduction:4:906255016165fc4c,reduction,mera,4,2,"{""backward_register_bits"": 3, ""backward_threads"": 32, ""diagonal_threads"": 64, ""diagonal_warp_atomic"": 0, ""forward_register_bits"": 2, ""forward_threads"": 32, ""legacy_reduction"": 0, ""lookup_bits"": 8, ""mailbox_chunks"": 1, ""ordinary_threads"": 64, ""rotation_warp_atomic"": 0, ""shared_diagonal_threads"": 128}","{""SAD_BLOCK_THREADS"": 32, ""SAD_DIAGONAL_BLOCK_THREADS"": 64, ""SAD_DIAGONAL_LOOKUP_BITS"": 8, ""SAD_DIAGONAL_WARP_ATOMIC"": 0, ""SAD_FORWARD_BLOCK_THREADS"": 32, ""SAD_FORWARD_REGISTER_BITS"": 2, ""SAD_LEGACY_BLOCK_REDUCTION"": 0, ""SAD_MAILBOX_CHUNKS"": 1, ""SAD_ORDINARY_BLOCK_THREADS"": 64, ""SAD_QAOA_BD_FUSION"": 1, ""SAD_REGISTER_BITS"": 3, ""SAD_ROTATION_WARP_ATOMIC"": 0, ""SAD_SHARED_DIAGONAL_BLOCK_THREADS"": 128}",,,10,3,0.0787455,0.0782936,0.0210002,0.015418699999999999,0.0418747,ok,
2026-08-23T11:43:10.620310+00:00,reduction:4:dafe677298aa9108,reduction,mera,4,2,"{""backward_register_bits"": 3, ""backward_threads"": 32, ""diagonal_threads"": 64, ""diagonal_warp_atomic"": 0, ""forward_register_bits"": 2, ""forward_threads"": 32, ""legacy_reduction"": 0, ""lookup_bits"": 8, ""mailbox_chunks"": 1, ""ordinary_threads"": 64, ""rotation_warp_atomic"": 1, ""shared_diagonal_threads"": 128}","{""SAD_BLOCK_THREADS"": 32, ""SAD_DIAGONAL_BLOCK_THREADS"": 64, ""SAD_DIAGONAL_LOOKUP_BITS"": 8, ""SAD_DIAGONAL_WARP_ATOMIC"": 0, ""SAD_FORWARD_BLOCK_THREADS"": 32, ""SAD_FORWARD_REGISTER_BITS"": 2, ""SAD_LEGACY_BLOCK_REDUCTION"": 0, ""SAD_MAILBOX_CHUNKS"": 1, ""SAD_ORDINARY_BLOCK_THREADS"": 64, ""SAD_QAOA_BD_FUSION"": 1, ""SAD_REGISTER_BITS"": 3, ""SAD_ROTATION_WARP_ATOMIC"": 1, ""SAD_SHARED_DIAGONAL_BLOCK_THREADS"": 128}",,,10,3,0.071629,0.07145,0.020999499999999997,0.0156726,0.0347779,ok,
2026-08-23T11:43:10.632962+00:00,forward_shape:6:08e642eb4669683a,forward_shape,mera,6,3,"{""backward_register_bits"": 2, ""backward_threads"": 128, ""diagonal_threads"": 64, ""diagonal_warp_atomic"": 0, ""forward_register_bits"": 2, ""forward_threads"": 32, ""legacy_reduction"": 1, ""lookup_bits"": 8, ""mailbox_chunks"": 1, ""ordinary_threads"": 128, ""rotation_warp_atomic"": 0, ""shared_diagonal_threads"": 128}","{""SAD_BLOCK_THREADS"": 128, ""SAD_DIAGONAL_BLOCK_THREADS"": 64, ""SAD_DIAGONAL_LOOKUP_BITS"": 8, ""SAD_DIAGONAL_WARP_ATOMIC"": 0, ""SAD_FORWARD_BLOCK_THREADS"": 32, ""SAD_FORWARD_REGISTER_BITS"": 2, ""SAD_LEGACY_BLOCK_REDUCTION"": 1, ""SAD_MAILBOX_CHUNKS"": 1, ""SAD_ORDINARY_BLOCK_THREADS"": 128, ""SAD_QAOA_BD_FUSION"": 1, ""SAD_REGISTER_BITS"": 2, ""SAD_ROTATION_WARP_ATOMIC"": 0, ""SAD_SHARED_DIAGONAL_BLOCK_THREADS"": 128}",,,10,3,0.117577,0.1167959,0.0320952,0.0163729,0.0683278,ok,
2026-08-23T11:43:10.643766+00:00,forward_shape:6:5ff6578b9bed7de4,forward_shape,mera,6,3,"{""backward_register_bits"": 2, ""backward_threads"": 128, ""diagonal_threads"": 64, ""diagonal_warp_atomic"": 0, ""forward_register_bits"": 3, ""forward_threads"": 32, ""legacy_reduction"": 1, ""lookup_bits"": 8, ""mailbox_chunks"": 1, ""ordinary_threads"": 128, ""rotation_warp_atomic"": 0, ""shared_diagonal_threads"": 128}","{""SAD_BLOCK_THREADS"": 128, ""SAD_DIAGONAL_BLOCK_THREADS"": 64, ""SAD_DIAGONAL_LOOKUP_BITS"": 8, ""SAD_DIAGONAL_WARP_ATOMIC"": 0, ""SAD_FORWARD_BLOCK_THREADS"": 32, ""SAD_FORWARD_REGISTER_BITS"": 3, ""SAD_LEGACY_BLOCK_REDUCTION"": 1, ""SAD_MAILBOX_CHUNKS"": 1, ""SAD_ORDINARY_BLOCK_THREADS"": 128, ""SAD_QAOA_BD_FUSION"": 1, ""SAD_REGISTER_BITS"": 2, ""SAD_ROTATION_WARP_ATOMIC"": 0, ""SAD_SHARED_DIAGONAL_BLOCK_THREADS"": 128}",,,10,3,0.124027,0.1234589,0.0389993,0.0156626,0.068797,ok,
2026-08-23T11:43:10.654605+00:00,forward_shape:6:f231dc2334a2c93c,forward_shape,mera,6,3,"{""backward_register_bits"": 2, ""backward_threads"": 128, ""diagonal_threads"": 64, ""diagonal_warp_atomic"": 0, ""forward_register_bits"": 4, ""forward_threads"": 32, ""legacy_reduction"": 1, ""lookup_bits"": 8, ""mailbox_chunks"": 1, ""ordinary_threads"": 128, ""rotation_warp_atomic"": 0, ""shared_diagonal_threads"": 128}","{""SAD_BLOCK_THREADS"": 128, ""SAD_DIAGONAL_BLOCK_THREADS"": 64, ""SAD_DIAGONAL_LOOKUP_BITS"": 8, ""SAD_DIAGONAL_WARP_ATOMIC"": 0, ""SAD_FORWARD_BLOCK_THREADS"": 32, ""SAD_FORWARD_REGISTER_BITS"": 4, ""SAD_LEGACY_BLOCK_REDUCTION"": 1, ""SAD_MAILBOX_CHUNKS"": 1, ""SAD_ORDINARY_BLOCK_THREADS"": 128, ""SAD_QAOA_BD_FUSION"": 1, ""SAD_REGISTER_BITS"": 2, ""SAD_ROTATION_WARP_ATOMIC"": 0, ""SAD_SHARED_DIAGONAL_BLOCK_THREADS"": 128}",,,10,3,0.13050399999999998,0.1301943,0.0456342,0.0155861,0.068974,ok,
2026-08-23T11:43:10.665320+00:00,forward_shape:6:7d7fe1d5407bef3d,forward_shape,mera,6,3,"{""backward_register_bits"": 2, ""backward_threads"": 128, ""diagonal_threads"": 64, ""diagonal_warp_atomic"": 0, ""forward_register_bits"": 2, ""forward_threads"": 64, ""legacy_reduction"": 1, ""lookup_bits"": 8, ""mailbox_chunks"": 1, ""ordinary_threads"": 128, ""rotation_warp_atomic"": 0, ""shared_diagonal_threads"": 128}","{""SAD_BLOCK_THREADS"": 128, ""SAD_DIAGONAL_BLOCK_THREADS"": 64, ""SAD_DIAGONAL_LOOKUP_BITS"": 8, ""SAD_DIAGONAL_WARP_ATOMIC"": 0, ""SAD_FORWARD_BLOCK_THREADS"": 64, ""SAD_FORWARD_REGISTER_BITS"": 2, ""SAD_LEGACY_BLOCK_REDUCTION"": 1, ""SAD_MAILBOX_CHUNKS"": 1, ""SAD_ORDINARY_BLOCK_THREADS"": 128, ""SAD_QAOA_BD_FUSION"": 1, ""SAD_REGISTER_BITS"": 2, ""SAD_ROTATION_WARP_ATOMIC"": 0, ""SAD_SHARED_DIAGONAL_BLOCK_THREADS"": 128}",,,10,3,0.11776650000000001,0.1407513,0.054740500000000004,0.0156771,0.0703337,ok,
2026-08-23T11:43:10.676095+00:00,forward_shape:6:8dfbff3a107aecb9,forward_shape,mera,6,3,"{""backward_register_bits"": 2, ""backward_threads"": 128, ""diagonal_threads"": 64, ""diagonal_warp_atomic"": 0, ""forward_register_bits"": 3, ""forward_threads"": 64, ""legacy_reduction"": 1, ""lookup_bits"": 8, ""mailbox_chunks"": 1, ""ordinary_threads"": 128, ""rotation_warp_atomic"": 0, ""shared_diagonal_threads"": 128}","{""SAD_BLOCK_THREADS"": 128, ""SAD_DIAGONAL_BLOCK_THREADS"": 64, ""SAD_DIAGONAL_LOOKUP_BITS"": 8, ""SAD_DIAGONAL_WARP_ATOMIC"": 0, ""SAD_FORWARD_BLOCK_THREADS"": 64, ""SAD_FORWARD_REGISTER_BITS"": 3, ""SAD_LEGACY_BLOCK_REDUCTION"": 1, ""SAD_MAILBOX_CHUNKS"": 1, ""SAD_ORDINARY_BLOCK_THREADS"": 128, ""SAD_QAOA_BD_FUSION"": 1, ""SAD_REGISTER_BITS"": 2, ""SAD_ROTATION_WARP_ATOMIC"": 0, ""SAD_SHARED_DIAGONAL_BLOCK_THREADS"": 128}",,,10,3,0.124001,0.1242797,0.0389185,0.015735799999999998,0.0696254,ok,
2026-08-23T11:43:10.686788+00:00,forward_shape:6:c039e0f14274d376,forward_shape,mera,6,3,"{""backward_register_bits"": 2, ""backward_threads"": 128, ""diagonal_threads"": 64, ""diagonal_warp_atomic"": 0, ""forward_register_bits"": 4, ""forward_threads"": 64, ""legacy_reduction"": 1, ""lookup_bits"": 8, ""mailbox_chunks"": 1, ""ordinary_threads"": 128, ""rotation_warp_atomic"": 0, ""shared_diagonal_threads"": 128}","{""SAD_BLOCK_THREADS"": 128, ""SAD_DIAGONAL_BLOCK_THREADS"": 64, ""SAD_DIAGONAL_LOOKUP_BITS"": 8, ""SAD_DIAGONAL_WARP_ATOMIC"": 0, ""SAD_FORWARD_BLOCK_THREADS"": 64, ""SAD_FORWARD_REGISTER_BITS"": 4, ""SAD_LEGACY_BLOCK_REDUCTION"": 1, ""SAD_MAILBOX_CHUNKS"": 1, ""SAD_ORDINARY_BLOCK_THREADS"": 128, ""SAD_QAOA_BD_FUSION"": 1, ""SAD_REGISTER_BITS"": 2, ""SAD_ROTATION_WARP_ATOMIC"": 0, ""SAD_SHARED_DIAGONAL_BLOCK_THREADS"": 128}",,,10,3,0.13603349999999997,0.1357441,0.0507891,0.0158496,0.0691054,ok,
2026-08-23T11:43:10.696142+00:00,forward_shape:6:db9064f0a48aaac9,forward_shape,mera,6,3,"{""backward_register_bits"": 2, ""backward_threads"": 128, ""diagonal_threads"": 64, ""diagonal_warp_atomic"": 0, ""forward_register_bits"": 2, ""forward_threads"": 128, ""legacy_reduction"": 1, ""lookup_bits"": 8, ""mailbox_chunks"": 1, ""ordinary_threads"": 128, ""rotation_warp_atomic"": 0, ""shared_diagonal_threads"": 128}","{""SAD_BLOCK_THREADS"": 128, ""SAD_DIAGONAL_BLOCK_THREADS"": 64, ""SAD_DIAGONAL_LOOKUP_BITS"": 8, ""SAD_DIAGONAL_WARP_ATOMIC"": 0, ""SAD_FORWARD_BLOCK_THREADS"": 128, ""SAD_FORWARD_REGISTER_BITS"": 2, ""SAD_LEGACY_BLOCK_REDUCTION"": 1, ""SAD_MAILBOX_CHUNKS"": 1, ""SAD_ORDINARY_BLOCK_THREADS"": 128, ""SAD_QAOA_BD_FUSION"": 1, ""SAD_REGISTER_BITS"": 2, ""SAD_ROTATION_WARP_ATOMIC"": 0, ""SAD_SHARED_DIAGONAL_BLOCK_THREADS"": 128}",,,10,3,0.1219375,0.1214208,0.037188599999999995,0.015741400000000003,0.0684908,ok,
2026-08-23T11:43:10.706950+00:00,forward_shape:6:6c288e1d434b36c0,forward_shape,mera,6,3,"{""backward_register_bits"": 2, ""backward_threads"": 128, ""diagonal_threads"": 64, ""diagonal_warp_atomic"": 0, ""forward_register_bits"": 3, ""forward_threads"": 128, ""legacy_reduction"": 1, ""lookup_bits"": 8, ""mailbox_chunks"": 1, ""ordinary_threads"": 128, ""rotation_warp_atomic"": 0, ""shared_diagonal_threads"": 128}","{""SAD_BLOCK_THREADS"": 128, ""SAD_DIAGONAL_BLOCK_THREADS"": 64, ""SAD_DIAGONAL_LOOKUP_BITS"": 8, ""SAD_DIAGONAL_WARP_ATOMIC"": 0, ""SAD_FORWARD_BLOCK_THREADS"": 128, ""SAD_FORWARD_REGISTER_BITS"": 3, ""SAD_LEGACY_BLOCK_REDUCTION"": 1, ""SAD_MAILBOX_CHUNKS"": 1, ""SAD_ORDINARY_BLOCK_THREADS"": 128, ""SAD_QAOA_BD_FUSION"": 1, ""SAD_REGISTER_BITS"": 2, ""SAD_ROTATION_WARP_ATOMIC"": 0, ""SAD_SHARED_DIAGONAL_BLOCK_THREADS"": 128}",,,10,3,0.1352255,0.15871800000000003,0.050182700000000004,0.0397321,0.0688032,ok,
2026-08-23T11:43:10.717984+00:00,forward_shape:6:805c5314a2fc2079,forward_shape,mera,6,3,"{""backward_register_bits"": 2, ""backward_threads"": 128, ""diagonal_threads"": 64, ""diagonal_warp_atomic"": 0, ""forward_register_bits"": 4, ""forward_threads"": 128, ""legacy_reduction"": 1, ""lookup_bits"": 8, ""mailbox_chunks"": 1, ""ordinary_threads"": 128, ""rotation_warp_atomic"": 0, ""shared_diagonal_threads"": 128}","{""SAD_BLOCK_THREADS"": 128, ""SAD_DIAGONAL_BLOCK_THREADS"": 64, ""SAD_DIAGONAL_LOOKUP_BITS"": 8, ""SAD_DIAGONAL_WARP_ATOMIC"": 0, ""SAD_FORWARD_BLOCK_THREADS"": 128, ""SAD_FORWARD_REGISTER_BITS"": 4, ""SAD_LEGACY_BLOCK_REDUCTION"": 1, ""SAD_MAILBOX_CHUNKS"": 1, ""SAD_ORDINARY_BLOCK_THREADS"": 128, ""SAD_QAOA_BD_FUSION"": 1, ""SAD_REGISTER_BITS"": 2, ""SAD_ROTATION_WARP_ATOMIC"": 0, ""SAD_SHARED_DIAGONAL_BLOCK_THREADS"": 128}",,,10,3,0.156691,0.1565544,0.0713322,0.015804,0.0694182,ok,
2026-08-23T11:43:10.728524+00:00,forward_shape:6:a2634ed75d71fa0f,forward_shape,mera,6,3,"{""backward_register_bits"": 2, ""backward_threads"": 128, ""diagonal_threads"": 64, ""diagonal_warp_atomic"": 0, ""forward_register_bits"": 2, ""forward_threads"": 256, ""legacy_reduction"": 1, ""lookup_bits"": 8, ""mailbox_chunks"": 1, ""ordinary_threads"": 128, ""rotation_warp_atomic"": 0, ""shared_diagonal_threads"": 128}","{""SAD_BLOCK_THREADS"": 128, ""SAD_DIAGONAL_BLOCK_THREADS"": 64, ""SAD_DIAGONAL_LOOKUP_BITS"": 8, ""SAD_DIAGONAL_WARP_ATOMIC"": 0, ""SAD_FORWARD_BLOCK_THREADS"": 256, ""SAD_FORWARD_REGISTER_BITS"": 2, ""SAD_LEGACY_BLOCK_REDUCTION"": 1, ""SAD_MAILBOX_CHUNKS"": 1, ""SAD_ORDINARY_BLOCK_THREADS"": 128, ""SAD_QAOA_BD_FUSION"": 1, ""SAD_REGISTER_BITS"": 2, ""SAD_ROTATION_WARP_ATOMIC"": 0, ""SAD_SHARED_DIAGONAL_BLOCK_THREADS"": 128}",,,10,3,0.130932,0.1305342,0.0455597,0.0154518,0.06952269999999999,ok,
2026-08-23T11:43:10.739400+00:00,forward_shape:6:ad131f827a2281f1,forward_shape,mera,6,3,"{""backward_register_bits"": 2, ""backward_threads"": 128, ""diagonal_threads"": 64, ""diagonal_warp_atomic"": 0, ""forward_register_bits"": 3, ""forward_threads"": 256, ""legacy_reduction"": 1, ""lookup_bits"": 8, ""mailbox_chunks"": 1, ""ordinary_threads"": 128, ""rotation_warp_atomic"": 0, ""shared_diagonal_threads"": 128}","{""SAD_BLOCK_THREADS"": 128, ""SAD_DIAGONAL_BLOCK_THREADS"": 64, ""SAD_DIAGONAL_LOOKUP_BITS"": 8, ""SAD_DIAGONAL_WARP_ATOMIC"": 0, ""SAD_FORWARD_BLOCK_THREADS"": 256, ""SAD_FORWARD_REGISTER_BITS"": 3, ""SAD_LEGACY_BLOCK_REDUCTION"": 1, ""SAD_MAILBOX_CHUNKS"": 1, ""SAD_ORDINARY_BLOCK_THREADS"": 128, ""SAD_QAOA_BD_FUSION"": 1, ""SAD_REGISTER_BITS"": 2, ""SAD_ROTATION_WARP_ATOMIC"": 0, ""SAD_SHARED_DIAGONAL_BLOCK_THREADS"": 128}",,,10,3,0.152502,0.15098299999999998,0.0673441,0.015557799999999998,0.06808109999999999,ok,
2026-08-23T11:43:10.750953+00:00,forward_shape:6:67d48951691b05ee,forward_shape,mera,6,3,"{""backward_register_bits"": 2, ""backward_threads"": 128, ""diagonal_threads"": 64, ""diagonal_warp_atomic"": 0, ""forward_register_bits"": 4, ""forward_threads"": 256, ""legacy_reduction"": 1, ""lookup_bits"": 8, ""mailbox_chunks"": 1, ""ordinary_threads"": 128, ""rotation_warp_atomic"": 0, ""shared_diagonal_threads"": 128}","{""SAD_BLOCK_THREADS"": 128, ""SAD_DIAGONAL_BLOCK_THREADS"": 64, ""SAD_DIAGONAL_LOOKUP_BITS"": 8, ""SAD_DIAGONAL_WARP_ATOMIC"": 0, ""SAD_FORWARD_BLOCK_THREADS"": 256, ""SAD_FORWARD_REGISTER_BITS"": 4, ""SAD_LEGACY_BLOCK_REDUCTION"": 1, ""SAD_MAILBOX_CHUNKS"": 1, ""SAD_ORDINARY_BLOCK_THREADS"": 128, ""SAD_QAOA_BD_FUSION"": 1, ""SAD_REGISTER_BITS"": 2, ""SAD_ROTATION_WARP_ATOMIC"": 0, ""SAD_SHARED_DIAGONAL_BLOCK_THREADS"": 128}",,,10,3,0.1918965,0.19186260000000002,0.10688450000000001,0.015431000000000002,0.0695471,ok,
2026-08-23T11:43:10.761259+00:00,backward_shape:6:c3c5dd338bd29421,backward_shape,mera,6,3,"{""backward_register_bits"": 2, ""backward_threads"": 32, ""diagonal_threads"": 64, ""diagonal_warp_atomic"": 0, ""forward_register_bits"": 2, ""forward_threads"": 32, ""legacy_reduction"": 1, ""lookup_bits"": 8, ""mailbox_chunks"": 1, ""ordinary_threads"": 128, ""rotation_warp_atomic"": 0, ""shared_diagonal_threads"": 128}","{""SAD_BLOCK_THREADS"": 32, ""SAD_DIAGONAL_BLOCK_THREADS"": 64, ""SAD_DIAGONAL_LOOKUP_BITS"": 8, ""SAD_DIAGONAL_WARP_ATOMIC"": 0, ""SAD_FORWARD_BLOCK_THREADS"": 32, ""SAD_FORWARD_REGISTER_BITS"": 2, ""SAD_LEGACY_BLOCK_REDUCTION"": 1, ""SAD_MAILBOX_CHUNKS"": 1, ""SAD_ORDINARY_BLOCK_THREADS"": 128, ""SAD_QAOA_BD_FUSION"": 1, ""SAD_REGISTER_BITS"": 2, ""SAD_ROTATION_WARP_ATOMIC"": 0, ""SAD_SHARED_DIAGONAL_BLOCK_THREADS"": 128}",,,10,3,0.1008405,0.10083919999999999,0.0323053,0.015471300000000002,0.053062599999999994,ok,
2026-08-23T11:43:10.771278+00:00,backward_shape:6:9707cf94333fa9c2,backward_shape,mera,6,3,"{""backward_register_bits"": 3, ""backward_threads"": 32, ""diagonal_threads"": 64, ""diagonal_warp_atomic"": 0, ""forward_register_bits"": 2, ""forward_threads"": 32, ""legacy_reduction"": 1, ""lookup_bits"": 8, ""mailbox_chunks"": 1, ""ordinary_threads"": 128, ""rotation_warp_atomic"": 0, ""shared_diagonal_threads"": 128}","{""SAD_BLOCK_THREADS"": 32, ""SAD_DIAGONAL_BLOCK_THREADS"": 64, ""SAD_DIAGONAL_LOOKUP_BITS"": 8, ""SAD_DIAGONAL_WARP_ATOMIC"": 0, ""SAD_FORWARD_BLOCK_THREADS"": 32, ""SAD_FORWARD_REGISTER_BITS"": 2, ""SAD_LEGACY_BLOCK_REDUCTION"": 1, ""SAD_MAILBOX_CHUNKS"": 1, ""SAD_ORDINARY_BLOCK_THREADS"": 128, ""SAD_QAOA_BD_FUSION"": 1, ""SAD_REGISTER_BITS"": 3, ""SAD_ROTATION_WARP_ATOMIC"": 0, ""SAD_SHARED_DIAGONAL_BLOCK_THREADS"": 128}",,,10,3,0.1094755,0.1092164,0.0325542,0.015421,0.0612412,ok,
2026-08-23T11:43:10.782092+00:00,backward_shape:6:ec390ffb4ae76a45,backward_shape,mera,6,3,"{""backward_register_bits"": 4, ""backward_threads"": 32, ""diagonal_threads"": 64, ""diagonal_warp_atomic"": 0, ""forward_register_bits"": 2, ""forward_threads"": 32, ""legacy_reduction"": 1, ""lookup_bits"": 8, ""mailbox_chunks"": 1, ""ordinary_threads"": 128, ""rotation_warp_atomic"": 0, ""shared_diagonal_threads"": 128}","{""SAD_BLOCK_THREADS"": 32, ""SAD_DIAGONAL_BLOCK_THREADS"": 64, ""SAD_DIAGONAL_LOOKUP_BITS"": 8, ""SAD_DIAGONAL_WARP_ATOMIC"": 0, ""SAD_FORWARD_BLOCK_THREADS"": 32, ""SAD_FORWARD_REGISTER_BITS"": 2, ""SAD_LEGACY_BLOCK_REDUCTION"": 1, ""SAD_MAILBOX_CHUNKS"": 1, ""SAD_ORDINARY_BLOCK_THREADS"": 128, ""SAD_QAOA_BD_FUSION"": 1, ""SAD_REGISTER_BITS"": 4, ""SAD_ROTATION_WARP_ATOMIC"": 0, ""SAD_SHARED_DIAGONAL_BLOCK_THREADS"": 128}",,,10,3,0.1420975,0.16545089999999998,0.0548559,0.015423899999999999,0.09517110000000001,ok,
2026-08-23T11:43:10.792294+00:00,backward_shape:6:60856a53d5141975,backward_shape,mera,6,3,"{""backward_register_bits"": 2, ""backward_threads"": 64, ""diagonal_threads"": 64, ""diagonal_warp_atomic"": 0, ""forward_register_bits"": 2, ""forward_threads"": 32, ""legacy_reduction"": 1, ""lookup_bits"": 8, ""mailbox_chunks"": 1, ""ordinary_threads"": 128, ""rotation_warp_atomic"": 0, ""shared_diagonal_threads"": 128}","{""SAD_BLOCK_THREADS"": 64, ""SAD_DIAGONAL_BLOCK_THREADS"": 64, ""SAD_DIAGONAL_LOOKUP_BITS"": 8, ""SAD_DIAGONAL_WARP_ATOMIC"": 0, ""SAD_FORWARD_BLOCK_THREADS"": 32, ""SAD_FORWARD_REGISTER_BITS"": 2, ""SAD_LEGACY_BLOCK_REDUCTION"": 1, ""SAD_MAILBOX_CHUNKS"": 1, ""SAD_ORDINARY_BLOCK_THREADS"": 128, ""SAD_QAOA_BD_FUSION"": 1, ""SAD_REGISTER_BITS"": 2, ""SAD_ROTATION_WARP_ATOMIC"": 0, ""SAD_SHARED_DIAGONAL_BLOCK_THREADS"": 128}",,,10,3,0.101218,0.1011208,0.0321762,0.0155771,0.05336749999999999,ok,
2026-08-23T11:43:10.802824+00:00,backward_shape:6:02daecf139b30aa1,backward_shape,mera,6,3,"{""backward_register_bits"": 3, ""backward_threads"": 64, ""diagonal_threads"": 64, ""diagonal_warp_atomic"": 0, ""forward_register_bits"": 2, ""forward_threads"": 32, ""legacy_reduction"": 1, ""lookup_bits"": 8, ""mailbox_chunks"": 1, ""ordinary_threads"": 128, ""rotation_warp_atomic"": 0, ""shared_diagonal_threads"": 128}","{""SAD_BLOCK_THREADS"": 64, ""SAD_DIAGONAL_BLOCK_THREADS"": 64, ""SAD_DIAGONAL_LOOKUP_BITS"": 8, ""SAD_DIAGONAL_WARP_ATOMIC"": 0, ""SAD_FORWARD_BLOCK_THREADS"": 32, ""SAD_FORWARD_REGISTER_BITS"": 2, ""SAD_LEGACY_BLOCK_REDUCTION"": 1, ""SAD_MAILBOX_CHUNKS"": 1, ""SAD_ORDINARY_BLOCK_THREADS"": 128, ""SAD_QAOA_BD_FUSION"": 1, ""SAD_REGISTER_BITS"": 3, ""SAD_ROTATION_WARP_ATOMIC"": 0, ""SAD_SHARED_DIAGONAL_BLOCK_THREADS"": 128}",,,10,3,0.116718,0.11701120000000001,0.0320538,0.015432600000000001,0.0695248,ok,
2026-08-23T11:43:10.813872+00:00,backward_shape:6:7f9887c5991e4e75,backward_shape,mera,6,3,"{""backward_register_bits"": 4, ""backward_threads"": 64, ""diagonal_threads"": 64, ""diagonal_warp_atomic"": 0, ""forward_register_bits"": 2, ""forward_threads"": 32, ""legacy_reduction"": 1, ""lookup_bits"": 8, ""mailbox_chunks"": 1, ""ordinary_threads"": 128, ""rotation_warp_atomic"": 0, ""shared_diagonal_threads"": 128}","{""SAD_BLOCK_THREADS"": 64, ""SAD_DIAGONAL_BLOCK_THREADS"": 64, ""SAD_DIAGONAL_LOOKUP_BITS"": 8, ""SAD_DIAGONAL_WARP_ATOMIC"": 0, ""SAD_FORWARD_BLOCK_THREADS"": 32, ""SAD_FORWARD_REGISTER_BITS"": 2, ""SAD_LEGACY_BLOCK_REDUCTION"": 1, ""SAD_MAILBOX_CHUNKS"": 1, ""SAD_ORDINARY_BLOCK_THREADS"": 128, ""SAD_QAOA_BD_FUSION"": 1, ""SAD_REGISTER_BITS"": 4, ""SAD_ROTATION_WARP_ATOMIC"": 0, ""SAD_SHARED_DIAGONAL_BLOCK_THREADS"": 128}",,,10,3,0.15324300000000002,0.1535628,0.0325448,0.0156705,0.10534749999999998,ok,
2026-08-23T11:43:10.824669+00:00,backward_shape:6:5dd7a6f696f75da6,backward_shape,mera,6,3,"{""backward_register_bits"": 2, ""backward_threads"": 128, ""diagonal_threads"": 64, ""diagonal_warp_atomic"": 0, ""forward_register_bits"": 2, ""forward_threads"": 32, ""legacy_reduction"": 1, ""lookup_bits"": 8, ""mailbox_chunks"": 1, ""ordinary_threads"": 128, ""rotation_warp_atomic"": 0, ""shared_diagonal_threads"": 128}","{""SAD_BLOCK_THREADS"": 128, ""SAD_DIAGONAL_BLOCK_THREADS"": 64, ""SAD_DIAGONAL_LOOKUP_BITS"": 8, ""SAD_DIAGONAL_WARP_ATOMIC"": 0, ""SAD_FORWARD_BLOCK_THREADS"": 32, ""SAD_FORWARD_REGISTER_BITS"": 2, ""SAD_LEGACY_BLOCK_REDUCTION"": 1, ""SAD_MAILBOX_CHUNKS"": 1, ""SAD_ORDINARY_BLOCK_THREADS"": 128, ""SAD_QAOA_BD_FUSION"": 1, ""SAD_REGISTER_BITS"": 2, ""SAD_ROTATION_WARP_ATOMIC"": 0, ""SAD_SHARED_DIAGONAL_BLOCK_THREADS"": 128}",,,10,3,0.11748950000000001,0.11729819999999999,0.0319785,0.0156435,0.06967620000000001,ok,
2026-08-23T11:43:10.835510+00:00,backward_shape:6:4bf0f4116bfa38dc,backward_shape,mera,6,3,"{""backward_register_bits"": 3, ""backward_threads"": 128, ""diagonal_threads"": 64, ""diagonal_warp_atomic"": 0, ""forward_register_bits"": 2, ""forward_threads"": 32, ""legacy_reduction"": 1, ""lookup_bits"": 8, ""mailbox_chunks"": 1, ""ordinary_threads"": 128, ""rotation_warp_atomic"": 0, ""shared_diagonal_threads"": 128}","{""SAD_BLOCK_THREADS"": 128, ""SAD_DIAGONAL_BLOCK_THREADS"": 64, ""SAD_DIAGONAL_LOOKUP_BITS"": 8, ""SAD_DIAGONAL_WARP_ATOMIC"": 0, ""SAD_FORWARD_BLOCK_THREADS"": 32, ""SAD_FORWARD_REGISTER_BITS"": 2, ""SAD_LEGACY_BLOCK_REDUCTION"": 1, ""SAD_MAILBOX_CHUNKS"": 1, ""SAD_ORDINARY_BLOCK_THREADS"": 128, ""SAD_QAOA_BD_FUSION"": 1, ""SAD_REGISTER_BITS"": 3, ""SAD_ROTATION_WARP_ATOMIC"": 0, ""SAD_SHARED_DIAGONAL_BLOCK_THREADS"": 128}",,,10,3,0.14237249999999999,0.1443598,0.032440500000000004,0.015528300000000002,0.096391,ok,
2026-08-23T11:43:10.847169+00:00,backward_shape:6:99ccb7c1091e1742,backward_shape,mera,6,3,"{""backward_register_bits"": 4, ""backward_threads"": 128, ""diagonal_threads"": 64, ""diagonal_warp_atomic"": 0, ""forward_register_bits"": 2, ""forward_threads"": 32, ""legacy_reduction"": 1, ""lookup_bits"": 8, ""mailbox_chunks"": 1, ""ordinary_threads"": 128, ""rotation_warp_atomic"": 0, ""shared_diagonal_threads"": 128}","{""SAD_BLOCK_THREADS"": 128, ""SAD_DIAGONAL_BLOCK_THREADS"": 64, ""SAD_DIAGONAL_LOOKUP_BITS"": 8, ""SAD_DIAGONAL_WARP_ATOMIC"": 0, ""SAD_FORWARD_BLOCK_THREADS"": 32, ""SAD_FORWARD_REGISTER_BITS"": 2, ""SAD_LEGACY_BLOCK_REDUCTION"": 1, ""SAD_MAILBOX_CHUNKS"": 1, ""SAD_ORDINARY_BLOCK_THREADS"": 128, ""SAD_QAOA_BD_FUSION"": 1, ""SAD_REGISTER_BITS"": 4, ""SAD_ROTATION_WARP_ATOMIC"": 0, ""SAD_SHARED_DIAGONAL_BLOCK_THREADS"": 128}",,,10,3,0.1995755,0.19994579999999998,0.03268580000000001,0.0156159,0.15164410000000003,ok,
2026-08-23T11:43:10.858356+00:00,backward_shape:6:f83de327110651fd,backward_shape,mera,6,3,"{""backward_register_bits"": 2, ""backward_threads"": 256, ""diagonal_threads"": 64, ""diagonal_warp_atomic"": 0, ""forward_register_bits"": 2, ""forward_threads"": 32, ""legacy_reduction"": 1, ""lookup_bits"": 8, ""mailbox_chunks"": 1, ""ordinary_threads"": 128, ""rotation_warp_atomic"": 0, ""shared_diagonal_threads"": 128}","{""SAD_BLOCK_THREADS"": 256, ""SAD_DIAGONAL_BLOCK_THREADS"": 64, ""SAD_DIAGONAL_LOOKUP_BITS"": 8, ""SAD_DIAGONAL_WARP_ATOMIC"": 0, ""SAD_FORWARD_BLOCK_THREADS"": 32, ""SAD_FORWARD_REGISTER_BITS"": 2, ""SAD_LEGACY_BLOCK_REDUCTION"": 1, ""SAD_MAILBOX_CHUNKS"": 1, ""SAD_ORDINARY_BLOCK_THREADS"": 128, ""SAD_QAOA_BD_FUSION"": 1, ""SAD_REGISTER_BITS"": 2, ""SAD_ROTATION_WARP_ATOMIC"": 0, ""SAD_SHARED_DIAGONAL_BLOCK_THREADS"": 128}",,,10,3,0.142223,0.1428027,0.0325027,0.015290099999999997,0.09500990000000001,ok,
2026-08-23T11:43:10.869994+00:00,backward_shape:6:4ee627ec6aed302b,backward_shape,mera,6,3,"{""backward_register_bits"": 3, ""backward_threads"": 256, ""diagonal_threads"": 64, ""diagonal_warp_atomic"": 0, ""forward_register_bits"": 2, ""forward_threads"": 32, ""legacy_reduction"": 1, ""lookup_bits"": 8, ""mailbox_chunks"": 1, ""ordinary_threads"": 128, ""rotation_warp_atomic"": 0, ""shared_diagonal_threads"": 128}","{""SAD_BLOCK_THREADS"": 256, ""SAD_DIAGONAL_BLOCK_THREADS"": 64, ""SAD_DIAGONAL_LOOKUP_BITS"": 8, ""SAD_DIAGONAL_WARP_ATOMIC"": 0, ""SAD_FORWARD_BLOCK_THREADS"": 32, ""SAD_FORWARD_REGISTER_BITS"": 2, ""SAD_LEGACY_BLOCK_REDUCTION"": 1, ""SAD_MAILBOX_CHUNKS"": 1, ""SAD_ORDINARY_BLOCK_THREADS"": 128, ""SAD_QAOA_BD_FUSION"": 1, ""SAD_REGISTER_BITS"": 3, ""SAD_ROTATION_WARP_ATOMIC"": 0, ""SAD_SHARED_DIAGONAL_BLOCK_THREADS"": 128}",,,10,3,0.19952,0.2018029,0.0321026,0.015441599999999998,0.1542587,ok,
2026-08-23T11:43:10.883440+00:00,backward_shape:6:ffb3b0b85e6cf364,backward_shape,mera,6,3,"{""backward_register_bits"": 4, ""backward_threads"": 256, ""diagonal_threads"": 64, ""diagonal_warp_atomic"": 0, ""forward_register_bits"": 2, ""forward_threads"": 32, ""legacy_reduction"": 1, ""lookup_bits"": 8, ""mailbox_chunks"": 1, ""ordinary_threads"": 128, ""rotation_warp_atomic"": 0, ""shared_diagonal_threads"": 128}","{""SAD_BLOCK_THREADS"": 256, ""SAD_DIAGONAL_BLOCK_THREADS"": 64, ""SAD_DIAGONAL_LOOKUP_BITS"": 8, ""SAD_DIAGONAL_WARP_ATOMIC"": 0, ""SAD_FORWARD_BLOCK_THREADS"": 32, ""SAD_FORWARD_REGISTER_BITS"": 2, ""SAD_LEGACY_BLOCK_REDUCTION"": 1, ""SAD_MAILBOX_CHUNKS"": 1, ""SAD_ORDINARY_BLOCK_THREADS"": 128, ""SAD_QAOA_BD_FUSION"": 1, ""SAD_REGISTER_BITS"": 4, ""SAD_ROTATION_WARP_ATOMIC"": 0, ""SAD_SHARED_DIAGONAL_BLOCK_THREADS"": 128}",,,10,3,0.322486,0.3469717,0.055387399999999996,0.0161432,0.2754411,ok,
2026-08-23T11:43:26.044751+00:00,ordinary_threads:6:87b498e2a0515675,ordinary_threads,mera,6,3,"{""backward_register_bits"": 2, ""backward_threads"": 32, ""diagonal_threads"": 64, ""diagonal_warp_atomic"": 0, ""forward_register_bits"": 2, ""forward_threads"": 32, ""legacy_reduction"": 1, ""lookup_bits"": 8, ""mailbox_chunks"": 1, ""ordinary_threads"": 64, ""rotation_warp_atomic"": 0, ""shared_diagonal_threads"": 128}","{""SAD_BLOCK_THREADS"": 32, ""SAD_DIAGONAL_BLOCK_THREADS"": 64, ""SAD_DIAGONAL_LOOKUP_BITS"": 8, ""SAD_DIAGONAL_WARP_ATOMIC"": 0, ""SAD_FORWARD_BLOCK_THREADS"": 32, ""SAD_FORWARD_REGISTER_BITS"": 2, ""SAD_LEGACY_BLOCK_REDUCTION"": 1, ""SAD_MAILBOX_CHUNKS"": 1, ""SAD_ORDINARY_BLOCK_THREADS"": 64, ""SAD_QAOA_BD_FUSION"": 1, ""SAD_REGISTER_BITS"": 2, ""SAD_ROTATION_WARP_ATOMIC"": 0, ""SAD_SHARED_DIAGONAL_BLOCK_THREADS"": 128}",,,10,3,0.10064,0.10072609999999999,0.0323658,0.015562299999999998,0.05279799999999999,ok,
2026-08-23T11:43:26.056254+00:00,ordinary_threads:6:4679bf7992dcde66,ordinary_threads,mera,6,3,"{""backward_register_bits"": 2, ""backward_threads"": 32, ""diagonal_threads"": 64, ""diagonal_warp_atomic"": 0, ""forward_register_bits"": 2, ""forward_threads"": 32, ""legacy_reduction"": 1, ""lookup_bits"": 8, ""mailbox_chunks"": 1, ""ordinary_threads"": 128, ""rotation_warp_atomic"": 0, ""shared_diagonal_threads"": 128}","{""SAD_BLOCK_THREADS"": 32, ""SAD_DIAGONAL_BLOCK_THREADS"": 64, ""SAD_DIAGONAL_LOOKUP_BITS"": 8, ""SAD_DIAGONAL_WARP_ATOMIC"": 0, ""SAD_FORWARD_BLOCK_THREADS"": 32, ""SAD_FORWARD_REGISTER_BITS"": 2, ""SAD_LEGACY_BLOCK_REDUCTION"": 1, ""SAD_MAILBOX_CHUNKS"": 1, ""SAD_ORDINARY_BLOCK_THREADS"": 128, ""SAD_QAOA_BD_FUSION"": 1, ""SAD_REGISTER_BITS"": 2, ""SAD_ROTATION_WARP_ATOMIC"": 0, ""SAD_SHARED_DIAGONAL_BLOCK_THREADS"": 128}",,,10,3,0.1008355,0.10074129999999999,0.0324859,0.0152681,0.05298730000000001,ok,
2026-08-23T11:43:26.066525+00:00,reduction:6:1bff385640bc8f80,reduction,mera,6,3,"{""backward_register_bits"": 2, ""backward_threads"": 32, ""diagonal_threads"": 64, ""diagonal_warp_atomic"": 0, ""forward_register_bits"": 2, ""forward_threads"": 32, ""legacy_reduction"": 1, ""lookup_bits"": 8, ""mailbox_chunks"": 1, ""ordinary_threads"": 128, ""rotation_warp_atomic"": 0, ""shared_diagonal_threads"": 128}","{""SAD_BLOCK_THREADS"": 32, ""SAD_DIAGONAL_BLOCK_THREADS"": 64, ""SAD_DIAGONAL_LOOKUP_BITS"": 8, ""SAD_DIAGONAL_WARP_ATOMIC"": 0, ""SAD_FORWARD_BLOCK_THREADS"": 32, ""SAD_FORWARD_REGISTER_BITS"": 2, ""SAD_LEGACY_BLOCK_REDUCTION"": 1, ""SAD_MAILBOX_CHUNKS"": 1, ""SAD_ORDINARY_BLOCK_THREADS"": 128, ""SAD_QAOA_BD_FUSION"": 1, ""SAD_REGISTER_BITS"": 2, ""SAD_ROTATION_WARP_ATOMIC"": 0, ""SAD_SHARED_DIAGONAL_BLOCK_THREADS"": 128}",,,10,3,0.100289,0.1002143,0.0319626,0.015467800000000002,0.0527839,ok,
2026-08-23T11:43:42.507705+00:00,reduction:6:ff4344b54413f20e,reduction,mera,6,3,"{""backward_register_bits"": 2, ""backward_threads"": 32, ""diagonal_threads"": 64, ""diagonal_warp_atomic"": 0, ""forward_register_bits"": 2, ""forward_threads"": 32, ""legacy_reduction"": 0, ""lookup_bits"": 8, ""mailbox_chunks"": 1, ""ordinary_threads"": 128, ""rotation_warp_atomic"": 0, ""shared_diagonal_threads"": 128}","{""SAD_BLOCK_THREADS"": 32, ""SAD_DIAGONAL_BLOCK_THREADS"": 64, ""SAD_DIAGONAL_LOOKUP_BITS"": 8, ""SAD_DIAGONAL_WARP_ATOMIC"": 0, ""SAD_FORWARD_BLOCK_THREADS"": 32, ""SAD_FORWARD_REGISTER_BITS"": 2, ""SAD_LEGACY_BLOCK_REDUCTION"": 0, ""SAD_MAILBOX_CHUNKS"": 1, ""SAD_ORDINARY_BLOCK_THREADS"": 128, ""SAD_QAOA_BD_FUSION"": 1, ""SAD_REGISTER_BITS"": 2, ""SAD_ROTATION_WARP_ATOMIC"": 0, ""SAD_SHARED_DIAGONAL_BLOCK_THREADS"": 128}",,,10,3,0.0921165,0.09254040000000001,0.03275020000000001,0.0152466,0.044543599999999996,ok,
2026-08-23T11:43:57.945873+00:00,reduction:6:9594f3dcda9b2b14,reduction,mera,6,3,"{""backward_register_bits"": 2, ""backward_threads"": 32, ""diagonal_threads"": 64, ""diagonal_warp_atomic"": 0, ""forward_register_bits"": 2, ""forward_threads"": 32, ""legacy_reduction"": 0, ""lookup_bits"": 8, ""mailbox_chunks"": 1, ""ordinary_threads"": 128, ""rotation_warp_atomic"": 1, ""shared_diagonal_threads"": 128}","{""SAD_BLOCK_THREADS"": 32, ""SAD_DIAGONAL_BLOCK_THREADS"": 64, ""SAD_DIAGONAL_LOOKUP_BITS"": 8, ""SAD_DIAGONAL_WARP_ATOMIC"": 0, ""SAD_FORWARD_BLOCK_THREADS"": 32, ""SAD_FORWARD_REGISTER_BITS"": 2, ""SAD_LEGACY_BLOCK_REDUCTION"": 0, ""SAD_MAILBOX_CHUNKS"": 1, ""SAD_ORDINARY_BLOCK_THREADS"": 128, ""SAD_QAOA_BD_FUSION"": 1, ""SAD_REGISTER_BITS"": 2, ""SAD_ROTATION_WARP_ATOMIC"": 1, ""SAD_SHARED_DIAGONAL_BLOCK_THREADS"": 128}",,,10,3,0.09288600000000001,0.09262599999999999,0.0320463,0.015587299999999998,0.0449924,ok,
2026-08-23T11:43:57.958148+00:00,forward_shape:8:d016eab8a07ed732,forward_shape,mera,8,3,"{""backward_register_bits"": 2, ""backward_threads"": 128, ""diagonal_threads"": 64, ""diagonal_warp_atomic"": 0, ""forward_register_bits"": 2, ""forward_threads"": 32, ""legacy_reduction"": 1, ""lookup_bits"": 8, ""mailbox_chunks"": 1, ""ordinary_threads"": 128, ""rotation_warp_atomic"": 0, ""shared_diagonal_threads"": 128}","{""SAD_BLOCK_THREADS"": 128, ""SAD_DIAGONAL_BLOCK_THREADS"": 64, ""SAD_DIAGONAL_LOOKUP_BITS"": 8, ""SAD_DIAGONAL_WARP_ATOMIC"": 0, ""SAD_FORWARD_BLOCK_THREADS"": 32, ""SAD_FORWARD_REGISTER_BITS"": 2, ""SAD_LEGACY_BLOCK_REDUCTION"": 1, ""SAD_MAILBOX_CHUNKS"": 1, ""SAD_ORDINARY_BLOCK_THREADS"": 128, ""SAD_QAOA_BD_FUSION"": 1, ""SAD_REGISTER_BITS"": 2, ""SAD_ROTATION_WARP_ATOMIC"": 0, ""SAD_SHARED_DIAGONAL_BLOCK_THREADS"": 128}",,,10,3,0.140635,0.1391454,0.039201900000000005,0.015556099999999998,0.0843874,ok,
2026-08-23T11:43:57.969271+00:00,forward_shape:8:063656b273102171,forward_shape,mera,8,3,"{""backward_register_bits"": 2, ""backward_threads"": 128, ""diagonal_threads"": 64, ""diagonal_warp_atomic"": 0, ""forward_register_bits"": 3, ""forward_threads"": 32, ""legacy_reduction"": 1, ""lookup_bits"": 8, ""mailbox_chunks"": 1, ""ordinary_threads"": 128, ""rotation_warp_atomic"": 0, ""shared_diagonal_threads"": 128}","{""SAD_BLOCK_THREADS"": 128, ""SAD_DIAGONAL_BLOCK_THREADS"": 64, ""SAD_DIAGONAL_LOOKUP_BITS"": 8, ""SAD_DIAGONAL_WARP_ATOMIC"": 0, ""SAD_FORWARD_BLOCK_THREADS"": 32, ""SAD_FORWARD_REGISTER_BITS"": 3, ""SAD_LEGACY_BLOCK_REDUCTION"": 1, ""SAD_MAILBOX_CHUNKS"": 1, ""SAD_ORDINARY_BLOCK_THREADS"": 128, ""SAD_QAOA_BD_FUSION"": 1, ""SAD_REGISTER_BITS"": 2, ""SAD_ROTATION_WARP_ATOMIC"": 0, ""SAD_SHARED_DIAGONAL_BLOCK_THREADS"": 128}",,,10,3,0.14809250000000002,0.1452553,0.046832500000000006,0.015658,0.08276480000000001,ok,
2026-08-23T11:43:57.980408+00:00,forward_shape:8:ce2ceae9bb3e9b26,forward_shape,mera,8,3,"{""backward_register_bits"": 2, ""backward_threads"": 128, ""diagonal_threads"": 64, ""diagonal_warp_atomic"": 0, ""forward_register_bits"": 4, ""forward_threads"": 32, ""legacy_reduction"": 1, ""lookup_bits"": 8, ""mailbox_chunks"": 1, ""ordinary_threads"": 128, ""rotation_warp_atomic"": 0, ""shared_diagonal_threads"": 128}","{""SAD_BLOCK_THREADS"": 128, ""SAD_DIAGONAL_BLOCK_THREADS"": 64, ""SAD_DIAGONAL_LOOKUP_BITS"": 8, ""SAD_DIAGONAL_WARP_ATOMIC"": 0, ""SAD_FORWARD_BLOCK_THREADS"": 32, ""SAD_FORWARD_REGISTER_BITS"": 4, ""SAD_LEGACY_BLOCK_REDUCTION"": 1, ""SAD_MAILBOX_CHUNKS"": 1, ""SAD_ORDINARY_BLOCK_THREADS"": 128, ""SAD_QAOA_BD_FUSION"": 1, ""SAD_REGISTER_BITS"": 2, ""SAD_ROTATION_WARP_ATOMIC"": 0, ""SAD_SHARED_DIAGONAL_BLOCK_THREADS"": 128}",,,10,3,0.1566185,0.1555936,0.055730199999999994,0.0154449,0.0844185,ok,
2026-08-23T11:43:57.991546+00:00,forward_shape:8:8760f7b767cf7212,forward_shape,mera,8,3,"{""backward_register_bits"": 2, ""backward_threads"": 128, ""diagonal_threads"": 64, ""diagonal_warp_atomic"": 0, ""forward_register_bits"": 2, ""forward_threads"": 64, ""legacy_reduction"": 1, ""lookup_bits"": 8, ""mailbox_chunks"": 1, ""ordinary_threads"": 128, ""rotation_warp_atomic"": 0, ""shared_diagonal_threads"": 128}","{""SAD_BLOCK_THREADS"": 128, ""SAD_DIAGONAL_BLOCK_THREADS"": 64, ""SAD_DIAGONAL_LOOKUP_BITS"": 8, ""SAD_DIAGONAL_WARP_ATOMIC"": 0, ""SAD_FORWARD_BLOCK_THREADS"": 64, ""SAD_FORWARD_REGISTER_BITS"": 2, ""SAD_LEGACY_BLOCK_REDUCTION"": 1, ""SAD_MAILBOX_CHUNKS"": 1, ""SAD_ORDINARY_BLOCK_THREADS"": 128, ""SAD_QAOA_BD_FUSION"": 1, ""SAD_REGISTER_BITS"": 2, ""SAD_ROTATION_WARP_ATOMIC"": 0, ""SAD_SHARED_DIAGONAL_BLOCK_THREADS"": 128}",,,10,3,0.14024999999999999,0.1394444,0.0382902,0.015990300000000002,0.08516389999999999,ok,
2026-08-23T11:43:58.002569+00:00,forward_shape:8:175a957332e20441,forward_shape,mera,8,3,"{""backward_register_bits"": 2, ""backward_threads"": 128, ""diagonal_threads"": 64, ""diagonal_warp_atomic"": 0, ""forward_register_bits"": 3, ""forward_threads"": 64, ""legacy_reduction"": 1, ""lookup_bits"": 8, ""mailbox_chunks"": 1, ""ordinary_threads"": 128, ""rotation_warp_atomic"": 0, ""shared_diagonal_threads"": 128}","{""SAD_BLOCK_THREADS"": 128, ""SAD_DIAGONAL_BLOCK_THREADS"": 64, ""SAD_DIAGONAL_LOOKUP_BITS"": 8, ""SAD_DIAGONAL_WARP_ATOMIC"": 0, ""SAD_FORWARD_BLOCK_THREADS"": 64, ""SAD_FORWARD_REGISTER_BITS"": 3, ""SAD_LEGACY_BLOCK_REDUCTION"": 1, ""SAD_MAILBOX_CHUNKS"": 1, ""SAD_ORDINARY_BLOCK_THREADS"": 128, ""SAD_QAOA_BD_FUSION"": 1, ""SAD_REGISTER_BITS"": 2, ""SAD_ROTATION_WARP_ATOMIC"": 0, ""SAD_SHARED_DIAGONAL_BLOCK_THREADS"": 128}",,,10,3,0.149321,0.14856329999999998,0.0477483,0.0155446,0.0852704,ok,
2026-08-23T11:43:58.013825+00:00,forward_shape:8:efdb0720134c08ac,forward_shape,mera,8,3,"{""backward_register_bits"": 2, ""backward_threads"": 128, ""diagonal_threads"": 64, ""diagonal_warp_atomic"": 0, ""forward_register_bits"": 4, ""forward_threads"": 64, ""legacy_reduction"": 1, ""lookup_bits"": 8, ""mailbox_chunks"": 1, ""ordinary_threads"": 128, ""rotation_warp_atomic"": 0, ""shared_diagonal_threads"": 128}","{""SAD_BLOCK_THREADS"": 128, ""SAD_DIAGONAL_BLOCK_THREADS"": 64, ""SAD_DIAGONAL_LOOKUP_BITS"": 8, ""SAD_DIAGONAL_WARP_ATOMIC"": 0, ""SAD_FORWARD_BLOCK_THREADS"": 64, ""SAD_FORWARD_REGISTER_BITS"": 4, ""SAD_LEGACY_BLOCK_REDUCTION"": 1, ""SAD_MAILBOX_CHUNKS"": 1, ""SAD_ORDINARY_BLOCK_THREADS"": 128, ""SAD_QAOA_BD_FUSION"": 1, ""SAD_REGISTER_BITS"": 2, ""SAD_ROTATION_WARP_ATOMIC"": 0, ""SAD_SHARED_DIAGONAL_BLOCK_THREADS"": 128}",,,10,3,0.16483699999999998,0.1649192,0.0632134,0.015733,0.0859728,ok,
2026-08-23T11:43:58.025052+00:00,forward_shape:8:4960421d34c7b729,forward_shape,mera,8,3,"{""backward_register_bits"": 2, ""backward_threads"": 128, ""diagonal_threads"": 64, ""diagonal_warp_atomic"": 0, ""forward_register_bits"": 2, ""forward_threads"": 128, ""legacy_reduction"": 1, ""lookup_bits"": 8, ""mailbox_chunks"": 1, ""ordinary_threads"": 128, ""rotation_warp_atomic"": 0, ""shared_diagonal_threads"": 128}","{""SAD_BLOCK_THREADS"": 128, ""SAD_DIAGONAL_BLOCK_THREADS"": 64, ""SAD_DIAGONAL_LOOKUP_BITS"": 8, ""SAD_DIAGONAL_WARP_ATOMIC"": 0, ""SAD_FORWARD_BLOCK_THREADS"": 128, ""SAD_FORWARD_REGISTER_BITS"": 2, ""SAD_LEGACY_BLOCK_REDUCTION"": 1, ""SAD_MAILBOX_CHUNKS"": 1, ""SAD_ORDINARY_BLOCK_THREADS"": 128, ""SAD_QAOA_BD_FUSION"": 1, ""SAD_REGISTER_BITS"": 2, ""SAD_ROTATION_WARP_ATOMIC"": 0, ""SAD_SHARED_DIAGONAL_BLOCK_THREADS"": 128}",,,10,3,0.1463375,0.14525600000000002,0.0445046,0.0155567,0.08519470000000001,ok,
2026-08-23T11:43:58.036330+00:00,forward_shape:8:f58429baca0bdd2b,forward_shape,mera,8,3,"{""backward_register_bits"": 2, ""backward_threads"": 128, ""diagonal_threads"": 64, ""diagonal_warp_atomic"": 0, ""forward_register_bits"": 3, ""forward_threads"": 128, ""legacy_reduction"": 1, ""lookup_bits"": 8, ""mailbox_chunks"": 1, ""ordinary_threads"": 128, ""rotation_warp_atomic"": 0, ""shared_diagonal_threads"": 128}","{""SAD_BLOCK_THREADS"": 128, ""SAD_DIAGONAL_BLOCK_THREADS"": 64, ""SAD_DIAGONAL_LOOKUP_BITS"": 8, ""SAD_DIAGONAL_WARP_ATOMIC"": 0, ""SAD_FORWARD_BLOCK_THREADS"": 128, ""SAD_FORWARD_REGISTER_BITS"": 3, ""SAD_LEGACY_BLOCK_REDUCTION"": 1, ""SAD_MAILBOX_CHUNKS"": 1, ""SAD_ORDINARY_BLOCK_THREADS"": 128, ""SAD_QAOA_BD_FUSION"": 1, ""SAD_REGISTER_BITS"": 2, ""SAD_ROTATION_WARP_ATOMIC"": 0, ""SAD_SHARED_DIAGONAL_BLOCK_THREADS"": 128}",,,10,3,0.163625,0.1614509,0.0621449,0.0157018,0.0836042,ok,
2026-08-23T11:43:58.047849+00:00,forward_shape:8:ba9b6e56e94824ac,forward_shape,mera,8,3,"{""backward_register_bits"": 2, ""backward_threads"": 128, ""diagonal_threads"": 64, ""diagonal_warp_atomic"": 0, ""forward_register_bits"": 4, ""forward_threads"": 128, ""legacy_reduction"": 1, ""lookup_bits"": 8, ""mailbox_chunks"": 1, ""ordinary_threads"": 128, ""rotation_warp_atomic"": 0, ""shared_diagonal_threads"": 128}","{""SAD_BLOCK_THREADS"": 128, ""SAD_DIAGONAL_BLOCK_THREADS"": 64, ""SAD_DIAGONAL_LOOKUP_BITS"": 8, ""SAD_DIAGONAL_WARP_ATOMIC"": 0, ""SAD_FORWARD_BLOCK_THREADS"": 128, ""SAD_FORWARD_REGISTER_BITS"": 4, ""SAD_LEGACY_BLOCK_REDUCTION"": 1, ""SAD_MAILBOX_CHUNKS"": 1, ""SAD_ORDINARY_BLOCK_THREADS"": 128, ""SAD_QAOA_BD_FUSION"": 1, ""SAD_REGISTER_BITS"": 2, ""SAD_ROTATION_WARP_ATOMIC"": 0, ""SAD_SHARED_DIAGONAL_BLOCK_THREADS"": 128}",,,10,3,0.19349550000000001,0.19253679999999998,0.0919929,0.015686099999999998,0.08485780000000001,ok,
2026-08-23T11:43:58.059032+00:00,forward_shape:8:22bb9da406a53a4a,forward_shape,mera,8,3,"{""backward_register_bits"": 2, ""backward_threads"": 128, ""diagonal_threads"": 64, ""diagonal_warp_atomic"": 0, ""forward_register_bits"": 2, ""forward_threads"": 256, ""legacy_reduction"": 1, ""lookup_bits"": 8, ""mailbox_chunks"": 1, ""ordinary_threads"": 128, ""rotation_warp_atomic"": 0, ""shared_diagonal_threads"": 128}","{""SAD_BLOCK_THREADS"": 128, ""SAD_DIAGONAL_BLOCK_THREADS"": 64, ""SAD_DIAGONAL_LOOKUP_BITS"": 8, ""SAD_DIAGONAL_WARP_ATOMIC"": 0, ""SAD_FORWARD_BLOCK_THREADS"": 256, ""SAD_FORWARD_REGISTER_BITS"": 2, ""SAD_LEGACY_BLOCK_REDUCTION"": 1, ""SAD_MAILBOX_CHUNKS"": 1, ""SAD_ORDINARY_BLOCK_THREADS"": 128, ""SAD_QAOA_BD_FUSION"": 1, ""SAD_REGISTER_BITS"": 2, ""SAD_ROTATION_WARP_ATOMIC"": 0, ""SAD_SHARED_DIAGONAL_BLOCK_THREADS"": 128}",,,10,3,0.1574685,0.15632810000000003,0.0561865,0.0157144,0.08442720000000001,ok,
2026-08-23T11:43:58.070637+00:00,forward_shape:8:fcf631e068a3759e,forward_shape,mera,8,3,"{""backward_register_bits"": 2, ""backward_threads"": 128, ""diagonal_threads"": 64, ""diagonal_warp_atomic"": 0, ""forward_register_bits"": 3, ""forward_threads"": 256, ""legacy_reduction"": 1, ""lookup_bits"": 8, ""mailbox_chunks"": 1, ""ordinary_threads"": 128, ""rotation_warp_atomic"": 0, ""shared_diagonal_threads"": 128}","{""SAD_BLOCK_THREADS"": 128, ""SAD_DIAGONAL_BLOCK_THREADS"": 64, ""SAD_DIAGONAL_LOOKUP_BITS"": 8, ""SAD_DIAGONAL_WARP_ATOMIC"": 0, ""SAD_FORWARD_BLOCK_THREADS"": 256, ""SAD_FORWARD_REGISTER_BITS"": 3, ""SAD_LEGACY_BLOCK_REDUCTION"": 1, ""SAD_MAILBOX_CHUNKS"": 1, ""SAD_ORDINARY_BLOCK_THREADS"": 128, ""SAD_QAOA_BD_FUSION"": 1, ""SAD_REGISTER_BITS"": 2, ""SAD_ROTATION_WARP_ATOMIC"": 0, ""SAD_SHARED_DIAGONAL_BLOCK_THREADS"": 128}",,,10,3,0.190364,0.18970199999999998,0.0887038,0.0158808,0.08511740000000001,ok,
2026-08-23T11:43:58.083290+00:00,forward_shape:8:f1ef13041db041a9,forward_shape,mera,8,3,"{""backward_register_bits"": 2, ""backward_threads"": 128, ""diagonal_threads"": 64, ""diagonal_warp_atomic"": 0, ""forward_register_bits"": 4, ""forward_threads"": 256, ""legacy_reduction"": 1, ""lookup_bits"": 8, ""mailbox_chunks"": 1, ""ordinary_threads"": 128, ""rotation_warp_atomic"": 0, ""shared_diagonal_threads"": 128}","{""SAD_BLOCK_THREADS"": 128, ""SAD_DIAGONAL_BLOCK_THREADS"": 64, ""SAD_DIAGONAL_LOOKUP_BITS"": 8, ""SAD_DIAGONAL_WARP_ATOMIC"": 0, ""SAD_FORWARD_BLOCK_THREADS"": 256, ""SAD_FORWARD_REGISTER_BITS"": 4, ""SAD_LEGACY_BLOCK_REDUCTION"": 1, ""SAD_MAILBOX_CHUNKS"": 1, ""SAD_ORDINARY_BLOCK_THREADS"": 128, ""SAD_QAOA_BD_FUSION"": 1, ""SAD_REGISTER_BITS"": 2, ""SAD_ROTATION_WARP_ATOMIC"": 0, ""SAD_SHARED_DIAGONAL_BLOCK_THREADS"": 128}",,,10,3,0.243495,0.2682474,0.1422534,0.0393791,0.08661490000000001,ok,
2026-08-23T11:44:13.569750+00:00,backward_shape:8:497315ff5c1926e2,backward_shape,mera,8,3,"{""backward_register_bits"": 2, ""backward_threads"": 32, ""diagonal_threads"": 64, ""diagonal_warp_atomic"": 0, ""forward_register_bits"": 2, ""forward_threads"": 64, ""legacy_reduction"": 1, ""lookup_bits"": 8, ""mailbox_chunks"": 1, ""ordinary_threads"": 128, ""rotation_warp_atomic"": 0, ""shared_diagonal_threads"": 128}","{""SAD_BLOCK_THREADS"": 32, ""SAD_DIAGONAL_BLOCK_THREADS"": 64, ""SAD_DIAGONAL_LOOKUP_BITS"": 8, ""SAD_DIAGONAL_WARP_ATOMIC"": 0, ""SAD_FORWARD_BLOCK_THREADS"": 64, ""SAD_FORWARD_REGISTER_BITS"": 2, ""SAD_LEGACY_BLOCK_REDUCTION"": 1, ""SAD_MAILBOX_CHUNKS"": 1, ""SAD_ORDINARY_BLOCK_THREADS"": 128, ""SAD_QAOA_BD_FUSION"": 1, ""SAD_REGISTER_BITS"": 2, ""SAD_ROTATION_WARP_ATOMIC"": 0, ""SAD_SHARED_DIAGONAL_BLOCK_THREADS"": 128}",,,10,3,0.11473799999999999,0.11485259999999999,0.0385552,0.015421500000000001,0.0608759,ok,
2026-08-23T11:44:35.096523+00:00,backward_shape:8:0dfe0d5078c15157,backward_shape,mera,8,3,"{""backward_register_bits"": 3, ""backward_threads"": 32, ""diagonal_threads"": 64, ""diagonal_warp_atomic"": 0, ""forward_register_bits"": 2, ""forward_threads"": 64, ""legacy_reduction"": 1, ""lookup_bits"": 8, ""mailbox_chunks"": 1, ""ordinary_threads"": 128, ""rotation_warp_atomic"": 0, ""shared_diagonal_threads"": 128}","{""SAD_BLOCK_THREADS"": 32, ""SAD_DIAGONAL_BLOCK_THREADS"": 64, ""SAD_DIAGONAL_LOOKUP_BITS"": 8, ""SAD_DIAGONAL_WARP_ATOMIC"": 0, ""SAD_FORWARD_BLOCK_THREADS"": 64, ""SAD_FORWARD_REGISTER_BITS"": 2, ""SAD_LEGACY_BLOCK_REDUCTION"": 1, ""SAD_MAILBOX_CHUNKS"": 1, ""SAD_ORDINARY_BLOCK_THREADS"": 128, ""SAD_QAOA_BD_FUSION"": 1, ""SAD_REGISTER_BITS"": 3, ""SAD_ROTATION_WARP_ATOMIC"": 0, ""SAD_SHARED_DIAGONAL_BLOCK_THREADS"": 128}",,,10,3,0.1310755,0.1312292,0.038244999999999994,0.0155677,0.0774165,ok,
2026-08-23T11:45:21.380683+00:00,backward_shape:8:9ce3aed5386bb3bd,backward_shape,mera,8,3,"{""backward_register_bits"": 4, ""backward_threads"": 32, ""diagonal_threads"": 64, ""diagonal_warp_atomic"": 0, ""forward_register_bits"": 2, ""forward_threads"": 64, ""legacy_reduction"": 1, ""lookup_bits"": 8, ""mailbox_chunks"": 1, ""ordinary_threads"": 128, ""rotation_warp_atomic"": 0, ""shared_diagonal_threads"": 128}","{""SAD_BLOCK_THREADS"": 32, ""SAD_DIAGONAL_BLOCK_THREADS"": 64, ""SAD_DIAGONAL_LOOKUP_BITS"": 8, ""SAD_DIAGONAL_WARP_ATOMIC"": 0, ""SAD_FORWARD_BLOCK_THREADS"": 64, ""SAD_FORWARD_REGISTER_BITS"": 2, ""SAD_LEGACY_BLOCK_REDUCTION"": 1, ""SAD_MAILBOX_CHUNKS"": 1, ""SAD_ORDINARY_BLOCK_THREADS"": 128, ""SAD_QAOA_BD_FUSION"": 1, ""SAD_REGISTER_BITS"": 4, ""SAD_ROTATION_WARP_ATOMIC"": 0, ""SAD_SHARED_DIAGONAL_BLOCK_THREADS"": 128}",,,10,3,0.172962,0.1728295,0.038795199999999995,0.015239299999999999,0.11879499999999998,ok,
2026-08-23T11:45:21.405784+00:00,backward_shape:8:f1bb6adaffb69f6a,backward_shape,mera,8,3,"{""backward_register_bits"": 2, ""backward_threads"": 64, ""diagonal_threads"": 64, ""diagonal_warp_atomic"": 0, ""forward_register_bits"": 2, ""forward_threads"": 64, ""legacy_reduction"": 1, ""lookup_bits"": 8, ""mailbox_chunks"": 1, ""ordinary_threads"": 128, ""rotation_warp_atomic"": 0, ""shared_diagonal_threads"": 128}","{""SAD_BLOCK_THREADS"": 64, ""SAD_DIAGONAL_BLOCK_THREADS"": 64, ""SAD_DIAGONAL_LOOKUP_BITS"": 8, ""SAD_DIAGONAL_WARP_ATOMIC"": 0, ""SAD_FORWARD_BLOCK_THREADS"": 64, ""SAD_FORWARD_REGISTER_BITS"": 2, ""SAD_LEGACY_BLOCK_REDUCTION"": 1, ""SAD_MAILBOX_CHUNKS"": 1, ""SAD_ORDINARY_BLOCK_THREADS"": 128, ""SAD_QAOA_BD_FUSION"": 1, ""SAD_REGISTER_BITS"": 2, ""SAD_ROTATION_WARP_ATOMIC"": 0, ""SAD_SHARED_DIAGONAL_BLOCK_THREADS"": 128}",,,10,3,0.114613,0.1144445,0.0381174,0.015280799999999997,0.061046300000000005,ok,
2026-08-23T11:45:45.121276+00:00,backward_shape:8:7ae541ff8750f314,backward_shape,mera,8,3,"{""backward_register_bits"": 3, ""backward_threads"": 64, ""diagonal_threads"": 64, ""diagonal_warp_atomic"": 0, ""forward_register_bits"": 2, ""forward_threads"": 64, ""legacy_reduction"": 1, ""lookup_bits"": 8, ""mailbox_chunks"": 1, ""ordinary_threads"": 128, ""rotation_warp_atomic"": 0, ""shared_diagonal_threads"": 128}","{""SAD_BLOCK_THREADS"": 64, ""SAD_DIAGONAL_BLOCK_THREADS"": 64, ""SAD_DIAGONAL_LOOKUP_BITS"": 8, ""SAD_DIAGONAL_WARP_ATOMIC"": 0, ""SAD_FORWARD_BLOCK_THREADS"": 64, ""SAD_FORWARD_REGISTER_BITS"": 2, ""SAD_LEGACY_BLOCK_REDUCTION"": 1, ""SAD_MAILBOX_CHUNKS"": 1, ""SAD_ORDINARY_BLOCK_THREADS"": 128, ""SAD_QAOA_BD_FUSION"": 1, ""SAD_REGISTER_BITS"": 3, ""SAD_ROTATION_WARP_ATOMIC"": 0, ""SAD_SHARED_DIAGONAL_BLOCK_THREADS"": 128}",,,10,3,0.14026499999999997,0.1397403,0.038542,0.0153592,0.0858391,ok,
2026-08-23T11:46:39.933576+00:00,backward_shape:8:fde155539f78fed7,backward_shape,mera,8,3,"{""backward_register_bits"": 4, ""backward_threads"": 64, ""diagonal_threads"": 64, ""diagonal_warp_atomic"": 0, ""forward_register_bits"": 2, ""forward_threads"": 64, ""legacy_reduction"": 1, ""lookup_bits"": 8, ""mailbox_chunks"": 1, ""ordinary_threads"": 128, ""rotation_warp_atomic"": 0, ""shared_diagonal_threads"": 128}","{""SAD_BLOCK_THREADS"": 64, ""SAD_DIAGONAL_BLOCK_THREADS"": 64, ""SAD_DIAGONAL_LOOKUP_BITS"": 8, ""SAD_DIAGONAL_WARP_ATOMIC"": 0, ""SAD_FORWARD_BLOCK_THREADS"": 64, ""SAD_FORWARD_REGISTER_BITS"": 2, ""SAD_LEGACY_BLOCK_REDUCTION"": 1, ""SAD_MAILBOX_CHUNKS"": 1, ""SAD_ORDINARY_BLOCK_THREADS"": 128, ""SAD_QAOA_BD_FUSION"": 1, ""SAD_REGISTER_BITS"": 4, ""SAD_ROTATION_WARP_ATOMIC"": 0, ""SAD_SHARED_DIAGONAL_BLOCK_THREADS"": 128}",,,10,3,0.18893000000000001,0.1888971,0.0383352,0.0155676,0.13499429999999998,ok,
2026-08-23T11:46:39.945233+00:00,backward_shape:8:4c148c644f351d8a,backward_shape,mera,8,3,"{""backward_register_bits"": 2, ""backward_threads"": 128, ""diagonal_threads"": 64, ""diagonal_warp_atomic"": 0, ""forward_register_bits"": 2, ""forward_threads"": 64, ""legacy_reduction"": 1, ""lookup_bits"": 8, ""mailbox_chunks"": 1, ""ordinary_threads"": 128, ""rotation_warp_atomic"": 0, ""shared_diagonal_threads"": 128}","{""SAD_BLOCK_THREADS"": 128, ""SAD_DIAGONAL_BLOCK_THREADS"": 64, ""SAD_DIAGONAL_LOOKUP_BITS"": 8, ""SAD_DIAGONAL_WARP_ATOMIC"": 0, ""SAD_FORWARD_BLOCK_THREADS"": 64, ""SAD_FORWARD_REGISTER_BITS"": 2, ""SAD_LEGACY_BLOCK_REDUCTION"": 1, ""SAD_MAILBOX_CHUNKS"": 1, ""SAD_ORDINARY_BLOCK_THREADS"": 128, ""SAD_QAOA_BD_FUSION"": 1, ""SAD_REGISTER_BITS"": 2, ""SAD_ROTATION_WARP_ATOMIC"": 0, ""SAD_SHARED_DIAGONAL_BLOCK_THREADS"": 128}",,,10,3,0.1402375,0.14001299999999997,0.0388923,0.0158308,0.0852899,ok,
2026-08-23T11:47:06.291598+00:00,backward_shape:8:173c13e5b9c515d9,backward_shape,mera,8,3,"{""backward_register_bits"": 3, ""backward_threads"": 128, ""diagonal_threads"": 64, ""diagonal_warp_atomic"": 0, ""forward_register_bits"": 2, ""forward_threads"": 64, ""legacy_reduction"": 1, ""lookup_bits"": 8, ""mailbox_chunks"": 1, ""ordinary_threads"": 128, ""rotation_warp_atomic"": 0, ""shared_diagonal_threads"": 128}","{""SAD_BLOCK_THREADS"": 128, ""SAD_DIAGONAL_BLOCK_THREADS"": 64, ""SAD_DIAGONAL_LOOKUP_BITS"": 8, ""SAD_DIAGONAL_WARP_ATOMIC"": 0, ""SAD_FORWARD_BLOCK_THREADS"": 64, ""SAD_FORWARD_REGISTER_BITS"": 2, ""SAD_LEGACY_BLOCK_REDUCTION"": 1, ""SAD_MAILBOX_CHUNKS"": 1, ""SAD_ORDINARY_BLOCK_THREADS"": 128, ""SAD_QAOA_BD_FUSION"": 1, ""SAD_REGISTER_BITS"": 3, ""SAD_ROTATION_WARP_ATOMIC"": 0, ""SAD_SHARED_DIAGONAL_BLOCK_THREADS"": 128}",,,10,3,0.18088100000000001,0.20509220000000003,0.0384593,0.0398936,0.1267393,ok,
2026-08-23T11:48:11.355211+00:00,backward_shape:8:f0864bd734674e7d,backward_shape,mera,8,3,"{""backward_register_bits"": 4, ""backward_threads"": 128, ""diagonal_threads"": 64, ""diagonal_warp_atomic"": 0, ""forward_register_bits"": 2, ""forward_threads"": 64, ""legacy_reduction"": 1, ""lookup_bits"": 8, ""mailbox_chunks"": 1, ""ordinary_threads"": 128, ""rotation_warp_atomic"": 0, ""shared_diagonal_threads"": 128}","{""SAD_BLOCK_THREADS"": 128, ""SAD_DIAGONAL_BLOCK_THREADS"": 64, ""SAD_DIAGONAL_LOOKUP_BITS"": 8, ""SAD_DIAGONAL_WARP_ATOMIC"": 0, ""SAD_FORWARD_BLOCK_THREADS"": 64, ""SAD_FORWARD_REGISTER_BITS"": 2, ""SAD_LEGACY_BLOCK_REDUCTION"": 1, ""SAD_MAILBOX_CHUNKS"": 1, ""SAD_ORDINARY_BLOCK_THREADS"": 128, ""SAD_QAOA_BD_FUSION"": 1, ""SAD_REGISTER_BITS"": 4, ""SAD_ROTATION_WARP_ATOMIC"": 0, ""SAD_SHARED_DIAGONAL_BLOCK_THREADS"": 128}",,,10,3,0.254776,0.2545068,0.038807,0.015293399999999999,0.20040639999999998,ok,
2026-08-23T11:48:29.331543+00:00,backward_shape:8:e3cfc57da3eec0df,backward_shape,mera,8,3,"{""backward_register_bits"": 2, ""backward_threads"": 256, ""diagonal_threads"": 64, ""diagonal_warp_atomic"": 0, ""forward_register_bits"": 2, ""forward_threads"": 64, ""legacy_reduction"": 1, ""lookup_bits"": 8, ""mailbox_chunks"": 1, ""ordinary_threads"": 128, ""rotation_warp_atomic"": 0, ""shared_diagonal_threads"": 128}","{""SAD_BLOCK_THREADS"": 256, ""SAD_DIAGONAL_BLOCK_THREADS"": 64, ""SAD_DIAGONAL_LOOKUP_BITS"": 8, ""SAD_DIAGONAL_WARP_ATOMIC"": 0, ""SAD_FORWARD_BLOCK_THREADS"": 64, ""SAD_FORWARD_REGISTER_BITS"": 2, ""SAD_LEGACY_BLOCK_REDUCTION"": 1, ""SAD_MAILBOX_CHUNKS"": 1, ""SAD_ORDINARY_BLOCK_THREADS"": 128, ""SAD_QAOA_BD_FUSION"": 1, ""SAD_REGISTER_BITS"": 2, ""SAD_ROTATION_WARP_ATOMIC"": 0, ""SAD_SHARED_DIAGONAL_BLOCK_THREADS"": 128}",,,10,3,0.179285,0.1771028,0.038340900000000004,0.0155496,0.12321229999999998,ok,
2026-08-23T11:48:58.670745+00:00,backward_shape:8:3688081c4a0a547d,backward_shape,mera,8,3,"{""backward_register_bits"": 3, ""backward_threads"": 256, ""diagonal_threads"": 64, ""diagonal_warp_atomic"": 0, ""forward_register_bits"": 2, ""forward_threads"": 64, ""legacy_reduction"": 1, ""lookup_bits"": 8, ""mailbox_chunks"": 1, ""ordinary_threads"": 128, ""rotation_warp_atomic"": 0, ""shared_diagonal_threads"": 128}","{""SAD_BLOCK_THREADS"": 256, ""SAD_DIAGONAL_BLOCK_THREADS"": 64, ""SAD_DIAGONAL_LOOKUP_BITS"": 8, ""SAD_DIAGONAL_WARP_ATOMIC"": 0, ""SAD_FORWARD_BLOCK_THREADS"": 64, ""SAD_FORWARD_REGISTER_BITS"": 2, ""SAD_LEGACY_BLOCK_REDUCTION"": 1, ""SAD_MAILBOX_CHUNKS"": 1, ""SAD_ORDINARY_BLOCK_THREADS"": 128, ""SAD_QAOA_BD_FUSION"": 1, ""SAD_REGISTER_BITS"": 3, ""SAD_ROTATION_WARP_ATOMIC"": 0, ""SAD_SHARED_DIAGONAL_BLOCK_THREADS"": 128}",,,10,3,0.26209249999999995,0.2625937,0.0385411,0.015386100000000002,0.20866650000000003,ok,
2026-08-23T11:50:14.013898+00:00,backward_shape:8:176fe9afb0df0c54,backward_shape,mera,8,3,"{""backward_register_bits"": 4, ""backward_threads"": 256, ""diagonal_threads"": 64, ""diagonal_warp_atomic"": 0, ""forward_register_bits"": 2, ""forward_threads"": 64, ""legacy_reduction"": 1, ""lookup_bits"": 8, ""mailbox_chunks"": 1, ""ordinary_threads"": 128, ""rotation_warp_atomic"": 0, ""shared_diagonal_threads"": 128}","{""SAD_BLOCK_THREADS"": 256, ""SAD_DIAGONAL_BLOCK_THREADS"": 64, ""SAD_DIAGONAL_LOOKUP_BITS"": 8, ""SAD_DIAGONAL_WARP_ATOMIC"": 0, ""SAD_FORWARD_BLOCK_THREADS"": 64, ""SAD_FORWARD_REGISTER_BITS"": 2, ""SAD_LEGACY_BLOCK_REDUCTION"": 1, ""SAD_MAILBOX_CHUNKS"": 1, ""SAD_ORDINARY_BLOCK_THREADS"": 128, ""SAD_QAOA_BD_FUSION"": 1, ""SAD_REGISTER_BITS"": 4, ""SAD_ROTATION_WARP_ATOMIC"": 0, ""SAD_SHARED_DIAGONAL_BLOCK_THREADS"": 128}",,,10,3,0.417919,0.4189532,0.0386982,0.0163465,0.3639085,ok,
2026-08-23T11:50:29.451484+00:00,ordinary_threads:8:ce605e2ca581f3cd,ordinary_threads,mera,8,3,"{""backward_register_bits"": 2, ""backward_threads"": 32, ""diagonal_threads"": 64, ""diagonal_warp_atomic"": 0, ""forward_register_bits"": 2, ""forward_threads"": 64, ""legacy_reduction"": 1, ""lookup_bits"": 8, ""mailbox_chunks"": 1, ""ordinary_threads"": 64, ""rotation_warp_atomic"": 0, ""shared_diagonal_threads"": 128}","{""SAD_BLOCK_THREADS"": 32, ""SAD_DIAGONAL_BLOCK_THREADS"": 64, ""SAD_DIAGONAL_LOOKUP_BITS"": 8, ""SAD_DIAGONAL_WARP_ATOMIC"": 0, ""SAD_FORWARD_BLOCK_THREADS"": 64, ""SAD_FORWARD_REGISTER_BITS"": 2, ""SAD_LEGACY_BLOCK_REDUCTION"": 1, ""SAD_MAILBOX_CHUNKS"": 1, ""SAD_ORDINARY_BLOCK_THREADS"": 64, ""SAD_QAOA_BD_FUSION"": 1, ""SAD_REGISTER_BITS"": 2, ""SAD_ROTATION_WARP_ATOMIC"": 0, ""SAD_SHARED_DIAGONAL_BLOCK_THREADS"": 128}",,,10,3,0.11558399999999999,0.11567129999999999,0.0391116,0.0155134,0.061046300000000005,ok,
2026-08-23T11:50:29.463467+00:00,ordinary_threads:8:f3c82806158da803,ordinary_threads,mera,8,3,"{""backward_register_bits"": 2, ""backward_threads"": 32, ""diagonal_threads"": 64, ""diagonal_warp_atomic"": 0, ""forward_register_bits"": 2, ""forward_threads"": 64, ""legacy_reduction"": 1, ""lookup_bits"": 8, ""mailbox_chunks"": 1, ""ordinary_threads"": 128, ""rotation_warp_atomic"": 0, ""shared_diagonal_threads"": 128}","{""SAD_BLOCK_THREADS"": 32, ""SAD_DIAGONAL_BLOCK_THREADS"": 64, ""SAD_DIAGONAL_LOOKUP_BITS"": 8, ""SAD_DIAGONAL_WARP_ATOMIC"": 0, ""SAD_FORWARD_BLOCK_THREADS"": 64, ""SAD_FORWARD_REGISTER_BITS"": 2, ""SAD_LEGACY_BLOCK_REDUCTION"": 1, ""SAD_MAILBOX_CHUNKS"": 1, ""SAD_ORDINARY_BLOCK_THREADS"": 128, ""SAD_QAOA_BD_FUSION"": 1, ""SAD_REGISTER_BITS"": 2, ""SAD_ROTATION_WARP_ATOMIC"": 0, ""SAD_SHARED_DIAGONAL_BLOCK_THREADS"": 128}",,,10,3,0.114707,0.11484590000000001,0.0381425,0.015460199999999999,0.0612432,ok,
2026-08-23T11:50:29.474577+00:00,reduction:8:982bbe4548b85aa6,reduction,mera,8,3,"{""backward_register_bits"": 2, ""backward_threads"": 32, ""diagonal_threads"": 64, ""diagonal_warp_atomic"": 0, ""forward_register_bits"": 2, ""forward_threads"": 64, ""legacy_reduction"": 1, ""lookup_bits"": 8, ""mailbox_chunks"": 1, ""ordinary_threads"": 128, ""rotation_warp_atomic"": 0, ""shared_diagonal_threads"": 128}","{""SAD_BLOCK_THREADS"": 32, ""SAD_DIAGONAL_BLOCK_THREADS"": 64, ""SAD_DIAGONAL_LOOKUP_BITS"": 8, ""SAD_DIAGONAL_WARP_ATOMIC"": 0, ""SAD_FORWARD_BLOCK_THREADS"": 64, ""SAD_FORWARD_REGISTER_BITS"": 2, ""SAD_LEGACY_BLOCK_REDUCTION"": 1, ""SAD_MAILBOX_CHUNKS"": 1, ""SAD_ORDINARY_BLOCK_THREADS"": 128, ""SAD_QAOA_BD_FUSION"": 1, ""SAD_REGISTER_BITS"": 2, ""SAD_ROTATION_WARP_ATOMIC"": 0, ""SAD_SHARED_DIAGONAL_BLOCK_THREADS"": 128}",,,10,3,0.11563599999999999,0.1189012,0.0384974,0.0179557,0.0624481,ok,
2026-08-23T11:50:46.183740+00:00,reduction:8:e4c68e4f0caa37bb,reduction,mera,8,3,"{""backward_register_bits"": 2, ""backward_threads"": 32, ""diagonal_threads"": 64, ""diagonal_warp_atomic"": 0, ""forward_register_bits"": 2, ""forward_threads"": 64, ""legacy_reduction"": 0, ""lookup_bits"": 8, ""mailbox_chunks"": 1, ""ordinary_threads"": 128, ""rotation_warp_atomic"": 0, ""shared_diagonal_threads"": 128}","{""SAD_BLOCK_THREADS"": 32, ""SAD_DIAGONAL_BLOCK_THREADS"": 64, ""SAD_DIAGONAL_LOOKUP_BITS"": 8, ""SAD_DIAGONAL_WARP_ATOMIC"": 0, ""SAD_FORWARD_BLOCK_THREADS"": 64, ""SAD_FORWARD_REGISTER_BITS"": 2, ""SAD_LEGACY_BLOCK_REDUCTION"": 0, ""SAD_MAILBOX_CHUNKS"": 1, ""SAD_ORDINARY_BLOCK_THREADS"": 128, ""SAD_QAOA_BD_FUSION"": 1, ""SAD_REGISTER_BITS"": 2, ""SAD_ROTATION_WARP_ATOMIC"": 0, ""SAD_SHARED_DIAGONAL_BLOCK_THREADS"": 128}",,,10,3,0.114631,0.1145513,0.0387223,0.0152913,0.0605377,ok,
2026-08-23T11:51:01.888772+00:00,reduction:8:fda0892a26bf0e79,reduction,mera,8,3,"{""backward_register_bits"": 2, ""backward_threads"": 32, ""diagonal_threads"": 64, ""diagonal_warp_atomic"": 0, ""forward_register_bits"": 2, ""forward_threads"": 64, ""legacy_reduction"": 0, ""lookup_bits"": 8, ""mailbox_chunks"": 1, ""ordinary_threads"": 128, ""rotation_warp_atomic"": 1, ""shared_diagonal_threads"": 128}","{""SAD_BLOCK_THREADS"": 32, ""SAD_DIAGONAL_BLOCK_THREADS"": 64, ""SAD_DIAGONAL_LOOKUP_BITS"": 8, ""SAD_DIAGONAL_WARP_ATOMIC"": 0, ""SAD_FORWARD_BLOCK_THREADS"": 64, ""SAD_FORWARD_REGISTER_BITS"": 2, ""SAD_LEGACY_BLOCK_REDUCTION"": 0, ""SAD_MAILBOX_CHUNKS"": 1, ""SAD_ORDINARY_BLOCK_THREADS"": 128, ""SAD_QAOA_BD_FUSION"": 1, ""SAD_REGISTER_BITS"": 2, ""SAD_ROTATION_WARP_ATOMIC"": 1, ""SAD_SHARED_DIAGONAL_BLOCK_THREADS"": 128}",,,10,3,0.10748849999999999,0.1074635,0.0388177,0.0154951,0.0531507,ok,
2026-08-23T11:51:01.901811+00:00,forward_shape:10:94fbd3737eb13fbd,forward_shape,mera,10,4,"{""backward_register_bits"": 2, ""backward_threads"": 128, ""diagonal_threads"": 64, ""diagonal_warp_atomic"": 0, ""forward_register_bits"": 2, ""forward_threads"": 32, ""legacy_reduction"": 1, ""lookup_bits"": 8, ""mailbox_chunks"": 1, ""ordinary_threads"": 128, ""rotation_warp_atomic"": 0, ""shared_diagonal_threads"": 128}","{""SAD_BLOCK_THREADS"": 128, ""SAD_DIAGONAL_BLOCK_THREADS"": 64, ""SAD_DIAGONAL_LOOKUP_BITS"": 8, ""SAD_DIAGONAL_WARP_ATOMIC"": 0, ""SAD_FORWARD_BLOCK_THREADS"": 32, ""SAD_FORWARD_REGISTER_BITS"": 2, ""SAD_LEGACY_BLOCK_REDUCTION"": 1, ""SAD_MAILBOX_CHUNKS"": 1, ""SAD_ORDINARY_BLOCK_THREADS"": 128, ""SAD_QAOA_BD_FUSION"": 1, ""SAD_REGISTER_BITS"": 2, ""SAD_ROTATION_WARP_ATOMIC"": 0, ""SAD_SHARED_DIAGONAL_BLOCK_THREADS"": 128}",,,10,3,0.19219450000000002,0.1923234,0.0548448,0.0157055,0.12177310000000001,ok,
2026-08-23T11:51:01.914284+00:00,forward_shape:10:9567245e22d09027,forward_shape,mera,10,4,"{""backward_register_bits"": 2, ""backward_threads"": 128, ""diagonal_threads"": 64, ""diagonal_warp_atomic"": 0, ""forward_register_bits"": 3, ""forward_threads"": 32, ""legacy_reduction"": 1, ""lookup_bits"": 8, ""mailbox_chunks"": 1, ""ordinary_threads"": 128, ""rotation_warp_atomic"": 0, ""shared_diagonal_threads"": 128}","{""SAD_BLOCK_THREADS"": 128, ""SAD_DIAGONAL_BLOCK_THREADS"": 64, ""SAD_DIAGONAL_LOOKUP_BITS"": 8, ""SAD_DIAGONAL_WARP_ATOMIC"": 0, ""SAD_FORWARD_BLOCK_THREADS"": 32, ""SAD_FORWARD_REGISTER_BITS"": 3, ""SAD_LEGACY_BLOCK_REDUCTION"": 1, ""SAD_MAILBOX_CHUNKS"": 1, ""SAD_ORDINARY_BLOCK_THREADS"": 128, ""SAD_QAOA_BD_FUSION"": 1, ""SAD_REGISTER_BITS"": 2, ""SAD_ROTATION_WARP_ATOMIC"": 0, ""SAD_SHARED_DIAGONAL_BLOCK_THREADS"": 128}",,,10,3,0.204732,0.22930699999999998,0.0916032,0.0158575,0.12184629999999999,ok,
2026-08-23T11:51:01.926514+00:00,forward_shape:10:8c49fd4b7b757a91,forward_shape,mera,10,4,"{""backward_register_bits"": 2, ""backward_threads"": 128, ""diagonal_threads"": 64, ""diagonal_warp_atomic"": 0, ""forward_register_bits"": 4, ""forward_threads"": 32, ""legacy_reduction"": 1, ""lookup_bits"": 8, ""mailbox_chunks"": 1, ""ordinary_threads"": 128, ""rotation_warp_atomic"": 0, ""shared_diagonal_threads"": 128}","{""SAD_BLOCK_THREADS"": 128, ""SAD_DIAGONAL_BLOCK_THREADS"": 64, ""SAD_DIAGONAL_LOOKUP_BITS"": 8, ""SAD_DIAGONAL_WARP_ATOMIC"": 0, ""SAD_FORWARD_BLOCK_THREADS"": 32, ""SAD_FORWARD_REGISTER_BITS"": 4, ""SAD_LEGACY_BLOCK_REDUCTION"": 1, ""SAD_MAILBOX_CHUNKS"": 1, ""SAD_ORDINARY_BLOCK_THREADS"": 128, ""SAD_QAOA_BD_FUSION"": 1, ""SAD_REGISTER_BITS"": 2, ""SAD_ROTATION_WARP_ATOMIC"": 0, ""SAD_SHARED_DIAGONAL_BLOCK_THREADS"": 128}",,,10,3,0.22427,0.2247233,0.0863621,0.015824500000000002,0.12253669999999998,ok,
2026-08-23T11:51:01.938526+00:00,forward_shape:10:964db156f6165c72,forward_shape,mera,10,4,"{""backward_register_bits"": 2, ""backward_threads"": 128, ""diagonal_threads"": 64, ""diagonal_warp_atomic"": 0, ""forward_register_bits"": 2, ""forward_threads"": 64, ""legacy_reduction"": 1, ""lookup_bits"": 8, ""mailbox_chunks"": 1, ""ordinary_threads"": 128, ""rotation_warp_atomic"": 0, ""shared_diagonal_threads"": 128}","{""SAD_BLOCK_THREADS"": 128, ""SAD_DIAGONAL_BLOCK_THREADS"": 64, ""SAD_DIAGONAL_LOOKUP_BITS"": 8, ""SAD_DIAGONAL_WARP_ATOMIC"": 0, ""SAD_FORWARD_BLOCK_THREADS"": 64, ""SAD_FORWARD_REGISTER_BITS"": 2, ""SAD_LEGACY_BLOCK_REDUCTION"": 1, ""SAD_MAILBOX_CHUNKS"": 1, ""SAD_ORDINARY_BLOCK_THREADS"": 128, ""SAD_QAOA_BD_FUSION"": 1, ""SAD_REGISTER_BITS"": 2, ""SAD_ROTATION_WARP_ATOMIC"": 0, ""SAD_SHARED_DIAGONAL_BLOCK_THREADS"": 128}",,,10,3,0.192383,0.2171093,0.0546122,0.0157914,0.14670569999999997,ok,
2026-08-23T11:51:01.950509+00:00,forward_shape:10:8b54ace12a1d182c,forward_shape,mera,10,4,"{""backward_register_bits"": 2, ""backward_threads"": 128, ""diagonal_threads"": 64, ""diagonal_warp_atomic"": 0, ""forward_register_bits"": 3, ""forward_threads"": 64, ""legacy_reduction"": 1, ""lookup_bits"": 8, ""mailbox_chunks"": 1, ""ordinary_threads"": 128, ""rotation_warp_atomic"": 0, ""shared_diagonal_threads"": 128}","{""SAD_BLOCK_THREADS"": 128, ""SAD_DIAGONAL_BLOCK_THREADS"": 64, ""SAD_DIAGONAL_LOOKUP_BITS"": 8, ""SAD_DIAGONAL_WARP_ATOMIC"": 0, ""SAD_FORWARD_BLOCK_THREADS"": 64, ""SAD_FORWARD_REGISTER_BITS"": 3, ""SAD_LEGACY_BLOCK_REDUCTION"": 1, ""SAD_MAILBOX_CHUNKS"": 1, ""SAD_ORDINARY_BLOCK_THREADS"": 128, ""SAD_QAOA_BD_FUSION"": 1, ""SAD_REGISTER_BITS"": 2, ""SAD_ROTATION_WARP_ATOMIC"": 0, ""SAD_SHARED_DIAGONAL_BLOCK_THREADS"": 128}",,,10,3,0.210898,0.21091189999999999,0.0731476,0.015895899999999998,0.1218684,ok,
2026-08-23T11:51:01.963095+00:00,forward_shape:10:f54cf10c9b4d2050,forward_shape,mera,10,4,"{""backward_register_bits"": 2, ""backward_threads"": 128, ""diagonal_threads"": 64, ""diagonal_warp_atomic"": 0, ""forward_register_bits"": 4, ""forward_threads"": 64, ""legacy_reduction"": 1, ""lookup_bits"": 8, ""mailbox_chunks"": 1, ""ordinary_threads"": 128, ""rotation_warp_atomic"": 0, ""shared_diagonal_threads"": 128}","{""SAD_BLOCK_THREADS"": 128, ""SAD_DIAGONAL_BLOCK_THREADS"": 64, ""SAD_DIAGONAL_LOOKUP_BITS"": 8, ""SAD_DIAGONAL_WARP_ATOMIC"": 0, ""SAD_FORWARD_BLOCK_THREADS"": 64, ""SAD_FORWARD_REGISTER_BITS"": 4, ""SAD_LEGACY_BLOCK_REDUCTION"": 1, ""SAD_MAILBOX_CHUNKS"": 1, ""SAD_ORDINARY_BLOCK_THREADS"": 128, ""SAD_QAOA_BD_FUSION"": 1, ""SAD_REGISTER_BITS"": 2, ""SAD_ROTATION_WARP_ATOMIC"": 0, ""SAD_SHARED_DIAGONAL_BLOCK_THREADS"": 128}",,,10,3,0.234472,0.2591347,0.0974111,0.039754199999999996,0.12196939999999998,ok,
2026-08-23T11:51:01.975135+00:00,forward_shape:10:710237922b6f3fe8,forward_shape,mera,10,4,"{""backward_register_bits"": 2, ""backward_threads"": 128, ""diagonal_threads"": 64, ""diagonal_warp_atomic"": 0, ""forward_register_bits"": 2, ""forward_threads"": 128, ""legacy_reduction"": 1, ""lookup_bits"": 8, ""mailbox_chunks"": 1, ""ordinary_threads"": 128, ""rotation_warp_atomic"": 0, ""shared_diagonal_threads"": 128}","{""SAD_BLOCK_THREADS"": 128, ""SAD_DIAGONAL_BLOCK_THREADS"": 64, ""SAD_DIAGONAL_LOOKUP_BITS"": 8, ""SAD_DIAGONAL_WARP_ATOMIC"": 0, ""SAD_FORWARD_BLOCK_THREADS"": 128, ""SAD_FORWARD_REGISTER_BITS"": 2, ""SAD_LEGACY_BLOCK_REDUCTION"": 1, ""SAD_MAILBOX_CHUNKS"": 1, ""SAD_ORDINARY_BLOCK_THREADS"": 128, ""SAD_QAOA_BD_FUSION"": 1, ""SAD_REGISTER_BITS"": 2, ""SAD_ROTATION_WARP_ATOMIC"": 0, ""SAD_SHARED_DIAGONAL_BLOCK_THREADS"": 128}",,,10,3,0.20469299999999999,0.2043566,0.0671269,0.0157797,0.12145000000000002,ok,
2026-08-23T11:51:01.987691+00:00,forward_shape:10:6b29464b11b79e31,forward_shape,mera,10,4,"{""backward_register_bits"": 2, ""backward_threads"": 128, ""diagonal_threads"": 64, ""diagonal_warp_atomic"": 0, ""forward_register_bits"": 3, ""forward_threads"": 128, ""legacy_reduction"": 1, ""lookup_bits"": 8, ""mailbox_chunks"": 1, ""ordinary_threads"": 128, ""rotation_warp_atomic"": 0, ""shared_diagonal_threads"": 128}","{""SAD_BLOCK_THREADS"": 128, ""SAD_DIAGONAL_BLOCK_THREADS"": 64, ""SAD_DIAGONAL_LOOKUP_BITS"": 8, ""SAD_DIAGONAL_WARP_ATOMIC"": 0, ""SAD_FORWARD_BLOCK_THREADS"": 128, ""SAD_FORWARD_REGISTER_BITS"": 3, ""SAD_LEGACY_BLOCK_REDUCTION"": 1, ""SAD_MAILBOX_CHUNKS"": 1, ""SAD_ORDINARY_BLOCK_THREADS"": 128, ""SAD_QAOA_BD_FUSION"": 1, ""SAD_REGISTER_BITS"": 2, ""SAD_ROTATION_WARP_ATOMIC"": 0, ""SAD_SHARED_DIAGONAL_BLOCK_THREADS"": 128}",,,10,3,0.2303805,0.25380630000000004,0.11653029999999999,0.0157323,0.12154369999999999,ok,
2026-08-23T11:51:02.000630+00:00,forward_shape:10:7875f767d3031b3d,forward_shape,mera,10,4,"{""backward_register_bits"": 2, ""backward_threads"": 128, ""diagonal_threads"": 64, ""diagonal_warp_atomic"": 0, ""forward_register_bits"": 4, ""forward_threads"": 128, ""legacy_reduction"": 1, ""lookup_bits"": 8, ""mailbox_chunks"": 1, ""ordinary_threads"": 128, ""rotation_warp_atomic"": 0, ""shared_diagonal_threads"": 128}","{""SAD_BLOCK_THREADS"": 128, ""SAD_DIAGONAL_BLOCK_THREADS"": 64, ""SAD_DIAGONAL_LOOKUP_BITS"": 8, ""SAD_DIAGONAL_WARP_ATOMIC"": 0, ""SAD_FORWARD_BLOCK_THREADS"": 128, ""SAD_FORWARD_REGISTER_BITS"": 4, ""SAD_LEGACY_BLOCK_REDUCTION"": 1, ""SAD_MAILBOX_CHUNKS"": 1, ""SAD_ORDINARY_BLOCK_THREADS"": 128, ""SAD_QAOA_BD_FUSION"": 1, ""SAD_REGISTER_BITS"": 2, ""SAD_ROTATION_WARP_ATOMIC"": 0, ""SAD_SHARED_DIAGONAL_BLOCK_THREADS"": 128}",,,10,3,0.27422199999999997,0.27405840000000004,0.1372213,0.0158379,0.1209992,ok,
2026-08-23T11:51:02.013244+00:00,forward_shape:10:f9c39d7ac9ef557a,forward_shape,mera,10,4,"{""backward_register_bits"": 2, ""backward_threads"": 128, ""diagonal_threads"": 64, ""diagonal_warp_atomic"": 0, ""forward_register_bits"": 2, ""forward_threads"": 256, ""legacy_reduction"": 1, ""lookup_bits"": 8, ""mailbox_chunks"": 1, ""ordinary_threads"": 128, ""rotation_warp_atomic"": 0, ""shared_diagonal_threads"": 128}","{""SAD_BLOCK_THREADS"": 128, ""SAD_DIAGONAL_BLOCK_THREADS"": 64, ""SAD_DIAGONAL_LOOKUP_BITS"": 8, ""SAD_DIAGONAL_WARP_ATOMIC"": 0, ""SAD_FORWARD_BLOCK_THREADS"": 256, ""SAD_FORWARD_REGISTER_BITS"": 2, ""SAD_LEGACY_BLOCK_REDUCTION"": 1, ""SAD_MAILBOX_CHUNKS"": 1, ""SAD_ORDINARY_BLOCK_THREADS"": 128, ""SAD_QAOA_BD_FUSION"": 1, ""SAD_REGISTER_BITS"": 2, ""SAD_ROTATION_WARP_ATOMIC"": 0, ""SAD_SHARED_DIAGONAL_BLOCK_THREADS"": 128}",,,10,3,0.221279,0.24614640000000002,0.10730310000000001,0.015874100000000002,0.12296920000000003,ok,
2026-08-23T11:51:02.026136+00:00,forward_shape:10:958b788202c38d61,forward_shape,mera,10,4,"{""backward_register_bits"": 2, ""backward_threads"": 128, ""diagonal_threads"": 64, ""diagonal_warp_atomic"": 0, ""forward_register_bits"": 3, ""forward_threads"": 256, ""legacy_reduction"": 1, ""lookup_bits"": 8, ""mailbox_chunks"": 1, ""ordinary_threads"": 128, ""rotation_warp_atomic"": 0, ""shared_diagonal_threads"": 128}","{""SAD_BLOCK_THREADS"": 128, ""SAD_DIAGONAL_BLOCK_THREADS"": 64, ""SAD_DIAGONAL_LOOKUP_BITS"": 8, ""SAD_DIAGONAL_WARP_ATOMIC"": 0, ""SAD_FORWARD_BLOCK_THREADS"": 256, ""SAD_FORWARD_REGISTER_BITS"": 3, ""SAD_LEGACY_BLOCK_REDUCTION"": 1, ""SAD_MAILBOX_CHUNKS"": 1, ""SAD_ORDINARY_BLOCK_THREADS"": 128, ""SAD_QAOA_BD_FUSION"": 1, ""SAD_REGISTER_BITS"": 2, ""SAD_ROTATION_WARP_ATOMIC"": 0, ""SAD_SHARED_DIAGONAL_BLOCK_THREADS"": 128}",,,10,3,0.2671115,0.2669998,0.13012079999999998,0.015577700000000002,0.1213013,ok,
2026-08-23T11:51:02.040333+00:00,forward_shape:10:e623126e7aea505a,forward_shape,mera,10,4,"{""backward_register_bits"": 2, ""backward_threads"": 128, ""diagonal_threads"": 64, ""diagonal_warp_atomic"": 0, ""forward_register_bits"": 4, ""forward_threads"": 256, ""legacy_reduction"": 1, ""lookup_bits"": 8, ""mailbox_chunks"": 1, ""ordinary_threads"": 128, ""rotation_warp_atomic"": 0, ""shared_diagonal_threads"": 128}","{""SAD_BLOCK_THREADS"": 128, ""SAD_DIAGONAL_BLOCK_THREADS"": 64, ""SAD_DIAGONAL_LOOKUP_BITS"": 8, ""SAD_DIAGONAL_WARP_ATOMIC"": 0, ""SAD_FORWARD_BLOCK_THREADS"": 256, ""SAD_FORWARD_REGISTER_BITS"": 4, ""SAD_LEGACY_BLOCK_REDUCTION"": 1, ""SAD_MAILBOX_CHUNKS"": 1, ""SAD_ORDINARY_BLOCK_THREADS"": 128, ""SAD_QAOA_BD_FUSION"": 1, ""SAD_REGISTER_BITS"": 2, ""SAD_ROTATION_WARP_ATOMIC"": 0, ""SAD_SHARED_DIAGONAL_BLOCK_THREADS"": 128}",,,10,3,0.347119,0.37188209999999994,0.2102019,0.0157649,0.14591529999999997,ok,
2026-08-23T11:51:02.052284+00:00,backward_shape:10:642465dba5d7b0f7,backward_shape,mera,10,4,"{""backward_register_bits"": 2, ""backward_threads"": 32, ""diagonal_threads"": 64, ""diagonal_warp_atomic"": 0, ""forward_register_bits"": 2, ""forward_threads"": 64, ""legacy_reduction"": 1, ""lookup_bits"": 8, ""mailbox_chunks"": 1, ""ordinary_threads"": 128, ""rotation_warp_atomic"": 0, ""shared_diagonal_threads"": 128}","{""SAD_BLOCK_THREADS"": 32, ""SAD_DIAGONAL_BLOCK_THREADS"": 64, ""SAD_DIAGONAL_LOOKUP_BITS"": 8, ""SAD_DIAGONAL_WARP_ATOMIC"": 0, ""SAD_FORWARD_BLOCK_THREADS"": 64, ""SAD_FORWARD_REGISTER_BITS"": 2, ""SAD_LEGACY_BLOCK_REDUCTION"": 1, ""SAD_MAILBOX_CHUNKS"": 1, ""SAD_ORDINARY_BLOCK_THREADS"": 128, ""SAD_QAOA_BD_FUSION"": 1, ""SAD_REGISTER_BITS"": 2, ""SAD_ROTATION_WARP_ATOMIC"": 0, ""SAD_SHARED_DIAGONAL_BLOCK_THREADS"": 128}",,,10,3,0.15764650000000002,0.15755020000000003,0.0541024,0.0155707,0.08787709999999999,ok,
2026-08-23T11:51:02.064166+00:00,backward_shape:10:110b39dcac36dda5,backward_shape,mera,10,4,"{""backward_register_bits"": 3, ""backward_threads"": 32, ""diagonal_threads"": 64, ""diagonal_warp_atomic"": 0, ""forward_register_bits"": 2, ""forward_threads"": 64, ""legacy_reduction"": 1, ""lookup_bits"": 8, ""mailbox_chunks"": 1, ""ordinary_threads"": 128, ""rotation_warp_atomic"": 0, ""shared_diagonal_threads"": 128}","{""SAD_BLOCK_THREADS"": 32, ""SAD_DIAGONAL_BLOCK_THREADS"": 64, ""SAD_DIAGONAL_LOOKUP_BITS"": 8, ""SAD_DIAGONAL_WARP_ATOMIC"": 0, ""SAD_FORWARD_BLOCK_THREADS"": 64, ""SAD_FORWARD_REGISTER_BITS"": 2, ""SAD_LEGACY_BLOCK_REDUCTION"": 1, ""SAD_MAILBOX_CHUNKS"": 1, ""SAD_ORDINARY_BLOCK_THREADS"": 128, ""SAD_QAOA_BD_FUSION"": 1, ""SAD_REGISTER_BITS"": 3, ""SAD_ROTATION_WARP_ATOMIC"": 0, ""SAD_SHARED_DIAGONAL_BLOCK_THREADS"": 128}",,,10,3,0.1745025,0.19988119999999998,0.07736980000000002,0.0156763,0.1068351,ok,
2026-08-23T11:51:02.076540+00:00,backward_shape:10:559643c1a06e3a43,backward_shape,mera,10,4,"{""backward_register_bits"": 4, ""backward_threads"": 32, ""diagonal_threads"": 64, ""diagonal_warp_atomic"": 0, ""forward_register_bits"": 2, ""forward_threads"": 64, ""legacy_reduction"": 1, ""lookup_bits"": 8, ""mailbox_chunks"": 1, ""ordinary_threads"": 128, ""rotation_warp_atomic"": 0, ""shared_diagonal_threads"": 128}","{""SAD_BLOCK_THREADS"": 32, ""SAD_DIAGONAL_BLOCK_THREADS"": 64, ""SAD_DIAGONAL_LOOKUP_BITS"": 8, ""SAD_DIAGONAL_WARP_ATOMIC"": 0, ""SAD_FORWARD_BLOCK_THREADS"": 64, ""SAD_FORWARD_REGISTER_BITS"": 2, ""SAD_LEGACY_BLOCK_REDUCTION"": 1, ""SAD_MAILBOX_CHUNKS"": 1, ""SAD_ORDINARY_BLOCK_THREADS"": 128, ""SAD_QAOA_BD_FUSION"": 1, ""SAD_REGISTER_BITS"": 4, ""SAD_ROTATION_WARP_ATOMIC"": 0, ""SAD_SHARED_DIAGONAL_BLOCK_THREADS"": 128}",,,10,3,0.239654,0.23976850000000002,0.054188999999999994,0.015568100000000001,0.1700114,ok,
2026-08-23T11:51:02.088170+00:00,backward_shape:10:e19b1f85bed818e5,backward_shape,mera,10,4,"{""backward_register_bits"": 2, ""backward_threads"": 64, ""diagonal_threads"": 64, ""diagonal_warp_atomic"": 0, ""forward_register_bits"": 2, ""forward_threads"": 64, ""legacy_reduction"": 1, ""lookup_bits"": 8, ""mailbox_chunks"": 1, ""ordinary_threads"": 128, ""rotation_warp_atomic"": 0, ""shared_diagonal_threads"": 128}","{""SAD_BLOCK_THREADS"": 64, ""SAD_DIAGONAL_BLOCK_THREADS"": 64, ""SAD_DIAGONAL_LOOKUP_BITS"": 8, ""SAD_DIAGONAL_WARP_ATOMIC"": 0, ""SAD_FORWARD_BLOCK_THREADS"": 64, ""SAD_FORWARD_REGISTER_BITS"": 2, ""SAD_LEGACY_BLOCK_REDUCTION"": 1, ""SAD_MAILBOX_CHUNKS"": 1, ""SAD_ORDINARY_BLOCK_THREADS"": 128, ""SAD_QAOA_BD_FUSION"": 1, ""SAD_REGISTER_BITS"": 2, ""SAD_ROTATION_WARP_ATOMIC"": 0, ""SAD_SHARED_DIAGONAL_BLOCK_THREADS"": 128}",,,10,3,0.1577385,0.184187,0.0568312,0.039376799999999997,0.08797899999999999,ok,
2026-08-23T11:51:02.099966+00:00,backward_shape:10:fecc94a939778906,backward_shape,mera,10,4,"{""backward_register_bits"": 3, ""backward_threads"": 64, ""diagonal_threads"": 64, ""diagonal_warp_atomic"": 0, ""forward_register_bits"": 2, ""forward_threads"": 64, ""legacy_reduction"": 1, ""lookup_bits"": 8, ""mailbox_chunks"": 1, ""ordinary_threads"": 128, ""rotation_warp_atomic"": 0, ""shared_diagonal_threads"": 128}","{""SAD_BLOCK_THREADS"": 64, ""SAD_DIAGONAL_BLOCK_THREADS"": 64, ""SAD_DIAGONAL_LOOKUP_BITS"": 8, ""SAD_DIAGONAL_WARP_ATOMIC"": 0, ""SAD_FORWARD_BLOCK_THREADS"": 64, ""SAD_FORWARD_REGISTER_BITS"": 2, ""SAD_LEGACY_BLOCK_REDUCTION"": 1, ""SAD_MAILBOX_CHUNKS"": 1, ""SAD_ORDINARY_BLOCK_THREADS"": 128, ""SAD_QAOA_BD_FUSION"": 1, ""SAD_REGISTER_BITS"": 3, ""SAD_ROTATION_WARP_ATOMIC"": 0, ""SAD_SHARED_DIAGONAL_BLOCK_THREADS"": 128}",,,10,3,0.19853649999999998,0.1981374,0.053973900000000005,0.0154672,0.12869629999999999,ok,
2026-08-23T11:51:02.113029+00:00,backward_shape:10:e946bc9d5d9a0112,backward_shape,mera,10,4,"{""backward_register_bits"": 4, ""backward_threads"": 64, ""diagonal_threads"": 64, ""diagonal_warp_atomic"": 0, ""forward_register_bits"": 2, ""forward_threads"": 64, ""legacy_reduction"": 1, ""lookup_bits"": 8, ""mailbox_chunks"": 1, ""ordinary_threads"": 128, ""rotation_warp_atomic"": 0, ""shared_diagonal_threads"": 128}","{""SAD_BLOCK_THREADS"": 64, ""SAD_DIAGONAL_BLOCK_THREADS"": 64, ""SAD_DIAGONAL_LOOKUP_BITS"": 8, ""SAD_DIAGONAL_WARP_ATOMIC"": 0, ""SAD_FORWARD_BLOCK_THREADS"": 64, ""SAD_FORWARD_REGISTER_BITS"": 2, ""SAD_LEGACY_BLOCK_REDUCTION"": 1, ""SAD_MAILBOX_CHUNKS"": 1, ""SAD_ORDINARY_BLOCK_THREADS"": 128, ""SAD_QAOA_BD_FUSION"": 1, ""SAD_REGISTER_BITS"": 4, ""SAD_ROTATION_WARP_ATOMIC"": 0, ""SAD_SHARED_DIAGONAL_BLOCK_THREADS"": 128}",,,10,3,0.2723355,0.2945724,0.0767702,0.015490900000000002,0.2023113,ok,
2026-08-23T11:51:02.125069+00:00,backward_shape:10:84653d5908fa0589,backward_shape,mera,10,4,"{""backward_register_bits"": 2, ""backward_threads"": 128, ""diagonal_threads"": 64, ""diagonal_warp_atomic"": 0, ""forward_register_bits"": 2, ""forward_threads"": 64, ""legacy_reduction"": 1, ""lookup_bits"": 8, ""mailbox_chunks"": 1, ""ordinary_threads"": 128, ""rotation_warp_atomic"": 0, ""shared_diagonal_threads"": 128}","{""SAD_BLOCK_THREADS"": 128, ""SAD_DIAGONAL_BLOCK_THREADS"": 64, ""SAD_DIAGONAL_LOOKUP_BITS"": 8, ""SAD_DIAGONAL_WARP_ATOMIC"": 0, ""SAD_FORWARD_BLOCK_THREADS"": 64, ""SAD_FORWARD_REGISTER_BITS"": 2, ""SAD_LEGACY_BLOCK_REDUCTION"": 1, ""SAD_MAILBOX_CHUNKS"": 1, ""SAD_ORDINARY_BLOCK_THREADS"": 128, ""SAD_QAOA_BD_FUSION"": 1, ""SAD_REGISTER_BITS"": 2, ""SAD_ROTATION_WARP_ATOMIC"": 0, ""SAD_SHARED_DIAGONAL_BLOCK_THREADS"": 128}",,,10,3,0.19222,0.19195320000000002,0.05437489999999999,0.0158816,0.1216967,ok,
2026-08-23T11:51:02.138007+00:00,backward_shape:10:c960dc30ed194f03,backward_shape,mera,10,4,"{""backward_register_bits"": 3, ""backward_threads"": 128, ""diagonal_threads"": 64, ""diagonal_warp_atomic"": 0, ""forward_register_bits"": 2, ""forward_threads"": 64, ""legacy_reduction"": 1, ""lookup_bits"": 8, ""mailbox_chunks"": 1, ""ordinary_threads"": 128, ""rotation_warp_atomic"": 0, ""shared_diagonal_threads"": 128}","{""SAD_BLOCK_THREADS"": 128, ""SAD_DIAGONAL_BLOCK_THREADS"": 64, ""SAD_DIAGONAL_LOOKUP_BITS"": 8, ""SAD_DIAGONAL_WARP_ATOMIC"": 0, ""SAD_FORWARD_BLOCK_THREADS"": 64, ""SAD_FORWARD_REGISTER_BITS"": 2, ""SAD_LEGACY_BLOCK_REDUCTION"": 1, ""SAD_MAILBOX_CHUNKS"": 1, ""SAD_ORDINARY_BLOCK_THREADS"": 128, ""SAD_QAOA_BD_FUSION"": 1, ""SAD_REGISTER_BITS"": 3, ""SAD_ROTATION_WARP_ATOMIC"": 0, ""SAD_SHARED_DIAGONAL_BLOCK_THREADS"": 128}",,,10,3,0.2559595,0.2821655,0.056432300000000005,0.0394806,0.1862526,ok,
2026-08-23T11:51:02.152142+00:00,backward_shape:10:6f49aba258ce2e50,backward_shape,mera,10,4,"{""backward_register_bits"": 4, ""backward_threads"": 128, ""diagonal_threads"": 64, ""diagonal_warp_atomic"": 0, ""forward_register_bits"": 2, ""forward_threads"": 64, ""legacy_reduction"": 1, ""lookup_bits"": 8, ""mailbox_chunks"": 1, ""ordinary_threads"": 128, ""rotation_warp_atomic"": 0, ""shared_diagonal_threads"": 128}","{""SAD_BLOCK_THREADS"": 128, ""SAD_DIAGONAL_BLOCK_THREADS"": 64, ""SAD_DIAGONAL_LOOKUP_BITS"": 8, ""SAD_DIAGONAL_WARP_ATOMIC"": 0, ""SAD_FORWARD_BLOCK_THREADS"": 64, ""SAD_FORWARD_REGISTER_BITS"": 2, ""SAD_LEGACY_BLOCK_REDUCTION"": 1, ""SAD_MAILBOX_CHUNKS"": 1, ""SAD_ORDINARY_BLOCK_THREADS"": 128, ""SAD_QAOA_BD_FUSION"": 1, ""SAD_REGISTER_BITS"": 4, ""SAD_ROTATION_WARP_ATOMIC"": 0, ""SAD_SHARED_DIAGONAL_BLOCK_THREADS"": 128}",,,10,3,0.370771,0.37073439999999996,0.054217299999999996,0.0154672,0.3010499,ok,
2026-08-23T11:51:02.165101+00:00,backward_shape:10:126c6614eb8a8c7b,backward_shape,mera,10,4,"{""backward_register_bits"": 2, ""backward_threads"": 256, ""diagonal_threads"": 64, ""diagonal_warp_atomic"": 0, ""forward_register_bits"": 2, ""forward_threads"": 64, ""legacy_reduction"": 1, ""lookup_bits"": 8, ""mailbox_chunks"": 1, ""ordinary_threads"": 128, ""rotation_warp_atomic"": 0, ""shared_diagonal_threads"": 128}","{""SAD_BLOCK_THREADS"": 256, ""SAD_DIAGONAL_BLOCK_THREADS"": 64, ""SAD_DIAGONAL_LOOKUP_BITS"": 8, ""SAD_DIAGONAL_WARP_ATOMIC"": 0, ""SAD_FORWARD_BLOCK_THREADS"": 64, ""SAD_FORWARD_REGISTER_BITS"": 2, ""SAD_LEGACY_BLOCK_REDUCTION"": 1, ""SAD_MAILBOX_CHUNKS"": 1, ""SAD_ORDINARY_BLOCK_THREADS"": 128, ""SAD_QAOA_BD_FUSION"": 1, ""SAD_REGISTER_BITS"": 2, ""SAD_ROTATION_WARP_ATOMIC"": 0, ""SAD_SHARED_DIAGONAL_BLOCK_THREADS"": 128}",,,10,3,0.2481225,0.2737317,0.07738110000000001,0.0156064,0.1807442,ok,
2026-08-23T11:51:02.179509+00:00,backward_shape:10:16beea4fbb9b152c,backward_shape,mera,10,4,"{""backward_register_bits"": 3, ""backward_threads"": 256, ""diagonal_threads"": 64, ""diagonal_warp_atomic"": 0, ""forward_register_bits"": 2, ""forward_threads"": 64, ""legacy_reduction"": 1, ""lookup_bits"": 8, ""mailbox_chunks"": 1, ""ordinary_threads"": 128, ""rotation_warp_atomic"": 0, ""shared_diagonal_threads"": 128}","{""SAD_BLOCK_THREADS"": 256, ""SAD_DIAGONAL_BLOCK_THREADS"": 64, ""SAD_DIAGONAL_LOOKUP_BITS"": 8, ""SAD_DIAGONAL_WARP_ATOMIC"": 0, ""SAD_FORWARD_BLOCK_THREADS"": 64, ""SAD_FORWARD_REGISTER_BITS"": 2, ""SAD_LEGACY_BLOCK_REDUCTION"": 1, ""SAD_MAILBOX_CHUNKS"": 1, ""SAD_ORDINARY_BLOCK_THREADS"": 128, ""SAD_QAOA_BD_FUSION"": 1, ""SAD_REGISTER_BITS"": 3, ""SAD_ROTATION_WARP_ATOMIC"": 0, ""SAD_SHARED_DIAGONAL_BLOCK_THREADS"": 128}",,,10,3,0.36996049999999997,0.3947864000000001,0.07901230000000001,0.0155182,0.3002559,ok,
2026-08-23T11:51:02.197389+00:00,backward_shape:10:ae877eff7f339f5b,backward_shape,mera,10,4,"{""backward_register_bits"": 4, ""backward_threads"": 256, ""diagonal_threads"": 64, ""diagonal_warp_atomic"": 0, ""forward_register_bits"": 2, ""forward_threads"": 64, ""legacy_reduction"": 1, ""lookup_bits"": 8, ""mailbox_chunks"": 1, ""ordinary_threads"": 128, ""rotation_warp_atomic"": 0, ""shared_diagonal_threads"": 128}","{""SAD_BLOCK_THREADS"": 256, ""SAD_DIAGONAL_BLOCK_THREADS"": 64, ""SAD_DIAGONAL_LOOKUP_BITS"": 8, ""SAD_DIAGONAL_WARP_ATOMIC"": 0, ""SAD_FORWARD_BLOCK_THREADS"": 64, ""SAD_FORWARD_REGISTER_BITS"": 2, ""SAD_LEGACY_BLOCK_REDUCTION"": 1, ""SAD_MAILBOX_CHUNKS"": 1, ""SAD_ORDINARY_BLOCK_THREADS"": 128, ""SAD_QAOA_BD_FUSION"": 1, ""SAD_REGISTER_BITS"": 4, ""SAD_ROTATION_WARP_ATOMIC"": 0, ""SAD_SHARED_DIAGONAL_BLOCK_THREADS"": 128}",,,10,3,0.6077199999999999,0.631418,0.07771049999999999,0.015552599999999998,0.5381549,ok,
2026-08-23T11:51:02.209282+00:00,ordinary_threads:10:dfcd4b4c8255fc2e,ordinary_threads,mera,10,4,"{""backward_register_bits"": 2, ""backward_threads"": 32, ""diagonal_threads"": 64, ""diagonal_warp_atomic"": 0, ""forward_register_bits"": 2, ""forward_threads"": 64, ""legacy_reduction"": 1, ""lookup_bits"": 8, ""mailbox_chunks"": 1, ""ordinary_threads"": 64, ""rotation_warp_atomic"": 0, ""shared_diagonal_threads"": 128}","{""SAD_BLOCK_THREADS"": 32, ""SAD_DIAGONAL_BLOCK_THREADS"": 64, ""SAD_DIAGONAL_LOOKUP_BITS"": 8, ""SAD_DIAGONAL_WARP_ATOMIC"": 0, ""SAD_FORWARD_BLOCK_THREADS"": 64, ""SAD_FORWARD_REGISTER_BITS"": 2, ""SAD_LEGACY_BLOCK_REDUCTION"": 1, ""SAD_MAILBOX_CHUNKS"": 1, ""SAD_ORDINARY_BLOCK_THREADS"": 64, ""SAD_QAOA_BD_FUSION"": 1, ""SAD_REGISTER_BITS"": 2, ""SAD_ROTATION_WARP_ATOMIC"": 0, ""SAD_SHARED_DIAGONAL_BLOCK_THREADS"": 128}",,,10,3,0.156632,0.1571155,0.0542273,0.015654500000000002,0.0872337,ok,
2026-08-23T11:51:02.220937+00:00,ordinary_threads:10:9da64a4b6c91c515,ordinary_threads,mera,10,4,"{""backward_register_bits"": 2, ""backward_threads"": 32, ""diagonal_threads"": 64, ""diagonal_warp_atomic"": 0, ""forward_register_bits"": 2, ""forward_threads"": 64, ""legacy_reduction"": 1, ""lookup_bits"": 8, ""mailbox_chunks"": 1, ""ordinary_threads"": 128, ""rotation_warp_atomic"": 0, ""shared_diagonal_threads"": 128}","{""SAD_BLOCK_THREADS"": 32, ""SAD_DIAGONAL_BLOCK_THREADS"": 64, ""SAD_DIAGONAL_LOOKUP_BITS"": 8, ""SAD_DIAGONAL_WARP_ATOMIC"": 0, ""SAD_FORWARD_BLOCK_THREADS"": 64, ""SAD_FORWARD_REGISTER_BITS"": 2, ""SAD_LEGACY_BLOCK_REDUCTION"": 1, ""SAD_MAILBOX_CHUNKS"": 1, ""SAD_ORDINARY_BLOCK_THREADS"": 128, ""SAD_QAOA_BD_FUSION"": 1, ""SAD_REGISTER_BITS"": 2, ""SAD_ROTATION_WARP_ATOMIC"": 0, ""SAD_SHARED_DIAGONAL_BLOCK_THREADS"": 128}",,,10,3,0.15763950000000002,0.18132539999999997,0.053995499999999995,0.0155663,0.11176359999999999,ok,
2026-08-23T11:51:02.232550+00:00,reduction:10:be96568bcd450d12,reduction,mera,10,4,"{""backward_register_bits"": 2, ""backward_threads"": 32, ""diagonal_threads"": 64, ""diagonal_warp_atomic"": 0, ""forward_register_bits"": 2, ""forward_threads"": 64, ""legacy_reduction"": 1, ""lookup_bits"": 8, ""mailbox_chunks"": 1, ""ordinary_threads"": 128, ""rotation_warp_atomic"": 0, ""shared_diagonal_threads"": 128}","{""SAD_BLOCK_THREADS"": 32, ""SAD_DIAGONAL_BLOCK_THREADS"": 64, ""SAD_DIAGONAL_LOOKUP_BITS"": 8, ""SAD_DIAGONAL_WARP_ATOMIC"": 0, ""SAD_FORWARD_BLOCK_THREADS"": 64, ""SAD_FORWARD_REGISTER_BITS"": 2, ""SAD_LEGACY_BLOCK_REDUCTION"": 1, ""SAD_MAILBOX_CHUNKS"": 1, ""SAD_ORDINARY_BLOCK_THREADS"": 128, ""SAD_QAOA_BD_FUSION"": 1, ""SAD_REGISTER_BITS"": 2, ""SAD_ROTATION_WARP_ATOMIC"": 0, ""SAD_SHARED_DIAGONAL_BLOCK_THREADS"": 128}",,,10,3,0.157698,0.1580661,0.0540573,0.015502499999999999,0.08850630000000001,ok,
2026-08-23T11:51:02.244013+00:00,reduction:10:d8c64fd017111d00,reduction,mera,10,4,"{""backward_register_bits"": 2, ""backward_threads"": 32, ""diagonal_threads"": 64, ""diagonal_warp_atomic"": 0, ""forward_register_bits"": 2, ""forward_threads"": 64, ""legacy_reduction"": 0, ""lookup_bits"": 8, ""mailbox_chunks"": 1, ""ordinary_threads"": 128, ""rotation_warp_atomic"": 0, ""shared_diagonal_threads"": 128}","{""SAD_BLOCK_THREADS"": 32, ""SAD_DIAGONAL_BLOCK_THREADS"": 64, ""SAD_DIAGONAL_LOOKUP_BITS"": 8, ""SAD_DIAGONAL_WARP_ATOMIC"": 0, ""SAD_FORWARD_BLOCK_THREADS"": 64, ""SAD_FORWARD_REGISTER_BITS"": 2, ""SAD_LEGACY_BLOCK_REDUCTION"": 0, ""SAD_MAILBOX_CHUNKS"": 1, ""SAD_ORDINARY_BLOCK_THREADS"": 128, ""SAD_QAOA_BD_FUSION"": 1, ""SAD_REGISTER_BITS"": 2, ""SAD_ROTATION_WARP_ATOMIC"": 0, ""SAD_SHARED_DIAGONAL_BLOCK_THREADS"": 128}",,,10,3,0.1493565,0.1491688,0.0540813,0.0154581,0.0796294,ok,
2026-08-23T11:51:02.256146+00:00,reduction:10:2b06391b5bee4e7b,reduction,mera,10,4,"{""backward_register_bits"": 2, ""backward_threads"": 32, ""diagonal_threads"": 64, ""diagonal_warp_atomic"": 0, ""forward_register_bits"": 2, ""forward_threads"": 64, ""legacy_reduction"": 0, ""lookup_bits"": 8, ""mailbox_chunks"": 1, ""ordinary_threads"": 128, ""rotation_warp_atomic"": 1, ""shared_diagonal_threads"": 128}","{""SAD_BLOCK_THREADS"": 32, ""SAD_DIAGONAL_BLOCK_THREADS"": 64, ""SAD_DIAGONAL_LOOKUP_BITS"": 8, ""SAD_DIAGONAL_WARP_ATOMIC"": 0, ""SAD_FORWARD_BLOCK_THREADS"": 64, ""SAD_FORWARD_REGISTER_BITS"": 2, ""SAD_LEGACY_BLOCK_REDUCTION"": 0, ""SAD_MAILBOX_CHUNKS"": 1, ""SAD_ORDINARY_BLOCK_THREADS"": 128, ""SAD_QAOA_BD_FUSION"": 1, ""SAD_REGISTER_BITS"": 2, ""SAD_ROTATION_WARP_ATOMIC"": 1, ""SAD_SHARED_DIAGONAL_BLOCK_THREADS"": 128}",,,10,3,0.14889349999999998,0.14894090000000001,0.054079699999999994,0.0154955,0.07936570000000001,ok,
2026-08-23T11:51:02.268204+00:00,forward_shape:12:f201b530867a43ba,forward_shape,mera,12,4,"{""backward_register_bits"": 2, ""backward_threads"": 128, ""diagonal_threads"": 64, ""diagonal_warp_atomic"": 0, ""forward_register_bits"": 2, ""forward_threads"": 32, ""legacy_reduction"": 1, ""lookup_bits"": 8, ""mailbox_chunks"": 1, ""ordinary_threads"": 128, ""rotation_warp_atomic"": 0, ""shared_diagonal_threads"": 128}","{""SAD_BLOCK_THREADS"": 128, ""SAD_DIAGONAL_BLOCK_THREADS"": 64, ""SAD_DIAGONAL_LOOKUP_BITS"": 8, ""SAD_DIAGONAL_WARP_ATOMIC"": 0, ""SAD_FORWARD_BLOCK_THREADS"": 32, ""SAD_FORWARD_REGISTER_BITS"": 2, ""SAD_LEGACY_BLOCK_REDUCTION"": 1, ""SAD_MAILBOX_CHUNKS"": 1, ""SAD_ORDINARY_BLOCK_THREADS"": 128, ""SAD_QAOA_BD_FUSION"": 1, ""SAD_REGISTER_BITS"": 2, ""SAD_ROTATION_WARP_ATOMIC"": 0, ""SAD_SHARED_DIAGONAL_BLOCK_THREADS"": 128}",,,10,3,0.208874,0.20958410000000002,0.054879,0.016468,0.13823710000000003,ok,
2026-08-23T11:51:02.280923+00:00,forward_shape:12:ef954cf1a126a8be,forward_shape,mera,12,4,"{""backward_register_bits"": 2, ""backward_threads"": 128, ""diagonal_threads"": 64, ""diagonal_warp_atomic"": 0, ""forward_register_bits"": 3, ""forward_threads"": 32, ""legacy_reduction"": 1, ""lookup_bits"": 8, ""mailbox_chunks"": 1, ""ordinary_threads"": 128, ""rotation_warp_atomic"": 0, ""shared_diagonal_threads"": 128}","{""SAD_BLOCK_THREADS"": 128, ""SAD_DIAGONAL_BLOCK_THREADS"": 64, ""SAD_DIAGONAL_LOOKUP_BITS"": 8, ""SAD_DIAGONAL_WARP_ATOMIC"": 0, ""SAD_FORWARD_BLOCK_THREADS"": 32, ""SAD_FORWARD_REGISTER_BITS"": 3, ""SAD_LEGACY_BLOCK_REDUCTION"": 1, ""SAD_MAILBOX_CHUNKS"": 1, ""SAD_ORDINARY_BLOCK_THREADS"": 128, ""SAD_QAOA_BD_FUSION"": 1, ""SAD_REGISTER_BITS"": 2, ""SAD_ROTATION_WARP_ATOMIC"": 0, ""SAD_SHARED_DIAGONAL_BLOCK_THREADS"": 128}",,,10,3,0.22827899999999998,0.2525741,0.0976633,0.015948599999999997,0.1389622,ok,
2026-08-23T11:51:02.293604+00:00,forward_shape:12:8ced4d6840aef287,forward_shape,mera,12,4,"{""backward_register_bits"": 2, ""backward_threads"": 128, ""diagonal_threads"": 64, ""diagonal_warp_atomic"": 0, ""forward_register_bits"": 4, ""forward_threads"": 32, ""legacy_reduction"": 1, ""lookup_bits"": 8, ""mailbox_chunks"": 1, ""ordinary_threads"": 128, ""rotation_warp_atomic"": 0, ""shared_diagonal_threads"": 128}","{""SAD_BLOCK_THREADS"": 128, ""SAD_DIAGONAL_BLOCK_THREADS"": 64, ""SAD_DIAGONAL_LOOKUP_BITS"": 8, ""SAD_DIAGONAL_WARP_ATOMIC"": 0, ""SAD_FORWARD_BLOCK_THREADS"": 32, ""SAD_FORWARD_REGISTER_BITS"": 4, ""SAD_LEGACY_BLOCK_REDUCTION"": 1, ""SAD_MAILBOX_CHUNKS"": 1, ""SAD_ORDINARY_BLOCK_THREADS"": 128, ""SAD_QAOA_BD_FUSION"": 1, ""SAD_REGISTER_BITS"": 2, ""SAD_ROTATION_WARP_ATOMIC"": 0, ""SAD_SHARED_DIAGONAL_BLOCK_THREADS"": 128}",,,10,3,0.250836,0.2508432,0.09667579999999999,0.0158752,0.1382922,ok,
2026-08-23T11:51:02.306176+00:00,forward_shape:12:a1291f79142619c6,forward_shape,mera,12,4,"{""backward_register_bits"": 2, ""backward_threads"": 128, ""diagonal_threads"": 64, ""diagonal_warp_atomic"": 0, ""forward_register_bits"": 2, ""forward_threads"": 64, ""legacy_reduction"": 1, ""lookup_bits"": 8, ""mailbox_chunks"": 1, ""ordinary_threads"": 128, ""rotation_warp_atomic"": 0, ""shared_diagonal_threads"": 128}","{""SAD_BLOCK_THREADS"": 128, ""SAD_DIAGONAL_BLOCK_THREADS"": 64, ""SAD_DIAGONAL_LOOKUP_BITS"": 8, ""SAD_DIAGONAL_WARP_ATOMIC"": 0, ""SAD_FORWARD_BLOCK_THREADS"": 64, ""SAD_FORWARD_REGISTER_BITS"": 2, ""SAD_LEGACY_BLOCK_REDUCTION"": 1, ""SAD_MAILBOX_CHUNKS"": 1, ""SAD_ORDINARY_BLOCK_THREADS"": 128, ""SAD_QAOA_BD_FUSION"": 1, ""SAD_REGISTER_BITS"": 2, ""SAD_ROTATION_WARP_ATOMIC"": 0, ""SAD_SHARED_DIAGONAL_BLOCK_THREADS"": 128}",,,10,3,0.213635,0.23690930000000002,0.0831414,0.015939000000000002,0.1378289,ok,
2026-08-23T11:51:02.318792+00:00,forward_shape:12:dfe02ed0ba17a97f,forward_shape,mera,12,4,"{""backward_register_bits"": 2, ""backward_threads"": 128, ""diagonal_threads"": 64, ""diagonal_warp_atomic"": 0, ""forward_register_bits"": 3, ""forward_threads"": 64, ""legacy_reduction"": 1, ""lookup_bits"": 8, ""mailbox_chunks"": 1, ""ordinary_threads"": 128, ""rotation_warp_atomic"": 0, ""shared_diagonal_threads"": 128}","{""SAD_BLOCK_THREADS"": 128, ""SAD_DIAGONAL_BLOCK_THREADS"": 64, ""SAD_DIAGONAL_LOOKUP_BITS"": 8, ""SAD_DIAGONAL_WARP_ATOMIC"": 0, ""SAD_FORWARD_BLOCK_THREADS"": 64, ""SAD_FORWARD_REGISTER_BITS"": 3, ""SAD_LEGACY_BLOCK_REDUCTION"": 1, ""SAD_MAILBOX_CHUNKS"": 1, ""SAD_ORDINARY_BLOCK_THREADS"": 128, ""SAD_QAOA_BD_FUSION"": 1, ""SAD_REGISTER_BITS"": 2, ""SAD_ROTATION_WARP_ATOMIC"": 0, ""SAD_SHARED_DIAGONAL_BLOCK_THREADS"": 128}",,,10,3,0.23538250000000002,0.23518630000000001,0.0809165,0.0159939,0.1382759,ok,
2026-08-23T11:51:02.331898+00:00,forward_shape:12:bcee7663ce3fcb70,forward_shape,mera,12,4,"{""backward_register_bits"": 2, ""backward_threads"": 128, ""diagonal_threads"": 64, ""diagonal_warp_atomic"": 0, ""forward_register_bits"": 4, ""forward_threads"": 64, ""legacy_reduction"": 1, ""lookup_bits"": 8, ""mailbox_chunks"": 1, ""ordinary_threads"": 128, ""rotation_warp_atomic"": 0, ""shared_diagonal_threads"": 128}","{""SAD_BLOCK_THREADS"": 128, ""SAD_DIAGONAL_BLOCK_THREADS"": 64, ""SAD_DIAGONAL_LOOKUP_BITS"": 8, ""SAD_DIAGONAL_WARP_ATOMIC"": 0, ""SAD_FORWARD_BLOCK_THREADS"": 64, ""SAD_FORWARD_REGISTER_BITS"": 4, ""SAD_LEGACY_BLOCK_REDUCTION"": 1, ""SAD_MAILBOX_CHUNKS"": 1, ""SAD_ORDINARY_BLOCK_THREADS"": 128, ""SAD_QAOA_BD_FUSION"": 1, ""SAD_REGISTER_BITS"": 2, ""SAD_ROTATION_WARP_ATOMIC"": 0, ""SAD_SHARED_DIAGONAL_BLOCK_THREADS"": 128}",,,10,3,0.263713,0.2861858,0.13211610000000001,0.0157767,0.138293,ok,
2026-08-23T11:51:02.344349+00:00,forward_shape:12:8302c03d85cb4639,forward_shape,mera,12,4,"{""backward_register_bits"": 2, ""backward_threads"": 128, ""diagonal_threads"": 64, ""diagonal_warp_atomic"": 0, ""forward_register_bits"": 2, ""forward_threads"": 128, ""legacy_reduction"": 1, ""lookup_bits"": 8, ""mailbox_chunks"": 1, ""ordinary_threads"": 128, ""rotation_warp_atomic"": 0, ""shared_diagonal_threads"": 128}","{""SAD_BLOCK_THREADS"": 128, ""SAD_DIAGONAL_BLOCK_THREADS"": 64, ""SAD_DIAGONAL_LOOKUP_BITS"": 8, ""SAD_DIAGONAL_WARP_ATOMIC"": 0, ""SAD_FORWARD_BLOCK_THREADS"": 128, ""SAD_FORWARD_REGISTER_BITS"": 2, ""SAD_LEGACY_BLOCK_REDUCTION"": 1, ""SAD_MAILBOX_CHUNKS"": 1, ""SAD_ORDINARY_BLOCK_THREADS"": 128, ""SAD_QAOA_BD_FUSION"": 1, ""SAD_REGISTER_BITS"": 2, ""SAD_ROTATION_WARP_ATOMIC"": 0, ""SAD_SHARED_DIAGONAL_BLOCK_THREADS"": 128}",,,10,3,0.2282555,0.22818529999999998,0.0741464,0.015911500000000002,0.1381274,ok,
2026-08-23T11:51:02.357404+00:00,forward_shape:12:3780861b6aeade54,forward_shape,mera,12,4,"{""backward_register_bits"": 2, ""backward_threads"": 128, ""diagonal_threads"": 64, ""diagonal_warp_atomic"": 0, ""forward_register_bits"": 3, ""forward_threads"": 128, ""legacy_reduction"": 1, ""lookup_bits"": 8, ""mailbox_chunks"": 1, ""ordinary_threads"": 128, ""rotation_warp_atomic"": 0, ""shared_diagonal_threads"": 128}","{""SAD_BLOCK_THREADS"": 128, ""SAD_DIAGONAL_BLOCK_THREADS"": 64, ""SAD_DIAGONAL_LOOKUP_BITS"": 8, ""SAD_DIAGONAL_WARP_ATOMIC"": 0, ""SAD_FORWARD_BLOCK_THREADS"": 128, ""SAD_FORWARD_REGISTER_BITS"": 3, ""SAD_LEGACY_BLOCK_REDUCTION"": 1, ""SAD_MAILBOX_CHUNKS"": 1, ""SAD_ORDINARY_BLOCK_THREADS"": 128, ""SAD_QAOA_BD_FUSION"": 1, ""SAD_REGISTER_BITS"": 2, ""SAD_ROTATION_WARP_ATOMIC"": 0, ""SAD_SHARED_DIAGONAL_BLOCK_THREADS"": 128}",,,10,3,0.25863349999999996,0.259201,0.1051611,0.0157933,0.1382466,ok,
2026-08-23T11:51:02.371559+00:00,forward_shape:12:cf2ddcce3022e399,forward_shape,mera,12,4,"{""backward_register_bits"": 2, ""backward_threads"": 128, ""diagonal_threads"": 64, ""diagonal_warp_atomic"": 0, ""forward_register_bits"": 4, ""forward_threads"": 128, ""legacy_reduction"": 1, ""lookup_bits"": 8, ""mailbox_chunks"": 1, ""ordinary_threads"": 128, ""rotation_warp_atomic"": 0, ""shared_diagonal_threads"": 128}","{""SAD_BLOCK_THREADS"": 128, ""SAD_DIAGONAL_BLOCK_THREADS"": 64, ""SAD_DIAGONAL_LOOKUP_BITS"": 8, ""SAD_DIAGONAL_WARP_ATOMIC"": 0, ""SAD_FORWARD_BLOCK_THREADS"": 128, ""SAD_FORWARD_REGISTER_BITS"": 4, ""SAD_LEGACY_BLOCK_REDUCTION"": 1, ""SAD_MAILBOX_CHUNKS"": 1, ""SAD_ORDINARY_BLOCK_THREADS"": 128, ""SAD_QAOA_BD_FUSION"": 1, ""SAD_REGISTER_BITS"": 2, ""SAD_ROTATION_WARP_ATOMIC"": 0, ""SAD_SHARED_DIAGONAL_BLOCK_THREADS"": 128}",,,10,3,0.319467,0.343309,0.1892488,0.0156649,0.1383953,ok,
2026-08-23T11:51:02.384362+00:00,forward_shape:12:1d8cbfdec5d649c5,forward_shape,mera,12,4,"{""backward_register_bits"": 2, ""backward_threads"": 128, ""diagonal_threads"": 64, ""diagonal_warp_atomic"": 0, ""forward_register_bits"": 2, ""forward_threads"": 256, ""legacy_reduction"": 1, ""lookup_bits"": 8, ""mailbox_chunks"": 1, ""ordinary_threads"": 128, ""rotation_warp_atomic"": 0, ""shared_diagonal_threads"": 128}","{""SAD_BLOCK_THREADS"": 128, ""SAD_DIAGONAL_BLOCK_THREADS"": 64, ""SAD_DIAGONAL_LOOKUP_BITS"": 8, ""SAD_DIAGONAL_WARP_ATOMIC"": 0, ""SAD_FORWARD_BLOCK_THREADS"": 256, ""SAD_FORWARD_REGISTER_BITS"": 2, ""SAD_LEGACY_BLOCK_REDUCTION"": 1, ""SAD_MAILBOX_CHUNKS"": 1, ""SAD_ORDINARY_BLOCK_THREADS"": 128, ""SAD_QAOA_BD_FUSION"": 1, ""SAD_REGISTER_BITS"": 2, ""SAD_ROTATION_WARP_ATOMIC"": 0, ""SAD_SHARED_DIAGONAL_BLOCK_THREADS"": 128}",,,10,3,0.246985,0.24816249999999998,0.0947643,0.0159079,0.1374903,ok,
2026-08-23T11:51:02.398087+00:00,forward_shape:12:4555b6d831a81189,forward_shape,mera,12,4,"{""backward_register_bits"": 2, ""backward_threads"": 128, ""diagonal_threads"": 64, ""diagonal_warp_atomic"": 0, ""forward_register_bits"": 3, ""forward_threads"": 256, ""legacy_reduction"": 1, ""lookup_bits"": 8, ""mailbox_chunks"": 1, ""ordinary_threads"": 128, ""rotation_warp_atomic"": 0, ""shared_diagonal_threads"": 128}","{""SAD_BLOCK_THREADS"": 128, ""SAD_DIAGONAL_BLOCK_THREADS"": 64, ""SAD_DIAGONAL_LOOKUP_BITS"": 8, ""SAD_DIAGONAL_WARP_ATOMIC"": 0, ""SAD_FORWARD_BLOCK_THREADS"": 256, ""SAD_FORWARD_REGISTER_BITS"": 3, ""SAD_LEGACY_BLOCK_REDUCTION"": 1, ""SAD_MAILBOX_CHUNKS"": 1, ""SAD_ORDINARY_BLOCK_THREADS"": 128, ""SAD_QAOA_BD_FUSION"": 1, ""SAD_REGISTER_BITS"": 2, ""SAD_ROTATION_WARP_ATOMIC"": 0, ""SAD_SHARED_DIAGONAL_BLOCK_THREADS"": 128}",,,10,3,0.312072,0.3364367,0.1588326,0.0397476,0.13785650000000002,ok,
2026-08-23T11:51:02.415324+00:00,forward_shape:12:3fcead1e10975394,forward_shape,mera,12,4,"{""backward_register_bits"": 2, ""backward_threads"": 128, ""diagonal_threads"": 64, ""diagonal_warp_atomic"": 0, ""forward_register_bits"": 4, ""forward_threads"": 256, ""legacy_reduction"": 1, ""lookup_bits"": 8, ""mailbox_chunks"": 1, ""ordinary_threads"": 128, ""rotation_warp_atomic"": 0, ""shared_diagonal_threads"": 128}","{""SAD_BLOCK_THREADS"": 128, ""SAD_DIAGONAL_BLOCK_THREADS"": 64, ""SAD_DIAGONAL_LOOKUP_BITS"": 8, ""SAD_DIAGONAL_WARP_ATOMIC"": 0, ""SAD_FORWARD_BLOCK_THREADS"": 256, ""SAD_FORWARD_REGISTER_BITS"": 4, ""SAD_LEGACY_BLOCK_REDUCTION"": 1, ""SAD_MAILBOX_CHUNKS"": 1, ""SAD_ORDINARY_BLOCK_THREADS"": 128, ""SAD_QAOA_BD_FUSION"": 1, ""SAD_REGISTER_BITS"": 2, ""SAD_ROTATION_WARP_ATOMIC"": 0, ""SAD_SHARED_DIAGONAL_BLOCK_THREADS"": 128}",,,10,3,0.41217200000000004,0.4367877,0.25942550000000003,0.0398789,0.1374833,ok,
2026-08-23T11:51:02.427788+00:00,backward_shape:12:ec98b1357c4936e6,backward_shape,mera,12,4,"{""backward_register_bits"": 2, ""backward_threads"": 32, ""diagonal_threads"": 64, ""diagonal_warp_atomic"": 0, ""forward_register_bits"": 2, ""forward_threads"": 32, ""legacy_reduction"": 1, ""lookup_bits"": 8, ""mailbox_chunks"": 1, ""ordinary_threads"": 128, ""rotation_warp_atomic"": 0, ""shared_diagonal_threads"": 128}","{""SAD_BLOCK_THREADS"": 32, ""SAD_DIAGONAL_BLOCK_THREADS"": 64, ""SAD_DIAGONAL_LOOKUP_BITS"": 8, ""SAD_DIAGONAL_WARP_ATOMIC"": 0, ""SAD_FORWARD_BLOCK_THREADS"": 32, ""SAD_FORWARD_REGISTER_BITS"": 2, ""SAD_LEGACY_BLOCK_REDUCTION"": 1, ""SAD_MAILBOX_CHUNKS"": 1, ""SAD_ORDINARY_BLOCK_THREADS"": 128, ""SAD_QAOA_BD_FUSION"": 1, ""SAD_REGISTER_BITS"": 2, ""SAD_ROTATION_WARP_ATOMIC"": 0, ""SAD_SHARED_DIAGONAL_BLOCK_THREADS"": 128}",,,10,3,0.166885,0.1668795,0.05466019999999999,0.0159017,0.0963176,ok,
2026-08-23T11:51:02.440085+00:00,backward_shape:12:707a5ed9bb0210dd,backward_shape,mera,12,4,"{""backward_register_bits"": 3, ""backward_threads"": 32, ""diagonal_threads"": 64, ""diagonal_warp_atomic"": 0, ""forward_register_bits"": 2, ""forward_threads"": 32, ""legacy_reduction"": 1, ""lookup_bits"": 8, ""mailbox_chunks"": 1, ""ordinary_threads"": 128, ""rotation_warp_atomic"": 0, ""shared_diagonal_threads"": 128}","{""SAD_BLOCK_THREADS"": 32, ""SAD_DIAGONAL_BLOCK_THREADS"": 64, ""SAD_DIAGONAL_LOOKUP_BITS"": 8, ""SAD_DIAGONAL_WARP_ATOMIC"": 0, ""SAD_FORWARD_BLOCK_THREADS"": 32, ""SAD_FORWARD_REGISTER_BITS"": 2, ""SAD_LEGACY_BLOCK_REDUCTION"": 1, ""SAD_MAILBOX_CHUNKS"": 1, ""SAD_ORDINARY_BLOCK_THREADS"": 128, ""SAD_QAOA_BD_FUSION"": 1, ""SAD_REGISTER_BITS"": 3, ""SAD_ROTATION_WARP_ATOMIC"": 0, ""SAD_SHARED_DIAGONAL_BLOCK_THREADS"": 128}",,,10,3,0.1914545,0.19134020000000002,0.054651099999999994,0.0158056,0.12088349999999999,ok,
2026-08-23T11:51:02.453174+00:00,backward_shape:12:0cd0543ac3abe99f,backward_shape,mera,12,4,"{""backward_register_bits"": 4, ""backward_threads"": 32, ""diagonal_threads"": 64, ""diagonal_warp_atomic"": 0, ""forward_register_bits"": 2, ""forward_threads"": 32, ""legacy_reduction"": 1, ""lookup_bits"": 8, ""mailbox_chunks"": 1, ""ordinary_threads"": 128, ""rotation_warp_atomic"": 0, ""shared_diagonal_threads"": 128}","{""SAD_BLOCK_THREADS"": 32, ""SAD_DIAGONAL_BLOCK_THREADS"": 64, ""SAD_DIAGONAL_LOOKUP_BITS"": 8, ""SAD_DIAGONAL_WARP_ATOMIC"": 0, ""SAD_FORWARD_BLOCK_THREADS"": 32, ""SAD_FORWARD_REGISTER_BITS"": 2, ""SAD_LEGACY_BLOCK_REDUCTION"": 1, ""SAD_MAILBOX_CHUNKS"": 1, ""SAD_ORDINARY_BLOCK_THREADS"": 128, ""SAD_QAOA_BD_FUSION"": 1, ""SAD_REGISTER_BITS"": 4, ""SAD_ROTATION_WARP_ATOMIC"": 0, ""SAD_SHARED_DIAGONAL_BLOCK_THREADS"": 128}",,,10,3,0.27337100000000003,0.2735521,0.0548344,0.015773099999999998,0.20294459999999998,ok,
2026-08-23T11:51:02.465106+00:00,backward_shape:12:ff34481de392ad9b,backward_shape,mera,12,4,"{""backward_register_bits"": 2, ""backward_threads"": 64, ""diagonal_threads"": 64, ""diagonal_warp_atomic"": 0, ""forward_register_bits"": 2, ""forward_threads"": 32, ""legacy_reduction"": 1, ""lookup_bits"": 8, ""mailbox_chunks"": 1, ""ordinary_threads"": 128, ""rotation_warp_atomic"": 0, ""shared_diagonal_threads"": 128}","{""SAD_BLOCK_THREADS"": 64, ""SAD_DIAGONAL_BLOCK_THREADS"": 64, ""SAD_DIAGONAL_LOOKUP_BITS"": 8, ""SAD_DIAGONAL_WARP_ATOMIC"": 0, ""SAD_FORWARD_BLOCK_THREADS"": 32, ""SAD_FORWARD_REGISTER_BITS"": 2, ""SAD_LEGACY_BLOCK_REDUCTION"": 1, ""SAD_MAILBOX_CHUNKS"": 1, ""SAD_ORDINARY_BLOCK_THREADS"": 128, ""SAD_QAOA_BD_FUSION"": 1, ""SAD_REGISTER_BITS"": 2, ""SAD_ROTATION_WARP_ATOMIC"": 0, ""SAD_SHARED_DIAGONAL_BLOCK_THREADS"": 128}",,,10,3,0.17499699999999999,0.17415339999999999,0.054611,0.015815000000000003,0.1037274,ok,
2026-08-23T11:51:02.477655+00:00,backward_shape:12:d2f9f8258354bc92,backward_shape,mera,12,4,"{""backward_register_bits"": 3, ""backward_threads"": 64, ""diagonal_threads"": 64, ""diagonal_warp_atomic"": 0, ""forward_register_bits"": 2, ""forward_threads"": 32, ""legacy_reduction"": 1, ""lookup_bits"": 8, ""mailbox_chunks"": 1, ""ordinary_threads"": 128, ""rotation_warp_atomic"": 0, ""shared_diagonal_threads"": 128}","{""SAD_BLOCK_THREADS"": 64, ""SAD_DIAGONAL_BLOCK_THREADS"": 64, ""SAD_DIAGONAL_LOOKUP_BITS"": 8, ""SAD_DIAGONAL_WARP_ATOMIC"": 0, ""SAD_FORWARD_BLOCK_THREADS"": 32, ""SAD_FORWARD_REGISTER_BITS"": 2, ""SAD_LEGACY_BLOCK_REDUCTION"": 1, ""SAD_MAILBOX_CHUNKS"": 1, ""SAD_ORDINARY_BLOCK_THREADS"": 128, ""SAD_QAOA_BD_FUSION"": 1, ""SAD_REGISTER_BITS"": 3, ""SAD_ROTATION_WARP_ATOMIC"": 0, ""SAD_SHARED_DIAGONAL_BLOCK_THREADS"": 128}",,,10,3,0.2161125,0.21632869999999998,0.0550662,0.015800300000000003,0.14546219999999999,ok,
2026-08-23T11:51:02.491272+00:00,backward_shape:12:40bd977a5847da16,backward_shape,mera,12,4,"{""backward_register_bits"": 4, ""backward_threads"": 64, ""diagonal_threads"": 64, ""diagonal_warp_atomic"": 0, ""forward_register_bits"": 2, ""forward_threads"": 32, ""legacy_reduction"": 1, ""lookup_bits"": 8, ""mailbox_chunks"": 1, ""ordinary_threads"": 128, ""rotation_warp_atomic"": 0, ""shared_diagonal_threads"": 128}","{""SAD_BLOCK_THREADS"": 64, ""SAD_DIAGONAL_BLOCK_THREADS"": 64, ""SAD_DIAGONAL_LOOKUP_BITS"": 8, ""SAD_DIAGONAL_WARP_ATOMIC"": 0, ""SAD_FORWARD_BLOCK_THREADS"": 32, ""SAD_FORWARD_REGISTER_BITS"": 2, ""SAD_LEGACY_BLOCK_REDUCTION"": 1, ""SAD_MAILBOX_CHUNKS"": 1, ""SAD_ORDINARY_BLOCK_THREADS"": 128, ""SAD_QAOA_BD_FUSION"": 1, ""SAD_REGISTER_BITS"": 4, ""SAD_ROTATION_WARP_ATOMIC"": 0, ""SAD_SHARED_DIAGONAL_BLOCK_THREADS"": 128}",,,10,3,0.29785249999999996,0.2977471,0.0547083,0.0156851,0.2273537,ok,
2026-08-23T11:51:02.503640+00:00,backward_shape:12:969d7e89b891db0c,backward_shape,mera,12,4,"{""backward_register_bits"": 2, ""backward_threads"": 128, ""diagonal_threads"": 64, ""diagonal_warp_atomic"": 0, ""forward_register_bits"": 2, ""forward_threads"": 32, ""legacy_reduction"": 1, ""lookup_bits"": 8, ""mailbox_chunks"": 1, ""ordinary_threads"": 128, ""rotation_warp_atomic"": 0, ""shared_diagonal_threads"": 128}","{""SAD_BLOCK_THREADS"": 128, ""SAD_DIAGONAL_BLOCK_THREADS"": 64, ""SAD_DIAGONAL_LOOKUP_BITS"": 8, ""SAD_DIAGONAL_WARP_ATOMIC"": 0, ""SAD_FORWARD_BLOCK_THREADS"": 32, ""SAD_FORWARD_REGISTER_BITS"": 2, ""SAD_LEGACY_BLOCK_REDUCTION"": 1, ""SAD_MAILBOX_CHUNKS"": 1, ""SAD_ORDINARY_BLOCK_THREADS"": 128, ""SAD_QAOA_BD_FUSION"": 1, ""SAD_REGISTER_BITS"": 2, ""SAD_ROTATION_WARP_ATOMIC"": 0, ""SAD_SHARED_DIAGONAL_BLOCK_THREADS"": 128}",,,10,3,0.2088785,0.20946730000000002,0.0547829,0.0163444,0.13834,ok,
2026-08-23T11:51:02.517068+00:00,backward_shape:12:97513fb65b2d0eab,backward_shape,mera,12,4,"{""backward_register_bits"": 3, ""backward_threads"": 128, ""diagonal_threads"": 64, ""diagonal_warp_atomic"": 0, ""forward_register_bits"": 2, ""forward_threads"": 32, ""legacy_reduction"": 1, ""lookup_bits"": 8, ""mailbox_chunks"": 1, ""ordinary_threads"": 128, ""rotation_warp_atomic"": 0, ""shared_diagonal_threads"": 128}","{""SAD_BLOCK_THREADS"": 128, ""SAD_DIAGONAL_BLOCK_THREADS"": 64, ""SAD_DIAGONAL_LOOKUP_BITS"": 8, ""SAD_DIAGONAL_WARP_ATOMIC"": 0, ""SAD_FORWARD_BLOCK_THREADS"": 32, ""SAD_FORWARD_REGISTER_BITS"": 2, ""SAD_LEGACY_BLOCK_REDUCTION"": 1, ""SAD_MAILBOX_CHUNKS"": 1, ""SAD_ORDINARY_BLOCK_THREADS"": 128, ""SAD_QAOA_BD_FUSION"": 1, ""SAD_REGISTER_BITS"": 3, ""SAD_ROTATION_WARP_ATOMIC"": 0, ""SAD_SHARED_DIAGONAL_BLOCK_THREADS"": 128}",,,10,3,0.28970599999999996,0.289532,0.0546738,0.0157742,0.21908399999999997,ok,
2026-08-23T11:51:02.532913+00:00,backward_shape:12:c1c8ac0942e5288a,backward_shape,mera,12,4,"{""backward_register_bits"": 4, ""backward_threads"": 128, ""diagonal_threads"": 64, ""diagonal_warp_atomic"": 0, ""forward_register_bits"": 2, ""forward_threads"": 32, ""legacy_reduction"": 1, ""lookup_bits"": 8, ""mailbox_chunks"": 1, ""ordinary_threads"": 128, ""rotation_warp_atomic"": 0, ""shared_diagonal_threads"": 128}","{""SAD_BLOCK_THREADS"": 128, ""SAD_DIAGONAL_BLOCK_THREADS"": 64, ""SAD_DIAGONAL_LOOKUP_BITS"": 8, ""SAD_DIAGONAL_WARP_ATOMIC"": 0, ""SAD_FORWARD_BLOCK_THREADS"": 32, ""SAD_FORWARD_REGISTER_BITS"": 2, ""SAD_LEGACY_BLOCK_REDUCTION"": 1, ""SAD_MAILBOX_CHUNKS"": 1, ""SAD_ORDINARY_BLOCK_THREADS"": 128, ""SAD_QAOA_BD_FUSION"": 1, ""SAD_REGISTER_BITS"": 4, ""SAD_ROTATION_WARP_ATOMIC"": 0, ""SAD_SHARED_DIAGONAL_BLOCK_THREADS"": 128}",,,10,3,0.4288945,0.45408410000000005,0.07846389999999999,0.015624200000000001,0.35999600000000004,ok,
2026-08-23T11:51:02.546460+00:00,backward_shape:12:5adea4a17f4f3bf6,backward_shape,mera,12,4,"{""backward_register_bits"": 2, ""backward_threads"": 256, ""diagonal_threads"": 64, ""diagonal_warp_atomic"": 0, ""forward_register_bits"": 2, ""forward_threads"": 32, ""legacy_reduction"": 1, ""lookup_bits"": 8, ""mailbox_chunks"": 1, ""ordinary_threads"": 128, ""rotation_warp_atomic"": 0, ""shared_diagonal_threads"": 128}","{""SAD_BLOCK_THREADS"": 256, ""SAD_DIAGONAL_BLOCK_THREADS"": 64, ""SAD_DIAGONAL_LOOKUP_BITS"": 8, ""SAD_DIAGONAL_WARP_ATOMIC"": 0, ""SAD_FORWARD_BLOCK_THREADS"": 32, ""SAD_FORWARD_REGISTER_BITS"": 2, ""SAD_LEGACY_BLOCK_REDUCTION"": 1, ""SAD_MAILBOX_CHUNKS"": 1, ""SAD_ORDINARY_BLOCK_THREADS"": 128, ""SAD_QAOA_BD_FUSION"": 1, ""SAD_REGISTER_BITS"": 2, ""SAD_ROTATION_WARP_ATOMIC"": 0, ""SAD_SHARED_DIAGONAL_BLOCK_THREADS"": 128}",,,10,3,0.28156000000000003,0.305717,0.0781372,0.0157232,0.2118566,ok,
2026-08-23T11:51:02.561880+00:00,backward_shape:12:6d8bd21d56c88390,backward_shape,mera,12,4,"{""backward_register_bits"": 3, ""backward_threads"": 256, ""diagonal_threads"": 64, ""diagonal_warp_atomic"": 0, ""forward_register_bits"": 2, ""forward_threads"": 32, ""legacy_reduction"": 1, ""lookup_bits"": 8, ""mailbox_chunks"": 1, ""ordinary_threads"": 128, ""rotation_warp_atomic"": 0, ""shared_diagonal_threads"": 128}","{""SAD_BLOCK_THREADS"": 256, ""SAD_DIAGONAL_BLOCK_THREADS"": 64, ""SAD_DIAGONAL_LOOKUP_BITS"": 8, ""SAD_DIAGONAL_WARP_ATOMIC"": 0, ""SAD_FORWARD_BLOCK_THREADS"": 32, ""SAD_FORWARD_REGISTER_BITS"": 2, ""SAD_LEGACY_BLOCK_REDUCTION"": 1, ""SAD_MAILBOX_CHUNKS"": 1, ""SAD_ORDINARY_BLOCK_THREADS"": 128, ""SAD_QAOA_BD_FUSION"": 1, ""SAD_REGISTER_BITS"": 3, ""SAD_ROTATION_WARP_ATOMIC"": 0, ""SAD_SHARED_DIAGONAL_BLOCK_THREADS"": 128}",,,10,3,0.436675,0.4366707,0.0546378,0.01554,0.36649289999999995,ok,
2026-08-23T11:51:02.582690+00:00,backward_shape:12:c1ebc316d5ba0069,backward_shape,mera,12,4,"{""backward_register_bits"": 4, ""backward_threads"": 256, ""diagonal_threads"": 64, ""diagonal_warp_atomic"": 0, ""forward_register_bits"": 2, ""forward_threads"": 32, ""legacy_reduction"": 1, ""lookup_bits"": 8, ""mailbox_chunks"": 1, ""ordinary_threads"": 128, ""rotation_warp_atomic"": 0, ""shared_diagonal_threads"": 128}","{""SAD_BLOCK_THREADS"": 256, ""SAD_DIAGONAL_BLOCK_THREADS"": 64, ""SAD_DIAGONAL_LOOKUP_BITS"": 8, ""SAD_DIAGONAL_WARP_ATOMIC"": 0, ""SAD_FORWARD_BLOCK_THREADS"": 32, ""SAD_FORWARD_REGISTER_BITS"": 2, ""SAD_LEGACY_BLOCK_REDUCTION"": 1, ""SAD_MAILBOX_CHUNKS"": 1, ""SAD_ORDINARY_BLOCK_THREADS"": 128, ""SAD_QAOA_BD_FUSION"": 1, ""SAD_REGISTER_BITS"": 4, ""SAD_ROTATION_WARP_ATOMIC"": 0, ""SAD_SHARED_DIAGONAL_BLOCK_THREADS"": 128}",,,10,3,0.7321755,0.756284,0.0782164,0.01565,0.6624175999999999,ok,
2026-08-23T11:51:02.595044+00:00,ordinary_threads:12:e70315ab54677e55,ordinary_threads,mera,12,4,"{""backward_register_bits"": 2, ""backward_threads"": 32, ""diagonal_threads"": 64, ""diagonal_warp_atomic"": 0, ""forward_register_bits"": 2, ""forward_threads"": 32, ""legacy_reduction"": 1, ""lookup_bits"": 8, ""mailbox_chunks"": 1, ""ordinary_threads"": 64, ""rotation_warp_atomic"": 0, ""shared_diagonal_threads"": 128}","{""SAD_BLOCK_THREADS"": 32, ""SAD_DIAGONAL_BLOCK_THREADS"": 64, ""SAD_DIAGONAL_LOOKUP_BITS"": 8, ""SAD_DIAGONAL_WARP_ATOMIC"": 0, ""SAD_FORWARD_BLOCK_THREADS"": 32, ""SAD_FORWARD_REGISTER_BITS"": 2, ""SAD_LEGACY_BLOCK_REDUCTION"": 1, ""SAD_MAILBOX_CHUNKS"": 1, ""SAD_ORDINARY_BLOCK_THREADS"": 64, ""SAD_QAOA_BD_FUSION"": 1, ""SAD_REGISTER_BITS"": 2, ""SAD_ROTATION_WARP_ATOMIC"": 0, ""SAD_SHARED_DIAGONAL_BLOCK_THREADS"": 128}",,,10,3,0.1659465,0.1661562,0.05454849999999999,0.015415100000000001,0.0961926,ok,
2026-08-23T11:51:02.606895+00:00,ordinary_threads:12:cdd1feb7a8b22bfc,ordinary_threads,mera,12,4,"{""backward_register_bits"": 2, ""backward_threads"": 32, ""diagonal_threads"": 64, ""diagonal_warp_atomic"": 0, ""forward_register_bits"": 2, ""forward_threads"": 32, ""legacy_reduction"": 1, ""lookup_bits"": 8, ""mailbox_chunks"": 1, ""ordinary_threads"": 128, ""rotation_warp_atomic"": 0, ""shared_diagonal_threads"": 128}","{""SAD_BLOCK_THREADS"": 32, ""SAD_DIAGONAL_BLOCK_THREADS"": 64, ""SAD_DIAGONAL_LOOKUP_BITS"": 8, ""SAD_DIAGONAL_WARP_ATOMIC"": 0, ""SAD_FORWARD_BLOCK_THREADS"": 32, ""SAD_FORWARD_REGISTER_BITS"": 2, ""SAD_LEGACY_BLOCK_REDUCTION"": 1, ""SAD_MAILBOX_CHUNKS"": 1, ""SAD_ORDINARY_BLOCK_THREADS"": 128, ""SAD_QAOA_BD_FUSION"": 1, ""SAD_REGISTER_BITS"": 2, ""SAD_ROTATION_WARP_ATOMIC"": 0, ""SAD_SHARED_DIAGONAL_BLOCK_THREADS"": 128}",,,10,3,0.16677750000000002,0.1665538,0.0546846,0.0158734,0.0959958,ok,
2026-08-23T11:51:02.618784+00:00,reduction:12:14db50fbb708f1b2,reduction,mera,12,4,"{""backward_register_bits"": 2, ""backward_threads"": 32, ""diagonal_threads"": 64, ""diagonal_warp_atomic"": 0, ""forward_register_bits"": 2, ""forward_threads"": 32, ""legacy_reduction"": 1, ""lookup_bits"": 8, ""mailbox_chunks"": 1, ""ordinary_threads"": 64, ""rotation_warp_atomic"": 0, ""shared_diagonal_threads"": 128}","{""SAD_BLOCK_THREADS"": 32, ""SAD_DIAGONAL_BLOCK_THREADS"": 64, ""SAD_DIAGONAL_LOOKUP_BITS"": 8, ""SAD_DIAGONAL_WARP_ATOMIC"": 0, ""SAD_FORWARD_BLOCK_THREADS"": 32, ""SAD_FORWARD_REGISTER_BITS"": 2, ""SAD_LEGACY_BLOCK_REDUCTION"": 1, ""SAD_MAILBOX_CHUNKS"": 1, ""SAD_ORDINARY_BLOCK_THREADS"": 64, ""SAD_QAOA_BD_FUSION"": 1, ""SAD_REGISTER_BITS"": 2, ""SAD_ROTATION_WARP_ATOMIC"": 0, ""SAD_SHARED_DIAGONAL_BLOCK_THREADS"": 128}",,,10,3,0.16586399999999998,0.16604850000000002,0.0546556,0.015393800000000001,0.09599909999999999,ok,
2026-08-23T11:51:19.067317+00:00,reduction:12:b1780424e9045e43,reduction,mera,12,4,"{""backward_register_bits"": 2, ""backward_threads"": 32, ""diagonal_threads"": 64, ""diagonal_warp_atomic"": 0, ""forward_register_bits"": 2, ""forward_threads"": 32, ""legacy_reduction"": 0, ""lookup_bits"": 8, ""mailbox_chunks"": 1, ""ordinary_threads"": 64, ""rotation_warp_atomic"": 0, ""shared_diagonal_threads"": 128}","{""SAD_BLOCK_THREADS"": 32, ""SAD_DIAGONAL_BLOCK_THREADS"": 64, ""SAD_DIAGONAL_LOOKUP_BITS"": 8, ""SAD_DIAGONAL_WARP_ATOMIC"": 0, ""SAD_FORWARD_BLOCK_THREADS"": 32, ""SAD_FORWARD_REGISTER_BITS"": 2, ""SAD_LEGACY_BLOCK_REDUCTION"": 0, ""SAD_MAILBOX_CHUNKS"": 1, ""SAD_ORDINARY_BLOCK_THREADS"": 64, ""SAD_QAOA_BD_FUSION"": 1, ""SAD_REGISTER_BITS"": 2, ""SAD_ROTATION_WARP_ATOMIC"": 0, ""SAD_SHARED_DIAGONAL_BLOCK_THREADS"": 128}",,,10,3,0.157671,0.15764889999999998,0.0547412,0.015606,0.08730170000000001,ok,
2026-08-23T11:51:34.488025+00:00,reduction:12:6d7a5bb01345c3a7,reduction,mera,12,4,"{""backward_register_bits"": 2, ""backward_threads"": 32, ""diagonal_threads"": 64, ""diagonal_warp_atomic"": 0, ""forward_register_bits"": 2, ""forward_threads"": 32, ""legacy_reduction"": 0, ""lookup_bits"": 8, ""mailbox_chunks"": 1, ""ordinary_threads"": 64, ""rotation_warp_atomic"": 1, ""shared_diagonal_threads"": 128}","{""SAD_BLOCK_THREADS"": 32, ""SAD_DIAGONAL_BLOCK_THREADS"": 64, ""SAD_DIAGONAL_LOOKUP_BITS"": 8, ""SAD_DIAGONAL_WARP_ATOMIC"": 0, ""SAD_FORWARD_BLOCK_THREADS"": 32, ""SAD_FORWARD_REGISTER_BITS"": 2, ""SAD_LEGACY_BLOCK_REDUCTION"": 0, ""SAD_MAILBOX_CHUNKS"": 1, ""SAD_ORDINARY_BLOCK_THREADS"": 64, ""SAD_QAOA_BD_FUSION"": 1, ""SAD_REGISTER_BITS"": 2, ""SAD_ROTATION_WARP_ATOMIC"": 1, ""SAD_SHARED_DIAGONAL_BLOCK_THREADS"": 128}",,,10,3,0.1496895,0.1497669,0.054749,0.015617899999999999,0.07940000000000001,ok,
2026-08-23T11:51:34.510239+00:00,forward_shape:14:52e41d187a261913,forward_shape,mera,14,4,"{""backward_register_bits"": 2, ""backward_threads"": 128, ""diagonal_threads"": 64, ""diagonal_warp_atomic"": 0, ""forward_register_bits"": 2, ""forward_threads"": 32, ""legacy_reduction"": 1, ""lookup_bits"": 8, ""mailbox_chunks"": 1, ""ordinary_threads"": 128, ""rotation_warp_atomic"": 0, ""shared_diagonal_threads"": 128}","{""SAD_BLOCK_THREADS"": 128, ""SAD_DIAGONAL_BLOCK_THREADS"": 64, ""SAD_DIAGONAL_LOOKUP_BITS"": 8, ""SAD_DIAGONAL_WARP_ATOMIC"": 0, ""SAD_FORWARD_BLOCK_THREADS"": 32, ""SAD_FORWARD_REGISTER_BITS"": 2, ""SAD_LEGACY_BLOCK_REDUCTION"": 1, ""SAD_MAILBOX_CHUNKS"": 1, ""SAD_ORDINARY_BLOCK_THREADS"": 128, ""SAD_QAOA_BD_FUSION"": 1, ""SAD_REGISTER_BITS"": 2, ""SAD_ROTATION_WARP_ATOMIC"": 0, ""SAD_SHARED_DIAGONAL_BLOCK_THREADS"": 128}",,,10,3,0.2313575,0.2308501,0.060828900000000005,0.0153265,0.1546947,ok,
2026-08-23T11:51:34.532721+00:00,forward_shape:14:9f5c1c4e40e48ae0,forward_shape,mera,14,4,"{""backward_register_bits"": 2, ""backward_threads"": 128, ""diagonal_threads"": 64, ""diagonal_warp_atomic"": 0, ""forward_register_bits"": 3, ""forward_threads"": 32, ""legacy_reduction"": 1, ""lookup_bits"": 8, ""mailbox_chunks"": 1, ""ordinary_threads"": 128, ""rotation_warp_atomic"": 0, ""shared_diagonal_threads"": 128}","{""SAD_BLOCK_THREADS"": 128, ""SAD_DIAGONAL_BLOCK_THREADS"": 64, ""SAD_DIAGONAL_LOOKUP_BITS"": 8, ""SAD_DIAGONAL_WARP_ATOMIC"": 0, ""SAD_FORWARD_BLOCK_THREADS"": 32, ""SAD_FORWARD_REGISTER_BITS"": 3, ""SAD_LEGACY_BLOCK_REDUCTION"": 1, ""SAD_MAILBOX_CHUNKS"": 1, ""SAD_ORDINARY_BLOCK_THREADS"": 128, ""SAD_QAOA_BD_FUSION"": 1, ""SAD_REGISTER_BITS"": 2, ""SAD_ROTATION_WARP_ATOMIC"": 0, ""SAD_SHARED_DIAGONAL_BLOCK_THREADS"": 128}",,,10,3,0.24954299999999996,0.2733627,0.10313130000000001,0.0157528,0.15447860000000002,ok,
2026-08-23T11:51:34.555100+00:00,forward_shape:14:0d984a4b77906dc9,forward_shape,mera,14,4,"{""backward_register_bits"": 2, ""backward_threads"": 128, ""diagonal_threads"": 64, ""diagonal_warp_atomic"": 0, ""forward_register_bits"": 4, ""forward_threads"": 32, ""legacy_reduction"": 1, ""lookup_bits"": 8, ""mailbox_chunks"": 1, ""ordinary_threads"": 128, ""rotation_warp_atomic"": 0, ""shared_diagonal_threads"": 128}","{""SAD_BLOCK_THREADS"": 128, ""SAD_DIAGONAL_BLOCK_THREADS"": 64, ""SAD_DIAGONAL_LOOKUP_BITS"": 8, ""SAD_DIAGONAL_WARP_ATOMIC"": 0, ""SAD_FORWARD_BLOCK_THREADS"": 32, ""SAD_FORWARD_REGISTER_BITS"": 4, ""SAD_LEGACY_BLOCK_REDUCTION"": 1, ""SAD_MAILBOX_CHUNKS"": 1, ""SAD_ORDINARY_BLOCK_THREADS"": 128, ""SAD_QAOA_BD_FUSION"": 1, ""SAD_REGISTER_BITS"": 2, ""SAD_ROTATION_WARP_ATOMIC"": 0, ""SAD_SHARED_DIAGONAL_BLOCK_THREADS"": 128}",,,10,3,0.2745275,0.2745841,0.1041486,0.0159047,0.1545308,ok,
2026-08-23T11:51:34.576995+00:00,forward_shape:14:d546d44a0ad8b46f,forward_shape,mera,14,4,"{""backward_register_bits"": 2, ""backward_threads"": 128, ""diagonal_threads"": 64, ""diagonal_warp_atomic"": 0, ""forward_register_bits"": 2, ""forward_threads"": 64, ""legacy_reduction"": 1, ""lookup_bits"": 8, ""mailbox_chunks"": 1, ""ordinary_threads"": 128, ""rotation_warp_atomic"": 0, ""shared_diagonal_threads"": 128}","{""SAD_BLOCK_THREADS"": 128, ""SAD_DIAGONAL_BLOCK_THREADS"": 64, ""SAD_DIAGONAL_LOOKUP_BITS"": 8, ""SAD_DIAGONAL_WARP_ATOMIC"": 0, ""SAD_FORWARD_BLOCK_THREADS"": 64, ""SAD_FORWARD_REGISTER_BITS"": 2, ""SAD_LEGACY_BLOCK_REDUCTION"": 1, ""SAD_MAILBOX_CHUNKS"": 1, ""SAD_ORDINARY_BLOCK_THREADS"": 128, ""SAD_QAOA_BD_FUSION"": 1, ""SAD_REGISTER_BITS"": 2, ""SAD_ROTATION_WARP_ATOMIC"": 0, ""SAD_SHARED_DIAGONAL_BLOCK_THREADS"": 128}",,,10,3,0.2324135,0.2324348,0.06208630000000001,0.0157187,0.15462979999999998,ok,
2026-08-23T11:51:34.599768+00:00,forward_shape:14:f87b6c365be0072a,forward_shape,mera,14,4,"{""backward_register_bits"": 2, ""backward_threads"": 128, ""diagonal_threads"": 64, ""diagonal_warp_atomic"": 0, ""forward_register_bits"": 3, ""forward_threads"": 64, ""legacy_reduction"": 1, ""lookup_bits"": 8, ""mailbox_chunks"": 1, ""ordinary_threads"": 128, ""rotation_warp_atomic"": 0, ""shared_diagonal_threads"": 128}","{""SAD_BLOCK_THREADS"": 128, ""SAD_DIAGONAL_BLOCK_THREADS"": 64, ""SAD_DIAGONAL_LOOKUP_BITS"": 8, ""SAD_DIAGONAL_WARP_ATOMIC"": 0, ""SAD_FORWARD_BLOCK_THREADS"": 64, ""SAD_FORWARD_REGISTER_BITS"": 3, ""SAD_LEGACY_BLOCK_REDUCTION"": 1, ""SAD_MAILBOX_CHUNKS"": 1, ""SAD_ORDINARY_BLOCK_THREADS"": 128, ""SAD_QAOA_BD_FUSION"": 1, ""SAD_REGISTER_BITS"": 2, ""SAD_ROTATION_WARP_ATOMIC"": 0, ""SAD_SHARED_DIAGONAL_BLOCK_THREADS"": 128}",,,10,3,0.25714149999999997,0.28113439999999995,0.11039940000000001,0.015876499999999998,0.1548585,ok,
2026-08-23T11:51:34.622188+00:00,forward_shape:14:49f888ec95bad476,forward_shape,mera,14,4,"{""backward_register_bits"": 2, ""backward_threads"": 128, ""diagonal_threads"": 64, ""diagonal_warp_atomic"": 0, ""forward_register_bits"": 4, ""forward_threads"": 64, ""legacy_reduction"": 1, ""lookup_bits"": 8, ""mailbox_chunks"": 1, ""ordinary_threads"": 128, ""rotation_warp_atomic"": 0, ""shared_diagonal_threads"": 128}","{""SAD_BLOCK_THREADS"": 128, ""SAD_DIAGONAL_BLOCK_THREADS"": 64, ""SAD_DIAGONAL_LOOKUP_BITS"": 8, ""SAD_DIAGONAL_WARP_ATOMIC"": 0, ""SAD_FORWARD_BLOCK_THREADS"": 64, ""SAD_FORWARD_REGISTER_BITS"": 4, ""SAD_LEGACY_BLOCK_REDUCTION"": 1, ""SAD_MAILBOX_CHUNKS"": 1, ""SAD_ORDINARY_BLOCK_THREADS"": 128, ""SAD_QAOA_BD_FUSION"": 1, ""SAD_REGISTER_BITS"": 2, ""SAD_ROTATION_WARP_ATOMIC"": 0, ""SAD_SHARED_DIAGONAL_BLOCK_THREADS"": 128}",,,10,3,0.29608100000000004,0.2962946,0.12593089999999998,0.015786300000000003,0.1545774,ok,
2026-08-23T11:51:34.644122+00:00,forward_shape:14:d686f31a3388d72f,forward_shape,mera,14,4,"{""backward_register_bits"": 2, ""backward_threads"": 128, ""diagonal_threads"": 64, ""diagonal_warp_atomic"": 0, ""forward_register_bits"": 2, ""forward_threads"": 128, ""legacy_reduction"": 1, ""lookup_bits"": 8, ""mailbox_chunks"": 1, ""ordinary_threads"": 128, ""rotation_warp_atomic"": 0, ""shared_diagonal_threads"": 128}","{""SAD_BLOCK_THREADS"": 128, ""SAD_DIAGONAL_BLOCK_THREADS"": 64, ""SAD_DIAGONAL_LOOKUP_BITS"": 8, ""SAD_DIAGONAL_WARP_ATOMIC"": 0, ""SAD_FORWARD_BLOCK_THREADS"": 128, ""SAD_FORWARD_REGISTER_BITS"": 2, ""SAD_LEGACY_BLOCK_REDUCTION"": 1, ""SAD_MAILBOX_CHUNKS"": 1, ""SAD_ORDINARY_BLOCK_THREADS"": 128, ""SAD_QAOA_BD_FUSION"": 1, ""SAD_REGISTER_BITS"": 2, ""SAD_ROTATION_WARP_ATOMIC"": 0, ""SAD_SHARED_DIAGONAL_BLOCK_THREADS"": 128}",,,10,3,0.24917549999999997,0.24897599999999998,0.0789447,0.0157516,0.1542797,ok,
2026-08-23T11:51:34.667240+00:00,forward_shape:14:c363a6685bb67b61,forward_shape,mera,14,4,"{""backward_register_bits"": 2, ""backward_threads"": 128, ""diagonal_threads"": 64, ""diagonal_warp_atomic"": 0, ""forward_register_bits"": 3, ""forward_threads"": 128, ""legacy_reduction"": 1, ""lookup_bits"": 8, ""mailbox_chunks"": 1, ""ordinary_threads"": 128, ""rotation_warp_atomic"": 0, ""shared_diagonal_threads"": 128}","{""SAD_BLOCK_THREADS"": 128, ""SAD_DIAGONAL_BLOCK_THREADS"": 64, ""SAD_DIAGONAL_LOOKUP_BITS"": 8, ""SAD_DIAGONAL_WARP_ATOMIC"": 0, ""SAD_FORWARD_BLOCK_THREADS"": 128, ""SAD_FORWARD_REGISTER_BITS"": 3, ""SAD_LEGACY_BLOCK_REDUCTION"": 1, ""SAD_MAILBOX_CHUNKS"": 1, ""SAD_ORDINARY_BLOCK_THREADS"": 128, ""SAD_QAOA_BD_FUSION"": 1, ""SAD_REGISTER_BITS"": 2, ""SAD_ROTATION_WARP_ATOMIC"": 0, ""SAD_SHARED_DIAGONAL_BLOCK_THREADS"": 128}",,,10,3,0.2908215,0.31649950000000004,0.1231301,0.0389802,0.1543892,ok,
2026-08-23T11:51:34.690401+00:00,forward_shape:14:ca9666fba8bb9ddf,forward_shape,mera,14,4,"{""backward_register_bits"": 2, ""backward_threads"": 128, ""diagonal_threads"": 64, ""diagonal_warp_atomic"": 0, ""forward_register_bits"": 4, ""forward_threads"": 128, ""legacy_reduction"": 1, ""lookup_bits"": 8, ""mailbox_chunks"": 1, ""ordinary_threads"": 128, ""rotation_warp_atomic"": 0, ""shared_diagonal_threads"": 128}","{""SAD_BLOCK_THREADS"": 128, ""SAD_DIAGONAL_BLOCK_THREADS"": 64, ""SAD_DIAGONAL_LOOKUP_BITS"": 8, ""SAD_DIAGONAL_WARP_ATOMIC"": 0, ""SAD_FORWARD_BLOCK_THREADS"": 128, ""SAD_FORWARD_REGISTER_BITS"": 4, ""SAD_LEGACY_BLOCK_REDUCTION"": 1, ""SAD_MAILBOX_CHUNKS"": 1, ""SAD_ORDINARY_BLOCK_THREADS"": 128, ""SAD_QAOA_BD_FUSION"": 1, ""SAD_REGISTER_BITS"": 2, ""SAD_ROTATION_WARP_ATOMIC"": 0, ""SAD_SHARED_DIAGONAL_BLOCK_THREADS"": 128}",,,10,3,0.364064,0.3895667,0.194809,0.039819099999999996,0.1549386,ok,
2026-08-23T11:51:34.711580+00:00,forward_shape:14:04d96b39bfaa3126,forward_shape,mera,14,4,"{""backward_register_bits"": 2, ""backward_threads"": 128, ""diagonal_threads"": 64, ""diagonal_warp_atomic"": 0, ""forward_register_bits"": 2, ""forward_threads"": 256, ""legacy_reduction"": 1, ""lookup_bits"": 8, ""mailbox_chunks"": 1, ""ordinary_threads"": 128, ""rotation_warp_atomic"": 0, ""shared_diagonal_threads"": 128}","{""SAD_BLOCK_THREADS"": 128, ""SAD_DIAGONAL_BLOCK_THREADS"": 64, ""SAD_DIAGONAL_LOOKUP_BITS"": 8, ""SAD_DIAGONAL_WARP_ATOMIC"": 0, ""SAD_FORWARD_BLOCK_THREADS"": 256, ""SAD_FORWARD_REGISTER_BITS"": 2, ""SAD_LEGACY_BLOCK_REDUCTION"": 1, ""SAD_MAILBOX_CHUNKS"": 1, ""SAD_ORDINARY_BLOCK_THREADS"": 128, ""SAD_QAOA_BD_FUSION"": 1, ""SAD_REGISTER_BITS"": 2, ""SAD_ROTATION_WARP_ATOMIC"": 0, ""SAD_SHARED_DIAGONAL_BLOCK_THREADS"": 128}",,,10,3,0.2774125,0.277067,0.10738639999999999,0.015592199999999999,0.15408840000000001,ok,
2026-08-23T11:51:34.734964+00:00,forward_shape:14:88e00c533cfd0ede,forward_shape,mera,14,4,"{""backward_register_bits"": 2, ""backward_threads"": 128, ""diagonal_threads"": 64, ""diagonal_warp_atomic"": 0, ""forward_register_bits"": 3, ""forward_threads"": 256, ""legacy_reduction"": 1, ""lookup_bits"": 8, ""mailbox_chunks"": 1, ""ordinary_threads"": 128, ""rotation_warp_atomic"": 0, ""shared_diagonal_threads"": 128}","{""SAD_BLOCK_THREADS"": 128, ""SAD_DIAGONAL_BLOCK_THREADS"": 64, ""SAD_DIAGONAL_LOOKUP_BITS"": 8, ""SAD_DIAGONAL_WARP_ATOMIC"": 0, ""SAD_FORWARD_BLOCK_THREADS"": 256, ""SAD_FORWARD_REGISTER_BITS"": 3, ""SAD_LEGACY_BLOCK_REDUCTION"": 1, ""SAD_MAILBOX_CHUNKS"": 1, ""SAD_ORDINARY_BLOCK_THREADS"": 128, ""SAD_QAOA_BD_FUSION"": 1, ""SAD_REGISTER_BITS"": 2, ""SAD_ROTATION_WARP_ATOMIC"": 0, ""SAD_SHARED_DIAGONAL_BLOCK_THREADS"": 128}",,,10,3,0.35780300000000004,0.3578386,0.1878211,0.0158983,0.15411919999999998,ok,
2026-08-23T11:51:34.758715+00:00,forward_shape:14:0b207bbf70110d81,forward_shape,mera,14,4,"{""backward_register_bits"": 2, ""backward_threads"": 128, ""diagonal_threads"": 64, ""diagonal_warp_atomic"": 0, ""forward_register_bits"": 4, ""forward_threads"": 256, ""legacy_reduction"": 1, ""lookup_bits"": 8, ""mailbox_chunks"": 1, ""ordinary_threads"": 128, ""rotation_warp_atomic"": 0, ""shared_diagonal_threads"": 128}","{""SAD_BLOCK_THREADS"": 128, ""SAD_DIAGONAL_BLOCK_THREADS"": 64, ""SAD_DIAGONAL_LOOKUP_BITS"": 8, ""SAD_DIAGONAL_WARP_ATOMIC"": 0, ""SAD_FORWARD_BLOCK_THREADS"": 256, ""SAD_FORWARD_REGISTER_BITS"": 4, ""SAD_LEGACY_BLOCK_REDUCTION"": 1, ""SAD_MAILBOX_CHUNKS"": 1, ""SAD_ORDINARY_BLOCK_THREADS"": 128, ""SAD_QAOA_BD_FUSION"": 1, ""SAD_REGISTER_BITS"": 2, ""SAD_ROTATION_WARP_ATOMIC"": 0, ""SAD_SHARED_DIAGONAL_BLOCK_THREADS"": 128}",,,10,3,0.480246,0.5035696000000001,0.31020549999999997,0.039026700000000004,0.15433739999999999,ok,
2026-08-23T11:51:34.777703+00:00,backward_shape:14:ef2a353af8272811,backward_shape,mera,14,4,"{""backward_register_bits"": 2, ""backward_threads"": 32, ""diagonal_threads"": 64, ""diagonal_warp_atomic"": 0, ""forward_register_bits"": 2, ""forward_threads"": 32, ""legacy_reduction"": 1, ""lookup_bits"": 8, ""mailbox_chunks"": 1, ""ordinary_threads"": 128, ""rotation_warp_atomic"": 0, ""shared_diagonal_threads"": 128}","{""SAD_BLOCK_THREADS"": 32, ""SAD_DIAGONAL_BLOCK_THREADS"": 64, ""SAD_DIAGONAL_LOOKUP_BITS"": 8, ""SAD_DIAGONAL_WARP_ATOMIC"": 0, ""SAD_FORWARD_BLOCK_THREADS"": 32, ""SAD_FORWARD_REGISTER_BITS"": 2, ""SAD_LEGACY_BLOCK_REDUCTION"": 1, ""SAD_MAILBOX_CHUNKS"": 1, ""SAD_ORDINARY_BLOCK_THREADS"": 128, ""SAD_QAOA_BD_FUSION"": 1, ""SAD_REGISTER_BITS"": 2, ""SAD_ROTATION_WARP_ATOMIC"": 0, ""SAD_SHARED_DIAGONAL_BLOCK_THREADS"": 128}",,,10,3,0.1816735,0.1821383,0.060815600000000004,0.0157553,0.10556739999999999,ok,
2026-08-23T11:51:34.799774+00:00,backward_shape:14:a3039b14a06e2490,backward_shape,mera,14,4,"{""backward_register_bits"": 3, ""backward_threads"": 32, ""diagonal_threads"": 64, ""diagonal_warp_atomic"": 0, ""forward_register_bits"": 2, ""forward_threads"": 32, ""legacy_reduction"": 1, ""lookup_bits"": 8, ""mailbox_chunks"": 1, ""ordinary_threads"": 128, ""rotation_warp_atomic"": 0, ""shared_diagonal_threads"": 128}","{""SAD_BLOCK_THREADS"": 32, ""SAD_DIAGONAL_BLOCK_THREADS"": 64, ""SAD_DIAGONAL_LOOKUP_BITS"": 8, ""SAD_DIAGONAL_WARP_ATOMIC"": 0, ""SAD_FORWARD_BLOCK_THREADS"": 32, ""SAD_FORWARD_REGISTER_BITS"": 2, ""SAD_LEGACY_BLOCK_REDUCTION"": 1, ""SAD_MAILBOX_CHUNKS"": 1, ""SAD_ORDINARY_BLOCK_THREADS"": 128, ""SAD_QAOA_BD_FUSION"": 1, ""SAD_REGISTER_BITS"": 3, ""SAD_ROTATION_WARP_ATOMIC"": 0, ""SAD_SHARED_DIAGONAL_BLOCK_THREADS"": 128}",,,10,3,0.2129845,0.2372964,0.0605977,0.015577899999999999,0.1611208,ok,
2026-08-23T11:51:34.823428+00:00,backward_shape:14:4ac7bfcf56963533,backward_shape,mera,14,4,"{""backward_register_bits"": 4, ""backward_threads"": 32, ""diagonal_threads"": 64, ""diagonal_warp_atomic"": 0, ""forward_register_bits"": 2, ""forward_threads"": 32, ""legacy_reduction"": 1, ""lookup_bits"": 8, ""mailbox_chunks"": 1, ""ordinary_threads"": 128, ""rotation_warp_atomic"": 0, ""shared_diagonal_threads"": 128}","{""SAD_BLOCK_THREADS"": 32, ""SAD_DIAGONAL_BLOCK_THREADS"": 64, ""SAD_DIAGONAL_LOOKUP_BITS"": 8, ""SAD_DIAGONAL_WARP_ATOMIC"": 0, ""SAD_FORWARD_BLOCK_THREADS"": 32, ""SAD_FORWARD_REGISTER_BITS"": 2, ""SAD_LEGACY_BLOCK_REDUCTION"": 1, ""SAD_MAILBOX_CHUNKS"": 1, ""SAD_ORDINARY_BLOCK_THREADS"": 128, ""SAD_QAOA_BD_FUSION"": 1, ""SAD_REGISTER_BITS"": 4, ""SAD_ROTATION_WARP_ATOMIC"": 0, ""SAD_SHARED_DIAGONAL_BLOCK_THREADS"": 128}",,,10,3,0.30405,0.3303859,0.0840746,0.0157499,0.2305614,ok,
2026-08-23T11:51:34.843963+00:00,backward_shape:14:e85fcef5bb94cc55,backward_shape,mera,14,4,"{""backward_register_bits"": 2, ""backward_threads"": 64, ""diagonal_threads"": 64, ""diagonal_warp_atomic"": 0, ""forward_register_bits"": 2, ""forward_threads"": 32, ""legacy_reduction"": 1, ""lookup_bits"": 8, ""mailbox_chunks"": 1, ""ordinary_threads"": 128, ""rotation_warp_atomic"": 0, ""shared_diagonal_threads"": 128}","{""SAD_BLOCK_THREADS"": 64, ""SAD_DIAGONAL_BLOCK_THREADS"": 64, ""SAD_DIAGONAL_LOOKUP_BITS"": 8, ""SAD_DIAGONAL_WARP_ATOMIC"": 0, ""SAD_FORWARD_BLOCK_THREADS"": 32, ""SAD_FORWARD_REGISTER_BITS"": 2, ""SAD_LEGACY_BLOCK_REDUCTION"": 1, ""SAD_MAILBOX_CHUNKS"": 1, ""SAD_ORDINARY_BLOCK_THREADS"": 128, ""SAD_QAOA_BD_FUSION"": 1, ""SAD_REGISTER_BITS"": 2, ""SAD_ROTATION_WARP_ATOMIC"": 0, ""SAD_SHARED_DIAGONAL_BLOCK_THREADS"": 128}",,,10,3,0.1882825,0.18806579999999998,0.06049109999999999,0.0154102,0.11216449999999999,ok,
2026-08-23T11:51:34.867250+00:00,backward_shape:14:0eb0b99e82b5a550,backward_shape,mera,14,4,"{""backward_register_bits"": 3, ""backward_threads"": 64, ""diagonal_threads"": 64, ""diagonal_warp_atomic"": 0, ""forward_register_bits"": 2, ""forward_threads"": 32, ""legacy_reduction"": 1, ""lookup_bits"": 8, ""mailbox_chunks"": 1, ""ordinary_threads"": 128, ""rotation_warp_atomic"": 0, ""shared_diagonal_threads"": 128}","{""SAD_BLOCK_THREADS"": 64, ""SAD_DIAGONAL_BLOCK_THREADS"": 64, ""SAD_DIAGONAL_LOOKUP_BITS"": 8, ""SAD_DIAGONAL_WARP_ATOMIC"": 0, ""SAD_FORWARD_BLOCK_THREADS"": 32, ""SAD_FORWARD_REGISTER_BITS"": 2, ""SAD_LEGACY_BLOCK_REDUCTION"": 1, ""SAD_MAILBOX_CHUNKS"": 1, ""SAD_ORDINARY_BLOCK_THREADS"": 128, ""SAD_QAOA_BD_FUSION"": 1, ""SAD_REGISTER_BITS"": 3, ""SAD_ROTATION_WARP_ATOMIC"": 0, ""SAD_SHARED_DIAGONAL_BLOCK_THREADS"": 128}",,,10,3,0.24572549999999999,0.2462217,0.060421300000000004,0.015858699999999996,0.1699417,ok,
2026-08-23T11:51:34.891010+00:00,backward_shape:14:438931003796ec84,backward_shape,mera,14,4,"{""backward_register_bits"": 4, ""backward_threads"": 64, ""diagonal_threads"": 64, ""diagonal_warp_atomic"": 0, ""forward_register_bits"": 2, ""forward_threads"": 32, ""legacy_reduction"": 1, ""lookup_bits"": 8, ""mailbox_chunks"": 1, ""ordinary_threads"": 128, ""rotation_warp_atomic"": 0, ""shared_diagonal_threads"": 128}","{""SAD_BLOCK_THREADS"": 64, ""SAD_DIAGONAL_BLOCK_THREADS"": 64, ""SAD_DIAGONAL_LOOKUP_BITS"": 8, ""SAD_DIAGONAL_WARP_ATOMIC"": 0, ""SAD_FORWARD_BLOCK_THREADS"": 32, ""SAD_FORWARD_REGISTER_BITS"": 2, ""SAD_LEGACY_BLOCK_REDUCTION"": 1, ""SAD_MAILBOX_CHUNKS"": 1, ""SAD_ORDINARY_BLOCK_THREADS"": 128, ""SAD_QAOA_BD_FUSION"": 1, ""SAD_REGISTER_BITS"": 4, ""SAD_ROTATION_WARP_ATOMIC"": 0, ""SAD_SHARED_DIAGONAL_BLOCK_THREADS"": 128}",,,10,3,0.35317699999999996,0.379757,0.084182,0.015698499999999997,0.2798765,ok,
2026-08-23T11:51:34.911598+00:00,backward_shape:14:7c88f8a5c7a9f958,backward_shape,mera,14,4,"{""backward_register_bits"": 2, ""backward_threads"": 128, ""diagonal_threads"": 64, ""diagonal_warp_atomic"": 0, ""forward_register_bits"": 2, ""forward_threads"": 32, ""legacy_reduction"": 1, ""lookup_bits"": 8, ""mailbox_chunks"": 1, ""ordinary_threads"": 128, ""rotation_warp_atomic"": 0, ""shared_diagonal_threads"": 128}","{""SAD_BLOCK_THREADS"": 128, ""SAD_DIAGONAL_BLOCK_THREADS"": 64, ""SAD_DIAGONAL_LOOKUP_BITS"": 8, ""SAD_DIAGONAL_WARP_ATOMIC"": 0, ""SAD_FORWARD_BLOCK_THREADS"": 32, ""SAD_FORWARD_REGISTER_BITS"": 2, ""SAD_LEGACY_BLOCK_REDUCTION"": 1, ""SAD_MAILBOX_CHUNKS"": 1, ""SAD_ORDINARY_BLOCK_THREADS"": 128, ""SAD_QAOA_BD_FUSION"": 1, ""SAD_REGISTER_BITS"": 2, ""SAD_ROTATION_WARP_ATOMIC"": 0, ""SAD_SHARED_DIAGONAL_BLOCK_THREADS"": 128}",,,10,3,0.23140049999999998,0.23137829999999998,0.060842700000000006,0.0159566,0.15457900000000002,ok,
2026-08-23T11:51:34.935641+00:00,backward_shape:14:eb6ccff98c26ec7c,backward_shape,mera,14,4,"{""backward_register_bits"": 3, ""backward_threads"": 128, ""diagonal_threads"": 64, ""diagonal_warp_atomic"": 0, ""forward_register_bits"": 2, ""forward_threads"": 32, ""legacy_reduction"": 1, ""lookup_bits"": 8, ""mailbox_chunks"": 1, ""ordinary_threads"": 128, ""rotation_warp_atomic"": 0, ""shared_diagonal_threads"": 128}","{""SAD_BLOCK_THREADS"": 128, ""SAD_DIAGONAL_BLOCK_THREADS"": 64, ""SAD_DIAGONAL_LOOKUP_BITS"": 8, ""SAD_DIAGONAL_WARP_ATOMIC"": 0, ""SAD_FORWARD_BLOCK_THREADS"": 32, ""SAD_FORWARD_REGISTER_BITS"": 2, ""SAD_LEGACY_BLOCK_REDUCTION"": 1, ""SAD_MAILBOX_CHUNKS"": 1, ""SAD_ORDINARY_BLOCK_THREADS"": 128, ""SAD_QAOA_BD_FUSION"": 1, ""SAD_REGISTER_BITS"": 3, ""SAD_ROTATION_WARP_ATOMIC"": 0, ""SAD_SHARED_DIAGONAL_BLOCK_THREADS"": 128}",,,10,3,0.335874,0.3361442,0.060690400000000005,0.0153511,0.2601027,ok,
2026-08-23T11:51:34.960071+00:00,backward_shape:14:2ad7001f99f8ee07,backward_shape,mera,14,4,"{""backward_register_bits"": 4, ""backward_threads"": 128, ""diagonal_threads"": 64, ""diagonal_warp_atomic"": 0, ""forward_register_bits"": 2, ""forward_threads"": 32, ""legacy_reduction"": 1, ""lookup_bits"": 8, ""mailbox_chunks"": 1, ""ordinary_threads"": 128, ""rotation_warp_atomic"": 0, ""shared_diagonal_threads"": 128}","{""SAD_BLOCK_THREADS"": 128, ""SAD_DIAGONAL_BLOCK_THREADS"": 64, ""SAD_DIAGONAL_LOOKUP_BITS"": 8, ""SAD_DIAGONAL_WARP_ATOMIC"": 0, ""SAD_FORWARD_BLOCK_THREADS"": 32, ""SAD_FORWARD_REGISTER_BITS"": 2, ""SAD_LEGACY_BLOCK_REDUCTION"": 1, ""SAD_MAILBOX_CHUNKS"": 1, ""SAD_ORDINARY_BLOCK_THREADS"": 128, ""SAD_QAOA_BD_FUSION"": 1, ""SAD_REGISTER_BITS"": 4, ""SAD_ROTATION_WARP_ATOMIC"": 0, ""SAD_SHARED_DIAGONAL_BLOCK_THREADS"": 128}",,,10,3,0.5085995,0.5346755000000001,0.0837734,0.015526599999999998,0.4353755,ok,
2026-08-23T11:51:34.979864+00:00,backward_shape:14:04e4f612fbf8f2f7,backward_shape,mera,14,4,"{""backward_register_bits"": 2, ""backward_threads"": 256, ""diagonal_threads"": 64, ""diagonal_warp_atomic"": 0, ""forward_register_bits"": 2, ""forward_threads"": 32, ""legacy_reduction"": 1, ""lookup_bits"": 8, ""mailbox_chunks"": 1, ""ordinary_threads"": 128, ""rotation_warp_atomic"": 0, ""shared_diagonal_threads"": 128}","{""SAD_BLOCK_THREADS"": 256, ""SAD_DIAGONAL_BLOCK_THREADS"": 64, ""SAD_DIAGONAL_LOOKUP_BITS"": 8, ""SAD_DIAGONAL_WARP_ATOMIC"": 0, ""SAD_FORWARD_BLOCK_THREADS"": 32, ""SAD_FORWARD_REGISTER_BITS"": 2, ""SAD_LEGACY_BLOCK_REDUCTION"": 1, ""SAD_MAILBOX_CHUNKS"": 1, ""SAD_ORDINARY_BLOCK_THREADS"": 128, ""SAD_QAOA_BD_FUSION"": 1, ""SAD_REGISTER_BITS"": 2, ""SAD_ROTATION_WARP_ATOMIC"": 0, ""SAD_SHARED_DIAGONAL_BLOCK_THREADS"": 128}",,,10,3,0.32819499999999996,0.32815649999999996,0.060612700000000005,0.0156343,0.2519095,ok,
2026-08-23T11:51:35.004545+00:00,backward_shape:14:ad82e41f53d307a7,backward_shape,mera,14,4,"{""backward_register_bits"": 3, ""backward_threads"": 256, ""diagonal_threads"": 64, ""diagonal_warp_atomic"": 0, ""forward_register_bits"": 2, ""forward_threads"": 32, ""legacy_reduction"": 1, ""lookup_bits"": 8, ""mailbox_chunks"": 1, ""ordinary_threads"": 128, ""rotation_warp_atomic"": 0, ""shared_diagonal_threads"": 128}","{""SAD_BLOCK_THREADS"": 256, ""SAD_DIAGONAL_BLOCK_THREADS"": 64, ""SAD_DIAGONAL_LOOKUP_BITS"": 8, ""SAD_DIAGONAL_WARP_ATOMIC"": 0, ""SAD_FORWARD_BLOCK_THREADS"": 32, ""SAD_FORWARD_REGISTER_BITS"": 2, ""SAD_LEGACY_BLOCK_REDUCTION"": 1, ""SAD_MAILBOX_CHUNKS"": 1, ""SAD_ORDINARY_BLOCK_THREADS"": 128, ""SAD_QAOA_BD_FUSION"": 1, ""SAD_REGISTER_BITS"": 3, ""SAD_ROTATION_WARP_ATOMIC"": 0, ""SAD_SHARED_DIAGONAL_BLOCK_THREADS"": 128}",,,10,3,0.5160945000000001,0.5164675,0.0605906,0.0155567,0.44032020000000005,ok,
2026-08-23T11:51:35.032301+00:00,backward_shape:14:ff883f5e012bb50a,backward_shape,mera,14,4,"{""backward_register_bits"": 4, ""backward_threads"": 256, ""diagonal_threads"": 64, ""diagonal_warp_atomic"": 0, ""forward_register_bits"": 2, ""forward_threads"": 32, ""legacy_reduction"": 1, ""lookup_bits"": 8, ""mailbox_chunks"": 1, ""ordinary_threads"": 128, ""rotation_warp_atomic"": 0, ""shared_diagonal_threads"": 128}","{""SAD_BLOCK_THREADS"": 256, ""SAD_DIAGONAL_BLOCK_THREADS"": 64, ""SAD_DIAGONAL_LOOKUP_BITS"": 8, ""SAD_DIAGONAL_WARP_ATOMIC"": 0, ""SAD_FORWARD_BLOCK_THREADS"": 32, ""SAD_FORWARD_REGISTER_BITS"": 2, ""SAD_LEGACY_BLOCK_REDUCTION"": 1, ""SAD_MAILBOX_CHUNKS"": 1, ""SAD_ORDINARY_BLOCK_THREADS"": 128, ""SAD_QAOA_BD_FUSION"": 1, ""SAD_REGISTER_BITS"": 4, ""SAD_ROTATION_WARP_ATOMIC"": 0, ""SAD_SHARED_DIAGONAL_BLOCK_THREADS"": 128}",,,10,3,0.8775464999999999,0.9268703999999999,0.1091496,0.015086500000000001,0.8026343,ok,
2026-08-23T11:51:35.050871+00:00,ordinary_threads:14:7d8535cbd40fde27,ordinary_threads,mera,14,4,"{""backward_register_bits"": 2, ""backward_threads"": 32, ""diagonal_threads"": 64, ""diagonal_warp_atomic"": 0, ""forward_register_bits"": 2, ""forward_threads"": 32, ""legacy_reduction"": 1, ""lookup_bits"": 8, ""mailbox_chunks"": 1, ""ordinary_threads"": 64, ""rotation_warp_atomic"": 0, ""shared_diagonal_threads"": 128}","{""SAD_BLOCK_THREADS"": 32, ""SAD_DIAGONAL_BLOCK_THREADS"": 64, ""SAD_DIAGONAL_LOOKUP_BITS"": 8, ""SAD_DIAGONAL_WARP_ATOMIC"": 0, ""SAD_FORWARD_BLOCK_THREADS"": 32, ""SAD_FORWARD_REGISTER_BITS"": 2, ""SAD_LEGACY_BLOCK_REDUCTION"": 1, ""SAD_MAILBOX_CHUNKS"": 1, ""SAD_ORDINARY_BLOCK_THREADS"": 64, ""SAD_QAOA_BD_FUSION"": 1, ""SAD_REGISTER_BITS"": 2, ""SAD_ROTATION_WARP_ATOMIC"": 0, ""SAD_SHARED_DIAGONAL_BLOCK_THREADS"": 128}",,,10,3,0.18125299999999997,0.18316369999999998,0.0606966,0.015642,0.10682510000000002,ok,
2026-08-23T11:51:35.069938+00:00,ordinary_threads:14:c74ae2a36ed87617,ordinary_threads,mera,14,4,"{""backward_register_bits"": 2, ""backward_threads"": 32, ""diagonal_threads"": 64, ""diagonal_warp_atomic"": 0, ""forward_register_bits"": 2, ""forward_threads"": 32, ""legacy_reduction"": 1, ""lookup_bits"": 8, ""mailbox_chunks"": 1, ""ordinary_threads"": 128, ""rotation_warp_atomic"": 0, ""shared_diagonal_threads"": 128}","{""SAD_BLOCK_THREADS"": 32, ""SAD_DIAGONAL_BLOCK_THREADS"": 64, ""SAD_DIAGONAL_LOOKUP_BITS"": 8, ""SAD_DIAGONAL_WARP_ATOMIC"": 0, ""SAD_FORWARD_BLOCK_THREADS"": 32, ""SAD_FORWARD_REGISTER_BITS"": 2, ""SAD_LEGACY_BLOCK_REDUCTION"": 1, ""SAD_MAILBOX_CHUNKS"": 1, ""SAD_ORDINARY_BLOCK_THREADS"": 128, ""SAD_QAOA_BD_FUSION"": 1, ""SAD_REGISTER_BITS"": 2, ""SAD_ROTATION_WARP_ATOMIC"": 0, ""SAD_SHARED_DIAGONAL_BLOCK_THREADS"": 128}",,,10,3,0.18107250000000003,0.1810681,0.0605974,0.0157993,0.1046714,ok,
2026-08-23T11:51:35.092598+00:00,reduction:14:5b0fa5c4bb217118,reduction,mera,14,4,"{""backward_register_bits"": 2, ""backward_threads"": 32, ""diagonal_threads"": 64, ""diagonal_warp_atomic"": 0, ""forward_register_bits"": 2, ""forward_threads"": 32, ""legacy_reduction"": 1, ""lookup_bits"": 8, ""mailbox_chunks"": 1, ""ordinary_threads"": 64, ""rotation_warp_atomic"": 0, ""shared_diagonal_threads"": 128}","{""SAD_BLOCK_THREADS"": 32, ""SAD_DIAGONAL_BLOCK_THREADS"": 64, ""SAD_DIAGONAL_LOOKUP_BITS"": 8, ""SAD_DIAGONAL_WARP_ATOMIC"": 0, ""SAD_FORWARD_BLOCK_THREADS"": 32, ""SAD_FORWARD_REGISTER_BITS"": 2, ""SAD_LEGACY_BLOCK_REDUCTION"": 1, ""SAD_MAILBOX_CHUNKS"": 1, ""SAD_ORDINARY_BLOCK_THREADS"": 64, ""SAD_QAOA_BD_FUSION"": 1, ""SAD_REGISTER_BITS"": 2, ""SAD_ROTATION_WARP_ATOMIC"": 0, ""SAD_SHARED_DIAGONAL_BLOCK_THREADS"": 128}",,,10,3,0.180702,0.18192,0.0605322,0.0154875,0.10590029999999999,ok,
2026-08-23T11:51:35.114293+00:00,reduction:14:b204e76d1e61be94,reduction,mera,14,4,"{""backward_register_bits"": 2, ""backward_threads"": 32, ""diagonal_threads"": 64, ""diagonal_warp_atomic"": 0, ""forward_register_bits"": 2, ""forward_threads"": 32, ""legacy_reduction"": 0, ""lookup_bits"": 8, ""mailbox_chunks"": 1, ""ordinary_threads"": 64, ""rotation_warp_atomic"": 0, ""shared_diagonal_threads"": 128}","{""SAD_BLOCK_THREADS"": 32, ""SAD_DIAGONAL_BLOCK_THREADS"": 64, ""SAD_DIAGONAL_LOOKUP_BITS"": 8, ""SAD_DIAGONAL_WARP_ATOMIC"": 0, ""SAD_FORWARD_BLOCK_THREADS"": 32, ""SAD_FORWARD_REGISTER_BITS"": 2, ""SAD_LEGACY_BLOCK_REDUCTION"": 0, ""SAD_MAILBOX_CHUNKS"": 1, ""SAD_ORDINARY_BLOCK_THREADS"": 64, ""SAD_QAOA_BD_FUSION"": 1, ""SAD_REGISTER_BITS"": 2, ""SAD_ROTATION_WARP_ATOMIC"": 0, ""SAD_SHARED_DIAGONAL_BLOCK_THREADS"": 128}",,,10,3,0.172101,0.1741937,0.060649100000000004,0.0154026,0.098142,ok,
2026-08-23T11:51:35.136712+00:00,reduction:14:60e97c8c4b271f47,reduction,mera,14,4,"{""backward_register_bits"": 2, ""backward_threads"": 32, ""diagonal_threads"": 64, ""diagonal_warp_atomic"": 0, ""forward_register_bits"": 2, ""forward_threads"": 32, ""legacy_reduction"": 0, ""lookup_bits"": 8, ""mailbox_chunks"": 1, ""ordinary_threads"": 64, ""rotation_warp_atomic"": 1, ""shared_diagonal_threads"": 128}","{""SAD_BLOCK_THREADS"": 32, ""SAD_DIAGONAL_BLOCK_THREADS"": 64, ""SAD_DIAGONAL_LOOKUP_BITS"": 8, ""SAD_DIAGONAL_WARP_ATOMIC"": 0, ""SAD_FORWARD_BLOCK_THREADS"": 32, ""SAD_FORWARD_REGISTER_BITS"": 2, ""SAD_LEGACY_BLOCK_REDUCTION"": 0, ""SAD_MAILBOX_CHUNKS"": 1, ""SAD_ORDINARY_BLOCK_THREADS"": 64, ""SAD_QAOA_BD_FUSION"": 1, ""SAD_REGISTER_BITS"": 2, ""SAD_ROTATION_WARP_ATOMIC"": 1, ""SAD_SHARED_DIAGONAL_BLOCK_THREADS"": 128}",,,10,3,0.1719635,0.1718937,0.060497199999999994,0.0155648,0.09583169999999999,ok,
2026-08-23T11:51:35.160921+00:00,forward_shape:16:715d7f896a17c157,forward_shape,mera,16,4,"{""backward_register_bits"": 2, ""backward_threads"": 128, ""diagonal_threads"": 64, ""diagonal_warp_atomic"": 0, ""forward_register_bits"": 2, ""forward_threads"": 32, ""legacy_reduction"": 1, ""lookup_bits"": 8, ""mailbox_chunks"": 1, ""ordinary_threads"": 128, ""rotation_warp_atomic"": 0, ""shared_diagonal_threads"": 128}","{""SAD_BLOCK_THREADS"": 128, ""SAD_DIAGONAL_BLOCK_THREADS"": 64, ""SAD_DIAGONAL_LOOKUP_BITS"": 8, ""SAD_DIAGONAL_WARP_ATOMIC"": 0, ""SAD_FORWARD_BLOCK_THREADS"": 32, ""SAD_FORWARD_REGISTER_BITS"": 2, ""SAD_LEGACY_BLOCK_REDUCTION"": 1, ""SAD_MAILBOX_CHUNKS"": 1, ""SAD_ORDINARY_BLOCK_THREADS"": 128, ""SAD_QAOA_BD_FUSION"": 1, ""SAD_REGISTER_BITS"": 2, ""SAD_ROTATION_WARP_ATOMIC"": 0, ""SAD_SHARED_DIAGONAL_BLOCK_THREADS"": 128}",,,10,3,0.2948845,0.2949569,0.0917301,0.0159651,0.1872617,ok,
2026-08-23T11:51:35.183462+00:00,forward_shape:16:ff17521dc0f989a3,forward_shape,mera,16,4,"{""backward_register_bits"": 2, ""backward_threads"": 128, ""diagonal_threads"": 64, ""diagonal_warp_atomic"": 0, ""forward_register_bits"": 3, ""forward_threads"": 32, ""legacy_reduction"": 1, ""lookup_bits"": 8, ""mailbox_chunks"": 1, ""ordinary_threads"": 128, ""rotation_warp_atomic"": 0, ""shared_diagonal_threads"": 128}","{""SAD_BLOCK_THREADS"": 128, ""SAD_DIAGONAL_BLOCK_THREADS"": 64, ""SAD_DIAGONAL_LOOKUP_BITS"": 8, ""SAD_DIAGONAL_WARP_ATOMIC"": 0, ""SAD_FORWARD_BLOCK_THREADS"": 32, ""SAD_FORWARD_REGISTER_BITS"": 3, ""SAD_LEGACY_BLOCK_REDUCTION"": 1, ""SAD_MAILBOX_CHUNKS"": 1, ""SAD_ORDINARY_BLOCK_THREADS"": 128, ""SAD_QAOA_BD_FUSION"": 1, ""SAD_REGISTER_BITS"": 2, ""SAD_ROTATION_WARP_ATOMIC"": 0, ""SAD_SHARED_DIAGONAL_BLOCK_THREADS"": 128}",,,10,3,0.3014755,0.32773539999999995,0.12134879999999999,0.0157569,0.19062969999999999,ok,
2026-08-23T11:51:35.205832+00:00,forward_shape:16:e5bf6271387051f0,forward_shape,mera,16,4,"{""backward_register_bits"": 2, ""backward_threads"": 128, ""diagonal_threads"": 64, ""diagonal_warp_atomic"": 0, ""forward_register_bits"": 4, ""forward_threads"": 32, ""legacy_reduction"": 1, ""lookup_bits"": 8, ""mailbox_chunks"": 1, ""ordinary_threads"": 128, ""rotation_warp_atomic"": 0, ""shared_diagonal_threads"": 128}","{""SAD_BLOCK_THREADS"": 128, ""SAD_DIAGONAL_BLOCK_THREADS"": 64, ""SAD_DIAGONAL_LOOKUP_BITS"": 8, ""SAD_DIAGONAL_WARP_ATOMIC"": 0, ""SAD_FORWARD_BLOCK_THREADS"": 32, ""SAD_FORWARD_REGISTER_BITS"": 4, ""SAD_LEGACY_BLOCK_REDUCTION"": 1, ""SAD_MAILBOX_CHUNKS"": 1, ""SAD_ORDINARY_BLOCK_THREADS"": 128, ""SAD_QAOA_BD_FUSION"": 1, ""SAD_REGISTER_BITS"": 2, ""SAD_ROTATION_WARP_ATOMIC"": 0, ""SAD_SHARED_DIAGONAL_BLOCK_THREADS"": 128}",,,10,3,0.3172215,0.31697190000000003,0.11378490000000001,0.015822,0.187365,ok,
2026-08-23T11:51:35.227783+00:00,forward_shape:16:8e4a1e49b90ae666,forward_shape,mera,16,4,"{""backward_register_bits"": 2, ""backward_threads"": 128, ""diagonal_threads"": 64, ""diagonal_warp_atomic"": 0, ""forward_register_bits"": 2, ""forward_threads"": 64, ""legacy_reduction"": 1, ""lookup_bits"": 8, ""mailbox_chunks"": 1, ""ordinary_threads"": 128, ""rotation_warp_atomic"": 0, ""shared_diagonal_threads"": 128}","{""SAD_BLOCK_THREADS"": 128, ""SAD_DIAGONAL_BLOCK_THREADS"": 64, ""SAD_DIAGONAL_LOOKUP_BITS"": 8, ""SAD_DIAGONAL_WARP_ATOMIC"": 0, ""SAD_FORWARD_BLOCK_THREADS"": 64, ""SAD_FORWARD_REGISTER_BITS"": 2, ""SAD_LEGACY_BLOCK_REDUCTION"": 1, ""SAD_MAILBOX_CHUNKS"": 1, ""SAD_ORDINARY_BLOCK_THREADS"": 128, ""SAD_QAOA_BD_FUSION"": 1, ""SAD_REGISTER_BITS"": 2, ""SAD_ROTATION_WARP_ATOMIC"": 0, ""SAD_SHARED_DIAGONAL_BLOCK_THREADS"": 128}",,,10,3,0.28664200000000006,0.2868734,0.0838985,0.0157362,0.1872387,ok,
2026-08-23T11:51:35.250506+00:00,forward_shape:16:07ac2257f9136394,forward_shape,mera,16,4,"{""backward_register_bits"": 2, ""backward_threads"": 128, ""diagonal_threads"": 64, ""diagonal_warp_atomic"": 0, ""forward_register_bits"": 3, ""forward_threads"": 64, ""legacy_reduction"": 1, ""lookup_bits"": 8, ""mailbox_chunks"": 1, ""ordinary_threads"": 128, ""rotation_warp_atomic"": 0, ""shared_diagonal_threads"": 128}","{""SAD_BLOCK_THREADS"": 128, ""SAD_DIAGONAL_BLOCK_THREADS"": 64, ""SAD_DIAGONAL_LOOKUP_BITS"": 8, ""SAD_DIAGONAL_WARP_ATOMIC"": 0, ""SAD_FORWARD_BLOCK_THREADS"": 64, ""SAD_FORWARD_REGISTER_BITS"": 3, ""SAD_LEGACY_BLOCK_REDUCTION"": 1, ""SAD_MAILBOX_CHUNKS"": 1, ""SAD_ORDINARY_BLOCK_THREADS"": 128, ""SAD_QAOA_BD_FUSION"": 1, ""SAD_REGISTER_BITS"": 2, ""SAD_ROTATION_WARP_ATOMIC"": 0, ""SAD_SHARED_DIAGONAL_BLOCK_THREADS"": 128}",,,10,3,0.299132,0.32508919999999997,0.11961669999999999,0.0158042,0.18966829999999998,ok,
2026-08-23T11:51:35.273575+00:00,forward_shape:16:883c7a8e39367a5b,forward_shape,mera,16,4,"{""backward_register_bits"": 2, ""backward_threads"": 128, ""diagonal_threads"": 64, ""diagonal_warp_atomic"": 0, ""forward_register_bits"": 4, ""forward_threads"": 64, ""legacy_reduction"": 1, ""lookup_bits"": 8, ""mailbox_chunks"": 1, ""ordinary_threads"": 128, ""rotation_warp_atomic"": 0, ""shared_diagonal_threads"": 128}","{""SAD_BLOCK_THREADS"": 128, ""SAD_DIAGONAL_BLOCK_THREADS"": 64, ""SAD_DIAGONAL_LOOKUP_BITS"": 8, ""SAD_DIAGONAL_WARP_ATOMIC"": 0, ""SAD_FORWARD_BLOCK_THREADS"": 64, ""SAD_FORWARD_REGISTER_BITS"": 4, ""SAD_LEGACY_BLOCK_REDUCTION"": 1, ""SAD_MAILBOX_CHUNKS"": 1, ""SAD_ORDINARY_BLOCK_THREADS"": 128, ""SAD_QAOA_BD_FUSION"": 1, ""SAD_REGISTER_BITS"": 2, ""SAD_ROTATION_WARP_ATOMIC"": 0, ""SAD_SHARED_DIAGONAL_BLOCK_THREADS"": 128}",,,10,3,0.33996,0.36614899999999995,0.1389888,0.0400834,0.1870768,ok,
2026-08-23T11:51:35.295181+00:00,forward_shape:16:3cd3a0e62bbfd312,forward_shape,mera,16,4,"{""backward_register_bits"": 2, ""backward_threads"": 128, ""diagonal_threads"": 64, ""diagonal_warp_atomic"": 0, ""forward_register_bits"": 2, ""forward_threads"": 128, ""legacy_reduction"": 1, ""lookup_bits"": 8, ""mailbox_chunks"": 1, ""ordinary_threads"": 128, ""rotation_warp_atomic"": 0, ""shared_diagonal_threads"": 128}","{""SAD_BLOCK_THREADS"": 128, ""SAD_DIAGONAL_BLOCK_THREADS"": 64, ""SAD_DIAGONAL_LOOKUP_BITS"": 8, ""SAD_DIAGONAL_WARP_ATOMIC"": 0, ""SAD_FORWARD_BLOCK_THREADS"": 128, ""SAD_FORWARD_REGISTER_BITS"": 2, ""SAD_LEGACY_BLOCK_REDUCTION"": 1, ""SAD_MAILBOX_CHUNKS"": 1, ""SAD_ORDINARY_BLOCK_THREADS"": 128, ""SAD_QAOA_BD_FUSION"": 1, ""SAD_REGISTER_BITS"": 2, ""SAD_ROTATION_WARP_ATOMIC"": 0, ""SAD_SHARED_DIAGONAL_BLOCK_THREADS"": 128}",,,10,3,0.29228049999999994,0.2923055,0.0892949,0.0158056,0.187205,ok,
2026-08-23T11:51:35.317999+00:00,forward_shape:16:a8efedae97594b0b,forward_shape,mera,16,4,"{""backward_register_bits"": 2, ""backward_threads"": 128, ""diagonal_threads"": 64, ""diagonal_warp_atomic"": 0, ""forward_register_bits"": 3, ""forward_threads"": 128, ""legacy_reduction"": 1, ""lookup_bits"": 8, ""mailbox_chunks"": 1, ""ordinary_threads"": 128, ""rotation_warp_atomic"": 0, ""shared_diagonal_threads"": 128}","{""SAD_BLOCK_THREADS"": 128, ""SAD_DIAGONAL_BLOCK_THREADS"": 64, ""SAD_DIAGONAL_LOOKUP_BITS"": 8, ""SAD_DIAGONAL_WARP_ATOMIC"": 0, ""SAD_FORWARD_BLOCK_THREADS"": 128, ""SAD_FORWARD_REGISTER_BITS"": 3, ""SAD_LEGACY_BLOCK_REDUCTION"": 1, ""SAD_MAILBOX_CHUNKS"": 1, ""SAD_ORDINARY_BLOCK_THREADS"": 128, ""SAD_QAOA_BD_FUSION"": 1, ""SAD_REGISTER_BITS"": 2, ""SAD_ROTATION_WARP_ATOMIC"": 0, ""SAD_SHARED_DIAGONAL_BLOCK_THREADS"": 128}",,,10,3,0.33571700000000004,0.35941860000000003,0.1563669,0.0158293,0.18722239999999998,ok,
2026-08-23T11:51:35.341411+00:00,forward_shape:16:79ad4ba30c504e09,forward_shape,mera,16,4,"{""backward_register_bits"": 2, ""backward_threads"": 128, ""diagonal_threads"": 64, ""diagonal_warp_atomic"": 0, ""forward_register_bits"": 4, ""forward_threads"": 128, ""legacy_reduction"": 1, ""lookup_bits"": 8, ""mailbox_chunks"": 1, ""ordinary_threads"": 128, ""rotation_warp_atomic"": 0, ""shared_diagonal_threads"": 128}","{""SAD_BLOCK_THREADS"": 128, ""SAD_DIAGONAL_BLOCK_THREADS"": 64, ""SAD_DIAGONAL_LOOKUP_BITS"": 8, ""SAD_DIAGONAL_WARP_ATOMIC"": 0, ""SAD_FORWARD_BLOCK_THREADS"": 128, ""SAD_FORWARD_REGISTER_BITS"": 4, ""SAD_LEGACY_BLOCK_REDUCTION"": 1, ""SAD_MAILBOX_CHUNKS"": 1, ""SAD_ORDINARY_BLOCK_THREADS"": 128, ""SAD_QAOA_BD_FUSION"": 1, ""SAD_REGISTER_BITS"": 2, ""SAD_ROTATION_WARP_ATOMIC"": 0, ""SAD_SHARED_DIAGONAL_BLOCK_THREADS"": 128}",,,10,3,0.4147805,0.4399621,0.2352902,0.015859099999999998,0.1888128,ok,
2026-08-23T11:51:35.362274+00:00,forward_shape:16:5c57d411ad505997,forward_shape,mera,16,4,"{""backward_register_bits"": 2, ""backward_threads"": 128, ""diagonal_threads"": 64, ""diagonal_warp_atomic"": 0, ""forward_register_bits"": 2, ""forward_threads"": 256, ""legacy_reduction"": 1, ""lookup_bits"": 8, ""mailbox_chunks"": 1, ""ordinary_threads"": 128, ""rotation_warp_atomic"": 0, ""shared_diagonal_threads"": 128}","{""SAD_BLOCK_THREADS"": 128, ""SAD_DIAGONAL_BLOCK_THREADS"": 64, ""SAD_DIAGONAL_LOOKUP_BITS"": 8, ""SAD_DIAGONAL_WARP_ATOMIC"": 0, ""SAD_FORWARD_BLOCK_THREADS"": 256, ""SAD_FORWARD_REGISTER_BITS"": 2, ""SAD_LEGACY_BLOCK_REDUCTION"": 1, ""SAD_MAILBOX_CHUNKS"": 1, ""SAD_ORDINARY_BLOCK_THREADS"": 128, ""SAD_QAOA_BD_FUSION"": 1, ""SAD_REGISTER_BITS"": 2, ""SAD_ROTATION_WARP_ATOMIC"": 0, ""SAD_SHARED_DIAGONAL_BLOCK_THREADS"": 128}",,,10,3,0.3213825,0.32128229999999997,0.1181016,0.0160618,0.1871189,ok,
2026-08-23T11:51:35.385808+00:00,forward_shape:16:eb52e4113d342c32,forward_shape,mera,16,4,"{""backward_register_bits"": 2, ""backward_threads"": 128, ""diagonal_threads"": 64, ""diagonal_warp_atomic"": 0, ""forward_register_bits"": 3, ""forward_threads"": 256, ""legacy_reduction"": 1, ""lookup_bits"": 8, ""mailbox_chunks"": 1, ""ordinary_threads"": 128, ""rotation_warp_atomic"": 0, ""shared_diagonal_threads"": 128}","{""SAD_BLOCK_THREADS"": 128, ""SAD_DIAGONAL_BLOCK_THREADS"": 64, ""SAD_DIAGONAL_LOOKUP_BITS"": 8, ""SAD_DIAGONAL_WARP_ATOMIC"": 0, ""SAD_FORWARD_BLOCK_THREADS"": 256, ""SAD_FORWARD_REGISTER_BITS"": 3, ""SAD_LEGACY_BLOCK_REDUCTION"": 1, ""SAD_MAILBOX_CHUNKS"": 1, ""SAD_ORDINARY_BLOCK_THREADS"": 128, ""SAD_QAOA_BD_FUSION"": 1, ""SAD_REGISTER_BITS"": 2, ""SAD_ROTATION_WARP_ATOMIC"": 0, ""SAD_SHARED_DIAGONAL_BLOCK_THREADS"": 128}",,,10,3,0.4074705,0.407309,0.204612,0.015526400000000001,0.1871706,ok,
2026-08-23T11:51:35.409984+00:00,forward_shape:16:6a469e7af6df780e,forward_shape,mera,16,4,"{""backward_register_bits"": 2, ""backward_threads"": 128, ""diagonal_threads"": 64, ""diagonal_warp_atomic"": 0, ""forward_register_bits"": 4, ""forward_threads"": 256, ""legacy_reduction"": 1, ""lookup_bits"": 8, ""mailbox_chunks"": 1, ""ordinary_threads"": 128, ""rotation_warp_atomic"": 0, ""shared_diagonal_threads"": 128}","{""SAD_BLOCK_THREADS"": 128, ""SAD_DIAGONAL_BLOCK_THREADS"": 64, ""SAD_DIAGONAL_LOOKUP_BITS"": 8, ""SAD_DIAGONAL_WARP_ATOMIC"": 0, ""SAD_FORWARD_BLOCK_THREADS"": 256, ""SAD_FORWARD_REGISTER_BITS"": 4, ""SAD_LEGACY_BLOCK_REDUCTION"": 1, ""SAD_MAILBOX_CHUNKS"": 1, ""SAD_ORDINARY_BLOCK_THREADS"": 128, ""SAD_QAOA_BD_FUSION"": 1, ""SAD_REGISTER_BITS"": 2, ""SAD_ROTATION_WARP_ATOMIC"": 0, ""SAD_SHARED_DIAGONAL_BLOCK_THREADS"": 128}",,,10,3,0.5527905,0.5774722999999999,0.3503121,0.040218199999999996,0.186942,ok,
2026-08-23T11:51:35.429375+00:00,backward_shape:16:194a5820cf5d2f15,backward_shape,mera,16,4,"{""backward_register_bits"": 2, ""backward_threads"": 32, ""diagonal_threads"": 64, ""diagonal_warp_atomic"": 0, ""forward_register_bits"": 2, ""forward_threads"": 64, ""legacy_reduction"": 1, ""lookup_bits"": 8, ""mailbox_chunks"": 1, ""ordinary_threads"": 128, ""rotation_warp_atomic"": 0, ""shared_diagonal_threads"": 128}","{""SAD_BLOCK_THREADS"": 32, ""SAD_DIAGONAL_BLOCK_THREADS"": 64, ""SAD_DIAGONAL_LOOKUP_BITS"": 8, ""SAD_DIAGONAL_WARP_ATOMIC"": 0, ""SAD_FORWARD_BLOCK_THREADS"": 64, ""SAD_FORWARD_REGISTER_BITS"": 2, ""SAD_LEGACY_BLOCK_REDUCTION"": 1, ""SAD_MAILBOX_CHUNKS"": 1, ""SAD_ORDINARY_BLOCK_THREADS"": 128, ""SAD_QAOA_BD_FUSION"": 1, ""SAD_REGISTER_BITS"": 2, ""SAD_ROTATION_WARP_ATOMIC"": 0, ""SAD_SHARED_DIAGONAL_BLOCK_THREADS"": 128}",,,10,3,0.27699500000000005,0.27755949999999996,0.08316359999999999,0.015495599999999998,0.1789003,ok,
2026-08-23T11:51:35.451056+00:00,backward_shape:16:98c4ff4ce90c8c10,backward_shape,mera,16,4,"{""backward_register_bits"": 3, ""backward_threads"": 32, ""diagonal_threads"": 64, ""diagonal_warp_atomic"": 0, ""forward_register_bits"": 2, ""forward_threads"": 64, ""legacy_reduction"": 1, ""lookup_bits"": 8, ""mailbox_chunks"": 1, ""ordinary_threads"": 128, ""rotation_warp_atomic"": 0, ""shared_diagonal_threads"": 128}","{""SAD_BLOCK_THREADS"": 32, ""SAD_DIAGONAL_BLOCK_THREADS"": 64, ""SAD_DIAGONAL_LOOKUP_BITS"": 8, ""SAD_DIAGONAL_WARP_ATOMIC"": 0, ""SAD_FORWARD_BLOCK_THREADS"": 64, ""SAD_FORWARD_REGISTER_BITS"": 2, ""SAD_LEGACY_BLOCK_REDUCTION"": 1, ""SAD_MAILBOX_CHUNKS"": 1, ""SAD_ORDINARY_BLOCK_THREADS"": 128, ""SAD_QAOA_BD_FUSION"": 1, ""SAD_REGISTER_BITS"": 3, ""SAD_ROTATION_WARP_ATOMIC"": 0, ""SAD_SHARED_DIAGONAL_BLOCK_THREADS"": 128}",,,10,3,0.2856485,0.3105635,0.1071165,0.015729299999999998,0.1877177,ok,
2026-08-23T11:51:35.473981+00:00,backward_shape:16:f030b54b480c8cce,backward_shape,mera,16,4,"{""backward_register_bits"": 4, ""backward_threads"": 32, ""diagonal_threads"": 64, ""diagonal_warp_atomic"": 0, ""forward_register_bits"": 2, ""forward_threads"": 64, ""legacy_reduction"": 1, ""lookup_bits"": 8, ""mailbox_chunks"": 1, ""ordinary_threads"": 128, ""rotation_warp_atomic"": 0, ""shared_diagonal_threads"": 128}","{""SAD_BLOCK_THREADS"": 32, ""SAD_DIAGONAL_BLOCK_THREADS"": 64, ""SAD_DIAGONAL_LOOKUP_BITS"": 8, ""SAD_DIAGONAL_WARP_ATOMIC"": 0, ""SAD_FORWARD_BLOCK_THREADS"": 64, ""SAD_FORWARD_REGISTER_BITS"": 2, ""SAD_LEGACY_BLOCK_REDUCTION"": 1, ""SAD_MAILBOX_CHUNKS"": 1, ""SAD_ORDINARY_BLOCK_THREADS"": 128, ""SAD_QAOA_BD_FUSION"": 1, ""SAD_REGISTER_BITS"": 4, ""SAD_ROTATION_WARP_ATOMIC"": 0, ""SAD_SHARED_DIAGONAL_BLOCK_THREADS"": 128}",,,10,3,0.3594005,0.38477480000000003,0.10659980000000001,0.0157266,0.2624484,ok,
2026-08-23T11:51:35.495006+00:00,backward_shape:16:86e3d98bb78998bf,backward_shape,mera,16,4,"{""backward_register_bits"": 2, ""backward_threads"": 64, ""diagonal_threads"": 64, ""diagonal_warp_atomic"": 0, ""forward_register_bits"": 2, ""forward_threads"": 64, ""legacy_reduction"": 1, ""lookup_bits"": 8, ""mailbox_chunks"": 1, ""ordinary_threads"": 128, ""rotation_warp_atomic"": 0, ""shared_diagonal_threads"": 128}","{""SAD_BLOCK_THREADS"": 64, ""SAD_DIAGONAL_BLOCK_THREADS"": 64, ""SAD_DIAGONAL_LOOKUP_BITS"": 8, ""SAD_DIAGONAL_WARP_ATOMIC"": 0, ""SAD_FORWARD_BLOCK_THREADS"": 64, ""SAD_FORWARD_REGISTER_BITS"": 2, ""SAD_LEGACY_BLOCK_REDUCTION"": 1, ""SAD_MAILBOX_CHUNKS"": 1, ""SAD_ORDINARY_BLOCK_THREADS"": 128, ""SAD_QAOA_BD_FUSION"": 1, ""SAD_REGISTER_BITS"": 2, ""SAD_ROTATION_WARP_ATOMIC"": 0, ""SAD_SHARED_DIAGONAL_BLOCK_THREADS"": 128}",,,10,3,0.2600305,0.2602419,0.08317329999999999,0.0156253,0.16144329999999998,ok,
2026-08-23T11:51:35.517675+00:00,backward_shape:16:2fb98b01b7fb4235,backward_shape,mera,16,4,"{""backward_register_bits"": 3, ""backward_threads"": 64, ""diagonal_threads"": 64, ""diagonal_warp_atomic"": 0, ""forward_register_bits"": 2, ""forward_threads"": 64, ""legacy_reduction"": 1, ""lookup_bits"": 8, ""mailbox_chunks"": 1, ""ordinary_threads"": 128, ""rotation_warp_atomic"": 0, ""shared_diagonal_threads"": 128}","{""SAD_BLOCK_THREADS"": 64, ""SAD_DIAGONAL_BLOCK_THREADS"": 64, ""SAD_DIAGONAL_LOOKUP_BITS"": 8, ""SAD_DIAGONAL_WARP_ATOMIC"": 0, ""SAD_FORWARD_BLOCK_THREADS"": 64, ""SAD_FORWARD_REGISTER_BITS"": 2, ""SAD_LEGACY_BLOCK_REDUCTION"": 1, ""SAD_MAILBOX_CHUNKS"": 1, ""SAD_ORDINARY_BLOCK_THREADS"": 128, ""SAD_QAOA_BD_FUSION"": 1, ""SAD_REGISTER_BITS"": 3, ""SAD_ROTATION_WARP_ATOMIC"": 0, ""SAD_SHARED_DIAGONAL_BLOCK_THREADS"": 128}",,,10,3,0.2936235,0.3189538,0.0851189,0.03933759999999999,0.1944973,ok,
2026-08-23T11:51:35.541411+00:00,backward_shape:16:4f42516a1f4a52dd,backward_shape,mera,16,4,"{""backward_register_bits"": 4, ""backward_threads"": 64, ""diagonal_threads"": 64, ""diagonal_warp_atomic"": 0, ""forward_register_bits"": 2, ""forward_threads"": 64, ""legacy_reduction"": 1, ""lookup_bits"": 8, ""mailbox_chunks"": 1, ""ordinary_threads"": 128, ""rotation_warp_atomic"": 0, ""shared_diagonal_threads"": 128}","{""SAD_BLOCK_THREADS"": 64, ""SAD_DIAGONAL_BLOCK_THREADS"": 64, ""SAD_DIAGONAL_LOOKUP_BITS"": 8, ""SAD_DIAGONAL_WARP_ATOMIC"": 0, ""SAD_FORWARD_BLOCK_THREADS"": 64, ""SAD_FORWARD_REGISTER_BITS"": 2, ""SAD_LEGACY_BLOCK_REDUCTION"": 1, ""SAD_MAILBOX_CHUNKS"": 1, ""SAD_ORDINARY_BLOCK_THREADS"": 128, ""SAD_QAOA_BD_FUSION"": 1, ""SAD_REGISTER_BITS"": 4, ""SAD_ROTATION_WARP_ATOMIC"": 0, ""SAD_SHARED_DIAGONAL_BLOCK_THREADS"": 128}",,,10,3,0.408505,0.43228349999999993,0.1073308,0.015776899999999996,0.3091758,ok,
2026-08-23T11:51:35.562170+00:00,backward_shape:16:122dfc776a73e30c,backward_shape,mera,16,4,"{""backward_register_bits"": 2, ""backward_threads"": 128, ""diagonal_threads"": 64, ""diagonal_warp_atomic"": 0, ""forward_register_bits"": 2, ""forward_threads"": 64, ""legacy_reduction"": 1, ""lookup_bits"": 8, ""mailbox_chunks"": 1, ""ordinary_threads"": 128, ""rotation_warp_atomic"": 0, ""shared_diagonal_threads"": 128}","{""SAD_BLOCK_THREADS"": 128, ""SAD_DIAGONAL_BLOCK_THREADS"": 64, ""SAD_DIAGONAL_LOOKUP_BITS"": 8, ""SAD_DIAGONAL_WARP_ATOMIC"": 0, ""SAD_FORWARD_BLOCK_THREADS"": 64, ""SAD_FORWARD_REGISTER_BITS"": 2, ""SAD_LEGACY_BLOCK_REDUCTION"": 1, ""SAD_MAILBOX_CHUNKS"": 1, ""SAD_ORDINARY_BLOCK_THREADS"": 128, ""SAD_QAOA_BD_FUSION"": 1, ""SAD_REGISTER_BITS"": 2, ""SAD_ROTATION_WARP_ATOMIC"": 0, ""SAD_SHARED_DIAGONAL_BLOCK_THREADS"": 128}",,,10,3,0.286697,0.28667570000000003,0.08345879999999999,0.015852699999999997,0.18736419999999998,ok,
2026-08-23T11:51:35.585982+00:00,backward_shape:16:b20a541c6f64ccac,backward_shape,mera,16,4,"{""backward_register_bits"": 3, ""backward_threads"": 128, ""diagonal_threads"": 64, ""diagonal_warp_atomic"": 0, ""forward_register_bits"": 2, ""forward_threads"": 64, ""legacy_reduction"": 1, ""lookup_bits"": 8, ""mailbox_chunks"": 1, ""ordinary_threads"": 128, ""rotation_warp_atomic"": 0, ""shared_diagonal_threads"": 128}","{""SAD_BLOCK_THREADS"": 128, ""SAD_DIAGONAL_BLOCK_THREADS"": 64, ""SAD_DIAGONAL_LOOKUP_BITS"": 8, ""SAD_DIAGONAL_WARP_ATOMIC"": 0, ""SAD_FORWARD_BLOCK_THREADS"": 64, ""SAD_FORWARD_REGISTER_BITS"": 2, ""SAD_LEGACY_BLOCK_REDUCTION"": 1, ""SAD_MAILBOX_CHUNKS"": 1, ""SAD_ORDINARY_BLOCK_THREADS"": 128, ""SAD_QAOA_BD_FUSION"": 1, ""SAD_REGISTER_BITS"": 3, ""SAD_ROTATION_WARP_ATOMIC"": 0, ""SAD_SHARED_DIAGONAL_BLOCK_THREADS"": 128}",,,10,3,0.39124,0.391415,0.0833049,0.01561,0.2925001,ok,
2026-08-23T11:51:35.610976+00:00,backward_shape:16:371f00a285870a71,backward_shape,mera,16,4,"{""backward_register_bits"": 4, ""backward_threads"": 128, ""diagonal_threads"": 64, ""diagonal_warp_atomic"": 0, ""forward_register_bits"": 2, ""forward_threads"": 64, ""legacy_reduction"": 1, ""lookup_bits"": 8, ""mailbox_chunks"": 1, ""ordinary_threads"": 128, ""rotation_warp_atomic"": 0, ""shared_diagonal_threads"": 128}","{""SAD_BLOCK_THREADS"": 128, ""SAD_DIAGONAL_BLOCK_THREADS"": 64, ""SAD_DIAGONAL_LOOKUP_BITS"": 8, ""SAD_DIAGONAL_WARP_ATOMIC"": 0, ""SAD_FORWARD_BLOCK_THREADS"": 64, ""SAD_FORWARD_REGISTER_BITS"": 2, ""SAD_LEGACY_BLOCK_REDUCTION"": 1, ""SAD_MAILBOX_CHUNKS"": 1, ""SAD_ORDINARY_BLOCK_THREADS"": 128, ""SAD_QAOA_BD_FUSION"": 1, ""SAD_REGISTER_BITS"": 4, ""SAD_ROTATION_WARP_ATOMIC"": 0, ""SAD_SHARED_DIAGONAL_BLOCK_THREADS"": 128}",,,10,3,0.588308,0.6142470000000001,0.1070782,0.015476199999999999,0.49169260000000004,ok,
2026-08-23T11:51:35.631848+00:00,backward_shape:16:b4039e7565b71984,backward_shape,mera,16,4,"{""backward_register_bits"": 2, ""backward_threads"": 256, ""diagonal_threads"": 64, ""diagonal_warp_atomic"": 0, ""forward_register_bits"": 2, ""forward_threads"": 64, ""legacy_reduction"": 1, ""lookup_bits"": 8, ""mailbox_chunks"": 1, ""ordinary_threads"": 128, ""rotation_warp_atomic"": 0, ""shared_diagonal_threads"": 128}","{""SAD_BLOCK_THREADS"": 256, ""SAD_DIAGONAL_BLOCK_THREADS"": 64, ""SAD_DIAGONAL_LOOKUP_BITS"": 8, ""SAD_DIAGONAL_WARP_ATOMIC"": 0, ""SAD_FORWARD_BLOCK_THREADS"": 64, ""SAD_FORWARD_REGISTER_BITS"": 2, ""SAD_LEGACY_BLOCK_REDUCTION"": 1, ""SAD_MAILBOX_CHUNKS"": 1, ""SAD_ORDINARY_BLOCK_THREADS"": 128, ""SAD_QAOA_BD_FUSION"": 1, ""SAD_REGISTER_BITS"": 2, ""SAD_ROTATION_WARP_ATOMIC"": 0, ""SAD_SHARED_DIAGONAL_BLOCK_THREADS"": 128}",,,10,3,0.382985,0.4068833,0.10639499999999999,0.015687399999999997,0.28480089999999997,ok,
2026-08-23T11:51:35.655643+00:00,backward_shape:16:64110c2b6a3e9371,backward_shape,mera,16,4,"{""backward_register_bits"": 3, ""backward_threads"": 256, ""diagonal_threads"": 64, ""diagonal_warp_atomic"": 0, ""forward_register_bits"": 2, ""forward_threads"": 64, ""legacy_reduction"": 1, ""lookup_bits"": 8, ""mailbox_chunks"": 1, ""ordinary_threads"": 128, ""rotation_warp_atomic"": 0, ""shared_diagonal_threads"": 128}","{""SAD_BLOCK_THREADS"": 256, ""SAD_DIAGONAL_BLOCK_THREADS"": 64, ""SAD_DIAGONAL_LOOKUP_BITS"": 8, ""SAD_DIAGONAL_WARP_ATOMIC"": 0, ""SAD_FORWARD_BLOCK_THREADS"": 64, ""SAD_FORWARD_REGISTER_BITS"": 2, ""SAD_LEGACY_BLOCK_REDUCTION"": 1, ""SAD_MAILBOX_CHUNKS"": 1, ""SAD_ORDINARY_BLOCK_THREADS"": 128, ""SAD_QAOA_BD_FUSION"": 1, ""SAD_REGISTER_BITS"": 3, ""SAD_ROTATION_WARP_ATOMIC"": 0, ""SAD_SHARED_DIAGONAL_BLOCK_THREADS"": 128}",,,10,3,0.5958875,0.5958052999999999,0.083367,0.015483599999999998,0.49695469999999997,ok,
2026-08-23T11:51:35.682490+00:00,backward_shape:16:95b4b10ae780e023,backward_shape,mera,16,4,"{""backward_register_bits"": 4, ""backward_threads"": 256, ""diagonal_threads"": 64, ""diagonal_warp_atomic"": 0, ""forward_register_bits"": 2, ""forward_threads"": 64, ""legacy_reduction"": 1, ""lookup_bits"": 8, ""mailbox_chunks"": 1, ""ordinary_threads"": 128, ""rotation_warp_atomic"": 0, ""shared_diagonal_threads"": 128}","{""SAD_BLOCK_THREADS"": 256, ""SAD_DIAGONAL_BLOCK_THREADS"": 64, ""SAD_DIAGONAL_LOOKUP_BITS"": 8, ""SAD_DIAGONAL_WARP_ATOMIC"": 0, ""SAD_FORWARD_BLOCK_THREADS"": 64, ""SAD_FORWARD_REGISTER_BITS"": 2, ""SAD_LEGACY_BLOCK_REDUCTION"": 1, ""SAD_MAILBOX_CHUNKS"": 1, ""SAD_ORDINARY_BLOCK_THREADS"": 128, ""SAD_QAOA_BD_FUSION"": 1, ""SAD_REGISTER_BITS"": 4, ""SAD_ROTATION_WARP_ATOMIC"": 0, ""SAD_SHARED_DIAGONAL_BLOCK_THREADS"": 128}",,,10,3,1.006396,1.0575215,0.13050299999999998,0.015856,0.9111625,ok,
2026-08-23T11:51:51.823594+00:00,ordinary_threads:16:bd25a2c5d7f3c2b5,ordinary_threads,mera,16,4,"{""backward_register_bits"": 2, ""backward_threads"": 64, ""diagonal_threads"": 64, ""diagonal_warp_atomic"": 0, ""forward_register_bits"": 2, ""forward_threads"": 64, ""legacy_reduction"": 1, ""lookup_bits"": 8, ""mailbox_chunks"": 1, ""ordinary_threads"": 64, ""rotation_warp_atomic"": 0, ""shared_diagonal_threads"": 128}","{""SAD_BLOCK_THREADS"": 64, ""SAD_DIAGONAL_BLOCK_THREADS"": 64, ""SAD_DIAGONAL_LOOKUP_BITS"": 8, ""SAD_DIAGONAL_WARP_ATOMIC"": 0, ""SAD_FORWARD_BLOCK_THREADS"": 64, ""SAD_FORWARD_REGISTER_BITS"": 2, ""SAD_LEGACY_BLOCK_REDUCTION"": 1, ""SAD_MAILBOX_CHUNKS"": 1, ""SAD_ORDINARY_BLOCK_THREADS"": 64, ""SAD_QAOA_BD_FUSION"": 1, ""SAD_REGISTER_BITS"": 2, ""SAD_ROTATION_WARP_ATOMIC"": 0, ""SAD_SHARED_DIAGONAL_BLOCK_THREADS"": 128}",,,10,3,0.2608685,0.2636335,0.0862893,0.015517800000000002,0.16182639999999998,ok,
2026-08-23T11:51:51.838386+00:00,ordinary_threads:16:f6ded9e1b0049f26,ordinary_threads,mera,16,4,"{""backward_register_bits"": 2, ""backward_threads"": 64, ""diagonal_threads"": 64, ""diagonal_warp_atomic"": 0, ""forward_register_bits"": 2, ""forward_threads"": 64, ""legacy_reduction"": 1, ""lookup_bits"": 8, ""mailbox_chunks"": 1, ""ordinary_threads"": 128, ""rotation_warp_atomic"": 0, ""shared_diagonal_threads"": 128}","{""SAD_BLOCK_THREADS"": 64, ""SAD_DIAGONAL_BLOCK_THREADS"": 64, ""SAD_DIAGONAL_LOOKUP_BITS"": 8, ""SAD_DIAGONAL_WARP_ATOMIC"": 0, ""SAD_FORWARD_BLOCK_THREADS"": 64, ""SAD_FORWARD_REGISTER_BITS"": 2, ""SAD_LEGACY_BLOCK_REDUCTION"": 1, ""SAD_MAILBOX_CHUNKS"": 1, ""SAD_ORDINARY_BLOCK_THREADS"": 128, ""SAD_QAOA_BD_FUSION"": 1, ""SAD_REGISTER_BITS"": 2, ""SAD_ROTATION_WARP_ATOMIC"": 0, ""SAD_SHARED_DIAGONAL_BLOCK_THREADS"": 128}",,,10,3,0.260924,0.28429839999999995,0.08336389999999999,0.03950999999999999,0.1614245,ok,
2026-08-23T11:51:51.852659+00:00,reduction:16:2551b17d91e96384,reduction,mera,16,4,"{""backward_register_bits"": 2, ""backward_threads"": 64, ""diagonal_threads"": 64, ""diagonal_warp_atomic"": 0, ""forward_register_bits"": 2, ""forward_threads"": 64, ""legacy_reduction"": 1, ""lookup_bits"": 8, ""mailbox_chunks"": 1, ""ordinary_threads"": 64, ""rotation_warp_atomic"": 0, ""shared_diagonal_threads"": 128}","{""SAD_BLOCK_THREADS"": 64, ""SAD_DIAGONAL_BLOCK_THREADS"": 64, ""SAD_DIAGONAL_LOOKUP_BITS"": 8, ""SAD_DIAGONAL_WARP_ATOMIC"": 0, ""SAD_FORWARD_BLOCK_THREADS"": 64, ""SAD_FORWARD_REGISTER_BITS"": 2, ""SAD_LEGACY_BLOCK_REDUCTION"": 1, ""SAD_MAILBOX_CHUNKS"": 1, ""SAD_ORDINARY_BLOCK_THREADS"": 64, ""SAD_QAOA_BD_FUSION"": 1, ""SAD_REGISTER_BITS"": 2, ""SAD_ROTATION_WARP_ATOMIC"": 0, ""SAD_SHARED_DIAGONAL_BLOCK_THREADS"": 128}",,,10,3,0.2598965,0.259733,0.08319370000000001,0.015327499999999999,0.1612118,ok,
2026-08-23T11:52:09.425532+00:00,reduction:16:d5ef5f8bfaaec5a9,reduction,mera,16,4,"{""backward_register_bits"": 2, ""backward_threads"": 64, ""diagonal_threads"": 64, ""diagonal_warp_atomic"": 0, ""forward_register_bits"": 2, ""forward_threads"": 64, ""legacy_reduction"": 0, ""lookup_bits"": 8, ""mailbox_chunks"": 1, ""ordinary_threads"": 64, ""rotation_warp_atomic"": 0, ""shared_diagonal_threads"": 128}","{""SAD_BLOCK_THREADS"": 64, ""SAD_DIAGONAL_BLOCK_THREADS"": 64, ""SAD_DIAGONAL_LOOKUP_BITS"": 8, ""SAD_DIAGONAL_WARP_ATOMIC"": 0, ""SAD_FORWARD_BLOCK_THREADS"": 64, ""SAD_FORWARD_REGISTER_BITS"": 2, ""SAD_LEGACY_BLOCK_REDUCTION"": 0, ""SAD_MAILBOX_CHUNKS"": 1, ""SAD_ORDINARY_BLOCK_THREADS"": 64, ""SAD_QAOA_BD_FUSION"": 1, ""SAD_REGISTER_BITS"": 2, ""SAD_ROTATION_WARP_ATOMIC"": 0, ""SAD_SHARED_DIAGONAL_BLOCK_THREADS"": 128}",,,10,3,0.27630150000000003,0.2786939,0.08319660000000001,0.015531299999999998,0.179966,ok,
2026-08-23T11:52:25.840655+00:00,reduction:16:f863d871eafb78b2,reduction,mera,16,4,"{""backward_register_bits"": 2, ""backward_threads"": 64, ""diagonal_threads"": 64, ""diagonal_warp_atomic"": 0, ""forward_register_bits"": 2, ""forward_threads"": 64, ""legacy_reduction"": 0, ""lookup_bits"": 8, ""mailbox_chunks"": 1, ""ordinary_threads"": 64, ""rotation_warp_atomic"": 1, ""shared_diagonal_threads"": 128}","{""SAD_BLOCK_THREADS"": 64, ""SAD_DIAGONAL_BLOCK_THREADS"": 64, ""SAD_DIAGONAL_LOOKUP_BITS"": 8, ""SAD_DIAGONAL_WARP_ATOMIC"": 0, ""SAD_FORWARD_BLOCK_THREADS"": 64, ""SAD_FORWARD_REGISTER_BITS"": 2, ""SAD_LEGACY_BLOCK_REDUCTION"": 0, ""SAD_MAILBOX_CHUNKS"": 1, ""SAD_ORDINARY_BLOCK_THREADS"": 64, ""SAD_QAOA_BD_FUSION"": 1, ""SAD_REGISTER_BITS"": 2, ""SAD_ROTATION_WARP_ATOMIC"": 1, ""SAD_SHARED_DIAGONAL_BLOCK_THREADS"": 128}",,,10,3,0.2596365,0.2838256,0.0832189,0.0389028,0.1617039,ok,
2026-08-23T11:52:25.863028+00:00,forward_shape:18:f385c4650f56f9dc,forward_shape,mera,18,5,"{""backward_register_bits"": 2, ""backward_threads"": 128, ""diagonal_threads"": 64, ""diagonal_warp_atomic"": 0, ""forward_register_bits"": 2, ""forward_threads"": 32, ""legacy_reduction"": 1, ""lookup_bits"": 8, ""mailbox_chunks"": 1, ""ordinary_threads"": 128, ""rotation_warp_atomic"": 0, ""shared_diagonal_threads"": 128}","{""SAD_BLOCK_THREADS"": 128, ""SAD_DIAGONAL_BLOCK_THREADS"": 64, ""SAD_DIAGONAL_LOOKUP_BITS"": 8, ""SAD_DIAGONAL_WARP_ATOMIC"": 0, ""SAD_FORWARD_BLOCK_THREADS"": 32, ""SAD_FORWARD_REGISTER_BITS"": 2, ""SAD_LEGACY_BLOCK_REDUCTION"": 1, ""SAD_MAILBOX_CHUNKS"": 1, ""SAD_ORDINARY_BLOCK_THREADS"": 128, ""SAD_QAOA_BD_FUSION"": 1, ""SAD_REGISTER_BITS"": 2, ""SAD_ROTATION_WARP_ATOMIC"": 0, ""SAD_SHARED_DIAGONAL_BLOCK_THREADS"": 128}",,,10,3,0.820119,0.8480149000000001,0.2763857,0.0162617,0.5553675,ok,
2026-08-23T11:52:25.884511+00:00,forward_shape:18:45c48aa85cdbb0ee,forward_shape,mera,18,5,"{""backward_register_bits"": 2, ""backward_threads"": 128, ""diagonal_threads"": 64, ""diagonal_warp_atomic"": 0, ""forward_register_bits"": 3, ""forward_threads"": 32, ""legacy_reduction"": 1, ""lookup_bits"": 8, ""mailbox_chunks"": 1, ""ordinary_threads"": 128, ""rotation_warp_atomic"": 0, ""shared_diagonal_threads"": 128}","{""SAD_BLOCK_THREADS"": 128, ""SAD_DIAGONAL_BLOCK_THREADS"": 64, ""SAD_DIAGONAL_LOOKUP_BITS"": 8, ""SAD_DIAGONAL_WARP_ATOMIC"": 0, ""SAD_FORWARD_BLOCK_THREADS"": 32, ""SAD_FORWARD_REGISTER_BITS"": 3, ""SAD_LEGACY_BLOCK_REDUCTION"": 1, ""SAD_MAILBOX_CHUNKS"": 1, ""SAD_ORDINARY_BLOCK_THREADS"": 128, ""SAD_QAOA_BD_FUSION"": 1, ""SAD_REGISTER_BITS"": 2, ""SAD_ROTATION_WARP_ATOMIC"": 0, ""SAD_SHARED_DIAGONAL_BLOCK_THREADS"": 128}",,,10,3,0.8324710000000001,0.8598174000000001,0.2885773,0.015851200000000003,0.5553889000000001,ok,
2026-08-23T11:52:25.906241+00:00,forward_shape:18:5786c59af45ac0fb,forward_shape,mera,18,5,"{""backward_register_bits"": 2, ""backward_threads"": 128, ""diagonal_threads"": 64, ""diagonal_warp_atomic"": 0, ""forward_register_bits"": 4, ""forward_threads"": 32, ""legacy_reduction"": 1, ""lookup_bits"": 8, ""mailbox_chunks"": 1, ""ordinary_threads"": 128, ""rotation_warp_atomic"": 0, ""shared_diagonal_threads"": 128}","{""SAD_BLOCK_THREADS"": 128, ""SAD_DIAGONAL_BLOCK_THREADS"": 64, ""SAD_DIAGONAL_LOOKUP_BITS"": 8, ""SAD_DIAGONAL_WARP_ATOMIC"": 0, ""SAD_FORWARD_BLOCK_THREADS"": 32, ""SAD_FORWARD_REGISTER_BITS"": 4, ""SAD_LEGACY_BLOCK_REDUCTION"": 1, ""SAD_MAILBOX_CHUNKS"": 1, ""SAD_ORDINARY_BLOCK_THREADS"": 128, ""SAD_QAOA_BD_FUSION"": 1, ""SAD_REGISTER_BITS"": 2, ""SAD_ROTATION_WARP_ATOMIC"": 0, ""SAD_SHARED_DIAGONAL_BLOCK_THREADS"": 128}",,,10,3,0.8416765,0.8681418999999999,0.2986661,0.0158843,0.5535914999999999,ok,
2026-08-23T11:52:25.927080+00:00,forward_shape:18:709fa0f2fa2d8664,forward_shape,mera,18,5,"{""backward_register_bits"": 2, ""backward_threads"": 128, ""diagonal_threads"": 64, ""diagonal_warp_atomic"": 0, ""forward_register_bits"": 2, ""forward_threads"": 64, ""legacy_reduction"": 1, ""lookup_bits"": 8, ""mailbox_chunks"": 1, ""ordinary_threads"": 128, ""rotation_warp_atomic"": 0, ""shared_diagonal_threads"": 128}","{""SAD_BLOCK_THREADS"": 128, ""SAD_DIAGONAL_BLOCK_THREADS"": 64, ""SAD_DIAGONAL_LOOKUP_BITS"": 8, ""SAD_DIAGONAL_WARP_ATOMIC"": 0, ""SAD_FORWARD_BLOCK_THREADS"": 64, ""SAD_FORWARD_REGISTER_BITS"": 2, ""SAD_LEGACY_BLOCK_REDUCTION"": 1, ""SAD_MAILBOX_CHUNKS"": 1, ""SAD_ORDINARY_BLOCK_THREADS"": 128, ""SAD_QAOA_BD_FUSION"": 1, ""SAD_REGISTER_BITS"": 2, ""SAD_ROTATION_WARP_ATOMIC"": 0, ""SAD_SHARED_DIAGONAL_BLOCK_THREADS"": 128}",,,10,3,0.783728,0.8126718999999999,0.2408629,0.0168322,0.5549768,ok,
2026-08-23T11:52:25.948921+00:00,forward_shape:18:ef76713cb7ba87cb,forward_shape,mera,18,5,"{""backward_register_bits"": 2, ""backward_threads"": 128, ""diagonal_threads"": 64, ""diagonal_warp_atomic"": 0, ""forward_register_bits"": 3, ""forward_threads"": 64, ""legacy_reduction"": 1, ""lookup_bits"": 8, ""mailbox_chunks"": 1, ""ordinary_threads"": 128, ""rotation_warp_atomic"": 0, ""shared_diagonal_threads"": 128}","{""SAD_BLOCK_THREADS"": 128, ""SAD_DIAGONAL_BLOCK_THREADS"": 64, ""SAD_DIAGONAL_LOOKUP_BITS"": 8, ""SAD_DIAGONAL_WARP_ATOMIC"": 0, ""SAD_FORWARD_BLOCK_THREADS"": 64, ""SAD_FORWARD_REGISTER_BITS"": 3, ""SAD_LEGACY_BLOCK_REDUCTION"": 1, ""SAD_MAILBOX_CHUNKS"": 1, ""SAD_ORDINARY_BLOCK_THREADS"": 128, ""SAD_QAOA_BD_FUSION"": 1, ""SAD_REGISTER_BITS"": 2, ""SAD_ROTATION_WARP_ATOMIC"": 0, ""SAD_SHARED_DIAGONAL_BLOCK_THREADS"": 128}",,,10,3,0.8145625000000001,0.8404154000000001,0.2705005,0.016057099999999998,0.5538578,ok,
2026-08-23T11:52:25.970719+00:00,forward_shape:18:f53cffd285873743,forward_shape,mera,18,5,"{""backward_register_bits"": 2, ""backward_threads"": 128, ""diagonal_threads"": 64, ""diagonal_warp_atomic"": 0, ""forward_register_bits"": 4, ""forward_threads"": 64, ""legacy_reduction"": 1, ""lookup_bits"": 8, ""mailbox_chunks"": 1, ""ordinary_threads"": 128, ""rotation_warp_atomic"": 0, ""shared_diagonal_threads"": 128}","{""SAD_BLOCK_THREADS"": 128, ""SAD_DIAGONAL_BLOCK_THREADS"": 64, ""SAD_DIAGONAL_LOOKUP_BITS"": 8, ""SAD_DIAGONAL_WARP_ATOMIC"": 0, ""SAD_FORWARD_BLOCK_THREADS"": 64, ""SAD_FORWARD_REGISTER_BITS"": 4, ""SAD_LEGACY_BLOCK_REDUCTION"": 1, ""SAD_MAILBOX_CHUNKS"": 1, ""SAD_ORDINARY_BLOCK_THREADS"": 128, ""SAD_QAOA_BD_FUSION"": 1, ""SAD_REGISTER_BITS"": 2, ""SAD_ROTATION_WARP_ATOMIC"": 0, ""SAD_SHARED_DIAGONAL_BLOCK_THREADS"": 128}",,,10,3,0.8530465,0.8787755,0.3103756,0.0158385,0.5525614,ok,
2026-08-23T11:52:25.991625+00:00,forward_shape:18:35ecae6e84e7cc1a,forward_shape,mera,18,5,"{""backward_register_bits"": 2, ""backward_threads"": 128, ""diagonal_threads"": 64, ""diagonal_warp_atomic"": 0, ""forward_register_bits"": 2, ""forward_threads"": 128, ""legacy_reduction"": 1, ""lookup_bits"": 8, ""mailbox_chunks"": 1, ""ordinary_threads"": 128, ""rotation_warp_atomic"": 0, ""shared_diagonal_threads"": 128}","{""SAD_BLOCK_THREADS"": 128, ""SAD_DIAGONAL_BLOCK_THREADS"": 64, ""SAD_DIAGONAL_LOOKUP_BITS"": 8, ""SAD_DIAGONAL_WARP_ATOMIC"": 0, ""SAD_FORWARD_BLOCK_THREADS"": 128, ""SAD_FORWARD_REGISTER_BITS"": 2, ""SAD_LEGACY_BLOCK_REDUCTION"": 1, ""SAD_MAILBOX_CHUNKS"": 1, ""SAD_ORDINARY_BLOCK_THREADS"": 128, ""SAD_QAOA_BD_FUSION"": 1, ""SAD_REGISTER_BITS"": 2, ""SAD_ROTATION_WARP_ATOMIC"": 0, ""SAD_SHARED_DIAGONAL_BLOCK_THREADS"": 128}",,,10,3,0.7845105,0.8132149999999999,0.22083060000000002,0.0406722,0.5517122000000001,ok,
2026-08-23T11:52:26.012932+00:00,forward_shape:18:1846f7ab606ef904,forward_shape,mera,18,5,"{""backward_register_bits"": 2, ""backward_threads"": 128, ""diagonal_threads"": 64, ""diagonal_warp_atomic"": 0, ""forward_register_bits"": 3, ""forward_threads"": 128, ""legacy_reduction"": 1, ""lookup_bits"": 8, ""mailbox_chunks"": 1, ""ordinary_threads"": 128, ""rotation_warp_atomic"": 0, ""shared_diagonal_threads"": 128}","{""SAD_BLOCK_THREADS"": 128, ""SAD_DIAGONAL_BLOCK_THREADS"": 64, ""SAD_DIAGONAL_LOOKUP_BITS"": 8, ""SAD_DIAGONAL_WARP_ATOMIC"": 0, ""SAD_FORWARD_BLOCK_THREADS"": 128, ""SAD_FORWARD_REGISTER_BITS"": 3, ""SAD_LEGACY_BLOCK_REDUCTION"": 1, ""SAD_MAILBOX_CHUNKS"": 1, ""SAD_ORDINARY_BLOCK_THREADS"": 128, ""SAD_QAOA_BD_FUSION"": 1, ""SAD_REGISTER_BITS"": 2, ""SAD_ROTATION_WARP_ATOMIC"": 0, ""SAD_SHARED_DIAGONAL_BLOCK_THREADS"": 128}",,,10,3,0.824856,0.8519882999999999,0.2902717,0.015888299999999998,0.5458282999999999,ok,
2026-08-23T11:52:26.034586+00:00,forward_shape:18:ad6411f529577134,forward_shape,mera,18,5,"{""backward_register_bits"": 2, ""backward_threads"": 128, ""diagonal_threads"": 64, ""diagonal_warp_atomic"": 0, ""forward_register_bits"": 4, ""forward_threads"": 128, ""legacy_reduction"": 1, ""lookup_bits"": 8, ""mailbox_chunks"": 1, ""ordinary_threads"": 128, ""rotation_warp_atomic"": 0, ""shared_diagonal_threads"": 128}","{""SAD_BLOCK_THREADS"": 128, ""SAD_DIAGONAL_BLOCK_THREADS"": 64, ""SAD_DIAGONAL_LOOKUP_BITS"": 8, ""SAD_DIAGONAL_WARP_ATOMIC"": 0, ""SAD_FORWARD_BLOCK_THREADS"": 128, ""SAD_FORWARD_REGISTER_BITS"": 4, ""SAD_LEGACY_BLOCK_REDUCTION"": 1, ""SAD_MAILBOX_CHUNKS"": 1, ""SAD_ORDINARY_BLOCK_THREADS"": 128, ""SAD_QAOA_BD_FUSION"": 1, ""SAD_REGISTER_BITS"": 2, ""SAD_ROTATION_WARP_ATOMIC"": 0, ""SAD_SHARED_DIAGONAL_BLOCK_THREADS"": 128}",,,10,3,0.8437939999999999,0.8708471,0.3091651,0.0158986,0.5457834,ok,
2026-08-23T11:52:26.055432+00:00,forward_shape:18:ecfbef04360b3516,forward_shape,mera,18,5,"{""backward_register_bits"": 2, ""backward_threads"": 128, ""diagonal_threads"": 64, ""diagonal_warp_atomic"": 0, ""forward_register_bits"": 2, ""forward_threads"": 256, ""legacy_reduction"": 1, ""lookup_bits"": 8, ""mailbox_chunks"": 1, ""ordinary_threads"": 128, ""rotation_warp_atomic"": 0, ""shared_diagonal_threads"": 128}","{""SAD_BLOCK_THREADS"": 128, ""SAD_DIAGONAL_BLOCK_THREADS"": 64, ""SAD_DIAGONAL_LOOKUP_BITS"": 8, ""SAD_DIAGONAL_WARP_ATOMIC"": 0, ""SAD_FORWARD_BLOCK_THREADS"": 256, ""SAD_FORWARD_REGISTER_BITS"": 2, ""SAD_LEGACY_BLOCK_REDUCTION"": 1, ""SAD_MAILBOX_CHUNKS"": 1, ""SAD_ORDINARY_BLOCK_THREADS"": 128, ""SAD_QAOA_BD_FUSION"": 1, ""SAD_REGISTER_BITS"": 2, ""SAD_ROTATION_WARP_ATOMIC"": 0, ""SAD_SHARED_DIAGONAL_BLOCK_THREADS"": 128}",,,10,3,0.7800754999999999,0.8067464000000001,0.2246986,0.0397727,0.5422751,ok,
2026-08-23T11:52:26.076926+00:00,forward_shape:18:711bd9878d08bff3,forward_shape,mera,18,5,"{""backward_register_bits"": 2, ""backward_threads"": 128, ""diagonal_threads"": 64, ""diagonal_warp_atomic"": 0, ""forward_register_bits"": 3, ""forward_threads"": 256, ""legacy_reduction"": 1, ""lookup_bits"": 8, ""mailbox_chunks"": 1, ""ordinary_threads"": 128, ""rotation_warp_atomic"": 0, ""shared_diagonal_threads"": 128}","{""SAD_BLOCK_THREADS"": 128, ""SAD_DIAGONAL_BLOCK_THREADS"": 64, ""SAD_DIAGONAL_LOOKUP_BITS"": 8, ""SAD_DIAGONAL_WARP_ATOMIC"": 0, ""SAD_FORWARD_BLOCK_THREADS"": 256, ""SAD_FORWARD_REGISTER_BITS"": 3, ""SAD_LEGACY_BLOCK_REDUCTION"": 1, ""SAD_MAILBOX_CHUNKS"": 1, ""SAD_ORDINARY_BLOCK_THREADS"": 128, ""SAD_QAOA_BD_FUSION"": 1, ""SAD_REGISTER_BITS"": 2, ""SAD_ROTATION_WARP_ATOMIC"": 0, ""SAD_SHARED_DIAGONAL_BLOCK_THREADS"": 128}",,,10,3,0.8365874999999999,0.8617531999999999,0.30336060000000004,0.015929600000000002,0.5424629999999999,ok,
2026-08-23T11:52:26.100624+00:00,forward_shape:18:cc2bf64bfd05ed09,forward_shape,mera,18,5,"{""backward_register_bits"": 2, ""backward_threads"": 128, ""diagonal_threads"": 64, ""diagonal_warp_atomic"": 0, ""forward_register_bits"": 4, ""forward_threads"": 256, ""legacy_reduction"": 1, ""lookup_bits"": 8, ""mailbox_chunks"": 1, ""ordinary_threads"": 128, ""rotation_warp_atomic"": 0, ""shared_diagonal_threads"": 128}","{""SAD_BLOCK_THREADS"": 128, ""SAD_DIAGONAL_BLOCK_THREADS"": 64, ""SAD_DIAGONAL_LOOKUP_BITS"": 8, ""SAD_DIAGONAL_WARP_ATOMIC"": 0, ""SAD_FORWARD_BLOCK_THREADS"": 256, ""SAD_FORWARD_REGISTER_BITS"": 4, ""SAD_LEGACY_BLOCK_REDUCTION"": 1, ""SAD_MAILBOX_CHUNKS"": 1, ""SAD_ORDINARY_BLOCK_THREADS"": 128, ""SAD_QAOA_BD_FUSION"": 1, ""SAD_REGISTER_BITS"": 2, ""SAD_ROTATION_WARP_ATOMIC"": 0, ""SAD_SHARED_DIAGONAL_BLOCK_THREADS"": 128}",,,10,3,0.997474,1.0226110000000002,0.44069759999999997,0.039636199999999996,0.5422772,ok,
2026-08-23T11:52:26.127495+00:00,backward_shape:18:97fa6c41136e5245,backward_shape,mera,18,5,"{""backward_register_bits"": 2, ""backward_threads"": 32, ""diagonal_threads"": 64, ""diagonal_warp_atomic"": 0, ""forward_register_bits"": 2, ""forward_threads"": 128, ""legacy_reduction"": 1, ""lookup_bits"": 8, ""mailbox_chunks"": 1, ""ordinary_threads"": 128, ""rotation_warp_atomic"": 0, ""shared_diagonal_threads"": 128}","{""SAD_BLOCK_THREADS"": 32, ""SAD_DIAGONAL_BLOCK_THREADS"": 64, ""SAD_DIAGONAL_LOOKUP_BITS"": 8, ""SAD_DIAGONAL_WARP_ATOMIC"": 0, ""SAD_FORWARD_BLOCK_THREADS"": 128, ""SAD_FORWARD_REGISTER_BITS"": 2, ""SAD_LEGACY_BLOCK_REDUCTION"": 1, ""SAD_MAILBOX_CHUNKS"": 1, ""SAD_ORDINARY_BLOCK_THREADS"": 128, ""SAD_QAOA_BD_FUSION"": 1, ""SAD_REGISTER_BITS"": 2, ""SAD_ROTATION_WARP_ATOMIC"": 0, ""SAD_SHARED_DIAGONAL_BLOCK_THREADS"": 128}",,,10,3,0.81864,0.8426749,0.2139739,0.0399381,0.5887629000000001,ok,
2026-08-23T11:52:47.976925+00:00,backward_shape:18:5def024957498696,backward_shape,mera,18,5,"{""backward_register_bits"": 3, ""backward_threads"": 32, ""diagonal_threads"": 64, ""diagonal_warp_atomic"": 0, ""forward_register_bits"": 2, ""forward_threads"": 128, ""legacy_reduction"": 1, ""lookup_bits"": 8, ""mailbox_chunks"": 1, ""ordinary_threads"": 128, ""rotation_warp_atomic"": 0, ""shared_diagonal_threads"": 128}","{""SAD_BLOCK_THREADS"": 32, ""SAD_DIAGONAL_BLOCK_THREADS"": 64, ""SAD_DIAGONAL_LOOKUP_BITS"": 8, ""SAD_DIAGONAL_WARP_ATOMIC"": 0, ""SAD_FORWARD_BLOCK_THREADS"": 128, ""SAD_FORWARD_REGISTER_BITS"": 2, ""SAD_LEGACY_BLOCK_REDUCTION"": 1, ""SAD_MAILBOX_CHUNKS"": 1, ""SAD_ORDINARY_BLOCK_THREADS"": 128, ""SAD_QAOA_BD_FUSION"": 1, ""SAD_REGISTER_BITS"": 3, ""SAD_ROTATION_WARP_ATOMIC"": 0, ""SAD_SHARED_DIAGONAL_BLOCK_THREADS"": 128}",,,10,3,0.822294,0.8469755000000001,0.2412187,0.0156454,0.5901114,ok,
2026-08-23T11:53:34.635998+00:00,backward_shape:18:1c5129b81b150d8c,backward_shape,mera,18,5,"{""backward_register_bits"": 4, ""backward_threads"": 32, ""diagonal_threads"": 64, ""diagonal_warp_atomic"": 0, ""forward_register_bits"": 2, ""forward_threads"": 128, ""legacy_reduction"": 1, ""lookup_bits"": 8, ""mailbox_chunks"": 1, ""ordinary_threads"": 128, ""rotation_warp_atomic"": 0, ""shared_diagonal_threads"": 128}","{""SAD_BLOCK_THREADS"": 32, ""SAD_DIAGONAL_BLOCK_THREADS"": 64, ""SAD_DIAGONAL_LOOKUP_BITS"": 8, ""SAD_DIAGONAL_WARP_ATOMIC"": 0, ""SAD_FORWARD_BLOCK_THREADS"": 128, ""SAD_FORWARD_REGISTER_BITS"": 2, ""SAD_LEGACY_BLOCK_REDUCTION"": 1, ""SAD_MAILBOX_CHUNKS"": 1, ""SAD_ORDINARY_BLOCK_THREADS"": 128, ""SAD_QAOA_BD_FUSION"": 1, ""SAD_REGISTER_BITS"": 4, ""SAD_ROTATION_WARP_ATOMIC"": 0, ""SAD_SHARED_DIAGONAL_BLOCK_THREADS"": 128}",,,10,3,0.8632535,0.8929022,0.22136600000000003,0.0401163,0.6314199,ok,
2026-08-23T11:53:51.140556+00:00,backward_shape:18:ae55bffc2ea3ac76,backward_shape,mera,18,5,"{""backward_register_bits"": 2, ""backward_threads"": 64, ""diagonal_threads"": 64, ""diagonal_warp_atomic"": 0, ""forward_register_bits"": 2, ""forward_threads"": 128, ""legacy_reduction"": 1, ""lookup_bits"": 8, ""mailbox_chunks"": 1, ""ordinary_threads"": 128, ""rotation_warp_atomic"": 0, ""shared_diagonal_threads"": 128}","{""SAD_BLOCK_THREADS"": 64, ""SAD_DIAGONAL_BLOCK_THREADS"": 64, ""SAD_DIAGONAL_LOOKUP_BITS"": 8, ""SAD_DIAGONAL_WARP_ATOMIC"": 0, ""SAD_FORWARD_BLOCK_THREADS"": 128, ""SAD_FORWARD_REGISTER_BITS"": 2, ""SAD_LEGACY_BLOCK_REDUCTION"": 1, ""SAD_MAILBOX_CHUNKS"": 1, ""SAD_ORDINARY_BLOCK_THREADS"": 128, ""SAD_QAOA_BD_FUSION"": 1, ""SAD_REGISTER_BITS"": 2, ""SAD_ROTATION_WARP_ATOMIC"": 0, ""SAD_SHARED_DIAGONAL_BLOCK_THREADS"": 128}",,,10,3,0.774521,0.8009112,0.22085,0.0398019,0.5402593,ok,
2026-08-23T11:54:14.956848+00:00,backward_shape:18:c5ccf0fd0958c912,backward_shape,mera,18,5,"{""backward_register_bits"": 3, ""backward_threads"": 64, ""diagonal_threads"": 64, ""diagonal_warp_atomic"": 0, ""forward_register_bits"": 2, ""forward_threads"": 128, ""legacy_reduction"": 1, ""lookup_bits"": 8, ""mailbox_chunks"": 1, ""ordinary_threads"": 128, ""rotation_warp_atomic"": 0, ""shared_diagonal_threads"": 128}","{""SAD_BLOCK_THREADS"": 64, ""SAD_DIAGONAL_BLOCK_THREADS"": 64, ""SAD_DIAGONAL_LOOKUP_BITS"": 8, ""SAD_DIAGONAL_WARP_ATOMIC"": 0, ""SAD_FORWARD_BLOCK_THREADS"": 128, ""SAD_FORWARD_REGISTER_BITS"": 2, ""SAD_LEGACY_BLOCK_REDUCTION"": 1, ""SAD_MAILBOX_CHUNKS"": 1, ""SAD_ORDINARY_BLOCK_THREADS"": 128, ""SAD_QAOA_BD_FUSION"": 1, ""SAD_REGISTER_BITS"": 3, ""SAD_ROTATION_WARP_ATOMIC"": 0, ""SAD_SHARED_DIAGONAL_BLOCK_THREADS"": 128}",,,10,3,0.8141304999999999,0.8414625,0.22107939999999998,0.0394517,0.5809314,ok,
2026-08-23T11:55:10.206005+00:00,backward_shape:18:01bb8696d23d79da,backward_shape,mera,18,5,"{""backward_register_bits"": 4, ""backward_threads"": 64, ""diagonal_threads"": 64, ""diagonal_warp_atomic"": 0, ""forward_register_bits"": 2, ""forward_threads"": 128, ""legacy_reduction"": 1, ""lookup_bits"": 8, ""mailbox_chunks"": 1, ""ordinary_threads"": 128, ""rotation_warp_atomic"": 0, ""shared_diagonal_threads"": 128}","{""SAD_BLOCK_THREADS"": 64, ""SAD_DIAGONAL_BLOCK_THREADS"": 64, ""SAD_DIAGONAL_LOOKUP_BITS"": 8, ""SAD_DIAGONAL_WARP_ATOMIC"": 0, ""SAD_FORWARD_BLOCK_THREADS"": 128, ""SAD_FORWARD_REGISTER_BITS"": 2, ""SAD_LEGACY_BLOCK_REDUCTION"": 1, ""SAD_MAILBOX_CHUNKS"": 1, ""SAD_ORDINARY_BLOCK_THREADS"": 128, ""SAD_QAOA_BD_FUSION"": 1, ""SAD_REGISTER_BITS"": 4, ""SAD_ROTATION_WARP_ATOMIC"": 0, ""SAD_SHARED_DIAGONAL_BLOCK_THREADS"": 128}",,,10,3,0.8550909999999999,0.8809051,0.2173183,0.040715,0.6228718,ok,
2026-08-23T11:55:10.237692+00:00,backward_shape:18:a7ea370d8fbfff31,backward_shape,mera,18,5,"{""backward_register_bits"": 2, ""backward_threads"": 128, ""diagonal_threads"": 64, ""diagonal_warp_atomic"": 0, ""forward_register_bits"": 2, ""forward_threads"": 128, ""legacy_reduction"": 1, ""lookup_bits"": 8, ""mailbox_chunks"": 1, ""ordinary_threads"": 128, ""rotation_warp_atomic"": 0, ""shared_diagonal_threads"": 128}","{""SAD_BLOCK_THREADS"": 128, ""SAD_DIAGONAL_BLOCK_THREADS"": 64, ""SAD_DIAGONAL_LOOKUP_BITS"": 8, ""SAD_DIAGONAL_WARP_ATOMIC"": 0, ""SAD_FORWARD_BLOCK_THREADS"": 128, ""SAD_FORWARD_REGISTER_BITS"": 2, ""SAD_LEGACY_BLOCK_REDUCTION"": 1, ""SAD_MAILBOX_CHUNKS"": 1, ""SAD_ORDINARY_BLOCK_THREADS"": 128, ""SAD_QAOA_BD_FUSION"": 1, ""SAD_REGISTER_BITS"": 2, ""SAD_ROTATION_WARP_ATOMIC"": 0, ""SAD_SHARED_DIAGONAL_BLOCK_THREADS"": 128}",,,10,3,0.784361,0.8119757,0.24092599999999997,0.0160009,0.5550488,ok,
2026-08-23T11:55:36.853217+00:00,backward_shape:18:17ec969fba7adb80,backward_shape,mera,18,5,"{""backward_register_bits"": 3, ""backward_threads"": 128, ""diagonal_threads"": 64, ""diagonal_warp_atomic"": 0, ""forward_register_bits"": 2, ""forward_threads"": 128, ""legacy_reduction"": 1, ""lookup_bits"": 8, ""mailbox_chunks"": 1, ""ordinary_threads"": 128, ""rotation_warp_atomic"": 0, ""shared_diagonal_threads"": 128}","{""SAD_BLOCK_THREADS"": 128, ""SAD_DIAGONAL_BLOCK_THREADS"": 64, ""SAD_DIAGONAL_LOOKUP_BITS"": 8, ""SAD_DIAGONAL_WARP_ATOMIC"": 0, ""SAD_FORWARD_BLOCK_THREADS"": 128, ""SAD_FORWARD_REGISTER_BITS"": 2, ""SAD_LEGACY_BLOCK_REDUCTION"": 1, ""SAD_MAILBOX_CHUNKS"": 1, ""SAD_ORDINARY_BLOCK_THREADS"": 128, ""SAD_QAOA_BD_FUSION"": 1, ""SAD_REGISTER_BITS"": 3, ""SAD_ROTATION_WARP_ATOMIC"": 0, ""SAD_SHARED_DIAGONAL_BLOCK_THREADS"": 128}",,,10,3,0.847829,0.8722975000000002,0.2418947,0.015610299999999999,0.6147925000000001,ok,
2026-08-23T11:56:42.355983+00:00,backward_shape:18:d5b80d5bb00ee4be,backward_shape,mera,18,5,"{""backward_register_bits"": 4, ""backward_threads"": 128, ""diagonal_threads"": 64, ""diagonal_warp_atomic"": 0, ""forward_register_bits"": 2, ""forward_threads"": 128, ""legacy_reduction"": 1, ""lookup_bits"": 8, ""mailbox_chunks"": 1, ""ordinary_threads"": 128, ""rotation_warp_atomic"": 0, ""shared_diagonal_threads"": 128}","{""SAD_BLOCK_THREADS"": 128, ""SAD_DIAGONAL_BLOCK_THREADS"": 64, ""SAD_DIAGONAL_LOOKUP_BITS"": 8, ""SAD_DIAGONAL_WARP_ATOMIC"": 0, ""SAD_FORWARD_BLOCK_THREADS"": 128, ""SAD_FORWARD_REGISTER_BITS"": 2, ""SAD_LEGACY_BLOCK_REDUCTION"": 1, ""SAD_MAILBOX_CHUNKS"": 1, ""SAD_ORDINARY_BLOCK_THREADS"": 128, ""SAD_QAOA_BD_FUSION"": 1, ""SAD_REGISTER_BITS"": 4, ""SAD_ROTATION_WARP_ATOMIC"": 0, ""SAD_SHARED_DIAGONAL_BLOCK_THREADS"": 128}",,,10,3,0.8973404999999999,0.9221189,0.24212079999999997,0.015542000000000002,0.6644561,ok,
2026-08-23T11:57:00.654148+00:00,backward_shape:18:65a4dfc1d72d494c,backward_shape,mera,18,5,"{""backward_register_bits"": 2, ""backward_threads"": 256, ""diagonal_threads"": 64, ""diagonal_warp_atomic"": 0, ""forward_register_bits"": 2, ""forward_threads"": 128, ""legacy_reduction"": 1, ""lookup_bits"": 8, ""mailbox_chunks"": 1, ""ordinary_threads"": 128, ""rotation_warp_atomic"": 0, ""shared_diagonal_threads"": 128}","{""SAD_BLOCK_THREADS"": 256, ""SAD_DIAGONAL_BLOCK_THREADS"": 64, ""SAD_DIAGONAL_LOOKUP_BITS"": 8, ""SAD_DIAGONAL_WARP_ATOMIC"": 0, ""SAD_FORWARD_BLOCK_THREADS"": 128, ""SAD_FORWARD_REGISTER_BITS"": 2, ""SAD_LEGACY_BLOCK_REDUCTION"": 1, ""SAD_MAILBOX_CHUNKS"": 1, ""SAD_ORDINARY_BLOCK_THREADS"": 128, ""SAD_QAOA_BD_FUSION"": 1, ""SAD_REGISTER_BITS"": 2, ""SAD_ROTATION_WARP_ATOMIC"": 0, ""SAD_SHARED_DIAGONAL_BLOCK_THREADS"": 128}",,,10,3,0.8309435,0.8578640000000001,0.24185220000000002,0.0152975,0.6007142999999999,ok,
2026-08-23T11:57:30.367908+00:00,backward_shape:18:5065984f994f98ae,backward_shape,mera,18,5,"{""backward_register_bits"": 3, ""backward_threads"": 256, ""diagonal_threads"": 64, ""diagonal_warp_atomic"": 0, ""forward_register_bits"": 2, ""forward_threads"": 128, ""legacy_reduction"": 1, ""lookup_bits"": 8, ""mailbox_chunks"": 1, ""ordinary_threads"": 128, ""rotation_warp_atomic"": 0, ""shared_diagonal_threads"": 128}","{""SAD_BLOCK_THREADS"": 256, ""SAD_DIAGONAL_BLOCK_THREADS"": 64, ""SAD_DIAGONAL_LOOKUP_BITS"": 8, ""SAD_DIAGONAL_WARP_ATOMIC"": 0, ""SAD_FORWARD_BLOCK_THREADS"": 128, ""SAD_FORWARD_REGISTER_BITS"": 2, ""SAD_LEGACY_BLOCK_REDUCTION"": 1, ""SAD_MAILBOX_CHUNKS"": 1, ""SAD_ORDINARY_BLOCK_THREADS"": 128, ""SAD_QAOA_BD_FUSION"": 1, ""SAD_REGISTER_BITS"": 3, ""SAD_ROTATION_WARP_ATOMIC"": 0, ""SAD_SHARED_DIAGONAL_BLOCK_THREADS"": 128}",,,10,3,0.912054,0.9364867000000001,0.21772750000000005,0.04062160000000001,0.6781376,ok,
2026-08-23T11:58:45.857346+00:00,backward_shape:18:8f92a13511886074,backward_shape,mera,18,5,"{""backward_register_bits"": 4, ""backward_threads"": 256, ""diagonal_threads"": 64, ""diagonal_warp_atomic"": 0, ""forward_register_bits"": 2, ""forward_threads"": 128, ""legacy_reduction"": 1, ""lookup_bits"": 8, ""mailbox_chunks"": 1, ""ordinary_threads"": 128, ""rotation_warp_atomic"": 0, ""shared_diagonal_threads"": 128}","{""SAD_BLOCK_THREADS"": 256, ""SAD_DIAGONAL_BLOCK_THREADS"": 64, ""SAD_DIAGONAL_LOOKUP_BITS"": 8, ""SAD_DIAGONAL_WARP_ATOMIC"": 0, ""SAD_FORWARD_BLOCK_THREADS"": 128, ""SAD_FORWARD_REGISTER_BITS"": 2, ""SAD_LEGACY_BLOCK_REDUCTION"": 1, ""SAD_MAILBOX_CHUNKS"": 1, ""SAD_ORDINARY_BLOCK_THREADS"": 128, ""SAD_QAOA_BD_FUSION"": 1, ""SAD_REGISTER_BITS"": 4, ""SAD_ROTATION_WARP_ATOMIC"": 0, ""SAD_SHARED_DIAGONAL_BLOCK_THREADS"": 128}",,,10,3,1.3885580000000002,1.4342577,0.2640689,0.015863699999999998,1.1543251,ok,
2026-08-23T11:59:02.342578+00:00,ordinary_threads:18:67aed62e0a3755b3,ordinary_threads,mera,18,5,"{""backward_register_bits"": 2, ""backward_threads"": 64, ""diagonal_threads"": 64, ""diagonal_warp_atomic"": 0, ""forward_register_bits"": 2, ""forward_threads"": 128, ""legacy_reduction"": 1, ""lookup_bits"": 8, ""mailbox_chunks"": 1, ""ordinary_threads"": 64, ""rotation_warp_atomic"": 0, ""shared_diagonal_threads"": 128}","{""SAD_BLOCK_THREADS"": 64, ""SAD_DIAGONAL_BLOCK_THREADS"": 64, ""SAD_DIAGONAL_LOOKUP_BITS"": 8, ""SAD_DIAGONAL_WARP_ATOMIC"": 0, ""SAD_FORWARD_BLOCK_THREADS"": 128, ""SAD_FORWARD_REGISTER_BITS"": 2, ""SAD_LEGACY_BLOCK_REDUCTION"": 1, ""SAD_MAILBOX_CHUNKS"": 1, ""SAD_ORDINARY_BLOCK_THREADS"": 64, ""SAD_QAOA_BD_FUSION"": 1, ""SAD_REGISTER_BITS"": 2, ""SAD_ROTATION_WARP_ATOMIC"": 0, ""SAD_SHARED_DIAGONAL_BLOCK_THREADS"": 128}",,,10,3,0.7740245,0.7986515,0.21787030000000002,0.0157106,0.5650706,ok,
2026-08-23T11:59:02.365895+00:00,ordinary_threads:18:6dc13b23462e182a,ordinary_threads,mera,18,5,"{""backward_register_bits"": 2, ""backward_threads"": 64, ""diagonal_threads"": 64, ""diagonal_warp_atomic"": 0, ""forward_register_bits"": 2, ""forward_threads"": 128, ""legacy_reduction"": 1, ""lookup_bits"": 8, ""mailbox_chunks"": 1, ""ordinary_threads"": 128, ""rotation_warp_atomic"": 0, ""shared_diagonal_threads"": 128}","{""SAD_BLOCK_THREADS"": 64, ""SAD_DIAGONAL_BLOCK_THREADS"": 64, ""SAD_DIAGONAL_LOOKUP_BITS"": 8, ""SAD_DIAGONAL_WARP_ATOMIC"": 0, ""SAD_FORWARD_BLOCK_THREADS"": 128, ""SAD_FORWARD_REGISTER_BITS"": 2, ""SAD_LEGACY_BLOCK_REDUCTION"": 1, ""SAD_MAILBOX_CHUNKS"": 1, ""SAD_ORDINARY_BLOCK_THREADS"": 128, ""SAD_QAOA_BD_FUSION"": 1, ""SAD_REGISTER_BITS"": 2, ""SAD_ROTATION_WARP_ATOMIC"": 0, ""SAD_SHARED_DIAGONAL_BLOCK_THREADS"": 128}",,,10,3,0.773623,0.798846,0.2177754,0.015599799999999999,0.5654707999999999,ok,
2026-08-23T11:59:02.387774+00:00,reduction:18:75f49a225d9fc879,reduction,mera,18,5,"{""backward_register_bits"": 2, ""backward_threads"": 64, ""diagonal_threads"": 64, ""diagonal_warp_atomic"": 0, ""forward_register_bits"": 2, ""forward_threads"": 128, ""legacy_reduction"": 1, ""lookup_bits"": 8, ""mailbox_chunks"": 1, ""ordinary_threads"": 128, ""rotation_warp_atomic"": 0, ""shared_diagonal_threads"": 128}","{""SAD_BLOCK_THREADS"": 64, ""SAD_DIAGONAL_BLOCK_THREADS"": 64, ""SAD_DIAGONAL_LOOKUP_BITS"": 8, ""SAD_DIAGONAL_WARP_ATOMIC"": 0, ""SAD_FORWARD_BLOCK_THREADS"": 128, ""SAD_FORWARD_REGISTER_BITS"": 2, ""SAD_LEGACY_BLOCK_REDUCTION"": 1, ""SAD_MAILBOX_CHUNKS"": 1, ""SAD_ORDINARY_BLOCK_THREADS"": 128, ""SAD_QAOA_BD_FUSION"": 1, ""SAD_REGISTER_BITS"": 2, ""SAD_ROTATION_WARP_ATOMIC"": 0, ""SAD_SHARED_DIAGONAL_BLOCK_THREADS"": 128}",,,10,3,0.774158,0.8007177000000001,0.2415648,0.0156496,0.5435033,ok,
2026-08-23T11:59:20.269238+00:00,reduction:18:67d76790997db787,reduction,mera,18,5,"{""backward_register_bits"": 2, ""backward_threads"": 64, ""diagonal_threads"": 64, ""diagonal_warp_atomic"": 0, ""forward_register_bits"": 2, ""forward_threads"": 128, ""legacy_reduction"": 0, ""lookup_bits"": 8, ""mailbox_chunks"": 1, ""ordinary_threads"": 128, ""rotation_warp_atomic"": 0, ""shared_diagonal_threads"": 128}","{""SAD_BLOCK_THREADS"": 64, ""SAD_DIAGONAL_BLOCK_THREADS"": 64, ""SAD_DIAGONAL_LOOKUP_BITS"": 8, ""SAD_DIAGONAL_WARP_ATOMIC"": 0, ""SAD_FORWARD_BLOCK_THREADS"": 128, ""SAD_FORWARD_REGISTER_BITS"": 2, ""SAD_LEGACY_BLOCK_REDUCTION"": 0, ""SAD_MAILBOX_CHUNKS"": 1, ""SAD_ORDINARY_BLOCK_THREADS"": 128, ""SAD_QAOA_BD_FUSION"": 1, ""SAD_REGISTER_BITS"": 2, ""SAD_ROTATION_WARP_ATOMIC"": 0, ""SAD_SHARED_DIAGONAL_BLOCK_THREADS"": 128}",,,10,3,0.8068175,0.8319567999999999,0.2415023,0.0157412,0.5747133,ok,
2026-08-23T11:59:37.088181+00:00,reduction:18:5eb2c3451b7307d1,reduction,mera,18,5,"{""backward_register_bits"": 2, ""backward_threads"": 64, ""diagonal_threads"": 64, ""diagonal_warp_atomic"": 0, ""forward_register_bits"": 2, ""forward_threads"": 128, ""legacy_reduction"": 0, ""lookup_bits"": 8, ""mailbox_chunks"": 1, ""ordinary_threads"": 128, ""rotation_warp_atomic"": 1, ""shared_diagonal_threads"": 128}","{""SAD_BLOCK_THREADS"": 64, ""SAD_DIAGONAL_BLOCK_THREADS"": 64, ""SAD_DIAGONAL_LOOKUP_BITS"": 8, ""SAD_DIAGONAL_WARP_ATOMIC"": 0, ""SAD_FORWARD_BLOCK_THREADS"": 128, ""SAD_FORWARD_REGISTER_BITS"": 2, ""SAD_LEGACY_BLOCK_REDUCTION"": 0, ""SAD_MAILBOX_CHUNKS"": 1, ""SAD_ORDINARY_BLOCK_THREADS"": 128, ""SAD_QAOA_BD_FUSION"": 1, ""SAD_REGISTER_BITS"": 2, ""SAD_ROTATION_WARP_ATOMIC"": 1, ""SAD_SHARED_DIAGONAL_BLOCK_THREADS"": 128}",,,10,3,0.7807635,0.8061335,0.2412869,0.015283099999999999,0.5495635,ok,
2026-08-23T11:59:37.140716+00:00,forward_shape:20:16985bcacec1eb23,forward_shape,mera,20,5,"{""backward_register_bits"": 2, ""backward_threads"": 128, ""diagonal_threads"": 64, ""diagonal_warp_atomic"": 0, ""forward_register_bits"": 2, ""forward_threads"": 32, ""legacy_reduction"": 1, ""lookup_bits"": 8, ""mailbox_chunks"": 1, ""ordinary_threads"": 128, ""rotation_warp_atomic"": 0, ""shared_diagonal_threads"": 128}","{""SAD_BLOCK_THREADS"": 128, ""SAD_DIAGONAL_BLOCK_THREADS"": 64, ""SAD_DIAGONAL_LOOKUP_BITS"": 8, ""SAD_DIAGONAL_WARP_ATOMIC"": 0, ""SAD_FORWARD_BLOCK_THREADS"": 32, ""SAD_FORWARD_REGISTER_BITS"": 2, ""SAD_LEGACY_BLOCK_REDUCTION"": 1, ""SAD_MAILBOX_CHUNKS"": 1, ""SAD_ORDINARY_BLOCK_THREADS"": 128, ""SAD_QAOA_BD_FUSION"": 1, ""SAD_REGISTER_BITS"": 2, ""SAD_ROTATION_WARP_ATOMIC"": 0, ""SAD_SHARED_DIAGONAL_BLOCK_THREADS"": 128}",,,10,3,2.93504,3.07235,0.7562474,0.0501551,2.2659475,ok,
2026-08-23T11:59:37.193527+00:00,forward_shape:20:29702285e971b955,forward_shape,mera,20,5,"{""backward_register_bits"": 2, ""backward_threads"": 128, ""diagonal_threads"": 64, ""diagonal_warp_atomic"": 0, ""forward_register_bits"": 3, ""forward_threads"": 32, ""legacy_reduction"": 1, ""lookup_bits"": 8, ""mailbox_chunks"": 1, ""ordinary_threads"": 128, ""rotation_warp_atomic"": 0, ""shared_diagonal_threads"": 128}","{""SAD_BLOCK_THREADS"": 128, ""SAD_DIAGONAL_BLOCK_THREADS"": 64, ""SAD_DIAGONAL_LOOKUP_BITS"": 8, ""SAD_DIAGONAL_WARP_ATOMIC"": 0, ""SAD_FORWARD_BLOCK_THREADS"": 32, ""SAD_FORWARD_REGISTER_BITS"": 3, ""SAD_LEGACY_BLOCK_REDUCTION"": 1, ""SAD_MAILBOX_CHUNKS"": 1, ""SAD_ORDINARY_BLOCK_THREADS"": 128, ""SAD_QAOA_BD_FUSION"": 1, ""SAD_REGISTER_BITS"": 2, ""SAD_ROTATION_WARP_ATOMIC"": 0, ""SAD_SHARED_DIAGONAL_BLOCK_THREADS"": 128}",,,10,3,2.994083,3.1377943,0.8128356999999999,0.05042390000000001,2.2745347,ok,
2026-08-23T11:59:37.246208+00:00,forward_shape:20:6f70afb1505bd386,forward_shape,mera,20,5,"{""backward_register_bits"": 2, ""backward_threads"": 128, ""diagonal_threads"": 64, ""diagonal_warp_atomic"": 0, ""forward_register_bits"": 4, ""forward_threads"": 32, ""legacy_reduction"": 1, ""lookup_bits"": 8, ""mailbox_chunks"": 1, ""ordinary_threads"": 128, ""rotation_warp_atomic"": 0, ""shared_diagonal_threads"": 128}","{""SAD_BLOCK_THREADS"": 128, ""SAD_DIAGONAL_BLOCK_THREADS"": 64, ""SAD_DIAGONAL_LOOKUP_BITS"": 8, ""SAD_DIAGONAL_WARP_ATOMIC"": 0, ""SAD_FORWARD_BLOCK_THREADS"": 32, ""SAD_FORWARD_REGISTER_BITS"": 4, ""SAD_LEGACY_BLOCK_REDUCTION"": 1, ""SAD_MAILBOX_CHUNKS"": 1, ""SAD_ORDINARY_BLOCK_THREADS"": 128, ""SAD_QAOA_BD_FUSION"": 1, ""SAD_REGISTER_BITS"": 2, ""SAD_ROTATION_WARP_ATOMIC"": 0, ""SAD_SHARED_DIAGONAL_BLOCK_THREADS"": 128}",,,10,3,2.9960515,3.1065374,0.8179679999999999,0.049825,2.2387444000000003,ok,
2026-08-23T11:59:37.293452+00:00,forward_shape:20:9161231f8aed7b27,forward_shape,mera,20,5,"{""backward_register_bits"": 2, ""backward_threads"": 128, ""diagonal_threads"": 64, ""diagonal_warp_atomic"": 0, ""forward_register_bits"": 2, ""forward_threads"": 64, ""legacy_reduction"": 1, ""lookup_bits"": 8, ""mailbox_chunks"": 1, ""ordinary_threads"": 128, ""rotation_warp_atomic"": 0, ""shared_diagonal_threads"": 128}","{""SAD_BLOCK_THREADS"": 128, ""SAD_DIAGONAL_BLOCK_THREADS"": 64, ""SAD_DIAGONAL_LOOKUP_BITS"": 8, ""SAD_DIAGONAL_WARP_ATOMIC"": 0, ""SAD_FORWARD_BLOCK_THREADS"": 64, ""SAD_FORWARD_REGISTER_BITS"": 2, ""SAD_LEGACY_BLOCK_REDUCTION"": 1, ""SAD_MAILBOX_CHUNKS"": 1, ""SAD_ORDINARY_BLOCK_THREADS"": 128, ""SAD_QAOA_BD_FUSION"": 1, ""SAD_REGISTER_BITS"": 2, ""SAD_ROTATION_WARP_ATOMIC"": 0, ""SAD_SHARED_DIAGONAL_BLOCK_THREADS"": 128}",,,10,3,2.6974994999999997,2.7667783000000004,0.7312136000000001,0.0248126,2.0107521,ok,
2026-08-23T11:59:37.341774+00:00,forward_shape:20:7fd8ce163d20b8ec,forward_shape,mera,20,5,"{""backward_register_bits"": 2, ""backward_threads"": 128, ""diagonal_threads"": 64, ""diagonal_warp_atomic"": 0, ""forward_register_bits"": 3, ""forward_threads"": 64, ""legacy_reduction"": 1, ""lookup_bits"": 8, ""mailbox_chunks"": 1, ""ordinary_threads"": 128, ""rotation_warp_atomic"": 0, ""shared_diagonal_threads"": 128}","{""SAD_BLOCK_THREADS"": 128, ""SAD_DIAGONAL_BLOCK_THREADS"": 64, ""SAD_DIAGONAL_LOOKUP_BITS"": 8, ""SAD_DIAGONAL_WARP_ATOMIC"": 0, ""SAD_FORWARD_BLOCK_THREADS"": 64, ""SAD_FORWARD_REGISTER_BITS"": 3, ""SAD_LEGACY_BLOCK_REDUCTION"": 1, ""SAD_MAILBOX_CHUNKS"": 1, ""SAD_ORDINARY_BLOCK_THREADS"": 128, ""SAD_QAOA_BD_FUSION"": 1, ""SAD_REGISTER_BITS"": 2, ""SAD_ROTATION_WARP_ATOMIC"": 0, ""SAD_SHARED_DIAGONAL_BLOCK_THREADS"": 128}",,,10,3,2.7830134999999996,2.8549533,0.7733767,0.049024899999999996,2.0325517000000004,ok,
2026-08-23T11:59:37.390772+00:00,forward_shape:20:77da0d1c076f6241,forward_shape,mera,20,5,"{""backward_register_bits"": 2, ""backward_threads"": 128, ""diagonal_threads"": 64, ""diagonal_warp_atomic"": 0, ""forward_register_bits"": 4, ""forward_threads"": 64, ""legacy_reduction"": 1, ""lookup_bits"": 8, ""mailbox_chunks"": 1, ""ordinary_threads"": 128, ""rotation_warp_atomic"": 0, ""shared_diagonal_threads"": 128}","{""SAD_BLOCK_THREADS"": 128, ""SAD_DIAGONAL_BLOCK_THREADS"": 64, ""SAD_DIAGONAL_LOOKUP_BITS"": 8, ""SAD_DIAGONAL_WARP_ATOMIC"": 0, ""SAD_FORWARD_BLOCK_THREADS"": 64, ""SAD_FORWARD_REGISTER_BITS"": 4, ""SAD_LEGACY_BLOCK_REDUCTION"": 1, ""SAD_MAILBOX_CHUNKS"": 1, ""SAD_ORDINARY_BLOCK_THREADS"": 128, ""SAD_QAOA_BD_FUSION"": 1, ""SAD_REGISTER_BITS"": 2, ""SAD_ROTATION_WARP_ATOMIC"": 0, ""SAD_SHARED_DIAGONAL_BLOCK_THREADS"": 128}",,,10,3,2.8238255,2.8722428,0.8346091,0.0245378,2.0130959,ok,
2026-08-23T11:59:37.438119+00:00,forward_shape:20:8348c5688d68645f,forward_shape,mera,20,5,"{""backward_register_bits"": 2, ""backward_threads"": 128, ""diagonal_threads"": 64, ""diagonal_warp_atomic"": 0, ""forward_register_bits"": 2, ""forward_threads"": 128, ""legacy_reduction"": 1, ""lookup_bits"": 8, ""mailbox_chunks"": 1, ""ordinary_threads"": 128, ""rotation_warp_atomic"": 0, ""shared_diagonal_threads"": 128}","{""SAD_BLOCK_THREADS"": 128, ""SAD_DIAGONAL_BLOCK_THREADS"": 64, ""SAD_DIAGONAL_LOOKUP_BITS"": 8, ""SAD_DIAGONAL_WARP_ATOMIC"": 0, ""SAD_FORWARD_BLOCK_THREADS"": 128, ""SAD_FORWARD_REGISTER_BITS"": 2, ""SAD_LEGACY_BLOCK_REDUCTION"": 1, ""SAD_MAILBOX_CHUNKS"": 1, ""SAD_ORDINARY_BLOCK_THREADS"": 128, ""SAD_QAOA_BD_FUSION"": 1, ""SAD_REGISTER_BITS"": 2, ""SAD_ROTATION_WARP_ATOMIC"": 0, ""SAD_SHARED_DIAGONAL_BLOCK_THREADS"": 128}",,,10,3,2.6999635,2.7561310999999997,0.7227697,0.0249923,2.0083691,ok,
2026-08-23T11:59:37.487199+00:00,forward_shape:20:93c5047d09b3cd8f,forward_shape,mera,20,5,"{""backward_register_bits"": 2, ""backward_threads"": 128, ""diagonal_threads"": 64, ""diagonal_warp_atomic"": 0, ""forward_register_bits"": 3, ""forward_threads"": 128, ""legacy_reduction"": 1, ""lookup_bits"": 8, ""mailbox_chunks"": 1, ""ordinary_threads"": 128, ""rotation_warp_atomic"": 0, ""shared_diagonal_threads"": 128}","{""SAD_BLOCK_THREADS"": 128, ""SAD_DIAGONAL_BLOCK_THREADS"": 64, ""SAD_DIAGONAL_LOOKUP_BITS"": 8, ""SAD_DIAGONAL_WARP_ATOMIC"": 0, ""SAD_FORWARD_BLOCK_THREADS"": 128, ""SAD_FORWARD_REGISTER_BITS"": 3, ""SAD_LEGACY_BLOCK_REDUCTION"": 1, ""SAD_MAILBOX_CHUNKS"": 1, ""SAD_ORDINARY_BLOCK_THREADS"": 128, ""SAD_QAOA_BD_FUSION"": 1, ""SAD_REGISTER_BITS"": 2, ""SAD_ROTATION_WARP_ATOMIC"": 0, ""SAD_SHARED_DIAGONAL_BLOCK_THREADS"": 128}",,,10,3,2.7676425,2.8286138,0.7969544999999999,0.0242629,2.0073964,ok,
2026-08-23T11:59:37.537725+00:00,forward_shape:20:82688ef28772754d,forward_shape,mera,20,5,"{""backward_register_bits"": 2, ""backward_threads"": 128, ""diagonal_threads"": 64, ""diagonal_warp_atomic"": 0, ""forward_register_bits"": 4, ""forward_threads"": 128, ""legacy_reduction"": 1, ""lookup_bits"": 8, ""mailbox_chunks"": 1, ""ordinary_threads"": 128, ""rotation_warp_atomic"": 0, ""shared_diagonal_threads"": 128}","{""SAD_BLOCK_THREADS"": 128, ""SAD_DIAGONAL_BLOCK_THREADS"": 64, ""SAD_DIAGONAL_LOOKUP_BITS"": 8, ""SAD_DIAGONAL_WARP_ATOMIC"": 0, ""SAD_FORWARD_BLOCK_THREADS"": 128, ""SAD_FORWARD_REGISTER_BITS"": 4, ""SAD_LEGACY_BLOCK_REDUCTION"": 1, ""SAD_MAILBOX_CHUNKS"": 1, ""SAD_ORDINARY_BLOCK_THREADS"": 128, ""SAD_QAOA_BD_FUSION"": 1, ""SAD_REGISTER_BITS"": 2, ""SAD_ROTATION_WARP_ATOMIC"": 0, ""SAD_SHARED_DIAGONAL_BLOCK_THREADS"": 128}",,,10,3,2.9588995,3.0304577999999998,0.9685609,0.048716,2.0131809,ok,
2026-08-23T11:59:37.585343+00:00,forward_shape:20:4562f7da672b24f2,forward_shape,mera,20,5,"{""backward_register_bits"": 2, ""backward_threads"": 128, ""diagonal_threads"": 64, ""diagonal_warp_atomic"": 0, ""forward_register_bits"": 2, ""forward_threads"": 256, ""legacy_reduction"": 1, ""lookup_bits"": 8, ""mailbox_chunks"": 1, ""ordinary_threads"": 128, ""rotation_warp_atomic"": 0, ""shared_diagonal_threads"": 128}","{""SAD_BLOCK_THREADS"": 128, ""SAD_DIAGONAL_BLOCK_THREADS"": 64, ""SAD_DIAGONAL_LOOKUP_BITS"": 8, ""SAD_DIAGONAL_WARP_ATOMIC"": 0, ""SAD_FORWARD_BLOCK_THREADS"": 256, ""SAD_FORWARD_REGISTER_BITS"": 2, ""SAD_LEGACY_BLOCK_REDUCTION"": 1, ""SAD_MAILBOX_CHUNKS"": 1, ""SAD_ORDINARY_BLOCK_THREADS"": 128, ""SAD_QAOA_BD_FUSION"": 1, ""SAD_REGISTER_BITS"": 2, ""SAD_ROTATION_WARP_ATOMIC"": 0, ""SAD_SHARED_DIAGONAL_BLOCK_THREADS"": 128}",,,10,3,2.6957299999999997,2.7857793999999996,0.7555964000000001,0.024437999999999998,2.005745,ok,
2026-08-23T11:59:37.635105+00:00,forward_shape:20:3757beb8ed145b6f,forward_shape,mera,20,5,"{""backward_register_bits"": 2, ""backward_threads"": 128, ""diagonal_threads"": 64, ""diagonal_warp_atomic"": 0, ""forward_register_bits"": 3, ""forward_threads"": 256, ""legacy_reduction"": 1, ""lookup_bits"": 8, ""mailbox_chunks"": 1, ""ordinary_threads"": 128, ""rotation_warp_atomic"": 0, ""shared_diagonal_threads"": 128}","{""SAD_BLOCK_THREADS"": 128, ""SAD_DIAGONAL_BLOCK_THREADS"": 64, ""SAD_DIAGONAL_LOOKUP_BITS"": 8, ""SAD_DIAGONAL_WARP_ATOMIC"": 0, ""SAD_FORWARD_BLOCK_THREADS"": 256, ""SAD_FORWARD_REGISTER_BITS"": 3, ""SAD_LEGACY_BLOCK_REDUCTION"": 1, ""SAD_MAILBOX_CHUNKS"": 1, ""SAD_ORDINARY_BLOCK_THREADS"": 128, ""SAD_QAOA_BD_FUSION"": 1, ""SAD_REGISTER_BITS"": 2, ""SAD_ROTATION_WARP_ATOMIC"": 0, ""SAD_SHARED_DIAGONAL_BLOCK_THREADS"": 128}",,,10,3,2.868771,2.9526542,0.8673241999999999,0.0729832,2.0123467999999995,ok,
2026-08-23T11:59:37.686909+00:00,forward_shape:20:b40308db88b5d932,forward_shape,mera,20,5,"{""backward_register_bits"": 2, ""backward_threads"": 128, ""diagonal_threads"": 64, ""diagonal_warp_atomic"": 0, ""forward_register_bits"": 4, ""forward_threads"": 256, ""legacy_reduction"": 1, ""lookup_bits"": 8, ""mailbox_chunks"": 1, ""ordinary_threads"": 128, ""rotation_warp_atomic"": 0, ""shared_diagonal_threads"": 128}","{""SAD_BLOCK_THREADS"": 128, ""SAD_DIAGONAL_BLOCK_THREADS"": 64, ""SAD_DIAGONAL_LOOKUP_BITS"": 8, ""SAD_DIAGONAL_WARP_ATOMIC"": 0, ""SAD_FORWARD_BLOCK_THREADS"": 256, ""SAD_FORWARD_REGISTER_BITS"": 4, ""SAD_LEGACY_BLOCK_REDUCTION"": 1, ""SAD_MAILBOX_CHUNKS"": 1, ""SAD_ORDINARY_BLOCK_THREADS"": 128, ""SAD_QAOA_BD_FUSION"": 1, ""SAD_REGISTER_BITS"": 2, ""SAD_ROTATION_WARP_ATOMIC"": 0, ""SAD_SHARED_DIAGONAL_BLOCK_THREADS"": 128}",,,10,3,3.0086634999999995,3.0834497999999995,1.0208971,0.048845099999999995,2.0137076,ok,
2026-08-23T11:59:37.735388+00:00,backward_shape:20:1dc242f6458efdf2,backward_shape,mera,20,5,"{""backward_register_bits"": 2, ""backward_threads"": 32, ""diagonal_threads"": 64, ""diagonal_warp_atomic"": 0, ""forward_register_bits"": 2, ""forward_threads"": 128, ""legacy_reduction"": 1, ""lookup_bits"": 8, ""mailbox_chunks"": 1, ""ordinary_threads"": 128, ""rotation_warp_atomic"": 0, ""shared_diagonal_threads"": 128}","{""SAD_BLOCK_THREADS"": 32, ""SAD_DIAGONAL_BLOCK_THREADS"": 64, ""SAD_DIAGONAL_LOOKUP_BITS"": 8, ""SAD_DIAGONAL_WARP_ATOMIC"": 0, ""SAD_FORWARD_BLOCK_THREADS"": 128, ""SAD_FORWARD_REGISTER_BITS"": 2, ""SAD_LEGACY_BLOCK_REDUCTION"": 1, ""SAD_MAILBOX_CHUNKS"": 1, ""SAD_ORDINARY_BLOCK_THREADS"": 128, ""SAD_QAOA_BD_FUSION"": 1, ""SAD_REGISTER_BITS"": 2, ""SAD_ROTATION_WARP_ATOMIC"": 0, ""SAD_SHARED_DIAGONAL_BLOCK_THREADS"": 128}",,,10,3,2.7199714999999998,2.7906329000000003,0.746887,0.0238591,2.0198867999999996,ok,
2026-08-23T11:59:37.781065+00:00,backward_shape:20:9971104cd33931fc,backward_shape,mera,20,5,"{""backward_register_bits"": 3, ""backward_threads"": 32, ""diagonal_threads"": 64, ""diagonal_warp_atomic"": 0, ""forward_register_bits"": 2, ""forward_threads"": 128, ""legacy_reduction"": 1, ""lookup_bits"": 8, ""mailbox_chunks"": 1, ""ordinary_threads"": 128, ""rotation_warp_atomic"": 0, ""shared_diagonal_threads"": 128}","{""SAD_BLOCK_THREADS"": 32, ""SAD_DIAGONAL_BLOCK_THREADS"": 64, ""SAD_DIAGONAL_LOOKUP_BITS"": 8, ""SAD_DIAGONAL_WARP_ATOMIC"": 0, ""SAD_FORWARD_BLOCK_THREADS"": 128, ""SAD_FORWARD_REGISTER_BITS"": 2, ""SAD_LEGACY_BLOCK_REDUCTION"": 1, ""SAD_MAILBOX_CHUNKS"": 1, ""SAD_ORDINARY_BLOCK_THREADS"": 128, ""SAD_QAOA_BD_FUSION"": 1, ""SAD_REGISTER_BITS"": 3, ""SAD_ROTATION_WARP_ATOMIC"": 0, ""SAD_SHARED_DIAGONAL_BLOCK_THREADS"": 128}",,,10,3,2.5684765,2.6277280999999997,0.722422,0.0240462,1.8812599,ok,
2026-08-23T11:59:37.828860+00:00,backward_shape:20:9356b5770583aa83,backward_shape,mera,20,5,"{""backward_register_bits"": 4, ""backward_threads"": 32, ""diagonal_threads"": 64, ""diagonal_warp_atomic"": 0, ""forward_register_bits"": 2, ""forward_threads"": 128, ""legacy_reduction"": 1, ""lookup_bits"": 8, ""mailbox_chunks"": 1, ""ordinary_threads"": 128, ""rotation_warp_atomic"": 0, ""shared_diagonal_threads"": 128}","{""SAD_BLOCK_THREADS"": 32, ""SAD_DIAGONAL_BLOCK_THREADS"": 64, ""SAD_DIAGONAL_LOOKUP_BITS"": 8, ""SAD_DIAGONAL_WARP_ATOMIC"": 0, ""SAD_FORWARD_BLOCK_THREADS"": 128, ""SAD_FORWARD_REGISTER_BITS"": 2, ""SAD_LEGACY_BLOCK_REDUCTION"": 1, ""SAD_MAILBOX_CHUNKS"": 1, ""SAD_ORDINARY_BLOCK_THREADS"": 128, ""SAD_QAOA_BD_FUSION"": 1, ""SAD_REGISTER_BITS"": 4, ""SAD_ROTATION_WARP_ATOMIC"": 0, ""SAD_SHARED_DIAGONAL_BLOCK_THREADS"": 128}",,,10,3,2.7134074999999998,2.7732735,0.7246016000000001,0.0236479,2.0250239999999997,ok,
2026-08-23T11:59:37.874224+00:00,backward_shape:20:65847f5889bce021,backward_shape,mera,20,5,"{""backward_register_bits"": 2, ""backward_threads"": 64, ""diagonal_threads"": 64, ""diagonal_warp_atomic"": 0, ""forward_register_bits"": 2, ""forward_threads"": 128, ""legacy_reduction"": 1, ""lookup_bits"": 8, ""mailbox_chunks"": 1, ""ordinary_threads"": 128, ""rotation_warp_atomic"": 0, ""shared_diagonal_threads"": 128}","{""SAD_BLOCK_THREADS"": 64, ""SAD_DIAGONAL_BLOCK_THREADS"": 64, ""SAD_DIAGONAL_LOOKUP_BITS"": 8, ""SAD_DIAGONAL_WARP_ATOMIC"": 0, ""SAD_FORWARD_BLOCK_THREADS"": 128, ""SAD_FORWARD_REGISTER_BITS"": 2, ""SAD_LEGACY_BLOCK_REDUCTION"": 1, ""SAD_MAILBOX_CHUNKS"": 1, ""SAD_ORDINARY_BLOCK_THREADS"": 128, ""SAD_QAOA_BD_FUSION"": 1, ""SAD_REGISTER_BITS"": 2, ""SAD_ROTATION_WARP_ATOMIC"": 0, ""SAD_SHARED_DIAGONAL_BLOCK_THREADS"": 128}",,,10,3,2.552862,2.6165476,0.7027084,0.047995499999999996,1.8658437,ok,
2026-08-23T11:59:37.922182+00:00,backward_shape:20:59098272b1e23061,backward_shape,mera,20,5,"{""backward_register_bits"": 3, ""backward_threads"": 64, ""diagonal_threads"": 64, ""diagonal_warp_atomic"": 0, ""forward_register_bits"": 2, ""forward_threads"": 128, ""legacy_reduction"": 1, ""lookup_bits"": 8, ""mailbox_chunks"": 1, ""ordinary_threads"": 128, ""rotation_warp_atomic"": 0, ""shared_diagonal_threads"": 128}","{""SAD_BLOCK_THREADS"": 64, ""SAD_DIAGONAL_BLOCK_THREADS"": 64, ""SAD_DIAGONAL_LOOKUP_BITS"": 8, ""SAD_DIAGONAL_WARP_ATOMIC"": 0, ""SAD_FORWARD_BLOCK_THREADS"": 128, ""SAD_FORWARD_REGISTER_BITS"": 2, ""SAD_LEGACY_BLOCK_REDUCTION"": 1, ""SAD_MAILBOX_CHUNKS"": 1, ""SAD_ORDINARY_BLOCK_THREADS"": 128, ""SAD_QAOA_BD_FUSION"": 1, ""SAD_REGISTER_BITS"": 3, ""SAD_ROTATION_WARP_ATOMIC"": 0, ""SAD_SHARED_DIAGONAL_BLOCK_THREADS"": 128}",,,10,3,2.711421,2.7683216,0.7234472000000001,0.0239656,2.0209088,ok,
2026-08-23T11:59:37.969116+00:00,backward_shape:20:bc9443071b6509af,backward_shape,mera,20,5,"{""backward_register_bits"": 4, ""backward_threads"": 64, ""diagonal_threads"": 64, ""diagonal_warp_atomic"": 0, ""forward_register_bits"": 2, ""forward_threads"": 128, ""legacy_reduction"": 1, ""lookup_bits"": 8, ""mailbox_chunks"": 1, ""ordinary_threads"": 128, ""rotation_warp_atomic"": 0, ""shared_diagonal_threads"": 128}","{""SAD_BLOCK_THREADS"": 64, ""SAD_DIAGONAL_BLOCK_THREADS"": 64, ""SAD_DIAGONAL_LOOKUP_BITS"": 8, ""SAD_DIAGONAL_WARP_ATOMIC"": 0, ""SAD_FORWARD_BLOCK_THREADS"": 128, ""SAD_FORWARD_REGISTER_BITS"": 2, ""SAD_LEGACY_BLOCK_REDUCTION"": 1, ""SAD_MAILBOX_CHUNKS"": 1, ""SAD_ORDINARY_BLOCK_THREADS"": 128, ""SAD_QAOA_BD_FUSION"": 1, ""SAD_REGISTER_BITS"": 4, ""SAD_ROTATION_WARP_ATOMIC"": 0, ""SAD_SHARED_DIAGONAL_BLOCK_THREADS"": 128}",,,10,3,2.7118285,2.782587,0.7473770000000001,0.0239423,2.0112677,ok,
2026-08-23T11:59:38.017043+00:00,backward_shape:20:987d7ab965cc28f4,backward_shape,mera,20,5,"{""backward_register_bits"": 2, ""backward_threads"": 128, ""diagonal_threads"": 64, ""diagonal_warp_atomic"": 0, ""forward_register_bits"": 2, ""forward_threads"": 128, ""legacy_reduction"": 1, ""lookup_bits"": 8, ""mailbox_chunks"": 1, ""ordinary_threads"": 128, ""rotation_warp_atomic"": 0, ""shared_diagonal_threads"": 128}","{""SAD_BLOCK_THREADS"": 128, ""SAD_DIAGONAL_BLOCK_THREADS"": 64, ""SAD_DIAGONAL_LOOKUP_BITS"": 8, ""SAD_DIAGONAL_WARP_ATOMIC"": 0, ""SAD_FORWARD_BLOCK_THREADS"": 128, ""SAD_FORWARD_REGISTER_BITS"": 2, ""SAD_LEGACY_BLOCK_REDUCTION"": 1, ""SAD_MAILBOX_CHUNKS"": 1, ""SAD_ORDINARY_BLOCK_THREADS"": 128, ""SAD_QAOA_BD_FUSION"": 1, ""SAD_REGISTER_BITS"": 2, ""SAD_ROTATION_WARP_ATOMIC"": 0, ""SAD_SHARED_DIAGONAL_BLOCK_THREADS"": 128}",,,10,3,2.685308,2.7922081,0.6659797000000001,0.1210188,2.0052096,ok,
2026-08-23T11:59:38.064561+00:00,backward_shape:20:86077330030da6fe,backward_shape,mera,20,5,"{""backward_register_bits"": 3, ""backward_threads"": 128, ""diagonal_threads"": 64, ""diagonal_warp_atomic"": 0, ""forward_register_bits"": 2, ""forward_threads"": 128, ""legacy_reduction"": 1, ""lookup_bits"": 8, ""mailbox_chunks"": 1, ""ordinary_threads"": 128, ""rotation_warp_atomic"": 0, ""shared_diagonal_threads"": 128}","{""SAD_BLOCK_THREADS"": 128, ""SAD_DIAGONAL_BLOCK_THREADS"": 64, ""SAD_DIAGONAL_LOOKUP_BITS"": 8, ""SAD_DIAGONAL_WARP_ATOMIC"": 0, ""SAD_FORWARD_BLOCK_THREADS"": 128, ""SAD_FORWARD_REGISTER_BITS"": 2, ""SAD_LEGACY_BLOCK_REDUCTION"": 1, ""SAD_MAILBOX_CHUNKS"": 1, ""SAD_ORDINARY_BLOCK_THREADS"": 128, ""SAD_QAOA_BD_FUSION"": 1, ""SAD_REGISTER_BITS"": 3, ""SAD_ROTATION_WARP_ATOMIC"": 0, ""SAD_SHARED_DIAGONAL_BLOCK_THREADS"": 128}",,,10,3,2.6939585,2.7700051,0.683351,0.0714848,2.0151692999999997,ok,
2026-08-23T11:59:38.113840+00:00,backward_shape:20:4e63fe23f1cfa8ee,backward_shape,mera,20,5,"{""backward_register_bits"": 4, ""backward_threads"": 128, ""diagonal_threads"": 64, ""diagonal_warp_atomic"": 0, ""forward_register_bits"": 2, ""forward_threads"": 128, ""legacy_reduction"": 1, ""lookup_bits"": 8, ""mailbox_chunks"": 1, ""ordinary_threads"": 128, ""rotation_warp_atomic"": 0, ""shared_diagonal_threads"": 128}","{""SAD_BLOCK_THREADS"": 128, ""SAD_DIAGONAL_BLOCK_THREADS"": 64, ""SAD_DIAGONAL_LOOKUP_BITS"": 8, ""SAD_DIAGONAL_WARP_ATOMIC"": 0, ""SAD_FORWARD_BLOCK_THREADS"": 128, ""SAD_FORWARD_REGISTER_BITS"": 2, ""SAD_LEGACY_BLOCK_REDUCTION"": 1, ""SAD_MAILBOX_CHUNKS"": 1, ""SAD_ORDINARY_BLOCK_THREADS"": 128, ""SAD_QAOA_BD_FUSION"": 1, ""SAD_REGISTER_BITS"": 4, ""SAD_ROTATION_WARP_ATOMIC"": 0, ""SAD_SHARED_DIAGONAL_BLOCK_THREADS"": 128}",,,10,3,2.8172315000000006,2.9213696000000002,0.6548693000000001,0.0241803,2.24232,ok,
2026-08-23T11:59:38.161096+00:00,backward_shape:20:0485797d437ae725,backward_shape,mera,20,5,"{""backward_register_bits"": 2, ""backward_threads"": 256, ""diagonal_threads"": 64, ""diagonal_warp_atomic"": 0, ""forward_register_bits"": 2, ""forward_threads"": 128, ""legacy_reduction"": 1, ""lookup_bits"": 8, ""mailbox_chunks"": 1, ""ordinary_threads"": 128, ""rotation_warp_atomic"": 0, ""shared_diagonal_threads"": 128}","{""SAD_BLOCK_THREADS"": 256, ""SAD_DIAGONAL_BLOCK_THREADS"": 64, ""SAD_DIAGONAL_LOOKUP_BITS"": 8, ""SAD_DIAGONAL_WARP_ATOMIC"": 0, ""SAD_FORWARD_BLOCK_THREADS"": 128, ""SAD_FORWARD_REGISTER_BITS"": 2, ""SAD_LEGACY_BLOCK_REDUCTION"": 1, ""SAD_MAILBOX_CHUNKS"": 1, ""SAD_ORDINARY_BLOCK_THREADS"": 128, ""SAD_QAOA_BD_FUSION"": 1, ""SAD_REGISTER_BITS"": 2, ""SAD_ROTATION_WARP_ATOMIC"": 0, ""SAD_SHARED_DIAGONAL_BLOCK_THREADS"": 128}",,,10,3,2.716198,2.7873929,0.7469859,0.0242779,2.0161290999999997,ok,
2026-08-23T11:59:38.216090+00:00,backward_shape:20:d33ed1bb72020eb8,backward_shape,mera,20,5,"{""backward_register_bits"": 3, ""backward_threads"": 256, ""diagonal_threads"": 64, ""diagonal_warp_atomic"": 0, ""forward_register_bits"": 2, ""forward_threads"": 128, ""legacy_reduction"": 1, ""lookup_bits"": 8, ""mailbox_chunks"": 1, ""ordinary_threads"": 128, ""rotation_warp_atomic"": 0, ""shared_diagonal_threads"": 128}","{""SAD_BLOCK_THREADS"": 256, ""SAD_DIAGONAL_BLOCK_THREADS"": 64, ""SAD_DIAGONAL_LOOKUP_BITS"": 8, ""SAD_DIAGONAL_WARP_ATOMIC"": 0, ""SAD_FORWARD_BLOCK_THREADS"": 128, ""SAD_FORWARD_REGISTER_BITS"": 2, ""SAD_LEGACY_BLOCK_REDUCTION"": 1, ""SAD_MAILBOX_CHUNKS"": 1, ""SAD_ORDINARY_BLOCK_THREADS"": 128, ""SAD_QAOA_BD_FUSION"": 1, ""SAD_REGISTER_BITS"": 3, ""SAD_ROTATION_WARP_ATOMIC"": 0, ""SAD_SHARED_DIAGONAL_BLOCK_THREADS"": 128}",,,10,3,3.1947880000000004,3.3153379,0.6604244000000001,0.07206359999999999,2.5828499000000003,ok,
2026-08-23T11:59:38.270979+00:00,backward_shape:20:ae9e27bd4116c221,backward_shape,mera,20,5,"{""backward_register_bits"": 4, ""backward_threads"": 256, ""diagonal_threads"": 64, ""diagonal_warp_atomic"": 0, ""forward_register_bits"": 2, ""forward_threads"": 128, ""legacy_reduction"": 1, ""lookup_bits"": 8, ""mailbox_chunks"": 1, ""ordinary_threads"": 128, ""rotation_warp_atomic"": 0, ""shared_diagonal_threads"": 128}","{""SAD_BLOCK_THREADS"": 256, ""SAD_DIAGONAL_BLOCK_THREADS"": 64, ""SAD_DIAGONAL_LOOKUP_BITS"": 8, ""SAD_DIAGONAL_WARP_ATOMIC"": 0, ""SAD_FORWARD_BLOCK_THREADS"": 128, ""SAD_FORWARD_REGISTER_BITS"": 2, ""SAD_LEGACY_BLOCK_REDUCTION"": 1, ""SAD_MAILBOX_CHUNKS"": 1, ""SAD_ORDINARY_BLOCK_THREADS"": 128, ""SAD_QAOA_BD_FUSION"": 1, ""SAD_REGISTER_BITS"": 4, ""SAD_ROTATION_WARP_ATOMIC"": 0, ""SAD_SHARED_DIAGONAL_BLOCK_THREADS"": 128}",,,10,3,3.151961,3.2859507000000003,0.6604817,0.0727354,2.5527336,ok,
2026-08-23T11:59:38.317424+00:00,ordinary_threads:20:028919ca07d6f002,ordinary_threads,mera,20,5,"{""backward_register_bits"": 2, ""backward_threads"": 64, ""diagonal_threads"": 64, ""diagonal_warp_atomic"": 0, ""forward_register_bits"": 2, ""forward_threads"": 128, ""legacy_reduction"": 1, ""lookup_bits"": 8, ""mailbox_chunks"": 1, ""ordinary_threads"": 64, ""rotation_warp_atomic"": 0, ""shared_diagonal_threads"": 128}","{""SAD_BLOCK_THREADS"": 64, ""SAD_DIAGONAL_BLOCK_THREADS"": 64, ""SAD_DIAGONAL_LOOKUP_BITS"": 8, ""SAD_DIAGONAL_WARP_ATOMIC"": 0, ""SAD_FORWARD_BLOCK_THREADS"": 128, ""SAD_FORWARD_REGISTER_BITS"": 2, ""SAD_LEGACY_BLOCK_REDUCTION"": 1, ""SAD_MAILBOX_CHUNKS"": 1, ""SAD_ORDINARY_BLOCK_THREADS"": 64, ""SAD_QAOA_BD_FUSION"": 1, ""SAD_REGISTER_BITS"": 2, ""SAD_ROTATION_WARP_ATOMIC"": 0, ""SAD_SHARED_DIAGONAL_BLOCK_THREADS"": 128}",,,10,3,2.559343,2.6388187,0.7265008,0.048157700000000005,1.8641602,ok,
2026-08-23T11:59:38.362888+00:00,ordinary_threads:20:e71d4ad86e517e68,ordinary_threads,mera,20,5,"{""backward_register_bits"": 2, ""backward_threads"": 64, ""diagonal_threads"": 64, ""diagonal_warp_atomic"": 0, ""forward_register_bits"": 2, ""forward_threads"": 128, ""legacy_reduction"": 1, ""lookup_bits"": 8, ""mailbox_chunks"": 1, ""ordinary_threads"": 128, ""rotation_warp_atomic"": 0, ""shared_diagonal_threads"": 128}","{""SAD_BLOCK_THREADS"": 64, ""SAD_DIAGONAL_BLOCK_THREADS"": 64, ""SAD_DIAGONAL_LOOKUP_BITS"": 8, ""SAD_DIAGONAL_WARP_ATOMIC"": 0, ""SAD_FORWARD_BLOCK_THREADS"": 128, ""SAD_FORWARD_REGISTER_BITS"": 2, ""SAD_LEGACY_BLOCK_REDUCTION"": 1, ""SAD_MAILBOX_CHUNKS"": 1, ""SAD_ORDINARY_BLOCK_THREADS"": 128, ""SAD_QAOA_BD_FUSION"": 1, ""SAD_REGISTER_BITS"": 2, ""SAD_ROTATION_WARP_ATOMIC"": 0, ""SAD_SHARED_DIAGONAL_BLOCK_THREADS"": 128}",,,10,3,2.5440460000000003,2.6131866,0.7031227000000001,0.0476119,1.8624520000000002,ok,
2026-08-23T11:59:38.409113+00:00,reduction:20:2cbd0d74c6338ff4,reduction,mera,20,5,"{""backward_register_bits"": 2, ""backward_threads"": 64, ""diagonal_threads"": 64, ""diagonal_warp_atomic"": 0, ""forward_register_bits"": 2, ""forward_threads"": 128, ""legacy_reduction"": 1, ""lookup_bits"": 8, ""mailbox_chunks"": 1, ""ordinary_threads"": 128, ""rotation_warp_atomic"": 0, ""shared_diagonal_threads"": 128}","{""SAD_BLOCK_THREADS"": 64, ""SAD_DIAGONAL_BLOCK_THREADS"": 64, ""SAD_DIAGONAL_LOOKUP_BITS"": 8, ""SAD_DIAGONAL_WARP_ATOMIC"": 0, ""SAD_FORWARD_BLOCK_THREADS"": 128, ""SAD_FORWARD_REGISTER_BITS"": 2, ""SAD_LEGACY_BLOCK_REDUCTION"": 1, ""SAD_MAILBOX_CHUNKS"": 1, ""SAD_ORDINARY_BLOCK_THREADS"": 128, ""SAD_QAOA_BD_FUSION"": 1, ""SAD_REGISTER_BITS"": 2, ""SAD_ROTATION_WARP_ATOMIC"": 0, ""SAD_SHARED_DIAGONAL_BLOCK_THREADS"": 128}",,,10,3,2.552637,2.6361488,0.7260511,0.0484141,1.8616836,ok,
2026-08-23T11:59:38.455712+00:00,reduction:20:4bfdadb0338c4d3f,reduction,mera,20,5,"{""backward_register_bits"": 2, ""backward_threads"": 64, ""diagonal_threads"": 64, ""diagonal_warp_atomic"": 0, ""forward_register_bits"": 2, ""forward_threads"": 128, ""legacy_reduction"": 0, ""lookup_bits"": 8, ""mailbox_chunks"": 1, ""ordinary_threads"": 128, ""rotation_warp_atomic"": 0, ""shared_diagonal_threads"": 128}","{""SAD_BLOCK_THREADS"": 64, ""SAD_DIAGONAL_BLOCK_THREADS"": 64, ""SAD_DIAGONAL_LOOKUP_BITS"": 8, ""SAD_DIAGONAL_WARP_ATOMIC"": 0, ""SAD_FORWARD_BLOCK_THREADS"": 128, ""SAD_FORWARD_REGISTER_BITS"": 2, ""SAD_LEGACY_BLOCK_REDUCTION"": 0, ""SAD_MAILBOX_CHUNKS"": 1, ""SAD_ORDINARY_BLOCK_THREADS"": 128, ""SAD_QAOA_BD_FUSION"": 1, ""SAD_REGISTER_BITS"": 2, ""SAD_ROTATION_WARP_ATOMIC"": 0, ""SAD_SHARED_DIAGONAL_BLOCK_THREADS"": 128}",,,10,3,2.6434780000000004,2.7216243,0.6615150999999999,0.0961385,1.9639707,ok,
2026-08-23T11:59:38.501457+00:00,reduction:20:6c6ae862eac1e357,reduction,mera,20,5,"{""backward_register_bits"": 2, ""backward_threads"": 64, ""diagonal_threads"": 64, ""diagonal_warp_atomic"": 0, ""forward_register_bits"": 2, ""forward_threads"": 128, ""legacy_reduction"": 0, ""lookup_bits"": 8, ""mailbox_chunks"": 1, ""ordinary_threads"": 128, ""rotation_warp_atomic"": 1, ""shared_diagonal_threads"": 128}","{""SAD_BLOCK_THREADS"": 64, ""SAD_DIAGONAL_BLOCK_THREADS"": 64, ""SAD_DIAGONAL_LOOKUP_BITS"": 8, ""SAD_DIAGONAL_WARP_ATOMIC"": 0, ""SAD_FORWARD_BLOCK_THREADS"": 128, ""SAD_FORWARD_REGISTER_BITS"": 2, ""SAD_LEGACY_BLOCK_REDUCTION"": 0, ""SAD_MAILBOX_CHUNKS"": 1, ""SAD_ORDINARY_BLOCK_THREADS"": 128, ""SAD_QAOA_BD_FUSION"": 1, ""SAD_REGISTER_BITS"": 2, ""SAD_ROTATION_WARP_ATOMIC"": 1, ""SAD_SHARED_DIAGONAL_BLOCK_THREADS"": 128}",,,10,3,2.608287,2.6859531999999997,0.747076,0.023918799999999997,1.9149584000000002,ok,
2026-08-23T11:59:38.678052+00:00,forward_shape:22:147b37dafbe7a2a3,forward_shape,mera,22,5,"{""backward_register_bits"": 2, ""backward_threads"": 128, ""diagonal_threads"": 64, ""diagonal_warp_atomic"": 0, ""forward_register_bits"": 2, ""forward_threads"": 32, ""legacy_reduction"": 1, ""lookup_bits"": 8, ""mailbox_chunks"": 1, ""ordinary_threads"": 128, ""rotation_warp_atomic"": 0, ""shared_diagonal_threads"": 128}","{""SAD_BLOCK_THREADS"": 128, ""SAD_DIAGONAL_BLOCK_THREADS"": 64, ""SAD_DIAGONAL_LOOKUP_BITS"": 8, ""SAD_DIAGONAL_WARP_ATOMIC"": 0, ""SAD_FORWARD_BLOCK_THREADS"": 32, ""SAD_FORWARD_REGISTER_BITS"": 2, ""SAD_LEGACY_BLOCK_REDUCTION"": 1, ""SAD_MAILBOX_CHUNKS"": 1, ""SAD_ORDINARY_BLOCK_THREADS"": 128, ""SAD_QAOA_BD_FUSION"": 1, ""SAD_REGISTER_BITS"": 2, ""SAD_ROTATION_WARP_ATOMIC"": 0, ""SAD_SHARED_DIAGONAL_BLOCK_THREADS"": 128}",,,10,3,12.440978,12.4567085,2.9666652,0.1338328,9.3562105,ok,
2026-08-23T11:59:38.864093+00:00,forward_shape:22:3eac1a9ea9c6d155,forward_shape,mera,22,5,"{""backward_register_bits"": 2, ""backward_threads"": 128, ""diagonal_threads"": 64, ""diagonal_warp_atomic"": 0, ""forward_register_bits"": 3, ""forward_threads"": 32, ""legacy_reduction"": 1, ""lookup_bits"": 8, ""mailbox_chunks"": 1, ""ordinary_threads"": 128, ""rotation_warp_atomic"": 0, ""shared_diagonal_threads"": 128}","{""SAD_BLOCK_THREADS"": 128, ""SAD_DIAGONAL_BLOCK_THREADS"": 64, ""SAD_DIAGONAL_LOOKUP_BITS"": 8, ""SAD_DIAGONAL_WARP_ATOMIC"": 0, ""SAD_FORWARD_BLOCK_THREADS"": 32, ""SAD_FORWARD_REGISTER_BITS"": 3, ""SAD_LEGACY_BLOCK_REDUCTION"": 1, ""SAD_MAILBOX_CHUNKS"": 1, ""SAD_ORDINARY_BLOCK_THREADS"": 128, ""SAD_QAOA_BD_FUSION"": 1, ""SAD_REGISTER_BITS"": 2, ""SAD_ROTATION_WARP_ATOMIC"": 0, ""SAD_SHARED_DIAGONAL_BLOCK_THREADS"": 128}",,,10,3,12.509775000000001,12.505465900000003,2.8454051000000002,0.1209908,9.53907,ok,
2026-08-23T11:59:39.053861+00:00,forward_shape:22:2dab5f4df2247e40,forward_shape,mera,22,5,"{""backward_register_bits"": 2, ""backward_threads"": 128, ""diagonal_threads"": 64, ""diagonal_warp_atomic"": 0, ""forward_register_bits"": 4, ""forward_threads"": 32, ""legacy_reduction"": 1, ""lookup_bits"": 8, ""mailbox_chunks"": 1, ""ordinary_threads"": 128, ""rotation_warp_atomic"": 0, ""shared_diagonal_threads"": 128}","{""SAD_BLOCK_THREADS"": 128, ""SAD_DIAGONAL_BLOCK_THREADS"": 64, ""SAD_DIAGONAL_LOOKUP_BITS"": 8, ""SAD_DIAGONAL_WARP_ATOMIC"": 0, ""SAD_FORWARD_BLOCK_THREADS"": 32, ""SAD_FORWARD_REGISTER_BITS"": 4, ""SAD_LEGACY_BLOCK_REDUCTION"": 1, ""SAD_MAILBOX_CHUNKS"": 1, ""SAD_ORDINARY_BLOCK_THREADS"": 128, ""SAD_QAOA_BD_FUSION"": 1, ""SAD_REGISTER_BITS"": 2, ""SAD_ROTATION_WARP_ATOMIC"": 0, ""SAD_SHARED_DIAGONAL_BLOCK_THREADS"": 128}",,,10,3,12.762300499999998,12.7709522,3.1899968,0.17888730000000003,9.4020681,ok,
2026-08-23T11:59:39.238016+00:00,forward_shape:22:934422c832fe9cdd,forward_shape,mera,22,5,"{""backward_register_bits"": 2, ""backward_threads"": 128, ""diagonal_threads"": 64, ""diagonal_warp_atomic"": 0, ""forward_register_bits"": 2, ""forward_threads"": 64, ""legacy_reduction"": 1, ""lookup_bits"": 8, ""mailbox_chunks"": 1, ""ordinary_threads"": 128, ""rotation_warp_atomic"": 0, ""shared_diagonal_threads"": 128}","{""SAD_BLOCK_THREADS"": 128, ""SAD_DIAGONAL_BLOCK_THREADS"": 64, ""SAD_DIAGONAL_LOOKUP_BITS"": 8, ""SAD_DIAGONAL_WARP_ATOMIC"": 0, ""SAD_FORWARD_BLOCK_THREADS"": 64, ""SAD_FORWARD_REGISTER_BITS"": 2, ""SAD_LEGACY_BLOCK_REDUCTION"": 1, ""SAD_MAILBOX_CHUNKS"": 1, ""SAD_ORDINARY_BLOCK_THREADS"": 128, ""SAD_QAOA_BD_FUSION"": 1, ""SAD_REGISTER_BITS"": 2, ""SAD_ROTATION_WARP_ATOMIC"": 0, ""SAD_SHARED_DIAGONAL_BLOCK_THREADS"": 128}",,,10,3,12.340399999999997,12.3803132,2.804685,0.1315961,9.4440321,ok,
2026-08-23T11:59:39.426685+00:00,forward_shape:22:c8cbbd42f1e07a6c,forward_shape,mera,22,5,"{""backward_register_bits"": 2, ""backward_threads"": 128, ""diagonal_threads"": 64, ""diagonal_warp_atomic"": 0, ""forward_register_bits"": 3, ""forward_threads"": 64, ""legacy_reduction"": 1, ""lookup_bits"": 8, ""mailbox_chunks"": 1, ""ordinary_threads"": 128, ""rotation_warp_atomic"": 0, ""shared_diagonal_threads"": 128}","{""SAD_BLOCK_THREADS"": 128, ""SAD_DIAGONAL_BLOCK_THREADS"": 64, ""SAD_DIAGONAL_LOOKUP_BITS"": 8, ""SAD_DIAGONAL_WARP_ATOMIC"": 0, ""SAD_FORWARD_BLOCK_THREADS"": 64, ""SAD_FORWARD_REGISTER_BITS"": 3, ""SAD_LEGACY_BLOCK_REDUCTION"": 1, ""SAD_MAILBOX_CHUNKS"": 1, ""SAD_ORDINARY_BLOCK_THREADS"": 128, ""SAD_QAOA_BD_FUSION"": 1, ""SAD_REGISTER_BITS"": 2, ""SAD_ROTATION_WARP_ATOMIC"": 0, ""SAD_SHARED_DIAGONAL_BLOCK_THREADS"": 128}",,,10,3,12.8481575,12.7182653,3.1556408,0.12431350000000001,9.438310999999999,ok,
2026-08-23T11:59:39.616144+00:00,forward_shape:22:beaaa693c0840342,forward_shape,mera,22,5,"{""backward_register_bits"": 2, ""backward_threads"": 128, ""diagonal_threads"": 64, ""diagonal_warp_atomic"": 0, ""forward_register_bits"": 4, ""forward_threads"": 64, ""legacy_reduction"": 1, ""lookup_bits"": 8, ""mailbox_chunks"": 1, ""ordinary_threads"": 128, ""rotation_warp_atomic"": 0, ""shared_diagonal_threads"": 128}","{""SAD_BLOCK_THREADS"": 128, ""SAD_DIAGONAL_BLOCK_THREADS"": 64, ""SAD_DIAGONAL_LOOKUP_BITS"": 8, ""SAD_DIAGONAL_WARP_ATOMIC"": 0, ""SAD_FORWARD_BLOCK_THREADS"": 64, ""SAD_FORWARD_REGISTER_BITS"": 4, ""SAD_LEGACY_BLOCK_REDUCTION"": 1, ""SAD_MAILBOX_CHUNKS"": 1, ""SAD_ORDINARY_BLOCK_THREADS"": 128, ""SAD_QAOA_BD_FUSION"": 1, ""SAD_REGISTER_BITS"": 2, ""SAD_ROTATION_WARP_ATOMIC"": 0, ""SAD_SHARED_DIAGONAL_BLOCK_THREADS"": 128}",,,10,3,12.712377,12.723489299999999,3.1190708000000003,0.1805071,9.4239114,ok,
2026-08-23T11:59:39.801331+00:00,forward_shape:22:d92f838141634fb4,forward_shape,mera,22,5,"{""backward_register_bits"": 2, ""backward_threads"": 128, ""diagonal_threads"": 64, ""diagonal_warp_atomic"": 0, ""forward_register_bits"": 2, ""forward_threads"": 128, ""legacy_reduction"": 1, ""lookup_bits"": 8, ""mailbox_chunks"": 1, ""ordinary_threads"": 128, ""rotation_warp_atomic"": 0, ""shared_diagonal_threads"": 128}","{""SAD_BLOCK_THREADS"": 128, ""SAD_DIAGONAL_BLOCK_THREADS"": 64, ""SAD_DIAGONAL_LOOKUP_BITS"": 8, ""SAD_DIAGONAL_WARP_ATOMIC"": 0, ""SAD_FORWARD_BLOCK_THREADS"": 128, ""SAD_FORWARD_REGISTER_BITS"": 2, ""SAD_LEGACY_BLOCK_REDUCTION"": 1, ""SAD_MAILBOX_CHUNKS"": 1, ""SAD_ORDINARY_BLOCK_THREADS"": 128, ""SAD_QAOA_BD_FUSION"": 1, ""SAD_REGISTER_BITS"": 2, ""SAD_ROTATION_WARP_ATOMIC"": 0, ""SAD_SHARED_DIAGONAL_BLOCK_THREADS"": 128}",,,10,3,12.416534,12.438948199999999,2.7701219999999998,0.1270223,9.5418039,ok,
2026-08-23T11:59:39.990641+00:00,forward_shape:22:b2537999a1b9a9bd,forward_shape,mera,22,5,"{""backward_register_bits"": 2, ""backward_threads"": 128, ""diagonal_threads"": 64, ""diagonal_warp_atomic"": 0, ""forward_register_bits"": 3, ""forward_threads"": 128, ""legacy_reduction"": 1, ""lookup_bits"": 8, ""mailbox_chunks"": 1, ""ordinary_threads"": 128, ""rotation_warp_atomic"": 0, ""shared_diagonal_threads"": 128}","{""SAD_BLOCK_THREADS"": 128, ""SAD_DIAGONAL_BLOCK_THREADS"": 64, ""SAD_DIAGONAL_LOOKUP_BITS"": 8, ""SAD_DIAGONAL_WARP_ATOMIC"": 0, ""SAD_FORWARD_BLOCK_THREADS"": 128, ""SAD_FORWARD_REGISTER_BITS"": 3, ""SAD_LEGACY_BLOCK_REDUCTION"": 1, ""SAD_MAILBOX_CHUNKS"": 1, ""SAD_ORDINARY_BLOCK_THREADS"": 128, ""SAD_QAOA_BD_FUSION"": 1, ""SAD_REGISTER_BITS"": 2, ""SAD_ROTATION_WARP_ATOMIC"": 0, ""SAD_SHARED_DIAGONAL_BLOCK_THREADS"": 128}",,,10,3,12.719934,12.727786499999999,3.1119898999999998,0.17511449999999998,9.4406821,ok,
2026-08-23T11:59:40.183713+00:00,forward_shape:22:0f83939b9126ed9f,forward_shape,mera,22,5,"{""backward_register_bits"": 2, ""backward_threads"": 128, ""diagonal_threads"": 64, ""diagonal_warp_atomic"": 0, ""forward_register_bits"": 4, ""forward_threads"": 128, ""legacy_reduction"": 1, ""lookup_bits"": 8, ""mailbox_chunks"": 1, ""ordinary_threads"": 128, ""rotation_warp_atomic"": 0, ""shared_diagonal_threads"": 128}","{""SAD_BLOCK_THREADS"": 128, ""SAD_DIAGONAL_BLOCK_THREADS"": 64, ""SAD_DIAGONAL_LOOKUP_BITS"": 8, ""SAD_DIAGONAL_WARP_ATOMIC"": 0, ""SAD_FORWARD_BLOCK_THREADS"": 128, ""SAD_FORWARD_REGISTER_BITS"": 4, ""SAD_LEGACY_BLOCK_REDUCTION"": 1, ""SAD_MAILBOX_CHUNKS"": 1, ""SAD_ORDINARY_BLOCK_THREADS"": 128, ""SAD_QAOA_BD_FUSION"": 1, ""SAD_REGISTER_BITS"": 2, ""SAD_ROTATION_WARP_ATOMIC"": 0, ""SAD_SHARED_DIAGONAL_BLOCK_THREADS"": 128}",,,10,3,13.012487,13.0243006,3.4735412,0.1524757,9.398283699999999,ok,
2026-08-23T11:59:40.368867+00:00,forward_shape:22:de231c0d6a11df6c,forward_shape,mera,22,5,"{""backward_register_bits"": 2, ""backward_threads"": 128, ""diagonal_threads"": 64, ""diagonal_warp_atomic"": 0, ""forward_register_bits"": 2, ""forward_threads"": 256, ""legacy_reduction"": 1, ""lookup_bits"": 8, ""mailbox_chunks"": 1, ""ordinary_threads"": 128, ""rotation_warp_atomic"": 0, ""shared_diagonal_threads"": 128}","{""SAD_BLOCK_THREADS"": 128, ""SAD_DIAGONAL_BLOCK_THREADS"": 64, ""SAD_DIAGONAL_LOOKUP_BITS"": 8, ""SAD_DIAGONAL_WARP_ATOMIC"": 0, ""SAD_FORWARD_BLOCK_THREADS"": 256, ""SAD_FORWARD_REGISTER_BITS"": 2, ""SAD_LEGACY_BLOCK_REDUCTION"": 1, ""SAD_MAILBOX_CHUNKS"": 1, ""SAD_ORDINARY_BLOCK_THREADS"": 128, ""SAD_QAOA_BD_FUSION"": 1, ""SAD_REGISTER_BITS"": 2, ""SAD_ROTATION_WARP_ATOMIC"": 0, ""SAD_SHARED_DIAGONAL_BLOCK_THREADS"": 128}",,,10,3,12.4122405,12.420980499999999,2.7766593,0.174465,9.469856199999999,ok,
2026-08-23T11:59:40.564567+00:00,forward_shape:22:262673aeeae7f8de,forward_shape,mera,22,5,"{""backward_register_bits"": 2, ""backward_threads"": 128, ""diagonal_threads"": 64, ""diagonal_warp_atomic"": 0, ""forward_register_bits"": 3, ""forward_threads"": 256, ""legacy_reduction"": 1, ""lookup_bits"": 8, ""mailbox_chunks"": 1, ""ordinary_threads"": 128, ""rotation_warp_atomic"": 0, ""shared_diagonal_threads"": 128}","{""SAD_BLOCK_THREADS"": 128, ""SAD_DIAGONAL_BLOCK_THREADS"": 64, ""SAD_DIAGONAL_LOOKUP_BITS"": 8, ""SAD_DIAGONAL_WARP_ATOMIC"": 0, ""SAD_FORWARD_BLOCK_THREADS"": 256, ""SAD_FORWARD_REGISTER_BITS"": 3, ""SAD_LEGACY_BLOCK_REDUCTION"": 1, ""SAD_MAILBOX_CHUNKS"": 1, ""SAD_ORDINARY_BLOCK_THREADS"": 128, ""SAD_QAOA_BD_FUSION"": 1, ""SAD_REGISTER_BITS"": 2, ""SAD_ROTATION_WARP_ATOMIC"": 0, ""SAD_SHARED_DIAGONAL_BLOCK_THREADS"": 128}",,,10,3,13.303407499999999,13.211558600000002,3.6395512999999995,0.1740943,9.397912999999999,ok,
2026-08-23T11:59:40.766342+00:00,forward_shape:22:483ea00a6796b31e,forward_shape,mera,22,5,"{""backward_register_bits"": 2, ""backward_threads"": 128, ""diagonal_threads"": 64, ""diagonal_warp_atomic"": 0, ""forward_register_bits"": 4, ""forward_threads"": 256, ""legacy_reduction"": 1, ""lookup_bits"": 8, ""mailbox_chunks"": 1, ""ordinary_threads"": 128, ""rotation_warp_atomic"": 0, ""shared_diagonal_threads"": 128}","{""SAD_BLOCK_THREADS"": 128, ""SAD_DIAGONAL_BLOCK_THREADS"": 64, ""SAD_DIAGONAL_LOOKUP_BITS"": 8, ""SAD_DIAGONAL_WARP_ATOMIC"": 0, ""SAD_FORWARD_BLOCK_THREADS"": 256, ""SAD_FORWARD_REGISTER_BITS"": 4, ""SAD_LEGACY_BLOCK_REDUCTION"": 1, ""SAD_MAILBOX_CHUNKS"": 1, ""SAD_ORDINARY_BLOCK_THREADS"": 128, ""SAD_QAOA_BD_FUSION"": 1, ""SAD_REGISTER_BITS"": 2, ""SAD_ROTATION_WARP_ATOMIC"": 0, ""SAD_SHARED_DIAGONAL_BLOCK_THREADS"": 128}",,,10,3,13.749175000000001,13.689593599999998,4.1073144,0.18172939999999999,9.4005498,ok,
2026-08-23T11:59:40.956528+00:00,backward_shape:22:c532e76e3f19f671,backward_shape,mera,22,5,"{""backward_register_bits"": 2, ""backward_threads"": 32, ""diagonal_threads"": 64, ""diagonal_warp_atomic"": 0, ""forward_register_bits"": 2, ""forward_threads"": 128, ""legacy_reduction"": 1, ""lookup_bits"": 8, ""mailbox_chunks"": 1, ""ordinary_threads"": 128, ""rotation_warp_atomic"": 0, ""shared_diagonal_threads"": 128}","{""SAD_BLOCK_THREADS"": 32, ""SAD_DIAGONAL_BLOCK_THREADS"": 64, ""SAD_DIAGONAL_LOOKUP_BITS"": 8, ""SAD_DIAGONAL_WARP_ATOMIC"": 0, ""SAD_FORWARD_BLOCK_THREADS"": 128, ""SAD_FORWARD_REGISTER_BITS"": 2, ""SAD_LEGACY_BLOCK_REDUCTION"": 1, ""SAD_MAILBOX_CHUNKS"": 1, ""SAD_ORDINARY_BLOCK_THREADS"": 128, ""SAD_QAOA_BD_FUSION"": 1, ""SAD_REGISTER_BITS"": 2, ""SAD_ROTATION_WARP_ATOMIC"": 0, ""SAD_SHARED_DIAGONAL_BLOCK_THREADS"": 128}",,,10,3,12.6816145,12.700861,2.9045066,0.12564619999999999,9.6707082,ok,
2026-08-23T11:59:41.130102+00:00,backward_shape:22:f3d97f7622818fe9,backward_shape,mera,22,5,"{""backward_register_bits"": 3, ""backward_threads"": 32, ""diagonal_threads"": 64, ""diagonal_warp_atomic"": 0, ""forward_register_bits"": 2, ""forward_threads"": 128, ""legacy_reduction"": 1, ""lookup_bits"": 8, ""mailbox_chunks"": 1, ""ordinary_threads"": 128, ""rotation_warp_atomic"": 0, ""shared_diagonal_threads"": 128}","{""SAD_BLOCK_THREADS"": 32, ""SAD_DIAGONAL_BLOCK_THREADS"": 64, ""SAD_DIAGONAL_LOOKUP_BITS"": 8, ""SAD_DIAGONAL_WARP_ATOMIC"": 0, ""SAD_FORWARD_BLOCK_THREADS"": 128, ""SAD_FORWARD_REGISTER_BITS"": 2, ""SAD_LEGACY_BLOCK_REDUCTION"": 1, ""SAD_MAILBOX_CHUNKS"": 1, ""SAD_ORDINARY_BLOCK_THREADS"": 128, ""SAD_QAOA_BD_FUSION"": 1, ""SAD_REGISTER_BITS"": 3, ""SAD_ROTATION_WARP_ATOMIC"": 0, ""SAD_SHARED_DIAGONAL_BLOCK_THREADS"": 128}",,,10,3,12.259601,12.2688068,2.866617,0.17961960000000002,9.2225702,ok,
2026-08-23T11:59:41.322210+00:00,backward_shape:22:57ad3b09dfd36cff,backward_shape,mera,22,5,"{""backward_register_bits"": 4, ""backward_threads"": 32, ""diagonal_threads"": 64, ""diagonal_warp_atomic"": 0, ""forward_register_bits"": 2, ""forward_threads"": 128, ""legacy_reduction"": 1, ""lookup_bits"": 8, ""mailbox_chunks"": 1, ""ordinary_threads"": 128, ""rotation_warp_atomic"": 0, ""shared_diagonal_threads"": 128}","{""SAD_BLOCK_THREADS"": 32, ""SAD_DIAGONAL_BLOCK_THREADS"": 64, ""SAD_DIAGONAL_LOOKUP_BITS"": 8, ""SAD_DIAGONAL_WARP_ATOMIC"": 0, ""SAD_FORWARD_BLOCK_THREADS"": 128, ""SAD_FORWARD_REGISTER_BITS"": 2, ""SAD_LEGACY_BLOCK_REDUCTION"": 1, ""SAD_MAILBOX_CHUNKS"": 1, ""SAD_ORDINARY_BLOCK_THREADS"": 128, ""SAD_QAOA_BD_FUSION"": 1, ""SAD_REGISTER_BITS"": 4, ""SAD_ROTATION_WARP_ATOMIC"": 0, ""SAD_SHARED_DIAGONAL_BLOCK_THREADS"": 128}",,,10,3,13.079853499999999,12.973954099999998,2.9166601,0.1563771,9.900916899999999,ok,
2026-08-23T11:59:41.501434+00:00,backward_shape:22:1be6bfeec5ee1b97,backward_shape,mera,22,5,"{""backward_register_bits"": 2, ""backward_threads"": 64, ""diagonal_threads"": 64, ""diagonal_warp_atomic"": 0, ""forward_register_bits"": 2, ""forward_threads"": 128, ""legacy_reduction"": 1, ""lookup_bits"": 8, ""mailbox_chunks"": 1, ""ordinary_threads"": 128, ""rotation_warp_atomic"": 0, ""shared_diagonal_threads"": 128}","{""SAD_BLOCK_THREADS"": 64, ""SAD_DIAGONAL_BLOCK_THREADS"": 64, ""SAD_DIAGONAL_LOOKUP_BITS"": 8, ""SAD_DIAGONAL_WARP_ATOMIC"": 0, ""SAD_FORWARD_BLOCK_THREADS"": 128, ""SAD_FORWARD_REGISTER_BITS"": 2, ""SAD_LEGACY_BLOCK_REDUCTION"": 1, ""SAD_MAILBOX_CHUNKS"": 1, ""SAD_ORDINARY_BLOCK_THREADS"": 128, ""SAD_QAOA_BD_FUSION"": 1, ""SAD_REGISTER_BITS"": 2, ""SAD_ROTATION_WARP_ATOMIC"": 0, ""SAD_SHARED_DIAGONAL_BLOCK_THREADS"": 128}",,,10,3,11.851493000000001,11.9923166,2.8678262,0.1554503,8.9690401,ok,
2026-08-23T11:59:41.685337+00:00,backward_shape:22:b62eaa44e787665c,backward_shape,mera,22,5,"{""backward_register_bits"": 3, ""backward_threads"": 64, ""diagonal_threads"": 64, ""diagonal_warp_atomic"": 0, ""forward_register_bits"": 2, ""forward_threads"": 128, ""legacy_reduction"": 1, ""lookup_bits"": 8, ""mailbox_chunks"": 1, ""ordinary_threads"": 128, ""rotation_warp_atomic"": 0, ""shared_diagonal_threads"": 128}","{""SAD_BLOCK_THREADS"": 64, ""SAD_DIAGONAL_BLOCK_THREADS"": 64, ""SAD_DIAGONAL_LOOKUP_BITS"": 8, ""SAD_DIAGONAL_WARP_ATOMIC"": 0, ""SAD_FORWARD_BLOCK_THREADS"": 128, ""SAD_FORWARD_REGISTER_BITS"": 2, ""SAD_LEGACY_BLOCK_REDUCTION"": 1, ""SAD_MAILBOX_CHUNKS"": 1, ""SAD_ORDINARY_BLOCK_THREADS"": 128, ""SAD_QAOA_BD_FUSION"": 1, ""SAD_REGISTER_BITS"": 3, ""SAD_ROTATION_WARP_ATOMIC"": 0, ""SAD_SHARED_DIAGONAL_BLOCK_THREADS"": 128}",,,10,3,12.260256,12.290139400000001,2.8190407,0.1852879,9.285810799999998,ok,
2026-08-23T11:59:41.873907+00:00,backward_shape:22:82426c062e450ad6,backward_shape,mera,22,5,"{""backward_register_bits"": 4, ""backward_threads"": 64, ""diagonal_threads"": 64, ""diagonal_warp_atomic"": 0, ""forward_register_bits"": 2, ""forward_threads"": 128, ""legacy_reduction"": 1, ""lookup_bits"": 8, ""mailbox_chunks"": 1, ""ordinary_threads"": 128, ""rotation_warp_atomic"": 0, ""shared_diagonal_threads"": 128}","{""SAD_BLOCK_THREADS"": 64, ""SAD_DIAGONAL_BLOCK_THREADS"": 64, ""SAD_DIAGONAL_LOOKUP_BITS"": 8, ""SAD_DIAGONAL_WARP_ATOMIC"": 0, ""SAD_FORWARD_BLOCK_THREADS"": 128, ""SAD_FORWARD_REGISTER_BITS"": 2, ""SAD_LEGACY_BLOCK_REDUCTION"": 1, ""SAD_MAILBOX_CHUNKS"": 1, ""SAD_ORDINARY_BLOCK_THREADS"": 128, ""SAD_QAOA_BD_FUSION"": 1, ""SAD_REGISTER_BITS"": 4, ""SAD_ROTATION_WARP_ATOMIC"": 0, ""SAD_SHARED_DIAGONAL_BLOCK_THREADS"": 128}",,,10,3,12.647922000000001,12.6603992,2.8112963,0.12767760000000003,9.7214253,ok,
2026-08-23T11:59:42.059709+00:00,backward_shape:22:0b6b70dec2c4bfe9,backward_shape,mera,22,5,"{""backward_register_bits"": 2, ""backward_threads"": 128, ""diagonal_threads"": 64, ""diagonal_warp_atomic"": 0, ""forward_register_bits"": 2, ""forward_threads"": 128, ""legacy_reduction"": 1, ""lookup_bits"": 8, ""mailbox_chunks"": 1, ""ordinary_threads"": 128, ""rotation_warp_atomic"": 0, ""shared_diagonal_threads"": 128}","{""SAD_BLOCK_THREADS"": 128, ""SAD_DIAGONAL_BLOCK_THREADS"": 64, ""SAD_DIAGONAL_LOOKUP_BITS"": 8, ""SAD_DIAGONAL_WARP_ATOMIC"": 0, ""SAD_FORWARD_BLOCK_THREADS"": 128, ""SAD_FORWARD_REGISTER_BITS"": 2, ""SAD_LEGACY_BLOCK_REDUCTION"": 1, ""SAD_MAILBOX_CHUNKS"": 1, ""SAD_ORDINARY_BLOCK_THREADS"": 128, ""SAD_QAOA_BD_FUSION"": 1, ""SAD_REGISTER_BITS"": 2, ""SAD_ROTATION_WARP_ATOMIC"": 0, ""SAD_SHARED_DIAGONAL_BLOCK_THREADS"": 128}",,,10,3,12.489133500000001,12.4850895,2.9913011000000003,0.1260732,9.3677152,ok,
2026-08-23T11:59:42.248876+00:00,backward_shape:22:caffc060e52005c3,backward_shape,mera,22,5,"{""backward_register_bits"": 3, ""backward_threads"": 128, ""diagonal_threads"": 64, ""diagonal_warp_atomic"": 0, ""forward_register_bits"": 2, ""forward_threads"": 128, ""legacy_reduction"": 1, ""lookup_bits"": 8, ""mailbox_chunks"": 1, ""ordinary_threads"": 128, ""rotation_warp_atomic"": 0, ""shared_diagonal_threads"": 128}","{""SAD_BLOCK_THREADS"": 128, ""SAD_DIAGONAL_BLOCK_THREADS"": 64, ""SAD_DIAGONAL_LOOKUP_BITS"": 8, ""SAD_DIAGONAL_WARP_ATOMIC"": 0, ""SAD_FORWARD_BLOCK_THREADS"": 128, ""SAD_FORWARD_REGISTER_BITS"": 2, ""SAD_LEGACY_BLOCK_REDUCTION"": 1, ""SAD_MAILBOX_CHUNKS"": 1, ""SAD_ORDINARY_BLOCK_THREADS"": 128, ""SAD_QAOA_BD_FUSION"": 1, ""SAD_REGISTER_BITS"": 3, ""SAD_ROTATION_WARP_ATOMIC"": 0, ""SAD_SHARED_DIAGONAL_BLOCK_THREADS"": 128}",,,10,3,12.7251305,12.731162700000002,2.8589346000000004,0.1273422,9.7448859,ok,
2026-08-23T11:59:42.450224+00:00,backward_shape:22:04806984df5523d8,backward_shape,mera,22,5,"{""backward_register_bits"": 4, ""backward_threads"": 128, ""diagonal_threads"": 64, ""diagonal_warp_atomic"": 0, ""forward_register_bits"": 2, ""forward_threads"": 128, ""legacy_reduction"": 1, ""lookup_bits"": 8, ""mailbox_chunks"": 1, ""ordinary_threads"": 128, ""rotation_warp_atomic"": 0, ""shared_diagonal_threads"": 128}","{""SAD_BLOCK_THREADS"": 128, ""SAD_DIAGONAL_BLOCK_THREADS"": 64, ""SAD_DIAGONAL_LOOKUP_BITS"": 8, ""SAD_DIAGONAL_WARP_ATOMIC"": 0, ""SAD_FORWARD_BLOCK_THREADS"": 128, ""SAD_FORWARD_REGISTER_BITS"": 2, ""SAD_LEGACY_BLOCK_REDUCTION"": 1, ""SAD_MAILBOX_CHUNKS"": 1, ""SAD_ORDINARY_BLOCK_THREADS"": 128, ""SAD_QAOA_BD_FUSION"": 1, ""SAD_REGISTER_BITS"": 4, ""SAD_ROTATION_WARP_ATOMIC"": 0, ""SAD_SHARED_DIAGONAL_BLOCK_THREADS"": 128}",,,10,3,13.7523535,13.6432096,2.8634037,0.1541565,10.6256494,ok,
2026-08-23T11:59:42.630293+00:00,backward_shape:22:9efe3117afd56d67,backward_shape,mera,22,5,"{""backward_register_bits"": 2, ""backward_threads"": 256, ""diagonal_threads"": 64, ""diagonal_warp_atomic"": 0, ""forward_register_bits"": 2, ""forward_threads"": 128, ""legacy_reduction"": 1, ""lookup_bits"": 8, ""mailbox_chunks"": 1, ""ordinary_threads"": 128, ""rotation_warp_atomic"": 0, ""shared_diagonal_threads"": 128}","{""SAD_BLOCK_THREADS"": 256, ""SAD_DIAGONAL_BLOCK_THREADS"": 64, ""SAD_DIAGONAL_LOOKUP_BITS"": 8, ""SAD_DIAGONAL_WARP_ATOMIC"": 0, ""SAD_FORWARD_BLOCK_THREADS"": 128, ""SAD_FORWARD_REGISTER_BITS"": 2, ""SAD_LEGACY_BLOCK_REDUCTION"": 1, ""SAD_MAILBOX_CHUNKS"": 1, ""SAD_ORDINARY_BLOCK_THREADS"": 128, ""SAD_QAOA_BD_FUSION"": 1, ""SAD_REGISTER_BITS"": 2, ""SAD_ROTATION_WARP_ATOMIC"": 0, ""SAD_SHARED_DIAGONAL_BLOCK_THREADS"": 128}",,,10,3,12.6928095,12.735752,2.8744850000000004,0.184385,9.676882,ok,
2026-08-23T11:59:42.845908+00:00,backward_shape:22:f47e3f8af0437605,backward_shape,mera,22,5,"{""backward_register_bits"": 3, ""backward_threads"": 256, ""diagonal_threads"": 64, ""diagonal_warp_atomic"": 0, ""forward_register_bits"": 2, ""forward_threads"": 128, ""legacy_reduction"": 1, ""lookup_bits"": 8, ""mailbox_chunks"": 1, ""ordinary_threads"": 128, ""rotation_warp_atomic"": 0, ""shared_diagonal_threads"": 128}","{""SAD_BLOCK_THREADS"": 256, ""SAD_DIAGONAL_BLOCK_THREADS"": 64, ""SAD_DIAGONAL_LOOKUP_BITS"": 8, ""SAD_DIAGONAL_WARP_ATOMIC"": 0, ""SAD_FORWARD_BLOCK_THREADS"": 128, ""SAD_FORWARD_REGISTER_BITS"": 2, ""SAD_LEGACY_BLOCK_REDUCTION"": 1, ""SAD_MAILBOX_CHUNKS"": 1, ""SAD_ORDINARY_BLOCK_THREADS"": 128, ""SAD_QAOA_BD_FUSION"": 1, ""SAD_REGISTER_BITS"": 3, ""SAD_ROTATION_WARP_ATOMIC"": 0, ""SAD_SHARED_DIAGONAL_BLOCK_THREADS"": 128}",,,10,3,14.78832,14.7712802,2.8601537,0.1563491,11.7547774,ok,
2026-08-23T11:59:43.066875+00:00,backward_shape:22:af378be22dbb3f47,backward_shape,mera,22,5,"{""backward_register_bits"": 4, ""backward_threads"": 256, ""diagonal_threads"": 64, ""diagonal_warp_atomic"": 0, ""forward_register_bits"": 2, ""forward_threads"": 128, ""legacy_reduction"": 1, ""lookup_bits"": 8, ""mailbox_chunks"": 1, ""ordinary_threads"": 128, ""rotation_warp_atomic"": 0, ""shared_diagonal_threads"": 128}","{""SAD_BLOCK_THREADS"": 256, ""SAD_DIAGONAL_BLOCK_THREADS"": 64, ""SAD_DIAGONAL_LOOKUP_BITS"": 8, ""SAD_DIAGONAL_WARP_ATOMIC"": 0, ""SAD_FORWARD_BLOCK_THREADS"": 128, ""SAD_FORWARD_REGISTER_BITS"": 2, ""SAD_LEGACY_BLOCK_REDUCTION"": 1, ""SAD_MAILBOX_CHUNKS"": 1, ""SAD_ORDINARY_BLOCK_THREADS"": 128, ""SAD_QAOA_BD_FUSION"": 1, ""SAD_REGISTER_BITS"": 4, ""SAD_ROTATION_WARP_ATOMIC"": 0, ""SAD_SHARED_DIAGONAL_BLOCK_THREADS"": 128}",,,10,3,15.220339,15.1886401,2.9111314,0.1547766,12.1227321,ok,
2026-08-23T11:59:43.248210+00:00,ordinary_threads:22:e81c2b1e87184942,ordinary_threads,mera,22,5,"{""backward_register_bits"": 2, ""backward_threads"": 64, ""diagonal_threads"": 64, ""diagonal_warp_atomic"": 0, ""forward_register_bits"": 2, ""forward_threads"": 128, ""legacy_reduction"": 1, ""lookup_bits"": 8, ""mailbox_chunks"": 1, ""ordinary_threads"": 64, ""rotation_warp_atomic"": 0, ""shared_diagonal_threads"": 128}","{""SAD_BLOCK_THREADS"": 64, ""SAD_DIAGONAL_BLOCK_THREADS"": 64, ""SAD_DIAGONAL_LOOKUP_BITS"": 8, ""SAD_DIAGONAL_WARP_ATOMIC"": 0, ""SAD_FORWARD_BLOCK_THREADS"": 128, ""SAD_FORWARD_REGISTER_BITS"": 2, ""SAD_LEGACY_BLOCK_REDUCTION"": 1, ""SAD_MAILBOX_CHUNKS"": 1, ""SAD_ORDINARY_BLOCK_THREADS"": 64, ""SAD_QAOA_BD_FUSION"": 1, ""SAD_REGISTER_BITS"": 2, ""SAD_ROTATION_WARP_ATOMIC"": 0, ""SAD_SHARED_DIAGONAL_BLOCK_THREADS"": 128}",,,10,3,11.8571685,12.0154596,2.9165887,0.1362128,8.9626581,ok,
2026-08-23T11:59:43.427686+00:00,ordinary_threads:22:d95323f0a3971830,ordinary_threads,mera,22,5,"{""backward_register_bits"": 2, ""backward_threads"": 64, ""diagonal_threads"": 64, ""diagonal_warp_atomic"": 0, ""forward_register_bits"": 2, ""forward_threads"": 128, ""legacy_reduction"": 1, ""lookup_bits"": 8, ""mailbox_chunks"": 1, ""ordinary_threads"": 128, ""rotation_warp_atomic"": 0, ""shared_diagonal_threads"": 128}","{""SAD_BLOCK_THREADS"": 64, ""SAD_DIAGONAL_BLOCK_THREADS"": 64, ""SAD_DIAGONAL_LOOKUP_BITS"": 8, ""SAD_DIAGONAL_WARP_ATOMIC"": 0, ""SAD_FORWARD_BLOCK_THREADS"": 128, ""SAD_FORWARD_REGISTER_BITS"": 2, ""SAD_LEGACY_BLOCK_REDUCTION"": 1, ""SAD_MAILBOX_CHUNKS"": 1, ""SAD_ORDINARY_BLOCK_THREADS"": 128, ""SAD_QAOA_BD_FUSION"": 1, ""SAD_REGISTER_BITS"": 2, ""SAD_ROTATION_WARP_ATOMIC"": 0, ""SAD_SHARED_DIAGONAL_BLOCK_THREADS"": 128}",,,10,3,11.998963,12.0177599,2.8683872999999998,0.1602288,8.9891438,ok,
2026-08-23T11:59:43.608439+00:00,reduction:22:4d1bc62f4ee3569f,reduction,mera,22,5,"{""backward_register_bits"": 2, ""backward_threads"": 64, ""diagonal_threads"": 64, ""diagonal_warp_atomic"": 0, ""forward_register_bits"": 2, ""forward_threads"": 128, ""legacy_reduction"": 1, ""lookup_bits"": 8, ""mailbox_chunks"": 1, ""ordinary_threads"": 64, ""rotation_warp_atomic"": 0, ""shared_diagonal_threads"": 128}","{""SAD_BLOCK_THREADS"": 64, ""SAD_DIAGONAL_BLOCK_THREADS"": 64, ""SAD_DIAGONAL_LOOKUP_BITS"": 8, ""SAD_DIAGONAL_WARP_ATOMIC"": 0, ""SAD_FORWARD_BLOCK_THREADS"": 128, ""SAD_FORWARD_REGISTER_BITS"": 2, ""SAD_LEGACY_BLOCK_REDUCTION"": 1, ""SAD_MAILBOX_CHUNKS"": 1, ""SAD_ORDINARY_BLOCK_THREADS"": 64, ""SAD_QAOA_BD_FUSION"": 1, ""SAD_REGISTER_BITS"": 2, ""SAD_ROTATION_WARP_ATOMIC"": 0, ""SAD_SHARED_DIAGONAL_BLOCK_THREADS"": 128}",,,10,3,11.828041500000001,11.9911743,2.9138349,0.1368004,8.940539000000001,ok,
2026-08-23T12:00:01.638946+00:00,reduction:22:0fd9093ecd338b23,reduction,mera,22,5,"{""backward_register_bits"": 2, ""backward_threads"": 64, ""diagonal_threads"": 64, ""diagonal_warp_atomic"": 0, ""forward_register_bits"": 2, ""forward_threads"": 128, ""legacy_reduction"": 0, ""lookup_bits"": 8, ""mailbox_chunks"": 1, ""ordinary_threads"": 64, ""rotation_warp_atomic"": 0, ""shared_diagonal_threads"": 128}","{""SAD_BLOCK_THREADS"": 64, ""SAD_DIAGONAL_BLOCK_THREADS"": 64, ""SAD_DIAGONAL_LOOKUP_BITS"": 8, ""SAD_DIAGONAL_WARP_ATOMIC"": 0, ""SAD_FORWARD_BLOCK_THREADS"": 128, ""SAD_FORWARD_REGISTER_BITS"": 2, ""SAD_LEGACY_BLOCK_REDUCTION"": 0, ""SAD_MAILBOX_CHUNKS"": 1, ""SAD_ORDINARY_BLOCK_THREADS"": 64, ""SAD_QAOA_BD_FUSION"": 1, ""SAD_REGISTER_BITS"": 2, ""SAD_ROTATION_WARP_ATOMIC"": 0, ""SAD_SHARED_DIAGONAL_BLOCK_THREADS"": 128}",,,10,3,13.3088995,13.2313957,3.1039108,0.1587901,9.9686948,ok,
2026-08-23T12:00:18.454639+00:00,reduction:22:9939dd5556a9641e,reduction,mera,22,5,"{""backward_register_bits"": 2, ""backward_threads"": 64, ""diagonal_threads"": 64, ""diagonal_warp_atomic"": 0, ""forward_register_bits"": 2, ""forward_threads"": 128, ""legacy_reduction"": 0, ""lookup_bits"": 8, ""mailbox_chunks"": 1, ""ordinary_threads"": 64, ""rotation_warp_atomic"": 1, ""shared_diagonal_threads"": 128}","{""SAD_BLOCK_THREADS"": 64, ""SAD_DIAGONAL_BLOCK_THREADS"": 64, ""SAD_DIAGONAL_LOOKUP_BITS"": 8, ""SAD_DIAGONAL_WARP_ATOMIC"": 0, ""SAD_FORWARD_BLOCK_THREADS"": 128, ""SAD_FORWARD_REGISTER_BITS"": 2, ""SAD_LEGACY_BLOCK_REDUCTION"": 0, ""SAD_MAILBOX_CHUNKS"": 1, ""SAD_ORDINARY_BLOCK_THREADS"": 64, ""SAD_QAOA_BD_FUSION"": 1, ""SAD_REGISTER_BITS"": 2, ""SAD_ROTATION_WARP_ATOMIC"": 1, ""SAD_SHARED_DIAGONAL_BLOCK_THREADS"": 128}",,,10,3,12.779834000000001,12.8063362,3.054038,0.1618641,9.5904341,ok,
2026-08-23T12:00:19.252341+00:00,forward_shape:24:8a16d8c7a7f7c638,forward_shape,mera,24,5,"{""backward_register_bits"": 2, ""backward_threads"": 128, ""diagonal_threads"": 64, ""diagonal_warp_atomic"": 0, ""forward_register_bits"": 2, ""forward_threads"": 32, ""legacy_reduction"": 1, ""lookup_bits"": 8, ""mailbox_chunks"": 1, ""ordinary_threads"": 128, ""rotation_warp_atomic"": 0, ""shared_diagonal_threads"": 128}","{""SAD_BLOCK_THREADS"": 128, ""SAD_DIAGONAL_BLOCK_THREADS"": 64, ""SAD_DIAGONAL_LOOKUP_BITS"": 8, ""SAD_DIAGONAL_WARP_ATOMIC"": 0, ""SAD_FORWARD_BLOCK_THREADS"": 32, ""SAD_FORWARD_REGISTER_BITS"": 2, ""SAD_LEGACY_BLOCK_REDUCTION"": 1, ""SAD_MAILBOX_CHUNKS"": 1, ""SAD_ORDINARY_BLOCK_THREADS"": 128, ""SAD_QAOA_BD_FUSION"": 1, ""SAD_REGISTER_BITS"": 2, ""SAD_ROTATION_WARP_ATOMIC"": 0, ""SAD_SHARED_DIAGONAL_BLOCK_THREADS"": 128}",,,10,3,59.314158500000005,59.30117980000001,18.9626622,0.6658935,39.6726241,ok,
2026-08-23T12:00:20.006797+00:00,forward_shape:24:0f3947c579500bd8,forward_shape,mera,24,5,"{""backward_register_bits"": 2, ""backward_threads"": 128, ""diagonal_threads"": 64, ""diagonal_warp_atomic"": 0, ""forward_register_bits"": 3, ""forward_threads"": 32, ""legacy_reduction"": 1, ""lookup_bits"": 8, ""mailbox_chunks"": 1, ""ordinary_threads"": 128, ""rotation_warp_atomic"": 0, ""shared_diagonal_threads"": 128}","{""SAD_BLOCK_THREADS"": 128, ""SAD_DIAGONAL_BLOCK_THREADS"": 64, ""SAD_DIAGONAL_LOOKUP_BITS"": 8, ""SAD_DIAGONAL_WARP_ATOMIC"": 0, ""SAD_FORWARD_BLOCK_THREADS"": 32, ""SAD_FORWARD_REGISTER_BITS"": 3, ""SAD_LEGACY_BLOCK_REDUCTION"": 1, ""SAD_MAILBOX_CHUNKS"": 1, ""SAD_ORDINARY_BLOCK_THREADS"": 128, ""SAD_QAOA_BD_FUSION"": 1, ""SAD_REGISTER_BITS"": 2, ""SAD_ROTATION_WARP_ATOMIC"": 0, ""SAD_SHARED_DIAGONAL_BLOCK_THREADS"": 128}",,,10,3,56.0292945,56.01989240000001,15.737616500000003,0.6220212,39.660254699999996,ok,
2026-08-23T12:00:20.767860+00:00,forward_shape:24:7a85eb6c0db2d24d,forward_shape,mera,24,5,"{""backward_register_bits"": 2, ""backward_threads"": 128, ""diagonal_threads"": 64, ""diagonal_warp_atomic"": 0, ""forward_register_bits"": 4, ""forward_threads"": 32, ""legacy_reduction"": 1, ""lookup_bits"": 8, ""mailbox_chunks"": 1, ""ordinary_threads"": 128, ""rotation_warp_atomic"": 0, ""shared_diagonal_threads"": 128}","{""SAD_BLOCK_THREADS"": 128, ""SAD_DIAGONAL_BLOCK_THREADS"": 64, ""SAD_DIAGONAL_LOOKUP_BITS"": 8, ""SAD_DIAGONAL_WARP_ATOMIC"": 0, ""SAD_FORWARD_BLOCK_THREADS"": 32, ""SAD_FORWARD_REGISTER_BITS"": 4, ""SAD_LEGACY_BLOCK_REDUCTION"": 1, ""SAD_MAILBOX_CHUNKS"": 1, ""SAD_ORDINARY_BLOCK_THREADS"": 128, ""SAD_QAOA_BD_FUSION"": 1, ""SAD_REGISTER_BITS"": 2, ""SAD_ROTATION_WARP_ATOMIC"": 0, ""SAD_SHARED_DIAGONAL_BLOCK_THREADS"": 128}",,,10,3,56.60182,56.509994299999995,16.2000466,0.6509125,39.6590352,ok,
2026-08-23T12:00:21.530198+00:00,forward_shape:24:f6add30e28d3fbdd,forward_shape,mera,24,5,"{""backward_register_bits"": 2, ""backward_threads"": 128, ""diagonal_threads"": 64, ""diagonal_warp_atomic"": 0, ""forward_register_bits"": 2, ""forward_threads"": 64, ""legacy_reduction"": 1, ""lookup_bits"": 8, ""mailbox_chunks"": 1, ""ordinary_threads"": 128, ""rotation_warp_atomic"": 0, ""shared_diagonal_threads"": 128}","{""SAD_BLOCK_THREADS"": 128, ""SAD_DIAGONAL_BLOCK_THREADS"": 64, ""SAD_DIAGONAL_LOOKUP_BITS"": 8, ""SAD_DIAGONAL_WARP_ATOMIC"": 0, ""SAD_FORWARD_BLOCK_THREADS"": 64, ""SAD_FORWARD_REGISTER_BITS"": 2, ""SAD_LEGACY_BLOCK_REDUCTION"": 1, ""SAD_MAILBOX_CHUNKS"": 1, ""SAD_ORDINARY_BLOCK_THREADS"": 128, ""SAD_QAOA_BD_FUSION"": 1, ""SAD_REGISTER_BITS"": 2, ""SAD_ROTATION_WARP_ATOMIC"": 0, ""SAD_SHARED_DIAGONAL_BLOCK_THREADS"": 128}",,,10,3,56.676346,56.6507961,16.3130971,0.6184979,39.71920110000001,ok,
2026-08-23T12:00:22.288281+00:00,forward_shape:24:a21cd46ce208e92d,forward_shape,mera,24,5,"{""backward_register_bits"": 2, ""backward_threads"": 128, ""diagonal_threads"": 64, ""diagonal_warp_atomic"": 0, ""forward_register_bits"": 3, ""forward_threads"": 64, ""legacy_reduction"": 1, ""lookup_bits"": 8, ""mailbox_chunks"": 1, ""ordinary_threads"": 128, ""rotation_warp_atomic"": 0, ""shared_diagonal_threads"": 128}","{""SAD_BLOCK_THREADS"": 128, ""SAD_DIAGONAL_BLOCK_THREADS"": 64, ""SAD_DIAGONAL_LOOKUP_BITS"": 8, ""SAD_DIAGONAL_WARP_ATOMIC"": 0, ""SAD_FORWARD_BLOCK_THREADS"": 64, ""SAD_FORWARD_REGISTER_BITS"": 3, ""SAD_LEGACY_BLOCK_REDUCTION"": 1, ""SAD_MAILBOX_CHUNKS"": 1, ""SAD_ORDINARY_BLOCK_THREADS"": 128, ""SAD_QAOA_BD_FUSION"": 1, ""SAD_REGISTER_BITS"": 2, ""SAD_ROTATION_WARP_ATOMIC"": 0, ""SAD_SHARED_DIAGONAL_BLOCK_THREADS"": 128}",,,10,3,56.377447,56.3425532,15.983983400000001,0.6354147,39.72315510000001,ok,
2026-08-23T12:00:23.049559+00:00,forward_shape:24:9a21d87255f47f46,forward_shape,mera,24,5,"{""backward_register_bits"": 2, ""backward_threads"": 128, ""diagonal_threads"": 64, ""diagonal_warp_atomic"": 0, ""forward_register_bits"": 4, ""forward_threads"": 64, ""legacy_reduction"": 1, ""lookup_bits"": 8, ""mailbox_chunks"": 1, ""ordinary_threads"": 128, ""rotation_warp_atomic"": 0, ""shared_diagonal_threads"": 128}","{""SAD_BLOCK_THREADS"": 128, ""SAD_DIAGONAL_BLOCK_THREADS"": 64, ""SAD_DIAGONAL_LOOKUP_BITS"": 8, ""SAD_DIAGONAL_WARP_ATOMIC"": 0, ""SAD_FORWARD_BLOCK_THREADS"": 64, ""SAD_FORWARD_REGISTER_BITS"": 4, ""SAD_LEGACY_BLOCK_REDUCTION"": 1, ""SAD_MAILBOX_CHUNKS"": 1, ""SAD_ORDINARY_BLOCK_THREADS"": 128, ""SAD_QAOA_BD_FUSION"": 1, ""SAD_REGISTER_BITS"": 2, ""SAD_ROTATION_WARP_ATOMIC"": 0, ""SAD_SHARED_DIAGONAL_BLOCK_THREADS"": 128}",,,10,3,56.60206049999999,56.557296,16.1711818,0.6632990999999999,39.7228151,ok,
2026-08-23T12:00:23.812014+00:00,forward_shape:24:51de5d3fbcc6bdb2,forward_shape,mera,24,5,"{""backward_register_bits"": 2, ""backward_threads"": 128, ""diagonal_threads"": 64, ""diagonal_warp_atomic"": 0, ""forward_register_bits"": 2, ""forward_threads"": 128, ""legacy_reduction"": 1, ""lookup_bits"": 8, ""mailbox_chunks"": 1, ""ordinary_threads"": 128, ""rotation_warp_atomic"": 0, ""shared_diagonal_threads"": 128}","{""SAD_BLOCK_THREADS"": 128, ""SAD_DIAGONAL_BLOCK_THREADS"": 64, ""SAD_DIAGONAL_LOOKUP_BITS"": 8, ""SAD_DIAGONAL_WARP_ATOMIC"": 0, ""SAD_FORWARD_BLOCK_THREADS"": 128, ""SAD_FORWARD_REGISTER_BITS"": 2, ""SAD_LEGACY_BLOCK_REDUCTION"": 1, ""SAD_MAILBOX_CHUNKS"": 1, ""SAD_ORDINARY_BLOCK_THREADS"": 128, ""SAD_QAOA_BD_FUSION"": 1, ""SAD_REGISTER_BITS"": 2, ""SAD_ROTATION_WARP_ATOMIC"": 0, ""SAD_SHARED_DIAGONAL_BLOCK_THREADS"": 128}",,,10,3,56.663250999999995,56.645685300000004,16.3164911,0.64636,39.6828342,ok,
2026-08-23T12:00:24.575495+00:00,forward_shape:24:44686b3e43623901,forward_shape,mera,24,5,"{""backward_register_bits"": 2, ""backward_threads"": 128, ""diagonal_threads"": 64, ""diagonal_warp_atomic"": 0, ""forward_register_bits"": 3, ""forward_threads"": 128, ""legacy_reduction"": 1, ""lookup_bits"": 8, ""mailbox_chunks"": 1, ""ordinary_threads"": 128, ""rotation_warp_atomic"": 0, ""shared_diagonal_threads"": 128}","{""SAD_BLOCK_THREADS"": 128, ""SAD_DIAGONAL_BLOCK_THREADS"": 64, ""SAD_DIAGONAL_LOOKUP_BITS"": 8, ""SAD_DIAGONAL_WARP_ATOMIC"": 0, ""SAD_FORWARD_BLOCK_THREADS"": 128, ""SAD_FORWARD_REGISTER_BITS"": 3, ""SAD_LEGACY_BLOCK_REDUCTION"": 1, ""SAD_MAILBOX_CHUNKS"": 1, ""SAD_ORDINARY_BLOCK_THREADS"": 128, ""SAD_QAOA_BD_FUSION"": 1, ""SAD_REGISTER_BITS"": 2, ""SAD_ROTATION_WARP_ATOMIC"": 0, ""SAD_SHARED_DIAGONAL_BLOCK_THREADS"": 128}",,,10,3,56.716353,56.750778999999994,16.428719299999997,0.6810097,39.64105,ok,
2026-08-23T12:00:25.348734+00:00,forward_shape:24:f772396c51059874,forward_shape,mera,24,5,"{""backward_register_bits"": 2, ""backward_threads"": 128, ""diagonal_threads"": 64, ""diagonal_warp_atomic"": 0, ""forward_register_bits"": 4, ""forward_threads"": 128, ""legacy_reduction"": 1, ""lookup_bits"": 8, ""mailbox_chunks"": 1, ""ordinary_threads"": 128, ""rotation_warp_atomic"": 0, ""shared_diagonal_threads"": 128}","{""SAD_BLOCK_THREADS"": 128, ""SAD_DIAGONAL_BLOCK_THREADS"": 64, ""SAD_DIAGONAL_LOOKUP_BITS"": 8, ""SAD_DIAGONAL_WARP_ATOMIC"": 0, ""SAD_FORWARD_BLOCK_THREADS"": 128, ""SAD_FORWARD_REGISTER_BITS"": 4, ""SAD_LEGACY_BLOCK_REDUCTION"": 1, ""SAD_MAILBOX_CHUNKS"": 1, ""SAD_ORDINARY_BLOCK_THREADS"": 128, ""SAD_QAOA_BD_FUSION"": 1, ""SAD_REGISTER_BITS"": 2, ""SAD_ROTATION_WARP_ATOMIC"": 0, ""SAD_SHARED_DIAGONAL_BLOCK_THREADS"": 128}",,,10,3,57.415463,57.4485123,17.097442,0.6733845,39.6776858,ok,
2026-08-23T12:00:26.099102+00:00,forward_shape:24:2e69853701055824,forward_shape,mera,24,5,"{""backward_register_bits"": 2, ""backward_threads"": 128, ""diagonal_threads"": 64, ""diagonal_warp_atomic"": 0, ""forward_register_bits"": 2, ""forward_threads"": 256, ""legacy_reduction"": 1, ""lookup_bits"": 8, ""mailbox_chunks"": 1, ""ordinary_threads"": 128, ""rotation_warp_atomic"": 0, ""shared_diagonal_threads"": 128}","{""SAD_BLOCK_THREADS"": 128, ""SAD_DIAGONAL_BLOCK_THREADS"": 64, ""SAD_DIAGONAL_LOOKUP_BITS"": 8, ""SAD_DIAGONAL_WARP_ATOMIC"": 0, ""SAD_FORWARD_BLOCK_THREADS"": 256, ""SAD_FORWARD_REGISTER_BITS"": 2, ""SAD_LEGACY_BLOCK_REDUCTION"": 1, ""SAD_MAILBOX_CHUNKS"": 1, ""SAD_ORDINARY_BLOCK_THREADS"": 128, ""SAD_QAOA_BD_FUSION"": 1, ""SAD_REGISTER_BITS"": 2, ""SAD_ROTATION_WARP_ATOMIC"": 0, ""SAD_SHARED_DIAGONAL_BLOCK_THREADS"": 128}",,,10,3,55.766574999999996,55.6891455,15.4536754,0.6297946999999999,39.605675399999996,ok,
2026-08-23T12:00:26.882814+00:00,forward_shape:24:a43efcaafe2b9944,forward_shape,mera,24,5,"{""backward_register_bits"": 2, ""backward_threads"": 128, ""diagonal_threads"": 64, ""diagonal_warp_atomic"": 0, ""forward_register_bits"": 3, ""forward_threads"": 256, ""legacy_reduction"": 1, ""lookup_bits"": 8, ""mailbox_chunks"": 1, ""ordinary_threads"": 128, ""rotation_warp_atomic"": 0, ""shared_diagonal_threads"": 128}","{""SAD_BLOCK_THREADS"": 128, ""SAD_DIAGONAL_BLOCK_THREADS"": 64, ""SAD_DIAGONAL_LOOKUP_BITS"": 8, ""SAD_DIAGONAL_WARP_ATOMIC"": 0, ""SAD_FORWARD_BLOCK_THREADS"": 256, ""SAD_FORWARD_REGISTER_BITS"": 3, ""SAD_LEGACY_BLOCK_REDUCTION"": 1, ""SAD_MAILBOX_CHUNKS"": 1, ""SAD_ORDINARY_BLOCK_THREADS"": 128, ""SAD_QAOA_BD_FUSION"": 1, ""SAD_REGISTER_BITS"": 2, ""SAD_ROTATION_WARP_ATOMIC"": 0, ""SAD_SHARED_DIAGONAL_BLOCK_THREADS"": 128}",,,10,3,58.263161499999995,58.2611251,17.8789852,0.6167494,39.765390499999995,ok,
2026-08-23T12:00:27.684546+00:00,forward_shape:24:fa97e72cff915edf,forward_shape,mera,24,5,"{""backward_register_bits"": 2, ""backward_threads"": 128, ""diagonal_threads"": 64, ""diagonal_warp_atomic"": 0, ""forward_register_bits"": 4, ""forward_threads"": 256, ""legacy_reduction"": 1, ""lookup_bits"": 8, ""mailbox_chunks"": 1, ""ordinary_threads"": 128, ""rotation_warp_atomic"": 0, ""shared_diagonal_threads"": 128}","{""SAD_BLOCK_THREADS"": 128, ""SAD_DIAGONAL_BLOCK_THREADS"": 64, ""SAD_DIAGONAL_LOOKUP_BITS"": 8, ""SAD_DIAGONAL_WARP_ATOMIC"": 0, ""SAD_FORWARD_BLOCK_THREADS"": 256, ""SAD_FORWARD_REGISTER_BITS"": 4, ""SAD_LEGACY_BLOCK_REDUCTION"": 1, ""SAD_MAILBOX_CHUNKS"": 1, ""SAD_ORDINARY_BLOCK_THREADS"": 128, ""SAD_QAOA_BD_FUSION"": 1, ""SAD_REGISTER_BITS"": 2, ""SAD_ROTATION_WARP_ATOMIC"": 0, ""SAD_SHARED_DIAGONAL_BLOCK_THREADS"": 128}",,,10,3,59.686672,59.659092099999995,19.2870719,0.6900866,39.6819336,ok,
2026-08-23T12:00:44.245120+00:00,backward_shape:24:f5dbbe5135c8f093,backward_shape,mera,24,5,"{""backward_register_bits"": 2, ""backward_threads"": 32, ""diagonal_threads"": 64, ""diagonal_warp_atomic"": 0, ""forward_register_bits"": 2, ""forward_threads"": 256, ""legacy_reduction"": 1, ""lookup_bits"": 8, ""mailbox_chunks"": 1, ""ordinary_threads"": 128, ""rotation_warp_atomic"": 0, ""shared_diagonal_threads"": 128}","{""SAD_BLOCK_THREADS"": 32, ""SAD_DIAGONAL_BLOCK_THREADS"": 64, ""SAD_DIAGONAL_LOOKUP_BITS"": 8, ""SAD_DIAGONAL_WARP_ATOMIC"": 0, ""SAD_FORWARD_BLOCK_THREADS"": 256, ""SAD_FORWARD_REGISTER_BITS"": 2, ""SAD_LEGACY_BLOCK_REDUCTION"": 1, ""SAD_MAILBOX_CHUNKS"": 1, ""SAD_ORDINARY_BLOCK_THREADS"": 128, ""SAD_QAOA_BD_FUSION"": 1, ""SAD_REGISTER_BITS"": 2, ""SAD_ROTATION_WARP_ATOMIC"": 0, ""SAD_SHARED_DIAGONAL_BLOCK_THREADS"": 128}",,,10,3,58.4955525,58.46667169999999,15.4584079,0.6385465,42.3697173,ok,
2026-08-23T12:01:07.032008+00:00,backward_shape:24:639bac04ccc63c11,backward_shape,mera,24,5,"{""backward_register_bits"": 3, ""backward_threads"": 32, ""diagonal_threads"": 64, ""diagonal_warp_atomic"": 0, ""forward_register_bits"": 2, ""forward_threads"": 256, ""legacy_reduction"": 1, ""lookup_bits"": 8, ""mailbox_chunks"": 1, ""ordinary_threads"": 128, ""rotation_warp_atomic"": 0, ""shared_diagonal_threads"": 128}","{""SAD_BLOCK_THREADS"": 32, ""SAD_DIAGONAL_BLOCK_THREADS"": 64, ""SAD_DIAGONAL_LOOKUP_BITS"": 8, ""SAD_DIAGONAL_WARP_ATOMIC"": 0, ""SAD_FORWARD_BLOCK_THREADS"": 256, ""SAD_FORWARD_REGISTER_BITS"": 2, ""SAD_LEGACY_BLOCK_REDUCTION"": 1, ""SAD_MAILBOX_CHUNKS"": 1, ""SAD_ORDINARY_BLOCK_THREADS"": 128, ""SAD_QAOA_BD_FUSION"": 1, ""SAD_REGISTER_BITS"": 3, ""SAD_ROTATION_WARP_ATOMIC"": 0, ""SAD_SHARED_DIAGONAL_BLOCK_THREADS"": 128}",,,10,3,54.5086695,54.4889853,15.428776299999999,0.6506908,38.4095182,ok,
2026-08-23T12:01:54.574779+00:00,backward_shape:24:1deaf36d81670861,backward_shape,mera,24,5,"{""backward_register_bits"": 4, ""backward_threads"": 32, ""diagonal_threads"": 64, ""diagonal_warp_atomic"": 0, ""forward_register_bits"": 2, ""forward_threads"": 256, ""legacy_reduction"": 1, ""lookup_bits"": 8, ""mailbox_chunks"": 1, ""ordinary_threads"": 128, ""rotation_warp_atomic"": 0, ""shared_diagonal_threads"": 128}","{""SAD_BLOCK_THREADS"": 32, ""SAD_DIAGONAL_BLOCK_THREADS"": 64, ""SAD_DIAGONAL_LOOKUP_BITS"": 8, ""SAD_DIAGONAL_WARP_ATOMIC"": 0, ""SAD_FORWARD_BLOCK_THREADS"": 256, ""SAD_FORWARD_REGISTER_BITS"": 2, ""SAD_LEGACY_BLOCK_REDUCTION"": 1, ""SAD_MAILBOX_CHUNKS"": 1, ""SAD_ORDINARY_BLOCK_THREADS"": 128, ""SAD_QAOA_BD_FUSION"": 1, ""SAD_REGISTER_BITS"": 4, ""SAD_ROTATION_WARP_ATOMIC"": 0, ""SAD_SHARED_DIAGONAL_BLOCK_THREADS"": 128}",,,10,3,56.45476,56.402485,15.499866,0.6200703,40.2825487,ok,
2026-08-23T12:02:12.103011+00:00,backward_shape:24:b95a652f777d7858,backward_shape,mera,24,5,"{""backward_register_bits"": 2, ""backward_threads"": 64, ""diagonal_threads"": 64, ""diagonal_warp_atomic"": 0, ""forward_register_bits"": 2, ""forward_threads"": 256, ""legacy_reduction"": 1, ""lookup_bits"": 8, ""mailbox_chunks"": 1, ""ordinary_threads"": 128, ""rotation_warp_atomic"": 0, ""shared_diagonal_threads"": 128}","{""SAD_BLOCK_THREADS"": 64, ""SAD_DIAGONAL_BLOCK_THREADS"": 64, ""SAD_DIAGONAL_LOOKUP_BITS"": 8, ""SAD_DIAGONAL_WARP_ATOMIC"": 0, ""SAD_FORWARD_BLOCK_THREADS"": 256, ""SAD_FORWARD_REGISTER_BITS"": 2, ""SAD_LEGACY_BLOCK_REDUCTION"": 1, ""SAD_MAILBOX_CHUNKS"": 1, ""SAD_ORDINARY_BLOCK_THREADS"": 128, ""SAD_QAOA_BD_FUSION"": 1, ""SAD_REGISTER_BITS"": 2, ""SAD_ROTATION_WARP_ATOMIC"": 0, ""SAD_SHARED_DIAGONAL_BLOCK_THREADS"": 128}",,,10,3,54.6757175,54.82082470000001,15.4461483,0.6331761,38.7415003,ok,
2026-08-23T12:02:37.148427+00:00,backward_shape:24:e5d0298c2f537211,backward_shape,mera,24,5,"{""backward_register_bits"": 3, ""backward_threads"": 64, ""diagonal_threads"": 64, ""diagonal_warp_atomic"": 0, ""forward_register_bits"": 2, ""forward_threads"": 256, ""legacy_reduction"": 1, ""lookup_bits"": 8, ""mailbox_chunks"": 1, ""ordinary_threads"": 128, ""rotation_warp_atomic"": 0, ""shared_diagonal_threads"": 128}","{""SAD_BLOCK_THREADS"": 64, ""SAD_DIAGONAL_BLOCK_THREADS"": 64, ""SAD_DIAGONAL_LOOKUP_BITS"": 8, ""SAD_DIAGONAL_WARP_ATOMIC"": 0, ""SAD_FORWARD_BLOCK_THREADS"": 256, ""SAD_FORWARD_REGISTER_BITS"": 2, ""SAD_LEGACY_BLOCK_REDUCTION"": 1, ""SAD_MAILBOX_CHUNKS"": 1, ""SAD_ORDINARY_BLOCK_THREADS"": 128, ""SAD_QAOA_BD_FUSION"": 1, ""SAD_REGISTER_BITS"": 3, ""SAD_ROTATION_WARP_ATOMIC"": 0, ""SAD_SHARED_DIAGONAL_BLOCK_THREADS"": 128}",,,10,3,53.943585500000005,53.8867551,15.421239,0.6161892,37.8493269,ok,
2026-08-23T12:03:33.259819+00:00,backward_shape:24:bf07920838431524,backward_shape,mera,24,5,"{""backward_register_bits"": 4, ""backward_threads"": 64, ""diagonal_threads"": 64, ""diagonal_warp_atomic"": 0, ""forward_register_bits"": 2, ""forward_threads"": 256, ""legacy_reduction"": 1, ""lookup_bits"": 8, ""mailbox_chunks"": 1, ""ordinary_threads"": 128, ""rotation_warp_atomic"": 0, ""shared_diagonal_threads"": 128}","{""SAD_BLOCK_THREADS"": 64, ""SAD_DIAGONAL_BLOCK_THREADS"": 64, ""SAD_DIAGONAL_LOOKUP_BITS"": 8, ""SAD_DIAGONAL_WARP_ATOMIC"": 0, ""SAD_FORWARD_BLOCK_THREADS"": 256, ""SAD_FORWARD_REGISTER_BITS"": 2, ""SAD_LEGACY_BLOCK_REDUCTION"": 1, ""SAD_MAILBOX_CHUNKS"": 1, ""SAD_ORDINARY_BLOCK_THREADS"": 128, ""SAD_QAOA_BD_FUSION"": 1, ""SAD_REGISTER_BITS"": 4, ""SAD_ROTATION_WARP_ATOMIC"": 0, ""SAD_SHARED_DIAGONAL_BLOCK_THREADS"": 128}",,,10,3,57.087793,57.425805100000005,15.506960300000001,0.6425953,41.2762495,ok,
2026-08-23T12:03:34.010981+00:00,backward_shape:24:067d2334cceee667,backward_shape,mera,24,5,"{""backward_register_bits"": 2, ""backward_threads"": 128, ""diagonal_threads"": 64, ""diagonal_warp_atomic"": 0, ""forward_register_bits"": 2, ""forward_threads"": 256, ""legacy_reduction"": 1, ""lookup_bits"": 8, ""mailbox_chunks"": 1, ""ordinary_threads"": 128, ""rotation_warp_atomic"": 0, ""shared_diagonal_threads"": 128}","{""SAD_BLOCK_THREADS"": 128, ""SAD_DIAGONAL_BLOCK_THREADS"": 64, ""SAD_DIAGONAL_LOOKUP_BITS"": 8, ""SAD_DIAGONAL_WARP_ATOMIC"": 0, ""SAD_FORWARD_BLOCK_THREADS"": 256, ""SAD_FORWARD_REGISTER_BITS"": 2, ""SAD_LEGACY_BLOCK_REDUCTION"": 1, ""SAD_MAILBOX_CHUNKS"": 1, ""SAD_ORDINARY_BLOCK_THREADS"": 128, ""SAD_QAOA_BD_FUSION"": 1, ""SAD_REGISTER_BITS"": 2, ""SAD_ROTATION_WARP_ATOMIC"": 0, ""SAD_SHARED_DIAGONAL_BLOCK_THREADS"": 128}",,,10,3,55.826691,55.77891999999999,15.447750700000002,0.6347794000000001,39.69638990000001,ok,
2026-08-23T12:04:01.867086+00:00,backward_shape:24:fa09f53dd42b5b0f,backward_shape,mera,24,5,"{""backward_register_bits"": 3, ""backward_threads"": 128, ""diagonal_threads"": 64, ""diagonal_warp_atomic"": 0, ""forward_register_bits"": 2, ""forward_threads"": 256, ""legacy_reduction"": 1, ""lookup_bits"": 8, ""mailbox_chunks"": 1, ""ordinary_threads"": 128, ""rotation_warp_atomic"": 0, ""shared_diagonal_threads"": 128}","{""SAD_BLOCK_THREADS"": 128, ""SAD_DIAGONAL_BLOCK_THREADS"": 64, ""SAD_DIAGONAL_LOOKUP_BITS"": 8, ""SAD_DIAGONAL_WARP_ATOMIC"": 0, ""SAD_FORWARD_BLOCK_THREADS"": 256, ""SAD_FORWARD_REGISTER_BITS"": 2, ""SAD_LEGACY_BLOCK_REDUCTION"": 1, ""SAD_MAILBOX_CHUNKS"": 1, ""SAD_ORDINARY_BLOCK_THREADS"": 128, ""SAD_QAOA_BD_FUSION"": 1, ""SAD_REGISTER_BITS"": 3, ""SAD_ROTATION_WARP_ATOMIC"": 0, ""SAD_SHARED_DIAGONAL_BLOCK_THREADS"": 128}",,,10,3,57.4965375,57.84374799999999,15.5380816,0.6542872,41.6513792,ok,
2026-08-23T12:05:08.409589+00:00,backward_shape:24:af69610a8319debe,backward_shape,mera,24,5,"{""backward_register_bits"": 4, ""backward_threads"": 128, ""diagonal_threads"": 64, ""diagonal_warp_atomic"": 0, ""forward_register_bits"": 2, ""forward_threads"": 256, ""legacy_reduction"": 1, ""lookup_bits"": 8, ""mailbox_chunks"": 1, ""ordinary_threads"": 128, ""rotation_warp_atomic"": 0, ""shared_diagonal_threads"": 128}","{""SAD_BLOCK_THREADS"": 128, ""SAD_DIAGONAL_BLOCK_THREADS"": 64, ""SAD_DIAGONAL_LOOKUP_BITS"": 8, ""SAD_DIAGONAL_WARP_ATOMIC"": 0, ""SAD_FORWARD_BLOCK_THREADS"": 256, ""SAD_FORWARD_REGISTER_BITS"": 2, ""SAD_LEGACY_BLOCK_REDUCTION"": 1, ""SAD_MAILBOX_CHUNKS"": 1, ""SAD_ORDINARY_BLOCK_THREADS"": 128, ""SAD_QAOA_BD_FUSION"": 1, ""SAD_REGISTER_BITS"": 4, ""SAD_ROTATION_WARP_ATOMIC"": 0, ""SAD_SHARED_DIAGONAL_BLOCK_THREADS"": 128}",,,10,3,61.1048505,61.1635831,15.3058328,0.6316200000000001,45.2261303,ok,
2026-08-23T12:05:27.631544+00:00,backward_shape:24:5acbf3d7fb31b164,backward_shape,mera,24,5,"{""backward_register_bits"": 2, ""backward_threads"": 256, ""diagonal_threads"": 64, ""diagonal_warp_atomic"": 0, ""forward_register_bits"": 2, ""forward_threads"": 256, ""legacy_reduction"": 1, ""lookup_bits"": 8, ""mailbox_chunks"": 1, ""ordinary_threads"": 128, ""rotation_warp_atomic"": 0, ""shared_diagonal_threads"": 128}","{""SAD_BLOCK_THREADS"": 256, ""SAD_DIAGONAL_BLOCK_THREADS"": 64, ""SAD_DIAGONAL_LOOKUP_BITS"": 8, ""SAD_DIAGONAL_WARP_ATOMIC"": 0, ""SAD_FORWARD_BLOCK_THREADS"": 256, ""SAD_FORWARD_REGISTER_BITS"": 2, ""SAD_LEGACY_BLOCK_REDUCTION"": 1, ""SAD_MAILBOX_CHUNKS"": 1, ""SAD_ORDINARY_BLOCK_THREADS"": 128, ""SAD_QAOA_BD_FUSION"": 1, ""SAD_REGISTER_BITS"": 2, ""SAD_ROTATION_WARP_ATOMIC"": 0, ""SAD_SHARED_DIAGONAL_BLOCK_THREADS"": 128}",,,10,3,58.201505,58.6026237,15.536251300000002,0.6350724999999999,42.4312999,ok,
2026-08-23T12:05:58.553759+00:00,backward_shape:24:9fef3a8637d478e3,backward_shape,mera,24,5,"{""backward_register_bits"": 3, ""backward_threads"": 256, ""diagonal_threads"": 64, ""diagonal_warp_atomic"": 0, ""forward_register_bits"": 2, ""forward_threads"": 256, ""legacy_reduction"": 1, ""lookup_bits"": 8, ""mailbox_chunks"": 1, ""ordinary_threads"": 128, ""rotation_warp_atomic"": 0, ""shared_diagonal_threads"": 128}","{""SAD_BLOCK_THREADS"": 256, ""SAD_DIAGONAL_BLOCK_THREADS"": 64, ""SAD_DIAGONAL_LOOKUP_BITS"": 8, ""SAD_DIAGONAL_WARP_ATOMIC"": 0, ""SAD_FORWARD_BLOCK_THREADS"": 256, ""SAD_FORWARD_REGISTER_BITS"": 2, ""SAD_LEGACY_BLOCK_REDUCTION"": 1, ""SAD_MAILBOX_CHUNKS"": 1, ""SAD_ORDINARY_BLOCK_THREADS"": 128, ""SAD_QAOA_BD_FUSION"": 1, ""SAD_REGISTER_BITS"": 3, ""SAD_ROTATION_WARP_ATOMIC"": 0, ""SAD_SHARED_DIAGONAL_BLOCK_THREADS"": 128}",,,10,3,65.30386150000001,65.3338466,15.490364000000001,0.6256263,49.2178563,ok,
2026-08-23T12:07:14.756233+00:00,backward_shape:24:f9b88921801a4c22,backward_shape,mera,24,5,"{""backward_register_bits"": 4, ""backward_threads"": 256, ""diagonal_threads"": 64, ""diagonal_warp_atomic"": 0, ""forward_register_bits"": 2, ""forward_threads"": 256, ""legacy_reduction"": 1, ""lookup_bits"": 8, ""mailbox_chunks"": 1, ""ordinary_threads"": 128, ""rotation_warp_atomic"": 0, ""shared_diagonal_threads"": 128}","{""SAD_BLOCK_THREADS"": 256, ""SAD_DIAGONAL_BLOCK_THREADS"": 64, ""SAD_DIAGONAL_LOOKUP_BITS"": 8, ""SAD_DIAGONAL_WARP_ATOMIC"": 0, ""SAD_FORWARD_BLOCK_THREADS"": 256, ""SAD_FORWARD_REGISTER_BITS"": 2, ""SAD_LEGACY_BLOCK_REDUCTION"": 1, ""SAD_MAILBOX_CHUNKS"": 1, ""SAD_ORDINARY_BLOCK_THREADS"": 128, ""SAD_QAOA_BD_FUSION"": 1, ""SAD_REGISTER_BITS"": 4, ""SAD_ROTATION_WARP_ATOMIC"": 0, ""SAD_SHARED_DIAGONAL_BLOCK_THREADS"": 128}",,,10,3,66.6516285,66.8197388,15.487526400000002,0.6171134,50.715099,ok,
2026-08-23T12:07:39.591397+00:00,ordinary_threads:24:324b057ea44975cc,ordinary_threads,mera,24,5,"{""backward_register_bits"": 3, ""backward_threads"": 64, ""diagonal_threads"": 64, ""diagonal_warp_atomic"": 0, ""forward_register_bits"": 2, ""forward_threads"": 256, ""legacy_reduction"": 1, ""lookup_bits"": 8, ""mailbox_chunks"": 1, ""ordinary_threads"": 64, ""rotation_warp_atomic"": 0, ""shared_diagonal_threads"": 128}","{""SAD_BLOCK_THREADS"": 64, ""SAD_DIAGONAL_BLOCK_THREADS"": 64, ""SAD_DIAGONAL_LOOKUP_BITS"": 8, ""SAD_DIAGONAL_WARP_ATOMIC"": 0, ""SAD_FORWARD_BLOCK_THREADS"": 256, ""SAD_FORWARD_REGISTER_BITS"": 2, ""SAD_LEGACY_BLOCK_REDUCTION"": 1, ""SAD_MAILBOX_CHUNKS"": 1, ""SAD_ORDINARY_BLOCK_THREADS"": 64, ""SAD_QAOA_BD_FUSION"": 1, ""SAD_REGISTER_BITS"": 3, ""SAD_ROTATION_WARP_ATOMIC"": 0, ""SAD_SHARED_DIAGONAL_BLOCK_THREADS"": 128}",,,10,3,53.77217050000001,54.041054200000005,15.5379297,0.6276476000000001,37.875476899999995,ok,
2026-08-23T12:07:40.318956+00:00,ordinary_threads:24:1b73e4b41d022131,ordinary_threads,mera,24,5,"{""backward_register_bits"": 3, ""backward_threads"": 64, ""diagonal_threads"": 64, ""diagonal_warp_atomic"": 0, ""forward_register_bits"": 2, ""forward_threads"": 256, ""legacy_reduction"": 1, ""lookup_bits"": 8, ""mailbox_chunks"": 1, ""ordinary_threads"": 128, ""rotation_warp_atomic"": 0, ""shared_diagonal_threads"": 128}","{""SAD_BLOCK_THREADS"": 64, ""SAD_DIAGONAL_BLOCK_THREADS"": 64, ""SAD_DIAGONAL_LOOKUP_BITS"": 8, ""SAD_DIAGONAL_WARP_ATOMIC"": 0, ""SAD_FORWARD_BLOCK_THREADS"": 256, ""SAD_FORWARD_REGISTER_BITS"": 2, ""SAD_LEGACY_BLOCK_REDUCTION"": 1, ""SAD_MAILBOX_CHUNKS"": 1, ""SAD_ORDINARY_BLOCK_THREADS"": 128, ""SAD_QAOA_BD_FUSION"": 1, ""SAD_REGISTER_BITS"": 3, ""SAD_ROTATION_WARP_ATOMIC"": 0, ""SAD_SHARED_DIAGONAL_BLOCK_THREADS"": 128}",,,10,3,53.9278355,53.906313100000006,15.4376356,0.6218928,37.84678469999999,ok,
2026-08-23T12:07:41.046644+00:00,reduction:24:3b75e8892e0c40fc,reduction,mera,24,5,"{""backward_register_bits"": 3, ""backward_threads"": 64, ""diagonal_threads"": 64, ""diagonal_warp_atomic"": 0, ""forward_register_bits"": 2, ""forward_threads"": 256, ""legacy_reduction"": 1, ""lookup_bits"": 8, ""mailbox_chunks"": 1, ""ordinary_threads"": 128, ""rotation_warp_atomic"": 0, ""shared_diagonal_threads"": 128}","{""SAD_BLOCK_THREADS"": 64, ""SAD_DIAGONAL_BLOCK_THREADS"": 64, ""SAD_DIAGONAL_LOOKUP_BITS"": 8, ""SAD_DIAGONAL_WARP_ATOMIC"": 0, ""SAD_FORWARD_BLOCK_THREADS"": 256, ""SAD_FORWARD_REGISTER_BITS"": 2, ""SAD_LEGACY_BLOCK_REDUCTION"": 1, ""SAD_MAILBOX_CHUNKS"": 1, ""SAD_ORDINARY_BLOCK_THREADS"": 128, ""SAD_QAOA_BD_FUSION"": 1, ""SAD_REGISTER_BITS"": 3, ""SAD_ROTATION_WARP_ATOMIC"": 0, ""SAD_SHARED_DIAGONAL_BLOCK_THREADS"": 128}",,,10,3,53.8725335,53.9007187,15.513701,0.6270330000000001,37.7599847,ok,
2026-08-23T12:08:08.245857+00:00,reduction:24:4b1f385cff651486,reduction,mera,24,5,"{""backward_register_bits"": 3, ""backward_threads"": 64, ""diagonal_threads"": 64, ""diagonal_warp_atomic"": 0, ""forward_register_bits"": 2, ""forward_threads"": 256, ""legacy_reduction"": 0, ""lookup_bits"": 8, ""mailbox_chunks"": 1, ""ordinary_threads"": 128, ""rotation_warp_atomic"": 0, ""shared_diagonal_threads"": 128}","{""SAD_BLOCK_THREADS"": 64, ""SAD_DIAGONAL_BLOCK_THREADS"": 64, ""SAD_DIAGONAL_LOOKUP_BITS"": 8, ""SAD_DIAGONAL_WARP_ATOMIC"": 0, ""SAD_FORWARD_BLOCK_THREADS"": 256, ""SAD_FORWARD_REGISTER_BITS"": 2, ""SAD_LEGACY_BLOCK_REDUCTION"": 0, ""SAD_MAILBOX_CHUNKS"": 1, ""SAD_ORDINARY_BLOCK_THREADS"": 128, ""SAD_QAOA_BD_FUSION"": 1, ""SAD_REGISTER_BITS"": 3, ""SAD_ROTATION_WARP_ATOMIC"": 0, ""SAD_SHARED_DIAGONAL_BLOCK_THREADS"": 128}",,,10,3,54.152562,54.1593028,15.412651699999998,0.6247791,38.121872,ok,
2026-08-23T12:08:33.629958+00:00,reduction:24:fb4a300223f7d80c,reduction,mera,24,5,"{""backward_register_bits"": 3, ""backward_threads"": 64, ""diagonal_threads"": 64, ""diagonal_warp_atomic"": 0, ""forward_register_bits"": 2, ""forward_threads"": 256, ""legacy_reduction"": 0, ""lookup_bits"": 8, ""mailbox_chunks"": 1, ""ordinary_threads"": 128, ""rotation_warp_atomic"": 1, ""shared_diagonal_threads"": 128}","{""SAD_BLOCK_THREADS"": 64, ""SAD_DIAGONAL_BLOCK_THREADS"": 64, ""SAD_DIAGONAL_LOOKUP_BITS"": 8, ""SAD_DIAGONAL_WARP_ATOMIC"": 0, ""SAD_FORWARD_BLOCK_THREADS"": 256, ""SAD_FORWARD_REGISTER_BITS"": 2, ""SAD_LEGACY_BLOCK_REDUCTION"": 0, ""SAD_MAILBOX_CHUNKS"": 1, ""SAD_ORDINARY_BLOCK_THREADS"": 128, ""SAD_QAOA_BD_FUSION"": 1, ""SAD_REGISTER_BITS"": 3, ""SAD_ROTATION_WARP_ATOMIC"": 1, ""SAD_SHARED_DIAGONAL_BLOCK_THREADS"": 128}",,,10,3,53.0786385,53.0635057,15.445879200000002,0.6232527999999999,36.9943737,ok,
2026-08-23T12:08:37.294152+00:00,forward_shape:26:2c29ce84fd682886,forward_shape,mera,26,5,"{""backward_register_bits"": 2, ""backward_threads"": 128, ""diagonal_threads"": 64, ""diagonal_warp_atomic"": 0, ""forward_register_bits"": 2, ""forward_threads"": 32, ""legacy_reduction"": 1, ""lookup_bits"": 8, ""mailbox_chunks"": 1, ""ordinary_threads"": 128, ""rotation_warp_atomic"": 0, ""shared_diagonal_threads"": 128}","{""SAD_BLOCK_THREADS"": 128, ""SAD_DIAGONAL_BLOCK_THREADS"": 64, ""SAD_DIAGONAL_LOOKUP_BITS"": 8, ""SAD_DIAGONAL_WARP_ATOMIC"": 0, ""SAD_FORWARD_BLOCK_THREADS"": 32, ""SAD_FORWARD_REGISTER_BITS"": 2, ""SAD_LEGACY_BLOCK_REDUCTION"": 1, ""SAD_MAILBOX_CHUNKS"": 1, ""SAD_ORDINARY_BLOCK_THREADS"": 128, ""SAD_QAOA_BD_FUSION"": 1, ""SAD_REGISTER_BITS"": 2, ""SAD_ROTATION_WARP_ATOMIC"": 0, ""SAD_SHARED_DIAGONAL_BLOCK_THREADS"": 128}",,,10,3,279.69875599999995,279.6586129,99.076519,2.5633842000000002,178.0187097,ok,
2026-08-23T12:08:40.766282+00:00,forward_shape:26:542596f8d55d5de5,forward_shape,mera,26,5,"{""backward_register_bits"": 2, ""backward_threads"": 128, ""diagonal_threads"": 64, ""diagonal_warp_atomic"": 0, ""forward_register_bits"": 3, ""forward_threads"": 32, ""legacy_reduction"": 1, ""lookup_bits"": 8, ""mailbox_chunks"": 1, ""ordinary_threads"": 128, ""rotation_warp_atomic"": 0, ""shared_diagonal_threads"": 128}","{""SAD_BLOCK_THREADS"": 128, ""SAD_DIAGONAL_BLOCK_THREADS"": 64, ""SAD_DIAGONAL_LOOKUP_BITS"": 8, ""SAD_DIAGONAL_WARP_ATOMIC"": 0, ""SAD_FORWARD_BLOCK_THREADS"": 32, ""SAD_FORWARD_REGISTER_BITS"": 3, ""SAD_LEGACY_BLOCK_REDUCTION"": 1, ""SAD_MAILBOX_CHUNKS"": 1, ""SAD_ORDINARY_BLOCK_THREADS"": 128, ""SAD_QAOA_BD_FUSION"": 1, ""SAD_REGISTER_BITS"": 2, ""SAD_ROTATION_WARP_ATOMIC"": 0, ""SAD_SHARED_DIAGONAL_BLOCK_THREADS"": 128}",,,10,3,264.058458,264.0441947,83.03330389999999,2.6489129,178.3619779,ok,
2026-08-23T12:08:44.128207+00:00,forward_shape:26:6ad1c62af126cacf,forward_shape,mera,26,5,"{""backward_register_bits"": 2, ""backward_threads"": 128, ""diagonal_threads"": 64, ""diagonal_warp_atomic"": 0, ""forward_register_bits"": 4, ""forward_threads"": 32, ""legacy_reduction"": 1, ""lookup_bits"": 8, ""mailbox_chunks"": 1, ""ordinary_threads"": 128, ""rotation_warp_atomic"": 0, ""shared_diagonal_threads"": 128}","{""SAD_BLOCK_THREADS"": 128, ""SAD_DIAGONAL_BLOCK_THREADS"": 64, ""SAD_DIAGONAL_LOOKUP_BITS"": 8, ""SAD_DIAGONAL_WARP_ATOMIC"": 0, ""SAD_FORWARD_BLOCK_THREADS"": 32, ""SAD_FORWARD_REGISTER_BITS"": 4, ""SAD_LEGACY_BLOCK_REDUCTION"": 1, ""SAD_MAILBOX_CHUNKS"": 1, ""SAD_ORDINARY_BLOCK_THREADS"": 128, ""SAD_QAOA_BD_FUSION"": 1, ""SAD_REGISTER_BITS"": 2, ""SAD_ROTATION_WARP_ATOMIC"": 0, ""SAD_SHARED_DIAGONAL_BLOCK_THREADS"": 128}",,,10,3,255.82349299999996,255.7504793,74.75679240000001,2.5715285000000003,178.4221584,ok,
2026-08-23T12:08:47.706796+00:00,forward_shape:26:47828b1e678f4076,forward_shape,mera,26,5,"{""backward_register_bits"": 2, ""backward_threads"": 128, ""diagonal_threads"": 64, ""diagonal_warp_atomic"": 0, ""forward_register_bits"": 2, ""forward_threads"": 64, ""legacy_reduction"": 1, ""lookup_bits"": 8, ""mailbox_chunks"": 1, ""ordinary_threads"": 128, ""rotation_warp_atomic"": 0, ""shared_diagonal_threads"": 128}","{""SAD_BLOCK_THREADS"": 128, ""SAD_DIAGONAL_BLOCK_THREADS"": 64, ""SAD_DIAGONAL_LOOKUP_BITS"": 8, ""SAD_DIAGONAL_WARP_ATOMIC"": 0, ""SAD_FORWARD_BLOCK_THREADS"": 64, ""SAD_FORWARD_REGISTER_BITS"": 2, ""SAD_LEGACY_BLOCK_REDUCTION"": 1, ""SAD_MAILBOX_CHUNKS"": 1, ""SAD_ORDINARY_BLOCK_THREADS"": 128, ""SAD_QAOA_BD_FUSION"": 1, ""SAD_REGISTER_BITS"": 2, ""SAD_ROTATION_WARP_ATOMIC"": 0, ""SAD_SHARED_DIAGONAL_BLOCK_THREADS"": 128}",,,10,3,272.076843,272.0625726,90.862141,2.5721396,178.62829200000002,ok,
2026-08-23T12:08:51.062649+00:00,forward_shape:26:fff6fb87ed0c5624,forward_shape,mera,26,5,"{""backward_register_bits"": 2, ""backward_threads"": 128, ""diagonal_threads"": 64, ""diagonal_warp_atomic"": 0, ""forward_register_bits"": 3, ""forward_threads"": 64, ""legacy_reduction"": 1, ""lookup_bits"": 8, ""mailbox_chunks"": 1, ""ordinary_threads"": 128, ""rotation_warp_atomic"": 0, ""shared_diagonal_threads"": 128}","{""SAD_BLOCK_THREADS"": 128, ""SAD_DIAGONAL_BLOCK_THREADS"": 64, ""SAD_DIAGONAL_LOOKUP_BITS"": 8, ""SAD_DIAGONAL_WARP_ATOMIC"": 0, ""SAD_FORWARD_BLOCK_THREADS"": 64, ""SAD_FORWARD_REGISTER_BITS"": 3, ""SAD_LEGACY_BLOCK_REDUCTION"": 1, ""SAD_MAILBOX_CHUNKS"": 1, ""SAD_ORDINARY_BLOCK_THREADS"": 128, ""SAD_QAOA_BD_FUSION"": 1, ""SAD_REGISTER_BITS"": 2, ""SAD_ROTATION_WARP_ATOMIC"": 0, ""SAD_SHARED_DIAGONAL_BLOCK_THREADS"": 128}",,,10,3,255.03904899999995,255.11343330000003,74.1616122,2.5644969,178.3873242,ok,
2026-08-23T12:08:54.437639+00:00,forward_shape:26:f6d56b6793571064,forward_shape,mera,26,5,"{""backward_register_bits"": 2, ""backward_threads"": 128, ""diagonal_threads"": 64, ""diagonal_warp_atomic"": 0, ""forward_register_bits"": 4, ""forward_threads"": 64, ""legacy_reduction"": 1, ""lookup_bits"": 8, ""mailbox_chunks"": 1, ""ordinary_threads"": 128, ""rotation_warp_atomic"": 0, ""shared_diagonal_threads"": 128}","{""SAD_BLOCK_THREADS"": 128, ""SAD_DIAGONAL_BLOCK_THREADS"": 64, ""SAD_DIAGONAL_LOOKUP_BITS"": 8, ""SAD_DIAGONAL_WARP_ATOMIC"": 0, ""SAD_FORWARD_BLOCK_THREADS"": 64, ""SAD_FORWARD_REGISTER_BITS"": 4, ""SAD_LEGACY_BLOCK_REDUCTION"": 1, ""SAD_MAILBOX_CHUNKS"": 1, ""SAD_ORDINARY_BLOCK_THREADS"": 128, ""SAD_QAOA_BD_FUSION"": 1, ""SAD_REGISTER_BITS"": 2, ""SAD_ROTATION_WARP_ATOMIC"": 0, ""SAD_SHARED_DIAGONAL_BLOCK_THREADS"": 128}",,,10,3,256.522529,256.5508566,75.5163797,2.5771815,178.4572954,ok,
2026-08-23T12:08:57.832693+00:00,forward_shape:26:3907e4d276dca099,forward_shape,mera,26,5,"{""backward_register_bits"": 2, ""backward_threads"": 128, ""diagonal_threads"": 64, ""diagonal_warp_atomic"": 0, ""forward_register_bits"": 2, ""forward_threads"": 128, ""legacy_reduction"": 1, ""lookup_bits"": 8, ""mailbox_chunks"": 1, ""ordinary_threads"": 128, ""rotation_warp_atomic"": 0, ""shared_diagonal_threads"": 128}","{""SAD_BLOCK_THREADS"": 128, ""SAD_DIAGONAL_BLOCK_THREADS"": 64, ""SAD_DIAGONAL_LOOKUP_BITS"": 8, ""SAD_DIAGONAL_WARP_ATOMIC"": 0, ""SAD_FORWARD_BLOCK_THREADS"": 128, ""SAD_FORWARD_REGISTER_BITS"": 2, ""SAD_LEGACY_BLOCK_REDUCTION"": 1, ""SAD_MAILBOX_CHUNKS"": 1, ""SAD_ORDINARY_BLOCK_THREADS"": 128, ""SAD_QAOA_BD_FUSION"": 1, ""SAD_REGISTER_BITS"": 2, ""SAD_ROTATION_WARP_ATOMIC"": 0, ""SAD_SHARED_DIAGONAL_BLOCK_THREADS"": 128}",,,10,3,258.143792,258.1046119,77.3159297,2.5823899999999997,178.2062922,ok,
2026-08-23T12:09:01.226365+00:00,forward_shape:26:7f164481a3f45b51,forward_shape,mera,26,5,"{""backward_register_bits"": 2, ""backward_threads"": 128, ""diagonal_threads"": 64, ""diagonal_warp_atomic"": 0, ""forward_register_bits"": 3, ""forward_threads"": 128, ""legacy_reduction"": 1, ""lookup_bits"": 8, ""mailbox_chunks"": 1, ""ordinary_threads"": 128, ""rotation_warp_atomic"": 0, ""shared_diagonal_threads"": 128}","{""SAD_BLOCK_THREADS"": 128, ""SAD_DIAGONAL_BLOCK_THREADS"": 64, ""SAD_DIAGONAL_LOOKUP_BITS"": 8, ""SAD_DIAGONAL_WARP_ATOMIC"": 0, ""SAD_FORWARD_BLOCK_THREADS"": 128, ""SAD_FORWARD_REGISTER_BITS"": 3, ""SAD_LEGACY_BLOCK_REDUCTION"": 1, ""SAD_MAILBOX_CHUNKS"": 1, ""SAD_ORDINARY_BLOCK_THREADS"": 128, ""SAD_QAOA_BD_FUSION"": 1, ""SAD_REGISTER_BITS"": 2, ""SAD_ROTATION_WARP_ATOMIC"": 0, ""SAD_SHARED_DIAGONAL_BLOCK_THREADS"": 128}",,,10,3,258.07939150000004,258.10374479999996,77.1359774,2.4312131999999997,178.5365542,ok,
2026-08-23T12:09:04.597392+00:00,forward_shape:26:2662f024f07027b6,forward_shape,mera,26,5,"{""backward_register_bits"": 2, ""backward_threads"": 128, ""diagonal_threads"": 64, ""diagonal_warp_atomic"": 0, ""forward_register_bits"": 4, ""forward_threads"": 128, ""legacy_reduction"": 1, ""lookup_bits"": 8, ""mailbox_chunks"": 1, ""ordinary_threads"": 128, ""rotation_warp_atomic"": 0, ""shared_diagonal_threads"": 128}","{""SAD_BLOCK_THREADS"": 128, ""SAD_DIAGONAL_BLOCK_THREADS"": 64, ""SAD_DIAGONAL_LOOKUP_BITS"": 8, ""SAD_DIAGONAL_WARP_ATOMIC"": 0, ""SAD_FORWARD_BLOCK_THREADS"": 128, ""SAD_FORWARD_REGISTER_BITS"": 4, ""SAD_LEGACY_BLOCK_REDUCTION"": 1, ""SAD_MAILBOX_CHUNKS"": 1, ""SAD_ORDINARY_BLOCK_THREADS"": 128, ""SAD_QAOA_BD_FUSION"": 1, ""SAD_REGISTER_BITS"": 2, ""SAD_ROTATION_WARP_ATOMIC"": 0, ""SAD_SHARED_DIAGONAL_BLOCK_THREADS"": 128}",,,10,3,256.346093,256.29017170000003,75.4780758,2.5975231,178.2145728,ok,
2026-08-23T12:09:07.918382+00:00,forward_shape:26:746b3974bbcb1bb7,forward_shape,mera,26,5,"{""backward_register_bits"": 2, ""backward_threads"": 128, ""diagonal_threads"": 64, ""diagonal_warp_atomic"": 0, ""forward_register_bits"": 2, ""forward_threads"": 256, ""legacy_reduction"": 1, ""lookup_bits"": 8, ""mailbox_chunks"": 1, ""ordinary_threads"": 128, ""rotation_warp_atomic"": 0, ""shared_diagonal_threads"": 128}","{""SAD_BLOCK_THREADS"": 128, ""SAD_DIAGONAL_BLOCK_THREADS"": 64, ""SAD_DIAGONAL_LOOKUP_BITS"": 8, ""SAD_DIAGONAL_WARP_ATOMIC"": 0, ""SAD_FORWARD_BLOCK_THREADS"": 256, ""SAD_FORWARD_REGISTER_BITS"": 2, ""SAD_LEGACY_BLOCK_REDUCTION"": 1, ""SAD_MAILBOX_CHUNKS"": 1, ""SAD_ORDINARY_BLOCK_THREADS"": 128, ""SAD_QAOA_BD_FUSION"": 1, ""SAD_REGISTER_BITS"": 2, ""SAD_ROTATION_WARP_ATOMIC"": 0, ""SAD_SHARED_DIAGONAL_BLOCK_THREADS"": 128}",,,10,3,252.39417450000002,252.47599710000003,71.223085,2.5629085,178.6900036,ok,
2026-08-23T12:09:11.357165+00:00,forward_shape:26:48833d2028bc50ba,forward_shape,mera,26,5,"{""backward_register_bits"": 2, ""backward_threads"": 128, ""diagonal_threads"": 64, ""diagonal_warp_atomic"": 0, ""forward_register_bits"": 3, ""forward_threads"": 256, ""legacy_reduction"": 1, ""lookup_bits"": 8, ""mailbox_chunks"": 1, ""ordinary_threads"": 128, ""rotation_warp_atomic"": 0, ""shared_diagonal_threads"": 128}","{""SAD_BLOCK_THREADS"": 128, ""SAD_DIAGONAL_BLOCK_THREADS"": 64, ""SAD_DIAGONAL_LOOKUP_BITS"": 8, ""SAD_DIAGONAL_WARP_ATOMIC"": 0, ""SAD_FORWARD_BLOCK_THREADS"": 256, ""SAD_FORWARD_REGISTER_BITS"": 3, ""SAD_LEGACY_BLOCK_REDUCTION"": 1, ""SAD_MAILBOX_CHUNKS"": 1, ""SAD_ORDINARY_BLOCK_THREADS"": 128, ""SAD_QAOA_BD_FUSION"": 1, ""SAD_REGISTER_BITS"": 2, ""SAD_ROTATION_WARP_ATOMIC"": 0, ""SAD_SHARED_DIAGONAL_BLOCK_THREADS"": 128}",,,10,3,261.4818765,261.5169293,80.1657702,2.5867133,178.7644458,ok,
2026-08-23T12:09:14.895343+00:00,forward_shape:26:651f6a18f8c269b7,forward_shape,mera,26,5,"{""backward_register_bits"": 2, ""backward_threads"": 128, ""diagonal_threads"": 64, ""diagonal_warp_atomic"": 0, ""forward_register_bits"": 4, ""forward_threads"": 256, ""legacy_reduction"": 1, ""lookup_bits"": 8, ""mailbox_chunks"": 1, ""ordinary_threads"": 128, ""rotation_warp_atomic"": 0, ""shared_diagonal_threads"": 128}","{""SAD_BLOCK_THREADS"": 128, ""SAD_DIAGONAL_BLOCK_THREADS"": 64, ""SAD_DIAGONAL_LOOKUP_BITS"": 8, ""SAD_DIAGONAL_WARP_ATOMIC"": 0, ""SAD_FORWARD_BLOCK_THREADS"": 256, ""SAD_FORWARD_REGISTER_BITS"": 4, ""SAD_LEGACY_BLOCK_REDUCTION"": 1, ""SAD_MAILBOX_CHUNKS"": 1, ""SAD_ORDINARY_BLOCK_THREADS"": 128, ""SAD_QAOA_BD_FUSION"": 1, ""SAD_REGISTER_BITS"": 2, ""SAD_ROTATION_WARP_ATOMIC"": 0, ""SAD_SHARED_DIAGONAL_BLOCK_THREADS"": 128}",,,10,3,269.2130165,269.02412669999995,87.6982036,2.5749474,178.7509757,ok,
2026-08-23T12:09:18.612949+00:00,backward_shape:26:135eb7c24c0ff1ac,backward_shape,mera,26,5,"{""backward_register_bits"": 2, ""backward_threads"": 32, ""diagonal_threads"": 64, ""diagonal_warp_atomic"": 0, ""forward_register_bits"": 2, ""forward_threads"": 256, ""legacy_reduction"": 1, ""lookup_bits"": 8, ""mailbox_chunks"": 1, ""ordinary_threads"": 128, ""rotation_warp_atomic"": 0, ""shared_diagonal_threads"": 128}","{""SAD_BLOCK_THREADS"": 32, ""SAD_DIAGONAL_BLOCK_THREADS"": 64, ""SAD_DIAGONAL_LOOKUP_BITS"": 8, ""SAD_DIAGONAL_WARP_ATOMIC"": 0, ""SAD_FORWARD_BLOCK_THREADS"": 256, ""SAD_FORWARD_REGISTER_BITS"": 2, ""SAD_LEGACY_BLOCK_REDUCTION"": 1, ""SAD_MAILBOX_CHUNKS"": 1, ""SAD_ORDINARY_BLOCK_THREADS"": 128, ""SAD_QAOA_BD_FUSION"": 1, ""SAD_REGISTER_BITS"": 2, ""SAD_ROTATION_WARP_ATOMIC"": 0, ""SAD_SHARED_DIAGONAL_BLOCK_THREADS"": 128}",,,10,3,282.8636175,282.8901801,71.30700300000001,2.4930179,209.0901592,ok,
2026-08-23T12:09:22.008642+00:00,backward_shape:26:023ce47671bd6f28,backward_shape,mera,26,5,"{""backward_register_bits"": 3, ""backward_threads"": 32, ""diagonal_threads"": 64, ""diagonal_warp_atomic"": 0, ""forward_register_bits"": 2, ""forward_threads"": 256, ""legacy_reduction"": 1, ""lookup_bits"": 8, ""mailbox_chunks"": 1, ""ordinary_threads"": 128, ""rotation_warp_atomic"": 0, ""shared_diagonal_threads"": 128}","{""SAD_BLOCK_THREADS"": 32, ""SAD_DIAGONAL_BLOCK_THREADS"": 64, ""SAD_DIAGONAL_LOOKUP_BITS"": 8, ""SAD_DIAGONAL_WARP_ATOMIC"": 0, ""SAD_FORWARD_BLOCK_THREADS"": 256, ""SAD_FORWARD_REGISTER_BITS"": 2, ""SAD_LEGACY_BLOCK_REDUCTION"": 1, ""SAD_MAILBOX_CHUNKS"": 1, ""SAD_ORDINARY_BLOCK_THREADS"": 128, ""SAD_QAOA_BD_FUSION"": 1, ""SAD_REGISTER_BITS"": 3, ""SAD_ROTATION_WARP_ATOMIC"": 0, ""SAD_SHARED_DIAGONAL_BLOCK_THREADS"": 128}",,,10,3,258.279309,258.39932860000005,71.58840310000001,2.4124732,184.3984523,ok,
2026-08-23T12:09:25.337366+00:00,backward_shape:26:46ecdd1acf51de0d,backward_shape,mera,26,5,"{""backward_register_bits"": 4, ""backward_threads"": 32, ""diagonal_threads"": 64, ""diagonal_warp_atomic"": 0, ""forward_register_bits"": 2, ""forward_threads"": 256, ""legacy_reduction"": 1, ""lookup_bits"": 8, ""mailbox_chunks"": 1, ""ordinary_threads"": 128, ""rotation_warp_atomic"": 0, ""shared_diagonal_threads"": 128}","{""SAD_BLOCK_THREADS"": 32, ""SAD_DIAGONAL_BLOCK_THREADS"": 64, ""SAD_DIAGONAL_LOOKUP_BITS"": 8, ""SAD_DIAGONAL_WARP_ATOMIC"": 0, ""SAD_FORWARD_BLOCK_THREADS"": 256, ""SAD_FORWARD_REGISTER_BITS"": 2, ""SAD_LEGACY_BLOCK_REDUCTION"": 1, ""SAD_MAILBOX_CHUNKS"": 1, ""SAD_ORDINARY_BLOCK_THREADS"": 128, ""SAD_QAOA_BD_FUSION"": 1, ""SAD_REGISTER_BITS"": 4, ""SAD_ROTATION_WARP_ATOMIC"": 0, ""SAD_SHARED_DIAGONAL_BLOCK_THREADS"": 128}",,,10,3,252.87535350000002,252.8055019,71.1966603,2.5876352999999996,179.02120630000002,ok,
2026-08-23T12:09:28.957744+00:00,backward_shape:26:53d29c0c031db6bd,backward_shape,mera,26,5,"{""backward_register_bits"": 2, ""backward_threads"": 64, ""diagonal_threads"": 64, ""diagonal_warp_atomic"": 0, ""forward_register_bits"": 2, ""forward_threads"": 256, ""legacy_reduction"": 1, ""lookup_bits"": 8, ""mailbox_chunks"": 1, ""ordinary_threads"": 128, ""rotation_warp_atomic"": 0, ""shared_diagonal_threads"": 128}","{""SAD_BLOCK_THREADS"": 64, ""SAD_DIAGONAL_BLOCK_THREADS"": 64, ""SAD_DIAGONAL_LOOKUP_BITS"": 8, ""SAD_DIAGONAL_WARP_ATOMIC"": 0, ""SAD_FORWARD_BLOCK_THREADS"": 256, ""SAD_FORWARD_REGISTER_BITS"": 2, ""SAD_LEGACY_BLOCK_REDUCTION"": 1, ""SAD_MAILBOX_CHUNKS"": 1, ""SAD_ORDINARY_BLOCK_THREADS"": 128, ""SAD_QAOA_BD_FUSION"": 1, ""SAD_REGISTER_BITS"": 2, ""SAD_ROTATION_WARP_ATOMIC"": 0, ""SAD_SHARED_DIAGONAL_BLOCK_THREADS"": 128}",,,10,3,275.2228485,275.26490950000004,70.9876907,2.7875991,201.48961970000002,ok,
2026-08-23T12:09:32.149480+00:00,backward_shape:26:b3d4179cfb8d9c57,backward_shape,mera,26,5,"{""backward_register_bits"": 3, ""backward_threads"": 64, ""diagonal_threads"": 64, ""diagonal_warp_atomic"": 0, ""forward_register_bits"": 2, ""forward_threads"": 256, ""legacy_reduction"": 1, ""lookup_bits"": 8, ""mailbox_chunks"": 1, ""ordinary_threads"": 128, ""rotation_warp_atomic"": 0, ""shared_diagonal_threads"": 128}","{""SAD_BLOCK_THREADS"": 64, ""SAD_DIAGONAL_BLOCK_THREADS"": 64, ""SAD_DIAGONAL_LOOKUP_BITS"": 8, ""SAD_DIAGONAL_WARP_ATOMIC"": 0, ""SAD_FORWARD_BLOCK_THREADS"": 256, ""SAD_FORWARD_REGISTER_BITS"": 2, ""SAD_LEGACY_BLOCK_REDUCTION"": 1, ""SAD_MAILBOX_CHUNKS"": 1, ""SAD_ORDINARY_BLOCK_THREADS"": 128, ""SAD_QAOA_BD_FUSION"": 1, ""SAD_REGISTER_BITS"": 3, ""SAD_ROTATION_WARP_ATOMIC"": 0, ""SAD_SHARED_DIAGONAL_BLOCK_THREADS"": 128}",,,10,3,242.3291025,242.4816559,71.11998929999999,2.6022275,168.75943909999998,ok,
2026-08-23T12:09:35.532698+00:00,backward_shape:26:e5f8956ddddc0e71,backward_shape,mera,26,5,"{""backward_register_bits"": 4, ""backward_threads"": 64, ""diagonal_threads"": 64, ""diagonal_warp_atomic"": 0, ""forward_register_bits"": 2, ""forward_threads"": 256, ""legacy_reduction"": 1, ""lookup_bits"": 8, ""mailbox_chunks"": 1, ""ordinary_threads"": 128, ""rotation_warp_atomic"": 0, ""shared_diagonal_threads"": 128}","{""SAD_BLOCK_THREADS"": 64, ""SAD_DIAGONAL_BLOCK_THREADS"": 64, ""SAD_DIAGONAL_LOOKUP_BITS"": 8, ""SAD_DIAGONAL_WARP_ATOMIC"": 0, ""SAD_FORWARD_BLOCK_THREADS"": 256, ""SAD_FORWARD_REGISTER_BITS"": 2, ""SAD_LEGACY_BLOCK_REDUCTION"": 1, ""SAD_MAILBOX_CHUNKS"": 1, ""SAD_ORDINARY_BLOCK_THREADS"": 128, ""SAD_QAOA_BD_FUSION"": 1, ""SAD_REGISTER_BITS"": 4, ""SAD_ROTATION_WARP_ATOMIC"": 0, ""SAD_SHARED_DIAGONAL_BLOCK_THREADS"": 128}",,,10,3,256.94417050000004,257.0964863,71.31696849999999,2.5739448,183.20557300000002,ok,
2026-08-23T12:09:38.855363+00:00,backward_shape:26:f2eaa2466616156e,backward_shape,mera,26,5,"{""backward_register_bits"": 2, ""backward_threads"": 128, ""diagonal_threads"": 64, ""diagonal_warp_atomic"": 0, ""forward_register_bits"": 2, ""forward_threads"": 256, ""legacy_reduction"": 1, ""lookup_bits"": 8, ""mailbox_chunks"": 1, ""ordinary_threads"": 128, ""rotation_warp_atomic"": 0, ""shared_diagonal_threads"": 128}","{""SAD_BLOCK_THREADS"": 128, ""SAD_DIAGONAL_BLOCK_THREADS"": 64, ""SAD_DIAGONAL_LOOKUP_BITS"": 8, ""SAD_DIAGONAL_WARP_ATOMIC"": 0, ""SAD_FORWARD_BLOCK_THREADS"": 256, ""SAD_FORWARD_REGISTER_BITS"": 2, ""SAD_LEGACY_BLOCK_REDUCTION"": 1, ""SAD_MAILBOX_CHUNKS"": 1, ""SAD_ORDINARY_BLOCK_THREADS"": 128, ""SAD_QAOA_BD_FUSION"": 1, ""SAD_REGISTER_BITS"": 2, ""SAD_ROTATION_WARP_ATOMIC"": 0, ""SAD_SHARED_DIAGONAL_BLOCK_THREADS"": 128}",,,10,3,252.48646000000002,252.4507413,71.13899930000001,2.5885524,178.7231896,ok,
2026-08-23T12:09:42.258686+00:00,backward_shape:26:f88cc0446b850bba,backward_shape,mera,26,5,"{""backward_register_bits"": 3, ""backward_threads"": 128, ""diagonal_threads"": 64, ""diagonal_warp_atomic"": 0, ""forward_register_bits"": 2, ""forward_threads"": 256, ""legacy_reduction"": 1, ""lookup_bits"": 8, ""mailbox_chunks"": 1, ""ordinary_threads"": 128, ""rotation_warp_atomic"": 0, ""shared_diagonal_threads"": 128}","{""SAD_BLOCK_THREADS"": 128, ""SAD_DIAGONAL_BLOCK_THREADS"": 64, ""SAD_DIAGONAL_LOOKUP_BITS"": 8, ""SAD_DIAGONAL_WARP_ATOMIC"": 0, ""SAD_FORWARD_BLOCK_THREADS"": 256, ""SAD_FORWARD_REGISTER_BITS"": 2, ""SAD_LEGACY_BLOCK_REDUCTION"": 1, ""SAD_MAILBOX_CHUNKS"": 1, ""SAD_ORDINARY_BLOCK_THREADS"": 128, ""SAD_QAOA_BD_FUSION"": 1, ""SAD_REGISTER_BITS"": 3, ""SAD_ROTATION_WARP_ATOMIC"": 0, ""SAD_SHARED_DIAGONAL_BLOCK_THREADS"": 128}",,,10,3,258.60705900000005,258.7428326,71.3070823,2.4949969999999997,184.94075329999998,ok,
2026-08-23T12:09:45.928584+00:00,backward_shape:26:a466a39f8931d64b,backward_shape,mera,26,5,"{""backward_register_bits"": 4, ""backward_threads"": 128, ""diagonal_threads"": 64, ""diagonal_warp_atomic"": 0, ""forward_register_bits"": 2, ""forward_threads"": 256, ""legacy_reduction"": 1, ""lookup_bits"": 8, ""mailbox_chunks"": 1, ""ordinary_threads"": 128, ""rotation_warp_atomic"": 0, ""shared_diagonal_threads"": 128}","{""SAD_BLOCK_THREADS"": 128, ""SAD_DIAGONAL_BLOCK_THREADS"": 64, ""SAD_DIAGONAL_LOOKUP_BITS"": 8, ""SAD_DIAGONAL_WARP_ATOMIC"": 0, ""SAD_FORWARD_BLOCK_THREADS"": 256, ""SAD_FORWARD_REGISTER_BITS"": 2, ""SAD_LEGACY_BLOCK_REDUCTION"": 1, ""SAD_MAILBOX_CHUNKS"": 1, ""SAD_ORDINARY_BLOCK_THREADS"": 128, ""SAD_QAOA_BD_FUSION"": 1, ""SAD_REGISTER_BITS"": 4, ""SAD_ROTATION_WARP_ATOMIC"": 0, ""SAD_SHARED_DIAGONAL_BLOCK_THREADS"": 128}",,,10,3,279.4048435,279.34200730000003,71.2010386,2.5476834999999998,205.59328520000003,ok,
2026-08-23T12:09:49.362422+00:00,backward_shape:26:578bc26996153d49,backward_shape,mera,26,5,"{""backward_register_bits"": 2, ""backward_threads"": 256, ""diagonal_threads"": 64, ""diagonal_warp_atomic"": 0, ""forward_register_bits"": 2, ""forward_threads"": 256, ""legacy_reduction"": 1, ""lookup_bits"": 8, ""mailbox_chunks"": 1, ""ordinary_threads"": 128, ""rotation_warp_atomic"": 0, ""shared_diagonal_threads"": 128}","{""SAD_BLOCK_THREADS"": 256, ""SAD_DIAGONAL_BLOCK_THREADS"": 64, ""SAD_DIAGONAL_LOOKUP_BITS"": 8, ""SAD_DIAGONAL_WARP_ATOMIC"": 0, ""SAD_FORWARD_BLOCK_THREADS"": 256, ""SAD_FORWARD_REGISTER_BITS"": 2, ""SAD_LEGACY_BLOCK_REDUCTION"": 1, ""SAD_MAILBOX_CHUNKS"": 1, ""SAD_ORDINARY_BLOCK_THREADS"": 128, ""SAD_QAOA_BD_FUSION"": 1, ""SAD_REGISTER_BITS"": 2, ""SAD_ROTATION_WARP_ATOMIC"": 0, ""SAD_SHARED_DIAGONAL_BLOCK_THREADS"": 128}",,,10,3,261.2080215,261.1428612,71.28410170000001,2.6254471,187.23331240000002,ok,
2026-08-23T12:09:53.200205+00:00,backward_shape:26:efd9db9415d5caba,backward_shape,mera,26,5,"{""backward_register_bits"": 3, ""backward_threads"": 256, ""diagonal_threads"": 64, ""diagonal_warp_atomic"": 0, ""forward_register_bits"": 2, ""forward_threads"": 256, ""legacy_reduction"": 1, ""lookup_bits"": 8, ""mailbox_chunks"": 1, ""ordinary_threads"": 128, ""rotation_warp_atomic"": 0, ""shared_diagonal_threads"": 128}","{""SAD_BLOCK_THREADS"": 256, ""SAD_DIAGONAL_BLOCK_THREADS"": 64, ""SAD_DIAGONAL_LOOKUP_BITS"": 8, ""SAD_DIAGONAL_WARP_ATOMIC"": 0, ""SAD_FORWARD_BLOCK_THREADS"": 256, ""SAD_FORWARD_REGISTER_BITS"": 2, ""SAD_LEGACY_BLOCK_REDUCTION"": 1, ""SAD_MAILBOX_CHUNKS"": 1, ""SAD_ORDINARY_BLOCK_THREADS"": 128, ""SAD_QAOA_BD_FUSION"": 1, ""SAD_REGISTER_BITS"": 3, ""SAD_ROTATION_WARP_ATOMIC"": 0, ""SAD_SHARED_DIAGONAL_BLOCK_THREADS"": 128}",,,10,3,291.8693195,291.9780942,70.86734919999999,2.7679243,218.3428207,ok,
2026-08-23T12:09:57.274963+00:00,backward_shape:26:ae31a90a1613fe5f,backward_shape,mera,26,5,"{""backward_register_bits"": 4, ""backward_threads"": 256, ""diagonal_threads"": 64, ""diagonal_warp_atomic"": 0, ""forward_register_bits"": 2, ""forward_threads"": 256, ""legacy_reduction"": 1, ""lookup_bits"": 8, ""mailbox_chunks"": 1, ""ordinary_threads"": 128, ""rotation_warp_atomic"": 0, ""shared_diagonal_threads"": 128}","{""SAD_BLOCK_THREADS"": 256, ""SAD_DIAGONAL_BLOCK_THREADS"": 64, ""SAD_DIAGONAL_LOOKUP_BITS"": 8, ""SAD_DIAGONAL_WARP_ATOMIC"": 0, ""SAD_FORWARD_BLOCK_THREADS"": 256, ""SAD_FORWARD_REGISTER_BITS"": 2, ""SAD_LEGACY_BLOCK_REDUCTION"": 1, ""SAD_MAILBOX_CHUNKS"": 1, ""SAD_ORDINARY_BLOCK_THREADS"": 128, ""SAD_QAOA_BD_FUSION"": 1, ""SAD_REGISTER_BITS"": 4, ""SAD_ROTATION_WARP_ATOMIC"": 0, ""SAD_SHARED_DIAGONAL_BLOCK_THREADS"": 128}",,,10,3,310.463097,310.5144118,71.2868361,2.5809328000000002,236.6466429,ok,
2026-08-23T12:10:00.468729+00:00,ordinary_threads:26:8cc7e0e3d5cf6d02,ordinary_threads,mera,26,5,"{""backward_register_bits"": 3, ""backward_threads"": 64, ""diagonal_threads"": 64, ""diagonal_warp_atomic"": 0, ""forward_register_bits"": 2, ""forward_threads"": 256, ""legacy_reduction"": 1, ""lookup_bits"": 8, ""mailbox_chunks"": 1, ""ordinary_threads"": 64, ""rotation_warp_atomic"": 0, ""shared_diagonal_threads"": 128}","{""SAD_BLOCK_THREADS"": 64, ""SAD_DIAGONAL_BLOCK_THREADS"": 64, ""SAD_DIAGONAL_LOOKUP_BITS"": 8, ""SAD_DIAGONAL_WARP_ATOMIC"": 0, ""SAD_FORWARD_BLOCK_THREADS"": 256, ""SAD_FORWARD_REGISTER_BITS"": 2, ""SAD_LEGACY_BLOCK_REDUCTION"": 1, ""SAD_MAILBOX_CHUNKS"": 1, ""SAD_ORDINARY_BLOCK_THREADS"": 64, ""SAD_QAOA_BD_FUSION"": 1, ""SAD_REGISTER_BITS"": 3, ""SAD_ROTATION_WARP_ATOMIC"": 0, ""SAD_SHARED_DIAGONAL_BLOCK_THREADS"": 128}",,,10,3,242.6543695,242.6037748,71.215494,2.5896373,168.79864350000003,ok,
2026-08-23T12:10:03.663691+00:00,ordinary_threads:26:720ae868b529d6f7,ordinary_threads,mera,26,5,"{""backward_register_bits"": 3, ""backward_threads"": 64, ""diagonal_threads"": 64, ""diagonal_warp_atomic"": 0, ""forward_register_bits"": 2, ""forward_threads"": 256, ""legacy_reduction"": 1, ""lookup_bits"": 8, ""mailbox_chunks"": 1, ""ordinary_threads"": 128, ""rotation_warp_atomic"": 0, ""shared_diagonal_threads"": 128}","{""SAD_BLOCK_THREADS"": 64, ""SAD_DIAGONAL_BLOCK_THREADS"": 64, ""SAD_DIAGONAL_LOOKUP_BITS"": 8, ""SAD_DIAGONAL_WARP_ATOMIC"": 0, ""SAD_FORWARD_BLOCK_THREADS"": 256, ""SAD_FORWARD_REGISTER_BITS"": 2, ""SAD_LEGACY_BLOCK_REDUCTION"": 1, ""SAD_MAILBOX_CHUNKS"": 1, ""SAD_ORDINARY_BLOCK_THREADS"": 128, ""SAD_QAOA_BD_FUSION"": 1, ""SAD_REGISTER_BITS"": 3, ""SAD_ROTATION_WARP_ATOMIC"": 0, ""SAD_SHARED_DIAGONAL_BLOCK_THREADS"": 128}",,,10,3,242.713091,242.7194719,71.11528679999999,2.5991359999999997,169.0050491,ok,
2026-08-23T12:10:06.857233+00:00,reduction:26:7f3c70bfa61d852a,reduction,mera,26,5,"{""backward_register_bits"": 3, ""backward_threads"": 64, ""diagonal_threads"": 64, ""diagonal_warp_atomic"": 0, ""forward_register_bits"": 2, ""forward_threads"": 256, ""legacy_reduction"": 1, ""lookup_bits"": 8, ""mailbox_chunks"": 1, ""ordinary_threads"": 64, ""rotation_warp_atomic"": 0, ""shared_diagonal_threads"": 128}","{""SAD_BLOCK_THREADS"": 64, ""SAD_DIAGONAL_BLOCK_THREADS"": 64, ""SAD_DIAGONAL_LOOKUP_BITS"": 8, ""SAD_DIAGONAL_WARP_ATOMIC"": 0, ""SAD_FORWARD_BLOCK_THREADS"": 256, ""SAD_FORWARD_REGISTER_BITS"": 2, ""SAD_LEGACY_BLOCK_REDUCTION"": 1, ""SAD_MAILBOX_CHUNKS"": 1, ""SAD_ORDINARY_BLOCK_THREADS"": 64, ""SAD_QAOA_BD_FUSION"": 1, ""SAD_REGISTER_BITS"": 3, ""SAD_ROTATION_WARP_ATOMIC"": 0, ""SAD_SHARED_DIAGONAL_BLOCK_THREADS"": 128}",,,10,3,242.44107749999998,242.42206949999996,71.1198632,2.6111135,168.6910928,ok,
2026-08-23T12:10:36.600299+00:00,reduction:26:19025c7043bf980d,reduction,mera,26,5,"{""backward_register_bits"": 3, ""backward_threads"": 64, ""diagonal_threads"": 64, ""diagonal_warp_atomic"": 0, ""forward_register_bits"": 2, ""forward_threads"": 256, ""legacy_reduction"": 0, ""lookup_bits"": 8, ""mailbox_chunks"": 1, ""ordinary_threads"": 64, ""rotation_warp_atomic"": 0, ""shared_diagonal_threads"": 128}","{""SAD_BLOCK_THREADS"": 64, ""SAD_DIAGONAL_BLOCK_THREADS"": 64, ""SAD_DIAGONAL_LOOKUP_BITS"": 8, ""SAD_DIAGONAL_WARP_ATOMIC"": 0, ""SAD_FORWARD_BLOCK_THREADS"": 256, ""SAD_FORWARD_REGISTER_BITS"": 2, ""SAD_LEGACY_BLOCK_REDUCTION"": 0, ""SAD_MAILBOX_CHUNKS"": 1, ""SAD_ORDINARY_BLOCK_THREADS"": 64, ""SAD_QAOA_BD_FUSION"": 1, ""SAD_REGISTER_BITS"": 3, ""SAD_ROTATION_WARP_ATOMIC"": 0, ""SAD_SHARED_DIAGONAL_BLOCK_THREADS"": 128}",,,10,3,244.47543600000003,244.5596176,71.24029010000001,2.6013338000000004,170.71799370000002,ok,
2026-08-23T12:11:04.226755+00:00,reduction:26:1a804fb99a21bd21,reduction,mera,26,5,"{""backward_register_bits"": 3, ""backward_threads"": 64, ""diagonal_threads"": 64, ""diagonal_warp_atomic"": 0, ""forward_register_bits"": 2, ""forward_threads"": 256, ""legacy_reduction"": 0, ""lookup_bits"": 8, ""mailbox_chunks"": 1, ""ordinary_threads"": 64, ""rotation_warp_atomic"": 1, ""shared_diagonal_threads"": 128}","{""SAD_BLOCK_THREADS"": 64, ""SAD_DIAGONAL_BLOCK_THREADS"": 64, ""SAD_DIAGONAL_LOOKUP_BITS"": 8, ""SAD_DIAGONAL_WARP_ATOMIC"": 0, ""SAD_FORWARD_BLOCK_THREADS"": 256, ""SAD_FORWARD_REGISTER_BITS"": 2, ""SAD_LEGACY_BLOCK_REDUCTION"": 0, ""SAD_MAILBOX_CHUNKS"": 1, ""SAD_ORDINARY_BLOCK_THREADS"": 64, ""SAD_QAOA_BD_FUSION"": 1, ""SAD_REGISTER_BITS"": 3, ""SAD_ROTATION_WARP_ATOMIC"": 1, ""SAD_SHARED_DIAGONAL_BLOCK_THREADS"": 128}",,,10,3,241.2483695,241.3483963,71.1301961,2.5142504000000003,167.7039498,ok,
2026-08-23T12:11:20.461196+00:00,forward_shape:28:a3a4eea55640449e,forward_shape,mera,28,5,"{""backward_register_bits"": 2, ""backward_threads"": 128, ""diagonal_threads"": 64, ""diagonal_warp_atomic"": 0, ""forward_register_bits"": 2, ""forward_threads"": 32, ""legacy_reduction"": 1, ""lookup_bits"": 8, ""mailbox_chunks"": 1, ""ordinary_threads"": 128, ""rotation_warp_atomic"": 0, ""shared_diagonal_threads"": 128}","{""SAD_BLOCK_THREADS"": 128, ""SAD_DIAGONAL_BLOCK_THREADS"": 64, ""SAD_DIAGONAL_LOOKUP_BITS"": 8, ""SAD_DIAGONAL_WARP_ATOMIC"": 0, ""SAD_FORWARD_BLOCK_THREADS"": 32, ""SAD_FORWARD_REGISTER_BITS"": 2, ""SAD_LEGACY_BLOCK_REDUCTION"": 1, ""SAD_MAILBOX_CHUNKS"": 1, ""SAD_ORDINARY_BLOCK_THREADS"": 128, ""SAD_QAOA_BD_FUSION"": 1, ""SAD_REGISTER_BITS"": 2, ""SAD_ROTATION_WARP_ATOMIC"": 0, ""SAD_SHARED_DIAGONAL_BLOCK_THREADS"": 128}",,,10,3,1245.7652935,1245.5896027,450.6018364,10.2432645,784.7445018,ok,
2026-08-23T12:11:36.459416+00:00,forward_shape:28:dea94d72a850d950,forward_shape,mera,28,5,"{""backward_register_bits"": 2, ""backward_threads"": 128, ""diagonal_threads"": 64, ""diagonal_warp_atomic"": 0, ""forward_register_bits"": 3, ""forward_threads"": 32, ""legacy_reduction"": 1, ""lookup_bits"": 8, ""mailbox_chunks"": 1, ""ordinary_threads"": 128, ""rotation_warp_atomic"": 0, ""shared_diagonal_threads"": 128}","{""SAD_BLOCK_THREADS"": 128, ""SAD_DIAGONAL_BLOCK_THREADS"": 64, ""SAD_DIAGONAL_LOOKUP_BITS"": 8, ""SAD_DIAGONAL_WARP_ATOMIC"": 0, ""SAD_FORWARD_BLOCK_THREADS"": 32, ""SAD_FORWARD_REGISTER_BITS"": 3, ""SAD_LEGACY_BLOCK_REDUCTION"": 1, ""SAD_MAILBOX_CHUNKS"": 1, ""SAD_ORDINARY_BLOCK_THREADS"": 128, ""SAD_QAOA_BD_FUSION"": 1, ""SAD_REGISTER_BITS"": 2, ""SAD_ROTATION_WARP_ATOMIC"": 0, ""SAD_SHARED_DIAGONAL_BLOCK_THREADS"": 128}",,,10,3,1208.2774514999999,1208.4854487999999,413.4664624,10.3534079,784.6655785,ok,
2026-08-23T12:11:51.375865+00:00,forward_shape:28:ba80418b3b75cffa,forward_shape,mera,28,5,"{""backward_register_bits"": 2, ""backward_threads"": 128, ""diagonal_threads"": 64, ""diagonal_warp_atomic"": 0, ""forward_register_bits"": 4, ""forward_threads"": 32, ""legacy_reduction"": 1, ""lookup_bits"": 8, ""mailbox_chunks"": 1, ""ordinary_threads"": 128, ""rotation_warp_atomic"": 0, ""shared_diagonal_threads"": 128}","{""SAD_BLOCK_THREADS"": 128, ""SAD_DIAGONAL_BLOCK_THREADS"": 64, ""SAD_DIAGONAL_LOOKUP_BITS"": 8, ""SAD_DIAGONAL_WARP_ATOMIC"": 0, ""SAD_FORWARD_BLOCK_THREADS"": 32, ""SAD_FORWARD_REGISTER_BITS"": 4, ""SAD_LEGACY_BLOCK_REDUCTION"": 1, ""SAD_MAILBOX_CHUNKS"": 1, ""SAD_ORDINARY_BLOCK_THREADS"": 128, ""SAD_QAOA_BD_FUSION"": 1, ""SAD_REGISTER_BITS"": 2, ""SAD_ROTATION_WARP_ATOMIC"": 0, ""SAD_SHARED_DIAGONAL_BLOCK_THREADS"": 128}",,,10,3,1125.278183,1125.217414,330.3569717,10.1126489,784.7477934,ok,
2026-08-23T12:12:07.942599+00:00,forward_shape:28:164d5830543d61d7,forward_shape,mera,28,5,"{""backward_register_bits"": 2, ""backward_threads"": 128, ""diagonal_threads"": 64, ""diagonal_warp_atomic"": 0, ""forward_register_bits"": 2, ""forward_threads"": 64, ""legacy_reduction"": 1, ""lookup_bits"": 8, ""mailbox_chunks"": 1, ""ordinary_threads"": 128, ""rotation_warp_atomic"": 0, ""shared_diagonal_threads"": 128}","{""SAD_BLOCK_THREADS"": 128, ""SAD_DIAGONAL_BLOCK_THREADS"": 64, ""SAD_DIAGONAL_LOOKUP_BITS"": 8, ""SAD_DIAGONAL_WARP_ATOMIC"": 0, ""SAD_FORWARD_BLOCK_THREADS"": 64, ""SAD_FORWARD_REGISTER_BITS"": 2, ""SAD_LEGACY_BLOCK_REDUCTION"": 1, ""SAD_MAILBOX_CHUNKS"": 1, ""SAD_ORDINARY_BLOCK_THREADS"": 128, ""SAD_QAOA_BD_FUSION"": 1, ""SAD_REGISTER_BITS"": 2, ""SAD_ROTATION_WARP_ATOMIC"": 0, ""SAD_SHARED_DIAGONAL_BLOCK_THREADS"": 128}",,,10,3,1252.70102,1252.4734796,456.78594979999997,10.175948,785.5115818,ok,
2026-08-23T12:12:22.792347+00:00,forward_shape:28:7ff639ae42cb573f,forward_shape,mera,28,5,"{""backward_register_bits"": 2, ""backward_threads"": 128, ""diagonal_threads"": 64, ""diagonal_warp_atomic"": 0, ""forward_register_bits"": 3, ""forward_threads"": 64, ""legacy_reduction"": 1, ""lookup_bits"": 8, ""mailbox_chunks"": 1, ""ordinary_threads"": 128, ""rotation_warp_atomic"": 0, ""shared_diagonal_threads"": 128}","{""SAD_BLOCK_THREADS"": 128, ""SAD_DIAGONAL_BLOCK_THREADS"": 64, ""SAD_DIAGONAL_LOOKUP_BITS"": 8, ""SAD_DIAGONAL_WARP_ATOMIC"": 0, ""SAD_FORWARD_BLOCK_THREADS"": 64, ""SAD_FORWARD_REGISTER_BITS"": 3, ""SAD_LEGACY_BLOCK_REDUCTION"": 1, ""SAD_MAILBOX_CHUNKS"": 1, ""SAD_ORDINARY_BLOCK_THREADS"": 128, ""SAD_QAOA_BD_FUSION"": 1, ""SAD_REGISTER_BITS"": 2, ""SAD_ROTATION_WARP_ATOMIC"": 0, ""SAD_SHARED_DIAGONAL_BLOCK_THREADS"": 128}",,,10,3,1119.9500625,1120.0402743,325.3384872,10.187901,784.5138861,ok,
2026-08-23T12:12:38.071119+00:00,forward_shape:28:7132b7ef52219ce9,forward_shape,mera,28,5,"{""backward_register_bits"": 2, ""backward_threads"": 128, ""diagonal_threads"": 64, ""diagonal_warp_atomic"": 0, ""forward_register_bits"": 4, ""forward_threads"": 64, ""legacy_reduction"": 1, ""lookup_bits"": 8, ""mailbox_chunks"": 1, ""ordinary_threads"": 128, ""rotation_warp_atomic"": 0, ""shared_diagonal_threads"": 128}","{""SAD_BLOCK_THREADS"": 128, ""SAD_DIAGONAL_BLOCK_THREADS"": 64, ""SAD_DIAGONAL_LOOKUP_BITS"": 8, ""SAD_DIAGONAL_WARP_ATOMIC"": 0, ""SAD_FORWARD_BLOCK_THREADS"": 64, ""SAD_FORWARD_REGISTER_BITS"": 4, ""SAD_LEGACY_BLOCK_REDUCTION"": 1, ""SAD_MAILBOX_CHUNKS"": 1, ""SAD_ORDINARY_BLOCK_THREADS"": 128, ""SAD_QAOA_BD_FUSION"": 1, ""SAD_REGISTER_BITS"": 2, ""SAD_ROTATION_WARP_ATOMIC"": 0, ""SAD_SHARED_DIAGONAL_BLOCK_THREADS"": 128}",,,10,3,1153.0847135,1153.0218124,357.2622738,10.3212184,785.4383202,ok,
2026-08-23T12:12:53.085315+00:00,forward_shape:28:bc0ca117f4c3b6e1,forward_shape,mera,28,5,"{""backward_register_bits"": 2, ""backward_threads"": 128, ""diagonal_threads"": 64, ""diagonal_warp_atomic"": 0, ""forward_register_bits"": 2, ""forward_threads"": 128, ""legacy_reduction"": 1, ""lookup_bits"": 8, ""mailbox_chunks"": 1, ""ordinary_threads"": 128, ""rotation_warp_atomic"": 0, ""shared_diagonal_threads"": 128}","{""SAD_BLOCK_THREADS"": 128, ""SAD_DIAGONAL_BLOCK_THREADS"": 64, ""SAD_DIAGONAL_LOOKUP_BITS"": 8, ""SAD_DIAGONAL_WARP_ATOMIC"": 0, ""SAD_FORWARD_BLOCK_THREADS"": 128, ""SAD_FORWARD_REGISTER_BITS"": 2, ""SAD_LEGACY_BLOCK_REDUCTION"": 1, ""SAD_MAILBOX_CHUNKS"": 1, ""SAD_ORDINARY_BLOCK_THREADS"": 128, ""SAD_QAOA_BD_FUSION"": 1, ""SAD_REGISTER_BITS"": 2, ""SAD_ROTATION_WARP_ATOMIC"": 0, ""SAD_SHARED_DIAGONAL_BLOCK_THREADS"": 128}",,,10,3,1132.2151825,1132.5782795,337.41522779999997,10.1527548,785.0102969000001,ok,
2026-08-23T12:13:08.194609+00:00,forward_shape:28:ee988ea1c682974a,forward_shape,mera,28,5,"{""backward_register_bits"": 2, ""backward_threads"": 128, ""diagonal_threads"": 64, ""diagonal_warp_atomic"": 0, ""forward_register_bits"": 3, ""forward_threads"": 128, ""legacy_reduction"": 1, ""lookup_bits"": 8, ""mailbox_chunks"": 1, ""ordinary_threads"": 128, ""rotation_warp_atomic"": 0, ""shared_diagonal_threads"": 128}","{""SAD_BLOCK_THREADS"": 128, ""SAD_DIAGONAL_BLOCK_THREADS"": 64, ""SAD_DIAGONAL_LOOKUP_BITS"": 8, ""SAD_DIAGONAL_WARP_ATOMIC"": 0, ""SAD_FORWARD_BLOCK_THREADS"": 128, ""SAD_FORWARD_REGISTER_BITS"": 3, ""SAD_LEGACY_BLOCK_REDUCTION"": 1, ""SAD_MAILBOX_CHUNKS"": 1, ""SAD_ORDINARY_BLOCK_THREADS"": 128, ""SAD_QAOA_BD_FUSION"": 1, ""SAD_REGISTER_BITS"": 2, ""SAD_ROTATION_WARP_ATOMIC"": 0, ""SAD_SHARED_DIAGONAL_BLOCK_THREADS"": 128}",,,10,3,1140.601882,1140.1428728,344.76277269999997,10.192687699999999,785.1874124,ok,
2026-08-23T12:13:22.961385+00:00,forward_shape:28:49b851d99da8b4c8,forward_shape,mera,28,5,"{""backward_register_bits"": 2, ""backward_threads"": 128, ""diagonal_threads"": 64, ""diagonal_warp_atomic"": 0, ""forward_register_bits"": 4, ""forward_threads"": 128, ""legacy_reduction"": 1, ""lookup_bits"": 8, ""mailbox_chunks"": 1, ""ordinary_threads"": 128, ""rotation_warp_atomic"": 0, ""shared_diagonal_threads"": 128}","{""SAD_BLOCK_THREADS"": 128, ""SAD_DIAGONAL_BLOCK_THREADS"": 64, ""SAD_DIAGONAL_LOOKUP_BITS"": 8, ""SAD_DIAGONAL_WARP_ATOMIC"": 0, ""SAD_FORWARD_BLOCK_THREADS"": 128, ""SAD_FORWARD_REGISTER_BITS"": 4, ""SAD_LEGACY_BLOCK_REDUCTION"": 1, ""SAD_MAILBOX_CHUNKS"": 1, ""SAD_ORDINARY_BLOCK_THREADS"": 128, ""SAD_QAOA_BD_FUSION"": 1, ""SAD_REGISTER_BITS"": 2, ""SAD_ROTATION_WARP_ATOMIC"": 0, ""SAD_SHARED_DIAGONAL_BLOCK_THREADS"": 128}",,,10,3,1113.6358485,1113.5722454999998,318.91077789999997,10.234483399999998,784.4269842,ok,
2026-08-23T12:13:37.675527+00:00,forward_shape:28:706b261cffc283a5,forward_shape,mera,28,5,"{""backward_register_bits"": 2, ""backward_threads"": 128, ""diagonal_threads"": 64, ""diagonal_warp_atomic"": 0, ""forward_register_bits"": 2, ""forward_threads"": 256, ""legacy_reduction"": 1, ""lookup_bits"": 8, ""mailbox_chunks"": 1, ""ordinary_threads"": 128, ""rotation_warp_atomic"": 0, ""shared_diagonal_threads"": 128}","{""SAD_BLOCK_THREADS"": 128, ""SAD_DIAGONAL_BLOCK_THREADS"": 64, ""SAD_DIAGONAL_LOOKUP_BITS"": 8, ""SAD_DIAGONAL_WARP_ATOMIC"": 0, ""SAD_FORWARD_BLOCK_THREADS"": 256, ""SAD_FORWARD_REGISTER_BITS"": 2, ""SAD_LEGACY_BLOCK_REDUCTION"": 1, ""SAD_MAILBOX_CHUNKS"": 1, ""SAD_ORDINARY_BLOCK_THREADS"": 128, ""SAD_QAOA_BD_FUSION"": 1, ""SAD_REGISTER_BITS"": 2, ""SAD_ROTATION_WARP_ATOMIC"": 0, ""SAD_SHARED_DIAGONAL_BLOCK_THREADS"": 128}",,,10,3,1109.5638425,1109.3539618000002,314.4496349,10.2916164,784.6127105,ok,
2026-08-23T12:13:52.729440+00:00,forward_shape:28:b30d0188efbdf7ce,forward_shape,mera,28,5,"{""backward_register_bits"": 2, ""backward_threads"": 128, ""diagonal_threads"": 64, ""diagonal_warp_atomic"": 0, ""forward_register_bits"": 3, ""forward_threads"": 256, ""legacy_reduction"": 1, ""lookup_bits"": 8, ""mailbox_chunks"": 1, ""ordinary_threads"": 128, ""rotation_warp_atomic"": 0, ""shared_diagonal_threads"": 128}","{""SAD_BLOCK_THREADS"": 128, ""SAD_DIAGONAL_BLOCK_THREADS"": 64, ""SAD_DIAGONAL_LOOKUP_BITS"": 8, ""SAD_DIAGONAL_WARP_ATOMIC"": 0, ""SAD_FORWARD_BLOCK_THREADS"": 256, ""SAD_FORWARD_REGISTER_BITS"": 3, ""SAD_LEGACY_BLOCK_REDUCTION"": 1, ""SAD_MAILBOX_CHUNKS"": 1, ""SAD_ORDINARY_BLOCK_THREADS"": 128, ""SAD_QAOA_BD_FUSION"": 1, ""SAD_REGISTER_BITS"": 2, ""SAD_ROTATION_WARP_ATOMIC"": 0, ""SAD_SHARED_DIAGONAL_BLOCK_THREADS"": 128}",,,10,3,1135.7761355,1135.762443,340.1538958,10.2046466,785.4039005999999,ok,
2026-08-23T12:14:08.372905+00:00,forward_shape:28:964cd09670460116,forward_shape,mera,28,5,"{""backward_register_bits"": 2, ""backward_threads"": 128, ""diagonal_threads"": 64, ""diagonal_warp_atomic"": 0, ""forward_register_bits"": 4, ""forward_threads"": 256, ""legacy_reduction"": 1, ""lookup_bits"": 8, ""mailbox_chunks"": 1, ""ordinary_threads"": 128, ""rotation_warp_atomic"": 0, ""shared_diagonal_threads"": 128}","{""SAD_BLOCK_THREADS"": 128, ""SAD_DIAGONAL_BLOCK_THREADS"": 64, ""SAD_DIAGONAL_LOOKUP_BITS"": 8, ""SAD_DIAGONAL_WARP_ATOMIC"": 0, ""SAD_FORWARD_BLOCK_THREADS"": 256, ""SAD_FORWARD_REGISTER_BITS"": 4, ""SAD_LEGACY_BLOCK_REDUCTION"": 1, ""SAD_MAILBOX_CHUNKS"": 1, ""SAD_ORDINARY_BLOCK_THREADS"": 128, ""SAD_QAOA_BD_FUSION"": 1, ""SAD_REGISTER_BITS"": 2, ""SAD_ROTATION_WARP_ATOMIC"": 0, ""SAD_SHARED_DIAGONAL_BLOCK_THREADS"": 128}",,,10,3,1181.629694,1181.5635058,386.3959551,10.2355708,784.9319799,ok,
2026-08-23T12:14:25.342397+00:00,backward_shape:28:4b1c15162d1f2083,backward_shape,mera,28,5,"{""backward_register_bits"": 2, ""backward_threads"": 32, ""diagonal_threads"": 64, ""diagonal_warp_atomic"": 0, ""forward_register_bits"": 2, ""forward_threads"": 256, ""legacy_reduction"": 1, ""lookup_bits"": 8, ""mailbox_chunks"": 1, ""ordinary_threads"": 128, ""rotation_warp_atomic"": 0, ""shared_diagonal_threads"": 128}","{""SAD_BLOCK_THREADS"": 32, ""SAD_DIAGONAL_BLOCK_THREADS"": 64, ""SAD_DIAGONAL_LOOKUP_BITS"": 8, ""SAD_DIAGONAL_WARP_ATOMIC"": 0, ""SAD_FORWARD_BLOCK_THREADS"": 256, ""SAD_FORWARD_REGISTER_BITS"": 2, ""SAD_LEGACY_BLOCK_REDUCTION"": 1, ""SAD_MAILBOX_CHUNKS"": 1, ""SAD_ORDINARY_BLOCK_THREADS"": 128, ""SAD_QAOA_BD_FUSION"": 1, ""SAD_REGISTER_BITS"": 2, ""SAD_ROTATION_WARP_ATOMIC"": 0, ""SAD_SHARED_DIAGONAL_BLOCK_THREADS"": 128}",,,10,3,1283.2424859999999,1283.297695,314.54901359999997,10.2169404,958.531741,ok,
2026-08-23T12:14:41.606356+00:00,backward_shape:28:3cb7a0c65ddd4819,backward_shape,mera,28,5,"{""backward_register_bits"": 3, ""backward_threads"": 32, ""diagonal_threads"": 64, ""diagonal_warp_atomic"": 0, ""forward_register_bits"": 2, ""forward_threads"": 256, ""legacy_reduction"": 1, ""lookup_bits"": 8, ""mailbox_chunks"": 1, ""ordinary_threads"": 128, ""rotation_warp_atomic"": 0, ""shared_diagonal_threads"": 128}","{""SAD_BLOCK_THREADS"": 32, ""SAD_DIAGONAL_BLOCK_THREADS"": 64, ""SAD_DIAGONAL_LOOKUP_BITS"": 8, ""SAD_DIAGONAL_WARP_ATOMIC"": 0, ""SAD_FORWARD_BLOCK_THREADS"": 256, ""SAD_FORWARD_REGISTER_BITS"": 2, ""SAD_LEGACY_BLOCK_REDUCTION"": 1, ""SAD_MAILBOX_CHUNKS"": 1, ""SAD_ORDINARY_BLOCK_THREADS"": 128, ""SAD_QAOA_BD_FUSION"": 1, ""SAD_REGISTER_BITS"": 3, ""SAD_ROTATION_WARP_ATOMIC"": 0, ""SAD_SHARED_DIAGONAL_BLOCK_THREADS"": 128}",,,10,3,1229.3618145,1229.119256,314.6559647,10.2048398,904.2584515,ok,
2026-08-23T12:14:55.912458+00:00,backward_shape:28:69eb28e6e628ece2,backward_shape,mera,28,5,"{""backward_register_bits"": 4, ""backward_threads"": 32, ""diagonal_threads"": 64, ""diagonal_warp_atomic"": 0, ""forward_register_bits"": 2, ""forward_threads"": 256, ""legacy_reduction"": 1, ""lookup_bits"": 8, ""mailbox_chunks"": 1, ""ordinary_threads"": 128, ""rotation_warp_atomic"": 0, ""shared_diagonal_threads"": 128}","{""SAD_BLOCK_THREADS"": 32, ""SAD_DIAGONAL_BLOCK_THREADS"": 64, ""SAD_DIAGONAL_LOOKUP_BITS"": 8, ""SAD_DIAGONAL_WARP_ATOMIC"": 0, ""SAD_FORWARD_BLOCK_THREADS"": 256, ""SAD_FORWARD_REGISTER_BITS"": 2, ""SAD_LEGACY_BLOCK_REDUCTION"": 1, ""SAD_MAILBOX_CHUNKS"": 1, ""SAD_ORDINARY_BLOCK_THREADS"": 128, ""SAD_QAOA_BD_FUSION"": 1, ""SAD_REGISTER_BITS"": 4, ""SAD_ROTATION_WARP_ATOMIC"": 0, ""SAD_SHARED_DIAGONAL_BLOCK_THREADS"": 128}",,,10,3,1077.9351335000001,1078.4589580000002,314.1662475,10.273380799999998,754.0193297,ok,
2026-08-23T12:15:12.969418+00:00,backward_shape:28:2c7c6c4e60e9cb01,backward_shape,mera,28,5,"{""backward_register_bits"": 2, ""backward_threads"": 64, ""diagonal_threads"": 64, ""diagonal_warp_atomic"": 0, ""forward_register_bits"": 2, ""forward_threads"": 256, ""legacy_reduction"": 1, ""lookup_bits"": 8, ""mailbox_chunks"": 1, ""ordinary_threads"": 128, ""rotation_warp_atomic"": 0, ""shared_diagonal_threads"": 128}","{""SAD_BLOCK_THREADS"": 64, ""SAD_DIAGONAL_BLOCK_THREADS"": 64, ""SAD_DIAGONAL_LOOKUP_BITS"": 8, ""SAD_DIAGONAL_WARP_ATOMIC"": 0, ""SAD_FORWARD_BLOCK_THREADS"": 256, ""SAD_FORWARD_REGISTER_BITS"": 2, ""SAD_LEGACY_BLOCK_REDUCTION"": 1, ""SAD_MAILBOX_CHUNKS"": 1, ""SAD_ORDINARY_BLOCK_THREADS"": 128, ""SAD_QAOA_BD_FUSION"": 1, ""SAD_REGISTER_BITS"": 2, ""SAD_ROTATION_WARP_ATOMIC"": 0, ""SAD_SHARED_DIAGONAL_BLOCK_THREADS"": 128}",,,10,3,1289.8709085,1290.3729514,314.78941449999996,10.1511669,965.4323699999999,ok,
2026-08-23T12:15:27.196284+00:00,backward_shape:28:8dd50011fd353c0a,backward_shape,mera,28,5,"{""backward_register_bits"": 3, ""backward_threads"": 64, ""diagonal_threads"": 64, ""diagonal_warp_atomic"": 0, ""forward_register_bits"": 2, ""forward_threads"": 256, ""legacy_reduction"": 1, ""lookup_bits"": 8, ""mailbox_chunks"": 1, ""ordinary_threads"": 128, ""rotation_warp_atomic"": 0, ""shared_diagonal_threads"": 128}","{""SAD_BLOCK_THREADS"": 64, ""SAD_DIAGONAL_BLOCK_THREADS"": 64, ""SAD_DIAGONAL_LOOKUP_BITS"": 8, ""SAD_DIAGONAL_WARP_ATOMIC"": 0, ""SAD_FORWARD_BLOCK_THREADS"": 256, ""SAD_FORWARD_REGISTER_BITS"": 2, ""SAD_LEGACY_BLOCK_REDUCTION"": 1, ""SAD_MAILBOX_CHUNKS"": 1, ""SAD_ORDINARY_BLOCK_THREADS"": 128, ""SAD_QAOA_BD_FUSION"": 1, ""SAD_REGISTER_BITS"": 3, ""SAD_ROTATION_WARP_ATOMIC"": 0, ""SAD_SHARED_DIAGONAL_BLOCK_THREADS"": 128}",,,10,3,1072.123101,1072.3303198,314.4735158,10.150919700000001,747.7058843,ok,
2026-08-23T12:15:41.521364+00:00,backward_shape:28:f234391d6380e47f,backward_shape,mera,28,5,"{""backward_register_bits"": 4, ""backward_threads"": 64, ""diagonal_threads"": 64, ""diagonal_warp_atomic"": 0, ""forward_register_bits"": 2, ""forward_threads"": 256, ""legacy_reduction"": 1, ""lookup_bits"": 8, ""mailbox_chunks"": 1, ""ordinary_threads"": 128, ""rotation_warp_atomic"": 0, ""shared_diagonal_threads"": 128}","{""SAD_BLOCK_THREADS"": 64, ""SAD_DIAGONAL_BLOCK_THREADS"": 64, ""SAD_DIAGONAL_LOOKUP_BITS"": 8, ""SAD_DIAGONAL_WARP_ATOMIC"": 0, ""SAD_FORWARD_BLOCK_THREADS"": 256, ""SAD_FORWARD_REGISTER_BITS"": 2, ""SAD_LEGACY_BLOCK_REDUCTION"": 1, ""SAD_MAILBOX_CHUNKS"": 1, ""SAD_ORDINARY_BLOCK_THREADS"": 128, ""SAD_QAOA_BD_FUSION"": 1, ""SAD_REGISTER_BITS"": 4, ""SAD_ROTATION_WARP_ATOMIC"": 0, ""SAD_SHARED_DIAGONAL_BLOCK_THREADS"": 128}",,,10,3,1054.5089145,1071.5678906,304.2374479,9.8405092,757.4899335,ok,
2026-08-23T12:15:55.482370+00:00,backward_shape:28:cda2b5128d49030b,backward_shape,mera,28,5,"{""backward_register_bits"": 2, ""backward_threads"": 128, ""diagonal_threads"": 64, ""diagonal_warp_atomic"": 0, ""forward_register_bits"": 2, ""forward_threads"": 256, ""legacy_reduction"": 1, ""lookup_bits"": 8, ""mailbox_chunks"": 1, ""ordinary_threads"": 128, ""rotation_warp_atomic"": 0, ""shared_diagonal_threads"": 128}","{""SAD_BLOCK_THREADS"": 128, ""SAD_DIAGONAL_BLOCK_THREADS"": 64, ""SAD_DIAGONAL_LOOKUP_BITS"": 8, ""SAD_DIAGONAL_WARP_ATOMIC"": 0, ""SAD_FORWARD_BLOCK_THREADS"": 256, ""SAD_FORWARD_REGISTER_BITS"": 2, ""SAD_LEGACY_BLOCK_REDUCTION"": 1, ""SAD_MAILBOX_CHUNKS"": 1, ""SAD_ORDINARY_BLOCK_THREADS"": 128, ""SAD_QAOA_BD_FUSION"": 1, ""SAD_REGISTER_BITS"": 2, ""SAD_ROTATION_WARP_ATOMIC"": 0, ""SAD_SHARED_DIAGONAL_BLOCK_THREADS"": 128}",,,10,3,1052.0173575000001,1051.9605711,298.33161079999996,9.6655371,743.9634232000001,ok,
2026-08-23T12:16:09.801659+00:00,backward_shape:28:5f8007fb95cb40f8,backward_shape,mera,28,5,"{""backward_register_bits"": 3, ""backward_threads"": 128, ""diagonal_threads"": 64, ""diagonal_warp_atomic"": 0, ""forward_register_bits"": 2, ""forward_threads"": 256, ""legacy_reduction"": 1, ""lookup_bits"": 8, ""mailbox_chunks"": 1, ""ordinary_threads"": 128, ""rotation_warp_atomic"": 0, ""shared_diagonal_threads"": 128}","{""SAD_BLOCK_THREADS"": 128, ""SAD_DIAGONAL_BLOCK_THREADS"": 64, ""SAD_DIAGONAL_LOOKUP_BITS"": 8, ""SAD_DIAGONAL_WARP_ATOMIC"": 0, ""SAD_FORWARD_BLOCK_THREADS"": 256, ""SAD_FORWARD_REGISTER_BITS"": 2, ""SAD_LEGACY_BLOCK_REDUCTION"": 1, ""SAD_MAILBOX_CHUNKS"": 1, ""SAD_ORDINARY_BLOCK_THREADS"": 128, ""SAD_QAOA_BD_FUSION"": 1, ""SAD_REGISTER_BITS"": 3, ""SAD_ROTATION_WARP_ATOMIC"": 0, ""SAD_SHARED_DIAGONAL_BLOCK_THREADS"": 128}",,,10,3,1080.1864669999998,1078.739058,298.3083078,9.678955,770.7517952000001,ok,
2026-08-23T12:16:24.911467+00:00,backward_shape:28:4f7d326c66850290,backward_shape,mera,28,5,"{""backward_register_bits"": 4, ""backward_threads"": 128, ""diagonal_threads"": 64, ""diagonal_warp_atomic"": 0, ""forward_register_bits"": 2, ""forward_threads"": 256, ""legacy_reduction"": 1, ""lookup_bits"": 8, ""mailbox_chunks"": 1, ""ordinary_threads"": 128, ""rotation_warp_atomic"": 0, ""shared_diagonal_threads"": 128}","{""SAD_BLOCK_THREADS"": 128, ""SAD_DIAGONAL_BLOCK_THREADS"": 64, ""SAD_DIAGONAL_LOOKUP_BITS"": 8, ""SAD_DIAGONAL_WARP_ATOMIC"": 0, ""SAD_FORWARD_BLOCK_THREADS"": 256, ""SAD_FORWARD_REGISTER_BITS"": 2, ""SAD_LEGACY_BLOCK_REDUCTION"": 1, ""SAD_MAILBOX_CHUNKS"": 1, ""SAD_ORDINARY_BLOCK_THREADS"": 128, ""SAD_QAOA_BD_FUSION"": 1, ""SAD_REGISTER_BITS"": 4, ""SAD_ROTATION_WARP_ATOMIC"": 0, ""SAD_SHARED_DIAGONAL_BLOCK_THREADS"": 128}",,,10,3,1139.8509164999998,1140.3136120000001,298.2904791,9.673645,832.3494879,ok,
2026-08-23T12:16:39.225362+00:00,backward_shape:28:8fbdc4b9acc10f74,backward_shape,mera,28,5,"{""backward_register_bits"": 2, ""backward_threads"": 256, ""diagonal_threads"": 64, ""diagonal_warp_atomic"": 0, ""forward_register_bits"": 2, ""forward_threads"": 256, ""legacy_reduction"": 1, ""lookup_bits"": 8, ""mailbox_chunks"": 1, ""ordinary_threads"": 128, ""rotation_warp_atomic"": 0, ""shared_diagonal_threads"": 128}","{""SAD_BLOCK_THREADS"": 256, ""SAD_DIAGONAL_BLOCK_THREADS"": 64, ""SAD_DIAGONAL_LOOKUP_BITS"": 8, ""SAD_DIAGONAL_WARP_ATOMIC"": 0, ""SAD_FORWARD_BLOCK_THREADS"": 256, ""SAD_FORWARD_REGISTER_BITS"": 2, ""SAD_LEGACY_BLOCK_REDUCTION"": 1, ""SAD_MAILBOX_CHUNKS"": 1, ""SAD_ORDINARY_BLOCK_THREADS"": 128, ""SAD_QAOA_BD_FUSION"": 1, ""SAD_REGISTER_BITS"": 2, ""SAD_ROTATION_WARP_ATOMIC"": 0, ""SAD_SHARED_DIAGONAL_BLOCK_THREADS"": 128}",,,10,3,1077.6844405000002,1078.2578793000002,298.2891747,9.665451599999999,770.303253,ok,
2026-08-23T12:16:55.015497+00:00,backward_shape:28:0eb7d39e42deacab,backward_shape,mera,28,5,"{""backward_register_bits"": 3, ""backward_threads"": 256, ""diagonal_threads"": 64, ""diagonal_warp_atomic"": 0, ""forward_register_bits"": 2, ""forward_threads"": 256, ""legacy_reduction"": 1, ""lookup_bits"": 8, ""mailbox_chunks"": 1, ""ordinary_threads"": 128, ""rotation_warp_atomic"": 0, ""shared_diagonal_threads"": 128}","{""SAD_BLOCK_THREADS"": 256, ""SAD_DIAGONAL_BLOCK_THREADS"": 64, ""SAD_DIAGONAL_LOOKUP_BITS"": 8, ""SAD_DIAGONAL_WARP_ATOMIC"": 0, ""SAD_FORWARD_BLOCK_THREADS"": 256, ""SAD_FORWARD_REGISTER_BITS"": 2, ""SAD_LEGACY_BLOCK_REDUCTION"": 1, ""SAD_MAILBOX_CHUNKS"": 1, ""SAD_ORDINARY_BLOCK_THREADS"": 128, ""SAD_QAOA_BD_FUSION"": 1, ""SAD_REGISTER_BITS"": 3, ""SAD_ROTATION_WARP_ATOMIC"": 0, ""SAD_SHARED_DIAGONAL_BLOCK_THREADS"": 128}",,,10,3,1192.2489365,1192.2801094,298.23834220000003,9.6675053,884.3742619,ok,
2026-08-23T12:17:12.007942+00:00,backward_shape:28:de8cb8ade43d490b,backward_shape,mera,28,5,"{""backward_register_bits"": 4, ""backward_threads"": 256, ""diagonal_threads"": 64, ""diagonal_warp_atomic"": 0, ""forward_register_bits"": 2, ""forward_threads"": 256, ""legacy_reduction"": 1, ""lookup_bits"": 8, ""mailbox_chunks"": 1, ""ordinary_threads"": 128, ""rotation_warp_atomic"": 0, ""shared_diagonal_threads"": 128}","{""SAD_BLOCK_THREADS"": 256, ""SAD_DIAGONAL_BLOCK_THREADS"": 64, ""SAD_DIAGONAL_LOOKUP_BITS"": 8, ""SAD_DIAGONAL_WARP_ATOMIC"": 0, ""SAD_FORWARD_BLOCK_THREADS"": 256, ""SAD_FORWARD_REGISTER_BITS"": 2, ""SAD_LEGACY_BLOCK_REDUCTION"": 1, ""SAD_MAILBOX_CHUNKS"": 1, ""SAD_ORDINARY_BLOCK_THREADS"": 128, ""SAD_QAOA_BD_FUSION"": 1, ""SAD_REGISTER_BITS"": 4, ""SAD_ROTATION_WARP_ATOMIC"": 0, ""SAD_SHARED_DIAGONAL_BLOCK_THREADS"": 128}",,,10,3,1285.2212654999998,1285.1257675,298.3263806,9.6728218,977.1265651000001,ok,
2026-08-23T12:17:43.178614+00:00,ordinary_threads:28:54337a3d24b50c13,ordinary_threads,mera,28,5,"{""backward_register_bits"": 2, ""backward_threads"": 128, ""diagonal_threads"": 64, ""diagonal_warp_atomic"": 0, ""forward_register_bits"": 2, ""forward_threads"": 256, ""legacy_reduction"": 1, ""lookup_bits"": 8, ""mailbox_chunks"": 1, ""ordinary_threads"": 64, ""rotation_warp_atomic"": 0, ""shared_diagonal_threads"": 128}","{""SAD_BLOCK_THREADS"": 128, ""SAD_DIAGONAL_BLOCK_THREADS"": 64, ""SAD_DIAGONAL_LOOKUP_BITS"": 8, ""SAD_DIAGONAL_WARP_ATOMIC"": 0, ""SAD_FORWARD_BLOCK_THREADS"": 256, ""SAD_FORWARD_REGISTER_BITS"": 2, ""SAD_LEGACY_BLOCK_REDUCTION"": 1, ""SAD_MAILBOX_CHUNKS"": 1, ""SAD_ORDINARY_BLOCK_THREADS"": 64, ""SAD_QAOA_BD_FUSION"": 1, ""SAD_REGISTER_BITS"": 2, ""SAD_ROTATION_WARP_ATOMIC"": 0, ""SAD_SHARED_DIAGONAL_BLOCK_THREADS"": 128}",,,10,3,1050.499348,1050.9616962000002,297.8553784,9.6239337,743.4823841,ok,
2026-08-23T12:17:57.140047+00:00,ordinary_threads:28:7e511df1aba1c757,ordinary_threads,mera,28,5,"{""backward_register_bits"": 2, ""backward_threads"": 128, ""diagonal_threads"": 64, ""diagonal_warp_atomic"": 0, ""forward_register_bits"": 2, ""forward_threads"": 256, ""legacy_reduction"": 1, ""lookup_bits"": 8, ""mailbox_chunks"": 1, ""ordinary_threads"": 128, ""rotation_warp_atomic"": 0, ""shared_diagonal_threads"": 128}","{""SAD_BLOCK_THREADS"": 128, ""SAD_DIAGONAL_BLOCK_THREADS"": 64, ""SAD_DIAGONAL_LOOKUP_BITS"": 8, ""SAD_DIAGONAL_WARP_ATOMIC"": 0, ""SAD_FORWARD_BLOCK_THREADS"": 256, ""SAD_FORWARD_REGISTER_BITS"": 2, ""SAD_LEGACY_BLOCK_REDUCTION"": 1, ""SAD_MAILBOX_CHUNKS"": 1, ""SAD_ORDINARY_BLOCK_THREADS"": 128, ""SAD_QAOA_BD_FUSION"": 1, ""SAD_REGISTER_BITS"": 2, ""SAD_ROTATION_WARP_ATOMIC"": 0, ""SAD_SHARED_DIAGONAL_BLOCK_THREADS"": 128}",,,10,3,1051.9600595,1052.0053091,298.1446315,9.6622133,744.1984643,ok,
2026-08-23T12:18:11.096952+00:00,reduction:28:66d53f699dd28758,reduction,mera,28,5,"{""backward_register_bits"": 2, ""backward_threads"": 128, ""diagonal_threads"": 64, ""diagonal_warp_atomic"": 0, ""forward_register_bits"": 2, ""forward_threads"": 256, ""legacy_reduction"": 1, ""lookup_bits"": 8, ""mailbox_chunks"": 1, ""ordinary_threads"": 64, ""rotation_warp_atomic"": 0, ""shared_diagonal_threads"": 128}","{""SAD_BLOCK_THREADS"": 128, ""SAD_DIAGONAL_BLOCK_THREADS"": 64, ""SAD_DIAGONAL_LOOKUP_BITS"": 8, ""SAD_DIAGONAL_WARP_ATOMIC"": 0, ""SAD_FORWARD_BLOCK_THREADS"": 256, ""SAD_FORWARD_REGISTER_BITS"": 2, ""SAD_LEGACY_BLOCK_REDUCTION"": 1, ""SAD_MAILBOX_CHUNKS"": 1, ""SAD_ORDINARY_BLOCK_THREADS"": 64, ""SAD_QAOA_BD_FUSION"": 1, ""SAD_REGISTER_BITS"": 2, ""SAD_ROTATION_WARP_ATOMIC"": 0, ""SAD_SHARED_DIAGONAL_BLOCK_THREADS"": 128}",,,10,3,1051.2077185,1051.3499604,298.3414522,9.6396251,743.3688831,ok,
2026-08-23T12:18:43.665543+00:00,reduction:28:d74b30b56087d0b6,reduction,mera,28,5,"{""backward_register_bits"": 2, ""backward_threads"": 128, ""diagonal_threads"": 64, ""diagonal_warp_atomic"": 0, ""forward_register_bits"": 2, ""forward_threads"": 256, ""legacy_reduction"": 0, ""lookup_bits"": 8, ""mailbox_chunks"": 1, ""ordinary_threads"": 64, ""rotation_warp_atomic"": 0, ""shared_diagonal_threads"": 128}","{""SAD_BLOCK_THREADS"": 128, ""SAD_DIAGONAL_BLOCK_THREADS"": 64, ""SAD_DIAGONAL_LOOKUP_BITS"": 8, ""SAD_DIAGONAL_WARP_ATOMIC"": 0, ""SAD_FORWARD_BLOCK_THREADS"": 256, ""SAD_FORWARD_REGISTER_BITS"": 2, ""SAD_LEGACY_BLOCK_REDUCTION"": 0, ""SAD_MAILBOX_CHUNKS"": 1, ""SAD_ORDINARY_BLOCK_THREADS"": 64, ""SAD_QAOA_BD_FUSION"": 1, ""SAD_REGISTER_BITS"": 2, ""SAD_ROTATION_WARP_ATOMIC"": 0, ""SAD_SHARED_DIAGONAL_BLOCK_THREADS"": 128}",,,10,3,1036.9850130000002,1036.8173250999998,298.2299954,9.6350688,728.9522609,ok,
2026-08-23T12:19:14.547316+00:00,reduction:28:de64238da1cc30bb,reduction,mera,28,5,"{""backward_register_bits"": 2, ""backward_threads"": 128, ""diagonal_threads"": 64, ""diagonal_warp_atomic"": 0, ""forward_register_bits"": 2, ""forward_threads"": 256, ""legacy_reduction"": 0, ""lookup_bits"": 8, ""mailbox_chunks"": 1, ""ordinary_threads"": 64, ""rotation_warp_atomic"": 1, ""shared_diagonal_threads"": 128}","{""SAD_BLOCK_THREADS"": 128, ""SAD_DIAGONAL_BLOCK_THREADS"": 64, ""SAD_DIAGONAL_LOOKUP_BITS"": 8, ""SAD_DIAGONAL_WARP_ATOMIC"": 0, ""SAD_FORWARD_BLOCK_THREADS"": 256, ""SAD_FORWARD_REGISTER_BITS"": 2, ""SAD_LEGACY_BLOCK_REDUCTION"": 0, ""SAD_MAILBOX_CHUNKS"": 1, ""SAD_ORDINARY_BLOCK_THREADS"": 64, ""SAD_QAOA_BD_FUSION"": 1, ""SAD_REGISTER_BITS"": 2, ""SAD_ROTATION_WARP_ATOMIC"": 1, ""SAD_SHARED_DIAGONAL_BLOCK_THREADS"": 128}",,,10,3,1024.609718,1024.9231108000001,298.1848428,9.6263934,717.1118746000001,ok,
