timestamp_utc,run_id,candidate_key,status,error,circuit,qubits,layers,precision,random_seed,forward_threads,forward_register_bits,backward_threads,backward_register_bits,mailbox_chunks,partition_level,phase_family_forward,phase_family_backward,phase_count_forward,phase_count_backward,forward_phase_plan,backward_phase_plan,forward_pair_counts,backward_pair_counts,rzz_strategy,execution_profile,steps,warmup_steps,repetitions,median_ms,mean_ms,min_ms,max_ms,std_ms,forward_ms,hamiltonian_ms,backward_ms,energy_abs_error,gradient_max_abs_error,kernel_variant,library_path
2026-08-23T05:02:57.322493+00:00,20260823T050257,joint:qaoa:22:6c0e19841935fb15,ok,,qaoa,22,8,float64,42,32,2,32,2,1,0.25,rotation,rotation,8,8,compact:L3R0W0-L3R0W0-L3R0W0-L3R0W0-L3R0W0-L3R0W0-L2R0W0-L2R0W0,compact:L3R0W0-L3R0W0-L3R0W0-L3R0W0-L3R0W0-L3R0W0-L2R0W0-L2R0W0,,,split,optimized,3,3,3,27.001474,27.004082333333333,26.98601,27.024763,0.01592799012918926,6.525203333333334,0.14555833333333332,20.33332066666667,,,custom:libsad_search_3cb67c7e18cc99.so,/home/rzzhang/sad_merged/sad/build/libsad_search_3cb67c7e18cc99.so
2026-08-23T05:02:57.529704+00:00,20260823T050257,joint:qaoa:22:95d912fa6f9af225,ok,,qaoa,22,8,float64,42,128,2,128,2,1,0.25,rotation,rotation,8,8,compact:L3R0W0-L3R0W0-L3R0W0-L3R0W0-L3R0W0-L3R0W0-L2R0W0-L2R0W0,compact:L3R0W0-L3R0W0-L3R0W0-L3R0W0-L3R0W0-L3R0W0-L2R0W0-L2R0W0,,,split,optimized,3,3,3,26.220056,26.223516,26.219188,26.231304,0.005518336947548437,6.187614333333333,0.14028466666666667,19.895617,,,custom:libsad_search_9361435758c99d.so,/home/rzzhang/sad_merged/sad/build/libsad_search_9361435758c99d.so
2026-08-23T05:02:57.717540+00:00,20260823T050257,joint:qaoa:14:c4a34b37d8a19191,ok,,qaoa,14,8,float64,42,128,2,128,2,2,0.5,rotation,rotation,8,8,compact:L2R0W0-L2R0W0-L2R0W0-L2R0W0-L2R0W0-L2R0W0-L1R0W0-L1R0W0,compact:L2R0W0-L2R0W0-L2R0W0-L2R0W0-L2R0W0-L2R0W0-L1R0W0-L1R0W0,,,split,optimized,10,3,10,0.9088325,0.9107077,0.9070429999999999,0.915461,0.003456546109919588,0.37314660000000005,0.0156699,0.5218912,,,custom:libsad_search_d02bea87aa5c56.so,/home/rzzhang/sad_merged/sad/build/libsad_search_d02bea87aa5c56.so
2026-08-23T05:02:57.743950+00:00,20260823T050257,joint:qaoa:8:df9442acbaff551c,ok,,qaoa,8,8,float64,42,32,2,32,2,2,0.5,rotation,rotation,5,5,compact:L2R0W0-L2R0W0-L2R0W0-L1R0W0-L1R0W0,compact:L2R0W0-L2R0W0-L2R0W0-L1R0W0-L1R0W0,,,merged,optimized,20,3,20,0.3666685,0.3669595,0.365428,0.368645,0.0007595460157225505,0.15515774999999998,0.01539965,0.1964021,,,custom:libsad_search_dcff342f285260.so,/home/rzzhang/sad_merged/sad/build/libsad_search_dcff342f285260.so
2026-08-23T05:02:57.765480+00:00,20260823T050257,joint:qaoa:8:ca4af1e010277489,ok,,qaoa,8,8,float64,42,128,2,32,2,1,0.5,rotation,rotation,4,5,compact:L2R0W0-L2R0W0-L2R0W0-L2R0W0,compact:L2R0W0-L2R0W0-L2R0W0-L1R0W0-L1R0W0,,,merged,optimized,20,3,20,0.36035,0.3601454,0.358329,0.361532,0.0006579063307189007,0.14804060000000002,0.0154675,0.1966373,,,custom:libsad_search_5851e15f736f52.so,/home/rzzhang/sad_merged/sad/build/libsad_search_5851e15f736f52.so
2026-08-23T05:02:57.787188+00:00,20260823T050257,joint:qaoa:16:f312fe69487c4d76,ok,,qaoa,16,8,float64,42,128,2,32,2,2,0.25,rotation,rotation,6,6,compact:L3R0W0-L3R0W0-L3R0W0-L3R0W0-L2R0W0-L2R0W0,compact:L3R0W0-L3R0W0-L3R0W0-L3R0W0-L2R0W0-L2R0W0,,,merged,optimized,5,3,5,0.817043,0.8166934000000001,0.816061,0.8171210000000001,0.0004752946875360526,0.3362504,0.0155564,0.4648865999999999,,,custom:libsad_search_d014591f51543a.so,/home/rzzhang/sad_merged/sad/build/libsad_search_d014591f51543a.so
2026-08-23T05:02:57.808470+00:00,20260823T050257,joint:qaoa:18:568e8fff5f78d2db,ok,,qaoa,18,8,float64,42,32,2,128,2,2,1.0,rotation,rotation,18,18,compact:L1R0W0-L1R0W0-L1R0W0-L1R0W0-L1R0W0-L1R0W0-L1R0W0-L1R0W0-L1R0W0-L1R0W0-L1R0W0-L1R0W0-L1R0W0-L1R0W0-L1R0W0-L1R0W0-L1R0W0-L1R0W0,compact:L1R0W0-L1R0W0-L1R0W0-L1R0W0-L1R0W0-L1R0W0-L1R0W0-L1R0W0-L1R0W0-L1R0W0-L1R0W0-L1R0W0-L1R0W0-L1R0W0-L1R0W0-L1R0W0-L1R0W0-L1R0W0,,,merged,optimized,5,3,5,3.209163,3.1802648000000002,3.05251,3.219348,0.06399692453048048,1.2679449999999999,0.017473,1.8948468,,,custom:libsad_search_fce412939d20fb.so,/home/rzzhang/sad_merged/sad/build/libsad_search_fce412939d20fb.so
2026-08-23T05:02:57.847011+00:00,20260823T050257,joint:qaoa:24:30069cc67962ab38,ok,,qaoa,24,8,float64,42,64,2,64,2,2,0.25,rotation,rotation,8,8,compact:L3R0W0-L3R0W0-L3R0W0-L3R0W0-L3R0W0-L3R0W0-L3R0W0-L3R0W0,compact:L3R0W0-L3R0W0-L3R0W0-L3R0W0-L3R0W0-L3R0W0-L3R0W0-L3R0W0,,,split,optimized,3,3,3,116.568364,116.62343866666667,116.512273,116.789679,0.11975930413496078,38.082204000000004,0.6254063333333334,77.91582833333334,,,custom:libsad_search_20c37ff249ec0a.so,/home/rzzhang/sad_merged/sad/build/libsad_search_20c37ff249ec0a.so
2026-08-23T05:02:58.578534+00:00,20260823T050257,joint:qaoa:12:4c9f9ffa0ea808a9,ok,,qaoa,12,8,float64,42,64,2,64,2,2,1.0,rotation,rotation,12,12,compact:L1R0W0-L1R0W0-L1R0W0-L1R0W0-L1R0W0-L1R0W0-L1R0W0-L1R0W0-L1R0W0-L1R0W0-L1R0W0-L1R0W0,compact:L1R0W0-L1R0W0-L1R0W0-L1R0W0-L1R0W0-L1R0W0-L1R0W0-L1R0W0-L1R0W0-L1R0W0-L1R0W0-L1R0W0,,,split,optimized,10,3,10,0.9389225,0.9361896999999999,0.9316920000000001,0.939995,0.003628604002919024,0.42085609999999996,0.015412499999999999,0.4999211,,,custom:libsad_search_20c37ff249ec0a.so,/home/rzzhang/sad_merged/sad/build/libsad_search_20c37ff249ec0a.so
2026-08-23T05:02:58.603667+00:00,20260823T050257,joint:qaoa:8:dcc06304a660bf4b,ok,,qaoa,8,8,float64,42,64,2,64,2,2,0.25,rotation,rotation,3,3,compact:L3R0W0-L3R0W0-L2R0W0,compact:L3R0W0-L3R0W0-L2R0W0,,,split,optimized,20,3,20,0.286673,0.28662455,0.285762,0.287642,0.00036205351469085654,0.1054737,0.015333950000000002,0.1658169,,,custom:libsad_search_20c37ff249ec0a.so,/home/rzzhang/sad_merged/sad/build/libsad_search_20c37ff249ec0a.so
2026-08-23T05:02:58.623702+00:00,20260823T050257,joint:qaoa:8:cb7654ec631303ec,ok,,qaoa,8,8,float64,42,128,2,32,2,1,0.0,legacy,legacy,0,0,,,,,not_applicable,legacy-generic,20,3,20,0.228321,0.22831070000000003,0.227218,0.230272,0.0006460787955040789,0.07924865,0.01516465,0.13389739999999997,,,custom:libsad_search_eaf59e83158800.so,/home/rzzhang/sad_merged/sad/build/libsad_search_eaf59e83158800.so
2026-08-23T05:02:58.645992+00:00,20260823T050257,joint:qaoa:18:1c38dcfd4a4281b6,ok,,qaoa,18,8,float64,42,64,2,64,2,2,0.0,rotation,rotation,3,3,compact:L5R1W0-L5R1W0-L5R1W0,compact:L5R1W0-L5R1W0-L5R1W0,,,merged,optimized,5,3,5,1.6670269999999998,1.6698548,1.665947,1.6751470000000002,0.0039536640423789475,0.477875,0.0184544,1.1735254,,,custom:libsad_search_97eec9f2a848ec.so,/home/rzzhang/sad_merged/sad/build/libsad_search_97eec9f2a848ec.so
2026-08-23T05:02:58.674423+00:00,20260823T050257,joint:qaoa:24:63ad10035320f6b2,ok,,qaoa,24,8,float64,42,128,2,128,2,2,1.0,rotation,rotation,24,24,compact:L1R0W0-L1R0W0-L1R0W0-L1R0W0-L1R0W0-L1R0W0-L1R0W0-L1R0W0-L1R0W0-L1R0W0-L1R0W0-L1R0W0-L1R0W0-L1R0W0-L1R0W0-L1R0W0-L1R0W0-L1R0W0-L1R0W0-L1R0W0-L1R0W0-L1R0W0-L1R0W0-L1R0W0,compact:L1R0W0-L1R0W0-L1R0W0-L1R0W0-L1R0W0-L1R0W0-L1R0W0-L1R0W0-L1R0W0-L1R0W0-L1R0W0-L1R0W0-L1R0W0-L1R0W0-L1R0W0-L1R0W0-L1R0W0-L1R0W0-L1R0W0-L1R0W0-L1R0W0-L1R0W0-L1R0W0-L1R0W0,,,merged,optimized,3,3,3,341.990189,341.97375399999993,341.778445,342.152628,0.15320098191809584,114.07725966666666,0.6390696666666666,227.25742466666668,,,custom:libsad_search_b969ada61d8a74.so,/home/rzzhang/sad_merged/sad/build/libsad_search_b969ada61d8a74.so
2026-08-23T05:03:00.756512+00:00,20260823T050257,joint:qaoa:28:4861c953aa2228bb,ok,,qaoa,28,8,float64,42,64,2,64,2,2,0.0,rotation,rotation,4,4,compact:L5R2W0-L5R2W0-L5R2W0-L5R2W0,compact:L5R2W0-L5R2W0-L5R2W0-L5R2W0,,,split,optimized,2,3,2,1771.146725,1771.146725,1770.9351900000001,1771.35826,0.21153499999991254,448.712663,9.9608825,1312.4731795,,,custom:libsad_search_20c37ff249ec0a.so,/home/rzzhang/sad_merged/sad/build/libsad_search_20c37ff249ec0a.so
2026-08-23T05:03:09.644425+00:00,20260823T050257,joint:qaoa:20:dd8e0675912db51c,ok,,qaoa,20,8,float64,42,128,2,128,2,2,0.75,rotation,rotation,16,16,compact:L2R0W0-L2R0W0-L2R0W0-L2R0W0-L1R0W0-L1R0W0-L1R0W0-L1R0W0-L1R0W0-L1R0W0-L1R0W0-L1R0W0-L1R0W0-L1R0W0-L1R0W0-L1R0W0,compact:L2R0W0-L2R0W0-L2R0W0-L2R0W0-L1R0W0-L1R0W0-L1R0W0-L1R0W0-L1R0W0-L1R0W0-L1R0W0-L1R0W0-L1R0W0-L1R0W0-L1R0W0-L1R0W0,,,merged,optimized,5,3,5,7.576459999999999,7.5785038,7.574509,7.5857,0.003935463296741692,2.625178,0.0401684,4.913157399999999,,,custom:libsad_search_b969ada61d8a74.so,/home/rzzhang/sad_merged/sad/build/libsad_search_b969ada61d8a74.so
2026-08-23T05:03:09.740947+00:00,20260823T050257,joint:qaoa:6:0e5efa9fb94009f7,ok,,qaoa,6,8,float64,42,64,2,64,2,1,0.0,rotation,rotation,1,1,compact:L5R1W0,compact:L5R1W0,,,merged,optimized,20,3,20,0.1434085,0.1437804,0.14319300000000001,0.145308,0.000590582796904882,0.04109105,0.01560365,0.0870857,,,custom:libsad_search_7e5293342e215a.so,/home/rzzhang/sad_merged/sad/build/libsad_search_7e5293342e215a.so
2026-08-23T05:03:09.765896+00:00,20260823T050257,joint:qaoa:4:d7f4def9c64fdef6,ok,,qaoa,4,8,float64,42,128,2,128,2,1,1.0,rotation,rotation,4,4,compact:L1R0W0-L1R0W0-L1R0W0-L1R0W0,compact:L1R0W0-L1R0W0-L1R0W0-L1R0W0,,,split,optimized,20,3,20,0.26821249999999996,0.2668178,0.26115700000000003,0.26930499999999996,0.002943689124211311,0.10468125,0.01544345,0.14669310000000002,,,custom:libsad_search_9361435758c99d.so,/home/rzzhang/sad_merged/sad/build/libsad_search_9361435758c99d.so
2026-08-23T05:03:09.791506+00:00,20260823T050257,joint:qaoa:24:4a10b6a1d3d3051f,ok,,qaoa,24,8,float64,42,32,2,32,2,1,0.0,rotation,rotation,4,4,compact:L5R1W0-L5R1W0-L5R1W0-L5R1W0,compact:L5R1W0-L5R1W0-L5R1W0-L5R1W0,,,split,optimized,3,3,3,94.414627,94.41428966666666,94.39737099999999,94.430871,0.013678397696937917,24.83913,0.6164563333333333,68.95870333333333,,,custom:libsad_search_3cb67c7e18cc99.so,/home/rzzhang/sad_merged/sad/build/libsad_search_3cb67c7e18cc99.so
2026-08-23T05:03:10.403189+00:00,20260823T050257,joint:qaoa:20:9740bb834b67f3a2,ok,,qaoa,20,8,float64,42,128,2,32,2,1,0.0,legacy,legacy,0,0,,,,,not_applicable,legacy-generic,5,3,5,5.565443999999999,5.5656806,5.564121,5.567155,0.0010212703070196052,1.551247,0.040272199999999994,3.9741614,,,custom:libsad_search_eaf59e83158800.so,/home/rzzhang/sad_merged/sad/build/libsad_search_eaf59e83158800.so
2026-08-23T05:03:10.462915+00:00,20260823T050257,joint:qaoa:22:035b662228d3c26e,ok,,qaoa,22,8,float64,42,32,2,32,2,1,0.5,rotation,rotation,13,13,compact:L2R0W0-L2R0W0-L2R0W0-L2R0W0-L2R0W0-L2R0W0-L2R0W0-L2R0W0-L2R0W0-L1R0W0-L1R0W0-L1R0W0-L1R0W0,compact:L2R0W0-L2R0W0-L2R0W0-L2R0W0-L2R0W0-L2R0W0-L2R0W0-L2R0W0-L2R0W0-L1R0W0-L1R0W0-L1R0W0-L1R0W0,,,split,optimized,3,3,3,39.72097,39.658858,39.520857,39.734747,0.0977434002307404,8.454775666666666,0.14648799999999998,31.05759433333333,,,custom:libsad_search_3cb67c7e18cc99.so,/home/rzzhang/sad_merged/sad/build/libsad_search_3cb67c7e18cc99.so
2026-08-23T05:03:10.733658+00:00,20260823T050257,joint:qaoa:18:f85d78f9209504da,ok,,qaoa,18,8,float64,42,64,2,64,2,1,0.0,rotation,rotation,3,3,compact:L5R1W0-L5R1W0-L5R1W0,compact:L5R1W0-L5R1W0-L5R1W0,,,merged,optimized,5,3,5,1.689455,1.690562,1.688625,1.695681,0.0025834099945614337,0.4750232,0.0170438,1.1984949999999999,,,custom:libsad_search_7e5293342e215a.so,/home/rzzhang/sad_merged/sad/build/libsad_search_7e5293342e215a.so
2026-08-23T05:03:10.761849+00:00,20260823T050257,joint:qaoa:20:63dcbdf4be4f046f,ok,,qaoa,20,8,float64,42,64,2,64,2,2,0.5,rotation,rotation,12,12,compact:L2R0W0-L2R0W0-L2R0W0-L2R0W0-L2R0W0-L2R0W0-L2R0W0-L2R0W0-L1R0W0-L1R0W0-L1R0W0-L1R0W0,compact:L2R0W0-L2R0W0-L2R0W0-L2R0W0-L2R0W0-L2R0W0-L2R0W0-L2R0W0-L1R0W0-L1R0W0-L1R0W0-L1R0W0,,,merged,optimized,5,3,5,6.858558,6.860855600000001,6.857689000000001,6.868873,0.004124304528038431,2.1716966,0.039819,4.6493400000000005,,,custom:libsad_search_97eec9f2a848ec.so,/home/rzzhang/sad_merged/sad/build/libsad_search_97eec9f2a848ec.so
2026-08-23T05:03:10.832075+00:00,20260823T050257,joint:qaoa:18:24a5959e74543e4e,ok,,qaoa,18,8,float64,42,128,2,32,2,2,0.75,rotation,rotation,14,14,compact:L2R0W0-L2R0W0-L2R0W0-L2R0W0-L1R0W0-L1R0W0-L1R0W0-L1R0W0-L1R0W0-L1R0W0-L1R0W0-L1R0W0-L1R0W0-L1R0W0,compact:L2R0W0-L2R0W0-L2R0W0-L2R0W0-L1R0W0-L1R0W0-L1R0W0-L1R0W0-L1R0W0-L1R0W0-L1R0W0-L1R0W0-L1R0W0-L1R0W0,,,merged,optimized,5,3,5,2.723885,2.7264254,2.7217700000000002,2.731831,0.004080019147013844,1.1002526000000001,0.0170574,1.6091154,,,custom:libsad_search_d014591f51543a.so,/home/rzzhang/sad_merged/sad/build/libsad_search_d014591f51543a.so
2026-08-23T05:03:10.868548+00:00,20260823T050257,joint:qaoa:4:1d87527142664bd7,ok,,qaoa,4,8,float64,42,32,2,128,2,2,0.25,rotation,rotation,2,2,compact:L2R0W0-L2R0W0,compact:L2R0W0-L2R0W0,,,merged,optimized,20,3,20,0.190477,0.18940010000000002,0.18321,0.191547,0.002847600461792342,0.0577458,0.01528325,0.11637105,,,custom:libsad_search_fce412939d20fb.so,/home/rzzhang/sad_merged/sad/build/libsad_search_fce412939d20fb.so
2026-08-23T05:03:10.889933+00:00,20260823T050257,joint:qaoa:6:df865dc789b0340b,ok,,qaoa,6,8,float64,42,32,2,32,2,1,1.0,rotation,rotation,6,6,compact:L1R0W0-L1R0W0-L1R0W0-L1R0W0-L1R0W0-L1R0W0,compact:L1R0W0-L1R0W0-L1R0W0-L1R0W0-L1R0W0-L1R0W0,,,merged,optimized,20,3,20,0.369536,0.36942235,0.368525,0.37165899999999996,0.0007635096119237729,0.15939445,0.01532175,0.19470615,,,custom:libsad_search_f9cdaf042a7bd6.so,/home/rzzhang/sad_merged/sad/build/libsad_search_f9cdaf042a7bd6.so
2026-08-23T05:03:10.912969+00:00,20260823T050257,joint:qaoa:18:57571f532602bb49,ok,,qaoa,18,8,float64,42,64,2,64,2,2,0.25,rotation,rotation,7,7,compact:L3R0W0-L3R0W0-L3R0W0-L3R0W0-L2R0W0-L2R0W0-L2R0W0,compact:L3R0W0-L3R0W0-L3R0W0-L3R0W0-L2R0W0-L2R0W0-L2R0W0,,,merged,optimized,5,3,5,1.944463,1.944081,1.9373070000000001,1.9507269999999999,0.005921275909801882,0.6553148,0.0202016,1.2685646,,,custom:libsad_search_97eec9f2a848ec.so,/home/rzzhang/sad_merged/sad/build/libsad_search_97eec9f2a848ec.so
2026-08-23T05:03:10.942827+00:00,20260823T050257,joint:qaoa:16:8aa64d68ad08aee3,ok,,qaoa,16,8,float64,42,32,2,128,2,1,0.0,rotation,rotation,3,2,compact:L5R1W0-L5R0W0-L5R0W0,compact:L5R2W1-L5R2W1,,,merged,optimized,5,3,5,0.617454,0.6172598,0.616348,0.617604,0.0004654126770942244,0.21257939999999997,0.015758800000000003,0.38892160000000003,,,custom:libsad_search_2a8327787a9aac.so,/home/rzzhang/sad_merged/sad/build/libsad_search_2a8327787a9aac.so
2026-08-23T05:03:10.965097+00:00,20260823T050257,joint:qaoa:22:4124ba7d592dabc9,ok,,qaoa,22,8,float64,42,32,2,128,2,2,0.0,rotation,rotation,4,3,compact:L5R1W0-L5R1W0-L5R0W0-L5R0W0,compact:L5R2W1-L5R2W0-L5R2W0,,,split,optimized,3,3,3,24.71589,24.71758566666667,24.711734,24.725133,0.005599985972204341,6.529872999999999,0.14641666666666667,18.041296,,,custom:libsad_search_2a0e4369743c84.so,/home/rzzhang/sad_merged/sad/build/libsad_search_2a0e4369743c84.so
2026-08-23T05:03:11.146408+00:00,20260823T050257,joint:qaoa:16:2f84e1e8b9af9389,ok,,qaoa,16,8,float64,42,128,2,32,2,2,1.0,rotation,rotation,16,16,compact:L1R0W0-L1R0W0-L1R0W0-L1R0W0-L1R0W0-L1R0W0-L1R0W0-L1R0W0-L1R0W0-L1R0W0-L1R0W0-L1R0W0-L1R0W0-L1R0W0-L1R0W0-L1R0W0,compact:L1R0W0-L1R0W0-L1R0W0-L1R0W0-L1R0W0-L1R0W0-L1R0W0-L1R0W0-L1R0W0-L1R0W0-L1R0W0-L1R0W0-L1R0W0-L1R0W0-L1R0W0-L1R0W0,,,merged,optimized,5,3,5,1.754004,1.7540572,1.753148,1.755065,0.0006100470145817216,0.8216252,0.0156494,0.9167826000000001,,,custom:libsad_search_d014591f51543a.so,/home/rzzhang/sad_merged/sad/build/libsad_search_d014591f51543a.so
2026-08-23T05:03:11.174824+00:00,20260823T050257,joint:qaoa:28:9f21e16da03ec5c5,ok,,qaoa,28,8,float64,42,128,2,32,2,1,0.25,rotation,rotation,10,10,compact:L3R0W0-L3R0W0-L3R0W0-L3R0W0-L3R0W0-L3R0W0-L3R0W0-L3R0W0-L2R0W0-L2R0W0,compact:L3R0W0-L3R0W0-L3R0W0-L3R0W0-L3R0W0-L3R0W0-L3R0W0-L3R0W0-L2R0W0-L2R0W0,,,split,optimized,2,3,2,2303.4598975,2303.4598975,2303.322032,2303.5977629999998,0.13786549999986164,755.87782,9.975960500000001,1537.606117,,,custom:libsad_search_7259903b8346c4.so,/home/rzzhang/sad_merged/sad/build/libsad_search_7259903b8346c4.so
2026-08-23T05:03:22.724280+00:00,20260823T050257,joint:qaoa:28:3bbb9ce8b2c6adcb,ok,,qaoa,28,8,float64,42,64,2,64,2,2,0.5,rotation,rotation,16,16,compact:L2R0W0-L2R0W0-L2R0W0-L2R0W0-L2R0W0-L2R0W0-L2R0W0-L2R0W0-L2R0W0-L2R0W0-L2R0W0-L2R0W0-L1R0W0-L1R0W0-L1R0W0-L1R0W0,compact:L2R0W0-L2R0W0-L2R0W0-L2R0W0-L2R0W0-L2R0W0-L2R0W0-L2R0W0-L2R0W0-L2R0W0-L2R0W0-L2R0W0-L1R0W0-L1R0W0-L1R0W0-L1R0W0,,,merged,optimized,2,3,2,3636.9641925000005,3636.9641925000005,3636.9073160000003,3637.0210690000004,0.05687650000004396,1208.406538,10.000572,2418.5570825,,,custom:libsad_search_97eec9f2a848ec.so,/home/rzzhang/sad_merged/sad/build/libsad_search_97eec9f2a848ec.so
2026-08-23T05:03:41.199786+00:00,20260823T050257,joint:qaoa:16:280f0a37f37f0552,ok,,qaoa,16,8,float64,42,32,2,32,2,2,0.75,rotation,rotation,13,13,compact:L2R0W0-L2R0W0-L2R0W0-L1R0W0-L1R0W0-L1R0W0-L1R0W0-L1R0W0-L1R0W0-L1R0W0-L1R0W0-L1R0W0-L1R0W0,compact:L2R0W0-L2R0W0-L2R0W0-L1R0W0-L1R0W0-L1R0W0-L1R0W0-L1R0W0-L1R0W0-L1R0W0-L1R0W0-L1R0W0-L1R0W0,,,split,optimized,5,3,5,1.333182,1.3331579999999998,1.332069,1.334247,0.0006956326616828854,0.5779612,0.0154162,0.7397806,,,custom:libsad_search_16d9d6cef53b3d.so,/home/rzzhang/sad_merged/sad/build/libsad_search_16d9d6cef53b3d.so
2026-08-23T05:03:41.229134+00:00,20260823T050257,joint:qaoa:4:57cb8679ece54538,ok,,qaoa,4,8,float64,42,128,2,128,2,1,0.5,rotation,rotation,2,2,compact:L2R0W0-L2R0W0,compact:L2R0W0-L2R0W0,,,split,optimized,20,3,20,0.1894095,0.1894989,0.18926199999999999,0.190543,0.00032012402284114654,0.06342260000000001,0.015443600000000002,0.1106327,,,custom:libsad_search_9361435758c99d.so,/home/rzzhang/sad_merged/sad/build/libsad_search_9361435758c99d.so
2026-08-23T05:03:41.247911+00:00,20260823T050257,joint:qaoa:6:4fbaf802125a7a37,ok,,qaoa,6,8,float64,42,128,2,128,2,1,0.0,legacy,legacy,0,0,,,,,not_applicable,legacy-generic,20,3,20,0.2098885,0.21003615,0.209787,0.210992,0.0003749332307224889,0.06723155,0.01567995,0.12712465,,,custom:libsad_search_78e231cd0d5107.so,/home/rzzhang/sad_merged/sad/build/libsad_search_78e231cd0d5107.so
2026-08-23T05:03:41.267017+00:00,20260823T050257,joint:qaoa:6:3e1c2922f6cf8dd2,ok,,qaoa,6,8,float64,42,128,2,32,2,2,0.0,rotation,rotation,1,1,compact:L5R1W0,compact:L5R1W0,,,split,optimized,20,3,20,0.14628750000000001,0.14592765000000002,0.145303,0.14642,0.0004940575143644733,0.051640149999999996,0.0154692,0.0788183,,,custom:libsad_search_3b115211f38255.so,/home/rzzhang/sad_merged/sad/build/libsad_search_3b115211f38255.so
2026-08-23T05:03:41.284761+00:00,20260823T050257,joint:qaoa:22:ed5ba426f7f106be,ok,,qaoa,22,8,float64,42,32,2,32,2,1,0.5,rotation,rotation,13,13,compact:L2R0W0-L2R0W0-L2R0W0-L2R0W0-L2R0W0-L2R0W0-L2R0W0-L2R0W0-L2R0W0-L1R0W0-L1R0W0-L1R0W0-L1R0W0,compact:L2R0W0-L2R0W0-L2R0W0-L2R0W0-L2R0W0-L2R0W0-L2R0W0-L2R0W0-L2R0W0-L1R0W0-L1R0W0-L1R0W0-L1R0W0,,,merged,optimized,3,3,3,40.99624,40.52355633333333,39.577034999999995,40.997394,0.6692918191493344,8.441463,0.14933633333333332,31.932757,,,custom:libsad_search_f9cdaf042a7bd6.so,/home/rzzhang/sad_merged/sad/build/libsad_search_f9cdaf042a7bd6.so
2026-08-23T05:03:41.560682+00:00,20260823T050257,joint:qaoa:22:3903dcf7fad18ca2,ok,,qaoa,22,8,float64,42,128,2,128,2,2,0.0,rotation,rotation,3,3,compact:L5R2W1-L5R2W0-L5R2W0,compact:L5R2W1-L5R2W0-L5R2W0,,,split,optimized,3,3,3,23.483150000000002,23.483737666666666,23.479005,23.489058,0.004125103338772529,5.564195333333333,0.14228333333333334,17.777259,,,custom:libsad_search_d02bea87aa5c56.so,/home/rzzhang/sad_merged/sad/build/libsad_search_d02bea87aa5c56.so
2026-08-23T05:03:41.721635+00:00,20260823T050257,joint:qaoa:16:49a484233e4374d0,ok,,qaoa,16,8,float64,42,32,2,128,2,2,0.75,rotation,rotation,13,12,compact:L2R0W0-L2R0W0-L2R0W0-L1R0W0-L1R0W0-L1R0W0-L1R0W0-L1R0W0-L1R0W0-L1R0W0-L1R0W0-L1R0W0-L1R0W0,compact:L2R0W0-L2R0W0-L2R0W0-L2R0W0-L1R0W0-L1R0W0-L1R0W0-L1R0W0-L1R0W0-L1R0W0-L1R0W0-L1R0W0,,,split,optimized,5,3,5,1.41826,1.4202252,1.418147,1.4253289999999998,0.002797758988905122,0.5958044,0.015455400000000001,0.8089654,,,custom:libsad_search_2a0e4369743c84.so,/home/rzzhang/sad_merged/sad/build/libsad_search_2a0e4369743c84.so
2026-08-23T05:03:41.742610+00:00,20260823T050257,joint:qaoa:20:ba3e56379759eeda,ok,,qaoa,20,8,float64,42,128,2,32,2,2,0.75,rotation,rotation,16,16,compact:L2R0W0-L2R0W0-L2R0W0-L2R0W0-L1R0W0-L1R0W0-L1R0W0-L1R0W0-L1R0W0-L1R0W0-L1R0W0-L1R0W0-L1R0W0-L1R0W0-L1R0W0-L1R0W0,compact:L2R0W0-L2R0W0-L2R0W0-L2R0W0-L1R0W0-L1R0W0-L1R0W0-L1R0W0-L1R0W0-L1R0W0-L1R0W0-L1R0W0-L1R0W0-L1R0W0-L1R0W0-L1R0W0,,,split,optimized,5,3,5,7.598956,7.5985574,7.593764999999999,7.601025,0.0025184120870106242,2.7020330000000006,0.04039179999999999,4.8561326000000005,,,custom:libsad_search_3b115211f38255.so,/home/rzzhang/sad_merged/sad/build/libsad_search_3b115211f38255.so
2026-08-23T05:03:41.813626+00:00,20260823T050257,joint:qaoa:16:b26172506f27891b,ok,,qaoa,16,8,float64,42,32,2,32,2,2,1.0,rotation,rotation,16,16,compact:L1R0W0-L1R0W0-L1R0W0-L1R0W0-L1R0W0-L1R0W0-L1R0W0-L1R0W0-L1R0W0-L1R0W0-L1R0W0-L1R0W0-L1R0W0-L1R0W0-L1R0W0-L1R0W0,compact:L1R0W0-L1R0W0-L1R0W0-L1R0W0-L1R0W0-L1R0W0-L1R0W0-L1R0W0-L1R0W0-L1R0W0-L1R0W0-L1R0W0-L1R0W0-L1R0W0-L1R0W0-L1R0W0,,,split,optimized,5,3,5,1.641625,1.641409,1.6394769999999999,1.6433239999999998,0.0013891195772862588,0.7274117999999999,0.0153188,0.8986783999999999,,,custom:libsad_search_16d9d6cef53b3d.so,/home/rzzhang/sad_merged/sad/build/libsad_search_16d9d6cef53b3d.so
2026-08-23T05:03:41.836109+00:00,20260823T050257,joint:qaoa:10:0f2936c237b871f8,ok,,qaoa,10,8,float64,42,128,2,128,2,1,0.75,rotation,rotation,8,8,compact:L2R0W0-L2R0W0-L1R0W0-L1R0W0-L1R0W0-L1R0W0-L1R0W0-L1R0W0,compact:L2R0W0-L2R0W0-L1R0W0-L1R0W0-L1R0W0-L1R0W0-L1R0W0-L1R0W0,,,split,optimized,10,3,10,0.7607945,0.7603791,0.7546700000000001,0.7628,0.002034980218577067,0.31620729999999997,0.015494699999999998,0.42867710000000003,,,custom:libsad_search_9361435758c99d.so,/home/rzzhang/sad_merged/sad/build/libsad_search_9361435758c99d.so
2026-08-23T05:03:41.855215+00:00,20260823T050257,joint:qaoa:18:10d617561b3f8867,ok,,qaoa,18,8,float64,42,32,2,32,2,1,0.5,rotation,rotation,10,10,compact:L2R0W0-L2R0W0-L2R0W0-L2R0W0-L2R0W0-L2R0W0-L2R0W0-L2R0W0-L1R0W0-L1R0W0,compact:L2R0W0-L2R0W0-L2R0W0-L2R0W0-L2R0W0-L2R0W0-L2R0W0-L2R0W0-L1R0W0-L1R0W0,,,split,optimized,5,3,5,2.205747,2.20545,2.200635,2.210731,0.0039055983408435675,0.8103408,0.0155802,1.379529,,,custom:libsad_search_3cb67c7e18cc99.so,/home/rzzhang/sad_merged/sad/build/libsad_search_3cb67c7e18cc99.so
2026-08-23T05:03:41.882931+00:00,20260823T050257,joint:qaoa:6:bab13b79e5c8113a,ok,,qaoa,6,8,float64,42,64,2,64,2,2,0.25,rotation,rotation,2,2,compact:L3R0W0-L3R0W0,compact:L3R0W0-L3R0W0,,,split,optimized,20,3,20,0.191451,0.19150055,0.190881,0.192574,0.0003132482202662948,0.0664793,0.015355450000000001,0.1096658,,,custom:libsad_search_20c37ff249ec0a.so,/home/rzzhang/sad_merged/sad/build/libsad_search_20c37ff249ec0a.so
2026-08-23T05:03:41.896589+00:00,20260823T050257,joint:qaoa:4:7d1bac448283a955,ok,,qaoa,4,8,float64,42,32,2,32,2,1,0.5,rotation,rotation,2,2,compact:L2R0W0-L2R0W0,compact:L2R0W0-L2R0W0,,,merged,optimized,20,3,20,0.1590185,0.1590856,0.157581,0.16016000000000002,0.0007160193014158236,0.05786940000000001,0.01531745,0.08589875000000001,,,custom:libsad_search_f9cdaf042a7bd6.so,/home/rzzhang/sad_merged/sad/build/libsad_search_f9cdaf042a7bd6.so
2026-08-23T05:03:41.908943+00:00,20260823T050257,joint:qaoa:14:19a18b6f46372baf,ok,,qaoa,14,8,float64,42,128,2,128,2,2,0.5,rotation,rotation,8,8,compact:L2R0W0-L2R0W0-L2R0W0-L2R0W0-L2R0W0-L2R0W0-L1R0W0-L1R0W0,compact:L2R0W0-L2R0W0-L2R0W0-L2R0W0-L2R0W0-L2R0W0-L1R0W0-L1R0W0,,,merged,optimized,10,3,10,0.9593885,0.9590222,0.9582900000000001,0.959546,0.0005288887973855879,0.39263770000000003,0.015568100000000001,0.5508164,,,custom:libsad_search_b969ada61d8a74.so,/home/rzzhang/sad_merged/sad/build/libsad_search_b969ada61d8a74.so
2026-08-23T05:03:41.930356+00:00,20260823T050257,joint:qaoa:26:7f8c008e3591edef,ok,,qaoa,26,8,float64,42,128,2,128,2,2,0.25,rotation,rotation,9,9,compact:L3R0W0-L3R0W0-L3R0W0-L3R0W0-L3R0W0-L3R0W0-L3R0W0-L3R0W0-L2R0W0,compact:L3R0W0-L3R0W0-L3R0W0-L3R0W0-L3R0W0-L3R0W0-L3R0W0-L3R0W0-L2R0W0,,,split,optimized,2,3,2,520.882349,520.882349,520.861427,520.903271,0.020921999999984564,170.560782,2.5098025,347.8117645,,,custom:libsad_search_d02bea87aa5c56.so,/home/rzzhang/sad_merged/sad/build/libsad_search_d02bea87aa5c56.so
2026-08-23T05:03:44.562277+00:00,20260823T050257,joint:qaoa:4:d453ebe5a2cd82b8,ok,,qaoa,4,8,float64,42,128,2,128,2,1,0.75,rotation,rotation,3,3,compact:L2R0W0-L1R0W0-L1R0W0,compact:L2R0W0-L1R0W0-L1R0W0,,,merged,optimized,20,3,20,0.2251465,0.2249282,0.224043,0.22619799999999998,0.0006438108107200404,0.08441270000000001,0.01540555,0.12510995,,,custom:libsad_search_8fbfac92ec4bef.so,/home/rzzhang/sad_merged/sad/build/libsad_search_8fbfac92ec4bef.so
2026-08-23T05:03:44.583228+00:00,20260823T050257,joint:qaoa:16:6be444d3b1b47b00,ok,,qaoa,16,8,float64,42,32,2,32,2,1,0.5,rotation,rotation,10,10,compact:L2R0W0-L2R0W0-L2R0W0-L2R0W0-L2R0W0-L2R0W0-L1R0W0-L1R0W0-L1R0W0-L1R0W0,compact:L2R0W0-L2R0W0-L2R0W0-L2R0W0-L2R0W0-L2R0W0-L1R0W0-L1R0W0-L1R0W0-L1R0W0,,,split,optimized,5,3,5,1.098599,1.0980802,1.096729,1.0987380000000002,0.0007744482939487021,0.4608208,0.0154858,0.6217735999999999,,,custom:libsad_search_3cb67c7e18cc99.so,/home/rzzhang/sad_merged/sad/build/libsad_search_3cb67c7e18cc99.so
2026-08-23T05:03:44.610653+00:00,20260823T050257,joint:qaoa:24:2c1d3671d8f5dca8,ok,,qaoa,24,8,float64,42,32,2,32,2,1,1.0,rotation,rotation,24,24,compact:L1R0W0-L1R0W0-L1R0W0-L1R0W0-L1R0W0-L1R0W0-L1R0W0-L1R0W0-L1R0W0-L1R0W0-L1R0W0-L1R0W0-L1R0W0-L1R0W0-L1R0W0-L1R0W0-L1R0W0-L1R0W0-L1R0W0-L1R0W0-L1R0W0-L1R0W0-L1R0W0-L1R0W0,compact:L1R0W0-L1R0W0-L1R0W0-L1R0W0-L1R0W0-L1R0W0-L1R0W0-L1R0W0-L1R0W0-L1R0W0-L1R0W0-L1R0W0-L1R0W0-L1R0W0-L1R0W0-L1R0W0-L1R0W0-L1R0W0-L1R0W0-L1R0W0-L1R0W0-L1R0W0-L1R0W0-L1R0W0,,,merged,optimized,3,3,3,340.994709,341.05710466666665,340.93388899999997,341.242716,0.1335750560454873,113.43826433333334,0.6465763333333333,226.972264,,,custom:libsad_search_f9cdaf042a7bd6.so,/home/rzzhang/sad_merged/sad/build/libsad_search_f9cdaf042a7bd6.so
2026-08-23T05:03:46.682078+00:00,20260823T050257,joint:qaoa:14:b89c3a55b88ea24d,ok,,qaoa,14,8,float64,42,128,2,128,2,1,0.75,rotation,rotation,11,11,compact:L2R0W0-L2R0W0-L2R0W0-L1R0W0-L1R0W0-L1R0W0-L1R0W0-L1R0W0-L1R0W0-L1R0W0-L1R0W0,compact:L2R0W0-L2R0W0-L2R0W0-L1R0W0-L1R0W0-L1R0W0-L1R0W0-L1R0W0-L1R0W0-L1R0W0-L1R0W0,,,split,optimized,10,3,10,1.141697,1.1417007,1.137566,1.145793,0.003441275927617558,0.49240009999999995,0.015522399999999999,0.6337782000000001,,,custom:libsad_search_9361435758c99d.so,/home/rzzhang/sad_merged/sad/build/libsad_search_9361435758c99d.so
2026-08-23T05:03:46.706702+00:00,20260823T050257,joint:qaoa:6:04fc13ad1bbc6dc5,ok,,qaoa,6,8,float64,42,128,2,128,2,1,0.5,rotation,rotation,4,4,compact:L2R0W0-L2R0W0-L1R0W0-L1R0W0,compact:L2R0W0-L2R0W0-L1R0W0-L1R0W0,,,merged,optimized,20,3,20,0.3194065,0.32021504999999995,0.31829899999999994,0.326646,0.002661812192379468,0.12304305,0.015351699999999998,0.18182030000000002,,,custom:libsad_search_8fbfac92ec4bef.so,/home/rzzhang/sad_merged/sad/build/libsad_search_8fbfac92ec4bef.so
2026-08-23T05:03:46.722914+00:00,20260823T050257,joint:qaoa:20:d7333ff3cd537558,ok,,qaoa,20,8,float64,42,128,2,32,2,1,0.75,rotation,rotation,16,16,compact:L2R0W0-L2R0W0-L2R0W0-L2R0W0-L1R0W0-L1R0W0-L1R0W0-L1R0W0-L1R0W0-L1R0W0-L1R0W0-L1R0W0-L1R0W0-L1R0W0-L1R0W0-L1R0W0,compact:L2R0W0-L2R0W0-L2R0W0-L2R0W0-L1R0W0-L1R0W0-L1R0W0-L1R0W0-L1R0W0-L1R0W0-L1R0W0-L1R0W0-L1R0W0-L1R0W0-L1R0W0-L1R0W0,,,merged,optimized,5,3,5,7.363399,7.362411200000001,7.351148,7.369639000000001,0.00648508594854414,2.6546168,0.040234400000000003,4.667559999999999,,,custom:libsad_search_5851e15f736f52.so,/home/rzzhang/sad_merged/sad/build/libsad_search_5851e15f736f52.so
2026-08-23T05:03:46.792559+00:00,20260823T050257,joint:qaoa:20:4bd57a2e0a891f83,ok,,qaoa,20,8,float64,42,64,2,64,2,2,0.5,rotation,rotation,12,12,compact:L2R0W0-L2R0W0-L2R0W0-L2R0W0-L2R0W0-L2R0W0-L2R0W0-L2R0W0-L1R0W0-L1R0W0-L1R0W0-L1R0W0,compact:L2R0W0-L2R0W0-L2R0W0-L2R0W0-L2R0W0-L2R0W0-L2R0W0-L2R0W0-L1R0W0-L1R0W0-L1R0W0-L1R0W0,,,split,optimized,5,3,5,6.862702,6.864151799999999,6.861758,6.870686,0.0032925089764495375,2.1743881999999997,0.040200799999999995,4.6495628,,,custom:libsad_search_20c37ff249ec0a.so,/home/rzzhang/sad_merged/sad/build/libsad_search_20c37ff249ec0a.so
2026-08-23T05:03:46.856976+00:00,20260823T050257,joint:qaoa:26:eea389d2559538be,ok,,qaoa,26,8,float64,42,128,2,128,2,1,0.25,rotation,rotation,9,9,compact:L3R0W0-L3R0W0-L3R0W0-L3R0W0-L3R0W0-L3R0W0-L3R0W0-L3R0W0-L2R0W0,compact:L3R0W0-L3R0W0-L3R0W0-L3R0W0-L3R0W0-L3R0W0-L3R0W0-L3R0W0-L2R0W0,,,merged,optimized,2,3,2,520.929578,520.929578,520.7569560000001,521.1022,0.17262199999998984,170.36316349999998,2.5072605,348.059154,,,custom:libsad_search_8fbfac92ec4bef.so,/home/rzzhang/sad_merged/sad/build/libsad_search_8fbfac92ec4bef.so
2026-08-23T05:03:49.488635+00:00,20260823T050257,joint:qaoa:22:98397656bd56d620,ok,,qaoa,22,8,float64,42,32,2,128,2,2,0.75,rotation,rotation,18,17,compact:L2R0W0-L2R0W0-L2R0W0-L2R0W0-L1R0W0-L1R0W0-L1R0W0-L1R0W0-L1R0W0-L1R0W0-L1R0W0-L1R0W0-L1R0W0-L1R0W0-L1R0W0-L1R0W0-L1R0W0-L1R0W0,compact:L2R0W0-L2R0W0-L2R0W0-L2R0W0-L2R0W0-L1R0W0-L1R0W0-L1R0W0-L1R0W0-L1R0W0-L1R0W0-L1R0W0-L1R0W0-L1R0W0-L1R0W0-L1R0W0-L1R0W0,,,split,optimized,3,3,3,51.592586999999995,51.588759333333336,51.569996,51.603694999999995,0.014021267758496332,10.906383666666667,0.1385593333333333,40.54381633333334,,,custom:libsad_search_2a0e4369743c84.so,/home/rzzhang/sad_merged/sad/build/libsad_search_2a0e4369743c84.so
2026-08-23T05:03:49.831250+00:00,20260823T050257,joint:qaoa:22:2a2ecb294b4366a1,ok,,qaoa,22,8,float64,42,32,2,128,2,1,0.75,rotation,rotation,18,17,compact:L2R0W0-L2R0W0-L2R0W0-L2R0W0-L1R0W0-L1R0W0-L1R0W0-L1R0W0-L1R0W0-L1R0W0-L1R0W0-L1R0W0-L1R0W0-L1R0W0-L1R0W0-L1R0W0-L1R0W0-L1R0W0,compact:L2R0W0-L2R0W0-L2R0W0-L2R0W0-L2R0W0-L1R0W0-L1R0W0-L1R0W0-L1R0W0-L1R0W0-L1R0W0-L1R0W0-L1R0W0-L1R0W0-L1R0W0-L1R0W0-L1R0W0,,,merged,optimized,3,3,3,51.990868,51.92262733333333,51.779937,51.997077000000004,0.10092913798084295,11.018813666666667,0.14603466666666665,40.757779,,,custom:libsad_search_2a8327787a9aac.so,/home/rzzhang/sad_merged/sad/build/libsad_search_2a8327787a9aac.so
2026-08-23T05:03:50.164936+00:00,20260823T050257,joint:qaoa:28:4d6ee8335bb5ab35,ok,,qaoa,28,8,float64,42,32,2,32,2,1,0.75,rotation,rotation,22,22,compact:L2R0W0-L2R0W0-L2R0W0-L2R0W0-L2R0W0-L2R0W0-L1R0W0-L1R0W0-L1R0W0-L1R0W0-L1R0W0-L1R0W0-L1R0W0-L1R0W0-L1R0W0-L1R0W0-L1R0W0-L1R0W0-L1R0W0-L1R0W0-L1R0W0-L1R0W0,compact:L2R0W0-L2R0W0-L2R0W0-L2R0W0-L2R0W0-L2R0W0-L1R0W0-L1R0W0-L1R0W0-L1R0W0-L1R0W0-L1R0W0-L1R0W0-L1R0W0-L1R0W0-L1R0W0-L1R0W0-L1R0W0-L1R0W0-L1R0W0-L1R0W0-L1R0W0,,,split,optimized,2,3,2,4979.236232,4979.236232,4978.225165,4980.247299000001,1.0110670000003665,1651.2882215,9.975520999999999,3317.9724895,,,custom:libsad_search_3cb67c7e18cc99.so,/home/rzzhang/sad_merged/sad/build/libsad_search_3cb67c7e18cc99.so
2026-08-23T05:04:15.084247+00:00,20260823T050257,joint:qaoa:28:a3e3207729c98d34,ok,,qaoa,28,8,float64,42,64,2,64,2,2,0.75,rotation,rotation,22,22,compact:L2R0W0-L2R0W0-L2R0W0-L2R0W0-L2R0W0-L2R0W0-L1R0W0-L1R0W0-L1R0W0-L1R0W0-L1R0W0-L1R0W0-L1R0W0-L1R0W0-L1R0W0-L1R0W0-L1R0W0-L1R0W0-L1R0W0-L1R0W0-L1R0W0-L1R0W0,compact:L2R0W0-L2R0W0-L2R0W0-L2R0W0-L2R0W0-L2R0W0-L1R0W0-L1R0W0-L1R0W0-L1R0W0-L1R0W0-L1R0W0-L1R0W0-L1R0W0-L1R0W0-L1R0W0-L1R0W0-L1R0W0-L1R0W0-L1R0W0-L1R0W0-L1R0W0,,,merged,optimized,2,3,2,4985.174997,4985.174997,4985.057459,4985.2925350000005,0.11753800000042247,1656.5274055,9.988485,3318.6591065000002,,,custom:libsad_search_97eec9f2a848ec.so,/home/rzzhang/sad_merged/sad/build/libsad_search_97eec9f2a848ec.so
2026-08-23T05:04:40.302711+00:00,20260823T050257,joint:qaoa:24:909da2d42ffe0ecb,ok,,qaoa,24,8,float64,42,32,2,32,2,2,0.5,rotation,rotation,14,14,compact:L2R0W0-L2R0W0-L2R0W0-L2R0W0-L2R0W0-L2R0W0-L2R0W0-L2R0W0-L2R0W0-L2R0W0-L1R0W0-L1R0W0-L1R0W0-L1R0W0,compact:L2R0W0-L2R0W0-L2R0W0-L2R0W0-L2R0W0-L2R0W0-L2R0W0-L2R0W0-L2R0W0-L2R0W0-L1R0W0-L1R0W0-L1R0W0-L1R0W0,,,split,optimized,3,3,3,199.728877,199.727994,199.68095499999998,199.77415,0.03805182232167443,66.18113066666666,0.642628,132.9042353333333,,,custom:libsad_search_16d9d6cef53b3d.so,/home/rzzhang/sad_merged/sad/build/libsad_search_16d9d6cef53b3d.so
2026-08-23T05:04:41.553812+00:00,20260823T050257,joint:qaoa:18:343bf44b2fc3a4c0,ok,,qaoa,18,8,float64,42,128,2,128,2,1,0.5,rotation,rotation,10,10,compact:L2R0W0-L2R0W0-L2R0W0-L2R0W0-L2R0W0-L2R0W0-L2R0W0-L2R0W0-L1R0W0-L1R0W0,compact:L2R0W0-L2R0W0-L2R0W0-L2R0W0-L2R0W0-L2R0W0-L2R0W0-L2R0W0-L1R0W0-L1R0W0,,,split,optimized,5,3,5,2.2444859999999998,2.2461476,2.243527,2.2526170000000003,0.003408863423488961,0.8356268,0.0154862,1.3950345999999998,,,custom:libsad_search_9361435758c99d.so,/home/rzzhang/sad_merged/sad/build/libsad_search_9361435758c99d.so
2026-08-23T05:04:41.581695+00:00,20260823T050257,joint:qaoa:26:8418a233ff7bc8d9,ok,,qaoa,26,8,float64,42,32,2,128,2,1,0.0,rotation,rotation,4,3,compact:L5R2W0-L5R2W0-L5R1W0-L5R1W0,compact:L5R2W2-L5R2W2-L5R2W1,,,merged,optimized,2,3,2,432.5704405,432.5704405,432.566949,432.573932,0.00349149999999554,104.36997649999999,2.4817425,325.7187215,,,custom:libsad_search_2a8327787a9aac.so,/home/rzzhang/sad_merged/sad/build/libsad_search_2a8327787a9aac.so
2026-08-23T05:04:43.774815+00:00,20260823T050257,joint:qaoa:6:3cd6b689fbed6007,ok,,qaoa,6,8,float64,42,32,2,128,2,2,0.75,rotation,rotation,5,5,compact:L2R0W0-L1R0W0-L1R0W0-L1R0W0-L1R0W0,compact:L2R0W0-L1R0W0-L1R0W0-L1R0W0-L1R0W0,,,merged,optimized,20,3,20,0.35119500000000003,0.35159045,0.349997,0.353256,0.0008266048315247148,0.13234305000000002,0.0154178,0.20382960000000003,,,custom:libsad_search_fce412939d20fb.so,/home/rzzhang/sad_merged/sad/build/libsad_search_fce412939d20fb.so
2026-08-23T05:04:43.796790+00:00,20260823T050257,joint:qaoa:8:e27a9be7fdfc4660,ok,,qaoa,8,8,float64,42,64,2,64,2,1,0.0,rotation,rotation,1,1,compact:L5R2W1,compact:L5R2W1,,,split,optimized,20,3,20,0.1801775,0.18008845,0.179144,0.180338,0.00030926662849392616,0.0529898,0.01551245,0.1115862,,,custom:libsad_search_7ec063ebc99501.so,/home/rzzhang/sad_merged/sad/build/libsad_search_7ec063ebc99501.so
2026-08-23T05:04:43.815644+00:00,20260823T050257,joint:qaoa:14:a96376d281ce3c65,ok,,qaoa,14,8,float64,42,128,2,32,2,2,0.0,rotation,rotation,2,2,compact:L5R2W0-L5R2W0,compact:L5R2W0-L5R2W0,,,split,optimized,10,3,10,0.33791400000000005,0.3381631,0.337698,0.33893,0.000466910366130385,0.13858289999999998,0.015308800000000001,0.1842714,,,custom:libsad_search_3b115211f38255.so,/home/rzzhang/sad_merged/sad/build/libsad_search_3b115211f38255.so
2026-08-23T05:04:43.831920+00:00,20260823T050257,joint:qaoa:28:4ab5cb273f455b00,ok,,qaoa,28,8,float64,42,32,2,32,2,1,0.25,rotation,rotation,10,10,compact:L3R0W0-L3R0W0-L3R0W0-L3R0W0-L3R0W0-L3R0W0-L3R0W0-L3R0W0-L2R0W0-L2R0W0,compact:L3R0W0-L3R0W0-L3R0W0-L3R0W0-L3R0W0-L3R0W0-L3R0W0-L3R0W0-L2R0W0-L2R0W0,,,split,optimized,2,3,2,2301.412926,2301.412926,2301.3060579999997,2301.519794,0.10686800000007679,753.4406714999999,9.987040499999999,1537.9852139999998,,,custom:libsad_search_3cb67c7e18cc99.so,/home/rzzhang/sad_merged/sad/build/libsad_search_3cb67c7e18cc99.so
2026-08-23T05:04:55.372289+00:00,20260823T050257,joint:qaoa:4:5c2fe23c64d45661,ok,,qaoa,4,8,float64,42,128,2,128,2,1,0.5,rotation,rotation,2,2,compact:L2R0W0-L2R0W0,compact:L2R0W0-L2R0W0,,,merged,optimized,20,3,20,0.18848200000000004,0.1886346,0.18521800000000002,0.18949,0.0009316649827056913,0.0634681,0.0151897,0.10997680000000001,,,custom:libsad_search_8fbfac92ec4bef.so,/home/rzzhang/sad_merged/sad/build/libsad_search_8fbfac92ec4bef.so
2026-08-23T05:04:55.391705+00:00,20260823T050257,joint:qaoa:28:fdbbb6789ffde3e1,ok,,qaoa,28,8,float64,42,32,2,128,2,2,0.75,rotation,rotation,22,22,compact:L2R0W0-L2R0W0-L2R0W0-L2R0W0-L2R0W0-L2R0W0-L1R0W0-L1R0W0-L1R0W0-L1R0W0-L1R0W0-L1R0W0-L1R0W0-L1R0W0-L1R0W0-L1R0W0-L1R0W0-L1R0W0-L1R0W0-L1R0W0-L1R0W0-L1R0W0,compact:L2R0W0-L2R0W0-L2R0W0-L2R0W0-L2R0W0-L2R0W0-L1R0W0-L1R0W0-L1R0W0-L1R0W0-L1R0W0-L1R0W0-L1R0W0-L1R0W0-L1R0W0-L1R0W0-L1R0W0-L1R0W0-L1R0W0-L1R0W0-L1R0W0-L1R0W0,,,merged,optimized,2,3,2,4979.193203,4979.193203,4978.148839,4980.237566999999,1.0443639999994048,1651.260194,9.998541999999999,3317.9344669999996,,,custom:libsad_search_fce412939d20fb.so,/home/rzzhang/sad_merged/sad/build/libsad_search_fce412939d20fb.so
2026-08-23T05:05:20.551295+00:00,20260823T050257,joint:qaoa:14:75e28d98c23cf18b,ok,,qaoa,14,8,float64,42,32,2,32,2,1,0.0,rotation,rotation,2,2,compact:L5R2W0-L5R2W0,compact:L5R2W0-L5R2W0,,,merged,optimized,10,3,10,0.3028655,0.3023243,0.298996,0.303206,0.001201973215175783,0.10298189999999999,0.015397100000000002,0.1839453,,,custom:libsad_search_f9cdaf042a7bd6.so,/home/rzzhang/sad_merged/sad/build/libsad_search_f9cdaf042a7bd6.so
2026-08-23T05:05:20.569405+00:00,20260823T050257,joint:qaoa:12:e98eba6708a9a2dc,ok,,qaoa,12,8,float64,42,32,2,128,2,2,1.0,rotation,rotation,12,12,compact:L1R0W0-L1R0W0-L1R0W0-L1R0W0-L1R0W0-L1R0W0-L1R0W0-L1R0W0-L1R0W0-L1R0W0-L1R0W0-L1R0W0,compact:L1R0W0-L1R0W0-L1R0W0-L1R0W0-L1R0W0-L1R0W0-L1R0W0-L1R0W0-L1R0W0-L1R0W0-L1R0W0-L1R0W0,,,merged,optimized,10,3,10,1.0126765,1.0124857,1.011658,1.012836,0.0004057610257282059,0.4032196999999999,0.0155569,0.5937091,,,custom:libsad_search_fce412939d20fb.so,/home/rzzhang/sad_merged/sad/build/libsad_search_fce412939d20fb.so
2026-08-23T05:05:20.596677+00:00,20260823T050257,joint:qaoa:4:ab9a43a8cfd88621,ok,,qaoa,4,8,float64,42,32,2,32,2,2,0.75,rotation,rotation,3,3,compact:L2R0W0-L1R0W0-L1R0W0,compact:L2R0W0-L1R0W0-L1R0W0,,,split,optimized,20,3,20,0.19045850000000003,0.19042304999999998,0.185306,0.191467,0.0012573877077099195,0.0748557,0.01534025,0.1002271,,,custom:libsad_search_16d9d6cef53b3d.so,/home/rzzhang/sad_merged/sad/build/libsad_search_16d9d6cef53b3d.so
2026-08-23T05:05:20.615388+00:00,20260823T050257,joint:qaoa:4:db0ca56b6a92e9f2,ok,,qaoa,4,8,float64,42,32,2,128,2,1,0.5,rotation,rotation,2,2,compact:L2R0W0-L2R0W0,compact:L2R0W0-L2R0W0,,,merged,optimized,20,3,20,0.182187,0.18187835,0.180562,0.18236800000000003,0.0005383417385824705,0.055830500000000005,0.0155513,0.11049655,,,custom:libsad_search_2a8327787a9aac.so,/home/rzzhang/sad_merged/sad/build/libsad_search_2a8327787a9aac.so
2026-08-23T05:05:20.634241+00:00,20260823T050257,joint:qaoa:18:789b1eb4171b5bb6,ok,,qaoa,18,8,float64,42,64,2,64,2,1,1.0,rotation,rotation,18,18,compact:L1R0W0-L1R0W0-L1R0W0-L1R0W0-L1R0W0-L1R0W0-L1R0W0-L1R0W0-L1R0W0-L1R0W0-L1R0W0-L1R0W0-L1R0W0-L1R0W0-L1R0W0-L1R0W0-L1R0W0-L1R0W0,compact:L1R0W0-L1R0W0-L1R0W0-L1R0W0-L1R0W0-L1R0W0-L1R0W0-L1R0W0-L1R0W0-L1R0W0-L1R0W0-L1R0W0-L1R0W0-L1R0W0-L1R0W0-L1R0W0-L1R0W0-L1R0W0,,,split,optimized,5,3,5,3.092333,3.0909776,3.086292,3.0934209999999998,0.002529917358334114,1.273445,0.015703200000000004,1.8018294000000001,,,custom:libsad_search_7ec063ebc99501.so,/home/rzzhang/sad_merged/sad/build/libsad_search_7ec063ebc99501.so
2026-08-23T05:05:20.681407+00:00,20260823T050257,joint:qaoa:12:8337edade6a31d02,ok,,qaoa,12,8,float64,42,64,2,64,2,2,0.75,rotation,rotation,10,10,compact:L2R0W0-L2R0W0-L1R0W0-L1R0W0-L1R0W0-L1R0W0-L1R0W0-L1R0W0-L1R0W0-L1R0W0,compact:L2R0W0-L2R0W0-L1R0W0-L1R0W0-L1R0W0-L1R0W0-L1R0W0-L1R0W0-L1R0W0-L1R0W0,,,merged,optimized,10,3,10,0.8047694999999999,0.804407,0.8037190000000001,0.804897,0.0005061124381004583,0.35573020000000005,0.0155105,0.4331663,,,custom:libsad_search_97eec9f2a848ec.so,/home/rzzhang/sad_merged/sad/build/libsad_search_97eec9f2a848ec.so
2026-08-23T05:05:20.705711+00:00,20260823T050257,joint:qaoa:26:b2fb4e3c09cd4a7b,ok,,qaoa,26,8,float64,42,32,2,32,2,2,0.75,rotation,rotation,20,20,compact:L2R0W0-L2R0W0-L2R0W0-L2R0W0-L2R0W0-L2R0W0-L1R0W0-L1R0W0-L1R0W0-L1R0W0-L1R0W0-L1R0W0-L1R0W0-L1R0W0-L1R0W0-L1R0W0-L1R0W0-L1R0W0-L1R0W0-L1R0W0,compact:L2R0W0-L2R0W0-L2R0W0-L2R0W0-L2R0W0-L2R0W0-L1R0W0-L1R0W0-L1R0W0-L1R0W0-L1R0W0-L1R0W0-L1R0W0-L1R0W0-L1R0W0-L1R0W0-L1R0W0-L1R0W0-L1R0W0-L1R0W0,,,split,optimized,2,3,2,1133.228267,1133.228267,1132.988028,1133.4685059999997,0.24023899999986043,375.860307,2.512663,754.855297,,,custom:libsad_search_16d9d6cef53b3d.so,/home/rzzhang/sad_merged/sad/build/libsad_search_16d9d6cef53b3d.so
2026-08-23T05:05:26.414638+00:00,20260823T050257,joint:qaoa:20:492699c85df123a3,ok,,qaoa,20,8,float64,42,32,2,32,2,1,0.75,rotation,rotation,16,16,compact:L2R0W0-L2R0W0-L2R0W0-L2R0W0-L1R0W0-L1R0W0-L1R0W0-L1R0W0-L1R0W0-L1R0W0-L1R0W0-L1R0W0-L1R0W0-L1R0W0-L1R0W0-L1R0W0,compact:L2R0W0-L2R0W0-L2R0W0-L2R0W0-L1R0W0-L1R0W0-L1R0W0-L1R0W0-L1R0W0-L1R0W0-L1R0W0-L1R0W0-L1R0W0-L1R0W0-L1R0W0-L1R0W0,,,merged,optimized,5,3,5,7.444315,7.449885400000001,7.441249000000001,7.464742,0.009581067343464394,2.7534348000000004,0.040571,4.6558796000000005,,,custom:libsad_search_f9cdaf042a7bd6.so,/home/rzzhang/sad_merged/sad/build/libsad_search_f9cdaf042a7bd6.so
2026-08-23T05:05:26.493059+00:00,20260823T050257,joint:qaoa:28:1f6eee7108fcba6d,ok,,qaoa,28,8,float64,42,32,2,32,2,2,1.0,rotation,rotation,28,28,compact:L1R0W0-L1R0W0-L1R0W0-L1R0W0-L1R0W0-L1R0W0-L1R0W0-L1R0W0-L1R0W0-L1R0W0-L1R0W0-L1R0W0-L1R0W0-L1R0W0-L1R0W0-L1R0W0-L1R0W0-L1R0W0-L1R0W0-L1R0W0-L1R0W0-L1R0W0-L1R0W0-L1R0W0-L1R0W0-L1R0W0-L1R0W0-L1R0W0,compact:L1R0W0-L1R0W0-L1R0W0-L1R0W0-L1R0W0-L1R0W0-L1R0W0-L1R0W0-L1R0W0-L1R0W0-L1R0W0-L1R0W0-L1R0W0-L1R0W0-L1R0W0-L1R0W0-L1R0W0-L1R0W0-L1R0W0-L1R0W0-L1R0W0-L1R0W0-L1R0W0-L1R0W0-L1R0W0-L1R0W0-L1R0W0-L1R0W0,,,split,optimized,2,3,2,6327.849484,6327.849484,6322.62396,6333.075008,5.22552399999995,2101.7126639999997,9.960869500000001,4216.1759505,,,custom:libsad_search_16d9d6cef53b3d.so,/home/rzzhang/sad_merged/sad/build/libsad_search_16d9d6cef53b3d.so
2026-08-23T05:05:58.159931+00:00,20260823T050257,joint:qaoa:20:a55cb2dc865d0977,ok,,qaoa,20,8,float64,42,64,2,64,2,1,0.5,rotation,rotation,12,12,compact:L2R0W0-L2R0W0-L2R0W0-L2R0W0-L2R0W0-L2R0W0-L2R0W0-L2R0W0-L1R0W0-L1R0W0-L1R0W0-L1R0W0,compact:L2R0W0-L2R0W0-L2R0W0-L2R0W0-L2R0W0-L2R0W0-L2R0W0-L2R0W0-L1R0W0-L1R0W0-L1R0W0-L1R0W0,,,merged,optimized,5,3,5,6.520728999999999,6.5200932,6.517680999999999,6.521611,0.0013633315664212946,2.1074322,0.0402274,4.3724336,,,custom:libsad_search_7e5293342e215a.so,/home/rzzhang/sad_merged/sad/build/libsad_search_7e5293342e215a.so
2026-08-23T05:05:58.237293+00:00,20260823T050257,joint:qaoa:24:23de620f9235a54e,ok,,qaoa,24,8,float64,42,128,2,32,2,2,0.25,rotation,rotation,8,9,compact:L3R0W0-L3R0W0-L3R0W0-L3R0W0-L3R0W0-L3R0W0-L3R0W0-L3R0W0,compact:L3R0W0-L3R0W0-L3R0W0-L3R0W0-L3R0W0-L3R0W0-L2R0W0-L2R0W0-L2R0W0,,,merged,optimized,3,3,3,125.76448199999999,125.76500733333334,125.763397,125.767143,0.0015737662540020213,37.99954533333333,0.635077,87.13038499999999,,,custom:libsad_search_d014591f51543a.so,/home/rzzhang/sad_merged/sad/build/libsad_search_d014591f51543a.so
2026-08-23T05:05:59.038381+00:00,20260823T050257,joint:qaoa:22:b859e2aaffc039a7,ok,,qaoa,22,8,float64,42,128,2,32,2,2,0.25,rotation,rotation,8,8,compact:L3R0W0-L3R0W0-L3R0W0-L3R0W0-L3R0W0-L3R0W0-L2R0W0-L2R0W0,compact:L3R0W0-L3R0W0-L3R0W0-L3R0W0-L3R0W0-L3R0W0-L2R0W0-L2R0W0,,,merged,optimized,3,3,3,25.75128,25.74719,25.733807999999996,25.756482000000002,0.009697891317191003,6.158708,0.14206200000000002,19.446420000000003,,,custom:libsad_search_d014591f51543a.so,/home/rzzhang/sad_merged/sad/build/libsad_search_d014591f51543a.so
2026-08-23T05:05:59.205935+00:00,20260823T050257,joint:qaoa:14:60bf3d006deebe71,ok,,qaoa,14,8,float64,42,32,2,128,2,2,0.0,rotation,rotation,2,2,compact:L5R2W0-L5R2W0,compact:L5R2W0-L5R2W0,,,split,optimized,10,3,10,0.41660849999999994,0.416409,0.41567200000000004,0.4168279999999999,0.00043563080699141266,0.1028285,0.015078199999999998,0.29850229999999994,,,custom:libsad_search_2a0e4369743c84.so,/home/rzzhang/sad_merged/sad/build/libsad_search_2a0e4369743c84.so
2026-08-23T05:05:59.220819+00:00,20260823T050257,joint:qaoa:12:5cf1b29949ae9dcf,ok,,qaoa,12,8,float64,42,32,2,32,2,2,0.25,rotation,rotation,4,4,compact:L3R0W0-L3R0W0-L3R0W0-L3R0W0,compact:L3R0W0-L3R0W0-L3R0W0-L3R0W0,,,merged,optimized,10,3,10,0.3961245,0.3958409,0.395244,0.39635099999999995,0.0004739701361900284,0.15820949999999998,0.0155166,0.2221148,,,custom:libsad_search_dcff342f285260.so,/home/rzzhang/sad_merged/sad/build/libsad_search_dcff342f285260.so
2026-08-23T05:05:59.235109+00:00,20260823T050257,joint:qaoa:24:23dc5bcbdf798fd2,ok,,qaoa,24,8,float64,42,128,2,32,2,2,0.75,rotation,rotation,19,19,compact:L2R0W0-L2R0W0-L2R0W0-L2R0W0-L2R0W0-L1R0W0-L1R0W0-L1R0W0-L1R0W0-L1R0W0-L1R0W0-L1R0W0-L1R0W0-L1R0W0-L1R0W0-L1R0W0-L1R0W0-L1R0W0-L1R0W0,compact:L2R0W0-L2R0W0-L2R0W0-L2R0W0-L2R0W0-L1R0W0-L1R0W0-L1R0W0-L1R0W0-L1R0W0-L1R0W0-L1R0W0-L1R0W0-L1R0W0-L1R0W0-L1R0W0-L1R0W0-L1R0W0-L1R0W0,,,split,optimized,3,3,3,270.820281,270.80286166666673,270.660787,270.927517,0.10958648975529993,90.416724,0.643191,179.74294666666668,,,custom:libsad_search_3b115211f38255.so,/home/rzzhang/sad_merged/sad/build/libsad_search_3b115211f38255.so
2026-08-23T05:06:00.885988+00:00,20260823T050257,joint:qaoa:10:b362ec7504e83591,ok,,qaoa,10,8,float64,42,64,2,64,2,2,1.0,rotation,rotation,10,10,compact:L1R0W0-L1R0W0-L1R0W0-L1R0W0-L1R0W0-L1R0W0-L1R0W0-L1R0W0-L1R0W0-L1R0W0,compact:L1R0W0-L1R0W0-L1R0W0-L1R0W0-L1R0W0-L1R0W0-L1R0W0-L1R0W0-L1R0W0-L1R0W0,,,split,optimized,10,3,10,0.7203315,0.7203272000000001,0.7196889999999999,0.720939,0.0005442533968658627,0.3209365,0.015505699999999999,0.383885,,,custom:libsad_search_20c37ff249ec0a.so,/home/rzzhang/sad_merged/sad/build/libsad_search_20c37ff249ec0a.so
2026-08-23T05:06:00.904887+00:00,20260823T050257,joint:qaoa:8:48acea20ad22bf34,ok,,qaoa,8,8,float64,42,32,2,32,2,1,0.25,rotation,rotation,4,4,compact:L2R0W0-L2R0W0-L2R0W0-L2R0W0,compact:L2R0W0-L2R0W0-L2R0W0-L2R0W0,,,merged,optimized,20,3,20,0.316372,0.31622619999999996,0.31521499999999997,0.31747299999999995,0.0005859163421513338,0.12802505,0.01528375,0.1729174,,,custom:libsad_search_f9cdaf042a7bd6.so,/home/rzzhang/sad_merged/sad/build/libsad_search_f9cdaf042a7bd6.so
2026-08-23T05:06:00.921142+00:00,20260823T050257,joint:qaoa:4:782ce0a289bd2910,ok,,qaoa,4,8,float64,42,128,2,32,2,2,1.0,rotation,rotation,4,4,compact:L1R0W0-L1R0W0-L1R0W0-L1R0W0,compact:L1R0W0-L1R0W0-L1R0W0-L1R0W0,,,split,optimized,20,3,20,0.235497,0.23563554999999997,0.229227,0.24371700000000002,0.002384188635049672,0.1047423,0.01517635,0.1157169,,,custom:libsad_search_3b115211f38255.so,/home/rzzhang/sad_merged/sad/build/libsad_search_3b115211f38255.so
2026-08-23T05:06:00.935453+00:00,20260823T050257,joint:qaoa:14:c18617229e956a8f,ok,,qaoa,14,8,float64,42,64,2,64,2,1,1.0,rotation,rotation,14,14,compact:L1R0W0-L1R0W0-L1R0W0-L1R0W0-L1R0W0-L1R0W0-L1R0W0-L1R0W0-L1R0W0-L1R0W0-L1R0W0-L1R0W0-L1R0W0-L1R0W0,compact:L1R0W0-L1R0W0-L1R0W0-L1R0W0-L1R0W0-L1R0W0-L1R0W0-L1R0W0-L1R0W0-L1R0W0-L1R0W0-L1R0W0-L1R0W0-L1R0W0,,,split,optimized,10,3,10,1.171436,1.1714947,1.1703830000000002,1.1724040000000002,0.0005116064991768515,0.5325684,0.0152636,0.6236627,,,custom:libsad_search_7ec063ebc99501.so,/home/rzzhang/sad_merged/sad/build/libsad_search_7ec063ebc99501.so
2026-08-23T05:06:00.960300+00:00,20260823T050257,joint:qaoa:26:7f83e46078f08d19,ok,,qaoa,26,8,float64,42,128,2,32,2,2,0.0,rotation,rotation,3,4,compact:L5R2W2-L5R2W2-L5R2W1,compact:L5R2W0-L5R2W0-L5R1W0-L5R1W0,,,split,optimized,2,3,2,393.653837,393.653837,393.63245600000005,393.675218,0.02138099999996257,97.116518,2.4817579999999997,294.05556099999995,,,custom:libsad_search_3b115211f38255.so,/home/rzzhang/sad_merged/sad/build/libsad_search_3b115211f38255.so
2026-08-23T05:06:02.971322+00:00,20260823T050257,joint:qaoa:4:846740ce73dc9402,ok,,qaoa,4,8,float64,42,64,2,64,2,1,0.0,rotation,rotation,1,1,compact:L4R0W0,compact:L4R0W0,,,split,optimized,20,3,20,0.1208225,0.12023035,0.11293199999999999,0.121784,0.002190032129330529,0.03510105,0.014872250000000002,0.07025704999999999,,,custom:libsad_search_7ec063ebc99501.so,/home/rzzhang/sad_merged/sad/build/libsad_search_7ec063ebc99501.so
2026-08-23T05:06:02.987527+00:00,20260823T050257,joint:qaoa:4:9b91c48d33fd0b57,ok,,qaoa,4,8,float64,42,64,2,64,2,2,0.75,rotation,rotation,3,3,compact:L2R0W0-L1R0W0-L1R0W0,compact:L2R0W0-L1R0W0-L1R0W0,,,merged,optimized,20,3,20,0.190417,0.19087875,0.190305,0.199693,0.002023273235996564,0.0745272,0.015646900000000002,0.10070464999999999,,,custom:libsad_search_97eec9f2a848ec.so,/home/rzzhang/sad_merged/sad/build/libsad_search_97eec9f2a848ec.so
2026-08-23T05:06:03.006855+00:00,20260823T050257,joint:qaoa:22:b935230cfb6097ba,ok,,qaoa,22,8,float64,42,128,2,128,2,2,0.25,rotation,rotation,8,8,compact:L3R0W0-L3R0W0-L3R0W0-L3R0W0-L3R0W0-L3R0W0-L2R0W0-L2R0W0,compact:L3R0W0-L3R0W0-L3R0W0-L3R0W0-L3R0W0-L3R0W0-L2R0W0-L2R0W0,,,merged,optimized,3,3,3,25.930508,25.928410666666664,25.920205,25.934518999999998,0.006028916670697813,6.156613000000001,0.141144,19.630653666666667,,,custom:libsad_search_b969ada61d8a74.so,/home/rzzhang/sad_merged/sad/build/libsad_search_b969ada61d8a74.so
2026-08-23T05:06:03.192574+00:00,20260823T050257,joint:qaoa:20:8671e496a6011f1e,ok,,qaoa,20,8,float64,42,32,2,128,2,1,0.0,rotation,rotation,3,3,compact:L5R2W0-L5R2W0-L5R1W0,compact:L5R2W0-L5R2W0-L5R1W0,,,merged,optimized,5,3,5,5.450781,5.4496532,5.442566,5.452724999999999,0.0037458043408590096,1.3540308,0.04010300000000001,4.0555194000000006,,,custom:libsad_search_2a8327787a9aac.so,/home/rzzhang/sad_merged/sad/build/libsad_search_2a8327787a9aac.so
2026-08-23T05:06:03.246713+00:00,20260823T050257,joint:qaoa:24:47d1f724526fddd4,ok,,qaoa,24,8,float64,42,32,2,128,2,2,0.5,rotation,rotation,14,14,compact:L2R0W0-L2R0W0-L2R0W0-L2R0W0-L2R0W0-L2R0W0-L2R0W0-L2R0W0-L2R0W0-L2R0W0-L1R0W0-L1R0W0-L1R0W0-L1R0W0,compact:L2R0W0-L2R0W0-L2R0W0-L2R0W0-L2R0W0-L2R0W0-L2R0W0-L2R0W0-L2R0W0-L2R0W0-L1R0W0-L1R0W0-L1R0W0-L1R0W0,,,merged,optimized,3,3,3,199.68133300000002,199.74067033333336,199.64731899999998,199.893359,0.1088565102794629,66.15320433333332,0.6404473333333333,132.94701866666668,,,custom:libsad_search_fce412939d20fb.so,/home/rzzhang/sad_merged/sad/build/libsad_search_fce412939d20fb.so
2026-08-23T05:06:04.470190+00:00,20260823T050257,joint:qaoa:26:62ebdd7fec9fcd18,ok,,qaoa,26,8,float64,42,128,2,32,2,2,0.25,rotation,rotation,9,10,compact:L3R0W0-L3R0W0-L3R0W0-L3R0W0-L3R0W0-L3R0W0-L3R0W0-L3R0W0-L2R0W0,compact:L3R0W0-L3R0W0-L3R0W0-L3R0W0-L3R0W0-L3R0W0-L2R0W0-L2R0W0-L2R0W0-L2R0W0,,,split,optimized,2,3,2,557.984701,557.984701,557.91378,558.055622,0.07092099999999846,170.5080815,2.516522,384.96009749999996,,,custom:libsad_search_3b115211f38255.so,/home/rzzhang/sad_merged/sad/build/libsad_search_3b115211f38255.so
2026-08-23T05:06:07.286193+00:00,20260823T050257,joint:qaoa:8:0ca61754f1978dd2,ok,,qaoa,8,8,float64,42,64,2,64,2,1,0.25,rotation,rotation,3,3,compact:L3R0W0-L3R0W0-L2R0W0,compact:L3R0W0-L3R0W0-L2R0W0,,,split,optimized,20,3,20,0.2867075,0.28653494999999995,0.282615,0.28781500000000004,0.0009848926070897264,0.10553814999999998,0.015399099999999999,0.1655977,,,custom:libsad_search_7ec063ebc99501.so,/home/rzzhang/sad_merged/sad/build/libsad_search_7ec063ebc99501.so
2026-08-23T05:06:07.306833+00:00,20260823T050257,joint:qaoa:8:5e1f1f1d67f3e685,ok,,qaoa,8,8,float64,42,128,2,32,2,2,0.25,rotation,rotation,3,4,compact:L3R0W0-L3R0W0-L2R0W0,compact:L2R0W0-L2R0W0-L2R0W0-L2R0W0,,,split,optimized,20,3,20,0.308796,0.3085896,0.30708,0.309349,0.0006800814215959705,0.12012679999999999,0.015498850000000002,0.17296394999999998,,,custom:libsad_search_3b115211f38255.so,/home/rzzhang/sad_merged/sad/build/libsad_search_3b115211f38255.so
2026-08-23T05:06:07.326820+00:00,20260823T050257,joint:qaoa:16:adab6524c01aca42,ok,,qaoa,16,8,float64,42,64,2,64,2,1,0.25,rotation,rotation,6,6,compact:L3R0W0-L3R0W0-L3R0W0-L3R0W0-L2R0W0-L2R0W0,compact:L3R0W0-L3R0W0-L3R0W0-L3R0W0-L2R0W0-L2R0W0,,,split,optimized,5,3,5,0.813157,0.813428,0.811903,0.8150830000000001,0.001049128781418207,0.3170164,0.015538,0.4808736,,,custom:libsad_search_7ec063ebc99501.so,/home/rzzhang/sad_merged/sad/build/libsad_search_7ec063ebc99501.so
2026-08-23T05:06:07.346313+00:00,20260823T050257,joint:qaoa:28:9339a9097bf6ba69,ok,,qaoa,28,8,float64,42,64,2,64,2,1,0.5,rotation,rotation,16,16,compact:L2R0W0-L2R0W0-L2R0W0-L2R0W0-L2R0W0-L2R0W0-L2R0W0-L2R0W0-L2R0W0-L2R0W0-L2R0W0-L2R0W0-L1R0W0-L1R0W0-L1R0W0-L1R0W0,compact:L2R0W0-L2R0W0-L2R0W0-L2R0W0-L2R0W0-L2R0W0-L2R0W0-L2R0W0-L2R0W0-L2R0W0-L2R0W0-L2R0W0-L1R0W0-L1R0W0-L1R0W0-L1R0W0,,,merged,optimized,2,3,2,3634.4478000000004,3634.4478000000004,3633.8811700000006,3635.01443,0.5666299999998046,1207.2003315,9.9622145,2417.2852540000004,,,custom:libsad_search_7e5293342e215a.so,/home/rzzhang/sad_merged/sad/build/libsad_search_7e5293342e215a.so
2026-08-23T05:06:25.546188+00:00,20260823T050257,joint:qaoa:6:7f903951575c54b2,ok,,qaoa,6,8,float64,42,128,2,32,2,2,0.25,rotation,rotation,2,2,compact:L3R0W0-L3R0W0,compact:L3R0W0-L3R0W0,,,split,optimized,20,3,20,0.1925045,0.19255125,0.18754999999999997,0.194418,0.001292744324102806,0.07493435000000001,0.0152177,0.10239920000000001,,,custom:libsad_search_3b115211f38255.so,/home/rzzhang/sad_merged/sad/build/libsad_search_3b115211f38255.so
2026-08-23T05:06:25.565443+00:00,20260823T050257,joint:qaoa:10:dabcc11558087ecc,ok,,qaoa,10,8,float64,42,32,2,128,2,1,0.75,rotation,rotation,8,8,compact:L2R0W0-L2R0W0-L1R0W0-L1R0W0-L1R0W0-L1R0W0-L1R0W0-L1R0W0,compact:L2R0W0-L2R0W0-L1R0W0-L1R0W0-L1R0W0-L1R0W0-L1R0W0-L1R0W0,,,merged,optimized,10,3,10,0.6686414999999999,0.6710759000000001,0.66744,0.677933,0.004042270190128332,0.25649700000000003,0.015378700000000002,0.39920019999999995,,,custom:libsad_search_2a8327787a9aac.so,/home/rzzhang/sad_merged/sad/build/libsad_search_2a8327787a9aac.so
2026-08-23T05:06:25.588497+00:00,20260823T050257,joint:qaoa:26:279154523a07eb73,ok,,qaoa,26,8,float64,42,32,2,128,2,2,0.0,rotation,rotation,4,3,compact:L5R2W0-L5R2W0-L5R1W0-L5R1W0,compact:L5R2W2-L5R2W2-L5R2W1,,,merged,optimized,2,3,2,418.4166745,418.4166745,418.29661500000003,418.536734,0.12005949999999643,104.01321050000001,2.4745269999999997,311.928937,,,custom:libsad_search_fce412939d20fb.so,/home/rzzhang/sad_merged/sad/build/libsad_search_fce412939d20fb.so
2026-08-23T05:06:27.719792+00:00,20260823T050257,joint:qaoa:16:5626efd8da7c095f,ok,,qaoa,16,8,float64,42,32,2,128,2,2,0.5,rotation,rotation,10,9,compact:L2R0W0-L2R0W0-L2R0W0-L2R0W0-L2R0W0-L2R0W0-L1R0W0-L1R0W0-L1R0W0-L1R0W0,compact:L2R0W0-L2R0W0-L2R0W0-L2R0W0-L2R0W0-L2R0W0-L2R0W0-L1R0W0-L1R0W0,,,split,optimized,5,3,5,1.121219,1.121843,1.1211929999999999,1.123402,0.0008665321690508929,0.4578272,0.015582399999999998,0.6484333999999999,,,custom:libsad_search_2a0e4369743c84.so,/home/rzzhang/sad_merged/sad/build/libsad_search_2a0e4369743c84.so
2026-08-23T05:06:27.746958+00:00,20260823T050257,joint:qaoa:12:1724b22b280bc0b5,ok,,qaoa,12,8,float64,42,32,2,32,2,2,0.75,rotation,rotation,10,10,compact:L2R0W0-L2R0W0-L1R0W0-L1R0W0-L1R0W0-L1R0W0-L1R0W0-L1R0W0-L1R0W0-L1R0W0,compact:L2R0W0-L2R0W0-L1R0W0-L1R0W0-L1R0W0-L1R0W0-L1R0W0-L1R0W0-L1R0W0-L1R0W0,,,merged,optimized,10,3,10,0.757806,0.7580253,0.7567209999999999,0.759777,0.0008979473314176267,0.34056759999999997,0.015563500000000001,0.40189420000000003,,,custom:libsad_search_dcff342f285260.so,/home/rzzhang/sad_merged/sad/build/libsad_search_dcff342f285260.so
2026-08-23T05:06:27.771270+00:00,20260823T050257,joint:qaoa:28:f05f81b95e3095c4,ok,,qaoa,28,8,float64,42,128,2,128,2,1,0.25,rotation,rotation,10,10,compact:L3R0W0-L3R0W0-L3R0W0-L3R0W0-L3R0W0-L3R0W0-L3R0W0-L3R0W0-L2R0W0-L2R0W0,compact:L3R0W0-L3R0W0-L3R0W0-L3R0W0-L3R0W0-L3R0W0-L3R0W0-L3R0W0-L2R0W0-L2R0W0,,,split,optimized,2,3,2,2303.759575,2303.759575,2303.578787,2303.9403629999997,0.18078799999989315,755.8125904999999,10.009890500000001,1537.937094,,,custom:libsad_search_9361435758c99d.so,/home/rzzhang/sad_merged/sad/build/libsad_search_9361435758c99d.so
2026-08-23T05:06:39.317364+00:00,20260823T050257,joint:qaoa:26:f6ca14a6a27fc8c6,ok,,qaoa,26,8,float64,42,64,2,64,2,2,0.25,rotation,rotation,10,10,compact:L3R0W0-L3R0W0-L3R0W0-L3R0W0-L3R0W0-L3R0W0-L2R0W0-L2R0W0-L2R0W0-L2R0W0,compact:L3R0W0-L3R0W0-L3R0W0-L3R0W0-L3R0W0-L3R0W0-L2R0W0-L2R0W0-L2R0W0-L2R0W0,,,merged,optimized,2,3,2,577.6291705,577.6291705,577.432877,577.825464,0.19629350000002432,189.501474,2.5161404999999997,385.611556,,,custom:libsad_search_97eec9f2a848ec.so,/home/rzzhang/sad_merged/sad/build/libsad_search_97eec9f2a848ec.so
2026-08-23T05:06:42.260369+00:00,20260823T050257,joint:qaoa:24:cfe75ae821ebcdcc,ok,,qaoa,24,8,float64,42,32,2,128,2,2,1.0,rotation,rotation,24,24,compact:L1R0W0-L1R0W0-L1R0W0-L1R0W0-L1R0W0-L1R0W0-L1R0W0-L1R0W0-L1R0W0-L1R0W0-L1R0W0-L1R0W0-L1R0W0-L1R0W0-L1R0W0-L1R0W0-L1R0W0-L1R0W0-L1R0W0-L1R0W0-L1R0W0-L1R0W0-L1R0W0-L1R0W0,compact:L1R0W0-L1R0W0-L1R0W0-L1R0W0-L1R0W0-L1R0W0-L1R0W0-L1R0W0-L1R0W0-L1R0W0-L1R0W0-L1R0W0-L1R0W0-L1R0W0-L1R0W0-L1R0W0-L1R0W0-L1R0W0-L1R0W0-L1R0W0-L1R0W0-L1R0W0-L1R0W0-L1R0W0,,,split,optimized,3,3,3,341.393826,341.27841166666667,340.999443,341.441966,0.19823723605204774,113.39706266666667,0.6386343333333334,227.24271466666667,,,custom:libsad_search_2a0e4369743c84.so,/home/rzzhang/sad_merged/sad/build/libsad_search_2a0e4369743c84.so
2026-08-23T05:06:44.344793+00:00,20260823T050257,joint:qaoa:24:dce0925ae654078a,ok,,qaoa,24,8,float64,42,128,2,128,2,1,1.0,rotation,rotation,24,24,compact:L1R0W0-L1R0W0-L1R0W0-L1R0W0-L1R0W0-L1R0W0-L1R0W0-L1R0W0-L1R0W0-L1R0W0-L1R0W0-L1R0W0-L1R0W0-L1R0W0-L1R0W0-L1R0W0-L1R0W0-L1R0W0-L1R0W0-L1R0W0-L1R0W0-L1R0W0-L1R0W0-L1R0W0,compact:L1R0W0-L1R0W0-L1R0W0-L1R0W0-L1R0W0-L1R0W0-L1R0W0-L1R0W0-L1R0W0-L1R0W0-L1R0W0-L1R0W0-L1R0W0-L1R0W0-L1R0W0-L1R0W0-L1R0W0-L1R0W0-L1R0W0-L1R0W0-L1R0W0-L1R0W0-L1R0W0-L1R0W0,,,merged,optimized,3,3,3,341.437073,341.45866,341.39181,341.54709699999995,0.06520742298743971,113.95557233333332,0.641512,226.86157566666668,,,custom:libsad_search_8fbfac92ec4bef.so,/home/rzzhang/sad_merged/sad/build/libsad_search_8fbfac92ec4bef.so
2026-08-23T05:06:46.419147+00:00,20260823T050257,joint:qaoa:4:fbeca3349e59ee77,ok,,qaoa,4,8,float64,42,128,2,128,2,1,1.0,rotation,rotation,4,4,compact:L1R0W0-L1R0W0-L1R0W0-L1R0W0,compact:L1R0W0-L1R0W0-L1R0W0-L1R0W0,,,merged,optimized,20,3,20,0.2672285,0.2682929,0.266189,0.283504,0.0036223865599905223,0.10454885,0.015355250000000003,0.14838880000000002,,,custom:libsad_search_8fbfac92ec4bef.so,/home/rzzhang/sad_merged/sad/build/libsad_search_8fbfac92ec4bef.so
2026-08-23T05:06:46.434763+00:00,20260823T050257,joint:qaoa:4:82366b23a3b0a124,ok,,qaoa,4,8,float64,42,32,2,32,2,1,0.0,legacy,legacy,0,0,,,,,not_applicable,legacy-generic,20,3,20,0.1323105,0.1333861,0.131954,0.14498400000000003,0.0028092163658216215,0.04843515,0.015193849999999998,0.0697571,,,custom:libsad_search_06042376d3c545.so,/home/rzzhang/sad_merged/sad/build/libsad_search_06042376d3c545.so
2026-08-23T05:06:46.447506+00:00,20260823T050257,joint:qaoa:24:e9e9cdf69f0275e1,ok,,qaoa,24,8,float64,42,32,2,128,2,2,1.0,rotation,rotation,24,24,compact:L1R0W0-L1R0W0-L1R0W0-L1R0W0-L1R0W0-L1R0W0-L1R0W0-L1R0W0-L1R0W0-L1R0W0-L1R0W0-L1R0W0-L1R0W0-L1R0W0-L1R0W0-L1R0W0-L1R0W0-L1R0W0-L1R0W0-L1R0W0-L1R0W0-L1R0W0-L1R0W0-L1R0W0,compact:L1R0W0-L1R0W0-L1R0W0-L1R0W0-L1R0W0-L1R0W0-L1R0W0-L1R0W0-L1R0W0-L1R0W0-L1R0W0-L1R0W0-L1R0W0-L1R0W0-L1R0W0-L1R0W0-L1R0W0-L1R0W0-L1R0W0-L1R0W0-L1R0W0-L1R0W0-L1R0W0-L1R0W0,,,merged,optimized,3,3,3,341.320055,341.28154300000006,341.03208100000006,341.492493,0.18992486767840708,113.428562,0.644252,227.208729,,,custom:libsad_search_fce412939d20fb.so,/home/rzzhang/sad_merged/sad/build/libsad_search_fce412939d20fb.so
2026-08-23T05:06:48.519557+00:00,20260823T050257,joint:qaoa:8:aa659025432b3716,ok,,qaoa,8,8,float64,42,128,2,128,2,2,1.0,rotation,rotation,8,8,compact:L1R0W0-L1R0W0-L1R0W0-L1R0W0-L1R0W0-L1R0W0-L1R0W0-L1R0W0,compact:L1R0W0-L1R0W0-L1R0W0-L1R0W0-L1R0W0-L1R0W0-L1R0W0-L1R0W0,,,split,optimized,20,3,20,0.605085,0.60503725,0.604016,0.6073470000000001,0.0009194616835410052,0.25899995,0.015311600000000002,0.3307257,,,custom:libsad_search_d02bea87aa5c56.so,/home/rzzhang/sad_merged/sad/build/libsad_search_d02bea87aa5c56.so
2026-08-23T05:06:48.543672+00:00,20260823T050257,joint:qaoa:14:c657a1dd1d355af0,ok,,qaoa,14,8,float64,42,128,2,32,2,1,0.0,rotation,rotation,2,2,compact:L5R2W0-L5R2W0,compact:L5R2W0-L5R2W0,,,merged,optimized,10,3,10,0.33990549999999997,0.3396207,0.33889,0.33995800000000004,0.0004617243874867372,0.139712,0.015484799999999998,0.1844239,,,custom:libsad_search_5851e15f736f52.so,/home/rzzhang/sad_merged/sad/build/libsad_search_5851e15f736f52.so
2026-08-23T05:06:48.557327+00:00,20260823T050257,joint:qaoa:8:68ac13a7bae9e1e5,ok,,qaoa,8,8,float64,42,64,2,64,2,1,0.75,rotation,rotation,6,6,compact:L2R0W0-L2R0W0-L1R0W0-L1R0W0-L1R0W0-L1R0W0,compact:L2R0W0-L2R0W0-L1R0W0-L1R0W0-L1R0W0-L1R0W0,,,split,optimized,20,3,20,0.4330275,0.43289964999999997,0.43201,0.435039,0.0007530877289532711,0.18272029999999997,0.015204849999999999,0.2349745,,,custom:libsad_search_7ec063ebc99501.so,/home/rzzhang/sad_merged/sad/build/libsad_search_7ec063ebc99501.so
2026-08-23T05:06:48.577061+00:00,20260823T050257,joint:qaoa:26:e9e93ccc1e69ed02,ok,,qaoa,26,8,float64,42,32,2,32,2,2,1.0,rotation,rotation,26,26,compact:L1R0W0-L1R0W0-L1R0W0-L1R0W0-L1R0W0-L1R0W0-L1R0W0-L1R0W0-L1R0W0-L1R0W0-L1R0W0-L1R0W0-L1R0W0-L1R0W0-L1R0W0-L1R0W0-L1R0W0-L1R0W0-L1R0W0-L1R0W0-L1R0W0-L1R0W0-L1R0W0-L1R0W0-L1R0W0-L1R0W0,compact:L1R0W0-L1R0W0-L1R0W0-L1R0W0-L1R0W0-L1R0W0-L1R0W0-L1R0W0-L1R0W0-L1R0W0-L1R0W0-L1R0W0-L1R0W0-L1R0W0-L1R0W0-L1R0W0-L1R0W0-L1R0W0-L1R0W0-L1R0W0-L1R0W0-L1R0W0-L1R0W0-L1R0W0-L1R0W0-L1R0W0,,,merged,optimized,2,3,2,1469.896827,1469.896827,1469.8601979999999,1469.9334560000002,0.03662900000017544,488.62852449999997,2.5112909999999995,978.7570115,,,custom:libsad_search_dcff342f285260.so,/home/rzzhang/sad_merged/sad/build/libsad_search_dcff342f285260.so
2026-08-23T05:06:55.956528+00:00,20260823T050257,joint:qaoa:12:90cbc2a4b626b8b2,ok,,qaoa,12,8,float64,42,64,2,64,2,2,0.0,rotation,rotation,2,2,compact:L5R1W0-L5R1W0,compact:L5R1W0-L5R1W0,,,merged,optimized,10,3,10,0.29883449999999995,0.29853129999999994,0.29786199999999996,0.29902500000000004,0.00048667731609352774,0.0993241,0.0152648,0.1839424,,,custom:libsad_search_97eec9f2a848ec.so,/home/rzzhang/sad_merged/sad/build/libsad_search_97eec9f2a848ec.so
2026-08-23T05:06:55.974830+00:00,20260823T050257,joint:qaoa:16:3281da1f1623c3cc,ok,,qaoa,16,8,float64,42,32,2,32,2,2,0.0,rotation,rotation,3,3,compact:L5R1W0-L5R0W0-L5R0W0,compact:L5R1W0-L5R0W0-L5R0W0,,,merged,optimized,5,3,5,0.590846,0.5897758,0.5815340000000001,0.602063,0.007205994182623234,0.20417439999999998,0.018184400000000003,0.367417,,,custom:libsad_search_dcff342f285260.so,/home/rzzhang/sad_merged/sad/build/libsad_search_dcff342f285260.so
2026-08-23T05:06:55.997574+00:00,20260823T050257,joint:qaoa:6:fab537bcb2b25fe0,ok,,qaoa,6,8,float64,42,32,2,32,2,2,0.0,rotation,rotation,1,1,compact:L5R1W0,compact:L5R1W0,,,merged,optimized,20,3,20,0.136162,0.13625035,0.136028,0.13819199999999998,0.0004509834004705677,0.04197524999999999,0.015350250000000001,0.07892484999999999,,,custom:libsad_search_dcff342f285260.so,/home/rzzhang/sad_merged/sad/build/libsad_search_dcff342f285260.so
2026-08-23T05:06:56.012720+00:00,20260823T050257,joint:qaoa:22:f295d87a5d3c1778,ok,,qaoa,22,8,float64,42,32,2,128,2,1,0.5,rotation,rotation,13,12,compact:L2R0W0-L2R0W0-L2R0W0-L2R0W0-L2R0W0-L2R0W0-L2R0W0-L2R0W0-L2R0W0-L1R0W0-L1R0W0-L1R0W0-L1R0W0,compact:L2R0W0-L2R0W0-L2R0W0-L2R0W0-L2R0W0-L2R0W0-L2R0W0-L2R0W0-L2R0W0-L2R0W0-L1R0W0-L1R0W0,,,merged,optimized,3,3,3,37.156563000000006,37.16061866666667,37.148342,37.176951,0.012026499749396685,8.059762666666666,0.14675266666666667,28.954103333333332,,,custom:libsad_search_2a8327787a9aac.so,/home/rzzhang/sad_merged/sad/build/libsad_search_2a8327787a9aac.so
2026-08-23T05:06:56.259056+00:00,20260823T050257,joint:qaoa:18:6d517b20b18dadc0,ok,,qaoa,18,8,float64,42,128,2,32,2,2,1.0,rotation,rotation,18,18,compact:L1R0W0-L1R0W0-L1R0W0-L1R0W0-L1R0W0-L1R0W0-L1R0W0-L1R0W0-L1R0W0-L1R0W0-L1R0W0-L1R0W0-L1R0W0-L1R0W0-L1R0W0-L1R0W0-L1R0W0-L1R0W0,compact:L1R0W0-L1R0W0-L1R0W0-L1R0W0-L1R0W0-L1R0W0-L1R0W0-L1R0W0-L1R0W0-L1R0W0-L1R0W0-L1R0W0-L1R0W0-L1R0W0-L1R0W0-L1R0W0-L1R0W0-L1R0W0,,,split,optimized,5,3,5,3.054485,3.0549382,3.0524150000000003,3.0586679999999995,0.0020393971069899387,1.291988,0.015359999999999999,1.7475902,,,custom:libsad_search_3b115211f38255.so,/home/rzzhang/sad_merged/sad/build/libsad_search_3b115211f38255.so
2026-08-23T05:06:56.293937+00:00,20260823T050257,joint:qaoa:6:d2a378727046f958,ok,,qaoa,6,8,float64,42,64,2,64,2,2,1.0,rotation,rotation,6,6,compact:L1R0W0-L1R0W0-L1R0W0-L1R0W0-L1R0W0-L1R0W0,compact:L1R0W0-L1R0W0-L1R0W0-L1R0W0-L1R0W0-L1R0W0,,,merged,optimized,20,3,20,0.3533085,0.35436425000000005,0.352098,0.360477,0.0021589257948109266,0.15215585,0.015384649999999998,0.18682375,,,custom:libsad_search_97eec9f2a848ec.so,/home/rzzhang/sad_merged/sad/build/libsad_search_97eec9f2a848ec.so
2026-08-23T05:06:56.311475+00:00,20260823T050257,joint:qaoa:22:2af28ecb328165e3,ok,,qaoa,22,8,float64,42,64,2,64,2,1,0.75,rotation,rotation,17,17,compact:L2R0W0-L2R0W0-L2R0W0-L2R0W0-L2R0W0-L1R0W0-L1R0W0-L1R0W0-L1R0W0-L1R0W0-L1R0W0-L1R0W0-L1R0W0-L1R0W0-L1R0W0-L1R0W0-L1R0W0,compact:L2R0W0-L2R0W0-L2R0W0-L2R0W0-L2R0W0-L1R0W0-L1R0W0-L1R0W0-L1R0W0-L1R0W0-L1R0W0-L1R0W0-L1R0W0-L1R0W0-L1R0W0-L1R0W0-L1R0W0,,,merged,optimized,3,3,3,51.359382999999994,51.318766000000004,51.1863,51.410615,0.09597433796940855,10.497354666666666,0.14859033333333332,40.672821,,,custom:libsad_search_7e5293342e215a.so,/home/rzzhang/sad_merged/sad/build/libsad_search_7e5293342e215a.so
2026-08-23T05:06:56.648053+00:00,20260823T050257,joint:qaoa:14:fcb37f7c929fb469,ok,,qaoa,14,8,float64,42,128,2,128,2,2,0.25,rotation,rotation,5,5,compact:L3R0W0-L3R0W0-L3R0W0-L3R0W0-L2R0W0,compact:L3R0W0-L3R0W0-L3R0W0-L3R0W0-L2R0W0,,,merged,optimized,10,3,10,0.693659,0.6949428,0.692152,0.7077120000000001,0.0044153746794581596,0.2617333,0.016616699999999998,0.41659280000000004,,,custom:libsad_search_b969ada61d8a74.so,/home/rzzhang/sad_merged/sad/build/libsad_search_b969ada61d8a74.so
2026-08-23T05:06:56.670461+00:00,20260823T050257,joint:qaoa:14:0ff103f514c54d5c,ok,,qaoa,14,8,float64,42,128,2,32,2,2,1.0,rotation,rotation,14,14,compact:L1R0W0-L1R0W0-L1R0W0-L1R0W0-L1R0W0-L1R0W0-L1R0W0-L1R0W0-L1R0W0-L1R0W0-L1R0W0-L1R0W0-L1R0W0-L1R0W0,compact:L1R0W0-L1R0W0-L1R0W0-L1R0W0-L1R0W0-L1R0W0-L1R0W0-L1R0W0-L1R0W0-L1R0W0-L1R0W0-L1R0W0-L1R0W0-L1R0W0,,,merged,optimized,10,3,10,1.208775,1.2097010000000001,1.206094,1.2144080000000002,0.002631476543691831,0.6096107000000001,0.0153914,0.5846989,,,custom:libsad_search_d014591f51543a.so,/home/rzzhang/sad_merged/sad/build/libsad_search_d014591f51543a.so
2026-08-23T05:06:56.700681+00:00,20260823T050257,joint:qaoa:26:ea1d2ed6d3a97105,ok,,qaoa,26,8,float64,42,64,2,64,2,1,0.0,rotation,rotation,4,4,compact:L5R2W0-L5R2W0-L5R1W0-L5R1W0,compact:L5R2W0-L5R2W0-L5R1W0-L5R1W0,,,merged,optimized,2,3,2,423.802812,423.802812,423.79347,423.812154,0.009342000000003736,108.60753349999999,2.474522,312.7207565,,,custom:libsad_search_7e5293342e215a.so,/home/rzzhang/sad_merged/sad/build/libsad_search_7e5293342e215a.so
2026-08-23T05:06:58.863154+00:00,20260823T050257,joint:qaoa:18:7c3b100ee70e094f,ok,,qaoa,18,8,float64,42,32,2,32,2,2,0.0,rotation,rotation,3,3,compact:L5R1W0-L5R1W0-L5R1W0,compact:L5R1W0-L5R1W0-L5R1W0,,,split,optimized,5,3,5,1.57788,1.575458,1.5698809999999999,1.579812,0.004225259613325559,0.4638868,0.015307200000000002,1.096264,,,custom:libsad_search_16d9d6cef53b3d.so,/home/rzzhang/sad_merged/sad/build/libsad_search_16d9d6cef53b3d.so
2026-08-23T05:06:58.902190+00:00,20260823T050257,joint:qaoa:26:a24db5e5b14529cd,ok,,qaoa,26,8,float64,42,64,2,64,2,2,0.0,rotation,rotation,4,4,compact:L5R2W0-L5R2W0-L5R1W0-L5R1W0,compact:L5R2W0-L5R2W0-L5R1W0-L5R1W0,,,merged,optimized,2,3,2,408.235295,408.235295,408.21743899999996,408.25315100000006,0.01785600000005161,104.404366,2.480941,301.349988,,,custom:libsad_search_97eec9f2a848ec.so,/home/rzzhang/sad_merged/sad/build/libsad_search_97eec9f2a848ec.so
2026-08-23T05:07:00.976981+00:00,20260823T050257,joint:qaoa:18:852e15aa28e9114b,ok,,qaoa,18,8,float64,42,128,2,32,2,1,0.75,rotation,rotation,14,14,compact:L2R0W0-L2R0W0-L2R0W0-L2R0W0-L1R0W0-L1R0W0-L1R0W0-L1R0W0-L1R0W0-L1R0W0-L1R0W0-L1R0W0-L1R0W0-L1R0W0,compact:L2R0W0-L2R0W0-L2R0W0-L2R0W0-L1R0W0-L1R0W0-L1R0W0-L1R0W0-L1R0W0-L1R0W0-L1R0W0-L1R0W0-L1R0W0-L1R0W0,,,split,optimized,5,3,5,2.6407540000000003,2.6400014,2.636802,2.641804,0.0017108638285966025,1.0857356,0.015436,1.5388298,,,custom:libsad_search_7259903b8346c4.so,/home/rzzhang/sad_merged/sad/build/libsad_search_7259903b8346c4.so
2026-08-23T05:07:01.024368+00:00,20260823T050257,joint:qaoa:20:9a125a545b891764,ok,,qaoa,20,8,float64,42,32,2,128,2,2,0.25,rotation,rotation,7,7,compact:L3R0W0-L3R0W0-L3R0W0-L3R0W0-L3R0W0-L3R0W0-L2R0W0,compact:L3R0W0-L3R0W0-L3R0W0-L3R0W0-L3R0W0-L3R0W0-L2R0W0,,,merged,optimized,5,3,5,6.007752999999999,6.0082606,6.005558,6.010496,0.0017472325088552744,1.7393303999999998,0.0398912,4.229038999999999,,,custom:libsad_search_fce412939d20fb.so,/home/rzzhang/sad_merged/sad/build/libsad_search_fce412939d20fb.so
2026-08-23T05:07:01.087149+00:00,20260823T050257,joint:qaoa:22:be07d929fdbfc1a3,ok,,qaoa,22,8,float64,42,32,2,128,2,2,1.0,rotation,rotation,22,22,compact:L1R0W0-L1R0W0-L1R0W0-L1R0W0-L1R0W0-L1R0W0-L1R0W0-L1R0W0-L1R0W0-L1R0W0-L1R0W0-L1R0W0-L1R0W0-L1R0W0-L1R0W0-L1R0W0-L1R0W0-L1R0W0-L1R0W0-L1R0W0-L1R0W0-L1R0W0,compact:L1R0W0-L1R0W0-L1R0W0-L1R0W0-L1R0W0-L1R0W0-L1R0W0-L1R0W0-L1R0W0-L1R0W0-L1R0W0-L1R0W0-L1R0W0-L1R0W0-L1R0W0-L1R0W0-L1R0W0-L1R0W0-L1R0W0-L1R0W0-L1R0W0-L1R0W0,,,split,optimized,3,3,3,65.687679,65.73820533333334,65.614697,65.91224,0.12661659180989893,13.112665000000002,0.144049,52.48149133333333,,,custom:libsad_search_2a0e4369743c84.so,/home/rzzhang/sad_merged/sad/build/libsad_search_2a0e4369743c84.so
2026-08-23T05:07:01.510156+00:00,20260823T050257,joint:qaoa:14:539d1ca6c146cab9,ok,,qaoa,14,8,float64,42,32,2,32,2,1,0.0,rotation,rotation,2,2,compact:L5R2W0-L5R2W0,compact:L5R2W0-L5R2W0,,,split,optimized,10,3,10,0.3010635,0.30162269999999997,0.300717,0.305068,0.0012161944786916307,0.1029107,0.0151797,0.1835323,,,custom:libsad_search_3cb67c7e18cc99.so,/home/rzzhang/sad_merged/sad/build/libsad_search_3cb67c7e18cc99.so
2026-08-23T05:07:01.530001+00:00,20260823T050257,joint:qaoa:10:7f6f3b396aba9e8f,ok,,qaoa,10,8,float64,42,128,2,32,2,1,0.0,rotation,rotation,2,2,compact:L5R0W0-L5R0W0,compact:L5R0W0-L5R0W0,,,merged,optimized,10,3,10,0.272282,0.2719244,0.270296,0.272487,0.0006899135018246902,0.11323,0.01531,0.14338440000000002,,,custom:libsad_search_5851e15f736f52.so,/home/rzzhang/sad_merged/sad/build/libsad_search_5851e15f736f52.so
2026-08-23T05:07:01.552342+00:00,20260823T050257,joint:qaoa:22:6aa803e905b5454d,ok,,qaoa,22,8,float64,42,64,2,64,2,2,1.0,rotation,rotation,22,22,compact:L1R0W0-L1R0W0-L1R0W0-L1R0W0-L1R0W0-L1R0W0-L1R0W0-L1R0W0-L1R0W0-L1R0W0-L1R0W0-L1R0W0-L1R0W0-L1R0W0-L1R0W0-L1R0W0-L1R0W0-L1R0W0-L1R0W0-L1R0W0-L1R0W0-L1R0W0,compact:L1R0W0-L1R0W0-L1R0W0-L1R0W0-L1R0W0-L1R0W0-L1R0W0-L1R0W0-L1R0W0-L1R0W0-L1R0W0-L1R0W0-L1R0W0-L1R0W0-L1R0W0-L1R0W0-L1R0W0-L1R0W0-L1R0W0-L1R0W0-L1R0W0-L1R0W0,,,split,optimized,3,3,3,65.981945,65.97064733333333,65.92460799999999,66.005389,0.03393248634502969,13.338864666666668,0.14873066666666665,52.483051999999994,,,custom:libsad_search_20c37ff249ec0a.so,/home/rzzhang/sad_merged/sad/build/libsad_search_20c37ff249ec0a.so
2026-08-23T05:07:01.982100+00:00,20260823T050257,joint:qaoa:24:482d189233215a97,ok,,qaoa,24,8,float64,42,32,2,128,2,2,0.75,rotation,rotation,19,19,compact:L2R0W0-L2R0W0-L2R0W0-L2R0W0-L2R0W0-L1R0W0-L1R0W0-L1R0W0-L1R0W0-L1R0W0-L1R0W0-L1R0W0-L1R0W0-L1R0W0-L1R0W0-L1R0W0-L1R0W0-L1R0W0-L1R0W0,compact:L2R0W0-L2R0W0-L2R0W0-L2R0W0-L2R0W0-L1R0W0-L1R0W0-L1R0W0-L1R0W0-L1R0W0-L1R0W0-L1R0W0-L1R0W0-L1R0W0-L1R0W0-L1R0W0-L1R0W0-L1R0W0-L1R0W0,,,merged,optimized,3,3,3,270.534801,270.54727099999997,270.51998199999997,270.58703,0.028757425139740687,89.783515,0.6406336666666667,180.12312233333336,,,custom:libsad_search_fce412939d20fb.so,/home/rzzhang/sad_merged/sad/build/libsad_search_fce412939d20fb.so
2026-08-23T05:07:03.635753+00:00,20260823T050257,joint:qaoa:12:541150a0d7b9f7cf,ok,,qaoa,12,8,float64,42,128,2,128,2,2,0.75,rotation,rotation,10,10,compact:L2R0W0-L2R0W0-L1R0W0-L1R0W0-L1R0W0-L1R0W0-L1R0W0-L1R0W0-L1R0W0-L1R0W0,compact:L2R0W0-L2R0W0-L1R0W0-L1R0W0-L1R0W0-L1R0W0-L1R0W0-L1R0W0-L1R0W0-L1R0W0,,,merged,optimized,10,3,10,0.9430745,0.9437491,0.942972,0.9498639999999999,0.002039058775513815,0.4044103,0.0154532,0.5238856,,,custom:libsad_search_b969ada61d8a74.so,/home/rzzhang/sad_merged/sad/build/libsad_search_b969ada61d8a74.so
2026-08-23T05:07:03.661253+00:00,20260823T050257,joint:qaoa:24:17984955e99653b8,ok,,qaoa,24,8,float64,42,128,2,128,2,2,0.25,rotation,rotation,8,8,compact:L3R0W0-L3R0W0-L3R0W0-L3R0W0-L3R0W0-L3R0W0-L3R0W0-L3R0W0,compact:L3R0W0-L3R0W0-L3R0W0-L3R0W0-L3R0W0-L3R0W0-L3R0W0-L3R0W0,,,split,optimized,3,3,3,116.57014899999999,116.583196,116.517126,116.662313,0.05998602281087193,38.03149,0.6319783333333333,77.91972766666666,,,custom:libsad_search_d02bea87aa5c56.so,/home/rzzhang/sad_merged/sad/build/libsad_search_d02bea87aa5c56.so
2026-08-23T05:07:04.398191+00:00,20260823T050257,joint:qaoa:18:2c1ab7a29e6d5e70,ok,,qaoa,18,8,float64,42,128,2,32,2,1,0.5,rotation,rotation,10,10,compact:L2R0W0-L2R0W0-L2R0W0-L2R0W0-L2R0W0-L2R0W0-L2R0W0-L2R0W0-L1R0W0-L1R0W0,compact:L2R0W0-L2R0W0-L2R0W0-L2R0W0-L2R0W0-L2R0W0-L2R0W0-L2R0W0-L1R0W0-L1R0W0,,,merged,optimized,5,3,5,2.1605830000000004,2.1591664,2.153399,2.161633,0.003086288359826549,0.8331116,0.0155198,1.310535,,,custom:libsad_search_5851e15f736f52.so,/home/rzzhang/sad_merged/sad/build/libsad_search_5851e15f736f52.so
2026-08-23T05:07:04.431344+00:00,20260823T050257,joint:qaoa:18:5af80ab441ab4b36,ok,,qaoa,18,8,float64,42,128,2,128,2,1,0.25,rotation,rotation,6,6,compact:L3R0W0-L3R0W0-L3R0W0-L3R0W0-L3R0W0-L3R0W0,compact:L3R0W0-L3R0W0-L3R0W0-L3R0W0-L3R0W0-L3R0W0,,,merged,optimized,5,3,5,1.823478,1.823052,1.8216160000000001,1.8237179999999997,0.000793436071778877,0.5989021999999999,0.015199199999999998,1.2089506,,,custom:libsad_search_8fbfac92ec4bef.so,/home/rzzhang/sad_merged/sad/build/libsad_search_8fbfac92ec4bef.so
2026-08-23T05:07:04.460596+00:00,20260823T050257,joint:qaoa:10:c3a2055631f26397,ok,,qaoa,10,8,float64,42,128,2,128,2,1,1.0,rotation,rotation,10,10,compact:L1R0W0-L1R0W0-L1R0W0-L1R0W0-L1R0W0-L1R0W0-L1R0W0-L1R0W0-L1R0W0-L1R0W0,compact:L1R0W0-L1R0W0-L1R0W0-L1R0W0-L1R0W0-L1R0W0-L1R0W0-L1R0W0-L1R0W0-L1R0W0,,,merged,optimized,10,3,10,0.8386750000000001,0.8390192000000001,0.838546,0.8396689999999999,0.0004942569776947854,0.3658675,0.015325700000000001,0.457826,,,custom:libsad_search_8fbfac92ec4bef.so,/home/rzzhang/sad_merged/sad/build/libsad_search_8fbfac92ec4bef.so
2026-08-23T05:07:04.485742+00:00,20260823T050257,joint:qaoa:22:1f265da2cd871454,ok,,qaoa,22,8,float64,42,32,2,32,2,2,0.75,rotation,rotation,18,18,compact:L2R0W0-L2R0W0-L2R0W0-L2R0W0-L1R0W0-L1R0W0-L1R0W0-L1R0W0-L1R0W0-L1R0W0-L1R0W0-L1R0W0-L1R0W0-L1R0W0-L1R0W0-L1R0W0-L1R0W0-L1R0W0,compact:L2R0W0-L2R0W0-L2R0W0-L2R0W0-L1R0W0-L1R0W0-L1R0W0-L1R0W0-L1R0W0-L1R0W0-L1R0W0-L1R0W0-L1R0W0-L1R0W0-L1R0W0-L1R0W0-L1R0W0-L1R0W0,,,split,optimized,3,3,3,54.276682,54.15611933333333,53.861771000000005,54.329905,0.2092667801863314,11.122887333333333,0.14917499999999997,42.884057000000006,,,custom:libsad_search_16d9d6cef53b3d.so,/home/rzzhang/sad_merged/sad/build/libsad_search_16d9d6cef53b3d.so
2026-08-23T05:07:04.844400+00:00,20260823T050257,joint:qaoa:22:839f69de0efdb6da,ok,,qaoa,22,8,float64,42,32,2,32,2,1,1.0,rotation,rotation,22,22,compact:L1R0W0-L1R0W0-L1R0W0-L1R0W0-L1R0W0-L1R0W0-L1R0W0-L1R0W0-L1R0W0-L1R0W0-L1R0W0-L1R0W0-L1R0W0-L1R0W0-L1R0W0-L1R0W0-L1R0W0-L1R0W0-L1R0W0-L1R0W0-L1R0W0-L1R0W0,compact:L1R0W0-L1R0W0-L1R0W0-L1R0W0-L1R0W0-L1R0W0-L1R0W0-L1R0W0-L1R0W0-L1R0W0-L1R0W0-L1R0W0-L1R0W0-L1R0W0-L1R0W0-L1R0W0-L1R0W0-L1R0W0-L1R0W0-L1R0W0-L1R0W0-L1R0W0,,,merged,optimized,3,3,3,65.613398,65.58156466666667,65.449383,65.68191300000001,0.09756218891331025,13.187162666666667,0.14655500000000002,52.24784699999999,,,custom:libsad_search_f9cdaf042a7bd6.so,/home/rzzhang/sad_merged/sad/build/libsad_search_f9cdaf042a7bd6.so
2026-08-23T05:07:05.266589+00:00,20260823T050257,joint:qaoa:18:1434c0c7160d9310,ok,,qaoa,18,8,float64,42,32,2,128,2,1,0.75,rotation,rotation,14,14,compact:L2R0W0-L2R0W0-L2R0W0-L2R0W0-L1R0W0-L1R0W0-L1R0W0-L1R0W0-L1R0W0-L1R0W0-L1R0W0-L1R0W0-L1R0W0-L1R0W0,compact:L2R0W0-L2R0W0-L2R0W0-L2R0W0-L1R0W0-L1R0W0-L1R0W0-L1R0W0-L1R0W0-L1R0W0-L1R0W0-L1R0W0-L1R0W0-L1R0W0,,,merged,optimized,5,3,5,2.616291,2.6168866,2.615214,2.6192990000000003,0.001383861351436732,0.9929045999999999,0.0157066,1.6082754000000001,,,custom:libsad_search_2a8327787a9aac.so,/home/rzzhang/sad_merged/sad/build/libsad_search_2a8327787a9aac.so
2026-08-23T05:07:05.300908+00:00,20260823T050257,joint:qaoa:22:f397b257546d40c9,ok,,qaoa,22,8,float64,42,128,2,128,2,2,1.0,rotation,rotation,22,22,compact:L1R0W0-L1R0W0-L1R0W0-L1R0W0-L1R0W0-L1R0W0-L1R0W0-L1R0W0-L1R0W0-L1R0W0-L1R0W0-L1R0W0-L1R0W0-L1R0W0-L1R0W0-L1R0W0-L1R0W0-L1R0W0-L1R0W0-L1R0W0-L1R0W0-L1R0W0,compact:L1R0W0-L1R0W0-L1R0W0-L1R0W0-L1R0W0-L1R0W0-L1R0W0-L1R0W0-L1R0W0-L1R0W0-L1R0W0-L1R0W0-L1R0W0-L1R0W0-L1R0W0-L1R0W0-L1R0W0-L1R0W0-L1R0W0-L1R0W0-L1R0W0-L1R0W0,,,split,optimized,3,3,3,65.92042400000001,66.01131933333333,65.895054,66.21848,0.14685041274560542,13.364235333333333,0.15243833333333334,52.49464566666667,,,custom:libsad_search_d02bea87aa5c56.so,/home/rzzhang/sad_merged/sad/build/libsad_search_d02bea87aa5c56.so
2026-08-23T05:07:05.730823+00:00,20260823T050257,joint:qaoa:10:9f37e62fa95e0ea0,ok,,qaoa,10,8,float64,42,32,2,32,2,1,0.75,rotation,rotation,8,8,compact:L2R0W0-L2R0W0-L1R0W0-L1R0W0-L1R0W0-L1R0W0-L1R0W0-L1R0W0,compact:L2R0W0-L2R0W0-L1R0W0-L1R0W0-L1R0W0-L1R0W0-L1R0W0-L1R0W0,,,split,optimized,10,3,10,0.5877235000000001,0.5870127,0.580543,0.588825,0.0023036045255208086,0.2583061,0.015396600000000002,0.31331,,,custom:libsad_search_3cb67c7e18cc99.so,/home/rzzhang/sad_merged/sad/build/libsad_search_3cb67c7e18cc99.so
2026-08-23T05:07:05.754368+00:00,20260823T050257,joint:qaoa:14:c72d48089cc62428,ok,,qaoa,14,8,float64,42,32,2,32,2,1,0.75,rotation,rotation,11,11,compact:L2R0W0-L2R0W0-L2R0W0-L1R0W0-L1R0W0-L1R0W0-L1R0W0-L1R0W0-L1R0W0-L1R0W0-L1R0W0,compact:L2R0W0-L2R0W0-L2R0W0-L1R0W0-L1R0W0-L1R0W0-L1R0W0-L1R0W0-L1R0W0-L1R0W0-L1R0W0,,,merged,optimized,10,3,10,0.9472285,0.9475687,0.9470919999999999,0.9483219999999999,0.0004963339702256816,0.42619900000000005,0.015274500000000002,0.5060952000000001,,,custom:libsad_search_f9cdaf042a7bd6.so,/home/rzzhang/sad_merged/sad/build/libsad_search_f9cdaf042a7bd6.so
2026-08-23T05:07:05.780767+00:00,20260823T050257,joint:qaoa:4:150406c2a2c21cfa,ok,,qaoa,4,8,float64,42,128,2,32,2,2,1.0,rotation,rotation,4,4,compact:L1R0W0-L1R0W0-L1R0W0-L1R0W0,compact:L1R0W0-L1R0W0-L1R0W0-L1R0W0,,,merged,optimized,20,3,20,0.248848,0.2488903,0.24782500000000002,0.24980100000000002,0.0004931733062524811,0.10962604999999999,0.0152487,0.12401555,,,custom:libsad_search_d014591f51543a.so,/home/rzzhang/sad_merged/sad/build/libsad_search_d014591f51543a.so
2026-08-23T05:07:05.802229+00:00,20260823T050257,joint:qaoa:12:c005a7bd2dee4d6e,ok,,qaoa,12,8,float64,42,64,2,64,2,2,0.75,rotation,rotation,10,10,compact:L2R0W0-L2R0W0-L1R0W0-L1R0W0-L1R0W0-L1R0W0-L1R0W0-L1R0W0-L1R0W0-L1R0W0,compact:L2R0W0-L2R0W0-L1R0W0-L1R0W0-L1R0W0-L1R0W0-L1R0W0-L1R0W0-L1R0W0-L1R0W0,,,split,optimized,10,3,10,0.8499540000000001,0.8503930000000001,0.849838,0.851908,0.0006754006218534342,0.37713189999999996,0.0154409,0.4578202,,,custom:libsad_search_20c37ff249ec0a.so,/home/rzzhang/sad_merged/sad/build/libsad_search_20c37ff249ec0a.so
2026-08-23T05:07:05.828491+00:00,20260823T050257,joint:qaoa:16:11e4e9da71edd710,ok,,qaoa,16,8,float64,42,32,2,128,2,1,0.5,rotation,rotation,10,9,compact:L2R0W0-L2R0W0-L2R0W0-L2R0W0-L2R0W0-L2R0W0-L1R0W0-L1R0W0-L1R0W0-L1R0W0,compact:L2R0W0-L2R0W0-L2R0W0-L2R0W0-L2R0W0-L2R0W0-L2R0W0-L1R0W0-L1R0W0,,,split,optimized,5,3,5,1.177606,1.1781514,1.177485,1.179556,0.0008081521143943443,0.48152480000000003,0.015272799999999998,0.6813538,,,custom:libsad_search_0e4f539ceca897.so,/home/rzzhang/sad_merged/sad/build/libsad_search_0e4f539ceca897.so
2026-08-23T05:07:05.852719+00:00,20260823T050257,joint:qaoa:28:9e183b14ee64baa6,ok,,qaoa,28,8,float64,42,128,2,32,2,2,0.25,rotation,rotation,10,10,compact:L3R0W0-L3R0W0-L3R0W0-L3R0W0-L3R0W0-L3R0W0-L3R0W0-L3R0W0-L2R0W0-L2R0W0,compact:L3R0W0-L3R0W0-L3R0W0-L3R0W0-L3R0W0-L3R0W0-L3R0W0-L3R0W0-L2R0W0-L2R0W0,,,merged,optimized,2,3,2,2304.2776375000003,2304.2776375000003,2304.25408,2304.301195,0.023557499999924403,756.5293049999999,9.995553000000001,1537.7527794999999,,,custom:libsad_search_d014591f51543a.so,/home/rzzhang/sad_merged/sad/build/libsad_search_d014591f51543a.so
2026-08-23T05:07:17.398044+00:00,20260823T050257,joint:qaoa:26:06e20b0ab0cc347a,ok,,qaoa,26,8,float64,42,32,2,32,2,2,0.25,rotation,rotation,10,10,compact:L3R0W0-L3R0W0-L3R0W0-L3R0W0-L3R0W0-L3R0W0-L2R0W0-L2R0W0-L2R0W0-L2R0W0,compact:L3R0W0-L3R0W0-L3R0W0-L3R0W0-L3R0W0-L3R0W0-L2R0W0-L2R0W0-L2R0W0-L2R0W0,,,split,optimized,2,3,2,575.9861060000001,575.9861060000001,575.974195,575.998017,0.011910999999997784,188.318219,2.5036485,385.1642385,,,custom:libsad_search_16d9d6cef53b3d.so,/home/rzzhang/sad_merged/sad/build/libsad_search_16d9d6cef53b3d.so
2026-08-23T05:07:20.342720+00:00,20260823T050257,joint:qaoa:26:d9969b2718dd7506,ok,,qaoa,26,8,float64,42,32,2,32,2,1,0.75,rotation,rotation,20,20,compact:L2R0W0-L2R0W0-L2R0W0-L2R0W0-L2R0W0-L2R0W0-L1R0W0-L1R0W0-L1R0W0-L1R0W0-L1R0W0-L1R0W0-L1R0W0-L1R0W0-L1R0W0-L1R0W0-L1R0W0-L1R0W0-L1R0W0-L1R0W0,compact:L2R0W0-L2R0W0-L2R0W0-L2R0W0-L2R0W0-L2R0W0-L1R0W0-L1R0W0-L1R0W0-L1R0W0-L1R0W0-L1R0W0-L1R0W0-L1R0W0-L1R0W0-L1R0W0-L1R0W0-L1R0W0-L1R0W0-L1R0W0,,,split,optimized,2,3,2,1132.5282980000002,1132.5282980000002,1132.0796500000001,1132.976946,0.44864799999993465,375.87471500000004,2.5163794999999998,754.1372035,,,custom:libsad_search_3cb67c7e18cc99.so,/home/rzzhang/sad_merged/sad/build/libsad_search_3cb67c7e18cc99.so
2026-08-23T05:07:26.050702+00:00,20260823T050257,joint:qaoa:6:5784fe7c774f2ee1,ok,,qaoa,6,8,float64,42,128,2,32,2,2,0.0,rotation,rotation,1,1,compact:L5R1W0,compact:L5R1W0,,,merged,optimized,20,3,20,0.1454045,0.1455726,0.1452,0.146456,0.00040276635907185763,0.05144095,0.01520925,0.0789224,,,custom:libsad_search_d014591f51543a.so,/home/rzzhang/sad_merged/sad/build/libsad_search_d014591f51543a.so
2026-08-23T05:07:26.072091+00:00,20260823T050257,joint:qaoa:22:e356e3463f20af50,ok,,qaoa,22,8,float64,42,128,2,128,2,1,0.75,rotation,rotation,17,17,compact:L2R0W0-L2R0W0-L2R0W0-L2R0W0-L2R0W0-L1R0W0-L1R0W0-L1R0W0-L1R0W0-L1R0W0-L1R0W0-L1R0W0-L1R0W0-L1R0W0-L1R0W0-L1R0W0-L1R0W0,compact:L2R0W0-L2R0W0-L2R0W0-L2R0W0-L2R0W0-L1R0W0-L1R0W0-L1R0W0-L1R0W0-L1R0W0-L1R0W0-L1R0W0-L1R0W0-L1R0W0-L1R0W0-L1R0W0-L1R0W0,,,merged,optimized,3,3,3,51.236447,51.23745866666667,51.220005,51.25592399999999,0.014681308804808033,10.446206,0.14926499999999998,40.641987666666665,,,custom:libsad_search_8fbfac92ec4bef.so,/home/rzzhang/sad_merged/sad/build/libsad_search_8fbfac92ec4bef.so
2026-08-23T05:07:26.421789+00:00,20260823T050257,joint:qaoa:6:266ea4e186890ebc,ok,,qaoa,6,8,float64,42,128,2,32,2,1,0.25,rotation,rotation,2,2,compact:L3R0W0-L3R0W0,compact:L3R0W0-L3R0W0,,,split,optimized,20,3,20,0.1923565,0.1918535,0.186995,0.193521,0.0012697791737148623,0.07491394999999999,0.015265950000000002,0.1016736,,,custom:libsad_search_7259903b8346c4.so,/home/rzzhang/sad_merged/sad/build/libsad_search_7259903b8346c4.so
2026-08-23T05:07:26.444059+00:00,20260823T050257,joint:qaoa:28:91824571d7ebd13e,ok,,qaoa,28,8,float64,42,32,2,32,2,2,0.25,rotation,rotation,10,10,compact:L3R0W0-L3R0W0-L3R0W0-L3R0W0-L3R0W0-L3R0W0-L3R0W0-L3R0W0-L2R0W0-L2R0W0,compact:L3R0W0-L3R0W0-L3R0W0-L3R0W0-L3R0W0-L3R0W0-L3R0W0-L3R0W0-L2R0W0-L2R0W0,,,split,optimized,2,3,2,2301.4267825,2301.4267825,2301.410917,2301.442648,0.015865500000018073,753.4069514999999,9.974109499999999,1538.0457215000001,,,custom:libsad_search_16d9d6cef53b3d.so,/home/rzzhang/sad_merged/sad/build/libsad_search_16d9d6cef53b3d.so
2026-08-23T05:07:37.974477+00:00,20260823T050257,joint:qaoa:24:9019feaf874f2029,ok,,qaoa,24,8,float64,42,32,2,128,2,2,0.0,rotation,rotation,4,3,compact:L5R1W0-L5R1W0-L5R1W0-L5R1W0,compact:L5R2W1-L5R2W1-L5R2W1,,,merged,optimized,3,3,3,99.02148700000001,99.09348766666666,99.002366,99.25661,0.11560875077701345,24.854697666666667,0.6170720000000001,73.621718,,,custom:libsad_search_fce412939d20fb.so,/home/rzzhang/sad_merged/sad/build/libsad_search_fce412939d20fb.so
2026-08-23T05:07:38.606449+00:00,20260823T050257,joint:qaoa:24:af6bd1497845eae2,ok,,qaoa,24,8,float64,42,32,2,128,2,1,1.0,rotation,rotation,24,24,compact:L1R0W0-L1R0W0-L1R0W0-L1R0W0-L1R0W0-L1R0W0-L1R0W0-L1R0W0-L1R0W0-L1R0W0-L1R0W0-L1R0W0-L1R0W0-L1R0W0-L1R0W0-L1R0W0-L1R0W0-L1R0W0-L1R0W0-L1R0W0-L1R0W0-L1R0W0-L1R0W0-L1R0W0,compact:L1R0W0-L1R0W0-L1R0W0-L1R0W0-L1R0W0-L1R0W0-L1R0W0-L1R0W0-L1R0W0-L1R0W0-L1R0W0-L1R0W0-L1R0W0-L1R0W0-L1R0W0-L1R0W0-L1R0W0-L1R0W0-L1R0W0-L1R0W0-L1R0W0-L1R0W0-L1R0W0-L1R0W0,,,split,optimized,3,3,3,341.082286,341.08377466666667,341.043427,341.125611,0.0335679863394937,113.41393966666668,0.6452616666666667,227.02457333333334,,,custom:libsad_search_0e4f539ceca897.so,/home/rzzhang/sad_merged/sad/build/libsad_search_0e4f539ceca897.so
2026-08-23T05:07:40.677548+00:00,20260823T050257,joint:qaoa:22:339226c17ce78ae8,ok,,qaoa,22,8,float64,42,32,2,128,2,1,1.0,rotation,rotation,22,22,compact:L1R0W0-L1R0W0-L1R0W0-L1R0W0-L1R0W0-L1R0W0-L1R0W0-L1R0W0-L1R0W0-L1R0W0-L1R0W0-L1R0W0-L1R0W0-L1R0W0-L1R0W0-L1R0W0-L1R0W0-L1R0W0-L1R0W0-L1R0W0-L1R0W0-L1R0W0,compact:L1R0W0-L1R0W0-L1R0W0-L1R0W0-L1R0W0-L1R0W0-L1R0W0-L1R0W0-L1R0W0-L1R0W0-L1R0W0-L1R0W0-L1R0W0-L1R0W0-L1R0W0-L1R0W0-L1R0W0-L1R0W0-L1R0W0-L1R0W0-L1R0W0-L1R0W0,,,merged,optimized,3,3,3,65.678948,65.675469,65.667536,65.679923,0.005623582665883741,13.040105333333335,0.14206600000000003,52.49329766666667,,,custom:libsad_search_2a8327787a9aac.so,/home/rzzhang/sad_merged/sad/build/libsad_search_2a8327787a9aac.so
2026-08-23T05:07:41.094364+00:00,20260823T050257,joint:qaoa:8:d2c98dfbc5f1ae51,ok,,qaoa,8,8,float64,42,128,2,128,2,2,0.5,rotation,rotation,4,4,compact:L2R0W0-L2R0W0-L2R0W0-L2R0W0,compact:L2R0W0-L2R0W0-L2R0W0-L2R0W0,,,split,optimized,20,3,20,0.3930445,0.39272185,0.39112100000000005,0.394121,0.0007298155434765568,0.14710109999999998,0.015413750000000002,0.230207,,,custom:libsad_search_d02bea87aa5c56.so,/home/rzzhang/sad_merged/sad/build/libsad_search_d02bea87aa5c56.so
2026-08-23T05:07:41.113094+00:00,20260823T050257,joint:qaoa:4:46aba653d9b3c97e,ok,,qaoa,4,8,float64,42,32,2,32,2,2,0.0,rotation,rotation,1,1,compact:L4R0W0,compact:L4R0W0,,,merged,optimized,20,3,20,0.113621,0.11367685000000001,0.11350999999999999,0.114356,0.00018302275131797292,0.035887199999999994,0.015297999999999997,0.06249165,,,custom:libsad_search_dcff342f285260.so,/home/rzzhang/sad_merged/sad/build/libsad_search_dcff342f285260.so
2026-08-23T05:07:41.125380+00:00,20260823T050257,joint:qaoa:20:742e983a5b5c726f,ok,,qaoa,20,8,float64,42,128,2,128,2,2,0.25,rotation,rotation,7,7,compact:L3R0W0-L3R0W0-L3R0W0-L3R0W0-L3R0W0-L3R0W0-L2R0W0,compact:L3R0W0-L3R0W0-L3R0W0-L3R0W0-L3R0W0-L3R0W0-L2R0W0,,,split,optimized,5,3,5,6.2975129999999995,6.297528,6.29656,6.298603000000001,0.0006480274685537805,1.7558588,0.040159799999999996,4.5015094,,,custom:libsad_search_d02bea87aa5c56.so,/home/rzzhang/sad_merged/sad/build/libsad_search_d02bea87aa5c56.so
2026-08-23T05:07:41.185701+00:00,20260823T050257,joint:qaoa:20:964199212ce576b6,ok,,qaoa,20,8,float64,42,32,2,128,2,1,0.5,rotation,rotation,12,12,compact:L2R0W0-L2R0W0-L2R0W0-L2R0W0-L2R0W0-L2R0W0-L2R0W0-L2R0W0-L1R0W0-L1R0W0-L1R0W0-L1R0W0,compact:L2R0W0-L2R0W0-L2R0W0-L2R0W0-L2R0W0-L2R0W0-L2R0W0-L2R0W0-L1R0W0-L1R0W0-L1R0W0-L1R0W0,,,merged,optimized,5,3,5,7.266251,7.2674122,7.265264,7.272265999999999,0.002493318704056591,2.4116212,0.0399014,4.815889599999999,,,custom:libsad_search_2a8327787a9aac.so,/home/rzzhang/sad_merged/sad/build/libsad_search_2a8327787a9aac.so
2026-08-23T05:07:41.254099+00:00,20260823T050257,joint:qaoa:16:4cbe8ebef1d039f6,ok,,qaoa,16,8,float64,42,128,2,32,2,2,0.5,rotation,rotation,9,10,compact:L2R0W0-L2R0W0-L2R0W0-L2R0W0-L2R0W0-L2R0W0-L2R0W0-L1R0W0-L1R0W0,compact:L2R0W0-L2R0W0-L2R0W0-L2R0W0-L2R0W0-L2R0W0-L1R0W0-L1R0W0-L1R0W0-L1R0W0,,,split,optimized,5,3,5,1.148809,1.1484666,1.146725,1.1490859999999998,0.0008793940186287066,0.4860642,0.015421,0.6469813999999999,,,custom:libsad_search_3b115211f38255.so,/home/rzzhang/sad_merged/sad/build/libsad_search_3b115211f38255.so
2026-08-23T05:07:41.272987+00:00,20260823T050257,joint:qaoa:26:ebc3eae6d5aa8540,ok,,qaoa,26,8,float64,42,64,2,64,2,2,0.5,rotation,rotation,15,15,compact:L2R0W0-L2R0W0-L2R0W0-L2R0W0-L2R0W0-L2R0W0-L2R0W0-L2R0W0-L2R0W0-L2R0W0-L2R0W0-L1R0W0-L1R0W0-L1R0W0-L1R0W0,compact:L2R0W0-L2R0W0-L2R0W0-L2R0W0-L2R0W0-L2R0W0-L2R0W0-L2R0W0-L2R0W0-L2R0W0-L2R0W0-L1R0W0-L1R0W0-L1R0W0-L1R0W0,,,merged,optimized,2,3,2,853.885311,853.885311,853.633062,854.13756,0.25224900000000616,283.810819,2.507319,567.567173,,,custom:libsad_search_97eec9f2a848ec.so,/home/rzzhang/sad_merged/sad/build/libsad_search_97eec9f2a848ec.so
2026-08-23T05:07:45.569535+00:00,20260823T050257,joint:qaoa:16:71bfb744abe49e22,ok,,qaoa,16,8,float64,42,64,2,64,2,1,1.0,rotation,rotation,16,16,compact:L1R0W0-L1R0W0-L1R0W0-L1R0W0-L1R0W0-L1R0W0-L1R0W0-L1R0W0-L1R0W0-L1R0W0-L1R0W0-L1R0W0-L1R0W0-L1R0W0-L1R0W0-L1R0W0,compact:L1R0W0-L1R0W0-L1R0W0-L1R0W0-L1R0W0-L1R0W0-L1R0W0-L1R0W0-L1R0W0-L1R0W0-L1R0W0-L1R0W0-L1R0W0-L1R0W0-L1R0W0-L1R0W0,,,split,optimized,5,3,5,1.64134,1.6412023999999998,1.640377,1.6423349999999999,0.0007318684581261027,0.7192286,0.0154938,0.90648,,,custom:libsad_search_7ec063ebc99501.so,/home/rzzhang/sad_merged/sad/build/libsad_search_7ec063ebc99501.so
2026-08-23T05:07:45.601855+00:00,20260823T050257,joint:qaoa:12:158f06ca6ace7ace,ok,,qaoa,12,8,float64,42,32,2,32,2,2,1.0,rotation,rotation,12,12,compact:L1R0W0-L1R0W0-L1R0W0-L1R0W0-L1R0W0-L1R0W0-L1R0W0-L1R0W0-L1R0W0-L1R0W0-L1R0W0-L1R0W0,compact:L1R0W0-L1R0W0-L1R0W0-L1R0W0-L1R0W0-L1R0W0-L1R0W0-L1R0W0-L1R0W0-L1R0W0-L1R0W0-L1R0W0,,,split,optimized,10,3,10,0.8806244999999999,0.8804835000000001,0.8754450000000001,0.883621,0.0022703936332715263,0.4026949,0.0148803,0.4629083,,,custom:libsad_search_16d9d6cef53b3d.so,/home/rzzhang/sad_merged/sad/build/libsad_search_16d9d6cef53b3d.so
2026-08-23T05:07:45.625266+00:00,20260823T050257,joint:qaoa:8:f0aba000aff38302,ok,,qaoa,8,8,float64,42,128,2,32,2,2,0.25,rotation,rotation,3,4,compact:L3R0W0-L3R0W0-L2R0W0,compact:L2R0W0-L2R0W0-L2R0W0-L2R0W0,,,merged,optimized,20,3,20,0.308209,0.30823485,0.305605,0.309172,0.0007044970741599995,0.12002845,0.01510875,0.17309765000000002,,,custom:libsad_search_d014591f51543a.so,/home/rzzhang/sad_merged/sad/build/libsad_search_d014591f51543a.so
2026-08-23T05:07:45.642518+00:00,20260823T050257,joint:qaoa:18:5a5c74888f594054,ok,,qaoa,18,8,float64,42,128,2,32,2,2,0.0,rotation,rotation,2,3,compact:L5R2W2-L5R2W2,compact:L5R1W0-L5R1W0-L5R1W0,,,split,optimized,5,3,5,1.492031,1.4917016,1.4897369999999999,1.492922,0.001211065250100189,0.3845072,0.015380399999999999,1.091814,,,custom:libsad_search_3b115211f38255.so,/home/rzzhang/sad_merged/sad/build/libsad_search_3b115211f38255.so
2026-08-23T05:07:45.664359+00:00,20260823T050257,joint:qaoa:28:a83cc75e861865ab,ok,,qaoa,28,8,float64,42,128,2,32,2,2,0.5,rotation,rotation,16,16,compact:L2R0W0-L2R0W0-L2R0W0-L2R0W0-L2R0W0-L2R0W0-L2R0W0-L2R0W0-L2R0W0-L2R0W0-L2R0W0-L2R0W0-L1R0W0-L1R0W0-L1R0W0-L1R0W0,compact:L2R0W0-L2R0W0-L2R0W0-L2R0W0-L2R0W0-L2R0W0-L2R0W0-L2R0W0-L2R0W0-L2R0W0-L2R0W0-L2R0W0-L1R0W0-L1R0W0-L1R0W0-L1R0W0,,,split,optimized,2,3,2,3638.499228,3638.499228,3638.322469,3638.675987,0.17675899999994726,1208.116192,10.000430000000001,2420.382606,,,custom:libsad_search_3b115211f38255.so,/home/rzzhang/sad_merged/sad/build/libsad_search_3b115211f38255.so
2026-08-23T05:08:03.878938+00:00,20260823T050257,joint:qaoa:24:3916c59a43d60609,ok,,qaoa,24,8,float64,42,32,2,32,2,1,0.75,rotation,rotation,19,19,compact:L2R0W0-L2R0W0-L2R0W0-L2R0W0-L2R0W0-L1R0W0-L1R0W0-L1R0W0-L1R0W0-L1R0W0-L1R0W0-L1R0W0-L1R0W0-L1R0W0-L1R0W0-L1R0W0-L1R0W0-L1R0W0-L1R0W0,compact:L2R0W0-L2R0W0-L2R0W0-L2R0W0-L2R0W0-L1R0W0-L1R0W0-L1R0W0-L1R0W0-L1R0W0-L1R0W0-L1R0W0-L1R0W0-L1R0W0-L1R0W0-L1R0W0-L1R0W0-L1R0W0-L1R0W0,,,merged,optimized,3,3,3,270.191821,270.11622600000004,269.96083300000004,270.19602399999997,0.10989284064940094,89.75761866666666,0.643615,179.71499233333333,,,custom:libsad_search_f9cdaf042a7bd6.so,/home/rzzhang/sad_merged/sad/build/libsad_search_f9cdaf042a7bd6.so
2026-08-23T05:08:05.553421+00:00,20260823T050257,joint:qaoa:22:2da7b403f0ef7c21,ok,,qaoa,22,8,float64,42,32,2,32,2,1,0.0,legacy,legacy,0,0,,,,,not_applicable,legacy-generic,3,3,3,25.620205,25.620280666666662,25.614282,25.626355,0.004929072010925842,6.134216333333334,0.1424816666666667,19.343582666666666,,,custom:libsad_search_06042376d3c545.so,/home/rzzhang/sad_merged/sad/build/libsad_search_06042376d3c545.so
2026-08-23T05:08:05.730261+00:00,20260823T050257,joint:qaoa:22:18af19ebc519d2da,ok,,qaoa,22,8,float64,42,32,2,128,2,1,0.0,legacy,legacy,0,0,,,,,not_applicable,legacy-generic,3,3,3,24.932226,24.931815666666665,24.930072000000003,24.933149,0.0012892536169761101,6.137773666666666,0.1422233333333333,18.651818666666667,,,custom:libsad_search_ada51c8f4b2976.so,/home/rzzhang/sad_merged/sad/build/libsad_search_ada51c8f4b2976.so
2026-08-23T05:08:05.902727+00:00,20260823T050257,joint:qaoa:8:358719ff29143948,ok,,qaoa,8,8,float64,42,64,2,64,2,1,0.5,rotation,rotation,4,4,compact:L2R0W0-L2R0W0-L2R0W0-L2R0W0,compact:L2R0W0-L2R0W0-L2R0W0-L2R0W0,,,merged,optimized,20,3,20,0.336909,0.3372127,0.335888,0.337933,0.0005836353399169734,0.1318887,0.0155429,0.18978109999999998,,,custom:libsad_search_7e5293342e215a.so,/home/rzzhang/sad_merged/sad/build/libsad_search_7e5293342e215a.so
2026-08-23T05:08:05.920693+00:00,20260823T050257,joint:qaoa:4:e4837e747f21d451,ok,,qaoa,4,8,float64,42,128,2,128,2,1,0.25,rotation,rotation,2,2,compact:L2R0W0-L2R0W0,compact:L2R0W0-L2R0W0,,,merged,optimized,20,3,20,0.19864350000000003,0.19753785,0.191421,0.19976,0.0029636162078616047,0.06604764999999999,0.0151796,0.11631059999999999,,,custom:libsad_search_8fbfac92ec4bef.so,/home/rzzhang/sad_merged/sad/build/libsad_search_8fbfac92ec4bef.so
2026-08-23T05:08:05.935024+00:00,20260823T050257,joint:qaoa:12:c64f23615cbb44e4,ok,,qaoa,12,8,float64,42,32,2,128,2,2,0.0,rotation,rotation,2,2,compact:L5R1W0-L5R1W0,compact:L5R1W0-L5R1W0,,,merged,optimized,10,3,10,0.39615100000000003,0.3959406,0.39522199999999996,0.396295,0.00043771844832039597,0.09900189999999999,0.0153108,0.2816279,,,custom:libsad_search_fce412939d20fb.so,/home/rzzhang/sad_merged/sad/build/libsad_search_fce412939d20fb.so
2026-08-23T05:08:05.949630+00:00,20260823T050257,joint:qaoa:10:f818d972333dee8f,ok,,qaoa,10,8,float64,42,128,2,128,2,2,0.0,rotation,rotation,2,2,compact:L5R0W0-L5R0W0,compact:L5R0W0-L5R0W0,,,merged,optimized,10,3,10,0.374774,0.3748417,0.37465,0.37528400000000006,0.0002061514249283874,0.118991,0.015134100000000001,0.24071660000000003,,,custom:libsad_search_b969ada61d8a74.so,/home/rzzhang/sad_merged/sad/build/libsad_search_b969ada61d8a74.so
2026-08-23T05:08:05.964223+00:00,20260823T050257,joint:qaoa:22:7d612d1890976a51,ok,,qaoa,22,8,float64,42,128,2,32,2,1,1.0,rotation,rotation,22,22,compact:L1R0W0-L1R0W0-L1R0W0-L1R0W0-L1R0W0-L1R0W0-L1R0W0-L1R0W0-L1R0W0-L1R0W0-L1R0W0-L1R0W0-L1R0W0-L1R0W0-L1R0W0-L1R0W0-L1R0W0-L1R0W0-L1R0W0-L1R0W0-L1R0W0-L1R0W0,compact:L1R0W0-L1R0W0-L1R0W0-L1R0W0-L1R0W0-L1R0W0-L1R0W0-L1R0W0-L1R0W0-L1R0W0-L1R0W0-L1R0W0-L1R0W0-L1R0W0-L1R0W0-L1R0W0-L1R0W0-L1R0W0-L1R0W0-L1R0W0-L1R0W0-L1R0W0,,,merged,optimized,3,3,3,65.914389,65.923661,65.913447,65.943147,0.013784048461896707,13.468433666666666,0.148198,52.30702933333333,,,custom:libsad_search_5851e15f736f52.so,/home/rzzhang/sad_merged/sad/build/libsad_search_5851e15f736f52.so
2026-08-23T05:08:06.382158+00:00,20260823T050257,joint:qaoa:12:d9d54cdab545f47c,ok,,qaoa,12,8,float64,42,128,2,32,2,1,0.75,rotation,rotation,10,10,compact:L2R0W0-L2R0W0-L1R0W0-L1R0W0-L1R0W0-L1R0W0-L1R0W0-L1R0W0-L1R0W0-L1R0W0,compact:L2R0W0-L2R0W0-L1R0W0-L1R0W0-L1R0W0-L1R0W0-L1R0W0-L1R0W0-L1R0W0-L1R0W0,,,merged,optimized,10,3,10,0.8319635,0.8317637,0.8304650000000001,0.832484,0.0007648380286047249,0.4138824,0.015379,0.4025023,,,custom:libsad_search_5851e15f736f52.so,/home/rzzhang/sad_merged/sad/build/libsad_search_5851e15f736f52.so
2026-08-23T05:08:06.402375+00:00,20260823T050257,joint:qaoa:16:3d47f68a82ea669e,ok,,qaoa,16,8,float64,42,128,2,32,2,2,0.5,rotation,rotation,9,10,compact:L2R0W0-L2R0W0-L2R0W0-L2R0W0-L2R0W0-L2R0W0-L2R0W0-L1R0W0-L1R0W0,compact:L2R0W0-L2R0W0-L2R0W0-L2R0W0-L2R0W0-L2R0W0-L1R0W0-L1R0W0-L1R0W0-L1R0W0,,,merged,optimized,5,3,5,1.10491,1.1052746,1.1047690000000001,1.105934,0.0005361834014588372,0.46728860000000005,0.0155614,0.6224246,,,custom:libsad_search_d014591f51543a.so,/home/rzzhang/sad_merged/sad/build/libsad_search_d014591f51543a.so
2026-08-23T05:08:06.420788+00:00,20260823T050257,joint:qaoa:28:b35b86998f0f61df,ok,,qaoa,28,8,float64,42,128,2,32,2,2,1.0,rotation,rotation,28,28,compact:L1R0W0-L1R0W0-L1R0W0-L1R0W0-L1R0W0-L1R0W0-L1R0W0-L1R0W0-L1R0W0-L1R0W0-L1R0W0-L1R0W0-L1R0W0-L1R0W0-L1R0W0-L1R0W0-L1R0W0-L1R0W0-L1R0W0-L1R0W0-L1R0W0-L1R0W0-L1R0W0-L1R0W0-L1R0W0-L1R0W0-L1R0W0-L1R0W0,compact:L1R0W0-L1R0W0-L1R0W0-L1R0W0-L1R0W0-L1R0W0-L1R0W0-L1R0W0-L1R0W0-L1R0W0-L1R0W0-L1R0W0-L1R0W0-L1R0W0-L1R0W0-L1R0W0-L1R0W0-L1R0W0-L1R0W0-L1R0W0-L1R0W0-L1R0W0-L1R0W0-L1R0W0-L1R0W0-L1R0W0-L1R0W0-L1R0W0,,,split,optimized,2,3,2,6334.950401,6334.950401,6333.591088,6336.309714,1.3593129999999292,2105.1145309999997,9.9623725,4219.8734975,,,custom:libsad_search_3b115211f38255.so,/home/rzzhang/sad_merged/sad/build/libsad_search_3b115211f38255.so
2026-08-23T05:08:38.114893+00:00,20260823T050257,joint:qaoa:12:bae4c4bd28c3cb0d,ok,,qaoa,12,8,float64,42,32,2,128,2,1,0.75,rotation,rotation,10,10,compact:L2R0W0-L2R0W0-L1R0W0-L1R0W0-L1R0W0-L1R0W0-L1R0W0-L1R0W0-L1R0W0-L1R0W0,compact:L2R0W0-L2R0W0-L1R0W0-L1R0W0-L1R0W0-L1R0W0-L1R0W0-L1R0W0-L1R0W0-L1R0W0,,,merged,optimized,10,3,10,0.8811245,0.8812059,0.8805059999999999,0.8826719999999999,0.0007028716027838876,0.3410425,0.015542000000000002,0.5246214,,,custom:libsad_search_2a8327787a9aac.so,/home/rzzhang/sad_merged/sad/build/libsad_search_2a8327787a9aac.so
2026-08-23T05:08:38.140524+00:00,20260823T050257,joint:qaoa:14:ebf8007c3dcde526,ok,,qaoa,14,8,float64,42,32,2,128,2,1,0.0,legacy,legacy,0,0,,,,,not_applicable,legacy-generic,10,3,10,0.4321085,0.43229550000000005,0.431968,0.43316899999999997,0.0004336522224086926,0.1104194,0.015451900000000001,0.3064242,,,custom:libsad_search_ada51c8f4b2976.so,/home/rzzhang/sad_merged/sad/build/libsad_search_ada51c8f4b2976.so
2026-08-23T05:08:38.161457+00:00,20260823T050257,joint:qaoa:16:d8caa678f0a7eadb,ok,,qaoa,16,8,float64,42,128,2,32,2,2,0.25,rotation,rotation,6,6,compact:L3R0W0-L3R0W0-L3R0W0-L3R0W0-L2R0W0-L2R0W0,compact:L3R0W0-L3R0W0-L3R0W0-L3R0W0-L2R0W0-L2R0W0,,,split,optimized,5,3,5,0.8150379999999999,0.8150731999999999,0.814094,0.8160999999999999,0.0006359101823370833,0.3349844,0.0153902,0.46469859999999996,,,custom:libsad_search_3b115211f38255.so,/home/rzzhang/sad_merged/sad/build/libsad_search_3b115211f38255.so
2026-08-23T05:08:38.187809+00:00,20260823T050257,joint:qaoa:4:0e53d56c82c1935e,ok,,qaoa,4,8,float64,42,128,2,32,2,2,0.5,rotation,rotation,2,2,compact:L2R0W0-L2R0W0,compact:L2R0W0-L2R0W0,,,split,optimized,20,3,20,0.15567750000000002,0.15602164999999998,0.15551099999999998,0.156755,0.0005226687550447244,0.06284100000000001,0.01541,0.07777065,,,custom:libsad_search_3b115211f38255.so,/home/rzzhang/sad_merged/sad/build/libsad_search_3b115211f38255.so
2026-08-23T05:08:38.205662+00:00,20260823T050257,joint:qaoa:4:ed62adc8b36dd786,ok,,qaoa,4,8,float64,42,32,2,128,2,2,0.75,rotation,rotation,3,3,compact:L2R0W0-L1R0W0-L1R0W0,compact:L2R0W0-L1R0W0-L1R0W0,,,split,optimized,20,3,20,0.2159125,0.21562019999999998,0.214959,0.21614300000000003,0.0004934636359449367,0.0751652,0.015545700000000003,0.1249093,,,custom:libsad_search_2a0e4369743c84.so,/home/rzzhang/sad_merged/sad/build/libsad_search_2a0e4369743c84.so
2026-08-23T05:08:38.225463+00:00,20260823T050257,joint:qaoa:20:909a7fd1de8c2cf8,ok,,qaoa,20,8,float64,42,128,2,32,2,1,0.75,rotation,rotation,16,16,compact:L2R0W0-L2R0W0-L2R0W0-L2R0W0-L1R0W0-L1R0W0-L1R0W0-L1R0W0-L1R0W0-L1R0W0-L1R0W0-L1R0W0-L1R0W0-L1R0W0-L1R0W0-L1R0W0,compact:L2R0W0-L2R0W0-L2R0W0-L2R0W0-L1R0W0-L1R0W0-L1R0W0-L1R0W0-L1R0W0-L1R0W0-L1R0W0-L1R0W0-L1R0W0-L1R0W0-L1R0W0-L1R0W0,,,split,optimized,5,3,5,7.364575,7.36614,7.362477,7.371819,0.0034962166980894794,2.6531860000000003,0.040359599999999995,4.6725943999999995,,,custom:libsad_search_7259903b8346c4.so,/home/rzzhang/sad_merged/sad/build/libsad_search_7259903b8346c4.so
2026-08-23T05:08:38.309630+00:00,20260823T050257,joint:qaoa:20:c5394ad00219c674,ok,,qaoa,20,8,float64,42,128,2,32,2,2,0.0,rotation,rotation,3,3,compact:L5R2W0-L5R2W0-L5R1W0,compact:L5R2W0-L5R2W0-L5R1W0,,,split,optimized,5,3,5,5.219153,5.2192632,5.218327,5.220448,0.0006807981786109094,1.3512498,0.0401088,3.8279045999999997,,,custom:libsad_search_3b115211f38255.so,/home/rzzhang/sad_merged/sad/build/libsad_search_3b115211f38255.so
2026-08-23T05:08:38.377098+00:00,20260823T050257,joint:qaoa:4:6cd6baac39e438d3,ok,,qaoa,4,8,float64,42,32,2,32,2,2,0.5,rotation,rotation,2,2,compact:L2R0W0-L2R0W0,compact:L2R0W0-L2R0W0,,,split,optimized,20,3,20,0.14750600000000003,0.1479844,0.147337,0.149506,0.0007557531607608426,0.05566934999999999,0.01516565,0.07714939999999999,,,custom:libsad_search_16d9d6cef53b3d.so,/home/rzzhang/sad_merged/sad/build/libsad_search_16d9d6cef53b3d.so
2026-08-23T05:08:38.390840+00:00,20260823T050257,joint:qaoa:10:e04eefa50d8eff86,ok,,qaoa,10,8,float64,42,32,2,128,2,2,0.5,rotation,rotation,6,6,compact:L2R0W0-L2R0W0-L2R0W0-L2R0W0-L1R0W0-L1R0W0,compact:L2R0W0-L2R0W0-L2R0W0-L2R0W0-L1R0W0-L1R0W0,,,split,optimized,10,3,10,0.5569865,0.5570033000000001,0.555895,0.5600080000000001,0.0011893616817436347,0.19992270000000004,0.015375200000000002,0.3417054,,,custom:libsad_search_2a0e4369743c84.so,/home/rzzhang/sad_merged/sad/build/libsad_search_2a0e4369743c84.so
2026-08-23T05:08:38.407746+00:00,20260823T050257,joint:qaoa:8:7ef771fd82474e15,ok,,qaoa,8,8,float64,42,32,2,128,2,2,0.0,rotation,rotation,2,1,compact:L4R0W0-L4R0W0,compact:L5R2W1,,,merged,optimized,20,3,20,0.25389249999999997,0.25365855000000004,0.252852,0.254007,0.00042274040201995905,0.0775271,0.015362450000000001,0.160769,,,custom:libsad_search_fce412939d20fb.so,/home/rzzhang/sad_merged/sad/build/libsad_search_fce412939d20fb.so
2026-08-23T05:08:38.423335+00:00,20260823T050257,joint:qaoa:12:d71df5500d93b2ce,ok,,qaoa,12,8,float64,42,128,2,128,2,2,0.0,rotation,rotation,2,2,compact:L5R1W0-L5R1W0,compact:L5R1W0-L5R1W0,,,merged,optimized,10,3,10,0.406487,0.40646459999999995,0.405394,0.40741900000000003,0.00045612831527982415,0.1255443,0.0157248,0.26519550000000003,,,custom:libsad_search_b969ada61d8a74.so,/home/rzzhang/sad_merged/sad/build/libsad_search_b969ada61d8a74.so
2026-08-23T05:08:38.438669+00:00,20260823T050257,joint:qaoa:14:edb64c1379bda42f,ok,,qaoa,14,8,float64,42,128,2,32,2,2,0.25,rotation,rotation,5,5,compact:L3R0W0-L3R0W0-L3R0W0-L3R0W0-L2R0W0,compact:L3R0W0-L3R0W0-L3R0W0-L3R0W0-L2R0W0,,,split,optimized,10,3,10,0.5616665000000001,0.5619978,0.561053,0.564975,0.0011618286276383182,0.2602672,0.0153987,0.28633190000000003,,,custom:libsad_search_3b115211f38255.so,/home/rzzhang/sad_merged/sad/build/libsad_search_3b115211f38255.so
2026-08-23T05:08:38.455610+00:00,20260823T050257,joint:qaoa:6:64967ab8f6654e1c,ok,,qaoa,6,8,float64,42,32,2,32,2,1,0.5,rotation,rotation,4,4,compact:L2R0W0-L2R0W0-L1R0W0-L1R0W0,compact:L2R0W0-L2R0W0-L1R0W0-L1R0W0,,,merged,optimized,20,3,20,0.26415999999999995,0.2643544,0.264077,0.265513,0.00044616895902785706,0.1085363,0.015427799999999998,0.1403903,,,custom:libsad_search_f9cdaf042a7bd6.so,/home/rzzhang/sad_merged/sad/build/libsad_search_f9cdaf042a7bd6.so
2026-08-23T05:08:38.471215+00:00,20260823T050257,joint:qaoa:12:78c45ce662b2883b,ok,,qaoa,12,8,float64,42,32,2,32,2,2,0.0,rotation,rotation,2,2,compact:L5R1W0-L5R1W0,compact:L5R1W0-L5R1W0,,,split,optimized,10,3,10,0.268747,0.2692706,0.26732,0.275417,0.0021331462772158933,0.0947444,0.015407600000000002,0.15911860000000003,,,custom:libsad_search_16d9d6cef53b3d.so,/home/rzzhang/sad_merged/sad/build/libsad_search_16d9d6cef53b3d.so
2026-08-23T05:08:38.483820+00:00,20260823T050257,joint:qaoa:14:740f8dd4ab419c1c,ok,,qaoa,14,8,float64,42,32,2,128,2,2,0.5,rotation,rotation,8,8,compact:L2R0W0-L2R0W0-L2R0W0-L2R0W0-L2R0W0-L2R0W0-L1R0W0-L1R0W0,compact:L2R0W0-L2R0W0-L2R0W0-L2R0W0-L2R0W0-L2R0W0-L1R0W0-L1R0W0,,,merged,optimized,10,3,10,0.8385145,0.8383923,0.837569,0.8394999999999999,0.0005640553253006008,0.3046274,0.0157311,0.5180338,,,custom:libsad_search_fce412939d20fb.so,/home/rzzhang/sad_merged/sad/build/libsad_search_fce412939d20fb.so
2026-08-23T05:08:38.503850+00:00,20260823T050257,joint:qaoa:16:1a6ce84034ca6480,ok,,qaoa,16,8,float64,42,64,2,64,2,1,0.5,rotation,rotation,9,9,compact:L2R0W0-L2R0W0-L2R0W0-L2R0W0-L2R0W0-L2R0W0-L2R0W0-L1R0W0-L1R0W0,compact:L2R0W0-L2R0W0-L2R0W0-L2R0W0-L2R0W0-L2R0W0-L2R0W0-L1R0W0-L1R0W0,,,split,optimized,5,3,5,1.128376,1.1208204,1.089595,1.12941,0.015630120544640688,0.45976360000000005,0.0152834,0.6457734,,,custom:libsad_search_7ec063ebc99501.so,/home/rzzhang/sad_merged/sad/build/libsad_search_7ec063ebc99501.so
2026-08-23T05:08:38.522285+00:00,20260823T050257,joint:qaoa:10:705b2f996137247b,ok,,qaoa,10,8,float64,42,128,2,128,2,2,1.0,rotation,rotation,10,10,compact:L1R0W0-L1R0W0-L1R0W0-L1R0W0-L1R0W0-L1R0W0-L1R0W0-L1R0W0-L1R0W0-L1R0W0,compact:L1R0W0-L1R0W0-L1R0W0-L1R0W0-L1R0W0-L1R0W0-L1R0W0-L1R0W0-L1R0W0-L1R0W0,,,split,optimized,10,3,10,0.8980955,0.8983106,0.897874,0.899115,0.00047343726089102563,0.3918776,0.0157437,0.4906893,,,custom:libsad_search_d02bea87aa5c56.so,/home/rzzhang/sad_merged/sad/build/libsad_search_d02bea87aa5c56.so
2026-08-23T05:08:38.543487+00:00,20260823T050257,joint:qaoa:22:aa70e6a5ec00c1db,ok,,qaoa,22,8,float64,42,32,2,128,2,1,0.0,rotation,rotation,4,3,compact:L5R1W0-L5R1W0-L5R0W0-L5R0W0,compact:L5R2W1-L5R2W0-L5R2W0,,,merged,optimized,3,3,3,25.577275,25.577249333333338,25.575192,25.579281,0.0016694259159631747,6.529231666666666,0.14777733333333332,18.900240333333333,,,custom:libsad_search_2a8327787a9aac.so,/home/rzzhang/sad_merged/sad/build/libsad_search_2a8327787a9aac.so
2026-08-23T05:08:38.719657+00:00,20260823T050257,joint:qaoa:26:8b5b599cc07bd112,ok,,qaoa,26,8,float64,42,32,2,128,2,2,1.0,rotation,rotation,26,26,compact:L1R0W0-L1R0W0-L1R0W0-L1R0W0-L1R0W0-L1R0W0-L1R0W0-L1R0W0-L1R0W0-L1R0W0-L1R0W0-L1R0W0-L1R0W0-L1R0W0-L1R0W0-L1R0W0-L1R0W0-L1R0W0-L1R0W0-L1R0W0-L1R0W0-L1R0W0-L1R0W0-L1R0W0-L1R0W0-L1R0W0,compact:L1R0W0-L1R0W0-L1R0W0-L1R0W0-L1R0W0-L1R0W0-L1R0W0-L1R0W0-L1R0W0-L1R0W0-L1R0W0-L1R0W0-L1R0W0-L1R0W0-L1R0W0-L1R0W0-L1R0W0-L1R0W0-L1R0W0-L1R0W0-L1R0W0-L1R0W0-L1R0W0-L1R0W0-L1R0W0-L1R0W0,,,merged,optimized,2,3,2,1473.9562275,1473.9562275,1473.721418,1474.191037,0.23480949999998302,488.780778,2.5146255,982.660824,,,custom:libsad_search_fce412939d20fb.so,/home/rzzhang/sad_merged/sad/build/libsad_search_fce412939d20fb.so
2026-08-23T05:08:46.114214+00:00,20260823T050257,joint:qaoa:24:9f439cf2afc033b4,ok,,qaoa,24,8,float64,42,32,2,128,2,2,0.25,rotation,rotation,9,8,compact:L3R0W0-L3R0W0-L3R0W0-L3R0W0-L3R0W0-L3R0W0-L2R0W0-L2R0W0-L2R0W0,compact:L3R0W0-L3R0W0-L3R0W0-L3R0W0-L3R0W0-L3R0W0-L3R0W0-L3R0W0,,,split,optimized,3,3,3,121.102195,121.09854666666666,121.075401,121.118044,0.017599036229924283,42.515323333333335,0.6423650000000001,77.94085833333332,,,custom:libsad_search_2a0e4369743c84.so,/home/rzzhang/sad_merged/sad/build/libsad_search_2a0e4369743c84.so
2026-08-23T05:08:46.878456+00:00,20260823T050257,joint:qaoa:26:13c035f5e130a8b8,ok,,qaoa,26,8,float64,42,128,2,128,2,1,0.5,rotation,rotation,14,14,compact:L2R0W0-L2R0W0-L2R0W0-L2R0W0-L2R0W0-L2R0W0-L2R0W0-L2R0W0-L2R0W0-L2R0W0-L2R0W0-L2R0W0-L1R0W0-L1R0W0,compact:L2R0W0-L2R0W0-L2R0W0-L2R0W0-L2R0W0-L2R0W0-L2R0W0-L2R0W0-L2R0W0-L2R0W0-L2R0W0-L2R0W0-L1R0W0-L1R0W0,,,split,optimized,2,3,2,797.148591,797.148591,797.074885,797.222297,0.07370600000001559,264.93315650000005,2.5157145,529.69972,,,custom:libsad_search_9361435758c99d.so,/home/rzzhang/sad_merged/sad/build/libsad_search_9361435758c99d.so
2026-08-23T05:08:50.891042+00:00,20260823T050257,joint:qaoa:4:90eead7fcfcf5f32,ok,,qaoa,4,8,float64,42,32,2,128,2,1,0.75,rotation,rotation,3,3,compact:L2R0W0-L1R0W0-L1R0W0,compact:L2R0W0-L1R0W0-L1R0W0,,,split,optimized,20,3,20,0.21606399999999998,0.21654089999999998,0.215753,0.22018800000000002,0.0010294985138406029,0.07610525,0.015388299999999999,0.12504735,,,custom:libsad_search_0e4f539ceca897.so,/home/rzzhang/sad_merged/sad/build/libsad_search_0e4f539ceca897.so
2026-08-23T05:08:50.910490+00:00,20260823T050257,joint:qaoa:26:189e496ea116047a,ok,,qaoa,26,8,float64,42,128,2,128,2,1,0.0,legacy,legacy,0,0,,,,,not_applicable,legacy-generic,2,3,2,473.6528465,473.6528465,473.473093,473.83259999999996,0.17975349999997547,123.7887665,2.483305,347.38077499999997,,,custom:libsad_search_78e231cd0d5107.so,/home/rzzhang/sad_merged/sad/build/libsad_search_78e231cd0d5107.so
2026-08-23T05:08:53.312462+00:00,20260823T050257,joint:qaoa:10:d64f3493754027a3,ok,,qaoa,10,8,float64,42,128,2,32,2,1,0.0,legacy,legacy,0,0,,,,,not_applicable,legacy-generic,10,3,10,0.2912585,0.29106580000000004,0.289594,0.292858,0.0010424495959037868,0.1254839,0.015433500000000001,0.1501484,,,custom:libsad_search_eaf59e83158800.so,/home/rzzhang/sad_merged/sad/build/libsad_search_eaf59e83158800.so
2026-08-23T05:08:53.331883+00:00,20260823T050257,joint:qaoa:16:cd8c8fede478beec,ok,,qaoa,16,8,float64,42,64,2,64,2,2,0.5,rotation,rotation,9,9,compact:L2R0W0-L2R0W0-L2R0W0-L2R0W0-L2R0W0-L2R0W0-L2R0W0-L1R0W0-L1R0W0,compact:L2R0W0-L2R0W0-L2R0W0-L2R0W0-L2R0W0-L2R0W0-L2R0W0-L1R0W0-L1R0W0,,,merged,optimized,5,3,5,1.056813,1.056094,1.0505099999999998,1.059803,0.0032259196518203163,0.4343062,0.015191400000000002,0.6065963999999999,,,custom:libsad_search_97eec9f2a848ec.so,/home/rzzhang/sad_merged/sad/build/libsad_search_97eec9f2a848ec.so
2026-08-23T05:08:53.360025+00:00,20260823T050257,joint:qaoa:14:b457658def5ff06c,ok,,qaoa,14,8,float64,42,64,2,64,2,2,0.5,rotation,rotation,8,8,compact:L2R0W0-L2R0W0-L2R0W0-L2R0W0-L2R0W0-L2R0W0-L1R0W0-L1R0W0,compact:L2R0W0-L2R0W0-L2R0W0-L2R0W0-L2R0W0-L2R0W0-L1R0W0-L1R0W0,,,split,optimized,10,3,10,0.7547535,0.7542352,0.748547,0.763776,0.004306140239239781,0.3223154,0.015308400000000002,0.4166114,,,custom:libsad_search_20c37ff249ec0a.so,/home/rzzhang/sad_merged/sad/build/libsad_search_20c37ff249ec0a.so
2026-08-23T05:08:53.379843+00:00,20260823T050257,joint:qaoa:22:e5462939e4a8ced4,ok,,qaoa,22,8,float64,42,64,2,64,2,1,0.25,rotation,rotation,8,8,compact:L3R0W0-L3R0W0-L3R0W0-L3R0W0-L3R0W0-L3R0W0-L2R0W0-L2R0W0,compact:L3R0W0-L3R0W0-L3R0W0-L3R0W0-L3R0W0-L3R0W0-L2R0W0-L2R0W0,,,merged,optimized,3,3,3,26.01241,26.04763733333333,25.995139,26.135363,0.06243084870122792,6.1290700000000005,0.145506,19.77306133333333,,,custom:libsad_search_7e5293342e215a.so,/home/rzzhang/sad_merged/sad/build/libsad_search_7e5293342e215a.so
2026-08-23T05:08:53.558515+00:00,20260823T050257,joint:qaoa:24:c69ecb8c88b5a586,ok,,qaoa,24,8,float64,42,32,2,128,2,1,0.0,legacy,legacy,0,0,,,,,not_applicable,legacy-generic,3,3,3,109.138235,109.18782199999998,109.112799,109.31243199999999,0.0887223632049214,28.854853666666667,0.6318933333333333,79.701075,,,custom:libsad_search_ada51c8f4b2976.so,/home/rzzhang/sad_merged/sad/build/libsad_search_ada51c8f4b2976.so
2026-08-23T05:08:54.248638+00:00,20260823T050257,joint:qaoa:16:a477acc4543a7abf,ok,,qaoa,16,8,float64,42,128,2,128,2,2,0.0,rotation,rotation,2,2,compact:L5R2W1-L5R2W1,compact:L5R2W1-L5R2W1,,,split,optimized,5,3,5,0.533525,0.5336862,0.533453,0.5343519999999999,0.00033684738384020233,0.16290400000000002,0.0154394,0.35534279999999996,,,custom:libsad_search_d02bea87aa5c56.so,/home/rzzhang/sad_merged/sad/build/libsad_search_d02bea87aa5c56.so
2026-08-23T05:08:54.263475+00:00,20260823T050257,joint:qaoa:28:d085f782eedb0d35,ok,,qaoa,28,8,float64,42,64,2,64,2,1,1.0,rotation,rotation,28,28,compact:L1R0W0-L1R0W0-L1R0W0-L1R0W0-L1R0W0-L1R0W0-L1R0W0-L1R0W0-L1R0W0-L1R0W0-L1R0W0-L1R0W0-L1R0W0-L1R0W0-L1R0W0-L1R0W0-L1R0W0-L1R0W0-L1R0W0-L1R0W0-L1R0W0-L1R0W0-L1R0W0-L1R0W0-L1R0W0-L1R0W0-L1R0W0-L1R0W0,compact:L1R0W0-L1R0W0-L1R0W0-L1R0W0-L1R0W0-L1R0W0-L1R0W0-L1R0W0-L1R0W0-L1R0W0-L1R0W0-L1R0W0-L1R0W0-L1R0W0-L1R0W0-L1R0W0-L1R0W0-L1R0W0-L1R0W0-L1R0W0-L1R0W0-L1R0W0-L1R0W0-L1R0W0-L1R0W0-L1R0W0-L1R0W0-L1R0W0,,,split,optimized,2,3,2,6332.896102999999,6332.896102999999,6329.969554,6335.822651999999,2.9265489999993406,2104.479091,10.006227999999998,4218.410784,,,custom:libsad_search_7ec063ebc99501.so,/home/rzzhang/sad_merged/sad/build/libsad_search_7ec063ebc99501.so
2026-08-23T05:09:25.954420+00:00,20260823T050257,joint:qaoa:28:fddfe69d7d1a22e6,ok,,qaoa,28,8,float64,42,32,2,32,2,1,1.0,rotation,rotation,28,28,compact:L1R0W0-L1R0W0-L1R0W0-L1R0W0-L1R0W0-L1R0W0-L1R0W0-L1R0W0-L1R0W0-L1R0W0-L1R0W0-L1R0W0-L1R0W0-L1R0W0-L1R0W0-L1R0W0-L1R0W0-L1R0W0-L1R0W0-L1R0W0-L1R0W0-L1R0W0-L1R0W0-L1R0W0-L1R0W0-L1R0W0-L1R0W0-L1R0W0,compact:L1R0W0-L1R0W0-L1R0W0-L1R0W0-L1R0W0-L1R0W0-L1R0W0-L1R0W0-L1R0W0-L1R0W0-L1R0W0-L1R0W0-L1R0W0-L1R0W0-L1R0W0-L1R0W0-L1R0W0-L1R0W0-L1R0W0-L1R0W0-L1R0W0-L1R0W0-L1R0W0-L1R0W0-L1R0W0-L1R0W0-L1R0W0-L1R0W0,,,split,optimized,2,3,2,6323.396251,6323.396251,6323.233742000001,6323.55876,0.1625089999993179,2101.8390915,10.018636500000001,4211.538523,,,custom:libsad_search_3cb67c7e18cc99.so,/home/rzzhang/sad_merged/sad/build/libsad_search_3cb67c7e18cc99.so
2026-08-23T05:09:57.865078+00:00,20260823T050257,joint:qaoa:12:fd59875b490841da,ok,,qaoa,12,8,float64,42,128,2,128,2,1,0.0,legacy,legacy,0,0,,,,,not_applicable,legacy-generic,10,3,10,0.4217635,0.4218135,0.42067899999999997,0.422953,0.0008204183384103568,0.1412453,0.0152722,0.26529600000000003,,,custom:libsad_search_78e231cd0d5107.so,/home/rzzhang/sad_merged/sad/build/libsad_search_78e231cd0d5107.so
2026-08-23T05:09:57.886088+00:00,20260823T050257,joint:qaoa:6:972ba2f865a33af9,ok,,qaoa,6,8,float64,42,128,2,128,2,2,0.75,rotation,rotation,5,5,compact:L2R0W0-L1R0W0-L1R0W0-L1R0W0-L1R0W0,compact:L2R0W0-L1R0W0-L1R0W0-L1R0W0-L1R0W0,,,split,optimized,20,3,20,0.36710149999999997,0.3672088,0.3664,0.368693,0.0007895129891268412,0.14776884999999998,0.015419750000000001,0.2040202,,,custom:libsad_search_d02bea87aa5c56.so,/home/rzzhang/sad_merged/sad/build/libsad_search_d02bea87aa5c56.so
2026-08-23T05:09:57.908851+00:00,20260823T050257,joint:qaoa:10:57b921622abb8977,ok,,qaoa,10,8,float64,42,32,2,128,2,2,0.25,rotation,rotation,4,4,compact:L3R0W0-L3R0W0-L2R0W0-L2R0W0,compact:L3R0W0-L3R0W0-L2R0W0-L2R0W0,,,merged,optimized,10,3,10,0.4453735,0.4451969,0.444451,0.445421,0.00037309394259356143,0.1429609,0.0154103,0.2868257,,,custom:libsad_search_fce412939d20fb.so,/home/rzzhang/sad_merged/sad/build/libsad_search_fce412939d20fb.so
2026-08-23T05:09:57.929489+00:00,20260823T050257,joint:qaoa:12:c4e1e65c60e7114f,ok,,qaoa,12,8,float64,42,128,2,128,2,2,1.0,rotation,rotation,12,12,compact:L1R0W0-L1R0W0-L1R0W0-L1R0W0-L1R0W0-L1R0W0-L1R0W0-L1R0W0-L1R0W0-L1R0W0-L1R0W0-L1R0W0,compact:L1R0W0-L1R0W0-L1R0W0-L1R0W0-L1R0W0-L1R0W0-L1R0W0-L1R0W0-L1R0W0-L1R0W0-L1R0W0-L1R0W0,,,split,optimized,10,3,10,1.0853259999999998,1.0851834999999999,1.081238,1.087499,0.0017058400423252368,0.47576119999999994,0.0154012,0.5940211,,,custom:libsad_search_d02bea87aa5c56.so,/home/rzzhang/sad_merged/sad/build/libsad_search_d02bea87aa5c56.so
2026-08-23T05:09:57.958728+00:00,20260823T050257,joint:qaoa:22:be6c3ec0e5d2accd,ok,,qaoa,22,8,float64,42,128,2,128,2,2,0.75,rotation,rotation,17,17,compact:L2R0W0-L2R0W0-L2R0W0-L2R0W0-L2R0W0-L1R0W0-L1R0W0-L1R0W0-L1R0W0-L1R0W0-L1R0W0-L1R0W0-L1R0W0-L1R0W0-L1R0W0-L1R0W0-L1R0W0,compact:L2R0W0-L2R0W0-L2R0W0-L2R0W0-L2R0W0-L1R0W0-L1R0W0-L1R0W0-L1R0W0-L1R0W0-L1R0W0-L1R0W0-L1R0W0-L1R0W0-L1R0W0-L1R0W0-L1R0W0,,,merged,optimized,3,3,3,51.258119,52.006257000000005,51.212026,53.548626,1.090781903126681,10.663169,0.15318033333333334,41.18990766666666,,,custom:libsad_search_b969ada61d8a74.so,/home/rzzhang/sad_merged/sad/build/libsad_search_b969ada61d8a74.so
2026-08-23T05:09:58.307753+00:00,20260823T050257,joint:qaoa:6:b9fe1568d628aaa1,ok,,qaoa,6,8,float64,42,32,2,128,2,2,0.25,rotation,rotation,2,2,compact:L3R0W0-L3R0W0,compact:L3R0W0-L3R0W0,,,split,optimized,20,3,20,0.2226515,0.22288705000000003,0.222064,0.226262,0.0009748738623534824,0.06470835,0.015303800000000001,0.1428749,,,custom:libsad_search_2a0e4369743c84.so,/home/rzzhang/sad_merged/sad/build/libsad_search_2a0e4369743c84.so
2026-08-23T05:09:58.322963+00:00,20260823T050257,joint:qaoa:26:ec79dec41862a718,ok,,qaoa,26,8,float64,42,32,2,128,2,2,0.25,rotation,rotation,10,9,compact:L3R0W0-L3R0W0-L3R0W0-L3R0W0-L3R0W0-L3R0W0-L2R0W0-L2R0W0-L2R0W0-L2R0W0,compact:L3R0W0-L3R0W0-L3R0W0-L3R0W0-L3R0W0-L3R0W0-L3R0W0-L3R0W0-L2R0W0,,,split,optimized,2,3,2,538.788099,538.788099,538.621175,538.955023,0.16692399999999452,188.4705055,2.5005405,347.817053,,,custom:libsad_search_2a0e4369743c84.so,/home/rzzhang/sad_merged/sad/build/libsad_search_2a0e4369743c84.so
2026-08-23T05:10:01.043706+00:00,20260823T050257,joint:qaoa:18:ec178622db8071b7,ok,,qaoa,18,8,float64,42,128,2,32,2,2,0.25,rotation,rotation,6,7,compact:L3R0W0-L3R0W0-L3R0W0-L3R0W0-L3R0W0-L3R0W0,compact:L3R0W0-L3R0W0-L3R0W0-L3R0W0-L2R0W0-L2R0W0-L2R0W0,,,split,optimized,5,3,5,1.790894,1.7903392,1.784863,1.792928,0.0028450564423223453,0.600342,0.0158058,1.1741914,,,custom:libsad_search_3b115211f38255.so,/home/rzzhang/sad_merged/sad/build/libsad_search_3b115211f38255.so
2026-08-23T05:10:01.081359+00:00,20260823T050257,joint:qaoa:22:3252da50ad501271,ok,,qaoa,22,8,float64,42,32,2,32,2,1,0.0,rotation,rotation,4,4,compact:L5R1W0-L5R1W0-L5R0W0-L5R0W0,compact:L5R1W0-L5R1W0-L5R0W0-L5R0W0,,,merged,optimized,3,3,3,22.722294,22.718957666666668,22.710313000000003,22.724266,0.006165489563330943,6.124574000000001,0.13899933333333334,16.455384333333335,,,custom:libsad_search_f9cdaf042a7bd6.so,/home/rzzhang/sad_merged/sad/build/libsad_search_f9cdaf042a7bd6.so
2026-08-23T05:10:01.247815+00:00,20260823T050257,joint:qaoa:16:0842e8fb7efdc7c4,ok,,qaoa,16,8,float64,42,128,2,32,2,1,0.5,rotation,rotation,9,10,compact:L2R0W0-L2R0W0-L2R0W0-L2R0W0-L2R0W0-L2R0W0-L2R0W0-L1R0W0-L1R0W0,compact:L2R0W0-L2R0W0-L2R0W0-L2R0W0-L2R0W0-L2R0W0-L1R0W0-L1R0W0-L1R0W0-L1R0W0,,,split,optimized,5,3,5,1.0955190000000001,1.0956194,1.094641,1.096664,0.0008806185553348721,0.4670278,0.015365999999999998,0.6132256,,,custom:libsad_search_7259903b8346c4.so,/home/rzzhang/sad_merged/sad/build/libsad_search_7259903b8346c4.so
2026-08-23T05:10:01.266918+00:00,20260823T050257,joint:qaoa:6:ce455c2fc746327e,ok,,qaoa,6,8,float64,42,32,2,128,2,1,0.75,rotation,rotation,5,5,compact:L2R0W0-L1R0W0-L1R0W0-L1R0W0-L1R0W0,compact:L2R0W0-L1R0W0-L1R0W0-L1R0W0-L1R0W0,,,merged,optimized,20,3,20,0.352089,0.35190805000000003,0.35008300000000003,0.355431,0.0011579133592372092,0.13169494999999998,0.01562475,0.20458834999999997,,,custom:libsad_search_2a8327787a9aac.so,/home/rzzhang/sad_merged/sad/build/libsad_search_2a8327787a9aac.so
2026-08-23T05:10:01.285164+00:00,20260823T050257,joint:qaoa:14:ff338146e2c2c921,ok,,qaoa,14,8,float64,42,128,2,32,2,2,0.5,rotation,rotation,8,8,compact:L2R0W0-L2R0W0-L2R0W0-L2R0W0-L2R0W0-L2R0W0-L1R0W0-L1R0W0,compact:L2R0W0-L2R0W0-L2R0W0-L2R0W0-L2R0W0-L2R0W0-L1R0W0-L1R0W0,,,split,optimized,10,3,10,0.812514,0.8126225999999999,0.81094,0.814078,0.0009368483548579278,0.39256280000000005,0.015443000000000002,0.4046168,,,custom:libsad_search_3b115211f38255.so,/home/rzzhang/sad_merged/sad/build/libsad_search_3b115211f38255.so
2026-08-23T05:10:01.305837+00:00,20260823T050257,joint:qaoa:22:20819b82f36ddfef,ok,,qaoa,22,8,float64,42,32,2,32,2,2,1.0,rotation,rotation,22,22,compact:L1R0W0-L1R0W0-L1R0W0-L1R0W0-L1R0W0-L1R0W0-L1R0W0-L1R0W0-L1R0W0-L1R0W0-L1R0W0-L1R0W0-L1R0W0-L1R0W0-L1R0W0-L1R0W0-L1R0W0-L1R0W0-L1R0W0-L1R0W0-L1R0W0-L1R0W0,compact:L1R0W0-L1R0W0-L1R0W0-L1R0W0-L1R0W0-L1R0W0-L1R0W0-L1R0W0-L1R0W0-L1R0W0-L1R0W0-L1R0W0-L1R0W0-L1R0W0-L1R0W0-L1R0W0-L1R0W0-L1R0W0-L1R0W0-L1R0W0-L1R0W0-L1R0W0,,,merged,optimized,3,3,3,65.72910499999999,65.72993100000001,65.677098,65.78359,0.043479100136350306,13.248239333333334,0.14890366666666666,52.332788,,,custom:libsad_search_dcff342f285260.so,/home/rzzhang/sad_merged/sad/build/libsad_search_dcff342f285260.so
2026-08-23T05:10:01.723390+00:00,20260823T050257,joint:qaoa:12:615a0e2031aebb6f,ok,,qaoa,12,8,float64,42,128,2,128,2,1,0.75,rotation,rotation,10,10,compact:L2R0W0-L2R0W0-L1R0W0-L1R0W0-L1R0W0-L1R0W0-L1R0W0-L1R0W0-L1R0W0-L1R0W0,compact:L2R0W0-L2R0W0-L1R0W0-L1R0W0-L1R0W0-L1R0W0-L1R0W0-L1R0W0-L1R0W0-L1R0W0,,,split,optimized,10,3,10,0.9625025,0.9622040000000001,0.96044,0.963559,0.0010406427821303716,0.4140513,0.015613199999999999,0.5325395,,,custom:libsad_search_9361435758c99d.so,/home/rzzhang/sad_merged/sad/build/libsad_search_9361435758c99d.so
2026-08-23T05:10:01.746319+00:00,20260823T050257,joint:qaoa:24:44d38ab747d3178a,ok,,qaoa,24,8,float64,42,32,2,128,2,2,0.5,rotation,rotation,14,14,compact:L2R0W0-L2R0W0-L2R0W0-L2R0W0-L2R0W0-L2R0W0-L2R0W0-L2R0W0-L2R0W0-L2R0W0-L1R0W0-L1R0W0-L1R0W0-L1R0W0,compact:L2R0W0-L2R0W0-L2R0W0-L2R0W0-L2R0W0-L2R0W0-L2R0W0-L2R0W0-L2R0W0-L2R0W0-L1R0W0-L1R0W0-L1R0W0-L1R0W0,,,split,optimized,3,3,3,199.83274600000001,199.81940033333333,199.78663200000003,199.838823,0.023303150492762454,66.16287433333333,0.63946,133.017066,,,custom:libsad_search_2a0e4369743c84.so,/home/rzzhang/sad_merged/sad/build/libsad_search_2a0e4369743c84.so
2026-08-23T05:10:02.970713+00:00,20260823T050257,joint:qaoa:24:c69198707982eb9e,ok,,qaoa,24,8,float64,42,128,2,128,2,2,1.0,rotation,rotation,24,24,compact:L1R0W0-L1R0W0-L1R0W0-L1R0W0-L1R0W0-L1R0W0-L1R0W0-L1R0W0-L1R0W0-L1R0W0-L1R0W0-L1R0W0-L1R0W0-L1R0W0-L1R0W0-L1R0W0-L1R0W0-L1R0W0-L1R0W0-L1R0W0-L1R0W0-L1R0W0-L1R0W0-L1R0W0,compact:L1R0W0-L1R0W0-L1R0W0-L1R0W0-L1R0W0-L1R0W0-L1R0W0-L1R0W0-L1R0W0-L1R0W0-L1R0W0-L1R0W0-L1R0W0-L1R0W0-L1R0W0-L1R0W0-L1R0W0-L1R0W0-L1R0W0-L1R0W0-L1R0W0-L1R0W0-L1R0W0-L1R0W0,,,split,optimized,3,3,3,341.73078200000003,341.79670333333337,341.71140899999995,341.947919,0.10721772759619458,114.08566866666665,0.6423416666666667,227.068693,,,custom:libsad_search_d02bea87aa5c56.so,/home/rzzhang/sad_merged/sad/build/libsad_search_d02bea87aa5c56.so
2026-08-23T05:10:05.047324+00:00,20260823T050257,joint:qaoa:20:50b481f63d1a5597,ok,,qaoa,20,8,float64,42,32,2,128,2,1,0.75,rotation,rotation,16,16,compact:L2R0W0-L2R0W0-L2R0W0-L2R0W0-L1R0W0-L1R0W0-L1R0W0-L1R0W0-L1R0W0-L1R0W0-L1R0W0-L1R0W0-L1R0W0-L1R0W0-L1R0W0-L1R0W0,compact:L2R0W0-L2R0W0-L2R0W0-L2R0W0-L1R0W0-L1R0W0-L1R0W0-L1R0W0-L1R0W0-L1R0W0-L1R0W0-L1R0W0-L1R0W0-L1R0W0-L1R0W0-L1R0W0,,,split,optimized,5,3,5,7.738173,7.738901199999999,7.7342260000000005,7.744402999999999,0.003959323346229718,2.7579982,0.0398838,4.9410191999999995,,,custom:libsad_search_0e4f539ceca897.so,/home/rzzhang/sad_merged/sad/build/libsad_search_0e4f539ceca897.so
2026-08-23T05:10:05.120704+00:00,20260823T050257,joint:qaoa:20:7cdb036fa4b11a91,ok,,qaoa,20,8,float64,42,128,2,128,2,2,1.0,rotation,rotation,20,20,compact:L1R0W0-L1R0W0-L1R0W0-L1R0W0-L1R0W0-L1R0W0-L1R0W0-L1R0W0-L1R0W0-L1R0W0-L1R0W0-L1R0W0-L1R0W0-L1R0W0-L1R0W0-L1R0W0-L1R0W0-L1R0W0-L1R0W0-L1R0W0,compact:L1R0W0-L1R0W0-L1R0W0-L1R0W0-L1R0W0-L1R0W0-L1R0W0-L1R0W0-L1R0W0-L1R0W0-L1R0W0-L1R0W0-L1R0W0-L1R0W0-L1R0W0-L1R0W0-L1R0W0-L1R0W0-L1R0W0-L1R0W0,,,split,optimized,5,3,5,8.369088999999999,8.3670292,8.360783999999999,8.371158999999999,0.003957021475807231,3.072295,0.0401892,5.254545,,,custom:libsad_search_d02bea87aa5c56.so,/home/rzzhang/sad_merged/sad/build/libsad_search_d02bea87aa5c56.so
2026-08-23T05:10:05.198785+00:00,20260823T050257,joint:qaoa:20:f315d7e06655a408,ok,,qaoa,20,8,float64,42,32,2,32,2,2,0.0,rotation,rotation,3,3,compact:L5R2W0-L5R2W0-L5R1W0,compact:L5R2W0-L5R2W0-L5R1W0,,,merged,optimized,5,3,5,5.234726,5.2350582,5.2338000000000005,5.236677,0.0009567056809697385,1.3587878,0.0399366,3.8363338,,,custom:libsad_search_dcff342f285260.so,/home/rzzhang/sad_merged/sad/build/libsad_search_dcff342f285260.so
2026-08-23T05:10:05.252201+00:00,20260823T050257,joint:qaoa:10:3ef52558c27c7308,ok,,qaoa,10,8,float64,42,128,2,32,2,2,0.25,rotation,rotation,4,4,compact:L3R0W0-L3R0W0-L2R0W0-L2R0W0,compact:L3R0W0-L3R0W0-L2R0W0-L2R0W0,,,merged,optimized,10,3,10,0.389759,0.3897972,0.38896600000000003,0.39108000000000004,0.0006890967711432122,0.1763644,0.0155473,0.19788549999999996,,,custom:libsad_search_d014591f51543a.so,/home/rzzhang/sad_merged/sad/build/libsad_search_d014591f51543a.so
2026-08-23T05:10:05.267467+00:00,20260823T050257,joint:qaoa:18:58b80757de802f6a,ok,,qaoa,18,8,float64,42,32,2,128,2,1,0.0,rotation,rotation,3,2,compact:L5R1W0-L5R1W0-L5R1W0,compact:L5R2W2-L5R2W2,,,split,optimized,5,3,5,1.514329,1.514026,1.513349,1.514509,0.0004964087025828856,0.46231479999999997,0.015428800000000001,1.0362824000000002,,,custom:libsad_search_0e4f539ceca897.so,/home/rzzhang/sad_merged/sad/build/libsad_search_0e4f539ceca897.so
2026-08-23T05:10:05.289999+00:00,20260823T050257,joint:qaoa:20:641994c25510b83f,ok,,qaoa,20,8,float64,42,128,2,32,2,1,0.0,rotation,rotation,3,3,compact:L5R2W0-L5R2W0-L5R1W0,compact:L5R2W0-L5R2W0-L5R1W0,,,split,optimized,5,3,5,5.54692,5.5457284,5.543813999999999,5.5471390000000005,0.0015632664008417931,1.4400004,0.0401996,4.0655284,,,custom:libsad_search_7259903b8346c4.so,/home/rzzhang/sad_merged/sad/build/libsad_search_7259903b8346c4.so
2026-08-23T05:10:05.345869+00:00,20260823T050257,joint:qaoa:6:aceae67584b378c6,ok,,qaoa,6,8,float64,42,32,2,128,2,2,1.0,rotation,rotation,6,6,compact:L1R0W0-L1R0W0-L1R0W0-L1R0W0-L1R0W0-L1R0W0,compact:L1R0W0-L1R0W0-L1R0W0-L1R0W0-L1R0W0-L1R0W0,,,split,optimized,20,3,20,0.4100905,0.40991040000000006,0.408438,0.410713,0.0007590280890717991,0.15936215,0.015506849999999999,0.23504139999999998,,,custom:libsad_search_2a0e4369743c84.so,/home/rzzhang/sad_merged/sad/build/libsad_search_2a0e4369743c84.so
2026-08-23T05:10:05.365390+00:00,20260823T050257,joint:qaoa:4:d0a058622b78c3c3,ok,,qaoa,4,8,float64,42,32,2,32,2,2,0.0,rotation,rotation,1,1,compact:L4R0W0,compact:L4R0W0,,,split,optimized,20,3,20,0.115628,0.11547104999999999,0.113732,0.119237,0.0010603572263628888,0.03743085,0.01536385,0.06267634999999999,,,custom:libsad_search_16d9d6cef53b3d.so,/home/rzzhang/sad_merged/sad/build/libsad_search_16d9d6cef53b3d.so
2026-08-23T05:10:05.378598+00:00,20260823T050257,joint:qaoa:26:653acc607449ba94,ok,,qaoa,26,8,float64,42,128,2,128,2,2,0.75,rotation,rotation,20,20,compact:L2R0W0-L2R0W0-L2R0W0-L2R0W0-L2R0W0-L2R0W0-L1R0W0-L1R0W0-L1R0W0-L1R0W0-L1R0W0-L1R0W0-L1R0W0-L1R0W0-L1R0W0-L1R0W0-L1R0W0-L1R0W0-L1R0W0-L1R0W0,compact:L2R0W0-L2R0W0-L2R0W0-L2R0W0-L2R0W0-L2R0W0-L1R0W0-L1R0W0-L1R0W0-L1R0W0-L1R0W0-L1R0W0-L1R0W0-L1R0W0-L1R0W0-L1R0W0-L1R0W0-L1R0W0-L1R0W0-L1R0W0,,,split,optimized,2,3,2,1135.2566980000001,1135.2566980000001,1134.887743,1135.625653,0.3689550000000281,377.463632,2.5101890000000004,755.282877,,,custom:libsad_search_d02bea87aa5c56.so,/home/rzzhang/sad_merged/sad/build/libsad_search_d02bea87aa5c56.so
2026-08-23T05:10:11.081264+00:00,20260823T050257,joint:qaoa:16:9f913b52eba6e24e,ok,,qaoa,16,8,float64,42,64,2,64,2,2,1.0,rotation,rotation,16,16,compact:L1R0W0-L1R0W0-L1R0W0-L1R0W0-L1R0W0-L1R0W0-L1R0W0-L1R0W0-L1R0W0-L1R0W0-L1R0W0-L1R0W0-L1R0W0-L1R0W0-L1R0W0-L1R0W0,compact:L1R0W0-L1R0W0-L1R0W0-L1R0W0-L1R0W0-L1R0W0-L1R0W0-L1R0W0-L1R0W0-L1R0W0-L1R0W0-L1R0W0-L1R0W0-L1R0W0-L1R0W0-L1R0W0,,,split,optimized,5,3,5,1.6434360000000001,1.6430686,1.642403,1.6436359999999999,0.0005454233585023402,0.720567,0.015367,0.9071346000000001,,,custom:libsad_search_20c37ff249ec0a.so,/home/rzzhang/sad_merged/sad/build/libsad_search_20c37ff249ec0a.so
2026-08-23T05:10:11.114245+00:00,20260823T050257,joint:qaoa:6:c02b76305c004179,ok,,qaoa,6,8,float64,42,64,2,64,2,1,0.5,rotation,rotation,4,4,compact:L2R0W0-L2R0W0-L1R0W0-L1R0W0,compact:L2R0W0-L2R0W0-L1R0W0-L1R0W0,,,split,optimized,20,3,20,0.272278,0.2721358,0.271248,0.27337900000000004,0.0007484466981689469,0.1087293,0.0153312,0.1480753,,,custom:libsad_search_7ec063ebc99501.so,/home/rzzhang/sad_merged/sad/build/libsad_search_7ec063ebc99501.so
2026-08-23T05:10:11.135653+00:00,20260823T050257,joint:qaoa:10:04253e70686b2949,ok,,qaoa,10,8,float64,42,128,2,128,2,1,0.0,rotation,rotation,2,2,compact:L5R0W0-L5R0W0,compact:L5R0W0-L5R0W0,,,split,optimized,10,3,10,0.361475,0.3615729,0.36029500000000003,0.36251999999999995,0.0005972941402692553,0.1129157,0.015262300000000001,0.23339490000000002,,,custom:libsad_search_9361435758c99d.so,/home/rzzhang/sad_merged/sad/build/libsad_search_9361435758c99d.so
2026-08-23T05:10:11.150632+00:00,20260823T050257,joint:qaoa:6:ff40dde8db6efe8f,ok,,qaoa,6,8,float64,42,32,2,32,2,2,0.25,rotation,rotation,2,2,compact:L3R0W0-L3R0W0,compact:L3R0W0-L3R0W0,,,split,optimized,20,3,20,0.18124449999999998,0.18146325,0.180135,0.183274,0.0006670459410715292,0.06458405,0.01518285,0.10169635,,,custom:libsad_search_16d9d6cef53b3d.so,/home/rzzhang/sad_merged/sad/build/libsad_search_16d9d6cef53b3d.so
2026-08-23T05:10:11.164544+00:00,20260823T050257,joint:qaoa:16:48de8a6f39db4854,ok,,qaoa,16,8,float64,42,64,2,64,2,1,1.0,rotation,rotation,16,16,compact:L1R0W0-L1R0W0-L1R0W0-L1R0W0-L1R0W0-L1R0W0-L1R0W0-L1R0W0-L1R0W0-L1R0W0-L1R0W0-L1R0W0-L1R0W0-L1R0W0-L1R0W0-L1R0W0,compact:L1R0W0-L1R0W0-L1R0W0-L1R0W0-L1R0W0-L1R0W0-L1R0W0-L1R0W0-L1R0W0-L1R0W0-L1R0W0-L1R0W0-L1R0W0-L1R0W0-L1R0W0-L1R0W0,,,merged,optimized,5,3,5,1.6434870000000001,1.6436702,1.6434069999999998,1.6444750000000001,0.0004038011391762546,0.7177972,0.015457799999999999,0.9104152000000001,,,custom:libsad_search_7e5293342e215a.so,/home/rzzhang/sad_merged/sad/build/libsad_search_7e5293342e215a.so
2026-08-23T05:10:11.188050+00:00,20260823T050257,joint:qaoa:14:eff35c217a53c1bd,ok,,qaoa,14,8,float64,42,64,2,64,2,2,0.0,rotation,rotation,2,2,compact:L5R2W0-L5R2W0,compact:L5R2W0-L5R2W0,,,merged,optimized,10,3,10,0.332728,0.3328569,0.331731,0.333833,0.0007198357382069986,0.10913089999999999,0.0154533,0.20827269999999998,,,custom:libsad_search_97eec9f2a848ec.so,/home/rzzhang/sad_merged/sad/build/libsad_search_97eec9f2a848ec.so
2026-08-23T05:10:11.202552+00:00,20260823T050257,joint:qaoa:18:33ca852e6d4057d2,ok,,qaoa,18,8,float64,42,32,2,128,2,1,0.25,rotation,rotation,7,6,compact:L3R0W0-L3R0W0-L3R0W0-L3R0W0-L2R0W0-L2R0W0-L2R0W0,compact:L3R0W0-L3R0W0-L3R0W0-L3R0W0-L3R0W0-L3R0W0,,,split,optimized,5,3,5,1.8400869999999998,1.8419192,1.838069,1.846327,0.003550411604307362,0.6212208,0.0156174,1.205081,,,custom:libsad_search_0e4f539ceca897.so,/home/rzzhang/sad_merged/sad/build/libsad_search_0e4f539ceca897.so
2026-08-23T05:10:11.227803+00:00,20260823T050257,joint:qaoa:8:3bb689aaafdf7195,ok,,qaoa,8,8,float64,42,32,2,32,2,1,0.75,rotation,rotation,6,6,compact:L2R0W0-L2R0W0-L1R0W0-L1R0W0-L1R0W0-L1R0W0,compact:L2R0W0-L2R0W0-L1R0W0-L1R0W0-L1R0W0-L1R0W0,,,merged,optimized,20,3,20,0.4147394999999999,0.41529685,0.413997,0.42281399999999997,0.0018707653854772852,0.18023114999999998,0.015503699999999999,0.21956200000000003,,,custom:libsad_search_f9cdaf042a7bd6.so,/home/rzzhang/sad_merged/sad/build/libsad_search_f9cdaf042a7bd6.so
2026-08-23T05:10:11.247398+00:00,20260823T050257,joint:qaoa:14:1f4e4040025cebef,ok,,qaoa,14,8,float64,42,128,2,32,2,1,1.0,rotation,rotation,14,14,compact:L1R0W0-L1R0W0-L1R0W0-L1R0W0-L1R0W0-L1R0W0-L1R0W0-L1R0W0-L1R0W0-L1R0W0-L1R0W0-L1R0W0-L1R0W0-L1R0W0,compact:L1R0W0-L1R0W0-L1R0W0-L1R0W0-L1R0W0-L1R0W0-L1R0W0-L1R0W0-L1R0W0-L1R0W0-L1R0W0-L1R0W0-L1R0W0-L1R0W0,,,split,optimized,10,3,10,1.20426,1.2041696,1.1989650000000003,1.206176,0.0018456268420240535,0.6068463,0.015461800000000001,0.5818615,,,custom:libsad_search_7259903b8346c4.so,/home/rzzhang/sad_merged/sad/build/libsad_search_7259903b8346c4.so
2026-08-23T05:10:11.273172+00:00,20260823T050257,joint:qaoa:18:e58663bdc876865e,ok,,qaoa,18,8,float64,42,128,2,128,2,2,0.25,rotation,rotation,6,6,compact:L3R0W0-L3R0W0-L3R0W0-L3R0W0-L3R0W0-L3R0W0,compact:L3R0W0-L3R0W0-L3R0W0-L3R0W0-L3R0W0-L3R0W0,,,split,optimized,5,3,5,1.940639,1.9336859999999998,1.8965409999999998,1.9493739999999997,0.01886688414126724,0.6322717999999999,0.015703,1.2857112,,,custom:libsad_search_d02bea87aa5c56.so,/home/rzzhang/sad_merged/sad/build/libsad_search_d02bea87aa5c56.so
2026-08-23T05:10:11.298857+00:00,20260823T050257,joint:qaoa:28:aeba49a73ba18390,ok,,qaoa,28,8,float64,42,32,2,128,2,1,0.0,rotation,rotation,4,4,compact:L5R2W0-L5R2W0-L5R2W0-L5R2W0,compact:L5R2W0-L5R2W0-L5R2W0-L5R2W0,,,split,optimized,2,3,2,1908.3081905,1908.3081905,1908.198113,1908.418268,0.1100774999999885,451.2825225,9.944954000000001,1447.080714,,,custom:libsad_search_0e4f539ceca897.so,/home/rzzhang/sad_merged/sad/build/libsad_search_0e4f539ceca897.so
2026-08-23T05:10:20.892475+00:00,20260823T050257,joint:qaoa:4:9f3009620794311a,ok,,qaoa,4,8,float64,42,64,2,64,2,1,0.75,rotation,rotation,3,3,compact:L2R0W0-L1R0W0-L1R0W0,compact:L2R0W0-L1R0W0-L1R0W0,,,merged,optimized,20,3,20,0.19245600000000002,0.1920667,0.191415,0.192512,0.0005071311566054661,0.07504995,0.015602949999999999,0.10141379999999998,,,custom:libsad_search_7e5293342e215a.so,/home/rzzhang/sad_merged/sad/build/libsad_search_7e5293342e215a.so
2026-08-23T05:10:20.911644+00:00,20260823T050257,joint:qaoa:22:e51b32795d52e930,ok,,qaoa,22,8,float64,42,32,2,128,2,1,0.25,rotation,rotation,8,8,compact:L3R0W0-L3R0W0-L3R0W0-L3R0W0-L3R0W0-L3R0W0-L2R0W0-L2R0W0,compact:L3R0W0-L3R0W0-L3R0W0-L3R0W0-L3R0W0-L3R0W0-L2R0W0-L2R0W0,,,merged,optimized,3,3,3,27.447584,27.442892666666665,27.426747000000002,27.454347000000002,0.011745820713011454,6.512585333333334,0.14832599999999999,20.781981333333334,,,custom:libsad_search_2a8327787a9aac.so,/home/rzzhang/sad_merged/sad/build/libsad_search_2a8327787a9aac.so
2026-08-23T05:10:21.111490+00:00,20260823T050257,joint:qaoa:14:2430a3016621c34f,ok,,qaoa,14,8,float64,42,64,2,64,2,2,0.75,rotation,rotation,11,11,compact:L2R0W0-L2R0W0-L2R0W0-L1R0W0-L1R0W0-L1R0W0-L1R0W0-L1R0W0-L1R0W0-L1R0W0-L1R0W0,compact:L2R0W0-L2R0W0-L2R0W0-L1R0W0-L1R0W0-L1R0W0-L1R0W0-L1R0W0-L1R0W0-L1R0W0-L1R0W0,,,split,optimized,10,3,10,0.9635585,0.9637456999999999,0.961496,0.96463,0.0008956709272941717,0.42689160000000004,0.0153788,0.5214753,,,custom:libsad_search_20c37ff249ec0a.so,/home/rzzhang/sad_merged/sad/build/libsad_search_20c37ff249ec0a.so
2026-08-23T05:10:21.138476+00:00,20260823T050257,joint:qaoa:6:23fbc988b4c4c036,ok,,qaoa,6,8,float64,42,64,2,64,2,1,0.0,rotation,rotation,1,1,compact:L5R1W0,compact:L5R1W0,,,split,optimized,20,3,20,0.143322,0.14332085,0.143178,0.143431,6.849545605366952e-05,0.04102695,0.015254950000000001,0.08703895,,,custom:libsad_search_7ec063ebc99501.so,/home/rzzhang/sad_merged/sad/build/libsad_search_7ec063ebc99501.so
2026-08-23T05:10:21.157368+00:00,20260823T050257,joint:qaoa:28:6feb7dd4fa6b4862,ok,,qaoa,28,8,float64,42,128,2,128,2,1,0.75,rotation,rotation,22,22,compact:L2R0W0-L2R0W0-L2R0W0-L2R0W0-L2R0W0-L2R0W0-L1R0W0-L1R0W0-L1R0W0-L1R0W0-L1R0W0-L1R0W0-L1R0W0-L1R0W0-L1R0W0-L1R0W0-L1R0W0-L1R0W0-L1R0W0-L1R0W0-L1R0W0-L1R0W0,compact:L2R0W0-L2R0W0-L2R0W0-L2R0W0-L2R0W0-L2R0W0-L1R0W0-L1R0W0-L1R0W0-L1R0W0-L1R0W0-L1R0W0-L1R0W0-L1R0W0-L1R0W0-L1R0W0-L1R0W0-L1R0W0-L1R0W0-L1R0W0-L1R0W0-L1R0W0,,,merged,optimized,2,3,2,4977.570512,4977.570512,4977.278627000001,4977.862397,0.29188499999963824,1655.0966365000002,9.990978000000002,3312.4828974999996,,,custom:libsad_search_8fbfac92ec4bef.so,/home/rzzhang/sad_merged/sad/build/libsad_search_8fbfac92ec4bef.so
2026-08-23T05:10:46.082448+00:00,20260823T050257,joint:qaoa:22:55001f5334c0913c,ok,,qaoa,22,8,float64,42,32,2,32,2,2,1.0,rotation,rotation,22,22,compact:L1R0W0-L1R0W0-L1R0W0-L1R0W0-L1R0W0-L1R0W0-L1R0W0-L1R0W0-L1R0W0-L1R0W0-L1R0W0-L1R0W0-L1R0W0-L1R0W0-L1R0W0-L1R0W0-L1R0W0-L1R0W0-L1R0W0-L1R0W0-L1R0W0-L1R0W0,compact:L1R0W0-L1R0W0-L1R0W0-L1R0W0-L1R0W0-L1R0W0-L1R0W0-L1R0W0-L1R0W0-L1R0W0-L1R0W0-L1R0W0-L1R0W0-L1R0W0-L1R0W0-L1R0W0-L1R0W0-L1R0W0-L1R0W0-L1R0W0-L1R0W0-L1R0W0,,,split,optimized,3,3,3,68.389461,67.515753,65.423064,68.73473399999999,1.486453003892822,13.572777333333333,0.15272166666666664,53.790254000000004,,,custom:libsad_search_16d9d6cef53b3d.so,/home/rzzhang/sad_merged/sad/build/libsad_search_16d9d6cef53b3d.so
2026-08-23T05:10:46.524378+00:00,20260823T050257,joint:qaoa:16:135fe8f4f2b8eca8,ok,,qaoa,16,8,float64,42,64,2,64,2,2,0.5,rotation,rotation,9,9,compact:L2R0W0-L2R0W0-L2R0W0-L2R0W0-L2R0W0-L2R0W0-L2R0W0-L1R0W0-L1R0W0,compact:L2R0W0-L2R0W0-L2R0W0-L2R0W0-L2R0W0-L2R0W0-L2R0W0-L1R0W0-L1R0W0,,,split,optimized,5,3,5,1.0575649999999999,1.0573147999999999,1.056738,1.057777,0.0004587881428284925,0.4350202,0.015486,0.6068086,,,custom:libsad_search_20c37ff249ec0a.so,/home/rzzhang/sad_merged/sad/build/libsad_search_20c37ff249ec0a.so
2026-08-23T05:10:46.542694+00:00,20260823T050257,joint:qaoa:6:a99782dad92f899f,ok,,qaoa,6,8,float64,42,128,2,32,2,1,1.0,rotation,rotation,6,6,compact:L1R0W0-L1R0W0-L1R0W0-L1R0W0-L1R0W0-L1R0W0,compact:L1R0W0-L1R0W0-L1R0W0-L1R0W0-L1R0W0-L1R0W0,,,split,optimized,20,3,20,0.37253749999999997,0.37222585,0.370672,0.374146,0.0007833148967688463,0.1704388,0.015490999999999998,0.18629605000000002,,,custom:libsad_search_7259903b8346c4.so,/home/rzzhang/sad_merged/sad/build/libsad_search_7259903b8346c4.so
2026-08-23T05:10:46.561107+00:00,20260823T050257,joint:qaoa:20:bd803b4468af3ce8,ok,,qaoa,20,8,float64,42,64,2,64,2,1,0.75,rotation,rotation,16,16,compact:L2R0W0-L2R0W0-L2R0W0-L2R0W0-L1R0W0-L1R0W0-L1R0W0-L1R0W0-L1R0W0-L1R0W0-L1R0W0-L1R0W0-L1R0W0-L1R0W0-L1R0W0-L1R0W0,compact:L2R0W0-L2R0W0-L2R0W0-L2R0W0-L1R0W0-L1R0W0-L1R0W0-L1R0W0-L1R0W0-L1R0W0-L1R0W0-L1R0W0-L1R0W0-L1R0W0-L1R0W0-L1R0W0,,,merged,optimized,5,3,5,7.254981000000001,7.2539254,7.250689,7.255047,0.0016730238013847032,2.552707,0.040325400000000004,4.660893,,,custom:libsad_search_7e5293342e215a.so,/home/rzzhang/sad_merged/sad/build/libsad_search_7e5293342e215a.so
2026-08-23T05:10:46.629806+00:00,20260823T050257,joint:qaoa:10:4adb9d18f62501d2,ok,,qaoa,10,8,float64,42,64,2,64,2,2,0.5,rotation,rotation,6,6,compact:L2R0W0-L2R0W0-L2R0W0-L2R0W0-L1R0W0-L1R0W0,compact:L2R0W0-L2R0W0-L2R0W0-L2R0W0-L1R0W0-L1R0W0,,,split,optimized,10,3,10,0.4965449999999999,0.49574930000000006,0.490462,0.49667700000000004,0.0018065182008493526,0.20524789999999998,0.0154719,0.2750295,,,custom:libsad_search_20c37ff249ec0a.so,/home/rzzhang/sad_merged/sad/build/libsad_search_20c37ff249ec0a.so
2026-08-23T05:10:46.645777+00:00,20260823T050257,joint:qaoa:14:6e2d70b7b14b096c,ok,,qaoa,14,8,float64,42,32,2,32,2,2,0.5,rotation,rotation,8,8,compact:L2R0W0-L2R0W0-L2R0W0-L2R0W0-L2R0W0-L2R0W0-L1R0W0-L1R0W0,compact:L2R0W0-L2R0W0-L2R0W0-L2R0W0-L2R0W0-L2R0W0-L1R0W0-L1R0W0,,,split,optimized,10,3,10,0.7003875,0.7026142,0.699136,0.707587,0.0036419494450088134,0.3049554,0.015414099999999998,0.38224470000000005,,,custom:libsad_search_16d9d6cef53b3d.so,/home/rzzhang/sad_merged/sad/build/libsad_search_16d9d6cef53b3d.so
2026-08-23T05:10:46.664602+00:00,20260823T050257,joint:qaoa:24:7b8410261fe96b9b,ok,,qaoa,24,8,float64,42,128,2,128,2,2,0.5,rotation,rotation,14,14,compact:L2R0W0-L2R0W0-L2R0W0-L2R0W0-L2R0W0-L2R0W0-L2R0W0-L2R0W0-L2R0W0-L2R0W0-L1R0W0-L1R0W0-L1R0W0-L1R0W0,compact:L2R0W0-L2R0W0-L2R0W0-L2R0W0-L2R0W0-L2R0W0-L2R0W0-L2R0W0-L2R0W0-L2R0W0-L1R0W0-L1R0W0-L1R0W0-L1R0W0,,,merged,optimized,3,3,3,200.48823900000002,200.439657,200.32655599999998,200.50417600000003,0.08023870281023966,66.76616,0.6411966666666666,133.03230033333335,,,custom:libsad_search_b969ada61d8a74.so,/home/rzzhang/sad_merged/sad/build/libsad_search_b969ada61d8a74.so
2026-08-23T05:10:47.893615+00:00,20260823T050257,joint:qaoa:22:b26473e6bd21c073,ok,,qaoa,22,8,float64,42,64,2,64,2,1,0.0,rotation,rotation,3,3,compact:L5R2W1-L5R2W0-L5R2W0,compact:L5R2W1-L5R2W0-L5R2W0,,,split,optimized,3,3,3,22.733674,22.734694666666666,22.732631,22.737779,0.0022221305592200024,5.358375,0.139785,17.236534666666667,,,custom:libsad_search_7ec063ebc99501.so,/home/rzzhang/sad_merged/sad/build/libsad_search_7ec063ebc99501.so
2026-08-23T05:10:48.053129+00:00,20260823T050257,joint:qaoa:18:a9850f2962f91dbf,ok,,qaoa,18,8,float64,42,32,2,32,2,1,1.0,rotation,rotation,18,18,compact:L1R0W0-L1R0W0-L1R0W0-L1R0W0-L1R0W0-L1R0W0-L1R0W0-L1R0W0-L1R0W0-L1R0W0-L1R0W0-L1R0W0-L1R0W0-L1R0W0-L1R0W0-L1R0W0-L1R0W0-L1R0W0,compact:L1R0W0-L1R0W0-L1R0W0-L1R0W0-L1R0W0-L1R0W0-L1R0W0-L1R0W0-L1R0W0-L1R0W0-L1R0W0-L1R0W0-L1R0W0-L1R0W0-L1R0W0-L1R0W0-L1R0W0-L1R0W0,,,merged,optimized,5,3,5,3.1067199999999997,3.0766258,2.9705070000000005,3.1097399999999995,0.05369168391995143,1.2380128,0.0170826,1.8215304,,,custom:libsad_search_f9cdaf042a7bd6.so,/home/rzzhang/sad_merged/sad/build/libsad_search_f9cdaf042a7bd6.so
2026-08-23T05:10:48.087937+00:00,20260823T050257,joint:qaoa:4:7f2d9bce7bf0ee6a,ok,,qaoa,4,8,float64,42,64,2,64,2,2,0.0,rotation,rotation,1,1,compact:L4R0W0,compact:L4R0W0,,,merged,optimized,20,3,20,0.12284300000000001,0.1226942,0.121723,0.122989,0.00036473752206209984,0.036517,0.015529699999999999,0.0706475,,,custom:libsad_search_97eec9f2a848ec.so,/home/rzzhang/sad_merged/sad/build/libsad_search_97eec9f2a848ec.so
2026-08-23T05:10:48.100426+00:00,20260823T050257,joint:qaoa:10:7171771feff2d75a,ok,,qaoa,10,8,float64,42,64,2,64,2,1,0.75,rotation,rotation,8,8,compact:L2R0W0-L2R0W0-L1R0W0-L1R0W0-L1R0W0-L1R0W0-L1R0W0-L1R0W0,compact:L2R0W0-L2R0W0-L1R0W0-L1R0W0-L1R0W0-L1R0W0-L1R0W0-L1R0W0,,,merged,optimized,10,3,10,0.6399895,0.6395486,0.633787,0.6410549999999999,0.002014823376874495,0.276569,0.0156438,0.3473358,,,custom:libsad_search_7e5293342e215a.so,/home/rzzhang/sad_merged/sad/build/libsad_search_7e5293342e215a.so
2026-08-23T05:10:48.118398+00:00,20260823T050257,joint:qaoa:16:62376008bfb52593,ok,,qaoa,16,8,float64,42,128,2,32,2,1,0.25,rotation,rotation,6,6,compact:L3R0W0-L3R0W0-L3R0W0-L3R0W0-L2R0W0-L2R0W0,compact:L3R0W0-L3R0W0-L3R0W0-L3R0W0-L2R0W0-L2R0W0,,,split,optimized,5,3,5,0.8591019999999999,0.8593068,0.858187,0.860114,0.0007131730224847268,0.35547080000000003,0.015390799999999998,0.48844519999999997,,,custom:libsad_search_7259903b8346c4.so,/home/rzzhang/sad_merged/sad/build/libsad_search_7259903b8346c4.so
2026-08-23T05:10:48.134948+00:00,20260823T050257,joint:qaoa:28:f726aed6b24fde6e,ok,,qaoa,28,8,float64,42,64,2,64,2,2,1.0,rotation,rotation,28,28,compact:L1R0W0-L1R0W0-L1R0W0-L1R0W0-L1R0W0-L1R0W0-L1R0W0-L1R0W0-L1R0W0-L1R0W0-L1R0W0-L1R0W0-L1R0W0-L1R0W0-L1R0W0-L1R0W0-L1R0W0-L1R0W0-L1R0W0-L1R0W0-L1R0W0-L1R0W0-L1R0W0-L1R0W0-L1R0W0-L1R0W0-L1R0W0-L1R0W0,compact:L1R0W0-L1R0W0-L1R0W0-L1R0W0-L1R0W0-L1R0W0-L1R0W0-L1R0W0-L1R0W0-L1R0W0-L1R0W0-L1R0W0-L1R0W0-L1R0W0-L1R0W0-L1R0W0-L1R0W0-L1R0W0-L1R0W0-L1R0W0-L1R0W0-L1R0W0-L1R0W0-L1R0W0-L1R0W0-L1R0W0-L1R0W0-L1R0W0,,,merged,optimized,2,3,2,6345.476752500001,6345.476752500001,6345.231889000001,6345.721616000001,0.24486350000006496,2106.2323395,9.9816395,4229.262773500001,,,custom:libsad_search_97eec9f2a848ec.so,/home/rzzhang/sad_merged/sad/build/libsad_search_97eec9f2a848ec.so
2026-08-23T05:11:19.881106+00:00,20260823T050257,joint:qaoa:20:d09f4b16275d2827,ok,,qaoa,20,8,float64,42,128,2,128,2,2,0.25,rotation,rotation,7,7,compact:L3R0W0-L3R0W0-L3R0W0-L3R0W0-L3R0W0-L3R0W0-L2R0W0,compact:L3R0W0-L3R0W0-L3R0W0-L3R0W0-L3R0W0-L3R0W0-L2R0W0,,,merged,optimized,5,3,5,5.93192,5.932568,5.9298329999999995,5.93806,0.002856473140080469,1.660364,0.0401922,4.2320118,,,custom:libsad_search_b969ada61d8a74.so,/home/rzzhang/sad_merged/sad/build/libsad_search_b969ada61d8a74.so
2026-08-23T05:11:19.954535+00:00,20260823T050257,joint:qaoa:16:26aa975ab2bc3fd8,ok,,qaoa,16,8,float64,42,128,2,128,2,1,0.0,legacy,legacy,0,0,,,,,not_applicable,legacy-generic,5,3,5,0.575339,0.5752584000000001,0.574373,0.5766519999999999,0.0008089822247737886,0.1797792,0.015546799999999998,0.3799324,,,custom:libsad_search_78e231cd0d5107.so,/home/rzzhang/sad_merged/sad/build/libsad_search_78e231cd0d5107.so
2026-08-23T05:11:19.978581+00:00,20260823T050257,joint:qaoa:10:bf9850da8c60a6be,ok,,qaoa,10,8,float64,42,128,2,32,2,1,0.0,rotation,rotation,2,2,compact:L5R0W0-L5R0W0,compact:L5R0W0-L5R0W0,,,split,optimized,10,3,10,0.27077850000000003,0.2709025,0.270158,0.272488,0.0007165393569093211,0.112406,0.0154769,0.1430196,,,custom:libsad_search_7259903b8346c4.so,/home/rzzhang/sad_merged/sad/build/libsad_search_7259903b8346c4.so
2026-08-23T05:11:19.996663+00:00,20260823T050257,joint:qaoa:14:c7163d9ea4dfa598,ok,,qaoa,14,8,float64,42,32,2,32,2,2,0.0,rotation,rotation,2,2,compact:L5R2W0-L5R2W0,compact:L5R2W0-L5R2W0,,,split,optimized,10,3,10,0.30199,0.301829,0.301007,0.30299600000000004,0.000597835596129907,0.1027302,0.0153329,0.18376589999999998,,,custom:libsad_search_16d9d6cef53b3d.so,/home/rzzhang/sad_merged/sad/build/libsad_search_16d9d6cef53b3d.so
2026-08-23T05:11:20.015475+00:00,20260823T050257,joint:qaoa:24:47601dd4b2799869,ok,,qaoa,24,8,float64,42,128,2,32,2,1,1.0,rotation,rotation,24,24,compact:L1R0W0-L1R0W0-L1R0W0-L1R0W0-L1R0W0-L1R0W0-L1R0W0-L1R0W0-L1R0W0-L1R0W0-L1R0W0-L1R0W0-L1R0W0-L1R0W0-L1R0W0-L1R0W0-L1R0W0-L1R0W0-L1R0W0-L1R0W0-L1R0W0-L1R0W0-L1R0W0-L1R0W0,compact:L1R0W0-L1R0W0-L1R0W0-L1R0W0-L1R0W0-L1R0W0-L1R0W0-L1R0W0-L1R0W0-L1R0W0-L1R0W0-L1R0W0-L1R0W0-L1R0W0-L1R0W0-L1R0W0-L1R0W0-L1R0W0-L1R0W0-L1R0W0-L1R0W0-L1R0W0-L1R0W0-L1R0W0,,,split,optimized,3,3,3,341.54275099999995,341.52339966666665,341.479646,341.547802,0.031007156811850966,113.93907033333333,0.6478946666666666,226.93643466666668,,,custom:libsad_search_7259903b8346c4.so,/home/rzzhang/sad_merged/sad/build/libsad_search_7259903b8346c4.so
2026-08-23T05:11:22.107408+00:00,20260823T050257,joint:qaoa:26:f43cc769737c3d8c,ok,,qaoa,26,8,float64,42,64,2,64,2,1,1.0,rotation,rotation,26,26,compact:L1R0W0-L1R0W0-L1R0W0-L1R0W0-L1R0W0-L1R0W0-L1R0W0-L1R0W0-L1R0W0-L1R0W0-L1R0W0-L1R0W0-L1R0W0-L1R0W0-L1R0W0-L1R0W0-L1R0W0-L1R0W0-L1R0W0-L1R0W0-L1R0W0-L1R0W0-L1R0W0-L1R0W0-L1R0W0-L1R0W0,compact:L1R0W0-L1R0W0-L1R0W0-L1R0W0-L1R0W0-L1R0W0-L1R0W0-L1R0W0-L1R0W0-L1R0W0-L1R0W0-L1R0W0-L1R0W0-L1R0W0-L1R0W0-L1R0W0-L1R0W0-L1R0W0-L1R0W0-L1R0W0-L1R0W0-L1R0W0-L1R0W0-L1R0W0-L1R0W0-L1R0W0,,,merged,optimized,2,3,2,1473.6459645,1473.6459645,1473.185564,1474.1063649999999,0.46040049999987787,489.6540375,2.520107,981.47182,,,custom:libsad_search_7e5293342e215a.so,/home/rzzhang/sad_merged/sad/build/libsad_search_7e5293342e215a.so
2026-08-23T05:11:29.500927+00:00,20260823T050257,joint:qaoa:6:ad4725db935b2689,ok,,qaoa,6,8,float64,42,32,2,128,2,2,0.5,rotation,rotation,4,4,compact:L2R0W0-L2R0W0-L1R0W0-L1R0W0,compact:L2R0W0-L2R0W0-L1R0W0-L1R0W0,,,split,optimized,20,3,20,0.305149,0.30522839999999996,0.304089,0.306143,0.0004478591742947739,0.10870030000000001,0.015375449999999999,0.18115265,,,custom:libsad_search_2a0e4369743c84.so,/home/rzzhang/sad_merged/sad/build/libsad_search_2a0e4369743c84.so
2026-08-23T05:11:29.522793+00:00,20260823T050257,joint:qaoa:22:6465a5b57c274bb0,ok,,qaoa,22,8,float64,42,128,2,32,2,1,0.0,legacy,legacy,0,0,,,,,not_applicable,legacy-generic,3,3,3,25.500394000000004,25.499825666666666,25.496491,25.502592,0.0025229351072826277,6.078354666666668,0.13982466666666665,19.28164633333333,,,custom:libsad_search_eaf59e83158800.so,/home/rzzhang/sad_merged/sad/build/libsad_search_eaf59e83158800.so
2026-08-23T05:11:29.706715+00:00,20260823T050257,joint:qaoa:22:791f3e5079625bd3,ok,,qaoa,22,8,float64,42,32,2,128,2,1,0.75,rotation,rotation,18,17,compact:L2R0W0-L2R0W0-L2R0W0-L2R0W0-L1R0W0-L1R0W0-L1R0W0-L1R0W0-L1R0W0-L1R0W0-L1R0W0-L1R0W0-L1R0W0-L1R0W0-L1R0W0-L1R0W0-L1R0W0-L1R0W0,compact:L2R0W0-L2R0W0-L2R0W0-L2R0W0-L2R0W0-L1R0W0-L1R0W0-L1R0W0-L1R0W0-L1R0W0-L1R0W0-L1R0W0-L1R0W0-L1R0W0-L1R0W0-L1R0W0-L1R0W0,,,split,optimized,3,3,3,51.968900999999995,51.97153866666667,51.958673999999995,51.987041,0.011730008136779713,11.056248666666665,0.14389633333333335,40.77139366666666,,,custom:libsad_search_0e4f539ceca897.so,/home/rzzhang/sad_merged/sad/build/libsad_search_0e4f539ceca897.so
2026-08-23T05:11:30.040659+00:00,20260823T050257,joint:qaoa:20:b8927759ce51e165,ok,,qaoa,20,8,float64,42,32,2,32,2,1,1.0,rotation,rotation,20,20,compact:L1R0W0-L1R0W0-L1R0W0-L1R0W0-L1R0W0-L1R0W0-L1R0W0-L1R0W0-L1R0W0-L1R0W0-L1R0W0-L1R0W0-L1R0W0-L1R0W0-L1R0W0-L1R0W0-L1R0W0-L1R0W0-L1R0W0-L1R0W0,compact:L1R0W0-L1R0W0-L1R0W0-L1R0W0-L1R0W0-L1R0W0-L1R0W0-L1R0W0-L1R0W0-L1R0W0-L1R0W0-L1R0W0-L1R0W0-L1R0W0-L1R0W0-L1R0W0-L1R0W0-L1R0W0-L1R0W0-L1R0W0,,,merged,optimized,5,3,5,8.669106,8.670739399999999,8.667057,8.679283999999999,0.00434632896131881,3.3761774000000004,0.041814800000000006,5.2527472,,,custom:libsad_search_f9cdaf042a7bd6.so,/home/rzzhang/sad_merged/sad/build/libsad_search_f9cdaf042a7bd6.so
2026-08-23T05:11:30.121003+00:00,20260823T050257,joint:qaoa:26:4571d3c6f2a59370,ok,,qaoa,26,8,float64,42,64,2,64,2,2,1.0,rotation,rotation,26,26,compact:L1R0W0-L1R0W0-L1R0W0-L1R0W0-L1R0W0-L1R0W0-L1R0W0-L1R0W0-L1R0W0-L1R0W0-L1R0W0-L1R0W0-L1R0W0-L1R0W0-L1R0W0-L1R0W0-L1R0W0-L1R0W0-L1R0W0-L1R0W0-L1R0W0-L1R0W0-L1R0W0-L1R0W0-L1R0W0-L1R0W0,compact:L1R0W0-L1R0W0-L1R0W0-L1R0W0-L1R0W0-L1R0W0-L1R0W0-L1R0W0-L1R0W0-L1R0W0-L1R0W0-L1R0W0-L1R0W0-L1R0W0-L1R0W0-L1R0W0-L1R0W0-L1R0W0-L1R0W0-L1R0W0-L1R0W0-L1R0W0-L1R0W0-L1R0W0-L1R0W0-L1R0W0,,,split,optimized,2,3,2,1475.0474869999998,1475.0474869999998,1474.7930709999998,1475.301903,0.25441600000010567,489.9798935,2.528363,982.5392305,,,custom:libsad_search_20c37ff249ec0a.so,/home/rzzhang/sad_merged/sad/build/libsad_search_20c37ff249ec0a.so
2026-08-23T05:11:37.521302+00:00,20260823T050257,joint:qaoa:20:e6f14e6ddf396dee,ok,,qaoa,20,8,float64,42,32,2,32,2,1,0.25,rotation,rotation,7,7,compact:L3R0W0-L3R0W0-L3R0W0-L3R0W0-L3R0W0-L3R0W0-L2R0W0,compact:L3R0W0-L3R0W0-L3R0W0-L3R0W0-L3R0W0-L3R0W0-L2R0W0,,,merged,optimized,5,3,5,5.775402,5.7752496,5.773116,5.776244,0.0011341415431947257,1.7413982000000001,0.0402614,3.99359,,,custom:libsad_search_f9cdaf042a7bd6.so,/home/rzzhang/sad_merged/sad/build/libsad_search_f9cdaf042a7bd6.so
2026-08-23T05:11:37.586318+00:00,20260823T050257,joint:qaoa:14:15d75aa33069a9ad,ok,,qaoa,14,8,float64,42,32,2,128,2,2,1.0,rotation,rotation,14,14,compact:L1R0W0-L1R0W0-L1R0W0-L1R0W0-L1R0W0-L1R0W0-L1R0W0-L1R0W0-L1R0W0-L1R0W0-L1R0W0-L1R0W0-L1R0W0-L1R0W0,compact:L1R0W0-L1R0W0-L1R0W0-L1R0W0-L1R0W0-L1R0W0-L1R0W0-L1R0W0-L1R0W0-L1R0W0-L1R0W0-L1R0W0-L1R0W0-L1R0W0,,,merged,optimized,10,3,10,1.2600825,1.2601927,1.2562430000000002,1.264602,0.0037952567251767987,0.5110353,0.015316900000000003,0.7338405,,,custom:libsad_search_fce412939d20fb.so,/home/rzzhang/sad_merged/sad/build/libsad_search_fce412939d20fb.so
2026-08-23T05:11:37.612929+00:00,20260823T050257,joint:qaoa:26:a94ed63dddb04d05,ok,,qaoa,26,8,float64,42,128,2,32,2,2,0.75,rotation,rotation,20,20,compact:L2R0W0-L2R0W0-L2R0W0-L2R0W0-L2R0W0-L2R0W0-L1R0W0-L1R0W0-L1R0W0-L1R0W0-L1R0W0-L1R0W0-L1R0W0-L1R0W0-L1R0W0-L1R0W0-L1R0W0-L1R0W0-L1R0W0-L1R0W0,compact:L2R0W0-L2R0W0-L2R0W0-L2R0W0-L2R0W0-L2R0W0-L1R0W0-L1R0W0-L1R0W0-L1R0W0-L1R0W0-L1R0W0-L1R0W0-L1R0W0-L1R0W0-L1R0W0-L1R0W0-L1R0W0-L1R0W0-L1R0W0,,,merged,optimized,2,3,2,1134.1234709999999,1134.1234709999999,1133.18323,1135.063712,0.9402409999999009,377.539238,2.514746,754.069487,,,custom:libsad_search_d014591f51543a.so,/home/rzzhang/sad_merged/sad/build/libsad_search_d014591f51543a.so
2026-08-23T05:11:43.309679+00:00,20260823T050257,joint:qaoa:20:b3e73e12fe85b18b,ok,,qaoa,20,8,float64,42,64,2,64,2,2,0.75,rotation,rotation,16,16,compact:L2R0W0-L2R0W0-L2R0W0-L2R0W0-L1R0W0-L1R0W0-L1R0W0-L1R0W0-L1R0W0-L1R0W0-L1R0W0-L1R0W0-L1R0W0-L1R0W0-L1R0W0-L1R0W0,compact:L2R0W0-L2R0W0-L2R0W0-L2R0W0-L1R0W0-L1R0W0-L1R0W0-L1R0W0-L1R0W0-L1R0W0-L1R0W0-L1R0W0-L1R0W0-L1R0W0-L1R0W0-L1R0W0,,,merged,optimized,5,3,5,7.212026999999999,7.214001999999999,7.204705000000001,7.223304,0.007911857556857162,2.516744,0.0399368,4.6573212,,,custom:libsad_search_97eec9f2a848ec.so,/home/rzzhang/sad_merged/sad/build/libsad_search_97eec9f2a848ec.so
2026-08-23T05:11:43.386956+00:00,20260823T050257,joint:qaoa:8:363b291b17f7c728,ok,,qaoa,8,8,float64,42,128,2,128,2,1,0.5,rotation,rotation,4,4,compact:L2R0W0-L2R0W0-L2R0W0-L2R0W0,compact:L2R0W0-L2R0W0-L2R0W0-L2R0W0,,,split,optimized,20,3,20,0.3931445,0.39302125,0.39208799999999994,0.394235,0.0005752788780235259,0.14703765,0.015428299999999999,0.23055530000000002,,,custom:libsad_search_9361435758c99d.so,/home/rzzhang/sad_merged/sad/build/libsad_search_9361435758c99d.so
2026-08-23T05:11:43.406248+00:00,20260823T050257,joint:qaoa:28:9a27eecf3e95a94d,ok,,qaoa,28,8,float64,42,32,2,32,2,1,0.0,rotation,rotation,4,4,compact:L5R2W0-L5R2W0-L5R2W0-L5R2W0,compact:L5R2W0-L5R2W0-L5R2W0-L5R2W0,,,split,optimized,2,3,2,1735.5866255,1735.5866255,1735.5364929999998,1735.636758,0.050132500000131586,449.92831,9.960388,1275.6979275,,,custom:libsad_search_3cb67c7e18cc99.so,/home/rzzhang/sad_merged/sad/build/libsad_search_3cb67c7e18cc99.so
2026-08-23T05:11:52.123281+00:00,20260823T050257,joint:qaoa:12:ec56f0268795cf79,ok,,qaoa,12,8,float64,42,128,2,32,2,2,0.5,rotation,rotation,7,7,compact:L2R0W0-L2R0W0-L2R0W0-L2R0W0-L2R0W0-L1R0W0-L1R0W0,compact:L2R0W0-L2R0W0-L2R0W0-L2R0W0-L2R0W0-L1R0W0-L1R0W0,,,merged,optimized,10,3,10,0.632841,0.6330974,0.632644,0.63394,0.0004993448107269955,0.3015142,0.0155709,0.3160123,,,custom:libsad_search_d014591f51543a.so,/home/rzzhang/sad_merged/sad/build/libsad_search_d014591f51543a.so
2026-08-23T05:11:52.146728+00:00,20260823T050257,joint:qaoa:16:47c88594a68480bc,ok,,qaoa,16,8,float64,42,128,2,32,2,2,1.0,rotation,rotation,16,16,compact:L1R0W0-L1R0W0-L1R0W0-L1R0W0-L1R0W0-L1R0W0-L1R0W0-L1R0W0-L1R0W0-L1R0W0-L1R0W0-L1R0W0-L1R0W0-L1R0W0-L1R0W0-L1R0W0,compact:L1R0W0-L1R0W0-L1R0W0-L1R0W0-L1R0W0-L1R0W0-L1R0W0-L1R0W0-L1R0W0-L1R0W0-L1R0W0-L1R0W0-L1R0W0-L1R0W0-L1R0W0-L1R0W0,,,split,optimized,5,3,5,1.642366,1.6398063999999999,1.6343809999999999,1.644456,0.00426195666801068,0.7681882,0.0154134,0.8562047999999999,,,custom:libsad_search_3b115211f38255.so,/home/rzzhang/sad_merged/sad/build/libsad_search_3b115211f38255.so
2026-08-23T05:11:52.179323+00:00,20260823T050257,joint:qaoa:4:d88313f6792acb03,ok,,qaoa,4,8,float64,42,64,2,64,2,2,0.75,rotation,rotation,3,3,compact:L2R0W0-L1R0W0-L1R0W0,compact:L2R0W0-L1R0W0-L1R0W0,,,split,optimized,20,3,20,0.19049,0.1908835,0.190341,0.192401,0.0005908859026918811,0.07497905,0.015356,0.10054845000000001,,,custom:libsad_search_20c37ff249ec0a.so,/home/rzzhang/sad_merged/sad/build/libsad_search_20c37ff249ec0a.so
2026-08-23T05:11:52.198671+00:00,20260823T050257,joint:qaoa:4:d2a80834d34b652e,ok,,qaoa,4,8,float64,42,32,2,128,2,1,0.5,rotation,rotation,2,2,compact:L2R0W0-L2R0W0,compact:L2R0W0-L2R0W0,,,split,optimized,20,3,20,0.18213000000000001,0.18183535,0.180951,0.183307,0.0006164898437930683,0.05589485,0.01540405,0.11053645,,,custom:libsad_search_0e4f539ceca897.so,/home/rzzhang/sad_merged/sad/build/libsad_search_0e4f539ceca897.so
2026-08-23T05:11:52.218104+00:00,20260823T050257,joint:qaoa:14:febb1cfcc58b1d33,ok,,qaoa,14,8,float64,42,32,2,128,2,2,0.75,rotation,rotation,11,11,compact:L2R0W0-L2R0W0-L2R0W0-L1R0W0-L1R0W0-L1R0W0-L1R0W0-L1R0W0-L1R0W0-L1R0W0-L1R0W0,compact:L2R0W0-L2R0W0-L2R0W0-L1R0W0-L1R0W0-L1R0W0-L1R0W0-L1R0W0-L1R0W0-L1R0W0-L1R0W0,,,merged,optimized,10,3,10,1.0514175,1.0510628,1.049557,1.051613,0.0006543628656945548,0.40790030000000005,0.015469,0.6276935,,,custom:libsad_search_fce412939d20fb.so,/home/rzzhang/sad_merged/sad/build/libsad_search_fce412939d20fb.so
2026-08-23T05:11:52.247336+00:00,20260823T050257,joint:qaoa:4:79e909009bad4da4,ok,,qaoa,4,8,float64,42,128,2,32,2,1,1.0,rotation,rotation,4,4,compact:L1R0W0-L1R0W0-L1R0W0-L1R0W0,compact:L1R0W0-L1R0W0-L1R0W0-L1R0W0,,,split,optimized,20,3,20,0.235457,0.23532375,0.23447300000000001,0.23560899999999999,0.00034077703487764266,0.10438415,0.01538885,0.11555075000000001,,,custom:libsad_search_7259903b8346c4.so,/home/rzzhang/sad_merged/sad/build/libsad_search_7259903b8346c4.so
2026-08-23T05:11:52.268140+00:00,20260823T050257,joint:qaoa:20:3eaaef77bf509dff,ok,,qaoa,20,8,float64,42,128,2,32,2,1,1.0,rotation,rotation,20,20,compact:L1R0W0-L1R0W0-L1R0W0-L1R0W0-L1R0W0-L1R0W0-L1R0W0-L1R0W0-L1R0W0-L1R0W0-L1R0W0-L1R0W0-L1R0W0-L1R0W0-L1R0W0-L1R0W0-L1R0W0-L1R0W0-L1R0W0-L1R0W0,compact:L1R0W0-L1R0W0-L1R0W0-L1R0W0-L1R0W0-L1R0W0-L1R0W0-L1R0W0-L1R0W0-L1R0W0-L1R0W0-L1R0W0-L1R0W0-L1R0W0-L1R0W0-L1R0W0-L1R0W0-L1R0W0-L1R0W0-L1R0W0,,,split,optimized,5,3,5,8.174457,8.174740400000001,8.171402,8.178681000000001,0.0023965534919965373,3.135631,0.040583600000000004,4.9985257999999995,,,custom:libsad_search_7259903b8346c4.so,/home/rzzhang/sad_merged/sad/build/libsad_search_7259903b8346c4.so
2026-08-23T05:11:52.359162+00:00,20260823T050257,joint:qaoa:18:1c071b58c471b664,ok,,qaoa,18,8,float64,42,128,2,128,2,2,1.0,rotation,rotation,18,18,compact:L1R0W0-L1R0W0-L1R0W0-L1R0W0-L1R0W0-L1R0W0-L1R0W0-L1R0W0-L1R0W0-L1R0W0-L1R0W0-L1R0W0-L1R0W0-L1R0W0-L1R0W0-L1R0W0-L1R0W0-L1R0W0,compact:L1R0W0-L1R0W0-L1R0W0-L1R0W0-L1R0W0-L1R0W0-L1R0W0-L1R0W0-L1R0W0-L1R0W0-L1R0W0-L1R0W0-L1R0W0-L1R0W0-L1R0W0-L1R0W0-L1R0W0-L1R0W0,,,split,optimized,5,3,5,3.087302,3.0911774000000003,3.086298,3.100509,0.005524767419538992,1.2932876,0.0155458,1.782344,,,custom:libsad_search_d02bea87aa5c56.so,/home/rzzhang/sad_merged/sad/build/libsad_search_d02bea87aa5c56.so
2026-08-23T05:11:52.401255+00:00,20260823T050257,joint:qaoa:14:ce3f5836478988c0,ok,,qaoa,14,8,float64,42,128,2,128,2,1,1.0,rotation,rotation,14,14,compact:L1R0W0-L1R0W0-L1R0W0-L1R0W0-L1R0W0-L1R0W0-L1R0W0-L1R0W0-L1R0W0-L1R0W0-L1R0W0-L1R0W0-L1R0W0-L1R0W0,compact:L1R0W0-L1R0W0-L1R0W0-L1R0W0-L1R0W0-L1R0W0-L1R0W0-L1R0W0-L1R0W0-L1R0W0-L1R0W0-L1R0W0-L1R0W0-L1R0W0,,,merged,optimized,10,3,10,1.3598685,1.3604425,1.3597829999999997,1.363867,0.0012037870451205351,0.607454,0.015389499999999999,0.737599,,,custom:libsad_search_8fbfac92ec4bef.so,/home/rzzhang/sad_merged/sad/build/libsad_search_8fbfac92ec4bef.so
2026-08-23T05:11:52.429278+00:00,20260823T050257,joint:qaoa:20:d42d8376c2c89cab,ok,,qaoa,20,8,float64,42,128,2,32,2,2,0.25,rotation,rotation,7,7,compact:L3R0W0-L3R0W0-L3R0W0-L3R0W0-L3R0W0-L3R0W0-L2R0W0,compact:L3R0W0-L3R0W0-L3R0W0-L3R0W0-L3R0W0-L3R0W0-L2R0W0,,,merged,optimized,5,3,5,6.0091529999999995,6.0019982,5.967936,6.012365,0.017093222111702555,1.7389919999999999,0.0398624,4.2231438,,,custom:libsad_search_d014591f51543a.so,/home/rzzhang/sad_merged/sad/build/libsad_search_d014591f51543a.so
2026-08-23T05:11:52.487049+00:00,20260823T050257,joint:qaoa:22:4c3e461daca61331,ok,,qaoa,22,8,float64,42,64,2,64,2,1,0.25,rotation,rotation,8,8,compact:L3R0W0-L3R0W0-L3R0W0-L3R0W0-L3R0W0-L3R0W0-L2R0W0-L2R0W0,compact:L3R0W0-L3R0W0-L3R0W0-L3R0W0-L3R0W0-L3R0W0-L2R0W0-L2R0W0,,,split,optimized,3,3,3,26.584930999999997,26.587389666666667,26.573800000000002,26.603438,0.012223925783296752,6.451604333333333,0.14802766666666667,19.987757666666663,,,custom:libsad_search_7ec063ebc99501.so,/home/rzzhang/sad_merged/sad/build/libsad_search_7ec063ebc99501.so
2026-08-23T05:11:52.669529+00:00,20260823T050257,joint:qaoa:8:c3609570b05493f6,ok,,qaoa,8,8,float64,42,64,2,64,2,2,0.5,rotation,rotation,4,4,compact:L2R0W0-L2R0W0-L2R0W0-L2R0W0,compact:L2R0W0-L2R0W0-L2R0W0-L2R0W0,,,split,optimized,20,3,20,0.34812850000000006,0.34863345,0.347976,0.351289,0.0007897934840830193,0.13638060000000002,0.0151975,0.19705535,,,custom:libsad_search_20c37ff249ec0a.so,/home/rzzhang/sad_merged/sad/build/libsad_search_20c37ff249ec0a.so
2026-08-23T05:11:52.687259+00:00,20260823T050257,joint:qaoa:28:78158c2a8ddcbc80,ok,,qaoa,28,8,float64,42,64,2,64,2,1,0.0,legacy,legacy,0,0,,,,,not_applicable,legacy-generic,2,3,2,2017.2483399999999,2017.2483399999999,2016.5509469999997,2017.945733,0.6973930000001474,549.1058879999999,9.9406215,1458.2018305,,,custom:libsad_search_5a6ce94d125b8e.so,/home/rzzhang/sad_merged/sad/build/libsad_search_5a6ce94d125b8e.so
2026-08-23T05:12:02.816353+00:00,20260823T050257,joint:qaoa:22:05931ed98fa2bb59,ok,,qaoa,22,8,float64,42,128,2,32,2,1,1.0,rotation,rotation,22,22,compact:L1R0W0-L1R0W0-L1R0W0-L1R0W0-L1R0W0-L1R0W0-L1R0W0-L1R0W0-L1R0W0-L1R0W0-L1R0W0-L1R0W0-L1R0W0-L1R0W0-L1R0W0-L1R0W0-L1R0W0-L1R0W0-L1R0W0-L1R0W0-L1R0W0-L1R0W0,compact:L1R0W0-L1R0W0-L1R0W0-L1R0W0-L1R0W0-L1R0W0-L1R0W0-L1R0W0-L1R0W0-L1R0W0-L1R0W0-L1R0W0-L1R0W0-L1R0W0-L1R0W0-L1R0W0-L1R0W0-L1R0W0-L1R0W0-L1R0W0-L1R0W0-L1R0W0,,,split,optimized,3,3,3,68.89842,67.86971066666666,65.677083,69.033629,1.5514041880168536,13.839266666666667,0.15611033333333335,53.874333666666665,,,custom:libsad_search_7259903b8346c4.so,/home/rzzhang/sad_merged/sad/build/libsad_search_7259903b8346c4.so
2026-08-23T05:12:03.258454+00:00,20260823T050257,joint:qaoa:16:ba6439605e3bdd27,ok,,qaoa,16,8,float64,42,128,2,32,2,1,1.0,rotation,rotation,16,16,compact:L1R0W0-L1R0W0-L1R0W0-L1R0W0-L1R0W0-L1R0W0-L1R0W0-L1R0W0-L1R0W0-L1R0W0-L1R0W0-L1R0W0-L1R0W0-L1R0W0-L1R0W0-L1R0W0,compact:L1R0W0-L1R0W0-L1R0W0-L1R0W0-L1R0W0-L1R0W0-L1R0W0-L1R0W0-L1R0W0-L1R0W0-L1R0W0-L1R0W0-L1R0W0-L1R0W0-L1R0W0-L1R0W0,,,merged,optimized,5,3,5,1.648571,1.648388,1.6475460000000002,1.64956,0.0007447058479694638,0.77241,0.015614599999999998,0.8603634000000001,,,custom:libsad_search_5851e15f736f52.so,/home/rzzhang/sad_merged/sad/build/libsad_search_5851e15f736f52.so
2026-08-23T05:12:03.282261+00:00,20260823T050257,joint:qaoa:22:6df8fb8996a55bb6,ok,,qaoa,22,8,float64,42,32,2,32,2,1,0.25,rotation,rotation,8,8,compact:L3R0W0-L3R0W0-L3R0W0-L3R0W0-L3R0W0-L3R0W0-L2R0W0-L2R0W0,compact:L3R0W0-L3R0W0-L3R0W0-L3R0W0-L3R0W0-L3R0W0-L2R0W0-L2R0W0,,,merged,optimized,3,3,3,26.084298000000004,26.085618333333333,26.082203,26.090354,0.0034561211720014746,6.471672000000001,0.14528466666666667,19.46866166666667,,,custom:libsad_search_f9cdaf042a7bd6.so,/home/rzzhang/sad_merged/sad/build/libsad_search_f9cdaf042a7bd6.so
2026-08-23T05:12:03.461927+00:00,20260823T050257,joint:qaoa:22:fe6ddcdf003cda73,ok,,qaoa,22,8,float64,42,64,2,64,2,1,0.0,legacy,legacy,0,0,,,,,not_applicable,legacy-generic,3,3,3,25.922401,25.923469666666666,25.920418,25.927590000000002,0.003023897301313519,6.228431333333333,0.147869,19.547169333333333,,,custom:libsad_search_5a6ce94d125b8e.so,/home/rzzhang/sad_merged/sad/build/libsad_search_5a6ce94d125b8e.so
2026-08-23T05:12:03.640231+00:00,20260823T050257,joint:qaoa:14:1352fa2c792b29b8,ok,,qaoa,14,8,float64,42,32,2,32,2,2,0.5,rotation,rotation,8,8,compact:L2R0W0-L2R0W0-L2R0W0-L2R0W0-L2R0W0-L2R0W0-L1R0W0-L1R0W0,compact:L2R0W0-L2R0W0-L2R0W0-L2R0W0-L2R0W0-L2R0W0-L1R0W0-L1R0W0,,,merged,optimized,10,3,10,0.740356,0.7407248,0.7402089999999999,0.7423320000000001,0.0006830580941618816,0.32051490000000005,0.015449899999999999,0.40476,,,custom:libsad_search_dcff342f285260.so,/home/rzzhang/sad_merged/sad/build/libsad_search_dcff342f285260.so
2026-08-23T05:12:03.660359+00:00,20260823T050257,joint:qaoa:4:c10dbe87d726ebb9,ok,,qaoa,4,8,float64,42,32,2,128,2,2,1.0,rotation,rotation,4,4,compact:L1R0W0-L1R0W0-L1R0W0-L1R0W0,compact:L1R0W0-L1R0W0-L1R0W0-L1R0W0,,,merged,optimized,20,3,20,0.2702525,0.267687,0.262069,0.270391,0.00347060948537861,0.0991124,0.0154771,0.1530975,,,custom:libsad_search_fce412939d20fb.so,/home/rzzhang/sad_merged/sad/build/libsad_search_fce412939d20fb.so
2026-08-23T05:12:03.676826+00:00,20260823T050257,joint:qaoa:12:0b711d1fa342ab32,ok,,qaoa,12,8,float64,42,32,2,128,2,1,0.0,rotation,rotation,2,2,compact:L5R1W0-L5R1W0,compact:L5R1W0-L5R1W0,,,merged,optimized,10,3,10,0.3963655,0.3967536,0.396122,0.398303,0.000712218533878488,0.0986364,0.0154037,0.28271350000000006,,,custom:libsad_search_2a8327787a9aac.so,/home/rzzhang/sad_merged/sad/build/libsad_search_2a8327787a9aac.so
2026-08-23T05:12:03.692292+00:00,20260823T050257,joint:qaoa:14:3d198fedd9f29a59,ok,,qaoa,14,8,float64,42,32,2,128,2,2,0.0,rotation,rotation,2,2,compact:L5R2W0-L5R2W0,compact:L5R2W0-L5R2W0,,,merged,optimized,10,3,10,0.437265,0.4377152000000001,0.437116,0.439356,0.0006867234960302413,0.10791390000000001,0.0153592,0.3144421,,,custom:libsad_search_fce412939d20fb.so,/home/rzzhang/sad_merged/sad/build/libsad_search_fce412939d20fb.so
2026-08-23T05:12:03.707984+00:00,20260823T050257,joint:qaoa:12:2aa349f4e2a96310,ok,,qaoa,12,8,float64,42,32,2,128,2,1,0.25,rotation,rotation,4,4,compact:L3R0W0-L3R0W0-L3R0W0-L3R0W0,compact:L3R0W0-L3R0W0-L3R0W0-L3R0W0,,,split,optimized,10,3,10,0.533469,0.5349707,0.5333910000000001,0.5414549999999999,0.0030045509830921267,0.1646136,0.015562399999999999,0.35479469999999996,,,custom:libsad_search_0e4f539ceca897.so,/home/rzzhang/sad_merged/sad/build/libsad_search_0e4f539ceca897.so
2026-08-23T05:12:03.725191+00:00,20260823T050257,joint:qaoa:10:bbd93a4e56c00af8,ok,,qaoa,10,8,float64,42,128,2,32,2,2,1.0,rotation,rotation,10,10,compact:L1R0W0-L1R0W0-L1R0W0-L1R0W0-L1R0W0-L1R0W0-L1R0W0-L1R0W0-L1R0W0-L1R0W0,compact:L1R0W0-L1R0W0-L1R0W0-L1R0W0-L1R0W0-L1R0W0-L1R0W0-L1R0W0-L1R0W0-L1R0W0,,,merged,optimized,10,3,10,0.7822715,0.7803388,0.774953,0.783236,0.003417273293138859,0.3819674,0.0153419,0.3830295,,,custom:libsad_search_d014591f51543a.so,/home/rzzhang/sad_merged/sad/build/libsad_search_d014591f51543a.so
2026-08-23T05:12:03.745898+00:00,20260823T050257,joint:qaoa:24:01ea043d6cc4398c,ok,,qaoa,24,8,float64,42,128,2,128,2,2,0.75,rotation,rotation,19,19,compact:L2R0W0-L2R0W0-L2R0W0-L2R0W0-L2R0W0-L1R0W0-L1R0W0-L1R0W0-L1R0W0-L1R0W0-L1R0W0-L1R0W0-L1R0W0-L1R0W0-L1R0W0-L1R0W0-L1R0W0-L1R0W0-L1R0W0,compact:L2R0W0-L2R0W0-L2R0W0-L2R0W0-L2R0W0-L1R0W0-L1R0W0-L1R0W0-L1R0W0-L1R0W0-L1R0W0-L1R0W0-L1R0W0-L1R0W0-L1R0W0-L1R0W0-L1R0W0-L1R0W0-L1R0W0,,,split,optimized,3,3,3,270.95475899999997,270.98068599999993,270.92306899999994,271.06423,0.06047458957835096,90.39854066666668,0.6404820000000001,179.94166333333337,,,custom:libsad_search_d02bea87aa5c56.so,/home/rzzhang/sad_merged/sad/build/libsad_search_d02bea87aa5c56.so
2026-08-23T05:12:05.397895+00:00,20260823T050257,joint:qaoa:6:0f481f3fc98a56e0,ok,,qaoa,6,8,float64,42,32,2,128,2,1,0.0,legacy,legacy,0,0,,,,,not_applicable,legacy-generic,20,3,20,0.193984,0.19405735,0.19341999999999998,0.195568,0.0006139420392023986,0.051790949999999995,0.015313849999999999,0.12695255,,,custom:libsad_search_ada51c8f4b2976.so,/home/rzzhang/sad_merged/sad/build/libsad_search_ada51c8f4b2976.so
2026-08-23T05:12:05.412675+00:00,20260823T050257,joint:qaoa:20:4c0f4e70544a8b2e,ok,,qaoa,20,8,float64,42,64,2,64,2,1,0.0,rotation,rotation,3,3,compact:L5R2W0-L5R2W0-L5R1W0,compact:L5R2W0-L5R2W0-L5R1W0,,,merged,optimized,5,3,5,5.469065,5.4603052,5.353376,5.562290999999999,0.09283321793065234,1.3835629999999999,0.040117,4.0366252,,,custom:libsad_search_7e5293342e215a.so,/home/rzzhang/sad_merged/sad/build/libsad_search_7e5293342e215a.so
2026-08-23T05:12:05.467047+00:00,20260823T050257,joint:qaoa:22:ea8b959eb0a5a98d,ok,,qaoa,22,8,float64,42,32,2,128,2,2,1.0,rotation,rotation,22,22,compact:L1R0W0-L1R0W0-L1R0W0-L1R0W0-L1R0W0-L1R0W0-L1R0W0-L1R0W0-L1R0W0-L1R0W0-L1R0W0-L1R0W0-L1R0W0-L1R0W0-L1R0W0-L1R0W0-L1R0W0-L1R0W0-L1R0W0-L1R0W0-L1R0W0-L1R0W0,compact:L1R0W0-L1R0W0-L1R0W0-L1R0W0-L1R0W0-L1R0W0-L1R0W0-L1R0W0-L1R0W0-L1R0W0-L1R0W0-L1R0W0-L1R0W0-L1R0W0-L1R0W0-L1R0W0-L1R0W0-L1R0W0-L1R0W0-L1R0W0-L1R0W0-L1R0W0,,,merged,optimized,3,3,3,65.78959499999999,65.78776166666667,65.746734,65.826956,0.03277614126498113,13.152241666666667,0.14845433333333333,52.487065666666666,,,custom:libsad_search_fce412939d20fb.so,/home/rzzhang/sad_merged/sad/build/libsad_search_fce412939d20fb.so
2026-08-23T05:12:05.884764+00:00,20260823T050257,joint:qaoa:20:5c0207c8cb2821a0,ok,,qaoa,20,8,float64,42,128,2,128,2,1,1.0,rotation,rotation,20,20,compact:L1R0W0-L1R0W0-L1R0W0-L1R0W0-L1R0W0-L1R0W0-L1R0W0-L1R0W0-L1R0W0-L1R0W0-L1R0W0-L1R0W0-L1R0W0-L1R0W0-L1R0W0-L1R0W0-L1R0W0-L1R0W0-L1R0W0-L1R0W0,compact:L1R0W0-L1R0W0-L1R0W0-L1R0W0-L1R0W0-L1R0W0-L1R0W0-L1R0W0-L1R0W0-L1R0W0-L1R0W0-L1R0W0-L1R0W0-L1R0W0-L1R0W0-L1R0W0-L1R0W0-L1R0W0-L1R0W0-L1R0W0,,,merged,optimized,5,3,5,8.448007,8.448955999999999,8.442816,8.455021,0.004203303748243932,3.1182218,0.039926,5.2908082,,,custom:libsad_search_8fbfac92ec4bef.so,/home/rzzhang/sad_merged/sad/build/libsad_search_8fbfac92ec4bef.so
2026-08-23T05:12:05.963644+00:00,20260823T050257,joint:qaoa:6:c18b7c93034f7b2b,ok,,qaoa,6,8,float64,42,128,2,128,2,2,0.75,rotation,rotation,5,5,compact:L2R0W0-L1R0W0-L1R0W0-L1R0W0-L1R0W0,compact:L2R0W0-L1R0W0-L1R0W0-L1R0W0-L1R0W0,,,merged,optimized,20,3,20,0.36552450000000003,0.3654718,0.36449,0.36569100000000004,0.00023598953366622908,0.1463782,0.01534045,0.20375315000000002,,,custom:libsad_search_b969ada61d8a74.so,/home/rzzhang/sad_merged/sad/build/libsad_search_b969ada61d8a74.so
2026-08-23T05:12:05.982214+00:00,20260823T050257,joint:qaoa:24:fdd664d05d5fe8c4,ok,,qaoa,24,8,float64,42,64,2,64,2,2,0.25,rotation,rotation,8,8,compact:L3R0W0-L3R0W0-L3R0W0-L3R0W0-L3R0W0-L3R0W0-L3R0W0-L3R0W0,compact:L3R0W0-L3R0W0-L3R0W0-L3R0W0-L3R0W0-L3R0W0-L3R0W0-L3R0W0,,,merged,optimized,3,3,3,116.529445,116.54033833333334,116.49689699999999,116.59467300000001,0.040653290783851714,38.03267033333333,0.626954,77.880714,,,custom:libsad_search_97eec9f2a848ec.so,/home/rzzhang/sad_merged/sad/build/libsad_search_97eec9f2a848ec.so
2026-08-23T05:12:06.708291+00:00,20260823T050257,joint:qaoa:14:3d540f3406318276,ok,,qaoa,14,8,float64,42,128,2,32,2,2,1.0,rotation,rotation,14,14,compact:L1R0W0-L1R0W0-L1R0W0-L1R0W0-L1R0W0-L1R0W0-L1R0W0-L1R0W0-L1R0W0-L1R0W0-L1R0W0-L1R0W0-L1R0W0-L1R0W0,compact:L1R0W0-L1R0W0-L1R0W0-L1R0W0-L1R0W0-L1R0W0-L1R0W0-L1R0W0-L1R0W0-L1R0W0-L1R0W0-L1R0W0-L1R0W0-L1R0W0,,,split,optimized,10,3,10,1.199584,1.201305,1.197086,1.207196,0.00374328436002394,0.6069889,0.0156598,0.5786563,,,custom:libsad_search_3b115211f38255.so,/home/rzzhang/sad_merged/sad/build/libsad_search_3b115211f38255.so
2026-08-23T05:12:06.734674+00:00,20260823T050257,joint:qaoa:12:4d856d077847a522,ok,,qaoa,12,8,float64,42,32,2,32,2,1,0.0,legacy,legacy,0,0,,,,,not_applicable,legacy-generic,10,3,10,0.284632,0.2848379,0.28453300000000004,0.285742,0.00044431215378380365,0.10254719999999999,0.015401099999999997,0.1668896,,,custom:libsad_search_06042376d3c545.so,/home/rzzhang/sad_merged/sad/build/libsad_search_06042376d3c545.so
2026-08-23T05:12:06.748502+00:00,20260823T050257,joint:qaoa:4:23ee74ae6753ee75,ok,,qaoa,4,8,float64,42,32,2,128,2,2,0.0,rotation,rotation,1,1,compact:L4R0W0,compact:L4R0W0,,,merged,optimized,20,3,20,0.13821499999999998,0.13833905,0.13780699999999999,0.141548,0.0007538470982235096,0.035762600000000005,0.0154029,0.08717355,,,custom:libsad_search_fce412939d20fb.so,/home/rzzhang/sad_merged/sad/build/libsad_search_fce412939d20fb.so
2026-08-23T05:12:06.761520+00:00,20260823T050257,joint:qaoa:14:4d63923b17e065ee,ok,,qaoa,14,8,float64,42,128,2,32,2,1,0.75,rotation,rotation,11,11,compact:L2R0W0-L2R0W0-L2R0W0-L1R0W0-L1R0W0-L1R0W0-L1R0W0-L1R0W0-L1R0W0-L1R0W0-L1R0W0,compact:L2R0W0-L2R0W0-L2R0W0-L1R0W0-L1R0W0-L1R0W0-L1R0W0-L1R0W0-L1R0W0-L1R0W0-L1R0W0,,,split,optimized,10,3,10,0.987088,0.9871966999999999,0.986102,0.988142,0.0007220062395852216,0.4911243,0.0155589,0.48051350000000004,,,custom:libsad_search_7259903b8346c4.so,/home/rzzhang/sad_merged/sad/build/libsad_search_7259903b8346c4.so
2026-08-23T05:12:06.784532+00:00,20260823T050257,joint:qaoa:14:36724bde2a34b14c,ok,,qaoa,14,8,float64,42,128,2,128,2,2,0.75,rotation,rotation,11,11,compact:L2R0W0-L2R0W0-L2R0W0-L1R0W0-L1R0W0-L1R0W0-L1R0W0-L1R0W0-L1R0W0-L1R0W0-L1R0W0,compact:L2R0W0-L2R0W0-L2R0W0-L1R0W0-L1R0W0-L1R0W0-L1R0W0-L1R0W0-L1R0W0-L1R0W0-L1R0W0,,,split,optimized,10,3,10,1.1344839999999998,1.1335194,1.128363,1.1346189999999998,0.0018491481390088532,0.49017370000000005,0.015616800000000002,0.6277289,,,custom:libsad_search_d02bea87aa5c56.so,/home/rzzhang/sad_merged/sad/build/libsad_search_d02bea87aa5c56.so
2026-08-23T05:12:06.809370+00:00,20260823T050257,joint:qaoa:10:e09a6f2005e5acdf,ok,,qaoa,10,8,float64,42,128,2,32,2,2,0.25,rotation,rotation,4,4,compact:L3R0W0-L3R0W0-L2R0W0-L2R0W0,compact:L3R0W0-L3R0W0-L2R0W0-L2R0W0,,,split,optimized,10,3,10,0.388728,0.3887739,0.387087,0.390048,0.0009512092777091727,0.17573129999999998,0.015370899999999998,0.19767169999999998,,,custom:libsad_search_3b115211f38255.so,/home/rzzhang/sad_merged/sad/build/libsad_search_3b115211f38255.so
2026-08-23T05:12:06.824345+00:00,20260823T050257,joint:qaoa:4:29fbd9defe82623b,ok,,qaoa,4,8,float64,42,32,2,128,2,2,0.25,rotation,rotation,2,2,compact:L2R0W0-L2R0W0,compact:L2R0W0-L2R0W0,,,split,optimized,20,3,20,0.180312,0.18072665000000002,0.180013,0.18224800000000002,0.0006676514266441783,0.05570875,0.0152432,0.1097747,,,custom:libsad_search_2a0e4369743c84.so,/home/rzzhang/sad_merged/sad/build/libsad_search_2a0e4369743c84.so
2026-08-23T05:12:06.838540+00:00,20260823T050257,joint:qaoa:10:571992767a546b1e,ok,,qaoa,10,8,float64,42,64,2,64,2,2,0.25,rotation,rotation,4,4,compact:L3R0W0-L3R0W0-L2R0W0-L2R0W0,compact:L3R0W0-L3R0W0-L2R0W0-L2R0W0,,,split,optimized,10,3,10,0.410558,0.4046723,0.383959,0.411616,0.010354807637517944,0.1556872,0.015333000000000001,0.23365209999999997,,,custom:libsad_search_20c37ff249ec0a.so,/home/rzzhang/sad_merged/sad/build/libsad_search_20c37ff249ec0a.so
2026-08-23T05:12:06.853794+00:00,20260823T050257,joint:qaoa:10:2453f414d037bdb7,ok,,qaoa,10,8,float64,42,128,2,32,2,2,0.75,rotation,rotation,8,8,compact:L2R0W0-L2R0W0-L1R0W0-L1R0W0-L1R0W0-L1R0W0-L1R0W0-L1R0W0,compact:L2R0W0-L2R0W0-L1R0W0-L1R0W0-L1R0W0-L1R0W0-L1R0W0-L1R0W0,,,split,optimized,10,3,10,0.669692,0.6698696,0.6685880000000001,0.670783,0.0007957156778648697,0.3231421,0.015585600000000002,0.3311419,,,custom:libsad_search_3b115211f38255.so,/home/rzzhang/sad_merged/sad/build/libsad_search_3b115211f38255.so
2026-08-23T05:12:06.872618+00:00,20260823T050257,joint:qaoa:22:9beb2fea2a4a6b54,ok,,qaoa,22,8,float64,42,64,2,64,2,1,1.0,rotation,rotation,22,22,compact:L1R0W0-L1R0W0-L1R0W0-L1R0W0-L1R0W0-L1R0W0-L1R0W0-L1R0W0-L1R0W0-L1R0W0-L1R0W0-L1R0W0-L1R0W0-L1R0W0-L1R0W0-L1R0W0-L1R0W0-L1R0W0-L1R0W0-L1R0W0-L1R0W0-L1R0W0,compact:L1R0W0-L1R0W0-L1R0W0-L1R0W0-L1R0W0-L1R0W0-L1R0W0-L1R0W0-L1R0W0-L1R0W0-L1R0W0-L1R0W0-L1R0W0-L1R0W0-L1R0W0-L1R0W0-L1R0W0-L1R0W0-L1R0W0-L1R0W0-L1R0W0-L1R0W0,,,merged,optimized,3,3,3,66.02109300000001,66.06385633333333,66.016098,66.154378,0.06404095881195879,13.318226666666668,0.14853566666666665,52.597094000000006,,,custom:libsad_search_7e5293342e215a.so,/home/rzzhang/sad_merged/sad/build/libsad_search_7e5293342e215a.so
2026-08-23T05:12:07.292863+00:00,20260823T050257,joint:qaoa:12:872f3622469232e0,ok,,qaoa,12,8,float64,42,128,2,32,2,1,0.75,rotation,rotation,10,10,compact:L2R0W0-L2R0W0-L1R0W0-L1R0W0-L1R0W0-L1R0W0-L1R0W0-L1R0W0-L1R0W0-L1R0W0,compact:L2R0W0-L2R0W0-L1R0W0-L1R0W0-L1R0W0-L1R0W0-L1R0W0-L1R0W0-L1R0W0-L1R0W0,,,split,optimized,10,3,10,0.837989,0.8374893999999999,0.8313590000000001,0.838924,0.002109819148647552,0.4141583,0.015404799999999998,0.40792629999999996,,,custom:libsad_search_7259903b8346c4.so,/home/rzzhang/sad_merged/sad/build/libsad_search_7259903b8346c4.so
2026-08-23T05:12:07.313881+00:00,20260823T050257,joint:qaoa:10:a93abe61ec636986,ok,,qaoa,10,8,float64,42,128,2,128,2,1,0.5,rotation,rotation,6,6,compact:L2R0W0-L2R0W0-L2R0W0-L2R0W0-L1R0W0-L1R0W0,compact:L2R0W0-L2R0W0-L2R0W0-L2R0W0-L1R0W0-L1R0W0,,,split,optimized,10,3,10,0.6062080000000001,0.6060481999999999,0.6020949999999999,0.607381,0.0014070635237969974,0.24036880000000002,0.015463200000000002,0.3502162,,,custom:libsad_search_9361435758c99d.so,/home/rzzhang/sad_merged/sad/build/libsad_search_9361435758c99d.so
2026-08-23T05:12:07.332037+00:00,20260823T050257,joint:qaoa:22:3a1cfdd4872451e5,ok,,qaoa,22,8,float64,42,32,2,128,2,1,0.0,rotation,rotation,4,3,compact:L5R1W0-L5R1W0-L5R0W0-L5R0W0,compact:L5R2W1-L5R2W0-L5R2W0,,,split,optimized,3,3,3,24.912732,24.86291233333333,24.275854,25.400151,0.46034221722709323,6.251017333333333,0.145386,18.466509000000002,,,custom:libsad_search_0e4f539ceca897.so,/home/rzzhang/sad_merged/sad/build/libsad_search_0e4f539ceca897.so
2026-08-23T05:12:07.502434+00:00,20260823T050257,joint:qaoa:28:12890e283faf4e0e,ok,,qaoa,28,8,float64,42,64,2,64,2,2,1.0,rotation,rotation,28,28,compact:L1R0W0-L1R0W0-L1R0W0-L1R0W0-L1R0W0-L1R0W0-L1R0W0-L1R0W0-L1R0W0-L1R0W0-L1R0W0-L1R0W0-L1R0W0-L1R0W0-L1R0W0-L1R0W0-L1R0W0-L1R0W0-L1R0W0-L1R0W0-L1R0W0-L1R0W0-L1R0W0-L1R0W0-L1R0W0-L1R0W0-L1R0W0-L1R0W0,compact:L1R0W0-L1R0W0-L1R0W0-L1R0W0-L1R0W0-L1R0W0-L1R0W0-L1R0W0-L1R0W0-L1R0W0-L1R0W0-L1R0W0-L1R0W0-L1R0W0-L1R0W0-L1R0W0-L1R0W0-L1R0W0-L1R0W0-L1R0W0-L1R0W0-L1R0W0-L1R0W0-L1R0W0-L1R0W0-L1R0W0-L1R0W0-L1R0W0,,,split,optimized,2,3,2,6341.010683500001,6341.010683500001,6340.767533,6341.253834,0.24315049999995608,2105.617983,9.9805825,4225.412118,,,custom:libsad_search_20c37ff249ec0a.so,/home/rzzhang/sad_merged/sad/build/libsad_search_20c37ff249ec0a.so
2026-08-23T05:12:39.230092+00:00,20260823T050257,joint:qaoa:26:3fcc5fb7dfffc5bb,ok,,qaoa,26,8,float64,42,128,2,128,2,1,0.5,rotation,rotation,14,14,compact:L2R0W0-L2R0W0-L2R0W0-L2R0W0-L2R0W0-L2R0W0-L2R0W0-L2R0W0-L2R0W0-L2R0W0-L2R0W0-L2R0W0-L1R0W0-L1R0W0,compact:L2R0W0-L2R0W0-L2R0W0-L2R0W0-L2R0W0-L2R0W0-L2R0W0-L2R0W0-L2R0W0-L2R0W0-L2R0W0-L2R0W0-L1R0W0-L1R0W0,,,merged,optimized,2,3,2,797.1810284999999,797.1810284999999,797.073323,797.2887339999999,0.10770549999995183,264.893281,2.5044005,529.7833469999999,,,custom:libsad_search_8fbfac92ec4bef.so,/home/rzzhang/sad_merged/sad/build/libsad_search_8fbfac92ec4bef.so
2026-08-23T05:12:43.273174+00:00,20260823T050257,joint:qaoa:6:59b03ae2c6c4fead,ok,,qaoa,6,8,float64,42,128,2,32,2,1,0.0,rotation,rotation,1,1,compact:L5R1W0,compact:L5R1W0,,,merged,optimized,20,3,20,0.1454455,0.14547485,0.14138900000000001,0.147389,0.0011297309978485978,0.0512318,0.0151771,0.07906595,,,custom:libsad_search_5851e15f736f52.so,/home/rzzhang/sad_merged/sad/build/libsad_search_5851e15f736f52.so
2026-08-23T05:12:43.292776+00:00,20260823T050257,joint:qaoa:22:fb21f864f1f4bb10,ok,,qaoa,22,8,float64,42,64,2,64,2,2,1.0,rotation,rotation,22,22,compact:L1R0W0-L1R0W0-L1R0W0-L1R0W0-L1R0W0-L1R0W0-L1R0W0-L1R0W0-L1R0W0-L1R0W0-L1R0W0-L1R0W0-L1R0W0-L1R0W0-L1R0W0-L1R0W0-L1R0W0-L1R0W0-L1R0W0-L1R0W0-L1R0W0-L1R0W0,compact:L1R0W0-L1R0W0-L1R0W0-L1R0W0-L1R0W0-L1R0W0-L1R0W0-L1R0W0-L1R0W0-L1R0W0-L1R0W0-L1R0W0-L1R0W0-L1R0W0-L1R0W0-L1R0W0-L1R0W0-L1R0W0-L1R0W0-L1R0W0-L1R0W0-L1R0W0,,,merged,optimized,3,3,3,65.69356499999999,65.69311933333334,65.67187,65.71392300000001,0.017170957386112486,13.144381666666668,0.150864,52.39787366666667,,,custom:libsad_search_97eec9f2a848ec.so,/home/rzzhang/sad_merged/sad/build/libsad_search_97eec9f2a848ec.so
2026-08-23T05:12:43.718603+00:00,20260823T050257,joint:qaoa:28:a89a39ac6cd93900,ok,,qaoa,28,8,float64,42,64,2,64,2,1,0.5,rotation,rotation,16,16,compact:L2R0W0-L2R0W0-L2R0W0-L2R0W0-L2R0W0-L2R0W0-L2R0W0-L2R0W0-L2R0W0-L2R0W0-L2R0W0-L2R0W0-L1R0W0-L1R0W0-L1R0W0-L1R0W0,compact:L2R0W0-L2R0W0-L2R0W0-L2R0W0-L2R0W0-L2R0W0-L2R0W0-L2R0W0-L2R0W0-L2R0W0-L2R0W0-L2R0W0-L1R0W0-L1R0W0-L1R0W0-L1R0W0,,,split,optimized,2,3,2,3635.8602415,3635.8602415,3635.7385139999997,3635.9819690000004,0.12172750000036103,1206.9559135000002,9.9794515,2418.9248765,,,custom:libsad_search_7ec063ebc99501.so,/home/rzzhang/sad_merged/sad/build/libsad_search_7ec063ebc99501.so
2026-08-23T05:13:01.926371+00:00,20260823T050257,joint:qaoa:16:9321f1245b84fd75,ok,,qaoa,16,8,float64,42,32,2,128,2,1,1.0,rotation,rotation,16,16,compact:L1R0W0-L1R0W0-L1R0W0-L1R0W0-L1R0W0-L1R0W0-L1R0W0-L1R0W0-L1R0W0-L1R0W0-L1R0W0-L1R0W0-L1R0W0-L1R0W0-L1R0W0-L1R0W0,compact:L1R0W0-L1R0W0-L1R0W0-L1R0W0-L1R0W0-L1R0W0-L1R0W0-L1R0W0-L1R0W0-L1R0W0-L1R0W0-L1R0W0-L1R0W0-L1R0W0-L1R0W0-L1R0W0,,,merged,optimized,5,3,5,1.679218,1.6801078,1.6773230000000001,1.6857490000000002,0.0029098024262826433,0.6962763999999999,0.016090399999999998,0.9677410000000001,,,custom:libsad_search_2a8327787a9aac.so,/home/rzzhang/sad_merged/sad/build/libsad_search_2a8327787a9aac.so
2026-08-23T05:13:01.958955+00:00,20260823T050257,joint:qaoa:18:3cbb84ef1eb1dcf6,ok,,qaoa,18,8,float64,42,128,2,128,2,1,0.75,rotation,rotation,14,14,compact:L2R0W0-L2R0W0-L2R0W0-L2R0W0-L1R0W0-L1R0W0-L1R0W0-L1R0W0-L1R0W0-L1R0W0-L1R0W0-L1R0W0-L1R0W0-L1R0W0,compact:L2R0W0-L2R0W0-L2R0W0-L2R0W0-L1R0W0-L1R0W0-L1R0W0-L1R0W0-L1R0W0-L1R0W0-L1R0W0-L1R0W0-L1R0W0-L1R0W0,,,merged,optimized,5,3,5,2.7217700000000002,2.7217342,2.7206729999999997,2.722735,0.0006662796409918736,1.092969,0.015344800000000002,1.6134203999999999,,,custom:libsad_search_8fbfac92ec4bef.so,/home/rzzhang/sad_merged/sad/build/libsad_search_8fbfac92ec4bef.so
2026-08-23T05:13:02.003997+00:00,20260823T050257,joint:qaoa:26:1f027f94132f090f,ok,,qaoa,26,8,float64,42,32,2,128,2,1,0.0,legacy,legacy,0,0,,,,,not_applicable,legacy-generic,2,3,2,471.71551999999997,471.71551999999997,471.69861299999997,471.73242700000003,0.016907000000031758,122.2230005,2.4922894999999996,347.00023000000004,,,custom:libsad_search_ada51c8f4b2976.so,/home/rzzhang/sad_merged/sad/build/libsad_search_ada51c8f4b2976.so
2026-08-23T05:13:04.401451+00:00,20260823T050257,joint:qaoa:24:85caa442f496e566,ok,,qaoa,24,8,float64,42,64,2,64,2,2,0.75,rotation,rotation,19,19,compact:L2R0W0-L2R0W0-L2R0W0-L2R0W0-L2R0W0-L1R0W0-L1R0W0-L1R0W0-L1R0W0-L1R0W0-L1R0W0-L1R0W0-L1R0W0-L1R0W0-L1R0W0-L1R0W0-L1R0W0-L1R0W0-L1R0W0,compact:L2R0W0-L2R0W0-L2R0W0-L2R0W0-L2R0W0-L1R0W0-L1R0W0-L1R0W0-L1R0W0-L1R0W0-L1R0W0-L1R0W0-L1R0W0-L1R0W0-L1R0W0-L1R0W0-L1R0W0-L1R0W0-L1R0W0,,,split,optimized,3,3,3,271.12987599999997,271.09127566666666,270.96484100000004,271.17911,0.09163438361345178,90.372353,0.643526,180.0753966666667,,,custom:libsad_search_20c37ff249ec0a.so,/home/rzzhang/sad_merged/sad/build/libsad_search_20c37ff249ec0a.so
2026-08-23T05:13:06.066074+00:00,20260823T050257,joint:qaoa:18:37cd026bd61c4587,ok,,qaoa,18,8,float64,42,128,2,128,2,1,0.0,legacy,legacy,0,0,,,,,not_applicable,legacy-generic,5,3,5,1.485885,1.4863918,1.485665,1.4878489999999998,0.0008423000415527975,0.4110176,0.0153794,1.0599948,,,custom:libsad_search_78e231cd0d5107.so,/home/rzzhang/sad_merged/sad/build/libsad_search_78e231cd0d5107.so
2026-08-23T05:13:06.089031+00:00,20260823T050257,joint:qaoa:8:1ba5cf89cba6c0b8,ok,,qaoa,8,8,float64,42,128,2,128,2,1,0.75,rotation,rotation,6,6,compact:L2R0W0-L2R0W0-L1R0W0-L1R0W0-L1R0W0-L1R0W0,compact:L2R0W0-L2R0W0-L1R0W0-L1R0W0-L1R0W0-L1R0W0,,,split,optimized,20,3,20,0.5037415000000001,0.5039583,0.502752,0.5068590000000001,0.0008909428208364647,0.20340665,0.015411900000000001,0.28513974999999997,,,custom:libsad_search_9361435758c99d.so,/home/rzzhang/sad_merged/sad/build/libsad_search_9361435758c99d.so
2026-08-23T05:13:06.110862+00:00,20260823T050257,joint:qaoa:18:09018a5f9fc900d1,ok,,qaoa,18,8,float64,42,32,2,128,2,1,0.0,rotation,rotation,3,2,compact:L5R1W0-L5R1W0-L5R1W0,compact:L5R2W2-L5R2W2,,,merged,optimized,5,3,5,1.512367,1.5119998000000001,1.5113800000000002,1.512469,0.0004952330360547312,0.46070099999999997,0.015298199999999998,1.0360006,,,custom:libsad_search_2a8327787a9aac.so,/home/rzzhang/sad_merged/sad/build/libsad_search_2a8327787a9aac.so
2026-08-23T05:13:06.133185+00:00,20260823T050257,joint:qaoa:4:606e9f3571cf7d76,ok,,qaoa,4,8,float64,42,128,2,128,2,2,1.0,rotation,rotation,4,4,compact:L1R0W0-L1R0W0-L1R0W0-L1R0W0,compact:L1R0W0-L1R0W0-L1R0W0-L1R0W0,,,split,optimized,20,3,20,0.2601195,0.26101030000000003,0.259946,0.26811900000000005,0.0022407672592217277,0.10461820000000001,0.015378649999999999,0.14101345,,,custom:libsad_search_d02bea87aa5c56.so,/home/rzzhang/sad_merged/sad/build/libsad_search_d02bea87aa5c56.so
2026-08-23T05:13:06.149285+00:00,20260823T050257,joint:qaoa:10:26f05194ce6b0fcb,ok,,qaoa,10,8,float64,42,32,2,128,2,2,0.25,rotation,rotation,4,4,compact:L3R0W0-L3R0W0-L2R0W0-L2R0W0,compact:L3R0W0-L3R0W0-L2R0W0-L2R0W0,,,split,optimized,10,3,10,0.44532700000000003,0.4450948,0.44434599999999996,0.445527,0.0004723629536701641,0.14275600000000002,0.0154036,0.2869352,,,custom:libsad_search_2a0e4369743c84.so,/home/rzzhang/sad_merged/sad/build/libsad_search_2a0e4369743c84.so
2026-08-23T05:13:06.165255+00:00,20260823T050257,joint:qaoa:14:dd52c0361d0c4e33,ok,,qaoa,14,8,float64,42,32,2,128,2,1,1.0,rotation,rotation,14,14,compact:L1R0W0-L1R0W0-L1R0W0-L1R0W0-L1R0W0-L1R0W0-L1R0W0-L1R0W0-L1R0W0-L1R0W0-L1R0W0-L1R0W0-L1R0W0-L1R0W0,compact:L1R0W0-L1R0W0-L1R0W0-L1R0W0-L1R0W0-L1R0W0-L1R0W0-L1R0W0-L1R0W0-L1R0W0-L1R0W0-L1R0W0-L1R0W0-L1R0W0,,,split,optimized,10,3,10,1.2646264999999999,1.2650119,1.263573,1.2665060000000001,0.0007991230756272666,0.5107773999999999,0.015477700000000002,0.7387568,,,custom:libsad_search_0e4f539ceca897.so,/home/rzzhang/sad_merged/sad/build/libsad_search_0e4f539ceca897.so
2026-08-23T05:13:06.191836+00:00,20260823T050257,joint:qaoa:26:8e1c6a1c2fc42d4e,ok,,qaoa,26,8,float64,42,128,2,128,2,2,0.0,rotation,rotation,3,3,compact:L5R2W2-L5R2W2-L5R2W1,compact:L5R2W2-L5R2W2-L5R2W1,,,split,optimized,2,3,2,412.599343,412.599343,412.29416799999996,412.904518,0.30517500000001974,97.268201,2.4798885,312.8512535,,,custom:libsad_search_d02bea87aa5c56.so,/home/rzzhang/sad_merged/sad/build/libsad_search_d02bea87aa5c56.so
2026-08-23T05:13:08.291185+00:00,20260823T050257,joint:qaoa:20:f67d5db8a9bcf6d0,ok,,qaoa,20,8,float64,42,128,2,128,2,2,0.0,rotation,rotation,3,3,compact:L5R2W0-L5R2W0-L5R1W0,compact:L5R2W0-L5R2W0-L5R1W0,,,split,optimized,5,3,5,5.44653,5.444762,5.438542999999999,5.449789,0.004158923177939506,1.3586934,0.0403776,4.045691,,,custom:libsad_search_d02bea87aa5c56.so,/home/rzzhang/sad_merged/sad/build/libsad_search_d02bea87aa5c56.so
2026-08-23T05:13:08.353720+00:00,20260823T050257,joint:qaoa:12:1b79c38ea9014361,ok,,qaoa,12,8,float64,42,32,2,32,2,1,0.5,rotation,rotation,7,7,compact:L2R0W0-L2R0W0-L2R0W0-L2R0W0-L2R0W0-L1R0W0-L1R0W0,compact:L2R0W0-L2R0W0-L2R0W0-L2R0W0-L2R0W0-L1R0W0-L1R0W0,,,merged,optimized,10,3,10,0.5826575,0.5830153,0.582484,0.5837019999999999,0.0005233054652876892,0.2516948,0.015514799999999999,0.3158057,,,custom:libsad_search_f9cdaf042a7bd6.so,/home/rzzhang/sad_merged/sad/build/libsad_search_f9cdaf042a7bd6.so
2026-08-23T05:13:08.371735+00:00,20260823T050257,joint:qaoa:4:80603e5b486ab76f,ok,,qaoa,4,8,float64,42,32,2,32,2,2,1.0,rotation,rotation,4,4,compact:L1R0W0-L1R0W0-L1R0W0-L1R0W0,compact:L1R0W0-L1R0W0-L1R0W0-L1R0W0,,,merged,optimized,20,3,20,0.2263055,0.2265336,0.22424499999999997,0.229336,0.000915021715589313,0.0954005,0.01506445,0.11606865,,,custom:libsad_search_dcff342f285260.so,/home/rzzhang/sad_merged/sad/build/libsad_search_dcff342f285260.so
2026-08-23T05:13:08.387028+00:00,20260823T050257,joint:qaoa:28:d2518620a60d92b5,ok,,qaoa,28,8,float64,42,128,2,32,2,1,0.0,legacy,legacy,0,0,,,,,not_applicable,legacy-generic,2,3,2,1980.142364,1980.142364,1979.80513,1980.4795980000001,0.3372340000000804,583.7422095,9.970792999999999,1386.4293615,,,custom:libsad_search_eaf59e83158800.so,/home/rzzhang/sad_merged/sad/build/libsad_search_eaf59e83158800.so
2026-08-23T05:13:18.322752+00:00,20260823T050257,joint:qaoa:12:cba773dc56fdc2fc,ok,,qaoa,12,8,float64,42,128,2,32,2,2,0.0,rotation,rotation,2,2,compact:L5R1W0-L5R1W0,compact:L5R1W0-L5R1W0,,,split,optimized,10,3,10,0.3010215,0.30101649999999996,0.300868,0.301086,5.436956869425349e-05,0.12571469999999998,0.015561700000000001,0.1597401,,,custom:libsad_search_3b115211f38255.so,/home/rzzhang/sad_merged/sad/build/libsad_search_3b115211f38255.so
2026-08-23T05:13:18.341720+00:00,20260823T050257,joint:qaoa:24:9ed04c093ae02657,ok,,qaoa,24,8,float64,42,32,2,128,2,1,0.75,rotation,rotation,19,19,compact:L2R0W0-L2R0W0-L2R0W0-L2R0W0-L2R0W0-L1R0W0-L1R0W0-L1R0W0-L1R0W0-L1R0W0-L1R0W0-L1R0W0-L1R0W0-L1R0W0-L1R0W0-L1R0W0-L1R0W0-L1R0W0-L1R0W0,compact:L2R0W0-L2R0W0-L2R0W0-L2R0W0-L2R0W0-L1R0W0-L1R0W0-L1R0W0-L1R0W0-L1R0W0-L1R0W0-L1R0W0-L1R0W0-L1R0W0-L1R0W0-L1R0W0-L1R0W0-L1R0W0-L1R0W0,,,merged,optimized,3,3,3,270.286518,270.29485666666665,270.273216,270.324836,0.02188311558155691,89.76036266666667,0.6416373333333333,179.89285666666666,,,custom:libsad_search_2a8327787a9aac.so,/home/rzzhang/sad_merged/sad/build/libsad_search_2a8327787a9aac.so
2026-08-23T05:13:20.016450+00:00,20260823T050257,joint:qaoa:10:77ae447e1ce061a8,ok,,qaoa,10,8,float64,42,128,2,32,2,1,0.25,rotation,rotation,4,4,compact:L3R0W0-L3R0W0-L2R0W0-L2R0W0,compact:L3R0W0-L3R0W0-L2R0W0-L2R0W0,,,split,optimized,10,3,10,0.3961795,0.3936818,0.38797699999999996,0.39937300000000003,0.00408808866831432,0.1764089,0.015318199999999999,0.20195470000000001,,,custom:libsad_search_7259903b8346c4.so,/home/rzzhang/sad_merged/sad/build/libsad_search_7259903b8346c4.so
2026-08-23T05:13:20.032195+00:00,20260823T050257,joint:qaoa:18:03080ee164bcf610,ok,,qaoa,18,8,float64,42,32,2,128,2,1,1.0,rotation,rotation,18,18,compact:L1R0W0-L1R0W0-L1R0W0-L1R0W0-L1R0W0-L1R0W0-L1R0W0-L1R0W0-L1R0W0-L1R0W0-L1R0W0-L1R0W0-L1R0W0-L1R0W0-L1R0W0-L1R0W0-L1R0W0-L1R0W0,compact:L1R0W0-L1R0W0-L1R0W0-L1R0W0-L1R0W0-L1R0W0-L1R0W0-L1R0W0-L1R0W0-L1R0W0-L1R0W0-L1R0W0-L1R0W0-L1R0W0-L1R0W0-L1R0W0-L1R0W0-L1R0W0,,,merged,optimized,5,3,5,3.035061,3.0373442,3.033134,3.0432829999999997,0.004099175692746041,1.2037088,0.0155618,1.8180736,,,custom:libsad_search_2a8327787a9aac.so,/home/rzzhang/sad_merged/sad/build/libsad_search_2a8327787a9aac.so
2026-08-23T05:13:20.067590+00:00,20260823T050257,joint:qaoa:8:7bb7c16288ad49cc,ok,,qaoa,8,8,float64,42,32,2,32,2,1,0.0,rotation,rotation,2,2,compact:L4R0W0-L4R0W0,compact:L4R0W0-L4R0W0,,,merged,optimized,20,3,20,0.22001300000000001,0.21976485,0.21904200000000001,0.221015,0.0005483434393698887,0.07785175,0.015329150000000001,0.12658395000000003,,,custom:libsad_search_f9cdaf042a7bd6.so,/home/rzzhang/sad_merged/sad/build/libsad_search_f9cdaf042a7bd6.so
2026-08-23T05:13:20.082547+00:00,20260823T050257,joint:qaoa:6:df6d5f20b5122f35,ok,,qaoa,6,8,float64,42,32,2,128,2,2,0.0,rotation,rotation,1,1,compact:L5R1W0,compact:L5R1W0,,,split,optimized,20,3,20,0.177182,0.17747325,0.177014,0.178217,0.00048761428147665805,0.042427650000000004,0.0152101,0.11983549999999998,,,custom:libsad_search_2a0e4369743c84.so,/home/rzzhang/sad_merged/sad/build/libsad_search_2a0e4369743c84.so
2026-08-23T05:13:20.096908+00:00,20260823T050257,joint:qaoa:20:d9bcfc01ca5f7333,ok,,qaoa,20,8,float64,42,64,2,64,2,1,0.0,rotation,rotation,3,3,compact:L5R2W0-L5R2W0-L5R1W0,compact:L5R2W0-L5R2W0-L5R1W0,,,split,optimized,5,3,5,5.367806,5.370020200000001,5.365721000000001,5.374912,0.003667356126693941,1.368052,0.039898,3.9620702,,,custom:libsad_search_7ec063ebc99501.so,/home/rzzhang/sad_merged/sad/build/libsad_search_7ec063ebc99501.so
2026-08-23T05:13:20.151265+00:00,20260823T050257,joint:qaoa:16:f00ebfe417415e25,ok,,qaoa,16,8,float64,42,64,2,64,2,1,0.25,rotation,rotation,6,6,compact:L3R0W0-L3R0W0-L3R0W0-L3R0W0-L2R0W0-L2R0W0,compact:L3R0W0-L3R0W0-L3R0W0-L3R0W0-L2R0W0-L2R0W0,,,merged,optimized,5,3,5,0.8232079999999999,0.8218184000000001,0.8161130000000001,0.823303,0.0028531615166337483,0.3180274,0.0155402,0.4882508,,,custom:libsad_search_7e5293342e215a.so,/home/rzzhang/sad_merged/sad/build/libsad_search_7e5293342e215a.so
2026-08-23T05:13:20.168132+00:00,20260823T050257,joint:qaoa:16:e6bb8e9ac1008acc,ok,,qaoa,16,8,float64,42,32,2,128,2,1,0.0,legacy,legacy,0,0,,,,,not_applicable,legacy-generic,5,3,5,0.60919,0.6090402,0.608301,0.609278,0.00037202655819176507,0.2133786,0.015577199999999998,0.3800844,,,custom:libsad_search_ada51c8f4b2976.so,/home/rzzhang/sad_merged/sad/build/libsad_search_ada51c8f4b2976.so
2026-08-23T05:13:20.183472+00:00,20260823T050257,joint:qaoa:24:4b50c899bb2ae2f3,ok,,qaoa,24,8,float64,42,64,2,64,2,2,0.75,rotation,rotation,19,19,compact:L2R0W0-L2R0W0-L2R0W0-L2R0W0-L2R0W0-L1R0W0-L1R0W0-L1R0W0-L1R0W0-L1R0W0-L1R0W0-L1R0W0-L1R0W0-L1R0W0-L1R0W0-L1R0W0-L1R0W0-L1R0W0-L1R0W0,compact:L2R0W0-L2R0W0-L2R0W0-L2R0W0-L2R0W0-L1R0W0-L1R0W0-L1R0W0-L1R0W0-L1R0W0-L1R0W0-L1R0W0-L1R0W0-L1R0W0-L1R0W0-L1R0W0-L1R0W0-L1R0W0-L1R0W0,,,merged,optimized,3,3,3,271.164817,271.1207266666667,270.961835,271.235528,0.11600268009068279,90.40249133333333,0.6362106666666667,180.08202466666668,,,custom:libsad_search_97eec9f2a848ec.so,/home/rzzhang/sad_merged/sad/build/libsad_search_97eec9f2a848ec.so
2026-08-23T05:13:21.836896+00:00,20260823T050257,joint:qaoa:6:e5e8318a6ff40b9f,ok,,qaoa,6,8,float64,42,32,2,128,2,1,0.25,rotation,rotation,2,2,compact:L3R0W0-L3R0W0,compact:L3R0W0-L3R0W0,,,split,optimized,20,3,20,0.2232225,0.22318325,0.217143,0.22643099999999997,0.0016579747547836733,0.06482210000000001,0.0151302,0.14323095,,,custom:libsad_search_0e4f539ceca897.so,/home/rzzhang/sad_merged/sad/build/libsad_search_0e4f539ceca897.so
2026-08-23T05:13:21.852858+00:00,20260823T050257,joint:qaoa:26:b28600a008ab6fb7,ok,,qaoa,26,8,float64,42,64,2,64,2,1,0.75,rotation,rotation,20,20,compact:L2R0W0-L2R0W0-L2R0W0-L2R0W0-L2R0W0-L2R0W0-L1R0W0-L1R0W0-L1R0W0-L1R0W0-L1R0W0-L1R0W0-L1R0W0-L1R0W0-L1R0W0-L1R0W0-L1R0W0-L1R0W0-L1R0W0-L1R0W0,compact:L2R0W0-L2R0W0-L2R0W0-L2R0W0-L2R0W0-L2R0W0-L1R0W0-L1R0W0-L1R0W0-L1R0W0-L1R0W0-L1R0W0-L1R0W0-L1R0W0-L1R0W0-L1R0W0-L1R0W0-L1R0W0-L1R0W0-L1R0W0,,,split,optimized,2,3,2,1134.574896,1134.574896,1134.1048520000002,1135.04494,0.4700439999999162,377.04149750000005,2.503995,755.0294035000001,,,custom:libsad_search_7ec063ebc99501.so,/home/rzzhang/sad_merged/sad/build/libsad_search_7ec063ebc99501.so
2026-08-23T05:13:27.552940+00:00,20260823T050257,joint:qaoa:20:1807b9974b8acac5,ok,,qaoa,20,8,float64,42,32,2,32,2,2,0.0,rotation,rotation,3,3,compact:L5R2W0-L5R2W0-L5R1W0,compact:L5R2W0-L5R2W0-L5R1W0,,,split,optimized,5,3,5,5.248977,5.24957,5.243858,5.255071999999999,0.003634387596280526,1.3629578,0.040219200000000004,3.846393,,,custom:libsad_search_16d9d6cef53b3d.so,/home/rzzhang/sad_merged/sad/build/libsad_search_16d9d6cef53b3d.so
2026-08-23T05:13:27.615026+00:00,20260823T050257,joint:qaoa:10:c0924fa0dc42e407,ok,,qaoa,10,8,float64,42,128,2,128,2,1,0.75,rotation,rotation,8,8,compact:L2R0W0-L2R0W0-L1R0W0-L1R0W0-L1R0W0-L1R0W0-L1R0W0-L1R0W0,compact:L2R0W0-L2R0W0-L1R0W0-L1R0W0-L1R0W0-L1R0W0-L1R0W0-L1R0W0,,,merged,optimized,10,3,10,0.7208405,0.7208464,0.719701,0.721881,0.0005056578289713211,0.3022475,0.015238400000000001,0.4033605,,,custom:libsad_search_8fbfac92ec4bef.so,/home/rzzhang/sad_merged/sad/build/libsad_search_8fbfac92ec4bef.so
2026-08-23T05:13:27.635532+00:00,20260823T050257,joint:qaoa:22:abc1975d6fd7f659,ok,,qaoa,22,8,float64,42,32,2,32,2,2,0.0,rotation,rotation,4,4,compact:L5R1W0-L5R1W0-L5R0W0-L5R0W0,compact:L5R1W0-L5R1W0-L5R0W0-L5R0W0,,,split,optimized,3,3,3,22.731694,22.72997033333333,22.725507999999998,22.732708999999996,0.003182438303495661,6.121062666666666,0.14007566666666668,16.468832,,,custom:libsad_search_16d9d6cef53b3d.so,/home/rzzhang/sad_merged/sad/build/libsad_search_16d9d6cef53b3d.so
2026-08-23T05:13:27.795435+00:00,20260823T050257,joint:qaoa:26:6a36650215b266e4,ok,,qaoa,26,8,float64,42,128,2,128,2,1,0.25,rotation,rotation,9,9,compact:L3R0W0-L3R0W0-L3R0W0-L3R0W0-L3R0W0-L3R0W0-L3R0W0-L3R0W0-L2R0W0,compact:L3R0W0-L3R0W0-L3R0W0-L3R0W0-L3R0W0-L3R0W0-L3R0W0-L3R0W0-L2R0W0,,,split,optimized,2,3,2,520.940968,520.940968,520.81787,521.064066,0.12309800000002724,170.3661635,2.5048805,348.069924,,,custom:libsad_search_9361435758c99d.so,/home/rzzhang/sad_merged/sad/build/libsad_search_9361435758c99d.so
2026-08-23T05:13:30.427571+00:00,20260823T050257,joint:qaoa:10:0e1f87b685e40a47,ok,,qaoa,10,8,float64,42,32,2,32,2,2,0.5,rotation,rotation,6,6,compact:L2R0W0-L2R0W0-L2R0W0-L2R0W0-L1R0W0-L1R0W0,compact:L2R0W0-L2R0W0-L2R0W0-L2R0W0-L1R0W0-L1R0W0,,,merged,optimized,10,3,10,0.467949,0.46832579999999996,0.467779,0.47098399999999996,0.000940066997612401,0.2004616,0.015492499999999998,0.25237170000000003,,,custom:libsad_search_dcff342f285260.so,/home/rzzhang/sad_merged/sad/build/libsad_search_dcff342f285260.so
2026-08-23T05:13:30.449354+00:00,20260823T050257,joint:qaoa:28:47a711ad4a2134d3,ok,,qaoa,28,8,float64,42,32,2,128,2,1,0.75,rotation,rotation,22,22,compact:L2R0W0-L2R0W0-L2R0W0-L2R0W0-L2R0W0-L2R0W0-L1R0W0-L1R0W0-L1R0W0-L1R0W0-L1R0W0-L1R0W0-L1R0W0-L1R0W0-L1R0W0-L1R0W0-L1R0W0-L1R0W0-L1R0W0-L1R0W0-L1R0W0-L1R0W0,compact:L2R0W0-L2R0W0-L2R0W0-L2R0W0-L2R0W0-L2R0W0-L1R0W0-L1R0W0-L1R0W0-L1R0W0-L1R0W0-L1R0W0-L1R0W0-L1R0W0-L1R0W0-L1R0W0-L1R0W0-L1R0W0-L1R0W0-L1R0W0-L1R0W0-L1R0W0,,,split,optimized,2,3,2,4972.3422265,4972.3422265,4972.098259,4972.5861939999995,0.24396749999959866,1651.2702780000002,9.9836895,3311.088259,,,custom:libsad_search_0e4f539ceca897.so,/home/rzzhang/sad_merged/sad/build/libsad_search_0e4f539ceca897.so
2026-08-23T05:13:55.352499+00:00,20260823T050257,joint:qaoa:12:21bae0448f5a2314,ok,,qaoa,12,8,float64,42,128,2,32,2,2,0.75,rotation,rotation,10,10,compact:L2R0W0-L2R0W0-L1R0W0-L1R0W0-L1R0W0-L1R0W0-L1R0W0-L1R0W0-L1R0W0-L1R0W0,compact:L2R0W0-L2R0W0-L1R0W0-L1R0W0-L1R0W0-L1R0W0-L1R0W0-L1R0W0-L1R0W0-L1R0W0,,,split,optimized,10,3,10,0.8232790000000001,0.8229599000000001,0.821102,0.824359,0.0009582888343292045,0.4058234,0.015584300000000002,0.40155219999999997,,,custom:libsad_search_3b115211f38255.so,/home/rzzhang/sad_merged/sad/build/libsad_search_3b115211f38255.so
2026-08-23T05:13:55.379095+00:00,20260823T050257,joint:qaoa:4:7e45460fddf0026c,ok,,qaoa,4,8,float64,42,128,2,32,2,1,0.75,rotation,rotation,3,3,compact:L2R0W0-L1R0W0-L1R0W0,compact:L2R0W0-L1R0W0-L1R0W0,,,merged,optimized,20,3,20,0.20064,0.20040550000000001,0.19947399999999998,0.200827,0.00045687914156809984,0.0836074,0.015587350000000003,0.10121075000000002,,,custom:libsad_search_5851e15f736f52.so,/home/rzzhang/sad_merged/sad/build/libsad_search_5851e15f736f52.so
2026-08-23T05:13:55.398826+00:00,20260823T050257,joint:qaoa:28:06506ee79d7589f2,ok,,qaoa,28,8,float64,42,128,2,128,2,2,0.25,rotation,rotation,10,10,compact:L3R0W0-L3R0W0-L3R0W0-L3R0W0-L3R0W0-L3R0W0-L3R0W0-L3R0W0-L2R0W0-L2R0W0,compact:L3R0W0-L3R0W0-L3R0W0-L3R0W0-L3R0W0-L3R0W0-L3R0W0-L3R0W0-L2R0W0-L2R0W0,,,merged,optimized,2,3,2,2305.9319265000004,2305.9319265000004,2305.736033,2306.12782,0.19589350000001104,756.495591,10.003413499999999,1539.432922,,,custom:libsad_search_b969ada61d8a74.so,/home/rzzhang/sad_merged/sad/build/libsad_search_b969ada61d8a74.so
2026-08-23T05:14:07.099001+00:00,20260823T050257,joint:qaoa:18:55c9558c4ec50bb9,ok,,qaoa,18,8,float64,42,128,2,128,2,2,1.0,rotation,rotation,18,18,compact:L1R0W0-L1R0W0-L1R0W0-L1R0W0-L1R0W0-L1R0W0-L1R0W0-L1R0W0-L1R0W0-L1R0W0-L1R0W0-L1R0W0-L1R0W0-L1R0W0-L1R0W0-L1R0W0-L1R0W0-L1R0W0,compact:L1R0W0-L1R0W0-L1R0W0-L1R0W0-L1R0W0-L1R0W0-L1R0W0-L1R0W0-L1R0W0-L1R0W0-L1R0W0-L1R0W0-L1R0W0-L1R0W0-L1R0W0-L1R0W0-L1R0W0-L1R0W0,,,merged,optimized,5,3,5,3.1240780000000004,3.12273,3.118104,3.124234,0.0023477890024446117,1.3057096000000001,0.0155596,1.8014608000000003,,,custom:libsad_search_b969ada61d8a74.so,/home/rzzhang/sad_merged/sad/build/libsad_search_b969ada61d8a74.so
2026-08-23T05:14:07.147695+00:00,20260823T050257,joint:qaoa:28:13a8c7d0ca0d1b5c,ok,,qaoa,28,8,float64,42,64,2,64,2,2,0.75,rotation,rotation,22,22,compact:L2R0W0-L2R0W0-L2R0W0-L2R0W0-L2R0W0-L2R0W0-L1R0W0-L1R0W0-L1R0W0-L1R0W0-L1R0W0-L1R0W0-L1R0W0-L1R0W0-L1R0W0-L1R0W0-L1R0W0-L1R0W0-L1R0W0-L1R0W0-L1R0W0-L1R0W0,compact:L2R0W0-L2R0W0-L2R0W0-L2R0W0-L2R0W0-L2R0W0-L1R0W0-L1R0W0-L1R0W0-L1R0W0-L1R0W0-L1R0W0-L1R0W0-L1R0W0-L1R0W0-L1R0W0-L1R0W0-L1R0W0-L1R0W0-L1R0W0-L1R0W0-L1R0W0,,,split,optimized,2,3,2,4988.4444490000005,4988.4444490000005,4987.802713,4989.086185,0.6417360000000372,1656.432636,10.0020875,3322.0097255,,,custom:libsad_search_20c37ff249ec0a.so,/home/rzzhang/sad_merged/sad/build/libsad_search_20c37ff249ec0a.so
2026-08-23T05:14:32.331361+00:00,20260823T050257,joint:qaoa:18:fcf78b1ac381802a,ok,,qaoa,18,8,float64,42,32,2,32,2,1,0.75,rotation,rotation,14,14,compact:L2R0W0-L2R0W0-L2R0W0-L2R0W0-L1R0W0-L1R0W0-L1R0W0-L1R0W0-L1R0W0-L1R0W0-L1R0W0-L1R0W0-L1R0W0-L1R0W0,compact:L2R0W0-L2R0W0-L2R0W0-L2R0W0-L1R0W0-L1R0W0-L1R0W0-L1R0W0-L1R0W0-L1R0W0-L1R0W0-L1R0W0-L1R0W0-L1R0W0,,,split,optimized,5,3,5,2.5538649999999996,2.5562586,2.5527919999999997,2.5609080000000004,0.0034500865844209277,0.9964294,0.015617000000000002,1.5442122,,,custom:libsad_search_3cb67c7e18cc99.so,/home/rzzhang/sad_merged/sad/build/libsad_search_3cb67c7e18cc99.so
2026-08-23T05:14:32.375870+00:00,20260823T050257,joint:qaoa:20:6f50ca88c1f56538,ok,,qaoa,20,8,float64,42,64,2,64,2,1,0.75,rotation,rotation,16,16,compact:L2R0W0-L2R0W0-L2R0W0-L2R0W0-L1R0W0-L1R0W0-L1R0W0-L1R0W0-L1R0W0-L1R0W0-L1R0W0-L1R0W0-L1R0W0-L1R0W0-L1R0W0-L1R0W0,compact:L2R0W0-L2R0W0-L2R0W0-L2R0W0-L1R0W0-L1R0W0-L1R0W0-L1R0W0-L1R0W0-L1R0W0-L1R0W0-L1R0W0-L1R0W0-L1R0W0-L1R0W0-L1R0W0,,,split,optimized,5,3,5,7.2814890000000005,7.281609400000001,7.280621000000001,7.282636,0.0008868435262208385,2.5667375999999997,0.0403048,4.674567,,,custom:libsad_search_7ec063ebc99501.so,/home/rzzhang/sad_merged/sad/build/libsad_search_7ec063ebc99501.so
2026-08-23T05:14:32.459744+00:00,20260823T050257,joint:qaoa:4:12e6d1a0b7dc69d9,ok,,qaoa,4,8,float64,42,128,2,32,2,1,0.5,rotation,rotation,2,2,compact:L2R0W0-L2R0W0,compact:L2R0W0-L2R0W0,,,split,optimized,20,3,20,0.15643449999999998,0.15626355,0.155108,0.157825,0.0007044894232704955,0.06337419999999999,0.015452550000000002,0.0774368,,,custom:libsad_search_7259903b8346c4.so,/home/rzzhang/sad_merged/sad/build/libsad_search_7259903b8346c4.so
2026-08-23T05:14:32.478555+00:00,20260823T050257,joint:qaoa:10:7f77b40fa8aa7628,ok,,qaoa,10,8,float64,42,32,2,128,2,2,0.5,rotation,rotation,6,6,compact:L2R0W0-L2R0W0-L2R0W0-L2R0W0-L1R0W0-L1R0W0,compact:L2R0W0-L2R0W0-L2R0W0-L2R0W0-L1R0W0-L1R0W0,,,merged,optimized,10,3,10,0.5651759999999999,0.5649976999999999,0.564084,0.5661030000000001,0.000579851368886906,0.2004285,0.0152942,0.349275,,,custom:libsad_search_fce412939d20fb.so,/home/rzzhang/sad_merged/sad/build/libsad_search_fce412939d20fb.so
2026-08-23T05:14:32.501802+00:00,20260823T050257,joint:qaoa:12:7d378ebc7856f08a,ok,,qaoa,12,8,float64,42,32,2,128,2,2,0.5,rotation,rotation,7,7,compact:L2R0W0-L2R0W0-L2R0W0-L2R0W0-L2R0W0-L1R0W0-L1R0W0,compact:L2R0W0-L2R0W0-L2R0W0-L2R0W0-L2R0W0-L1R0W0-L1R0W0,,,split,optimized,10,3,10,0.6973299999999999,0.6973003,0.696213,0.6984079999999999,0.0006736001855700258,0.25154289999999996,0.015443299999999998,0.4303141,,,custom:libsad_search_2a0e4369743c84.so,/home/rzzhang/sad_merged/sad/build/libsad_search_2a0e4369743c84.so
2026-08-23T05:14:32.525935+00:00,20260823T050257,joint:qaoa:6:a8a6d920943e1a93,ok,,qaoa,6,8,float64,42,64,2,64,2,1,0.75,rotation,rotation,5,5,compact:L2R0W0-L1R0W0-L1R0W0-L1R0W0-L1R0W0,compact:L2R0W0-L1R0W0-L1R0W0-L1R0W0-L1R0W0,,,merged,optimized,20,3,20,0.3184425,0.31745125,0.311074,0.319865,0.0027580102769025412,0.1309328,0.015205999999999999,0.17131245,,,custom:libsad_search_7e5293342e215a.so,/home/rzzhang/sad_merged/sad/build/libsad_search_7e5293342e215a.so
2026-08-23T05:14:32.548339+00:00,20260823T050257,joint:qaoa:26:ae0b092163d3fc09,ok,,qaoa,26,8,float64,42,128,2,32,2,2,0.75,rotation,rotation,20,20,compact:L2R0W0-L2R0W0-L2R0W0-L2R0W0-L2R0W0-L2R0W0-L1R0W0-L1R0W0-L1R0W0-L1R0W0-L1R0W0-L1R0W0-L1R0W0-L1R0W0-L1R0W0-L1R0W0-L1R0W0-L1R0W0-L1R0W0-L1R0W0,compact:L2R0W0-L2R0W0-L2R0W0-L2R0W0-L2R0W0-L2R0W0-L1R0W0-L1R0W0-L1R0W0-L1R0W0-L1R0W0-L1R0W0-L1R0W0-L1R0W0-L1R0W0-L1R0W0-L1R0W0-L1R0W0-L1R0W0-L1R0W0,,,split,optimized,2,3,2,1134.6442975,1134.6442975,1134.489618,1134.798977,0.15467949999992925,377.3036945,2.515494,754.825109,,,custom:libsad_search_3b115211f38255.so,/home/rzzhang/sad_merged/sad/build/libsad_search_3b115211f38255.so
2026-08-23T05:14:38.262713+00:00,20260823T050257,joint:qaoa:20:6188151990ac5624,ok,,qaoa,20,8,float64,42,32,2,32,2,2,0.5,rotation,rotation,12,12,compact:L2R0W0-L2R0W0-L2R0W0-L2R0W0-L2R0W0-L2R0W0-L2R0W0-L2R0W0-L1R0W0-L1R0W0-L1R0W0-L1R0W0,compact:L2R0W0-L2R0W0-L2R0W0-L2R0W0-L2R0W0-L2R0W0-L2R0W0-L2R0W0-L1R0W0-L1R0W0-L1R0W0-L1R0W0,,,split,optimized,5,3,5,6.6436519999999994,6.644649799999999,6.638476000000001,6.651930999999999,0.004734537333256073,2.286807,0.0402372,4.317605599999999,,,custom:libsad_search_16d9d6cef53b3d.so,/home/rzzhang/sad_merged/sad/build/libsad_search_16d9d6cef53b3d.so
2026-08-23T05:14:38.335805+00:00,20260823T050257,joint:qaoa:8:8ddb30de4adb611f,ok,,qaoa,8,8,float64,42,128,2,32,2,2,0.5,rotation,rotation,4,5,compact:L2R0W0-L2R0W0-L2R0W0-L2R0W0,compact:L2R0W0-L2R0W0-L2R0W0-L1R0W0-L1R0W0,,,merged,optimized,20,3,20,0.35937450000000004,0.35912730000000004,0.357301,0.36044000000000004,0.0007219309593029098,0.14736295,0.015450699999999998,0.19631365,,,custom:libsad_search_d014591f51543a.so,/home/rzzhang/sad_merged/sad/build/libsad_search_d014591f51543a.so
2026-08-23T05:14:38.354712+00:00,20260823T050257,joint:qaoa:8:6142a410cb0274f7,ok,,qaoa,8,8,float64,42,128,2,32,2,1,0.25,rotation,rotation,3,4,compact:L3R0W0-L3R0W0-L2R0W0,compact:L2R0W0-L2R0W0-L2R0W0-L2R0W0,,,merged,optimized,20,3,20,0.308213,0.3082937,0.307233,0.30922800000000006,0.00044105839749403186,0.11997865,0.0153666,0.17294845,,,custom:libsad_search_5851e15f736f52.so,/home/rzzhang/sad_merged/sad/build/libsad_search_5851e15f736f52.so
2026-08-23T05:14:38.372336+00:00,20260823T050257,joint:qaoa:26:fe1fe990544670e5,ok,,qaoa,26,8,float64,42,128,2,128,2,1,0.75,rotation,rotation,20,20,compact:L2R0W0-L2R0W0-L2R0W0-L2R0W0-L2R0W0-L2R0W0-L1R0W0-L1R0W0-L1R0W0-L1R0W0-L1R0W0-L1R0W0-L1R0W0-L1R0W0-L1R0W0-L1R0W0-L1R0W0-L1R0W0-L1R0W0-L1R0W0,compact:L2R0W0-L2R0W0-L2R0W0-L2R0W0-L2R0W0-L2R0W0-L1R0W0-L1R0W0-L1R0W0-L1R0W0-L1R0W0-L1R0W0-L1R0W0-L1R0W0-L1R0W0-L1R0W0-L1R0W0-L1R0W0-L1R0W0-L1R0W0,,,split,optimized,2,3,2,1134.4165604999998,1134.4165604999998,1134.145027,1134.6880939999999,0.2715334999999186,377.092472,2.5084445,754.815644,,,custom:libsad_search_9361435758c99d.so,/home/rzzhang/sad_merged/sad/build/libsad_search_9361435758c99d.so
2026-08-23T05:14:44.070979+00:00,20260823T050257,joint:qaoa:16:8b0aedbd800c5c87,ok,,qaoa,16,8,float64,42,32,2,32,2,1,0.0,rotation,rotation,3,3,compact:L5R1W0-L5R0W0-L5R0W0,compact:L5R1W0-L5R0W0-L5R0W0,,,split,optimized,5,3,5,0.58162,0.581772,0.5814520000000001,0.5826119999999999,0.00042616053313271725,0.2037398,0.0153624,0.36266980000000004,,,custom:libsad_search_3cb67c7e18cc99.so,/home/rzzhang/sad_merged/sad/build/libsad_search_3cb67c7e18cc99.so
2026-08-23T05:14:44.095838+00:00,20260823T050257,joint:qaoa:12:25940b75f3a94c92,ok,,qaoa,12,8,float64,42,128,2,32,2,1,1.0,rotation,rotation,12,12,compact:L1R0W0-L1R0W0-L1R0W0-L1R0W0-L1R0W0-L1R0W0-L1R0W0-L1R0W0-L1R0W0-L1R0W0-L1R0W0-L1R0W0,compact:L1R0W0-L1R0W0-L1R0W0-L1R0W0-L1R0W0-L1R0W0-L1R0W0-L1R0W0-L1R0W0-L1R0W0-L1R0W0-L1R0W0,,,split,optimized,10,3,10,0.953365,0.9523842,0.9464910000000001,0.9546560000000002,0.0026321984651617716,0.4751041,0.0155542,0.4617259000000001,,,custom:libsad_search_7259903b8346c4.so,/home/rzzhang/sad_merged/sad/build/libsad_search_7259903b8346c4.so
2026-08-23T05:14:44.123258+00:00,20260823T050257,joint:qaoa:28:6c071067cc359669,ok,,qaoa,28,8,float64,42,32,2,128,2,2,0.75,rotation,rotation,22,22,compact:L2R0W0-L2R0W0-L2R0W0-L2R0W0-L2R0W0-L2R0W0-L1R0W0-L1R0W0-L1R0W0-L1R0W0-L1R0W0-L1R0W0-L1R0W0-L1R0W0-L1R0W0-L1R0W0-L1R0W0-L1R0W0-L1R0W0-L1R0W0-L1R0W0-L1R0W0,compact:L2R0W0-L2R0W0-L2R0W0-L2R0W0-L2R0W0-L2R0W0-L1R0W0-L1R0W0-L1R0W0-L1R0W0-L1R0W0-L1R0W0-L1R0W0-L1R0W0-L1R0W0-L1R0W0-L1R0W0-L1R0W0-L1R0W0-L1R0W0-L1R0W0-L1R0W0,,,split,optimized,2,3,2,4979.222035,4979.222035,4978.4537439999995,4979.990326,0.7682910000003176,1651.4181155,9.996517,3317.8074024999996,,,custom:libsad_search_2a0e4369743c84.so,/home/rzzhang/sad_merged/sad/build/libsad_search_2a0e4369743c84.so
2026-08-23T05:15:09.045152+00:00,20260823T050257,joint:qaoa:6:24bede8138a1aa5c,ok,,qaoa,6,8,float64,42,64,2,64,2,2,0.0,rotation,rotation,1,1,compact:L5R1W0,compact:L5R1W0,,,split,optimized,20,3,20,0.14339600000000002,0.14357165,0.143203,0.144374,0.00038757776961533506,0.041171,0.01532065,0.08708,,,custom:libsad_search_20c37ff249ec0a.so,/home/rzzhang/sad_merged/sad/build/libsad_search_20c37ff249ec0a.so
2026-08-23T05:15:09.065081+00:00,20260823T050257,joint:qaoa:20:fa6da4f771945a01,ok,,qaoa,20,8,float64,42,32,2,128,2,1,0.75,rotation,rotation,16,16,compact:L2R0W0-L2R0W0-L2R0W0-L2R0W0-L1R0W0-L1R0W0-L1R0W0-L1R0W0-L1R0W0-L1R0W0-L1R0W0-L1R0W0-L1R0W0-L1R0W0-L1R0W0-L1R0W0,compact:L2R0W0-L2R0W0-L2R0W0-L2R0W0-L1R0W0-L1R0W0-L1R0W0-L1R0W0-L1R0W0-L1R0W0-L1R0W0-L1R0W0-L1R0W0-L1R0W0-L1R0W0-L1R0W0,,,merged,optimized,5,3,5,7.727117000000001,7.728116,7.725439000000001,7.731254,0.002390827220858611,2.7607588,0.0404454,4.9269118,,,custom:libsad_search_2a8327787a9aac.so,/home/rzzhang/sad_merged/sad/build/libsad_search_2a8327787a9aac.so
2026-08-23T05:15:09.152966+00:00,20260823T050257,joint:qaoa:22:895b2b01cf72b488,ok,,qaoa,22,8,float64,42,32,2,128,2,2,0.5,rotation,rotation,13,12,compact:L2R0W0-L2R0W0-L2R0W0-L2R0W0-L2R0W0-L2R0W0-L2R0W0-L2R0W0-L2R0W0-L1R0W0-L1R0W0-L1R0W0-L1R0W0,compact:L2R0W0-L2R0W0-L2R0W0-L2R0W0-L2R0W0-L2R0W0-L2R0W0-L2R0W0-L2R0W0-L2R0W0-L1R0W0-L1R0W0,,,split,optimized,3,3,3,38.404859,38.000191666666666,36.953147,38.642569,0.7467053910440332,8.369479666666667,0.14637766666666666,29.484334333333333,,,custom:libsad_search_2a0e4369743c84.so,/home/rzzhang/sad_merged/sad/build/libsad_search_2a0e4369743c84.so
2026-08-23T05:15:09.414692+00:00,20260823T050257,joint:qaoa:10:31494cdcda9fc7e0,ok,,qaoa,10,8,float64,42,32,2,128,2,1,0.0,rotation,rotation,2,2,compact:L5R0W0-L5R0W0,compact:L5R0W0-L5R0W0,,,split,optimized,10,3,10,0.3358275,0.335623,0.329058,0.340972,0.002720408351700159,0.0878024,0.0154286,0.23239200000000002,,,custom:libsad_search_0e4f539ceca897.so,/home/rzzhang/sad_merged/sad/build/libsad_search_0e4f539ceca897.so
2026-08-23T05:15:09.429889+00:00,20260823T050257,joint:qaoa:14:9dcb233da0991de0,ok,,qaoa,14,8,float64,42,32,2,32,2,2,0.25,rotation,rotation,5,5,compact:L3R0W0-L3R0W0-L3R0W0-L3R0W0-L2R0W0,compact:L3R0W0-L3R0W0-L3R0W0-L3R0W0-L2R0W0,,,merged,optimized,10,3,10,0.506888,0.5070382,0.505828,0.507917,0.0006026313632727463,0.20543179999999997,0.0155014,0.286105,,,custom:libsad_search_dcff342f285260.so,/home/rzzhang/sad_merged/sad/build/libsad_search_dcff342f285260.so
2026-08-23T05:15:09.447262+00:00,20260823T050257,joint:qaoa:28:9ae1f20ee8bfd3c9,ok,,qaoa,28,8,float64,42,32,2,32,2,2,0.75,rotation,rotation,22,22,compact:L2R0W0-L2R0W0-L2R0W0-L2R0W0-L2R0W0-L2R0W0-L1R0W0-L1R0W0-L1R0W0-L1R0W0-L1R0W0-L1R0W0-L1R0W0-L1R0W0-L1R0W0-L1R0W0-L1R0W0-L1R0W0-L1R0W0-L1R0W0-L1R0W0-L1R0W0,compact:L2R0W0-L2R0W0-L2R0W0-L2R0W0-L2R0W0-L2R0W0-L1R0W0-L1R0W0-L1R0W0-L1R0W0-L1R0W0-L1R0W0-L1R0W0-L1R0W0-L1R0W0-L1R0W0-L1R0W0-L1R0W0-L1R0W0-L1R0W0-L1R0W0-L1R0W0,,,split,optimized,2,3,2,4971.413388,4971.413388,4971.3621379999995,4971.464638,0.05125000000043656,1651.2009509999998,9.9827535,3310.2296835,,,custom:libsad_search_16d9d6cef53b3d.so,/home/rzzhang/sad_merged/sad/build/libsad_search_16d9d6cef53b3d.so
2026-08-23T05:15:34.345939+00:00,20260823T050257,joint:qaoa:8:c86b4a65f9b95629,ok,,qaoa,8,8,float64,42,128,2,32,2,1,1.0,rotation,rotation,8,8,compact:L1R0W0-L1R0W0-L1R0W0-L1R0W0-L1R0W0-L1R0W0-L1R0W0-L1R0W0,compact:L1R0W0-L1R0W0-L1R0W0-L1R0W0-L1R0W0-L1R0W0-L1R0W0-L1R0W0,,,merged,optimized,20,3,20,0.5499530000000001,0.5500007,0.5437720000000001,0.552005,0.001709952107516425,0.26000485,0.01562935,0.2743665,,,custom:libsad_search_5851e15f736f52.so,/home/rzzhang/sad_merged/sad/build/libsad_search_5851e15f736f52.so
2026-08-23T05:15:34.375529+00:00,20260823T050257,joint:qaoa:12:b85d9abdf12fd0e2,ok,,qaoa,12,8,float64,42,64,2,64,2,1,0.5,rotation,rotation,7,7,compact:L2R0W0-L2R0W0-L2R0W0-L2R0W0-L2R0W0-L1R0W0-L1R0W0,compact:L2R0W0-L2R0W0-L2R0W0-L2R0W0-L2R0W0-L1R0W0-L1R0W0,,,merged,optimized,10,3,10,0.616503,0.6168189,0.61518,0.618549,0.0008629883487046834,0.2598902,0.015398500000000002,0.3415302,,,custom:libsad_search_7e5293342e215a.so,/home/rzzhang/sad_merged/sad/build/libsad_search_7e5293342e215a.so
2026-08-23T05:15:34.399335+00:00,20260823T050257,joint:qaoa:22:f8dbaa84a850037b,ok,,qaoa,22,8,float64,42,128,2,32,2,1,0.5,rotation,rotation,12,13,compact:L2R0W0-L2R0W0-L2R0W0-L2R0W0-L2R0W0-L2R0W0-L2R0W0-L2R0W0-L2R0W0-L2R0W0-L1R0W0-L1R0W0,compact:L2R0W0-L2R0W0-L2R0W0-L2R0W0-L2R0W0-L2R0W0-L2R0W0-L2R0W0-L2R0W0-L1R0W0-L1R0W0-L1R0W0-L1R0W0,,,merged,optimized,3,3,3,40.59035299999999,40.585882,40.558482,40.608810999999996,0.02078852954555997,8.009099,0.15319866666666668,32.42358433333333,,,custom:libsad_search_5851e15f736f52.so,/home/rzzhang/sad_merged/sad/build/libsad_search_5851e15f736f52.so
2026-08-23T05:15:34.677516+00:00,20260823T050257,joint:qaoa:8:3b19daac2c87b694,ok,,qaoa,8,8,float64,42,128,2,128,2,2,0.0,rotation,rotation,1,1,compact:L5R2W1,compact:L5R2W1,,,merged,optimized,20,3,20,0.23855,0.23839990000000003,0.232492,0.239639,0.0014084064008658855,0.0627592,0.015205799999999998,0.1604349,,,custom:libsad_search_b969ada61d8a74.so,/home/rzzhang/sad_merged/sad/build/libsad_search_b969ada61d8a74.so
2026-08-23T05:15:34.693927+00:00,20260823T050257,joint:qaoa:18:c658c227729fbc3b,ok,,qaoa,18,8,float64,42,128,2,32,2,1,1.0,rotation,rotation,18,18,compact:L1R0W0-L1R0W0-L1R0W0-L1R0W0-L1R0W0-L1R0W0-L1R0W0-L1R0W0-L1R0W0-L1R0W0-L1R0W0-L1R0W0-L1R0W0-L1R0W0-L1R0W0-L1R0W0-L1R0W0-L1R0W0,compact:L1R0W0-L1R0W0-L1R0W0-L1R0W0-L1R0W0-L1R0W0-L1R0W0-L1R0W0-L1R0W0-L1R0W0-L1R0W0-L1R0W0-L1R0W0-L1R0W0-L1R0W0-L1R0W0-L1R0W0-L1R0W0,,,merged,optimized,5,3,5,3.0967160000000002,3.0969542,3.096495,3.097532,0.0004331929823993641,1.3311593999999998,0.015473800000000001,1.7503209999999998,,,custom:libsad_search_5851e15f736f52.so,/home/rzzhang/sad_merged/sad/build/libsad_search_5851e15f736f52.so
2026-08-23T05:15:34.729638+00:00,20260823T050257,joint:qaoa:8:244c00bfbe66fb17,ok,,qaoa,8,8,float64,42,128,2,128,2,2,0.25,rotation,rotation,3,3,compact:L3R0W0-L3R0W0-L2R0W0,compact:L3R0W0-L3R0W0-L2R0W0,,,merged,optimized,20,3,20,0.3419875,0.3421109,0.34162099999999995,0.343032,0.0004025137140520798,0.119868,0.015374299999999999,0.2068686,,,custom:libsad_search_b969ada61d8a74.so,/home/rzzhang/sad_merged/sad/build/libsad_search_b969ada61d8a74.so
2026-08-23T05:15:34.748093+00:00,20260823T050257,joint:qaoa:24:a71adbab20eb1838,ok,,qaoa,24,8,float64,42,64,2,64,2,2,0.5,rotation,rotation,14,14,compact:L2R0W0-L2R0W0-L2R0W0-L2R0W0-L2R0W0-L2R0W0-L2R0W0-L2R0W0-L2R0W0-L2R0W0-L1R0W0-L1R0W0-L1R0W0-L1R0W0,compact:L2R0W0-L2R0W0-L2R0W0-L2R0W0-L2R0W0-L2R0W0-L2R0W0-L2R0W0-L2R0W0-L2R0W0-L1R0W0-L1R0W0-L1R0W0-L1R0W0,,,split,optimized,3,3,3,200.353392,200.37091166666667,200.293057,200.466286,0.0717972870904949,66.78319233333333,0.6476580000000001,132.94006133333332,,,custom:libsad_search_20c37ff249ec0a.so,/home/rzzhang/sad_merged/sad/build/libsad_search_20c37ff249ec0a.so
2026-08-23T05:15:35.976466+00:00,20260823T050257,joint:qaoa:28:43cc317ab357312c,ok,,qaoa,28,8,float64,42,128,2,128,2,1,0.0,rotation,rotation,4,4,compact:L5R2W0-L5R2W0-L5R2W0-L5R2W0,compact:L5R2W0-L5R2W0-L5R2W0-L5R2W0,,,merged,optimized,2,3,2,1881.130115,1881.130115,1880.657598,1881.602632,0.47251700000003893,429.3298335,9.9505665,1441.849715,,,custom:libsad_search_8fbfac92ec4bef.so,/home/rzzhang/sad_merged/sad/build/libsad_search_8fbfac92ec4bef.so
2026-08-23T05:15:45.412892+00:00,20260823T050257,joint:qaoa:16:0f03297a63a3c8c9,ok,,qaoa,16,8,float64,42,64,2,64,2,2,0.0,rotation,rotation,2,2,compact:L5R2W1-L5R2W1,compact:L5R2W1-L5R2W1,,,split,optimized,5,3,5,0.505737,0.5059973999999999,0.504776,0.506899,0.0007961338078489015,0.1594566,0.015410799999999999,0.33113,,,custom:libsad_search_20c37ff249ec0a.so,/home/rzzhang/sad_merged/sad/build/libsad_search_20c37ff249ec0a.so
2026-08-23T05:15:45.436137+00:00,20260823T050257,joint:qaoa:12:aee2c5b3926a1306,ok,,qaoa,12,8,float64,42,32,2,128,2,2,0.0,rotation,rotation,2,2,compact:L5R1W0-L5R1W0,compact:L5R1W0-L5R1W0,,,split,optimized,10,3,10,0.3756255,0.37382499999999996,0.367728,0.375827,0.0030937909754862295,0.093724,0.0155616,0.26453940000000004,,,custom:libsad_search_2a0e4369743c84.so,/home/rzzhang/sad_merged/sad/build/libsad_search_2a0e4369743c84.so
2026-08-23T05:15:45.456926+00:00,20260823T050257,joint:qaoa:18:e4b0aa7f5a83d9ec,ok,,qaoa,18,8,float64,42,64,2,64,2,1,0.25,rotation,rotation,7,7,compact:L3R0W0-L3R0W0-L3R0W0-L3R0W0-L2R0W0-L2R0W0-L2R0W0,compact:L3R0W0-L3R0W0-L3R0W0-L3R0W0-L2R0W0-L2R0W0-L2R0W0,,,split,optimized,5,3,5,1.856471,1.8560664,1.854345,1.8573829999999998,0.0010451850745202614,0.6327602,0.0156928,1.2076133999999998,,,custom:libsad_search_7ec063ebc99501.so,/home/rzzhang/sad_merged/sad/build/libsad_search_7ec063ebc99501.so
2026-08-23T05:15:45.496842+00:00,20260823T050257,joint:qaoa:8:4d397d29a9006656,ok,,qaoa,8,8,float64,42,64,2,64,2,1,0.5,rotation,rotation,4,4,compact:L2R0W0-L2R0W0-L2R0W0-L2R0W0,compact:L2R0W0-L2R0W0-L2R0W0-L2R0W0,,,split,optimized,20,3,20,0.33593449999999997,0.33603554999999996,0.3332399999999999,0.33782,0.0010951044459319987,0.13177305,0.015132300000000001,0.18913020000000003,,,custom:libsad_search_7ec063ebc99501.so,/home/rzzhang/sad_merged/sad/build/libsad_search_7ec063ebc99501.so
2026-08-23T05:15:45.520123+00:00,20260823T050257,joint:qaoa:26:3c969dfbc0d504a3,ok,,qaoa,26,8,float64,42,32,2,32,2,1,0.25,rotation,rotation,10,10,compact:L3R0W0-L3R0W0-L3R0W0-L3R0W0-L3R0W0-L3R0W0-L2R0W0-L2R0W0-L2R0W0-L2R0W0,compact:L3R0W0-L3R0W0-L3R0W0-L3R0W0-L3R0W0-L3R0W0-L2R0W0-L2R0W0-L2R0W0-L2R0W0,,,merged,optimized,2,3,2,575.8806105000001,575.8806105000001,575.838346,575.9228750000001,0.042264500000044336,188.34693099999998,2.5037445000000003,385.02993499999997,,,custom:libsad_search_f9cdaf042a7bd6.so,/home/rzzhang/sad_merged/sad/build/libsad_search_f9cdaf042a7bd6.so
2026-08-23T05:15:48.449646+00:00,20260823T050257,joint:qaoa:20:f478eabe75a94b54,ok,,qaoa,20,8,float64,42,32,2,128,2,2,0.5,rotation,rotation,12,12,compact:L2R0W0-L2R0W0-L2R0W0-L2R0W0-L2R0W0-L2R0W0-L2R0W0-L2R0W0-L1R0W0-L1R0W0-L1R0W0-L1R0W0,compact:L2R0W0-L2R0W0-L2R0W0-L2R0W0-L2R0W0-L2R0W0-L2R0W0-L2R0W0-L1R0W0-L1R0W0-L1R0W0-L1R0W0,,,merged,optimized,5,3,5,6.865882999999999,6.865883599999999,6.859676,6.8728620000000005,0.004755091612156387,2.286171,0.039268199999999996,4.5404444,,,custom:libsad_search_fce412939d20fb.so,/home/rzzhang/sad_merged/sad/build/libsad_search_fce412939d20fb.so
2026-08-23T05:15:48.524871+00:00,20260823T050257,joint:qaoa:28:a8ed14c6398aa2d2,ok,,qaoa,28,8,float64,42,32,2,32,2,2,0.5,rotation,rotation,16,16,compact:L2R0W0-L2R0W0-L2R0W0-L2R0W0-L2R0W0-L2R0W0-L2R0W0-L2R0W0-L2R0W0-L2R0W0-L2R0W0-L2R0W0-L1R0W0-L1R0W0-L1R0W0-L1R0W0,compact:L2R0W0-L2R0W0-L2R0W0-L2R0W0-L2R0W0-L2R0W0-L2R0W0-L2R0W0-L2R0W0-L2R0W0-L2R0W0-L2R0W0-L1R0W0-L1R0W0-L1R0W0-L1R0W0,,,split,optimized,2,3,2,3629.4726775,3629.4726775,3629.173802,3629.771553,0.298875500000122,1201.4122889999999,9.9848465,2418.075542,,,custom:libsad_search_16d9d6cef53b3d.so,/home/rzzhang/sad_merged/sad/build/libsad_search_16d9d6cef53b3d.so
2026-08-23T05:16:06.707314+00:00,20260823T050257,joint:qaoa:18:205588043891889d,ok,,qaoa,18,8,float64,42,32,2,32,2,2,0.75,rotation,rotation,14,14,compact:L2R0W0-L2R0W0-L2R0W0-L2R0W0-L1R0W0-L1R0W0-L1R0W0-L1R0W0-L1R0W0-L1R0W0-L1R0W0-L1R0W0-L1R0W0-L1R0W0,compact:L2R0W0-L2R0W0-L2R0W0-L2R0W0-L1R0W0-L1R0W0-L1R0W0-L1R0W0-L1R0W0-L1R0W0-L1R0W0-L1R0W0-L1R0W0-L1R0W0,,,merged,optimized,5,3,5,2.551653,2.5501047999999997,2.5447130000000002,2.5527029999999997,0.0028675538286140534,0.9932972,0.0158334,1.5409742000000002,,,custom:libsad_search_dcff342f285260.so,/home/rzzhang/sad_merged/sad/build/libsad_search_dcff342f285260.so
2026-08-23T05:16:06.752032+00:00,20260823T050257,joint:qaoa:10:afaedc795055da1a,ok,,qaoa,10,8,float64,42,32,2,128,2,1,0.5,rotation,rotation,6,6,compact:L2R0W0-L2R0W0-L2R0W0-L2R0W0-L1R0W0-L1R0W0,compact:L2R0W0-L2R0W0-L2R0W0-L2R0W0-L1R0W0-L1R0W0,,,merged,optimized,10,3,10,0.556567,0.5566104000000001,0.5558360000000001,0.5580890000000001,0.0007080118925554872,0.19871200000000003,0.0153857,0.3425127,,,custom:libsad_search_2a8327787a9aac.so,/home/rzzhang/sad_merged/sad/build/libsad_search_2a8327787a9aac.so
2026-08-23T05:16:06.774722+00:00,20260823T050257,joint:qaoa:22:7372c6c2d5415717,ok,,qaoa,22,8,float64,42,32,2,128,2,2,0.25,rotation,rotation,8,8,compact:L3R0W0-L3R0W0-L3R0W0-L3R0W0-L3R0W0-L3R0W0-L2R0W0-L2R0W0,compact:L3R0W0-L3R0W0-L3R0W0-L3R0W0-L3R0W0-L3R0W0-L2R0W0-L2R0W0,,,merged,optimized,3,3,3,27.211729000000002,27.213070666666667,27.207479,27.220004,0.005200574220431866,6.5106649999999995,0.14594233333333334,20.556463333333333,,,custom:libsad_search_fce412939d20fb.so,/home/rzzhang/sad_merged/sad/build/libsad_search_fce412939d20fb.so
2026-08-23T05:16:06.972944+00:00,20260823T050257,joint:qaoa:6:cac499c5bd1adf01,ok,,qaoa,6,8,float64,42,128,2,128,2,1,0.75,rotation,rotation,5,5,compact:L2R0W0-L1R0W0-L1R0W0-L1R0W0-L1R0W0,compact:L2R0W0-L1R0W0-L1R0W0-L1R0W0-L1R0W0,,,merged,optimized,20,3,20,0.36553,0.36577574999999996,0.364492,0.367418,0.0007607874785378749,0.146449,0.015501649999999997,0.2038251,,,custom:libsad_search_8fbfac92ec4bef.so,/home/rzzhang/sad_merged/sad/build/libsad_search_8fbfac92ec4bef.so
2026-08-23T05:16:06.994893+00:00,20260823T050257,joint:qaoa:22:27786f36e2dec34b,ok,,qaoa,22,8,float64,42,32,2,32,2,2,0.75,rotation,rotation,18,18,compact:L2R0W0-L2R0W0-L2R0W0-L2R0W0-L1R0W0-L1R0W0-L1R0W0-L1R0W0-L1R0W0-L1R0W0-L1R0W0-L1R0W0-L1R0W0-L1R0W0-L1R0W0-L1R0W0-L1R0W0-L1R0W0,compact:L2R0W0-L2R0W0-L2R0W0-L2R0W0-L1R0W0-L1R0W0-L1R0W0-L1R0W0-L1R0W0-L1R0W0-L1R0W0-L1R0W0-L1R0W0-L1R0W0-L1R0W0-L1R0W0-L1R0W0-L1R0W0,,,merged,optimized,3,3,3,53.803945,53.80975266666667,53.801861,53.823452,0.009724181690794179,10.889098,0.14362933333333333,42.77702533333333,,,custom:libsad_search_dcff342f285260.so,/home/rzzhang/sad_merged/sad/build/libsad_search_dcff342f285260.so
2026-08-23T05:16:07.341130+00:00,20260823T050257,joint:qaoa:4:0c9ff17e73a0c143,ok,,qaoa,4,8,float64,42,128,2,32,2,1,0.25,rotation,rotation,2,2,compact:L2R0W0-L2R0W0,compact:L2R0W0-L2R0W0,,,merged,optimized,20,3,20,0.156686,0.1568336,0.156369,0.15784099999999998,0.00042998330200136494,0.0636631,0.015292049999999998,0.07787844999999999,,,custom:libsad_search_5851e15f736f52.so,/home/rzzhang/sad_merged/sad/build/libsad_search_5851e15f736f52.so
2026-08-23T05:16:07.355700+00:00,20260823T050257,joint:qaoa:24:8709cd1cf44e46cd,ok,,qaoa,24,8,float64,42,32,2,32,2,1,0.25,rotation,rotation,9,9,compact:L3R0W0-L3R0W0-L3R0W0-L3R0W0-L3R0W0-L3R0W0-L2R0W0-L2R0W0-L2R0W0,compact:L3R0W0-L3R0W0-L3R0W0-L3R0W0-L3R0W0-L3R0W0-L2R0W0-L2R0W0-L2R0W0,,,split,optimized,3,3,3,130.327323,130.335817,130.302687,130.37744099999998,0.031103602749512512,42.542984,0.634053,87.15878,,,custom:libsad_search_3cb67c7e18cc99.so,/home/rzzhang/sad_merged/sad/build/libsad_search_3cb67c7e18cc99.so
2026-08-23T05:16:08.165071+00:00,20260823T050257,joint:qaoa:12:97ca893fdd8ad146,ok,,qaoa,12,8,float64,42,32,2,32,2,2,0.25,rotation,rotation,4,4,compact:L3R0W0-L3R0W0-L3R0W0-L3R0W0,compact:L3R0W0-L3R0W0-L3R0W0-L3R0W0,,,split,optimized,10,3,10,0.3952525,0.3953215,0.39411,0.397085,0.0007885181354921453,0.1584287,0.015374099999999998,0.22151869999999999,,,custom:libsad_search_16d9d6cef53b3d.so,/home/rzzhang/sad_merged/sad/build/libsad_search_16d9d6cef53b3d.so
2026-08-23T05:16:08.181268+00:00,20260823T050257,joint:qaoa:4:fab5b30bde3cc823,ok,,qaoa,4,8,float64,42,32,2,128,2,1,0.75,rotation,rotation,3,3,compact:L2R0W0-L1R0W0-L1R0W0,compact:L2R0W0-L1R0W0-L1R0W0,,,merged,optimized,20,3,20,0.21600149999999999,0.2162871,0.214943,0.225424,0.002221666219304785,0.07514995000000001,0.015741849999999998,0.1253953,,,custom:libsad_search_2a8327787a9aac.so,/home/rzzhang/sad_merged/sad/build/libsad_search_2a8327787a9aac.so
2026-08-23T05:16:08.197134+00:00,20260823T050257,joint:qaoa:26:870baa39b35217a1,ok,,qaoa,26,8,float64,42,128,2,128,2,2,1.0,rotation,rotation,26,26,compact:L1R0W0-L1R0W0-L1R0W0-L1R0W0-L1R0W0-L1R0W0-L1R0W0-L1R0W0-L1R0W0-L1R0W0-L1R0W0-L1R0W0-L1R0W0-L1R0W0-L1R0W0-L1R0W0-L1R0W0-L1R0W0-L1R0W0-L1R0W0-L1R0W0-L1R0W0-L1R0W0-L1R0W0-L1R0W0-L1R0W0,compact:L1R0W0-L1R0W0-L1R0W0-L1R0W0-L1R0W0-L1R0W0-L1R0W0-L1R0W0-L1R0W0-L1R0W0-L1R0W0-L1R0W0-L1R0W0-L1R0W0-L1R0W0-L1R0W0-L1R0W0-L1R0W0-L1R0W0-L1R0W0-L1R0W0-L1R0W0-L1R0W0-L1R0W0-L1R0W0-L1R0W0,,,merged,optimized,2,3,2,1474.0878619999999,1474.0878619999999,1473.721407,1474.454317,0.36645499999997355,489.81776649999995,2.5106345,981.759461,,,custom:libsad_search_b969ada61d8a74.so,/home/rzzhang/sad_merged/sad/build/libsad_search_b969ada61d8a74.so
2026-08-23T05:16:15.597891+00:00,20260823T050257,joint:qaoa:18:50561659ec38df0d,ok,,qaoa,18,8,float64,42,32,2,32,2,2,0.75,rotation,rotation,14,14,compact:L2R0W0-L2R0W0-L2R0W0-L2R0W0-L1R0W0-L1R0W0-L1R0W0-L1R0W0-L1R0W0-L1R0W0-L1R0W0-L1R0W0-L1R0W0-L1R0W0,compact:L2R0W0-L2R0W0-L2R0W0-L2R0W0-L1R0W0-L1R0W0-L1R0W0-L1R0W0-L1R0W0-L1R0W0-L1R0W0-L1R0W0-L1R0W0-L1R0W0,,,split,optimized,5,3,5,2.5487189999999997,2.5495292,2.548673,2.5517480000000003,0.0011863893795885012,0.992913,0.0153608,1.5412554,,,custom:libsad_search_16d9d6cef53b3d.so,/home/rzzhang/sad_merged/sad/build/libsad_search_16d9d6cef53b3d.so
2026-08-23T05:16:15.642724+00:00,20260823T050257,joint:qaoa:10:5a43e789f8492ef7,ok,,qaoa,10,8,float64,42,32,2,32,2,1,1.0,rotation,rotation,10,10,compact:L1R0W0-L1R0W0-L1R0W0-L1R0W0-L1R0W0-L1R0W0-L1R0W0-L1R0W0-L1R0W0-L1R0W0,compact:L1R0W0-L1R0W0-L1R0W0-L1R0W0-L1R0W0-L1R0W0-L1R0W0-L1R0W0-L1R0W0-L1R0W0,,,merged,optimized,10,3,10,0.6953405,0.6934165,0.6880689999999999,0.697369,0.0035372653349727908,0.3122387,0.0154184,0.3657594,,,custom:libsad_search_f9cdaf042a7bd6.so,/home/rzzhang/sad_merged/sad/build/libsad_search_f9cdaf042a7bd6.so
2026-08-23T05:16:15.662901+00:00,20260823T050257,joint:qaoa:16:de91b4e03513deb9,ok,,qaoa,16,8,float64,42,128,2,128,2,2,0.0,rotation,rotation,2,2,compact:L5R2W1-L5R2W1,compact:L5R2W1-L5R2W1,,,merged,optimized,5,3,5,0.535434,0.5360908,0.5333249999999999,0.5416880000000001,0.0029086591687580363,0.1632374,0.0155166,0.3573368,,,custom:libsad_search_b969ada61d8a74.so,/home/rzzhang/sad_merged/sad/build/libsad_search_b969ada61d8a74.so
2026-08-23T05:16:15.677933+00:00,20260823T050257,joint:qaoa:16:fba12b7eba7e5c42,ok,,qaoa,16,8,float64,42,128,2,32,2,1,0.0,legacy,legacy,0,0,,,,,not_applicable,legacy-generic,5,3,5,0.563185,0.5633616,0.562945,0.564201,0.0004382344577962527,0.17826860000000003,0.015387,0.369706,,,custom:libsad_search_eaf59e83158800.so,/home/rzzhang/sad_merged/sad/build/libsad_search_eaf59e83158800.so
2026-08-23T05:16:15.693479+00:00,20260823T050257,joint:qaoa:26:3b0a8ce29e2c1357,ok,,qaoa,26,8,float64,42,32,2,32,2,1,1.0,rotation,rotation,26,26,compact:L1R0W0-L1R0W0-L1R0W0-L1R0W0-L1R0W0-L1R0W0-L1R0W0-L1R0W0-L1R0W0-L1R0W0-L1R0W0-L1R0W0-L1R0W0-L1R0W0-L1R0W0-L1R0W0-L1R0W0-L1R0W0-L1R0W0-L1R0W0-L1R0W0-L1R0W0-L1R0W0-L1R0W0-L1R0W0-L1R0W0,compact:L1R0W0-L1R0W0-L1R0W0-L1R0W0-L1R0W0-L1R0W0-L1R0W0-L1R0W0-L1R0W0-L1R0W0-L1R0W0-L1R0W0-L1R0W0-L1R0W0-L1R0W0-L1R0W0-L1R0W0-L1R0W0-L1R0W0-L1R0W0-L1R0W0-L1R0W0-L1R0W0-L1R0W0-L1R0W0-L1R0W0,,,split,optimized,2,3,2,1469.876708,1469.876708,1469.722584,1470.030832,0.15412399999991067,488.721564,2.509505,978.645639,,,custom:libsad_search_3cb67c7e18cc99.so,/home/rzzhang/sad_merged/sad/build/libsad_search_3cb67c7e18cc99.so
2026-08-23T05:16:23.075560+00:00,20260823T050257,joint:qaoa:22:b65ab35a84f592d6,ok,,qaoa,22,8,float64,42,64,2,64,2,2,0.5,rotation,rotation,12,12,compact:L2R0W0-L2R0W0-L2R0W0-L2R0W0-L2R0W0-L2R0W0-L2R0W0-L2R0W0-L2R0W0-L2R0W0-L1R0W0-L1R0W0,compact:L2R0W0-L2R0W0-L2R0W0-L2R0W0-L2R0W0-L2R0W0-L2R0W0-L2R0W0-L2R0W0-L2R0W0-L1R0W0-L1R0W0,,,merged,optimized,3,3,3,36.286531,36.28096633333333,36.267923,36.288445,0.009256070344492629,7.504574999999999,0.148777,28.627614333333334,,,custom:libsad_search_97eec9f2a848ec.so,/home/rzzhang/sad_merged/sad/build/libsad_search_97eec9f2a848ec.so
2026-08-23T05:16:23.317855+00:00,20260823T050257,joint:qaoa:4:c7e554385cdb08ca,ok,,qaoa,4,8,float64,42,64,2,64,2,1,0.0,legacy,legacy,0,0,,,,,not_applicable,legacy-generic,20,3,20,0.1452785,0.14511595,0.14417599999999997,0.148667,0.0009475034287536894,0.0507732,0.015376550000000001,0.0789662,,,custom:libsad_search_5a6ce94d125b8e.so,/home/rzzhang/sad_merged/sad/build/libsad_search_5a6ce94d125b8e.so
2026-08-23T05:16:23.332521+00:00,20260823T050257,joint:qaoa:26:1f8b135c549a34d6,ok,,qaoa,26,8,float64,42,64,2,64,2,1,0.5,rotation,rotation,15,15,compact:L2R0W0-L2R0W0-L2R0W0-L2R0W0-L2R0W0-L2R0W0-L2R0W0-L2R0W0-L2R0W0-L2R0W0-L2R0W0-L1R0W0-L1R0W0-L1R0W0-L1R0W0,compact:L2R0W0-L2R0W0-L2R0W0-L2R0W0-L2R0W0-L2R0W0-L2R0W0-L2R0W0-L2R0W0-L2R0W0-L2R0W0-L1R0W0-L1R0W0-L1R0W0-L1R0W0,,,merged,optimized,2,3,2,853.4961639999999,853.4961639999999,853.239734,853.7525939999999,0.2564299999999662,283.380726,2.5142605000000002,567.6011775000001,,,custom:libsad_search_7e5293342e215a.so,/home/rzzhang/sad_merged/sad/build/libsad_search_7e5293342e215a.so
2026-08-23T05:16:27.627448+00:00,20260823T050257,joint:qaoa:26:17cca94a31b3e7f0,ok,,qaoa,26,8,float64,42,128,2,32,2,1,1.0,rotation,rotation,26,26,compact:L1R0W0-L1R0W0-L1R0W0-L1R0W0-L1R0W0-L1R0W0-L1R0W0-L1R0W0-L1R0W0-L1R0W0-L1R0W0-L1R0W0-L1R0W0-L1R0W0-L1R0W0-L1R0W0-L1R0W0-L1R0W0-L1R0W0-L1R0W0-L1R0W0-L1R0W0-L1R0W0-L1R0W0-L1R0W0-L1R0W0,compact:L1R0W0-L1R0W0-L1R0W0-L1R0W0-L1R0W0-L1R0W0-L1R0W0-L1R0W0-L1R0W0-L1R0W0-L1R0W0-L1R0W0-L1R0W0-L1R0W0-L1R0W0-L1R0W0-L1R0W0-L1R0W0-L1R0W0-L1R0W0-L1R0W0-L1R0W0-L1R0W0-L1R0W0-L1R0W0-L1R0W0,,,split,optimized,2,3,2,1472.0650395,1472.0650395,1470.9555480000001,1473.174531,1.1094914999998764,489.5352595,2.5167045,980.0130755,,,custom:libsad_search_7259903b8346c4.so,/home/rzzhang/sad_merged/sad/build/libsad_search_7259903b8346c4.so
2026-08-23T05:16:35.031432+00:00,20260823T050257,joint:qaoa:12:6c72286992c33841,ok,,qaoa,12,8,float64,42,128,2,128,2,2,0.0,rotation,rotation,2,2,compact:L5R1W0-L5R1W0,compact:L5R1W0-L5R1W0,,,split,optimized,10,3,10,0.4069055,0.40617470000000006,0.399423,0.407577,0.002349103660973701,0.1254453,0.015691800000000002,0.26503760000000004,,,custom:libsad_search_d02bea87aa5c56.so,/home/rzzhang/sad_merged/sad/build/libsad_search_d02bea87aa5c56.so
2026-08-23T05:16:35.053298+00:00,20260823T050257,joint:qaoa:20:25c699d150ac9c76,ok,,qaoa,20,8,float64,42,64,2,64,2,2,1.0,rotation,rotation,20,20,compact:L1R0W0-L1R0W0-L1R0W0-L1R0W0-L1R0W0-L1R0W0-L1R0W0-L1R0W0-L1R0W0-L1R0W0-L1R0W0-L1R0W0-L1R0W0-L1R0W0-L1R0W0-L1R0W0-L1R0W0-L1R0W0-L1R0W0-L1R0W0,compact:L1R0W0-L1R0W0-L1R0W0-L1R0W0-L1R0W0-L1R0W0-L1R0W0-L1R0W0-L1R0W0-L1R0W0-L1R0W0-L1R0W0-L1R0W0-L1R0W0-L1R0W0-L1R0W0-L1R0W0-L1R0W0-L1R0W0-L1R0W0,,,merged,optimized,5,3,5,7.8950119999999995,7.893571399999999,7.887728,7.898963999999999,0.0038546129040408768,2.9434166,0.039814999999999996,4.9103398,,,custom:libsad_search_97eec9f2a848ec.so,/home/rzzhang/sad_merged/sad/build/libsad_search_97eec9f2a848ec.so
2026-08-23T05:16:35.135855+00:00,20260823T050257,joint:qaoa:10:d9000089bd66cf7e,ok,,qaoa,10,8,float64,42,128,2,32,2,2,0.5,rotation,rotation,6,6,compact:L2R0W0-L2R0W0-L2R0W0-L2R0W0-L1R0W0-L1R0W0,compact:L2R0W0-L2R0W0-L2R0W0-L2R0W0-L1R0W0-L1R0W0,,,merged,optimized,10,3,10,0.5052810000000001,0.5057146,0.5038250000000001,0.510877,0.0018385196327480406,0.23736290000000002,0.015370800000000002,0.2529809,,,custom:libsad_search_d014591f51543a.so,/home/rzzhang/sad_merged/sad/build/libsad_search_d014591f51543a.so
2026-08-23T05:16:35.153421+00:00,20260823T050257,joint:qaoa:20:ee90feadfd28ebed,ok,,qaoa,20,8,float64,42,32,2,32,2,2,0.25,rotation,rotation,7,7,compact:L3R0W0-L3R0W0-L3R0W0-L3R0W0-L3R0W0-L3R0W0-L2R0W0,compact:L3R0W0-L3R0W0-L3R0W0-L3R0W0-L3R0W0-L3R0W0-L2R0W0,,,split,optimized,5,3,5,5.931026,5.929727,5.925642999999999,5.933153,0.002956688620737936,1.7848168000000002,0.0402492,4.104661,,,custom:libsad_search_16d9d6cef53b3d.so,/home/rzzhang/sad_merged/sad/build/libsad_search_16d9d6cef53b3d.so
2026-08-23T05:16:35.212768+00:00,20260823T050257,joint:qaoa:18:7f944ff792f60755,ok,,qaoa,18,8,float64,42,32,2,32,2,1,0.25,rotation,rotation,7,7,compact:L3R0W0-L3R0W0-L3R0W0-L3R0W0-L2R0W0-L2R0W0-L2R0W0,compact:L3R0W0-L3R0W0-L3R0W0-L3R0W0-L2R0W0-L2R0W0-L2R0W0,,,merged,optimized,5,3,5,1.851346,1.8499013999999998,1.8431000000000002,1.852379,0.0034243066801908023,0.6357042,0.015656200000000002,1.198541,,,custom:libsad_search_f9cdaf042a7bd6.so,/home/rzzhang/sad_merged/sad/build/libsad_search_f9cdaf042a7bd6.so
2026-08-23T05:16:35.238843+00:00,20260823T050257,joint:qaoa:24:452934941664bef7,ok,,qaoa,24,8,float64,42,128,2,128,2,1,0.25,rotation,rotation,8,8,compact:L3R0W0-L3R0W0-L3R0W0-L3R0W0-L3R0W0-L3R0W0-L3R0W0-L3R0W0,compact:L3R0W0-L3R0W0-L3R0W0-L3R0W0-L3R0W0-L3R0W0-L3R0W0-L3R0W0,,,split,optimized,3,3,3,116.79416400000001,116.846139,116.781931,116.962322,0.08230544205984418,38.043317,0.6316643333333334,78.17115766666667,,,custom:libsad_search_9361435758c99d.so,/home/rzzhang/sad_merged/sad/build/libsad_search_9361435758c99d.so
2026-08-23T05:16:35.967916+00:00,20260823T050257,joint:qaoa:12:01af156312c32d28,ok,,qaoa,12,8,float64,42,32,2,128,2,1,0.5,rotation,rotation,7,7,compact:L2R0W0-L2R0W0-L2R0W0-L2R0W0-L2R0W0-L1R0W0-L1R0W0,compact:L2R0W0-L2R0W0-L2R0W0-L2R0W0-L2R0W0-L1R0W0-L1R0W0,,,split,optimized,10,3,10,0.696825,0.6969056,0.69516,0.6984770000000001,0.0009377284468331109,0.250927,0.015348599999999997,0.43063,,,custom:libsad_search_0e4f539ceca897.so,/home/rzzhang/sad_merged/sad/build/libsad_search_0e4f539ceca897.so
2026-08-23T05:16:35.988056+00:00,20260823T050257,joint:qaoa:22:12120fbcde5f2bd8,ok,,qaoa,22,8,float64,42,128,2,32,2,1,0.25,rotation,rotation,8,8,compact:L3R0W0-L3R0W0-L3R0W0-L3R0W0-L3R0W0-L3R0W0-L2R0W0-L2R0W0,compact:L3R0W0-L3R0W0-L3R0W0-L3R0W0-L3R0W0-L3R0W0-L2R0W0-L2R0W0,,,split,optimized,3,3,3,25.788249999999998,25.852226,25.778169000000002,25.990259000000002,0.09769079948831838,6.178760333333334,0.14366066666666666,19.529805,,,custom:libsad_search_7259903b8346c4.so,/home/rzzhang/sad_merged/sad/build/libsad_search_7259903b8346c4.so
2026-08-23T05:16:36.166663+00:00,20260823T050257,joint:qaoa:12:deebb1c05672afe7,ok,,qaoa,12,8,float64,42,128,2,32,2,1,0.0,legacy,legacy,0,0,,,,,not_applicable,legacy-generic,10,3,10,0.336827,0.3368461,0.336757,0.336977,6.530918771506164e-05,0.1462213,0.015545999999999999,0.1750788,,,custom:libsad_search_eaf59e83158800.so,/home/rzzhang/sad_merged/sad/build/libsad_search_eaf59e83158800.so
2026-08-23T05:16:36.181816+00:00,20260823T050257,joint:qaoa:20:b3efec24a7b543cd,ok,,qaoa,20,8,float64,42,32,2,128,2,2,0.75,rotation,rotation,16,16,compact:L2R0W0-L2R0W0-L2R0W0-L2R0W0-L1R0W0-L1R0W0-L1R0W0-L1R0W0-L1R0W0-L1R0W0-L1R0W0-L1R0W0-L1R0W0-L1R0W0-L1R0W0-L1R0W0,compact:L2R0W0-L2R0W0-L2R0W0-L2R0W0-L1R0W0-L1R0W0-L1R0W0-L1R0W0-L1R0W0-L1R0W0-L1R0W0-L1R0W0-L1R0W0-L1R0W0-L1R0W0-L1R0W0,,,merged,optimized,5,3,5,7.990277000000001,7.9881502,7.980979,7.993086,0.004464980868940201,2.8490729999999997,0.039923799999999995,5.0991534,,,custom:libsad_search_fce412939d20fb.so,/home/rzzhang/sad_merged/sad/build/libsad_search_fce412939d20fb.so
2026-08-23T05:16:36.257697+00:00,20260823T050257,joint:qaoa:6:976ed095cacf0b70,ok,,qaoa,6,8,float64,42,64,2,64,2,2,1.0,rotation,rotation,6,6,compact:L1R0W0-L1R0W0-L1R0W0-L1R0W0-L1R0W0-L1R0W0,compact:L1R0W0-L1R0W0-L1R0W0-L1R0W0-L1R0W0-L1R0W0,,,split,optimized,20,3,20,0.3664845,0.3663452,0.364341,0.36868999999999996,0.0009826520543915697,0.15690715,0.0153208,0.19411725,,,custom:libsad_search_20c37ff249ec0a.so,/home/rzzhang/sad_merged/sad/build/libsad_search_20c37ff249ec0a.so
2026-08-23T05:16:36.277112+00:00,20260823T050257,joint:qaoa:10:2ec3dc531a95b704,ok,,qaoa,10,8,float64,42,128,2,128,2,2,0.25,rotation,rotation,4,4,compact:L3R0W0-L3R0W0-L2R0W0-L2R0W0,compact:L3R0W0-L3R0W0-L2R0W0-L2R0W0,,,merged,optimized,10,3,10,0.501753,0.5019137,0.501643,0.5026349999999999,0.00035196819458580654,0.1833275,0.0152789,0.3033073,,,custom:libsad_search_b969ada61d8a74.so,/home/rzzhang/sad_merged/sad/build/libsad_search_b969ada61d8a74.so
2026-08-23T05:16:36.294439+00:00,20260823T050257,joint:qaoa:6:7175e4a2ed71cc60,ok,,qaoa,6,8,float64,42,128,2,128,2,2,0.0,rotation,rotation,1,1,compact:L5R1W0,compact:L5R1W0,,,merged,optimized,20,3,20,0.196468,0.19621039999999998,0.194727,0.196958,0.0005487592732701658,0.05279845,0.015449400000000002,0.12796254999999998,,,custom:libsad_search_b969ada61d8a74.so,/home/rzzhang/sad_merged/sad/build/libsad_search_b969ada61d8a74.so
2026-08-23T05:16:36.309662+00:00,20260823T050257,joint:qaoa:20:a6cc743c1933fafd,ok,,qaoa,20,8,float64,42,128,2,128,2,1,0.5,rotation,rotation,12,12,compact:L2R0W0-L2R0W0-L2R0W0-L2R0W0-L2R0W0-L2R0W0-L2R0W0-L2R0W0-L1R0W0-L1R0W0-L1R0W0-L1R0W0,compact:L2R0W0-L2R0W0-L2R0W0-L2R0W0-L2R0W0-L2R0W0-L2R0W0-L2R0W0-L1R0W0-L1R0W0-L1R0W0-L1R0W0,,,merged,optimized,5,3,5,7.021546,7.0897278,7.019449,7.238471999999999,0.08942794956924802,2.2576452000000002,0.03985520000000001,4.7922274,,,custom:libsad_search_8fbfac92ec4bef.so,/home/rzzhang/sad_merged/sad/build/libsad_search_8fbfac92ec4bef.so
2026-08-23T05:16:36.378340+00:00,20260823T050257,joint:qaoa:22:12adeb69877daa3e,ok,,qaoa,22,8,float64,42,128,2,32,2,2,1.0,rotation,rotation,22,22,compact:L1R0W0-L1R0W0-L1R0W0-L1R0W0-L1R0W0-L1R0W0-L1R0W0-L1R0W0-L1R0W0-L1R0W0-L1R0W0-L1R0W0-L1R0W0-L1R0W0-L1R0W0-L1R0W0-L1R0W0-L1R0W0-L1R0W0-L1R0W0-L1R0W0-L1R0W0,compact:L1R0W0-L1R0W0-L1R0W0-L1R0W0-L1R0W0-L1R0W0-L1R0W0-L1R0W0-L1R0W0-L1R0W0-L1R0W0-L1R0W0-L1R0W0-L1R0W0-L1R0W0-L1R0W0-L1R0W0-L1R0W0-L1R0W0-L1R0W0-L1R0W0-L1R0W0,,,split,optimized,3,3,3,65.920863,65.92026866666667,65.902602,65.937341,0.014188362704069892,13.480096333333332,0.147191,52.292981333333344,,,custom:libsad_search_3b115211f38255.so,/home/rzzhang/sad_merged/sad/build/libsad_search_3b115211f38255.so
2026-08-23T05:16:36.798723+00:00,20260823T050257,joint:qaoa:6:6c34876242848ad1,ok,,qaoa,6,8,float64,42,128,2,128,2,1,0.25,rotation,rotation,2,2,compact:L3R0W0-L3R0W0,compact:L3R0W0-L3R0W0,,,merged,optimized,20,3,20,0.232427,0.23281675000000002,0.232266,0.23556,0.0007702297627980855,0.0750246,0.0151041,0.14268804999999998,,,custom:libsad_search_8fbfac92ec4bef.so,/home/rzzhang/sad_merged/sad/build/libsad_search_8fbfac92ec4bef.so
2026-08-23T05:16:36.814816+00:00,20260823T050257,joint:qaoa:12:d49b7ddc60770651,ok,,qaoa,12,8,float64,42,128,2,32,2,1,0.5,rotation,rotation,7,7,compact:L2R0W0-L2R0W0-L2R0W0-L2R0W0-L2R0W0-L1R0W0-L1R0W0,compact:L2R0W0-L2R0W0-L2R0W0-L2R0W0-L2R0W0-L1R0W0-L1R0W0,,,merged,optimized,10,3,10,0.637432,0.6373917,0.636742,0.63797,0.000496306971540808,0.3053939,0.015548499999999998,0.3164493,,,custom:libsad_search_5851e15f736f52.so,/home/rzzhang/sad_merged/sad/build/libsad_search_5851e15f736f52.so
2026-08-23T05:16:36.834102+00:00,20260823T050257,joint:qaoa:8:d629cb788ecb6fa3,ok,,qaoa,8,8,float64,42,128,2,32,2,2,0.75,rotation,rotation,6,6,compact:L2R0W0-L2R0W0-L1R0W0-L1R0W0-L1R0W0-L1R0W0,compact:L2R0W0-L2R0W0-L1R0W0-L1R0W0-L1R0W0-L1R0W0,,,merged,optimized,20,3,20,0.44948299999999997,0.44863365,0.442335,0.44954,0.002107341791807868,0.20662024999999998,0.015395449999999998,0.22661794999999998,,,custom:libsad_search_d014591f51543a.so,/home/rzzhang/sad_merged/sad/build/libsad_search_d014591f51543a.so
2026-08-23T05:16:36.855281+00:00,20260823T050257,joint:qaoa:20:05d073ad90b2508a,ok,,qaoa,20,8,float64,42,32,2,32,2,1,1.0,rotation,rotation,20,20,compact:L1R0W0-L1R0W0-L1R0W0-L1R0W0-L1R0W0-L1R0W0-L1R0W0-L1R0W0-L1R0W0-L1R0W0-L1R0W0-L1R0W0-L1R0W0-L1R0W0-L1R0W0-L1R0W0-L1R0W0-L1R0W0-L1R0W0-L1R0W0,compact:L1R0W0-L1R0W0-L1R0W0-L1R0W0-L1R0W0-L1R0W0-L1R0W0-L1R0W0-L1R0W0-L1R0W0-L1R0W0-L1R0W0-L1R0W0-L1R0W0-L1R0W0-L1R0W0-L1R0W0-L1R0W0-L1R0W0-L1R0W0,,,split,optimized,5,3,5,8.330147,8.328581,8.323120999999999,8.331323999999999,0.003091063571006032,3.244583,0.040021999999999995,5.043976000000001,,,custom:libsad_search_3cb67c7e18cc99.so,/home/rzzhang/sad_merged/sad/build/libsad_search_3cb67c7e18cc99.so
2026-08-23T05:16:36.933963+00:00,20260823T050257,joint:qaoa:26:ceda103f1b32e78f,ok,,qaoa,26,8,float64,42,32,2,32,2,1,0.5,rotation,rotation,15,15,compact:L2R0W0-L2R0W0-L2R0W0-L2R0W0-L2R0W0-L2R0W0-L2R0W0-L2R0W0-L2R0W0-L2R0W0-L2R0W0-L1R0W0-L1R0W0-L1R0W0-L1R0W0,compact:L2R0W0-L2R0W0-L2R0W0-L2R0W0-L2R0W0-L2R0W0-L2R0W0-L2R0W0-L2R0W0-L2R0W0-L2R0W0-L1R0W0-L1R0W0-L1R0W0-L1R0W0,,,split,optimized,2,3,2,852.012301,852.012301,852.0120219999999,852.0125800000001,0.0002790000000914006,281.87024449999996,2.5201515,567.621905,,,custom:libsad_search_3cb67c7e18cc99.so,/home/rzzhang/sad_merged/sad/build/libsad_search_3cb67c7e18cc99.so
2026-08-23T05:16:41.219751+00:00,20260823T050257,joint:qaoa:28:48e4d0a7447c2d8d,ok,,qaoa,28,8,float64,42,32,2,128,2,2,0.25,rotation,rotation,10,10,compact:L3R0W0-L3R0W0-L3R0W0-L3R0W0-L3R0W0-L3R0W0-L3R0W0-L3R0W0-L2R0W0-L2R0W0,compact:L3R0W0-L3R0W0-L3R0W0-L3R0W0-L3R0W0-L3R0W0-L3R0W0-L3R0W0-L2R0W0-L2R0W0,,,split,optimized,2,3,2,2302.6995275,2302.6995275,2302.558027,2302.841028,0.14150049999989278,753.6131835,9.978095499999998,1539.1082485,,,custom:libsad_search_2a0e4369743c84.so,/home/rzzhang/sad_merged/sad/build/libsad_search_2a0e4369743c84.so
2026-08-23T05:16:52.774964+00:00,20260823T050257,joint:qaoa:20:0594cace4ad37d1f,ok,,qaoa,20,8,float64,42,128,2,128,2,1,0.0,rotation,rotation,3,3,compact:L5R2W0-L5R2W0-L5R1W0,compact:L5R2W0-L5R2W0-L5R1W0,,,merged,optimized,5,3,5,5.482887000000001,5.4830742,5.4793959999999995,5.489374,0.003507766035527416,1.3676739999999998,0.0402978,4.0751024,,,custom:libsad_search_8fbfac92ec4bef.so,/home/rzzhang/sad_merged/sad/build/libsad_search_8fbfac92ec4bef.so
2026-08-23T05:16:52.844404+00:00,20260823T050257,joint:qaoa:28:5e50df868a4c8826,ok,,qaoa,28,8,float64,42,128,2,32,2,1,0.5,rotation,rotation,16,16,compact:L2R0W0-L2R0W0-L2R0W0-L2R0W0-L2R0W0-L2R0W0-L2R0W0-L2R0W0-L2R0W0-L2R0W0-L2R0W0-L2R0W0-L1R0W0-L1R0W0-L1R0W0-L1R0W0,compact:L2R0W0-L2R0W0-L2R0W0-L2R0W0-L2R0W0-L2R0W0-L2R0W0-L2R0W0-L2R0W0-L2R0W0-L2R0W0-L2R0W0-L1R0W0-L1R0W0-L1R0W0-L1R0W0,,,split,optimized,2,3,2,3636.5278215,3636.5278215,3635.9781580000003,3637.077485,0.5496634999997241,1207.0176195000001,10.0003585,2419.5098435,,,custom:libsad_search_7259903b8346c4.so,/home/rzzhang/sad_merged/sad/build/libsad_search_7259903b8346c4.so
2026-08-23T05:17:11.240673+00:00,20260823T050257,joint:qaoa:4:c9d84e3f0255a6ee,ok,,qaoa,4,8,float64,42,64,2,64,2,2,1.0,rotation,rotation,4,4,compact:L1R0W0-L1R0W0-L1R0W0-L1R0W0,compact:L1R0W0-L1R0W0-L1R0W0-L1R0W0,,,merged,optimized,20,3,20,0.23347849999999998,0.23363484999999998,0.23134799999999997,0.234498,0.0007111173092394892,0.0944612,0.015355300000000002,0.12381835,,,custom:libsad_search_97eec9f2a848ec.so,/home/rzzhang/sad_merged/sad/build/libsad_search_97eec9f2a848ec.so
2026-08-23T05:17:11.261852+00:00,20260823T050257,joint:qaoa:14:7ba0afacb6a62266,ok,,qaoa,14,8,float64,42,128,2,128,2,2,0.0,rotation,rotation,2,2,compact:L5R2W0-L5R2W0,compact:L5R2W0-L5R2W0,,,split,optimized,10,3,10,0.4525325,0.4524561,0.45153499999999996,0.453574,0.0007013119776533229,0.13847579999999998,0.0155214,0.2984589,,,custom:libsad_search_d02bea87aa5c56.so,/home/rzzhang/sad_merged/sad/build/libsad_search_d02bea87aa5c56.so
2026-08-23T05:17:11.282680+00:00,20260823T050257,joint:qaoa:14:7466a980b29a3890,ok,,qaoa,14,8,float64,42,32,2,128,2,1,0.0,rotation,rotation,2,2,compact:L5R2W0-L5R2W0,compact:L5R2W0-L5R2W0,,,merged,optimized,10,3,10,0.41773950000000004,0.41733519999999996,0.41168,0.418718,0.0019215383316499338,0.1035483,0.014798399999999998,0.2989885,,,custom:libsad_search_2a8327787a9aac.so,/home/rzzhang/sad_merged/sad/build/libsad_search_2a8327787a9aac.so
2026-08-23T05:17:11.304037+00:00,20260823T050257,joint:qaoa:20:875fe6d9b1629496,ok,,qaoa,20,8,float64,42,32,2,128,2,1,0.0,rotation,rotation,3,3,compact:L5R2W0-L5R2W0-L5R1W0,compact:L5R2W0-L5R2W0-L5R1W0,,,split,optimized,5,3,5,5.475302999999999,5.4755056,5.474334,5.476387,0.0007556278449077912,1.3614207999999999,0.040364,4.073720799999999,,,custom:libsad_search_0e4f539ceca897.so,/home/rzzhang/sad_merged/sad/build/libsad_search_0e4f539ceca897.so
2026-08-23T05:17:11.373121+00:00,20260823T050257,joint:qaoa:4:16c3690ca80fe67e,ok,,qaoa,4,8,float64,42,128,2,32,2,1,0.0,rotation,rotation,1,1,compact:L4R0W0,compact:L4R0W0,,,merged,optimized,20,3,20,0.12079799999999999,0.1206402,0.11976700000000001,0.120905,0.00036514238318770606,0.04269355,0.015498900000000001,0.06244774999999999,,,custom:libsad_search_5851e15f736f52.so,/home/rzzhang/sad_merged/sad/build/libsad_search_5851e15f736f52.so
2026-08-23T05:17:11.391150+00:00,20260823T050257,joint:qaoa:16:79fb04420812125c,ok,,qaoa,16,8,float64,42,64,2,64,2,1,0.0,rotation,rotation,2,2,compact:L5R2W1-L5R2W1,compact:L5R2W1-L5R2W1,,,merged,optimized,5,3,5,0.5108940000000001,0.5121066,0.5096280000000001,0.5182019999999999,0.003087359752280216,0.1630236,0.015693,0.33338999999999996,,,custom:libsad_search_7e5293342e215a.so,/home/rzzhang/sad_merged/sad/build/libsad_search_7e5293342e215a.so
2026-08-23T05:17:11.414218+00:00,20260823T050257,joint:qaoa:14:af955fade5eda975,ok,,qaoa,14,8,float64,42,32,2,32,2,2,1.0,rotation,rotation,14,14,compact:L1R0W0-L1R0W0-L1R0W0-L1R0W0-L1R0W0-L1R0W0-L1R0W0-L1R0W0-L1R0W0-L1R0W0-L1R0W0-L1R0W0-L1R0W0-L1R0W0,compact:L1R0W0-L1R0W0-L1R0W0-L1R0W0-L1R0W0-L1R0W0-L1R0W0-L1R0W0-L1R0W0-L1R0W0-L1R0W0-L1R0W0-L1R0W0-L1R0W0,,,split,optimized,10,3,10,1.1109649999999998,1.1108948,1.109912,1.1120679999999998,0.0008638883955696586,0.5120322999999999,0.0155542,0.5833083,,,custom:libsad_search_16d9d6cef53b3d.so,/home/rzzhang/sad_merged/sad/build/libsad_search_16d9d6cef53b3d.so
2026-08-23T05:17:11.443788+00:00,20260823T050257,joint:qaoa:28:d57b678407a06b1b,ok,,qaoa,28,8,float64,42,32,2,32,2,1,0.75,rotation,rotation,22,22,compact:L2R0W0-L2R0W0-L2R0W0-L2R0W0-L2R0W0-L2R0W0-L1R0W0-L1R0W0-L1R0W0-L1R0W0-L1R0W0-L1R0W0-L1R0W0-L1R0W0-L1R0W0-L1R0W0-L1R0W0-L1R0W0-L1R0W0-L1R0W0-L1R0W0-L1R0W0,compact:L2R0W0-L2R0W0-L2R0W0-L2R0W0-L2R0W0-L2R0W0-L1R0W0-L1R0W0-L1R0W0-L1R0W0-L1R0W0-L1R0W0-L1R0W0-L1R0W0-L1R0W0-L1R0W0-L1R0W0-L1R0W0-L1R0W0-L1R0W0-L1R0W0-L1R0W0,,,merged,optimized,2,3,2,4973.8281685,4973.8281685,4971.659837000001,4975.9965,2.1683314999995673,1651.1042295,9.994888,3312.729051,,,custom:libsad_search_f9cdaf042a7bd6.so,/home/rzzhang/sad_merged/sad/build/libsad_search_f9cdaf042a7bd6.so
2026-08-23T05:17:36.395870+00:00,20260823T050257,joint:qaoa:26:ea0e5538b07ebcc2,ok,,qaoa,26,8,float64,42,32,2,128,2,1,0.75,rotation,rotation,20,20,compact:L2R0W0-L2R0W0-L2R0W0-L2R0W0-L2R0W0-L2R0W0-L1R0W0-L1R0W0-L1R0W0-L1R0W0-L1R0W0-L1R0W0-L1R0W0-L1R0W0-L1R0W0-L1R0W0-L1R0W0-L1R0W0-L1R0W0-L1R0W0,compact:L2R0W0-L2R0W0-L2R0W0-L2R0W0-L2R0W0-L2R0W0-L1R0W0-L1R0W0-L1R0W0-L1R0W0-L1R0W0-L1R0W0-L1R0W0-L1R0W0-L1R0W0-L1R0W0-L1R0W0-L1R0W0-L1R0W0-L1R0W0,,,merged,optimized,2,3,2,1132.9931485,1132.9931485,1132.789791,1133.196506,0.20335750000003827,375.87024149999996,2.510899,754.6120080000001,,,custom:libsad_search_2a8327787a9aac.so,/home/rzzhang/sad_merged/sad/build/libsad_search_2a8327787a9aac.so
2026-08-23T05:17:42.116716+00:00,20260823T050257,joint:qaoa:10:8c9a06e4ca6ee31a,ok,,qaoa,10,8,float64,42,32,2,32,2,1,0.25,rotation,rotation,4,4,compact:L3R0W0-L3R0W0-L2R0W0-L2R0W0,compact:L3R0W0-L3R0W0-L2R0W0-L2R0W0,,,split,optimized,10,3,10,0.36439849999999996,0.3634874,0.356359,0.365532,0.0024522164341672687,0.1434233,0.015324599999999999,0.20473950000000002,,,custom:libsad_search_3cb67c7e18cc99.so,/home/rzzhang/sad_merged/sad/build/libsad_search_3cb67c7e18cc99.so
2026-08-23T05:17:42.137283+00:00,20260823T050257,joint:qaoa:6:a8992ba52d4f9238,ok,,qaoa,6,8,float64,42,32,2,32,2,1,0.0,rotation,rotation,1,1,compact:L5R1W0,compact:L5R1W0,,,split,optimized,20,3,20,0.1362145,0.1364048,0.136005,0.13719599999999998,0.00040965053399208315,0.0423529,0.0151809,0.078871,,,custom:libsad_search_3cb67c7e18cc99.so,/home/rzzhang/sad_merged/sad/build/libsad_search_3cb67c7e18cc99.so
2026-08-23T05:17:42.156205+00:00,20260823T050257,joint:qaoa:10:943add2d1599a228,ok,,qaoa,10,8,float64,42,32,2,128,2,2,0.75,rotation,rotation,8,8,compact:L2R0W0-L2R0W0-L1R0W0-L1R0W0-L1R0W0-L1R0W0-L1R0W0-L1R0W0,compact:L2R0W0-L2R0W0-L1R0W0-L1R0W0-L1R0W0-L1R0W0-L1R0W0-L1R0W0,,,split,optimized,10,3,10,0.674806,0.6750904999999999,0.673677,0.676793,0.0008258615198687975,0.25582109999999997,0.015430899999999997,0.4038385,,,custom:libsad_search_2a0e4369743c84.so,/home/rzzhang/sad_merged/sad/build/libsad_search_2a0e4369743c84.so
2026-08-23T05:17:42.177845+00:00,20260823T050257,joint:qaoa:4:03998f5bffb2849c,ok,,qaoa,4,8,float64,42,128,2,128,2,2,0.5,rotation,rotation,2,2,compact:L2R0W0-L2R0W0,compact:L2R0W0-L2R0W0,,,merged,optimized,20,3,20,0.18838850000000001,0.18837710000000002,0.187327,0.189402,0.0005575279275516108,0.06327065,0.015382000000000003,0.10972445,,,custom:libsad_search_b969ada61d8a74.so,/home/rzzhang/sad_merged/sad/build/libsad_search_b969ada61d8a74.so
2026-08-23T05:17:42.192858+00:00,20260823T050257,joint:qaoa:22:344293631680264f,ok,,qaoa,22,8,float64,42,128,2,128,2,1,0.75,rotation,rotation,17,17,compact:L2R0W0-L2R0W0-L2R0W0-L2R0W0-L2R0W0-L1R0W0-L1R0W0-L1R0W0-L1R0W0-L1R0W0-L1R0W0-L1R0W0-L1R0W0-L1R0W0-L1R0W0-L1R0W0-L1R0W0,compact:L2R0W0-L2R0W0-L2R0W0-L2R0W0-L2R0W0-L1R0W0-L1R0W0-L1R0W0-L1R0W0-L1R0W0-L1R0W0-L1R0W0-L1R0W0-L1R0W0-L1R0W0-L1R0W0-L1R0W0,,,split,optimized,3,3,3,51.617713,51.619822666666664,51.613771,51.627984,0.005991124676458938,10.663632333333334,0.14770366666666668,40.80848666666667,,,custom:libsad_search_9361435758c99d.so,/home/rzzhang/sad_merged/sad/build/libsad_search_9361435758c99d.so
2026-08-23T05:17:42.525251+00:00,20260823T050257,joint:qaoa:20:b8def85308cabb78,ok,,qaoa,20,8,float64,42,128,2,32,2,2,0.5,rotation,rotation,12,12,compact:L2R0W0-L2R0W0-L2R0W0-L2R0W0-L2R0W0-L2R0W0-L2R0W0-L2R0W0-L1R0W0-L1R0W0-L1R0W0-L1R0W0,compact:L2R0W0-L2R0W0-L2R0W0-L2R0W0-L2R0W0-L2R0W0-L2R0W0-L2R0W0-L1R0W0-L1R0W0-L1R0W0-L1R0W0,,,merged,optimized,5,3,5,6.855709,6.8566444,6.855433,6.858852000000001,0.001384264945738478,2.2482726,0.04044179999999999,4.56793,,,custom:libsad_search_d014591f51543a.so,/home/rzzhang/sad_merged/sad/build/libsad_search_d014591f51543a.so
2026-08-23T05:17:42.591802+00:00,20260823T050257,joint:qaoa:24:652447123fa0bf09,ok,,qaoa,24,8,float64,42,32,2,128,2,1,0.5,rotation,rotation,14,14,compact:L2R0W0-L2R0W0-L2R0W0-L2R0W0-L2R0W0-L2R0W0-L2R0W0-L2R0W0-L2R0W0-L2R0W0-L1R0W0-L1R0W0-L1R0W0-L1R0W0,compact:L2R0W0-L2R0W0-L2R0W0-L2R0W0-L2R0W0-L2R0W0-L2R0W0-L2R0W0-L2R0W0-L2R0W0-L1R0W0-L1R0W0-L1R0W0-L1R0W0,,,merged,optimized,3,3,3,199.777144,199.77372633333334,199.73416899999998,199.809866,0.030997519108622,66.15032966666666,0.64152,132.98187666666666,,,custom:libsad_search_2a8327787a9aac.so,/home/rzzhang/sad_merged/sad/build/libsad_search_2a8327787a9aac.so
2026-08-23T05:17:43.816226+00:00,20260823T050257,joint:qaoa:24:4e71d1ef3aeb1397,ok,,qaoa,24,8,float64,42,32,2,128,2,1,0.25,rotation,rotation,9,8,compact:L3R0W0-L3R0W0-L3R0W0-L3R0W0-L3R0W0-L3R0W0-L2R0W0-L2R0W0-L2R0W0,compact:L3R0W0-L3R0W0-L3R0W0-L3R0W0-L3R0W0-L3R0W0-L3R0W0-L3R0W0,,,merged,optimized,3,3,3,121.33169799999999,121.32648733333333,121.29882,121.34894399999999,0.020792099931349714,42.548705,0.6392683333333334,78.13851399999999,,,custom:libsad_search_2a8327787a9aac.so,/home/rzzhang/sad_merged/sad/build/libsad_search_2a8327787a9aac.so
2026-08-23T05:17:44.569627+00:00,20260823T050257,joint:qaoa:8:578f99d36c7093f3,ok,,qaoa,8,8,float64,42,128,2,32,2,1,0.0,rotation,rotation,1,2,compact:L5R2W1,compact:L4R0W0-L4R0W0,,,split,optimized,20,3,20,0.20381,0.20389244999999998,0.197723,0.205797,0.0015298660554113855,0.06294355,0.015241850000000001,0.12570705000000001,,,custom:libsad_search_7259903b8346c4.so,/home/rzzhang/sad_merged/sad/build/libsad_search_7259903b8346c4.so
2026-08-23T05:17:44.585158+00:00,20260823T050257,joint:qaoa:14:5dc66d81d5a01c23,ok,,qaoa,14,8,float64,42,32,2,128,2,1,0.75,rotation,rotation,11,11,compact:L2R0W0-L2R0W0-L2R0W0-L1R0W0-L1R0W0-L1R0W0-L1R0W0-L1R0W0-L1R0W0-L1R0W0-L1R0W0,compact:L2R0W0-L2R0W0-L2R0W0-L1R0W0-L1R0W0-L1R0W0-L1R0W0-L1R0W0-L1R0W0-L1R0W0-L1R0W0,,,merged,optimized,10,3,10,1.0527205,1.0542313,1.052556,1.064762,0.003562222537966984,0.4079717,0.0159906,0.630269,,,custom:libsad_search_2a8327787a9aac.so,/home/rzzhang/sad_merged/sad/build/libsad_search_2a8327787a9aac.so
2026-08-23T05:17:44.609216+00:00,20260823T050257,joint:qaoa:22:ea4b636e2d2d3731,ok,,qaoa,22,8,float64,42,32,2,128,2,2,0.25,rotation,rotation,8,8,compact:L3R0W0-L3R0W0-L3R0W0-L3R0W0-L3R0W0-L3R0W0-L2R0W0-L2R0W0,compact:L3R0W0-L3R0W0-L3R0W0-L3R0W0-L3R0W0-L3R0W0-L2R0W0-L2R0W0,,,split,optimized,3,3,3,26.381178999999996,26.530410999999997,26.236902999999998,26.973151,0.3185570820057234,6.589333333333333,0.144343,19.796734666666666,,,custom:libsad_search_2a0e4369743c84.so,/home/rzzhang/sad_merged/sad/build/libsad_search_2a0e4369743c84.so
2026-08-23T05:17:44.790788+00:00,20260823T050257,joint:qaoa:14:5c89a6de1b17cdbb,ok,,qaoa,14,8,float64,42,64,2,64,2,1,0.5,rotation,rotation,8,8,compact:L2R0W0-L2R0W0-L2R0W0-L2R0W0-L2R0W0-L2R0W0-L1R0W0-L1R0W0,compact:L2R0W0-L2R0W0-L2R0W0-L2R0W0-L2R0W0-L2R0W0-L1R0W0-L1R0W0,,,split,optimized,10,3,10,0.798699,0.7986797,0.798549,0.798755,6.399851560780075e-05,0.33889559999999996,0.015363499999999999,0.4444206,,,custom:libsad_search_7ec063ebc99501.so,/home/rzzhang/sad_merged/sad/build/libsad_search_7ec063ebc99501.so
2026-08-23T05:17:44.811898+00:00,20260823T050257,joint:qaoa:28:f8a10be8eb60fb78,ok,,qaoa,28,8,float64,42,32,2,32,2,1,0.0,rotation,rotation,4,4,compact:L5R2W0-L5R2W0-L5R2W0-L5R2W0,compact:L5R2W0-L5R2W0-L5R2W0-L5R2W0,,,merged,optimized,2,3,2,1743.393621,1743.393621,1743.307711,1743.479531,0.08591000000001259,451.8902105,9.9581815,1281.545229,,,custom:libsad_search_f9cdaf042a7bd6.so,/home/rzzhang/sad_merged/sad/build/libsad_search_f9cdaf042a7bd6.so
2026-08-23T05:17:53.569715+00:00,20260823T050257,joint:qaoa:22:77686776872ff2e2,ok,,qaoa,22,8,float64,42,128,2,128,2,1,1.0,rotation,rotation,22,22,compact:L1R0W0-L1R0W0-L1R0W0-L1R0W0-L1R0W0-L1R0W0-L1R0W0-L1R0W0-L1R0W0-L1R0W0-L1R0W0-L1R0W0-L1R0W0-L1R0W0-L1R0W0-L1R0W0-L1R0W0-L1R0W0-L1R0W0-L1R0W0-L1R0W0-L1R0W0,compact:L1R0W0-L1R0W0-L1R0W0-L1R0W0-L1R0W0-L1R0W0-L1R0W0-L1R0W0-L1R0W0-L1R0W0-L1R0W0-L1R0W0-L1R0W0-L1R0W0-L1R0W0-L1R0W0-L1R0W0-L1R0W0-L1R0W0-L1R0W0-L1R0W0-L1R0W0,,,split,optimized,3,3,3,68.156223,67.82551,65.857396,69.462911,1.490405519779325,13.818895666666666,0.15927400000000003,53.847340333333335,,,custom:libsad_search_9361435758c99d.so,/home/rzzhang/sad_merged/sad/build/libsad_search_9361435758c99d.so
2026-08-23T05:17:54.014608+00:00,20260823T050257,joint:qaoa:16:ccbfba05c7678e3f,ok,,qaoa,16,8,float64,42,64,2,64,2,1,0.0,legacy,legacy,0,0,,,,,not_applicable,legacy-generic,5,3,5,0.542799,0.5443218,0.541673,0.549719,0.0028723523042969313,0.1790222,0.0155322,0.3497674,,,custom:libsad_search_5a6ce94d125b8e.so,/home/rzzhang/sad_merged/sad/build/libsad_search_5a6ce94d125b8e.so
2026-08-23T05:17:54.030155+00:00,20260823T050257,joint:qaoa:16:fac34516b44ac007,ok,,qaoa,16,8,float64,42,64,2,64,2,2,0.75,rotation,rotation,12,12,compact:L2R0W0-L2R0W0-L2R0W0-L2R0W0-L1R0W0-L1R0W0-L1R0W0-L1R0W0-L1R0W0-L1R0W0-L1R0W0-L1R0W0,compact:L2R0W0-L2R0W0-L2R0W0-L2R0W0-L1R0W0-L1R0W0-L1R0W0-L1R0W0-L1R0W0-L1R0W0-L1R0W0-L1R0W0,,,split,optimized,5,3,5,1.3046820000000001,1.3051908,1.304417,1.30668,0.0008342079836587637,0.5563296,0.015424600000000002,0.7334366000000001,,,custom:libsad_search_20c37ff249ec0a.so,/home/rzzhang/sad_merged/sad/build/libsad_search_20c37ff249ec0a.so
2026-08-23T05:17:54.052011+00:00,20260823T050257,joint:qaoa:18:dc11e1eb151e3e05,ok,,qaoa,18,8,float64,42,32,2,128,2,1,0.5,rotation,rotation,10,10,compact:L2R0W0-L2R0W0-L2R0W0-L2R0W0-L2R0W0-L2R0W0-L2R0W0-L2R0W0-L1R0W0-L1R0W0,compact:L2R0W0-L2R0W0-L2R0W0-L2R0W0-L2R0W0-L2R0W0-L2R0W0-L2R0W0-L1R0W0-L1R0W0,,,merged,optimized,5,3,5,2.183122,2.1833388,2.18311,2.184144,0.00040412542607457745,0.7751477999999999,0.0154938,1.3926972,,,custom:libsad_search_2a8327787a9aac.so,/home/rzzhang/sad_merged/sad/build/libsad_search_2a8327787a9aac.so
2026-08-23T05:17:54.080715+00:00,20260823T050257,joint:qaoa:28:61315f9efa7519f9,ok,,qaoa,28,8,float64,42,128,2,128,2,1,0.75,rotation,rotation,22,22,compact:L2R0W0-L2R0W0-L2R0W0-L2R0W0-L2R0W0-L2R0W0-L1R0W0-L1R0W0-L1R0W0-L1R0W0-L1R0W0-L1R0W0-L1R0W0-L1R0W0-L1R0W0-L1R0W0-L1R0W0-L1R0W0-L1R0W0-L1R0W0-L1R0W0-L1R0W0,compact:L2R0W0-L2R0W0-L2R0W0-L2R0W0-L2R0W0-L2R0W0-L1R0W0-L1R0W0-L1R0W0-L1R0W0-L1R0W0-L1R0W0-L1R0W0-L1R0W0-L1R0W0-L1R0W0-L1R0W0-L1R0W0-L1R0W0-L1R0W0-L1R0W0-L1R0W0,,,split,optimized,2,3,2,4976.560277500001,4976.560277500001,4975.360992,4977.7595630000005,1.1992855000003146,1654.657271,9.970753499999999,3311.932253,,,custom:libsad_search_9361435758c99d.so,/home/rzzhang/sad_merged/sad/build/libsad_search_9361435758c99d.so
2026-08-23T05:18:18.994082+00:00,20260823T050257,joint:qaoa:20:65628d247e0191fe,ok,,qaoa,20,8,float64,42,32,2,128,2,2,0.0,rotation,rotation,3,3,compact:L5R2W0-L5R2W0-L5R1W0,compact:L5R2W0-L5R2W0-L5R1W0,,,split,optimized,5,3,5,5.423858999999999,5.4240492,5.4229899999999995,5.425186,0.000937993049014941,1.3590061999999998,0.0404788,4.0245641999999995,,,custom:libsad_search_2a0e4369743c84.so,/home/rzzhang/sad_merged/sad/build/libsad_search_2a0e4369743c84.so
2026-08-23T05:18:19.063968+00:00,20260823T050257,joint:qaoa:10:48922a21d9cd869d,ok,,qaoa,10,8,float64,42,128,2,32,2,2,0.0,rotation,rotation,2,2,compact:L5R0W0-L5R0W0,compact:L5R0W0-L5R0W0,,,merged,optimized,10,3,10,0.27129250000000005,0.2712165,0.27042,0.271607,0.00029825433777231583,0.1122204,0.0155,0.1434961,,,custom:libsad_search_d014591f51543a.so,/home/rzzhang/sad_merged/sad/build/libsad_search_d014591f51543a.so
2026-08-23T05:18:19.083552+00:00,20260823T050257,joint:qaoa:6:74a517c2b28c7ac3,ok,,qaoa,6,8,float64,42,32,2,32,2,2,0.5,rotation,rotation,4,4,compact:L2R0W0-L2R0W0-L1R0W0-L1R0W0,compact:L2R0W0-L2R0W0-L1R0W0-L1R0W0,,,merged,optimized,20,3,20,0.26521300000000003,0.26538470000000003,0.264056,0.266293,0.0005304768703723032,0.1092274,0.01556135,0.14059595,,,custom:libsad_search_dcff342f285260.so,/home/rzzhang/sad_merged/sad/build/libsad_search_dcff342f285260.so
2026-08-23T05:18:19.105704+00:00,20260823T050257,joint:qaoa:24:a54f2336e74c9a66,ok,,qaoa,24,8,float64,42,64,2,64,2,1,0.25,rotation,rotation,8,8,compact:L3R0W0-L3R0W0-L3R0W0-L3R0W0-L3R0W0-L3R0W0-L3R0W0-L3R0W0,compact:L3R0W0-L3R0W0-L3R0W0-L3R0W0-L3R0W0-L3R0W0-L3R0W0-L3R0W0,,,merged,optimized,3,3,3,116.722623,116.718161,116.70630799999999,116.72555199999998,0.008466206037335522,37.946821666666665,0.63181,78.13952933333333,,,custom:libsad_search_7e5293342e215a.so,/home/rzzhang/sad_merged/sad/build/libsad_search_7e5293342e215a.so
2026-08-23T05:18:19.851314+00:00,20260823T050257,joint:qaoa:10:5f8c912d0c88b272,ok,,qaoa,10,8,float64,42,128,2,32,2,1,0.5,rotation,rotation,6,6,compact:L2R0W0-L2R0W0-L2R0W0-L2R0W0-L1R0W0-L1R0W0,compact:L2R0W0-L2R0W0-L2R0W0-L2R0W0-L1R0W0-L1R0W0,,,split,optimized,10,3,10,0.5047999999999999,0.5075534,0.503916,0.512704,0.0037833403019025577,0.2375618,0.0153095,0.25468209999999997,,,custom:libsad_search_7259903b8346c4.so,/home/rzzhang/sad_merged/sad/build/libsad_search_7259903b8346c4.so
2026-08-23T05:18:19.869180+00:00,20260823T050257,joint:qaoa:20:11f764d2ec5b6d0b,ok,,qaoa,20,8,float64,42,64,2,64,2,1,1.0,rotation,rotation,20,20,compact:L1R0W0-L1R0W0-L1R0W0-L1R0W0-L1R0W0-L1R0W0-L1R0W0-L1R0W0-L1R0W0-L1R0W0-L1R0W0-L1R0W0-L1R0W0-L1R0W0-L1R0W0-L1R0W0-L1R0W0-L1R0W0-L1R0W0-L1R0W0,compact:L1R0W0-L1R0W0-L1R0W0-L1R0W0-L1R0W0-L1R0W0-L1R0W0-L1R0W0-L1R0W0-L1R0W0-L1R0W0-L1R0W0-L1R0W0-L1R0W0-L1R0W0-L1R0W0-L1R0W0-L1R0W0-L1R0W0-L1R0W0,,,merged,optimized,5,3,5,7.958485,8.0494246,7.950273000000001,8.291367000000001,0.13298281996348285,3.0070062,0.040117400000000004,5.002301,,,custom:libsad_search_7e5293342e215a.so,/home/rzzhang/sad_merged/sad/build/libsad_search_7e5293342e215a.so
2026-08-23T05:18:19.945119+00:00,20260823T050257,joint:qaoa:8:a85ec0ea32ce0835,ok,,qaoa,8,8,float64,42,32,2,32,2,1,0.0,legacy,legacy,0,0,,,,,not_applicable,legacy-generic,20,3,20,0.23653849999999998,0.2370642,0.23641199999999998,0.238537,0.0007491962092803179,0.08747905,0.0152115,0.13437365,,,custom:libsad_search_06042376d3c545.so,/home/rzzhang/sad_merged/sad/build/libsad_search_06042376d3c545.so
2026-08-23T05:18:19.961718+00:00,20260823T050257,joint:qaoa:8:ae9365df6cff5f21,ok,,qaoa,8,8,float64,42,32,2,32,2,2,0.0,rotation,rotation,2,2,compact:L4R0W0-L4R0W0,compact:L4R0W0-L4R0W0,,,split,optimized,20,3,20,0.2219335,0.221951,0.22088999999999998,0.22322599999999998,0.0007542813135694148,0.08036355,0.0152987,0.12628875,,,custom:libsad_search_16d9d6cef53b3d.so,/home/rzzhang/sad_merged/sad/build/libsad_search_16d9d6cef53b3d.so
2026-08-23T05:18:19.977920+00:00,20260823T050257,joint:qaoa:28:227ae75e6def1553,ok,,qaoa,28,8,float64,42,128,2,128,2,2,1.0,rotation,rotation,28,28,compact:L1R0W0-L1R0W0-L1R0W0-L1R0W0-L1R0W0-L1R0W0-L1R0W0-L1R0W0-L1R0W0-L1R0W0-L1R0W0-L1R0W0-L1R0W0-L1R0W0-L1R0W0-L1R0W0-L1R0W0-L1R0W0-L1R0W0-L1R0W0-L1R0W0-L1R0W0-L1R0W0-L1R0W0-L1R0W0-L1R0W0-L1R0W0-L1R0W0,compact:L1R0W0-L1R0W0-L1R0W0-L1R0W0-L1R0W0-L1R0W0-L1R0W0-L1R0W0-L1R0W0-L1R0W0-L1R0W0-L1R0W0-L1R0W0-L1R0W0-L1R0W0-L1R0W0-L1R0W0-L1R0W0-L1R0W0-L1R0W0-L1R0W0-L1R0W0-L1R0W0-L1R0W0-L1R0W0-L1R0W0-L1R0W0-L1R0W0,,,merged,optimized,2,3,2,6336.1555275,6336.1555275,6335.6394,6336.671655,0.5161275000000387,2105.9461195,9.9830735,4220.226334499999,,,custom:libsad_search_b969ada61d8a74.so,/home/rzzhang/sad_merged/sad/build/libsad_search_b969ada61d8a74.so
2026-08-23T05:18:51.681234+00:00,20260823T050257,joint:qaoa:24:7c9132adf35236ab,ok,,qaoa,24,8,float64,42,128,2,128,2,1,0.75,rotation,rotation,19,19,compact:L2R0W0-L2R0W0-L2R0W0-L2R0W0-L2R0W0-L1R0W0-L1R0W0-L1R0W0-L1R0W0-L1R0W0-L1R0W0-L1R0W0-L1R0W0-L1R0W0-L1R0W0-L1R0W0-L1R0W0-L1R0W0-L1R0W0,compact:L2R0W0-L2R0W0-L2R0W0-L2R0W0-L2R0W0-L1R0W0-L1R0W0-L1R0W0-L1R0W0-L1R0W0-L1R0W0-L1R0W0-L1R0W0-L1R0W0-L1R0W0-L1R0W0-L1R0W0-L1R0W0-L1R0W0,,,merged,optimized,3,3,3,270.937432,270.9036183333333,270.78458900000004,270.988834,0.08674302295219838,90.31299066666666,0.641595,179.94903266666665,,,custom:libsad_search_8fbfac92ec4bef.so,/home/rzzhang/sad_merged/sad/build/libsad_search_8fbfac92ec4bef.so
2026-08-23T05:18:53.361583+00:00,20260823T050257,joint:qaoa:4:9082240fb15505f5,ok,,qaoa,4,8,float64,42,32,2,128,2,1,0.0,rotation,rotation,1,1,compact:L4R0W0,compact:L4R0W0,,,merged,optimized,20,3,20,0.1382135,0.1381977,0.137082,0.13913599999999998,0.0003541192030940945,0.0358902,0.0152676,0.0870399,,,custom:libsad_search_2a8327787a9aac.so,/home/rzzhang/sad_merged/sad/build/libsad_search_2a8327787a9aac.so
2026-08-23T05:18:53.375960+00:00,20260823T050257,joint:qaoa:20:fc238a674d9ea28b,ok,,qaoa,20,8,float64,42,64,2,64,2,2,0.0,rotation,rotation,3,3,compact:L5R2W0-L5R2W0-L5R1W0,compact:L5R2W0-L5R2W0-L5R1W0,,,merged,optimized,5,3,5,5.29925,5.2985473999999995,5.292204,5.3017330000000005,0.003464258339096604,1.3425,0.0398378,3.9162095999999997,,,custom:libsad_search_97eec9f2a848ec.so,/home/rzzhang/sad_merged/sad/build/libsad_search_97eec9f2a848ec.so
2026-08-23T05:18:53.430578+00:00,20260823T050257,joint:qaoa:26:2d2026abb3508ce2,ok,,qaoa,26,8,float64,42,32,2,32,2,1,1.0,rotation,rotation,26,26,compact:L1R0W0-L1R0W0-L1R0W0-L1R0W0-L1R0W0-L1R0W0-L1R0W0-L1R0W0-L1R0W0-L1R0W0-L1R0W0-L1R0W0-L1R0W0-L1R0W0-L1R0W0-L1R0W0-L1R0W0-L1R0W0-L1R0W0-L1R0W0-L1R0W0-L1R0W0-L1R0W0-L1R0W0-L1R0W0-L1R0W0,compact:L1R0W0-L1R0W0-L1R0W0-L1R0W0-L1R0W0-L1R0W0-L1R0W0-L1R0W0-L1R0W0-L1R0W0-L1R0W0-L1R0W0-L1R0W0-L1R0W0-L1R0W0-L1R0W0-L1R0W0-L1R0W0-L1R0W0-L1R0W0-L1R0W0-L1R0W0-L1R0W0-L1R0W0-L1R0W0-L1R0W0,,,merged,optimized,2,3,2,1471.683375,1471.683375,1471.173305,1472.193445,0.5100700000000415,488.83347050000003,2.514391,980.3355135,,,custom:libsad_search_f9cdaf042a7bd6.so,/home/rzzhang/sad_merged/sad/build/libsad_search_f9cdaf042a7bd6.so
2026-08-23T05:19:00.814827+00:00,20260823T050257,joint:qaoa:6:a075dc8db80362db,ok,,qaoa,6,8,float64,42,128,2,128,2,2,0.5,rotation,rotation,4,4,compact:L2R0W0-L2R0W0-L1R0W0-L1R0W0,compact:L2R0W0-L2R0W0-L1R0W0-L1R0W0,,,merged,optimized,20,3,20,0.31846199999999997,0.3187831,0.318205,0.31961399999999995,0.0005260203323066539,0.12290224999999999,0.0153887,0.18049215,,,custom:libsad_search_b969ada61d8a74.so,/home/rzzhang/sad_merged/sad/build/libsad_search_b969ada61d8a74.so
2026-08-23T05:19:00.838607+00:00,20260823T050257,joint:qaoa:8:8007ac35a4d67001,ok,,qaoa,8,8,float64,42,32,2,128,2,2,1.0,rotation,rotation,8,8,compact:L1R0W0-L1R0W0-L1R0W0-L1R0W0-L1R0W0-L1R0W0-L1R0W0-L1R0W0,compact:L1R0W0-L1R0W0-L1R0W0-L1R0W0-L1R0W0-L1R0W0-L1R0W0-L1R0W0,,,merged,optimized,20,3,20,0.5764819999999999,0.5774475,0.5753699999999999,0.584652,0.0023504446494227384,0.23124590000000003,0.0152707,0.3309309,,,custom:libsad_search_fce412939d20fb.so,/home/rzzhang/sad_merged/sad/build/libsad_search_fce412939d20fb.so
2026-08-23T05:19:00.868132+00:00,20260823T050257,joint:qaoa:18:03d759ac8268a337,ok,,qaoa,18,8,float64,42,128,2,32,2,1,0.0,legacy,legacy,0,0,,,,,not_applicable,legacy-generic,5,3,5,1.466306,1.466097,1.46522,1.467278,0.0007724335570131813,0.40977,0.015262599999999998,1.0410644,,,custom:libsad_search_eaf59e83158800.so,/home/rzzhang/sad_merged/sad/build/libsad_search_eaf59e83158800.so
2026-08-23T05:19:00.891624+00:00,20260823T050257,joint:qaoa:4:e4d2921d12607b01,ok,,qaoa,4,8,float64,42,32,2,128,2,1,1.0,rotation,rotation,4,4,compact:L1R0W0-L1R0W0-L1R0W0-L1R0W0,compact:L1R0W0-L1R0W0-L1R0W0-L1R0W0,,,merged,optimized,20,3,20,0.2514535,0.2538221,0.24975300000000003,0.259027,0.003670322681999496,0.09476785,0.01546905,0.14358520000000002,,,custom:libsad_search_2a8327787a9aac.so,/home/rzzhang/sad_merged/sad/build/libsad_search_2a8327787a9aac.so
2026-08-23T05:19:00.908303+00:00,20260823T050257,joint:qaoa:16:5deb7855b8e7adea,ok,,qaoa,16,8,float64,42,32,2,32,2,2,0.0,rotation,rotation,3,3,compact:L5R1W0-L5R0W0-L5R0W0,compact:L5R1W0-L5R0W0-L5R0W0,,,split,optimized,5,3,5,0.615201,0.6119056,0.6063120000000001,0.615444,0.004215122992274339,0.21264719999999998,0.015407400000000002,0.383851,,,custom:libsad_search_16d9d6cef53b3d.so,/home/rzzhang/sad_merged/sad/build/libsad_search_16d9d6cef53b3d.so
2026-08-23T05:19:00.924012+00:00,20260823T050257,joint:qaoa:16:42704c7e583906f6,ok,,qaoa,16,8,float64,42,128,2,128,2,2,0.25,rotation,rotation,6,6,compact:L3R0W0-L3R0W0-L3R0W0-L3R0W0-L2R0W0-L2R0W0,compact:L3R0W0-L3R0W0-L3R0W0-L3R0W0-L2R0W0-L2R0W0,,,split,optimized,5,3,5,0.913464,0.9138294,0.913308,0.914656,0.000567386147169632,0.35237460000000004,0.0154284,0.5460264,,,custom:libsad_search_d02bea87aa5c56.so,/home/rzzhang/sad_merged/sad/build/libsad_search_d02bea87aa5c56.so
2026-08-23T05:19:00.942518+00:00,20260823T050257,joint:qaoa:10:44ce71a1857affb4,ok,,qaoa,10,8,float64,42,64,2,64,2,1,1.0,rotation,rotation,10,10,compact:L1R0W0-L1R0W0-L1R0W0-L1R0W0-L1R0W0-L1R0W0-L1R0W0-L1R0W0-L1R0W0-L1R0W0,compact:L1R0W0-L1R0W0-L1R0W0-L1R0W0-L1R0W0-L1R0W0-L1R0W0-L1R0W0-L1R0W0-L1R0W0,,,merged,optimized,10,3,10,0.757598,0.7572989,0.756469,0.7578870000000001,0.0005116294459860775,0.33929619999999994,0.015357000000000003,0.4026457,,,custom:libsad_search_7e5293342e215a.so,/home/rzzhang/sad_merged/sad/build/libsad_search_7e5293342e215a.so
2026-08-23T05:19:00.963552+00:00,20260823T050257,joint:qaoa:24:18ee627102894a0d,ok,,qaoa,24,8,float64,42,64,2,64,2,2,1.0,rotation,rotation,24,24,compact:L1R0W0-L1R0W0-L1R0W0-L1R0W0-L1R0W0-L1R0W0-L1R0W0-L1R0W0-L1R0W0-L1R0W0-L1R0W0-L1R0W0-L1R0W0-L1R0W0-L1R0W0-L1R0W0-L1R0W0-L1R0W0-L1R0W0-L1R0W0-L1R0W0-L1R0W0-L1R0W0-L1R0W0,compact:L1R0W0-L1R0W0-L1R0W0-L1R0W0-L1R0W0-L1R0W0-L1R0W0-L1R0W0-L1R0W0-L1R0W0-L1R0W0-L1R0W0-L1R0W0-L1R0W0-L1R0W0-L1R0W0-L1R0W0-L1R0W0-L1R0W0-L1R0W0-L1R0W0-L1R0W0-L1R0W0-L1R0W0,,,merged,optimized,3,3,3,342.359076,342.3477843333333,342.24334300000004,342.44093399999997,0.08106037717786545,114.05548833333334,0.6480473333333334,227.64424866666667,,,custom:libsad_search_97eec9f2a848ec.so,/home/rzzhang/sad_merged/sad/build/libsad_search_97eec9f2a848ec.so
2026-08-23T05:19:03.043390+00:00,20260823T050257,joint:qaoa:8:05b15a7f21a8d076,ok,,qaoa,8,8,float64,42,128,2,32,2,1,0.25,rotation,rotation,3,4,compact:L3R0W0-L3R0W0-L2R0W0,compact:L2R0W0-L2R0W0-L2R0W0-L2R0W0,,,split,optimized,20,3,20,0.3071555,0.30736205,0.307012,0.309071,0.0005141343671648476,0.119914,0.015255399999999999,0.17219265,,,custom:libsad_search_7259903b8346c4.so,/home/rzzhang/sad_merged/sad/build/libsad_search_7259903b8346c4.so
2026-08-23T05:19:03.061897+00:00,20260823T050257,joint:qaoa:4:d3109866e9bb18d1,ok,,qaoa,4,8,float64,42,64,2,64,2,1,1.0,rotation,rotation,4,4,compact:L1R0W0-L1R0W0-L1R0W0-L1R0W0,compact:L1R0W0-L1R0W0-L1R0W0-L1R0W0,,,split,optimized,20,3,20,0.2328485,0.23296785,0.231474,0.234519,0.0007342593053547242,0.09439834999999999,0.015267100000000002,0.12330240000000002,,,custom:libsad_search_7ec063ebc99501.so,/home/rzzhang/sad_merged/sad/build/libsad_search_7ec063ebc99501.so
2026-08-23T05:19:03.078403+00:00,20260823T050257,joint:qaoa:14:f297d7a21ab9cfbc,ok,,qaoa,14,8,float64,42,32,2,128,2,1,0.0,rotation,rotation,2,2,compact:L5R2W0-L5R2W0,compact:L5R2W0-L5R2W0,,,split,optimized,10,3,10,0.416687,0.4165202,0.415549,0.417726,0.000622466673806714,0.10270240000000001,0.015191200000000002,0.2986266,,,custom:libsad_search_0e4f539ceca897.so,/home/rzzhang/sad_merged/sad/build/libsad_search_0e4f539ceca897.so
2026-08-23T05:19:03.095121+00:00,20260823T050257,joint:qaoa:6:0ada25ca4484f681,ok,,qaoa,6,8,float64,42,32,2,32,2,1,0.0,legacy,legacy,0,0,,,,,not_applicable,legacy-generic,20,3,20,0.153444,0.15315375,0.152399,0.154427,0.0005729746831230879,0.05169989999999999,0.015276600000000001,0.08617725,,,custom:libsad_search_06042376d3c545.so,/home/rzzhang/sad_merged/sad/build/libsad_search_06042376d3c545.so
2026-08-23T05:19:03.109876+00:00,20260823T050257,joint:qaoa:4:0c7b8c02953c137a,ok,,qaoa,4,8,float64,42,64,2,64,2,1,0.75,rotation,rotation,3,3,compact:L2R0W0-L1R0W0-L1R0W0,compact:L2R0W0-L1R0W0-L1R0W0,,,split,optimized,20,3,20,0.18949100000000002,0.18970875,0.18926500000000002,0.190455,0.0004555239702803809,0.07414024999999999,0.015164799999999999,0.10040369999999998,,,custom:libsad_search_7ec063ebc99501.so,/home/rzzhang/sad_merged/sad/build/libsad_search_7ec063ebc99501.so
2026-08-23T05:19:03.128173+00:00,20260823T050257,joint:qaoa:12:05be40e916248ebc,ok,,qaoa,12,8,float64,42,32,2,32,2,1,0.0,rotation,rotation,2,2,compact:L5R1W0-L5R1W0,compact:L5R1W0-L5R1W0,,,merged,optimized,10,3,10,0.2692015,0.26886010000000005,0.268196,0.26933700000000005,0.0005001680617552614,0.09404359999999999,0.015495400000000001,0.15932110000000002,,,custom:libsad_search_f9cdaf042a7bd6.so,/home/rzzhang/sad_merged/sad/build/libsad_search_f9cdaf042a7bd6.so
2026-08-23T05:19:03.142984+00:00,20260823T050257,joint:qaoa:4:821f22bb311318b0,ok,,qaoa,4,8,float64,42,128,2,128,2,2,1.0,rotation,rotation,4,4,compact:L1R0W0-L1R0W0-L1R0W0-L1R0W0,compact:L1R0W0-L1R0W0-L1R0W0-L1R0W0,,,merged,optimized,20,3,20,0.27952699999999997,0.27909865,0.272453,0.280658,0.0022602913589844925,0.1089967,0.015093849999999999,0.1550081,,,custom:libsad_search_b969ada61d8a74.so,/home/rzzhang/sad_merged/sad/build/libsad_search_b969ada61d8a74.so
2026-08-23T05:19:03.160673+00:00,20260823T050257,joint:qaoa:24:12a82c5e4e317d01,ok,,qaoa,24,8,float64,42,32,2,32,2,2,1.0,rotation,rotation,24,24,compact:L1R0W0-L1R0W0-L1R0W0-L1R0W0-L1R0W0-L1R0W0-L1R0W0-L1R0W0-L1R0W0-L1R0W0-L1R0W0-L1R0W0-L1R0W0-L1R0W0-L1R0W0-L1R0W0-L1R0W0-L1R0W0-L1R0W0-L1R0W0-L1R0W0-L1R0W0-L1R0W0-L1R0W0,compact:L1R0W0-L1R0W0-L1R0W0-L1R0W0-L1R0W0-L1R0W0-L1R0W0-L1R0W0-L1R0W0-L1R0W0-L1R0W0-L1R0W0-L1R0W0-L1R0W0-L1R0W0-L1R0W0-L1R0W0-L1R0W0-L1R0W0-L1R0W0-L1R0W0-L1R0W0-L1R0W0-L1R0W0,,,split,optimized,3,3,3,341.144043,341.11895733333336,340.988337,341.224492,0.09802810484867151,113.43068366666665,0.6423543333333334,227.04591933333333,,,custom:libsad_search_16d9d6cef53b3d.so,/home/rzzhang/sad_merged/sad/build/libsad_search_16d9d6cef53b3d.so
2026-08-23T05:19:05.233428+00:00,20260823T050257,joint:qaoa:20:2c3e953f1f1c216c,ok,,qaoa,20,8,float64,42,64,2,64,2,1,0.5,rotation,rotation,12,12,compact:L2R0W0-L2R0W0-L2R0W0-L2R0W0-L2R0W0-L2R0W0-L2R0W0-L2R0W0-L1R0W0-L1R0W0-L1R0W0-L1R0W0,compact:L2R0W0-L2R0W0-L2R0W0-L2R0W0-L2R0W0-L2R0W0-L2R0W0-L2R0W0-L1R0W0-L1R0W0-L1R0W0-L1R0W0,,,split,optimized,5,3,5,6.514544,6.514846199999999,6.5137149999999995,6.516746,0.0010109970128543819,2.1052056,0.039998399999999996,4.3696422,,,custom:libsad_search_7ec063ebc99501.so,/home/rzzhang/sad_merged/sad/build/libsad_search_7ec063ebc99501.so
2026-08-23T05:19:05.297633+00:00,20260823T050257,joint:qaoa:16:86316ae387867e24,ok,,qaoa,16,8,float64,42,64,2,64,2,2,0.25,rotation,rotation,6,6,compact:L3R0W0-L3R0W0-L3R0W0-L3R0W0-L2R0W0-L2R0W0,compact:L3R0W0-L3R0W0-L3R0W0-L3R0W0-L2R0W0-L2R0W0,,,split,optimized,5,3,5,0.813048,0.8146378000000001,0.812785,0.8210500000000001,0.003209731914038952,0.3168954,0.0155986,0.48214379999999996,,,custom:libsad_search_20c37ff249ec0a.so,/home/rzzhang/sad_merged/sad/build/libsad_search_20c37ff249ec0a.so
2026-08-23T05:19:05.315551+00:00,20260823T050257,joint:qaoa:24:69544f14e85cccc9,ok,,qaoa,24,8,float64,42,64,2,64,2,2,1.0,rotation,rotation,24,24,compact:L1R0W0-L1R0W0-L1R0W0-L1R0W0-L1R0W0-L1R0W0-L1R0W0-L1R0W0-L1R0W0-L1R0W0-L1R0W0-L1R0W0-L1R0W0-L1R0W0-L1R0W0-L1R0W0-L1R0W0-L1R0W0-L1R0W0-L1R0W0-L1R0W0-L1R0W0-L1R0W0-L1R0W0,compact:L1R0W0-L1R0W0-L1R0W0-L1R0W0-L1R0W0-L1R0W0-L1R0W0-L1R0W0-L1R0W0-L1R0W0-L1R0W0-L1R0W0-L1R0W0-L1R0W0-L1R0W0-L1R0W0-L1R0W0-L1R0W0-L1R0W0-L1R0W0-L1R0W0-L1R0W0-L1R0W0-L1R0W0,,,split,optimized,3,3,3,342.444526,342.4646413333333,342.281148,342.66825,0.1586725340175764,114.06022533333334,0.6498676666666667,227.75454833333333,,,custom:libsad_search_20c37ff249ec0a.so,/home/rzzhang/sad_merged/sad/build/libsad_search_20c37ff249ec0a.so
2026-08-23T05:19:07.396205+00:00,20260823T050257,joint:qaoa:14:0887c6099e4835a4,ok,,qaoa,14,8,float64,42,64,2,64,2,1,0.0,legacy,legacy,0,0,,,,,not_applicable,legacy-generic,10,3,10,0.353224,0.3532638,0.352237,0.35429600000000006,0.00047721060340273635,0.12084940000000001,0.015538800000000002,0.21687559999999997,,,custom:libsad_search_5a6ce94d125b8e.so,/home/rzzhang/sad_merged/sad/build/libsad_search_5a6ce94d125b8e.so
2026-08-23T05:19:07.412384+00:00,20260823T050257,joint:qaoa:12:75988d4468e01a24,ok,,qaoa,12,8,float64,42,32,2,128,2,2,0.75,rotation,rotation,10,10,compact:L2R0W0-L2R0W0-L1R0W0-L1R0W0-L1R0W0-L1R0W0-L1R0W0-L1R0W0-L1R0W0-L1R0W0,compact:L2R0W0-L2R0W0-L1R0W0-L1R0W0-L1R0W0-L1R0W0-L1R0W0-L1R0W0-L1R0W0-L1R0W0,,,merged,optimized,10,3,10,0.8794995,0.8798612,0.878511,0.8836510000000001,0.0015266839096551709,0.3406285,0.015333299999999998,0.5238994,,,custom:libsad_search_fce412939d20fb.so,/home/rzzhang/sad_merged/sad/build/libsad_search_fce412939d20fb.so
2026-08-23T05:19:07.435116+00:00,20260823T050257,joint:qaoa:4:7c2b86ac16c03aa6,ok,,qaoa,4,8,float64,42,128,2,32,2,2,0.75,rotation,rotation,3,3,compact:L2R0W0-L1R0W0-L1R0W0,compact:L2R0W0-L1R0W0-L1R0W0,,,merged,optimized,20,3,20,0.2006125,0.20025195,0.199484,0.20075300000000001,0.0005095730050738546,0.0837924,0.0154594,0.10100014999999998,,,custom:libsad_search_d014591f51543a.so,/home/rzzhang/sad_merged/sad/build/libsad_search_d014591f51543a.so
2026-08-23T05:19:07.450892+00:00,20260823T050257,joint:qaoa:6:23b25d9236841f24,ok,,qaoa,6,8,float64,42,32,2,128,2,1,0.5,rotation,rotation,4,4,compact:L2R0W0-L2R0W0-L1R0W0-L1R0W0,compact:L2R0W0-L2R0W0-L1R0W0-L1R0W0,,,split,optimized,20,3,20,0.30513599999999996,0.30515545,0.304041,0.30619299999999994,0.000504646854245623,0.1084668,0.015404599999999997,0.18128405,,,custom:libsad_search_0e4f539ceca897.so,/home/rzzhang/sad_merged/sad/build/libsad_search_0e4f539ceca897.so
2026-08-23T05:19:07.468972+00:00,20260823T050257,joint:qaoa:16:30a40f1da6d7c949,ok,,qaoa,16,8,float64,42,32,2,128,2,2,0.25,rotation,rotation,6,6,compact:L3R0W0-L3R0W0-L3R0W0-L3R0W0-L2R0W0-L2R0W0,compact:L3R0W0-L3R0W0-L3R0W0-L3R0W0-L2R0W0-L2R0W0,,,split,optimized,5,3,5,0.834585,0.8349278,0.834505,0.8355340000000001,0.0004819889625292909,0.306157,0.015514599999999998,0.5132561999999999,,,custom:libsad_search_2a0e4369743c84.so,/home/rzzhang/sad_merged/sad/build/libsad_search_2a0e4369743c84.so
2026-08-23T05:19:07.486955+00:00,20260823T050257,joint:qaoa:24:62f4af4cb7f7887c,ok,,qaoa,24,8,float64,42,64,2,64,2,1,0.5,rotation,rotation,14,14,compact:L2R0W0-L2R0W0-L2R0W0-L2R0W0-L2R0W0-L2R0W0-L2R0W0-L2R0W0-L2R0W0-L2R0W0-L1R0W0-L1R0W0-L1R0W0-L1R0W0,compact:L2R0W0-L2R0W0-L2R0W0-L2R0W0-L2R0W0-L2R0W0-L2R0W0-L2R0W0-L2R0W0-L2R0W0-L1R0W0-L1R0W0-L1R0W0-L1R0W0,,,merged,optimized,3,3,3,200.35688299999998,200.34063666666665,200.30577900000003,200.35924799999998,0.024666995497785185,66.65045599999999,0.6413556666666667,133.04882500000002,,,custom:libsad_search_7e5293342e215a.so,/home/rzzhang/sad_merged/sad/build/libsad_search_7e5293342e215a.so
2026-08-23T05:19:08.715565+00:00,20260823T050257,joint:qaoa:26:ba01bb40b6e725ae,ok,,qaoa,26,8,float64,42,128,2,32,2,1,0.25,rotation,rotation,9,10,compact:L3R0W0-L3R0W0-L3R0W0-L3R0W0-L3R0W0-L3R0W0-L3R0W0-L3R0W0-L2R0W0,compact:L3R0W0-L3R0W0-L3R0W0-L3R0W0-L3R0W0-L3R0W0-L2R0W0-L2R0W0-L2R0W0-L2R0W0,,,split,optimized,2,3,2,557.829037,557.829037,557.8019939999999,557.8560800000001,0.02704300000010562,170.35981999999998,2.5101915,384.9590255,,,custom:libsad_search_7259903b8346c4.so,/home/rzzhang/sad_merged/sad/build/libsad_search_7259903b8346c4.so
2026-08-23T05:19:11.532769+00:00,20260823T050257,joint:qaoa:26:294097bfcbc06b1f,ok,,qaoa,26,8,float64,42,32,2,32,2,1,0.25,rotation,rotation,10,10,compact:L3R0W0-L3R0W0-L3R0W0-L3R0W0-L3R0W0-L3R0W0-L2R0W0-L2R0W0-L2R0W0-L2R0W0,compact:L3R0W0-L3R0W0-L3R0W0-L3R0W0-L3R0W0-L3R0W0-L2R0W0-L2R0W0-L2R0W0-L2R0W0,,,split,optimized,2,3,2,576.1567474999999,576.1567474999999,576.018567,576.294928,0.13818050000003268,188.3725545,2.5051885,385.27900450000004,,,custom:libsad_search_3cb67c7e18cc99.so,/home/rzzhang/sad_merged/sad/build/libsad_search_3cb67c7e18cc99.so
2026-08-23T05:19:14.454602+00:00,20260823T050257,joint:qaoa:18:ad45b63c1c7e7a26,ok,,qaoa,18,8,float64,42,32,2,32,2,1,0.0,legacy,legacy,0,0,,,,,not_applicable,legacy-generic,5,3,5,1.530923,1.5310736,1.529928,1.532095,0.0007642124311996349,0.4660052,0.015430800000000001,1.0496376,,,custom:libsad_search_06042376d3c545.so,/home/rzzhang/sad_merged/sad/build/libsad_search_06042376d3c545.so
2026-08-23T05:19:14.491150+00:00,20260823T050257,joint:qaoa:14:741e0c7c3c5a483f,ok,,qaoa,14,8,float64,42,32,2,128,2,2,1.0,rotation,rotation,14,14,compact:L1R0W0-L1R0W0-L1R0W0-L1R0W0-L1R0W0-L1R0W0-L1R0W0-L1R0W0-L1R0W0-L1R0W0-L1R0W0-L1R0W0-L1R0W0-L1R0W0,compact:L1R0W0-L1R0W0-L1R0W0-L1R0W0-L1R0W0-L1R0W0-L1R0W0-L1R0W0-L1R0W0-L1R0W0-L1R0W0-L1R0W0-L1R0W0-L1R0W0,,,split,optimized,10,3,10,1.2666205000000001,1.2662179,1.2625119999999999,1.268741,0.0014865816122904417,0.5131902,0.0153434,0.7376843000000001,,,custom:libsad_search_2a0e4369743c84.so,/home/rzzhang/sad_merged/sad/build/libsad_search_2a0e4369743c84.so
2026-08-23T05:19:14.520477+00:00,20260823T050257,joint:qaoa:22:7639fb9028f68b86,ok,,qaoa,22,8,float64,42,64,2,64,2,1,0.75,rotation,rotation,17,17,compact:L2R0W0-L2R0W0-L2R0W0-L2R0W0-L2R0W0-L1R0W0-L1R0W0-L1R0W0-L1R0W0-L1R0W0-L1R0W0-L1R0W0-L1R0W0-L1R0W0-L1R0W0-L1R0W0-L1R0W0,compact:L2R0W0-L2R0W0-L2R0W0-L2R0W0-L2R0W0-L1R0W0-L1R0W0-L1R0W0-L1R0W0-L1R0W0-L1R0W0-L1R0W0-L1R0W0-L1R0W0-L1R0W0-L1R0W0-L1R0W0,,,split,optimized,3,3,3,51.138454,51.14158666666666,51.120149000000005,51.166157,0.018912856585458424,10.371690666666668,0.14947133333333332,40.620424666666665,,,custom:libsad_search_7ec063ebc99501.so,/home/rzzhang/sad_merged/sad/build/libsad_search_7ec063ebc99501.so
2026-08-23T05:19:14.851386+00:00,20260823T050257,joint:qaoa:22:2a5e55e316539ac3,ok,,qaoa,22,8,float64,42,128,2,128,2,1,1.0,rotation,rotation,22,22,compact:L1R0W0-L1R0W0-L1R0W0-L1R0W0-L1R0W0-L1R0W0-L1R0W0-L1R0W0-L1R0W0-L1R0W0-L1R0W0-L1R0W0-L1R0W0-L1R0W0-L1R0W0-L1R0W0-L1R0W0-L1R0W0-L1R0W0-L1R0W0-L1R0W0-L1R0W0,compact:L1R0W0-L1R0W0-L1R0W0-L1R0W0-L1R0W0-L1R0W0-L1R0W0-L1R0W0-L1R0W0-L1R0W0-L1R0W0-L1R0W0-L1R0W0-L1R0W0-L1R0W0-L1R0W0-L1R0W0-L1R0W0-L1R0W0-L1R0W0-L1R0W0-L1R0W0,,,merged,optimized,3,3,3,65.93529299999999,65.98510833333333,65.90760999999999,66.11242200000001,0.09073097380841834,13.323983666666665,0.15036733333333335,52.51075733333333,,,custom:libsad_search_8fbfac92ec4bef.so,/home/rzzhang/sad_merged/sad/build/libsad_search_8fbfac92ec4bef.so
2026-08-23T05:19:15.271907+00:00,20260823T050257,joint:qaoa:28:46c38e56afe8beba,ok,,qaoa,28,8,float64,42,128,2,32,2,1,0.0,rotation,rotation,4,4,compact:L5R2W0-L5R2W0-L5R2W0-L5R2W0,compact:L5R2W0-L5R2W0-L5R2W0-L5R2W0,,,merged,optimized,2,3,2,1720.5937815000002,1720.5937815000002,1720.496669,1720.690894,0.09711249999998017,430.755038,9.9732305,1279.865513,,,custom:libsad_search_5851e15f736f52.so,/home/rzzhang/sad_merged/sad/build/libsad_search_5851e15f736f52.so
2026-08-23T05:19:23.912970+00:00,20260823T050257,joint:qaoa:8:83b1a5f823ea06d4,ok,,qaoa,8,8,float64,42,128,2,32,2,1,0.5,rotation,rotation,4,5,compact:L2R0W0-L2R0W0-L2R0W0-L2R0W0,compact:L2R0W0-L2R0W0-L2R0W0-L1R0W0-L1R0W0,,,split,optimized,20,3,20,0.359355,0.3599014,0.358271,0.36765400000000004,0.002034160057615926,0.14831945,0.0155555,0.19602645,,,custom:libsad_search_7259903b8346c4.so,/home/rzzhang/sad_merged/sad/build/libsad_search_7259903b8346c4.so
2026-08-23T05:19:23.937072+00:00,20260823T050257,joint:qaoa:4:2fe5162fe3fc3327,ok,,qaoa,4,8,float64,42,128,2,128,2,2,0.75,rotation,rotation,3,3,compact:L2R0W0-L1R0W0-L1R0W0,compact:L2R0W0-L1R0W0-L1R0W0,,,split,optimized,20,3,20,0.2242635,0.22442215000000001,0.22315400000000002,0.226004,0.0006064375709831992,0.08381665,0.0155182,0.1250873,,,custom:libsad_search_d02bea87aa5c56.so,/home/rzzhang/sad_merged/sad/build/libsad_search_d02bea87aa5c56.so
2026-08-23T05:19:23.958399+00:00,20260823T050257,joint:qaoa:4:01d6a7ef0ee1b4d9,ok,,qaoa,4,8,float64,42,128,2,128,2,2,0.25,rotation,rotation,2,2,compact:L2R0W0-L2R0W0,compact:L2R0W0-L2R0W0,,,merged,optimized,20,3,20,0.1883665,0.18873605,0.187265,0.19048900000000002,0.0007692612998845077,0.0632294,0.01557075,0.1099359,,,custom:libsad_search_b969ada61d8a74.so,/home/rzzhang/sad_merged/sad/build/libsad_search_b969ada61d8a74.so
2026-08-23T05:19:23.979328+00:00,20260823T050257,joint:qaoa:8:2928e0fe3e48dc32,ok,,qaoa,8,8,float64,42,32,2,128,2,2,0.5,rotation,rotation,5,4,compact:L2R0W0-L2R0W0-L2R0W0-L1R0W0-L1R0W0,compact:L2R0W0-L2R0W0-L2R0W0-L2R0W0,,,merged,optimized,20,3,20,0.4004025,0.4020926,0.399094,0.40961600000000004,0.0036621176168987342,0.15522375,0.015616549999999998,0.2312523,,,custom:libsad_search_fce412939d20fb.so,/home/rzzhang/sad_merged/sad/build/libsad_search_fce412939d20fb.so
2026-08-23T05:19:24.004496+00:00,20260823T050257,joint:qaoa:28:7222e3004ba4e1c4,ok,,qaoa,28,8,float64,42,128,2,128,2,2,0.5,rotation,rotation,16,16,compact:L2R0W0-L2R0W0-L2R0W0-L2R0W0-L2R0W0-L2R0W0-L2R0W0-L2R0W0-L2R0W0-L2R0W0-L2R0W0-L2R0W0-L1R0W0-L1R0W0-L1R0W0-L1R0W0,compact:L2R0W0-L2R0W0-L2R0W0-L2R0W0-L2R0W0-L2R0W0-L2R0W0-L2R0W0-L2R0W0-L2R0W0-L2R0W0-L2R0W0-L1R0W0-L1R0W0-L1R0W0-L1R0W0,,,split,optimized,2,3,2,3634.4944235000003,3634.4944235000003,3633.8910929999997,3635.0977540000004,0.6033305000003111,1208.0329669999999,9.9807085,2416.480748,,,custom:libsad_search_d02bea87aa5c56.so,/home/rzzhang/sad_merged/sad/build/libsad_search_d02bea87aa5c56.so
2026-08-23T05:19:42.312191+00:00,20260823T050257,joint:qaoa:26:d90863e934b03c03,ok,,qaoa,26,8,float64,42,32,2,32,2,1,0.75,rotation,rotation,20,20,compact:L2R0W0-L2R0W0-L2R0W0-L2R0W0-L2R0W0-L2R0W0-L1R0W0-L1R0W0-L1R0W0-L1R0W0-L1R0W0-L1R0W0-L1R0W0-L1R0W0-L1R0W0-L1R0W0-L1R0W0-L1R0W0-L1R0W0-L1R0W0,compact:L2R0W0-L2R0W0-L2R0W0-L2R0W0-L2R0W0-L2R0W0-L1R0W0-L1R0W0-L1R0W0-L1R0W0-L1R0W0-L1R0W0-L1R0W0-L1R0W0-L1R0W0-L1R0W0-L1R0W0-L1R0W0-L1R0W0-L1R0W0,,,merged,optimized,2,3,2,1132.915422,1132.915422,1132.813506,1133.0173379999999,0.10191599999996015,375.900248,2.515261,754.499913,,,custom:libsad_search_f9cdaf042a7bd6.so,/home/rzzhang/sad_merged/sad/build/libsad_search_f9cdaf042a7bd6.so
2026-08-23T05:19:48.034486+00:00,20260823T050257,joint:qaoa:8:0b429b417d3f7f27,ok,,qaoa,8,8,float64,42,128,2,32,2,2,1.0,rotation,rotation,8,8,compact:L1R0W0-L1R0W0-L1R0W0-L1R0W0-L1R0W0-L1R0W0-L1R0W0-L1R0W0,compact:L1R0W0-L1R0W0-L1R0W0-L1R0W0-L1R0W0-L1R0W0-L1R0W0-L1R0W0,,,split,optimized,20,3,20,0.550827,0.5505104,0.5447609999999999,0.552064,0.0014955423230387172,0.2614499,0.015397149999999998,0.27366334999999997,,,custom:libsad_search_3b115211f38255.so,/home/rzzhang/sad_merged/sad/build/libsad_search_3b115211f38255.so
2026-08-23T05:19:48.063734+00:00,20260823T050257,joint:qaoa:22:e934c5d693f56145,ok,,qaoa,22,8,float64,42,32,2,32,2,1,0.75,rotation,rotation,18,18,compact:L2R0W0-L2R0W0-L2R0W0-L2R0W0-L1R0W0-L1R0W0-L1R0W0-L1R0W0-L1R0W0-L1R0W0-L1R0W0-L1R0W0-L1R0W0-L1R0W0-L1R0W0-L1R0W0-L1R0W0-L1R0W0,compact:L2R0W0-L2R0W0-L2R0W0-L2R0W0-L1R0W0-L1R0W0-L1R0W0-L1R0W0-L1R0W0-L1R0W0-L1R0W0-L1R0W0-L1R0W0-L1R0W0-L1R0W0-L1R0W0-L1R0W0-L1R0W0,,,merged,optimized,3,3,3,53.757967,53.78387633333333,53.757907,53.835755,0.03668376517692062,10.886887666666667,0.14214233333333334,42.75484633333334,,,custom:libsad_search_f9cdaf042a7bd6.so,/home/rzzhang/sad_merged/sad/build/libsad_search_f9cdaf042a7bd6.so
2026-08-23T05:19:48.418745+00:00,20260823T050257,joint:qaoa:10:448a55643658aae3,ok,,qaoa,10,8,float64,42,128,2,128,2,2,0.75,rotation,rotation,8,8,compact:L2R0W0-L2R0W0-L1R0W0-L1R0W0-L1R0W0-L1R0W0-L1R0W0-L1R0W0,compact:L2R0W0-L2R0W0-L1R0W0-L1R0W0-L1R0W0-L1R0W0-L1R0W0-L1R0W0,,,merged,optimized,10,3,10,0.7208915,0.7208508,0.7197180000000001,0.7219150000000001,0.0006794157490079344,0.3018529,0.015289299999999999,0.4037086000000001,,,custom:libsad_search_b969ada61d8a74.so,/home/rzzhang/sad_merged/sad/build/libsad_search_b969ada61d8a74.so
2026-08-23T05:19:48.439455+00:00,20260823T050257,joint:qaoa:8:3f50d2e391ddc4e6,ok,,qaoa,8,8,float64,42,64,2,64,2,2,0.0,rotation,rotation,1,1,compact:L5R2W1,compact:L5R2W1,,,merged,optimized,20,3,20,0.1802135,0.18014105,0.179045,0.18029200000000004,0.000264477309990857,0.0529163,0.015594550000000002,0.1116302,,,custom:libsad_search_97eec9f2a848ec.so,/home/rzzhang/sad_merged/sad/build/libsad_search_97eec9f2a848ec.so
2026-08-23T05:19:48.455000+00:00,20260823T050257,joint:qaoa:8:47c5117a17098b69,ok,,qaoa,8,8,float64,42,128,2,32,2,1,0.75,rotation,rotation,6,6,compact:L2R0W0-L2R0W0-L1R0W0-L1R0W0-L1R0W0-L1R0W0,compact:L2R0W0-L2R0W0-L1R0W0-L1R0W0-L1R0W0-L1R0W0,,,split,optimized,20,3,20,0.438407,0.4403302,0.43703000000000003,0.446463,0.0034325527614298885,0.2044804,0.015304700000000003,0.22054509999999997,,,custom:libsad_search_7259903b8346c4.so,/home/rzzhang/sad_merged/sad/build/libsad_search_7259903b8346c4.so
2026-08-23T05:19:48.476160+00:00,20260823T050257,joint:qaoa:24:946c906334cb7196,ok,,qaoa,24,8,float64,42,128,2,32,2,1,1.0,rotation,rotation,24,24,compact:L1R0W0-L1R0W0-L1R0W0-L1R0W0-L1R0W0-L1R0W0-L1R0W0-L1R0W0-L1R0W0-L1R0W0-L1R0W0-L1R0W0-L1R0W0-L1R0W0-L1R0W0-L1R0W0-L1R0W0-L1R0W0-L1R0W0-L1R0W0-L1R0W0-L1R0W0-L1R0W0-L1R0W0,compact:L1R0W0-L1R0W0-L1R0W0-L1R0W0-L1R0W0-L1R0W0-L1R0W0-L1R0W0-L1R0W0-L1R0W0-L1R0W0-L1R0W0-L1R0W0-L1R0W0-L1R0W0-L1R0W0-L1R0W0-L1R0W0-L1R0W0-L1R0W0-L1R0W0-L1R0W0-L1R0W0-L1R0W0,,,merged,optimized,3,3,3,341.152958,341.31566133333337,341.13709200000005,341.65693400000004,0.2414031306747201,113.94212233333334,0.6463260000000001,226.72721299999998,,,custom:libsad_search_5851e15f736f52.so,/home/rzzhang/sad_merged/sad/build/libsad_search_5851e15f736f52.so
2026-08-23T05:19:50.551069+00:00,20260823T050257,joint:qaoa:24:b371a3826076a107,ok,,qaoa,24,8,float64,42,128,2,128,2,1,0.0,rotation,rotation,3,3,compact:L5R2W1-L5R2W1-L5R2W1,compact:L5R2W1-L5R2W1-L5R2W1,,,split,optimized,3,3,3,101.13635599999999,101.14011033333333,101.131216,101.15275899999999,0.009186819410919426,24.21012833333333,0.6156363333333333,76.31434566666665,,,custom:libsad_search_9361435758c99d.so,/home/rzzhang/sad_merged/sad/build/libsad_search_9361435758c99d.so
2026-08-23T05:19:51.184018+00:00,20260823T050257,joint:qaoa:8:6c8e28ff56426539,ok,,qaoa,8,8,float64,42,32,2,128,2,2,1.0,rotation,rotation,8,8,compact:L1R0W0-L1R0W0-L1R0W0-L1R0W0-L1R0W0-L1R0W0-L1R0W0-L1R0W0,compact:L1R0W0-L1R0W0-L1R0W0-L1R0W0-L1R0W0-L1R0W0-L1R0W0-L1R0W0,,,split,optimized,20,3,20,0.576508,0.5766770999999999,0.5753550000000001,0.5776709999999999,0.0007800807586397648,0.23097800000000002,0.0155203,0.3301788,,,custom:libsad_search_2a0e4369743c84.so,/home/rzzhang/sad_merged/sad/build/libsad_search_2a0e4369743c84.so
2026-08-23T05:19:51.208443+00:00,20260823T050257,joint:qaoa:18:a212bf70397bafbf,ok,,qaoa,18,8,float64,42,32,2,32,2,2,0.5,rotation,rotation,10,10,compact:L2R0W0-L2R0W0-L2R0W0-L2R0W0-L2R0W0-L2R0W0-L2R0W0-L2R0W0-L1R0W0-L1R0W0,compact:L2R0W0-L2R0W0-L2R0W0-L2R0W0-L2R0W0-L2R0W0-L2R0W0-L2R0W0-L1R0W0-L1R0W0,,,merged,optimized,5,3,5,2.111327,2.1112446,2.110305,2.1126460000000002,0.0008781527429783321,0.7770990000000001,0.015605600000000002,1.31854,,,custom:libsad_search_dcff342f285260.so,/home/rzzhang/sad_merged/sad/build/libsad_search_dcff342f285260.so
2026-08-23T05:19:51.236602+00:00,20260823T050257,joint:qaoa:14:d75d66cca2065040,ok,,qaoa,14,8,float64,42,32,2,128,2,2,0.25,rotation,rotation,5,5,compact:L3R0W0-L3R0W0-L3R0W0-L3R0W0-L2R0W0,compact:L3R0W0-L3R0W0-L3R0W0-L3R0W0-L2R0W0,,,merged,optimized,10,3,10,0.637904,0.6379165,0.636771,0.640018,0.0009218313565940286,0.20605210000000002,0.015156,0.4167084,,,custom:libsad_search_fce412939d20fb.so,/home/rzzhang/sad_merged/sad/build/libsad_search_fce412939d20fb.so
2026-08-23T05:19:51.255763+00:00,20260823T050257,joint:qaoa:8:1d0eeac7e44a1882,ok,,qaoa,8,8,float64,42,32,2,32,2,2,0.5,rotation,rotation,5,5,compact:L2R0W0-L2R0W0-L2R0W0-L1R0W0-L1R0W0,compact:L2R0W0-L2R0W0-L2R0W0-L1R0W0-L1R0W0,,,split,optimized,20,3,20,0.3655355,0.3655851,0.364489,0.366613,0.0005080817749142334,0.15483915,0.0151355,0.19561045,,,custom:libsad_search_16d9d6cef53b3d.so,/home/rzzhang/sad_merged/sad/build/libsad_search_16d9d6cef53b3d.so
2026-08-23T05:19:51.274999+00:00,20260823T050257,joint:qaoa:20:d350109976dde70c,ok,,qaoa,20,8,float64,42,32,2,32,2,1,0.5,rotation,rotation,12,12,compact:L2R0W0-L2R0W0-L2R0W0-L2R0W0-L2R0W0-L2R0W0-L2R0W0-L2R0W0-L1R0W0-L1R0W0-L1R0W0-L1R0W0,compact:L2R0W0-L2R0W0-L2R0W0-L2R0W0-L2R0W0-L2R0W0-L2R0W0-L2R0W0-L1R0W0-L1R0W0-L1R0W0-L1R0W0,,,split,optimized,5,3,5,7.019597999999999,7.0203147999999995,7.015324000000001,7.025658,0.004180426887292637,2.4100652,0.0400758,4.5701738,,,custom:libsad_search_3cb67c7e18cc99.so,/home/rzzhang/sad_merged/sad/build/libsad_search_3cb67c7e18cc99.so
2026-08-23T05:19:51.342452+00:00,20260823T050257,joint:qaoa:22:be13ffd8c2002c3a,ok,,qaoa,22,8,float64,42,128,2,32,2,2,0.0,rotation,rotation,3,4,compact:L5R2W1-L5R2W0-L5R2W0,compact:L5R1W0-L5R1W0-L5R0W0-L5R0W0,,,merged,optimized,3,3,3,23.269396,23.267982,23.263126,23.271424,0.0035321143809339517,5.629359000000001,0.146231,17.492392,,,custom:libsad_search_d014591f51543a.so,/home/rzzhang/sad_merged/sad/build/libsad_search_d014591f51543a.so
2026-08-23T05:19:51.505938+00:00,20260823T050257,joint:qaoa:6:e11484e5b47a1ffc,ok,,qaoa,6,8,float64,42,32,2,32,2,1,1.0,rotation,rotation,6,6,compact:L1R0W0-L1R0W0-L1R0W0-L1R0W0-L1R0W0-L1R0W0,compact:L1R0W0-L1R0W0-L1R0W0-L1R0W0-L1R0W0-L1R0W0,,,split,optimized,20,3,20,0.3686075,0.3684974,0.367538,0.369621,0.0004583536189450271,0.15875325,0.0153277,0.19441645,,,custom:libsad_search_3cb67c7e18cc99.so,/home/rzzhang/sad_merged/sad/build/libsad_search_3cb67c7e18cc99.so
2026-08-23T05:19:51.524970+00:00,20260823T050257,joint:qaoa:22:91b8e82060d1fdc7,ok,,qaoa,22,8,float64,42,128,2,128,2,1,0.0,legacy,legacy,0,0,,,,,not_applicable,legacy-generic,3,3,3,26.219813000000002,26.224031666666665,26.219496,26.232786,0.006191601103286848,6.428073666666666,0.14767733333333333,19.64828066666667,,,custom:libsad_search_78e231cd0d5107.so,/home/rzzhang/sad_merged/sad/build/libsad_search_78e231cd0d5107.so
2026-08-23T05:19:51.706238+00:00,20260823T050257,joint:qaoa:20:f3f52f41457b31e3,ok,,qaoa,20,8,float64,42,128,2,32,2,2,0.0,rotation,rotation,3,3,compact:L5R2W0-L5R2W0-L5R1W0,compact:L5R2W0-L5R2W0-L5R1W0,,,merged,optimized,5,3,5,5.5386940000000005,5.5383622,5.537766,5.538792,0.00046728252695743923,1.4332818,0.0397866,4.065293799999999,,,custom:libsad_search_d014591f51543a.so,/home/rzzhang/sad_merged/sad/build/libsad_search_d014591f51543a.so
2026-08-23T05:19:51.762562+00:00,20260823T050257,joint:qaoa:14:7da32470332a744c,ok,,qaoa,14,8,float64,42,128,2,32,2,2,0.5,rotation,rotation,8,8,compact:L2R0W0-L2R0W0-L2R0W0-L2R0W0-L2R0W0-L2R0W0-L1R0W0-L1R0W0,compact:L2R0W0-L2R0W0-L2R0W0-L2R0W0-L2R0W0-L2R0W0-L1R0W0-L1R0W0,,,merged,optimized,10,3,10,0.8130339999999999,0.8133224,0.811957,0.815023,0.0009041152802602354,0.3929446,0.0155754,0.40480239999999995,,,custom:libsad_search_d014591f51543a.so,/home/rzzhang/sad_merged/sad/build/libsad_search_d014591f51543a.so
2026-08-23T05:19:51.784020+00:00,20260823T050257,joint:qaoa:28:53192846a17d0bc4,ok,,qaoa,28,8,float64,42,64,2,64,2,1,0.75,rotation,rotation,22,22,compact:L2R0W0-L2R0W0-L2R0W0-L2R0W0-L2R0W0-L2R0W0-L1R0W0-L1R0W0-L1R0W0-L1R0W0-L1R0W0-L1R0W0-L1R0W0-L1R0W0-L1R0W0-L1R0W0-L1R0W0-L1R0W0-L1R0W0-L1R0W0-L1R0W0-L1R0W0,compact:L2R0W0-L2R0W0-L2R0W0-L2R0W0-L2R0W0-L2R0W0-L1R0W0-L1R0W0-L1R0W0-L1R0W0-L1R0W0-L1R0W0-L1R0W0-L1R0W0-L1R0W0-L1R0W0-L1R0W0-L1R0W0-L1R0W0-L1R0W0-L1R0W0-L1R0W0,,,split,optimized,2,3,2,4980.8970915,4980.8970915,4980.196198,4981.597985,0.7008935000003476,1655.1177135,9.981581499999999,3315.7977965,,,custom:libsad_search_7ec063ebc99501.so,/home/rzzhang/sad_merged/sad/build/libsad_search_7ec063ebc99501.so
2026-08-23T05:20:16.723558+00:00,20260823T050257,joint:qaoa:26:b917f0594c7498f9,ok,,qaoa,26,8,float64,42,64,2,64,2,2,1.0,rotation,rotation,26,26,compact:L1R0W0-L1R0W0-L1R0W0-L1R0W0-L1R0W0-L1R0W0-L1R0W0-L1R0W0-L1R0W0-L1R0W0-L1R0W0-L1R0W0-L1R0W0-L1R0W0-L1R0W0-L1R0W0-L1R0W0-L1R0W0-L1R0W0-L1R0W0-L1R0W0-L1R0W0-L1R0W0-L1R0W0-L1R0W0-L1R0W0,compact:L1R0W0-L1R0W0-L1R0W0-L1R0W0-L1R0W0-L1R0W0-L1R0W0-L1R0W0-L1R0W0-L1R0W0-L1R0W0-L1R0W0-L1R0W0-L1R0W0-L1R0W0-L1R0W0-L1R0W0-L1R0W0-L1R0W0-L1R0W0-L1R0W0-L1R0W0-L1R0W0-L1R0W0-L1R0W0-L1R0W0,,,merged,optimized,2,3,2,1475.0757635,1475.0757635,1474.947685,1475.203842,0.1280784999999014,489.9176735,2.512223,982.645867,,,custom:libsad_search_97eec9f2a848ec.so,/home/rzzhang/sad_merged/sad/build/libsad_search_97eec9f2a848ec.so
2026-08-23T05:20:24.156632+00:00,20260823T050257,joint:qaoa:14:0961e401c5963513,ok,,qaoa,14,8,float64,42,64,2,64,2,1,0.25,rotation,rotation,5,5,compact:L3R0W0-L3R0W0-L3R0W0-L3R0W0-L2R0W0,compact:L3R0W0-L3R0W0-L3R0W0-L3R0W0-L2R0W0,,,split,optimized,10,3,10,0.5503675,0.5505679000000001,0.54982,0.552975,0.0009283033394316666,0.2162855,0.015718700000000002,0.31856369999999995,,,custom:libsad_search_7ec063ebc99501.so,/home/rzzhang/sad_merged/sad/build/libsad_search_7ec063ebc99501.so
2026-08-23T05:20:24.179182+00:00,20260823T050257,joint:qaoa:8:6cf027932c219cd1,ok,,qaoa,8,8,float64,42,32,2,128,2,2,0.25,rotation,rotation,4,3,compact:L2R0W0-L2R0W0-L2R0W0-L2R0W0,compact:L3R0W0-L3R0W0-L2R0W0,,,split,optimized,20,3,20,0.352283,0.3524241,0.351732,0.354245,0.0005348173426507364,0.13012025,0.01537765,0.2069262,,,custom:libsad_search_2a0e4369743c84.so,/home/rzzhang/sad_merged/sad/build/libsad_search_2a0e4369743c84.so
2026-08-23T05:20:24.202212+00:00,20260823T050257,joint:qaoa:12:9c65eb6a691c6d88,ok,,qaoa,12,8,float64,42,128,2,128,2,1,0.25,rotation,rotation,4,4,compact:L3R0W0-L3R0W0-L3R0W0-L3R0W0,compact:L3R0W0-L3R0W0-L3R0W0-L3R0W0,,,merged,optimized,10,3,10,0.552927,0.5529206,0.5519540000000001,0.553918,0.0004412092927398431,0.2013773,0.015472,0.3360713,,,custom:libsad_search_8fbfac92ec4bef.so,/home/rzzhang/sad_merged/sad/build/libsad_search_8fbfac92ec4bef.so
2026-08-23T05:20:24.220438+00:00,20260823T050257,joint:qaoa:18:1e326068d576965e,ok,,qaoa,18,8,float64,42,128,2,128,2,1,0.25,rotation,rotation,6,6,compact:L3R0W0-L3R0W0-L3R0W0-L3R0W0-L3R0W0-L3R0W0,compact:L3R0W0-L3R0W0-L3R0W0-L3R0W0-L3R0W0-L3R0W0,,,split,optimized,5,3,5,1.8164700000000003,1.8163139999999998,1.815698,1.816494,0.00030878601004579874,0.5987244,0.015377000000000002,1.2022126,,,custom:libsad_search_9361435758c99d.so,/home/rzzhang/sad_merged/sad/build/libsad_search_9361435758c99d.so
2026-08-23T05:20:24.246198+00:00,20260823T050257,joint:qaoa:20:77d0c7448897dac3,ok,,qaoa,20,8,float64,42,128,2,128,2,1,0.0,legacy,legacy,0,0,,,,,not_applicable,legacy-generic,5,3,5,5.542872,5.6336032000000005,5.541802000000001,5.883178,0.13264163258102643,1.5124966000000002,0.040404,4.0807026,,,custom:libsad_search_78e231cd0d5107.so,/home/rzzhang/sad_merged/sad/build/libsad_search_78e231cd0d5107.so
2026-08-23T05:20:24.302569+00:00,20260823T050257,joint:qaoa:24:5f7fdcd46e75b831,ok,,qaoa,24,8,float64,42,32,2,128,2,1,0.5,rotation,rotation,14,14,compact:L2R0W0-L2R0W0-L2R0W0-L2R0W0-L2R0W0-L2R0W0-L2R0W0-L2R0W0-L2R0W0-L2R0W0-L1R0W0-L1R0W0-L1R0W0-L1R0W0,compact:L2R0W0-L2R0W0-L2R0W0-L2R0W0-L2R0W0-L2R0W0-L2R0W0-L2R0W0-L2R0W0-L2R0W0-L1R0W0-L1R0W0-L1R0W0-L1R0W0,,,split,optimized,3,3,3,199.83807000000004,199.8262116666667,199.76918500000002,199.87138,0.04255521557014356,66.14747466666667,0.6450193333333333,133.0337176666667,,,custom:libsad_search_0e4f539ceca897.so,/home/rzzhang/sad_merged/sad/build/libsad_search_0e4f539ceca897.so
2026-08-23T05:20:25.518752+00:00,20260823T050257,joint:qaoa:10:3c9e2d185e795bb6,ok,,qaoa,10,8,float64,42,64,2,64,2,1,1.0,rotation,rotation,10,10,compact:L1R0W0-L1R0W0-L1R0W0-L1R0W0-L1R0W0-L1R0W0-L1R0W0-L1R0W0-L1R0W0-L1R0W0,compact:L1R0W0-L1R0W0-L1R0W0-L1R0W0-L1R0W0-L1R0W0-L1R0W0-L1R0W0-L1R0W0-L1R0W0,,,split,optimized,10,3,10,0.7208675,0.7216811,0.720053,0.728215,0.0022365688207609184,0.3211753,0.0156719,0.3848339,,,custom:libsad_search_7ec063ebc99501.so,/home/rzzhang/sad_merged/sad/build/libsad_search_7ec063ebc99501.so
2026-08-23T05:20:25.540183+00:00,20260823T050257,joint:qaoa:18:25a17ebb4314892d,ok,,qaoa,18,8,float64,42,64,2,64,2,2,0.25,rotation,rotation,7,7,compact:L3R0W0-L3R0W0-L3R0W0-L3R0W0-L2R0W0-L2R0W0-L2R0W0,compact:L3R0W0-L3R0W0-L3R0W0-L3R0W0-L2R0W0-L2R0W0-L2R0W0,,,split,optimized,5,3,5,1.841136,1.8415344,1.840984,1.842286,0.000569692408234456,0.6271118,0.015258,1.1991646,,,custom:libsad_search_20c37ff249ec0a.so,/home/rzzhang/sad_merged/sad/build/libsad_search_20c37ff249ec0a.so
2026-08-23T05:20:25.566588+00:00,20260823T050257,joint:qaoa:18:1d545dd05434a8be,ok,,qaoa,18,8,float64,42,32,2,32,2,2,0.25,rotation,rotation,7,7,compact:L3R0W0-L3R0W0-L3R0W0-L3R0W0-L2R0W0-L2R0W0-L2R0W0,compact:L3R0W0-L3R0W0-L3R0W0-L3R0W0-L2R0W0-L2R0W0-L2R0W0,,,split,optimized,5,3,5,1.813615,1.8124546000000001,1.8062550000000002,1.8146680000000002,0.0031343194859490596,0.6236902,0.015402800000000001,1.1733616000000002,,,custom:libsad_search_16d9d6cef53b3d.so,/home/rzzhang/sad_merged/sad/build/libsad_search_16d9d6cef53b3d.so
2026-08-23T05:20:25.592427+00:00,20260823T050257,joint:qaoa:22:a21612f22a070323,ok,,qaoa,22,8,float64,42,64,2,64,2,2,0.25,rotation,rotation,8,8,compact:L3R0W0-L3R0W0-L3R0W0-L3R0W0-L3R0W0-L3R0W0-L2R0W0-L2R0W0,compact:L3R0W0-L3R0W0-L3R0W0-L3R0W0-L3R0W0-L3R0W0-L2R0W0-L2R0W0,,,merged,optimized,3,3,3,25.949211,26.080917999999997,25.820111999999998,26.473430999999998,0.28250838256235855,6.236001333333333,0.146204,19.698712666666665,,,custom:libsad_search_97eec9f2a848ec.so,/home/rzzhang/sad_merged/sad/build/libsad_search_97eec9f2a848ec.so
2026-08-23T05:20:25.771976+00:00,20260823T050257,joint:qaoa:26:42ddfc66d0054a61,ok,,qaoa,26,8,float64,42,128,2,128,2,2,1.0,rotation,rotation,26,26,compact:L1R0W0-L1R0W0-L1R0W0-L1R0W0-L1R0W0-L1R0W0-L1R0W0-L1R0W0-L1R0W0-L1R0W0-L1R0W0-L1R0W0-L1R0W0-L1R0W0-L1R0W0-L1R0W0-L1R0W0-L1R0W0-L1R0W0-L1R0W0-L1R0W0-L1R0W0-L1R0W0-L1R0W0-L1R0W0-L1R0W0,compact:L1R0W0-L1R0W0-L1R0W0-L1R0W0-L1R0W0-L1R0W0-L1R0W0-L1R0W0-L1R0W0-L1R0W0-L1R0W0-L1R0W0-L1R0W0-L1R0W0-L1R0W0-L1R0W0-L1R0W0-L1R0W0-L1R0W0-L1R0W0-L1R0W0-L1R0W0-L1R0W0-L1R0W0-L1R0W0-L1R0W0,,,split,optimized,2,3,2,1474.631992,1474.631992,1474.398957,1474.8650269999998,0.23303499999985888,490.0042595,2.5118155,982.115917,,,custom:libsad_search_d02bea87aa5c56.so,/home/rzzhang/sad_merged/sad/build/libsad_search_d02bea87aa5c56.so
2026-08-23T05:20:33.173566+00:00,20260823T050257,joint:qaoa:24:658c51d671d361c7,ok,,qaoa,24,8,float64,42,128,2,32,2,1,0.75,rotation,rotation,19,19,compact:L2R0W0-L2R0W0-L2R0W0-L2R0W0-L2R0W0-L1R0W0-L1R0W0-L1R0W0-L1R0W0-L1R0W0-L1R0W0-L1R0W0-L1R0W0-L1R0W0-L1R0W0-L1R0W0-L1R0W0-L1R0W0-L1R0W0,compact:L2R0W0-L2R0W0-L2R0W0-L2R0W0-L2R0W0-L1R0W0-L1R0W0-L1R0W0-L1R0W0-L1R0W0-L1R0W0-L1R0W0-L1R0W0-L1R0W0-L1R0W0-L1R0W0-L1R0W0-L1R0W0-L1R0W0,,,merged,optimized,3,3,3,270.607578,270.61723666666666,270.569518,270.674614,0.04344544230283752,90.31453966666665,0.6455183333333333,179.65717866666668,,,custom:libsad_search_5851e15f736f52.so,/home/rzzhang/sad_merged/sad/build/libsad_search_5851e15f736f52.so
2026-08-23T05:20:34.836790+00:00,20260823T050257,joint:qaoa:16:96fc4b4beb2d664d,ok,,qaoa,16,8,float64,42,128,2,128,2,1,1.0,rotation,rotation,16,16,compact:L1R0W0-L1R0W0-L1R0W0-L1R0W0-L1R0W0-L1R0W0-L1R0W0-L1R0W0-L1R0W0-L1R0W0-L1R0W0-L1R0W0-L1R0W0-L1R0W0-L1R0W0-L1R0W0,compact:L1R0W0-L1R0W0-L1R0W0-L1R0W0-L1R0W0-L1R0W0-L1R0W0-L1R0W0-L1R0W0-L1R0W0-L1R0W0-L1R0W0-L1R0W0-L1R0W0-L1R0W0-L1R0W0,,,split,optimized,5,3,5,1.7541,1.7532508,1.748953,1.755097,0.0021867812327710902,0.772474,0.015589999999999998,0.9651867999999999,,,custom:libsad_search_9361435758c99d.so,/home/rzzhang/sad_merged/sad/build/libsad_search_9361435758c99d.so
2026-08-23T05:20:34.862231+00:00,20260823T050257,joint:qaoa:8:dff0535cb108315e,ok,,qaoa,8,8,float64,42,32,2,32,2,1,1.0,rotation,rotation,8,8,compact:L1R0W0-L1R0W0-L1R0W0-L1R0W0-L1R0W0-L1R0W0-L1R0W0-L1R0W0,compact:L1R0W0-L1R0W0-L1R0W0-L1R0W0-L1R0W0-L1R0W0-L1R0W0-L1R0W0,,,merged,optimized,20,3,20,0.5200899999999999,0.5198454,0.519024,0.5203009999999999,0.00048009107469313013,0.2309866,0.015484350000000001,0.27337445,,,custom:libsad_search_f9cdaf042a7bd6.so,/home/rzzhang/sad_merged/sad/build/libsad_search_f9cdaf042a7bd6.so
2026-08-23T05:20:34.885201+00:00,20260823T050257,joint:qaoa:8:3995fccbf164b143,ok,,qaoa,8,8,float64,42,128,2,32,2,2,0.5,rotation,rotation,4,5,compact:L2R0W0-L2R0W0-L2R0W0-L2R0W0,compact:L2R0W0-L2R0W0-L2R0W0-L1R0W0-L1R0W0,,,split,optimized,20,3,20,0.37379300000000004,0.3740333,0.372726,0.37674799999999997,0.0008997004557073345,0.15413535,0.01547065,0.20442730000000003,,,custom:libsad_search_3b115211f38255.so,/home/rzzhang/sad_merged/sad/build/libsad_search_3b115211f38255.so
2026-08-23T05:20:34.904887+00:00,20260823T050257,joint:qaoa:18:b8f088f67a1e2712,ok,,qaoa,18,8,float64,42,32,2,128,2,1,0.75,rotation,rotation,14,14,compact:L2R0W0-L2R0W0-L2R0W0-L2R0W0-L1R0W0-L1R0W0-L1R0W0-L1R0W0-L1R0W0-L1R0W0-L1R0W0-L1R0W0-L1R0W0-L1R0W0,compact:L2R0W0-L2R0W0-L2R0W0-L2R0W0-L1R0W0-L1R0W0-L1R0W0-L1R0W0-L1R0W0-L1R0W0-L1R0W0-L1R0W0-L1R0W0-L1R0W0,,,split,optimized,5,3,5,2.726931,2.7248183999999998,2.7198819999999997,2.728894,0.0037904212219752563,1.031955,0.015558800000000001,1.6773045999999998,,,custom:libsad_search_0e4f539ceca897.so,/home/rzzhang/sad_merged/sad/build/libsad_search_0e4f539ceca897.so
2026-08-23T05:20:34.937922+00:00,20260823T050257,joint:qaoa:4:6b0faefddc1a9ae7,ok,,qaoa,4,8,float64,42,32,2,32,2,1,1.0,rotation,rotation,4,4,compact:L1R0W0-L1R0W0-L1R0W0-L1R0W0,compact:L1R0W0-L1R0W0-L1R0W0-L1R0W0,,,split,optimized,20,3,20,0.2375095,0.2372228,0.232417,0.238616,0.001196685990558926,0.0983269,0.015316799999999998,0.1235791,,,custom:libsad_search_3cb67c7e18cc99.so,/home/rzzhang/sad_merged/sad/build/libsad_search_3cb67c7e18cc99.so
2026-08-23T05:20:34.954201+00:00,20260823T050257,joint:qaoa:12:95c453ad05b401ba,ok,,qaoa,12,8,float64,42,64,2,64,2,2,1.0,rotation,rotation,12,12,compact:L1R0W0-L1R0W0-L1R0W0-L1R0W0-L1R0W0-L1R0W0-L1R0W0-L1R0W0-L1R0W0-L1R0W0-L1R0W0-L1R0W0,compact:L1R0W0-L1R0W0-L1R0W0-L1R0W0-L1R0W0-L1R0W0-L1R0W0-L1R0W0-L1R0W0-L1R0W0-L1R0W0-L1R0W0,,,merged,optimized,10,3,10,0.9799294999999999,0.9786009999999999,0.972813,0.981878,0.002967382819927354,0.44455220000000006,0.015265600000000002,0.5187831999999999,,,custom:libsad_search_97eec9f2a848ec.so,/home/rzzhang/sad_merged/sad/build/libsad_search_97eec9f2a848ec.so
2026-08-23T05:20:34.977594+00:00,20260823T050257,joint:qaoa:12:9aed2233ce614c21,ok,,qaoa,12,8,float64,42,128,2,32,2,2,0.0,rotation,rotation,2,2,compact:L5R1W0-L5R1W0,compact:L5R1W0-L5R1W0,,,merged,optimized,10,3,10,0.315284,0.3148413,0.31335599999999997,0.31549400000000005,0.0006869554643497792,0.1318269,0.015382499999999997,0.1676319,,,custom:libsad_search_d014591f51543a.so,/home/rzzhang/sad_merged/sad/build/libsad_search_d014591f51543a.so
2026-08-23T05:20:34.992532+00:00,20260823T050257,joint:qaoa:26:fe60aa92cde8d82a,ok,,qaoa,26,8,float64,42,32,2,32,2,2,0.0,rotation,rotation,4,4,compact:L5R2W0-L5R2W0-L5R1W0-L5R1W0,compact:L5R2W0-L5R2W0-L5R1W0-L5R1W0,,,split,optimized,2,3,2,402.0445635,402.0445635,401.971356,402.117771,0.07320749999999521,104.37674,2.4832375,295.18458599999997,,,custom:libsad_search_16d9d6cef53b3d.so,/home/rzzhang/sad_merged/sad/build/libsad_search_16d9d6cef53b3d.so
2026-08-23T05:20:37.048950+00:00,20260823T050257,joint:qaoa:8:9540c205fb8b0fa2,ok,,qaoa,8,8,float64,42,64,2,64,2,1,1.0,rotation,rotation,8,8,compact:L1R0W0-L1R0W0-L1R0W0-L1R0W0-L1R0W0-L1R0W0-L1R0W0-L1R0W0,compact:L1R0W0-L1R0W0-L1R0W0-L1R0W0-L1R0W0-L1R0W0-L1R0W0-L1R0W0,,,merged,optimized,20,3,20,0.5416179999999999,0.5404782,0.5334840000000001,0.54179,0.002619664341094073,0.23501974999999997,0.0156833,0.28977515,,,custom:libsad_search_7e5293342e215a.so,/home/rzzhang/sad_merged/sad/build/libsad_search_7e5293342e215a.so
2026-08-23T05:20:37.076865+00:00,20260823T050257,joint:qaoa:24:42619d75e352170d,ok,,qaoa,24,8,float64,42,32,2,32,2,1,0.0,rotation,rotation,4,4,compact:L5R1W0-L5R1W0-L5R1W0-L5R1W0,compact:L5R1W0-L5R1W0-L5R1W0-L5R1W0,,,merged,optimized,3,3,3,94.39854,94.39435533333334,94.365294,94.419232,0.022218018773554036,24.839238666666667,0.611846,68.94327066666666,,,custom:libsad_search_f9cdaf042a7bd6.so,/home/rzzhang/sad_merged/sad/build/libsad_search_f9cdaf042a7bd6.so
2026-08-23T05:20:37.678193+00:00,20260823T050257,joint:qaoa:22:2d60e48c658b85d6,ok,,qaoa,22,8,float64,42,64,2,64,2,2,0.25,rotation,rotation,8,8,compact:L3R0W0-L3R0W0-L3R0W0-L3R0W0-L3R0W0-L3R0W0-L2R0W0-L2R0W0,compact:L3R0W0-L3R0W0-L3R0W0-L3R0W0-L3R0W0-L3R0W0-L2R0W0-L2R0W0,,,split,optimized,3,3,3,25.815022,25.814676333333335,25.812905,25.816102,0.0013278595139880663,6.117257666666667,0.14174,19.55567866666667,,,custom:libsad_search_20c37ff249ec0a.so,/home/rzzhang/sad_merged/sad/build/libsad_search_20c37ff249ec0a.so
2026-08-23T05:20:37.857223+00:00,20260823T050257,joint:qaoa:26:81eda08f1f5537b7,ok,,qaoa,26,8,float64,42,64,2,64,2,1,0.0,rotation,rotation,4,4,compact:L5R2W0-L5R2W0-L5R1W0-L5R1W0,compact:L5R2W0-L5R2W0-L5R1W0-L5R1W0,,,split,optimized,2,3,2,425.206486,425.206486,425.07390499999997,425.339067,0.13258100000001605,108.89610850000001,2.4731465,313.837231,,,custom:libsad_search_7ec063ebc99501.so,/home/rzzhang/sad_merged/sad/build/libsad_search_7ec063ebc99501.so
2026-08-23T05:20:40.020203+00:00,20260823T050257,joint:qaoa:4:512f071b81e670dd,ok,,qaoa,4,8,float64,42,128,2,32,2,2,0.25,rotation,rotation,2,2,compact:L2R0W0-L2R0W0,compact:L2R0W0-L2R0W0,,,split,optimized,20,3,20,0.15663099999999996,0.15678575,0.15646400000000002,0.157703,0.0003892682718897129,0.0634277,0.015551649999999998,0.0778064,,,custom:libsad_search_3b115211f38255.so,/home/rzzhang/sad_merged/sad/build/libsad_search_3b115211f38255.so
2026-08-23T05:20:40.039940+00:00,20260823T050257,joint:qaoa:6:ef3f85c8bdad4527,ok,,qaoa,6,8,float64,42,128,2,32,2,2,0.5,rotation,rotation,4,4,compact:L2R0W0-L2R0W0-L1R0W0-L1R0W0,compact:L2R0W0-L2R0W0-L1R0W0-L1R0W0,,,merged,optimized,20,3,20,0.2794575,0.27915455,0.27840099999999995,0.280609,0.0006010488728048742,0.12328004999999999,0.015494299999999999,0.14038019999999998,,,custom:libsad_search_d014591f51543a.so,/home/rzzhang/sad_merged/sad/build/libsad_search_d014591f51543a.so
2026-08-23T05:20:40.062079+00:00,20260823T050257,joint:qaoa:14:fe6cc585ea1fded0,ok,,qaoa,14,8,float64,42,32,2,32,2,1,0.25,rotation,rotation,5,5,compact:L3R0W0-L3R0W0-L3R0W0-L3R0W0-L2R0W0,compact:L3R0W0-L3R0W0-L3R0W0-L3R0W0-L2R0W0,,,merged,optimized,10,3,10,0.5078385000000001,0.507571,0.5067100000000001,0.507972,0.00048170675727042143,0.20632189999999997,0.0154021,0.28584699999999996,,,custom:libsad_search_f9cdaf042a7bd6.so,/home/rzzhang/sad_merged/sad/build/libsad_search_f9cdaf042a7bd6.so
2026-08-23T05:20:40.081516+00:00,20260823T050257,joint:qaoa:4:7aa88ec6bffdda30,ok,,qaoa,4,8,float64,42,32,2,32,2,2,0.5,rotation,rotation,2,2,compact:L2R0W0-L2R0W0,compact:L2R0W0-L2R0W0,,,merged,optimized,20,3,20,0.1494035,0.14905554999999998,0.148343,0.15049099999999999,0.0006037070875018745,0.055781050000000006,0.015473750000000001,0.07780075,,,custom:libsad_search_dcff342f285260.so,/home/rzzhang/sad_merged/sad/build/libsad_search_dcff342f285260.so
2026-08-23T05:20:40.095844+00:00,20260823T050257,joint:qaoa:8:8f723f1aefa44cb8,ok,,qaoa,8,8,float64,42,32,2,128,2,1,0.75,rotation,rotation,6,6,compact:L2R0W0-L2R0W0-L1R0W0-L1R0W0-L1R0W0-L1R0W0,compact:L2R0W0-L2R0W0-L1R0W0-L1R0W0-L1R0W0-L1R0W0,,,merged,optimized,20,3,20,0.480305,0.48078335,0.480109,0.482234,0.0006906515239250558,0.18058635,0.015394900000000001,0.2848021,,,custom:libsad_search_2a8327787a9aac.so,/home/rzzhang/sad_merged/sad/build/libsad_search_2a8327787a9aac.so
2026-08-23T05:20:40.117855+00:00,20260823T050257,joint:qaoa:8:739eb72a6fd164c2,ok,,qaoa,8,8,float64,42,32,2,128,2,1,1.0,rotation,rotation,8,8,compact:L1R0W0-L1R0W0-L1R0W0-L1R0W0-L1R0W0-L1R0W0-L1R0W0-L1R0W0,compact:L1R0W0-L1R0W0-L1R0W0-L1R0W0-L1R0W0-L1R0W0-L1R0W0-L1R0W0,,,merged,optimized,20,3,20,0.5774755,0.57739745,0.576411,0.5785790000000001,0.0007280192631380101,0.23065465000000002,0.015384,0.3313588,,,custom:libsad_search_2a8327787a9aac.so,/home/rzzhang/sad_merged/sad/build/libsad_search_2a8327787a9aac.so
2026-08-23T05:20:40.141757+00:00,20260823T050257,joint:qaoa:10:6dda56bddc74555f,ok,,qaoa,10,8,float64,42,64,2,64,2,1,0.75,rotation,rotation,8,8,compact:L2R0W0-L2R0W0-L1R0W0-L1R0W0-L1R0W0-L1R0W0-L1R0W0-L1R0W0,compact:L2R0W0-L2R0W0-L1R0W0-L1R0W0-L1R0W0-L1R0W0-L1R0W0-L1R0W0,,,split,optimized,10,3,10,0.6081859999999999,0.6075119,0.602099,0.609286,0.001893668896613115,0.2627675,0.015431000000000002,0.3293134,,,custom:libsad_search_7ec063ebc99501.so,/home/rzzhang/sad_merged/sad/build/libsad_search_7ec063ebc99501.so
2026-08-23T05:20:40.160283+00:00,20260823T050257,joint:qaoa:8:53a607eb21e61438,ok,,qaoa,8,8,float64,42,128,2,128,2,2,0.75,rotation,rotation,6,6,compact:L2R0W0-L2R0W0-L1R0W0-L1R0W0-L1R0W0-L1R0W0,compact:L2R0W0-L2R0W0-L1R0W0-L1R0W0-L1R0W0-L1R0W0,,,merged,optimized,20,3,20,0.501686,0.50162015,0.500364,0.5030810000000001,0.0005461370043313261,0.2027351,0.01524365,0.28364140000000004,,,custom:libsad_search_b969ada61d8a74.so,/home/rzzhang/sad_merged/sad/build/libsad_search_b969ada61d8a74.so
2026-08-23T05:20:40.182965+00:00,20260823T050257,joint:qaoa:10:c9e8debdbe52ffa6,ok,,qaoa,10,8,float64,42,128,2,128,2,1,0.5,rotation,rotation,6,6,compact:L2R0W0-L2R0W0-L2R0W0-L2R0W0-L1R0W0-L1R0W0,compact:L2R0W0-L2R0W0-L2R0W0-L2R0W0-L1R0W0-L1R0W0,,,merged,optimized,10,3,10,0.5939005,0.5938911,0.592948,0.5948699999999999,0.0004319964004479391,0.2375156,0.015338100000000002,0.3410374,,,custom:libsad_search_8fbfac92ec4bef.so,/home/rzzhang/sad_merged/sad/build/libsad_search_8fbfac92ec4bef.so
2026-08-23T05:20:40.201596+00:00,20260823T050257,joint:qaoa:26:9d567959110eb9ab,ok,,qaoa,26,8,float64,42,32,2,128,2,2,0.0,rotation,rotation,4,3,compact:L5R2W0-L5R2W0-L5R1W0-L5R1W0,compact:L5R2W2-L5R2W2-L5R2W1,,,split,optimized,2,3,2,419.542242,419.542242,419.460345,419.62413899999996,0.08189699999996947,104.324448,2.4761465,312.7416475,,,custom:libsad_search_2a0e4369743c84.so,/home/rzzhang/sad_merged/sad/build/libsad_search_2a0e4369743c84.so
2026-08-23T05:20:42.340338+00:00,20260823T050257,joint:qaoa:26:6c48fa5756c2f73b,ok,,qaoa,26,8,float64,42,32,2,128,2,2,0.75,rotation,rotation,20,20,compact:L2R0W0-L2R0W0-L2R0W0-L2R0W0-L2R0W0-L2R0W0-L1R0W0-L1R0W0-L1R0W0-L1R0W0-L1R0W0-L1R0W0-L1R0W0-L1R0W0-L1R0W0-L1R0W0-L1R0W0-L1R0W0-L1R0W0-L1R0W0,compact:L2R0W0-L2R0W0-L2R0W0-L2R0W0-L2R0W0-L2R0W0-L1R0W0-L1R0W0-L1R0W0-L1R0W0-L1R0W0-L1R0W0-L1R0W0-L1R0W0-L1R0W0-L1R0W0-L1R0W0-L1R0W0-L1R0W0-L1R0W0,,,merged,optimized,2,3,2,1133.8589995,1133.8589995,1133.241868,1134.476131,0.617131499999914,376.0027465,2.5173735,755.3388795,,,custom:libsad_search_fce412939d20fb.so,/home/rzzhang/sad_merged/sad/build/libsad_search_fce412939d20fb.so
2026-08-23T05:20:48.050606+00:00,20260823T050257,joint:qaoa:26:cd15a5a8e365ba8d,ok,,qaoa,26,8,float64,42,128,2,32,2,1,0.25,rotation,rotation,9,10,compact:L3R0W0-L3R0W0-L3R0W0-L3R0W0-L3R0W0-L3R0W0-L3R0W0-L3R0W0-L2R0W0,compact:L3R0W0-L3R0W0-L3R0W0-L3R0W0-L3R0W0-L3R0W0-L2R0W0-L2R0W0-L2R0W0-L2R0W0,,,merged,optimized,2,3,2,557.9263505000001,557.9263505000001,557.908483,557.9442180000001,0.017867500000022574,170.303869,2.5033679999999996,385.1191135,,,custom:libsad_search_5851e15f736f52.so,/home/rzzhang/sad_merged/sad/build/libsad_search_5851e15f736f52.so
2026-08-23T05:20:50.882308+00:00,20260823T050257,joint:qaoa:10:fc7c6a5db101f2d3,ok,,qaoa,10,8,float64,42,32,2,32,2,1,1.0,rotation,rotation,10,10,compact:L1R0W0-L1R0W0-L1R0W0-L1R0W0-L1R0W0-L1R0W0-L1R0W0-L1R0W0-L1R0W0-L1R0W0,compact:L1R0W0-L1R0W0-L1R0W0-L1R0W0-L1R0W0-L1R0W0-L1R0W0-L1R0W0-L1R0W0-L1R0W0,,,split,optimized,10,3,10,0.6972450000000001,0.6966041000000001,0.693257,0.699381,0.0017547353333195455,0.31503529999999996,0.0154051,0.3661637,,,custom:libsad_search_3cb67c7e18cc99.so,/home/rzzhang/sad_merged/sad/build/libsad_search_3cb67c7e18cc99.so
2026-08-23T05:20:50.908263+00:00,20260823T050257,joint:qaoa:18:157eb627723c1948,ok,,qaoa,18,8,float64,42,128,2,128,2,2,0.5,rotation,rotation,10,10,compact:L2R0W0-L2R0W0-L2R0W0-L2R0W0-L2R0W0-L2R0W0-L2R0W0-L2R0W0-L1R0W0-L1R0W0,compact:L2R0W0-L2R0W0-L2R0W0-L2R0W0-L2R0W0-L2R0W0-L2R0W0-L2R0W0-L1R0W0-L1R0W0,,,merged,optimized,5,3,5,2.2148970000000006,2.2154608000000002,2.213881,2.2170039999999998,0.00119867817198763,0.8186433999999999,0.015490799999999997,1.3813266000000002,,,custom:libsad_search_b969ada61d8a74.so,/home/rzzhang/sad_merged/sad/build/libsad_search_b969ada61d8a74.so
2026-08-23T05:20:50.944135+00:00,20260823T050257,joint:qaoa:24:c15c799b2b7b9bed,ok,,qaoa,24,8,float64,42,128,2,32,2,2,0.25,rotation,rotation,8,9,compact:L3R0W0-L3R0W0-L3R0W0-L3R0W0-L3R0W0-L3R0W0-L3R0W0-L3R0W0,compact:L3R0W0-L3R0W0-L3R0W0-L3R0W0-L3R0W0-L3R0W0-L2R0W0-L2R0W0-L2R0W0,,,split,optimized,3,3,3,125.87927399999998,125.870133,125.848602,125.88252299999999,0.015282385743064566,38.036783,0.6287143333333333,87.20463566666666,,,custom:libsad_search_3b115211f38255.so,/home/rzzhang/sad_merged/sad/build/libsad_search_3b115211f38255.so
2026-08-23T05:20:51.725992+00:00,20260823T050257,joint:qaoa:28:be8b8ec1b2af28db,ok,,qaoa,28,8,float64,42,32,2,128,2,1,0.5,rotation,rotation,16,16,compact:L2R0W0-L2R0W0-L2R0W0-L2R0W0-L2R0W0-L2R0W0-L2R0W0-L2R0W0-L2R0W0-L2R0W0-L2R0W0-L2R0W0-L1R0W0-L1R0W0-L1R0W0-L1R0W0,compact:L2R0W0-L2R0W0-L2R0W0-L2R0W0-L2R0W0-L2R0W0-L2R0W0-L2R0W0-L2R0W0-L2R0W0-L2R0W0-L2R0W0-L1R0W0-L1R0W0-L1R0W0-L1R0W0,,,merged,optimized,2,3,2,3622.9607105,3622.9607105,3622.443562,3623.477859,0.5171485000000757,1201.1413725,9.977945,2411.841393,,,custom:libsad_search_2a8327787a9aac.so,/home/rzzhang/sad_merged/sad/build/libsad_search_2a8327787a9aac.so
2026-08-23T05:21:09.873428+00:00,20260823T050257,joint:qaoa:16:8540b1ca1ff9ef43,ok,,qaoa,16,8,float64,42,64,2,64,2,1,0.75,rotation,rotation,12,12,compact:L2R0W0-L2R0W0-L2R0W0-L2R0W0-L1R0W0-L1R0W0-L1R0W0-L1R0W0-L1R0W0-L1R0W0-L1R0W0-L1R0W0,compact:L2R0W0-L2R0W0-L2R0W0-L2R0W0-L1R0W0-L1R0W0-L1R0W0-L1R0W0-L1R0W0-L1R0W0-L1R0W0-L1R0W0,,,merged,optimized,5,3,5,1.311633,1.3135054,1.3095580000000002,1.318814,0.003998651202593122,0.5593891999999999,0.015433800000000001,0.7386824,,,custom:libsad_search_7e5293342e215a.so,/home/rzzhang/sad_merged/sad/build/libsad_search_7e5293342e215a.so
2026-08-23T05:21:09.904765+00:00,20260823T050257,joint:qaoa:26:42a445bc2056b5d0,ok,,qaoa,26,8,float64,42,64,2,64,2,1,0.25,rotation,rotation,10,10,compact:L3R0W0-L3R0W0-L3R0W0-L3R0W0-L3R0W0-L3R0W0-L2R0W0-L2R0W0-L2R0W0-L2R0W0,compact:L3R0W0-L3R0W0-L3R0W0-L3R0W0-L3R0W0-L3R0W0-L2R0W0-L2R0W0-L2R0W0-L2R0W0,,,split,optimized,2,3,2,577.603099,577.603099,577.480216,577.725982,0.12288300000000163,189.097368,2.5069315000000003,385.9987995,,,custom:libsad_search_7ec063ebc99501.so,/home/rzzhang/sad_merged/sad/build/libsad_search_7ec063ebc99501.so
2026-08-23T05:21:12.849030+00:00,20260823T050257,joint:qaoa:18:9223f9ba8e7cd8b6,ok,,qaoa,18,8,float64,42,128,2,128,2,1,0.5,rotation,rotation,10,10,compact:L2R0W0-L2R0W0-L2R0W0-L2R0W0-L2R0W0-L2R0W0-L2R0W0-L2R0W0-L1R0W0-L1R0W0,compact:L2R0W0-L2R0W0-L2R0W0-L2R0W0-L2R0W0-L2R0W0-L2R0W0-L2R0W0-L1R0W0-L1R0W0,,,merged,optimized,5,3,5,2.255864,2.2566294,2.255754,2.257934,0.0010076510507116478,0.8421528000000001,0.015435199999999998,1.3990413999999998,,,custom:libsad_search_8fbfac92ec4bef.so,/home/rzzhang/sad_merged/sad/build/libsad_search_8fbfac92ec4bef.so
2026-08-23T05:21:12.892377+00:00,20260823T050257,joint:qaoa:12:2eff59ed593f9269,ok,,qaoa,12,8,float64,42,128,2,128,2,1,0.0,rotation,rotation,2,2,compact:L5R1W0-L5R1W0,compact:L5R1W0-L5R1W0,,,split,optimized,10,3,10,0.407422,0.40706420000000004,0.405741,0.407624,0.000639895428956956,0.125714,0.0153024,0.2660478,,,custom:libsad_search_9361435758c99d.so,/home/rzzhang/sad_merged/sad/build/libsad_search_9361435758c99d.so
2026-08-23T05:21:12.909221+00:00,20260823T050257,joint:qaoa:20:b8ba9b934342a497,ok,,qaoa,20,8,float64,42,32,2,128,2,2,0.75,rotation,rotation,16,16,compact:L2R0W0-L2R0W0-L2R0W0-L2R0W0-L1R0W0-L1R0W0-L1R0W0-L1R0W0-L1R0W0-L1R0W0-L1R0W0-L1R0W0-L1R0W0-L1R0W0-L1R0W0-L1R0W0,compact:L2R0W0-L2R0W0-L2R0W0-L2R0W0-L1R0W0-L1R0W0-L1R0W0-L1R0W0-L1R0W0-L1R0W0-L1R0W0-L1R0W0-L1R0W0-L1R0W0-L1R0W0-L1R0W0,,,split,optimized,5,3,5,7.7086429999999995,7.7090358,7.707564,7.711708,0.0014002463211877708,2.7564906000000002,0.040179,4.912366199999999,,,custom:libsad_search_2a0e4369743c84.so,/home/rzzhang/sad_merged/sad/build/libsad_search_2a0e4369743c84.so
2026-08-23T05:21:12.983187+00:00,20260823T050257,joint:qaoa:28:e50c66655114100c,ok,,qaoa,28,8,float64,42,128,2,128,2,2,1.0,rotation,rotation,28,28,compact:L1R0W0-L1R0W0-L1R0W0-L1R0W0-L1R0W0-L1R0W0-L1R0W0-L1R0W0-L1R0W0-L1R0W0-L1R0W0-L1R0W0-L1R0W0-L1R0W0-L1R0W0-L1R0W0-L1R0W0-L1R0W0-L1R0W0-L1R0W0-L1R0W0-L1R0W0-L1R0W0-L1R0W0-L1R0W0-L1R0W0-L1R0W0-L1R0W0,compact:L1R0W0-L1R0W0-L1R0W0-L1R0W0-L1R0W0-L1R0W0-L1R0W0-L1R0W0-L1R0W0-L1R0W0-L1R0W0-L1R0W0-L1R0W0-L1R0W0-L1R0W0-L1R0W0-L1R0W0-L1R0W0-L1R0W0-L1R0W0-L1R0W0-L1R0W0-L1R0W0-L1R0W0-L1R0W0-L1R0W0-L1R0W0-L1R0W0,,,split,optimized,2,3,2,6333.155665,6333.155665,6330.917099,6335.394230999999,2.238565999999537,2105.3846485000004,9.987831,4217.7831855,,,custom:libsad_search_d02bea87aa5c56.so,/home/rzzhang/sad_merged/sad/build/libsad_search_d02bea87aa5c56.so
2026-08-23T05:21:44.677008+00:00,20260823T050257,joint:qaoa:8:50bbc8013c410b96,ok,,qaoa,8,8,float64,42,128,2,128,2,1,0.0,rotation,rotation,1,1,compact:L5R2W1,compact:L5R2W1,,,split,optimized,20,3,20,0.2395045,0.23916635,0.238534,0.23967999999999998,0.00048808956913664865,0.0628873,0.0154823,0.16079675000000002,,,custom:libsad_search_9361435758c99d.so,/home/rzzhang/sad_merged/sad/build/libsad_search_9361435758c99d.so
2026-08-23T05:21:44.698920+00:00,20260823T050257,joint:qaoa:26:aa46613fa667b37d,ok,,qaoa,26,8,float64,42,128,2,128,2,1,1.0,rotation,rotation,26,26,compact:L1R0W0-L1R0W0-L1R0W0-L1R0W0-L1R0W0-L1R0W0-L1R0W0-L1R0W0-L1R0W0-L1R0W0-L1R0W0-L1R0W0-L1R0W0-L1R0W0-L1R0W0-L1R0W0-L1R0W0-L1R0W0-L1R0W0-L1R0W0-L1R0W0-L1R0W0-L1R0W0-L1R0W0-L1R0W0-L1R0W0,compact:L1R0W0-L1R0W0-L1R0W0-L1R0W0-L1R0W0-L1R0W0-L1R0W0-L1R0W0-L1R0W0-L1R0W0-L1R0W0-L1R0W0-L1R0W0-L1R0W0-L1R0W0-L1R0W0-L1R0W0-L1R0W0-L1R0W0-L1R0W0-L1R0W0-L1R0W0-L1R0W0-L1R0W0-L1R0W0-L1R0W0,,,split,optimized,2,3,2,1472.753841,1472.753841,1472.2135640000001,1473.2941179999998,0.5402769999998327,489.56704949999994,2.5099164999999997,980.676875,,,custom:libsad_search_9361435758c99d.so,/home/rzzhang/sad_merged/sad/build/libsad_search_9361435758c99d.so
2026-08-23T05:21:52.117400+00:00,20260823T050257,joint:qaoa:8:b73cb550f4cd202b,ok,,qaoa,8,8,float64,42,32,2,128,2,1,0.25,rotation,rotation,4,3,compact:L2R0W0-L2R0W0-L2R0W0-L2R0W0,compact:L3R0W0-L3R0W0-L2R0W0,,,merged,optimized,20,3,20,0.352709,0.3527378,0.35131300000000004,0.354209,0.0006631096892671642,0.12983295,0.0154916,0.20741325,,,custom:libsad_search_2a8327787a9aac.so,/home/rzzhang/sad_merged/sad/build/libsad_search_2a8327787a9aac.so
2026-08-23T05:21:52.141204+00:00,20260823T050257,joint:qaoa:20:180a1afa7fdb9f68,ok,,qaoa,20,8,float64,42,32,2,32,2,1,0.25,rotation,rotation,7,7,compact:L3R0W0-L3R0W0-L3R0W0-L3R0W0-L3R0W0-L3R0W0-L2R0W0,compact:L3R0W0-L3R0W0-L3R0W0-L3R0W0-L3R0W0-L3R0W0-L2R0W0,,,split,optimized,5,3,5,5.786459000000001,5.7862034,5.785647,5.786647,0.00045247965700161104,1.7446302,0.0399404,4.0016328,,,custom:libsad_search_3cb67c7e18cc99.so,/home/rzzhang/sad_merged/sad/build/libsad_search_3cb67c7e18cc99.so
2026-08-23T05:21:52.207256+00:00,20260823T050257,joint:qaoa:18:ecefa3cf10fc40f5,ok,,qaoa,18,8,float64,42,64,2,64,2,1,0.5,rotation,rotation,10,10,compact:L2R0W0-L2R0W0-L2R0W0-L2R0W0-L2R0W0-L2R0W0-L2R0W0-L2R0W0-L1R0W0-L1R0W0,compact:L2R0W0-L2R0W0-L2R0W0-L2R0W0-L2R0W0-L2R0W0-L2R0W0-L2R0W0-L1R0W0-L1R0W0,,,merged,optimized,5,3,5,2.172933,2.1728984000000002,2.171919,2.1738399999999998,0.000610689642944715,0.796477,0.0156922,1.3607292,,,custom:libsad_search_7e5293342e215a.so,/home/rzzhang/sad_merged/sad/build/libsad_search_7e5293342e215a.so
2026-08-23T05:21:52.235960+00:00,20260823T050257,joint:qaoa:12:d6d2eb4f546f9ed4,ok,,qaoa,12,8,float64,42,32,2,128,2,2,0.75,rotation,rotation,10,10,compact:L2R0W0-L2R0W0-L1R0W0-L1R0W0-L1R0W0-L1R0W0-L1R0W0-L1R0W0-L1R0W0-L1R0W0,compact:L2R0W0-L2R0W0-L1R0W0-L1R0W0-L1R0W0-L1R0W0-L1R0W0-L1R0W0-L1R0W0-L1R0W0,,,split,optimized,10,3,10,0.8796094999999999,0.880094,0.878582,0.8817110000000001,0.0009677115272642316,0.3411782,0.0152403,0.5236755,,,custom:libsad_search_2a0e4369743c84.so,/home/rzzhang/sad_merged/sad/build/libsad_search_2a0e4369743c84.so
2026-08-23T05:21:52.258319+00:00,20260823T050257,joint:qaoa:16:04971dc3cc33d98a,ok,,qaoa,16,8,float64,42,32,2,128,2,2,0.5,rotation,rotation,10,9,compact:L2R0W0-L2R0W0-L2R0W0-L2R0W0-L2R0W0-L2R0W0-L1R0W0-L1R0W0-L1R0W0-L1R0W0,compact:L2R0W0-L2R0W0-L2R0W0-L2R0W0-L2R0W0-L2R0W0-L2R0W0-L1R0W0-L1R0W0,,,merged,optimized,5,3,5,1.1765510000000001,1.1766866,1.176351,1.1772589999999998,0.0003219401186555831,0.48136660000000003,0.015322400000000002,0.6799976,,,custom:libsad_search_fce412939d20fb.so,/home/rzzhang/sad_merged/sad/build/libsad_search_fce412939d20fb.so
2026-08-23T05:21:52.278975+00:00,20260823T050257,joint:qaoa:8:651a729f9ad51663,ok,,qaoa,8,8,float64,42,32,2,128,2,2,0.25,rotation,rotation,4,3,compact:L2R0W0-L2R0W0-L2R0W0-L2R0W0,compact:L3R0W0-L3R0W0-L2R0W0,,,merged,optimized,20,3,20,0.3737055,0.3735177,0.371637,0.37393699999999996,0.0005267007784311756,0.13489745,0.015400349999999998,0.2232199,,,custom:libsad_search_fce412939d20fb.so,/home/rzzhang/sad_merged/sad/build/libsad_search_fce412939d20fb.so
2026-08-23T05:21:52.298576+00:00,20260823T050257,joint:qaoa:24:15feaf98c5141acf,ok,,qaoa,24,8,float64,42,64,2,64,2,1,0.0,rotation,rotation,3,3,compact:L5R2W1-L5R2W1-L5R2W1,compact:L5R2W1-L5R2W1-L5R2W1,,,split,optimized,3,3,3,99.629103,99.97623433333332,98.87855599999999,101.421044,1.0665947151167081,25.060047,0.6146146666666666,74.30157266666666,,,custom:libsad_search_7ec063ebc99501.so,/home/rzzhang/sad_merged/sad/build/libsad_search_7ec063ebc99501.so
2026-08-23T05:21:52.937530+00:00,20260823T050257,joint:qaoa:18:83b630887e926fb8,ok,,qaoa,18,8,float64,42,64,2,64,2,2,1.0,rotation,rotation,18,18,compact:L1R0W0-L1R0W0-L1R0W0-L1R0W0-L1R0W0-L1R0W0-L1R0W0-L1R0W0-L1R0W0-L1R0W0-L1R0W0-L1R0W0-L1R0W0-L1R0W0-L1R0W0-L1R0W0-L1R0W0-L1R0W0,compact:L1R0W0-L1R0W0-L1R0W0-L1R0W0-L1R0W0-L1R0W0-L1R0W0-L1R0W0-L1R0W0-L1R0W0-L1R0W0-L1R0W0-L1R0W0-L1R0W0-L1R0W0-L1R0W0-L1R0W0-L1R0W0,,,split,optimized,5,3,5,3.023843,3.0240244,3.0226740000000003,3.025964,0.0012640684475138972,1.2382966,0.015362800000000001,1.7703650000000002,,,custom:libsad_search_20c37ff249ec0a.so,/home/rzzhang/sad_merged/sad/build/libsad_search_20c37ff249ec0a.so
2026-08-23T05:21:52.973391+00:00,20260823T050257,joint:qaoa:24:c9ccb7e59a9e85bd,ok,,qaoa,24,8,float64,42,128,2,128,2,2,0.25,rotation,rotation,8,8,compact:L3R0W0-L3R0W0-L3R0W0-L3R0W0-L3R0W0-L3R0W0-L3R0W0-L3R0W0,compact:L3R0W0-L3R0W0-L3R0W0-L3R0W0-L3R0W0-L3R0W0-L3R0W0-L3R0W0,,,merged,optimized,3,3,3,116.579405,116.58209133333332,116.559781,116.607088,0.019406190633119116,38.03916233333333,0.636579,77.90635,,,custom:libsad_search_b969ada61d8a74.so,/home/rzzhang/sad_merged/sad/build/libsad_search_b969ada61d8a74.so
2026-08-23T05:21:53.700252+00:00,20260823T050257,joint:qaoa:20:6299991f63a86af0,ok,,qaoa,20,8,float64,42,32,2,128,2,1,1.0,rotation,rotation,20,20,compact:L1R0W0-L1R0W0-L1R0W0-L1R0W0-L1R0W0-L1R0W0-L1R0W0-L1R0W0-L1R0W0-L1R0W0-L1R0W0-L1R0W0-L1R0W0-L1R0W0-L1R0W0-L1R0W0-L1R0W0-L1R0W0-L1R0W0-L1R0W0,compact:L1R0W0-L1R0W0-L1R0W0-L1R0W0-L1R0W0-L1R0W0-L1R0W0-L1R0W0-L1R0W0-L1R0W0-L1R0W0-L1R0W0-L1R0W0-L1R0W0-L1R0W0-L1R0W0-L1R0W0-L1R0W0-L1R0W0-L1R0W0,,,merged,optimized,5,3,5,8.543301,8.545646999999999,8.541186,8.553391000000001,0.004339313355820592,3.2190037999999994,0.039906399999999995,5.2867368,,,custom:libsad_search_2a8327787a9aac.so,/home/rzzhang/sad_merged/sad/build/libsad_search_2a8327787a9aac.so
2026-08-23T05:21:53.780901+00:00,20260823T050257,joint:qaoa:12:053854610d497df7,ok,,qaoa,12,8,float64,42,128,2,128,2,2,0.5,rotation,rotation,7,7,compact:L2R0W0-L2R0W0-L2R0W0-L2R0W0-L2R0W0-L1R0W0-L1R0W0,compact:L2R0W0-L2R0W0-L2R0W0-L2R0W0-L2R0W0-L1R0W0-L1R0W0,,,merged,optimized,10,3,10,0.745469,0.7458244,0.74536,0.747481,0.0006693147540581906,0.3012249,0.0152223,0.42937720000000007,,,custom:libsad_search_b969ada61d8a74.so,/home/rzzhang/sad_merged/sad/build/libsad_search_b969ada61d8a74.so
2026-08-23T05:21:53.801770+00:00,20260823T050257,joint:qaoa:10:5b0f548612e237a3,ok,,qaoa,10,8,float64,42,128,2,128,2,2,0.75,rotation,rotation,8,8,compact:L2R0W0-L2R0W0-L1R0W0-L1R0W0-L1R0W0-L1R0W0-L1R0W0-L1R0W0,compact:L2R0W0-L2R0W0-L1R0W0-L1R0W0-L1R0W0-L1R0W0-L1R0W0-L1R0W0,,,split,optimized,10,3,10,0.7137834999999999,0.7155221,0.7126199999999999,0.720815,0.0032513428748749515,0.30163290000000004,0.015449299999999997,0.39843989999999996,,,custom:libsad_search_d02bea87aa5c56.so,/home/rzzhang/sad_merged/sad/build/libsad_search_d02bea87aa5c56.so
2026-08-23T05:21:53.822400+00:00,20260823T050257,joint:qaoa:12:5059da24b8d63796,ok,,qaoa,12,8,float64,42,64,2,64,2,2,0.0,rotation,rotation,2,2,compact:L5R1W0-L5R1W0,compact:L5R1W0-L5R1W0,,,split,optimized,10,3,10,0.29794,0.2977363,0.292935,0.300031,0.0017353600807901491,0.09919510000000001,0.0150764,0.18346479999999998,,,custom:libsad_search_20c37ff249ec0a.so,/home/rzzhang/sad_merged/sad/build/libsad_search_20c37ff249ec0a.so
2026-08-23T05:21:53.837221+00:00,20260823T050257,joint:qaoa:6:7451948a9692caa9,ok,,qaoa,6,8,float64,42,32,2,32,2,2,0.0,rotation,rotation,1,1,compact:L5R1W0,compact:L5R1W0,,,split,optimized,20,3,20,0.136175,0.13621080000000002,0.136041,0.137026,0.00019983708364565536,0.0419146,0.0154547,0.0788415,,,custom:libsad_search_16d9d6cef53b3d.so,/home/rzzhang/sad_merged/sad/build/libsad_search_16d9d6cef53b3d.so
2026-08-23T05:21:53.851447+00:00,20260823T050257,joint:qaoa:28:6b27f013d652d423,ok,,qaoa,28,8,float64,42,64,2,64,2,2,0.25,rotation,rotation,10,10,compact:L3R0W0-L3R0W0-L3R0W0-L3R0W0-L3R0W0-L3R0W0-L3R0W0-L3R0W0-L2R0W0-L2R0W0,compact:L3R0W0-L3R0W0-L3R0W0-L3R0W0-L3R0W0-L3R0W0-L3R0W0-L3R0W0-L2R0W0-L2R0W0,,,merged,optimized,2,3,2,2307.0239775,2307.0239775,2306.698334,2307.3496210000003,0.32564350000006925,756.627486,9.959972500000001,1540.436519,,,custom:libsad_search_97eec9f2a848ec.so,/home/rzzhang/sad_merged/sad/build/libsad_search_97eec9f2a848ec.so
2026-08-23T05:22:05.417341+00:00,20260823T050257,joint:qaoa:18:d24528da6e1df484,ok,,qaoa,18,8,float64,42,64,2,64,2,2,1.0,rotation,rotation,18,18,compact:L1R0W0-L1R0W0-L1R0W0-L1R0W0-L1R0W0-L1R0W0-L1R0W0-L1R0W0-L1R0W0-L1R0W0-L1R0W0-L1R0W0-L1R0W0-L1R0W0-L1R0W0-L1R0W0-L1R0W0-L1R0W0,compact:L1R0W0-L1R0W0-L1R0W0-L1R0W0-L1R0W0-L1R0W0-L1R0W0-L1R0W0-L1R0W0-L1R0W0-L1R0W0-L1R0W0-L1R0W0-L1R0W0-L1R0W0-L1R0W0-L1R0W0-L1R0W0,,,merged,optimized,5,3,5,3.0443860000000003,3.0444968,3.0432569999999997,3.045328,0.0007699058124214505,1.2489725999999999,0.015610599999999999,1.7799136,,,custom:libsad_search_97eec9f2a848ec.so,/home/rzzhang/sad_merged/sad/build/libsad_search_97eec9f2a848ec.so
2026-08-23T05:22:05.466943+00:00,20260823T050257,joint:qaoa:4:bb7b0543c9b778b5,ok,,qaoa,4,8,float64,42,32,2,32,2,1,0.75,rotation,rotation,3,3,compact:L2R0W0-L1R0W0-L1R0W0,compact:L2R0W0-L1R0W0-L1R0W0,,,merged,optimized,20,3,20,0.19145749999999997,0.1917568,0.190472,0.192685,0.0005911370906989346,0.07535385,0.0155773,0.10082565,,,custom:libsad_search_f9cdaf042a7bd6.so,/home/rzzhang/sad_merged/sad/build/libsad_search_f9cdaf042a7bd6.so
2026-08-23T05:22:05.487699+00:00,20260823T050257,joint:qaoa:10:d18de7abb0833750,ok,,qaoa,10,8,float64,42,64,2,64,2,2,0.75,rotation,rotation,8,8,compact:L2R0W0-L2R0W0-L1R0W0-L1R0W0-L1R0W0-L1R0W0-L1R0W0-L1R0W0,compact:L2R0W0-L2R0W0-L1R0W0-L1R0W0-L1R0W0-L1R0W0-L1R0W0-L1R0W0,,,merged,optimized,10,3,10,0.6092550000000001,0.6094828999999999,0.608179,0.612426,0.001116731431455213,0.2634187,0.0155139,0.33055029999999996,,,custom:libsad_search_97eec9f2a848ec.so,/home/rzzhang/sad_merged/sad/build/libsad_search_97eec9f2a848ec.so
2026-08-23T05:22:05.510893+00:00,20260823T050257,joint:qaoa:12:8c7070735273e703,ok,,qaoa,12,8,float64,42,128,2,32,2,2,1.0,rotation,rotation,12,12,compact:L1R0W0-L1R0W0-L1R0W0-L1R0W0-L1R0W0-L1R0W0-L1R0W0-L1R0W0-L1R0W0-L1R0W0-L1R0W0-L1R0W0,compact:L1R0W0-L1R0W0-L1R0W0-L1R0W0-L1R0W0-L1R0W0-L1R0W0-L1R0W0-L1R0W0-L1R0W0-L1R0W0-L1R0W0,,,merged,optimized,10,3,10,0.9466760000000001,0.9465444,0.94508,0.947997,0.0008859972008984964,0.47491240000000007,0.015449499999999998,0.45618250000000005,,,custom:libsad_search_d014591f51543a.so,/home/rzzhang/sad_merged/sad/build/libsad_search_d014591f51543a.so
2026-08-23T05:22:05.539065+00:00,20260823T050257,joint:qaoa:16:a7c2ffe028306514,ok,,qaoa,16,8,float64,42,64,2,64,2,1,0.0,rotation,rotation,2,2,compact:L5R2W1-L5R2W1,compact:L5R2W1-L5R2W1,,,split,optimized,5,3,5,0.508842,0.5088814,0.50774,0.510101,0.0010077743001287854,0.1619722,0.0155106,0.3313986,,,custom:libsad_search_7ec063ebc99501.so,/home/rzzhang/sad_merged/sad/build/libsad_search_7ec063ebc99501.so
2026-08-23T05:22:05.563277+00:00,20260823T050257,joint:qaoa:10:5b57145d0739286d,ok,,qaoa,10,8,float64,42,32,2,128,2,1,0.25,rotation,rotation,4,4,compact:L3R0W0-L3R0W0-L2R0W0-L2R0W0,compact:L3R0W0-L3R0W0-L2R0W0-L2R0W0,,,merged,optimized,10,3,10,0.4454765,0.445712,0.445311,0.446409,0.0004455856819961725,0.14244990000000002,0.015472900000000003,0.2877892,,,custom:libsad_search_2a8327787a9aac.so,/home/rzzhang/sad_merged/sad/build/libsad_search_2a8327787a9aac.so
2026-08-23T05:22:05.584466+00:00,20260823T050257,joint:qaoa:18:d632b380603cabb1,ok,,qaoa,18,8,float64,42,128,2,32,2,1,0.0,rotation,rotation,2,3,compact:L5R2W2-L5R2W2,compact:L5R1W0-L5R1W0-L5R1W0,,,split,optimized,5,3,5,1.502204,1.502777,1.502113,1.504256,0.0008298091346809918,0.3871144,0.015916,1.0997466000000002,,,custom:libsad_search_7259903b8346c4.so,/home/rzzhang/sad_merged/sad/build/libsad_search_7259903b8346c4.so
2026-08-23T05:22:05.621289+00:00,20260823T050257,joint:qaoa:14:34484e3741bc12bd,ok,,qaoa,14,8,float64,42,64,2,64,2,1,0.0,rotation,rotation,2,2,compact:L5R2W0-L5R2W0,compact:L5R2W0-L5R2W0,,,merged,optimized,10,3,10,0.33384400000000003,0.333893,0.33275,0.33480800000000005,0.0005390415568395549,0.10941340000000001,0.015548600000000003,0.208931,,,custom:libsad_search_7e5293342e215a.so,/home/rzzhang/sad_merged/sad/build/libsad_search_7e5293342e215a.so
2026-08-23T05:22:05.642377+00:00,20260823T050257,joint:qaoa:10:56ac9b87004ef7ac,ok,,qaoa,10,8,float64,42,128,2,128,2,1,0.0,rotation,rotation,2,2,compact:L5R0W0-L5R0W0,compact:L5R0W0-L5R0W0,,,merged,optimized,10,3,10,0.3603845,0.3594751,0.35318999999999995,0.360467,0.0021323995146313606,0.11229420000000001,0.015484999999999999,0.2316959,,,custom:libsad_search_8fbfac92ec4bef.so,/home/rzzhang/sad_merged/sad/build/libsad_search_8fbfac92ec4bef.so
2026-08-23T05:22:05.663334+00:00,20260823T050257,joint:qaoa:22:e016b3ebe9152247,ok,,qaoa,22,8,float64,42,128,2,128,2,2,0.25,rotation,rotation,8,8,compact:L3R0W0-L3R0W0-L3R0W0-L3R0W0-L3R0W0-L3R0W0-L2R0W0-L2R0W0,compact:L3R0W0-L3R0W0-L3R0W0-L3R0W0-L3R0W0-L3R0W0-L2R0W0-L2R0W0,,,split,optimized,3,3,3,25.954999,25.95083733333333,25.942137,25.955375999999998,0.006153989618306448,6.149120333333333,0.140261,19.661455999999998,,,custom:libsad_search_d02bea87aa5c56.so,/home/rzzhang/sad_merged/sad/build/libsad_search_d02bea87aa5c56.so
2026-08-23T05:22:05.851625+00:00,20260823T050257,joint:qaoa:14:1265ca00bfc823e0,ok,,qaoa,14,8,float64,42,128,2,128,2,2,0.75,rotation,rotation,11,11,compact:L2R0W0-L2R0W0-L2R0W0-L1R0W0-L1R0W0-L1R0W0-L1R0W0-L1R0W0-L1R0W0-L1R0W0-L1R0W0,compact:L2R0W0-L2R0W0-L2R0W0-L1R0W0-L1R0W0-L1R0W0-L1R0W0-L1R0W0-L1R0W0-L1R0W0-L1R0W0,,,merged,optimized,10,3,10,1.1329825,1.1329992,1.1314009999999999,1.135512,0.001270806499825986,0.4901865,0.0155413,0.6272713999999999,,,custom:libsad_search_b969ada61d8a74.so,/home/rzzhang/sad_merged/sad/build/libsad_search_b969ada61d8a74.so
2026-08-23T05:22:05.877822+00:00,20260823T050257,joint:qaoa:6:cacc255bffb9e31a,ok,,qaoa,6,8,float64,42,32,2,32,2,2,1.0,rotation,rotation,6,6,compact:L1R0W0-L1R0W0-L1R0W0-L1R0W0-L1R0W0-L1R0W0,compact:L1R0W0-L1R0W0-L1R0W0-L1R0W0-L1R0W0-L1R0W0,,,merged,optimized,20,3,20,0.3548575,0.35447465,0.34913700000000003,0.357337,0.001939845722602699,0.1527443,0.015510149999999999,0.1862202,,,custom:libsad_search_dcff342f285260.so,/home/rzzhang/sad_merged/sad/build/libsad_search_dcff342f285260.so
2026-08-23T05:22:05.897505+00:00,20260823T050257,joint:qaoa:24:8aa75c9740e7459a,ok,,qaoa,24,8,float64,42,32,2,32,2,2,0.75,rotation,rotation,19,19,compact:L2R0W0-L2R0W0-L2R0W0-L2R0W0-L2R0W0-L1R0W0-L1R0W0-L1R0W0-L1R0W0-L1R0W0-L1R0W0-L1R0W0-L1R0W0-L1R0W0-L1R0W0-L1R0W0-L1R0W0-L1R0W0-L1R0W0,compact:L2R0W0-L2R0W0-L2R0W0-L2R0W0-L2R0W0-L1R0W0-L1R0W0-L1R0W0-L1R0W0-L1R0W0-L1R0W0-L1R0W0-L1R0W0-L1R0W0-L1R0W0-L1R0W0-L1R0W0-L1R0W0-L1R0W0,,,merged,optimized,3,3,3,270.313576,270.2668756666667,270.098469,270.388582,0.12295549070653783,89.778364,0.6410963333333334,179.84741533333334,,,custom:libsad_search_dcff342f285260.so,/home/rzzhang/sad_merged/sad/build/libsad_search_dcff342f285260.so
2026-08-23T05:22:07.545362+00:00,20260823T050257,joint:qaoa:26:c142d0e045014804,ok,,qaoa,26,8,float64,42,32,2,128,2,1,0.5,rotation,rotation,15,14,compact:L2R0W0-L2R0W0-L2R0W0-L2R0W0-L2R0W0-L2R0W0-L2R0W0-L2R0W0-L2R0W0-L2R0W0-L2R0W0-L1R0W0-L1R0W0-L1R0W0-L1R0W0,compact:L2R0W0-L2R0W0-L2R0W0-L2R0W0-L2R0W0-L2R0W0-L2R0W0-L2R0W0-L2R0W0-L2R0W0-L2R0W0-L2R0W0-L1R0W0-L1R0W0,,,split,optimized,2,3,2,814.363906,814.363906,814.333691,814.394121,0.030214999999998327,281.888656,2.5046375000000003,529.9706125,,,custom:libsad_search_0e4f539ceca897.so,/home/rzzhang/sad_merged/sad/build/libsad_search_0e4f539ceca897.so
2026-08-23T05:22:11.645331+00:00,20260823T050257,joint:qaoa:22:44ce834cb4c23520,ok,,qaoa,22,8,float64,42,128,2,32,2,2,0.0,rotation,rotation,3,4,compact:L5R2W1-L5R2W0-L5R2W0,compact:L5R1W0-L5R1W0-L5R0W0-L5R0W0,,,split,optimized,3,3,3,21.824476,21.822463666666668,21.818365,21.824550000000002,0.002898352443870945,5.282636,0.13971533333333336,16.400112333333333,,,custom:libsad_search_3b115211f38255.so,/home/rzzhang/sad_merged/sad/build/libsad_search_3b115211f38255.so
2026-08-23T05:22:11.808891+00:00,20260823T050257,joint:qaoa:8:1b639b7ba846560b,ok,,qaoa,8,8,float64,42,64,2,64,2,2,1.0,rotation,rotation,8,8,compact:L1R0W0-L1R0W0-L1R0W0-L1R0W0-L1R0W0-L1R0W0-L1R0W0-L1R0W0,compact:L1R0W0-L1R0W0-L1R0W0-L1R0W0-L1R0W0-L1R0W0-L1R0W0-L1R0W0,,,merged,optimized,20,3,20,0.5313464999999999,0.53310585,0.5302250000000001,0.539432,0.003459553067594134,0.2346697,0.015188149999999997,0.283248,,,custom:libsad_search_97eec9f2a848ec.so,/home/rzzhang/sad_merged/sad/build/libsad_search_97eec9f2a848ec.so
2026-08-23T05:22:11.832825+00:00,20260823T050257,joint:qaoa:18:29d410feddb222d1,ok,,qaoa,18,8,float64,42,128,2,32,2,1,0.25,rotation,rotation,6,7,compact:L3R0W0-L3R0W0-L3R0W0-L3R0W0-L3R0W0-L3R0W0,compact:L3R0W0-L3R0W0-L3R0W0-L3R0W0-L2R0W0-L2R0W0-L2R0W0,,,split,optimized,5,3,5,1.7817779999999999,1.789313,1.7805439999999997,1.821597,0.01615154750480586,0.5988562,0.017091799999999997,1.173365,,,custom:libsad_search_7259903b8346c4.so,/home/rzzhang/sad_merged/sad/build/libsad_search_7259903b8346c4.so
2026-08-23T05:22:11.858807+00:00,20260823T050257,joint:qaoa:22:9e65e38bf6297ae5,ok,,qaoa,22,8,float64,42,32,2,128,2,2,0.0,rotation,rotation,4,3,compact:L5R1W0-L5R1W0-L5R0W0-L5R0W0,compact:L5R2W1-L5R2W0-L5R2W0,,,merged,optimized,3,3,3,24.553536,24.552428333333335,24.546199,24.55755,0.0046997513645809725,6.421343666666667,0.14515066666666668,17.985934,,,custom:libsad_search_fce412939d20fb.so,/home/rzzhang/sad_merged/sad/build/libsad_search_fce412939d20fb.so
2026-08-23T05:22:12.030548+00:00,20260823T050257,joint:qaoa:18:688fb42bb7fddd50,ok,,qaoa,18,8,float64,42,32,2,128,2,2,0.25,rotation,rotation,7,6,compact:L3R0W0-L3R0W0-L3R0W0-L3R0W0-L2R0W0-L2R0W0-L2R0W0,compact:L3R0W0-L3R0W0-L3R0W0-L3R0W0-L3R0W0-L3R0W0,,,split,optimized,5,3,5,1.943611,1.9436984,1.943417,1.944374,0.0003474971079016699,0.6532272,0.015514799999999999,1.2749564,,,custom:libsad_search_2a0e4369743c84.so,/home/rzzhang/sad_merged/sad/build/libsad_search_2a0e4369743c84.so
2026-08-23T05:22:12.057833+00:00,20260823T050257,joint:qaoa:10:fddf31b15aa147c0,ok,,qaoa,10,8,float64,42,128,2,32,2,2,0.5,rotation,rotation,6,6,compact:L2R0W0-L2R0W0-L2R0W0-L2R0W0-L1R0W0-L1R0W0,compact:L2R0W0-L2R0W0-L2R0W0-L2R0W0-L1R0W0-L1R0W0,,,split,optimized,10,3,10,0.5334269999999999,0.5333642999999999,0.532429,0.5345289999999999,0.0006988844038894836,0.2496703,0.0153914,0.2683026,,,custom:libsad_search_3b115211f38255.so,/home/rzzhang/sad_merged/sad/build/libsad_search_3b115211f38255.so
2026-08-23T05:22:12.075841+00:00,20260823T050257,joint:qaoa:10:259a2ccce02d5a1c,ok,,qaoa,10,8,float64,42,32,2,128,2,1,0.5,rotation,rotation,6,6,compact:L2R0W0-L2R0W0-L2R0W0-L2R0W0-L1R0W0-L1R0W0,compact:L2R0W0-L2R0W0-L2R0W0-L2R0W0-L1R0W0-L1R0W0,,,split,optimized,10,3,10,0.5927765,0.5924585,0.590789,0.5939070000000001,0.0008194921903227741,0.210609,0.015373,0.3664765,,,custom:libsad_search_0e4f539ceca897.so,/home/rzzhang/sad_merged/sad/build/libsad_search_0e4f539ceca897.so
2026-08-23T05:22:12.094549+00:00,20260823T050257,joint:qaoa:16:571e21406df6cbec,ok,,qaoa,16,8,float64,42,32,2,128,2,2,1.0,rotation,rotation,16,16,compact:L1R0W0-L1R0W0-L1R0W0-L1R0W0-L1R0W0-L1R0W0-L1R0W0-L1R0W0-L1R0W0-L1R0W0-L1R0W0-L1R0W0-L1R0W0-L1R0W0-L1R0W0-L1R0W0,compact:L1R0W0-L1R0W0-L1R0W0-L1R0W0-L1R0W0-L1R0W0-L1R0W0-L1R0W0-L1R0W0-L1R0W0-L1R0W0-L1R0W0-L1R0W0-L1R0W0-L1R0W0-L1R0W0,,,merged,optimized,5,3,5,1.7479269999999998,1.7481247999999998,1.747832,1.748951,0.0004162275339282799,0.7277332,0.015668,1.0047236,,,custom:libsad_search_fce412939d20fb.so,/home/rzzhang/sad_merged/sad/build/libsad_search_fce412939d20fb.so
2026-08-23T05:22:12.119694+00:00,20260823T050257,joint:qaoa:10:55542b1c327c500a,ok,,qaoa,10,8,float64,42,32,2,32,2,1,0.25,rotation,rotation,4,4,compact:L3R0W0-L3R0W0-L2R0W0-L2R0W0,compact:L3R0W0-L3R0W0-L2R0W0-L2R0W0,,,merged,optimized,10,3,10,0.37981,0.379044,0.37367599999999995,0.380789,0.0018777360304366656,0.15065869999999998,0.015311900000000002,0.21307340000000002,,,custom:libsad_search_f9cdaf042a7bd6.so,/home/rzzhang/sad_merged/sad/build/libsad_search_f9cdaf042a7bd6.so
2026-08-23T05:22:12.136414+00:00,20260823T050257,joint:qaoa:4:71d967961d076a61,ok,,qaoa,4,8,float64,42,64,2,64,2,2,0.25,rotation,rotation,2,2,compact:L2R0W0-L2R0W0,compact:L2R0W0-L2R0W0,,,merged,optimized,20,3,20,0.15768300000000002,0.15759995,0.156561,0.158586,0.0004088853720787812,0.057207350000000004,0.015329349999999999,0.08506324999999999,,,custom:libsad_search_97eec9f2a848ec.so,/home/rzzhang/sad_merged/sad/build/libsad_search_97eec9f2a848ec.so
2026-08-23T05:22:12.151024+00:00,20260823T050257,joint:qaoa:28:b329e0f32ae30869,ok,,qaoa,28,8,float64,42,128,2,128,2,2,0.0,rotation,rotation,4,4,compact:L5R2W0-L5R2W0-L5R2W0-L5R2W0,compact:L5R2W0-L5R2W0-L5R2W0-L5R2W0,,,split,optimized,2,3,2,1758.895953,1758.895953,1758.767932,1759.023974,0.12802099999998973,418.5324235,9.952897,1330.4106325,,,custom:libsad_search_d02bea87aa5c56.so,/home/rzzhang/sad_merged/sad/build/libsad_search_d02bea87aa5c56.so
2026-08-23T05:22:20.995058+00:00,20260823T050257,joint:qaoa:20:7fc9212e6a81f097,ok,,qaoa,20,8,float64,42,64,2,64,2,1,0.0,legacy,legacy,0,0,,,,,not_applicable,legacy-generic,5,3,5,5.538895,5.5387884,5.533744,5.541891000000001,0.0027819449742940688,1.5244156,0.0406546,3.9737181999999995,,,custom:libsad_search_5a6ce94d125b8e.so,/home/rzzhang/sad_merged/sad/build/libsad_search_5a6ce94d125b8e.so
2026-08-23T05:22:21.067836+00:00,20260823T050257,joint:qaoa:22:b3aca81a18ab35cc,ok,,qaoa,22,8,float64,42,128,2,32,2,1,0.75,rotation,rotation,17,18,compact:L2R0W0-L2R0W0-L2R0W0-L2R0W0-L2R0W0-L1R0W0-L1R0W0-L1R0W0-L1R0W0-L1R0W0-L1R0W0-L1R0W0-L1R0W0-L1R0W0-L1R0W0-L1R0W0-L1R0W0,compact:L2R0W0-L2R0W0-L2R0W0-L2R0W0-L1R0W0-L1R0W0-L1R0W0-L1R0W0-L1R0W0-L1R0W0-L1R0W0-L1R0W0-L1R0W0-L1R0W0-L1R0W0-L1R0W0-L1R0W0-L1R0W0,,,merged,optimized,3,3,3,54.080121,54.488381333333336,53.368901,56.016122,1.1186158502185748,10.909223,0.14835166666666666,43.43080666666666,,,custom:libsad_search_5851e15f736f52.so,/home/rzzhang/sad_merged/sad/build/libsad_search_5851e15f736f52.so
2026-08-23T05:22:21.433257+00:00,20260823T050257,joint:qaoa:24:4673f6f21c1db2da,ok,,qaoa,24,8,float64,42,64,2,64,2,1,0.25,rotation,rotation,8,8,compact:L3R0W0-L3R0W0-L3R0W0-L3R0W0-L3R0W0-L3R0W0-L3R0W0-L3R0W0,compact:L3R0W0-L3R0W0-L3R0W0-L3R0W0-L3R0W0-L3R0W0-L3R0W0-L3R0W0,,,split,optimized,3,3,3,116.831292,116.83167233333334,116.778079,116.88564600000001,0.04391486735593084,38.014621,0.6290643333333334,78.187987,,,custom:libsad_search_7ec063ebc99501.so,/home/rzzhang/sad_merged/sad/build/libsad_search_7ec063ebc99501.so
2026-08-23T05:22:22.161896+00:00,20260823T050257,joint:qaoa:16:dcbf946c74c6af8f,ok,,qaoa,16,8,float64,42,32,2,32,2,2,0.5,rotation,rotation,10,10,compact:L2R0W0-L2R0W0-L2R0W0-L2R0W0-L2R0W0-L2R0W0-L1R0W0-L1R0W0-L1R0W0-L1R0W0,compact:L2R0W0-L2R0W0-L2R0W0-L2R0W0-L2R0W0-L2R0W0-L1R0W0-L1R0W0-L1R0W0-L1R0W0,,,merged,optimized,5,3,5,1.088466,1.0880588,1.087302,1.088505,0.0005217146346423513,0.4579854,0.015443400000000001,0.61463,,,custom:libsad_search_dcff342f285260.so,/home/rzzhang/sad_merged/sad/build/libsad_search_dcff342f285260.so
2026-08-23T05:22:22.182632+00:00,20260823T050257,joint:qaoa:24:0f2b9e8b6a7f822e,ok,,qaoa,24,8,float64,42,32,2,32,2,1,0.0,legacy,legacy,0,0,,,,,not_applicable,legacy-generic,3,3,3,106.176648,106.18273233333333,106.176581,106.194968,0.008651966109248455,28.87005133333333,0.6294946666666666,76.68318633333334,,,custom:libsad_search_06042376d3c545.so,/home/rzzhang/sad_merged/sad/build/libsad_search_06042376d3c545.so
2026-08-23T05:22:22.854560+00:00,20260823T050257,joint:qaoa:26:7f647312b7f117bd,ok,,qaoa,26,8,float64,42,32,2,128,2,2,0.5,rotation,rotation,15,14,compact:L2R0W0-L2R0W0-L2R0W0-L2R0W0-L2R0W0-L2R0W0-L2R0W0-L2R0W0-L2R0W0-L2R0W0-L2R0W0-L1R0W0-L1R0W0-L1R0W0-L1R0W0,compact:L2R0W0-L2R0W0-L2R0W0-L2R0W0-L2R0W0-L2R0W0-L2R0W0-L2R0W0-L2R0W0-L2R0W0-L2R0W0-L2R0W0-L1R0W0-L1R0W0,,,split,optimized,2,3,2,814.953847,814.953847,814.872609,815.035085,0.08123799999998482,281.88971000000004,2.5105294999999996,530.5536074999999,,,custom:libsad_search_2a0e4369743c84.so,/home/rzzhang/sad_merged/sad/build/libsad_search_2a0e4369743c84.so
2026-08-23T05:22:26.956723+00:00,20260823T050257,joint:qaoa:6:1f0c80475ba6f2c3,ok,,qaoa,6,8,float64,42,32,2,128,2,2,0.25,rotation,rotation,2,2,compact:L3R0W0-L3R0W0,compact:L3R0W0-L3R0W0,,,merged,optimized,20,3,20,0.22223199999999999,0.22247725,0.218942,0.22425,0.0010102029932147314,0.06474645,0.0151,0.1426308,,,custom:libsad_search_fce412939d20fb.so,/home/rzzhang/sad_merged/sad/build/libsad_search_fce412939d20fb.so
2026-08-23T05:22:26.978101+00:00,20260823T050257,joint:qaoa:10:913b1cd5b7b683cb,ok,,qaoa,10,8,float64,42,32,2,128,2,2,0.0,rotation,rotation,2,2,compact:L5R0W0-L5R0W0,compact:L5R0W0-L5R0W0,,,merged,optimized,10,3,10,0.334876,0.33511009999999997,0.33468099999999995,0.336053,0.0004716781635819216,0.0872679,0.015310900000000002,0.23253129999999997,,,custom:libsad_search_fce412939d20fb.so,/home/rzzhang/sad_merged/sad/build/libsad_search_fce412939d20fb.so
2026-08-23T05:22:26.999226+00:00,20260823T050257,joint:qaoa:26:0b12540e063bbda0,ok,,qaoa,26,8,float64,42,64,2,64,2,1,1.0,rotation,rotation,26,26,compact:L1R0W0-L1R0W0-L1R0W0-L1R0W0-L1R0W0-L1R0W0-L1R0W0-L1R0W0-L1R0W0-L1R0W0-L1R0W0-L1R0W0-L1R0W0-L1R0W0-L1R0W0-L1R0W0-L1R0W0-L1R0W0-L1R0W0-L1R0W0-L1R0W0-L1R0W0-L1R0W0-L1R0W0-L1R0W0-L1R0W0,compact:L1R0W0-L1R0W0-L1R0W0-L1R0W0-L1R0W0-L1R0W0-L1R0W0-L1R0W0-L1R0W0-L1R0W0-L1R0W0-L1R0W0-L1R0W0-L1R0W0-L1R0W0-L1R0W0-L1R0W0-L1R0W0-L1R0W0-L1R0W0-L1R0W0-L1R0W0-L1R0W0-L1R0W0-L1R0W0-L1R0W0,,,split,optimized,2,3,2,1473.4980765,1473.4980765,1472.774373,1474.22178,0.723703500000056,489.6419025,2.5246525,981.3315215,,,custom:libsad_search_7ec063ebc99501.so,/home/rzzhang/sad_merged/sad/build/libsad_search_7ec063ebc99501.so
2026-08-23T05:22:34.396715+00:00,20260823T050257,joint:qaoa:18:7be4278ec393954e,ok,,qaoa,18,8,float64,42,128,2,32,2,1,0.75,rotation,rotation,14,14,compact:L2R0W0-L2R0W0-L2R0W0-L2R0W0-L1R0W0-L1R0W0-L1R0W0-L1R0W0-L1R0W0-L1R0W0-L1R0W0-L1R0W0-L1R0W0-L1R0W0,compact:L2R0W0-L2R0W0-L2R0W0-L2R0W0-L1R0W0-L1R0W0-L1R0W0-L1R0W0-L1R0W0-L1R0W0-L1R0W0-L1R0W0-L1R0W0-L1R0W0,,,merged,optimized,5,3,5,2.650108,2.6498674,2.648022,2.6520529999999995,0.0015883262385289277,1.0905491999999999,0.0156474,1.5436708000000001,,,custom:libsad_search_5851e15f736f52.so,/home/rzzhang/sad_merged/sad/build/libsad_search_5851e15f736f52.so
2026-08-23T05:22:34.443324+00:00,20260823T050257,joint:qaoa:24:a905a509bb671539,ok,,qaoa,24,8,float64,42,128,2,32,2,1,0.25,rotation,rotation,8,9,compact:L3R0W0-L3R0W0-L3R0W0-L3R0W0-L3R0W0-L3R0W0-L3R0W0-L3R0W0,compact:L3R0W0-L3R0W0-L3R0W0-L3R0W0-L3R0W0-L3R0W0-L2R0W0-L2R0W0-L2R0W0,,,split,optimized,3,3,3,125.848653,125.85825133333333,125.84040099999999,125.88569999999999,0.01969933759179409,38.02826733333333,0.6351686666666666,87.19481533333332,,,custom:libsad_search_7259903b8346c4.so,/home/rzzhang/sad_merged/sad/build/libsad_search_7259903b8346c4.so
2026-08-23T05:22:35.225306+00:00,20260823T050257,joint:qaoa:16:6f7b41ec3217a658,ok,,qaoa,16,8,float64,42,128,2,128,2,1,0.5,rotation,rotation,9,9,compact:L2R0W0-L2R0W0-L2R0W0-L2R0W0-L2R0W0-L2R0W0-L2R0W0-L1R0W0-L1R0W0,compact:L2R0W0-L2R0W0-L2R0W0-L2R0W0-L2R0W0-L2R0W0-L2R0W0-L1R0W0-L1R0W0,,,merged,optimized,5,3,5,1.136619,1.1361766,1.130406,1.138725,0.0030248614249250875,0.4671138,0.015260800000000001,0.653802,,,custom:libsad_search_8fbfac92ec4bef.so,/home/rzzhang/sad_merged/sad/build/libsad_search_8fbfac92ec4bef.so
2026-08-23T05:22:35.246140+00:00,20260823T050257,joint:qaoa:24:177d8af420c41056,ok,,qaoa,24,8,float64,42,128,2,128,2,2,0.0,rotation,rotation,3,3,compact:L5R2W1-L5R2W1-L5R2W1,compact:L5R2W1-L5R2W1-L5R2W1,,,merged,optimized,3,3,3,96.92683000000001,97.05545966666666,96.906231,97.333318,0.1966554003874677,22.939384666666662,0.6143216666666667,73.50175333333334,,,custom:libsad_search_b969ada61d8a74.so,/home/rzzhang/sad_merged/sad/build/libsad_search_b969ada61d8a74.so
2026-08-23T05:22:35.854950+00:00,20260823T050257,joint:qaoa:22:c52b38b559fab4cf,ok,,qaoa,22,8,float64,42,32,2,32,2,2,0.25,rotation,rotation,8,8,compact:L3R0W0-L3R0W0-L3R0W0-L3R0W0-L3R0W0-L3R0W0-L2R0W0-L2R0W0,compact:L3R0W0-L3R0W0-L3R0W0-L3R0W0-L3R0W0-L3R0W0-L2R0W0-L2R0W0,,,merged,optimized,3,3,3,26.063621,26.065434,26.054528,26.078153,0.00972969280090551,6.469466333333333,0.14075133333333334,19.455216333333333,,,custom:libsad_search_dcff342f285260.so,/home/rzzhang/sad_merged/sad/build/libsad_search_dcff342f285260.so
2026-08-23T05:22:36.026429+00:00,20260823T050257,joint:qaoa:6:5ddd9523749ca227,ok,,qaoa,6,8,float64,42,64,2,64,2,1,0.25,rotation,rotation,2,2,compact:L3R0W0-L3R0W0,compact:L3R0W0-L3R0W0,,,merged,optimized,20,3,20,0.1894235,0.18959920000000002,0.188929,0.191482,0.0005471843930522889,0.06356205000000001,0.015404749999999998,0.1106324,,,custom:libsad_search_7e5293342e215a.so,/home/rzzhang/sad_merged/sad/build/libsad_search_7e5293342e215a.so
2026-08-23T05:22:36.042315+00:00,20260823T050257,joint:qaoa:26:3526d2897b716667,ok,,qaoa,26,8,float64,42,128,2,32,2,2,1.0,rotation,rotation,26,26,compact:L1R0W0-L1R0W0-L1R0W0-L1R0W0-L1R0W0-L1R0W0-L1R0W0-L1R0W0-L1R0W0-L1R0W0-L1R0W0-L1R0W0-L1R0W0-L1R0W0-L1R0W0-L1R0W0-L1R0W0-L1R0W0-L1R0W0-L1R0W0-L1R0W0-L1R0W0-L1R0W0-L1R0W0-L1R0W0-L1R0W0,compact:L1R0W0-L1R0W0-L1R0W0-L1R0W0-L1R0W0-L1R0W0-L1R0W0-L1R0W0-L1R0W0-L1R0W0-L1R0W0-L1R0W0-L1R0W0-L1R0W0-L1R0W0-L1R0W0-L1R0W0-L1R0W0-L1R0W0-L1R0W0-L1R0W0-L1R0W0-L1R0W0-L1R0W0-L1R0W0-L1R0W0,,,merged,optimized,2,3,2,1473.1588455,1473.1588455,1472.925667,1473.392024,0.23317850000000817,489.85040150000003,2.5062225,980.8022215,,,custom:libsad_search_d014591f51543a.so,/home/rzzhang/sad_merged/sad/build/libsad_search_d014591f51543a.so
2026-08-23T05:22:43.434264+00:00,20260823T050257,joint:qaoa:16:c767db92184aa6f9,ok,,qaoa,16,8,float64,42,128,2,32,2,2,0.75,rotation,rotation,12,13,compact:L2R0W0-L2R0W0-L2R0W0-L2R0W0-L1R0W0-L1R0W0-L1R0W0-L1R0W0-L1R0W0-L1R0W0-L1R0W0-L1R0W0,compact:L2R0W0-L2R0W0-L2R0W0-L1R0W0-L1R0W0-L1R0W0-L1R0W0-L1R0W0-L1R0W0-L1R0W0-L1R0W0-L1R0W0-L1R0W0,,,merged,optimized,5,3,5,1.3496659999999998,1.3503914,1.3494700000000002,1.352614,0.0011849613664588103,0.5932185999999999,0.0152956,0.7418772,,,custom:libsad_search_d014591f51543a.so,/home/rzzhang/sad_merged/sad/build/libsad_search_d014591f51543a.so
2026-08-23T05:22:43.466113+00:00,20260823T050257,joint:qaoa:16:53cef31bd73c2463,ok,,qaoa,16,8,float64,42,32,2,32,2,2,0.25,rotation,rotation,6,6,compact:L3R0W0-L3R0W0-L3R0W0-L3R0W0-L2R0W0-L2R0W0,compact:L3R0W0-L3R0W0-L3R0W0-L3R0W0-L2R0W0-L2R0W0,,,merged,optimized,5,3,5,0.788511,0.7890766,0.788401,0.790482,0.0008163432121356867,0.3081342,0.0156176,0.46532480000000004,,,custom:libsad_search_dcff342f285260.so,/home/rzzhang/sad_merged/sad/build/libsad_search_dcff342f285260.so
2026-08-23T05:22:43.488747+00:00,20260823T050257,joint:qaoa:16:2472bd8b035a0bfd,ok,,qaoa,16,8,float64,42,32,2,128,2,2,1.0,rotation,rotation,16,16,compact:L1R0W0-L1R0W0-L1R0W0-L1R0W0-L1R0W0-L1R0W0-L1R0W0-L1R0W0-L1R0W0-L1R0W0-L1R0W0-L1R0W0-L1R0W0-L1R0W0-L1R0W0-L1R0W0,compact:L1R0W0-L1R0W0-L1R0W0-L1R0W0-L1R0W0-L1R0W0-L1R0W0-L1R0W0-L1R0W0-L1R0W0-L1R0W0-L1R0W0-L1R0W0-L1R0W0-L1R0W0-L1R0W0,,,split,optimized,5,3,5,1.6742110000000001,1.6711366,1.66598,1.6742510000000002,0.0038034627696351127,0.6948242,0.015596599999999999,0.9607158,,,custom:libsad_search_2a0e4369743c84.so,/home/rzzhang/sad_merged/sad/build/libsad_search_2a0e4369743c84.so
2026-08-23T05:22:43.513528+00:00,20260823T050257,joint:qaoa:20:b85530d5952cf136,ok,,qaoa,20,8,float64,42,128,2,32,2,2,0.75,rotation,rotation,16,16,compact:L2R0W0-L2R0W0-L2R0W0-L2R0W0-L1R0W0-L1R0W0-L1R0W0-L1R0W0-L1R0W0-L1R0W0-L1R0W0-L1R0W0-L1R0W0-L1R0W0-L1R0W0-L1R0W0,compact:L2R0W0-L2R0W0-L2R0W0-L2R0W0-L1R0W0-L1R0W0-L1R0W0-L1R0W0-L1R0W0-L1R0W0-L1R0W0-L1R0W0-L1R0W0-L1R0W0-L1R0W0-L1R0W0,,,merged,optimized,5,3,5,7.329726,7.3303731999999995,7.327666,7.333993,0.0022628075835122354,2.6141166,0.040008600000000005,4.676248,,,custom:libsad_search_d014591f51543a.so,/home/rzzhang/sad_merged/sad/build/libsad_search_d014591f51543a.so
2026-08-23T05:22:43.584381+00:00,20260823T050257,joint:qaoa:28:db7140d01c35d1ea,ok,,qaoa,28,8,float64,42,64,2,64,2,1,1.0,rotation,rotation,28,28,compact:L1R0W0-L1R0W0-L1R0W0-L1R0W0-L1R0W0-L1R0W0-L1R0W0-L1R0W0-L1R0W0-L1R0W0-L1R0W0-L1R0W0-L1R0W0-L1R0W0-L1R0W0-L1R0W0-L1R0W0-L1R0W0-L1R0W0-L1R0W0-L1R0W0-L1R0W0-L1R0W0-L1R0W0-L1R0W0-L1R0W0-L1R0W0-L1R0W0,compact:L1R0W0-L1R0W0-L1R0W0-L1R0W0-L1R0W0-L1R0W0-L1R0W0-L1R0W0-L1R0W0-L1R0W0-L1R0W0-L1R0W0-L1R0W0-L1R0W0-L1R0W0-L1R0W0-L1R0W0-L1R0W0-L1R0W0-L1R0W0-L1R0W0-L1R0W0-L1R0W0-L1R0W0-L1R0W0-L1R0W0-L1R0W0-L1R0W0,,,merged,optimized,2,3,2,6333.4462695,6333.4462695,6331.103419,6335.7891199999995,2.342850499999713,2104.5262245,9.969578499999999,4218.9504664999995,,,custom:libsad_search_7e5293342e215a.so,/home/rzzhang/sad_merged/sad/build/libsad_search_7e5293342e215a.so
2026-08-23T05:23:15.285689+00:00,20260823T050257,joint:qaoa:4:3d49a808647051d4,ok,,qaoa,4,8,float64,42,64,2,64,2,2,0.5,rotation,rotation,2,2,compact:L2R0W0-L2R0W0,compact:L2R0W0-L2R0W0,,,split,optimized,20,3,20,0.156551,0.1564169,0.15548800000000002,0.15776400000000002,0.0006914100736899934,0.0556164,0.015212949999999998,0.08558755,,,custom:libsad_search_20c37ff249ec0a.so,/home/rzzhang/sad_merged/sad/build/libsad_search_20c37ff249ec0a.so
2026-08-23T05:23:15.305560+00:00,20260823T050257,joint:qaoa:4:4ecc6c4c6bedeb04,ok,,qaoa,4,8,float64,42,128,2,128,2,1,0.0,rotation,rotation,1,1,compact:L4R0W0,compact:L4R0W0,,,split,optimized,20,3,20,0.14531699999999997,0.1454604,0.144126,0.15256,0.0016876222148336404,0.0423851,0.015618449999999999,0.08745685,,,custom:libsad_search_9361435758c99d.so,/home/rzzhang/sad_merged/sad/build/libsad_search_9361435758c99d.so
2026-08-23T05:23:15.325490+00:00,20260823T050257,joint:qaoa:4:76c12212d55ad605,ok,,qaoa,4,8,float64,42,32,2,128,2,2,0.5,rotation,rotation,2,2,compact:L2R0W0-L2R0W0,compact:L2R0W0-L2R0W0,,,merged,optimized,20,3,20,0.1811805,0.1809981,0.18007700000000001,0.18232299999999999,0.0007811508113034235,0.0557237,0.01528625,0.10998815,,,custom:libsad_search_fce412939d20fb.so,/home/rzzhang/sad_merged/sad/build/libsad_search_fce412939d20fb.so
2026-08-23T05:23:15.345822+00:00,20260823T050257,joint:qaoa:26:1814cbe6fd9c9115,ok,,qaoa,26,8,float64,42,128,2,128,2,2,0.5,rotation,rotation,14,14,compact:L2R0W0-L2R0W0-L2R0W0-L2R0W0-L2R0W0-L2R0W0-L2R0W0-L2R0W0-L2R0W0-L2R0W0-L2R0W0-L2R0W0-L1R0W0-L1R0W0,compact:L2R0W0-L2R0W0-L2R0W0-L2R0W0-L2R0W0-L2R0W0-L2R0W0-L2R0W0-L2R0W0-L2R0W0-L2R0W0-L2R0W0-L1R0W0-L1R0W0,,,merged,optimized,2,3,2,797.9285815000001,797.9285815000001,797.9071369999999,797.9500260000001,0.021444500000086464,265.077596,2.512701,530.3382845,,,custom:libsad_search_b969ada61d8a74.so,/home/rzzhang/sad_merged/sad/build/libsad_search_b969ada61d8a74.so
2026-08-23T05:23:19.388867+00:00,20260823T050257,joint:qaoa:26:580a6870915fcdef,ok,,qaoa,26,8,float64,42,128,2,32,2,1,0.0,legacy,legacy,0,0,,,,,not_applicable,legacy-generic,2,3,2,449.613247,449.613247,449.607413,449.61908100000005,0.005834000000021433,123.60442450000001,2.481905,323.5269175,,,custom:libsad_search_eaf59e83158800.so,/home/rzzhang/sad_merged/sad/build/libsad_search_eaf59e83158800.so
2026-08-23T05:23:21.676684+00:00,20260823T050257,joint:qaoa:4:69188d2179e56d9b,ok,,qaoa,4,8,float64,42,128,2,128,2,1,0.75,rotation,rotation,3,3,compact:L2R0W0-L1R0W0-L1R0W0,compact:L2R0W0-L1R0W0-L1R0W0,,,split,optimized,20,3,20,0.22432249999999998,0.22482995,0.22409099999999998,0.229375,0.0011498926243349863,0.08390679999999999,0.015431099999999998,0.12549205000000002,,,custom:libsad_search_9361435758c99d.so,/home/rzzhang/sad_merged/sad/build/libsad_search_9361435758c99d.so
2026-08-23T05:23:21.697530+00:00,20260823T050257,joint:qaoa:28:0b294433f2046f90,ok,,qaoa,28,8,float64,42,64,2,64,2,2,0.0,rotation,rotation,4,4,compact:L5R2W0-L5R2W0-L5R2W0-L5R2W0,compact:L5R2W0-L5R2W0-L5R2W0-L5R2W0,,,merged,optimized,2,3,2,1763.425713,1763.425713,1763.353335,1763.498091,0.07237799999995786,445.316035,9.9544795,1308.1551984999999,,,custom:libsad_search_97eec9f2a848ec.so,/home/rzzhang/sad_merged/sad/build/libsad_search_97eec9f2a848ec.so
2026-08-23T05:23:30.552933+00:00,20260823T050257,joint:qaoa:24:8f299916f3ab3887,ok,,qaoa,24,8,float64,42,32,2,32,2,2,0.5,rotation,rotation,14,14,compact:L2R0W0-L2R0W0-L2R0W0-L2R0W0-L2R0W0-L2R0W0-L2R0W0-L2R0W0-L2R0W0-L2R0W0-L1R0W0-L1R0W0-L1R0W0-L1R0W0,compact:L2R0W0-L2R0W0-L2R0W0-L2R0W0-L2R0W0-L2R0W0-L2R0W0-L2R0W0-L2R0W0-L2R0W0-L1R0W0-L1R0W0-L1R0W0-L1R0W0,,,merged,optimized,3,3,3,199.685276,199.65079266666666,199.511241,199.755861,0.10279935573187289,66.17295,0.6399536666666668,132.83788900000002,,,custom:libsad_search_dcff342f285260.so,/home/rzzhang/sad_merged/sad/build/libsad_search_dcff342f285260.so
2026-08-23T05:23:31.806134+00:00,20260823T050257,joint:qaoa:24:5e82a6dbd409802d,ok,,qaoa,24,8,float64,42,32,2,32,2,1,0.75,rotation,rotation,19,19,compact:L2R0W0-L2R0W0-L2R0W0-L2R0W0-L2R0W0-L1R0W0-L1R0W0-L1R0W0-L1R0W0-L1R0W0-L1R0W0-L1R0W0-L1R0W0-L1R0W0-L1R0W0-L1R0W0-L1R0W0-L1R0W0-L1R0W0,compact:L2R0W0-L2R0W0-L2R0W0-L2R0W0-L2R0W0-L1R0W0-L1R0W0-L1R0W0-L1R0W0-L1R0W0-L1R0W0-L1R0W0-L1R0W0-L1R0W0-L1R0W0-L1R0W0-L1R0W0-L1R0W0-L1R0W0,,,split,optimized,3,3,3,270.189992,270.1898966666667,270.14686,270.23283799999996,0.035100436249248954,89.77435566666665,0.642551,179.77299000000002,,,custom:libsad_search_3cb67c7e18cc99.so,/home/rzzhang/sad_merged/sad/build/libsad_search_3cb67c7e18cc99.so
2026-08-23T05:23:33.453585+00:00,20260823T050257,joint:qaoa:4:8383e1da4238c06b,ok,,qaoa,4,8,float64,42,128,2,32,2,2,0.0,rotation,rotation,1,1,compact:L4R0W0,compact:L4R0W0,,,split,optimized,20,3,20,0.120799,0.12069215,0.11966700000000001,0.121779,0.00046916972142285366,0.0425077,0.015600500000000002,0.06258395,,,custom:libsad_search_3b115211f38255.so,/home/rzzhang/sad_merged/sad/build/libsad_search_3b115211f38255.so
2026-08-23T05:23:33.467950+00:00,20260823T050257,joint:qaoa:8:a3c18839e78c0679,ok,,qaoa,8,8,float64,42,128,2,128,2,1,0.5,rotation,rotation,4,4,compact:L2R0W0-L2R0W0-L2R0W0-L2R0W0,compact:L2R0W0-L2R0W0-L2R0W0-L2R0W0,,,merged,optimized,20,3,20,0.39203350000000003,0.3918424,0.391038,0.39419400000000004,0.0008013288588338747,0.14697765000000002,0.015296950000000002,0.22956780000000002,,,custom:libsad_search_8fbfac92ec4bef.so,/home/rzzhang/sad_merged/sad/build/libsad_search_8fbfac92ec4bef.so
2026-08-23T05:23:33.488268+00:00,20260823T050257,joint:qaoa:28:bb19ad8bd20b8637,ok,,qaoa,28,8,float64,42,128,2,32,2,2,0.25,rotation,rotation,10,10,compact:L3R0W0-L3R0W0-L3R0W0-L3R0W0-L3R0W0-L3R0W0-L3R0W0-L3R0W0-L2R0W0-L2R0W0,compact:L3R0W0-L3R0W0-L3R0W0-L3R0W0-L3R0W0-L3R0W0-L3R0W0-L3R0W0-L2R0W0-L2R0W0,,,split,optimized,2,3,2,2304.3437734999998,2304.3437734999998,2304.314641,2304.372906,0.029132500000059736,756.5776465,9.982723,1537.783404,,,custom:libsad_search_3b115211f38255.so,/home/rzzhang/sad_merged/sad/build/libsad_search_3b115211f38255.so
2026-08-23T05:23:45.038883+00:00,20260823T050257,joint:qaoa:8:8264bd089237fb04,ok,,qaoa,8,8,float64,42,32,2,128,2,2,0.75,rotation,rotation,6,6,compact:L2R0W0-L2R0W0-L1R0W0-L1R0W0-L1R0W0-L1R0W0,compact:L2R0W0-L2R0W0-L1R0W0-L1R0W0-L1R0W0-L1R0W0,,,merged,optimized,20,3,20,0.479202,0.4789326,0.474163,0.48027600000000004,0.0012692890293388662,0.17995709999999998,0.015395099999999998,0.2835804,,,custom:libsad_search_fce412939d20fb.so,/home/rzzhang/sad_merged/sad/build/libsad_search_fce412939d20fb.so
2026-08-23T05:23:45.066164+00:00,20260823T050257,joint:qaoa:16:f6fa0efb575c7aaf,ok,,qaoa,16,8,float64,42,64,2,64,2,2,1.0,rotation,rotation,16,16,compact:L1R0W0-L1R0W0-L1R0W0-L1R0W0-L1R0W0-L1R0W0-L1R0W0-L1R0W0-L1R0W0-L1R0W0-L1R0W0-L1R0W0-L1R0W0-L1R0W0-L1R0W0-L1R0W0,compact:L1R0W0-L1R0W0-L1R0W0-L1R0W0-L1R0W0-L1R0W0-L1R0W0-L1R0W0-L1R0W0-L1R0W0-L1R0W0-L1R0W0-L1R0W0-L1R0W0-L1R0W0-L1R0W0,,,merged,optimized,5,3,5,1.633327,1.634256,1.6321299999999999,1.639405,0.0026827183228956505,0.71799,0.015521199999999999,0.9007447999999999,,,custom:libsad_search_97eec9f2a848ec.so,/home/rzzhang/sad_merged/sad/build/libsad_search_97eec9f2a848ec.so
2026-08-23T05:23:45.099393+00:00,20260823T050257,joint:qaoa:10:a004bdaffc9ea0be,ok,,qaoa,10,8,float64,42,64,2,64,2,2,0.5,rotation,rotation,6,6,compact:L2R0W0-L2R0W0-L2R0W0-L2R0W0-L1R0W0-L1R0W0,compact:L2R0W0-L2R0W0-L2R0W0-L2R0W0-L1R0W0-L1R0W0,,,merged,optimized,10,3,10,0.496584,0.49659829999999994,0.495455,0.497714,0.0006619258342140782,0.2054482,0.015381600000000002,0.2757685,,,custom:libsad_search_97eec9f2a848ec.so,/home/rzzhang/sad_merged/sad/build/libsad_search_97eec9f2a848ec.so
2026-08-23T05:23:45.122713+00:00,20260823T050257,joint:qaoa:20:ca38ce834574165a,ok,,qaoa,20,8,float64,42,32,2,32,2,2,0.75,rotation,rotation,16,16,compact:L2R0W0-L2R0W0-L2R0W0-L2R0W0-L1R0W0-L1R0W0-L1R0W0-L1R0W0-L1R0W0-L1R0W0-L1R0W0-L1R0W0-L1R0W0-L1R0W0-L1R0W0-L1R0W0,compact:L2R0W0-L2R0W0-L2R0W0-L2R0W0-L1R0W0-L1R0W0-L1R0W0-L1R0W0-L1R0W0-L1R0W0-L1R0W0-L1R0W0-L1R0W0-L1R0W0-L1R0W0-L1R0W0,,,split,optimized,5,3,5,7.496548000000001,7.4960222000000005,7.492565,7.49871,0.0021887296224066726,2.765426,0.0404618,4.6901344,,,custom:libsad_search_16d9d6cef53b3d.so,/home/rzzhang/sad_merged/sad/build/libsad_search_16d9d6cef53b3d.so
2026-08-23T05:23:45.210025+00:00,20260823T050257,joint:qaoa:12:e54bfc1f7770b582,ok,,qaoa,12,8,float64,42,128,2,128,2,1,0.25,rotation,rotation,4,4,compact:L3R0W0-L3R0W0-L3R0W0-L3R0W0,compact:L3R0W0-L3R0W0-L3R0W0-L3R0W0,,,split,optimized,10,3,10,0.5544045,0.554035,0.551915,0.555078,0.0010610887804514627,0.2015265,0.0155017,0.3370068,,,custom:libsad_search_9361435758c99d.so,/home/rzzhang/sad_merged/sad/build/libsad_search_9361435758c99d.so
2026-08-23T05:23:45.233104+00:00,20260823T050257,joint:qaoa:8:8b698685f52ea413,ok,,qaoa,8,8,float64,42,32,2,32,2,2,0.25,rotation,rotation,4,4,compact:L2R0W0-L2R0W0-L2R0W0-L2R0W0,compact:L2R0W0-L2R0W0-L2R0W0-L2R0W0,,,merged,optimized,20,3,20,0.316272,0.3161176,0.315125,0.319347,0.0008740025972501517,0.127341,0.015569099999999999,0.1732075,,,custom:libsad_search_dcff342f285260.so,/home/rzzhang/sad_merged/sad/build/libsad_search_dcff342f285260.so
2026-08-23T05:23:45.256099+00:00,20260823T050257,joint:qaoa:10:4e85d3b2192a132d,ok,,qaoa,10,8,float64,42,64,2,64,2,1,0.0,rotation,rotation,2,2,compact:L5R0W0-L5R0W0,compact:L5R0W0-L5R0W0,,,merged,optimized,10,3,10,0.2651205,0.2649744,0.264108,0.26613,0.0006079376941759624,0.08947830000000001,0.015644199999999997,0.15985190000000002,,,custom:libsad_search_7e5293342e215a.so,/home/rzzhang/sad_merged/sad/build/libsad_search_7e5293342e215a.so
2026-08-23T05:23:45.275919+00:00,20260823T050257,joint:qaoa:20:a7173793cf136973,ok,,qaoa,20,8,float64,42,32,2,32,2,2,0.25,rotation,rotation,7,7,compact:L3R0W0-L3R0W0-L3R0W0-L3R0W0-L3R0W0-L3R0W0-L2R0W0,compact:L3R0W0-L3R0W0-L3R0W0-L3R0W0-L3R0W0-L3R0W0-L2R0W0,,,merged,optimized,5,3,5,5.773174,5.7738962,5.772173,5.776458,0.0014798893742436635,1.7399708,0.0400566,3.9938687999999996,,,custom:libsad_search_dcff342f285260.so,/home/rzzhang/sad_merged/sad/build/libsad_search_dcff342f285260.so
2026-08-23T05:23:45.341467+00:00,20260823T050257,joint:qaoa:8:4d8883cdceac0a85,ok,,qaoa,8,8,float64,42,128,2,128,2,1,1.0,rotation,rotation,8,8,compact:L1R0W0-L1R0W0-L1R0W0-L1R0W0-L1R0W0-L1R0W0-L1R0W0-L1R0W0,compact:L1R0W0-L1R0W0-L1R0W0-L1R0W0-L1R0W0-L1R0W0-L1R0W0-L1R0W0,,,merged,optimized,20,3,20,0.6043565,0.6049527,0.603889,0.611025,0.0015118952047017099,0.25950270000000003,0.015240800000000002,0.3302092,,,custom:libsad_search_8fbfac92ec4bef.so,/home/rzzhang/sad_merged/sad/build/libsad_search_8fbfac92ec4bef.so
2026-08-23T05:23:45.366678+00:00,20260823T050257,joint:qaoa:18:d4ad3624fa793d14,ok,,qaoa,18,8,float64,42,64,2,64,2,2,0.75,rotation,rotation,14,14,compact:L2R0W0-L2R0W0-L2R0W0-L2R0W0-L1R0W0-L1R0W0-L1R0W0-L1R0W0-L1R0W0-L1R0W0-L1R0W0-L1R0W0-L1R0W0-L1R0W0,compact:L2R0W0-L2R0W0-L2R0W0-L2R0W0-L1R0W0-L1R0W0-L1R0W0-L1R0W0-L1R0W0-L1R0W0-L1R0W0-L1R0W0-L1R0W0-L1R0W0,,,split,optimized,5,3,5,2.580261,2.5802348,2.5794870000000003,2.5814719999999998,0.0007125580397412632,1.0085871999999998,0.015496,1.5561516000000002,,,custom:libsad_search_20c37ff249ec0a.so,/home/rzzhang/sad_merged/sad/build/libsad_search_20c37ff249ec0a.so
2026-08-23T05:23:45.399130+00:00,20260823T050257,joint:qaoa:26:8a58e4d14810e07d,ok,,qaoa,26,8,float64,42,128,2,32,2,1,0.75,rotation,rotation,20,20,compact:L2R0W0-L2R0W0-L2R0W0-L2R0W0-L2R0W0-L2R0W0-L1R0W0-L1R0W0-L1R0W0-L1R0W0-L1R0W0-L1R0W0-L1R0W0-L1R0W0-L1R0W0-L1R0W0-L1R0W0-L1R0W0-L1R0W0-L1R0W0,compact:L2R0W0-L2R0W0-L2R0W0-L2R0W0-L2R0W0-L2R0W0-L1R0W0-L1R0W0-L1R0W0-L1R0W0-L1R0W0-L1R0W0-L1R0W0-L1R0W0-L1R0W0-L1R0W0-L1R0W0-L1R0W0-L1R0W0-L1R0W0,,,split,optimized,2,3,2,1133.6401225,1133.6401225,1132.8813910000001,1134.398854,0.7587314999999535,377.17287200000004,2.5161435,753.951107,,,custom:libsad_search_7259903b8346c4.so,/home/rzzhang/sad_merged/sad/build/libsad_search_7259903b8346c4.so
2026-08-23T05:23:51.096331+00:00,20260823T050257,joint:qaoa:12:6f51f0a9d40dd28a,ok,,qaoa,12,8,float64,42,128,2,128,2,1,0.75,rotation,rotation,10,10,compact:L2R0W0-L2R0W0-L1R0W0-L1R0W0-L1R0W0-L1R0W0-L1R0W0-L1R0W0-L1R0W0-L1R0W0,compact:L2R0W0-L2R0W0-L1R0W0-L1R0W0-L1R0W0-L1R0W0-L1R0W0-L1R0W0-L1R0W0-L1R0W0,,,merged,optimized,10,3,10,0.9517815000000001,0.9517751999999999,0.9502339999999999,0.953323,0.0008065142032227437,0.4050975,0.0153731,0.5313046,,,custom:libsad_search_8fbfac92ec4bef.so,/home/rzzhang/sad_merged/sad/build/libsad_search_8fbfac92ec4bef.so
2026-08-23T05:23:51.125338+00:00,20260823T050257,joint:qaoa:26:5c1c5bec8787385e,ok,,qaoa,26,8,float64,42,32,2,32,2,1,0.5,rotation,rotation,15,15,compact:L2R0W0-L2R0W0-L2R0W0-L2R0W0-L2R0W0-L2R0W0-L2R0W0-L2R0W0-L2R0W0-L2R0W0-L2R0W0-L1R0W0-L1R0W0-L1R0W0-L1R0W0,compact:L2R0W0-L2R0W0-L2R0W0-L2R0W0-L2R0W0-L2R0W0-L2R0W0-L2R0W0-L2R0W0-L2R0W0-L2R0W0-L1R0W0-L1R0W0-L1R0W0-L1R0W0,,,merged,optimized,2,3,2,851.6627575,851.6627575,851.598614,851.7269009999999,0.06414349999994329,281.9704335,2.5194625,567.1728615000001,,,custom:libsad_search_f9cdaf042a7bd6.so,/home/rzzhang/sad_merged/sad/build/libsad_search_f9cdaf042a7bd6.so
2026-08-23T05:23:55.414989+00:00,20260823T050257,joint:qaoa:26:4efa917dd7140491,ok,,qaoa,26,8,float64,42,32,2,32,2,1,0.0,rotation,rotation,4,4,compact:L5R2W0-L5R2W0-L5R1W0-L5R1W0,compact:L5R2W0-L5R2W0-L5R1W0-L5R1W0,,,merged,optimized,2,3,2,400.88744299999996,400.88744299999996,400.823584,400.95130199999994,0.06385899999997946,104.1738465,2.471985,294.2416115,,,custom:libsad_search_f9cdaf042a7bd6.so,/home/rzzhang/sad_merged/sad/build/libsad_search_f9cdaf042a7bd6.so
2026-08-23T05:23:57.458826+00:00,20260823T050257,joint:qaoa:16:c176a084091852db,ok,,qaoa,16,8,float64,42,64,2,64,2,1,0.5,rotation,rotation,9,9,compact:L2R0W0-L2R0W0-L2R0W0-L2R0W0-L2R0W0-L2R0W0-L2R0W0-L1R0W0-L1R0W0,compact:L2R0W0-L2R0W0-L2R0W0-L2R0W0-L2R0W0-L2R0W0-L2R0W0-L1R0W0-L1R0W0,,,merged,optimized,5,3,5,1.06089,1.0608236000000002,1.059763,1.0619340000000002,0.0009147166993118684,0.4355936000000001,0.0158826,0.6093474,,,custom:libsad_search_7e5293342e215a.so,/home/rzzhang/sad_merged/sad/build/libsad_search_7e5293342e215a.so
2026-08-23T05:23:57.488056+00:00,20260823T050257,joint:qaoa:4:538a7b05c66ab03a,ok,,qaoa,4,8,float64,42,128,2,32,2,1,0.25,rotation,rotation,2,2,compact:L2R0W0-L2R0W0,compact:L2R0W0-L2R0W0,,,split,optimized,20,3,20,0.15564850000000002,0.15551315000000002,0.149407,0.156787,0.001556475771574999,0.06297685,0.01524275,0.07729355,,,custom:libsad_search_7259903b8346c4.so,/home/rzzhang/sad_merged/sad/build/libsad_search_7259903b8346c4.so
2026-08-23T05:23:57.507862+00:00,20260823T050257,joint:qaoa:16:d66ead2cdfffb156,ok,,qaoa,16,8,float64,42,128,2,128,2,2,0.5,rotation,rotation,9,9,compact:L2R0W0-L2R0W0-L2R0W0-L2R0W0-L2R0W0-L2R0W0-L2R0W0-L1R0W0-L1R0W0,compact:L2R0W0-L2R0W0-L2R0W0-L2R0W0-L2R0W0-L2R0W0-L2R0W0-L1R0W0-L1R0W0,,,split,optimized,5,3,5,1.1253199999999999,1.1251234,1.124192,1.125431,0.00046769802223226877,0.4615036,0.015565199999999998,0.6480546,,,custom:libsad_search_d02bea87aa5c56.so,/home/rzzhang/sad_merged/sad/build/libsad_search_d02bea87aa5c56.so
2026-08-23T05:23:57.528395+00:00,20260823T050257,joint:qaoa:22:d84d2de7cc874a20,ok,,qaoa,22,8,float64,42,128,2,32,2,2,0.5,rotation,rotation,12,13,compact:L2R0W0-L2R0W0-L2R0W0-L2R0W0-L2R0W0-L2R0W0-L2R0W0-L2R0W0-L2R0W0-L2R0W0-L1R0W0-L1R0W0,compact:L2R0W0-L2R0W0-L2R0W0-L2R0W0-L2R0W0-L2R0W0-L2R0W0-L2R0W0-L2R0W0-L1R0W0-L1R0W0-L1R0W0-L1R0W0,,,merged,optimized,3,3,3,38.837354,38.839356,38.832086000000004,38.848628000000005,0.006900021449243143,7.660934666666667,0.14835099999999998,31.030070333333338,,,custom:libsad_search_d014591f51543a.so,/home/rzzhang/sad_merged/sad/build/libsad_search_d014591f51543a.so
2026-08-23T05:23:57.785560+00:00,20260823T050257,joint:qaoa:14:a8a61bdb616915e5,ok,,qaoa,14,8,float64,42,128,2,32,2,1,0.0,rotation,rotation,2,2,compact:L5R2W0-L5R2W0,compact:L5R2W0-L5R2W0,,,split,optimized,10,3,10,0.3501685,0.3497601,0.344975,0.351386,0.0017072650907225902,0.1431463,0.015427,0.1911868,,,custom:libsad_search_7259903b8346c4.so,/home/rzzhang/sad_merged/sad/build/libsad_search_7259903b8346c4.so
2026-08-23T05:23:57.801362+00:00,20260823T050257,joint:qaoa:10:cfa2d52f68993b5c,ok,,qaoa,10,8,float64,42,128,2,32,2,1,0.5,rotation,rotation,6,6,compact:L2R0W0-L2R0W0-L2R0W0-L2R0W0-L1R0W0-L1R0W0,compact:L2R0W0-L2R0W0-L2R0W0-L2R0W0-L1R0W0-L1R0W0,,,merged,optimized,10,3,10,0.521061,0.5206673,0.5190670000000001,0.522308,0.0009661062105172245,0.24419540000000003,0.0155309,0.260941,,,custom:libsad_search_5851e15f736f52.so,/home/rzzhang/sad_merged/sad/build/libsad_search_5851e15f736f52.so
2026-08-23T05:23:57.819609+00:00,20260823T050257,joint:qaoa:4:28e45d9d5559f29d,ok,,qaoa,4,8,float64,42,64,2,64,2,2,0.25,rotation,rotation,2,2,compact:L2R0W0-L2R0W0,compact:L2R0W0-L2R0W0,,,split,optimized,20,3,20,0.15783350000000002,0.15856065,0.157419,0.165543,0.001730607300198399,0.05751375,0.015169,0.0858779,,,custom:libsad_search_20c37ff249ec0a.so,/home/rzzhang/sad_merged/sad/build/libsad_search_20c37ff249ec0a.so
2026-08-23T05:23:57.834403+00:00,20260823T050257,joint:qaoa:26:b2e82e7e615577d2,ok,,qaoa,26,8,float64,42,32,2,128,2,2,0.75,rotation,rotation,20,20,compact:L2R0W0-L2R0W0-L2R0W0-L2R0W0-L2R0W0-L2R0W0-L1R0W0-L1R0W0-L1R0W0-L1R0W0-L1R0W0-L1R0W0-L1R0W0-L1R0W0-L1R0W0-L1R0W0-L1R0W0-L1R0W0-L1R0W0-L1R0W0,compact:L2R0W0-L2R0W0-L2R0W0-L2R0W0-L2R0W0-L2R0W0-L1R0W0-L1R0W0-L1R0W0-L1R0W0-L1R0W0-L1R0W0-L1R0W0-L1R0W0-L1R0W0-L1R0W0-L1R0W0-L1R0W0-L1R0W0-L1R0W0,,,split,optimized,2,3,2,1133.564885,1133.564885,1133.165466,1133.964304,0.3994190000000799,375.795206,2.5105365,755.2591424999999,,,custom:libsad_search_2a0e4369743c84.so,/home/rzzhang/sad_merged/sad/build/libsad_search_2a0e4369743c84.so
2026-08-23T05:24:03.537161+00:00,20260823T050257,joint:qaoa:16:c6d7d0edfc38b3c0,ok,,qaoa,16,8,float64,42,32,2,32,2,2,0.25,rotation,rotation,6,6,compact:L3R0W0-L3R0W0-L3R0W0-L3R0W0-L2R0W0-L2R0W0,compact:L3R0W0-L3R0W0-L3R0W0-L3R0W0-L2R0W0-L2R0W0,,,split,optimized,5,3,5,0.7843060000000001,0.7837132,0.7809830000000001,0.786336,0.002120451404772097,0.3065366,0.0153128,0.4618638,,,custom:libsad_search_16d9d6cef53b3d.so,/home/rzzhang/sad_merged/sad/build/libsad_search_16d9d6cef53b3d.so
2026-08-23T05:24:03.565108+00:00,20260823T050257,joint:qaoa:20:60d946195058912c,ok,,qaoa,20,8,float64,42,32,2,32,2,2,0.5,rotation,rotation,12,12,compact:L2R0W0-L2R0W0-L2R0W0-L2R0W0-L2R0W0-L2R0W0-L2R0W0-L2R0W0-L1R0W0-L1R0W0-L1R0W0-L1R0W0,compact:L2R0W0-L2R0W0-L2R0W0-L2R0W0-L2R0W0-L2R0W0-L2R0W0-L2R0W0-L1R0W0-L1R0W0-L1R0W0-L1R0W0,,,merged,optimized,5,3,5,6.649893,6.6518736,6.6496439999999994,6.657197999999999,0.0029119378152699803,2.3002550000000004,0.0398286,4.31179,,,custom:libsad_search_dcff342f285260.so,/home/rzzhang/sad_merged/sad/build/libsad_search_dcff342f285260.so
2026-08-23T05:24:03.638355+00:00,20260823T050257,joint:qaoa:12:0e1aaee2b6e2001b,ok,,qaoa,12,8,float64,42,128,2,128,2,2,1.0,rotation,rotation,12,12,compact:L1R0W0-L1R0W0-L1R0W0-L1R0W0-L1R0W0-L1R0W0-L1R0W0-L1R0W0-L1R0W0-L1R0W0-L1R0W0-L1R0W0,compact:L1R0W0-L1R0W0-L1R0W0-L1R0W0-L1R0W0-L1R0W0-L1R0W0-L1R0W0-L1R0W0-L1R0W0-L1R0W0-L1R0W0,,,merged,optimized,10,3,10,1.0822794999999998,1.0821132,1.0784570000000002,1.085446,0.002085929423542359,0.47497,0.0157259,0.5914173,,,custom:libsad_search_b969ada61d8a74.so,/home/rzzhang/sad_merged/sad/build/libsad_search_b969ada61d8a74.so
2026-08-23T05:24:03.664074+00:00,20260823T050257,joint:qaoa:6:092117dc977d4bb2,ok,,qaoa,6,8,float64,42,32,2,128,2,1,0.25,rotation,rotation,2,2,compact:L3R0W0-L3R0W0,compact:L3R0W0-L3R0W0,,,merged,optimized,20,3,20,0.22318900000000003,0.2237006,0.222125,0.235484,0.002806545624072411,0.06480585000000001,0.015310350000000002,0.14358439999999997,,,custom:libsad_search_2a8327787a9aac.so,/home/rzzhang/sad_merged/sad/build/libsad_search_2a8327787a9aac.so
2026-08-23T05:24:03.680902+00:00,20260823T050257,joint:qaoa:10:8cb9d8226b8abd68,ok,,qaoa,10,8,float64,42,128,2,32,2,2,1.0,rotation,rotation,10,10,compact:L1R0W0-L1R0W0-L1R0W0-L1R0W0-L1R0W0-L1R0W0-L1R0W0-L1R0W0-L1R0W0-L1R0W0,compact:L1R0W0-L1R0W0-L1R0W0-L1R0W0-L1R0W0-L1R0W0-L1R0W0-L1R0W0-L1R0W0-L1R0W0,,,split,optimized,10,3,10,0.7495244999999999,0.748306,0.741355,0.7504919999999999,0.002690894126493999,0.3657896,0.015508100000000002,0.36700830000000007,,,custom:libsad_search_3b115211f38255.so,/home/rzzhang/sad_merged/sad/build/libsad_search_3b115211f38255.so
2026-08-23T05:24:03.702078+00:00,20260823T050257,joint:qaoa:16:87cac431e390f7a5,ok,,qaoa,16,8,float64,42,128,2,128,2,2,0.75,rotation,rotation,12,12,compact:L2R0W0-L2R0W0-L2R0W0-L2R0W0-L1R0W0-L1R0W0-L1R0W0-L1R0W0-L1R0W0-L1R0W0-L1R0W0-L1R0W0,compact:L2R0W0-L2R0W0-L2R0W0-L2R0W0-L1R0W0-L1R0W0-L1R0W0-L1R0W0-L1R0W0-L1R0W0-L1R0W0-L1R0W0,,,merged,optimized,5,3,5,1.387661,1.3878636,1.387289,1.388471,0.0004932186533374867,0.5913792,0.0155496,0.7809348,,,custom:libsad_search_b969ada61d8a74.so,/home/rzzhang/sad_merged/sad/build/libsad_search_b969ada61d8a74.so
2026-08-23T05:24:03.724462+00:00,20260823T050257,joint:qaoa:10:c4fd869c24531425,ok,,qaoa,10,8,float64,42,64,2,64,2,1,0.5,rotation,rotation,6,6,compact:L2R0W0-L2R0W0-L2R0W0-L2R0W0-L1R0W0-L1R0W0,compact:L2R0W0-L2R0W0-L2R0W0-L2R0W0-L1R0W0-L1R0W0,,,split,optimized,10,3,10,0.494582,0.49476059999999994,0.493471,0.495627,0.0006284072246561096,0.20521989999999998,0.0151134,0.27442730000000004,,,custom:libsad_search_7ec063ebc99501.so,/home/rzzhang/sad_merged/sad/build/libsad_search_7ec063ebc99501.so
2026-08-23T05:24:03.742338+00:00,20260823T050257,joint:qaoa:16:f881c9a1c1c3fecb,ok,,qaoa,16,8,float64,42,128,2,32,2,1,0.0,rotation,rotation,2,3,compact:L5R2W1-L5R2W1,compact:L5R1W0-L5R0W0-L5R0W0,,,split,optimized,5,3,5,0.542776,0.5432882,0.542753,0.544513,0.0006971615020925986,0.16614260000000003,0.0152484,0.3618972,,,custom:libsad_search_7259903b8346c4.so,/home/rzzhang/sad_merged/sad/build/libsad_search_7259903b8346c4.so
2026-08-23T05:24:03.758506+00:00,20260823T050257,joint:qaoa:4:c6a30e0213bda890,ok,,qaoa,4,8,float64,42,64,2,64,2,1,0.5,rotation,rotation,2,2,compact:L2R0W0-L2R0W0,compact:L2R0W0-L2R0W0,,,split,optimized,20,3,20,0.15557899999999997,0.15550765,0.15454800000000002,0.15765,0.0007785317768081149,0.0550677,0.015301149999999998,0.0851388,,,custom:libsad_search_7ec063ebc99501.so,/home/rzzhang/sad_merged/sad/build/libsad_search_7ec063ebc99501.so
2026-08-23T05:24:03.773268+00:00,20260823T050257,joint:qaoa:24:03fad44113ce2638,ok,,qaoa,24,8,float64,42,64,2,64,2,1,0.0,legacy,legacy,0,0,,,,,not_applicable,legacy-generic,3,3,3,109.784069,110.11058166666668,109.77746599999999,110.77021,0.4664354571315949,28.927906333333336,0.6174213333333333,80.565254,,,custom:libsad_search_5a6ce94d125b8e.so,/home/rzzhang/sad_merged/sad/build/libsad_search_5a6ce94d125b8e.so
2026-08-23T05:24:04.470988+00:00,20260823T050257,joint:qaoa:22:b108af5cc7ecc8ce,ok,,qaoa,22,8,float64,42,128,2,128,2,1,0.0,rotation,rotation,3,3,compact:L5R2W1-L5R2W0-L5R2W0,compact:L5R2W1-L5R2W0-L5R2W0,,,split,optimized,3,3,3,23.217223999999998,23.221518333333332,23.215898999999997,23.231431999999998,0.0070308603709333195,5.334595333333334,0.14024866666666666,17.746674333333335,,,custom:libsad_search_9361435758c99d.so,/home/rzzhang/sad_merged/sad/build/libsad_search_9361435758c99d.so
2026-08-23T05:24:04.634833+00:00,20260823T050257,joint:qaoa:8:f2d31ce8558bb607,ok,,qaoa,8,8,float64,42,32,2,128,2,1,0.5,rotation,rotation,5,4,compact:L2R0W0-L2R0W0-L2R0W0-L1R0W0-L1R0W0,compact:L2R0W0-L2R0W0-L2R0W0-L2R0W0,,,split,optimized,20,3,20,0.40033549999999996,0.40039245,0.399353,0.401462,0.00041126250436916245,0.15427785,0.015623800000000002,0.2304908,,,custom:libsad_search_0e4f539ceca897.so,/home/rzzhang/sad_merged/sad/build/libsad_search_0e4f539ceca897.so
2026-08-23T05:24:04.655639+00:00,20260823T050257,joint:qaoa:28:a3b9766dd911f27b,ok,,qaoa,28,8,float64,42,128,2,128,2,2,0.75,rotation,rotation,22,22,compact:L2R0W0-L2R0W0-L2R0W0-L2R0W0-L2R0W0-L2R0W0-L1R0W0-L1R0W0-L1R0W0-L1R0W0-L1R0W0-L1R0W0-L1R0W0-L1R0W0-L1R0W0-L1R0W0-L1R0W0-L1R0W0-L1R0W0-L1R0W0-L1R0W0-L1R0W0,compact:L2R0W0-L2R0W0-L2R0W0-L2R0W0-L2R0W0-L2R0W0-L1R0W0-L1R0W0-L1R0W0-L1R0W0-L1R0W0-L1R0W0-L1R0W0-L1R0W0-L1R0W0-L1R0W0-L1R0W0-L1R0W0-L1R0W0-L1R0W0-L1R0W0-L1R0W0,,,split,optimized,2,3,2,4981.254627,4981.254627,4979.8491970000005,4982.660057,1.4054299999997966,1656.1317450000001,10.003501,3315.119381,,,custom:libsad_search_d02bea87aa5c56.so,/home/rzzhang/sad_merged/sad/build/libsad_search_d02bea87aa5c56.so
2026-08-23T05:24:29.595375+00:00,20260823T050257,joint:qaoa:12:e66555e3a59775c3,ok,,qaoa,12,8,float64,42,32,2,128,2,2,1.0,rotation,rotation,12,12,compact:L1R0W0-L1R0W0-L1R0W0-L1R0W0-L1R0W0-L1R0W0-L1R0W0-L1R0W0-L1R0W0-L1R0W0-L1R0W0-L1R0W0,compact:L1R0W0-L1R0W0-L1R0W0-L1R0W0-L1R0W0-L1R0W0-L1R0W0-L1R0W0-L1R0W0-L1R0W0-L1R0W0-L1R0W0,,,split,optimized,10,3,10,1.0141565,1.0132998,1.007797,1.015664,0.0021936161377961835,0.40314469999999997,0.015581900000000001,0.5945732,,,custom:libsad_search_2a0e4369743c84.so,/home/rzzhang/sad_merged/sad/build/libsad_search_2a0e4369743c84.so
2026-08-23T05:24:29.625587+00:00,20260823T050257,joint:qaoa:8:0f1022b814e097f7,ok,,qaoa,8,8,float64,42,32,2,32,2,2,0.75,rotation,rotation,6,6,compact:L2R0W0-L2R0W0-L1R0W0-L1R0W0-L1R0W0-L1R0W0,compact:L2R0W0-L2R0W0-L1R0W0-L1R0W0-L1R0W0-L1R0W0,,,split,optimized,20,3,20,0.41573000000000004,0.4156576,0.414638,0.416728,0.0005086090246938185,0.1809049,0.01557635,0.21917635,,,custom:libsad_search_16d9d6cef53b3d.so,/home/rzzhang/sad_merged/sad/build/libsad_search_16d9d6cef53b3d.so
2026-08-23T05:24:29.652184+00:00,20260823T050257,joint:qaoa:14:557a035d8bd271ab,ok,,qaoa,14,8,float64,42,128,2,32,2,1,0.75,rotation,rotation,11,11,compact:L2R0W0-L2R0W0-L2R0W0-L1R0W0-L1R0W0-L1R0W0-L1R0W0-L1R0W0-L1R0W0-L1R0W0-L1R0W0,compact:L2R0W0-L2R0W0-L2R0W0-L1R0W0-L1R0W0-L1R0W0-L1R0W0-L1R0W0-L1R0W0-L1R0W0-L1R0W0,,,merged,optimized,10,3,10,0.9901139999999999,0.989535,0.9821700000000001,0.9922270000000001,0.0026465391363060956,0.4917369000000001,0.015573000000000002,0.48222509999999996,,,custom:libsad_search_5851e15f736f52.so,/home/rzzhang/sad_merged/sad/build/libsad_search_5851e15f736f52.so
2026-08-23T05:24:29.682777+00:00,20260823T050257,joint:qaoa:14:d38ae10eb51580f0,ok,,qaoa,14,8,float64,42,64,2,64,2,2,0.75,rotation,rotation,11,11,compact:L2R0W0-L2R0W0-L2R0W0-L1R0W0-L1R0W0-L1R0W0-L1R0W0-L1R0W0-L1R0W0-L1R0W0-L1R0W0,compact:L2R0W0-L2R0W0-L2R0W0-L1R0W0-L1R0W0-L1R0W0-L1R0W0-L1R0W0-L1R0W0-L1R0W0-L1R0W0,,,merged,optimized,10,3,10,0.9645395,0.9644577999999999,0.9635130000000001,0.9656130000000002,0.0007139101904301465,0.42692420000000003,0.0155105,0.5220231,,,custom:libsad_search_97eec9f2a848ec.so,/home/rzzhang/sad_merged/sad/build/libsad_search_97eec9f2a848ec.so
2026-08-23T05:24:29.711851+00:00,20260823T050257,joint:qaoa:26:3cffdd3500bfcfaa,ok,,qaoa,26,8,float64,42,64,2,64,2,1,0.0,legacy,legacy,0,0,,,,,not_applicable,legacy-generic,2,3,2,495.86369749999994,495.86369749999994,495.80335399999996,495.924041,0.06034350000001609,134.2883805,2.4961015000000004,359.0792155,,,custom:libsad_search_5a6ce94d125b8e.so,/home/rzzhang/sad_merged/sad/build/libsad_search_5a6ce94d125b8e.so
2026-08-23T05:24:32.234037+00:00,20260823T050257,joint:qaoa:28:3cbab3f9520f53f4,ok,,qaoa,28,8,float64,42,64,2,64,2,1,0.75,rotation,rotation,22,22,compact:L2R0W0-L2R0W0-L2R0W0-L2R0W0-L2R0W0-L2R0W0-L1R0W0-L1R0W0-L1R0W0-L1R0W0-L1R0W0-L1R0W0-L1R0W0-L1R0W0-L1R0W0-L1R0W0-L1R0W0-L1R0W0-L1R0W0-L1R0W0-L1R0W0-L1R0W0,compact:L2R0W0-L2R0W0-L2R0W0-L2R0W0-L2R0W0-L2R0W0-L1R0W0-L1R0W0-L1R0W0-L1R0W0-L1R0W0-L1R0W0-L1R0W0-L1R0W0-L1R0W0-L1R0W0-L1R0W0-L1R0W0-L1R0W0-L1R0W0-L1R0W0-L1R0W0,,,merged,optimized,2,3,2,4985.878632,4985.878632,4983.795121,4987.962143,2.0835109999998167,1655.206237,10.0037135,3320.6686815,,,custom:libsad_search_7e5293342e215a.so,/home/rzzhang/sad_merged/sad/build/libsad_search_7e5293342e215a.so
2026-08-23T05:24:57.202221+00:00,20260823T050257,joint:qaoa:10:94b4d055d3a13316,ok,,qaoa,10,8,float64,42,128,2,32,2,1,0.25,rotation,rotation,4,4,compact:L3R0W0-L3R0W0-L2R0W0-L2R0W0,compact:L3R0W0-L3R0W0-L2R0W0-L2R0W0,,,merged,optimized,10,3,10,0.38905,0.38928510000000005,0.388047,0.390199,0.0006401364620141739,0.1755619,0.0157553,0.1979679,,,custom:libsad_search_5851e15f736f52.so,/home/rzzhang/sad_merged/sad/build/libsad_search_5851e15f736f52.so
2026-08-23T05:24:57.223515+00:00,20260823T050257,joint:qaoa:8:8096153eb3abc575,ok,,qaoa,8,8,float64,42,128,2,32,2,2,0.75,rotation,rotation,6,6,compact:L2R0W0-L2R0W0-L1R0W0-L1R0W0-L1R0W0-L1R0W0,compact:L2R0W0-L2R0W0-L1R0W0-L1R0W0-L1R0W0-L1R0W0,,,split,optimized,20,3,20,0.43939500000000004,0.4397307,0.438175,0.44149499999999997,0.0009503832963599511,0.2046562,0.0155011,0.2195734,,,custom:libsad_search_3b115211f38255.so,/home/rzzhang/sad_merged/sad/build/libsad_search_3b115211f38255.so
2026-08-23T05:24:57.250654+00:00,20260823T050257,joint:qaoa:10:11010fe997922e89,ok,,qaoa,10,8,float64,42,128,2,128,2,1,0.25,rotation,rotation,4,4,compact:L3R0W0-L3R0W0-L2R0W0-L2R0W0,compact:L3R0W0-L3R0W0-L2R0W0-L2R0W0,,,split,optimized,10,3,10,0.4791445,0.47918479999999997,0.478093,0.481317,0.0008200711920315255,0.17597039999999997,0.0154687,0.2877457,,,custom:libsad_search_9361435758c99d.so,/home/rzzhang/sad_merged/sad/build/libsad_search_9361435758c99d.so
2026-08-23T05:24:57.273694+00:00,20260823T050257,joint:qaoa:26:a5cc11b7fb3f3f07,ok,,qaoa,26,8,float64,42,32,2,128,2,1,0.5,rotation,rotation,15,14,compact:L2R0W0-L2R0W0-L2R0W0-L2R0W0-L2R0W0-L2R0W0-L2R0W0-L2R0W0-L2R0W0-L2R0W0-L2R0W0-L1R0W0-L1R0W0-L1R0W0-L1R0W0,compact:L2R0W0-L2R0W0-L2R0W0-L2R0W0-L2R0W0-L2R0W0-L2R0W0-L2R0W0-L2R0W0-L2R0W0-L2R0W0-L2R0W0-L1R0W0-L1R0W0,,,merged,optimized,2,3,2,814.2495140000001,814.2495140000001,814.20253,814.296498,0.04698400000000902,282.0511315,2.5136865,529.684696,,,custom:libsad_search_2a8327787a9aac.so,/home/rzzhang/sad_merged/sad/build/libsad_search_2a8327787a9aac.so
2026-08-23T05:25:01.396983+00:00,20260823T050257,joint:qaoa:24:945d07aa44b11326,ok,,qaoa,24,8,float64,42,32,2,32,2,2,1.0,rotation,rotation,24,24,compact:L1R0W0-L1R0W0-L1R0W0-L1R0W0-L1R0W0-L1R0W0-L1R0W0-L1R0W0-L1R0W0-L1R0W0-L1R0W0-L1R0W0-L1R0W0-L1R0W0-L1R0W0-L1R0W0-L1R0W0-L1R0W0-L1R0W0-L1R0W0-L1R0W0-L1R0W0-L1R0W0-L1R0W0,compact:L1R0W0-L1R0W0-L1R0W0-L1R0W0-L1R0W0-L1R0W0-L1R0W0-L1R0W0-L1R0W0-L1R0W0-L1R0W0-L1R0W0-L1R0W0-L1R0W0-L1R0W0-L1R0W0-L1R0W0-L1R0W0-L1R0W0-L1R0W0-L1R0W0-L1R0W0-L1R0W0-L1R0W0,,,merged,optimized,3,3,3,340.877097,340.929923,340.631032,341.28164,0.268223329985782,113.43034366666667,0.6502233333333334,226.849356,,,custom:libsad_search_dcff342f285260.so,/home/rzzhang/sad_merged/sad/build/libsad_search_dcff342f285260.so
2026-08-23T05:25:03.481448+00:00,20260823T050257,joint:qaoa:24:6dcec01004d21b8b,ok,,qaoa,24,8,float64,42,128,2,32,2,2,0.0,rotation,rotation,3,4,compact:L5R2W1-L5R2W1-L5R2W1,compact:L5R1W0-L5R1W0-L5R1W0-L5R1W0,,,merged,optimized,3,3,3,92.16828699999999,92.16381266666667,92.15199199999999,92.171159,0.008440308696305906,22.854792999999997,0.6142056666666666,68.694814,,,custom:libsad_search_d014591f51543a.so,/home/rzzhang/sad_merged/sad/build/libsad_search_d014591f51543a.so
2026-08-23T05:25:04.061680+00:00,20260823T050257,joint:qaoa:18:a6a70b73e76be2a1,ok,,qaoa,18,8,float64,42,128,2,128,2,2,0.75,rotation,rotation,14,14,compact:L2R0W0-L2R0W0-L2R0W0-L2R0W0-L1R0W0-L1R0W0-L1R0W0-L1R0W0-L1R0W0-L1R0W0-L1R0W0-L1R0W0-L1R0W0-L1R0W0,compact:L2R0W0-L2R0W0-L2R0W0-L2R0W0-L1R0W0-L1R0W0-L1R0W0-L1R0W0-L1R0W0-L1R0W0-L1R0W0-L1R0W0-L1R0W0-L1R0W0,,,split,optimized,5,3,5,2.655205,2.6576524,2.654141,2.663292,0.00390375786134344,1.0557499999999997,0.0171174,1.584785,,,custom:libsad_search_d02bea87aa5c56.so,/home/rzzhang/sad_merged/sad/build/libsad_search_d02bea87aa5c56.so
2026-08-23T05:25:04.095569+00:00,20260823T050257,joint:qaoa:4:0e6fcad08f399a81,ok,,qaoa,4,8,float64,42,64,2,64,2,1,0.0,rotation,rotation,1,1,compact:L4R0W0,compact:L4R0W0,,,merged,optimized,20,3,20,0.1207955,0.12043565,0.11458900000000001,0.12193499999999999,0.001979397642592309,0.035135999999999994,0.01534685,0.0699528,,,custom:libsad_search_7e5293342e215a.so,/home/rzzhang/sad_merged/sad/build/libsad_search_7e5293342e215a.so
2026-08-23T05:25:04.110047+00:00,20260823T050257,joint:qaoa:14:2341dfecb2c9b982,ok,,qaoa,14,8,float64,42,32,2,128,2,1,0.75,rotation,rotation,11,11,compact:L2R0W0-L2R0W0-L2R0W0-L1R0W0-L1R0W0-L1R0W0-L1R0W0-L1R0W0-L1R0W0-L1R0W0-L1R0W0,compact:L2R0W0-L2R0W0-L2R0W0-L1R0W0-L1R0W0-L1R0W0-L1R0W0-L1R0W0-L1R0W0-L1R0W0-L1R0W0,,,split,optimized,10,3,10,1.0526585000000002,1.0525271,1.051566,1.053666,0.0007162852015782437,0.4080278,0.0153418,0.6291574999999999,,,custom:libsad_search_0e4f539ceca897.so,/home/rzzhang/sad_merged/sad/build/libsad_search_0e4f539ceca897.so
2026-08-23T05:25:04.135962+00:00,20260823T050257,joint:qaoa:10:c0b8accc40b0f2b9,ok,,qaoa,10,8,float64,42,128,2,32,2,2,0.0,rotation,rotation,2,2,compact:L5R0W0-L5R0W0,compact:L5R0W0-L5R0W0,,,split,optimized,10,3,10,0.2710475,0.270708,0.269252,0.271449,0.0007514000266169936,0.11239550000000001,0.0152005,0.14311200000000002,,,custom:libsad_search_3b115211f38255.so,/home/rzzhang/sad_merged/sad/build/libsad_search_3b115211f38255.so
2026-08-23T05:25:04.151079+00:00,20260823T050257,joint:qaoa:20:fcb4d14c7b1fe02c,ok,,qaoa,20,8,float64,42,32,2,32,2,1,0.5,rotation,rotation,12,12,compact:L2R0W0-L2R0W0-L2R0W0-L2R0W0-L2R0W0-L2R0W0-L2R0W0-L2R0W0-L1R0W0-L1R0W0-L1R0W0-L1R0W0,compact:L2R0W0-L2R0W0-L2R0W0-L2R0W0-L2R0W0-L2R0W0-L2R0W0-L2R0W0-L1R0W0-L1R0W0-L1R0W0-L1R0W0,,,merged,optimized,5,3,5,6.639582,6.7923860000000005,6.637643000000001,7.051239,0.18887243185811942,2.329378,0.0401034,4.4229046,,,custom:libsad_search_f9cdaf042a7bd6.so,/home/rzzhang/sad_merged/sad/build/libsad_search_f9cdaf042a7bd6.so
2026-08-23T05:25:04.217972+00:00,20260823T050257,joint:qaoa:8:9ff2cd22a288abfe,ok,,qaoa,8,8,float64,42,32,2,32,2,1,0.0,rotation,rotation,2,2,compact:L4R0W0-L4R0W0,compact:L4R0W0-L4R0W0,,,split,optimized,20,3,20,0.23240750000000002,0.23225820000000003,0.230335,0.23256700000000002,0.0005016833264121877,0.0816645,0.0155554,0.1350383,,,custom:libsad_search_3cb67c7e18cc99.so,/home/rzzhang/sad_merged/sad/build/libsad_search_3cb67c7e18cc99.so
2026-08-23T05:25:04.235304+00:00,20260823T050257,joint:qaoa:4:d7edc93382ea71e2,ok,,qaoa,4,8,float64,42,32,2,128,2,2,0.0,rotation,rotation,1,1,compact:L4R0W0,compact:L4R0W0,,,split,optimized,20,3,20,0.148453,0.1486976,0.148344,0.152468,0.0008978007239916867,0.03764565,0.01581305,0.09523889999999999,,,custom:libsad_search_2a0e4369743c84.so,/home/rzzhang/sad_merged/sad/build/libsad_search_2a0e4369743c84.so
2026-08-23T05:25:04.250585+00:00,20260823T050257,joint:qaoa:12:834b3c1a5c8fa328,ok,,qaoa,12,8,float64,42,32,2,32,2,1,0.25,rotation,rotation,4,4,compact:L3R0W0-L3R0W0-L3R0W0-L3R0W0,compact:L3R0W0-L3R0W0-L3R0W0-L3R0W0,,,split,optimized,10,3,10,0.42078649999999995,0.420116,0.415632,0.421052,0.0015529367018652035,0.16670739999999998,0.0155231,0.2378855,,,custom:libsad_search_3cb67c7e18cc99.so,/home/rzzhang/sad_merged/sad/build/libsad_search_3cb67c7e18cc99.so
2026-08-23T05:25:04.267738+00:00,20260823T050257,joint:qaoa:12:841fd98b7b6eec67,ok,,qaoa,12,8,float64,42,128,2,128,2,1,1.0,rotation,rotation,12,12,compact:L1R0W0-L1R0W0-L1R0W0-L1R0W0-L1R0W0-L1R0W0-L1R0W0-L1R0W0-L1R0W0-L1R0W0-L1R0W0-L1R0W0,compact:L1R0W0-L1R0W0-L1R0W0-L1R0W0-L1R0W0-L1R0W0-L1R0W0-L1R0W0-L1R0W0-L1R0W0-L1R0W0-L1R0W0,,,split,optimized,10,3,10,1.1489315,1.1489792,1.1477990000000002,1.150136,0.0005778407739161147,0.504648,0.015588599999999998,0.6287426,,,custom:libsad_search_9361435758c99d.so,/home/rzzhang/sad_merged/sad/build/libsad_search_9361435758c99d.so
2026-08-23T05:25:04.294641+00:00,20260823T050257,joint:qaoa:14:617631a7c715750b,ok,,qaoa,14,8,float64,42,64,2,64,2,2,0.5,rotation,rotation,8,8,compact:L2R0W0-L2R0W0-L2R0W0-L2R0W0-L2R0W0-L2R0W0-L1R0W0-L1R0W0,compact:L2R0W0-L2R0W0-L2R0W0-L2R0W0-L2R0W0-L2R0W0-L1R0W0-L1R0W0,,,merged,optimized,10,3,10,0.8017219999999999,0.8012485,0.7954789999999999,0.802865,0.002001417859918332,0.34160509999999994,0.0147233,0.4449201,,,custom:libsad_search_97eec9f2a848ec.so,/home/rzzhang/sad_merged/sad/build/libsad_search_97eec9f2a848ec.so
2026-08-23T05:25:04.317090+00:00,20260823T050257,joint:qaoa:24:7f9ef9b940f57e6e,ok,,qaoa,24,8,float64,42,128,2,128,2,2,0.5,rotation,rotation,14,14,compact:L2R0W0-L2R0W0-L2R0W0-L2R0W0-L2R0W0-L2R0W0-L2R0W0-L2R0W0-L2R0W0-L2R0W0-L1R0W0-L1R0W0-L1R0W0-L1R0W0,compact:L2R0W0-L2R0W0-L2R0W0-L2R0W0-L2R0W0-L2R0W0-L2R0W0-L2R0W0-L2R0W0-L2R0W0-L1R0W0-L1R0W0-L1R0W0-L1R0W0,,,split,optimized,3,3,3,200.500393,200.46733300000002,200.24481100000003,200.656795,0.16980857215109774,66.789518,0.6430926666666666,133.03472233333332,,,custom:libsad_search_d02bea87aa5c56.so,/home/rzzhang/sad_merged/sad/build/libsad_search_d02bea87aa5c56.so
2026-08-23T05:25:05.547270+00:00,20260823T050257,joint:qaoa:10:ff84f95f4107cceb,ok,,qaoa,10,8,float64,42,128,2,128,2,1,0.0,legacy,legacy,0,0,,,,,not_applicable,legacy-generic,10,3,10,0.37254899999999996,0.37167629999999996,0.36474399999999996,0.373606,0.002385504938162992,0.12459630000000001,0.015418699999999999,0.2316613,,,custom:libsad_search_78e231cd0d5107.so,/home/rzzhang/sad_merged/sad/build/libsad_search_78e231cd0d5107.so
2026-08-23T05:25:05.564382+00:00,20260823T050257,joint:qaoa:18:b003bf5bfba1db2f,ok,,qaoa,18,8,float64,42,128,2,128,2,1,1.0,rotation,rotation,18,18,compact:L1R0W0-L1R0W0-L1R0W0-L1R0W0-L1R0W0-L1R0W0-L1R0W0-L1R0W0-L1R0W0-L1R0W0-L1R0W0-L1R0W0-L1R0W0-L1R0W0-L1R0W0-L1R0W0-L1R0W0-L1R0W0,compact:L1R0W0-L1R0W0-L1R0W0-L1R0W0-L1R0W0-L1R0W0-L1R0W0-L1R0W0-L1R0W0-L1R0W0-L1R0W0-L1R0W0-L1R0W0-L1R0W0-L1R0W0-L1R0W0-L1R0W0-L1R0W0,,,split,optimized,5,3,5,3.162117,3.1620408,3.1600740000000003,3.164053,0.0014205275639703758,1.3314574,0.01565,1.8149334000000001,,,custom:libsad_search_9361435758c99d.so,/home/rzzhang/sad_merged/sad/build/libsad_search_9361435758c99d.so
2026-08-23T05:25:05.602050+00:00,20260823T050257,joint:qaoa:28:53fbc70185d3ef77,ok,,qaoa,28,8,float64,42,32,2,32,2,1,1.0,rotation,rotation,28,28,compact:L1R0W0-L1R0W0-L1R0W0-L1R0W0-L1R0W0-L1R0W0-L1R0W0-L1R0W0-L1R0W0-L1R0W0-L1R0W0-L1R0W0-L1R0W0-L1R0W0-L1R0W0-L1R0W0-L1R0W0-L1R0W0-L1R0W0-L1R0W0-L1R0W0-L1R0W0-L1R0W0-L1R0W0-L1R0W0-L1R0W0-L1R0W0-L1R0W0,compact:L1R0W0-L1R0W0-L1R0W0-L1R0W0-L1R0W0-L1R0W0-L1R0W0-L1R0W0-L1R0W0-L1R0W0-L1R0W0-L1R0W0-L1R0W0-L1R0W0-L1R0W0-L1R0W0-L1R0W0-L1R0W0-L1R0W0-L1R0W0-L1R0W0-L1R0W0-L1R0W0-L1R0W0-L1R0W0-L1R0W0-L1R0W0-L1R0W0,,,merged,optimized,2,3,2,6326.643041,6326.643041,6322.999575,6330.286507000001,3.643466000000444,2102.0933885,9.979175999999999,4214.570476500001,,,custom:libsad_search_f9cdaf042a7bd6.so,/home/rzzhang/sad_merged/sad/build/libsad_search_f9cdaf042a7bd6.so
2026-08-23T05:25:37.274098+00:00,20260823T050257,joint:qaoa:22:9d0e416746c4edcb,ok,,qaoa,22,8,float64,42,128,2,32,2,1,0.75,rotation,rotation,17,18,compact:L2R0W0-L2R0W0-L2R0W0-L2R0W0-L2R0W0-L1R0W0-L1R0W0-L1R0W0-L1R0W0-L1R0W0-L1R0W0-L1R0W0-L1R0W0-L1R0W0-L1R0W0-L1R0W0-L1R0W0,compact:L2R0W0-L2R0W0-L2R0W0-L2R0W0-L1R0W0-L1R0W0-L1R0W0-L1R0W0-L1R0W0-L1R0W0-L1R0W0-L1R0W0-L1R0W0-L1R0W0-L1R0W0-L1R0W0-L1R0W0-L1R0W0,,,split,optimized,3,3,3,56.021582,56.023424,55.991355,56.057335,0.02696769453747828,11.109816,0.15803466666666666,44.75557333333333,,,custom:libsad_search_7259903b8346c4.so,/home/rzzhang/sad_merged/sad/build/libsad_search_7259903b8346c4.so
2026-08-23T05:25:37.645565+00:00,20260823T050257,joint:qaoa:16:7cb121071e2c19e2,ok,,qaoa,16,8,float64,42,128,2,32,2,1,0.75,rotation,rotation,12,13,compact:L2R0W0-L2R0W0-L2R0W0-L2R0W0-L1R0W0-L1R0W0-L1R0W0-L1R0W0-L1R0W0-L1R0W0-L1R0W0-L1R0W0,compact:L2R0W0-L2R0W0-L2R0W0-L1R0W0-L1R0W0-L1R0W0-L1R0W0-L1R0W0-L1R0W0-L1R0W0-L1R0W0-L1R0W0-L1R0W0,,,split,optimized,5,3,5,1.3433780000000002,1.3430414000000002,1.3424369999999999,1.343478,0.00048323766409501647,0.5957759999999999,0.0152784,0.731987,,,custom:libsad_search_7259903b8346c4.so,/home/rzzhang/sad_merged/sad/build/libsad_search_7259903b8346c4.so
2026-08-23T05:25:37.668333+00:00,20260823T050257,joint:qaoa:6:4acc7c19cbaf0739,ok,,qaoa,6,8,float64,42,128,2,128,2,2,0.5,rotation,rotation,4,4,compact:L2R0W0-L2R0W0-L1R0W0-L1R0W0,compact:L2R0W0-L2R0W0-L1R0W0-L1R0W0,,,split,optimized,20,3,20,0.3188685,0.31904564999999996,0.317477,0.322775,0.0010406072878372452,0.12242945000000001,0.01547325,0.18114295,,,custom:libsad_search_d02bea87aa5c56.so,/home/rzzhang/sad_merged/sad/build/libsad_search_d02bea87aa5c56.so
2026-08-23T05:25:37.687372+00:00,20260823T050257,joint:qaoa:16:799d7dc46611b7b2,ok,,qaoa,16,8,float64,42,128,2,32,2,1,0.0,rotation,rotation,2,3,compact:L5R2W1-L5R2W1,compact:L5R1W0-L5R0W0-L5R0W0,,,merged,optimized,5,3,5,0.543651,0.543487,0.542632,0.543762,0.0004300423234985041,0.16574260000000002,0.015244,0.3625004,,,custom:libsad_search_5851e15f736f52.so,/home/rzzhang/sad_merged/sad/build/libsad_search_5851e15f736f52.so
2026-08-23T05:25:37.703946+00:00,20260823T050257,joint:qaoa:26:37ac171b340ba34d,ok,,qaoa,26,8,float64,42,32,2,128,2,2,1.0,rotation,rotation,26,26,compact:L1R0W0-L1R0W0-L1R0W0-L1R0W0-L1R0W0-L1R0W0-L1R0W0-L1R0W0-L1R0W0-L1R0W0-L1R0W0-L1R0W0-L1R0W0-L1R0W0-L1R0W0-L1R0W0-L1R0W0-L1R0W0-L1R0W0-L1R0W0-L1R0W0-L1R0W0-L1R0W0-L1R0W0-L1R0W0-L1R0W0,compact:L1R0W0-L1R0W0-L1R0W0-L1R0W0-L1R0W0-L1R0W0-L1R0W0-L1R0W0-L1R0W0-L1R0W0-L1R0W0-L1R0W0-L1R0W0-L1R0W0-L1R0W0-L1R0W0-L1R0W0-L1R0W0-L1R0W0-L1R0W0-L1R0W0-L1R0W0-L1R0W0-L1R0W0-L1R0W0-L1R0W0,,,split,optimized,2,3,2,1472.9512375,1472.9512375,1472.571249,1473.331226,0.37998849999996764,488.745797,2.5142265000000004,981.6912140000001,,,custom:libsad_search_2a0e4369743c84.so,/home/rzzhang/sad_merged/sad/build/libsad_search_2a0e4369743c84.so
2026-08-23T05:25:45.099038+00:00,20260823T050257,joint:qaoa:26:509241b10b65ab38,ok,,qaoa,26,8,float64,42,32,2,128,2,1,0.0,rotation,rotation,4,3,compact:L5R2W0-L5R2W0-L5R1W0-L5R1W0,compact:L5R2W2-L5R2W2-L5R2W1,,,split,optimized,2,3,2,431.653362,431.653362,431.64717399999995,431.65955,0.006188000000037164,103.99580250000001,2.48432,325.17323949999997,,,custom:libsad_search_0e4f539ceca897.so,/home/rzzhang/sad_merged/sad/build/libsad_search_0e4f539ceca897.so
2026-08-23T05:25:47.297111+00:00,20260823T050257,joint:qaoa:24:40ac7c07aa2d7143,ok,,qaoa,24,8,float64,42,32,2,128,2,1,0.75,rotation,rotation,19,19,compact:L2R0W0-L2R0W0-L2R0W0-L2R0W0-L2R0W0-L1R0W0-L1R0W0-L1R0W0-L1R0W0-L1R0W0-L1R0W0-L1R0W0-L1R0W0-L1R0W0-L1R0W0-L1R0W0-L1R0W0-L1R0W0-L1R0W0,compact:L2R0W0-L2R0W0-L2R0W0-L2R0W0-L2R0W0-L1R0W0-L1R0W0-L1R0W0-L1R0W0-L1R0W0-L1R0W0-L1R0W0-L1R0W0-L1R0W0-L1R0W0-L1R0W0-L1R0W0-L1R0W0-L1R0W0,,,split,optimized,3,3,3,270.251394,270.31577633333336,270.24514100000005,270.450794,0.09550603030289471,89.77428333333333,0.6390556666666667,179.90243733333332,,,custom:libsad_search_0e4f539ceca897.so,/home/rzzhang/sad_merged/sad/build/libsad_search_0e4f539ceca897.so
2026-08-23T05:25:48.958381+00:00,20260823T050257,joint:qaoa:26:90f3424143062dd7,ok,,qaoa,26,8,float64,42,32,2,32,2,1,0.0,legacy,legacy,0,0,,,,,not_applicable,legacy-generic,2,3,2,447.9432935,447.9432935,447.919641,447.966946,0.02365249999999719,121.85186649999999,2.482715,323.608712,,,custom:libsad_search_06042376d3c545.so,/home/rzzhang/sad_merged/sad/build/libsad_search_06042376d3c545.so
2026-08-23T05:25:51.226896+00:00,20260823T050257,joint:qaoa:4:0ecc2048b563e36b,ok,,qaoa,4,8,float64,42,128,2,32,2,2,0.0,rotation,rotation,1,1,compact:L4R0W0,compact:L4R0W0,,,merged,optimized,20,3,20,0.1206835,0.12022695000000001,0.11672099999999999,0.120893,0.0009278292663523828,0.042428600000000004,0.0152862,0.06251215,,,custom:libsad_search_d014591f51543a.so,/home/rzzhang/sad_merged/sad/build/libsad_search_d014591f51543a.so
2026-08-23T05:25:51.246660+00:00,20260823T050257,joint:qaoa:14:f7c771d24dcba9e6,ok,,qaoa,14,8,float64,42,64,2,64,2,1,0.5,rotation,rotation,8,8,compact:L2R0W0-L2R0W0-L2R0W0-L2R0W0-L2R0W0-L2R0W0-L1R0W0-L1R0W0,compact:L2R0W0-L2R0W0-L2R0W0-L2R0W0-L2R0W0-L2R0W0-L1R0W0-L1R0W0,,,merged,optimized,10,3,10,0.75886,0.7583476,0.7525029999999999,0.759907,0.0020934590609801977,0.3214656,0.015672400000000003,0.4212096,,,custom:libsad_search_7e5293342e215a.so,/home/rzzhang/sad_merged/sad/build/libsad_search_7e5293342e215a.so
2026-08-23T05:25:51.274213+00:00,20260823T050257,joint:qaoa:26:aca2b2846fb171a4,ok,,qaoa,26,8,float64,42,128,2,32,2,1,0.5,rotation,rotation,14,15,compact:L2R0W0-L2R0W0-L2R0W0-L2R0W0-L2R0W0-L2R0W0-L2R0W0-L2R0W0-L2R0W0-L2R0W0-L2R0W0-L2R0W0-L1R0W0-L1R0W0,compact:L2R0W0-L2R0W0-L2R0W0-L2R0W0-L2R0W0-L2R0W0-L2R0W0-L2R0W0-L2R0W0-L2R0W0-L2R0W0-L1R0W0-L1R0W0-L1R0W0-L1R0W0,,,split,optimized,2,3,2,834.4787075,834.4787075,833.9578290000001,834.999586,0.5208784999999807,264.87504900000005,2.5055140000000002,567.0981445000001,,,custom:libsad_search_7259903b8346c4.so,/home/rzzhang/sad_merged/sad/build/libsad_search_7259903b8346c4.so
2026-08-23T05:25:55.475004+00:00,20260823T050257,joint:qaoa:18:423fecf45af301a2,ok,,qaoa,18,8,float64,42,32,2,128,2,2,0.75,rotation,rotation,14,14,compact:L2R0W0-L2R0W0-L2R0W0-L2R0W0-L1R0W0-L1R0W0-L1R0W0-L1R0W0-L1R0W0-L1R0W0-L1R0W0-L1R0W0-L1R0W0-L1R0W0,compact:L2R0W0-L2R0W0-L2R0W0-L2R0W0-L1R0W0-L1R0W0-L1R0W0-L1R0W0-L1R0W0-L1R0W0-L1R0W0-L1R0W0-L1R0W0-L1R0W0,,,merged,optimized,5,3,5,2.5988369999999996,2.6000959999999997,2.5980830000000004,2.604887,0.0024706122318162646,0.993608,0.0171352,1.5893528000000001,,,custom:libsad_search_fce412939d20fb.so,/home/rzzhang/sad_merged/sad/build/libsad_search_fce412939d20fb.so
2026-08-23T05:25:55.520787+00:00,20260823T050257,joint:qaoa:8:a9e1a5e713332faf,ok,,qaoa,8,8,float64,42,32,2,128,2,1,0.5,rotation,rotation,5,4,compact:L2R0W0-L2R0W0-L2R0W0-L1R0W0-L1R0W0,compact:L2R0W0-L2R0W0-L2R0W0-L2R0W0,,,merged,optimized,20,3,20,0.400311,0.39983810000000003,0.394142,0.400453,0.0013650131098271563,0.1540674,0.01537275,0.23039795,,,custom:libsad_search_2a8327787a9aac.so,/home/rzzhang/sad_merged/sad/build/libsad_search_2a8327787a9aac.so
2026-08-23T05:25:55.541753+00:00,20260823T050257,joint:qaoa:20:6e1aa2dfd30636c8,ok,,qaoa,20,8,float64,42,32,2,128,2,1,0.0,legacy,legacy,0,0,,,,,not_applicable,legacy-generic,5,3,5,5.471226,5.471193,5.470236,5.472164000000001,0.0006203057310718125,1.4245724,0.039592199999999994,4.007028399999999,,,custom:libsad_search_ada51c8f4b2976.so,/home/rzzhang/sad_merged/sad/build/libsad_search_ada51c8f4b2976.so
2026-08-23T05:25:55.598410+00:00,20260823T050257,joint:qaoa:28:0602d2e41539be1e,ok,,qaoa,28,8,float64,42,32,2,32,2,1,0.25,rotation,rotation,10,10,compact:L3R0W0-L3R0W0-L3R0W0-L3R0W0-L3R0W0-L3R0W0-L3R0W0-L3R0W0-L2R0W0-L2R0W0,compact:L3R0W0-L3R0W0-L3R0W0-L3R0W0-L3R0W0-L3R0W0-L3R0W0-L3R0W0-L2R0W0-L2R0W0,,,merged,optimized,2,3,2,2301.4565860000002,2301.4565860000002,2301.346235,2301.566937,0.11035100000003695,753.3810565,9.9720755,1538.103454,,,custom:libsad_search_f9cdaf042a7bd6.so,/home/rzzhang/sad_merged/sad/build/libsad_search_f9cdaf042a7bd6.so
2026-08-23T05:26:07.135219+00:00,20260823T050257,joint:qaoa:16:f93f9fc70f56dfb4,ok,,qaoa,16,8,float64,42,32,2,32,2,1,0.0,legacy,legacy,0,0,,,,,not_applicable,legacy-generic,5,3,5,0.599091,0.5995434000000001,0.597789,0.60105,0.001269951904601094,0.21379979999999998,0.015647,0.3700966,,,custom:libsad_search_06042376d3c545.so,/home/rzzhang/sad_merged/sad/build/libsad_search_06042376d3c545.so
2026-08-23T05:26:07.160276+00:00,20260823T050257,joint:qaoa:4:57686d5efff9683f,ok,,qaoa,4,8,float64,42,32,2,128,2,2,1.0,rotation,rotation,4,4,compact:L1R0W0-L1R0W0-L1R0W0-L1R0W0,compact:L1R0W0-L1R0W0-L1R0W0-L1R0W0,,,split,optimized,20,3,20,0.2590065,0.2589333,0.257708,0.260088,0.0006393944869953099,0.09538285,0.015412800000000003,0.14813764999999998,,,custom:libsad_search_2a0e4369743c84.so,/home/rzzhang/sad_merged/sad/build/libsad_search_2a0e4369743c84.so
2026-08-23T05:26:07.182192+00:00,20260823T050257,joint:qaoa:12:4ceec6e15c6ac11d,ok,,qaoa,12,8,float64,42,64,2,64,2,2,0.5,rotation,rotation,7,7,compact:L2R0W0-L2R0W0-L2R0W0-L2R0W0-L2R0W0-L1R0W0-L1R0W0,compact:L2R0W0-L2R0W0-L2R0W0-L2R0W0-L2R0W0-L1R0W0-L1R0W0,,,merged,optimized,10,3,10,0.6174805,0.6175184,0.6164029999999999,0.618437,0.0005058731461542811,0.26211860000000003,0.015338599999999999,0.34006119999999995,,,custom:libsad_search_97eec9f2a848ec.so,/home/rzzhang/sad_merged/sad/build/libsad_search_97eec9f2a848ec.so
2026-08-23T05:26:07.206373+00:00,20260823T050257,joint:qaoa:8:05efcca6064751c3,ok,,qaoa,8,8,float64,42,32,2,128,2,2,0.5,rotation,rotation,5,4,compact:L2R0W0-L2R0W0-L2R0W0-L1R0W0-L1R0W0,compact:L2R0W0-L2R0W0-L2R0W0-L2R0W0,,,split,optimized,20,3,20,0.399204,0.39906495,0.397364,0.402429,0.0011339077332393457,0.15314755,0.015562399999999999,0.230355,,,custom:libsad_search_2a0e4369743c84.so,/home/rzzhang/sad_merged/sad/build/libsad_search_2a0e4369743c84.so
2026-08-23T05:26:07.231539+00:00,20260823T050257,joint:qaoa:8:21c4ab663e904830,ok,,qaoa,8,8,float64,42,64,2,64,2,2,0.75,rotation,rotation,6,6,compact:L2R0W0-L2R0W0-L1R0W0-L1R0W0-L1R0W0-L1R0W0,compact:L2R0W0-L2R0W0-L1R0W0-L1R0W0-L1R0W0-L1R0W0,,,merged,optimized,20,3,20,0.434108,0.43383225000000003,0.432029,0.435276,0.0007685907802595617,0.18317855000000002,0.015531499999999998,0.2351222,,,custom:libsad_search_97eec9f2a848ec.so,/home/rzzhang/sad_merged/sad/build/libsad_search_97eec9f2a848ec.so
2026-08-23T05:26:07.257973+00:00,20260823T050257,joint:qaoa:16:7fcb21f1425ee620,ok,,qaoa,16,8,float64,42,32,2,32,2,2,0.5,rotation,rotation,10,10,compact:L2R0W0-L2R0W0-L2R0W0-L2R0W0-L2R0W0-L2R0W0-L1R0W0-L1R0W0-L1R0W0-L1R0W0,compact:L2R0W0-L2R0W0-L2R0W0-L2R0W0-L2R0W0-L2R0W0-L1R0W0-L1R0W0-L1R0W0-L1R0W0,,,split,optimized,5,3,5,1.0853410000000001,1.0855846,1.084315,1.086468,0.0008116720027203453,0.45696859999999995,0.0154378,0.6131782,,,custom:libsad_search_16d9d6cef53b3d.so,/home/rzzhang/sad_merged/sad/build/libsad_search_16d9d6cef53b3d.so
2026-08-23T05:26:07.288455+00:00,20260823T050257,joint:qaoa:12:5e299be39d6648aa,ok,,qaoa,12,8,float64,42,32,2,128,2,1,1.0,rotation,rotation,12,12,compact:L1R0W0-L1R0W0-L1R0W0-L1R0W0-L1R0W0-L1R0W0-L1R0W0-L1R0W0-L1R0W0-L1R0W0-L1R0W0-L1R0W0,compact:L1R0W0-L1R0W0-L1R0W0-L1R0W0-L1R0W0-L1R0W0-L1R0W0-L1R0W0-L1R0W0-L1R0W0-L1R0W0-L1R0W0,,,merged,optimized,10,3,10,1.0137775,1.0139198999999999,1.0126499999999998,1.014807,0.0007639524134394648,0.40288110000000005,0.0154995,0.5955393,,,custom:libsad_search_2a8327787a9aac.so,/home/rzzhang/sad_merged/sad/build/libsad_search_2a8327787a9aac.so
2026-08-23T05:26:07.317892+00:00,20260823T050257,joint:qaoa:14:68d50d37210ec62e,ok,,qaoa,14,8,float64,42,32,2,32,2,1,0.5,rotation,rotation,8,8,compact:L2R0W0-L2R0W0-L2R0W0-L2R0W0-L2R0W0-L2R0W0-L1R0W0-L1R0W0,compact:L2R0W0-L2R0W0-L2R0W0-L2R0W0-L2R0W0-L2R0W0-L1R0W0-L1R0W0,,,merged,optimized,10,3,10,0.7038735,0.7036578,0.7023610000000001,0.704593,0.0008753160343555953,0.3083893,0.015526400000000001,0.3797421,,,custom:libsad_search_f9cdaf042a7bd6.so,/home/rzzhang/sad_merged/sad/build/libsad_search_f9cdaf042a7bd6.so
2026-08-23T05:26:07.343425+00:00,20260823T050257,joint:qaoa:26:69c79a96074bf861,ok,,qaoa,26,8,float64,42,128,2,32,2,1,1.0,rotation,rotation,26,26,compact:L1R0W0-L1R0W0-L1R0W0-L1R0W0-L1R0W0-L1R0W0-L1R0W0-L1R0W0-L1R0W0-L1R0W0-L1R0W0-L1R0W0-L1R0W0-L1R0W0-L1R0W0-L1R0W0-L1R0W0-L1R0W0-L1R0W0-L1R0W0-L1R0W0-L1R0W0-L1R0W0-L1R0W0-L1R0W0-L1R0W0,compact:L1R0W0-L1R0W0-L1R0W0-L1R0W0-L1R0W0-L1R0W0-L1R0W0-L1R0W0-L1R0W0-L1R0W0-L1R0W0-L1R0W0-L1R0W0-L1R0W0-L1R0W0-L1R0W0-L1R0W0-L1R0W0-L1R0W0-L1R0W0-L1R0W0-L1R0W0-L1R0W0-L1R0W0-L1R0W0-L1R0W0,,,merged,optimized,2,3,2,1472.393393,1472.393393,1472.282083,1472.504703,0.11131000000000313,489.6541955,2.5103375000000003,980.2288599999999,,,custom:libsad_search_5851e15f736f52.so,/home/rzzhang/sad_merged/sad/build/libsad_search_5851e15f736f52.so
2026-08-23T05:26:14.745488+00:00,20260823T050257,joint:qaoa:22:43879ab498da5a2a,ok,,qaoa,22,8,float64,42,32,2,128,2,2,0.75,rotation,rotation,18,17,compact:L2R0W0-L2R0W0-L2R0W0-L2R0W0-L1R0W0-L1R0W0-L1R0W0-L1R0W0-L1R0W0-L1R0W0-L1R0W0-L1R0W0-L1R0W0-L1R0W0-L1R0W0-L1R0W0-L1R0W0-L1R0W0,compact:L2R0W0-L2R0W0-L2R0W0-L2R0W0-L2R0W0-L1R0W0-L1R0W0-L1R0W0-L1R0W0-L1R0W0-L1R0W0-L1R0W0-L1R0W0-L1R0W0-L1R0W0-L1R0W0-L1R0W0,,,merged,optimized,3,3,3,51.602438,51.605473999999994,51.594335,51.619649,0.010555018427270435,10.866157666666668,0.14060366666666665,40.59871266666667,,,custom:libsad_search_fce412939d20fb.so,/home/rzzhang/sad_merged/sad/build/libsad_search_fce412939d20fb.so
2026-08-23T05:26:15.089676+00:00,20260823T050257,joint:qaoa:8:efaf57be0dc29fa1,ok,,qaoa,8,8,float64,42,128,2,128,2,2,0.0,rotation,rotation,1,1,compact:L5R2W1,compact:L5R2W1,,,split,optimized,20,3,20,0.2385875,0.23860665,0.233542,0.241678,0.0013790388419112783,0.062857,0.0148908,0.16085885,,,custom:libsad_search_d02bea87aa5c56.so,/home/rzzhang/sad_merged/sad/build/libsad_search_d02bea87aa5c56.so
2026-08-23T05:26:15.107331+00:00,20260823T050257,joint:qaoa:8:de5702b9de294d95,ok,,qaoa,8,8,float64,42,128,2,128,2,2,0.75,rotation,rotation,6,6,compact:L2R0W0-L2R0W0-L1R0W0-L1R0W0-L1R0W0-L1R0W0,compact:L2R0W0-L2R0W0-L1R0W0-L1R0W0-L1R0W0-L1R0W0,,,split,optimized,20,3,20,0.502652,0.5023881,0.501564,0.503897,0.0006243361194100479,0.202747,0.015424549999999999,0.28421654999999996,,,custom:libsad_search_d02bea87aa5c56.so,/home/rzzhang/sad_merged/sad/build/libsad_search_d02bea87aa5c56.so
2026-08-23T05:26:15.130891+00:00,20260823T050257,joint:qaoa:26:5e6f72745a157ded,ok,,qaoa,26,8,float64,42,32,2,32,2,2,1.0,rotation,rotation,26,26,compact:L1R0W0-L1R0W0-L1R0W0-L1R0W0-L1R0W0-L1R0W0-L1R0W0-L1R0W0-L1R0W0-L1R0W0-L1R0W0-L1R0W0-L1R0W0-L1R0W0-L1R0W0-L1R0W0-L1R0W0-L1R0W0-L1R0W0-L1R0W0-L1R0W0-L1R0W0-L1R0W0-L1R0W0-L1R0W0-L1R0W0,compact:L1R0W0-L1R0W0-L1R0W0-L1R0W0-L1R0W0-L1R0W0-L1R0W0-L1R0W0-L1R0W0-L1R0W0-L1R0W0-L1R0W0-L1R0W0-L1R0W0-L1R0W0-L1R0W0-L1R0W0-L1R0W0-L1R0W0-L1R0W0-L1R0W0-L1R0W0-L1R0W0-L1R0W0-L1R0W0-L1R0W0,,,split,optimized,2,3,2,1471.5505045,1471.5505045,1471.5485079999999,1471.552501,0.0019965000000183863,488.63249199999996,2.508137,980.4098754999999,,,custom:libsad_search_16d9d6cef53b3d.so,/home/rzzhang/sad_merged/sad/build/libsad_search_16d9d6cef53b3d.so
2026-08-23T05:26:22.514794+00:00,20260823T050257,joint:qaoa:18:2a85832c5497705a,ok,,qaoa,18,8,float64,42,32,2,128,2,2,0.0,rotation,rotation,3,2,compact:L5R1W0-L5R1W0-L5R1W0,compact:L5R2W2-L5R2W2,,,merged,optimized,5,3,5,1.5144940000000002,1.5146416,1.513562,1.5154679999999998,0.0006887584772617265,0.46308800000000006,0.01578,1.0357736,,,custom:libsad_search_fce412939d20fb.so,/home/rzzhang/sad_merged/sad/build/libsad_search_fce412939d20fb.so
2026-08-23T05:26:22.551855+00:00,20260823T050257,joint:qaoa:6:e10a90854cb52181,ok,,qaoa,6,8,float64,42,128,2,128,2,1,1.0,rotation,rotation,6,6,compact:L1R0W0-L1R0W0-L1R0W0-L1R0W0-L1R0W0-L1R0W0,compact:L1R0W0-L1R0W0-L1R0W0-L1R0W0-L1R0W0-L1R0W0,,,split,optimized,20,3,20,0.4127135,0.41323030000000005,0.411749,0.41474099999999997,0.0008749529187333427,0.17005664999999998,0.0155397,0.22763395000000003,,,custom:libsad_search_9361435758c99d.so,/home/rzzhang/sad_merged/sad/build/libsad_search_9361435758c99d.so
2026-08-23T05:26:22.574977+00:00,20260823T050257,joint:qaoa:12:db8ac6a5e28fbdb7,ok,,qaoa,12,8,float64,42,64,2,64,2,1,1.0,rotation,rotation,12,12,compact:L1R0W0-L1R0W0-L1R0W0-L1R0W0-L1R0W0-L1R0W0-L1R0W0-L1R0W0-L1R0W0-L1R0W0-L1R0W0-L1R0W0,compact:L1R0W0-L1R0W0-L1R0W0-L1R0W0-L1R0W0-L1R0W0-L1R0W0-L1R0W0-L1R0W0-L1R0W0-L1R0W0-L1R0W0,,,merged,optimized,10,3,10,0.9338759999999999,0.9340457000000001,0.9327630000000001,0.9358069999999999,0.000873151653494354,0.42026759999999996,0.015489700000000002,0.49828839999999996,,,custom:libsad_search_7e5293342e215a.so,/home/rzzhang/sad_merged/sad/build/libsad_search_7e5293342e215a.so
2026-08-23T05:26:22.598867+00:00,20260823T050257,joint:qaoa:18:e2d120e70f90ce92,ok,,qaoa,18,8,float64,42,32,2,128,2,1,0.0,legacy,legacy,0,0,,,,,not_applicable,legacy-generic,5,3,5,1.53906,1.5390372,1.5389009999999999,1.5391200000000003,7.814704089099864e-05,0.46394260000000004,0.015202199999999999,1.0598923999999998,,,custom:libsad_search_ada51c8f4b2976.so,/home/rzzhang/sad_merged/sad/build/libsad_search_ada51c8f4b2976.so
2026-08-23T05:26:22.623334+00:00,20260823T050257,joint:qaoa:24:b8ea670167dba15c,ok,,qaoa,24,8,float64,42,32,2,32,2,2,0.25,rotation,rotation,9,9,compact:L3R0W0-L3R0W0-L3R0W0-L3R0W0-L3R0W0-L3R0W0-L2R0W0-L2R0W0-L2R0W0,compact:L3R0W0-L3R0W0-L3R0W0-L3R0W0-L3R0W0-L3R0W0-L2R0W0-L2R0W0-L2R0W0,,,merged,optimized,3,3,3,130.34515,130.35806766666667,130.311184,130.41786900000002,0.04450147480953157,42.539206666666665,0.6391503333333334,87.17971066666668,,,custom:libsad_search_dcff342f285260.so,/home/rzzhang/sad_merged/sad/build/libsad_search_dcff342f285260.so
2026-08-23T05:26:23.433496+00:00,20260823T050257,joint:qaoa:12:3216ae8bc5742b5a,ok,,qaoa,12,8,float64,42,128,2,32,2,1,1.0,rotation,rotation,12,12,compact:L1R0W0-L1R0W0-L1R0W0-L1R0W0-L1R0W0-L1R0W0-L1R0W0-L1R0W0-L1R0W0-L1R0W0-L1R0W0-L1R0W0,compact:L1R0W0-L1R0W0-L1R0W0-L1R0W0-L1R0W0-L1R0W0-L1R0W0-L1R0W0-L1R0W0-L1R0W0-L1R0W0-L1R0W0,,,merged,optimized,10,3,10,0.9481010000000001,0.9478787000000001,0.9461179999999999,0.9493130000000001,0.0009375862680308757,0.4753225,0.015441400000000001,0.45711479999999993,,,custom:libsad_search_5851e15f736f52.so,/home/rzzhang/sad_merged/sad/build/libsad_search_5851e15f736f52.so
2026-08-23T05:26:23.462450+00:00,20260823T050257,joint:qaoa:20:c8004f1d25d2c2ef,ok,,qaoa,20,8,float64,42,64,2,64,2,2,0.75,rotation,rotation,16,16,compact:L2R0W0-L2R0W0-L2R0W0-L2R0W0-L1R0W0-L1R0W0-L1R0W0-L1R0W0-L1R0W0-L1R0W0-L1R0W0-L1R0W0-L1R0W0-L1R0W0-L1R0W0-L1R0W0,compact:L2R0W0-L2R0W0-L2R0W0-L2R0W0-L1R0W0-L1R0W0-L1R0W0-L1R0W0-L1R0W0-L1R0W0-L1R0W0-L1R0W0-L1R0W0-L1R0W0-L1R0W0-L1R0W0,,,split,optimized,5,3,5,7.206028,7.2056646,7.200806,7.211950999999999,0.003848717375957699,2.5129444000000003,0.039997200000000004,4.652723,,,custom:libsad_search_20c37ff249ec0a.so,/home/rzzhang/sad_merged/sad/build/libsad_search_20c37ff249ec0a.so
2026-08-23T05:26:23.533476+00:00,20260823T050257,joint:qaoa:14:49c0d6a82293c98c,ok,,qaoa,14,8,float64,42,128,2,128,2,1,0.0,legacy,legacy,0,0,,,,,not_applicable,legacy-generic,10,3,10,0.4760795,0.47631249999999997,0.475189,0.47739099999999995,0.0006145989342652732,0.1549558,0.015043700000000002,0.306313,,,custom:libsad_search_78e231cd0d5107.so,/home/rzzhang/sad_merged/sad/build/libsad_search_78e231cd0d5107.so
2026-08-23T05:26:23.552099+00:00,20260823T050257,joint:qaoa:12:b25b44c74e56ae50,ok,,qaoa,12,8,float64,42,64,2,64,2,1,0.75,rotation,rotation,10,10,compact:L2R0W0-L2R0W0-L1R0W0-L1R0W0-L1R0W0-L1R0W0-L1R0W0-L1R0W0-L1R0W0-L1R0W0,compact:L2R0W0-L2R0W0-L1R0W0-L1R0W0-L1R0W0-L1R0W0-L1R0W0-L1R0W0-L1R0W0-L1R0W0,,,split,optimized,10,3,10,0.8047555,0.8046234,0.803814,0.805754,0.0005700189821400756,0.35620189999999996,0.0154364,0.4329851,,,custom:libsad_search_7ec063ebc99501.so,/home/rzzhang/sad_merged/sad/build/libsad_search_7ec063ebc99501.so
2026-08-23T05:26:23.574298+00:00,20260823T050257,joint:qaoa:10:925a00bc2b1e62a1,ok,,qaoa,10,8,float64,42,32,2,32,2,1,0.5,rotation,rotation,6,6,compact:L2R0W0-L2R0W0-L2R0W0-L2R0W0-L1R0W0-L1R0W0,compact:L2R0W0-L2R0W0-L2R0W0-L2R0W0-L1R0W0-L1R0W0,,,split,optimized,10,3,10,0.494479,0.49403199999999997,0.49252399999999996,0.49465000000000003,0.0006760292893063221,0.2106046,0.0154333,0.2679941,,,custom:libsad_search_3cb67c7e18cc99.so,/home/rzzhang/sad_merged/sad/build/libsad_search_3cb67c7e18cc99.so
2026-08-23T05:26:23.592451+00:00,20260823T050257,joint:qaoa:14:c8c8ac765732cac2,ok,,qaoa,14,8,float64,42,128,2,32,2,1,0.25,rotation,rotation,5,5,compact:L3R0W0-L3R0W0-L3R0W0-L3R0W0-L2R0W0,compact:L3R0W0-L3R0W0-L3R0W0-L3R0W0-L2R0W0,,,merged,optimized,10,3,10,0.5928005000000001,0.5926445,0.591526,0.593957,0.0006431950326300737,0.2743311,0.0156703,0.3026431,,,custom:libsad_search_5851e15f736f52.so,/home/rzzhang/sad_merged/sad/build/libsad_search_5851e15f736f52.so
2026-08-23T05:26:23.611440+00:00,20260823T050257,joint:qaoa:14:030a38e0f94dd735,ok,,qaoa,14,8,float64,42,128,2,128,2,2,0.25,rotation,rotation,5,5,compact:L3R0W0-L3R0W0-L3R0W0-L3R0W0-L2R0W0,compact:L3R0W0-L3R0W0-L3R0W0-L3R0W0-L2R0W0,,,split,optimized,10,3,10,0.7310615,0.7311029,0.7299769999999999,0.733162,0.000799922052452625,0.27416419999999997,0.015474100000000001,0.44146460000000004,,,custom:libsad_search_d02bea87aa5c56.so,/home/rzzhang/sad_merged/sad/build/libsad_search_d02bea87aa5c56.so
2026-08-23T05:26:23.632579+00:00,20260823T050257,joint:qaoa:24:1f82832d92df02c3,ok,,qaoa,24,8,float64,42,32,2,32,2,1,0.25,rotation,rotation,9,9,compact:L3R0W0-L3R0W0-L3R0W0-L3R0W0-L3R0W0-L3R0W0-L2R0W0-L2R0W0-L2R0W0,compact:L3R0W0-L3R0W0-L3R0W0-L3R0W0-L3R0W0-L3R0W0-L2R0W0-L2R0W0-L2R0W0,,,merged,optimized,3,3,3,130.404473,130.395279,130.315379,130.46598500000002,0.06182738894697417,42.536308000000005,0.6396213333333334,87.21934966666667,,,custom:libsad_search_f9cdaf042a7bd6.so,/home/rzzhang/sad_merged/sad/build/libsad_search_f9cdaf042a7bd6.so
2026-08-23T05:26:24.444125+00:00,20260823T050257,joint:qaoa:16:a8b8a9f3355cc367,ok,,qaoa,16,8,float64,42,128,2,128,2,1,0.75,rotation,rotation,12,12,compact:L2R0W0-L2R0W0-L2R0W0-L2R0W0-L1R0W0-L1R0W0-L1R0W0-L1R0W0-L1R0W0-L1R0W0-L1R0W0-L1R0W0,compact:L2R0W0-L2R0W0-L2R0W0-L2R0W0-L1R0W0-L1R0W0-L1R0W0-L1R0W0-L1R0W0-L1R0W0-L1R0W0-L1R0W0,,,split,optimized,5,3,5,1.394643,1.3948434,1.393484,1.3967620000000003,0.001241136672570827,0.5952884,0.015567000000000003,0.783988,,,custom:libsad_search_9361435758c99d.so,/home/rzzhang/sad_merged/sad/build/libsad_search_9361435758c99d.so
2026-08-23T05:26:24.467921+00:00,20260823T050257,joint:qaoa:18:e2873109e4b56ee7,ok,,qaoa,18,8,float64,42,64,2,64,2,1,1.0,rotation,rotation,18,18,compact:L1R0W0-L1R0W0-L1R0W0-L1R0W0-L1R0W0-L1R0W0-L1R0W0-L1R0W0-L1R0W0-L1R0W0-L1R0W0-L1R0W0-L1R0W0-L1R0W0-L1R0W0-L1R0W0-L1R0W0-L1R0W0,compact:L1R0W0-L1R0W0-L1R0W0-L1R0W0-L1R0W0-L1R0W0-L1R0W0-L1R0W0-L1R0W0-L1R0W0-L1R0W0-L1R0W0-L1R0W0-L1R0W0-L1R0W0-L1R0W0-L1R0W0-L1R0W0,,,merged,optimized,5,3,5,3.075162,3.0739918,3.0698139999999996,3.0781569999999996,0.0031727309624359178,1.2619091999999998,0.016161,1.7959216,,,custom:libsad_search_7e5293342e215a.so,/home/rzzhang/sad_merged/sad/build/libsad_search_7e5293342e215a.so
2026-08-23T05:26:24.504835+00:00,20260823T050257,joint:qaoa:6:5c35cf6f74c79f11,ok,,qaoa,6,8,float64,42,64,2,64,2,2,0.5,rotation,rotation,4,4,compact:L2R0W0-L2R0W0-L1R0W0-L1R0W0,compact:L2R0W0-L2R0W0-L1R0W0-L1R0W0,,,split,optimized,20,3,20,0.2713175,0.2711748,0.26926399999999995,0.273255,0.0007893712434590053,0.10775050000000001,0.01523405,0.14819025,,,custom:libsad_search_20c37ff249ec0a.so,/home/rzzhang/sad_merged/sad/build/libsad_search_20c37ff249ec0a.so
2026-08-23T05:26:24.522869+00:00,20260823T050257,joint:qaoa:12:cd26a7baf01c201b,ok,,qaoa,12,8,float64,42,128,2,128,2,2,0.25,rotation,rotation,4,4,compact:L3R0W0-L3R0W0-L3R0W0-L3R0W0,compact:L3R0W0-L3R0W0-L3R0W0-L3R0W0,,,split,optimized,10,3,10,0.5509895,0.5512914,0.5507509999999999,0.552971,0.0006715166714237467,0.1997839,0.015339299999999997,0.3361682,,,custom:libsad_search_d02bea87aa5c56.so,/home/rzzhang/sad_merged/sad/build/libsad_search_d02bea87aa5c56.so
2026-08-23T05:26:24.541639+00:00,20260823T050257,joint:qaoa:24:d793a15535b4349d,ok,,qaoa,24,8,float64,42,128,2,128,2,1,0.25,rotation,rotation,8,8,compact:L3R0W0-L3R0W0-L3R0W0-L3R0W0-L3R0W0-L3R0W0-L3R0W0-L3R0W0,compact:L3R0W0-L3R0W0-L3R0W0-L3R0W0-L3R0W0-L3R0W0-L3R0W0-L3R0W0,,,merged,optimized,3,3,3,116.79545499999999,116.80332833333334,116.785309,116.829221,0.018771573710152843,38.03534233333333,0.626399,78.141587,,,custom:libsad_search_8fbfac92ec4bef.so,/home/rzzhang/sad_merged/sad/build/libsad_search_8fbfac92ec4bef.so
2026-08-23T05:26:25.271029+00:00,20260823T050257,joint:qaoa:22:709736c3f9adb4cb,ok,,qaoa,22,8,float64,42,64,2,64,2,2,0.75,rotation,rotation,17,17,compact:L2R0W0-L2R0W0-L2R0W0-L2R0W0-L2R0W0-L1R0W0-L1R0W0-L1R0W0-L1R0W0-L1R0W0-L1R0W0-L1R0W0-L1R0W0-L1R0W0-L1R0W0-L1R0W0-L1R0W0,compact:L2R0W0-L2R0W0-L2R0W0-L2R0W0-L2R0W0-L1R0W0-L1R0W0-L1R0W0-L1R0W0-L1R0W0-L1R0W0-L1R0W0-L1R0W0-L1R0W0-L1R0W0-L1R0W0-L1R0W0,,,split,optimized,3,3,3,51.032152999999994,51.049408666666665,51.017413999999995,51.098659,0.03534125097138364,10.363702666666667,0.14891000000000001,40.536796,,,custom:libsad_search_20c37ff249ec0a.so,/home/rzzhang/sad_merged/sad/build/libsad_search_20c37ff249ec0a.so
2026-08-23T05:26:25.602088+00:00,20260823T050257,joint:qaoa:24:2fd1ad2c4b2bc1d8,ok,,qaoa,24,8,float64,42,32,2,128,2,1,1.0,rotation,rotation,24,24,compact:L1R0W0-L1R0W0-L1R0W0-L1R0W0-L1R0W0-L1R0W0-L1R0W0-L1R0W0-L1R0W0-L1R0W0-L1R0W0-L1R0W0-L1R0W0-L1R0W0-L1R0W0-L1R0W0-L1R0W0-L1R0W0-L1R0W0-L1R0W0-L1R0W0-L1R0W0-L1R0W0-L1R0W0,compact:L1R0W0-L1R0W0-L1R0W0-L1R0W0-L1R0W0-L1R0W0-L1R0W0-L1R0W0-L1R0W0-L1R0W0-L1R0W0-L1R0W0-L1R0W0-L1R0W0-L1R0W0-L1R0W0-L1R0W0-L1R0W0-L1R0W0-L1R0W0-L1R0W0-L1R0W0-L1R0W0-L1R0W0,,,merged,optimized,3,3,3,341.109298,341.077478,340.891076,341.23206,0.1410127804231459,113.43856699999999,0.6412183333333333,226.99769266666667,,,custom:libsad_search_2a8327787a9aac.so,/home/rzzhang/sad_merged/sad/build/libsad_search_2a8327787a9aac.so
2026-08-23T05:26:27.675811+00:00,20260823T050257,joint:qaoa:28:71776d5e5cc5fbb7,ok,,qaoa,28,8,float64,42,128,2,128,2,1,0.0,legacy,legacy,0,0,,,,,not_applicable,legacy-generic,2,3,2,2183.81348,2183.81348,2183.7093579999996,2183.917602,0.10412200000018856,582.609047,9.992130999999999,1591.212302,,,custom:libsad_search_78e231cd0d5107.so,/home/rzzhang/sad_merged/sad/build/libsad_search_78e231cd0d5107.so
2026-08-23T05:26:38.625191+00:00,20260823T050257,joint:qaoa:12:d831d725de170671,ok,,qaoa,12,8,float64,42,128,2,128,2,2,0.75,rotation,rotation,10,10,compact:L2R0W0-L2R0W0-L1R0W0-L1R0W0-L1R0W0-L1R0W0-L1R0W0-L1R0W0-L1R0W0-L1R0W0,compact:L2R0W0-L2R0W0-L1R0W0-L1R0W0-L1R0W0-L1R0W0-L1R0W0-L1R0W0-L1R0W0-L1R0W0,,,split,optimized,10,3,10,0.944089,0.9442891,0.9431160000000001,0.9451550000000001,0.0007441798774489981,0.40478270000000005,0.0156757,0.5238307,,,custom:libsad_search_d02bea87aa5c56.so,/home/rzzhang/sad_merged/sad/build/libsad_search_d02bea87aa5c56.so
2026-08-23T05:26:38.653536+00:00,20260823T050257,joint:qaoa:14:c33f9d8b022fc2f9,ok,,qaoa,14,8,float64,42,32,2,32,2,1,0.25,rotation,rotation,5,5,compact:L3R0W0-L3R0W0-L3R0W0-L3R0W0-L2R0W0,compact:L3R0W0-L3R0W0-L3R0W0-L3R0W0-L2R0W0,,,split,optimized,10,3,10,0.506915,0.5071477,0.506691,0.507937,0.0005053385103076761,0.2056182,0.0156678,0.2858617,,,custom:libsad_search_3cb67c7e18cc99.so,/home/rzzhang/sad_merged/sad/build/libsad_search_3cb67c7e18cc99.so
2026-08-23T05:26:38.676513+00:00,20260823T050257,joint:qaoa:16:7ae9b84c35dc0301,ok,,qaoa,16,8,float64,42,128,2,32,2,2,0.0,rotation,rotation,2,3,compact:L5R2W1-L5R2W1,compact:L5R1W0-L5R0W0-L5R0W0,,,merged,optimized,5,3,5,0.542752,0.54514,0.541635,0.54975,0.003438119660512105,0.1636396,0.0155012,0.3659992,,,custom:libsad_search_d014591f51543a.so,/home/rzzhang/sad_merged/sad/build/libsad_search_d014591f51543a.so
2026-08-23T05:26:38.701771+00:00,20260823T050257,joint:qaoa:6:2f43719fc9f99c50,ok,,qaoa,6,8,float64,42,32,2,128,2,2,0.75,rotation,rotation,5,5,compact:L2R0W0-L1R0W0-L1R0W0-L1R0W0-L1R0W0,compact:L2R0W0-L1R0W0-L1R0W0-L1R0W0-L1R0W0,,,split,optimized,20,3,20,0.35231149999999994,0.35257594999999997,0.351157,0.354417,0.0008072397088225981,0.13297945,0.015434150000000002,0.20416235,,,custom:libsad_search_2a0e4369743c84.so,/home/rzzhang/sad_merged/sad/build/libsad_search_2a0e4369743c84.so
2026-08-23T05:26:38.726052+00:00,20260823T050257,joint:qaoa:26:a1f288c3cf7332b1,ok,,qaoa,26,8,float64,42,128,2,32,2,2,0.5,rotation,rotation,14,15,compact:L2R0W0-L2R0W0-L2R0W0-L2R0W0-L2R0W0-L2R0W0-L2R0W0-L2R0W0-L2R0W0-L2R0W0-L2R0W0-L2R0W0-L1R0W0-L1R0W0,compact:L2R0W0-L2R0W0-L2R0W0-L2R0W0-L2R0W0-L2R0W0-L2R0W0-L2R0W0-L2R0W0-L2R0W0-L2R0W0-L1R0W0-L1R0W0-L1R0W0-L1R0W0,,,split,optimized,2,3,2,834.7059895,834.7059895,834.2667809999999,835.1451979999999,0.43920850000000655,265.1890915,2.5111125,567.0057854999999,,,custom:libsad_search_3b115211f38255.so,/home/rzzhang/sad_merged/sad/build/libsad_search_3b115211f38255.so
2026-08-23T05:26:42.952526+00:00,20260823T050257,joint:qaoa:28:5603fa8dfb816c6b,ok,,qaoa,28,8,float64,42,32,2,32,2,1,0.5,rotation,rotation,16,16,compact:L2R0W0-L2R0W0-L2R0W0-L2R0W0-L2R0W0-L2R0W0-L2R0W0-L2R0W0-L2R0W0-L2R0W0-L2R0W0-L2R0W0-L1R0W0-L1R0W0-L1R0W0-L1R0W0,compact:L2R0W0-L2R0W0-L2R0W0-L2R0W0-L2R0W0-L2R0W0-L2R0W0-L2R0W0-L2R0W0-L2R0W0-L2R0W0-L2R0W0-L1R0W0-L1R0W0-L1R0W0-L1R0W0,,,merged,optimized,2,3,2,3631.7305079999996,3631.7305079999996,3631.61926,3631.841756,0.11124799999993229,1201.2237185000001,9.99236,2420.5144295,,,custom:libsad_search_f9cdaf042a7bd6.so,/home/rzzhang/sad_merged/sad/build/libsad_search_f9cdaf042a7bd6.so
2026-08-23T05:27:01.151461+00:00,20260823T050257,joint:qaoa:6:62ab1245db0a0ab3,ok,,qaoa,6,8,float64,42,32,2,32,2,1,0.25,rotation,rotation,2,2,compact:L3R0W0-L3R0W0,compact:L3R0W0-L3R0W0,,,merged,optimized,20,3,20,0.183282,0.1833108,0.182222,0.184339,0.00048456987112283604,0.06541045000000001,0.0155367,0.10236365,,,custom:libsad_search_f9cdaf042a7bd6.so,/home/rzzhang/sad_merged/sad/build/libsad_search_f9cdaf042a7bd6.so
2026-08-23T05:27:01.173156+00:00,20260823T050257,joint:qaoa:18:93fb83d522e8c3ba,ok,,qaoa,18,8,float64,42,64,2,64,2,1,0.75,rotation,rotation,14,14,compact:L2R0W0-L2R0W0-L2R0W0-L2R0W0-L1R0W0-L1R0W0-L1R0W0-L1R0W0-L1R0W0-L1R0W0-L1R0W0-L1R0W0-L1R0W0-L1R0W0,compact:L2R0W0-L2R0W0-L2R0W0-L2R0W0-L1R0W0-L1R0W0-L1R0W0-L1R0W0-L1R0W0-L1R0W0-L1R0W0-L1R0W0-L1R0W0-L1R0W0,,,split,optimized,5,3,5,2.644024,2.6435202,2.633586,2.65216,0.005897963255226215,1.0385149999999999,0.0169588,1.5880464,,,custom:libsad_search_7ec063ebc99501.so,/home/rzzhang/sad_merged/sad/build/libsad_search_7ec063ebc99501.so
2026-08-23T05:27:01.220639+00:00,20260823T050257,joint:qaoa:4:fb3d34a57d921315,ok,,qaoa,4,8,float64,42,32,2,32,2,1,0.25,rotation,rotation,2,2,compact:L2R0W0-L2R0W0,compact:L2R0W0-L2R0W0,,,split,optimized,20,3,20,0.149417,0.1492677,0.14837899999999998,0.15056199999999997,0.0006086468680606169,0.055916600000000004,0.015520900000000002,0.0778302,,,custom:libsad_search_3cb67c7e18cc99.so,/home/rzzhang/sad_merged/sad/build/libsad_search_3cb67c7e18cc99.so
2026-08-23T05:27:01.240369+00:00,20260823T050257,joint:qaoa:28:273a150eaa92dafe,ok,,qaoa,28,8,float64,42,32,2,128,2,2,0.0,rotation,rotation,4,4,compact:L5R2W0-L5R2W0-L5R2W0-L5R2W0,compact:L5R2W0-L5R2W0-L5R2W0-L5R2W0,,,merged,optimized,2,3,2,1791.8317685000002,1791.8317685000002,1791.758159,1791.9053780000002,0.0736095000000887,451.43678450000004,9.954339999999998,1330.440644,,,custom:libsad_search_fce412939d20fb.so,/home/rzzhang/sad_merged/sad/build/libsad_search_fce412939d20fb.so
2026-08-23T05:27:10.331808+00:00,20260823T050257,joint:qaoa:16:06448199ae3fc789,ok,,qaoa,16,8,float64,42,128,2,128,2,1,0.0,rotation,rotation,2,2,compact:L5R2W1-L5R2W1,compact:L5R2W1-L5R2W1,,,split,optimized,5,3,5,0.55583,0.5541418,0.5478949999999999,0.5560959999999999,0.0031590985676297266,0.1673394,0.015664,0.3711384,,,custom:libsad_search_9361435758c99d.so,/home/rzzhang/sad_merged/sad/build/libsad_search_9361435758c99d.so
2026-08-23T05:27:10.357831+00:00,20260823T050257,joint:qaoa:26:c349a7ca3a88bdd5,ok,,qaoa,26,8,float64,42,128,2,128,2,1,0.0,rotation,rotation,3,3,compact:L5R2W2-L5R2W2-L5R2W1,compact:L5R2W2-L5R2W2-L5R2W1,,,split,optimized,2,3,2,431.98941,431.98941,431.981194,431.99762599999997,0.00821599999997602,103.70562550000001,2.4881714999999995,325.795613,,,custom:libsad_search_9361435758c99d.so,/home/rzzhang/sad_merged/sad/build/libsad_search_9361435758c99d.so
2026-08-23T05:27:12.559203+00:00,20260823T050257,joint:qaoa:8:c99135c91f2cab59,ok,,qaoa,8,8,float64,42,64,2,64,2,2,1.0,rotation,rotation,8,8,compact:L1R0W0-L1R0W0-L1R0W0-L1R0W0-L1R0W0-L1R0W0-L1R0W0-L1R0W0,compact:L1R0W0-L1R0W0-L1R0W0-L1R0W0-L1R0W0-L1R0W0-L1R0W0-L1R0W0,,,split,optimized,20,3,20,0.5406575,0.5404841499999999,0.539503,0.5417130000000001,0.0007435822936972462,0.23612634999999998,0.0153965,0.28896130000000003,,,custom:libsad_search_20c37ff249ec0a.so,/home/rzzhang/sad_merged/sad/build/libsad_search_20c37ff249ec0a.so
2026-08-23T05:27:12.588379+00:00,20260823T050257,joint:qaoa:20:8b17d9d3f3a3305b,ok,,qaoa,20,8,float64,42,32,2,128,2,2,0.5,rotation,rotation,12,12,compact:L2R0W0-L2R0W0-L2R0W0-L2R0W0-L2R0W0-L2R0W0-L2R0W0-L2R0W0-L1R0W0-L1R0W0-L1R0W0-L1R0W0,compact:L2R0W0-L2R0W0-L2R0W0-L2R0W0-L2R0W0-L2R0W0-L2R0W0-L2R0W0-L1R0W0-L1R0W0-L1R0W0-L1R0W0,,,split,optimized,5,3,5,6.872656999999999,6.874868600000001,6.860237,6.8923760000000005,0.012348534886374302,2.291569,0.03977699999999999,4.5435226,,,custom:libsad_search_2a0e4369743c84.so,/home/rzzhang/sad_merged/sad/build/libsad_search_2a0e4369743c84.so
2026-08-23T05:27:12.663788+00:00,20260823T050257,joint:qaoa:12:abd074bbd5905cbe,ok,,qaoa,12,8,float64,42,128,2,32,2,2,0.25,rotation,rotation,4,4,compact:L3R0W0-L3R0W0-L3R0W0-L3R0W0,compact:L3R0W0-L3R0W0-L3R0W0-L3R0W0,,,merged,optimized,10,3,10,0.437165,0.4371864,0.436992,0.43735399999999997,0.00010154723039060213,0.19949680000000003,0.0155074,0.2221822,,,custom:libsad_search_d014591f51543a.so,/home/rzzhang/sad_merged/sad/build/libsad_search_d014591f51543a.so
2026-08-23T05:27:12.681521+00:00,20260823T050257,joint:qaoa:28:fb0b9b77b88a07f3,ok,,qaoa,28,8,float64,42,128,2,128,2,2,0.25,rotation,rotation,10,10,compact:L3R0W0-L3R0W0-L3R0W0-L3R0W0-L3R0W0-L3R0W0-L3R0W0-L3R0W0-L2R0W0-L2R0W0,compact:L3R0W0-L3R0W0-L3R0W0-L3R0W0-L3R0W0-L3R0W0-L3R0W0-L3R0W0-L2R0W0-L2R0W0,,,split,optimized,2,3,2,2305.7577174999997,2305.7577174999997,2305.513321,2306.002114,0.24439649999999347,756.6291555,9.990338500000002,1539.1382234999999,,,custom:libsad_search_d02bea87aa5c56.so,/home/rzzhang/sad_merged/sad/build/libsad_search_d02bea87aa5c56.so
2026-08-23T05:27:24.240597+00:00,20260823T050257,joint:qaoa:20:208204c3fa958eac,ok,,qaoa,20,8,float64,42,32,2,32,2,1,0.75,rotation,rotation,16,16,compact:L2R0W0-L2R0W0-L2R0W0-L2R0W0-L1R0W0-L1R0W0-L1R0W0-L1R0W0-L1R0W0-L1R0W0-L1R0W0-L1R0W0-L1R0W0-L1R0W0-L1R0W0-L1R0W0,compact:L2R0W0-L2R0W0-L2R0W0-L2R0W0-L1R0W0-L1R0W0-L1R0W0-L1R0W0-L1R0W0-L1R0W0-L1R0W0-L1R0W0-L1R0W0-L1R0W0-L1R0W0-L1R0W0,,,split,optimized,5,3,5,7.4997620000000005,7.5011694,7.495692999999999,7.506882,0.004801070572278807,2.7653041999999997,0.0403868,4.6954784,,,custom:libsad_search_3cb67c7e18cc99.so,/home/rzzhang/sad_merged/sad/build/libsad_search_3cb67c7e18cc99.so
2026-08-23T05:27:24.328304+00:00,20260823T050257,joint:qaoa:28:5ae18709c7154b88,ok,,qaoa,28,8,float64,42,32,2,128,2,2,0.0,rotation,rotation,4,4,compact:L5R2W0-L5R2W0-L5R2W0-L5R2W0,compact:L5R2W0-L5R2W0-L5R2W0-L5R2W0,,,split,optimized,2,3,2,1791.9869355,1791.9869355,1791.97584,1791.998031,0.011095500000010361,451.419756,9.9495425,1330.617637,,,custom:libsad_search_2a0e4369743c84.so,/home/rzzhang/sad_merged/sad/build/libsad_search_2a0e4369743c84.so
2026-08-23T05:27:33.422601+00:00,20260823T050257,joint:qaoa:6:f5dd508467ffa480,ok,,qaoa,6,8,float64,42,128,2,32,2,2,0.75,rotation,rotation,5,5,compact:L2R0W0-L1R0W0-L1R0W0-L1R0W0-L1R0W0,compact:L2R0W0-L1R0W0-L1R0W0-L1R0W0-L1R0W0,,,merged,optimized,20,3,20,0.3266325,0.3268351,0.325519,0.328741,0.0008157535718585725,0.1472845,0.01549625,0.16405435,,,custom:libsad_search_d014591f51543a.so,/home/rzzhang/sad_merged/sad/build/libsad_search_d014591f51543a.so
2026-08-23T05:27:33.447151+00:00,20260823T050257,joint:qaoa:14:09a7f33da49769b8,ok,,qaoa,14,8,float64,42,32,2,128,2,1,0.25,rotation,rotation,5,5,compact:L3R0W0-L3R0W0-L3R0W0-L3R0W0-L2R0W0,compact:L3R0W0-L3R0W0-L3R0W0-L3R0W0-L2R0W0,,,merged,optimized,10,3,10,0.6389750000000001,0.6391406,0.638845,0.640011,0.0003875487582227633,0.20601029999999998,0.0154948,0.4176355,,,custom:libsad_search_2a8327787a9aac.so,/home/rzzhang/sad_merged/sad/build/libsad_search_2a8327787a9aac.so
2026-08-23T05:27:33.471389+00:00,20260823T050257,joint:qaoa:28:993ec69e57b240d1,ok,,qaoa,28,8,float64,42,32,2,32,2,1,0.5,rotation,rotation,16,16,compact:L2R0W0-L2R0W0-L2R0W0-L2R0W0-L2R0W0-L2R0W0-L2R0W0-L2R0W0-L2R0W0-L2R0W0-L2R0W0-L2R0W0-L1R0W0-L1R0W0-L1R0W0-L1R0W0,compact:L2R0W0-L2R0W0-L2R0W0-L2R0W0-L2R0W0-L2R0W0-L2R0W0-L2R0W0-L2R0W0-L2R0W0-L2R0W0-L2R0W0-L1R0W0-L1R0W0-L1R0W0-L1R0W0,,,split,optimized,2,3,2,3628.8402295,3628.8402295,3627.0243840000003,3630.656075,1.8158454999997957,1201.151348,9.9716985,2417.717183,,,custom:libsad_search_3cb67c7e18cc99.so,/home/rzzhang/sad_merged/sad/build/libsad_search_3cb67c7e18cc99.so
2026-08-23T05:27:51.797019+00:00,20260823T050257,joint:qaoa:12:6a8eaac8cddcecbc,ok,,qaoa,12,8,float64,42,32,2,32,2,1,0.25,rotation,rotation,4,4,compact:L3R0W0-L3R0W0-L3R0W0-L3R0W0,compact:L3R0W0-L3R0W0-L3R0W0-L3R0W0,,,merged,optimized,10,3,10,0.3963415,0.3963351,0.395244,0.39715300000000003,0.0005106018899299206,0.1586135,0.0156903,0.22203130000000001,,,custom:libsad_search_f9cdaf042a7bd6.so,/home/rzzhang/sad_merged/sad/build/libsad_search_f9cdaf042a7bd6.so
2026-08-23T05:27:51.818544+00:00,20260823T050257,joint:qaoa:28:318c2eef075e639b,ok,,qaoa,28,8,float64,42,128,2,128,2,1,0.25,rotation,rotation,10,10,compact:L3R0W0-L3R0W0-L3R0W0-L3R0W0-L3R0W0-L3R0W0-L3R0W0-L3R0W0-L2R0W0-L2R0W0,compact:L3R0W0-L3R0W0-L3R0W0-L3R0W0-L3R0W0-L3R0W0-L3R0W0-L3R0W0-L2R0W0-L2R0W0,,,merged,optimized,2,3,2,2305.128634,2305.128634,2305.0646580000002,2305.19261,0.06397599999991144,755.959922,9.999834499999999,1539.1688775,,,custom:libsad_search_8fbfac92ec4bef.so,/home/rzzhang/sad_merged/sad/build/libsad_search_8fbfac92ec4bef.so
2026-08-23T05:28:03.607853+00:00,20260823T050257,joint:qaoa:4:02858fb2c63be603,ok,,qaoa,4,8,float64,42,32,2,128,2,2,0.75,rotation,rotation,3,3,compact:L2R0W0-L1R0W0-L1R0W0,compact:L2R0W0-L1R0W0-L1R0W0,,,merged,optimized,20,3,20,0.21606299999999998,0.2165837,0.214995,0.225317,0.0020801307434870527,0.0759272,0.0152018,0.1254547,,,custom:libsad_search_fce412939d20fb.so,/home/rzzhang/sad_merged/sad/build/libsad_search_fce412939d20fb.so
2026-08-23T05:28:03.629887+00:00,20260823T050257,joint:qaoa:18:d6bd37d948255090,ok,,qaoa,18,8,float64,42,128,2,128,2,2,0.5,rotation,rotation,10,10,compact:L2R0W0-L2R0W0-L2R0W0-L2R0W0-L2R0W0-L2R0W0-L2R0W0-L2R0W0-L1R0W0-L1R0W0,compact:L2R0W0-L2R0W0-L2R0W0-L2R0W0-L2R0W0-L2R0W0-L2R0W0-L2R0W0-L1R0W0-L1R0W0,,,split,optimized,5,3,5,2.219919,2.2195806,2.2181480000000002,2.2199940000000002,0.0007181572529745726,0.8202294,0.015534000000000001,1.3838172000000002,,,custom:libsad_search_d02bea87aa5c56.so,/home/rzzhang/sad_merged/sad/build/libsad_search_d02bea87aa5c56.so
2026-08-23T05:28:03.672917+00:00,20260823T050257,joint:qaoa:14:cbe079adf44f99fa,ok,,qaoa,14,8,float64,42,32,2,32,2,1,0.0,legacy,legacy,0,0,,,,,not_applicable,legacy-generic,10,3,10,0.31754950000000004,0.3179096,0.317261,0.319191,0.000629760303607651,0.11060139999999999,0.0156169,0.19169129999999998,,,custom:libsad_search_06042376d3c545.so,/home/rzzhang/sad_merged/sad/build/libsad_search_06042376d3c545.so
2026-08-23T05:28:03.697244+00:00,20260823T050257,joint:qaoa:12:f68f62cb92fd9a70,ok,,qaoa,12,8,float64,42,32,2,128,2,2,0.25,rotation,rotation,4,4,compact:L3R0W0-L3R0W0-L3R0W0-L3R0W0,compact:L3R0W0-L3R0W0-L3R0W0-L3R0W0,,,merged,optimized,10,3,10,0.5100169999999999,0.5103226000000001,0.5098509999999999,0.511789,0.000610476567936896,0.15874310000000003,0.0153359,0.3362436,,,custom:libsad_search_fce412939d20fb.so,/home/rzzhang/sad_merged/sad/build/libsad_search_fce412939d20fb.so
2026-08-23T05:28:03.721445+00:00,20260823T050257,joint:qaoa:8:bc4062514161340d,ok,,qaoa,8,8,float64,42,128,2,128,2,1,0.0,rotation,rotation,1,1,compact:L5R2W1,compact:L5R2W1,,,merged,optimized,20,3,20,0.23953049999999998,0.23922474999999999,0.238483,0.239681,0.0004702014328987067,0.06296884999999999,0.0155186,0.1607373,,,custom:libsad_search_8fbfac92ec4bef.so,/home/rzzhang/sad_merged/sad/build/libsad_search_8fbfac92ec4bef.so
2026-08-23T05:28:03.744409+00:00,20260823T050257,joint:qaoa:4:673287b186d418b0,ok,,qaoa,4,8,float64,42,128,2,128,2,2,0.25,rotation,rotation,2,2,compact:L2R0W0-L2R0W0,compact:L2R0W0-L2R0W0,,,split,optimized,20,3,20,0.18925799999999998,0.18914915,0.187397,0.192532,0.001068136661434296,0.06290295,0.015416949999999999,0.11082925,,,custom:libsad_search_d02bea87aa5c56.so,/home/rzzhang/sad_merged/sad/build/libsad_search_d02bea87aa5c56.so
2026-08-23T05:28:03.765459+00:00,20260823T050257,joint:qaoa:26:8c3d6e96c557be1f,ok,,qaoa,26,8,float64,42,128,2,32,2,2,0.0,rotation,rotation,3,4,compact:L5R2W2-L5R2W2-L5R2W1,compact:L5R2W0-L5R2W0-L5R1W0-L5R1W0,,,merged,optimized,2,3,2,395.1092195,395.1092195,395.10157499999997,395.11686399999996,0.007644499999997834,97.4130015,2.476053,295.22016499999995,,,custom:libsad_search_d014591f51543a.so,/home/rzzhang/sad_merged/sad/build/libsad_search_d014591f51543a.so
2026-08-23T05:28:05.782532+00:00,20260823T050257,joint:qaoa:24:b3d78dd51ae08b95,ok,,qaoa,24,8,float64,42,32,2,32,2,2,0.25,rotation,rotation,9,9,compact:L3R0W0-L3R0W0-L3R0W0-L3R0W0-L3R0W0-L3R0W0-L2R0W0-L2R0W0-L2R0W0,compact:L3R0W0-L3R0W0-L3R0W0-L3R0W0-L3R0W0-L3R0W0-L2R0W0-L2R0W0-L2R0W0,,,split,optimized,3,3,3,130.31448099999997,130.33213233333333,130.309253,130.372663,0.02873887264470753,42.519363,0.637041,87.17572833333332,,,custom:libsad_search_16d9d6cef53b3d.so,/home/rzzhang/sad_merged/sad/build/libsad_search_16d9d6cef53b3d.so
2026-08-23T05:28:06.604112+00:00,20260823T050257,joint:qaoa:6:d44d1e4ddcfeaa39,ok,,qaoa,6,8,float64,42,128,2,32,2,2,1.0,rotation,rotation,6,6,compact:L1R0W0-L1R0W0-L1R0W0-L1R0W0-L1R0W0-L1R0W0,compact:L1R0W0-L1R0W0-L1R0W0-L1R0W0-L1R0W0-L1R0W0,,,merged,optimized,20,3,20,0.37321250000000006,0.3726004,0.366533,0.37385,0.0020746098283773856,0.17114675000000001,0.015396900000000002,0.18605675,,,custom:libsad_search_d014591f51543a.so,/home/rzzhang/sad_merged/sad/build/libsad_search_d014591f51543a.so
2026-08-23T05:28:06.625033+00:00,20260823T050257,joint:qaoa:8:5fd8d01e9a62a268,ok,,qaoa,8,8,float64,42,64,2,64,2,1,0.0,rotation,rotation,1,1,compact:L5R2W1,compact:L5R2W1,,,merged,optimized,20,3,20,0.18022899999999997,0.1803411,0.17997899999999997,0.181348,0.0003812580359808874,0.053312349999999994,0.0152847,0.11174405000000001,,,custom:libsad_search_7e5293342e215a.so,/home/rzzhang/sad_merged/sad/build/libsad_search_7e5293342e215a.so
2026-08-23T05:28:06.641384+00:00,20260823T050257,joint:qaoa:26:c8754695793687e8,ok,,qaoa,26,8,float64,42,32,2,128,2,1,1.0,rotation,rotation,26,26,compact:L1R0W0-L1R0W0-L1R0W0-L1R0W0-L1R0W0-L1R0W0-L1R0W0-L1R0W0-L1R0W0-L1R0W0-L1R0W0-L1R0W0-L1R0W0-L1R0W0-L1R0W0-L1R0W0-L1R0W0-L1R0W0-L1R0W0-L1R0W0-L1R0W0-L1R0W0-L1R0W0-L1R0W0-L1R0W0-L1R0W0,compact:L1R0W0-L1R0W0-L1R0W0-L1R0W0-L1R0W0-L1R0W0-L1R0W0-L1R0W0-L1R0W0-L1R0W0-L1R0W0-L1R0W0-L1R0W0-L1R0W0-L1R0W0-L1R0W0-L1R0W0-L1R0W0-L1R0W0-L1R0W0-L1R0W0-L1R0W0-L1R0W0-L1R0W0-L1R0W0-L1R0W0,,,merged,optimized,2,3,2,1471.854542,1471.854542,1471.556733,1472.1523510000002,0.297809000000143,488.752159,2.5181744999999998,980.5842085,,,custom:libsad_search_2a8327787a9aac.so,/home/rzzhang/sad_merged/sad/build/libsad_search_2a8327787a9aac.so
2026-08-23T05:28:14.030102+00:00,20260823T050257,joint:qaoa:16:43a675847a73f147,ok,,qaoa,16,8,float64,42,128,2,128,2,2,1.0,rotation,rotation,16,16,compact:L1R0W0-L1R0W0-L1R0W0-L1R0W0-L1R0W0-L1R0W0-L1R0W0-L1R0W0-L1R0W0-L1R0W0-L1R0W0-L1R0W0-L1R0W0-L1R0W0-L1R0W0-L1R0W0,compact:L1R0W0-L1R0W0-L1R0W0-L1R0W0-L1R0W0-L1R0W0-L1R0W0-L1R0W0-L1R0W0-L1R0W0-L1R0W0-L1R0W0-L1R0W0-L1R0W0-L1R0W0-L1R0W0,,,merged,optimized,5,3,5,1.748968,1.7507899999999998,1.748884,1.7551350000000001,0.002484393286096246,0.7712943999999999,0.0153314,0.9641642,,,custom:libsad_search_b969ada61d8a74.so,/home/rzzhang/sad_merged/sad/build/libsad_search_b969ada61d8a74.so
2026-08-23T05:28:14.066108+00:00,20260823T050257,joint:qaoa:8:84044799fb00c834,ok,,qaoa,8,8,float64,42,64,2,64,2,2,0.5,rotation,rotation,4,4,compact:L2R0W0-L2R0W0-L2R0W0-L2R0W0,compact:L2R0W0-L2R0W0-L2R0W0-L2R0W0,,,merged,optimized,20,3,20,0.3359925,0.3364433,0.33478800000000003,0.339846,0.0011269934826785716,0.1321006,0.015455749999999999,0.18888695,,,custom:libsad_search_97eec9f2a848ec.so,/home/rzzhang/sad_merged/sad/build/libsad_search_97eec9f2a848ec.so
2026-08-23T05:28:14.088817+00:00,20260823T050257,joint:qaoa:18:eff6a626e16e73d8,ok,,qaoa,18,8,float64,42,64,2,64,2,2,0.75,rotation,rotation,14,14,compact:L2R0W0-L2R0W0-L2R0W0-L2R0W0-L1R0W0-L1R0W0-L1R0W0-L1R0W0-L1R0W0-L1R0W0-L1R0W0-L1R0W0-L1R0W0-L1R0W0,compact:L2R0W0-L2R0W0-L2R0W0-L2R0W0-L1R0W0-L1R0W0-L1R0W0-L1R0W0-L1R0W0-L1R0W0-L1R0W0-L1R0W0-L1R0W0-L1R0W0,,,merged,optimized,5,3,5,2.5804590000000003,2.5783955999999995,2.5712119999999996,2.58145,0.003734773171157905,1.0080672000000002,0.015455600000000002,1.5548728,,,custom:libsad_search_97eec9f2a848ec.so,/home/rzzhang/sad_merged/sad/build/libsad_search_97eec9f2a848ec.so
2026-08-23T05:28:14.121782+00:00,20260823T050257,joint:qaoa:4:5b46ce21ae795380,ok,,qaoa,4,8,float64,42,128,2,32,2,2,0.75,rotation,rotation,3,3,compact:L2R0W0-L1R0W0-L1R0W0,compact:L2R0W0-L1R0W0-L1R0W0,,,split,optimized,20,3,20,0.2003935,0.20020690000000002,0.19955299999999998,0.201053,0.0004997489269623365,0.08396385,0.01538515,0.10085790000000001,,,custom:libsad_search_3b115211f38255.so,/home/rzzhang/sad_merged/sad/build/libsad_search_3b115211f38255.so
2026-08-23T05:28:14.138551+00:00,20260823T050257,joint:qaoa:10:d9d7fd714ba2c9ef,ok,,qaoa,10,8,float64,42,64,2,64,2,1,0.5,rotation,rotation,6,6,compact:L2R0W0-L2R0W0-L2R0W0-L2R0W0-L1R0W0-L1R0W0,compact:L2R0W0-L2R0W0-L2R0W0-L2R0W0-L1R0W0-L1R0W0,,,merged,optimized,10,3,10,0.497657,0.49721099999999996,0.491535,0.498648,0.001931931054670431,0.20557250000000002,0.0155682,0.2760703,,,custom:libsad_search_7e5293342e215a.so,/home/rzzhang/sad_merged/sad/build/libsad_search_7e5293342e215a.so
2026-08-23T05:28:14.157030+00:00,20260823T050257,joint:qaoa:16:fa071c82c3c4c2f1,ok,,qaoa,16,8,float64,42,32,2,32,2,1,0.25,rotation,rotation,6,6,compact:L3R0W0-L3R0W0-L3R0W0-L3R0W0-L2R0W0-L2R0W0,compact:L3R0W0-L3R0W0-L3R0W0-L3R0W0-L2R0W0-L2R0W0,,,merged,optimized,5,3,5,0.8273469999999999,0.8271611999999999,0.8262649999999998,0.8283489999999999,0.0007400492956553869,0.32269159999999997,0.0155306,0.48893900000000007,,,custom:libsad_search_f9cdaf042a7bd6.so,/home/rzzhang/sad_merged/sad/build/libsad_search_f9cdaf042a7bd6.so
2026-08-23T05:28:14.176208+00:00,20260823T050257,joint:qaoa:16:668698d4ea0f329e,ok,,qaoa,16,8,float64,42,32,2,32,2,2,1.0,rotation,rotation,16,16,compact:L1R0W0-L1R0W0-L1R0W0-L1R0W0-L1R0W0-L1R0W0-L1R0W0-L1R0W0-L1R0W0-L1R0W0-L1R0W0-L1R0W0-L1R0W0-L1R0W0-L1R0W0-L1R0W0,compact:L1R0W0-L1R0W0-L1R0W0-L1R0W0-L1R0W0-L1R0W0-L1R0W0-L1R0W0-L1R0W0-L1R0W0-L1R0W0-L1R0W0-L1R0W0-L1R0W0-L1R0W0-L1R0W0,,,merged,optimized,5,3,5,1.643511,1.6436816,1.643413,1.6444770000000002,0.00039971569896622553,0.7279566000000001,0.015379599999999997,0.9003453999999999,,,custom:libsad_search_dcff342f285260.so,/home/rzzhang/sad_merged/sad/build/libsad_search_dcff342f285260.so
2026-08-23T05:28:14.201735+00:00,20260823T050257,joint:qaoa:20:7e5155cbde6794dd,ok,,qaoa,20,8,float64,42,32,2,128,2,1,0.5,rotation,rotation,12,12,compact:L2R0W0-L2R0W0-L2R0W0-L2R0W0-L2R0W0-L2R0W0-L2R0W0-L2R0W0-L1R0W0-L1R0W0-L1R0W0-L1R0W0,compact:L2R0W0-L2R0W0-L2R0W0-L2R0W0-L2R0W0-L2R0W0-L2R0W0-L2R0W0-L1R0W0-L1R0W0-L1R0W0-L1R0W0,,,split,optimized,5,3,5,7.271477,7.271658,7.270373,7.273342,0.0010727694999393333,2.4108204000000004,0.040179799999999995,4.8206578,,,custom:libsad_search_0e4f539ceca897.so,/home/rzzhang/sad_merged/sad/build/libsad_search_0e4f539ceca897.so
2026-08-23T05:28:14.273181+00:00,20260823T050257,joint:qaoa:14:2c402e87c850dee6,ok,,qaoa,14,8,float64,42,32,2,32,2,2,0.0,rotation,rotation,2,2,compact:L5R2W0-L5R2W0,compact:L5R2W0-L5R2W0,,,merged,optimized,10,3,10,0.31546550000000007,0.3157571,0.315198,0.316549,0.0005376354620000486,0.1078985,0.0153562,0.1925024,,,custom:libsad_search_dcff342f285260.so,/home/rzzhang/sad_merged/sad/build/libsad_search_dcff342f285260.so
2026-08-23T05:28:14.289288+00:00,20260823T050257,joint:qaoa:8:df5c12b5cc138729,ok,,qaoa,8,8,float64,42,128,2,32,2,1,0.0,rotation,rotation,1,2,compact:L5R2W1,compact:L4R0W0-L4R0W0,,,merged,optimized,20,3,20,0.2088425,0.2087054,0.20775,0.209035,0.00040240780310526087,0.0660728,0.015583650000000001,0.12704895,,,custom:libsad_search_5851e15f736f52.so,/home/rzzhang/sad_merged/sad/build/libsad_search_5851e15f736f52.so
2026-08-23T05:28:14.306162+00:00,20260823T050257,joint:qaoa:4:1db0de95b02e4a41,ok,,qaoa,4,8,float64,42,128,2,32,2,2,0.25,rotation,rotation,2,2,compact:L2R0W0-L2R0W0,compact:L2R0W0-L2R0W0,,,merged,optimized,20,3,20,0.1678555,0.1673356,0.16085,0.16797700000000002,0.0015411627234007453,0.06618905,0.01550305,0.0856435,,,custom:libsad_search_d014591f51543a.so,/home/rzzhang/sad_merged/sad/build/libsad_search_d014591f51543a.so
2026-08-23T05:28:14.322347+00:00,20260823T050257,joint:qaoa:16:6475ecbaf0787fe1,ok,,qaoa,16,8,float64,42,128,2,128,2,1,0.25,rotation,rotation,6,6,compact:L3R0W0-L3R0W0-L3R0W0-L3R0W0-L2R0W0-L2R0W0,compact:L3R0W0-L3R0W0-L3R0W0-L3R0W0-L2R0W0-L2R0W0,,,merged,optimized,5,3,5,0.916449,0.9164414000000001,0.9163190000000001,0.9165840000000001,8.83642461632335e-05,0.3551718,0.015449800000000003,0.5458198,,,custom:libsad_search_8fbfac92ec4bef.so,/home/rzzhang/sad_merged/sad/build/libsad_search_8fbfac92ec4bef.so
2026-08-23T05:28:14.341867+00:00,20260823T050257,joint:qaoa:6:6385b94adaf41ebd,ok,,qaoa,6,8,float64,42,32,2,128,2,1,0.5,rotation,rotation,4,4,compact:L2R0W0-L2R0W0-L1R0W0-L1R0W0,compact:L2R0W0-L2R0W0-L1R0W0-L1R0W0,,,merged,optimized,20,3,20,0.328705,0.3286101,0.322614,0.329768,0.0014369574419585292,0.11572059999999999,0.01547975,0.19740975,,,custom:libsad_search_2a8327787a9aac.so,/home/rzzhang/sad_merged/sad/build/libsad_search_2a8327787a9aac.so
2026-08-23T05:28:14.361714+00:00,20260823T050257,joint:qaoa:18:8deec0246c2c7a59,ok,,qaoa,18,8,float64,42,32,2,32,2,2,1.0,rotation,rotation,18,18,compact:L1R0W0-L1R0W0-L1R0W0-L1R0W0-L1R0W0-L1R0W0-L1R0W0-L1R0W0-L1R0W0-L1R0W0-L1R0W0-L1R0W0-L1R0W0-L1R0W0-L1R0W0-L1R0W0-L1R0W0-L1R0W0,compact:L1R0W0-L1R0W0-L1R0W0-L1R0W0-L1R0W0-L1R0W0-L1R0W0-L1R0W0-L1R0W0-L1R0W0-L1R0W0-L1R0W0-L1R0W0-L1R0W0-L1R0W0-L1R0W0-L1R0W0-L1R0W0,,,merged,optimized,5,3,5,3.182557,3.1846056000000003,3.181601,3.188714,0.0029600982145868496,1.285498,0.0190782,1.8800293999999997,,,custom:libsad_search_dcff342f285260.so,/home/rzzhang/sad_merged/sad/build/libsad_search_dcff342f285260.so
2026-08-23T05:28:14.399851+00:00,20260823T050257,joint:qaoa:22:1f4145f844d2c560,ok,,qaoa,22,8,float64,42,128,2,128,2,2,0.0,rotation,rotation,3,3,compact:L5R2W1-L5R2W0-L5R2W0,compact:L5R2W1-L5R2W0-L5R2W0,,,merged,optimized,3,3,3,23.832587000000004,23.825707000000005,23.803692,23.840842000000002,0.015927574098609024,5.658680666666666,0.14730533333333332,18.019721,,,custom:libsad_search_b969ada61d8a74.so,/home/rzzhang/sad_merged/sad/build/libsad_search_b969ada61d8a74.so
2026-08-23T05:28:14.567840+00:00,20260823T050257,joint:qaoa:18:55928f39e20848c9,ok,,qaoa,18,8,float64,42,32,2,128,2,1,1.0,rotation,rotation,18,18,compact:L1R0W0-L1R0W0-L1R0W0-L1R0W0-L1R0W0-L1R0W0-L1R0W0-L1R0W0-L1R0W0-L1R0W0-L1R0W0-L1R0W0-L1R0W0-L1R0W0-L1R0W0-L1R0W0-L1R0W0-L1R0W0,compact:L1R0W0-L1R0W0-L1R0W0-L1R0W0-L1R0W0-L1R0W0-L1R0W0-L1R0W0-L1R0W0-L1R0W0-L1R0W0-L1R0W0-L1R0W0-L1R0W0-L1R0W0-L1R0W0-L1R0W0-L1R0W0,,,split,optimized,5,3,5,3.166194,3.1667961999999994,3.1652389999999997,3.1692049999999994,0.0013573296430859133,1.2540716,0.0156398,1.8970847999999998,,,custom:libsad_search_0e4f539ceca897.so,/home/rzzhang/sad_merged/sad/build/libsad_search_0e4f539ceca897.so
2026-08-23T05:28:14.605699+00:00,20260823T050257,joint:qaoa:28:68eda57ffcb18ccf,ok,,qaoa,28,8,float64,42,128,2,32,2,1,0.0,rotation,rotation,4,4,compact:L5R2W0-L5R2W0-L5R2W0-L5R2W0,compact:L5R2W0-L5R2W0-L5R2W0-L5R2W0,,,split,optimized,2,3,2,1720.4951185000002,1720.4951185000002,1720.4736120000002,1720.5166250000002,0.021506499999986772,430.7695415,9.932482,1279.793095,,,custom:libsad_search_7259903b8346c4.so,/home/rzzhang/sad_merged/sad/build/libsad_search_7259903b8346c4.so
2026-08-23T05:28:23.249389+00:00,20260823T050257,joint:qaoa:20:92649811940862ff,ok,,qaoa,20,8,float64,42,128,2,128,2,1,0.5,rotation,rotation,12,12,compact:L2R0W0-L2R0W0-L2R0W0-L2R0W0-L2R0W0-L2R0W0-L2R0W0-L2R0W0-L1R0W0-L1R0W0-L1R0W0-L1R0W0,compact:L2R0W0-L2R0W0-L2R0W0-L2R0W0-L2R0W0-L2R0W0-L2R0W0-L2R0W0-L1R0W0-L1R0W0-L1R0W0-L1R0W0,,,split,optimized,5,3,5,6.7819259999999995,6.779394399999999,6.7726869999999995,6.783934,0.004743993448562177,2.1742382000000005,0.0403168,4.5648394,,,custom:libsad_search_9361435758c99d.so,/home/rzzhang/sad_merged/sad/build/libsad_search_9361435758c99d.so
2026-08-23T05:28:23.331163+00:00,20260823T050257,joint:qaoa:8:8ac0f1c634f0a7b8,ok,,qaoa,8,8,float64,42,32,2,32,2,1,0.5,rotation,rotation,5,5,compact:L2R0W0-L2R0W0-L2R0W0-L1R0W0-L1R0W0,compact:L2R0W0-L2R0W0-L2R0W0-L1R0W0-L1R0W0,,,merged,optimized,20,3,20,0.367769,0.3680425,0.367475,0.36867300000000003,0.0004884301894846443,0.15638215,0.015548600000000003,0.19611175,,,custom:libsad_search_f9cdaf042a7bd6.so,/home/rzzhang/sad_merged/sad/build/libsad_search_f9cdaf042a7bd6.so
2026-08-23T05:28:23.357389+00:00,20260823T050257,joint:qaoa:16:7c04d01a57bde68d,ok,,qaoa,16,8,float64,42,32,2,128,2,1,0.0,rotation,rotation,3,2,compact:L5R1W0-L5R0W0-L5R0W0,compact:L5R2W1-L5R2W1,,,split,optimized,5,3,5,0.593898,0.5938592,0.592834,0.594829,0.0006331809851851464,0.2058244,0.0155308,0.37250399999999995,,,custom:libsad_search_0e4f539ceca897.so,/home/rzzhang/sad_merged/sad/build/libsad_search_0e4f539ceca897.so
2026-08-23T05:28:23.383564+00:00,20260823T050257,joint:qaoa:24:c1cb196b0edff7dc,ok,,qaoa,24,8,float64,42,64,2,64,2,1,0.5,rotation,rotation,14,14,compact:L2R0W0-L2R0W0-L2R0W0-L2R0W0-L2R0W0-L2R0W0-L2R0W0-L2R0W0-L2R0W0-L2R0W0-L1R0W0-L1R0W0-L1R0W0-L1R0W0,compact:L2R0W0-L2R0W0-L2R0W0-L2R0W0-L2R0W0-L2R0W0-L2R0W0-L2R0W0-L2R0W0-L2R0W0-L1R0W0-L1R0W0-L1R0W0-L1R0W0,,,split,optimized,3,3,3,200.32742999999996,200.33081166666668,200.27,200.395005,0.051089067704240335,66.62472966666667,0.6503156666666667,133.05576633333334,,,custom:libsad_search_7ec063ebc99501.so,/home/rzzhang/sad_merged/sad/build/libsad_search_7ec063ebc99501.so
2026-08-23T05:28:24.631645+00:00,20260823T050257,joint:qaoa:22:901aa3d0dc753e91,ok,,qaoa,22,8,float64,42,32,2,128,2,1,0.5,rotation,rotation,13,12,compact:L2R0W0-L2R0W0-L2R0W0-L2R0W0-L2R0W0-L2R0W0-L2R0W0-L2R0W0-L2R0W0-L1R0W0-L1R0W0-L1R0W0-L1R0W0,compact:L2R0W0-L2R0W0-L2R0W0-L2R0W0-L2R0W0-L2R0W0-L2R0W0-L2R0W0-L2R0W0-L2R0W0-L1R0W0-L1R0W0,,,split,optimized,3,3,3,37.15886999999999,37.16885833333333,37.157970999999996,37.189734,0.014765887360929151,8.054979666666666,0.141064,28.972814666666665,,,custom:libsad_search_0e4f539ceca897.so,/home/rzzhang/sad_merged/sad/build/libsad_search_0e4f539ceca897.so
2026-08-23T05:28:24.879668+00:00,20260823T050257,joint:qaoa:28:22c3b24a2f58c749,ok,,qaoa,28,8,float64,42,128,2,128,2,1,0.0,rotation,rotation,4,4,compact:L5R2W0-L5R2W0-L5R2W0-L5R2W0,compact:L5R2W0-L5R2W0-L5R2W0-L5R2W0,,,split,optimized,2,3,2,1889.0282524999998,1889.0282524999998,1888.9425179999998,1889.113987,0.08573450000005778,430.780098,9.9479895,1448.300165,,,custom:libsad_search_9361435758c99d.so,/home/rzzhang/sad_merged/sad/build/libsad_search_9361435758c99d.so
2026-08-23T05:28:34.363905+00:00,20260823T050257,joint:qaoa:10:783f60550955437f,ok,,qaoa,10,8,float64,42,32,2,32,2,2,0.75,rotation,rotation,8,8,compact:L2R0W0-L2R0W0-L1R0W0-L1R0W0-L1R0W0-L1R0W0-L1R0W0-L1R0W0,compact:L2R0W0-L2R0W0-L1R0W0-L1R0W0-L1R0W0-L1R0W0-L1R0W0-L1R0W0,,,merged,optimized,10,3,10,0.5881810000000001,0.5873125,0.581817,0.589795,0.0026288054796808204,0.258374,0.015581099999999999,0.3133574,,,custom:libsad_search_dcff342f285260.so,/home/rzzhang/sad_merged/sad/build/libsad_search_dcff342f285260.so
2026-08-23T05:28:34.388856+00:00,20260823T050257,joint:qaoa:16:fada9b51f8371e58,ok,,qaoa,16,8,float64,42,128,2,128,2,1,0.0,rotation,rotation,2,2,compact:L5R2W1-L5R2W1,compact:L5R2W1-L5R2W1,,,merged,optimized,5,3,5,0.553995,0.5545942,0.553873,0.556082,0.0008839505416028521,0.1672074,0.015226199999999999,0.37216059999999995,,,custom:libsad_search_8fbfac92ec4bef.so,/home/rzzhang/sad_merged/sad/build/libsad_search_8fbfac92ec4bef.so
2026-08-23T05:28:34.415145+00:00,20260823T050257,joint:qaoa:14:c4d07aaebc251932,ok,,qaoa,14,8,float64,42,128,2,32,2,1,1.0,rotation,rotation,14,14,compact:L1R0W0-L1R0W0-L1R0W0-L1R0W0-L1R0W0-L1R0W0-L1R0W0-L1R0W0-L1R0W0-L1R0W0-L1R0W0-L1R0W0-L1R0W0-L1R0W0,compact:L1R0W0-L1R0W0-L1R0W0-L1R0W0-L1R0W0-L1R0W0-L1R0W0-L1R0W0-L1R0W0-L1R0W0-L1R0W0-L1R0W0-L1R0W0-L1R0W0,,,merged,optimized,10,3,10,1.2088320000000001,1.208273,1.2020469999999999,1.2134150000000001,0.004896439972061325,0.6115247,0.0157071,0.5810412,,,custom:libsad_search_5851e15f736f52.so,/home/rzzhang/sad_merged/sad/build/libsad_search_5851e15f736f52.so
2026-08-23T05:28:34.448056+00:00,20260823T050257,joint:qaoa:14:aa87834b0715818a,ok,,qaoa,14,8,float64,42,32,2,128,2,1,0.5,rotation,rotation,8,8,compact:L2R0W0-L2R0W0-L2R0W0-L2R0W0-L2R0W0-L2R0W0-L1R0W0-L1R0W0,compact:L2R0W0-L2R0W0-L2R0W0-L2R0W0-L2R0W0-L2R0W0-L1R0W0-L1R0W0,,,merged,optimized,10,3,10,0.840137,0.8404486999999999,0.838618,0.8438869999999999,0.0014136504553813752,0.3053048,0.015452200000000001,0.5196917,,,custom:libsad_search_2a8327787a9aac.so,/home/rzzhang/sad_merged/sad/build/libsad_search_2a8327787a9aac.so
2026-08-23T05:28:34.476073+00:00,20260823T050257,joint:qaoa:18:10defca64bec0295,ok,,qaoa,18,8,float64,42,32,2,128,2,1,0.5,rotation,rotation,10,10,compact:L2R0W0-L2R0W0-L2R0W0-L2R0W0-L2R0W0-L2R0W0-L2R0W0-L2R0W0-L1R0W0-L1R0W0,compact:L2R0W0-L2R0W0-L2R0W0-L2R0W0-L2R0W0-L2R0W0-L2R0W0-L2R0W0-L1R0W0-L1R0W0,,,split,optimized,5,3,5,2.190207,2.1899064000000004,2.188321,2.1913660000000004,0.0010300506006988971,0.7816438,0.0157288,1.3925337999999998,,,custom:libsad_search_0e4f539ceca897.so,/home/rzzhang/sad_merged/sad/build/libsad_search_0e4f539ceca897.so
2026-08-23T05:28:34.518121+00:00,20260823T050257,joint:qaoa:24:f54041b398370b37,ok,,qaoa,24,8,float64,42,32,2,128,2,2,0.0,rotation,rotation,4,3,compact:L5R1W0-L5R1W0-L5R1W0-L5R1W0,compact:L5R2W1-L5R2W1-L5R2W1,,,split,optimized,3,3,3,98.87153699999999,98.87314066666666,98.855334,98.892551,0.015236033655631762,24.84847333333333,0.6145209999999999,73.41014633333333,,,custom:libsad_search_2a0e4369743c84.so,/home/rzzhang/sad_merged/sad/build/libsad_search_2a0e4369743c84.so
2026-08-23T05:28:35.148810+00:00,20260823T050257,joint:qaoa:22:25d4b57a6cd9446c,ok,,qaoa,22,8,float64,42,64,2,64,2,1,1.0,rotation,rotation,22,22,compact:L1R0W0-L1R0W0-L1R0W0-L1R0W0-L1R0W0-L1R0W0-L1R0W0-L1R0W0-L1R0W0-L1R0W0-L1R0W0-L1R0W0-L1R0W0-L1R0W0-L1R0W0-L1R0W0-L1R0W0-L1R0W0-L1R0W0-L1R0W0-L1R0W0-L1R0W0,compact:L1R0W0-L1R0W0-L1R0W0-L1R0W0-L1R0W0-L1R0W0-L1R0W0-L1R0W0-L1R0W0-L1R0W0-L1R0W0-L1R0W0-L1R0W0-L1R0W0-L1R0W0-L1R0W0-L1R0W0-L1R0W0-L1R0W0-L1R0W0-L1R0W0-L1R0W0,,,split,optimized,3,3,3,65.76441600000001,65.75965066666667,65.72549699999999,65.789039,0.026158844805454738,13.127797333333335,0.14963666666666667,52.48221666666667,,,custom:libsad_search_7ec063ebc99501.so,/home/rzzhang/sad_merged/sad/build/libsad_search_7ec063ebc99501.so
2026-08-23T05:28:35.568631+00:00,20260823T050257,joint:qaoa:8:d976f5b0f3d46d7b,ok,,qaoa,8,8,float64,42,128,2,32,2,2,0.0,rotation,rotation,1,2,compact:L5R2W1,compact:L4R0W0-L4R0W0,,,split,optimized,20,3,20,0.2048575,0.2051173,0.203701,0.20595500000000003,0.0006762751732837801,0.06285405,0.0153929,0.12687035000000002,,,custom:libsad_search_3b115211f38255.so,/home/rzzhang/sad_merged/sad/build/libsad_search_3b115211f38255.so
2026-08-23T05:28:35.585894+00:00,20260823T050257,joint:qaoa:8:d4efdefc35062ae6,ok,,qaoa,8,8,float64,42,64,2,64,2,1,0.0,legacy,legacy,0,0,,,,,not_applicable,legacy-generic,20,3,20,0.19764700000000002,0.197902,0.197343,0.198776,0.0004919279418776735,0.06266200000000001,0.01551355,0.11972644999999998,,,custom:libsad_search_5a6ce94d125b8e.so,/home/rzzhang/sad_merged/sad/build/libsad_search_5a6ce94d125b8e.so
2026-08-23T05:28:35.602891+00:00,20260823T050257,joint:qaoa:4:8f9252d58cf3cc48,ok,,qaoa,4,8,float64,42,32,2,32,2,1,0.0,rotation,rotation,1,1,compact:L4R0W0,compact:L4R0W0,,,merged,optimized,20,3,20,0.1136335,0.11367125,0.113466,0.114538,0.0002168699783280303,0.03603765,0.01515785,0.06247575,,,custom:libsad_search_f9cdaf042a7bd6.so,/home/rzzhang/sad_merged/sad/build/libsad_search_f9cdaf042a7bd6.so
2026-08-23T05:28:35.617731+00:00,20260823T050257,joint:qaoa:14:2f106207bb44143f,ok,,qaoa,14,8,float64,42,64,2,64,2,1,1.0,rotation,rotation,14,14,compact:L1R0W0-L1R0W0-L1R0W0-L1R0W0-L1R0W0-L1R0W0-L1R0W0-L1R0W0-L1R0W0-L1R0W0-L1R0W0-L1R0W0-L1R0W0-L1R0W0,compact:L1R0W0-L1R0W0-L1R0W0-L1R0W0-L1R0W0-L1R0W0-L1R0W0-L1R0W0-L1R0W0-L1R0W0-L1R0W0-L1R0W0-L1R0W0-L1R0W0,,,merged,optimized,10,3,10,1.1749415,1.1750065,1.173468,1.176503,0.0008047043245814001,0.5332377,0.0155432,0.6262255999999999,,,custom:libsad_search_7e5293342e215a.so,/home/rzzhang/sad_merged/sad/build/libsad_search_7e5293342e215a.so
2026-08-23T05:28:35.645166+00:00,20260823T050257,joint:qaoa:10:f0c46558b3d4c230,ok,,qaoa,10,8,float64,42,32,2,32,2,1,0.0,legacy,legacy,0,0,,,,,not_applicable,legacy-generic,10,3,10,0.2610515,0.2607652,0.26003400000000004,0.261198,0.0004789513127657086,0.0948679,0.015464700000000001,0.15043259999999997,,,custom:libsad_search_06042376d3c545.so,/home/rzzhang/sad_merged/sad/build/libsad_search_06042376d3c545.so
2026-08-23T05:28:35.661032+00:00,20260823T050257,joint:qaoa:8:b3bf91f6717ae690,ok,,qaoa,8,8,float64,42,128,2,32,2,2,1.0,rotation,rotation,8,8,compact:L1R0W0-L1R0W0-L1R0W0-L1R0W0-L1R0W0-L1R0W0-L1R0W0-L1R0W0,compact:L1R0W0-L1R0W0-L1R0W0-L1R0W0-L1R0W0-L1R0W0-L1R0W0-L1R0W0,,,merged,optimized,20,3,20,0.5497645,0.5492712,0.5440410000000001,0.551031,0.001379266239708615,0.26047875,0.015421849999999999,0.27337059999999996,,,custom:libsad_search_d014591f51543a.so,/home/rzzhang/sad_merged/sad/build/libsad_search_d014591f51543a.so
2026-08-23T05:28:35.686175+00:00,20260823T050257,joint:qaoa:14:cc54c418a2305218,ok,,qaoa,14,8,float64,42,128,2,128,2,1,1.0,rotation,rotation,14,14,compact:L1R0W0-L1R0W0-L1R0W0-L1R0W0-L1R0W0-L1R0W0-L1R0W0-L1R0W0-L1R0W0-L1R0W0-L1R0W0-L1R0W0-L1R0W0-L1R0W0,compact:L1R0W0-L1R0W0-L1R0W0-L1R0W0-L1R0W0-L1R0W0-L1R0W0-L1R0W0-L1R0W0-L1R0W0-L1R0W0-L1R0W0-L1R0W0-L1R0W0,,,split,optimized,10,3,10,1.363014,1.3631977000000002,1.361784,1.364795,0.0008998266555287206,0.6075136000000001,0.015407800000000001,0.7402763,,,custom:libsad_search_9361435758c99d.so,/home/rzzhang/sad_merged/sad/build/libsad_search_9361435758c99d.so
2026-08-23T05:28:35.716124+00:00,20260823T050257,joint:qaoa:16:8759bf7fe5035265,ok,,qaoa,16,8,float64,42,32,2,32,2,1,0.0,rotation,rotation,3,3,compact:L5R1W0-L5R0W0-L5R0W0,compact:L5R1W0-L5R0W0-L5R0W0,,,merged,optimized,5,3,5,0.5815,0.5811866,0.580276,0.5816490000000001,0.0005104239806278812,0.20325980000000002,0.015459799999999998,0.362467,,,custom:libsad_search_f9cdaf042a7bd6.so,/home/rzzhang/sad_merged/sad/build/libsad_search_f9cdaf042a7bd6.so
2026-08-23T05:28:35.732986+00:00,20260823T050257,joint:qaoa:28:678a29afa3d04d71,ok,,qaoa,28,8,float64,42,128,2,32,2,2,0.75,rotation,rotation,22,22,compact:L2R0W0-L2R0W0-L2R0W0-L2R0W0-L2R0W0-L2R0W0-L1R0W0-L1R0W0-L1R0W0-L1R0W0-L1R0W0-L1R0W0-L1R0W0-L1R0W0-L1R0W0-L1R0W0-L1R0W0-L1R0W0-L1R0W0-L1R0W0-L1R0W0-L1R0W0,compact:L2R0W0-L2R0W0-L2R0W0-L2R0W0-L2R0W0-L2R0W0-L1R0W0-L1R0W0-L1R0W0-L1R0W0-L1R0W0-L1R0W0-L1R0W0-L1R0W0-L1R0W0-L1R0W0-L1R0W0-L1R0W0-L1R0W0-L1R0W0-L1R0W0-L1R0W0,,,split,optimized,2,3,2,4982.884642999999,4982.884642999999,4982.53872,4983.230566,0.34592300000031173,1656.1683010000002,9.966835,3316.749507,,,custom:libsad_search_3b115211f38255.so,/home/rzzhang/sad_merged/sad/build/libsad_search_3b115211f38255.so
2026-08-23T05:29:00.663722+00:00,20260823T050257,joint:qaoa:18:7fbc1b334419194a,ok,,qaoa,18,8,float64,42,64,2,64,2,2,0.5,rotation,rotation,10,10,compact:L2R0W0-L2R0W0-L2R0W0-L2R0W0-L2R0W0-L2R0W0-L2R0W0-L2R0W0-L1R0W0-L1R0W0,compact:L2R0W0-L2R0W0-L2R0W0-L2R0W0-L2R0W0-L2R0W0-L2R0W0-L2R0W0-L1R0W0-L1R0W0,,,split,optimized,5,3,5,2.141123,2.1423696,2.140123,2.14831,0.002996310304357594,0.7829691999999999,0.0173102,1.3420902000000001,,,custom:libsad_search_20c37ff249ec0a.so,/home/rzzhang/sad_merged/sad/build/libsad_search_20c37ff249ec0a.so
2026-08-23T05:29:00.706564+00:00,20260823T050257,joint:qaoa:16:308587aa5598f4f6,ok,,qaoa,16,8,float64,42,32,2,128,2,2,0.0,rotation,rotation,3,2,compact:L5R1W0-L5R0W0-L5R0W0,compact:L5R2W1-L5R2W1,,,split,optimized,5,3,5,0.5764570000000001,0.5762866000000001,0.575654,0.5765170000000001,0.0003212516770384432,0.2046844,0.0154426,0.3561596,,,custom:libsad_search_2a0e4369743c84.so,/home/rzzhang/sad_merged/sad/build/libsad_search_2a0e4369743c84.so
2026-08-23T05:29:00.732616+00:00,20260823T050257,joint:qaoa:24:281af2b52f7154bc,ok,,qaoa,24,8,float64,42,128,2,32,2,1,0.0,rotation,rotation,3,4,compact:L5R2W1-L5R2W1-L5R2W1,compact:L5R1W0-L5R1W0-L5R1W0-L5R1W0,,,split,optimized,3,3,3,93.493382,93.49602800000001,93.49113200000001,93.50357000000001,0.0054115276955804285,24.164138333333334,0.609582,68.72230766666667,,,custom:libsad_search_7259903b8346c4.so,/home/rzzhang/sad_merged/sad/build/libsad_search_7259903b8346c4.so
2026-08-23T05:29:01.332770+00:00,20260823T050257,joint:qaoa:22:a967e1e35c801af6,ok,,qaoa,22,8,float64,42,128,2,32,2,1,0.0,rotation,rotation,3,4,compact:L5R2W1-L5R2W0-L5R2W0,compact:L5R1W0-L5R1W0-L5R0W0-L5R0W0,,,split,optimized,3,3,3,21.886916,21.887971000000004,21.883959,21.893038,0.003780813757204544,5.334928,0.14000166666666666,16.413041333333332,,,custom:libsad_search_7259903b8346c4.so,/home/rzzhang/sad_merged/sad/build/libsad_search_7259903b8346c4.so
2026-08-23T05:29:01.488997+00:00,20260823T050257,joint:qaoa:12:ed2ddcbdbca0ce44,ok,,qaoa,12,8,float64,42,32,2,32,2,2,0.5,rotation,rotation,7,7,compact:L2R0W0-L2R0W0-L2R0W0-L2R0W0-L2R0W0-L1R0W0-L1R0W0,compact:L2R0W0-L2R0W0-L2R0W0-L2R0W0-L2R0W0-L1R0W0-L1R0W0,,,merged,optimized,10,3,10,0.5825815000000001,0.5824085,0.581508,0.5827239999999999,0.0004171616593120542,0.25067039999999996,0.01552,0.3162181,,,custom:libsad_search_dcff342f285260.so,/home/rzzhang/sad_merged/sad/build/libsad_search_dcff342f285260.so
2026-08-23T05:29:01.508955+00:00,20260823T050257,joint:qaoa:6:197ab4d5342526b4,ok,,qaoa,6,8,float64,42,128,2,32,2,2,0.5,rotation,rotation,4,4,compact:L2R0W0-L2R0W0-L1R0W0-L1R0W0,compact:L2R0W0-L2R0W0-L1R0W0-L1R0W0,,,split,optimized,20,3,20,0.27842199999999995,0.27812445,0.272267,0.27953600000000006,0.0014013844395810932,0.12259285,0.0151595,0.1403721,,,custom:libsad_search_3b115211f38255.so,/home/rzzhang/sad_merged/sad/build/libsad_search_3b115211f38255.so
2026-08-23T05:29:01.527021+00:00,20260823T050257,joint:qaoa:22:77aed98a3f072f1a,ok,,qaoa,22,8,float64,42,128,2,128,2,1,0.5,rotation,rotation,12,12,compact:L2R0W0-L2R0W0-L2R0W0-L2R0W0-L2R0W0-L2R0W0-L2R0W0-L2R0W0-L2R0W0-L2R0W0-L1R0W0-L1R0W0,compact:L2R0W0-L2R0W0-L2R0W0-L2R0W0-L2R0W0-L2R0W0-L2R0W0-L2R0W0-L2R0W0-L2R0W0-L1R0W0-L1R0W0,,,merged,optimized,3,3,3,37.025676,37.020636999999994,37.008373999999996,37.027860999999994,0.008717011452709004,7.773760333333334,0.14745466666666665,29.099422,,,custom:libsad_search_8fbfac92ec4bef.so,/home/rzzhang/sad_merged/sad/build/libsad_search_8fbfac92ec4bef.so
2026-08-23T05:29:01.774359+00:00,20260823T050257,joint:qaoa:14:99cfe242d2130acb,ok,,qaoa,14,8,float64,42,128,2,128,2,2,0.0,rotation,rotation,2,2,compact:L5R2W0-L5R2W0,compact:L5R2W0-L5R2W0,,,merged,optimized,10,3,10,0.4761059999999999,0.47581169999999995,0.4749999999999999,0.476177,0.0004945674979211678,0.14603080000000002,0.015407400000000002,0.31437350000000003,,,custom:libsad_search_b969ada61d8a74.so,/home/rzzhang/sad_merged/sad/build/libsad_search_b969ada61d8a74.so
2026-08-23T05:29:01.792693+00:00,20260823T050257,joint:qaoa:8:01fefa6d4ec446f4,ok,,qaoa,8,8,float64,42,128,2,32,2,1,0.75,rotation,rotation,6,6,compact:L2R0W0-L2R0W0-L1R0W0-L1R0W0-L1R0W0-L1R0W0,compact:L2R0W0-L2R0W0-L1R0W0-L1R0W0-L1R0W0-L1R0W0,,,merged,optimized,20,3,20,0.459236,0.4612261,0.457717,0.46592,0.0032927384029102502,0.2144254,0.0154334,0.2313673,,,custom:libsad_search_5851e15f736f52.so,/home/rzzhang/sad_merged/sad/build/libsad_search_5851e15f736f52.so
2026-08-23T05:29:01.815180+00:00,20260823T050257,joint:qaoa:16:864729f934488cb4,ok,,qaoa,16,8,float64,42,128,2,32,2,2,0.0,rotation,rotation,2,3,compact:L5R2W1-L5R2W1,compact:L5R1W0-L5R0W0-L5R0W0,,,split,optimized,5,3,5,0.5734130000000001,0.5712992,0.566214,0.574478,0.003485276654729157,0.17129260000000002,0.015596199999999998,0.3844104,,,custom:libsad_search_3b115211f38255.so,/home/rzzhang/sad_merged/sad/build/libsad_search_3b115211f38255.so
2026-08-23T05:29:01.831687+00:00,20260823T050257,joint:qaoa:10:3d8d4b0b76548d7f,ok,,qaoa,10,8,float64,42,128,2,32,2,1,1.0,rotation,rotation,10,10,compact:L1R0W0-L1R0W0-L1R0W0-L1R0W0-L1R0W0-L1R0W0-L1R0W0-L1R0W0-L1R0W0-L1R0W0,compact:L1R0W0-L1R0W0-L1R0W0-L1R0W0-L1R0W0-L1R0W0-L1R0W0-L1R0W0-L1R0W0-L1R0W0,,,split,optimized,10,3,10,0.7822795,0.7821988,0.7812069999999999,0.783428,0.0005932803384573123,0.3826613,0.015545699999999999,0.3839918,,,custom:libsad_search_7259903b8346c4.so,/home/rzzhang/sad_merged/sad/build/libsad_search_7259903b8346c4.so
2026-08-23T05:29:01.853641+00:00,20260823T050257,joint:qaoa:28:987adbaf99426d69,ok,,qaoa,28,8,float64,42,64,2,64,2,1,0.25,rotation,rotation,10,10,compact:L3R0W0-L3R0W0-L3R0W0-L3R0W0-L3R0W0-L3R0W0-L3R0W0-L3R0W0-L2R0W0-L2R0W0,compact:L3R0W0-L3R0W0-L3R0W0-L3R0W0-L3R0W0-L3R0W0-L3R0W0-L3R0W0-L2R0W0-L2R0W0,,,split,optimized,2,3,2,2307.0112069999996,2307.0112069999996,2306.8786389999996,2307.143775,0.1325680000002194,755.9859289999999,9.983858,1541.04142,,,custom:libsad_search_7ec063ebc99501.so,/home/rzzhang/sad_merged/sad/build/libsad_search_7ec063ebc99501.so
2026-08-23T05:29:13.422246+00:00,20260823T050257,joint:qaoa:24:0ef34b16adb430dd,ok,,qaoa,24,8,float64,42,64,2,64,2,2,0.0,rotation,rotation,3,3,compact:L5R2W1-L5R2W1-L5R2W1,compact:L5R2W1-L5R2W1-L5R2W1,,,split,optimized,3,3,3,95.687825,95.69358633333333,95.680625,95.71230899999999,0.013561309802352029,23.793655,0.6175296666666666,71.28240166666667,,,custom:libsad_search_20c37ff249ec0a.so,/home/rzzhang/sad_merged/sad/build/libsad_search_20c37ff249ec0a.so
2026-08-23T05:29:14.035918+00:00,20260823T050257,joint:qaoa:22:4cdc1328a382a998,ok,,qaoa,22,8,float64,42,64,2,64,2,2,0.75,rotation,rotation,17,17,compact:L2R0W0-L2R0W0-L2R0W0-L2R0W0-L2R0W0-L1R0W0-L1R0W0-L1R0W0-L1R0W0-L1R0W0-L1R0W0-L1R0W0-L1R0W0-L1R0W0-L1R0W0-L1R0W0-L1R0W0,compact:L2R0W0-L2R0W0-L2R0W0-L2R0W0-L2R0W0-L1R0W0-L1R0W0-L1R0W0-L1R0W0-L1R0W0-L1R0W0-L1R0W0-L1R0W0-L1R0W0-L1R0W0-L1R0W0-L1R0W0,,,merged,optimized,3,3,3,51.048525999999995,51.03515566666666,51.005409,51.051531999999995,0.02106983851121751,10.373521666666667,0.14961133333333335,40.51202266666667,,,custom:libsad_search_97eec9f2a848ec.so,/home/rzzhang/sad_merged/sad/build/libsad_search_97eec9f2a848ec.so
2026-08-23T05:29:14.367300+00:00,20260823T050257,joint:qaoa:10:016d65eb252cc9c5,ok,,qaoa,10,8,float64,42,32,2,32,2,1,0.0,rotation,rotation,2,2,compact:L5R0W0-L5R0W0,compact:L5R0W0-L5R0W0,,,split,optimized,10,3,10,0.24476050000000002,0.2452171,0.24463299999999996,0.24670000000000003,0.0006901312121618713,0.0872894,0.015202,0.14272569999999998,,,custom:libsad_search_3cb67c7e18cc99.so,/home/rzzhang/sad_merged/sad/build/libsad_search_3cb67c7e18cc99.so
2026-08-23T05:29:14.382774+00:00,20260823T050257,joint:qaoa:12:8a654723a45e7647,ok,,qaoa,12,8,float64,42,128,2,32,2,2,1.0,rotation,rotation,12,12,compact:L1R0W0-L1R0W0-L1R0W0-L1R0W0-L1R0W0-L1R0W0-L1R0W0-L1R0W0-L1R0W0-L1R0W0-L1R0W0-L1R0W0,compact:L1R0W0-L1R0W0-L1R0W0-L1R0W0-L1R0W0-L1R0W0-L1R0W0-L1R0W0-L1R0W0-L1R0W0-L1R0W0-L1R0W0,,,split,optimized,10,3,10,0.947354,0.9484705,0.945093,0.9542579999999999,0.002999333267577957,0.47495350000000003,0.0153592,0.4581578,,,custom:libsad_search_3b115211f38255.so,/home/rzzhang/sad_merged/sad/build/libsad_search_3b115211f38255.so
2026-08-23T05:29:14.406799+00:00,20260823T050257,joint:qaoa:8:1072384c691d107b,ok,,qaoa,8,8,float64,42,128,2,32,2,1,1.0,rotation,rotation,8,8,compact:L1R0W0-L1R0W0-L1R0W0-L1R0W0-L1R0W0-L1R0W0-L1R0W0-L1R0W0,compact:L1R0W0-L1R0W0-L1R0W0-L1R0W0-L1R0W0-L1R0W0-L1R0W0-L1R0W0,,,split,optimized,20,3,20,0.5478080000000001,0.54790385,0.5467099999999999,0.549821,0.0007208537490365297,0.25968789999999997,0.01539005,0.2728259,,,custom:libsad_search_7259903b8346c4.so,/home/rzzhang/sad_merged/sad/build/libsad_search_7259903b8346c4.so
2026-08-23T05:29:14.431177+00:00,20260823T050257,joint:qaoa:18:fdd78fdc4f6e9332,ok,,qaoa,18,8,float64,42,32,2,32,2,2,0.0,rotation,rotation,3,3,compact:L5R1W0-L5R1W0-L5R1W0,compact:L5R1W0-L5R1W0-L5R1W0,,,merged,optimized,5,3,5,1.567656,1.5673064,1.5665930000000001,1.567813,0.0005151188600701565,0.46058360000000004,0.015176400000000001,1.0915464,,,custom:libsad_search_dcff342f285260.so,/home/rzzhang/sad_merged/sad/build/libsad_search_dcff342f285260.so
2026-08-23T05:29:14.456004+00:00,20260823T050257,joint:qaoa:6:bb73d9fb7dffddee,ok,,qaoa,6,8,float64,42,64,2,64,2,2,0.0,rotation,rotation,1,1,compact:L5R1W0,compact:L5R1W0,,,merged,optimized,20,3,20,0.14333249999999997,0.14353225,0.143189,0.144389,0.0004071278515405187,0.041128649999999996,0.01524535,0.08715824999999999,,,custom:libsad_search_97eec9f2a848ec.so,/home/rzzhang/sad_merged/sad/build/libsad_search_97eec9f2a848ec.so
2026-08-23T05:29:14.470992+00:00,20260823T050257,joint:qaoa:16:3cccb85c8069e128,ok,,qaoa,16,8,float64,42,128,2,128,2,1,0.5,rotation,rotation,9,9,compact:L2R0W0-L2R0W0-L2R0W0-L2R0W0-L2R0W0-L2R0W0-L2R0W0-L1R0W0-L1R0W0,compact:L2R0W0-L2R0W0-L2R0W0-L2R0W0-L2R0W0-L2R0W0-L2R0W0-L1R0W0-L1R0W0,,,split,optimized,5,3,5,1.129421,1.1292389999999999,1.128493,1.1294849999999999,0.0003753441087855165,0.4646016,0.015634,0.6490034,,,custom:libsad_search_9361435758c99d.so,/home/rzzhang/sad_merged/sad/build/libsad_search_9361435758c99d.so
2026-08-23T05:29:14.492125+00:00,20260823T050257,joint:qaoa:20:696e6c8583f7f31c,ok,,qaoa,20,8,float64,42,128,2,32,2,2,0.25,rotation,rotation,7,7,compact:L3R0W0-L3R0W0-L3R0W0-L3R0W0-L3R0W0-L3R0W0-L2R0W0,compact:L3R0W0-L3R0W0-L3R0W0-L3R0W0-L3R0W0-L3R0W0-L2R0W0,,,split,optimized,5,3,5,5.693412,5.6940066,5.692323,5.696437,0.0016523678282997414,1.6601114000000001,0.0398608,3.9940344000000008,,,custom:libsad_search_3b115211f38255.so,/home/rzzhang/sad_merged/sad/build/libsad_search_3b115211f38255.so
2026-08-23T05:29:14.550418+00:00,20260823T050257,joint:qaoa:28:4e83d45604f0bad7,ok,,qaoa,28,8,float64,42,128,2,128,2,1,0.5,rotation,rotation,16,16,compact:L2R0W0-L2R0W0-L2R0W0-L2R0W0-L2R0W0-L2R0W0-L2R0W0-L2R0W0-L2R0W0-L2R0W0-L2R0W0-L2R0W0-L1R0W0-L1R0W0-L1R0W0-L1R0W0,compact:L2R0W0-L2R0W0-L2R0W0-L2R0W0-L2R0W0-L2R0W0-L2R0W0-L2R0W0-L2R0W0-L2R0W0-L2R0W0-L2R0W0-L1R0W0-L1R0W0-L1R0W0-L1R0W0,,,merged,optimized,2,3,2,3629.4503704999997,3629.4503704999997,3629.331598,3629.5691429999997,0.11877249999974993,1206.7709625,9.993074000000002,2412.686334,,,custom:libsad_search_8fbfac92ec4bef.so,/home/rzzhang/sad_merged/sad/build/libsad_search_8fbfac92ec4bef.so
2026-08-23T05:29:32.726451+00:00,20260823T050257,joint:qaoa:26:1b80484e7fa27056,ok,,qaoa,26,8,float64,42,64,2,64,2,2,0.75,rotation,rotation,20,20,compact:L2R0W0-L2R0W0-L2R0W0-L2R0W0-L2R0W0-L2R0W0-L1R0W0-L1R0W0-L1R0W0-L1R0W0-L1R0W0-L1R0W0-L1R0W0-L1R0W0-L1R0W0-L1R0W0-L1R0W0-L1R0W0-L1R0W0-L1R0W0,compact:L2R0W0-L2R0W0-L2R0W0-L2R0W0-L2R0W0-L2R0W0-L1R0W0-L1R0W0-L1R0W0-L1R0W0-L1R0W0-L1R0W0-L1R0W0-L1R0W0-L1R0W0-L1R0W0-L1R0W0-L1R0W0-L1R0W0-L1R0W0,,,merged,optimized,2,3,2,1135.3013,1135.3013,1135.2454870000001,1135.357113,0.05581299999994371,377.62666450000006,2.512848,755.1617875000001,,,custom:libsad_search_97eec9f2a848ec.so,/home/rzzhang/sad_merged/sad/build/libsad_search_97eec9f2a848ec.so
2026-08-23T05:29:38.468365+00:00,20260823T050257,joint:qaoa:16:27301d9b77122603,ok,,qaoa,16,8,float64,42,128,2,128,2,2,0.5,rotation,rotation,9,9,compact:L2R0W0-L2R0W0-L2R0W0-L2R0W0-L2R0W0-L2R0W0-L2R0W0-L1R0W0-L1R0W0,compact:L2R0W0-L2R0W0-L2R0W0-L2R0W0-L2R0W0-L2R0W0-L2R0W0-L1R0W0-L1R0W0,,,merged,optimized,5,3,5,1.124365,1.1245166000000002,1.1232410000000002,1.125407,0.0007904018218602008,0.4620398,0.015526599999999998,0.6469502,,,custom:libsad_search_b969ada61d8a74.so,/home/rzzhang/sad_merged/sad/build/libsad_search_b969ada61d8a74.so
2026-08-23T05:29:38.499105+00:00,20260823T050257,joint:qaoa:20:0c32c84ce365c8dd,ok,,qaoa,20,8,float64,42,32,2,128,2,1,1.0,rotation,rotation,20,20,compact:L1R0W0-L1R0W0-L1R0W0-L1R0W0-L1R0W0-L1R0W0-L1R0W0-L1R0W0-L1R0W0-L1R0W0-L1R0W0-L1R0W0-L1R0W0-L1R0W0-L1R0W0-L1R0W0-L1R0W0-L1R0W0-L1R0W0-L1R0W0,compact:L1R0W0-L1R0W0-L1R0W0-L1R0W0-L1R0W0-L1R0W0-L1R0W0-L1R0W0-L1R0W0-L1R0W0-L1R0W0-L1R0W0-L1R0W0-L1R0W0-L1R0W0-L1R0W0-L1R0W0-L1R0W0-L1R0W0-L1R0W0,,,split,optimized,5,3,5,8.558519,8.5577396,8.554262999999999,8.559700999999999,0.001870952441939866,3.2357216,0.040197399999999994,5.2818206,,,custom:libsad_search_0e4f539ceca897.so,/home/rzzhang/sad_merged/sad/build/libsad_search_0e4f539ceca897.so
2026-08-23T05:29:38.586665+00:00,20260823T050257,joint:qaoa:12:086cd262f70257ee,ok,,qaoa,12,8,float64,42,64,2,64,2,1,0.0,rotation,rotation,2,2,compact:L5R1W0-L5R1W0,compact:L5R1W0-L5R1W0,,,split,optimized,10,3,10,0.2984755,0.2984595,0.297807,0.299072,0.0005509074786205046,0.0991779,0.015530600000000004,0.183751,,,custom:libsad_search_7ec063ebc99501.so,/home/rzzhang/sad_merged/sad/build/libsad_search_7ec063ebc99501.so
2026-08-23T05:29:38.603009+00:00,20260823T050257,joint:qaoa:10:fbc105a05263b867,ok,,qaoa,10,8,float64,42,128,2,128,2,1,1.0,rotation,rotation,10,10,compact:L1R0W0-L1R0W0-L1R0W0-L1R0W0-L1R0W0-L1R0W0-L1R0W0-L1R0W0-L1R0W0-L1R0W0,compact:L1R0W0-L1R0W0-L1R0W0-L1R0W0-L1R0W0-L1R0W0-L1R0W0-L1R0W0-L1R0W0-L1R0W0,,,split,optimized,10,3,10,0.840703,0.8409573,0.839616,0.8417310000000001,0.0006352283132858757,0.3660565,0.0153326,0.4595682,,,custom:libsad_search_9361435758c99d.so,/home/rzzhang/sad_merged/sad/build/libsad_search_9361435758c99d.so
2026-08-23T05:29:38.626141+00:00,20260823T050257,joint:qaoa:24:2c06621a769c4040,ok,,qaoa,24,8,float64,42,128,2,32,2,1,0.5,rotation,rotation,14,14,compact:L2R0W0-L2R0W0-L2R0W0-L2R0W0-L2R0W0-L2R0W0-L2R0W0-L2R0W0-L2R0W0-L2R0W0-L1R0W0-L1R0W0-L1R0W0-L1R0W0,compact:L2R0W0-L2R0W0-L2R0W0-L2R0W0-L2R0W0-L2R0W0-L2R0W0-L2R0W0-L2R0W0-L2R0W0-L1R0W0-L1R0W0-L1R0W0-L1R0W0,,,split,optimized,3,3,3,200.278869,200.28745866666668,200.230593,200.352914,0.05030535783481655,66.70944466666666,0.6453666666666668,132.93264733333334,,,custom:libsad_search_7259903b8346c4.so,/home/rzzhang/sad_merged/sad/build/libsad_search_7259903b8346c4.so
2026-08-23T05:29:39.855243+00:00,20260823T050257,joint:qaoa:16:95946c9c95722124,ok,,qaoa,16,8,float64,42,128,2,128,2,1,1.0,rotation,rotation,16,16,compact:L1R0W0-L1R0W0-L1R0W0-L1R0W0-L1R0W0-L1R0W0-L1R0W0-L1R0W0-L1R0W0-L1R0W0-L1R0W0-L1R0W0-L1R0W0-L1R0W0-L1R0W0-L1R0W0,compact:L1R0W0-L1R0W0-L1R0W0-L1R0W0-L1R0W0-L1R0W0-L1R0W0-L1R0W0-L1R0W0-L1R0W0-L1R0W0-L1R0W0-L1R0W0-L1R0W0-L1R0W0-L1R0W0,,,merged,optimized,5,3,5,1.748952,1.7491391999999997,1.7459349999999998,1.751029,0.0018575321693042545,0.7708828,0.015298599999999999,0.9629578,,,custom:libsad_search_8fbfac92ec4bef.so,/home/rzzhang/sad_merged/sad/build/libsad_search_8fbfac92ec4bef.so
2026-08-23T05:29:39.882037+00:00,20260823T050257,joint:qaoa:24:02902b813e97f33f,ok,,qaoa,24,8,float64,42,128,2,32,2,2,0.5,rotation,rotation,14,14,compact:L2R0W0-L2R0W0-L2R0W0-L2R0W0-L2R0W0-L2R0W0-L2R0W0-L2R0W0-L2R0W0-L2R0W0-L1R0W0-L1R0W0-L1R0W0-L1R0W0,compact:L2R0W0-L2R0W0-L2R0W0-L2R0W0-L2R0W0-L2R0W0-L2R0W0-L2R0W0-L2R0W0-L2R0W0-L1R0W0-L1R0W0-L1R0W0-L1R0W0,,,split,optimized,3,3,3,200.29883900000002,200.32127566666668,200.272051,200.392937,0.05183891239427507,66.77333566666667,0.645424,132.902516,,,custom:libsad_search_3b115211f38255.so,/home/rzzhang/sad_merged/sad/build/libsad_search_3b115211f38255.so
2026-08-23T05:29:41.110956+00:00,20260823T050257,joint:qaoa:22:488c04fa5d3419ff,ok,,qaoa,22,8,float64,42,32,2,128,2,2,0.5,rotation,rotation,13,12,compact:L2R0W0-L2R0W0-L2R0W0-L2R0W0-L2R0W0-L2R0W0-L2R0W0-L2R0W0-L2R0W0-L1R0W0-L1R0W0-L1R0W0-L1R0W0,compact:L2R0W0-L2R0W0-L2R0W0-L2R0W0-L2R0W0-L2R0W0-L2R0W0-L2R0W0-L2R0W0-L2R0W0-L1R0W0-L1R0W0,,,merged,optimized,3,3,3,36.933714,36.929962999999994,36.92049,36.93568499999999,0.006746579726051547,8.059063666666667,0.14296966666666666,28.727929666666665,,,custom:libsad_search_fce412939d20fb.so,/home/rzzhang/sad_merged/sad/build/libsad_search_fce412939d20fb.so
2026-08-23T05:29:41.358902+00:00,20260823T050257,joint:qaoa:18:e6f6517437158469,ok,,qaoa,18,8,float64,42,32,2,32,2,1,0.0,rotation,rotation,3,3,compact:L5R1W0-L5R1W0-L5R1W0,compact:L5R1W0-L5R1W0-L5R1W0,,,split,optimized,5,3,5,1.567583,1.5673173999999999,1.566783,1.5678249999999998,0.000441639038129526,0.4603622,0.0153358,1.0916194,,,custom:libsad_search_3cb67c7e18cc99.so,/home/rzzhang/sad_merged/sad/build/libsad_search_3cb67c7e18cc99.so
2026-08-23T05:29:41.384610+00:00,20260823T050257,joint:qaoa:16:2976e2c7d82726b4,ok,,qaoa,16,8,float64,42,32,2,128,2,1,0.75,rotation,rotation,13,12,compact:L2R0W0-L2R0W0-L2R0W0-L1R0W0-L1R0W0-L1R0W0-L1R0W0-L1R0W0-L1R0W0-L1R0W0-L1R0W0-L1R0W0-L1R0W0,compact:L2R0W0-L2R0W0-L2R0W0-L2R0W0-L1R0W0-L1R0W0-L1R0W0-L1R0W0-L1R0W0-L1R0W0-L1R0W0-L1R0W0,,,split,optimized,5,3,5,1.374094,1.3741276,1.373068,1.375991,0.0010411636951027717,0.5761594000000001,0.0153976,0.7825706,,,custom:libsad_search_0e4f539ceca897.so,/home/rzzhang/sad_merged/sad/build/libsad_search_0e4f539ceca897.so
2026-08-23T05:29:41.407915+00:00,20260823T050257,joint:qaoa:14:de5dd25e4f1c6dfa,ok,,qaoa,14,8,float64,42,64,2,64,2,2,0.25,rotation,rotation,5,5,compact:L3R0W0-L3R0W0-L3R0W0-L3R0W0-L2R0W0,compact:L3R0W0-L3R0W0-L3R0W0-L3R0W0-L2R0W0,,,merged,optimized,10,3,10,0.5497795000000001,0.5491487,0.5432189999999999,0.550746,0.0020248336252640933,0.2161985,0.015296699999999998,0.3176535,,,custom:libsad_search_97eec9f2a848ec.so,/home/rzzhang/sad_merged/sad/build/libsad_search_97eec9f2a848ec.so
2026-08-23T05:29:41.427388+00:00,20260823T050257,joint:qaoa:18:101f8c6b645ca8d8,ok,,qaoa,18,8,float64,42,128,2,32,2,2,0.5,rotation,rotation,10,10,compact:L2R0W0-L2R0W0-L2R0W0-L2R0W0-L2R0W0-L2R0W0-L2R0W0-L2R0W0-L1R0W0-L1R0W0,compact:L2R0W0-L2R0W0-L2R0W0-L2R0W0-L2R0W0-L2R0W0-L2R0W0-L2R0W0-L1R0W0-L1R0W0,,,merged,optimized,5,3,5,2.141112,2.1413456,2.140079,2.143214,0.0010220423865965193,0.8149639999999999,0.0156348,1.3107468,,,custom:libsad_search_d014591f51543a.so,/home/rzzhang/sad_merged/sad/build/libsad_search_d014591f51543a.so
2026-08-23T05:29:41.457349+00:00,20260823T050257,joint:qaoa:14:314aa5adf79c479e,ok,,qaoa,14,8,float64,42,32,2,32,2,2,0.25,rotation,rotation,5,5,compact:L3R0W0-L3R0W0-L3R0W0-L3R0W0-L2R0W0,compact:L3R0W0-L3R0W0-L3R0W0-L3R0W0-L2R0W0,,,split,optimized,10,3,10,0.505967,0.5061292,0.504914,0.506904,0.0006207185835787593,0.205286,0.0154058,0.28543739999999995,,,custom:libsad_search_16d9d6cef53b3d.so,/home/rzzhang/sad_merged/sad/build/libsad_search_16d9d6cef53b3d.so
2026-08-23T05:29:41.476776+00:00,20260823T050257,joint:qaoa:28:94ab548d97146ca5,ok,,qaoa,28,8,float64,42,128,2,32,2,2,0.75,rotation,rotation,22,22,compact:L2R0W0-L2R0W0-L2R0W0-L2R0W0-L2R0W0-L2R0W0-L1R0W0-L1R0W0-L1R0W0-L1R0W0-L1R0W0-L1R0W0-L1R0W0-L1R0W0-L1R0W0-L1R0W0-L1R0W0-L1R0W0-L1R0W0-L1R0W0-L1R0W0-L1R0W0,compact:L2R0W0-L2R0W0-L2R0W0-L2R0W0-L2R0W0-L2R0W0-L1R0W0-L1R0W0-L1R0W0-L1R0W0-L1R0W0-L1R0W0-L1R0W0-L1R0W0-L1R0W0-L1R0W0-L1R0W0-L1R0W0-L1R0W0-L1R0W0-L1R0W0-L1R0W0,,,merged,optimized,2,3,2,4980.387468999999,4980.387468999999,4979.1653289999995,4981.609608999999,1.222139999999854,1655.8218249999998,9.9783705,3314.5872735,,,custom:libsad_search_d014591f51543a.so,/home/rzzhang/sad_merged/sad/build/libsad_search_d014591f51543a.so
2026-08-23T05:30:06.416103+00:00,20260823T050257,joint:qaoa:20:c2e5bda4c4365ca0,ok,,qaoa,20,8,float64,42,128,2,128,2,2,0.5,rotation,rotation,12,12,compact:L2R0W0-L2R0W0-L2R0W0-L2R0W0-L2R0W0-L2R0W0-L2R0W0-L2R0W0-L1R0W0-L1R0W0-L1R0W0-L1R0W0,compact:L2R0W0-L2R0W0-L2R0W0-L2R0W0-L2R0W0-L2R0W0-L2R0W0-L2R0W0-L1R0W0-L1R0W0-L1R0W0-L1R0W0,,,split,optimized,5,3,5,6.728753,6.729271,6.727511000000001,6.731753,0.0017232425250090135,2.1465636,0.0404388,4.542268600000001,,,custom:libsad_search_d02bea87aa5c56.so,/home/rzzhang/sad_merged/sad/build/libsad_search_d02bea87aa5c56.so
2026-08-23T05:30:06.497917+00:00,20260823T050257,joint:qaoa:24:f15d0dd666bede54,ok,,qaoa,24,8,float64,42,128,2,32,2,2,0.75,rotation,rotation,19,19,compact:L2R0W0-L2R0W0-L2R0W0-L2R0W0-L2R0W0-L1R0W0-L1R0W0-L1R0W0-L1R0W0-L1R0W0-L1R0W0-L1R0W0-L1R0W0-L1R0W0-L1R0W0-L1R0W0-L1R0W0-L1R0W0-L1R0W0,compact:L2R0W0-L2R0W0-L2R0W0-L2R0W0-L2R0W0-L1R0W0-L1R0W0-L1R0W0-L1R0W0-L1R0W0-L1R0W0-L1R0W0-L1R0W0-L1R0W0-L1R0W0-L1R0W0-L1R0W0-L1R0W0-L1R0W0,,,merged,optimized,3,3,3,270.82201,270.818874,270.66880100000003,270.965811,0.12127409972727486,90.39241766666667,0.6432436666666667,179.78321266666666,,,custom:libsad_search_d014591f51543a.so,/home/rzzhang/sad_merged/sad/build/libsad_search_d014591f51543a.so
2026-08-23T05:30:08.163564+00:00,20260823T050257,joint:qaoa:4:7847e813af620e7d,ok,,qaoa,4,8,float64,42,128,2,128,2,1,0.25,rotation,rotation,2,2,compact:L2R0W0-L2R0W0,compact:L2R0W0-L2R0W0,,,split,optimized,20,3,20,0.1883785,0.18826355,0.183376,0.189478,0.0015542033481819525,0.06280245000000001,0.015096399999999998,0.1103647,,,custom:libsad_search_9361435758c99d.so,/home/rzzhang/sad_merged/sad/build/libsad_search_9361435758c99d.so
2026-08-23T05:30:08.180948+00:00,20260823T050257,joint:qaoa:8:24a24d2359ea0ff7,ok,,qaoa,8,8,float64,42,128,2,128,2,2,0.5,rotation,rotation,4,4,compact:L2R0W0-L2R0W0-L2R0W0-L2R0W0,compact:L2R0W0-L2R0W0-L2R0W0-L2R0W0,,,merged,optimized,20,3,20,0.392026,0.3916961,0.390149,0.393228,0.0006641492979744824,0.1470259,0.0151781,0.2294921,,,custom:libsad_search_b969ada61d8a74.so,/home/rzzhang/sad_merged/sad/build/libsad_search_b969ada61d8a74.so
2026-08-23T05:30:08.202568+00:00,20260823T050257,joint:qaoa:6:3a05a9302320be08,ok,,qaoa,6,8,float64,42,128,2,32,2,1,0.5,rotation,rotation,4,4,compact:L2R0W0-L2R0W0-L1R0W0-L1R0W0,compact:L2R0W0-L2R0W0-L1R0W0-L1R0W0,,,split,optimized,20,3,20,0.2783945,0.27807955,0.27648799999999996,0.28065700000000005,0.0008796655884482517,0.12253525000000001,0.015412800000000003,0.1401315,,,custom:libsad_search_7259903b8346c4.so,/home/rzzhang/sad_merged/sad/build/libsad_search_7259903b8346c4.so
2026-08-23T05:30:08.221378+00:00,20260823T050257,joint:qaoa:14:0c65d3504b5b3cd5,ok,,qaoa,14,8,float64,42,32,2,128,2,1,0.25,rotation,rotation,5,5,compact:L3R0W0-L3R0W0-L3R0W0-L3R0W0-L2R0W0,compact:L3R0W0-L3R0W0-L3R0W0-L3R0W0-L2R0W0,,,split,optimized,10,3,10,0.6378729999999999,0.6377002999999999,0.6369229999999999,0.6379779999999999,0.00038501949301302353,0.2053155,0.0156265,0.41675829999999997,,,custom:libsad_search_0e4f539ceca897.so,/home/rzzhang/sad_merged/sad/build/libsad_search_0e4f539ceca897.so
2026-08-23T05:30:08.242017+00:00,20260823T050257,joint:qaoa:10:5b6f0db3cddbbfbb,ok,,qaoa,10,8,float64,42,32,2,128,2,2,1.0,rotation,rotation,10,10,compact:L1R0W0-L1R0W0-L1R0W0-L1R0W0-L1R0W0-L1R0W0-L1R0W0-L1R0W0-L1R0W0-L1R0W0,compact:L1R0W0-L1R0W0-L1R0W0-L1R0W0-L1R0W0-L1R0W0-L1R0W0-L1R0W0-L1R0W0-L1R0W0,,,split,optimized,10,3,10,0.7853715000000001,0.7858802,0.7844530000000001,0.7874189999999999,0.0009450557443875608,0.31215190000000004,0.015579800000000003,0.45814849999999996,,,custom:libsad_search_2a0e4369743c84.so,/home/rzzhang/sad_merged/sad/build/libsad_search_2a0e4369743c84.so
2026-08-23T05:30:08.264739+00:00,20260823T050257,joint:qaoa:22:15552686e68e9f3c,ok,,qaoa,22,8,float64,42,64,2,64,2,1,0.5,rotation,rotation,12,12,compact:L2R0W0-L2R0W0-L2R0W0-L2R0W0-L2R0W0-L2R0W0-L2R0W0-L2R0W0-L2R0W0-L2R0W0-L1R0W0-L1R0W0,compact:L2R0W0-L2R0W0-L2R0W0-L2R0W0-L2R0W0-L2R0W0-L2R0W0-L2R0W0-L2R0W0-L2R0W0-L1R0W0-L1R0W0,,,split,optimized,3,3,3,36.827228,36.83267266666667,36.818036,36.852754000000004,0.01468714125425011,7.699376,0.148179,28.985117666666667,,,custom:libsad_search_7ec063ebc99501.so,/home/rzzhang/sad_merged/sad/build/libsad_search_7ec063ebc99501.so
2026-08-23T05:30:08.511298+00:00,20260823T050257,joint:qaoa:12:f26b1849e749a66c,ok,,qaoa,12,8,float64,42,32,2,128,2,1,0.0,legacy,legacy,0,0,,,,,not_applicable,legacy-generic,10,3,10,0.392069,0.3918392,0.391082,0.392318,0.00046480034423396134,0.10328799999999999,0.0153312,0.27321999999999996,,,custom:libsad_search_ada51c8f4b2976.so,/home/rzzhang/sad_merged/sad/build/libsad_search_ada51c8f4b2976.so
2026-08-23T05:30:08.528943+00:00,20260823T050257,joint:qaoa:14:ce328170b4a3d7c9,ok,,qaoa,14,8,float64,42,128,2,32,2,2,0.75,rotation,rotation,11,11,compact:L2R0W0-L2R0W0-L2R0W0-L1R0W0-L1R0W0-L1R0W0-L1R0W0-L1R0W0-L1R0W0-L1R0W0-L1R0W0,compact:L2R0W0-L2R0W0-L2R0W0-L1R0W0-L1R0W0-L1R0W0-L1R0W0-L1R0W0-L1R0W0-L1R0W0-L1R0W0,,,split,optimized,10,3,10,0.9978835000000001,0.9979611,0.997274,0.9993150000000002,0.0006571683878581275,0.49258620000000003,0.0154505,0.4899244,,,custom:libsad_search_3b115211f38255.so,/home/rzzhang/sad_merged/sad/build/libsad_search_3b115211f38255.so
2026-08-23T05:30:08.554433+00:00,20260823T050257,joint:qaoa:12:4183b02923dc0a1b,ok,,qaoa,12,8,float64,42,64,2,64,2,2,0.25,rotation,rotation,4,4,compact:L3R0W0-L3R0W0-L3R0W0-L3R0W0,compact:L3R0W0-L3R0W0-L3R0W0-L3R0W0,,,merged,optimized,10,3,10,0.43668900000000005,0.4369999,0.43610299999999996,0.43926800000000005,0.0010230655355352536,0.16738070000000002,0.0152547,0.2543645,,,custom:libsad_search_97eec9f2a848ec.so,/home/rzzhang/sad_merged/sad/build/libsad_search_97eec9f2a848ec.so
2026-08-23T05:30:08.572542+00:00,20260823T050257,joint:qaoa:10:d4f9825c00bec6e6,ok,,qaoa,10,8,float64,42,32,2,32,2,2,0.25,rotation,rotation,4,4,compact:L3R0W0-L3R0W0-L2R0W0-L2R0W0,compact:L3R0W0-L3R0W0-L2R0W0-L2R0W0,,,merged,optimized,10,3,10,0.36657700000000004,0.3666642,0.36627899999999997,0.36769999999999997,0.00036531049806978733,0.145117,0.0156046,0.2059426,,,custom:libsad_search_dcff342f285260.so,/home/rzzhang/sad_merged/sad/build/libsad_search_dcff342f285260.so
2026-08-23T05:30:08.589757+00:00,20260823T050257,joint:qaoa:18:be5fe6e146f5c686,ok,,qaoa,18,8,float64,42,32,2,128,2,2,0.5,rotation,rotation,10,10,compact:L2R0W0-L2R0W0-L2R0W0-L2R0W0-L2R0W0-L2R0W0-L2R0W0-L2R0W0-L1R0W0-L1R0W0,compact:L2R0W0-L2R0W0-L2R0W0-L2R0W0-L2R0W0-L2R0W0-L2R0W0-L2R0W0-L1R0W0-L1R0W0,,,merged,optimized,5,3,5,2.189194,2.18969,2.188221,2.1923630000000003,0.001544641447067897,0.7826622,0.015526599999999998,1.3915012000000002,,,custom:libsad_search_fce412939d20fb.so,/home/rzzhang/sad_merged/sad/build/libsad_search_fce412939d20fb.so
2026-08-23T05:30:08.620117+00:00,20260823T050257,joint:qaoa:18:a846bee7ff06529d,ok,,qaoa,18,8,float64,42,32,2,32,2,2,0.5,rotation,rotation,10,10,compact:L2R0W0-L2R0W0-L2R0W0-L2R0W0-L2R0W0-L2R0W0-L2R0W0-L2R0W0-L1R0W0-L1R0W0,compact:L2R0W0-L2R0W0-L2R0W0-L2R0W0-L2R0W0-L2R0W0-L2R0W0-L2R0W0-L1R0W0-L1R0W0,,,split,optimized,5,3,5,2.123747,2.123743,2.122741,2.124777,0.0006451024724801349,0.7823481999999999,0.015651599999999998,1.3257432,,,custom:libsad_search_16d9d6cef53b3d.so,/home/rzzhang/sad_merged/sad/build/libsad_search_16d9d6cef53b3d.so
2026-08-23T05:30:08.649973+00:00,20260823T050257,joint:qaoa:10:e04ab6e7f8e1b06c,ok,,qaoa,10,8,float64,42,64,2,64,2,2,1.0,rotation,rotation,10,10,compact:L1R0W0-L1R0W0-L1R0W0-L1R0W0-L1R0W0-L1R0W0-L1R0W0-L1R0W0-L1R0W0-L1R0W0,compact:L1R0W0-L1R0W0-L1R0W0-L1R0W0-L1R0W0-L1R0W0-L1R0W0-L1R0W0-L1R0W0-L1R0W0,,,merged,optimized,10,3,10,0.7300865,0.7300701,0.7260179999999999,0.7312240000000001,0.0014478171466038453,0.3229164,0.0151509,0.3920028,,,custom:libsad_search_97eec9f2a848ec.so,/home/rzzhang/sad_merged/sad/build/libsad_search_97eec9f2a848ec.so
2026-08-23T05:30:08.671810+00:00,20260823T050257,joint:qaoa:12:000799b1e6e79c19,ok,,qaoa,12,8,float64,42,64,2,64,2,1,0.25,rotation,rotation,4,4,compact:L3R0W0-L3R0W0-L3R0W0-L3R0W0,compact:L3R0W0-L3R0W0-L3R0W0-L3R0W0,,,merged,optimized,10,3,10,0.43825800000000004,0.43833649999999996,0.4373409999999999,0.43922100000000003,0.0005091731041600986,0.1678831,0.015488299999999998,0.2549651,,,custom:libsad_search_7e5293342e215a.so,/home/rzzhang/sad_merged/sad/build/libsad_search_7e5293342e215a.so
2026-08-23T05:30:08.690110+00:00,20260823T050257,joint:qaoa:14:6b1a2f7d965a87e9,ok,,qaoa,14,8,float64,42,128,2,32,2,1,0.25,rotation,rotation,5,5,compact:L3R0W0-L3R0W0-L3R0W0-L3R0W0-L2R0W0,compact:L3R0W0-L3R0W0-L3R0W0-L3R0W0-L2R0W0,,,split,optimized,10,3,10,0.5642165,0.5744398000000001,0.5632229999999999,0.596968,0.014295547319357884,0.2676914,0.0153334,0.291415,,,custom:libsad_search_7259903b8346c4.so,/home/rzzhang/sad_merged/sad/build/libsad_search_7259903b8346c4.so
2026-08-23T05:30:08.710039+00:00,20260823T050257,joint:qaoa:6:2e662aab3cb50da5,ok,,qaoa,6,8,float64,42,32,2,32,2,2,0.25,rotation,rotation,2,2,compact:L3R0W0-L3R0W0,compact:L3R0W0-L3R0W0,,,merged,optimized,20,3,20,0.1873055,0.18714619999999998,0.186274,0.187476,0.00038457035767204,0.0690842,0.01565425,0.10240774999999999,,,custom:libsad_search_dcff342f285260.so,/home/rzzhang/sad_merged/sad/build/libsad_search_dcff342f285260.so
2026-08-23T05:30:08.726728+00:00,20260823T050257,joint:qaoa:26:073de1178f08f3d0,ok,,qaoa,26,8,float64,42,64,2,64,2,2,0.0,rotation,rotation,4,4,compact:L5R2W0-L5R2W0-L5R1W0-L5R1W0,compact:L5R2W0-L5R2W0-L5R1W0-L5R1W0,,,split,optimized,2,3,2,408.8475405,408.8475405,408.817253,408.87782799999997,0.030287499999985812,105.00851999999999,2.478987,301.3600335,,,custom:libsad_search_20c37ff249ec0a.so,/home/rzzhang/sad_merged/sad/build/libsad_search_20c37ff249ec0a.so
2026-08-23T05:30:10.825150+00:00,20260823T050257,joint:qaoa:24:92915df5cbbccde7,ok,,qaoa,24,8,float64,42,32,2,32,2,2,0.0,rotation,rotation,4,4,compact:L5R1W0-L5R1W0-L5R1W0-L5R1W0,compact:L5R1W0-L5R1W0-L5R1W0-L5R1W0,,,split,optimized,3,3,3,94.04438,94.048061,94.037221,94.06258199999999,0.010675748248556712,24.744026,0.6141066666666668,68.68992833333333,,,custom:libsad_search_16d9d6cef53b3d.so,/home/rzzhang/sad_merged/sad/build/libsad_search_16d9d6cef53b3d.so
2026-08-23T05:30:11.426518+00:00,20260823T050257,joint:qaoa:14:d1812206a23c0edc,ok,,qaoa,14,8,float64,42,32,2,128,2,1,0.5,rotation,rotation,8,8,compact:L2R0W0-L2R0W0-L2R0W0-L2R0W0-L2R0W0-L2R0W0-L1R0W0-L1R0W0,compact:L2R0W0-L2R0W0-L2R0W0-L2R0W0-L2R0W0-L2R0W0-L1R0W0-L1R0W0,,,split,optimized,10,3,10,0.838604,0.8387165,0.8374780000000001,0.8396509999999999,0.0006415341378289812,0.3048303,0.0153542,0.518532,,,custom:libsad_search_0e4f539ceca897.so,/home/rzzhang/sad_merged/sad/build/libsad_search_0e4f539ceca897.so
2026-08-23T05:30:11.450269+00:00,20260823T050257,joint:qaoa:6:5ba5549f143cd4de,ok,,qaoa,6,8,float64,42,32,2,128,2,1,1.0,rotation,rotation,6,6,compact:L1R0W0-L1R0W0-L1R0W0-L1R0W0-L1R0W0-L1R0W0,compact:L1R0W0-L1R0W0-L1R0W0-L1R0W0-L1R0W0-L1R0W0,,,split,optimized,20,3,20,0.39525299999999997,0.39547955,0.394135,0.397328,0.0007814715909743642,0.15280985,0.015288,0.2273817,,,custom:libsad_search_0e4f539ceca897.so,/home/rzzhang/sad_merged/sad/build/libsad_search_0e4f539ceca897.so
2026-08-23T05:30:11.471855+00:00,20260823T050257,joint:qaoa:8:2dd8dc85c6286a07,ok,,qaoa,8,8,float64,42,128,2,128,2,1,1.0,rotation,rotation,8,8,compact:L1R0W0-L1R0W0-L1R0W0-L1R0W0-L1R0W0-L1R0W0-L1R0W0-L1R0W0,compact:L1R0W0-L1R0W0-L1R0W0-L1R0W0-L1R0W0-L1R0W0-L1R0W0-L1R0W0,,,split,optimized,20,3,20,0.6062730000000001,0.6063702,0.6041500000000001,0.609209,0.001201282506323953,0.25959585,0.015352249999999998,0.3314221,,,custom:libsad_search_9361435758c99d.so,/home/rzzhang/sad_merged/sad/build/libsad_search_9361435758c99d.so
2026-08-23T05:30:11.498396+00:00,20260823T050257,joint:qaoa:20:53ca6087f3aa9cc5,ok,,qaoa,20,8,float64,42,128,2,128,2,2,1.0,rotation,rotation,20,20,compact:L1R0W0-L1R0W0-L1R0W0-L1R0W0-L1R0W0-L1R0W0-L1R0W0-L1R0W0-L1R0W0-L1R0W0-L1R0W0-L1R0W0-L1R0W0-L1R0W0-L1R0W0-L1R0W0-L1R0W0-L1R0W0-L1R0W0-L1R0W0,compact:L1R0W0-L1R0W0-L1R0W0-L1R0W0-L1R0W0-L1R0W0-L1R0W0-L1R0W0-L1R0W0-L1R0W0-L1R0W0-L1R0W0-L1R0W0-L1R0W0-L1R0W0-L1R0W0-L1R0W0-L1R0W0-L1R0W0-L1R0W0,,,merged,optimized,5,3,5,8.773604,8.7713568,8.76431,8.775637999999999,0.004277468709412035,3.199657,0.0400074,5.531692400000001,,,custom:libsad_search_b969ada61d8a74.so,/home/rzzhang/sad_merged/sad/build/libsad_search_b969ada61d8a74.so
2026-08-23T05:30:11.581967+00:00,20260823T050257,joint:qaoa:26:26f4ea94d4dafed4,ok,,qaoa,26,8,float64,42,128,2,128,2,2,0.25,rotation,rotation,9,9,compact:L3R0W0-L3R0W0-L3R0W0-L3R0W0-L3R0W0-L3R0W0-L3R0W0-L3R0W0-L2R0W0,compact:L3R0W0-L3R0W0-L3R0W0-L3R0W0-L3R0W0-L3R0W0-L3R0W0-L3R0W0-L2R0W0,,,merged,optimized,2,3,2,520.7688149999999,520.7688149999999,520.707947,520.8296829999999,0.060867999999970834,170.60770349999999,2.5001715,347.66094000000004,,,custom:libsad_search_b969ada61d8a74.so,/home/rzzhang/sad_merged/sad/build/libsad_search_b969ada61d8a74.so
2026-08-23T05:30:14.216443+00:00,20260823T050257,joint:qaoa:4:917a50d223e04544,ok,,qaoa,4,8,float64,42,64,2,64,2,1,0.5,rotation,rotation,2,2,compact:L2R0W0-L2R0W0,compact:L2R0W0-L2R0W0,,,merged,optimized,20,3,20,0.15661049999999999,0.15653440000000002,0.155599,0.15769200000000003,0.0005440250361885998,0.05475295,0.0156597,0.08612175,,,custom:libsad_search_7e5293342e215a.so,/home/rzzhang/sad_merged/sad/build/libsad_search_7e5293342e215a.so
2026-08-23T05:30:14.238216+00:00,20260823T050257,joint:qaoa:10:cfdf6d265eb663a1,ok,,qaoa,10,8,float64,42,64,2,64,2,1,0.25,rotation,rotation,4,4,compact:L3R0W0-L3R0W0-L2R0W0-L2R0W0,compact:L3R0W0-L3R0W0-L2R0W0-L2R0W0,,,merged,optimized,10,3,10,0.38580000000000003,0.3856003,0.38465600000000005,0.38633100000000004,0.0005921547179580805,0.14783860000000001,0.0154268,0.22233489999999997,,,custom:libsad_search_7e5293342e215a.so,/home/rzzhang/sad_merged/sad/build/libsad_search_7e5293342e215a.so
2026-08-23T05:30:14.260133+00:00,20260823T050257,joint:qaoa:14:8c62b79f2a8c386c,ok,,qaoa,14,8,float64,42,64,2,64,2,1,0.25,rotation,rotation,5,5,compact:L3R0W0-L3R0W0-L3R0W0-L3R0W0-L2R0W0,compact:L3R0W0-L3R0W0-L3R0W0-L3R0W0-L2R0W0,,,merged,optimized,10,3,10,0.551454,0.5513768,0.550779,0.552025,0.0004998799455869126,0.21620239999999996,0.01548,0.3196944,,,custom:libsad_search_7e5293342e215a.so,/home/rzzhang/sad_merged/sad/build/libsad_search_7e5293342e215a.so
2026-08-23T05:30:14.279817+00:00,20260823T050257,joint:qaoa:20:88aa4819a97689fe,ok,,qaoa,20,8,float64,42,64,2,64,2,2,0.0,rotation,rotation,3,3,compact:L5R2W0-L5R2W0-L5R1W0,compact:L5R2W0-L5R2W0-L5R1W0,,,split,optimized,5,3,5,5.396368000000001,5.373119600000001,5.300324,5.3965380000000005,0.037257749511209345,1.3560914,0.0401192,3.976909,,,custom:libsad_search_20c37ff249ec0a.so,/home/rzzhang/sad_merged/sad/build/libsad_search_20c37ff249ec0a.so
2026-08-23T05:30:14.335956+00:00,20260823T050257,joint:qaoa:16:bc2c336f8cef6711,ok,,qaoa,16,8,float64,42,32,2,128,2,1,0.25,rotation,rotation,6,6,compact:L3R0W0-L3R0W0-L3R0W0-L3R0W0-L2R0W0-L2R0W0,compact:L3R0W0-L3R0W0-L3R0W0-L3R0W0-L2R0W0-L2R0W0,,,split,optimized,5,3,5,0.8560480000000001,0.8542100000000001,0.8499620000000001,0.8579820000000001,0.0034779577915782984,0.3118844,0.015467400000000001,0.5268582000000002,,,custom:libsad_search_0e4f539ceca897.so,/home/rzzhang/sad_merged/sad/build/libsad_search_0e4f539ceca897.so
2026-08-23T05:30:14.355242+00:00,20260823T050257,joint:qaoa:10:dc72b65f8f36f71f,ok,,qaoa,10,8,float64,42,128,2,32,2,2,0.75,rotation,rotation,8,8,compact:L2R0W0-L2R0W0-L1R0W0-L1R0W0-L1R0W0-L1R0W0-L1R0W0-L1R0W0,compact:L2R0W0-L2R0W0-L1R0W0-L1R0W0-L1R0W0-L1R0W0-L1R0W0-L1R0W0,,,merged,optimized,10,3,10,0.6338245,0.6338212999999999,0.6325620000000001,0.636,0.0008470729661605176,0.30365369999999997,0.0153405,0.3148271,,,custom:libsad_search_d014591f51543a.so,/home/rzzhang/sad_merged/sad/build/libsad_search_d014591f51543a.so
2026-08-23T05:30:14.376023+00:00,20260823T050257,joint:qaoa:12:96ee8ff7497ce357,ok,,qaoa,12,8,float64,42,64,2,64,2,1,0.0,legacy,legacy,0,0,,,,,not_applicable,legacy-generic,10,3,10,0.320737,0.3217145,0.320277,0.3285,0.0023488183944272976,0.1131719,0.01574,0.1928026,,,custom:libsad_search_5a6ce94d125b8e.so,/home/rzzhang/sad_merged/sad/build/libsad_search_5a6ce94d125b8e.so
2026-08-23T05:30:14.392913+00:00,20260823T050257,joint:qaoa:16:fee30ad97d00d5ee,ok,,qaoa,16,8,float64,42,64,2,64,2,2,0.25,rotation,rotation,6,6,compact:L3R0W0-L3R0W0-L3R0W0-L3R0W0-L2R0W0-L2R0W0,compact:L3R0W0-L3R0W0-L3R0W0-L3R0W0-L2R0W0-L2R0W0,,,merged,optimized,5,3,5,0.825298,0.825696,0.8252039999999999,0.8273790000000001,0.0008423056452381468,0.32189460000000003,0.0149698,0.4888316,,,custom:libsad_search_97eec9f2a848ec.so,/home/rzzhang/sad_merged/sad/build/libsad_search_97eec9f2a848ec.so
2026-08-23T05:30:14.412128+00:00,20260823T050257,joint:qaoa:10:f1531c2e388922b9,ok,,qaoa,10,8,float64,42,128,2,128,2,1,0.25,rotation,rotation,4,4,compact:L3R0W0-L3R0W0-L2R0W0-L2R0W0,compact:L3R0W0-L3R0W0-L2R0W0-L2R0W0,,,merged,optimized,10,3,10,0.4894445,0.4896293,0.48930100000000004,0.49143699999999996,0.0006072284660652722,0.1792959,0.015227399999999999,0.295106,,,custom:libsad_search_8fbfac92ec4bef.so,/home/rzzhang/sad_merged/sad/build/libsad_search_8fbfac92ec4bef.so
2026-08-23T05:30:14.431071+00:00,20260823T050257,joint:qaoa:28:4854dd19101f2818,ok,,qaoa,28,8,float64,42,32,2,128,2,2,1.0,rotation,rotation,28,28,compact:L1R0W0-L1R0W0-L1R0W0-L1R0W0-L1R0W0-L1R0W0-L1R0W0-L1R0W0-L1R0W0-L1R0W0-L1R0W0-L1R0W0-L1R0W0-L1R0W0-L1R0W0-L1R0W0-L1R0W0-L1R0W0-L1R0W0-L1R0W0-L1R0W0-L1R0W0-L1R0W0-L1R0W0-L1R0W0-L1R0W0-L1R0W0-L1R0W0,compact:L1R0W0-L1R0W0-L1R0W0-L1R0W0-L1R0W0-L1R0W0-L1R0W0-L1R0W0-L1R0W0-L1R0W0-L1R0W0-L1R0W0-L1R0W0-L1R0W0-L1R0W0-L1R0W0-L1R0W0-L1R0W0-L1R0W0-L1R0W0-L1R0W0-L1R0W0-L1R0W0-L1R0W0-L1R0W0-L1R0W0-L1R0W0-L1R0W0,,,merged,optimized,2,3,2,6333.6437135,6333.6437135,6333.485510999999,6333.801916,0.1582025000006979,2102.4241095,9.999555,4221.220049,,,custom:libsad_search_fce412939d20fb.so,/home/rzzhang/sad_merged/sad/build/libsad_search_fce412939d20fb.so
2026-08-23T05:30:46.127693+00:00,20260823T050257,joint:qaoa:18:ad6a604fe4a8b57c,ok,,qaoa,18,8,float64,42,128,2,128,2,1,1.0,rotation,rotation,18,18,compact:L1R0W0-L1R0W0-L1R0W0-L1R0W0-L1R0W0-L1R0W0-L1R0W0-L1R0W0-L1R0W0-L1R0W0-L1R0W0-L1R0W0-L1R0W0-L1R0W0-L1R0W0-L1R0W0-L1R0W0-L1R0W0,compact:L1R0W0-L1R0W0-L1R0W0-L1R0W0-L1R0W0-L1R0W0-L1R0W0-L1R0W0-L1R0W0-L1R0W0-L1R0W0-L1R0W0-L1R0W0-L1R0W0-L1R0W0-L1R0W0-L1R0W0-L1R0W0,,,merged,optimized,5,3,5,3.173405,3.1731354,3.1691510000000003,3.176489,0.002335825130441,1.3375583999999998,0.015495799999999999,1.8200812,,,custom:libsad_search_8fbfac92ec4bef.so,/home/rzzhang/sad_merged/sad/build/libsad_search_8fbfac92ec4bef.so
2026-08-23T05:30:46.179829+00:00,20260823T050257,joint:qaoa:4:320bb4c5a35f2fca,ok,,qaoa,4,8,float64,42,32,2,128,2,2,0.5,rotation,rotation,2,2,compact:L2R0W0-L2R0W0,compact:L2R0W0-L2R0W0,,,split,optimized,20,3,20,0.18126799999999998,0.18151155000000002,0.180496,0.18240199999999998,0.0005741791075091452,0.0557383,0.0153052,0.11046805,,,custom:libsad_search_2a0e4369743c84.so,/home/rzzhang/sad_merged/sad/build/libsad_search_2a0e4369743c84.so
2026-08-23T05:30:46.202840+00:00,20260823T050257,joint:qaoa:22:f4f56418f2604fd6,ok,,qaoa,22,8,float64,42,64,2,64,2,1,0.0,rotation,rotation,3,3,compact:L5R2W1-L5R2W0-L5R2W0,compact:L5R2W1-L5R2W0-L5R2W0,,,merged,optimized,3,3,3,22.903010000000002,22.901759333333334,22.897471000000003,22.904797000000002,0.0031188346470360823,5.362032999999999,0.14539233333333335,17.394334,,,custom:libsad_search_7e5293342e215a.so,/home/rzzhang/sad_merged/sad/build/libsad_search_7e5293342e215a.so
2026-08-23T05:30:46.377236+00:00,20260823T050257,joint:qaoa:28:a5b21b89bdad1699,ok,,qaoa,28,8,float64,42,32,2,32,2,2,0.0,rotation,rotation,4,4,compact:L5R2W0-L5R2W0-L5R2W0-L5R2W0,compact:L5R2W0-L5R2W0-L5R2W0-L5R2W0,,,merged,optimized,2,3,2,1738.4721729999999,1738.4721729999999,1735.4209979999998,1741.523348,3.0511750000000575,449.86235650000003,9.964701499999999,1278.645115,,,custom:libsad_search_dcff342f285260.so,/home/rzzhang/sad_merged/sad/build/libsad_search_dcff342f285260.so
2026-08-23T05:30:55.100078+00:00,20260823T050257,joint:qaoa:10:3ee26ed2390097c7,ok,,qaoa,10,8,float64,42,64,2,64,2,1,0.0,rotation,rotation,2,2,compact:L5R0W0-L5R0W0,compact:L5R0W0-L5R0W0,,,split,optimized,10,3,10,0.272372,0.271082,0.26528100000000004,0.274405,0.0030971877889466007,0.090797,0.0156169,0.1646681,,,custom:libsad_search_7ec063ebc99501.so,/home/rzzhang/sad_merged/sad/build/libsad_search_7ec063ebc99501.so
2026-08-23T05:30:55.122089+00:00,20260823T050257,joint:qaoa:10:96881dc2f87e9f6e,ok,,qaoa,10,8,float64,42,128,2,32,2,1,0.75,rotation,rotation,8,8,compact:L2R0W0-L2R0W0-L1R0W0-L1R0W0-L1R0W0-L1R0W0-L1R0W0-L1R0W0,compact:L2R0W0-L2R0W0-L1R0W0-L1R0W0-L1R0W0-L1R0W0-L1R0W0-L1R0W0,,,split,optimized,10,3,10,0.6328015,0.6322685,0.626547,0.633733,0.001973195035975923,0.30354729999999996,0.015397300000000003,0.3133239,,,custom:libsad_search_7259903b8346c4.so,/home/rzzhang/sad_merged/sad/build/libsad_search_7259903b8346c4.so
2026-08-23T05:30:55.147885+00:00,20260823T050257,joint:qaoa:6:89f10b39ca2e02d4,ok,,qaoa,6,8,float64,42,128,2,32,2,1,0.75,rotation,rotation,5,5,compact:L2R0W0-L1R0W0-L1R0W0-L1R0W0-L1R0W0,compact:L2R0W0-L1R0W0-L1R0W0-L1R0W0-L1R0W0,,,merged,optimized,20,3,20,0.32650749999999995,0.32641235,0.325497,0.33084800000000003,0.001183083947782241,0.1467533,0.015522399999999999,0.16413665,,,custom:libsad_search_5851e15f736f52.so,/home/rzzhang/sad_merged/sad/build/libsad_search_5851e15f736f52.so
2026-08-23T05:30:55.173019+00:00,20260823T050257,joint:qaoa:16:ee1fd428f0b9cd55,ok,,qaoa,16,8,float64,42,128,2,128,2,1,0.25,rotation,rotation,6,6,compact:L3R0W0-L3R0W0-L3R0W0-L3R0W0-L2R0W0-L2R0W0,compact:L3R0W0-L3R0W0-L3R0W0-L3R0W0-L2R0W0-L2R0W0,,,split,optimized,5,3,5,0.8753409999999999,0.8752182,0.874542,0.875544,0.000348187535675804,0.33721660000000003,0.015682,0.5223196,,,custom:libsad_search_9361435758c99d.so,/home/rzzhang/sad_merged/sad/build/libsad_search_9361435758c99d.so
2026-08-23T05:30:55.201443+00:00,20260823T050257,joint:qaoa:4:070d2835cc4a455b,ok,,qaoa,4,8,float64,42,64,2,64,2,1,0.25,rotation,rotation,2,2,compact:L2R0W0-L2R0W0,compact:L2R0W0-L2R0W0,,,merged,optimized,20,3,20,0.1565995,0.15642865,0.155547,0.157796,0.0005290107064133937,0.0547842,0.01560195,0.0860425,,,custom:libsad_search_7e5293342e215a.so,/home/rzzhang/sad_merged/sad/build/libsad_search_7e5293342e215a.so
2026-08-23T05:30:55.222475+00:00,20260823T050257,joint:qaoa:26:b7e98a1ec0b96c2f,ok,,qaoa,26,8,float64,42,32,2,128,2,1,0.75,rotation,rotation,20,20,compact:L2R0W0-L2R0W0-L2R0W0-L2R0W0-L2R0W0-L2R0W0-L1R0W0-L1R0W0-L1R0W0-L1R0W0-L1R0W0-L1R0W0-L1R0W0-L1R0W0-L1R0W0-L1R0W0-L1R0W0-L1R0W0-L1R0W0-L1R0W0,compact:L2R0W0-L2R0W0-L2R0W0-L2R0W0-L2R0W0-L2R0W0-L1R0W0-L1R0W0-L1R0W0-L1R0W0-L1R0W0-L1R0W0-L1R0W0-L1R0W0-L1R0W0-L1R0W0-L1R0W0-L1R0W0-L1R0W0-L1R0W0,,,split,optimized,2,3,2,1133.0503515,1133.0503515,1132.617134,1133.483569,0.4332174999999552,375.9828515,2.5124880000000003,754.5550119999999,,,custom:libsad_search_0e4f539ceca897.so,/home/rzzhang/sad_merged/sad/build/libsad_search_0e4f539ceca897.so
2026-08-23T05:31:00.937213+00:00,20260823T050257,joint:qaoa:8:588d3e14c3a02b85,ok,,qaoa,8,8,float64,42,64,2,64,2,2,0.0,rotation,rotation,1,1,compact:L5R2W1,compact:L5R2W1,,,split,optimized,20,3,20,0.18018450000000003,0.18038625000000003,0.179257,0.18423799999999999,0.0009332478167667974,0.05316920000000001,0.01555235,0.11166469999999999,,,custom:libsad_search_20c37ff249ec0a.so,/home/rzzhang/sad_merged/sad/build/libsad_search_20c37ff249ec0a.so
2026-08-23T05:31:00.959028+00:00,20260823T050257,joint:qaoa:20:d037fdefe8e41151,ok,,qaoa,20,8,float64,42,128,2,128,2,1,0.75,rotation,rotation,16,16,compact:L2R0W0-L2R0W0-L2R0W0-L2R0W0-L1R0W0-L1R0W0-L1R0W0-L1R0W0-L1R0W0-L1R0W0-L1R0W0-L1R0W0-L1R0W0-L1R0W0-L1R0W0-L1R0W0,compact:L2R0W0-L2R0W0-L2R0W0-L2R0W0-L1R0W0-L1R0W0-L1R0W0-L1R0W0-L1R0W0-L1R0W0-L1R0W0-L1R0W0-L1R0W0-L1R0W0-L1R0W0-L1R0W0,,,merged,optimized,5,3,5,7.634933999999999,7.6334676,7.625592,7.638000000000001,0.004272223664556933,2.6510368,0.040164399999999996,4.942266400000001,,,custom:libsad_search_8fbfac92ec4bef.so,/home/rzzhang/sad_merged/sad/build/libsad_search_8fbfac92ec4bef.so
2026-08-23T05:31:01.041041+00:00,20260823T050257,joint:qaoa:18:28a83724d2837646,ok,,qaoa,18,8,float64,42,32,2,128,2,2,1.0,rotation,rotation,18,18,compact:L1R0W0-L1R0W0-L1R0W0-L1R0W0-L1R0W0-L1R0W0-L1R0W0-L1R0W0-L1R0W0-L1R0W0-L1R0W0-L1R0W0-L1R0W0-L1R0W0-L1R0W0-L1R0W0-L1R0W0-L1R0W0,compact:L1R0W0-L1R0W0-L1R0W0-L1R0W0-L1R0W0-L1R0W0-L1R0W0-L1R0W0-L1R0W0-L1R0W0-L1R0W0-L1R0W0-L1R0W0-L1R0W0-L1R0W0-L1R0W0-L1R0W0-L1R0W0,,,split,optimized,5,3,5,3.0124940000000002,3.0127745999999997,3.010534,3.016418,0.00199936285851262,1.2031348000000002,0.015199,1.7944407999999998,,,custom:libsad_search_2a0e4369743c84.so,/home/rzzhang/sad_merged/sad/build/libsad_search_2a0e4369743c84.so
2026-08-23T05:31:01.079085+00:00,20260823T050257,joint:qaoa:20:fd9d3fe916812296,ok,,qaoa,20,8,float64,42,32,2,32,2,1,0.0,rotation,rotation,3,3,compact:L5R2W0-L5R2W0-L5R1W0,compact:L5R2W0-L5R2W0-L5R1W0,,,merged,optimized,5,3,5,5.479378,5.4771292,5.4721839999999995,5.480433,0.0036479820942543688,1.4162531999999999,0.0398058,4.0210702,,,custom:libsad_search_f9cdaf042a7bd6.so,/home/rzzhang/sad_merged/sad/build/libsad_search_f9cdaf042a7bd6.so
2026-08-23T05:31:01.136625+00:00,20260823T050257,joint:qaoa:8:63ef68451810ee33,ok,,qaoa,8,8,float64,42,128,2,128,2,1,0.0,legacy,legacy,0,0,,,,,not_applicable,legacy-generic,20,3,20,0.26215850000000007,0.26286814999999997,0.26191000000000003,0.266647,0.001353789432482023,0.0789387,0.0158001,0.16812935,,,custom:libsad_search_78e231cd0d5107.so,/home/rzzhang/sad_merged/sad/build/libsad_search_78e231cd0d5107.so
2026-08-23T05:31:01.155537+00:00,20260823T050257,joint:qaoa:10:d8c9530a9c842571,ok,,qaoa,10,8,float64,42,128,2,128,2,2,0.0,rotation,rotation,2,2,compact:L5R0W0-L5R0W0,compact:L5R0W0-L5R0W0,,,split,optimized,10,3,10,0.37386199999999997,0.3764806,0.373199,0.39022700000000005,0.005409735801312314,0.117988,0.016615799999999997,0.2418768,,,custom:libsad_search_d02bea87aa5c56.so,/home/rzzhang/sad_merged/sad/build/libsad_search_d02bea87aa5c56.so
2026-08-23T05:31:01.173555+00:00,20260823T050257,joint:qaoa:26:6cfb06d6a1f9383c,ok,,qaoa,26,8,float64,42,32,2,32,2,2,0.75,rotation,rotation,20,20,compact:L2R0W0-L2R0W0-L2R0W0-L2R0W0-L2R0W0-L2R0W0-L1R0W0-L1R0W0-L1R0W0-L1R0W0-L1R0W0-L1R0W0-L1R0W0-L1R0W0-L1R0W0-L1R0W0-L1R0W0-L1R0W0-L1R0W0-L1R0W0,compact:L2R0W0-L2R0W0-L2R0W0-L2R0W0-L2R0W0-L2R0W0-L1R0W0-L1R0W0-L1R0W0-L1R0W0-L1R0W0-L1R0W0-L1R0W0-L1R0W0-L1R0W0-L1R0W0-L1R0W0-L1R0W0-L1R0W0-L1R0W0,,,merged,optimized,2,3,2,1132.8862725,1132.8862725,1132.730278,1133.042267,0.1559945000000198,375.88089950000006,2.514292,754.491081,,,custom:libsad_search_dcff342f285260.so,/home/rzzhang/sad_merged/sad/build/libsad_search_dcff342f285260.so
2026-08-23T05:31:06.867040+00:00,20260823T050257,joint:qaoa:18:4387ebaa09c346e5,ok,,qaoa,18,8,float64,42,64,2,64,2,1,0.0,legacy,legacy,0,0,,,,,not_applicable,legacy-generic,5,3,5,1.578874,1.5785588000000002,1.5778940000000001,1.5790959999999998,0.0005023028568503044,0.4796088,0.015523400000000001,1.0834266,,,custom:libsad_search_5a6ce94d125b8e.so,/home/rzzhang/sad_merged/sad/build/libsad_search_5a6ce94d125b8e.so
2026-08-23T05:31:06.906511+00:00,20260823T050257,joint:qaoa:24:892d61812096eece,ok,,qaoa,24,8,float64,42,32,2,32,2,1,0.5,rotation,rotation,14,14,compact:L2R0W0-L2R0W0-L2R0W0-L2R0W0-L2R0W0-L2R0W0-L2R0W0-L2R0W0-L2R0W0-L2R0W0-L1R0W0-L1R0W0-L1R0W0-L1R0W0,compact:L2R0W0-L2R0W0-L2R0W0-L2R0W0-L2R0W0-L2R0W0-L2R0W0-L2R0W0-L2R0W0-L2R0W0-L1R0W0-L1R0W0-L1R0W0-L1R0W0,,,merged,optimized,3,3,3,199.696276,199.73000633333334,199.67780499999998,199.81593800000002,0.061228985305629785,66.14173899999999,0.6533976666666667,132.93486966666669,,,custom:libsad_search_f9cdaf042a7bd6.so,/home/rzzhang/sad_merged/sad/build/libsad_search_f9cdaf042a7bd6.so
2026-08-23T05:31:08.135101+00:00,20260823T050257,joint:qaoa:8:57bec675dcccff55,ok,,qaoa,8,8,float64,42,32,2,32,2,1,1.0,rotation,rotation,8,8,compact:L1R0W0-L1R0W0-L1R0W0-L1R0W0-L1R0W0-L1R0W0-L1R0W0-L1R0W0,compact:L1R0W0-L1R0W0-L1R0W0-L1R0W0-L1R0W0-L1R0W0-L1R0W0-L1R0W0,,,split,optimized,20,3,20,0.5201225,0.5196708,0.5180370000000001,0.521242,0.0007684007157726913,0.23108295,0.015268749999999998,0.2733191,,,custom:libsad_search_3cb67c7e18cc99.so,/home/rzzhang/sad_merged/sad/build/libsad_search_3cb67c7e18cc99.so
2026-08-23T05:31:08.160099+00:00,20260823T050257,joint:qaoa:26:c9c57b9004cc9d8f,ok,,qaoa,26,8,float64,42,64,2,64,2,1,0.75,rotation,rotation,20,20,compact:L2R0W0-L2R0W0-L2R0W0-L2R0W0-L2R0W0-L2R0W0-L1R0W0-L1R0W0-L1R0W0-L1R0W0-L1R0W0-L1R0W0-L1R0W0-L1R0W0-L1R0W0-L1R0W0-L1R0W0-L1R0W0-L1R0W0-L1R0W0,compact:L2R0W0-L2R0W0-L2R0W0-L2R0W0-L2R0W0-L2R0W0-L1R0W0-L1R0W0-L1R0W0-L1R0W0-L1R0W0-L1R0W0-L1R0W0-L1R0W0-L1R0W0-L1R0W0-L1R0W0-L1R0W0-L1R0W0-L1R0W0,,,merged,optimized,2,3,2,1134.63562,1134.63562,1134.373273,1134.897967,0.2623470000000907,377.013557,2.517991,755.104072,,,custom:libsad_search_7e5293342e215a.so,/home/rzzhang/sad_merged/sad/build/libsad_search_7e5293342e215a.so
2026-08-23T05:31:13.863835+00:00,20260823T050257,joint:qaoa:20:97c422b2b8d3efb7,ok,,qaoa,20,8,float64,42,64,2,64,2,2,1.0,rotation,rotation,20,20,compact:L1R0W0-L1R0W0-L1R0W0-L1R0W0-L1R0W0-L1R0W0-L1R0W0-L1R0W0-L1R0W0-L1R0W0-L1R0W0-L1R0W0-L1R0W0-L1R0W0-L1R0W0-L1R0W0-L1R0W0-L1R0W0-L1R0W0-L1R0W0,compact:L1R0W0-L1R0W0-L1R0W0-L1R0W0-L1R0W0-L1R0W0-L1R0W0-L1R0W0-L1R0W0-L1R0W0-L1R0W0-L1R0W0-L1R0W0-L1R0W0-L1R0W0-L1R0W0-L1R0W0-L1R0W0-L1R0W0-L1R0W0,,,split,optimized,5,3,5,7.895616000000001,7.901681600000001,7.890391,7.927368,0.01323642115679306,2.9527594,0.0405032,4.908418999999999,,,custom:libsad_search_20c37ff249ec0a.so,/home/rzzhang/sad_merged/sad/build/libsad_search_20c37ff249ec0a.so
2026-08-23T05:31:13.948843+00:00,20260823T050257,joint:qaoa:28:a67f4ff0068fcf4f,ok,,qaoa,28,8,float64,42,32,2,128,2,1,1.0,rotation,rotation,28,28,compact:L1R0W0-L1R0W0-L1R0W0-L1R0W0-L1R0W0-L1R0W0-L1R0W0-L1R0W0-L1R0W0-L1R0W0-L1R0W0-L1R0W0-L1R0W0-L1R0W0-L1R0W0-L1R0W0-L1R0W0-L1R0W0-L1R0W0-L1R0W0-L1R0W0-L1R0W0-L1R0W0-L1R0W0-L1R0W0-L1R0W0-L1R0W0-L1R0W0,compact:L1R0W0-L1R0W0-L1R0W0-L1R0W0-L1R0W0-L1R0W0-L1R0W0-L1R0W0-L1R0W0-L1R0W0-L1R0W0-L1R0W0-L1R0W0-L1R0W0-L1R0W0-L1R0W0-L1R0W0-L1R0W0-L1R0W0-L1R0W0-L1R0W0-L1R0W0-L1R0W0-L1R0W0-L1R0W0-L1R0W0-L1R0W0-L1R0W0,,,split,optimized,2,3,2,6325.6172585,6325.6172585,6325.058501,6326.176015999999,0.5587574999995013,2102.2092375,9.9887355,4213.4192855,,,custom:libsad_search_0e4f539ceca897.so,/home/rzzhang/sad_merged/sad/build/libsad_search_0e4f539ceca897.so
2026-08-23T05:31:45.607193+00:00,20260823T050257,joint:qaoa:20:434cf0ae9504e7d9,ok,,qaoa,20,8,float64,42,128,2,128,2,1,0.75,rotation,rotation,16,16,compact:L2R0W0-L2R0W0-L2R0W0-L2R0W0-L1R0W0-L1R0W0-L1R0W0-L1R0W0-L1R0W0-L1R0W0-L1R0W0-L1R0W0-L1R0W0-L1R0W0-L1R0W0-L1R0W0,compact:L2R0W0-L2R0W0-L2R0W0-L2R0W0-L1R0W0-L1R0W0-L1R0W0-L1R0W0-L1R0W0-L1R0W0-L1R0W0-L1R0W0-L1R0W0-L1R0W0-L1R0W0-L1R0W0,,,split,optimized,5,3,5,7.650775,7.650028600000001,7.646573999999999,7.6537180000000005,0.002475478749656638,2.6616672,0.040233200000000004,4.9481282,,,custom:libsad_search_9361435758c99d.so,/home/rzzhang/sad_merged/sad/build/libsad_search_9361435758c99d.so
2026-08-23T05:31:45.698031+00:00,20260823T050257,joint:qaoa:10:c9066c81ded85a1d,ok,,qaoa,10,8,float64,42,32,2,128,2,1,1.0,rotation,rotation,10,10,compact:L1R0W0-L1R0W0-L1R0W0-L1R0W0-L1R0W0-L1R0W0-L1R0W0-L1R0W0-L1R0W0-L1R0W0,compact:L1R0W0-L1R0W0-L1R0W0-L1R0W0-L1R0W0-L1R0W0-L1R0W0-L1R0W0-L1R0W0-L1R0W0,,,merged,optimized,10,3,10,0.787418,0.7872623,0.786358,0.7885730000000001,0.000794561143021738,0.3121364,0.0157461,0.45937979999999995,,,custom:libsad_search_2a8327787a9aac.so,/home/rzzhang/sad_merged/sad/build/libsad_search_2a8327787a9aac.so
2026-08-23T05:31:45.725790+00:00,20260823T050257,joint:qaoa:28:6cb36c2f77ca0d58,ok,,qaoa,28,8,float64,42,64,2,64,2,1,0.0,rotation,rotation,4,4,compact:L5R2W0-L5R2W0-L5R2W0-L5R2W0,compact:L5R2W0-L5R2W0-L5R2W0-L5R2W0,,,split,optimized,2,3,2,1834.9238755000001,1834.9238755000001,1833.793758,1836.053993,1.130117499999983,446.79000300000007,10.042043,1378.0918295,,,custom:libsad_search_7ec063ebc99501.so,/home/rzzhang/sad_merged/sad/build/libsad_search_7ec063ebc99501.so
2026-08-23T05:31:55.047130+00:00,20260823T050257,joint:qaoa:16:b34f53712b4e8683,ok,,qaoa,16,8,float64,42,128,2,32,2,1,0.5,rotation,rotation,9,10,compact:L2R0W0-L2R0W0-L2R0W0-L2R0W0-L2R0W0-L2R0W0-L2R0W0-L1R0W0-L1R0W0,compact:L2R0W0-L2R0W0-L2R0W0-L2R0W0-L2R0W0-L2R0W0-L1R0W0-L1R0W0-L1R0W0-L1R0W0,,,merged,optimized,5,3,5,1.0995650000000001,1.1018734000000001,1.09881,1.106165,0.0033420227767027434,0.4673356,0.015753000000000003,0.6187848,,,custom:libsad_search_5851e15f736f52.so,/home/rzzhang/sad_merged/sad/build/libsad_search_5851e15f736f52.so
2026-08-23T05:31:55.079108+00:00,20260823T050257,joint:qaoa:18:b64bd99c51db9395,ok,,qaoa,18,8,float64,42,32,2,128,2,2,0.5,rotation,rotation,10,10,compact:L2R0W0-L2R0W0-L2R0W0-L2R0W0-L2R0W0-L2R0W0-L2R0W0-L2R0W0-L1R0W0-L1R0W0,compact:L2R0W0-L2R0W0-L2R0W0-L2R0W0-L2R0W0-L2R0W0-L2R0W0-L2R0W0-L1R0W0-L1R0W0,,,split,optimized,5,3,5,2.193525,2.1922942,2.186555,2.196631,0.004145335759621974,0.7879562,0.0154134,1.3889246,,,custom:libsad_search_2a0e4369743c84.so,/home/rzzhang/sad_merged/sad/build/libsad_search_2a0e4369743c84.so
2026-08-23T05:31:55.122972+00:00,20260823T050257,joint:qaoa:28:ba384fc1dbe5b4b5,ok,,qaoa,28,8,float64,42,128,2,128,2,2,0.0,rotation,rotation,4,4,compact:L5R2W0-L5R2W0-L5R2W0-L5R2W0,compact:L5R2W0-L5R2W0-L5R2W0-L5R2W0,,,merged,optimized,2,3,2,1758.831272,1758.831272,1758.6755110000001,1758.9870329999999,0.15576099999987036,418.820428,9.977321000000002,1330.033523,,,custom:libsad_search_b969ada61d8a74.so,/home/rzzhang/sad_merged/sad/build/libsad_search_b969ada61d8a74.so
2026-08-23T05:32:04.065172+00:00,20260823T050257,joint:qaoa:8:3782dfef20ce06e8,ok,,qaoa,8,8,float64,42,32,2,128,2,2,0.0,rotation,rotation,2,1,compact:L4R0W0-L4R0W0,compact:L5R2W1,,,split,optimized,20,3,20,0.2539135,0.25380765,0.24891300000000002,0.25499499999999997,0.0011869661442096716,0.0779073,0.01538235,0.16051800000000002,,,custom:libsad_search_2a0e4369743c84.so,/home/rzzhang/sad_merged/sad/build/libsad_search_2a0e4369743c84.so
2026-08-23T05:32:04.088448+00:00,20260823T050257,joint:qaoa:8:9ad69b7ee9be5b2d,ok,,qaoa,8,8,float64,42,128,2,128,2,1,0.25,rotation,rotation,3,3,compact:L3R0W0-L3R0W0-L2R0W0,compact:L3R0W0-L3R0W0-L2R0W0,,,merged,optimized,20,3,20,0.34307,0.343277,0.34285499999999997,0.344246,0.0004695293388064371,0.12112464999999999,0.01527275,0.2068796,,,custom:libsad_search_8fbfac92ec4bef.so,/home/rzzhang/sad_merged/sad/build/libsad_search_8fbfac92ec4bef.so
2026-08-23T05:32:04.115960+00:00,20260823T050257,joint:qaoa:22:782ac8e6b262a8fa,ok,,qaoa,22,8,float64,42,32,2,32,2,1,1.0,rotation,rotation,22,22,compact:L1R0W0-L1R0W0-L1R0W0-L1R0W0-L1R0W0-L1R0W0-L1R0W0-L1R0W0-L1R0W0-L1R0W0-L1R0W0-L1R0W0-L1R0W0-L1R0W0-L1R0W0-L1R0W0-L1R0W0-L1R0W0-L1R0W0-L1R0W0-L1R0W0-L1R0W0,compact:L1R0W0-L1R0W0-L1R0W0-L1R0W0-L1R0W0-L1R0W0-L1R0W0-L1R0W0-L1R0W0-L1R0W0-L1R0W0-L1R0W0-L1R0W0-L1R0W0-L1R0W0-L1R0W0-L1R0W0-L1R0W0-L1R0W0-L1R0W0-L1R0W0-L1R0W0,,,split,optimized,3,3,3,65.438081,66.28759133333334,65.41335600000001,68.01133700000001,1.2189140450746447,13.294098666666665,0.14529899999999998,52.848193666666674,,,custom:libsad_search_3cb67c7e18cc99.so,/home/rzzhang/sad_merged/sad/build/libsad_search_3cb67c7e18cc99.so
2026-08-23T05:32:04.555446+00:00,20260823T050257,joint:qaoa:18:e62797b49e5c1f21,ok,,qaoa,18,8,float64,42,32,2,32,2,1,1.0,rotation,rotation,18,18,compact:L1R0W0-L1R0W0-L1R0W0-L1R0W0-L1R0W0-L1R0W0-L1R0W0-L1R0W0-L1R0W0-L1R0W0-L1R0W0-L1R0W0-L1R0W0-L1R0W0-L1R0W0-L1R0W0-L1R0W0-L1R0W0,compact:L1R0W0-L1R0W0-L1R0W0-L1R0W0-L1R0W0-L1R0W0-L1R0W0-L1R0W0-L1R0W0-L1R0W0-L1R0W0-L1R0W0-L1R0W0-L1R0W0-L1R0W0-L1R0W0-L1R0W0-L1R0W0,,,split,optimized,5,3,5,2.971789,2.9720088000000002,2.970884,2.972808,0.0007284557364727837,1.2004317999999998,0.015466599999999999,1.7561104,,,custom:libsad_search_3cb67c7e18cc99.so,/home/rzzhang/sad_merged/sad/build/libsad_search_3cb67c7e18cc99.so
2026-08-23T05:32:04.595158+00:00,20260823T050257,joint:qaoa:20:377b9ff55d34b539,ok,,qaoa,20,8,float64,42,128,2,128,2,1,0.25,rotation,rotation,7,7,compact:L3R0W0-L3R0W0-L3R0W0-L3R0W0-L3R0W0-L3R0W0-L2R0W0,compact:L3R0W0-L3R0W0-L3R0W0-L3R0W0-L3R0W0-L3R0W0-L2R0W0,,,merged,optimized,5,3,5,5.935524999999999,5.9350496,5.9283030000000005,5.938412,0.003573156341387553,1.665638,0.040192399999999996,4.2292192,,,custom:libsad_search_8fbfac92ec4bef.so,/home/rzzhang/sad_merged/sad/build/libsad_search_8fbfac92ec4bef.so
2026-08-23T05:32:04.658084+00:00,20260823T050257,joint:qaoa:16:13c3ce6ffa126082,ok,,qaoa,16,8,float64,42,128,2,128,2,2,0.75,rotation,rotation,12,12,compact:L2R0W0-L2R0W0-L2R0W0-L2R0W0-L1R0W0-L1R0W0-L1R0W0-L1R0W0-L1R0W0-L1R0W0-L1R0W0-L1R0W0,compact:L2R0W0-L2R0W0-L2R0W0-L2R0W0-L1R0W0-L1R0W0-L1R0W0-L1R0W0-L1R0W0-L1R0W0-L1R0W0-L1R0W0,,,split,optimized,5,3,5,1.452118,1.45249,1.451997,1.454107,0.0008098192390898236,0.6211734,0.015756399999999997,0.8155602,,,custom:libsad_search_d02bea87aa5c56.so,/home/rzzhang/sad_merged/sad/build/libsad_search_d02bea87aa5c56.so
2026-08-23T05:32:04.684028+00:00,20260823T050257,joint:qaoa:24:d34da30f65c85638,ok,,qaoa,24,8,float64,42,32,2,128,2,1,0.0,rotation,rotation,4,3,compact:L5R1W0-L5R1W0-L5R1W0-L5R1W0,compact:L5R2W1-L5R2W1-L5R2W1,,,merged,optimized,3,3,3,102.694464,103.293346,102.040334,105.14524,1.3364393126643157,25.50375066666667,0.6189963333333333,77.170599,,,custom:libsad_search_2a8327787a9aac.so,/home/rzzhang/sad_merged/sad/build/libsad_search_2a8327787a9aac.so
2026-08-23T05:32:05.347160+00:00,20260823T050257,joint:qaoa:12:5238cd4d1a0ff85f,ok,,qaoa,12,8,float64,42,32,2,32,2,1,0.0,rotation,rotation,2,2,compact:L5R1W0-L5R1W0,compact:L5R1W0-L5R1W0,,,split,optimized,10,3,10,0.26822250000000003,0.2682603,0.267165,0.270379,0.00104612839078193,0.0936169,0.015375800000000002,0.15926759999999998,,,custom:libsad_search_3cb67c7e18cc99.so,/home/rzzhang/sad_merged/sad/build/libsad_search_3cb67c7e18cc99.so
2026-08-23T05:32:05.363779+00:00,20260823T050257,joint:qaoa:18:07c7eff591f3c300,ok,,qaoa,18,8,float64,42,32,2,128,2,2,0.25,rotation,rotation,7,6,compact:L3R0W0-L3R0W0-L3R0W0-L3R0W0-L2R0W0-L2R0W0-L2R0W0,compact:L3R0W0-L3R0W0-L3R0W0-L3R0W0-L3R0W0-L3R0W0,,,merged,optimized,5,3,5,1.838222,1.8383092,1.837131,1.839877,0.0010869670464186093,0.6214270000000001,0.015260799999999998,1.2016214,,,custom:libsad_search_fce412939d20fb.so,/home/rzzhang/sad_merged/sad/build/libsad_search_fce412939d20fb.so
2026-08-23T05:32:05.394227+00:00,20260823T050257,joint:qaoa:24:5dd3de6f2bfb3079,ok,,qaoa,24,8,float64,42,32,2,128,2,1,0.25,rotation,rotation,9,8,compact:L3R0W0-L3R0W0-L3R0W0-L3R0W0-L3R0W0-L3R0W0-L2R0W0-L2R0W0-L2R0W0,compact:L3R0W0-L3R0W0-L3R0W0-L3R0W0-L3R0W0-L3R0W0-L3R0W0-L3R0W0,,,split,optimized,3,3,3,121.30485099999999,121.33686133333333,121.288801,121.416932,0.05699639971281061,42.540155666666664,0.639987,78.15671866666666,,,custom:libsad_search_0e4f539ceca897.so,/home/rzzhang/sad_merged/sad/build/libsad_search_0e4f539ceca897.so
2026-08-23T05:32:06.154621+00:00,20260823T050257,joint:qaoa:28:077c879671e63ed6,ok,,qaoa,28,8,float64,42,64,2,64,2,1,0.25,rotation,rotation,10,10,compact:L3R0W0-L3R0W0-L3R0W0-L3R0W0-L3R0W0-L3R0W0-L3R0W0-L3R0W0-L2R0W0-L2R0W0,compact:L3R0W0-L3R0W0-L3R0W0-L3R0W0-L3R0W0-L3R0W0-L3R0W0-L3R0W0-L2R0W0-L2R0W0,,,merged,optimized,2,3,2,2307.8293320000002,2307.8293320000002,2307.71936,2307.939304,0.10997199999997065,756.179788,10.0049595,1541.6445845,,,custom:libsad_search_7e5293342e215a.so,/home/rzzhang/sad_merged/sad/build/libsad_search_7e5293342e215a.so
2026-08-23T05:32:17.724156+00:00,20260823T050257,joint:qaoa:18:6c73be12592f2a0d,ok,,qaoa,18,8,float64,42,32,2,32,2,2,1.0,rotation,rotation,18,18,compact:L1R0W0-L1R0W0-L1R0W0-L1R0W0-L1R0W0-L1R0W0-L1R0W0-L1R0W0-L1R0W0-L1R0W0-L1R0W0-L1R0W0-L1R0W0-L1R0W0-L1R0W0-L1R0W0-L1R0W0-L1R0W0,compact:L1R0W0-L1R0W0-L1R0W0-L1R0W0-L1R0W0-L1R0W0-L1R0W0-L1R0W0-L1R0W0-L1R0W0-L1R0W0-L1R0W0-L1R0W0-L1R0W0-L1R0W0-L1R0W0-L1R0W0-L1R0W0,,,split,optimized,5,3,5,2.997329,2.997187,2.99536,2.9994690000000004,0.0013584525019302899,1.2098508,0.0155186,1.7718175999999999,,,custom:libsad_search_16d9d6cef53b3d.so,/home/rzzhang/sad_merged/sad/build/libsad_search_16d9d6cef53b3d.so
2026-08-23T05:32:17.774298+00:00,20260823T050257,joint:qaoa:6:120d10304afc1945,ok,,qaoa,6,8,float64,42,32,2,128,2,2,1.0,rotation,rotation,6,6,compact:L1R0W0-L1R0W0-L1R0W0-L1R0W0-L1R0W0-L1R0W0,compact:L1R0W0-L1R0W0-L1R0W0-L1R0W0-L1R0W0-L1R0W0,,,merged,optimized,20,3,20,0.396308,0.39643174999999997,0.39436400000000005,0.398387,0.0009069362642986395,0.15424335000000003,0.015505099999999999,0.22668330000000003,,,custom:libsad_search_fce412939d20fb.so,/home/rzzhang/sad_merged/sad/build/libsad_search_fce412939d20fb.so
2026-08-23T05:32:17.800380+00:00,20260823T050257,joint:qaoa:4:c03121e0523462f4,ok,,qaoa,4,8,float64,42,64,2,64,2,1,0.25,rotation,rotation,2,2,compact:L2R0W0-L2R0W0,compact:L2R0W0-L2R0W0,,,split,optimized,20,3,20,0.154843,0.15521325000000002,0.15446,0.156789,0.0007500923859765574,0.0546361,0.01536835,0.0852088,,,custom:libsad_search_7ec063ebc99501.so,/home/rzzhang/sad_merged/sad/build/libsad_search_7ec063ebc99501.so
2026-08-23T05:32:17.821572+00:00,20260823T050257,joint:qaoa:12:dfa075227c936067,ok,,qaoa,12,8,float64,42,32,2,32,2,2,0.0,rotation,rotation,2,2,compact:L5R1W0-L5R1W0,compact:L5R1W0-L5R1W0,,,merged,optimized,10,3,10,0.2692545,0.2690866,0.268224,0.26938500000000004,0.00039602201958981273,0.0938056,0.015646,0.159635,,,custom:libsad_search_dcff342f285260.so,/home/rzzhang/sad_merged/sad/build/libsad_search_dcff342f285260.so
2026-08-23T05:32:17.842434+00:00,20260823T050257,joint:qaoa:20:ce1fc2aca68b4f92,ok,,qaoa,20,8,float64,42,32,2,128,2,2,0.0,rotation,rotation,3,3,compact:L5R2W0-L5R2W0-L5R1W0,compact:L5R2W0-L5R2W0-L5R1W0,,,merged,optimized,5,3,5,5.423395999999999,5.424838599999999,5.422382999999999,5.431623999999999,0.0034165450150699392,1.3584344000000002,0.040299999999999996,4.0261042,,,custom:libsad_search_fce412939d20fb.so,/home/rzzhang/sad_merged/sad/build/libsad_search_fce412939d20fb.so
2026-08-23T05:32:17.913903+00:00,20260823T050257,joint:qaoa:6:8bd18ff9f9611454,ok,,qaoa,6,8,float64,42,32,2,128,2,1,1.0,rotation,rotation,6,6,compact:L1R0W0-L1R0W0-L1R0W0-L1R0W0-L1R0W0-L1R0W0,compact:L1R0W0-L1R0W0-L1R0W0-L1R0W0-L1R0W0-L1R0W0,,,merged,optimized,20,3,20,0.39638300000000004,0.39678779999999997,0.396105,0.398243,0.0006105226121938465,0.15362645000000003,0.01545455,0.22770680000000001,,,custom:libsad_search_2a8327787a9aac.so,/home/rzzhang/sad_merged/sad/build/libsad_search_2a8327787a9aac.so
2026-08-23T05:32:17.940151+00:00,20260823T050257,joint:qaoa:18:d90f5a3ac5e197b0,ok,,qaoa,18,8,float64,42,128,2,32,2,2,0.75,rotation,rotation,14,14,compact:L2R0W0-L2R0W0-L2R0W0-L2R0W0-L1R0W0-L1R0W0-L1R0W0-L1R0W0-L1R0W0-L1R0W0-L1R0W0-L1R0W0-L1R0W0-L1R0W0,compact:L2R0W0-L2R0W0-L2R0W0-L2R0W0-L1R0W0-L1R0W0-L1R0W0-L1R0W0-L1R0W0-L1R0W0-L1R0W0-L1R0W0-L1R0W0-L1R0W0,,,split,optimized,5,3,5,2.6174399999999998,2.615851,2.608269,2.6187039999999997,0.003874869339732616,1.0598454,0.0155042,1.5405014000000001,,,custom:libsad_search_3b115211f38255.so,/home/rzzhang/sad_merged/sad/build/libsad_search_3b115211f38255.so
2026-08-23T05:32:17.986451+00:00,20260823T050257,joint:qaoa:18:5213c07cc5ee6222,ok,,qaoa,18,8,float64,42,128,2,32,2,1,0.25,rotation,rotation,6,7,compact:L3R0W0-L3R0W0-L3R0W0-L3R0W0-L3R0W0-L3R0W0,compact:L3R0W0-L3R0W0-L3R0W0-L3R0W0-L2R0W0-L2R0W0-L2R0W0,,,merged,optimized,5,3,5,1.782695,1.7824354,1.781798,1.7829460000000001,0.00046747175315737236,0.5992600000000001,0.015312,1.1678634,,,custom:libsad_search_5851e15f736f52.so,/home/rzzhang/sad_merged/sad/build/libsad_search_5851e15f736f52.so
2026-08-23T05:32:18.014147+00:00,20260823T050257,joint:qaoa:6:72f3ca6b278654f6,ok,,qaoa,6,8,float64,42,32,2,128,2,1,0.0,rotation,rotation,1,1,compact:L5R1W0,compact:L5R1W0,,,split,optimized,20,3,20,0.17714050000000003,0.17717975000000002,0.17699900000000002,0.17767100000000002,0.00016330152326295044,0.041998,0.015324300000000003,0.11985744999999999,,,custom:libsad_search_0e4f539ceca897.so,/home/rzzhang/sad_merged/sad/build/libsad_search_0e4f539ceca897.so
2026-08-23T05:32:18.030773+00:00,20260823T050257,joint:qaoa:20:619df96320dd359e,ok,,qaoa,20,8,float64,42,128,2,128,2,1,0.25,rotation,rotation,7,7,compact:L3R0W0-L3R0W0-L3R0W0-L3R0W0-L3R0W0-L3R0W0-L2R0W0,compact:L3R0W0-L3R0W0-L3R0W0-L3R0W0-L3R0W0-L3R0W0-L2R0W0,,,split,optimized,5,3,5,6.292835,6.1834176,5.936266,6.293868,0.14420391842193472,1.7217415999999999,0.0399406,4.421735399999999,,,custom:libsad_search_9361435758c99d.so,/home/rzzhang/sad_merged/sad/build/libsad_search_9361435758c99d.so
2026-08-23T05:32:18.093174+00:00,20260823T050257,joint:qaoa:8:2df5052571c74ac3,ok,,qaoa,8,8,float64,42,64,2,64,2,1,0.75,rotation,rotation,6,6,compact:L2R0W0-L2R0W0-L1R0W0-L1R0W0-L1R0W0-L1R0W0,compact:L2R0W0-L2R0W0-L1R0W0-L1R0W0-L1R0W0-L1R0W0,,,merged,optimized,20,3,20,0.452114,0.45453545,0.451496,0.45883399999999996,0.003353316678677982,0.19128629999999996,0.015533300000000003,0.24771585,,,custom:libsad_search_7e5293342e215a.so,/home/rzzhang/sad_merged/sad/build/libsad_search_7e5293342e215a.so
2026-08-23T05:32:18.116493+00:00,20260823T050257,joint:qaoa:22:c922fde8edc70116,ok,,qaoa,22,8,float64,42,32,2,32,2,2,0.25,rotation,rotation,8,8,compact:L3R0W0-L3R0W0-L3R0W0-L3R0W0-L3R0W0-L3R0W0-L2R0W0-L2R0W0,compact:L3R0W0-L3R0W0-L3R0W0-L3R0W0-L3R0W0-L3R0W0-L2R0W0-L2R0W0,,,split,optimized,3,3,3,26.733204999999998,26.73330333333333,26.726255999999996,26.740448999999998,0.005794685170242921,6.862611,0.147744,19.722948333333335,,,custom:libsad_search_16d9d6cef53b3d.so,/home/rzzhang/sad_merged/sad/build/libsad_search_16d9d6cef53b3d.so
2026-08-23T05:32:18.302540+00:00,20260823T050257,joint:qaoa:26:91ae8bcda1928ab3,ok,,qaoa,26,8,float64,42,64,2,64,2,2,0.75,rotation,rotation,20,20,compact:L2R0W0-L2R0W0-L2R0W0-L2R0W0-L2R0W0-L2R0W0-L1R0W0-L1R0W0-L1R0W0-L1R0W0-L1R0W0-L1R0W0-L1R0W0-L1R0W0-L1R0W0-L1R0W0-L1R0W0-L1R0W0-L1R0W0-L1R0W0,compact:L2R0W0-L2R0W0-L2R0W0-L2R0W0-L2R0W0-L2R0W0-L1R0W0-L1R0W0-L1R0W0-L1R0W0-L1R0W0-L1R0W0-L1R0W0-L1R0W0-L1R0W0-L1R0W0-L1R0W0-L1R0W0-L1R0W0-L1R0W0,,,split,optimized,2,3,2,1136.3564075,1136.3564075,1135.728063,1136.984752,0.6283445000000256,377.360068,2.5140195,756.48232,,,custom:libsad_search_20c37ff249ec0a.so,/home/rzzhang/sad_merged/sad/build/libsad_search_20c37ff249ec0a.so
2026-08-23T05:32:24.011285+00:00,20260823T050257,joint:qaoa:6:ec4ddc5b1f9a11aa,ok,,qaoa,6,8,float64,42,128,2,128,2,1,0.75,rotation,rotation,5,5,compact:L2R0W0-L1R0W0-L1R0W0-L1R0W0-L1R0W0,compact:L2R0W0-L1R0W0-L1R0W0-L1R0W0-L1R0W0,,,split,optimized,20,3,20,0.366607,0.36683105,0.364589,0.368688,0.0008493229347544977,0.146703,0.0154968,0.20463125,,,custom:libsad_search_9361435758c99d.so,/home/rzzhang/sad_merged/sad/build/libsad_search_9361435758c99d.so
2026-08-23T05:32:24.038159+00:00,20260823T050257,joint:qaoa:18:e6db922b12045bdc,ok,,qaoa,18,8,float64,42,64,2,64,2,1,0.75,rotation,rotation,14,14,compact:L2R0W0-L2R0W0-L2R0W0-L2R0W0-L1R0W0-L1R0W0-L1R0W0-L1R0W0-L1R0W0-L1R0W0-L1R0W0-L1R0W0-L1R0W0-L1R0W0,compact:L2R0W0-L2R0W0-L2R0W0-L2R0W0-L1R0W0-L1R0W0-L1R0W0-L1R0W0-L1R0W0-L1R0W0-L1R0W0-L1R0W0-L1R0W0-L1R0W0,,,merged,optimized,5,3,5,2.622558,2.6229799999999996,2.6206629999999995,2.6266149999999997,0.00205434446965446,1.0316982,0.015416999999999998,1.5758648,,,custom:libsad_search_7e5293342e215a.so,/home/rzzhang/sad_merged/sad/build/libsad_search_7e5293342e215a.so
2026-08-23T05:32:24.078756+00:00,20260823T050257,joint:qaoa:16:6d2e4c5fbd3119ad,ok,,qaoa,16,8,float64,42,32,2,32,2,1,0.25,rotation,rotation,6,6,compact:L3R0W0-L3R0W0-L3R0W0-L3R0W0-L2R0W0-L2R0W0,compact:L3R0W0-L3R0W0-L3R0W0-L3R0W0-L2R0W0-L2R0W0,,,split,optimized,5,3,5,0.7864289999999999,0.7862386,0.785462,0.7864789999999999,0.0003898474573470859,0.3062564,0.015498,0.4644842,,,custom:libsad_search_3cb67c7e18cc99.so,/home/rzzhang/sad_merged/sad/build/libsad_search_3cb67c7e18cc99.so
2026-08-23T05:32:24.098285+00:00,20260823T050257,joint:qaoa:22:8306e74a3be9f074,ok,,qaoa,22,8,float64,42,128,2,32,2,2,0.25,rotation,rotation,8,8,compact:L3R0W0-L3R0W0-L3R0W0-L3R0W0-L3R0W0-L3R0W0-L2R0W0-L2R0W0,compact:L3R0W0-L3R0W0-L3R0W0-L3R0W0-L3R0W0-L3R0W0-L2R0W0-L2R0W0,,,split,optimized,3,3,3,25.771630000000002,25.775738,25.764477,25.791107,0.011253028422014604,6.167240333333333,0.14339233333333334,19.465105333333334,,,custom:libsad_search_3b115211f38255.so,/home/rzzhang/sad_merged/sad/build/libsad_search_3b115211f38255.so
2026-08-23T05:32:24.278315+00:00,20260823T050257,joint:qaoa:20:3986a9954af2d922,ok,,qaoa,20,8,float64,42,128,2,128,2,2,0.75,rotation,rotation,16,16,compact:L2R0W0-L2R0W0-L2R0W0-L2R0W0-L1R0W0-L1R0W0-L1R0W0-L1R0W0-L1R0W0-L1R0W0-L1R0W0-L1R0W0-L1R0W0-L1R0W0-L1R0W0-L1R0W0,compact:L2R0W0-L2R0W0-L2R0W0-L2R0W0-L1R0W0-L1R0W0-L1R0W0-L1R0W0-L1R0W0-L1R0W0-L1R0W0-L1R0W0-L1R0W0-L1R0W0-L1R0W0-L1R0W0,,,split,optimized,5,3,5,7.9537759999999995,7.956343799999999,7.951744000000001,7.966238000000001,0.005253813182822705,2.7312938,0.0399796,5.1850704,,,custom:libsad_search_d02bea87aa5c56.so,/home/rzzhang/sad_merged/sad/build/libsad_search_d02bea87aa5c56.so
2026-08-23T05:32:24.355859+00:00,20260823T050257,joint:qaoa:20:816ce89f52370f90,ok,,qaoa,20,8,float64,42,32,2,128,2,1,0.25,rotation,rotation,7,7,compact:L3R0W0-L3R0W0-L3R0W0-L3R0W0-L3R0W0-L3R0W0-L2R0W0,compact:L3R0W0-L3R0W0-L3R0W0-L3R0W0-L3R0W0-L3R0W0-L2R0W0,,,split,optimized,5,3,5,6.377867,6.3790782,6.376741999999999,6.385078000000001,0.003101647845904318,1.8444597999999999,0.039975,4.494643399999999,,,custom:libsad_search_0e4f539ceca897.so,/home/rzzhang/sad_merged/sad/build/libsad_search_0e4f539ceca897.so
2026-08-23T05:32:24.420404+00:00,20260823T050257,joint:qaoa:14:6c8a1adb7b79418b,ok,,qaoa,14,8,float64,42,128,2,128,2,1,0.5,rotation,rotation,8,8,compact:L2R0W0-L2R0W0-L2R0W0-L2R0W0-L2R0W0-L2R0W0-L1R0W0-L1R0W0,compact:L2R0W0-L2R0W0-L2R0W0-L2R0W0-L2R0W0-L2R0W0-L1R0W0-L1R0W0,,,merged,optimized,10,3,10,0.9600595000000001,0.9615596,0.958479,0.971938,0.003914324825560592,0.39375699999999997,0.0165054,0.5512971999999999,,,custom:libsad_search_8fbfac92ec4bef.so,/home/rzzhang/sad_merged/sad/build/libsad_search_8fbfac92ec4bef.so
2026-08-23T05:32:24.445677+00:00,20260823T050257,joint:qaoa:18:0a92e41a77e56d97,ok,,qaoa,18,8,float64,42,32,2,128,2,2,0.0,rotation,rotation,3,2,compact:L5R1W0-L5R1W0-L5R1W0,compact:L5R2W2-L5R2W2,,,split,optimized,5,3,5,1.606955,1.6065762,1.5994149999999998,1.6190269999999998,0.007133276201017318,0.485105,0.0202452,1.1012259999999998,,,custom:libsad_search_2a0e4369743c84.so,/home/rzzhang/sad_merged/sad/build/libsad_search_2a0e4369743c84.so
2026-08-23T05:32:24.471587+00:00,20260823T050257,joint:qaoa:10:343ef6b5c69a2ce1,ok,,qaoa,10,8,float64,42,128,2,128,2,2,0.25,rotation,rotation,4,4,compact:L3R0W0-L3R0W0-L2R0W0-L2R0W0,compact:L3R0W0-L3R0W0-L2R0W0-L2R0W0,,,split,optimized,10,3,10,0.5156135,0.5164976,0.513112,0.528377,0.004062207828262842,0.18778029999999998,0.0168268,0.3118905,,,custom:libsad_search_d02bea87aa5c56.so,/home/rzzhang/sad_merged/sad/build/libsad_search_d02bea87aa5c56.so
2026-08-23T05:32:24.490757+00:00,20260823T050257,joint:qaoa:6:501e6f19043d8d34,ok,,qaoa,6,8,float64,42,32,2,32,2,1,0.0,rotation,rotation,1,1,compact:L5R1W0,compact:L5R1W0,,,merged,optimized,20,3,20,0.13919749999999997,0.1392836,0.138164,0.14535399999999998,0.0014953002173476717,0.04448705,0.01594635,0.0788502,,,custom:libsad_search_f9cdaf042a7bd6.so,/home/rzzhang/sad_merged/sad/build/libsad_search_f9cdaf042a7bd6.so
2026-08-23T05:32:24.506835+00:00,20260823T050257,joint:qaoa:16:4d1dcd4398deb4aa,ok,,qaoa,16,8,float64,42,128,2,128,2,1,0.75,rotation,rotation,12,12,compact:L2R0W0-L2R0W0-L2R0W0-L2R0W0-L1R0W0-L1R0W0-L1R0W0-L1R0W0-L1R0W0-L1R0W0-L1R0W0-L1R0W0,compact:L2R0W0-L2R0W0-L2R0W0-L2R0W0-L1R0W0-L1R0W0-L1R0W0-L1R0W0-L1R0W0-L1R0W0-L1R0W0-L1R0W0,,,merged,optimized,5,3,5,1.492,1.4920862,1.491012,1.49338,0.000755488292430767,0.6379322,0.0154304,0.8387236,,,custom:libsad_search_8fbfac92ec4bef.so,/home/rzzhang/sad_merged/sad/build/libsad_search_8fbfac92ec4bef.so
2026-08-23T05:32:24.531447+00:00,20260823T050257,joint:qaoa:28:69a9e21d119cd415,ok,,qaoa,28,8,float64,42,128,2,128,2,1,1.0,rotation,rotation,28,28,compact:L1R0W0-L1R0W0-L1R0W0-L1R0W0-L1R0W0-L1R0W0-L1R0W0-L1R0W0-L1R0W0-L1R0W0-L1R0W0-L1R0W0-L1R0W0-L1R0W0-L1R0W0-L1R0W0-L1R0W0-L1R0W0-L1R0W0-L1R0W0-L1R0W0-L1R0W0-L1R0W0-L1R0W0-L1R0W0-L1R0W0-L1R0W0-L1R0W0,compact:L1R0W0-L1R0W0-L1R0W0-L1R0W0-L1R0W0-L1R0W0-L1R0W0-L1R0W0-L1R0W0-L1R0W0-L1R0W0-L1R0W0-L1R0W0-L1R0W0-L1R0W0-L1R0W0-L1R0W0-L1R0W0-L1R0W0-L1R0W0-L1R0W0-L1R0W0-L1R0W0-L1R0W0-L1R0W0-L1R0W0-L1R0W0-L1R0W0,,,merged,optimized,2,3,2,6329.136678999999,6329.136678999999,6328.121208999999,6330.152149,1.0154700000002777,2104.6422104999997,9.9930485,4214.50142,,,custom:libsad_search_8fbfac92ec4bef.so,/home/rzzhang/sad_merged/sad/build/libsad_search_8fbfac92ec4bef.so
2026-08-23T05:32:56.214783+00:00,20260823T050257,joint:qaoa:16:d969390aad285d96,ok,,qaoa,16,8,float64,42,32,2,128,2,1,0.5,rotation,rotation,10,9,compact:L2R0W0-L2R0W0-L2R0W0-L2R0W0-L2R0W0-L2R0W0-L1R0W0-L1R0W0-L1R0W0-L1R0W0,compact:L2R0W0-L2R0W0-L2R0W0-L2R0W0-L2R0W0-L2R0W0-L2R0W0-L1R0W0-L1R0W0,,,merged,optimized,5,3,5,1.122289,1.1226867999999999,1.121506,1.124119,0.0009349755932643926,0.45812379999999997,0.015468200000000001,0.6490948,,,custom:libsad_search_2a8327787a9aac.so,/home/rzzhang/sad_merged/sad/build/libsad_search_2a8327787a9aac.so
2026-08-23T05:32:56.256840+00:00,20260823T050257,joint:qaoa:8:7c76acb3dc510817,ok,,qaoa,8,8,float64,42,32,2,32,2,1,0.25,rotation,rotation,4,4,compact:L2R0W0-L2R0W0-L2R0W0-L2R0W0,compact:L2R0W0-L2R0W0-L2R0W0-L2R0W0,,,split,optimized,20,3,20,0.317435,0.3176317,0.31649,0.318566,0.0006705934759599087,0.12954025,0.01558055,0.1725109,,,custom:libsad_search_3cb67c7e18cc99.so,/home/rzzhang/sad_merged/sad/build/libsad_search_3cb67c7e18cc99.so
2026-08-23T05:32:56.284849+00:00,20260823T050257,joint:qaoa:10:ca38d8a1f9910e2c,ok,,qaoa,10,8,float64,42,128,2,128,2,2,0.5,rotation,rotation,6,6,compact:L2R0W0-L2R0W0-L2R0W0-L2R0W0-L1R0W0-L1R0W0,compact:L2R0W0-L2R0W0-L2R0W0-L2R0W0-L1R0W0-L1R0W0,,,split,optimized,10,3,10,0.5958815,0.5950472,0.588951,0.596092,0.0020715867734661746,0.2383576,0.0149323,0.34175730000000004,,,custom:libsad_search_d02bea87aa5c56.so,/home/rzzhang/sad_merged/sad/build/libsad_search_d02bea87aa5c56.so
2026-08-23T05:32:56.313274+00:00,20260823T050257,joint:qaoa:22:660ad963a42d25b3,ok,,qaoa,22,8,float64,42,128,2,128,2,1,0.25,rotation,rotation,8,8,compact:L3R0W0-L3R0W0-L3R0W0-L3R0W0-L3R0W0-L3R0W0-L2R0W0-L2R0W0,compact:L3R0W0-L3R0W0-L3R0W0-L3R0W0-L3R0W0-L3R0W0-L2R0W0-L2R0W0,,,merged,optimized,3,3,3,27.132653,26.929724000000004,26.50784,27.148679,0.2983887735388178,6.2009056666666655,0.14891866666666667,20.57989966666667,,,custom:libsad_search_8fbfac92ec4bef.so,/home/rzzhang/sad_merged/sad/build/libsad_search_8fbfac92ec4bef.so
2026-08-23T05:32:56.511846+00:00,20260823T050257,joint:qaoa:4:4ae90921b1a49d66,ok,,qaoa,4,8,float64,42,128,2,128,2,1,0.0,rotation,rotation,1,1,compact:L4R0W0,compact:L4R0W0,,,merged,optimized,20,3,20,0.1443875,0.14455465,0.143934,0.145737,0.0004600515487420917,0.04237585,0.015063000000000002,0.0871158,,,custom:libsad_search_8fbfac92ec4bef.so,/home/rzzhang/sad_merged/sad/build/libsad_search_8fbfac92ec4bef.so
2026-08-23T05:32:56.532369+00:00,20260823T050257,joint:qaoa:20:5e5b37a49a69e10e,ok,,qaoa,20,8,float64,42,128,2,128,2,1,0.0,rotation,rotation,3,3,compact:L5R2W0-L5R2W0-L5R1W0,compact:L5R2W0-L5R2W0-L5R1W0,,,split,optimized,5,3,5,5.457194,5.4571816,5.454065,5.460275,0.002358781176794605,1.3596154,0.04017219999999999,4.057394,,,custom:libsad_search_9361435758c99d.so,/home/rzzhang/sad_merged/sad/build/libsad_search_9361435758c99d.so
2026-08-23T05:32:56.600552+00:00,20260823T050257,joint:qaoa:18:a84a98d206630243,ok,,qaoa,18,8,float64,42,128,2,32,2,1,0.0,rotation,rotation,2,3,compact:L5R2W2-L5R2W2,compact:L5R1W0-L5R1W0-L5R1W0,,,merged,optimized,5,3,5,1.494193,1.494057,1.4929359999999998,1.4950409999999998,0.0008945620157372927,0.386624,0.0153154,1.0921176,,,custom:libsad_search_5851e15f736f52.so,/home/rzzhang/sad_merged/sad/build/libsad_search_5851e15f736f52.so
2026-08-23T05:32:56.630583+00:00,20260823T050257,joint:qaoa:22:e0c8d05151351878,ok,,qaoa,22,8,float64,42,32,2,32,2,2,0.5,rotation,rotation,13,13,compact:L2R0W0-L2R0W0-L2R0W0-L2R0W0-L2R0W0-L2R0W0-L2R0W0-L2R0W0-L2R0W0-L1R0W0-L1R0W0-L1R0W0-L1R0W0,compact:L2R0W0-L2R0W0-L2R0W0-L2R0W0-L2R0W0-L2R0W0-L2R0W0-L2R0W0-L2R0W0-L1R0W0-L1R0W0-L1R0W0-L1R0W0,,,merged,optimized,3,3,3,39.856474,39.861528666666665,39.847101,39.881011,0.014297651703067116,8.598739333333333,0.14630166666666666,31.116487666666664,,,custom:libsad_search_dcff342f285260.so,/home/rzzhang/sad_merged/sad/build/libsad_search_dcff342f285260.so
2026-08-23T05:32:56.900943+00:00,20260823T050257,joint:qaoa:20:fc4164ded73e24c1,ok,,qaoa,20,8,float64,42,128,2,32,2,1,0.0,rotation,rotation,3,3,compact:L5R2W0-L5R2W0-L5R1W0,compact:L5R2W0-L5R2W0-L5R1W0,,,merged,optimized,5,3,5,5.292034999999999,5.2894474,5.283182,5.294442,0.005174133535192248,1.3771142,0.0398436,3.8724896,,,custom:libsad_search_5851e15f736f52.so,/home/rzzhang/sad_merged/sad/build/libsad_search_5851e15f736f52.so
2026-08-23T05:32:56.967963+00:00,20260823T050257,joint:qaoa:10:65b8352177aead69,ok,,qaoa,10,8,float64,42,128,2,128,2,2,1.0,rotation,rotation,10,10,compact:L1R0W0-L1R0W0-L1R0W0-L1R0W0-L1R0W0-L1R0W0-L1R0W0-L1R0W0-L1R0W0-L1R0W0,compact:L1R0W0-L1R0W0-L1R0W0-L1R0W0-L1R0W0-L1R0W0-L1R0W0-L1R0W0-L1R0W0-L1R0W0,,,merged,optimized,10,3,10,0.8478195,0.8477802999999999,0.846895,0.848914,0.000676782690381484,0.3664114,0.015327499999999999,0.46604139999999994,,,custom:libsad_search_b969ada61d8a74.so,/home/rzzhang/sad_merged/sad/build/libsad_search_b969ada61d8a74.so
2026-08-23T05:32:56.995239+00:00,20260823T050257,joint:qaoa:10:7da06282b509fde2,ok,,qaoa,10,8,float64,42,32,2,32,2,1,0.0,rotation,rotation,2,2,compact:L5R0W0-L5R0W0,compact:L5R0W0-L5R0W0,,,merged,optimized,10,3,10,0.24567450000000002,0.2457162,0.244559,0.24692700000000004,0.0008395565257920484,0.08740909999999999,0.015282800000000003,0.1430243,,,custom:libsad_search_f9cdaf042a7bd6.so,/home/rzzhang/sad_merged/sad/build/libsad_search_f9cdaf042a7bd6.so
2026-08-23T05:32:57.016352+00:00,20260823T050257,joint:qaoa:4:5c835f317ccaf2b5,ok,,qaoa,4,8,float64,42,128,2,128,2,2,0.0,rotation,rotation,1,1,compact:L4R0W0,compact:L4R0W0,,,merged,optimized,20,3,20,0.145382,0.14532445,0.14424399999999998,0.14553,0.0002590591583017316,0.042830799999999995,0.0154703,0.08702335000000001,,,custom:libsad_search_b969ada61d8a74.so,/home/rzzhang/sad_merged/sad/build/libsad_search_b969ada61d8a74.so
2026-08-23T05:32:57.037628+00:00,20260823T050257,joint:qaoa:26:2ae77d864c314081,ok,,qaoa,26,8,float64,42,128,2,32,2,2,0.25,rotation,rotation,9,10,compact:L3R0W0-L3R0W0-L3R0W0-L3R0W0-L3R0W0-L3R0W0-L3R0W0-L3R0W0-L2R0W0,compact:L3R0W0-L3R0W0-L3R0W0-L3R0W0-L3R0W0-L3R0W0-L2R0W0-L2R0W0-L2R0W0-L2R0W0,,,merged,optimized,2,3,2,558.0578025,558.0578025,558.053819,558.0617859999999,0.003983499999947071,170.5340695,2.510819,385.01291399999997,,,custom:libsad_search_d014591f51543a.so,/home/rzzhang/sad_merged/sad/build/libsad_search_d014591f51543a.so
2026-08-23T05:32:59.866504+00:00,20260823T050257,joint:qaoa:28:982ac68805ab1196,ok,,qaoa,28,8,float64,42,32,2,128,2,1,0.5,rotation,rotation,16,16,compact:L2R0W0-L2R0W0-L2R0W0-L2R0W0-L2R0W0-L2R0W0-L2R0W0-L2R0W0-L2R0W0-L2R0W0-L2R0W0-L2R0W0-L1R0W0-L1R0W0-L1R0W0-L1R0W0,compact:L2R0W0-L2R0W0-L2R0W0-L2R0W0-L2R0W0-L2R0W0-L2R0W0-L2R0W0-L2R0W0-L2R0W0-L2R0W0-L2R0W0-L1R0W0-L1R0W0-L1R0W0-L1R0W0,,,split,optimized,2,3,2,3622.8564095,3622.8564095,3622.826664,3622.8861549999997,0.029745499999762615,1201.1877105,9.97118,2411.6975190000003,,,custom:libsad_search_0e4f539ceca897.so,/home/rzzhang/sad_merged/sad/build/libsad_search_0e4f539ceca897.so
2026-08-23T05:33:18.036582+00:00,20260823T050257,joint:qaoa:6:ed12970c8eb9bdc8,ok,,qaoa,6,8,float64,42,128,2,128,2,2,0.25,rotation,rotation,2,2,compact:L3R0W0-L3R0W0,compact:L3R0W0-L3R0W0,,,merged,optimized,20,3,20,0.23253049999999997,0.23288899999999998,0.232158,0.23361099999999999,0.0005519662127340731,0.0748606,0.01522825,0.14280015,,,custom:libsad_search_b969ada61d8a74.so,/home/rzzhang/sad_merged/sad/build/libsad_search_b969ada61d8a74.so
2026-08-23T05:33:18.062220+00:00,20260823T050257,joint:qaoa:14:1cdb2f37bd729891,ok,,qaoa,14,8,float64,42,128,2,128,2,1,0.0,rotation,rotation,2,2,compact:L5R2W0-L5R2W0,compact:L5R2W0-L5R2W0,,,merged,optimized,10,3,10,0.452585,0.4528008,0.451559,0.45476399999999995,0.0007902476573834227,0.1392391,0.0154373,0.2981244,,,custom:libsad_search_8fbfac92ec4bef.so,/home/rzzhang/sad_merged/sad/build/libsad_search_8fbfac92ec4bef.so
2026-08-23T05:33:18.087874+00:00,20260823T050257,joint:qaoa:14:8ea4db5e56632d58,ok,,qaoa,14,8,float64,42,32,2,128,2,2,0.5,rotation,rotation,8,8,compact:L2R0W0-L2R0W0-L2R0W0-L2R0W0-L2R0W0-L2R0W0-L1R0W0-L1R0W0,compact:L2R0W0-L2R0W0-L2R0W0-L2R0W0-L2R0W0-L2R0W0-L1R0W0-L1R0W0,,,split,optimized,10,3,10,0.839798,0.8405203,0.839495,0.842776,0.0011786815558071646,0.30638810000000005,0.0154471,0.5186851,,,custom:libsad_search_2a0e4369743c84.so,/home/rzzhang/sad_merged/sad/build/libsad_search_2a0e4369743c84.so
2026-08-23T05:33:18.127347+00:00,20260823T050257,joint:qaoa:10:92624ee945206f21,ok,,qaoa,10,8,float64,42,32,2,128,2,2,0.0,rotation,rotation,2,2,compact:L5R0W0-L5R0W0,compact:L5R0W0-L5R0W0,,,split,optimized,10,3,10,0.32777199999999995,0.3306171,0.32755,0.33583399999999997,0.003626163494659335,0.08726339999999999,0.0151869,0.22816680000000003,,,custom:libsad_search_2a0e4369743c84.so,/home/rzzhang/sad_merged/sad/build/libsad_search_2a0e4369743c84.so
2026-08-23T05:33:18.152169+00:00,20260823T050257,joint:qaoa:20:2660935e21668ea8,ok,,qaoa,20,8,float64,42,32,2,32,2,2,0.75,rotation,rotation,16,16,compact:L2R0W0-L2R0W0-L2R0W0-L2R0W0-L1R0W0-L1R0W0-L1R0W0-L1R0W0-L1R0W0-L1R0W0-L1R0W0-L1R0W0-L1R0W0-L1R0W0-L1R0W0-L1R0W0,compact:L2R0W0-L2R0W0-L2R0W0-L2R0W0-L1R0W0-L1R0W0-L1R0W0-L1R0W0-L1R0W0-L1R0W0-L1R0W0-L1R0W0-L1R0W0-L1R0W0-L1R0W0-L1R0W0,,,merged,optimized,5,3,5,7.475581,7.4754156,7.473458,7.477780999999999,0.0016715382855319728,2.766295,0.0401496,4.668970999999999,,,custom:libsad_search_dcff342f285260.so,/home/rzzhang/sad_merged/sad/build/libsad_search_dcff342f285260.so
2026-08-23T05:33:18.251049+00:00,20260823T050257,joint:qaoa:4:6d2a5a1b590d59b3,ok,,qaoa,4,8,float64,42,64,2,64,2,1,1.0,rotation,rotation,4,4,compact:L1R0W0-L1R0W0-L1R0W0-L1R0W0,compact:L1R0W0-L1R0W0-L1R0W0-L1R0W0,,,merged,optimized,20,3,20,0.2344515,0.23431989999999997,0.23337100000000002,0.235534,0.000660157928074785,0.0941999,0.015493700000000001,0.12462630000000002,,,custom:libsad_search_7e5293342e215a.so,/home/rzzhang/sad_merged/sad/build/libsad_search_7e5293342e215a.so
2026-08-23T05:33:18.277236+00:00,20260823T050257,joint:qaoa:14:b2e54b9357330500,ok,,qaoa,14,8,float64,42,64,2,64,2,1,0.75,rotation,rotation,11,11,compact:L2R0W0-L2R0W0-L2R0W0-L1R0W0-L1R0W0-L1R0W0-L1R0W0-L1R0W0-L1R0W0-L1R0W0-L1R0W0,compact:L2R0W0-L2R0W0-L2R0W0-L1R0W0-L1R0W0-L1R0W0-L1R0W0-L1R0W0-L1R0W0-L1R0W0-L1R0W0,,,split,optimized,10,3,10,0.963624,0.9636888000000001,0.961522,0.964631,0.0008406668543483724,0.4270455,0.015424400000000001,0.5212189,,,custom:libsad_search_7ec063ebc99501.so,/home/rzzhang/sad_merged/sad/build/libsad_search_7ec063ebc99501.so
2026-08-23T05:33:18.313358+00:00,20260823T050257,joint:qaoa:6:0d5aa9316cdc5c10,ok,,qaoa,6,8,float64,42,128,2,128,2,2,0.25,rotation,rotation,2,2,compact:L3R0W0-L3R0W0,compact:L3R0W0-L3R0W0,,,split,optimized,20,3,20,0.23261350000000003,0.23288455,0.23220400000000002,0.23357,0.0005172813040309864,0.07473315,0.015313400000000001,0.142838,,,custom:libsad_search_d02bea87aa5c56.so,/home/rzzhang/sad_merged/sad/build/libsad_search_d02bea87aa5c56.so
2026-08-23T05:33:18.341925+00:00,20260823T050257,joint:qaoa:20:7d37eae668856ba9,ok,,qaoa,20,8,float64,42,128,2,32,2,1,0.25,rotation,rotation,7,7,compact:L3R0W0-L3R0W0-L3R0W0-L3R0W0-L3R0W0-L3R0W0-L2R0W0,compact:L3R0W0-L3R0W0-L3R0W0-L3R0W0-L3R0W0-L3R0W0-L2R0W0,,,split,optimized,5,3,5,5.693735,5.6925156,5.688607999999999,5.696745000000001,0.0032797493562774925,1.6623006,0.0401184,3.9900965999999998,,,custom:libsad_search_7259903b8346c4.so,/home/rzzhang/sad_merged/sad/build/libsad_search_7259903b8346c4.so
2026-08-23T05:33:18.413286+00:00,20260823T050257,joint:qaoa:16:d7a4e79dd22c00f5,ok,,qaoa,16,8,float64,42,32,2,128,2,1,1.0,rotation,rotation,16,16,compact:L1R0W0-L1R0W0-L1R0W0-L1R0W0-L1R0W0-L1R0W0-L1R0W0-L1R0W0-L1R0W0-L1R0W0-L1R0W0-L1R0W0-L1R0W0-L1R0W0-L1R0W0-L1R0W0,compact:L1R0W0-L1R0W0-L1R0W0-L1R0W0-L1R0W0-L1R0W0-L1R0W0-L1R0W0-L1R0W0-L1R0W0-L1R0W0-L1R0W0-L1R0W0-L1R0W0-L1R0W0-L1R0W0,,,split,optimized,5,3,5,1.673274,1.6722342000000001,1.667076,1.674372,0.002682167362414212,0.6932502,0.0155726,0.9634113999999999,,,custom:libsad_search_0e4f539ceca897.so,/home/rzzhang/sad_merged/sad/build/libsad_search_0e4f539ceca897.so
2026-08-23T05:33:18.444502+00:00,20260823T050257,joint:qaoa:20:41e8ff82c523cdfe,ok,,qaoa,20,8,float64,42,32,2,128,2,1,0.25,rotation,rotation,7,7,compact:L3R0W0-L3R0W0-L3R0W0-L3R0W0-L3R0W0-L3R0W0-L2R0W0,compact:L3R0W0-L3R0W0-L3R0W0-L3R0W0-L3R0W0-L3R0W0-L2R0W0,,,merged,optimized,5,3,5,6.433193999999999,6.4333768,6.433045,6.434100999999999,0.00038984017237811837,1.86593,0.0403942,4.527052599999999,,,custom:libsad_search_2a8327787a9aac.so,/home/rzzhang/sad_merged/sad/build/libsad_search_2a8327787a9aac.so
2026-08-23T05:33:18.511060+00:00,20260823T050257,joint:qaoa:22:5ae54d541d2da66f,ok,,qaoa,22,8,float64,42,64,2,64,2,2,0.0,rotation,rotation,3,3,compact:L5R2W1-L5R2W0-L5R2W0,compact:L5R2W1-L5R2W0-L5R2W0,,,merged,optimized,3,3,3,23.528691,23.522251,23.504094000000002,23.533967999999998,0.013018427170743519,5.671987333333333,0.147833,17.702430666666668,,,custom:libsad_search_97eec9f2a848ec.so,/home/rzzhang/sad_merged/sad/build/libsad_search_97eec9f2a848ec.so
2026-08-23T05:33:18.678313+00:00,20260823T050257,joint:qaoa:4:1a8ff225721d5c6a,ok,,qaoa,4,8,float64,42,32,2,128,2,1,1.0,rotation,rotation,4,4,compact:L1R0W0-L1R0W0-L1R0W0-L1R0W0,compact:L1R0W0-L1R0W0-L1R0W0-L1R0W0,,,split,optimized,20,3,20,0.26215599999999994,0.26462755,0.261961,0.271194,0.0037371720521672453,0.09864575,0.015022599999999999,0.15095920000000002,,,custom:libsad_search_0e4f539ceca897.so,/home/rzzhang/sad_merged/sad/build/libsad_search_0e4f539ceca897.so
2026-08-23T05:33:18.697011+00:00,20260823T050257,joint:qaoa:28:1b1e83ef63a4a589,ok,,qaoa,28,8,float64,42,32,2,32,2,2,1.0,rotation,rotation,28,28,compact:L1R0W0-L1R0W0-L1R0W0-L1R0W0-L1R0W0-L1R0W0-L1R0W0-L1R0W0-L1R0W0-L1R0W0-L1R0W0-L1R0W0-L1R0W0-L1R0W0-L1R0W0-L1R0W0-L1R0W0-L1R0W0-L1R0W0-L1R0W0-L1R0W0-L1R0W0-L1R0W0-L1R0W0-L1R0W0-L1R0W0-L1R0W0-L1R0W0,compact:L1R0W0-L1R0W0-L1R0W0-L1R0W0-L1R0W0-L1R0W0-L1R0W0-L1R0W0-L1R0W0-L1R0W0-L1R0W0-L1R0W0-L1R0W0-L1R0W0-L1R0W0-L1R0W0-L1R0W0-L1R0W0-L1R0W0-L1R0W0-L1R0W0-L1R0W0-L1R0W0-L1R0W0-L1R0W0-L1R0W0-L1R0W0-L1R0W0,,,merged,optimized,2,3,2,6330.488244,6330.488244,6329.358867,6331.617620999999,1.1293769999997494,2102.173836,9.993422,4218.320986,,,custom:libsad_search_dcff342f285260.so,/home/rzzhang/sad_merged/sad/build/libsad_search_dcff342f285260.so
2026-08-23T05:33:50.368295+00:00,20260823T050257,joint:qaoa:4:9444269548b5922d,ok,,qaoa,4,8,float64,42,32,2,32,2,1,0.5,rotation,rotation,2,2,compact:L2R0W0-L2R0W0,compact:L2R0W0-L2R0W0,,,split,optimized,20,3,20,0.14942650000000002,0.14900744999999999,0.147321,0.150489,0.0009266985202858596,0.0559471,0.015481800000000002,0.07757855000000001,,,custom:libsad_search_3cb67c7e18cc99.so,/home/rzzhang/sad_merged/sad/build/libsad_search_3cb67c7e18cc99.so
2026-08-23T05:33:50.390359+00:00,20260823T050257,joint:qaoa:14:e74558aa0e9341c7,ok,,qaoa,14,8,float64,42,128,2,128,2,1,0.5,rotation,rotation,8,8,compact:L2R0W0-L2R0W0-L2R0W0-L2R0W0-L2R0W0-L2R0W0-L1R0W0-L1R0W0,compact:L2R0W0-L2R0W0-L2R0W0-L2R0W0-L2R0W0-L2R0W0-L1R0W0-L1R0W0,,,split,optimized,10,3,10,0.916407,0.9147413999999999,0.909334,0.9175589999999999,0.0032857625355463375,0.37405,0.0157275,0.5249639,,,custom:libsad_search_9361435758c99d.so,/home/rzzhang/sad_merged/sad/build/libsad_search_9361435758c99d.so
2026-08-23T05:33:50.420534+00:00,20260823T050257,joint:qaoa:24:b51c803740922fca,ok,,qaoa,24,8,float64,42,32,2,128,2,1,0.0,rotation,rotation,4,3,compact:L5R1W0-L5R1W0-L5R1W0-L5R1W0,compact:L5R2W1-L5R2W1-L5R2W1,,,split,optimized,3,3,3,101.418525,101.41444333333334,101.3745,101.45030499999999,0.03108155410456965,24.757998,0.6157116666666668,76.04073366666667,,,custom:libsad_search_0e4f539ceca897.so,/home/rzzhang/sad_merged/sad/build/libsad_search_0e4f539ceca897.so
2026-08-23T05:33:51.069149+00:00,20260823T050257,joint:qaoa:16:84067c3791e13ec5,ok,,qaoa,16,8,float64,42,128,2,32,2,1,0.75,rotation,rotation,12,13,compact:L2R0W0-L2R0W0-L2R0W0-L2R0W0-L1R0W0-L1R0W0-L1R0W0-L1R0W0-L1R0W0-L1R0W0-L1R0W0-L1R0W0,compact:L2R0W0-L2R0W0-L2R0W0-L1R0W0-L1R0W0-L1R0W0-L1R0W0-L1R0W0-L1R0W0-L1R0W0-L1R0W0-L1R0W0-L1R0W0,,,merged,optimized,5,3,5,1.344261,1.3454882,1.3434419999999998,1.349664,0.00236599031274435,0.5954026,0.015588400000000002,0.7344972000000001,,,custom:libsad_search_5851e15f736f52.so,/home/rzzhang/sad_merged/sad/build/libsad_search_5851e15f736f52.so
2026-08-23T05:33:51.093341+00:00,20260823T050257,joint:qaoa:14:2e7a2790fdf5daa4,ok,,qaoa,14,8,float64,42,64,2,64,2,2,1.0,rotation,rotation,14,14,compact:L1R0W0-L1R0W0-L1R0W0-L1R0W0-L1R0W0-L1R0W0-L1R0W0-L1R0W0-L1R0W0-L1R0W0-L1R0W0-L1R0W0-L1R0W0-L1R0W0,compact:L1R0W0-L1R0W0-L1R0W0-L1R0W0-L1R0W0-L1R0W0-L1R0W0-L1R0W0-L1R0W0-L1R0W0-L1R0W0-L1R0W0-L1R0W0-L1R0W0,,,split,optimized,10,3,10,1.1714165,1.1710649,1.1696620000000002,1.172529,0.0008084639076668349,0.5325659,0.0153233,0.6231757,,,custom:libsad_search_20c37ff249ec0a.so,/home/rzzhang/sad_merged/sad/build/libsad_search_20c37ff249ec0a.so
2026-08-23T05:33:51.121789+00:00,20260823T050257,joint:qaoa:12:3dc842adbe820a0e,ok,,qaoa,12,8,float64,42,64,2,64,2,1,0.75,rotation,rotation,10,10,compact:L2R0W0-L2R0W0-L1R0W0-L1R0W0-L1R0W0-L1R0W0-L1R0W0-L1R0W0-L1R0W0-L1R0W0,compact:L2R0W0-L2R0W0-L1R0W0-L1R0W0-L1R0W0-L1R0W0-L1R0W0-L1R0W0-L1R0W0-L1R0W0,,,merged,optimized,10,3,10,0.8069044999999999,0.8068123999999999,0.804785,0.809927,0.0014744650012800977,0.35607310000000003,0.0154966,0.4352427,,,custom:libsad_search_7e5293342e215a.so,/home/rzzhang/sad_merged/sad/build/libsad_search_7e5293342e215a.so
2026-08-23T05:33:51.145176+00:00,20260823T050257,joint:qaoa:18:60cf506b64355379,ok,,qaoa,18,8,float64,42,64,2,64,2,1,0.25,rotation,rotation,7,7,compact:L3R0W0-L3R0W0-L3R0W0-L3R0W0-L2R0W0-L2R0W0-L2R0W0,compact:L3R0W0-L3R0W0-L3R0W0-L3R0W0-L2R0W0-L2R0W0-L2R0W0,,,merged,optimized,5,3,5,1.8466379999999998,1.8465941999999997,1.8451769999999998,1.847413,0.0008086832259915169,0.6299534,0.015394399999999999,1.2012464,,,custom:libsad_search_7e5293342e215a.so,/home/rzzhang/sad_merged/sad/build/libsad_search_7e5293342e215a.so
2026-08-23T05:33:51.172741+00:00,20260823T050257,joint:qaoa:6:b11f4535525c4d3e,ok,,qaoa,6,8,float64,42,32,2,128,2,1,0.0,rotation,rotation,1,1,compact:L5R1W0,compact:L5R1W0,,,merged,optimized,20,3,20,0.17717699999999997,0.1773339,0.176992,0.17826000000000003,0.0004222146255164576,0.042127250000000005,0.015287399999999998,0.11991924999999999,,,custom:libsad_search_2a8327787a9aac.so,/home/rzzhang/sad_merged/sad/build/libsad_search_2a8327787a9aac.so
2026-08-23T05:33:51.189509+00:00,20260823T050257,joint:qaoa:24:a49f8fd7f0d75346,ok,,qaoa,24,8,float64,42,32,2,32,2,2,0.75,rotation,rotation,19,19,compact:L2R0W0-L2R0W0-L2R0W0-L2R0W0-L2R0W0-L1R0W0-L1R0W0-L1R0W0-L1R0W0-L1R0W0-L1R0W0-L1R0W0-L1R0W0-L1R0W0-L1R0W0-L1R0W0-L1R0W0-L1R0W0-L1R0W0,compact:L2R0W0-L2R0W0-L2R0W0-L2R0W0-L2R0W0-L1R0W0-L1R0W0-L1R0W0-L1R0W0-L1R0W0-L1R0W0-L1R0W0-L1R0W0-L1R0W0-L1R0W0-L1R0W0-L1R0W0-L1R0W0-L1R0W0,,,split,optimized,3,3,3,270.12610800000004,270.180156,270.043999,270.370361,0.13860959199372433,89.79113466666666,0.6428293333333333,179.746192,,,custom:libsad_search_16d9d6cef53b3d.so,/home/rzzhang/sad_merged/sad/build/libsad_search_16d9d6cef53b3d.so
2026-08-23T05:33:52.838812+00:00,20260823T050257,joint:qaoa:22:8788b6482ecae785,ok,,qaoa,22,8,float64,42,128,2,128,2,2,1.0,rotation,rotation,22,22,compact:L1R0W0-L1R0W0-L1R0W0-L1R0W0-L1R0W0-L1R0W0-L1R0W0-L1R0W0-L1R0W0-L1R0W0-L1R0W0-L1R0W0-L1R0W0-L1R0W0-L1R0W0-L1R0W0-L1R0W0-L1R0W0-L1R0W0-L1R0W0-L1R0W0-L1R0W0,compact:L1R0W0-L1R0W0-L1R0W0-L1R0W0-L1R0W0-L1R0W0-L1R0W0-L1R0W0-L1R0W0-L1R0W0-L1R0W0-L1R0W0-L1R0W0-L1R0W0-L1R0W0-L1R0W0-L1R0W0-L1R0W0-L1R0W0-L1R0W0-L1R0W0-L1R0W0,,,merged,optimized,3,3,3,65.915296,65.900756,65.858133,65.928839,0.030641946293711777,13.282661666666668,0.14941800000000002,52.468676333333335,,,custom:libsad_search_b969ada61d8a74.so,/home/rzzhang/sad_merged/sad/build/libsad_search_b969ada61d8a74.so
2026-08-23T05:33:53.260609+00:00,20260823T050257,joint:qaoa:16:66d7049ff7108742,ok,,qaoa,16,8,float64,42,64,2,64,2,2,0.0,rotation,rotation,2,2,compact:L5R2W1-L5R2W1,compact:L5R2W1-L5R2W1,,,merged,optimized,5,3,5,0.505893,0.5060488000000001,0.5048290000000001,0.506872,0.0007563833419635588,0.1593586,0.015553399999999998,0.3311368,,,custom:libsad_search_97eec9f2a848ec.so,/home/rzzhang/sad_merged/sad/build/libsad_search_97eec9f2a848ec.so
2026-08-23T05:33:53.277785+00:00,20260823T050257,joint:qaoa:6:d105f5b305f34e51,ok,,qaoa,6,8,float64,42,64,2,64,2,1,0.5,rotation,rotation,4,4,compact:L2R0W0-L2R0W0-L1R0W0-L1R0W0,compact:L2R0W0-L2R0W0-L1R0W0-L1R0W0,,,merged,optimized,20,3,20,0.27139199999999997,0.2718022,0.270344,0.27351600000000004,0.0007567605037262546,0.10740380000000001,0.0154098,0.1489886,,,custom:libsad_search_7e5293342e215a.so,/home/rzzhang/sad_merged/sad/build/libsad_search_7e5293342e215a.so
2026-08-23T05:33:53.296702+00:00,20260823T050257,joint:qaoa:18:9828d02f21d510c2,ok,,qaoa,18,8,float64,42,128,2,128,2,2,0.75,rotation,rotation,14,14,compact:L2R0W0-L2R0W0-L2R0W0-L2R0W0-L1R0W0-L1R0W0-L1R0W0-L1R0W0-L1R0W0-L1R0W0-L1R0W0-L1R0W0-L1R0W0-L1R0W0,compact:L2R0W0-L2R0W0-L2R0W0-L2R0W0-L1R0W0-L1R0W0-L1R0W0-L1R0W0-L1R0W0-L1R0W0-L1R0W0-L1R0W0-L1R0W0-L1R0W0,,,merged,optimized,5,3,5,2.657705,2.6561556,2.651817,2.660366,0.003404040869319868,1.0549992,0.0153994,1.585757,,,custom:libsad_search_b969ada61d8a74.so,/home/rzzhang/sad_merged/sad/build/libsad_search_b969ada61d8a74.so
2026-08-23T05:33:53.331062+00:00,20260823T050257,joint:qaoa:10:2b80cc40221530ca,ok,,qaoa,10,8,float64,42,64,2,64,2,2,0.25,rotation,rotation,4,4,compact:L3R0W0-L3R0W0-L2R0W0-L2R0W0,compact:L3R0W0-L3R0W0-L2R0W0-L2R0W0,,,merged,optimized,10,3,10,0.38494649999999997,0.38479779999999997,0.383935,0.386076,0.0006017878031332832,0.1477275,0.01537,0.2217003,,,custom:libsad_search_97eec9f2a848ec.so,/home/rzzhang/sad_merged/sad/build/libsad_search_97eec9f2a848ec.so
2026-08-23T05:33:53.348950+00:00,20260823T050257,joint:qaoa:4:1bf6b1a34fa56b5c,ok,,qaoa,4,8,float64,42,32,2,32,2,2,0.25,rotation,rotation,2,2,compact:L2R0W0-L2R0W0,compact:L2R0W0-L2R0W0,,,split,optimized,20,3,20,0.14795950000000002,0.1479437,0.14733300000000002,0.148556,0.000533752761116972,0.05563855,0.015030950000000001,0.07727419999999999,,,custom:libsad_search_16d9d6cef53b3d.so,/home/rzzhang/sad_merged/sad/build/libsad_search_16d9d6cef53b3d.so
2026-08-23T05:33:53.365029+00:00,20260823T050257,joint:qaoa:4:799e1f69c8887d41,ok,,qaoa,4,8,float64,42,128,2,32,2,2,0.5,rotation,rotation,2,2,compact:L2R0W0-L2R0W0,compact:L2R0W0-L2R0W0,,,merged,optimized,20,3,20,0.1566245,0.1562864,0.15049600000000002,0.158636,0.0014543054837275382,0.06341530000000001,0.0151349,0.0777362,,,custom:libsad_search_d014591f51543a.so,/home/rzzhang/sad_merged/sad/build/libsad_search_d014591f51543a.so
2026-08-23T05:33:53.381451+00:00,20260823T050257,joint:qaoa:14:da68b277b6d416bf,ok,,qaoa,14,8,float64,42,128,2,128,2,1,0.0,rotation,rotation,2,2,compact:L5R2W0-L5R2W0,compact:L5R2W0-L5R2W0,,,split,optimized,10,3,10,0.4525805,0.4525886,0.45160999999999996,0.45368700000000006,0.0006522390972642147,0.13866630000000002,0.015273100000000001,0.29864919999999995,,,custom:libsad_search_9361435758c99d.so,/home/rzzhang/sad_merged/sad/build/libsad_search_9361435758c99d.so
2026-08-23T05:33:53.400048+00:00,20260823T050257,joint:qaoa:24:b4b09dc1dcefc8d8,ok,,qaoa,24,8,float64,42,128,2,32,2,1,0.75,rotation,rotation,19,19,compact:L2R0W0-L2R0W0-L2R0W0-L2R0W0-L2R0W0-L1R0W0-L1R0W0-L1R0W0-L1R0W0-L1R0W0-L1R0W0-L1R0W0-L1R0W0-L1R0W0-L1R0W0-L1R0W0-L1R0W0-L1R0W0-L1R0W0,compact:L2R0W0-L2R0W0-L2R0W0-L2R0W0-L2R0W0-L1R0W0-L1R0W0-L1R0W0-L1R0W0-L1R0W0-L1R0W0-L1R0W0-L1R0W0-L1R0W0-L1R0W0-L1R0W0-L1R0W0-L1R0W0-L1R0W0,,,split,optimized,3,3,3,270.84882799999997,270.7590883333333,270.53442,270.89401699999996,0.1599320823189705,90.33346366666667,0.6454190000000001,179.78020566666666,,,custom:libsad_search_7259903b8346c4.so,/home/rzzhang/sad_merged/sad/build/libsad_search_7259903b8346c4.so
2026-08-23T05:33:55.052978+00:00,20260823T050257,joint:qaoa:28:c42c773be9a3b60b,ok,,qaoa,28,8,float64,42,32,2,128,2,2,0.25,rotation,rotation,10,10,compact:L3R0W0-L3R0W0-L3R0W0-L3R0W0-L3R0W0-L3R0W0-L3R0W0-L3R0W0-L2R0W0-L2R0W0,compact:L3R0W0-L3R0W0-L3R0W0-L3R0W0-L3R0W0-L3R0W0-L3R0W0-L3R0W0-L2R0W0-L2R0W0,,,merged,optimized,2,3,2,2302.857264,2302.857264,2302.758366,2302.956162,0.09889799999996285,753.5773675,9.9595695,1539.320327,,,custom:libsad_search_fce412939d20fb.so,/home/rzzhang/sad_merged/sad/build/libsad_search_fce412939d20fb.so
2026-08-23T05:34:06.598964+00:00,20260823T050257,joint:qaoa:4:12c7de3018a637cd,ok,,qaoa,4,8,float64,42,128,2,32,2,1,0.0,legacy,legacy,0,0,,,,,not_applicable,legacy-generic,20,3,20,0.147378,0.14712485,0.146261,0.14850699999999997,0.0005757068068904489,0.061888099999999995,0.0154955,0.06974125,,,custom:libsad_search_eaf59e83158800.so,/home/rzzhang/sad_merged/sad/build/libsad_search_eaf59e83158800.so
2026-08-23T05:34:06.619858+00:00,20260823T050257,joint:qaoa:26:82fb81f7d1606231,ok,,qaoa,26,8,float64,42,128,2,32,2,1,0.0,rotation,rotation,3,4,compact:L5R2W2-L5R2W2-L5R2W1,compact:L5R2W0-L5R2W0-L5R1W0-L5R1W0,,,merged,optimized,2,3,2,400.2238195,400.2238195,400.217797,400.229842,0.006022500000000264,103.633197,2.489071,294.1015515,,,custom:libsad_search_5851e15f736f52.so,/home/rzzhang/sad_merged/sad/build/libsad_search_5851e15f736f52.so
2026-08-23T05:34:08.664340+00:00,20260823T050257,joint:qaoa:26:c7e64e8ea29a69c6,ok,,qaoa,26,8,float64,42,128,2,128,2,1,0.75,rotation,rotation,20,20,compact:L2R0W0-L2R0W0-L2R0W0-L2R0W0-L2R0W0-L2R0W0-L1R0W0-L1R0W0-L1R0W0-L1R0W0-L1R0W0-L1R0W0-L1R0W0-L1R0W0-L1R0W0-L1R0W0-L1R0W0-L1R0W0-L1R0W0-L1R0W0,compact:L2R0W0-L2R0W0-L2R0W0-L2R0W0-L2R0W0-L2R0W0-L1R0W0-L1R0W0-L1R0W0-L1R0W0-L1R0W0-L1R0W0-L1R0W0-L1R0W0-L1R0W0-L1R0W0-L1R0W0-L1R0W0-L1R0W0-L1R0W0,,,merged,optimized,2,3,2,1133.836518,1133.836518,1133.787305,1133.8857309999999,0.049212999999895146,377.102913,2.5076804999999998,754.2259245,,,custom:libsad_search_8fbfac92ec4bef.so,/home/rzzhang/sad_merged/sad/build/libsad_search_8fbfac92ec4bef.so
2026-08-23T05:34:14.370029+00:00,20260823T050257,joint:qaoa:14:1a06458db49f6e45,ok,,qaoa,14,8,float64,42,32,2,32,2,2,0.75,rotation,rotation,11,11,compact:L2R0W0-L2R0W0-L2R0W0-L1R0W0-L1R0W0-L1R0W0-L1R0W0-L1R0W0-L1R0W0-L1R0W0-L1R0W0,compact:L2R0W0-L2R0W0-L2R0W0-L1R0W0-L1R0W0-L1R0W0-L1R0W0-L1R0W0-L1R0W0-L1R0W0-L1R0W0,,,split,optimized,10,3,10,0.904309,0.9041067,0.900198,0.905358,0.0014262738902468674,0.4078352,0.015382600000000001,0.48088890000000006,,,custom:libsad_search_16d9d6cef53b3d.so,/home/rzzhang/sad_merged/sad/build/libsad_search_16d9d6cef53b3d.so
2026-08-23T05:34:14.400640+00:00,20260823T050257,joint:qaoa:10:b6cfb44d4c5ffd47,ok,,qaoa,10,8,float64,42,64,2,64,2,1,0.0,legacy,legacy,0,0,,,,,not_applicable,legacy-generic,10,3,10,0.283585,0.2835292,0.282496,0.284739,0.0005782187821231769,0.1005379,0.0154581,0.1675332,,,custom:libsad_search_5a6ce94d125b8e.so,/home/rzzhang/sad_merged/sad/build/libsad_search_5a6ce94d125b8e.so
2026-08-23T05:34:14.422546+00:00,20260823T050257,joint:qaoa:16:c09e22b20e9ae9b5,ok,,qaoa,16,8,float64,42,32,2,128,2,1,0.75,rotation,rotation,13,12,compact:L2R0W0-L2R0W0-L2R0W0-L1R0W0-L1R0W0-L1R0W0-L1R0W0-L1R0W0-L1R0W0-L1R0W0-L1R0W0-L1R0W0-L1R0W0,compact:L2R0W0-L2R0W0-L2R0W0-L2R0W0-L1R0W0-L1R0W0-L1R0W0-L1R0W0-L1R0W0-L1R0W0-L1R0W0-L1R0W0,,,merged,optimized,5,3,5,1.3753239999999998,1.375262,1.375044,1.375338,0.00011182307454190533,0.5762004,0.0156406,0.7834209999999999,,,custom:libsad_search_2a8327787a9aac.so,/home/rzzhang/sad_merged/sad/build/libsad_search_2a8327787a9aac.so
2026-08-23T05:34:14.446958+00:00,20260823T050257,joint:qaoa:12:345e74daac58ccd1,ok,,qaoa,12,8,float64,42,32,2,32,2,2,0.5,rotation,rotation,7,7,compact:L2R0W0-L2R0W0-L2R0W0-L2R0W0-L2R0W0-L1R0W0-L1R0W0,compact:L2R0W0-L2R0W0-L2R0W0-L2R0W0-L2R0W0-L1R0W0-L1R0W0,,,split,optimized,10,3,10,0.5810525,0.5807869,0.579491,0.581722,0.000885657320863998,0.25056809999999996,0.015612999999999998,0.3146058,,,custom:libsad_search_16d9d6cef53b3d.so,/home/rzzhang/sad_merged/sad/build/libsad_search_16d9d6cef53b3d.so
2026-08-23T05:34:14.467348+00:00,20260823T050257,joint:qaoa:14:620a918f9c67849f,ok,,qaoa,14,8,float64,42,128,2,128,2,1,0.75,rotation,rotation,11,11,compact:L2R0W0-L2R0W0-L2R0W0-L1R0W0-L1R0W0-L1R0W0-L1R0W0-L1R0W0-L1R0W0-L1R0W0-L1R0W0,compact:L2R0W0-L2R0W0-L2R0W0-L1R0W0-L1R0W0-L1R0W0-L1R0W0-L1R0W0-L1R0W0-L1R0W0-L1R0W0,,,merged,optimized,10,3,10,1.1341065000000001,1.1343038,1.133586,1.135598,0.0007724709444374322,0.49100269999999996,0.0153591,0.627942,,,custom:libsad_search_8fbfac92ec4bef.so,/home/rzzhang/sad_merged/sad/build/libsad_search_8fbfac92ec4bef.so
2026-08-23T05:34:14.494874+00:00,20260823T050257,joint:qaoa:14:7ab332648fbb4a04,ok,,qaoa,14,8,float64,42,64,2,64,2,1,0.75,rotation,rotation,11,11,compact:L2R0W0-L2R0W0-L2R0W0-L1R0W0-L1R0W0-L1R0W0-L1R0W0-L1R0W0-L1R0W0-L1R0W0-L1R0W0,compact:L2R0W0-L2R0W0-L2R0W0-L1R0W0-L1R0W0-L1R0W0-L1R0W0-L1R0W0-L1R0W0-L1R0W0-L1R0W0,,,merged,optimized,10,3,10,0.966627,0.9663695999999999,0.964625,0.966767,0.0006320565164603802,0.4268352,0.0155139,0.5240205,,,custom:libsad_search_7e5293342e215a.so,/home/rzzhang/sad_merged/sad/build/libsad_search_7e5293342e215a.so
2026-08-23T05:34:14.520872+00:00,20260823T050257,joint:qaoa:28:58a1b9dfee2034fe,ok,,qaoa,28,8,float64,42,128,2,32,2,2,0.0,rotation,rotation,4,4,compact:L5R2W0-L5R2W0-L5R2W0-L5R2W0,compact:L5R2W0-L5R2W0-L5R2W0-L5R2W0,,,merged,optimized,2,3,2,1711.0086444999997,1711.0086444999997,1710.9829869999999,1711.0343019999998,0.025657499999965694,419.23704649999996,9.967100499999999,1281.8044975,,,custom:libsad_search_d014591f51543a.so,/home/rzzhang/sad_merged/sad/build/libsad_search_d014591f51543a.so
2026-08-23T05:34:23.110271+00:00,20260823T050257,joint:qaoa:8:49e223b17d251880,ok,,qaoa,8,8,float64,42,32,2,32,2,1,0.5,rotation,rotation,5,5,compact:L2R0W0-L2R0W0-L2R0W0-L1R0W0-L1R0W0,compact:L2R0W0-L2R0W0-L2R0W0-L1R0W0-L1R0W0,,,split,optimized,20,3,20,0.36710750000000003,0.3671361,0.365517,0.368715,0.000747628443814181,0.15533375,0.0157339,0.19606845,,,custom:libsad_search_3cb67c7e18cc99.so,/home/rzzhang/sad_merged/sad/build/libsad_search_3cb67c7e18cc99.so
2026-08-23T05:34:23.137464+00:00,20260823T050257,joint:qaoa:8:c5d233133174dc16,ok,,qaoa,8,8,float64,42,64,2,64,2,2,0.25,rotation,rotation,3,3,compact:L3R0W0-L3R0W0-L2R0W0,compact:L3R0W0-L3R0W0-L2R0W0,,,merged,optimized,20,3,20,0.286755,0.287061,0.28654799999999997,0.28972299999999995,0.0007400701993729962,0.10572299999999998,0.01526945,0.16606855,,,custom:libsad_search_97eec9f2a848ec.so,/home/rzzhang/sad_merged/sad/build/libsad_search_97eec9f2a848ec.so
2026-08-23T05:34:23.161522+00:00,20260823T050257,joint:qaoa:28:c4d5b439eb87a6ac,ok,,qaoa,28,8,float64,42,32,2,128,2,1,0.0,rotation,rotation,4,4,compact:L5R2W0-L5R2W0-L5R2W0-L5R2W0,compact:L5R2W0-L5R2W0-L5R2W0-L5R2W0,,,merged,optimized,2,3,2,1909.6610765,1909.6610765,1909.1199159999999,1910.202237,0.5411605000000463,451.400259,9.943150000000001,1448.3176675,,,custom:libsad_search_2a8327787a9aac.so,/home/rzzhang/sad_merged/sad/build/libsad_search_2a8327787a9aac.so
2026-08-23T05:34:32.879521+00:00,20260823T050257,joint:qaoa:8:b58b672e3f20f217,ok,,qaoa,8,8,float64,42,32,2,128,2,1,0.25,rotation,rotation,4,3,compact:L2R0W0-L2R0W0-L2R0W0-L2R0W0,compact:L3R0W0-L3R0W0-L2R0W0,,,split,optimized,20,3,20,0.352217,0.35238775,0.35124299999999997,0.353401,0.000672934831540175,0.12986684999999998,0.015452350000000002,0.20706854999999996,,,custom:libsad_search_0e4f539ceca897.so,/home/rzzhang/sad_merged/sad/build/libsad_search_0e4f539ceca897.so
2026-08-23T05:34:32.905698+00:00,20260823T050257,joint:qaoa:8:12dc0c389eb1443f,ok,,qaoa,8,8,float64,42,32,2,32,2,2,0.0,rotation,rotation,2,2,compact:L4R0W0-L4R0W0,compact:L4R0W0-L4R0W0,,,merged,optimized,20,3,20,0.22020699999999999,0.22054295000000002,0.21913500000000002,0.222169,0.0006785741282277108,0.0781213,0.0155383,0.12688335,,,custom:libsad_search_dcff342f285260.so,/home/rzzhang/sad_merged/sad/build/libsad_search_dcff342f285260.so
2026-08-23T05:34:32.928660+00:00,20260823T050257,joint:qaoa:14:cf7a9c3c2cda44a2,ok,,qaoa,14,8,float64,42,128,2,32,2,1,0.5,rotation,rotation,8,8,compact:L2R0W0-L2R0W0-L2R0W0-L2R0W0-L2R0W0-L2R0W0-L1R0W0-L1R0W0,compact:L2R0W0-L2R0W0-L2R0W0-L2R0W0-L2R0W0-L2R0W0-L1R0W0-L1R0W0,,,merged,optimized,10,3,10,0.7730865,0.7730144,0.772071,0.774168,0.0007063278558856286,0.3767563,0.0155136,0.3807445,,,custom:libsad_search_5851e15f736f52.so,/home/rzzhang/sad_merged/sad/build/libsad_search_5851e15f736f52.so
2026-08-23T05:34:32.956913+00:00,20260823T050257,joint:qaoa:4:d8fd2c1fe53e1dd9,ok,,qaoa,4,8,float64,42,32,2,32,2,1,1.0,rotation,rotation,4,4,compact:L1R0W0-L1R0W0-L1R0W0-L1R0W0,compact:L1R0W0-L1R0W0-L1R0W0-L1R0W0,,,merged,optimized,20,3,20,0.22621449999999999,0.2260268,0.22512900000000002,0.227431,0.0005632298465102807,0.09464665000000001,0.015540650000000001,0.1158395,,,custom:libsad_search_f9cdaf042a7bd6.so,/home/rzzhang/sad_merged/sad/build/libsad_search_f9cdaf042a7bd6.so
2026-08-23T05:34:32.978913+00:00,20260823T050257,joint:qaoa:14:866aa04a2346cc38,ok,,qaoa,14,8,float64,42,128,2,32,2,2,0.75,rotation,rotation,11,11,compact:L2R0W0-L2R0W0-L2R0W0-L1R0W0-L1R0W0-L1R0W0-L1R0W0-L1R0W0-L1R0W0-L1R0W0-L1R0W0,compact:L2R0W0-L2R0W0-L2R0W0-L1R0W0-L1R0W0-L1R0W0-L1R0W0-L1R0W0-L1R0W0-L1R0W0-L1R0W0,,,merged,optimized,10,3,10,0.9890855,0.9887859999999999,0.988115,0.989343,0.0005039621017497484,0.49087549999999996,0.0156407,0.4822698,,,custom:libsad_search_d014591f51543a.so,/home/rzzhang/sad_merged/sad/build/libsad_search_d014591f51543a.so
2026-08-23T05:34:33.010063+00:00,20260823T050257,joint:qaoa:26:47712630cea64ea5,ok,,qaoa,26,8,float64,42,64,2,64,2,1,0.25,rotation,rotation,10,10,compact:L3R0W0-L3R0W0-L3R0W0-L3R0W0-L3R0W0-L3R0W0-L2R0W0-L2R0W0-L2R0W0-L2R0W0,compact:L3R0W0-L3R0W0-L3R0W0-L3R0W0-L3R0W0-L3R0W0-L2R0W0-L2R0W0-L2R0W0-L2R0W0,,,merged,optimized,2,3,2,577.5243295,577.5243295,577.498867,577.549792,0.025462500000003274,189.2078665,2.5041789999999997,385.812284,,,custom:libsad_search_7e5293342e215a.so,/home/rzzhang/sad_merged/sad/build/libsad_search_7e5293342e215a.so
2026-08-23T05:34:35.937464+00:00,20260823T050257,joint:qaoa:26:7dfe1bda50d91b62,ok,,qaoa,26,8,float64,42,32,2,128,2,2,0.5,rotation,rotation,15,14,compact:L2R0W0-L2R0W0-L2R0W0-L2R0W0-L2R0W0-L2R0W0-L2R0W0-L2R0W0-L2R0W0-L2R0W0-L2R0W0-L1R0W0-L1R0W0-L1R0W0-L1R0W0,compact:L2R0W0-L2R0W0-L2R0W0-L2R0W0-L2R0W0-L2R0W0-L2R0W0-L2R0W0-L2R0W0-L2R0W0-L2R0W0-L2R0W0-L1R0W0-L1R0W0,,,merged,optimized,2,3,2,814.2286280000001,814.2286280000001,813.9783330000001,814.478923,0.2502949999999373,282.032905,2.5165705,529.6791525,,,custom:libsad_search_fce412939d20fb.so,/home/rzzhang/sad_merged/sad/build/libsad_search_fce412939d20fb.so
2026-08-23T05:34:40.050396+00:00,20260823T050257,joint:qaoa:14:f5c05f9719588567,ok,,qaoa,14,8,float64,42,128,2,128,2,2,1.0,rotation,rotation,14,14,compact:L1R0W0-L1R0W0-L1R0W0-L1R0W0-L1R0W0-L1R0W0-L1R0W0-L1R0W0-L1R0W0-L1R0W0-L1R0W0-L1R0W0-L1R0W0-L1R0W0,compact:L1R0W0-L1R0W0-L1R0W0-L1R0W0-L1R0W0-L1R0W0-L1R0W0-L1R0W0-L1R0W0-L1R0W0-L1R0W0-L1R0W0-L1R0W0-L1R0W0,,,merged,optimized,10,3,10,1.3665209999999999,1.3658321,1.360608,1.3711000000000002,0.003899831341224875,0.6091356,0.015443799999999999,0.7412527,,,custom:libsad_search_b969ada61d8a74.so,/home/rzzhang/sad_merged/sad/build/libsad_search_b969ada61d8a74.so
2026-08-23T05:34:40.085707+00:00,20260823T050257,joint:qaoa:18:4b5be938ad072187,ok,,qaoa,18,8,float64,42,64,2,64,2,1,0.0,rotation,rotation,3,3,compact:L5R1W0-L5R1W0-L5R1W0,compact:L5R1W0-L5R1W0-L5R1W0,,,split,optimized,5,3,5,1.6118460000000001,1.6089428000000001,1.603542,1.612842,0.004372822219116626,0.4560356,0.015339800000000002,1.1375674,,,custom:libsad_search_7ec063ebc99501.so,/home/rzzhang/sad_merged/sad/build/libsad_search_7ec063ebc99501.so
2026-08-23T05:34:40.117935+00:00,20260823T050257,joint:qaoa:12:c909eb99d3c306df,ok,,qaoa,12,8,float64,42,128,2,32,2,1,0.0,rotation,rotation,2,2,compact:L5R1W0-L5R1W0,compact:L5R1W0-L5R1W0,,,merged,optimized,10,3,10,0.3010365,0.301025,0.30079100000000003,0.30115699999999995,8.75499857224285e-05,0.12575440000000002,0.015500299999999998,0.1597703,,,custom:libsad_search_5851e15f736f52.so,/home/rzzhang/sad_merged/sad/build/libsad_search_5851e15f736f52.so
2026-08-23T05:34:40.134417+00:00,20260823T050257,joint:qaoa:24:d472acb749901393,ok,,qaoa,24,8,float64,42,64,2,64,2,1,0.75,rotation,rotation,19,19,compact:L2R0W0-L2R0W0-L2R0W0-L2R0W0-L2R0W0-L1R0W0-L1R0W0-L1R0W0-L1R0W0-L1R0W0-L1R0W0-L1R0W0-L1R0W0-L1R0W0-L1R0W0-L1R0W0-L1R0W0-L1R0W0-L1R0W0,compact:L2R0W0-L2R0W0-L2R0W0-L2R0W0-L2R0W0-L1R0W0-L1R0W0-L1R0W0-L1R0W0-L1R0W0-L1R0W0-L1R0W0-L1R0W0-L1R0W0-L1R0W0-L1R0W0-L1R0W0-L1R0W0-L1R0W0,,,merged,optimized,3,3,3,270.923332,270.9286623333333,270.91033799999997,270.952317,0.01754743001759693,90.26005799999999,0.6524003333333332,180.016204,,,custom:libsad_search_7e5293342e215a.so,/home/rzzhang/sad_merged/sad/build/libsad_search_7e5293342e215a.so
2026-08-23T05:34:41.788421+00:00,20260823T050257,joint:qaoa:16:dda085a74a25021d,ok,,qaoa,16,8,float64,42,128,2,32,2,1,0.25,rotation,rotation,6,6,compact:L3R0W0-L3R0W0-L3R0W0-L3R0W0-L2R0W0-L2R0W0,compact:L3R0W0-L3R0W0-L3R0W0-L3R0W0-L2R0W0-L2R0W0,,,merged,optimized,5,3,5,0.818063,0.8170949999999999,0.8111929999999999,0.8201309999999999,0.003060586349051445,0.3380854,0.015501800000000001,0.46350779999999997,,,custom:libsad_search_5851e15f736f52.so,/home/rzzhang/sad_merged/sad/build/libsad_search_5851e15f736f52.so
2026-08-23T05:34:41.808183+00:00,20260823T050257,joint:qaoa:8:53ba8d9dddbd743e,ok,,qaoa,8,8,float64,42,32,2,128,2,1,0.0,rotation,rotation,2,1,compact:L4R0W0-L4R0W0,compact:L5R2W1,,,split,optimized,20,3,20,0.2539245,0.2539108,0.25343999999999994,0.254096,0.00012427252310950792,0.0776274,0.015485100000000002,0.1607983,,,custom:libsad_search_0e4f539ceca897.so,/home/rzzhang/sad_merged/sad/build/libsad_search_0e4f539ceca897.so
2026-08-23T05:34:41.826989+00:00,20260823T050257,joint:qaoa:24:7276b8fb9759a0ec,ok,,qaoa,24,8,float64,42,32,2,32,2,1,1.0,rotation,rotation,24,24,compact:L1R0W0-L1R0W0-L1R0W0-L1R0W0-L1R0W0-L1R0W0-L1R0W0-L1R0W0-L1R0W0-L1R0W0-L1R0W0-L1R0W0-L1R0W0-L1R0W0-L1R0W0-L1R0W0-L1R0W0-L1R0W0-L1R0W0-L1R0W0-L1R0W0-L1R0W0-L1R0W0-L1R0W0,compact:L1R0W0-L1R0W0-L1R0W0-L1R0W0-L1R0W0-L1R0W0-L1R0W0-L1R0W0-L1R0W0-L1R0W0-L1R0W0-L1R0W0-L1R0W0-L1R0W0-L1R0W0-L1R0W0-L1R0W0-L1R0W0-L1R0W0-L1R0W0-L1R0W0-L1R0W0-L1R0W0-L1R0W0,,,split,optimized,3,3,3,340.994321,340.97216933333334,340.686194,341.235993,0.2250003812623963,113.44599933333332,0.643637,226.88253300000002,,,custom:libsad_search_3cb67c7e18cc99.so,/home/rzzhang/sad_merged/sad/build/libsad_search_3cb67c7e18cc99.so
2026-08-23T05:34:43.901603+00:00,20260823T050257,joint:qaoa:22:5671c76d04fe018c,ok,,qaoa,22,8,float64,42,128,2,32,2,2,0.5,rotation,rotation,12,13,compact:L2R0W0-L2R0W0-L2R0W0-L2R0W0-L2R0W0-L2R0W0-L2R0W0-L2R0W0-L2R0W0-L2R0W0-L1R0W0-L1R0W0,compact:L2R0W0-L2R0W0-L2R0W0-L2R0W0-L2R0W0-L2R0W0-L2R0W0-L2R0W0-L2R0W0-L1R0W0-L1R0W0-L1R0W0-L1R0W0,,,split,optimized,3,3,3,38.746015,38.746047,38.741967,38.750159,0.003344446541155984,7.610508666666665,0.15176666666666666,30.98377166666667,,,custom:libsad_search_3b115211f38255.so,/home/rzzhang/sad_merged/sad/build/libsad_search_3b115211f38255.so
2026-08-23T05:34:44.160293+00:00,20260823T050257,joint:qaoa:12:705d26e2e3e68325,ok,,qaoa,12,8,float64,42,32,2,32,2,1,1.0,rotation,rotation,12,12,compact:L1R0W0-L1R0W0-L1R0W0-L1R0W0-L1R0W0-L1R0W0-L1R0W0-L1R0W0-L1R0W0-L1R0W0-L1R0W0-L1R0W0,compact:L1R0W0-L1R0W0-L1R0W0-L1R0W0-L1R0W0-L1R0W0-L1R0W0-L1R0W0-L1R0W0-L1R0W0-L1R0W0-L1R0W0,,,merged,optimized,10,3,10,0.8837185,0.8839229,0.8835810000000001,0.884848,0.00045858858468130793,0.40462909999999996,0.0155852,0.4637086000000001,,,custom:libsad_search_f9cdaf042a7bd6.so,/home/rzzhang/sad_merged/sad/build/libsad_search_f9cdaf042a7bd6.so
2026-08-23T05:34:44.185330+00:00,20260823T050257,joint:qaoa:6:0297875b7bc53930,ok,,qaoa,6,8,float64,42,128,2,128,2,1,0.25,rotation,rotation,2,2,compact:L3R0W0-L3R0W0,compact:L3R0W0-L3R0W0,,,split,optimized,20,3,20,0.233458,0.23343569999999997,0.22835999999999998,0.23450400000000002,0.0012776849024700937,0.07506004999999999,0.015075,0.14330065000000003,,,custom:libsad_search_9361435758c99d.so,/home/rzzhang/sad_merged/sad/build/libsad_search_9361435758c99d.so
2026-08-23T05:34:44.204039+00:00,20260823T050257,joint:qaoa:6:ed398fde3246596a,ok,,qaoa,6,8,float64,42,128,2,32,2,2,1.0,rotation,rotation,6,6,compact:L1R0W0-L1R0W0-L1R0W0-L1R0W0-L1R0W0-L1R0W0,compact:L1R0W0-L1R0W0-L1R0W0-L1R0W0-L1R0W0-L1R0W0,,,split,optimized,20,3,20,0.37381,0.3739397,0.36964699999999995,0.375726,0.001221587659564398,0.17183425,0.015526350000000001,0.18657909999999997,,,custom:libsad_search_3b115211f38255.so,/home/rzzhang/sad_merged/sad/build/libsad_search_3b115211f38255.so
2026-08-23T05:34:44.225546+00:00,20260823T050257,joint:qaoa:20:eea9d979689bb736,ok,,qaoa,20,8,float64,42,128,2,32,2,2,1.0,rotation,rotation,20,20,compact:L1R0W0-L1R0W0-L1R0W0-L1R0W0-L1R0W0-L1R0W0-L1R0W0-L1R0W0-L1R0W0-L1R0W0-L1R0W0-L1R0W0-L1R0W0-L1R0W0-L1R0W0-L1R0W0-L1R0W0-L1R0W0-L1R0W0-L1R0W0,compact:L1R0W0-L1R0W0-L1R0W0-L1R0W0-L1R0W0-L1R0W0-L1R0W0-L1R0W0-L1R0W0-L1R0W0-L1R0W0-L1R0W0-L1R0W0-L1R0W0-L1R0W0-L1R0W0-L1R0W0-L1R0W0-L1R0W0-L1R0W0,,,merged,optimized,5,3,5,8.490449,8.491191,8.489368,8.493381000000001,0.0014590069225334952,3.1987182,0.040254,5.2522188,,,custom:libsad_search_d014591f51543a.so,/home/rzzhang/sad_merged/sad/build/libsad_search_d014591f51543a.so
2026-08-23T05:34:44.307760+00:00,20260823T050257,joint:qaoa:4:d141cd44d34e550f,ok,,qaoa,4,8,float64,42,32,2,32,2,2,1.0,rotation,rotation,4,4,compact:L1R0W0-L1R0W0-L1R0W0-L1R0W0,compact:L1R0W0-L1R0W0-L1R0W0-L1R0W0,,,split,optimized,20,3,20,0.23753999999999997,0.2376997,0.236439,0.241679,0.0011568723395431336,0.09865279999999998,0.015415799999999999,0.12363110000000001,,,custom:libsad_search_16d9d6cef53b3d.so,/home/rzzhang/sad_merged/sad/build/libsad_search_16d9d6cef53b3d.so
2026-08-23T05:34:44.326268+00:00,20260823T050257,joint:qaoa:6:066bb589c687b4a2,ok,,qaoa,6,8,float64,42,128,2,128,2,2,0.0,rotation,rotation,1,1,compact:L5R1W0,compact:L5R1W0,,,split,optimized,20,3,20,0.19760250000000001,0.19770745,0.19645299999999996,0.19973799999999997,0.0007353840816199385,0.05407635000000001,0.015542600000000002,0.1280885,,,custom:libsad_search_d02bea87aa5c56.so,/home/rzzhang/sad_merged/sad/build/libsad_search_d02bea87aa5c56.so
2026-08-23T05:34:44.343529+00:00,20260823T050257,joint:qaoa:24:e3e7b3e829adfeb6,ok,,qaoa,24,8,float64,42,64,2,64,2,2,0.0,rotation,rotation,3,3,compact:L5R2W1-L5R2W1-L5R2W1,compact:L5R2W1-L5R2W1-L5R2W1,,,merged,optimized,3,3,3,96.599923,96.44325800000001,95.906627,96.82322400000001,0.3902524454512356,24.029239666666665,0.614823,71.79919533333333,,,custom:libsad_search_97eec9f2a848ec.so,/home/rzzhang/sad_merged/sad/build/libsad_search_97eec9f2a848ec.so
2026-08-23T05:34:44.965049+00:00,20260823T050257,joint:qaoa:20:7127bdcc2f9e48ac,ok,,qaoa,20,8,float64,42,128,2,32,2,1,1.0,rotation,rotation,20,20,compact:L1R0W0-L1R0W0-L1R0W0-L1R0W0-L1R0W0-L1R0W0-L1R0W0-L1R0W0-L1R0W0-L1R0W0-L1R0W0-L1R0W0-L1R0W0-L1R0W0-L1R0W0-L1R0W0-L1R0W0-L1R0W0-L1R0W0-L1R0W0,compact:L1R0W0-L1R0W0-L1R0W0-L1R0W0-L1R0W0-L1R0W0-L1R0W0-L1R0W0-L1R0W0-L1R0W0-L1R0W0-L1R0W0-L1R0W0-L1R0W0-L1R0W0-L1R0W0-L1R0W0-L1R0W0-L1R0W0-L1R0W0,,,merged,optimized,5,3,5,8.18633,8.1901396,8.179974999999999,8.20567,0.010285391866137202,3.1278532,0.040271799999999996,5.0220146,,,custom:libsad_search_5851e15f736f52.so,/home/rzzhang/sad_merged/sad/build/libsad_search_5851e15f736f52.so
2026-08-23T05:34:45.044834+00:00,20260823T050257,joint:qaoa:14:7543cd5d58bb9ea0,ok,,qaoa,14,8,float64,42,128,2,32,2,1,0.5,rotation,rotation,8,8,compact:L2R0W0-L2R0W0-L2R0W0-L2R0W0-L2R0W0-L2R0W0-L1R0W0-L1R0W0,compact:L2R0W0-L2R0W0-L2R0W0-L2R0W0-L2R0W0-L2R0W0-L1R0W0-L1R0W0,,,split,optimized,10,3,10,0.7781595,0.7775322,0.774318,0.7784070000000001,0.0011771137413181694,0.3754259,0.0148852,0.38722110000000004,,,custom:libsad_search_7259903b8346c4.so,/home/rzzhang/sad_merged/sad/build/libsad_search_7259903b8346c4.so
2026-08-23T05:34:45.067918+00:00,20260823T050257,joint:qaoa:8:c934e472042d227e,ok,,qaoa,8,8,float64,42,128,2,128,2,2,1.0,rotation,rotation,8,8,compact:L1R0W0-L1R0W0-L1R0W0-L1R0W0-L1R0W0-L1R0W0-L1R0W0-L1R0W0,compact:L1R0W0-L1R0W0-L1R0W0-L1R0W0-L1R0W0-L1R0W0-L1R0W0-L1R0W0,,,merged,optimized,20,3,20,0.615368,0.6151106000000001,0.610428,0.616571,0.0014297598189905811,0.26291545,0.015265649999999999,0.3369295,,,custom:libsad_search_b969ada61d8a74.so,/home/rzzhang/sad_merged/sad/build/libsad_search_b969ada61d8a74.so
2026-08-23T05:34:45.094863+00:00,20260823T050257,joint:qaoa:28:b69fbf2a5049d0a9,ok,,qaoa,28,8,float64,42,128,2,128,2,2,0.5,rotation,rotation,16,16,compact:L2R0W0-L2R0W0-L2R0W0-L2R0W0-L2R0W0-L2R0W0-L2R0W0-L2R0W0-L2R0W0-L2R0W0-L2R0W0-L2R0W0-L1R0W0-L1R0W0-L1R0W0-L1R0W0,compact:L2R0W0-L2R0W0-L2R0W0-L2R0W0-L2R0W0-L2R0W0-L2R0W0-L2R0W0-L2R0W0-L2R0W0-L2R0W0-L2R0W0-L1R0W0-L1R0W0-L1R0W0-L1R0W0,,,merged,optimized,2,3,2,3634.9870995,3634.9870995,3634.116065,3635.8581339999996,0.8710344999997233,1208.4606629999998,10.010443500000001,2416.515993,,,custom:libsad_search_b969ada61d8a74.so,/home/rzzhang/sad_merged/sad/build/libsad_search_b969ada61d8a74.so
2026-08-23T05:35:03.300610+00:00,20260823T050257,joint:qaoa:24:e0a5b34b6a6dd64d,ok,,qaoa,24,8,float64,42,128,2,32,2,1,0.0,legacy,legacy,0,0,,,,,not_applicable,legacy-generic,3,3,3,106.072328,106.07223766666668,106.058845,106.08554000000001,0.010898375301954625,28.725233,0.616926,76.73007866666666,,,custom:libsad_search_eaf59e83158800.so,/home/rzzhang/sad_merged/sad/build/libsad_search_eaf59e83158800.so
2026-08-23T05:35:03.980445+00:00,20260823T050257,joint:qaoa:12:4a56cd732b2a513f,ok,,qaoa,12,8,float64,42,32,2,128,2,1,0.5,rotation,rotation,7,7,compact:L2R0W0-L2R0W0-L2R0W0-L2R0W0-L2R0W0-L1R0W0-L1R0W0,compact:L2R0W0-L2R0W0-L2R0W0-L2R0W0-L2R0W0-L1R0W0-L1R0W0,,,merged,optimized,10,3,10,0.698245,0.6980462000000001,0.6973210000000001,0.699437,0.0006319219572067442,0.2513402,0.0154611,0.43124490000000004,,,custom:libsad_search_2a8327787a9aac.so,/home/rzzhang/sad_merged/sad/build/libsad_search_2a8327787a9aac.so
2026-08-23T05:35:04.002939+00:00,20260823T050257,joint:qaoa:16:fd3001ccde74c538,ok,,qaoa,16,8,float64,42,32,2,32,2,1,0.75,rotation,rotation,13,13,compact:L2R0W0-L2R0W0-L2R0W0-L1R0W0-L1R0W0-L1R0W0-L1R0W0-L1R0W0-L1R0W0-L1R0W0-L1R0W0-L1R0W0-L1R0W0,compact:L2R0W0-L2R0W0-L2R0W0-L1R0W0-L1R0W0-L1R0W0-L1R0W0-L1R0W0-L1R0W0-L1R0W0-L1R0W0-L1R0W0-L1R0W0,,,split,optimized,5,3,5,1.3331709999999999,1.3326292,1.331277,1.3332389999999998,0.0007625421693256633,0.5769842,0.0154628,0.7401822,,,custom:libsad_search_3cb67c7e18cc99.so,/home/rzzhang/sad_merged/sad/build/libsad_search_3cb67c7e18cc99.so
2026-08-23T05:35:04.026721+00:00,20260823T050257,joint:qaoa:10:d60d590967d85814,ok,,qaoa,10,8,float64,42,32,2,128,2,1,0.0,legacy,legacy,0,0,,,,,not_applicable,legacy-generic,10,3,10,0.35418,0.3539655,0.353187,0.35438099999999995,0.0004593696224175012,0.0978621,0.015434300000000001,0.24066909999999997,,,custom:libsad_search_ada51c8f4b2976.so,/home/rzzhang/sad_merged/sad/build/libsad_search_ada51c8f4b2976.so
2026-08-23T05:35:04.044126+00:00,20260823T050257,joint:qaoa:14:dce83dc7d9e31680,ok,,qaoa,14,8,float64,42,32,2,32,2,1,0.5,rotation,rotation,8,8,compact:L2R0W0-L2R0W0-L2R0W0-L2R0W0-L2R0W0-L2R0W0-L1R0W0-L1R0W0,compact:L2R0W0-L2R0W0-L2R0W0-L2R0W0-L2R0W0-L2R0W0-L1R0W0-L1R0W0,,,split,optimized,10,3,10,0.7403255,0.740448,0.7401989999999999,0.741384,0.00032614597958583494,0.3206483,0.0152707,0.40452899999999997,,,custom:libsad_search_3cb67c7e18cc99.so,/home/rzzhang/sad_merged/sad/build/libsad_search_3cb67c7e18cc99.so
2026-08-23T05:35:04.066434+00:00,20260823T050257,joint:qaoa:16:d4e7f32a94faccc3,ok,,qaoa,16,8,float64,42,32,2,32,2,1,1.0,rotation,rotation,16,16,compact:L1R0W0-L1R0W0-L1R0W0-L1R0W0-L1R0W0-L1R0W0-L1R0W0-L1R0W0-L1R0W0-L1R0W0-L1R0W0-L1R0W0-L1R0W0-L1R0W0-L1R0W0-L1R0W0,compact:L1R0W0-L1R0W0-L1R0W0-L1R0W0-L1R0W0-L1R0W0-L1R0W0-L1R0W0-L1R0W0-L1R0W0-L1R0W0-L1R0W0-L1R0W0-L1R0W0-L1R0W0-L1R0W0,,,split,optimized,5,3,5,1.642506,1.6427530000000001,1.641603,1.643641,0.0007687415690594675,0.7272057999999999,0.015370799999999999,0.9001764000000001,,,custom:libsad_search_3cb67c7e18cc99.so,/home/rzzhang/sad_merged/sad/build/libsad_search_3cb67c7e18cc99.so
2026-08-23T05:35:04.092602+00:00,20260823T050257,joint:qaoa:24:27b586da6fd1c448,ok,,qaoa,24,8,float64,42,64,2,64,2,1,0.0,rotation,rotation,3,3,compact:L5R2W1-L5R2W1-L5R2W1,compact:L5R2W1-L5R2W1-L5R2W1,,,merged,optimized,3,3,3,99.638054,99.49436166666668,98.806634,100.038397,0.5130273787601938,24.747090666666665,0.61523,74.132041,,,custom:libsad_search_7e5293342e215a.so,/home/rzzhang/sad_merged/sad/build/libsad_search_7e5293342e215a.so
2026-08-23T05:35:04.732999+00:00,20260823T050257,joint:qaoa:20:d157314c4aa8eab1,ok,,qaoa,20,8,float64,42,32,2,32,2,2,1.0,rotation,rotation,20,20,compact:L1R0W0-L1R0W0-L1R0W0-L1R0W0-L1R0W0-L1R0W0-L1R0W0-L1R0W0-L1R0W0-L1R0W0-L1R0W0-L1R0W0-L1R0W0-L1R0W0-L1R0W0-L1R0W0-L1R0W0-L1R0W0-L1R0W0-L1R0W0,compact:L1R0W0-L1R0W0-L1R0W0-L1R0W0-L1R0W0-L1R0W0-L1R0W0-L1R0W0-L1R0W0-L1R0W0-L1R0W0-L1R0W0-L1R0W0-L1R0W0-L1R0W0-L1R0W0-L1R0W0-L1R0W0-L1R0W0-L1R0W0,,,merged,optimized,5,3,5,8.285618,8.288012,8.28458,8.293712,0.003547426109166849,3.2292654000000005,0.0402324,5.0185142,,,custom:libsad_search_dcff342f285260.so,/home/rzzhang/sad_merged/sad/build/libsad_search_dcff342f285260.so
2026-08-23T05:35:04.813990+00:00,20260823T050257,joint:qaoa:6:c18c0beca70a6966,ok,,qaoa,6,8,float64,42,32,2,128,2,2,0.0,rotation,rotation,1,1,compact:L5R1W0,compact:L5R1W0,,,merged,optimized,20,3,20,0.1863445,0.18648599999999999,0.186203,0.187393,0.00035395211540546295,0.0433416,0.0151034,0.12804100000000002,,,custom:libsad_search_fce412939d20fb.so,/home/rzzhang/sad_merged/sad/build/libsad_search_fce412939d20fb.so
2026-08-23T05:35:04.831692+00:00,20260823T050257,joint:qaoa:4:ce6ab7bab6b460f3,ok,,qaoa,4,8,float64,42,128,2,32,2,1,0.0,rotation,rotation,1,1,compact:L4R0W0,compact:L4R0W0,,,split,optimized,20,3,20,0.12182349999999999,0.12207915,0.121735,0.12560300000000002,0.0008375552683256248,0.044074050000000004,0.01551045,0.06249464999999999,,,custom:libsad_search_7259903b8346c4.so,/home/rzzhang/sad_merged/sad/build/libsad_search_7259903b8346c4.so
2026-08-23T05:35:04.847649+00:00,20260823T050257,joint:qaoa:12:c5cf1ae973bceda2,ok,,qaoa,12,8,float64,42,128,2,32,2,1,0.25,rotation,rotation,4,4,compact:L3R0W0-L3R0W0-L3R0W0-L3R0W0,compact:L3R0W0-L3R0W0-L3R0W0-L3R0W0,,,merged,optimized,10,3,10,0.4526945,0.45299849999999997,0.452473,0.453646,0.0005022539696209305,0.20715830000000002,0.0152307,0.2306095,,,custom:libsad_search_5851e15f736f52.so,/home/rzzhang/sad_merged/sad/build/libsad_search_5851e15f736f52.so
2026-08-23T05:35:04.866759+00:00,20260823T050257,joint:qaoa:8:07646927e456f3c2,ok,,qaoa,8,8,float64,42,64,2,64,2,2,0.75,rotation,rotation,6,6,compact:L2R0W0-L2R0W0-L1R0W0-L1R0W0-L1R0W0-L1R0W0,compact:L2R0W0-L2R0W0-L1R0W0-L1R0W0-L1R0W0-L1R0W0,,,split,optimized,20,3,20,0.44749150000000004,0.44782964999999997,0.44740899999999995,0.450534,0.0007355553191297009,0.18942430000000002,0.0154041,0.24300125,,,custom:libsad_search_20c37ff249ec0a.so,/home/rzzhang/sad_merged/sad/build/libsad_search_20c37ff249ec0a.so
2026-08-23T05:35:04.890102+00:00,20260823T050257,joint:qaoa:18:4c0ef4882e32d187,ok,,qaoa,18,8,float64,42,128,2,32,2,2,0.5,rotation,rotation,10,10,compact:L2R0W0-L2R0W0-L2R0W0-L2R0W0-L2R0W0-L2R0W0-L2R0W0-L2R0W0-L1R0W0-L1R0W0,compact:L2R0W0-L2R0W0-L2R0W0-L2R0W0-L2R0W0-L2R0W0-L2R0W0-L2R0W0-L1R0W0-L1R0W0,,,split,optimized,5,3,5,2.205767,2.2071768,2.2057350000000002,2.212833,0.0028281703201892515,0.8383868,0.0156824,1.3531076,,,custom:libsad_search_3b115211f38255.so,/home/rzzhang/sad_merged/sad/build/libsad_search_3b115211f38255.so
2026-08-23T05:35:04.920847+00:00,20260823T050257,joint:qaoa:12:4d1c687f35c541a8,ok,,qaoa,12,8,float64,42,32,2,128,2,1,0.0,rotation,rotation,2,2,compact:L5R1W0-L5R1W0,compact:L5R1W0-L5R1W0,,,split,optimized,10,3,10,0.386721,0.38668399999999997,0.385859,0.387972,0.000677092608141602,0.0974111,0.0154642,0.2738087,,,custom:libsad_search_0e4f539ceca897.so,/home/rzzhang/sad_merged/sad/build/libsad_search_0e4f539ceca897.so
2026-08-23T05:35:04.938635+00:00,20260823T050257,joint:qaoa:6:ba146c7ef2195919,ok,,qaoa,6,8,float64,42,64,2,64,2,2,0.75,rotation,rotation,5,5,compact:L2R0W0-L1R0W0-L1R0W0-L1R0W0-L1R0W0,compact:L2R0W0-L1R0W0-L1R0W0-L1R0W0-L1R0W0,,,merged,optimized,20,3,20,0.32044249999999996,0.320184,0.31941800000000004,0.32145999999999997,0.0006384886843163229,0.1335362,0.01533265,0.17131515,,,custom:libsad_search_97eec9f2a848ec.so,/home/rzzhang/sad_merged/sad/build/libsad_search_97eec9f2a848ec.so
2026-08-23T05:35:04.958874+00:00,20260823T050257,joint:qaoa:6:305e12e372792bab,ok,,qaoa,6,8,float64,42,64,2,64,2,2,0.75,rotation,rotation,5,5,compact:L2R0W0-L1R0W0-L1R0W0-L1R0W0-L1R0W0,compact:L2R0W0-L1R0W0-L1R0W0-L1R0W0-L1R0W0,,,split,optimized,20,3,20,0.319509,0.32038774999999997,0.319404,0.327674,0.0018330725538014067,0.1335532,0.01528495,0.1715496,,,custom:libsad_search_20c37ff249ec0a.so,/home/rzzhang/sad_merged/sad/build/libsad_search_20c37ff249ec0a.so
2026-08-23T05:35:04.978794+00:00,20260823T050257,joint:qaoa:10:7c5fe97ab8aa8d3e,ok,,qaoa,10,8,float64,42,32,2,128,2,1,0.25,rotation,rotation,4,4,compact:L3R0W0-L3R0W0-L2R0W0-L2R0W0,compact:L3R0W0-L3R0W0-L2R0W0-L2R0W0,,,split,optimized,10,3,10,0.45890299999999995,0.461329,0.458647,0.46789,0.0036876910662364242,0.1476064,0.0153187,0.2984039,,,custom:libsad_search_0e4f539ceca897.so,/home/rzzhang/sad_merged/sad/build/libsad_search_0e4f539ceca897.so
2026-08-23T05:35:04.997340+00:00,20260823T050257,joint:qaoa:6:2a52bb91ff2e573b,ok,,qaoa,6,8,float64,42,128,2,128,2,2,1.0,rotation,rotation,6,6,compact:L1R0W0-L1R0W0-L1R0W0-L1R0W0-L1R0W0-L1R0W0,compact:L1R0W0-L1R0W0-L1R0W0-L1R0W0-L1R0W0-L1R0W0,,,split,optimized,20,3,20,0.425961,0.4259714,0.424907,0.42717700000000003,0.0004735388474032576,0.17520064999999999,0.01532805,0.2354427,,,custom:libsad_search_d02bea87aa5c56.so,/home/rzzhang/sad_merged/sad/build/libsad_search_d02bea87aa5c56.so
2026-08-23T05:35:05.020124+00:00,20260823T050257,joint:qaoa:22:0a9297c03252c902,ok,,qaoa,22,8,float64,42,128,2,32,2,2,0.75,rotation,rotation,17,18,compact:L2R0W0-L2R0W0-L2R0W0-L2R0W0-L2R0W0-L1R0W0-L1R0W0-L1R0W0-L1R0W0-L1R0W0-L1R0W0-L1R0W0-L1R0W0-L1R0W0-L1R0W0-L1R0W0-L1R0W0,compact:L2R0W0-L2R0W0-L2R0W0-L2R0W0-L1R0W0-L1R0W0-L1R0W0-L1R0W0-L1R0W0-L1R0W0-L1R0W0-L1R0W0-L1R0W0-L1R0W0-L1R0W0-L1R0W0-L1R0W0-L1R0W0,,,split,optimized,3,3,3,53.676653,53.71140766666667,53.658217,53.799353,0.06264055004725272,10.677136333333332,0.150058,42.884213333333335,,,custom:libsad_search_3b115211f38255.so,/home/rzzhang/sad_merged/sad/build/libsad_search_3b115211f38255.so
2026-08-23T05:35:05.368598+00:00,20260823T050257,joint:qaoa:6:79bc1b5d47e93bf3,ok,,qaoa,6,8,float64,42,32,2,32,2,2,0.5,rotation,rotation,4,4,compact:L2R0W0-L2R0W0-L1R0W0-L1R0W0,compact:L2R0W0-L2R0W0-L1R0W0-L1R0W0,,,split,optimized,20,3,20,0.2765575,0.2769116,0.27625400000000006,0.27763899999999997,0.0005317634248422792,0.1133357,0.015582900000000004,0.14799299999999999,,,custom:libsad_search_16d9d6cef53b3d.so,/home/rzzhang/sad_merged/sad/build/libsad_search_16d9d6cef53b3d.so
2026-08-23T05:35:05.388534+00:00,20260823T050257,joint:qaoa:10:4697767fff874c7e,ok,,qaoa,10,8,float64,42,32,2,32,2,2,0.25,rotation,rotation,4,4,compact:L3R0W0-L3R0W0-L2R0W0-L2R0W0,compact:L3R0W0-L3R0W0-L2R0W0-L2R0W0,,,split,optimized,10,3,10,0.379876,0.3799775,0.37879,0.381935,0.0008612825610680929,0.15114690000000003,0.0156445,0.21318610000000002,,,custom:libsad_search_16d9d6cef53b3d.so,/home/rzzhang/sad_merged/sad/build/libsad_search_16d9d6cef53b3d.so
2026-08-23T05:35:05.406777+00:00,20260823T050257,joint:qaoa:24:1a78cf9d4445a681,ok,,qaoa,24,8,float64,42,64,2,64,2,1,1.0,rotation,rotation,24,24,compact:L1R0W0-L1R0W0-L1R0W0-L1R0W0-L1R0W0-L1R0W0-L1R0W0-L1R0W0-L1R0W0-L1R0W0-L1R0W0-L1R0W0-L1R0W0-L1R0W0-L1R0W0-L1R0W0-L1R0W0-L1R0W0-L1R0W0-L1R0W0-L1R0W0-L1R0W0-L1R0W0-L1R0W0,compact:L1R0W0-L1R0W0-L1R0W0-L1R0W0-L1R0W0-L1R0W0-L1R0W0-L1R0W0-L1R0W0-L1R0W0-L1R0W0-L1R0W0-L1R0W0-L1R0W0-L1R0W0-L1R0W0-L1R0W0-L1R0W0-L1R0W0-L1R0W0-L1R0W0-L1R0W0-L1R0W0-L1R0W0,,,split,optimized,3,3,3,341.85865,341.83561533333335,341.592583,342.055613,0.1897316387714229,113.92331366666667,0.642579,227.26972266666667,,,custom:libsad_search_7ec063ebc99501.so,/home/rzzhang/sad_merged/sad/build/libsad_search_7ec063ebc99501.so
2026-08-23T05:35:07.487527+00:00,20260823T050257,joint:qaoa:22:3b3d09931a713d41,ok,,qaoa,22,8,float64,42,128,2,32,2,1,0.25,rotation,rotation,8,8,compact:L3R0W0-L3R0W0-L3R0W0-L3R0W0-L3R0W0-L3R0W0-L2R0W0-L2R0W0,compact:L3R0W0-L3R0W0-L3R0W0-L3R0W0-L3R0W0-L3R0W0-L2R0W0-L2R0W0,,,merged,optimized,3,3,3,25.808031,25.819165666666663,25.807989,25.841476999999998,0.01577650441496873,6.206566333333333,0.14059933333333333,19.472,,,custom:libsad_search_5851e15f736f52.so,/home/rzzhang/sad_merged/sad/build/libsad_search_5851e15f736f52.so
2026-08-23T05:35:07.672760+00:00,20260823T050257,joint:qaoa:22:7c65dba0451cb8f9,ok,,qaoa,22,8,float64,42,64,2,64,2,2,0.5,rotation,rotation,12,12,compact:L2R0W0-L2R0W0-L2R0W0-L2R0W0-L2R0W0-L2R0W0-L2R0W0-L2R0W0-L2R0W0-L2R0W0-L1R0W0-L1R0W0,compact:L2R0W0-L2R0W0-L2R0W0-L2R0W0-L2R0W0-L2R0W0-L2R0W0-L2R0W0-L2R0W0-L2R0W0-L1R0W0-L1R0W0,,,split,optimized,3,3,3,36.53302600000001,36.48721166666667,36.358968999999995,36.56964,0.09190495965700758,7.6229059999999995,0.15087333333333333,28.713432333333333,,,custom:libsad_search_20c37ff249ec0a.so,/home/rzzhang/sad_merged/sad/build/libsad_search_20c37ff249ec0a.so
2026-08-23T05:35:07.917697+00:00,20260823T050257,joint:qaoa:4:24343c2aba3cb800,ok,,qaoa,4,8,float64,42,128,2,128,2,1,0.0,legacy,legacy,0,0,,,,,not_applicable,legacy-generic,20,3,20,0.1812895,0.1815743,0.18016799999999997,0.18236000000000002,0.0006149141484792854,0.0632933,0.015491450000000002,0.10278955,,,custom:libsad_search_78e231cd0d5107.so,/home/rzzhang/sad_merged/sad/build/libsad_search_78e231cd0d5107.so
2026-08-23T05:35:07.935439+00:00,20260823T050257,joint:qaoa:6:6f4ad2763d67a01f,ok,,qaoa,6,8,float64,42,32,2,32,2,1,0.75,rotation,rotation,5,5,compact:L2R0W0-L1R0W0-L1R0W0-L1R0W0-L1R0W0,compact:L2R0W0-L1R0W0-L1R0W0-L1R0W0-L1R0W0,,,merged,optimized,20,3,20,0.32351399999999997,0.32330424999999996,0.322445,0.324634,0.0007266533475461407,0.13639065,0.01543215,0.17148145,,,custom:libsad_search_f9cdaf042a7bd6.so,/home/rzzhang/sad_merged/sad/build/libsad_search_f9cdaf042a7bd6.so
2026-08-23T05:35:07.956108+00:00,20260823T050257,joint:qaoa:16:790c25d0768b4191,ok,,qaoa,16,8,float64,42,32,2,32,2,1,0.75,rotation,rotation,13,13,compact:L2R0W0-L2R0W0-L2R0W0-L1R0W0-L1R0W0-L1R0W0-L1R0W0-L1R0W0-L1R0W0-L1R0W0-L1R0W0-L1R0W0-L1R0W0,compact:L2R0W0-L2R0W0-L2R0W0-L1R0W0-L1R0W0-L1R0W0-L1R0W0-L1R0W0-L1R0W0-L1R0W0-L1R0W0-L1R0W0-L1R0W0,,,merged,optimized,5,3,5,1.3936909999999998,1.3936932,1.3925629999999998,1.394763,0.0006966934476511831,0.6051538000000001,0.015356400000000001,0.773183,,,custom:libsad_search_f9cdaf042a7bd6.so,/home/rzzhang/sad_merged/sad/build/libsad_search_f9cdaf042a7bd6.so
2026-08-23T05:35:07.980316+00:00,20260823T050257,joint:qaoa:24:369fef48b938ba76,ok,,qaoa,24,8,float64,42,128,2,32,2,1,0.5,rotation,rotation,14,14,compact:L2R0W0-L2R0W0-L2R0W0-L2R0W0-L2R0W0-L2R0W0-L2R0W0-L2R0W0-L2R0W0-L2R0W0-L1R0W0-L1R0W0-L1R0W0-L1R0W0,compact:L2R0W0-L2R0W0-L2R0W0-L2R0W0-L2R0W0-L2R0W0-L2R0W0-L2R0W0-L2R0W0-L2R0W0-L1R0W0-L1R0W0-L1R0W0-L1R0W0,,,merged,optimized,3,3,3,200.28279600000002,200.236405,200.128133,200.298286,0.0768205897443354,66.72538466666667,0.6461193333333333,132.864901,,,custom:libsad_search_5851e15f736f52.so,/home/rzzhang/sad_merged/sad/build/libsad_search_5851e15f736f52.so
2026-08-23T05:35:09.210186+00:00,20260823T050257,joint:qaoa:6:d40570de121fe210,ok,,qaoa,6,8,float64,42,32,2,32,2,2,0.75,rotation,rotation,5,5,compact:L2R0W0-L1R0W0-L1R0W0-L1R0W0-L1R0W0,compact:L2R0W0-L1R0W0-L1R0W0-L1R0W0-L1R0W0,,,merged,optimized,20,3,20,0.310774,0.31091915000000003,0.3101519999999999,0.314395,0.0009241893894110616,0.13143355,0.015504700000000001,0.16398089999999999,,,custom:libsad_search_dcff342f285260.so,/home/rzzhang/sad_merged/sad/build/libsad_search_dcff342f285260.so
2026-08-23T05:35:09.230736+00:00,20260823T050257,joint:qaoa:12:6d1f6b9673e304c7,ok,,qaoa,12,8,float64,42,64,2,64,2,1,0.25,rotation,rotation,4,4,compact:L3R0W0-L3R0W0-L3R0W0-L3R0W0,compact:L3R0W0-L3R0W0-L3R0W0-L3R0W0,,,split,optimized,10,3,10,0.434041,0.433026,0.426166,0.434241,0.0023361436171605585,0.1644041,0.015380100000000002,0.25324179999999996,,,custom:libsad_search_7ec063ebc99501.so,/home/rzzhang/sad_merged/sad/build/libsad_search_7ec063ebc99501.so
2026-08-23T05:35:09.249049+00:00,20260823T050257,joint:qaoa:14:16a2c35a3931b66f,ok,,qaoa,14,8,float64,42,128,2,32,2,2,0.0,rotation,rotation,2,2,compact:L5R2W0-L5R2W0,compact:L5R2W0-L5R2W0,,,merged,optimized,10,3,10,0.3378775,0.33789980000000003,0.336887,0.33903199999999994,0.000492907658694799,0.13834749999999998,0.015324699999999998,0.1842276,,,custom:libsad_search_d014591f51543a.so,/home/rzzhang/sad_merged/sad/build/libsad_search_d014591f51543a.so
2026-08-23T05:35:09.269964+00:00,20260823T050257,joint:qaoa:10:c7c9db6e793d33dc,ok,,qaoa,10,8,float64,42,32,2,128,2,1,0.75,rotation,rotation,8,8,compact:L2R0W0-L2R0W0-L1R0W0-L1R0W0-L1R0W0-L1R0W0-L1R0W0-L1R0W0,compact:L2R0W0-L2R0W0-L1R0W0-L1R0W0-L1R0W0-L1R0W0-L1R0W0-L1R0W0,,,split,optimized,10,3,10,0.677856,0.6775697,0.673917,0.6799609999999999,0.0014241925466733708,0.2579911,0.015348599999999997,0.40423000000000003,,,custom:libsad_search_0e4f539ceca897.so,/home/rzzhang/sad_merged/sad/build/libsad_search_0e4f539ceca897.so
2026-08-23T05:35:09.292260+00:00,20260823T050257,joint:qaoa:10:d1b75911da8c651f,ok,,qaoa,10,8,float64,42,32,2,32,2,2,0.0,rotation,rotation,2,2,compact:L5R0W0-L5R0W0,compact:L5R0W0-L5R0W0,,,merged,optimized,10,3,10,0.24573249999999996,0.2456325,0.244659,0.24675899999999998,0.0007156256353708982,0.08733350000000001,0.015231399999999999,0.14306760000000002,,,custom:libsad_search_dcff342f285260.so,/home/rzzhang/sad_merged/sad/build/libsad_search_dcff342f285260.so
2026-08-23T05:35:09.308089+00:00,20260823T050257,joint:qaoa:22:e654ebc20437a8c1,ok,,qaoa,22,8,float64,42,128,2,128,2,2,0.5,rotation,rotation,12,12,compact:L2R0W0-L2R0W0-L2R0W0-L2R0W0-L2R0W0-L2R0W0-L2R0W0-L2R0W0-L2R0W0-L2R0W0-L1R0W0-L1R0W0,compact:L2R0W0-L2R0W0-L2R0W0-L2R0W0-L2R0W0-L2R0W0-L2R0W0-L2R0W0-L2R0W0-L2R0W0-L1R0W0-L1R0W0,,,split,optimized,3,3,3,36.802306,36.80910866666667,36.79815,36.82687,0.012673247553628296,7.775597666666666,0.14933033333333334,28.884180666666666,,,custom:libsad_search_d02bea87aa5c56.so,/home/rzzhang/sad_merged/sad/build/libsad_search_d02bea87aa5c56.so
2026-08-23T05:35:09.554343+00:00,20260823T050257,joint:qaoa:26:bbc14dd5ca7907cf,ok,,qaoa,26,8,float64,42,64,2,64,2,2,0.5,rotation,rotation,15,15,compact:L2R0W0-L2R0W0-L2R0W0-L2R0W0-L2R0W0-L2R0W0-L2R0W0-L2R0W0-L2R0W0-L2R0W0-L2R0W0-L1R0W0-L1R0W0-L1R0W0-L1R0W0,compact:L2R0W0-L2R0W0-L2R0W0-L2R0W0-L2R0W0-L2R0W0-L2R0W0-L2R0W0-L2R0W0-L2R0W0-L2R0W0-L1R0W0-L1R0W0-L1R0W0-L1R0W0,,,split,optimized,2,3,2,853.9026275000001,853.9026275000001,853.475396,854.329859,0.42723150000000487,283.7948635,2.5173425000000003,567.5904215,,,custom:libsad_search_20c37ff249ec0a.so,/home/rzzhang/sad_merged/sad/build/libsad_search_20c37ff249ec0a.so
2026-08-23T05:35:13.854713+00:00,20260823T050257,joint:qaoa:14:90c3d0f843a03848,ok,,qaoa,14,8,float64,42,128,2,128,2,2,1.0,rotation,rotation,14,14,compact:L1R0W0-L1R0W0-L1R0W0-L1R0W0-L1R0W0-L1R0W0-L1R0W0-L1R0W0-L1R0W0-L1R0W0-L1R0W0-L1R0W0-L1R0W0-L1R0W0,compact:L1R0W0-L1R0W0-L1R0W0-L1R0W0-L1R0W0-L1R0W0-L1R0W0-L1R0W0-L1R0W0-L1R0W0-L1R0W0-L1R0W0-L1R0W0-L1R0W0,,,split,optimized,10,3,10,1.3619530000000002,1.360093,1.353379,1.3641159999999999,0.004076206324512978,0.6081698999999999,0.015438299999999997,0.7364847999999999,,,custom:libsad_search_d02bea87aa5c56.so,/home/rzzhang/sad_merged/sad/build/libsad_search_d02bea87aa5c56.so
2026-08-23T05:35:13.890957+00:00,20260823T050257,joint:qaoa:20:2b31f5089dbc2ba5,ok,,qaoa,20,8,float64,42,128,2,32,2,2,0.5,rotation,rotation,12,12,compact:L2R0W0-L2R0W0-L2R0W0-L2R0W0-L2R0W0-L2R0W0-L2R0W0-L2R0W0-L1R0W0-L1R0W0-L1R0W0-L1R0W0,compact:L2R0W0-L2R0W0-L2R0W0-L2R0W0-L2R0W0-L2R0W0-L2R0W0-L2R0W0-L1R0W0-L1R0W0-L1R0W0-L1R0W0,,,split,optimized,5,3,5,6.493367999999999,6.4934826,6.487375999999999,6.500726,0.004550125519148065,2.1383094,0.0389408,4.3162324,,,custom:libsad_search_3b115211f38255.so,/home/rzzhang/sad_merged/sad/build/libsad_search_3b115211f38255.so
2026-08-23T05:35:13.962600+00:00,20260823T050257,joint:qaoa:14:e97ee57319050ba9,ok,,qaoa,14,8,float64,42,32,2,32,2,2,1.0,rotation,rotation,14,14,compact:L1R0W0-L1R0W0-L1R0W0-L1R0W0-L1R0W0-L1R0W0-L1R0W0-L1R0W0-L1R0W0-L1R0W0-L1R0W0-L1R0W0-L1R0W0-L1R0W0,compact:L1R0W0-L1R0W0-L1R0W0-L1R0W0-L1R0W0-L1R0W0-L1R0W0-L1R0W0-L1R0W0-L1R0W0-L1R0W0-L1R0W0-L1R0W0-L1R0W0,,,merged,optimized,10,3,10,1.1040035,1.1059497999999999,1.102901,1.1109989999999998,0.003162536064616514,0.5111606000000001,0.015575199999999999,0.579214,,,custom:libsad_search_dcff342f285260.so,/home/rzzhang/sad_merged/sad/build/libsad_search_dcff342f285260.so
2026-08-23T05:35:13.990111+00:00,20260823T050257,joint:qaoa:18:f3f4b16b8c9b6825,ok,,qaoa,18,8,float64,42,32,2,128,2,1,0.25,rotation,rotation,7,6,compact:L3R0W0-L3R0W0-L3R0W0-L3R0W0-L2R0W0-L2R0W0-L2R0W0,compact:L3R0W0-L3R0W0-L3R0W0-L3R0W0-L3R0W0-L3R0W0,,,merged,optimized,5,3,5,1.8411899999999999,1.8434462,1.8400779999999999,1.8484019999999999,0.0036229203910657223,0.6221516,0.015552,1.2057425999999998,,,custom:libsad_search_2a8327787a9aac.so,/home/rzzhang/sad_merged/sad/build/libsad_search_2a8327787a9aac.so
2026-08-23T05:35:14.018312+00:00,20260823T050257,joint:qaoa:4:7921f0cf3b52de2c,ok,,qaoa,4,8,float64,42,32,2,32,2,1,0.25,rotation,rotation,2,2,compact:L2R0W0-L2R0W0,compact:L2R0W0-L2R0W0,,,merged,optimized,20,3,20,0.15920249999999997,0.15924929999999998,0.15758999999999998,0.164731,0.0014868688274356947,0.0578293,0.0154415,0.08597849999999999,,,custom:libsad_search_f9cdaf042a7bd6.so,/home/rzzhang/sad_merged/sad/build/libsad_search_f9cdaf042a7bd6.so
2026-08-23T05:35:14.035178+00:00,20260823T050257,joint:qaoa:18:ccbd86128b088041,ok,,qaoa,18,8,float64,42,128,2,128,2,1,0.0,rotation,rotation,2,2,compact:L5R2W2-L5R2W2,compact:L5R2W2-L5R2W2,,,split,optimized,5,3,5,1.525744,1.5257324,1.5247110000000001,1.527633,0.0010463075264949245,0.40835079999999996,0.0153392,1.1020424,,,custom:libsad_search_9361435758c99d.so,/home/rzzhang/sad_merged/sad/build/libsad_search_9361435758c99d.so
2026-08-23T05:35:14.060605+00:00,20260823T050257,joint:qaoa:10:57d7500be7a6f689,ok,,qaoa,10,8,float64,42,64,2,64,2,2,0.0,rotation,rotation,2,2,compact:L5R0W0-L5R0W0,compact:L5R0W0-L5R0W0,,,merged,optimized,10,3,10,0.284709,0.2850641,0.284534,0.286708,0.0006856762282593793,0.094124,0.0154471,0.175493,,,custom:libsad_search_97eec9f2a848ec.so,/home/rzzhang/sad_merged/sad/build/libsad_search_97eec9f2a848ec.so
2026-08-23T05:35:14.077150+00:00,20260823T050257,joint:qaoa:26:c85f41197c7bb0fb,ok,,qaoa,26,8,float64,42,32,2,32,2,2,0.5,rotation,rotation,15,15,compact:L2R0W0-L2R0W0-L2R0W0-L2R0W0-L2R0W0-L2R0W0-L2R0W0-L2R0W0-L2R0W0-L2R0W0-L2R0W0-L1R0W0-L1R0W0-L1R0W0-L1R0W0,compact:L2R0W0-L2R0W0-L2R0W0-L2R0W0-L2R0W0-L2R0W0-L2R0W0-L2R0W0-L2R0W0-L2R0W0-L2R0W0-L1R0W0-L1R0W0-L1R0W0-L1R0W0,,,merged,optimized,2,3,2,851.9640795,851.9640795,851.83449,852.0936690000001,0.12958950000006553,281.869227,2.5107174999999997,567.584135,,,custom:libsad_search_dcff342f285260.so,/home/rzzhang/sad_merged/sad/build/libsad_search_dcff342f285260.so
2026-08-23T05:35:18.366750+00:00,20260823T050257,joint:qaoa:28:95d954344388f81b,ok,,qaoa,28,8,float64,42,32,2,32,2,2,0.75,rotation,rotation,22,22,compact:L2R0W0-L2R0W0-L2R0W0-L2R0W0-L2R0W0-L2R0W0-L1R0W0-L1R0W0-L1R0W0-L1R0W0-L1R0W0-L1R0W0-L1R0W0-L1R0W0-L1R0W0-L1R0W0-L1R0W0-L1R0W0-L1R0W0-L1R0W0-L1R0W0-L1R0W0,compact:L2R0W0-L2R0W0-L2R0W0-L2R0W0-L2R0W0-L2R0W0-L1R0W0-L1R0W0-L1R0W0-L1R0W0-L1R0W0-L1R0W0-L1R0W0-L1R0W0-L1R0W0-L1R0W0-L1R0W0-L1R0W0-L1R0W0-L1R0W0-L1R0W0-L1R0W0,,,merged,optimized,2,3,2,4971.7729725,4971.7729725,4971.6992119999995,4971.846733,0.07376050000038958,1651.2441245,10.002635999999999,3310.526212,,,custom:libsad_search_dcff342f285260.so,/home/rzzhang/sad_merged/sad/build/libsad_search_dcff342f285260.so
2026-08-23T05:35:43.275905+00:00,20260823T050257,joint:qaoa:12:244f273d5046978a,ok,,qaoa,12,8,float64,42,32,2,32,2,1,1.0,rotation,rotation,12,12,compact:L1R0W0-L1R0W0-L1R0W0-L1R0W0-L1R0W0-L1R0W0-L1R0W0-L1R0W0-L1R0W0-L1R0W0-L1R0W0-L1R0W0,compact:L1R0W0-L1R0W0-L1R0W0-L1R0W0-L1R0W0-L1R0W0-L1R0W0-L1R0W0-L1R0W0-L1R0W0-L1R0W0-L1R0W0,,,split,optimized,10,3,10,0.882138,0.8803917,0.874459,0.883755,0.0034779573042232467,0.4033142,0.0156092,0.4614683,,,custom:libsad_search_3cb67c7e18cc99.so,/home/rzzhang/sad_merged/sad/build/libsad_search_3cb67c7e18cc99.so
2026-08-23T05:35:43.316360+00:00,20260823T050257,joint:qaoa:22:590edc36c91c2a14,ok,,qaoa,22,8,float64,42,128,2,128,2,1,0.0,rotation,rotation,3,3,compact:L5R2W1-L5R2W0-L5R2W0,compact:L5R2W1-L5R2W0-L5R2W0,,,merged,optimized,3,3,3,23.384148,23.382398,23.374971,23.388075,0.005490936714260042,5.338386000000001,0.147297,17.896714999999997,,,custom:libsad_search_8fbfac92ec4bef.so,/home/rzzhang/sad_merged/sad/build/libsad_search_8fbfac92ec4bef.so
2026-08-23T05:35:43.489344+00:00,20260823T050257,joint:qaoa:26:c873059929f2c993,ok,,qaoa,26,8,float64,42,32,2,32,2,1,0.0,rotation,rotation,4,4,compact:L5R2W0-L5R2W0-L5R1W0-L5R1W0,compact:L5R2W0-L5R2W0-L5R1W0-L5R1W0,,,split,optimized,2,3,2,401.14428350000003,401.14428350000003,400.973513,401.31505400000003,0.17077050000000327,104.440843,2.4805304999999995,294.22291,,,custom:libsad_search_3cb67c7e18cc99.so,/home/rzzhang/sad_merged/sad/build/libsad_search_3cb67c7e18cc99.so
2026-08-23T05:35:45.539368+00:00,20260823T050257,joint:qaoa:18:1b3d6feb35d67c89,ok,,qaoa,18,8,float64,42,128,2,32,2,1,1.0,rotation,rotation,18,18,compact:L1R0W0-L1R0W0-L1R0W0-L1R0W0-L1R0W0-L1R0W0-L1R0W0-L1R0W0-L1R0W0-L1R0W0-L1R0W0-L1R0W0-L1R0W0-L1R0W0-L1R0W0-L1R0W0-L1R0W0-L1R0W0,compact:L1R0W0-L1R0W0-L1R0W0-L1R0W0-L1R0W0-L1R0W0-L1R0W0-L1R0W0-L1R0W0-L1R0W0-L1R0W0-L1R0W0-L1R0W0-L1R0W0-L1R0W0-L1R0W0-L1R0W0-L1R0W0,,,split,optimized,5,3,5,3.115171,3.114081,3.107822,3.11625,0.0031705388816413707,1.3379504,0.015410399999999998,1.7607202,,,custom:libsad_search_7259903b8346c4.so,/home/rzzhang/sad_merged/sad/build/libsad_search_7259903b8346c4.so
2026-08-23T05:35:45.601533+00:00,20260823T050257,joint:qaoa:10:d2839a2c6f4d3a64,ok,,qaoa,10,8,float64,42,64,2,64,2,1,0.25,rotation,rotation,4,4,compact:L3R0W0-L3R0W0-L2R0W0-L2R0W0,compact:L3R0W0-L3R0W0-L2R0W0-L2R0W0,,,split,optimized,10,3,10,0.39632,0.39329990000000004,0.383959,0.3983,0.005695815910824372,0.1507924,0.0153732,0.22713429999999998,,,custom:libsad_search_7ec063ebc99501.so,/home/rzzhang/sad_merged/sad/build/libsad_search_7ec063ebc99501.so
2026-08-23T05:35:45.625182+00:00,20260823T050257,joint:qaoa:12:a6f9320c48238754,ok,,qaoa,12,8,float64,42,32,2,128,2,1,0.25,rotation,rotation,4,4,compact:L3R0W0-L3R0W0-L3R0W0-L3R0W0,compact:L3R0W0-L3R0W0-L3R0W0-L3R0W0,,,merged,optimized,10,3,10,0.524203,0.5239822000000001,0.5233180000000001,0.524342,0.0003997501219511637,0.16314649999999997,0.015647,0.34518869999999996,,,custom:libsad_search_2a8327787a9aac.so,/home/rzzhang/sad_merged/sad/build/libsad_search_2a8327787a9aac.so
2026-08-23T05:35:45.647761+00:00,20260823T050257,joint:qaoa:28:8a49afff8db9cd72,ok,,qaoa,28,8,float64,42,128,2,32,2,2,0.5,rotation,rotation,16,16,compact:L2R0W0-L2R0W0-L2R0W0-L2R0W0-L2R0W0-L2R0W0-L2R0W0-L2R0W0-L2R0W0-L2R0W0-L2R0W0-L2R0W0-L1R0W0-L1R0W0-L1R0W0-L1R0W0,compact:L2R0W0-L2R0W0-L2R0W0-L2R0W0-L2R0W0-L2R0W0-L2R0W0-L2R0W0-L2R0W0-L2R0W0-L2R0W0-L2R0W0-L1R0W0-L1R0W0-L1R0W0-L1R0W0,,,merged,optimized,2,3,2,3638.0779545,3638.0779545,3638.0217629999997,3638.1341460000003,0.05619150000029549,1208.1051095,9.983565,2419.9892800000002,,,custom:libsad_search_d014591f51543a.so,/home/rzzhang/sad_merged/sad/build/libsad_search_d014591f51543a.so
2026-08-23T05:36:03.873775+00:00,20260823T050257,joint:qaoa:4:6da3c6feb5cecce5,ok,,qaoa,4,8,float64,42,64,2,64,2,2,0.5,rotation,rotation,2,2,compact:L2R0W0-L2R0W0,compact:L2R0W0-L2R0W0,,,merged,optimized,20,3,20,0.15662549999999997,0.15649220000000003,0.15544700000000003,0.158621,0.0007081440955059932,0.0549488,0.015686349999999998,0.08585704999999999,,,custom:libsad_search_97eec9f2a848ec.so,/home/rzzhang/sad_merged/sad/build/libsad_search_97eec9f2a848ec.so
2026-08-23T05:36:03.905270+00:00,20260823T050257,joint:qaoa:24:7cf14cc6a0b0f101,ok,,qaoa,24,8,float64,42,128,2,128,2,1,1.0,rotation,rotation,24,24,compact:L1R0W0-L1R0W0-L1R0W0-L1R0W0-L1R0W0-L1R0W0-L1R0W0-L1R0W0-L1R0W0-L1R0W0-L1R0W0-L1R0W0-L1R0W0-L1R0W0-L1R0W0-L1R0W0-L1R0W0-L1R0W0-L1R0W0-L1R0W0-L1R0W0-L1R0W0-L1R0W0-L1R0W0,compact:L1R0W0-L1R0W0-L1R0W0-L1R0W0-L1R0W0-L1R0W0-L1R0W0-L1R0W0-L1R0W0-L1R0W0-L1R0W0-L1R0W0-L1R0W0-L1R0W0-L1R0W0-L1R0W0-L1R0W0-L1R0W0-L1R0W0-L1R0W0-L1R0W0-L1R0W0-L1R0W0-L1R0W0,,,split,optimized,3,3,3,341.883646,341.89440066666674,341.72724900000003,342.072307,0.14107445547731803,113.93732333333334,0.6442586666666666,227.31281866666666,,,custom:libsad_search_9361435758c99d.so,/home/rzzhang/sad_merged/sad/build/libsad_search_9361435758c99d.so
2026-08-23T05:36:06.013924+00:00,20260823T050257,joint:qaoa:4:dbfaac6c3e5c158b,ok,,qaoa,4,8,float64,42,32,2,128,2,1,0.0,legacy,legacy,0,0,,,,,not_applicable,legacy-generic,20,3,20,0.164919,0.16549765,0.164733,0.167949,0.0008880481560703764,0.04747914999999999,0.01531545,0.10270304999999999,,,custom:libsad_search_ada51c8f4b2976.so,/home/rzzhang/sad_merged/sad/build/libsad_search_ada51c8f4b2976.so
2026-08-23T05:36:06.034074+00:00,20260823T050257,joint:qaoa:6:bccb07eaec156347,ok,,qaoa,6,8,float64,42,128,2,32,2,2,0.75,rotation,rotation,5,5,compact:L2R0W0-L1R0W0-L1R0W0-L1R0W0-L1R0W0,compact:L2R0W0-L1R0W0-L1R0W0-L1R0W0-L1R0W0,,,split,optimized,20,3,20,0.32562749999999996,0.32556134999999997,0.3245,0.326655,0.0006016647966268265,0.14646545000000002,0.015330050000000001,0.16376585,,,custom:libsad_search_3b115211f38255.so,/home/rzzhang/sad_merged/sad/build/libsad_search_3b115211f38255.so
2026-08-23T05:36:06.055294+00:00,20260823T050257,joint:qaoa:20:5178a7837d27eee0,ok,,qaoa,20,8,float64,42,32,2,128,2,2,0.25,rotation,rotation,7,7,compact:L3R0W0-L3R0W0-L3R0W0-L3R0W0-L3R0W0-L3R0W0-L2R0W0,compact:L3R0W0-L3R0W0-L3R0W0-L3R0W0-L3R0W0-L3R0W0-L2R0W0,,,split,optimized,5,3,5,6.0100880000000005,6.0121348,6.008118,6.019323,0.003931746858585848,1.7397056,0.0402478,4.2321814,,,custom:libsad_search_2a0e4369743c84.so,/home/rzzhang/sad_merged/sad/build/libsad_search_2a0e4369743c84.so
2026-08-23T05:36:06.128929+00:00,20260823T050257,joint:qaoa:6:2cb0a921784378ae,ok,,qaoa,6,8,float64,42,128,2,128,2,1,0.5,rotation,rotation,4,4,compact:L2R0W0-L2R0W0-L1R0W0-L1R0W0,compact:L2R0W0-L2R0W0-L1R0W0-L1R0W0,,,split,optimized,20,3,20,0.3194035,0.3191946,0.31825699999999996,0.32055799999999995,0.0007235659195954326,0.12236879999999999,0.015408150000000002,0.18141764999999999,,,custom:libsad_search_9361435758c99d.so,/home/rzzhang/sad_merged/sad/build/libsad_search_9361435758c99d.so
2026-08-23T05:36:06.154670+00:00,20260823T050257,joint:qaoa:12:5df898b3c78ac9ab,ok,,qaoa,12,8,float64,42,128,2,32,2,2,0.5,rotation,rotation,7,7,compact:L2R0W0-L2R0W0-L2R0W0-L2R0W0-L2R0W0-L1R0W0-L1R0W0,compact:L2R0W0-L2R0W0-L2R0W0-L2R0W0-L2R0W0-L1R0W0-L1R0W0,,,split,optimized,10,3,10,0.632804,0.6319027,0.625598,0.633849,0.0021981065056088656,0.30127180000000003,0.0156068,0.3150241,,,custom:libsad_search_3b115211f38255.so,/home/rzzhang/sad_merged/sad/build/libsad_search_3b115211f38255.so
2026-08-23T05:36:06.177263+00:00,20260823T050257,joint:qaoa:22:026610c5d80deb2d,ok,,qaoa,22,8,float64,42,32,2,32,2,2,0.0,rotation,rotation,4,4,compact:L5R1W0-L5R1W0-L5R0W0-L5R0W0,compact:L5R1W0-L5R1W0-L5R0W0-L5R0W0,,,merged,optimized,3,3,3,24.222719,24.221371333333337,24.218645000000002,24.22275,0.0019278503284454987,6.525544666666667,0.14798533333333336,17.54784133333333,,,custom:libsad_search_dcff342f285260.so,/home/rzzhang/sad_merged/sad/build/libsad_search_dcff342f285260.so
2026-08-23T05:36:06.353436+00:00,20260823T050257,joint:qaoa:26:34bb8cc8af000ceb,ok,,qaoa,26,8,float64,42,32,2,32,2,2,0.0,rotation,rotation,4,4,compact:L5R2W0-L5R2W0-L5R1W0-L5R1W0,compact:L5R2W0-L5R2W0-L5R1W0-L5R1W0,,,merged,optimized,2,3,2,400.72156700000005,400.72156700000005,400.6990660000001,400.744068,0.02250099999997701,104.1437415,2.4834009999999997,294.0944245,,,custom:libsad_search_dcff342f285260.so,/home/rzzhang/sad_merged/sad/build/libsad_search_dcff342f285260.so
2026-08-23T05:36:08.410586+00:00,20260823T050257,joint:qaoa:10:f83600972a252ee6,ok,,qaoa,10,8,float64,42,32,2,128,2,1,0.0,rotation,rotation,2,2,compact:L5R0W0-L5R0W0,compact:L5R0W0-L5R0W0,,,merged,optimized,10,3,10,0.327818,0.32961650000000003,0.327535,0.336749,0.003562120948255407,0.0872652,0.0153437,0.22700760000000003,,,custom:libsad_search_2a8327787a9aac.so,/home/rzzhang/sad_merged/sad/build/libsad_search_2a8327787a9aac.so
2026-08-23T05:36:08.434058+00:00,20260823T050257,joint:qaoa:26:79a5ecf0ffdc4619,ok,,qaoa,26,8,float64,42,128,2,32,2,1,0.5,rotation,rotation,14,15,compact:L2R0W0-L2R0W0-L2R0W0-L2R0W0-L2R0W0-L2R0W0-L2R0W0-L2R0W0-L2R0W0-L2R0W0-L2R0W0-L2R0W0-L1R0W0-L1R0W0,compact:L2R0W0-L2R0W0-L2R0W0-L2R0W0-L2R0W0-L2R0W0-L2R0W0-L2R0W0-L2R0W0-L2R0W0-L2R0W0-L1R0W0-L1R0W0-L1R0W0-L1R0W0,,,merged,optimized,2,3,2,834.8346315000001,834.8346315000001,834.3424150000001,835.326848,0.4922164999999836,265.004224,2.5074989999999997,567.3229085,,,custom:libsad_search_5851e15f736f52.so,/home/rzzhang/sad_merged/sad/build/libsad_search_5851e15f736f52.so
2026-08-23T05:36:12.652304+00:00,20260823T050257,joint:qaoa:8:8724f35c14fcf39b,ok,,qaoa,8,8,float64,42,32,2,128,2,1,1.0,rotation,rotation,8,8,compact:L1R0W0-L1R0W0-L1R0W0-L1R0W0-L1R0W0-L1R0W0-L1R0W0-L1R0W0,compact:L1R0W0-L1R0W0-L1R0W0-L1R0W0-L1R0W0-L1R0W0-L1R0W0-L1R0W0,,,split,optimized,20,3,20,0.5775945,0.5777815000000001,0.576447,0.578561,0.0006247838426207717,0.23103125,0.015604400000000003,0.33114585,,,custom:libsad_search_0e4f539ceca897.so,/home/rzzhang/sad_merged/sad/build/libsad_search_0e4f539ceca897.so
2026-08-23T05:36:12.695212+00:00,20260823T050257,joint:qaoa:20:cc11522d57303f93,ok,,qaoa,20,8,float64,42,32,2,128,2,2,1.0,rotation,rotation,20,20,compact:L1R0W0-L1R0W0-L1R0W0-L1R0W0-L1R0W0-L1R0W0-L1R0W0-L1R0W0-L1R0W0-L1R0W0-L1R0W0-L1R0W0-L1R0W0-L1R0W0-L1R0W0-L1R0W0-L1R0W0-L1R0W0-L1R0W0-L1R0W0,compact:L1R0W0-L1R0W0-L1R0W0-L1R0W0-L1R0W0-L1R0W0-L1R0W0-L1R0W0-L1R0W0-L1R0W0-L1R0W0-L1R0W0-L1R0W0-L1R0W0-L1R0W0-L1R0W0-L1R0W0-L1R0W0-L1R0W0-L1R0W0,,,merged,optimized,5,3,5,8.497487,8.4968544,8.491432999999999,8.499640999999999,0.002841265464542196,3.2180354,0.0399112,5.2389078,,,custom:libsad_search_fce412939d20fb.so,/home/rzzhang/sad_merged/sad/build/libsad_search_fce412939d20fb.so
2026-08-23T05:36:12.787894+00:00,20260823T050257,joint:qaoa:28:eaca90dbec2813c2,ok,,qaoa,28,8,float64,42,128,2,128,2,1,1.0,rotation,rotation,28,28,compact:L1R0W0-L1R0W0-L1R0W0-L1R0W0-L1R0W0-L1R0W0-L1R0W0-L1R0W0-L1R0W0-L1R0W0-L1R0W0-L1R0W0-L1R0W0-L1R0W0-L1R0W0-L1R0W0-L1R0W0-L1R0W0-L1R0W0-L1R0W0-L1R0W0-L1R0W0-L1R0W0-L1R0W0-L1R0W0-L1R0W0-L1R0W0-L1R0W0,compact:L1R0W0-L1R0W0-L1R0W0-L1R0W0-L1R0W0-L1R0W0-L1R0W0-L1R0W0-L1R0W0-L1R0W0-L1R0W0-L1R0W0-L1R0W0-L1R0W0-L1R0W0-L1R0W0-L1R0W0-L1R0W0-L1R0W0-L1R0W0-L1R0W0-L1R0W0-L1R0W0-L1R0W0-L1R0W0-L1R0W0-L1R0W0-L1R0W0,,,split,optimized,2,3,2,6326.3289815,6326.3289815,6325.137694,6327.520269,1.1912874999998166,2104.744304,9.9870105,4211.597666999999,,,custom:libsad_search_9361435758c99d.so,/home/rzzhang/sad_merged/sad/build/libsad_search_9361435758c99d.so
2026-08-23T05:36:44.448855+00:00,20260823T050257,joint:qaoa:24:4596536bd372f74b,ok,,qaoa,24,8,float64,42,128,2,32,2,2,1.0,rotation,rotation,24,24,compact:L1R0W0-L1R0W0-L1R0W0-L1R0W0-L1R0W0-L1R0W0-L1R0W0-L1R0W0-L1R0W0-L1R0W0-L1R0W0-L1R0W0-L1R0W0-L1R0W0-L1R0W0-L1R0W0-L1R0W0-L1R0W0-L1R0W0-L1R0W0-L1R0W0-L1R0W0-L1R0W0-L1R0W0,compact:L1R0W0-L1R0W0-L1R0W0-L1R0W0-L1R0W0-L1R0W0-L1R0W0-L1R0W0-L1R0W0-L1R0W0-L1R0W0-L1R0W0-L1R0W0-L1R0W0-L1R0W0-L1R0W0-L1R0W0-L1R0W0-L1R0W0-L1R0W0-L1R0W0-L1R0W0-L1R0W0-L1R0W0,,,merged,optimized,3,3,3,341.841312,341.7803013333333,341.616474,341.88311799999997,0.11709392745237725,114.03800166666667,0.6427193333333334,227.09958033333334,,,custom:libsad_search_d014591f51543a.so,/home/rzzhang/sad_merged/sad/build/libsad_search_d014591f51543a.so
2026-08-23T05:36:46.546929+00:00,20260823T050257,joint:qaoa:10:2ccdb0cc30cad2b2,ok,,qaoa,10,8,float64,42,32,2,128,2,1,1.0,rotation,rotation,10,10,compact:L1R0W0-L1R0W0-L1R0W0-L1R0W0-L1R0W0-L1R0W0-L1R0W0-L1R0W0-L1R0W0-L1R0W0,compact:L1R0W0-L1R0W0-L1R0W0-L1R0W0-L1R0W0-L1R0W0-L1R0W0-L1R0W0-L1R0W0-L1R0W0,,,split,optimized,10,3,10,0.7863815,0.7864092,0.78531,0.7895350000000001,0.001147973849876405,0.3120957,0.0153404,0.45897309999999997,,,custom:libsad_search_0e4f539ceca897.so,/home/rzzhang/sad_merged/sad/build/libsad_search_0e4f539ceca897.so
2026-08-23T05:36:46.571514+00:00,20260823T050257,joint:qaoa:12:66245b351d6dc472,ok,,qaoa,12,8,float64,42,128,2,32,2,1,0.5,rotation,rotation,7,7,compact:L2R0W0-L2R0W0-L2R0W0-L2R0W0-L2R0W0-L1R0W0-L1R0W0,compact:L2R0W0-L2R0W0-L2R0W0-L2R0W0-L2R0W0-L1R0W0-L1R0W0,,,split,optimized,10,3,10,0.6328175,0.6325292,0.631656,0.6337599999999999,0.0006639326471864094,0.30192959999999996,0.015434699999999999,0.31516489999999997,,,custom:libsad_search_7259903b8346c4.so,/home/rzzhang/sad_merged/sad/build/libsad_search_7259903b8346c4.so
2026-08-23T05:36:46.593534+00:00,20260823T050257,joint:qaoa:8:c9fccd0d36e287a0,ok,,qaoa,8,8,float64,42,32,2,32,2,1,0.75,rotation,rotation,6,6,compact:L2R0W0-L2R0W0-L1R0W0-L1R0W0-L1R0W0-L1R0W0,compact:L2R0W0-L2R0W0-L1R0W0-L1R0W0-L1R0W0-L1R0W0,,,split,optimized,20,3,20,0.42804300000000006,0.42815709999999996,0.427825,0.42902900000000005,0.00035625845954868706,0.1857059,0.015168350000000002,0.22728285,,,custom:libsad_search_3cb67c7e18cc99.so,/home/rzzhang/sad_merged/sad/build/libsad_search_3cb67c7e18cc99.so
2026-08-23T05:36:46.616997+00:00,20260823T050257,joint:qaoa:16:b1fcb77e5fbee09a,ok,,qaoa,16,8,float64,42,32,2,128,2,1,0.25,rotation,rotation,6,6,compact:L3R0W0-L3R0W0-L3R0W0-L3R0W0-L2R0W0-L2R0W0,compact:L3R0W0-L3R0W0-L3R0W0-L3R0W0-L2R0W0-L2R0W0,,,merged,optimized,5,3,5,0.87144,0.8711909999999999,0.8692890000000001,0.872357,0.001015673766521492,0.317628,0.015273000000000002,0.53829,,,custom:libsad_search_2a8327787a9aac.so,/home/rzzhang/sad_merged/sad/build/libsad_search_2a8327787a9aac.so
2026-08-23T05:36:46.637278+00:00,20260823T050257,joint:qaoa:18:dc1d714f674e1ea6,ok,,qaoa,18,8,float64,42,128,2,32,2,1,0.5,rotation,rotation,10,10,compact:L2R0W0-L2R0W0-L2R0W0-L2R0W0-L2R0W0-L2R0W0-L2R0W0-L2R0W0-L1R0W0-L1R0W0,compact:L2R0W0-L2R0W0-L2R0W0-L2R0W0-L2R0W0-L2R0W0-L2R0W0-L2R0W0-L1R0W0-L1R0W0,,,split,optimized,5,3,5,2.226996,2.2282578,2.224307,2.2331779999999997,0.003834478029666992,0.8590224,0.0152376,1.3539978,,,custom:libsad_search_7259903b8346c4.so,/home/rzzhang/sad_merged/sad/build/libsad_search_7259903b8346c4.so
2026-08-23T05:36:46.669284+00:00,20260823T050257,joint:qaoa:6:4e53803d251c3034,ok,,qaoa,6,8,float64,42,32,2,32,2,2,1.0,rotation,rotation,6,6,compact:L1R0W0-L1R0W0-L1R0W0-L1R0W0-L1R0W0-L1R0W0,compact:L1R0W0-L1R0W0-L1R0W0-L1R0W0-L1R0W0-L1R0W0,,,split,optimized,20,3,20,0.35838650000000005,0.35837895,0.357257,0.35948,0.0006534345013082768,0.15691935,0.0152848,0.1861748,,,custom:libsad_search_16d9d6cef53b3d.so,/home/rzzhang/sad_merged/sad/build/libsad_search_16d9d6cef53b3d.so
2026-08-23T05:36:46.691274+00:00,20260823T050257,joint:qaoa:6:dea9285324d47678,ok,,qaoa,6,8,float64,42,128,2,32,2,1,1.0,rotation,rotation,6,6,compact:L1R0W0-L1R0W0-L1R0W0-L1R0W0-L1R0W0-L1R0W0,compact:L1R0W0-L1R0W0-L1R0W0-L1R0W0-L1R0W0-L1R0W0,,,merged,optimized,20,3,20,0.377842,0.37793625,0.376766,0.379005,0.0007360695534390641,0.1751976,0.015304199999999999,0.18743444999999997,,,custom:libsad_search_5851e15f736f52.so,/home/rzzhang/sad_merged/sad/build/libsad_search_5851e15f736f52.so
2026-08-23T05:36:46.713381+00:00,20260823T050257,joint:qaoa:6:b475bc5611ff743a,ok,,qaoa,6,8,float64,42,32,2,32,2,1,0.25,rotation,rotation,2,2,compact:L3R0W0-L3R0W0,compact:L3R0W0-L3R0W0,,,split,optimized,20,3,20,0.1832835,0.18352745,0.183168,0.184449,0.00045291715302027993,0.0666939,0.015307499999999998,0.10152604999999999,,,custom:libsad_search_3cb67c7e18cc99.so,/home/rzzhang/sad_merged/sad/build/libsad_search_3cb67c7e18cc99.so
2026-08-23T05:36:46.730787+00:00,20260823T050257,joint:qaoa:22:55039953a345712e,ok,,qaoa,22,8,float64,42,32,2,32,2,2,0.5,rotation,rotation,13,13,compact:L2R0W0-L2R0W0-L2R0W0-L2R0W0-L2R0W0-L2R0W0-L2R0W0-L2R0W0-L2R0W0-L1R0W0-L1R0W0-L1R0W0-L1R0W0,compact:L2R0W0-L2R0W0-L2R0W0-L2R0W0-L2R0W0-L2R0W0-L2R0W0-L2R0W0-L2R0W0-L1R0W0-L1R0W0-L1R0W0-L1R0W0,,,split,optimized,3,3,3,39.860867,39.86361233333333,39.856879,39.873091,0.006897336555191079,8.589811000000001,0.14933166666666667,31.12446966666667,,,custom:libsad_search_16d9d6cef53b3d.so,/home/rzzhang/sad_merged/sad/build/libsad_search_16d9d6cef53b3d.so
2026-08-23T05:36:46.995856+00:00,20260823T050257,joint:qaoa:20:c88d57d8a3a76978,ok,,qaoa,20,8,float64,42,32,2,32,2,1,0.0,rotation,rotation,3,3,compact:L5R2W0-L5R2W0-L5R1W0,compact:L5R2W0-L5R2W0-L5R1W0,,,split,optimized,5,3,5,5.417117,5.4171336,5.417069,5.417244999999999,5.909179300026979e-05,1.4017846,0.0400122,3.9753367999999996,,,custom:libsad_search_3cb67c7e18cc99.so,/home/rzzhang/sad_merged/sad/build/libsad_search_3cb67c7e18cc99.so
2026-08-23T05:36:47.053775+00:00,20260823T050257,joint:qaoa:20:76c026c20b38a88d,ok,,qaoa,20,8,float64,42,64,2,64,2,2,0.25,rotation,rotation,7,7,compact:L3R0W0-L3R0W0-L3R0W0-L3R0W0-L3R0W0-L3R0W0-L2R0W0,compact:L3R0W0-L3R0W0-L3R0W0-L3R0W0-L3R0W0-L3R0W0-L2R0W0,,,split,optimized,5,3,5,5.992665000000001,5.9926504000000005,5.990589,5.994682,0.0012945284237899496,1.6977617999999999,0.039999799999999995,4.254888800000001,,,custom:libsad_search_20c37ff249ec0a.so,/home/rzzhang/sad_merged/sad/build/libsad_search_20c37ff249ec0a.so
2026-08-23T05:36:47.116724+00:00,20260823T050257,joint:qaoa:16:01cb9d609de1252c,ok,,qaoa,16,8,float64,42,128,2,32,2,2,0.75,rotation,rotation,12,13,compact:L2R0W0-L2R0W0-L2R0W0-L2R0W0-L1R0W0-L1R0W0-L1R0W0-L1R0W0-L1R0W0-L1R0W0-L1R0W0-L1R0W0,compact:L2R0W0-L2R0W0-L2R0W0-L1R0W0-L1R0W0-L1R0W0-L1R0W0-L1R0W0-L1R0W0-L1R0W0-L1R0W0-L1R0W0-L1R0W0,,,split,optimized,5,3,5,1.38637,1.3857019999999998,1.383344,1.3866569999999998,0.0012534383112064317,0.6130524,0.0156568,0.7569928,,,custom:libsad_search_3b115211f38255.so,/home/rzzhang/sad_merged/sad/build/libsad_search_3b115211f38255.so
2026-08-23T05:36:47.141469+00:00,20260823T050257,joint:qaoa:20:823e6dd95329b4f4,ok,,qaoa,20,8,float64,42,128,2,128,2,2,0.0,rotation,rotation,3,3,compact:L5R2W0-L5R2W0-L5R1W0,compact:L5R2W0-L5R2W0-L5R1W0,,,merged,optimized,5,3,5,5.631165,5.630834,5.630198,5.631228999999999,0.00045208627495199393,1.4026778,0.0397852,4.188371000000001,,,custom:libsad_search_b969ada61d8a74.so,/home/rzzhang/sad_merged/sad/build/libsad_search_b969ada61d8a74.so
2026-08-23T05:36:47.201074+00:00,20260823T050257,joint:qaoa:28:2218786f2147b42a,ok,,qaoa,28,8,float64,42,32,2,128,2,1,0.25,rotation,rotation,10,10,compact:L3R0W0-L3R0W0-L3R0W0-L3R0W0-L3R0W0-L3R0W0-L3R0W0-L3R0W0-L2R0W0-L2R0W0,compact:L3R0W0-L3R0W0-L3R0W0-L3R0W0-L3R0W0-L3R0W0-L3R0W0-L3R0W0-L2R0W0-L2R0W0,,,merged,optimized,2,3,2,2301.8871945,2301.8871945,2301.8843549999997,2301.890034,0.0028395000001637527,753.498206,9.9655225,1538.4234659999997,,,custom:libsad_search_2a8327787a9aac.so,/home/rzzhang/sad_merged/sad/build/libsad_search_2a8327787a9aac.so
2026-08-23T05:36:58.744963+00:00,20260823T050257,joint:qaoa:6:2d0ea78b0e7b15a1,ok,,qaoa,6,8,float64,42,128,2,32,2,1,0.5,rotation,rotation,4,4,compact:L2R0W0-L2R0W0-L1R0W0-L1R0W0,compact:L2R0W0-L2R0W0-L1R0W0-L1R0W0,,,merged,optimized,20,3,20,0.2794915,0.2793659,0.27831199999999995,0.283476,0.0011144075959899158,0.12294315,0.01556165,0.1408611,,,custom:libsad_search_5851e15f736f52.so,/home/rzzhang/sad_merged/sad/build/libsad_search_5851e15f736f52.so
2026-08-23T05:36:58.769975+00:00,20260823T050257,joint:qaoa:10:2338c9885e3a6182,ok,,qaoa,10,8,float64,42,32,2,128,2,2,0.75,rotation,rotation,8,8,compact:L2R0W0-L2R0W0-L1R0W0-L1R0W0-L1R0W0-L1R0W0-L1R0W0-L1R0W0,compact:L2R0W0-L2R0W0-L1R0W0-L1R0W0-L1R0W0-L1R0W0-L1R0W0-L1R0W0,,,merged,optimized,10,3,10,0.6753830000000001,0.6756208,0.674628,0.677916,0.0010441073508025696,0.2565234,0.015321299999999998,0.40377609999999997,,,custom:libsad_search_fce412939d20fb.so,/home/rzzhang/sad_merged/sad/build/libsad_search_fce412939d20fb.so
2026-08-23T05:36:58.797384+00:00,20260823T050257,joint:qaoa:18:36d74846531cb1a7,ok,,qaoa,18,8,float64,42,128,2,32,2,2,1.0,rotation,rotation,18,18,compact:L1R0W0-L1R0W0-L1R0W0-L1R0W0-L1R0W0-L1R0W0-L1R0W0-L1R0W0-L1R0W0-L1R0W0-L1R0W0-L1R0W0-L1R0W0-L1R0W0-L1R0W0-L1R0W0-L1R0W0-L1R0W0,compact:L1R0W0-L1R0W0-L1R0W0-L1R0W0-L1R0W0-L1R0W0-L1R0W0-L1R0W0-L1R0W0-L1R0W0-L1R0W0-L1R0W0-L1R0W0-L1R0W0-L1R0W0-L1R0W0-L1R0W0-L1R0W0,,,merged,optimized,5,3,5,3.092559,3.0929428000000003,3.0903609999999997,3.095711,0.0019782578598354058,1.303211,0.015481600000000002,1.7742502,,,custom:libsad_search_d014591f51543a.so,/home/rzzhang/sad_merged/sad/build/libsad_search_d014591f51543a.so
2026-08-23T05:36:58.849294+00:00,20260823T050257,joint:qaoa:24:9460c3e586bbaed8,ok,,qaoa,24,8,float64,42,128,2,128,2,1,0.0,legacy,legacy,0,0,,,,,not_applicable,legacy-generic,3,3,3,109.34853700000001,109.27319433333334,109.11277400000002,109.358272,0.11350390614814773,28.696726,0.613872,79.96259633333334,,,custom:libsad_search_78e231cd0d5107.so,/home/rzzhang/sad_merged/sad/build/libsad_search_78e231cd0d5107.so
2026-08-23T05:36:59.544635+00:00,20260823T050257,joint:qaoa:12:f9815517313c2e81,ok,,qaoa,12,8,float64,42,32,2,128,2,1,1.0,rotation,rotation,12,12,compact:L1R0W0-L1R0W0-L1R0W0-L1R0W0-L1R0W0-L1R0W0-L1R0W0-L1R0W0-L1R0W0-L1R0W0-L1R0W0-L1R0W0,compact:L1R0W0-L1R0W0-L1R0W0-L1R0W0-L1R0W0-L1R0W0-L1R0W0-L1R0W0-L1R0W0-L1R0W0-L1R0W0-L1R0W0,,,split,optimized,10,3,10,1.0138075,1.0138516,1.012663,1.01482,0.0007246749892192925,0.40341760000000004,0.0153392,0.5950948,,,custom:libsad_search_0e4f539ceca897.so,/home/rzzhang/sad_merged/sad/build/libsad_search_0e4f539ceca897.so
2026-08-23T05:36:59.571907+00:00,20260823T050257,joint:qaoa:22:61eaf48713bb7241,ok,,qaoa,22,8,float64,42,64,2,64,2,2,0.0,rotation,rotation,3,3,compact:L5R2W1-L5R2W0-L5R2W0,compact:L5R2W1-L5R2W0-L5R2W0,,,split,optimized,3,3,3,23.453667999999997,23.453297666666668,23.451610000000002,23.454614999999997,0.0012544231963533944,5.646810333333333,0.14545866666666668,17.661028666666667,,,custom:libsad_search_20c37ff249ec0a.so,/home/rzzhang/sad_merged/sad/build/libsad_search_20c37ff249ec0a.so
2026-08-23T05:36:59.738962+00:00,20260823T050257,joint:qaoa:8:024f0688050808f9,ok,,qaoa,8,8,float64,42,32,2,128,2,1,0.0,rotation,rotation,2,1,compact:L4R0W0-L4R0W0,compact:L5R2W1,,,merged,optimized,20,3,20,0.26611,0.26605460000000003,0.26508499999999996,0.267302,0.0005641354801818442,0.08145435,0.015517200000000002,0.16908305,,,custom:libsad_search_2a8327787a9aac.so,/home/rzzhang/sad_merged/sad/build/libsad_search_2a8327787a9aac.so
2026-08-23T05:36:59.758885+00:00,20260823T050257,joint:qaoa:26:4385f774c4169f9b,ok,,qaoa,26,8,float64,42,64,2,64,2,1,0.5,rotation,rotation,15,15,compact:L2R0W0-L2R0W0-L2R0W0-L2R0W0-L2R0W0-L2R0W0-L2R0W0-L2R0W0-L2R0W0-L2R0W0-L2R0W0-L1R0W0-L1R0W0-L1R0W0-L1R0W0,compact:L2R0W0-L2R0W0-L2R0W0-L2R0W0-L2R0W0-L2R0W0-L2R0W0-L2R0W0-L2R0W0-L2R0W0-L2R0W0-L1R0W0-L1R0W0-L1R0W0-L1R0W0,,,split,optimized,2,3,2,854.0001325000001,854.0001325000001,853.8009480000001,854.1993170000001,0.1991845000000012,283.554986,2.5097095,567.9354370000001,,,custom:libsad_search_7ec063ebc99501.so,/home/rzzhang/sad_merged/sad/build/libsad_search_7ec063ebc99501.so
2026-08-23T05:37:04.059305+00:00,20260823T050257,joint:qaoa:12:75cb2c18aec44e72,ok,,qaoa,12,8,float64,42,32,2,32,2,2,1.0,rotation,rotation,12,12,compact:L1R0W0-L1R0W0-L1R0W0-L1R0W0-L1R0W0-L1R0W0-L1R0W0-L1R0W0-L1R0W0-L1R0W0-L1R0W0-L1R0W0,compact:L1R0W0-L1R0W0-L1R0W0-L1R0W0-L1R0W0-L1R0W0-L1R0W0-L1R0W0-L1R0W0-L1R0W0-L1R0W0-L1R0W0,,,merged,optimized,10,3,10,0.8832169999999999,0.8816613,0.8763859999999999,0.884793,0.0034465730530485214,0.4036479,0.015579600000000002,0.46243380000000006,,,custom:libsad_search_dcff342f285260.so,/home/rzzhang/sad_merged/sad/build/libsad_search_dcff342f285260.so
2026-08-23T05:37:04.089446+00:00,20260823T050257,joint:qaoa:22:73149010d1ab35af,ok,,qaoa,22,8,float64,42,128,2,128,2,1,0.5,rotation,rotation,12,12,compact:L2R0W0-L2R0W0-L2R0W0-L2R0W0-L2R0W0-L2R0W0-L2R0W0-L2R0W0-L2R0W0-L2R0W0-L1R0W0-L1R0W0,compact:L2R0W0-L2R0W0-L2R0W0-L2R0W0-L2R0W0-L2R0W0-L2R0W0-L2R0W0-L2R0W0-L2R0W0-L1R0W0-L1R0W0,,,split,optimized,3,3,3,36.614677,36.613554,36.608272,36.617712999999995,0.003935222738294215,7.578024999999999,0.14793933333333334,28.887589666666667,,,custom:libsad_search_9361435758c99d.so,/home/rzzhang/sad_merged/sad/build/libsad_search_9361435758c99d.so
2026-08-23T05:37:04.342882+00:00,20260823T050257,joint:qaoa:14:1b2424f8fbe1f634,ok,,qaoa,14,8,float64,42,128,2,128,2,1,0.25,rotation,rotation,5,5,compact:L3R0W0-L3R0W0-L3R0W0-L3R0W0-L2R0W0,compact:L3R0W0-L3R0W0-L3R0W0-L3R0W0-L2R0W0,,,split,optimized,10,3,10,0.693328,0.6937015,0.693233,0.695186,0.0006127420746121206,0.2610674,0.015458700000000002,0.4171754,,,custom:libsad_search_9361435758c99d.so,/home/rzzhang/sad_merged/sad/build/libsad_search_9361435758c99d.so
2026-08-23T05:37:04.365984+00:00,20260823T050257,joint:qaoa:12:b259531287db1597,ok,,qaoa,12,8,float64,42,32,2,128,2,2,0.25,rotation,rotation,4,4,compact:L3R0W0-L3R0W0-L3R0W0-L3R0W0,compact:L3R0W0-L3R0W0-L3R0W0-L3R0W0,,,split,optimized,10,3,10,0.5108685,0.5106539999999999,0.509764,0.5120389999999999,0.0006546049190160155,0.1590044,0.0152502,0.3363994,,,custom:libsad_search_2a0e4369743c84.so,/home/rzzhang/sad_merged/sad/build/libsad_search_2a0e4369743c84.so
2026-08-23T05:37:04.386498+00:00,20260823T050257,joint:qaoa:24:54e1e7070a12a56c,ok,,qaoa,24,8,float64,42,32,2,32,2,2,0.0,rotation,rotation,4,4,compact:L5R1W0-L5R1W0-L5R1W0-L5R1W0,compact:L5R1W0-L5R1W0-L5R1W0-L5R1W0,,,merged,optimized,3,3,3,95.369063,96.88670733333333,95.322969,99.96808999999999,2.178947837532954,25.49565333333333,0.6133053333333334,70.77774866666667,,,custom:libsad_search_dcff342f285260.so,/home/rzzhang/sad_merged/sad/build/libsad_search_dcff342f285260.so
2026-08-23T05:37:05.006672+00:00,20260823T050257,joint:qaoa:26:641469655b967dbf,ok,,qaoa,26,8,float64,42,32,2,32,2,2,0.5,rotation,rotation,15,15,compact:L2R0W0-L2R0W0-L2R0W0-L2R0W0-L2R0W0-L2R0W0-L2R0W0-L2R0W0-L2R0W0-L2R0W0-L2R0W0-L1R0W0-L1R0W0-L1R0W0-L1R0W0,compact:L2R0W0-L2R0W0-L2R0W0-L2R0W0-L2R0W0-L2R0W0-L2R0W0-L2R0W0-L2R0W0-L2R0W0-L2R0W0-L1R0W0-L1R0W0-L1R0W0-L1R0W0,,,split,optimized,2,3,2,851.6758955,851.6758955,851.171954,852.179837,0.5039414999999963,281.890248,2.5173704999999997,567.2682769999999,,,custom:libsad_search_16d9d6cef53b3d.so,/home/rzzhang/sad_merged/sad/build/libsad_search_16d9d6cef53b3d.so
2026-08-23T05:37:09.296730+00:00,20260823T050257,joint:qaoa:16:be2901b2e7367c36,ok,,qaoa,16,8,float64,42,128,2,128,2,2,0.25,rotation,rotation,6,6,compact:L3R0W0-L3R0W0-L3R0W0-L3R0W0-L2R0W0-L2R0W0,compact:L3R0W0-L3R0W0-L3R0W0-L3R0W0-L2R0W0-L2R0W0,,,merged,optimized,5,3,5,0.866365,0.8683318,0.864169,0.8733700000000001,0.0038342735113708745,0.33624240000000005,0.0155706,0.5165188000000001,,,custom:libsad_search_b969ada61d8a74.so,/home/rzzhang/sad_merged/sad/build/libsad_search_b969ada61d8a74.so
2026-08-23T05:37:09.326766+00:00,20260823T050257,joint:qaoa:4:fa2cf58d325d2d38,ok,,qaoa,4,8,float64,42,32,2,128,2,1,0.25,rotation,rotation,2,2,compact:L2R0W0-L2R0W0,compact:L2R0W0-L2R0W0,,,merged,optimized,20,3,20,0.18220550000000002,0.18206930000000002,0.180788,0.18422,0.0007229451638955763,0.05579115,0.015610299999999999,0.11066785,,,custom:libsad_search_2a8327787a9aac.so,/home/rzzhang/sad_merged/sad/build/libsad_search_2a8327787a9aac.so
2026-08-23T05:37:09.349524+00:00,20260823T050257,joint:qaoa:6:5148549e5992b086,ok,,qaoa,6,8,float64,42,64,2,64,2,1,0.75,rotation,rotation,5,5,compact:L2R0W0-L1R0W0-L1R0W0-L1R0W0-L1R0W0,compact:L2R0W0-L1R0W0-L1R0W0-L1R0W0-L1R0W0,,,split,optimized,20,3,20,0.31640750000000006,0.31675225,0.316332,0.318531,0.000598088778945062,0.1303991,0.015263749999999998,0.1710894,,,custom:libsad_search_7ec063ebc99501.so,/home/rzzhang/sad_merged/sad/build/libsad_search_7ec063ebc99501.so
2026-08-23T05:37:09.370154+00:00,20260823T050257,joint:qaoa:12:c24c067580e4cbb4,ok,,qaoa,12,8,float64,42,128,2,128,2,1,0.5,rotation,rotation,7,7,compact:L2R0W0-L2R0W0-L2R0W0-L2R0W0-L2R0W0-L1R0W0-L1R0W0,compact:L2R0W0-L2R0W0-L2R0W0-L2R0W0-L2R0W0-L1R0W0-L1R0W0,,,merged,optimized,10,3,10,0.7474835,0.7474121,0.746389,0.74862,0.0007396086059531787,0.3025984,0.0153184,0.4294953,,,custom:libsad_search_8fbfac92ec4bef.so,/home/rzzhang/sad_merged/sad/build/libsad_search_8fbfac92ec4bef.so
2026-08-23T05:37:09.393460+00:00,20260823T050257,joint:qaoa:6:8907181666ca8672,ok,,qaoa,6,8,float64,42,32,2,32,2,2,0.75,rotation,rotation,5,5,compact:L2R0W0-L1R0W0-L1R0W0-L1R0W0-L1R0W0,compact:L2R0W0-L1R0W0-L1R0W0-L1R0W0-L1R0W0,,,split,optimized,20,3,20,0.32251149999999995,0.3224814,0.321535,0.323579,0.0004956344822548156,0.13602275,0.01537025,0.17108839999999997,,,custom:libsad_search_16d9d6cef53b3d.so,/home/rzzhang/sad_merged/sad/build/libsad_search_16d9d6cef53b3d.so
2026-08-23T05:37:09.414134+00:00,20260823T050257,joint:qaoa:6:11190f911c124ddf,ok,,qaoa,6,8,float64,42,128,2,128,2,1,0.0,rotation,rotation,1,1,compact:L5R1W0,compact:L5R1W0,,,merged,optimized,20,3,20,0.1975925,0.197397,0.19649099999999997,0.197792,0.00042227171347368106,0.05384545,0.015509900000000002,0.12804165000000003,,,custom:libsad_search_8fbfac92ec4bef.so,/home/rzzhang/sad_merged/sad/build/libsad_search_8fbfac92ec4bef.so
2026-08-23T05:37:09.431826+00:00,20260823T050257,joint:qaoa:4:2c70675e9625692f,ok,,qaoa,4,8,float64,42,32,2,32,2,2,0.75,rotation,rotation,3,3,compact:L2R0W0-L1R0W0-L1R0W0,compact:L2R0W0-L1R0W0-L1R0W0,,,merged,optimized,20,3,20,0.19446999999999998,0.1944233,0.19342499999999999,0.19974899999999998,0.0013581765017846512,0.0782216,0.015286,0.10091570000000001,,,custom:libsad_search_dcff342f285260.so,/home/rzzhang/sad_merged/sad/build/libsad_search_dcff342f285260.so
2026-08-23T05:37:09.449231+00:00,20260823T050257,joint:qaoa:28:04a572b4172f9a70,ok,,qaoa,28,8,float64,42,32,2,128,2,2,1.0,rotation,rotation,28,28,compact:L1R0W0-L1R0W0-L1R0W0-L1R0W0-L1R0W0-L1R0W0-L1R0W0-L1R0W0-L1R0W0-L1R0W0-L1R0W0-L1R0W0-L1R0W0-L1R0W0-L1R0W0-L1R0W0-L1R0W0-L1R0W0-L1R0W0-L1R0W0-L1R0W0-L1R0W0-L1R0W0-L1R0W0-L1R0W0-L1R0W0-L1R0W0-L1R0W0,compact:L1R0W0-L1R0W0-L1R0W0-L1R0W0-L1R0W0-L1R0W0-L1R0W0-L1R0W0-L1R0W0-L1R0W0-L1R0W0-L1R0W0-L1R0W0-L1R0W0-L1R0W0-L1R0W0-L1R0W0-L1R0W0-L1R0W0-L1R0W0-L1R0W0-L1R0W0-L1R0W0-L1R0W0-L1R0W0-L1R0W0-L1R0W0-L1R0W0,,,split,optimized,2,3,2,6329.7039540000005,6329.7039540000005,6327.685834,6331.722074,2.018120000000181,2102.2449659999997,9.989201999999999,4217.469786000001,,,custom:libsad_search_2a0e4369743c84.so,/home/rzzhang/sad_merged/sad/build/libsad_search_2a0e4369743c84.so
2026-08-23T05:37:41.139143+00:00,20260823T050257,joint:qaoa:12:31ef8aa56cf09b1b,ok,,qaoa,12,8,float64,42,128,2,128,2,2,0.5,rotation,rotation,7,7,compact:L2R0W0-L2R0W0-L2R0W0-L2R0W0-L2R0W0-L1R0W0-L1R0W0,compact:L2R0W0-L2R0W0-L2R0W0-L2R0W0-L2R0W0-L1R0W0-L1R0W0,,,split,optimized,10,3,10,0.7474954999999999,0.7465002000000001,0.7414219999999999,0.748554,0.002200387411343756,0.3014169,0.0155218,0.42956150000000004,,,custom:libsad_search_d02bea87aa5c56.so,/home/rzzhang/sad_merged/sad/build/libsad_search_d02bea87aa5c56.so
2026-08-23T05:37:41.168219+00:00,20260823T050257,joint:qaoa:24:4ac510e6ae142142,ok,,qaoa,24,8,float64,42,128,2,32,2,1,0.25,rotation,rotation,8,9,compact:L3R0W0-L3R0W0-L3R0W0-L3R0W0-L3R0W0-L3R0W0-L3R0W0-L3R0W0,compact:L3R0W0-L3R0W0-L3R0W0-L3R0W0-L3R0W0-L3R0W0-L2R0W0-L2R0W0-L2R0W0,,,merged,optimized,3,3,3,125.818773,125.82833533333331,125.81152499999997,125.85470799999999,0.018881587792229558,38.024146,0.6306136666666666,87.17357566666666,,,custom:libsad_search_5851e15f736f52.so,/home/rzzhang/sad_merged/sad/build/libsad_search_5851e15f736f52.so
2026-08-23T05:37:41.976010+00:00,20260823T050257,joint:qaoa:4:f8074e30ab0d6e63,ok,,qaoa,4,8,float64,42,128,2,128,2,2,0.0,rotation,rotation,1,1,compact:L4R0W0,compact:L4R0W0,,,split,optimized,20,3,20,0.14445000000000002,0.1448113,0.144311,0.14543,0.0004911860238239684,0.042349450000000004,0.0153762,0.08708565,,,custom:libsad_search_d02bea87aa5c56.so,/home/rzzhang/sad_merged/sad/build/libsad_search_d02bea87aa5c56.so
2026-08-23T05:37:41.992444+00:00,20260823T050257,joint:qaoa:16:6bfe383ff3dcdb28,ok,,qaoa,16,8,float64,42,32,2,128,2,2,0.0,rotation,rotation,3,2,compact:L5R1W0-L5R0W0-L5R0W0,compact:L5R2W1-L5R2W1,,,merged,optimized,5,3,5,0.5744400000000001,0.5761056,0.5742670000000001,0.582792,0.0033450387501492203,0.20367860000000002,0.015407999999999998,0.357019,,,custom:libsad_search_fce412939d20fb.so,/home/rzzhang/sad_merged/sad/build/libsad_search_fce412939d20fb.so
2026-08-23T05:37:42.010315+00:00,20260823T050257,joint:qaoa:6:1832e871a88a7d20,ok,,qaoa,6,8,float64,42,64,2,64,2,2,0.25,rotation,rotation,2,2,compact:L3R0W0-L3R0W0,compact:L3R0W0-L3R0W0,,,merged,optimized,20,3,20,0.18937299999999999,0.1887978,0.183203,0.189486,0.001363612283605568,0.06359735000000001,0.01521525,0.10998519999999999,,,custom:libsad_search_97eec9f2a848ec.so,/home/rzzhang/sad_merged/sad/build/libsad_search_97eec9f2a848ec.so
2026-08-23T05:37:42.027834+00:00,20260823T050257,joint:qaoa:12:82057aa4b06b89be,ok,,qaoa,12,8,float64,42,128,2,128,2,1,0.0,rotation,rotation,2,2,compact:L5R1W0-L5R1W0,compact:L5R1W0-L5R1W0,,,merged,optimized,10,3,10,0.405612,0.4058902,0.40538599999999997,0.40650400000000003,0.00045003839836175,0.12524549999999998,0.015276999999999999,0.2653677,,,custom:libsad_search_8fbfac92ec4bef.so,/home/rzzhang/sad_merged/sad/build/libsad_search_8fbfac92ec4bef.so
2026-08-23T05:37:42.046041+00:00,20260823T050257,joint:qaoa:12:9cf1d3e75ca8cc41,ok,,qaoa,12,8,float64,42,128,2,32,2,2,0.25,rotation,rotation,4,4,compact:L3R0W0-L3R0W0-L3R0W0-L3R0W0,compact:L3R0W0-L3R0W0-L3R0W0-L3R0W0,,,split,optimized,10,3,10,0.43728100000000003,0.43764539999999996,0.43520400000000004,0.441434,0.0014928865462586168,0.19978610000000002,0.0154127,0.2224466,,,custom:libsad_search_3b115211f38255.so,/home/rzzhang/sad_merged/sad/build/libsad_search_3b115211f38255.so
2026-08-23T05:37:42.064867+00:00,20260823T050257,joint:qaoa:8:71f1c717d4390def,ok,,qaoa,8,8,float64,42,64,2,64,2,1,1.0,rotation,rotation,8,8,compact:L1R0W0-L1R0W0-L1R0W0-L1R0W0-L1R0W0-L1R0W0-L1R0W0-L1R0W0,compact:L1R0W0-L1R0W0-L1R0W0-L1R0W0-L1R0W0-L1R0W0-L1R0W0-L1R0W0,,,split,optimized,20,3,20,0.530492,0.53195025,0.530311,0.537697,0.0025141625817555833,0.2346407,0.01526675,0.2820428,,,custom:libsad_search_7ec063ebc99501.so,/home/rzzhang/sad_merged/sad/build/libsad_search_7ec063ebc99501.so
2026-08-23T05:37:42.090413+00:00,20260823T050257,joint:qaoa:20:39b5e68b6af963b8,ok,,qaoa,20,8,float64,42,128,2,32,2,1,0.25,rotation,rotation,7,7,compact:L3R0W0-L3R0W0-L3R0W0-L3R0W0-L3R0W0-L3R0W0-L2R0W0,compact:L3R0W0-L3R0W0-L3R0W0-L3R0W0-L3R0W0-L3R0W0-L2R0W0,,,merged,optimized,5,3,5,5.6884559999999995,5.6889098,5.685352,5.691708,0.0021948339709417703,1.6622656,0.040210199999999995,3.9864339999999996,,,custom:libsad_search_5851e15f736f52.so,/home/rzzhang/sad_merged/sad/build/libsad_search_5851e15f736f52.so
2026-08-23T05:37:42.150323+00:00,20260823T050257,joint:qaoa:24:9ac8daabd3c3017d,ok,,qaoa,24,8,float64,42,32,2,32,2,1,0.5,rotation,rotation,14,14,compact:L2R0W0-L2R0W0-L2R0W0-L2R0W0-L2R0W0-L2R0W0-L2R0W0-L2R0W0-L2R0W0-L2R0W0-L1R0W0-L1R0W0-L1R0W0-L1R0W0,compact:L2R0W0-L2R0W0-L2R0W0-L2R0W0-L2R0W0-L2R0W0-L2R0W0-L2R0W0-L2R0W0-L2R0W0-L1R0W0-L1R0W0-L1R0W0-L1R0W0,,,split,optimized,3,3,3,199.692013,199.7012066666667,199.659094,199.75251300000002,0.03868824128279797,66.16172799999998,0.643127,132.89635166666667,,,custom:libsad_search_3cb67c7e18cc99.so,/home/rzzhang/sad_merged/sad/build/libsad_search_3cb67c7e18cc99.so
2026-08-23T05:37:43.378037+00:00,20260823T050257,joint:qaoa:20:022fabc53da80d54,ok,,qaoa,20,8,float64,42,128,2,128,2,1,1.0,rotation,rotation,20,20,compact:L1R0W0-L1R0W0-L1R0W0-L1R0W0-L1R0W0-L1R0W0-L1R0W0-L1R0W0-L1R0W0-L1R0W0-L1R0W0-L1R0W0-L1R0W0-L1R0W0-L1R0W0-L1R0W0-L1R0W0-L1R0W0-L1R0W0-L1R0W0,compact:L1R0W0-L1R0W0-L1R0W0-L1R0W0-L1R0W0-L1R0W0-L1R0W0-L1R0W0-L1R0W0-L1R0W0-L1R0W0-L1R0W0-L1R0W0-L1R0W0-L1R0W0-L1R0W0-L1R0W0-L1R0W0-L1R0W0-L1R0W0,,,split,optimized,5,3,5,8.440078,8.4408794,8.437206,8.445034,0.0028118426414008276,3.1163194000000005,0.0402618,5.2842982,,,custom:libsad_search_9361435758c99d.so,/home/rzzhang/sad_merged/sad/build/libsad_search_9361435758c99d.so
2026-08-23T05:37:43.461025+00:00,20260823T050257,joint:qaoa:18:df66cd1c5457b5b9,ok,,qaoa,18,8,float64,42,64,2,64,2,1,0.5,rotation,rotation,10,10,compact:L2R0W0-L2R0W0-L2R0W0-L2R0W0-L2R0W0-L2R0W0-L2R0W0-L2R0W0-L1R0W0-L1R0W0,compact:L2R0W0-L2R0W0-L2R0W0-L2R0W0-L2R0W0-L2R0W0-L2R0W0-L2R0W0-L1R0W0-L1R0W0,,,split,optimized,5,3,5,2.169817,2.1680622,2.161669,2.169957,0.003218214063731687,0.7958187999999999,0.015328800000000002,1.3569146,,,custom:libsad_search_7ec063ebc99501.so,/home/rzzhang/sad_merged/sad/build/libsad_search_7ec063ebc99501.so
2026-08-23T05:37:43.491803+00:00,20260823T050257,joint:qaoa:26:f462b962ec7abe4f,ok,,qaoa,26,8,float64,42,128,2,32,2,2,1.0,rotation,rotation,26,26,compact:L1R0W0-L1R0W0-L1R0W0-L1R0W0-L1R0W0-L1R0W0-L1R0W0-L1R0W0-L1R0W0-L1R0W0-L1R0W0-L1R0W0-L1R0W0-L1R0W0-L1R0W0-L1R0W0-L1R0W0-L1R0W0-L1R0W0-L1R0W0-L1R0W0-L1R0W0-L1R0W0-L1R0W0-L1R0W0-L1R0W0,compact:L1R0W0-L1R0W0-L1R0W0-L1R0W0-L1R0W0-L1R0W0-L1R0W0-L1R0W0-L1R0W0-L1R0W0-L1R0W0-L1R0W0-L1R0W0-L1R0W0-L1R0W0-L1R0W0-L1R0W0-L1R0W0-L1R0W0-L1R0W0-L1R0W0-L1R0W0-L1R0W0-L1R0W0-L1R0W0-L1R0W0,,,split,optimized,2,3,2,1471.9342124999998,1471.9342124999998,1471.0486459999997,1472.819779,0.8855665000000954,489.809791,2.510282,979.6141395,,,custom:libsad_search_3b115211f38255.so,/home/rzzhang/sad_merged/sad/build/libsad_search_3b115211f38255.so
2026-08-23T05:37:50.881898+00:00,20260823T050257,joint:qaoa:16:48c3e062d3040ec8,ok,,qaoa,16,8,float64,42,32,2,32,2,1,0.5,rotation,rotation,10,10,compact:L2R0W0-L2R0W0-L2R0W0-L2R0W0-L2R0W0-L2R0W0-L1R0W0-L1R0W0-L1R0W0-L1R0W0,compact:L2R0W0-L2R0W0-L2R0W0-L2R0W0-L2R0W0-L2R0W0-L1R0W0-L1R0W0-L1R0W0-L1R0W0,,,merged,optimized,5,3,5,1.088494,1.0883176,1.0875210000000002,1.0885980000000002,0.00040088831362356447,0.4580684,0.0156436,0.6146056000000001,,,custom:libsad_search_f9cdaf042a7bd6.so,/home/rzzhang/sad_merged/sad/build/libsad_search_f9cdaf042a7bd6.so
2026-08-23T05:37:50.913945+00:00,20260823T050257,joint:qaoa:10:b074256c05e4182e,ok,,qaoa,10,8,float64,42,128,2,32,2,1,1.0,rotation,rotation,10,10,compact:L1R0W0-L1R0W0-L1R0W0-L1R0W0-L1R0W0-L1R0W0-L1R0W0-L1R0W0-L1R0W0-L1R0W0,compact:L1R0W0-L1R0W0-L1R0W0-L1R0W0-L1R0W0-L1R0W0-L1R0W0-L1R0W0-L1R0W0-L1R0W0,,,merged,optimized,10,3,10,0.7424820000000001,0.7430022000000001,0.742373,0.745413,0.0009091702590824317,0.36580100000000004,0.0154919,0.36170929999999996,,,custom:libsad_search_5851e15f736f52.so,/home/rzzhang/sad_merged/sad/build/libsad_search_5851e15f736f52.so
2026-08-23T05:37:50.939130+00:00,20260823T050257,joint:qaoa:26:93384c914bc36bff,ok,,qaoa,26,8,float64,42,128,2,128,2,1,1.0,rotation,rotation,26,26,compact:L1R0W0-L1R0W0-L1R0W0-L1R0W0-L1R0W0-L1R0W0-L1R0W0-L1R0W0-L1R0W0-L1R0W0-L1R0W0-L1R0W0-L1R0W0-L1R0W0-L1R0W0-L1R0W0-L1R0W0-L1R0W0-L1R0W0-L1R0W0-L1R0W0-L1R0W0-L1R0W0-L1R0W0-L1R0W0-L1R0W0,compact:L1R0W0-L1R0W0-L1R0W0-L1R0W0-L1R0W0-L1R0W0-L1R0W0-L1R0W0-L1R0W0-L1R0W0-L1R0W0-L1R0W0-L1R0W0-L1R0W0-L1R0W0-L1R0W0-L1R0W0-L1R0W0-L1R0W0-L1R0W0-L1R0W0-L1R0W0-L1R0W0-L1R0W0-L1R0W0-L1R0W0,,,merged,optimized,2,3,2,1472.5902885,1472.5902885,1472.211623,1472.968954,0.378665500000011,489.5487955,2.5128225000000004,980.5286705000001,,,custom:libsad_search_8fbfac92ec4bef.so,/home/rzzhang/sad_merged/sad/build/libsad_search_8fbfac92ec4bef.so
2026-08-23T05:37:58.332493+00:00,20260823T050257,joint:qaoa:12:b7b1f561b1bca7a5,ok,,qaoa,12,8,float64,42,32,2,32,2,1,0.75,rotation,rotation,10,10,compact:L2R0W0-L2R0W0-L1R0W0-L1R0W0-L1R0W0-L1R0W0-L1R0W0-L1R0W0-L1R0W0-L1R0W0,compact:L2R0W0-L2R0W0-L1R0W0-L1R0W0-L1R0W0-L1R0W0-L1R0W0-L1R0W0-L1R0W0-L1R0W0,,,split,optimized,10,3,10,0.7586710000000001,0.7580498,0.754694,0.759875,0.0015464775329761605,0.34156819999999993,0.015495599999999998,0.40098600000000006,,,custom:libsad_search_3cb67c7e18cc99.so,/home/rzzhang/sad_merged/sad/build/libsad_search_3cb67c7e18cc99.so
2026-08-23T05:37:58.361125+00:00,20260823T050257,joint:qaoa:20:743a2da27bbb46d6,ok,,qaoa,20,8,float64,42,64,2,64,2,2,0.25,rotation,rotation,7,7,compact:L3R0W0-L3R0W0-L3R0W0-L3R0W0-L3R0W0-L3R0W0-L2R0W0,compact:L3R0W0-L3R0W0-L3R0W0-L3R0W0-L3R0W0-L3R0W0-L2R0W0,,,merged,optimized,5,3,5,5.766074000000001,5.764047400000001,5.7591410000000005,5.769506000000001,0.004160502498497007,1.6361905999999997,0.0400882,4.0877686,,,custom:libsad_search_97eec9f2a848ec.so,/home/rzzhang/sad_merged/sad/build/libsad_search_97eec9f2a848ec.so
2026-08-23T05:37:58.429252+00:00,20260823T050257,joint:qaoa:24:a07fc2e288c28b7e,ok,,qaoa,24,8,float64,42,64,2,64,2,2,0.5,rotation,rotation,14,14,compact:L2R0W0-L2R0W0-L2R0W0-L2R0W0-L2R0W0-L2R0W0-L2R0W0-L2R0W0-L2R0W0-L2R0W0-L1R0W0-L1R0W0-L1R0W0-L1R0W0,compact:L2R0W0-L2R0W0-L2R0W0-L2R0W0-L2R0W0-L2R0W0-L2R0W0-L2R0W0-L2R0W0-L2R0W0-L1R0W0-L1R0W0-L1R0W0-L1R0W0,,,merged,optimized,3,3,3,200.435304,200.52367366666667,200.37147900000002,200.76423799999998,0.17208874941015054,66.77653766666668,0.6429633333333333,133.10417266666667,,,custom:libsad_search_97eec9f2a848ec.so,/home/rzzhang/sad_merged/sad/build/libsad_search_97eec9f2a848ec.so
2026-08-23T05:37:59.660050+00:00,20260823T050257,joint:qaoa:28:35dce5e920687fc9,ok,,qaoa,28,8,float64,42,32,2,32,2,2,0.0,rotation,rotation,4,4,compact:L5R2W0-L5R2W0-L5R2W0-L5R2W0,compact:L5R2W0-L5R2W0-L5R2W0-L5R2W0,,,split,optimized,2,3,2,1741.2339255000002,1741.2339255000002,1741.141902,1741.325949,0.09202349999998205,451.3127935,9.955566499999998,1279.9655655,,,custom:libsad_search_16d9d6cef53b3d.so,/home/rzzhang/sad_merged/sad/build/libsad_search_16d9d6cef53b3d.so
2026-08-23T05:38:08.391662+00:00,20260823T050257,joint:qaoa:10:167078c9a9266e7d,ok,,qaoa,10,8,float64,42,64,2,64,2,2,0.0,rotation,rotation,2,2,compact:L5R0W0-L5R0W0,compact:L5R0W0-L5R0W0,,,split,optimized,10,3,10,0.265221,0.2667138,0.264787,0.272455,0.002880551606897531,0.0903618,0.0152026,0.1611494,,,custom:libsad_search_20c37ff249ec0a.so,/home/rzzhang/sad_merged/sad/build/libsad_search_20c37ff249ec0a.so
2026-08-23T05:38:08.413348+00:00,20260823T050257,joint:qaoa:24:d5356fcd42328ae0,ok,,qaoa,24,8,float64,42,32,2,128,2,2,0.75,rotation,rotation,19,19,compact:L2R0W0-L2R0W0-L2R0W0-L2R0W0-L2R0W0-L1R0W0-L1R0W0-L1R0W0-L1R0W0-L1R0W0-L1R0W0-L1R0W0-L1R0W0-L1R0W0-L1R0W0-L1R0W0-L1R0W0-L1R0W0-L1R0W0,compact:L2R0W0-L2R0W0-L2R0W0-L2R0W0-L2R0W0-L1R0W0-L1R0W0-L1R0W0-L1R0W0-L1R0W0-L1R0W0-L1R0W0-L1R0W0-L1R0W0-L1R0W0-L1R0W0-L1R0W0-L1R0W0-L1R0W0,,,split,optimized,3,3,3,270.468574,270.44790566666666,270.314527,270.560616,0.10152285122845103,89.75162399999999,0.6406763333333333,180.05560533333332,,,custom:libsad_search_2a0e4369743c84.so,/home/rzzhang/sad_merged/sad/build/libsad_search_2a0e4369743c84.so
2026-08-23T05:38:10.091963+00:00,20260823T050257,joint:qaoa:22:22d6128e13936cea,ok,,qaoa,22,8,float64,42,64,2,64,2,1,0.5,rotation,rotation,12,12,compact:L2R0W0-L2R0W0-L2R0W0-L2R0W0-L2R0W0-L2R0W0-L2R0W0-L2R0W0-L2R0W0-L2R0W0-L1R0W0-L1R0W0,compact:L2R0W0-L2R0W0-L2R0W0-L2R0W0-L2R0W0-L2R0W0-L2R0W0-L2R0W0-L2R0W0-L2R0W0-L1R0W0-L1R0W0,,,merged,optimized,3,3,3,36.585809999999995,36.587153666666666,36.585205,36.590446,0.002341096656602943,7.549655333333333,0.149779,28.887719333333337,,,custom:libsad_search_7e5293342e215a.so,/home/rzzhang/sad_merged/sad/build/libsad_search_7e5293342e215a.so
2026-08-23T05:38:10.337975+00:00,20260823T050257,joint:qaoa:8:3d4e8ef4c921cc1a,ok,,qaoa,8,8,float64,42,128,2,128,2,1,0.75,rotation,rotation,6,6,compact:L2R0W0-L2R0W0-L1R0W0-L1R0W0-L1R0W0-L1R0W0,compact:L2R0W0-L2R0W0-L1R0W0-L1R0W0-L1R0W0-L1R0W0,,,merged,optimized,20,3,20,0.5058085000000001,0.5057745,0.504857,0.50675,0.0003506332129162945,0.20679755,0.015342799999999998,0.28363415,,,custom:libsad_search_8fbfac92ec4bef.so,/home/rzzhang/sad_merged/sad/build/libsad_search_8fbfac92ec4bef.so
2026-08-23T05:38:10.363175+00:00,20260823T050257,joint:qaoa:8:68153a70da731cd1,ok,,qaoa,8,8,float64,42,128,2,128,2,2,0.25,rotation,rotation,3,3,compact:L3R0W0-L3R0W0-L2R0W0,compact:L3R0W0-L3R0W0-L2R0W0,,,split,optimized,20,3,20,0.364517,0.36482760000000003,0.364037,0.368647,0.000997190974688401,0.12634199999999998,0.015165499999999998,0.22332010000000002,,,custom:libsad_search_d02bea87aa5c56.so,/home/rzzhang/sad_merged/sad/build/libsad_search_d02bea87aa5c56.so
2026-08-23T05:38:10.385173+00:00,20260823T050257,joint:qaoa:24:bb2af80084f7fb3e,ok,,qaoa,24,8,float64,42,128,2,128,2,1,0.0,rotation,rotation,3,3,compact:L5R2W1-L5R2W1-L5R2W1,compact:L5R2W1-L5R2W1-L5R2W1,,,merged,optimized,3,3,3,102.003254,102.607621,101.39009899999999,104.42951000000001,1.3123641287760102,24.741615666666664,0.6169020000000001,77.24910333333334,,,custom:libsad_search_8fbfac92ec4bef.so,/home/rzzhang/sad_merged/sad/build/libsad_search_8fbfac92ec4bef.so
2026-08-23T05:38:11.041887+00:00,20260823T050257,joint:qaoa:6:d4a6584e1e19d5b9,ok,,qaoa,6,8,float64,42,64,2,64,2,1,1.0,rotation,rotation,6,6,compact:L1R0W0-L1R0W0-L1R0W0-L1R0W0-L1R0W0-L1R0W0,compact:L1R0W0-L1R0W0-L1R0W0-L1R0W0-L1R0W0-L1R0W0,,,merged,optimized,20,3,20,0.35422349999999997,0.35397080000000003,0.35219600000000006,0.355333,0.0007230152557173209,0.15114370000000002,0.015383150000000002,0.18744395,,,custom:libsad_search_7e5293342e215a.so,/home/rzzhang/sad_merged/sad/build/libsad_search_7e5293342e215a.so
2026-08-23T05:38:11.063890+00:00,20260823T050257,joint:qaoa:22:8f35665612c8b6e5,ok,,qaoa,22,8,float64,42,128,2,128,2,2,0.5,rotation,rotation,12,12,compact:L2R0W0-L2R0W0-L2R0W0-L2R0W0-L2R0W0-L2R0W0-L2R0W0-L2R0W0-L2R0W0-L2R0W0-L1R0W0-L1R0W0,compact:L2R0W0-L2R0W0-L2R0W0-L2R0W0-L2R0W0-L2R0W0-L2R0W0-L2R0W0-L2R0W0-L2R0W0-L1R0W0-L1R0W0,,,merged,optimized,3,3,3,36.69228,36.693684,36.683147,36.705625,0.009230151064130235,7.7184,0.14731333333333335,28.827970666666666,,,custom:libsad_search_b969ada61d8a74.so,/home/rzzhang/sad_merged/sad/build/libsad_search_b969ada61d8a74.so
2026-08-23T05:38:11.310034+00:00,20260823T050257,joint:qaoa:6:7df368e0ebfaa209,ok,,qaoa,6,8,float64,42,32,2,128,2,2,0.5,rotation,rotation,4,4,compact:L2R0W0-L2R0W0-L1R0W0-L1R0W0,compact:L2R0W0-L2R0W0-L1R0W0-L1R0W0,,,merged,optimized,20,3,20,0.32506500000000005,0.3225324,0.317403,0.32571399999999995,0.0036048720005015422,0.11331545000000001,0.015477300000000001,0.19373965,,,custom:libsad_search_fce412939d20fb.so,/home/rzzhang/sad_merged/sad/build/libsad_search_fce412939d20fb.so
2026-08-23T05:38:11.331566+00:00,20260823T050257,joint:qaoa:28:6b517ae340e82ee2,ok,,qaoa,28,8,float64,42,128,2,128,2,2,0.75,rotation,rotation,22,22,compact:L2R0W0-L2R0W0-L2R0W0-L2R0W0-L2R0W0-L2R0W0-L1R0W0-L1R0W0-L1R0W0-L1R0W0-L1R0W0-L1R0W0-L1R0W0-L1R0W0-L1R0W0-L1R0W0-L1R0W0-L1R0W0-L1R0W0-L1R0W0-L1R0W0-L1R0W0,compact:L2R0W0-L2R0W0-L2R0W0-L2R0W0-L2R0W0-L2R0W0-L1R0W0-L1R0W0-L1R0W0-L1R0W0-L1R0W0-L1R0W0-L1R0W0-L1R0W0-L1R0W0-L1R0W0-L1R0W0-L1R0W0-L1R0W0-L1R0W0-L1R0W0-L1R0W0,,,merged,optimized,2,3,2,4984.2737525,4984.2737525,4983.500938000001,4985.046566999999,0.7728144999991855,1656.2501985,9.9949335,3318.0286204999998,,,custom:libsad_search_b969ada61d8a74.so,/home/rzzhang/sad_merged/sad/build/libsad_search_b969ada61d8a74.so
2026-08-23T05:38:36.283828+00:00,20260823T050257,joint:qaoa:28:81c3c038cb7145f3,ok,,qaoa,28,8,float64,42,32,2,32,2,2,0.5,rotation,rotation,16,16,compact:L2R0W0-L2R0W0-L2R0W0-L2R0W0-L2R0W0-L2R0W0-L2R0W0-L2R0W0-L2R0W0-L2R0W0-L2R0W0-L2R0W0-L1R0W0-L1R0W0-L1R0W0-L1R0W0,compact:L2R0W0-L2R0W0-L2R0W0-L2R0W0-L2R0W0-L2R0W0-L2R0W0-L2R0W0-L2R0W0-L2R0W0-L2R0W0-L2R0W0-L1R0W0-L1R0W0-L1R0W0-L1R0W0,,,merged,optimized,2,3,2,3630.8347615,3630.8347615,3630.4486229999993,3631.2209000000003,0.38613850000047023,1201.3758245,9.9745315,2419.4844055,,,custom:libsad_search_dcff342f285260.so,/home/rzzhang/sad_merged/sad/build/libsad_search_dcff342f285260.so
2026-08-23T05:38:54.727214+00:00,20260823T050257,joint:qaoa:12:735c6c31e5af7381,ok,,qaoa,12,8,float64,42,32,2,128,2,1,0.75,rotation,rotation,10,10,compact:L2R0W0-L2R0W0-L1R0W0-L1R0W0-L1R0W0-L1R0W0-L1R0W0-L1R0W0-L1R0W0-L1R0W0,compact:L2R0W0-L2R0W0-L1R0W0-L1R0W0-L1R0W0-L1R0W0-L1R0W0-L1R0W0-L1R0W0-L1R0W0,,,split,optimized,10,3,10,0.8908360000000001,0.8907591,0.889877,0.891815,0.0005188148899173923,0.34302249999999995,0.015514300000000002,0.5322223,,,custom:libsad_search_0e4f539ceca897.so,/home/rzzhang/sad_merged/sad/build/libsad_search_0e4f539ceca897.so
2026-08-23T05:38:54.757915+00:00,20260823T050257,joint:qaoa:6:b7b6d22730cd30ec,ok,,qaoa,6,8,float64,42,32,2,32,2,1,0.75,rotation,rotation,5,5,compact:L2R0W0-L1R0W0-L1R0W0-L1R0W0-L1R0W0,compact:L2R0W0-L1R0W0-L1R0W0-L1R0W0-L1R0W0,,,split,optimized,20,3,20,0.310207,0.3099816,0.30891,0.311246,0.0007349372354153763,0.13131295,0.0154886,0.16318005000000002,,,custom:libsad_search_3cb67c7e18cc99.so,/home/rzzhang/sad_merged/sad/build/libsad_search_3cb67c7e18cc99.so
2026-08-23T05:38:54.783236+00:00,20260823T050257,joint:qaoa:12:436eee7b37d39b78,ok,,qaoa,12,8,float64,42,32,2,128,2,2,0.5,rotation,rotation,7,7,compact:L2R0W0-L2R0W0-L2R0W0-L2R0W0-L2R0W0-L1R0W0-L1R0W0,compact:L2R0W0-L2R0W0-L2R0W0-L2R0W0-L2R0W0-L1R0W0-L1R0W0,,,merged,optimized,10,3,10,0.696864,0.6968364,0.6962459999999999,0.697431,0.0005130199216404816,0.25201789999999996,0.0153418,0.42947669999999993,,,custom:libsad_search_fce412939d20fb.so,/home/rzzhang/sad_merged/sad/build/libsad_search_fce412939d20fb.so
2026-08-23T05:38:54.810475+00:00,20260823T050257,joint:qaoa:14:08e327e1196bd53c,ok,,qaoa,14,8,float64,42,128,2,32,2,1,0.0,legacy,legacy,0,0,,,,,not_applicable,legacy-generic,10,3,10,0.36243800000000004,0.3622771,0.36055400000000004,0.363579,0.0007555941304695126,0.15539619999999998,0.015474100000000001,0.1914068,,,custom:libsad_search_eaf59e83158800.so,/home/rzzhang/sad_merged/sad/build/libsad_search_eaf59e83158800.so
2026-08-23T05:38:54.833652+00:00,20260823T050257,joint:qaoa:18:f9ee7fec0b6d76b6,ok,,qaoa,18,8,float64,42,32,2,32,2,1,0.5,rotation,rotation,10,10,compact:L2R0W0-L2R0W0-L2R0W0-L2R0W0-L2R0W0-L2R0W0-L2R0W0-L2R0W0-L1R0W0-L1R0W0,compact:L2R0W0-L2R0W0-L2R0W0-L2R0W0-L2R0W0-L2R0W0-L2R0W0-L2R0W0-L1R0W0-L1R0W0,,,merged,optimized,5,3,5,2.1165730000000003,2.1168192,2.115543,2.1187099999999996,0.0012113039915725688,0.782573,0.0156338,1.3186124,,,custom:libsad_search_f9cdaf042a7bd6.so,/home/rzzhang/sad_merged/sad/build/libsad_search_f9cdaf042a7bd6.so
2026-08-23T05:38:54.877857+00:00,20260823T050257,joint:qaoa:8:3f502c982be10ce5,ok,,qaoa,8,8,float64,42,32,2,32,2,2,1.0,rotation,rotation,8,8,compact:L1R0W0-L1R0W0-L1R0W0-L1R0W0-L1R0W0-L1R0W0-L1R0W0-L1R0W0,compact:L1R0W0-L1R0W0-L1R0W0-L1R0W0-L1R0W0-L1R0W0-L1R0W0-L1R0W0,,,split,optimized,20,3,20,0.518892,0.51893755,0.517973,0.521194,0.0009174076234150287,0.23058995,0.015434499999999999,0.27291309999999996,,,custom:libsad_search_16d9d6cef53b3d.so,/home/rzzhang/sad_merged/sad/build/libsad_search_16d9d6cef53b3d.so
2026-08-23T05:38:54.908256+00:00,20260823T050257,joint:qaoa:4:99adddd7338bc920,ok,,qaoa,4,8,float64,42,64,2,64,2,2,1.0,rotation,rotation,4,4,compact:L1R0W0-L1R0W0-L1R0W0-L1R0W0,compact:L1R0W0-L1R0W0-L1R0W0-L1R0W0,,,split,optimized,20,3,20,0.233953,0.23370380000000002,0.23151900000000003,0.23459700000000003,0.0008903691144688188,0.09488105,0.0154068,0.12341595000000001,,,custom:libsad_search_20c37ff249ec0a.so,/home/rzzhang/sad_merged/sad/build/libsad_search_20c37ff249ec0a.so
2026-08-23T05:38:54.932496+00:00,20260823T050257,joint:qaoa:22:dd0ee6c284ccfd56,ok,,qaoa,22,8,float64,42,128,2,128,2,2,0.75,rotation,rotation,17,17,compact:L2R0W0-L2R0W0-L2R0W0-L2R0W0-L2R0W0-L1R0W0-L1R0W0-L1R0W0-L1R0W0-L1R0W0-L1R0W0-L1R0W0-L1R0W0-L1R0W0-L1R0W0-L1R0W0-L1R0W0,compact:L2R0W0-L2R0W0-L2R0W0-L2R0W0-L2R0W0-L1R0W0-L1R0W0-L1R0W0-L1R0W0-L1R0W0-L1R0W0-L1R0W0-L1R0W0-L1R0W0-L1R0W0-L1R0W0-L1R0W0,,,split,optimized,3,3,3,51.264025000000004,51.255659666666666,51.238709,51.264245,0.011986267846536858,10.474637333333334,0.15124833333333335,40.629774,,,custom:libsad_search_d02bea87aa5c56.so,/home/rzzhang/sad_merged/sad/build/libsad_search_d02bea87aa5c56.so
2026-08-23T05:38:55.276494+00:00,20260823T050257,joint:qaoa:16:d7eb1b65a9a291bb,ok,,qaoa,16,8,float64,42,64,2,64,2,1,0.75,rotation,rotation,12,12,compact:L2R0W0-L2R0W0-L2R0W0-L2R0W0-L1R0W0-L1R0W0-L1R0W0-L1R0W0-L1R0W0-L1R0W0-L1R0W0-L1R0W0,compact:L2R0W0-L2R0W0-L2R0W0-L2R0W0-L1R0W0-L1R0W0-L1R0W0-L1R0W0-L1R0W0-L1R0W0-L1R0W0-L1R0W0,,,split,optimized,5,3,5,1.3041669999999999,1.3041547999999998,1.303543,1.304945,0.0005392848597911973,0.5561942000000001,0.015602199999999998,0.7323584000000001,,,custom:libsad_search_7ec063ebc99501.so,/home/rzzhang/sad_merged/sad/build/libsad_search_7ec063ebc99501.so
2026-08-23T05:38:55.300562+00:00,20260823T050257,joint:qaoa:4:c30bde84344ab4bc,ok,,qaoa,4,8,float64,42,32,2,32,2,1,0.0,rotation,rotation,1,1,compact:L4R0W0,compact:L4R0W0,,,split,optimized,20,3,20,0.1136475,0.1137311,0.11353,0.11465600000000001,0.0003004126994652545,0.0358329,0.015440300000000002,0.0624579,,,custom:libsad_search_3cb67c7e18cc99.so,/home/rzzhang/sad_merged/sad/build/libsad_search_3cb67c7e18cc99.so
2026-08-23T05:38:55.316174+00:00,20260823T050257,joint:qaoa:24:f4a4d3ff3c8cf56d,ok,,qaoa,24,8,float64,42,64,2,64,2,1,1.0,rotation,rotation,24,24,compact:L1R0W0-L1R0W0-L1R0W0-L1R0W0-L1R0W0-L1R0W0-L1R0W0-L1R0W0-L1R0W0-L1R0W0-L1R0W0-L1R0W0-L1R0W0-L1R0W0-L1R0W0-L1R0W0-L1R0W0-L1R0W0-L1R0W0-L1R0W0-L1R0W0-L1R0W0-L1R0W0-L1R0W0,compact:L1R0W0-L1R0W0-L1R0W0-L1R0W0-L1R0W0-L1R0W0-L1R0W0-L1R0W0-L1R0W0-L1R0W0-L1R0W0-L1R0W0-L1R0W0-L1R0W0-L1R0W0-L1R0W0-L1R0W0-L1R0W0-L1R0W0-L1R0W0-L1R0W0-L1R0W0-L1R0W0-L1R0W0,,,merged,optimized,3,3,3,341.577876,341.6393963333333,341.543276,341.79703700000005,0.11236020897198182,113.83292900000001,0.643695,227.16277233333335,,,custom:libsad_search_7e5293342e215a.so,/home/rzzhang/sad_merged/sad/build/libsad_search_7e5293342e215a.so
2026-08-23T05:38:57.395161+00:00,20260823T050257,joint:qaoa:24:bfd96066e57c74b5,ok,,qaoa,24,8,float64,42,128,2,128,2,2,0.75,rotation,rotation,19,19,compact:L2R0W0-L2R0W0-L2R0W0-L2R0W0-L2R0W0-L1R0W0-L1R0W0-L1R0W0-L1R0W0-L1R0W0-L1R0W0-L1R0W0-L1R0W0-L1R0W0-L1R0W0-L1R0W0-L1R0W0-L1R0W0-L1R0W0,compact:L2R0W0-L2R0W0-L2R0W0-L2R0W0-L2R0W0-L1R0W0-L1R0W0-L1R0W0-L1R0W0-L1R0W0-L1R0W0-L1R0W0-L1R0W0-L1R0W0-L1R0W0-L1R0W0-L1R0W0-L1R0W0-L1R0W0,,,merged,optimized,3,3,3,270.99776199999997,271.0722196666666,270.930191,271.288706,0.1555446546822632,90.43511233333335,0.642539,179.99456833333335,,,custom:libsad_search_b969ada61d8a74.so,/home/rzzhang/sad_merged/sad/build/libsad_search_b969ada61d8a74.so
2026-08-23T05:38:59.051136+00:00,20260823T050257,joint:qaoa:10:d1880a28e22da76c,ok,,qaoa,10,8,float64,42,32,2,32,2,2,0.75,rotation,rotation,8,8,compact:L2R0W0-L2R0W0-L1R0W0-L1R0W0-L1R0W0-L1R0W0-L1R0W0-L1R0W0,compact:L2R0W0-L2R0W0-L1R0W0-L1R0W0-L1R0W0-L1R0W0-L1R0W0-L1R0W0,,,split,optimized,10,3,10,0.5784875,0.5804625999999999,0.576465,0.58562,0.0037071733490626146,0.2562634,0.0153154,0.3088838,,,custom:libsad_search_16d9d6cef53b3d.so,/home/rzzhang/sad_merged/sad/build/libsad_search_16d9d6cef53b3d.so
2026-08-23T05:38:59.072305+00:00,20260823T050257,joint:qaoa:18:7970153028b4ffe3,ok,,qaoa,18,8,float64,42,64,2,64,2,2,0.5,rotation,rotation,10,10,compact:L2R0W0-L2R0W0-L2R0W0-L2R0W0-L2R0W0-L2R0W0-L2R0W0-L2R0W0-L1R0W0-L1R0W0,compact:L2R0W0-L2R0W0-L2R0W0-L2R0W0-L2R0W0-L2R0W0-L2R0W0-L2R0W0-L1R0W0-L1R0W0,,,merged,optimized,5,3,5,2.1371670000000003,2.1371102,2.1350270000000005,2.1391790000000004,0.001315277369987009,0.7790964,0.0154274,1.3425864,,,custom:libsad_search_97eec9f2a848ec.so,/home/rzzhang/sad_merged/sad/build/libsad_search_97eec9f2a848ec.so
2026-08-23T05:38:59.103303+00:00,20260823T050257,joint:qaoa:26:5bba131748344945,ok,,qaoa,26,8,float64,42,128,2,32,2,2,0.5,rotation,rotation,14,15,compact:L2R0W0-L2R0W0-L2R0W0-L2R0W0-L2R0W0-L2R0W0-L2R0W0-L2R0W0-L2R0W0-L2R0W0-L2R0W0-L2R0W0-L1R0W0-L1R0W0,compact:L2R0W0-L2R0W0-L2R0W0-L2R0W0-L2R0W0-L2R0W0-L2R0W0-L2R0W0-L2R0W0-L2R0W0-L2R0W0-L1R0W0-L1R0W0-L1R0W0-L1R0W0,,,merged,optimized,2,3,2,834.5279985,834.5279985,833.981136,835.074861,0.5468625000000316,265.0558035,2.5061774999999997,566.9660175,,,custom:libsad_search_d014591f51543a.so,/home/rzzhang/sad_merged/sad/build/libsad_search_d014591f51543a.so
2026-08-23T05:39:03.308555+00:00,20260823T050257,joint:qaoa:28:4c95032b5d12b126,ok,,qaoa,28,8,float64,42,128,2,32,2,2,0.0,rotation,rotation,4,4,compact:L5R2W0-L5R2W0-L5R2W0-L5R2W0,compact:L5R2W0-L5R2W0-L5R2W0-L5R2W0,,,split,optimized,2,3,2,1708.6187225,1708.6187225,1708.5101140000002,1708.727331,0.1086084999999457,418.62516100000005,9.927569,1280.0659925,,,custom:libsad_search_3b115211f38255.so,/home/rzzhang/sad_merged/sad/build/libsad_search_3b115211f38255.so
2026-08-23T05:39:11.895318+00:00,20260823T050257,joint:qaoa:26:328f5ee960b8f9cc,ok,,qaoa,26,8,float64,42,32,2,128,2,1,0.25,rotation,rotation,10,9,compact:L3R0W0-L3R0W0-L3R0W0-L3R0W0-L3R0W0-L3R0W0-L2R0W0-L2R0W0-L2R0W0-L2R0W0,compact:L3R0W0-L3R0W0-L3R0W0-L3R0W0-L3R0W0-L3R0W0-L3R0W0-L3R0W0-L2R0W0,,,merged,optimized,2,3,2,538.758951,538.758951,538.731846,538.7860559999999,0.027104999999949086,188.32023049999998,2.5065174999999997,347.932203,,,custom:libsad_search_2a8327787a9aac.so,/home/rzzhang/sad_merged/sad/build/libsad_search_2a8327787a9aac.so
2026-08-23T05:39:14.649147+00:00,20260823T050257,joint:qaoa:14:d343516f4dd98564,ok,,qaoa,14,8,float64,42,128,2,32,2,2,0.25,rotation,rotation,5,5,compact:L3R0W0-L3R0W0-L3R0W0-L3R0W0-L2R0W0,compact:L3R0W0-L3R0W0-L3R0W0-L3R0W0-L2R0W0,,,merged,optimized,10,3,10,0.5631465,0.5630594,0.562031,0.565177,0.0009832654982251884,0.2611747,0.0155587,0.28632599999999997,,,custom:libsad_search_d014591f51543a.so,/home/rzzhang/sad_merged/sad/build/libsad_search_d014591f51543a.so
2026-08-23T05:39:14.675628+00:00,20260823T050257,joint:qaoa:8:ab918120509dd436,ok,,qaoa,8,8,float64,42,32,2,32,2,2,0.25,rotation,rotation,4,4,compact:L2R0W0-L2R0W0-L2R0W0-L2R0W0,compact:L2R0W0-L2R0W0-L2R0W0-L2R0W0,,,split,optimized,20,3,20,0.3174685,0.31782499999999997,0.317261,0.320424,0.0008294543387070845,0.13004855,0.015368,0.17240845,,,custom:libsad_search_16d9d6cef53b3d.so,/home/rzzhang/sad_merged/sad/build/libsad_search_16d9d6cef53b3d.so
2026-08-23T05:39:14.700335+00:00,20260823T050257,joint:qaoa:22:4c346ed9e579d6b3,ok,,qaoa,22,8,float64,42,128,2,32,2,2,0.75,rotation,rotation,17,18,compact:L2R0W0-L2R0W0-L2R0W0-L2R0W0-L2R0W0-L1R0W0-L1R0W0-L1R0W0-L1R0W0-L1R0W0-L1R0W0-L1R0W0-L1R0W0-L1R0W0-L1R0W0-L1R0W0-L1R0W0,compact:L2R0W0-L2R0W0-L2R0W0-L2R0W0-L1R0W0-L1R0W0-L1R0W0-L1R0W0-L1R0W0-L1R0W0-L1R0W0-L1R0W0-L1R0W0-L1R0W0-L1R0W0-L1R0W0-L1R0W0-L1R0W0,,,merged,optimized,3,3,3,53.447421,53.44060866666667,53.424918000000005,53.449487000000005,0.011126989839523361,10.507981333333333,0.14875299999999997,42.78387433333333,,,custom:libsad_search_d014591f51543a.so,/home/rzzhang/sad_merged/sad/build/libsad_search_d014591f51543a.so
2026-08-23T05:39:15.047279+00:00,20260823T050257,joint:qaoa:10:0cd4f5b1e84bb581,ok,,qaoa,10,8,float64,42,128,2,128,2,2,0.5,rotation,rotation,6,6,compact:L2R0W0-L2R0W0-L2R0W0-L2R0W0-L1R0W0-L1R0W0,compact:L2R0W0-L2R0W0-L2R0W0-L2R0W0-L1R0W0-L1R0W0,,,merged,optimized,10,3,10,0.5988665,0.5987321999999999,0.594077,0.6031219999999999,0.0037577191166983026,0.23833959999999998,0.015364099999999997,0.3450285,,,custom:libsad_search_b969ada61d8a74.so,/home/rzzhang/sad_merged/sad/build/libsad_search_b969ada61d8a74.so
2026-08-23T05:39:15.068606+00:00,20260823T050257,joint:qaoa:22:14fc43fa1f3aba94,ok,,qaoa,22,8,float64,42,128,2,32,2,1,0.0,rotation,rotation,3,4,compact:L5R2W1-L5R2W0-L5R2W0,compact:L5R1W0-L5R1W0-L5R0W0-L5R0W0,,,merged,optimized,3,3,3,23.323432999999998,23.119615666666665,22.706992000000003,23.328422,0.29177610166053874,5.571915000000001,0.142454,17.405246666666667,,,custom:libsad_search_5851e15f736f52.so,/home/rzzhang/sad_merged/sad/build/libsad_search_5851e15f736f52.so
2026-08-23T05:39:15.230562+00:00,20260823T050257,joint:qaoa:14:471261978cdf3999,ok,,qaoa,14,8,float64,42,32,2,32,2,2,0.75,rotation,rotation,11,11,compact:L2R0W0-L2R0W0-L2R0W0-L1R0W0-L1R0W0-L1R0W0-L1R0W0-L1R0W0-L1R0W0-L1R0W0-L1R0W0,compact:L2R0W0-L2R0W0-L2R0W0-L1R0W0-L1R0W0-L1R0W0-L1R0W0-L1R0W0-L1R0W0-L1R0W0-L1R0W0,,,merged,optimized,10,3,10,0.9482474999999999,0.9484182000000001,0.9451539999999999,0.951365,0.0014407408372084309,0.4261824,0.0156108,0.5066249999999999,,,custom:libsad_search_dcff342f285260.so,/home/rzzhang/sad_merged/sad/build/libsad_search_dcff342f285260.so
2026-08-23T05:39:15.256674+00:00,20260823T050257,joint:qaoa:4:d4b5dd2d8ea1dd09,ok,,qaoa,4,8,float64,42,32,2,32,2,2,0.25,rotation,rotation,2,2,compact:L2R0W0-L2R0W0,compact:L2R0W0-L2R0W0,,,merged,optimized,20,3,20,0.1592055,0.15919375,0.158587,0.159797,0.00046318526261097617,0.057839350000000005,0.015355650000000002,0.08599875000000001,,,custom:libsad_search_dcff342f285260.so,/home/rzzhang/sad_merged/sad/build/libsad_search_dcff342f285260.so
2026-08-23T05:39:15.273534+00:00,20260823T050257,joint:qaoa:20:494d98d48bac84e5,ok,,qaoa,20,8,float64,42,128,2,32,2,1,0.5,rotation,rotation,12,12,compact:L2R0W0-L2R0W0-L2R0W0-L2R0W0-L2R0W0-L2R0W0-L2R0W0-L2R0W0-L1R0W0-L1R0W0-L1R0W0-L1R0W0,compact:L2R0W0-L2R0W0-L2R0W0-L2R0W0-L2R0W0-L2R0W0-L2R0W0-L2R0W0-L1R0W0-L1R0W0-L1R0W0-L1R0W0,,,split,optimized,5,3,5,6.882444,6.882889199999999,6.877637,6.88851,0.0034603235340066583,2.2713908,0.0401206,4.5713778,,,custom:libsad_search_7259903b8346c4.so,/home/rzzhang/sad_merged/sad/build/libsad_search_7259903b8346c4.so
2026-08-23T05:39:15.343170+00:00,20260823T050257,joint:qaoa:10:117f6cb123f3fd96,ok,,qaoa,10,8,float64,42,32,2,32,2,1,0.5,rotation,rotation,6,6,compact:L2R0W0-L2R0W0-L2R0W0-L2R0W0-L1R0W0-L1R0W0,compact:L2R0W0-L2R0W0-L2R0W0-L2R0W0-L1R0W0-L1R0W0,,,merged,optimized,10,3,10,0.5044409999999999,0.5018312,0.4934680000000001,0.505937,0.005055087868672502,0.21246189999999998,0.015548400000000002,0.27382090000000003,,,custom:libsad_search_f9cdaf042a7bd6.so,/home/rzzhang/sad_merged/sad/build/libsad_search_f9cdaf042a7bd6.so
2026-08-23T05:39:15.363145+00:00,20260823T050257,joint:qaoa:20:4210147f1312d853,ok,,qaoa,20,8,float64,42,128,2,128,2,2,0.5,rotation,rotation,12,12,compact:L2R0W0-L2R0W0-L2R0W0-L2R0W0-L2R0W0-L2R0W0-L2R0W0-L2R0W0-L1R0W0-L1R0W0-L1R0W0-L1R0W0,compact:L2R0W0-L2R0W0-L2R0W0-L2R0W0-L2R0W0-L2R0W0-L2R0W0-L2R0W0-L1R0W0-L1R0W0-L1R0W0-L1R0W0,,,merged,optimized,5,3,5,7.214332000000001,7.2142843999999995,7.2104539999999995,7.2181809999999995,0.003135757681964562,2.3001452000000002,0.04028760000000001,4.8738516,,,custom:libsad_search_b969ada61d8a74.so,/home/rzzhang/sad_merged/sad/build/libsad_search_b969ada61d8a74.so
2026-08-23T05:39:15.435163+00:00,20260823T050257,joint:qaoa:14:0bbf71fd36818113,ok,,qaoa,14,8,float64,42,32,2,128,2,1,1.0,rotation,rotation,14,14,compact:L1R0W0-L1R0W0-L1R0W0-L1R0W0-L1R0W0-L1R0W0-L1R0W0-L1R0W0-L1R0W0-L1R0W0-L1R0W0-L1R0W0-L1R0W0-L1R0W0,compact:L1R0W0-L1R0W0-L1R0W0-L1R0W0-L1R0W0-L1R0W0-L1R0W0-L1R0W0-L1R0W0-L1R0W0-L1R0W0-L1R0W0-L1R0W0-L1R0W0,,,merged,optimized,10,3,10,1.3526835000000001,1.3527153,1.351631,1.354774,0.0011073463821225733,0.5478708000000001,0.0154218,0.7894227,,,custom:libsad_search_2a8327787a9aac.so,/home/rzzhang/sad_merged/sad/build/libsad_search_2a8327787a9aac.so
2026-08-23T05:39:15.465996+00:00,20260823T050257,joint:qaoa:28:7eccd59874a73e0d,ok,,qaoa,28,8,float64,42,32,2,128,2,1,0.0,legacy,legacy,0,0,,,,,not_applicable,legacy-generic,2,3,2,2130.930735,2130.930735,2130.683301,2131.178169,0.2474339999998847,525.2102699999999,9.9423145,1595.7781505,,,custom:libsad_search_ada51c8f4b2976.so,/home/rzzhang/sad_merged/sad/build/libsad_search_ada51c8f4b2976.so
2026-08-23T05:39:26.168384+00:00,20260823T050257,joint:qaoa:28:fdb4eedf5b06900e,ok,,qaoa,28,8,float64,42,32,2,128,2,1,0.75,rotation,rotation,22,22,compact:L2R0W0-L2R0W0-L2R0W0-L2R0W0-L2R0W0-L2R0W0-L1R0W0-L1R0W0-L1R0W0-L1R0W0-L1R0W0-L1R0W0-L1R0W0-L1R0W0-L1R0W0-L1R0W0-L1R0W0-L1R0W0-L1R0W0-L1R0W0-L1R0W0-L1R0W0,compact:L2R0W0-L2R0W0-L2R0W0-L2R0W0-L2R0W0-L2R0W0-L1R0W0-L1R0W0-L1R0W0-L1R0W0-L1R0W0-L1R0W0-L1R0W0-L1R0W0-L1R0W0-L1R0W0-L1R0W0-L1R0W0-L1R0W0-L1R0W0-L1R0W0-L1R0W0,,,merged,optimized,2,3,2,4975.020763,4975.020763,4974.9418670000005,4975.0996589999995,0.07889599999953134,1651.362337,10.004962999999998,3313.653463,,,custom:libsad_search_2a8327787a9aac.so,/home/rzzhang/sad_merged/sad/build/libsad_search_2a8327787a9aac.so
2026-08-23T05:39:51.329618+00:00,20260823T050257,joint:qaoa:28:96197c9987462832,ok,,qaoa,28,8,float64,42,64,2,64,2,2,0.5,rotation,rotation,16,16,compact:L2R0W0-L2R0W0-L2R0W0-L2R0W0-L2R0W0-L2R0W0-L2R0W0-L2R0W0-L2R0W0-L2R0W0-L2R0W0-L2R0W0-L1R0W0-L1R0W0-L1R0W0-L1R0W0,compact:L2R0W0-L2R0W0-L2R0W0-L2R0W0-L2R0W0-L2R0W0-L2R0W0-L2R0W0-L2R0W0-L2R0W0-L2R0W0-L2R0W0-L1R0W0-L1R0W0-L1R0W0-L1R0W0,,,split,optimized,2,3,2,3638.131927,3638.131927,3637.1351879999997,3639.128666,0.9967390000001615,1208.0530664999999,9.986927999999999,2420.0919325,,,custom:libsad_search_20c37ff249ec0a.so,/home/rzzhang/sad_merged/sad/build/libsad_search_20c37ff249ec0a.so
2026-08-23T05:40:09.807176+00:00,20260823T050257,joint:qaoa:24:a531f27e871e0acb,ok,,qaoa,24,8,float64,42,128,2,128,2,1,0.5,rotation,rotation,14,14,compact:L2R0W0-L2R0W0-L2R0W0-L2R0W0-L2R0W0-L2R0W0-L2R0W0-L2R0W0-L2R0W0-L2R0W0-L1R0W0-L1R0W0-L1R0W0-L1R0W0,compact:L2R0W0-L2R0W0-L2R0W0-L2R0W0-L2R0W0-L2R0W0-L2R0W0-L2R0W0-L2R0W0-L2R0W0-L1R0W0-L1R0W0-L1R0W0-L1R0W0,,,split,optimized,3,3,3,200.36162700000003,200.34169033333333,200.25416800000002,200.40927600000003,0.06487282905466821,66.71645099999999,0.643162,132.98207733333334,,,custom:libsad_search_9361435758c99d.so,/home/rzzhang/sad_merged/sad/build/libsad_search_9361435758c99d.so
2026-08-23T05:40:11.066367+00:00,20260823T050257,joint:qaoa:8:985373e2b443024e,ok,,qaoa,8,8,float64,42,64,2,64,2,1,0.25,rotation,rotation,3,3,compact:L3R0W0-L3R0W0-L2R0W0,compact:L3R0W0-L3R0W0-L2R0W0,,,merged,optimized,20,3,20,0.2876585,0.2873619,0.286613,0.288775,0.0005997453542963149,0.1054669,0.015423699999999999,0.16647130000000002,,,custom:libsad_search_7e5293342e215a.so,/home/rzzhang/sad_merged/sad/build/libsad_search_7e5293342e215a.so
2026-08-23T05:40:11.087065+00:00,20260823T050257,joint:qaoa:4:fc9944e7d743a2b8,ok,,qaoa,4,8,float64,42,64,2,64,2,2,0.0,rotation,rotation,1,1,compact:L4R0W0,compact:L4R0W0,,,split,optimized,20,3,20,0.120799,0.120848,0.120704,0.12169400000000001,0.00020081235021781062,0.0351213,0.0150635,0.0706632,,,custom:libsad_search_20c37ff249ec0a.so,/home/rzzhang/sad_merged/sad/build/libsad_search_20c37ff249ec0a.so
2026-08-23T05:40:11.103188+00:00,20260823T050257,joint:qaoa:24:893913d129f51761,ok,,qaoa,24,8,float64,42,128,2,32,2,2,0.0,rotation,rotation,3,4,compact:L5R2W1-L5R2W1-L5R2W1,compact:L5R1W0-L5R1W0-L5R1W0-L5R1W0,,,split,optimized,3,3,3,92.64309399999999,92.66504466666665,92.45667699999998,92.89536299999999,0.1797641519219635,22.969623,0.6161309999999999,69.07929066666667,,,custom:libsad_search_3b115211f38255.so,/home/rzzhang/sad_merged/sad/build/libsad_search_3b115211f38255.so
2026-08-23T05:40:11.699693+00:00,20260823T050257,joint:qaoa:12:4d5424d0a22450cf,ok,,qaoa,12,8,float64,42,128,2,32,2,2,0.75,rotation,rotation,10,10,compact:L2R0W0-L2R0W0-L1R0W0-L1R0W0-L1R0W0-L1R0W0-L1R0W0-L1R0W0-L1R0W0-L1R0W0,compact:L2R0W0-L2R0W0-L1R0W0-L1R0W0-L1R0W0-L1R0W0-L1R0W0-L1R0W0-L1R0W0-L1R0W0,,,merged,optimized,10,3,10,0.8222734999999999,0.8221399,0.821122,0.823086,0.0005493005461493638,0.40495719999999996,0.015464900000000002,0.40171779999999996,,,custom:libsad_search_d014591f51543a.so,/home/rzzhang/sad_merged/sad/build/libsad_search_d014591f51543a.so
2026-08-23T05:40:11.724531+00:00,20260823T050257,joint:qaoa:24:4cc4fd2e975e8cbe,ok,,qaoa,24,8,float64,42,64,2,64,2,1,0.75,rotation,rotation,19,19,compact:L2R0W0-L2R0W0-L2R0W0-L2R0W0-L2R0W0-L1R0W0-L1R0W0-L1R0W0-L1R0W0-L1R0W0-L1R0W0-L1R0W0-L1R0W0-L1R0W0-L1R0W0-L1R0W0-L1R0W0-L1R0W0-L1R0W0,compact:L2R0W0-L2R0W0-L2R0W0-L2R0W0-L2R0W0-L1R0W0-L1R0W0-L1R0W0-L1R0W0-L1R0W0-L1R0W0-L1R0W0-L1R0W0-L1R0W0-L1R0W0-L1R0W0-L1R0W0-L1R0W0-L1R0W0,,,split,optimized,3,3,3,270.924603,270.9173543333333,270.901681,270.92577900000003,0.01109311430073053,90.24839666666666,0.6498473333333333,180.01911033333332,,,custom:libsad_search_7ec063ebc99501.so,/home/rzzhang/sad_merged/sad/build/libsad_search_7ec063ebc99501.so
2026-08-23T05:40:13.379109+00:00,20260823T050257,joint:qaoa:22:53708973b7712e48,ok,,qaoa,22,8,float64,42,32,2,32,2,1,0.75,rotation,rotation,18,18,compact:L2R0W0-L2R0W0-L2R0W0-L2R0W0-L1R0W0-L1R0W0-L1R0W0-L1R0W0-L1R0W0-L1R0W0-L1R0W0-L1R0W0-L1R0W0-L1R0W0-L1R0W0-L1R0W0-L1R0W0-L1R0W0,compact:L2R0W0-L2R0W0-L2R0W0-L2R0W0-L1R0W0-L1R0W0-L1R0W0-L1R0W0-L1R0W0-L1R0W0-L1R0W0-L1R0W0-L1R0W0-L1R0W0-L1R0W0-L1R0W0-L1R0W0-L1R0W0,,,split,optimized,3,3,3,53.850667,53.847997666666664,53.838445,53.854881,0.006970391157523773,10.904396666666669,0.145896,42.797705,,,custom:libsad_search_3cb67c7e18cc99.so,/home/rzzhang/sad_merged/sad/build/libsad_search_3cb67c7e18cc99.so
2026-08-23T05:40:13.728961+00:00,20260823T050257,joint:qaoa:26:7de95e27425db54d,ok,,qaoa,26,8,float64,42,32,2,128,2,1,0.25,rotation,rotation,10,9,compact:L3R0W0-L3R0W0-L3R0W0-L3R0W0-L3R0W0-L3R0W0-L2R0W0-L2R0W0-L2R0W0-L2R0W0,compact:L3R0W0-L3R0W0-L3R0W0-L3R0W0-L3R0W0-L3R0W0-L3R0W0-L3R0W0-L2R0W0,,,split,optimized,2,3,2,538.9144914999999,538.9144914999999,538.815189,539.013794,0.09930249999996477,188.46009400000003,2.5100255000000002,347.94437199999993,,,custom:libsad_search_0e4f539ceca897.so,/home/rzzhang/sad_merged/sad/build/libsad_search_0e4f539ceca897.so
2026-08-23T05:40:16.444125+00:00,20260823T050257,joint:qaoa:18:126e5a89d48b1b2d,ok,,qaoa,18,8,float64,42,128,2,128,2,2,0.25,rotation,rotation,6,6,compact:L3R0W0-L3R0W0-L3R0W0-L3R0W0-L3R0W0-L3R0W0,compact:L3R0W0-L3R0W0-L3R0W0-L3R0W0-L3R0W0-L3R0W0,,,merged,optimized,5,3,5,1.8248650000000002,1.8249898000000002,1.824678,1.8256990000000002,0.0003615319626257492,0.600052,0.015557599999999998,1.2093802,,,custom:libsad_search_b969ada61d8a74.so,/home/rzzhang/sad_merged/sad/build/libsad_search_b969ada61d8a74.so
2026-08-23T05:40:16.485701+00:00,20260823T050257,joint:qaoa:18:323d38538cb5af44,ok,,qaoa,18,8,float64,42,128,2,128,2,1,0.75,rotation,rotation,14,14,compact:L2R0W0-L2R0W0-L2R0W0-L2R0W0-L1R0W0-L1R0W0-L1R0W0-L1R0W0-L1R0W0-L1R0W0-L1R0W0-L1R0W0-L1R0W0-L1R0W0,compact:L2R0W0-L2R0W0-L2R0W0-L2R0W0-L1R0W0-L1R0W0-L1R0W0-L1R0W0-L1R0W0-L1R0W0-L1R0W0-L1R0W0-L1R0W0-L1R0W0,,,split,optimized,5,3,5,2.7106019999999997,2.7095196,2.703197,2.711636,0.0031928258706043406,1.0874731999999998,0.0155198,1.6065266000000002,,,custom:libsad_search_9361435758c99d.so,/home/rzzhang/sad_merged/sad/build/libsad_search_9361435758c99d.so
2026-08-23T05:40:16.528052+00:00,20260823T050257,joint:qaoa:6:9d72b4b83bf199d6,ok,,qaoa,6,8,float64,42,64,2,64,2,1,0.25,rotation,rotation,2,2,compact:L3R0W0-L3R0W0,compact:L3R0W0-L3R0W0,,,split,optimized,20,3,20,0.188396,0.18862194999999998,0.18795299999999998,0.18949,0.00047551356184655696,0.06356435,0.015287549999999999,0.10977005000000001,,,custom:libsad_search_7ec063ebc99501.so,/home/rzzhang/sad_merged/sad/build/libsad_search_7ec063ebc99501.so
2026-08-23T05:40:16.545456+00:00,20260823T050257,joint:qaoa:26:0ddf4ec3ff24f077,ok,,qaoa,26,8,float64,42,32,2,128,2,2,0.25,rotation,rotation,10,9,compact:L3R0W0-L3R0W0-L3R0W0-L3R0W0-L3R0W0-L3R0W0-L2R0W0-L2R0W0-L2R0W0-L2R0W0,compact:L3R0W0-L3R0W0-L3R0W0-L3R0W0-L3R0W0-L3R0W0-L3R0W0-L3R0W0-L2R0W0,,,merged,optimized,2,3,2,538.6309549999999,538.6309549999999,538.5946849999999,538.6672249999999,0.0362700000000018,188.34603249999998,2.5015039999999997,347.7834185,,,custom:libsad_search_fce412939d20fb.so,/home/rzzhang/sad_merged/sad/build/libsad_search_fce412939d20fb.so
2026-08-23T05:40:19.270352+00:00,20260823T050257,joint:qaoa:28:4f244d183e8b296a,ok,,qaoa,28,8,float64,42,128,2,32,2,1,0.75,rotation,rotation,22,22,compact:L2R0W0-L2R0W0-L2R0W0-L2R0W0-L2R0W0-L2R0W0-L1R0W0-L1R0W0-L1R0W0-L1R0W0-L1R0W0-L1R0W0-L1R0W0-L1R0W0-L1R0W0-L1R0W0-L1R0W0-L1R0W0-L1R0W0-L1R0W0-L1R0W0-L1R0W0,compact:L2R0W0-L2R0W0-L2R0W0-L2R0W0-L2R0W0-L2R0W0-L1R0W0-L1R0W0-L1R0W0-L1R0W0-L1R0W0-L1R0W0-L1R0W0-L1R0W0-L1R0W0-L1R0W0-L1R0W0-L1R0W0-L1R0W0-L1R0W0-L1R0W0-L1R0W0,,,split,optimized,2,3,2,4982.990898,4982.990898,4982.387924,4983.593872,0.6029740000003585,1655.0159935,10.001384,3317.9735204999997,,,custom:libsad_search_7259903b8346c4.so,/home/rzzhang/sad_merged/sad/build/libsad_search_7259903b8346c4.so
2026-08-23T05:40:44.220579+00:00,20260823T050257,joint:qaoa:10:17469b8fe1c8fd42,ok,,qaoa,10,8,float64,42,32,2,32,2,1,0.75,rotation,rotation,8,8,compact:L2R0W0-L2R0W0-L1R0W0-L1R0W0-L1R0W0-L1R0W0-L1R0W0-L1R0W0,compact:L2R0W0-L2R0W0-L1R0W0-L1R0W0-L1R0W0-L1R0W0-L1R0W0-L1R0W0,,,merged,optimized,10,3,10,0.5804285,0.5807793,0.57956,0.586713,0.0020289394791368296,0.2581492,0.0155365,0.3070936,,,custom:libsad_search_f9cdaf042a7bd6.so,/home/rzzhang/sad_merged/sad/build/libsad_search_f9cdaf042a7bd6.so
2026-08-23T05:40:44.246977+00:00,20260823T050257,joint:qaoa:8:8f5ca9f8142d69c9,ok,,qaoa,8,8,float64,42,32,2,128,2,1,0.0,legacy,legacy,0,0,,,,,not_applicable,legacy-generic,20,3,20,0.2682865,0.26739015,0.26142899999999997,0.269401,0.0027363498181884657,0.0854747,0.01542845,0.166487,,,custom:libsad_search_ada51c8f4b2976.so,/home/rzzhang/sad_merged/sad/build/libsad_search_ada51c8f4b2976.so
2026-08-23T05:40:44.270959+00:00,20260823T050257,joint:qaoa:8:8fd1990b910358f8,ok,,qaoa,8,8,float64,42,32,2,32,2,2,0.75,rotation,rotation,6,6,compact:L2R0W0-L2R0W0-L1R0W0-L1R0W0-L1R0W0-L1R0W0,compact:L2R0W0-L2R0W0-L1R0W0-L1R0W0-L1R0W0-L1R0W0,,,merged,optimized,20,3,20,0.41467050000000005,0.41514955000000003,0.413655,0.421938,0.0017385662620389133,0.17958355,0.01554775,0.22001825,,,custom:libsad_search_dcff342f285260.so,/home/rzzhang/sad_merged/sad/build/libsad_search_dcff342f285260.so
2026-08-23T05:40:44.299463+00:00,20260823T050257,joint:qaoa:4:3ab15ae26af167cf,ok,,qaoa,4,8,float64,42,128,2,32,2,1,1.0,rotation,rotation,4,4,compact:L1R0W0-L1R0W0-L1R0W0-L1R0W0,compact:L1R0W0-L1R0W0-L1R0W0-L1R0W0,,,merged,optimized,20,3,20,0.2370255,0.23691749999999998,0.235446,0.238546,0.0008079304116073386,0.10507174999999999,0.015603949999999998,0.11624179999999999,,,custom:libsad_search_5851e15f736f52.so,/home/rzzhang/sad_merged/sad/build/libsad_search_5851e15f736f52.so
2026-08-23T05:40:44.323453+00:00,20260823T050257,joint:qaoa:6:525cbfef1a6f9676,ok,,qaoa,6,8,float64,42,128,2,32,2,1,0.0,rotation,rotation,1,1,compact:L5R1W0,compact:L5R1W0,,,split,optimized,20,3,20,0.145384,0.14537365,0.145247,0.14552700000000002,8.15348238484707e-05,0.051080549999999995,0.015443600000000002,0.07884950000000002,,,custom:libsad_search_7259903b8346c4.so,/home/rzzhang/sad_merged/sad/build/libsad_search_7259903b8346c4.so
2026-08-23T05:40:44.345946+00:00,20260823T050257,joint:qaoa:22:674786933f9514d0,ok,,qaoa,22,8,float64,42,32,2,128,2,1,0.25,rotation,rotation,8,8,compact:L3R0W0-L3R0W0-L3R0W0-L3R0W0-L3R0W0-L3R0W0-L2R0W0-L2R0W0,compact:L3R0W0-L3R0W0-L3R0W0-L3R0W0-L3R0W0-L3R0W0-L2R0W0-L2R0W0,,,split,optimized,3,3,3,27.12007,27.016205666666668,26.478372,27.450175,0.40347748182216536,6.4838743333333335,0.14896500000000001,20.383366333333335,,,custom:libsad_search_0e4f539ceca897.so,/home/rzzhang/sad_merged/sad/build/libsad_search_0e4f539ceca897.so
2026-08-23T05:40:44.543765+00:00,20260823T050257,joint:qaoa:22:8a42fafc5ee95fd8,ok,,qaoa,22,8,float64,42,128,2,32,2,2,1.0,rotation,rotation,22,22,compact:L1R0W0-L1R0W0-L1R0W0-L1R0W0-L1R0W0-L1R0W0-L1R0W0-L1R0W0-L1R0W0-L1R0W0-L1R0W0-L1R0W0-L1R0W0-L1R0W0-L1R0W0-L1R0W0-L1R0W0-L1R0W0-L1R0W0-L1R0W0-L1R0W0-L1R0W0,compact:L1R0W0-L1R0W0-L1R0W0-L1R0W0-L1R0W0-L1R0W0-L1R0W0-L1R0W0-L1R0W0-L1R0W0-L1R0W0-L1R0W0-L1R0W0-L1R0W0-L1R0W0-L1R0W0-L1R0W0-L1R0W0-L1R0W0-L1R0W0-L1R0W0-L1R0W0,,,merged,optimized,3,3,3,65.917934,65.92708166666667,65.90552,65.957791,0.022298343949471718,13.484573333333334,0.14822133333333332,52.294287000000004,,,custom:libsad_search_d014591f51543a.so,/home/rzzhang/sad_merged/sad/build/libsad_search_d014591f51543a.so
2026-08-23T05:40:44.965690+00:00,20260823T050257,joint:qaoa:8:63932b745c49505e,ok,,qaoa,8,8,float64,42,32,2,128,2,1,0.75,rotation,rotation,6,6,compact:L2R0W0-L2R0W0-L1R0W0-L1R0W0-L1R0W0-L1R0W0,compact:L2R0W0-L2R0W0-L1R0W0-L1R0W0-L1R0W0-L1R0W0,,,split,optimized,20,3,20,0.4811865,0.4807446000000001,0.479132,0.481325,0.0006848590657938351,0.18102515000000002,0.01537045,0.284349,,,custom:libsad_search_0e4f539ceca897.so,/home/rzzhang/sad_merged/sad/build/libsad_search_0e4f539ceca897.so
2026-08-23T05:40:44.990321+00:00,20260823T050257,joint:qaoa:28:3f0dce874bd6f91a,ok,,qaoa,28,8,float64,42,64,2,64,2,1,0.0,rotation,rotation,4,4,compact:L5R2W0-L5R2W0-L5R2W0-L5R2W0,compact:L5R2W0-L5R2W0-L5R2W0-L5R2W0,,,merged,optimized,2,3,2,1830.767015,1830.767015,1830.658952,1830.875078,0.10806300000001556,447.3172875,9.947431499999999,1373.502296,,,custom:libsad_search_7e5293342e215a.so,/home/rzzhang/sad_merged/sad/build/libsad_search_7e5293342e215a.so
2026-08-23T05:40:54.187321+00:00,20260823T050257,joint:qaoa:18:7e31582a32c91626,ok,,qaoa,18,8,float64,42,32,2,32,2,2,0.25,rotation,rotation,7,7,compact:L3R0W0-L3R0W0-L3R0W0-L3R0W0-L2R0W0-L2R0W0-L2R0W0,compact:L3R0W0-L3R0W0-L3R0W0-L3R0W0-L2R0W0-L2R0W0-L2R0W0,,,merged,optimized,5,3,5,1.8172309999999998,1.8168925999999999,1.815532,1.8175269999999997,0.0007403546717621137,0.6254350000000001,0.0157586,1.175699,,,custom:libsad_search_dcff342f285260.so,/home/rzzhang/sad_merged/sad/build/libsad_search_dcff342f285260.so
2026-08-23T05:40:54.232112+00:00,20260823T050257,joint:qaoa:18:17726e4e1231eac4,ok,,qaoa,18,8,float64,42,128,2,32,2,2,0.0,rotation,rotation,2,3,compact:L5R2W2-L5R2W2,compact:L5R1W0-L5R1W0-L5R1W0,,,merged,optimized,5,3,5,1.5023650000000002,1.5028086,1.5021409999999997,1.504128,0.0007605320769040638,0.3873398,0.015591800000000003,1.099877,,,custom:libsad_search_d014591f51543a.so,/home/rzzhang/sad_merged/sad/build/libsad_search_d014591f51543a.so
2026-08-23T05:40:54.273870+00:00,20260823T050257,joint:qaoa:26:9f82a35da7c0e88d,ok,,qaoa,26,8,float64,42,128,2,128,2,1,0.0,rotation,rotation,3,3,compact:L5R2W2-L5R2W2-L5R2W1,compact:L5R2W2-L5R2W2-L5R2W1,,,merged,optimized,2,3,2,431.917332,431.917332,431.90545099999997,431.92921300000006,0.011881000000045105,103.66564100000001,2.486629,325.765062,,,custom:libsad_search_8fbfac92ec4bef.so,/home/rzzhang/sad_merged/sad/build/libsad_search_8fbfac92ec4bef.so
2026-08-23T05:40:56.481643+00:00,20260823T050257,joint:qaoa:20:446e65b3f605787c,ok,,qaoa,20,8,float64,42,64,2,64,2,1,1.0,rotation,rotation,20,20,compact:L1R0W0-L1R0W0-L1R0W0-L1R0W0-L1R0W0-L1R0W0-L1R0W0-L1R0W0-L1R0W0-L1R0W0-L1R0W0-L1R0W0-L1R0W0-L1R0W0-L1R0W0-L1R0W0-L1R0W0-L1R0W0-L1R0W0-L1R0W0,compact:L1R0W0-L1R0W0-L1R0W0-L1R0W0-L1R0W0-L1R0W0-L1R0W0-L1R0W0-L1R0W0-L1R0W0-L1R0W0-L1R0W0-L1R0W0-L1R0W0-L1R0W0-L1R0W0-L1R0W0-L1R0W0-L1R0W0-L1R0W0,,,split,optimized,5,3,5,7.977236,7.980005199999999,7.969974,8.002623999999999,0.011726873520252283,2.9961453999999996,0.040244199999999994,4.9436156,,,custom:libsad_search_7ec063ebc99501.so,/home/rzzhang/sad_merged/sad/build/libsad_search_7ec063ebc99501.so
2026-08-23T05:40:56.570016+00:00,20260823T050257,joint:qaoa:26:b9e3d4d578731748,ok,,qaoa,26,8,float64,42,128,2,128,2,2,0.0,rotation,rotation,3,3,compact:L5R2W2-L5R2W2-L5R2W1,compact:L5R2W2-L5R2W2-L5R2W1,,,merged,optimized,2,3,2,412.78664000000003,412.78664000000003,412.670306,412.90297400000003,0.11633400000002325,97.4162535,2.474176,312.89621050000005,,,custom:libsad_search_b969ada61d8a74.so,/home/rzzhang/sad_merged/sad/build/libsad_search_b969ada61d8a74.so
2026-08-23T05:40:58.673960+00:00,20260823T050257,joint:qaoa:14:68cc23395bdec11b,ok,,qaoa,14,8,float64,42,32,2,32,2,1,0.75,rotation,rotation,11,11,compact:L2R0W0-L2R0W0-L2R0W0-L1R0W0-L1R0W0-L1R0W0-L1R0W0-L1R0W0-L1R0W0-L1R0W0-L1R0W0,compact:L2R0W0-L2R0W0-L2R0W0-L1R0W0-L1R0W0-L1R0W0-L1R0W0-L1R0W0-L1R0W0-L1R0W0-L1R0W0,,,split,optimized,10,3,10,0.9061345000000001,0.905721,0.9030769999999999,0.907325,0.0010641417198851205,0.4089265,0.0155925,0.481202,,,custom:libsad_search_3cb67c7e18cc99.so,/home/rzzhang/sad_merged/sad/build/libsad_search_3cb67c7e18cc99.so
2026-08-23T05:40:58.707891+00:00,20260823T050257,joint:qaoa:24:540019cf61221522,ok,,qaoa,24,8,float64,42,128,2,128,2,1,0.75,rotation,rotation,19,19,compact:L2R0W0-L2R0W0-L2R0W0-L2R0W0-L2R0W0-L1R0W0-L1R0W0-L1R0W0-L1R0W0-L1R0W0-L1R0W0-L1R0W0-L1R0W0-L1R0W0-L1R0W0-L1R0W0-L1R0W0-L1R0W0-L1R0W0,compact:L2R0W0-L2R0W0-L2R0W0-L2R0W0-L2R0W0-L1R0W0-L1R0W0-L1R0W0-L1R0W0-L1R0W0-L1R0W0-L1R0W0-L1R0W0-L1R0W0-L1R0W0-L1R0W0-L1R0W0-L1R0W0-L1R0W0,,,split,optimized,3,3,3,270.993761,271.06328866666666,270.91450699999996,271.28159800000003,0.1577223782354001,90.31482533333333,0.6468033333333333,180.10165999999998,,,custom:libsad_search_9361435758c99d.so,/home/rzzhang/sad_merged/sad/build/libsad_search_9361435758c99d.so
2026-08-23T05:41:00.370817+00:00,20260823T050257,joint:qaoa:28:5813c36a73a71af5,ok,,qaoa,28,8,float64,42,128,2,32,2,1,0.25,rotation,rotation,10,10,compact:L3R0W0-L3R0W0-L3R0W0-L3R0W0-L3R0W0-L3R0W0-L3R0W0-L3R0W0-L2R0W0-L2R0W0,compact:L3R0W0-L3R0W0-L3R0W0-L3R0W0-L3R0W0-L3R0W0-L3R0W0-L3R0W0-L2R0W0-L2R0W0,,,merged,optimized,2,3,2,2303.80986,2303.80986,2303.7403259999996,2303.879394,0.06953400000020338,755.8465875,9.9734525,1537.98982,,,custom:libsad_search_5851e15f736f52.so,/home/rzzhang/sad_merged/sad/build/libsad_search_5851e15f736f52.so
2026-08-23T05:41:11.926126+00:00,20260823T050257,joint:qaoa:12:68be698480ab6a5f,ok,,qaoa,12,8,float64,42,128,2,32,2,1,0.25,rotation,rotation,4,4,compact:L3R0W0-L3R0W0-L3R0W0-L3R0W0,compact:L3R0W0-L3R0W0-L3R0W0-L3R0W0,,,split,optimized,10,3,10,0.439286,0.4402855,0.438125,0.44543900000000003,0.002648280999063358,0.2014023,0.015305599999999997,0.22357760000000002,,,custom:libsad_search_7259903b8346c4.so,/home/rzzhang/sad_merged/sad/build/libsad_search_7259903b8346c4.so
2026-08-23T05:41:11.954041+00:00,20260823T050257,joint:qaoa:28:71f408190c3b30ba,ok,,qaoa,28,8,float64,42,128,2,32,2,2,1.0,rotation,rotation,28,28,compact:L1R0W0-L1R0W0-L1R0W0-L1R0W0-L1R0W0-L1R0W0-L1R0W0-L1R0W0-L1R0W0-L1R0W0-L1R0W0-L1R0W0-L1R0W0-L1R0W0-L1R0W0-L1R0W0-L1R0W0-L1R0W0-L1R0W0-L1R0W0-L1R0W0-L1R0W0-L1R0W0-L1R0W0-L1R0W0-L1R0W0-L1R0W0-L1R0W0,compact:L1R0W0-L1R0W0-L1R0W0-L1R0W0-L1R0W0-L1R0W0-L1R0W0-L1R0W0-L1R0W0-L1R0W0-L1R0W0-L1R0W0-L1R0W0-L1R0W0-L1R0W0-L1R0W0-L1R0W0-L1R0W0-L1R0W0-L1R0W0-L1R0W0-L1R0W0-L1R0W0-L1R0W0-L1R0W0-L1R0W0-L1R0W0-L1R0W0,,,merged,optimized,2,3,2,6329.7858495,6329.7858495,6327.699677,6331.872022,2.086172499999975,2105.3122489999996,9.979959000000001,4214.4936415,,,custom:libsad_search_d014591f51543a.so,/home/rzzhang/sad_merged/sad/build/libsad_search_d014591f51543a.so
2026-08-23T05:41:43.864184+00:00,20260823T050257,joint:qaoa:14:28c36982752c5766,ok,,qaoa,14,8,float64,42,32,2,32,2,1,1.0,rotation,rotation,14,14,compact:L1R0W0-L1R0W0-L1R0W0-L1R0W0-L1R0W0-L1R0W0-L1R0W0-L1R0W0-L1R0W0-L1R0W0-L1R0W0-L1R0W0-L1R0W0-L1R0W0,compact:L1R0W0-L1R0W0-L1R0W0-L1R0W0-L1R0W0-L1R0W0-L1R0W0-L1R0W0-L1R0W0-L1R0W0-L1R0W0-L1R0W0-L1R0W0-L1R0W0,,,split,optimized,10,3,10,1.1100130000000001,1.1097035,1.106877,1.1101509999999999,0.0009470861893196169,0.5114204,0.0153771,0.582906,,,custom:libsad_search_3cb67c7e18cc99.so,/home/rzzhang/sad_merged/sad/build/libsad_search_3cb67c7e18cc99.so
2026-08-23T05:41:43.896955+00:00,20260823T050257,joint:qaoa:8:2dba78550bec587a,ok,,qaoa,8,8,float64,42,128,2,32,2,2,0.0,rotation,rotation,1,2,compact:L5R2W1,compact:L4R0W0-L4R0W0,,,merged,optimized,20,3,20,0.205768,0.2052829,0.199734,0.20657299999999998,0.0013654942292078704,0.06292835000000001,0.01569615,0.1266584,,,custom:libsad_search_d014591f51543a.so,/home/rzzhang/sad_merged/sad/build/libsad_search_d014591f51543a.so
2026-08-23T05:41:43.920102+00:00,20260823T050257,joint:qaoa:20:3ab280911c2e5882,ok,,qaoa,20,8,float64,42,128,2,32,2,2,1.0,rotation,rotation,20,20,compact:L1R0W0-L1R0W0-L1R0W0-L1R0W0-L1R0W0-L1R0W0-L1R0W0-L1R0W0-L1R0W0-L1R0W0-L1R0W0-L1R0W0-L1R0W0-L1R0W0-L1R0W0-L1R0W0-L1R0W0-L1R0W0-L1R0W0-L1R0W0,compact:L1R0W0-L1R0W0-L1R0W0-L1R0W0-L1R0W0-L1R0W0-L1R0W0-L1R0W0-L1R0W0-L1R0W0-L1R0W0-L1R0W0-L1R0W0-L1R0W0-L1R0W0-L1R0W0-L1R0W0-L1R0W0-L1R0W0-L1R0W0,,,split,optimized,5,3,5,8.135946,8.1358912,8.126697,8.147082999999999,0.007009986002838625,3.0761752,0.0404744,5.0192416,,,custom:libsad_search_3b115211f38255.so,/home/rzzhang/sad_merged/sad/build/libsad_search_3b115211f38255.so
2026-08-23T05:41:44.014514+00:00,20260823T050257,joint:qaoa:18:0bc69ba6589a968d,ok,,qaoa,18,8,float64,42,32,2,128,2,2,0.75,rotation,rotation,14,14,compact:L2R0W0-L2R0W0-L2R0W0-L2R0W0-L1R0W0-L1R0W0-L1R0W0-L1R0W0-L1R0W0-L1R0W0-L1R0W0-L1R0W0-L1R0W0-L1R0W0,compact:L2R0W0-L2R0W0-L2R0W0-L2R0W0-L1R0W0-L1R0W0-L1R0W0-L1R0W0-L1R0W0-L1R0W0-L1R0W0-L1R0W0-L1R0W0-L1R0W0,,,split,optimized,5,3,5,2.601197,2.6026744,2.597873,2.607219,0.003816250704552945,0.9935980000000001,0.015721799999999998,1.5933545999999998,,,custom:libsad_search_2a0e4369743c84.so,/home/rzzhang/sad_merged/sad/build/libsad_search_2a0e4369743c84.so
2026-08-23T05:41:44.062580+00:00,20260823T050257,joint:qaoa:22:08607ba592b2ebbb,ok,,qaoa,22,8,float64,42,32,2,128,2,1,1.0,rotation,rotation,22,22,compact:L1R0W0-L1R0W0-L1R0W0-L1R0W0-L1R0W0-L1R0W0-L1R0W0-L1R0W0-L1R0W0-L1R0W0-L1R0W0-L1R0W0-L1R0W0-L1R0W0-L1R0W0-L1R0W0-L1R0W0-L1R0W0-L1R0W0-L1R0W0-L1R0W0-L1R0W0,compact:L1R0W0-L1R0W0-L1R0W0-L1R0W0-L1R0W0-L1R0W0-L1R0W0-L1R0W0-L1R0W0-L1R0W0-L1R0W0-L1R0W0-L1R0W0-L1R0W0-L1R0W0-L1R0W0-L1R0W0-L1R0W0-L1R0W0-L1R0W0-L1R0W0-L1R0W0,,,split,optimized,3,3,3,65.753856,65.75967,65.75280699999999,65.77234700000001,0.008974216660344541,13.125656333333332,0.14329866666666669,52.490715,,,custom:libsad_search_0e4f539ceca897.so,/home/rzzhang/sad_merged/sad/build/libsad_search_0e4f539ceca897.so
2026-08-23T05:41:44.494830+00:00,20260823T050257,joint:qaoa:12:fd85259cfc478c25,ok,,qaoa,12,8,float64,42,32,2,32,2,2,0.75,rotation,rotation,10,10,compact:L2R0W0-L2R0W0-L1R0W0-L1R0W0-L1R0W0-L1R0W0-L1R0W0-L1R0W0-L1R0W0-L1R0W0,compact:L2R0W0-L2R0W0-L1R0W0-L1R0W0-L1R0W0-L1R0W0-L1R0W0-L1R0W0-L1R0W0-L1R0W0,,,split,optimized,10,3,10,0.758279,0.7750563,0.756635,0.8047259999999999,0.021459262326790282,0.34862499999999996,0.0154934,0.41093789999999997,,,custom:libsad_search_16d9d6cef53b3d.so,/home/rzzhang/sad_merged/sad/build/libsad_search_16d9d6cef53b3d.so
2026-08-23T05:41:44.519058+00:00,20260823T050257,joint:qaoa:16:f23810cf64822a47,ok,,qaoa,16,8,float64,42,32,2,32,2,2,0.75,rotation,rotation,13,13,compact:L2R0W0-L2R0W0-L2R0W0-L1R0W0-L1R0W0-L1R0W0-L1R0W0-L1R0W0-L1R0W0-L1R0W0-L1R0W0-L1R0W0-L1R0W0,compact:L2R0W0-L2R0W0-L2R0W0-L1R0W0-L1R0W0-L1R0W0-L1R0W0-L1R0W0-L1R0W0-L1R0W0-L1R0W0-L1R0W0-L1R0W0,,,merged,optimized,5,3,5,1.3936349999999997,1.3942284,1.3936220000000001,1.395523,0.0007761372559026058,0.6052602,0.015410599999999998,0.7735576,,,custom:libsad_search_dcff342f285260.so,/home/rzzhang/sad_merged/sad/build/libsad_search_dcff342f285260.so
2026-08-23T05:41:44.544330+00:00,20260823T050257,joint:qaoa:26:ebe10e40565c91a7,ok,,qaoa,26,8,float64,42,32,2,32,2,2,0.25,rotation,rotation,10,10,compact:L3R0W0-L3R0W0-L3R0W0-L3R0W0-L3R0W0-L3R0W0-L2R0W0-L2R0W0-L2R0W0-L2R0W0,compact:L3R0W0-L3R0W0-L3R0W0-L3R0W0-L3R0W0-L3R0W0-L2R0W0-L2R0W0-L2R0W0-L2R0W0,,,merged,optimized,2,3,2,576.040553,576.040553,575.9928960000001,576.08821,0.047656999999958316,188.347973,2.506068,385.186512,,,custom:libsad_search_dcff342f285260.so,/home/rzzhang/sad_merged/sad/build/libsad_search_dcff342f285260.so
2026-08-23T05:41:47.456839+00:00,20260823T050257,joint:qaoa:12:a00fff8c4579f25a,ok,,qaoa,12,8,float64,42,32,2,32,2,1,0.75,rotation,rotation,10,10,compact:L2R0W0-L2R0W0-L1R0W0-L1R0W0-L1R0W0-L1R0W0-L1R0W0-L1R0W0-L1R0W0-L1R0W0,compact:L2R0W0-L2R0W0-L1R0W0-L1R0W0-L1R0W0-L1R0W0-L1R0W0-L1R0W0-L1R0W0-L1R0W0,,,merged,optimized,10,3,10,0.758783,0.7586854,0.757636,0.759798,0.0007212653048636089,0.34192520000000004,0.015428300000000002,0.40133189999999996,,,custom:libsad_search_f9cdaf042a7bd6.so,/home/rzzhang/sad_merged/sad/build/libsad_search_f9cdaf042a7bd6.so
2026-08-23T05:41:47.486502+00:00,20260823T050257,joint:qaoa:6:a643af7b344344e9,ok,,qaoa,6,8,float64,42,64,2,64,2,2,0.5,rotation,rotation,4,4,compact:L2R0W0-L2R0W0-L1R0W0-L1R0W0,compact:L2R0W0-L2R0W0-L1R0W0-L1R0W0,,,merged,optimized,20,3,20,0.2723185,0.27235045,0.271296,0.273428,0.0006511747442123415,0.10877129999999999,0.015390449999999998,0.1481887,,,custom:libsad_search_97eec9f2a848ec.so,/home/rzzhang/sad_merged/sad/build/libsad_search_97eec9f2a848ec.so
2026-08-23T05:41:47.510669+00:00,20260823T050257,joint:qaoa:14:43969e05a1531d0e,ok,,qaoa,14,8,float64,42,64,2,64,2,2,0.0,rotation,rotation,2,2,compact:L5R2W0-L5R2W0,compact:L5R2W0-L5R2W0,,,split,optimized,10,3,10,0.33273050000000004,0.3327591,0.332623,0.332925,0.00010163311468218005,0.1093458,0.0154736,0.20793970000000003,,,custom:libsad_search_20c37ff249ec0a.so,/home/rzzhang/sad_merged/sad/build/libsad_search_20c37ff249ec0a.so
2026-08-23T05:41:47.528635+00:00,20260823T050257,joint:qaoa:18:ee97df58d95a397d,ok,,qaoa,18,8,float64,42,128,2,32,2,2,0.25,rotation,rotation,6,7,compact:L3R0W0-L3R0W0-L3R0W0-L3R0W0-L3R0W0-L3R0W0,compact:L3R0W0-L3R0W0-L3R0W0-L3R0W0-L2R0W0-L2R0W0-L2R0W0,,,merged,optimized,5,3,5,1.788921,1.7871136,1.781782,1.791071,0.004014812105192466,0.5993048,0.015494400000000002,1.1723143999999999,,,custom:libsad_search_d014591f51543a.so,/home/rzzhang/sad_merged/sad/build/libsad_search_d014591f51543a.so
2026-08-23T05:41:47.556875+00:00,20260823T050257,joint:qaoa:16:7c0940fd569fc605,ok,,qaoa,16,8,float64,42,32,2,32,2,1,1.0,rotation,rotation,16,16,compact:L1R0W0-L1R0W0-L1R0W0-L1R0W0-L1R0W0-L1R0W0-L1R0W0-L1R0W0-L1R0W0-L1R0W0-L1R0W0-L1R0W0-L1R0W0-L1R0W0-L1R0W0-L1R0W0,compact:L1R0W0-L1R0W0-L1R0W0-L1R0W0-L1R0W0-L1R0W0-L1R0W0-L1R0W0-L1R0W0-L1R0W0-L1R0W0-L1R0W0-L1R0W0-L1R0W0-L1R0W0-L1R0W0,,,merged,optimized,5,3,5,1.568747,1.5683488,1.5666669999999998,1.569722,0.0010470632072612496,0.694308,0.015446799999999998,0.8585940000000001,,,custom:libsad_search_f9cdaf042a7bd6.so,/home/rzzhang/sad_merged/sad/build/libsad_search_f9cdaf042a7bd6.so
2026-08-23T05:41:47.583287+00:00,20260823T050257,joint:qaoa:28:c3cb5b360ee1834a,ok,,qaoa,28,8,float64,42,128,2,32,2,1,0.75,rotation,rotation,22,22,compact:L2R0W0-L2R0W0-L2R0W0-L2R0W0-L2R0W0-L2R0W0-L1R0W0-L1R0W0-L1R0W0-L1R0W0-L1R0W0-L1R0W0-L1R0W0-L1R0W0-L1R0W0-L1R0W0-L1R0W0-L1R0W0-L1R0W0-L1R0W0-L1R0W0-L1R0W0,compact:L2R0W0-L2R0W0-L2R0W0-L2R0W0-L2R0W0-L2R0W0-L1R0W0-L1R0W0-L1R0W0-L1R0W0-L1R0W0-L1R0W0-L1R0W0-L1R0W0-L1R0W0-L1R0W0-L1R0W0-L1R0W0-L1R0W0-L1R0W0-L1R0W0-L1R0W0,,,merged,optimized,2,3,2,4979.550965,4979.550965,4975.297628,4983.804302,4.253336999999647,1655.052873,9.982765500000001,3314.5153265,,,custom:libsad_search_5851e15f736f52.so,/home/rzzhang/sad_merged/sad/build/libsad_search_5851e15f736f52.so
2026-08-23T05:42:12.513633+00:00,20260823T050257,joint:qaoa:12:62c2e8712d065367,ok,,qaoa,12,8,float64,42,128,2,128,2,1,0.5,rotation,rotation,7,7,compact:L2R0W0-L2R0W0-L2R0W0-L2R0W0-L2R0W0-L1R0W0-L1R0W0,compact:L2R0W0-L2R0W0-L2R0W0-L2R0W0-L2R0W0-L1R0W0-L1R0W0,,,split,optimized,10,3,10,0.7494875000000001,0.7500298,0.74827,0.756818,0.0023570629096398687,0.3038529,0.015372799999999999,0.4308041000000001,,,custom:libsad_search_9361435758c99d.so,/home/rzzhang/sad_merged/sad/build/libsad_search_9361435758c99d.so
2026-08-23T05:42:12.542499+00:00,20260823T050257,joint:qaoa:6:016a522803bd1f22,ok,,qaoa,6,8,float64,42,32,2,32,2,1,0.5,rotation,rotation,4,4,compact:L2R0W0-L2R0W0-L1R0W0-L1R0W0,compact:L2R0W0-L2R0W0-L1R0W0-L1R0W0,,,split,optimized,20,3,20,0.265147,0.2649805,0.264,0.26538500000000004,0.0004328375561339466,0.1092268,0.015509549999999999,0.14024415,,,custom:libsad_search_3cb67c7e18cc99.so,/home/rzzhang/sad_merged/sad/build/libsad_search_3cb67c7e18cc99.so
2026-08-23T05:42:12.567547+00:00,20260823T050257,joint:qaoa:16:e1b80e2e4c538290,ok,,qaoa,16,8,float64,42,64,2,64,2,2,0.75,rotation,rotation,12,12,compact:L2R0W0-L2R0W0-L2R0W0-L2R0W0-L1R0W0-L1R0W0-L1R0W0-L1R0W0-L1R0W0-L1R0W0-L1R0W0-L1R0W0,compact:L2R0W0-L2R0W0-L2R0W0-L2R0W0-L1R0W0-L1R0W0-L1R0W0-L1R0W0-L1R0W0-L1R0W0-L1R0W0-L1R0W0,,,merged,optimized,5,3,5,1.3055839999999999,1.3053686,1.303506,1.306579,0.001007699677483279,0.5572538,0.015131399999999998,0.7329834000000001,,,custom:libsad_search_97eec9f2a848ec.so,/home/rzzhang/sad_merged/sad/build/libsad_search_97eec9f2a848ec.so
2026-08-23T05:42:12.599808+00:00,20260823T050257,joint:qaoa:12:2a8f47ecacbe8edb,ok,,qaoa,12,8,float64,42,64,2,64,2,1,0.5,rotation,rotation,7,7,compact:L2R0W0-L2R0W0-L2R0W0-L2R0W0-L2R0W0-L1R0W0-L1R0W0,compact:L2R0W0-L2R0W0-L2R0W0-L2R0W0-L2R0W0-L1R0W0-L1R0W0,,,split,optimized,10,3,10,0.617415,0.617145,0.616382,0.617491,0.0004401699671718053,0.2614722,0.0154891,0.3401837,,,custom:libsad_search_7ec063ebc99501.so,/home/rzzhang/sad_merged/sad/build/libsad_search_7ec063ebc99501.so
2026-08-23T05:42:12.626511+00:00,20260823T050257,joint:qaoa:24:c318e8a66f409e52,ok,,qaoa,24,8,float64,42,128,2,32,2,2,0.5,rotation,rotation,14,14,compact:L2R0W0-L2R0W0-L2R0W0-L2R0W0-L2R0W0-L2R0W0-L2R0W0-L2R0W0-L2R0W0-L2R0W0-L1R0W0-L1R0W0-L1R0W0-L1R0W0,compact:L2R0W0-L2R0W0-L2R0W0-L2R0W0-L2R0W0-L2R0W0-L2R0W0-L2R0W0-L2R0W0-L2R0W0-L1R0W0-L1R0W0-L1R0W0-L1R0W0,,,merged,optimized,3,3,3,200.27091199999998,200.24486133333335,200.171856,200.291816,0.052323215531502085,66.75021266666666,0.644633,132.85001566666665,,,custom:libsad_search_d014591f51543a.so,/home/rzzhang/sad_merged/sad/build/libsad_search_d014591f51543a.so
2026-08-23T05:42:13.876372+00:00,20260823T050257,joint:qaoa:14:83eaa75a47abb09c,ok,,qaoa,14,8,float64,42,64,2,64,2,2,0.25,rotation,rotation,5,5,compact:L3R0W0-L3R0W0-L3R0W0-L3R0W0-L2R0W0,compact:L3R0W0-L3R0W0-L3R0W0-L3R0W0-L2R0W0,,,split,optimized,10,3,10,0.5497369999999999,0.5494443999999999,0.548821,0.549921,0.00047216865630828465,0.2160687,0.0152804,0.3180953,,,custom:libsad_search_20c37ff249ec0a.so,/home/rzzhang/sad_merged/sad/build/libsad_search_20c37ff249ec0a.so
2026-08-23T05:42:13.897129+00:00,20260823T050257,joint:qaoa:18:f8c6625d51dba8bf,ok,,qaoa,18,8,float64,42,128,2,128,2,2,0.0,rotation,rotation,2,2,compact:L5R2W2-L5R2W2,compact:L5R2W2-L5R2W2,,,merged,optimized,5,3,5,1.457152,1.4573212,1.4570070000000002,1.4581629999999999,0.0004281973376843055,0.390011,0.015386000000000002,1.0519242,,,custom:libsad_search_b969ada61d8a74.so,/home/rzzhang/sad_merged/sad/build/libsad_search_b969ada61d8a74.so
2026-08-23T05:42:13.923048+00:00,20260823T050257,joint:qaoa:22:0dd51fae9bc8af02,ok,,qaoa,22,8,float64,42,32,2,32,2,1,0.0,rotation,rotation,4,4,compact:L5R1W0-L5R1W0-L5R0W0-L5R0W0,compact:L5R1W0-L5R1W0-L5R0W0-L5R0W0,,,split,optimized,3,3,3,23.046604,23.046373,23.043781,23.048734,0.002028640431422133,6.192039333333333,0.14043833333333336,16.713895333333333,,,custom:libsad_search_3cb67c7e18cc99.so,/home/rzzhang/sad_merged/sad/build/libsad_search_3cb67c7e18cc99.so
2026-08-23T05:42:14.087896+00:00,20260823T050257,joint:qaoa:10:b310142499d5eea6,ok,,qaoa,10,8,float64,42,32,2,32,2,2,1.0,rotation,rotation,10,10,compact:L1R0W0-L1R0W0-L1R0W0-L1R0W0-L1R0W0-L1R0W0-L1R0W0-L1R0W0-L1R0W0-L1R0W0,compact:L1R0W0-L1R0W0-L1R0W0-L1R0W0-L1R0W0-L1R0W0-L1R0W0-L1R0W0-L1R0W0-L1R0W0,,,split,optimized,10,3,10,0.723789,0.7152358,0.699217,0.727047,0.012625135815507107,0.32233690000000004,0.0151497,0.3777492,,,custom:libsad_search_16d9d6cef53b3d.so,/home/rzzhang/sad_merged/sad/build/libsad_search_16d9d6cef53b3d.so
2026-08-23T05:42:14.111243+00:00,20260823T050257,joint:qaoa:28:18ea455684a99291,ok,,qaoa,28,8,float64,42,32,2,32,2,1,0.0,legacy,legacy,0,0,,,,,not_applicable,legacy-generic,2,3,2,1918.742729,1918.742729,1915.799772,1921.685686,2.9429569999999785,523.8182905,9.952777,1384.9716615,,,custom:libsad_search_06042376d3c545.so,/home/rzzhang/sad_merged/sad/build/libsad_search_06042376d3c545.so
2026-08-23T05:42:23.749289+00:00,20260823T050257,joint:qaoa:24:56c9ed58d47e3710,ok,,qaoa,24,8,float64,42,128,2,128,2,2,0.0,rotation,rotation,3,3,compact:L5R2W1-L5R2W1-L5R2W1,compact:L5R2W1-L5R2W1-L5R2W1,,,split,optimized,3,3,3,96.710732,96.71527833333333,96.710196,96.724907,0.006812010977354667,22.816806333333332,0.6134026666666667,73.28506933333333,,,custom:libsad_search_d02bea87aa5c56.so,/home/rzzhang/sad_merged/sad/build/libsad_search_d02bea87aa5c56.so
2026-08-23T05:42:24.373275+00:00,20260823T050257,joint:qaoa:10:85f0fd7f0bbcfdef,ok,,qaoa,10,8,float64,42,64,2,64,2,2,0.75,rotation,rotation,8,8,compact:L2R0W0-L2R0W0-L1R0W0-L1R0W0-L1R0W0-L1R0W0-L1R0W0-L1R0W0,compact:L2R0W0-L2R0W0-L1R0W0-L1R0W0-L1R0W0-L1R0W0-L1R0W0-L1R0W0,,,split,optimized,10,3,10,0.6082135,0.6082321,0.6071169999999999,0.6094310000000001,0.0005266420890890111,0.2629914,0.015502499999999999,0.3297381999999999,,,custom:libsad_search_20c37ff249ec0a.so,/home/rzzhang/sad_merged/sad/build/libsad_search_20c37ff249ec0a.so
2026-08-23T05:42:24.395361+00:00,20260823T050257,joint:qaoa:26:391ade163adf28db,ok,,qaoa,26,8,float64,42,128,2,32,2,1,0.75,rotation,rotation,20,20,compact:L2R0W0-L2R0W0-L2R0W0-L2R0W0-L2R0W0-L2R0W0-L1R0W0-L1R0W0-L1R0W0-L1R0W0-L1R0W0-L1R0W0-L1R0W0-L1R0W0-L1R0W0-L1R0W0-L1R0W0-L1R0W0-L1R0W0-L1R0W0,compact:L2R0W0-L2R0W0-L2R0W0-L2R0W0-L2R0W0-L2R0W0-L1R0W0-L1R0W0-L1R0W0-L1R0W0-L1R0W0-L1R0W0-L1R0W0-L1R0W0-L1R0W0-L1R0W0-L1R0W0-L1R0W0-L1R0W0-L1R0W0,,,merged,optimized,2,3,2,1132.8385765,1132.8385765,1132.737902,1132.939251,0.10067449999996825,377.06111949999996,2.5049715,753.2724855,,,custom:libsad_search_5851e15f736f52.so,/home/rzzhang/sad_merged/sad/build/libsad_search_5851e15f736f52.so
2026-08-23T05:42:30.093423+00:00,20260823T050257,joint:qaoa:6:ceb1562c25cecaac,ok,,qaoa,6,8,float64,42,128,2,128,2,1,0.0,rotation,rotation,1,1,compact:L5R1W0,compact:L5R1W0,,,split,optimized,20,3,20,0.1863055,0.1863299,0.186133,0.186558,0.00010656917940943473,0.05104745,0.015486250000000002,0.11979619999999999,,,custom:libsad_search_9361435758c99d.so,/home/rzzhang/sad_merged/sad/build/libsad_search_9361435758c99d.so
2026-08-23T05:42:30.116621+00:00,20260823T050257,joint:qaoa:14:dcfca213d45cf119,ok,,qaoa,14,8,float64,42,64,2,64,2,1,0.0,rotation,rotation,2,2,compact:L5R2W0-L5R2W0,compact:L5R2W0-L5R2W0,,,split,optimized,10,3,10,0.3326905,0.3327751,0.331822,0.333873,0.0007429043612740464,0.10919630000000001,0.015321299999999998,0.2082575,,,custom:libsad_search_7ec063ebc99501.so,/home/rzzhang/sad_merged/sad/build/libsad_search_7ec063ebc99501.so
2026-08-23T05:42:30.139666+00:00,20260823T050257,joint:qaoa:12:1a4401f8ac7143e4,ok,,qaoa,12,8,float64,42,32,2,32,2,1,0.5,rotation,rotation,7,7,compact:L2R0W0-L2R0W0-L2R0W0-L2R0W0-L2R0W0-L1R0W0-L1R0W0,compact:L2R0W0-L2R0W0-L2R0W0-L2R0W0-L2R0W0-L1R0W0-L1R0W0,,,split,optimized,10,3,10,0.5816585000000001,0.5819111,0.581441,0.583558,0.0006529478463093362,0.250639,0.015705,0.31556710000000004,,,custom:libsad_search_3cb67c7e18cc99.so,/home/rzzhang/sad_merged/sad/build/libsad_search_3cb67c7e18cc99.so
2026-08-23T05:42:30.160825+00:00,20260823T050257,joint:qaoa:16:dde10cfb3bc77fce,ok,,qaoa,16,8,float64,42,128,2,32,2,1,1.0,rotation,rotation,16,16,compact:L1R0W0-L1R0W0-L1R0W0-L1R0W0-L1R0W0-L1R0W0-L1R0W0-L1R0W0-L1R0W0-L1R0W0-L1R0W0-L1R0W0-L1R0W0-L1R0W0-L1R0W0-L1R0W0,compact:L1R0W0-L1R0W0-L1R0W0-L1R0W0-L1R0W0-L1R0W0-L1R0W0-L1R0W0-L1R0W0-L1R0W0-L1R0W0-L1R0W0-L1R0W0-L1R0W0-L1R0W0-L1R0W0,,,split,optimized,5,3,5,1.64355,1.6435358,1.64239,1.6446109999999998,0.0007048620858011278,0.7712072000000001,0.0152246,0.857104,,,custom:libsad_search_7259903b8346c4.so,/home/rzzhang/sad_merged/sad/build/libsad_search_7259903b8346c4.so
2026-08-23T05:42:30.187826+00:00,20260823T050257,joint:qaoa:18:a6a23972b336f07d,ok,,qaoa,18,8,float64,42,64,2,64,2,2,0.0,rotation,rotation,3,3,compact:L5R1W0-L5R1W0-L5R1W0,compact:L5R1W0-L5R1W0-L5R1W0,,,split,optimized,5,3,5,1.58734,1.587613,1.587097,1.58826,0.0004987612655369435,0.45619019999999993,0.0154176,1.1160052,,,custom:libsad_search_20c37ff249ec0a.so,/home/rzzhang/sad_merged/sad/build/libsad_search_20c37ff249ec0a.so
2026-08-23T05:42:30.214240+00:00,20260823T050257,joint:qaoa:10:3f4ec46dba628113,ok,,qaoa,10,8,float64,42,32,2,32,2,2,1.0,rotation,rotation,10,10,compact:L1R0W0-L1R0W0-L1R0W0-L1R0W0-L1R0W0-L1R0W0-L1R0W0-L1R0W0-L1R0W0-L1R0W0,compact:L1R0W0-L1R0W0-L1R0W0-L1R0W0-L1R0W0-L1R0W0-L1R0W0-L1R0W0-L1R0W0-L1R0W0,,,merged,optimized,10,3,10,0.696137,0.6935433,0.688107,0.69738,0.0036653882754764107,0.3120948,0.015522199999999998,0.3659263,,,custom:libsad_search_dcff342f285260.so,/home/rzzhang/sad_merged/sad/build/libsad_search_dcff342f285260.so
2026-08-23T05:42:30.236797+00:00,20260823T050257,joint:qaoa:18:eb8f8aaafec7b655,ok,,qaoa,18,8,float64,42,32,2,32,2,1,0.75,rotation,rotation,14,14,compact:L2R0W0-L2R0W0-L2R0W0-L2R0W0-L1R0W0-L1R0W0-L1R0W0-L1R0W0-L1R0W0-L1R0W0-L1R0W0-L1R0W0-L1R0W0-L1R0W0,compact:L2R0W0-L2R0W0-L2R0W0-L2R0W0-L1R0W0-L1R0W0-L1R0W0-L1R0W0-L1R0W0-L1R0W0-L1R0W0-L1R0W0-L1R0W0-L1R0W0,,,merged,optimized,5,3,5,2.5374849999999998,2.5379104000000003,2.53744,2.538599,0.0005547232102590382,0.9888564000000001,0.015455400000000001,1.5335986,,,custom:libsad_search_f9cdaf042a7bd6.so,/home/rzzhang/sad_merged/sad/build/libsad_search_f9cdaf042a7bd6.so
2026-08-23T05:42:30.271414+00:00,20260823T050257,joint:qaoa:20:9463818031b1421f,ok,,qaoa,20,8,float64,42,128,2,32,2,1,0.5,rotation,rotation,12,12,compact:L2R0W0-L2R0W0-L2R0W0-L2R0W0-L2R0W0-L2R0W0-L2R0W0-L2R0W0-L1R0W0-L1R0W0-L1R0W0-L1R0W0,compact:L2R0W0-L2R0W0-L2R0W0-L2R0W0-L2R0W0-L2R0W0-L2R0W0-L2R0W0-L1R0W0-L1R0W0-L1R0W0-L1R0W0,,,merged,optimized,5,3,5,6.9824589999999995,6.981775999999999,6.969485,6.990323,0.007139382942523884,2.3160414,0.040966800000000005,4.624767800000001,,,custom:libsad_search_5851e15f736f52.so,/home/rzzhang/sad_merged/sad/build/libsad_search_5851e15f736f52.so
2026-08-23T05:42:30.340679+00:00,20260823T050257,joint:qaoa:28:a9418dd8e1f17e12,ok,,qaoa,28,8,float64,42,32,2,128,2,2,0.5,rotation,rotation,16,16,compact:L2R0W0-L2R0W0-L2R0W0-L2R0W0-L2R0W0-L2R0W0-L2R0W0-L2R0W0-L2R0W0-L2R0W0-L2R0W0-L2R0W0-L1R0W0-L1R0W0-L1R0W0-L1R0W0,compact:L2R0W0-L2R0W0-L2R0W0-L2R0W0-L2R0W0-L2R0W0-L2R0W0-L2R0W0-L2R0W0-L2R0W0-L2R0W0-L2R0W0-L1R0W0-L1R0W0-L1R0W0-L1R0W0,,,split,optimized,2,3,2,3628.116616,3628.116616,3628.0641549999996,3628.169077,0.05246100000022125,1201.2936814999998,9.9873245,2416.83561,,,custom:libsad_search_2a0e4369743c84.so,/home/rzzhang/sad_merged/sad/build/libsad_search_2a0e4369743c84.so
2026-08-23T05:42:48.511786+00:00,20260823T050257,joint:qaoa:28:8ecf831be69c2095,ok,,qaoa,28,8,float64,42,32,2,128,2,1,0.25,rotation,rotation,10,10,compact:L3R0W0-L3R0W0-L3R0W0-L3R0W0-L3R0W0-L3R0W0-L3R0W0-L3R0W0-L2R0W0-L2R0W0,compact:L3R0W0-L3R0W0-L3R0W0-L3R0W0-L3R0W0-L3R0W0-L3R0W0-L3R0W0-L2R0W0-L2R0W0,,,split,optimized,2,3,2,2302.658149,2302.658149,2302.5994240000005,2302.7168739999997,0.058724999999640204,753.3778185,9.984979999999998,1539.2953505,,,custom:libsad_search_0e4f539ceca897.so,/home/rzzhang/sad_merged/sad/build/libsad_search_0e4f539ceca897.so
2026-08-23T05:43:00.309802+00:00,20260823T050257,joint:qaoa:6:0d91ebb7b6dfd3c9,ok,,qaoa,6,8,float64,42,64,2,64,2,1,0.0,legacy,legacy,0,0,,,,,not_applicable,legacy-generic,20,3,20,0.166833,0.16667175,0.165776,0.167033,0.0004105915092887298,0.05579845,0.01564035,0.09523295,,,custom:libsad_search_5a6ce94d125b8e.so,/home/rzzhang/sad_merged/sad/build/libsad_search_5a6ce94d125b8e.so
2026-08-23T05:43:00.332456+00:00,20260823T050257,joint:qaoa:28:3064a3efb2a6b624,ok,,qaoa,28,8,float64,42,128,2,32,2,1,0.5,rotation,rotation,16,16,compact:L2R0W0-L2R0W0-L2R0W0-L2R0W0-L2R0W0-L2R0W0-L2R0W0-L2R0W0-L2R0W0-L2R0W0-L2R0W0-L2R0W0-L1R0W0-L1R0W0-L1R0W0-L1R0W0,compact:L2R0W0-L2R0W0-L2R0W0-L2R0W0-L2R0W0-L2R0W0-L2R0W0-L2R0W0-L2R0W0-L2R0W0-L2R0W0-L2R0W0-L1R0W0-L1R0W0-L1R0W0-L1R0W0,,,merged,optimized,2,3,2,3636.5458925000003,3636.5458925000003,3636.1353360000003,3636.956449,0.41055649999975685,1206.9192430000003,9.995897,2419.6307524999997,,,custom:libsad_search_5851e15f736f52.so,/home/rzzhang/sad_merged/sad/build/libsad_search_5851e15f736f52.so
2026-08-23T05:43:18.777705+00:00,20260823T050257,joint:qaoa:6:bf238db1057e549d,ok,,qaoa,6,8,float64,42,128,2,128,2,2,1.0,rotation,rotation,6,6,compact:L1R0W0-L1R0W0-L1R0W0-L1R0W0-L1R0W0-L1R0W0,compact:L1R0W0-L1R0W0-L1R0W0-L1R0W0-L1R0W0-L1R0W0,,,merged,optimized,20,3,20,0.41463950000000005,0.4144346,0.413483,0.415734,0.0006475936534587121,0.172043,0.015433999999999998,0.2269576,,,custom:libsad_search_b969ada61d8a74.so,/home/rzzhang/sad_merged/sad/build/libsad_search_b969ada61d8a74.so
2026-08-23T05:43:18.806525+00:00,20260823T050257,joint:qaoa:14:160d9182a5294b34,ok,,qaoa,14,8,float64,42,32,2,128,2,2,0.25,rotation,rotation,5,5,compact:L3R0W0-L3R0W0-L3R0W0-L3R0W0-L2R0W0,compact:L3R0W0-L3R0W0-L3R0W0-L3R0W0-L2R0W0,,,split,optimized,10,3,10,0.6380330000000001,0.6381388,0.636803,0.639074,0.000774546163892133,0.2060321,0.0153899,0.4167168,,,custom:libsad_search_2a0e4369743c84.so,/home/rzzhang/sad_merged/sad/build/libsad_search_2a0e4369743c84.so
2026-08-23T05:43:18.833205+00:00,20260823T050257,joint:qaoa:12:576f72c39955037f,ok,,qaoa,12,8,float64,42,128,2,128,2,2,0.25,rotation,rotation,4,4,compact:L3R0W0-L3R0W0-L3R0W0-L3R0W0,compact:L3R0W0-L3R0W0-L3R0W0-L3R0W0,,,merged,optimized,10,3,10,0.5534775,0.5536540999999999,0.5527190000000001,0.556138,0.0009684414747417706,0.20185109999999998,0.015420199999999998,0.33638280000000004,,,custom:libsad_search_b969ada61d8a74.so,/home/rzzhang/sad_merged/sad/build/libsad_search_b969ada61d8a74.so
2026-08-23T05:43:18.858092+00:00,20260823T050257,joint:qaoa:4:f6bdd447357a75c7,ok,,qaoa,4,8,float64,42,128,2,32,2,1,0.75,rotation,rotation,3,3,compact:L2R0W0-L1R0W0-L1R0W0,compact:L2R0W0-L1R0W0-L1R0W0,,,split,optimized,20,3,20,0.199633,0.19975285,0.198624,0.20073200000000002,0.0004490188498270412,0.08408425000000001,0.01526455,0.10040405,,,custom:libsad_search_7259903b8346c4.so,/home/rzzhang/sad_merged/sad/build/libsad_search_7259903b8346c4.so
2026-08-23T05:43:18.880966+00:00,20260823T050257,joint:qaoa:6:4f33c2a5883ee042,ok,,qaoa,6,8,float64,42,64,2,64,2,1,1.0,rotation,rotation,6,6,compact:L1R0W0-L1R0W0-L1R0W0-L1R0W0-L1R0W0-L1R0W0,compact:L1R0W0-L1R0W0-L1R0W0-L1R0W0-L1R0W0-L1R0W0,,,split,optimized,20,3,20,0.3533155,0.35417035,0.35239,0.36042699999999994,0.002173035049763334,0.15182545,0.015414299999999999,0.1869306,,,custom:libsad_search_7ec063ebc99501.so,/home/rzzhang/sad_merged/sad/build/libsad_search_7ec063ebc99501.so
2026-08-23T05:43:18.907779+00:00,20260823T050257,joint:qaoa:10:8302bba463322bdd,ok,,qaoa,10,8,float64,42,32,2,128,2,2,1.0,rotation,rotation,10,10,compact:L1R0W0-L1R0W0-L1R0W0-L1R0W0-L1R0W0-L1R0W0-L1R0W0-L1R0W0-L1R0W0-L1R0W0,compact:L1R0W0-L1R0W0-L1R0W0-L1R0W0-L1R0W0-L1R0W0-L1R0W0-L1R0W0-L1R0W0-L1R0W0,,,merged,optimized,10,3,10,0.7864565,0.7866194,0.7853549999999999,0.787489,0.0006383167238918302,0.313583,0.0153127,0.45772369999999996,,,custom:libsad_search_fce412939d20fb.so,/home/rzzhang/sad_merged/sad/build/libsad_search_fce412939d20fb.so
2026-08-23T05:43:18.936692+00:00,20260823T050257,joint:qaoa:26:1d5cb09ad70533d8,ok,,qaoa,26,8,float64,42,64,2,64,2,2,0.25,rotation,rotation,10,10,compact:L3R0W0-L3R0W0-L3R0W0-L3R0W0-L3R0W0-L3R0W0-L2R0W0-L2R0W0-L2R0W0-L2R0W0,compact:L3R0W0-L3R0W0-L3R0W0-L3R0W0-L3R0W0-L3R0W0-L2R0W0-L2R0W0-L2R0W0-L2R0W0,,,split,optimized,2,3,2,577.6889175,577.6889175,577.633642,577.744193,0.05527549999999337,189.337252,2.5132495,385.838416,,,custom:libsad_search_20c37ff249ec0a.so,/home/rzzhang/sad_merged/sad/build/libsad_search_20c37ff249ec0a.so
2026-08-23T05:43:21.872877+00:00,20260823T050257,joint:qaoa:18:c93c32f16c57eb7e,ok,,qaoa,18,8,float64,42,32,2,32,2,1,0.25,rotation,rotation,7,7,compact:L3R0W0-L3R0W0-L3R0W0-L3R0W0-L2R0W0-L2R0W0-L2R0W0,compact:L3R0W0-L3R0W0-L3R0W0-L3R0W0-L2R0W0-L2R0W0-L2R0W0,,,split,optimized,5,3,5,1.8165799999999999,1.8151374,1.8103609999999999,1.816706,0.0024386605011768787,0.6248967999999999,0.01561,1.1746306,,,custom:libsad_search_3cb67c7e18cc99.so,/home/rzzhang/sad_merged/sad/build/libsad_search_3cb67c7e18cc99.so
2026-08-23T05:43:21.913941+00:00,20260823T050257,joint:qaoa:28:59a56c6cf213b5a8,ok,,qaoa,28,8,float64,42,32,2,32,2,2,0.25,rotation,rotation,10,10,compact:L3R0W0-L3R0W0-L3R0W0-L3R0W0-L3R0W0-L3R0W0-L3R0W0-L3R0W0-L2R0W0-L2R0W0,compact:L3R0W0-L3R0W0-L3R0W0-L3R0W0-L3R0W0-L3R0W0-L3R0W0-L3R0W0-L2R0W0-L2R0W0,,,merged,optimized,2,3,2,2301.6209565,2301.6209565,2301.496104,2301.7458090000005,0.12485250000031556,753.5941415000001,9.976654,1538.0501610000001,,,custom:libsad_search_dcff342f285260.so,/home/rzzhang/sad_merged/sad/build/libsad_search_dcff342f285260.so
2026-08-23T05:43:33.453705+00:00,20260823T050257,joint:qaoa:28:605e379f9c777365,ok,,qaoa,28,8,float64,42,64,2,64,2,2,0.25,rotation,rotation,10,10,compact:L3R0W0-L3R0W0-L3R0W0-L3R0W0-L3R0W0-L3R0W0-L3R0W0-L3R0W0-L2R0W0-L2R0W0,compact:L3R0W0-L3R0W0-L3R0W0-L3R0W0-L3R0W0-L3R0W0-L3R0W0-L3R0W0-L2R0W0-L2R0W0,,,split,optimized,2,3,2,2307.963567,2307.963567,2307.935455,2307.991679,0.028112000000191983,756.739681,9.9887855,1541.2351005,,,custom:libsad_search_20c37ff249ec0a.so,/home/rzzhang/sad_merged/sad/build/libsad_search_20c37ff249ec0a.so
2026-08-23T05:43:45.279475+00:00,20260823T050257,joint:qaoa:14:6d247b450d4b6749,ok,,qaoa,14,8,float64,42,32,2,128,2,2,0.75,rotation,rotation,11,11,compact:L2R0W0-L2R0W0-L2R0W0-L1R0W0-L1R0W0-L1R0W0-L1R0W0-L1R0W0-L1R0W0-L1R0W0-L1R0W0,compact:L2R0W0-L2R0W0-L2R0W0-L1R0W0-L1R0W0-L1R0W0-L1R0W0-L1R0W0-L1R0W0-L1R0W0-L1R0W0,,,split,optimized,10,3,10,1.054622,1.0545913,1.053722,1.0558450000000001,0.0007133596638443044,0.410235,0.015610200000000001,0.6287461000000001,,,custom:libsad_search_2a0e4369743c84.so,/home/rzzhang/sad_merged/sad/build/libsad_search_2a0e4369743c84.so
2026-08-23T05:43:45.313304+00:00,20260823T050257,joint:qaoa:24:63b47452a87d16bc,ok,,qaoa,24,8,float64,42,128,2,32,2,1,0.0,rotation,rotation,3,4,compact:L5R2W1-L5R2W1-L5R2W1,compact:L5R1W0-L5R1W0-L5R1W0-L5R1W0,,,merged,optimized,3,3,3,93.742212,93.74325533333332,93.737081,93.750473,0.005516812143095793,24.183898666666664,0.6114993333333333,68.94785733333332,,,custom:libsad_search_5851e15f736f52.so,/home/rzzhang/sad_merged/sad/build/libsad_search_5851e15f736f52.so
2026-08-23T05:43:45.917427+00:00,20260823T050257,joint:qaoa:6:66283be525318643,ok,,qaoa,6,8,float64,42,128,2,128,2,1,1.0,rotation,rotation,6,6,compact:L1R0W0-L1R0W0-L1R0W0-L1R0W0-L1R0W0-L1R0W0,compact:L1R0W0-L1R0W0-L1R0W0-L1R0W0-L1R0W0-L1R0W0,,,merged,optimized,20,3,20,0.4127485,0.4132527,0.412162,0.41562800000000005,0.0008701965927306399,0.1711125,0.015225350000000002,0.22691485,,,custom:libsad_search_8fbfac92ec4bef.so,/home/rzzhang/sad_merged/sad/build/libsad_search_8fbfac92ec4bef.so
2026-08-23T05:43:45.941321+00:00,20260823T050257,joint:qaoa:18:fb2708f6691c454d,ok,,qaoa,18,8,float64,42,128,2,128,2,1,0.0,rotation,rotation,2,2,compact:L5R2W2-L5R2W2,compact:L5R2W2-L5R2W2,,,merged,optimized,5,3,5,1.438827,1.4407232,1.4375799999999999,1.446658,0.0032815936006763595,0.3879054,0.015203800000000002,1.0376139999999998,,,custom:libsad_search_8fbfac92ec4bef.so,/home/rzzhang/sad_merged/sad/build/libsad_search_8fbfac92ec4bef.so
2026-08-23T05:43:45.966882+00:00,20260823T050257,joint:qaoa:8:125853d14f7e3242,ok,,qaoa,8,8,float64,42,128,2,128,2,1,0.25,rotation,rotation,3,3,compact:L3R0W0-L3R0W0-L2R0W0,compact:L3R0W0-L3R0W0-L2R0W0,,,split,optimized,20,3,20,0.34308099999999997,0.3435682,0.34283,0.346044,0.0007658832548110754,0.12059015000000001,0.015537800000000003,0.20744025000000002,,,custom:libsad_search_9361435758c99d.so,/home/rzzhang/sad_merged/sad/build/libsad_search_9361435758c99d.so
2026-08-23T05:43:45.988647+00:00,20260823T050257,joint:qaoa:24:614202d09b3f6810,ok,,qaoa,24,8,float64,42,128,2,128,2,1,0.5,rotation,rotation,14,14,compact:L2R0W0-L2R0W0-L2R0W0-L2R0W0-L2R0W0-L2R0W0-L2R0W0-L2R0W0-L2R0W0-L2R0W0-L1R0W0-L1R0W0-L1R0W0-L1R0W0,compact:L2R0W0-L2R0W0-L2R0W0-L2R0W0-L2R0W0-L2R0W0-L2R0W0-L2R0W0-L2R0W0-L2R0W0-L1R0W0-L1R0W0-L1R0W0-L1R0W0,,,merged,optimized,3,3,3,200.27757699999998,200.29439233333332,200.262318,200.34328200000002,0.035126997218043805,66.689022,0.6493773333333333,132.95599300000003,,,custom:libsad_search_8fbfac92ec4bef.so,/home/rzzhang/sad_merged/sad/build/libsad_search_8fbfac92ec4bef.so
2026-08-23T05:43:47.220115+00:00,20260823T050257,joint:qaoa:20:780464c2fcaca55b,ok,,qaoa,20,8,float64,42,32,2,32,2,1,0.0,legacy,legacy,0,0,,,,,not_applicable,legacy-generic,5,3,5,5.282905,5.2831096,5.281786,5.284001,0.0008257604010848682,1.4244932000000001,0.039986999999999995,3.8186294000000003,,,custom:libsad_search_06042376d3c545.so,/home/rzzhang/sad_merged/sad/build/libsad_search_06042376d3c545.so
2026-08-23T05:43:47.277684+00:00,20260823T050257,joint:qaoa:4:d120fa7806e2b9f8,ok,,qaoa,4,8,float64,42,128,2,32,2,1,0.5,rotation,rotation,2,2,compact:L2R0W0-L2R0W0,compact:L2R0W0-L2R0W0,,,merged,optimized,20,3,20,0.157505,0.15731945,0.156633,0.159915,0.0007690752547702956,0.0638862,0.015429149999999997,0.0780041,,,custom:libsad_search_5851e15f736f52.so,/home/rzzhang/sad_merged/sad/build/libsad_search_5851e15f736f52.so
2026-08-23T05:43:47.294936+00:00,20260823T050257,joint:qaoa:14:02874def305ea53e,ok,,qaoa,14,8,float64,42,32,2,32,2,1,1.0,rotation,rotation,14,14,compact:L1R0W0-L1R0W0-L1R0W0-L1R0W0-L1R0W0-L1R0W0-L1R0W0-L1R0W0-L1R0W0-L1R0W0-L1R0W0-L1R0W0-L1R0W0-L1R0W0,compact:L1R0W0-L1R0W0-L1R0W0-L1R0W0-L1R0W0-L1R0W0-L1R0W0-L1R0W0-L1R0W0-L1R0W0-L1R0W0-L1R0W0-L1R0W0-L1R0W0,,,merged,optimized,10,3,10,1.120186,1.1201495,1.119133,1.121346,0.0005311930440056532,0.5127487,0.015482399999999999,0.5919184,,,custom:libsad_search_f9cdaf042a7bd6.so,/home/rzzhang/sad_merged/sad/build/libsad_search_f9cdaf042a7bd6.so
2026-08-23T05:43:47.323643+00:00,20260823T050257,joint:qaoa:26:1b6f80f65089ab4d,ok,,qaoa,26,8,float64,42,128,2,32,2,1,0.0,rotation,rotation,3,4,compact:L5R2W2-L5R2W2-L5R2W1,compact:L5R2W0-L5R2W0-L5R1W0-L5R1W0,,,split,optimized,2,3,2,401.38851950000003,401.38851950000003,401.383939,401.3931,0.004580500000002985,103.6984565,2.4851595,295.2049035,,,custom:libsad_search_7259903b8346c4.so,/home/rzzhang/sad_merged/sad/build/libsad_search_7259903b8346c4.so
2026-08-23T05:43:49.373642+00:00,20260823T050257,joint:qaoa:16:f4c36f3e7cd984c0,ok,,qaoa,16,8,float64,42,32,2,128,2,2,0.75,rotation,rotation,13,12,compact:L2R0W0-L2R0W0-L2R0W0-L1R0W0-L1R0W0-L1R0W0-L1R0W0-L1R0W0-L1R0W0-L1R0W0-L1R0W0-L1R0W0-L1R0W0,compact:L2R0W0-L2R0W0-L2R0W0-L2R0W0-L1R0W0-L1R0W0-L1R0W0-L1R0W0-L1R0W0-L1R0W0-L1R0W0-L1R0W0,,,merged,optimized,5,3,5,1.376168,1.3758472,1.3751760000000002,1.3762919999999998,0.000495604035496011,0.578938,0.0153542,0.781555,,,custom:libsad_search_fce412939d20fb.so,/home/rzzhang/sad_merged/sad/build/libsad_search_fce412939d20fb.so
2026-08-23T05:43:49.407981+00:00,20260823T050257,joint:qaoa:18:a0cc9771facf2877,ok,,qaoa,18,8,float64,42,32,2,32,2,1,0.0,rotation,rotation,3,3,compact:L5R1W0-L5R1W0-L5R1W0,compact:L5R1W0-L5R1W0-L5R1W0,,,merged,optimized,5,3,5,1.5799800000000002,1.5798012,1.578994,1.5810350000000002,0.0007592210218375808,0.464273,0.0154672,1.100061,,,custom:libsad_search_f9cdaf042a7bd6.so,/home/rzzhang/sad_merged/sad/build/libsad_search_f9cdaf042a7bd6.so
2026-08-23T05:43:49.441146+00:00,20260823T050257,joint:qaoa:6:839c1852d6af0fa9,ok,,qaoa,6,8,float64,42,128,2,32,2,1,0.75,rotation,rotation,5,5,compact:L2R0W0-L1R0W0-L1R0W0-L1R0W0-L1R0W0,compact:L2R0W0-L1R0W0-L1R0W0-L1R0W0-L1R0W0,,,split,optimized,20,3,20,0.3256075,0.3254509,0.32448199999999994,0.32667,0.0006826970704492586,0.14709480000000003,0.015414000000000002,0.1629421,,,custom:libsad_search_7259903b8346c4.so,/home/rzzhang/sad_merged/sad/build/libsad_search_7259903b8346c4.so
2026-08-23T05:43:49.462140+00:00,20260823T050257,joint:qaoa:18:b88e789319783dd2,ok,,qaoa,18,8,float64,42,128,2,128,2,2,0.0,rotation,rotation,2,2,compact:L5R2W2-L5R2W2,compact:L5R2W2-L5R2W2,,,split,optimized,5,3,5,1.4368480000000001,1.4376644,1.4355069999999999,1.441824,0.0023632926691376887,0.385134,0.0153928,1.0371376,,,custom:libsad_search_d02bea87aa5c56.so,/home/rzzhang/sad_merged/sad/build/libsad_search_d02bea87aa5c56.so
2026-08-23T05:43:49.487736+00:00,20260823T050257,joint:qaoa:6:946c55b5ef193c58,ok,,qaoa,6,8,float64,42,128,2,32,2,1,0.25,rotation,rotation,2,2,compact:L3R0W0-L3R0W0,compact:L3R0W0-L3R0W0,,,merged,optimized,20,3,20,0.1928945,0.19308915,0.192405,0.195563,0.0007555052795977,0.07515915,0.0156085,0.10232150000000001,,,custom:libsad_search_5851e15f736f52.so,/home/rzzhang/sad_merged/sad/build/libsad_search_5851e15f736f52.so
2026-08-23T05:43:49.505665+00:00,20260823T050257,joint:qaoa:28:d79a20bd0596b760,ok,,qaoa,28,8,float64,42,128,2,32,2,1,1.0,rotation,rotation,28,28,compact:L1R0W0-L1R0W0-L1R0W0-L1R0W0-L1R0W0-L1R0W0-L1R0W0-L1R0W0-L1R0W0-L1R0W0-L1R0W0-L1R0W0-L1R0W0-L1R0W0-L1R0W0-L1R0W0-L1R0W0-L1R0W0-L1R0W0-L1R0W0-L1R0W0-L1R0W0-L1R0W0-L1R0W0-L1R0W0-L1R0W0-L1R0W0-L1R0W0,compact:L1R0W0-L1R0W0-L1R0W0-L1R0W0-L1R0W0-L1R0W0-L1R0W0-L1R0W0-L1R0W0-L1R0W0-L1R0W0-L1R0W0-L1R0W0-L1R0W0-L1R0W0-L1R0W0-L1R0W0-L1R0W0-L1R0W0-L1R0W0-L1R0W0-L1R0W0-L1R0W0-L1R0W0-L1R0W0-L1R0W0-L1R0W0-L1R0W0,,,split,optimized,2,3,2,6326.7606670000005,6326.7606670000005,6325.646393999999,6327.874940000001,1.114273000000594,2104.1121915,9.992059500000002,4212.656416,,,custom:libsad_search_7259903b8346c4.so,/home/rzzhang/sad_merged/sad/build/libsad_search_7259903b8346c4.so
2026-08-23T05:44:21.184747+00:00,20260823T050257,joint:qaoa:16:f3c3744d450d6684,ok,,qaoa,16,8,float64,42,128,2,128,2,2,1.0,rotation,rotation,16,16,compact:L1R0W0-L1R0W0-L1R0W0-L1R0W0-L1R0W0-L1R0W0-L1R0W0-L1R0W0-L1R0W0-L1R0W0-L1R0W0-L1R0W0-L1R0W0-L1R0W0-L1R0W0-L1R0W0,compact:L1R0W0-L1R0W0-L1R0W0-L1R0W0-L1R0W0-L1R0W0-L1R0W0-L1R0W0-L1R0W0-L1R0W0-L1R0W0-L1R0W0-L1R0W0-L1R0W0-L1R0W0-L1R0W0,,,split,optimized,5,3,5,1.748899,1.7485655999999998,1.7480099999999998,1.748939,0.00043810208855938037,0.7688254,0.0153044,0.9644358000000001,,,custom:libsad_search_d02bea87aa5c56.so,/home/rzzhang/sad_merged/sad/build/libsad_search_d02bea87aa5c56.so
2026-08-23T05:44:21.221545+00:00,20260823T050257,joint:qaoa:12:72d5858598fa33b5,ok,,qaoa,12,8,float64,42,64,2,64,2,1,0.0,rotation,rotation,2,2,compact:L5R1W0-L5R1W0,compact:L5R1W0-L5R1W0,,,merged,optimized,10,3,10,0.2990165,0.29928319999999997,0.298877,0.30129700000000004,0.0007127243225820217,0.0992861,0.015478,0.1845191,,,custom:libsad_search_7e5293342e215a.so,/home/rzzhang/sad_merged/sad/build/libsad_search_7e5293342e215a.so
2026-08-23T05:44:21.244671+00:00,20260823T050257,joint:qaoa:10:ec8c81e0cf9c3a6d,ok,,qaoa,10,8,float64,42,32,2,32,2,2,0.0,rotation,rotation,2,2,compact:L5R0W0-L5R0W0,compact:L5R0W0-L5R0W0,,,split,optimized,10,3,10,0.24555999999999997,0.2447965,0.238538,0.24679299999999998,0.0021641007023703827,0.0873153,0.014904100000000002,0.14257709999999998,,,custom:libsad_search_16d9d6cef53b3d.so,/home/rzzhang/sad_merged/sad/build/libsad_search_16d9d6cef53b3d.so
2026-08-23T05:44:21.267542+00:00,20260823T050257,joint:qaoa:28:289cd68242d01447,ok,,qaoa,28,8,float64,42,32,2,128,2,1,1.0,rotation,rotation,28,28,compact:L1R0W0-L1R0W0-L1R0W0-L1R0W0-L1R0W0-L1R0W0-L1R0W0-L1R0W0-L1R0W0-L1R0W0-L1R0W0-L1R0W0-L1R0W0-L1R0W0-L1R0W0-L1R0W0-L1R0W0-L1R0W0-L1R0W0-L1R0W0-L1R0W0-L1R0W0-L1R0W0-L1R0W0-L1R0W0-L1R0W0-L1R0W0-L1R0W0,compact:L1R0W0-L1R0W0-L1R0W0-L1R0W0-L1R0W0-L1R0W0-L1R0W0-L1R0W0-L1R0W0-L1R0W0-L1R0W0-L1R0W0-L1R0W0-L1R0W0-L1R0W0-L1R0W0-L1R0W0-L1R0W0-L1R0W0-L1R0W0-L1R0W0-L1R0W0-L1R0W0-L1R0W0-L1R0W0-L1R0W0-L1R0W0-L1R0W0,,,merged,optimized,2,3,2,6325.6452805,6325.6452805,6324.913751,6326.37681,0.7315294999998514,2102.185836,9.985672500000002,4213.473772,,,custom:libsad_search_2a8327787a9aac.so,/home/rzzhang/sad_merged/sad/build/libsad_search_2a8327787a9aac.so
2026-08-23T05:44:53.039956+00:00,20260823T050257,joint:qaoa:16:8954a9831a218739,ok,,qaoa,16,8,float64,42,32,2,128,2,2,0.25,rotation,rotation,6,6,compact:L3R0W0-L3R0W0-L3R0W0-L3R0W0-L2R0W0-L2R0W0,compact:L3R0W0-L3R0W0-L3R0W0-L3R0W0-L2R0W0-L2R0W0,,,merged,optimized,5,3,5,0.8448049999999999,0.84439,0.8427250000000001,0.8449220000000001,0.0008379467763527441,0.308469,0.0152908,0.5206301999999999,,,custom:libsad_search_fce412939d20fb.so,/home/rzzhang/sad_merged/sad/build/libsad_search_fce412939d20fb.so
2026-08-23T05:44:53.069773+00:00,20260823T050257,joint:qaoa:20:1c0afcb4d4673ad3,ok,,qaoa,20,8,float64,42,64,2,64,2,1,0.25,rotation,rotation,7,7,compact:L3R0W0-L3R0W0-L3R0W0-L3R0W0-L3R0W0-L3R0W0-L2R0W0,compact:L3R0W0-L3R0W0-L3R0W0-L3R0W0-L3R0W0-L3R0W0-L2R0W0,,,split,optimized,5,3,5,5.786098,5.786115199999999,5.783637,5.789427,0.0019665453363704576,1.6631848,0.039941000000000004,4.0829894,,,custom:libsad_search_7ec063ebc99501.so,/home/rzzhang/sad_merged/sad/build/libsad_search_7ec063ebc99501.so
2026-08-23T05:44:53.146744+00:00,20260823T050257,joint:qaoa:10:9c8f9e259f0e4151,ok,,qaoa,10,8,float64,42,32,2,32,2,2,0.5,rotation,rotation,6,6,compact:L2R0W0-L2R0W0-L2R0W0-L2R0W0-L1R0W0-L1R0W0,compact:L2R0W0-L2R0W0-L2R0W0-L2R0W0-L1R0W0-L1R0W0,,,split,optimized,10,3,10,0.46591400000000005,0.4665077,0.464815,0.472966,0.002179211694627208,0.1983725,0.0154997,0.2526355,,,custom:libsad_search_16d9d6cef53b3d.so,/home/rzzhang/sad_merged/sad/build/libsad_search_16d9d6cef53b3d.so
2026-08-23T05:44:53.172019+00:00,20260823T050257,joint:qaoa:4:1024b32a897b2649,ok,,qaoa,4,8,float64,42,32,2,32,2,1,0.75,rotation,rotation,3,3,compact:L2R0W0-L1R0W0-L1R0W0,compact:L2R0W0-L1R0W0-L1R0W0,,,split,optimized,20,3,20,0.191466,0.19135554999999999,0.190141,0.192567,0.0008140606534527958,0.07508935000000001,0.015465149999999999,0.10080104999999999,,,custom:libsad_search_3cb67c7e18cc99.so,/home/rzzhang/sad_merged/sad/build/libsad_search_3cb67c7e18cc99.so
2026-08-23T05:44:53.196071+00:00,20260823T050257,joint:qaoa:14:ad246f62f41e7ce3,ok,,qaoa,14,8,float64,42,128,2,128,2,1,0.25,rotation,rotation,5,5,compact:L3R0W0-L3R0W0-L3R0W0-L3R0W0-L2R0W0,compact:L3R0W0-L3R0W0-L3R0W0-L3R0W0-L2R0W0,,,merged,optimized,10,3,10,0.6932495000000001,0.6933139,0.691184,0.694287,0.000930141435481737,0.2614853,0.015331899999999997,0.41649670000000005,,,custom:libsad_search_8fbfac92ec4bef.so,/home/rzzhang/sad_merged/sad/build/libsad_search_8fbfac92ec4bef.so
2026-08-23T05:44:53.224489+00:00,20260823T050257,joint:qaoa:26:ad2d4305c36ced00,ok,,qaoa,26,8,float64,42,128,2,128,2,2,0.5,rotation,rotation,14,14,compact:L2R0W0-L2R0W0-L2R0W0-L2R0W0-L2R0W0-L2R0W0-L2R0W0-L2R0W0-L2R0W0-L2R0W0-L2R0W0-L2R0W0-L1R0W0-L1R0W0,compact:L2R0W0-L2R0W0-L2R0W0-L2R0W0-L2R0W0-L2R0W0-L2R0W0-L2R0W0-L2R0W0-L2R0W0-L2R0W0-L2R0W0-L1R0W0-L1R0W0,,,split,optimized,2,3,2,797.9927705,797.9927705,797.8871599999999,798.098381,0.10561050000006844,265.0532025,2.5074785000000004,530.4320895,,,custom:libsad_search_d02bea87aa5c56.so,/home/rzzhang/sad_merged/sad/build/libsad_search_d02bea87aa5c56.so
2026-08-23T05:44:57.260252+00:00,20260823T050257,joint:qaoa:20:8f8436d2d33bba33,ok,,qaoa,20,8,float64,42,32,2,128,2,2,1.0,rotation,rotation,20,20,compact:L1R0W0-L1R0W0-L1R0W0-L1R0W0-L1R0W0-L1R0W0-L1R0W0-L1R0W0-L1R0W0-L1R0W0-L1R0W0-L1R0W0-L1R0W0-L1R0W0-L1R0W0-L1R0W0-L1R0W0-L1R0W0-L1R0W0-L1R0W0,compact:L1R0W0-L1R0W0-L1R0W0-L1R0W0-L1R0W0-L1R0W0-L1R0W0-L1R0W0-L1R0W0-L1R0W0-L1R0W0-L1R0W0-L1R0W0-L1R0W0-L1R0W0-L1R0W0-L1R0W0-L1R0W0-L1R0W0-L1R0W0,,,split,optimized,5,3,5,8.503488,8.5050648,8.501278,8.514536999999999,0.004807636317359723,3.2225126,0.0402948,5.242257400000001,,,custom:libsad_search_2a0e4369743c84.so,/home/rzzhang/sad_merged/sad/build/libsad_search_2a0e4369743c84.so
2026-08-23T05:44:57.351964+00:00,20260823T050257,joint:qaoa:12:85cd498c9aa2be51,ok,,qaoa,12,8,float64,42,64,2,64,2,2,0.5,rotation,rotation,7,7,compact:L2R0W0-L2R0W0-L2R0W0-L2R0W0-L2R0W0-L1R0W0-L1R0W0,compact:L2R0W0-L2R0W0-L2R0W0-L2R0W0-L2R0W0-L1R0W0-L1R0W0,,,split,optimized,10,3,10,0.6154120000000001,0.6152894,0.614262,0.61639,0.0007078060751364046,0.2602331,0.015468099999999999,0.3395882,,,custom:libsad_search_20c37ff249ec0a.so,/home/rzzhang/sad_merged/sad/build/libsad_search_20c37ff249ec0a.so
2026-08-23T05:44:57.374065+00:00,20260823T050257,joint:qaoa:20:3a0b97c1f31241cb,ok,,qaoa,20,8,float64,42,32,2,32,2,2,1.0,rotation,rotation,20,20,compact:L1R0W0-L1R0W0-L1R0W0-L1R0W0-L1R0W0-L1R0W0-L1R0W0-L1R0W0-L1R0W0-L1R0W0-L1R0W0-L1R0W0-L1R0W0-L1R0W0-L1R0W0-L1R0W0-L1R0W0-L1R0W0-L1R0W0-L1R0W0,compact:L1R0W0-L1R0W0-L1R0W0-L1R0W0-L1R0W0-L1R0W0-L1R0W0-L1R0W0-L1R0W0-L1R0W0-L1R0W0-L1R0W0-L1R0W0-L1R0W0-L1R0W0-L1R0W0-L1R0W0-L1R0W0-L1R0W0-L1R0W0,,,split,optimized,5,3,5,8.262833,8.2606096,8.251470000000001,8.264194000000002,0.004727594085790024,3.2188031999999995,0.0401664,5.00164,,,custom:libsad_search_16d9d6cef53b3d.so,/home/rzzhang/sad_merged/sad/build/libsad_search_16d9d6cef53b3d.so
2026-08-23T05:44:57.455153+00:00,20260823T050257,joint:qaoa:28:76f7f5fc9463303d,ok,,qaoa,28,8,float64,42,128,2,32,2,1,1.0,rotation,rotation,28,28,compact:L1R0W0-L1R0W0-L1R0W0-L1R0W0-L1R0W0-L1R0W0-L1R0W0-L1R0W0-L1R0W0-L1R0W0-L1R0W0-L1R0W0-L1R0W0-L1R0W0-L1R0W0-L1R0W0-L1R0W0-L1R0W0-L1R0W0-L1R0W0-L1R0W0-L1R0W0-L1R0W0-L1R0W0-L1R0W0-L1R0W0-L1R0W0-L1R0W0,compact:L1R0W0-L1R0W0-L1R0W0-L1R0W0-L1R0W0-L1R0W0-L1R0W0-L1R0W0-L1R0W0-L1R0W0-L1R0W0-L1R0W0-L1R0W0-L1R0W0-L1R0W0-L1R0W0-L1R0W0-L1R0W0-L1R0W0-L1R0W0-L1R0W0-L1R0W0-L1R0W0-L1R0W0-L1R0W0-L1R0W0-L1R0W0-L1R0W0,,,merged,optimized,2,3,2,6327.96302,6327.96302,6325.654968,6330.2710720000005,2.308052000000316,2104.3735460000003,9.987368,4213.602105999999,,,custom:libsad_search_5851e15f736f52.so,/home/rzzhang/sad_merged/sad/build/libsad_search_5851e15f736f52.so
2026-08-23T05:45:29.141084+00:00,20260823T050257,joint:qaoa:28:f1b3d5ef166b6698,ok,,qaoa,28,8,float64,42,32,2,128,2,2,0.5,rotation,rotation,16,16,compact:L2R0W0-L2R0W0-L2R0W0-L2R0W0-L2R0W0-L2R0W0-L2R0W0-L2R0W0-L2R0W0-L2R0W0-L2R0W0-L2R0W0-L1R0W0-L1R0W0-L1R0W0-L1R0W0,compact:L2R0W0-L2R0W0-L2R0W0-L2R0W0-L2R0W0-L2R0W0-L2R0W0-L2R0W0-L2R0W0-L2R0W0-L2R0W0-L2R0W0-L1R0W0-L1R0W0-L1R0W0-L1R0W0,,,merged,optimized,2,3,2,3628.5833065,3628.5833065,3628.2389190000004,3628.927694,0.34438749999981155,1201.3161935,10.0659735,2417.2011395,,,custom:libsad_search_fce412939d20fb.so,/home/rzzhang/sad_merged/sad/build/libsad_search_fce412939d20fb.so
2026-08-23T05:45:47.570900+00:00,20260823T050257,joint:qaoa:10:e0cfc6f60b1df64a,ok,,qaoa,10,8,float64,42,128,2,32,2,1,0.75,rotation,rotation,8,8,compact:L2R0W0-L2R0W0-L1R0W0-L1R0W0-L1R0W0-L1R0W0-L1R0W0-L1R0W0,compact:L2R0W0-L2R0W0-L1R0W0-L1R0W0-L1R0W0-L1R0W0-L1R0W0-L1R0W0,,,merged,optimized,10,3,10,0.624577,0.624294,0.622547,0.6254369999999999,0.0007587570098523151,0.3016675,0.0154304,0.30719609999999997,,,custom:libsad_search_5851e15f736f52.so,/home/rzzhang/sad_merged/sad/build/libsad_search_5851e15f736f52.so
2026-08-23T05:45:47.597775+00:00,20260823T050257,joint:qaoa:24:b7db4047b29d8061,ok,,qaoa,24,8,float64,42,128,2,32,2,2,1.0,rotation,rotation,24,24,compact:L1R0W0-L1R0W0-L1R0W0-L1R0W0-L1R0W0-L1R0W0-L1R0W0-L1R0W0-L1R0W0-L1R0W0-L1R0W0-L1R0W0-L1R0W0-L1R0W0-L1R0W0-L1R0W0-L1R0W0-L1R0W0-L1R0W0-L1R0W0-L1R0W0-L1R0W0-L1R0W0-L1R0W0,compact:L1R0W0-L1R0W0-L1R0W0-L1R0W0-L1R0W0-L1R0W0-L1R0W0-L1R0W0-L1R0W0-L1R0W0-L1R0W0-L1R0W0-L1R0W0-L1R0W0-L1R0W0-L1R0W0-L1R0W0-L1R0W0-L1R0W0-L1R0W0-L1R0W0-L1R0W0-L1R0W0-L1R0W0,,,split,optimized,3,3,3,341.40283300000004,341.52053333333333,341.385338,341.773429,0.1789668170738828,114.08294000000001,0.6390193333333334,226.798574,,,custom:libsad_search_3b115211f38255.so,/home/rzzhang/sad_merged/sad/build/libsad_search_3b115211f38255.so
2026-08-23T05:45:49.703106+00:00,20260823T050257,joint:qaoa:4:cf6386ebed177599,ok,,qaoa,4,8,float64,42,128,2,128,2,2,0.75,rotation,rotation,3,3,compact:L2R0W0-L1R0W0-L1R0W0,compact:L2R0W0-L1R0W0-L1R0W0,,,merged,optimized,20,3,20,0.22326849999999998,0.22360180000000002,0.22301300000000002,0.22524699999999998,0.0006011659171975668,0.08347405,0.01510605,0.1250217,,,custom:libsad_search_b969ada61d8a74.so,/home/rzzhang/sad_merged/sad/build/libsad_search_b969ada61d8a74.so
2026-08-23T05:45:49.722868+00:00,20260823T050257,joint:qaoa:26:21483e989012596a,ok,,qaoa,26,8,float64,42,32,2,128,2,1,1.0,rotation,rotation,26,26,compact:L1R0W0-L1R0W0-L1R0W0-L1R0W0-L1R0W0-L1R0W0-L1R0W0-L1R0W0-L1R0W0-L1R0W0-L1R0W0-L1R0W0-L1R0W0-L1R0W0-L1R0W0-L1R0W0-L1R0W0-L1R0W0-L1R0W0-L1R0W0-L1R0W0-L1R0W0-L1R0W0-L1R0W0-L1R0W0-L1R0W0,compact:L1R0W0-L1R0W0-L1R0W0-L1R0W0-L1R0W0-L1R0W0-L1R0W0-L1R0W0-L1R0W0-L1R0W0-L1R0W0-L1R0W0-L1R0W0-L1R0W0-L1R0W0-L1R0W0-L1R0W0-L1R0W0-L1R0W0-L1R0W0-L1R0W0-L1R0W0-L1R0W0-L1R0W0-L1R0W0-L1R0W0,,,split,optimized,2,3,2,1471.3616845000001,1471.3616845000001,1471.235196,1471.488173,0.12648849999993672,488.60766450000006,2.5107734999999995,980.2432464999999,,,custom:libsad_search_0e4f539ceca897.so,/home/rzzhang/sad_merged/sad/build/libsad_search_0e4f539ceca897.so
2026-08-23T05:45:57.113483+00:00,20260823T050257,joint:qaoa:22:fc095d49b1899a2b,ok,,qaoa,22,8,float64,42,128,2,32,2,1,0.5,rotation,rotation,12,13,compact:L2R0W0-L2R0W0-L2R0W0-L2R0W0-L2R0W0-L2R0W0-L2R0W0-L2R0W0-L2R0W0-L2R0W0-L1R0W0-L1R0W0,compact:L2R0W0-L2R0W0-L2R0W0-L2R0W0-L2R0W0-L2R0W0-L2R0W0-L2R0W0-L2R0W0-L1R0W0-L1R0W0-L1R0W0-L1R0W0,,,split,optimized,3,3,3,38.679249,38.683049000000004,38.67114599999999,38.698752000000006,0.01158599180045114,7.584202000000001,0.14751766666666669,30.951329333333334,,,custom:libsad_search_7259903b8346c4.so,/home/rzzhang/sad_merged/sad/build/libsad_search_7259903b8346c4.so
2026-08-23T05:45:57.382835+00:00,20260823T050257,joint:qaoa:12:5de996fa59b071a1,ok,,qaoa,12,8,float64,42,128,2,128,2,1,1.0,rotation,rotation,12,12,compact:L1R0W0-L1R0W0-L1R0W0-L1R0W0-L1R0W0-L1R0W0-L1R0W0-L1R0W0-L1R0W0-L1R0W0-L1R0W0-L1R0W0,compact:L1R0W0-L1R0W0-L1R0W0-L1R0W0-L1R0W0-L1R0W0-L1R0W0-L1R0W0-L1R0W0-L1R0W0-L1R0W0-L1R0W0,,,merged,optimized,10,3,10,1.0844125,1.0842984,1.08328,1.085437,0.0008602263888069782,0.47539770000000003,0.015395599999999999,0.5935051000000001,,,custom:libsad_search_8fbfac92ec4bef.so,/home/rzzhang/sad_merged/sad/build/libsad_search_8fbfac92ec4bef.so
2026-08-23T05:45:57.411564+00:00,20260823T050257,joint:qaoa:12:b303d181dbd3277e,ok,,qaoa,12,8,float64,42,64,2,64,2,2,0.25,rotation,rotation,4,4,compact:L3R0W0-L3R0W0-L3R0W0-L3R0W0,compact:L3R0W0-L3R0W0-L3R0W0-L3R0W0,,,split,optimized,10,3,10,0.434048,0.43331780000000003,0.428146,0.434153,0.001758351148092999,0.1644125,0.015576199999999998,0.2533291,,,custom:libsad_search_20c37ff249ec0a.so,/home/rzzhang/sad_merged/sad/build/libsad_search_20c37ff249ec0a.so
2026-08-23T05:45:57.431557+00:00,20260823T050257,joint:qaoa:6:063784c2ad151b88,ok,,qaoa,6,8,float64,42,128,2,32,2,2,0.25,rotation,rotation,2,2,compact:L3R0W0-L3R0W0,compact:L3R0W0-L3R0W0,,,merged,optimized,20,3,20,0.19653800000000002,0.19632215,0.195443,0.19873500000000002,0.0007478657148847006,0.07866849999999999,0.0155024,0.10215125,,,custom:libsad_search_d014591f51543a.so,/home/rzzhang/sad_merged/sad/build/libsad_search_d014591f51543a.so
2026-08-23T05:45:57.450170+00:00,20260823T050257,joint:qaoa:4:58ba81bdd835c0a0,ok,,qaoa,4,8,float64,42,32,2,128,2,1,0.0,rotation,rotation,1,1,compact:L4R0W0,compact:L4R0W0,,,split,optimized,20,3,20,0.1484185,0.14828840000000001,0.147431,0.14949,0.0004666064080142889,0.03756075,0.01544545,0.0952822,,,custom:libsad_search_0e4f539ceca897.so,/home/rzzhang/sad_merged/sad/build/libsad_search_0e4f539ceca897.so
2026-08-23T05:45:57.467392+00:00,20260823T050257,joint:qaoa:4:52550046338efd8a,ok,,qaoa,4,8,float64,42,32,2,128,2,1,0.25,rotation,rotation,2,2,compact:L2R0W0-L2R0W0,compact:L2R0W0-L2R0W0,,,split,optimized,20,3,20,0.1842495,0.18512475,0.18329199999999998,0.191461,0.0026094433865290123,0.05788265,0.01558645,0.11165565000000001,,,custom:libsad_search_0e4f539ceca897.so,/home/rzzhang/sad_merged/sad/build/libsad_search_0e4f539ceca897.so
2026-08-23T05:45:57.485490+00:00,20260823T050257,joint:qaoa:20:c226504659a86344,ok,,qaoa,20,8,float64,42,64,2,64,2,1,0.25,rotation,rotation,7,7,compact:L3R0W0-L3R0W0-L3R0W0-L3R0W0-L3R0W0-L3R0W0-L2R0W0,compact:L3R0W0-L3R0W0-L3R0W0-L3R0W0-L3R0W0-L3R0W0-L2R0W0,,,merged,optimized,5,3,5,6.151164,6.1508628000000005,6.15027,6.151297,0.0004683679749937657,1.7642726000000002,0.039957599999999996,4.3466325999999995,,,custom:libsad_search_7e5293342e215a.so,/home/rzzhang/sad_merged/sad/build/libsad_search_7e5293342e215a.so
2026-08-23T05:45:57.549694+00:00,20260823T050257,joint:qaoa:26:c5f0c815add6faa6,ok,,qaoa,26,8,float64,42,128,2,128,2,2,0.75,rotation,rotation,20,20,compact:L2R0W0-L2R0W0-L2R0W0-L2R0W0-L2R0W0-L2R0W0-L1R0W0-L1R0W0-L1R0W0-L1R0W0-L1R0W0-L1R0W0-L1R0W0-L1R0W0-L1R0W0-L1R0W0-L1R0W0-L1R0W0-L1R0W0-L1R0W0,compact:L2R0W0-L2R0W0-L2R0W0-L2R0W0-L2R0W0-L2R0W0-L1R0W0-L1R0W0-L1R0W0-L1R0W0-L1R0W0-L1R0W0-L1R0W0-L1R0W0-L1R0W0-L1R0W0-L1R0W0-L1R0W0-L1R0W0-L1R0W0,,,merged,optimized,2,3,2,1135.053693,1135.053693,1134.5724910000001,1135.534895,0.4812019999999393,377.42399049999995,2.502927,755.1267755,,,custom:libsad_search_b969ada61d8a74.so,/home/rzzhang/sad_merged/sad/build/libsad_search_b969ada61d8a74.so
2026-08-23T05:46:03.256431+00:00,20260823T050257,joint:qaoa:6:11c89c95a3fbc0b6,ok,,qaoa,6,8,float64,42,32,2,128,2,1,0.75,rotation,rotation,5,5,compact:L2R0W0-L1R0W0-L1R0W0-L1R0W0-L1R0W0,compact:L2R0W0-L1R0W0-L1R0W0-L1R0W0-L1R0W0,,,split,optimized,20,3,20,0.35113950000000005,0.35094805,0.349972,0.353226,0.0007249923775461318,0.13115065,0.015433849999999997,0.20436355,,,custom:libsad_search_0e4f539ceca897.so,/home/rzzhang/sad_merged/sad/build/libsad_search_0e4f539ceca897.so
2026-08-23T05:46:03.283766+00:00,20260823T050257,joint:qaoa:24:62d59cc5746e7f1f,ok,,qaoa,24,8,float64,42,32,2,128,2,2,0.25,rotation,rotation,9,8,compact:L3R0W0-L3R0W0-L3R0W0-L3R0W0-L3R0W0-L3R0W0-L2R0W0-L2R0W0-L2R0W0,compact:L3R0W0-L3R0W0-L3R0W0-L3R0W0-L3R0W0-L3R0W0-L3R0W0-L3R0W0,,,merged,optimized,3,3,3,121.034168,121.041065,121.023959,121.065068,0.017476916718915738,42.512339000000004,0.6384876666666667,77.89023833333333,,,custom:libsad_search_fce412939d20fb.so,/home/rzzhang/sad_merged/sad/build/libsad_search_fce412939d20fb.so
2026-08-23T05:46:04.048669+00:00,20260823T050257,joint:qaoa:6:3c1d9575f33fcd29,ok,,qaoa,6,8,float64,42,128,2,32,2,1,0.0,legacy,legacy,0,0,,,,,not_applicable,legacy-generic,20,3,20,0.16792200000000002,0.16805595,0.166872,0.168947,0.0004884099174873548,0.06674845000000001,0.015296450000000001,0.08601105,,,custom:libsad_search_eaf59e83158800.so,/home/rzzhang/sad_merged/sad/build/libsad_search_eaf59e83158800.so
2026-08-23T05:46:04.066700+00:00,20260823T050257,joint:qaoa:8:eeda5c2ec559f391,ok,,qaoa,8,8,float64,42,32,2,128,2,2,0.75,rotation,rotation,6,6,compact:L2R0W0-L2R0W0-L1R0W0-L1R0W0-L1R0W0-L1R0W0,compact:L2R0W0-L2R0W0-L1R0W0-L1R0W0-L1R0W0-L1R0W0,,,split,optimized,20,3,20,0.4791495,0.478996,0.477968,0.480258,0.0006915796411115626,0.1796732,0.01545345,0.28386934999999996,,,custom:libsad_search_2a0e4369743c84.so,/home/rzzhang/sad_merged/sad/build/libsad_search_2a0e4369743c84.so
2026-08-23T05:46:04.092012+00:00,20260823T050257,joint:qaoa:12:fd24c21a04378167,ok,,qaoa,12,8,float64,42,64,2,64,2,1,1.0,rotation,rotation,12,12,compact:L1R0W0-L1R0W0-L1R0W0-L1R0W0-L1R0W0-L1R0W0-L1R0W0-L1R0W0-L1R0W0-L1R0W0-L1R0W0-L1R0W0,compact:L1R0W0-L1R0W0-L1R0W0-L1R0W0-L1R0W0-L1R0W0-L1R0W0-L1R0W0-L1R0W0-L1R0W0-L1R0W0-L1R0W0,,,split,optimized,10,3,10,0.9318305,0.9321255,0.9297280000000001,0.936904,0.0018471599957772835,0.4206742,0.015447599999999997,0.4960037000000001,,,custom:libsad_search_7ec063ebc99501.so,/home/rzzhang/sad_merged/sad/build/libsad_search_7ec063ebc99501.so
2026-08-23T05:46:04.118070+00:00,20260823T050257,joint:qaoa:12:37bef35b3aba1783,ok,,qaoa,12,8,float64,42,128,2,32,2,1,0.0,rotation,rotation,2,2,compact:L5R1W0-L5R1W0,compact:L5R1W0-L5R1W0,,,split,optimized,10,3,10,0.29999299999999995,0.29990229999999996,0.298947,0.301101,0.0005693450711124047,0.12545699999999999,0.0154827,0.1589626,,,custom:libsad_search_7259903b8346c4.so,/home/rzzhang/sad_merged/sad/build/libsad_search_7259903b8346c4.so
2026-08-23T05:46:04.135862+00:00,20260823T050257,joint:qaoa:14:4c70f1cb77407e5b,ok,,qaoa,14,8,float64,42,64,2,64,2,2,1.0,rotation,rotation,14,14,compact:L1R0W0-L1R0W0-L1R0W0-L1R0W0-L1R0W0-L1R0W0-L1R0W0-L1R0W0-L1R0W0-L1R0W0-L1R0W0-L1R0W0-L1R0W0-L1R0W0,compact:L1R0W0-L1R0W0-L1R0W0-L1R0W0-L1R0W0-L1R0W0-L1R0W0-L1R0W0-L1R0W0-L1R0W0-L1R0W0-L1R0W0-L1R0W0-L1R0W0,,,merged,optimized,10,3,10,1.1714134999999999,1.1714322,1.1703869999999998,1.172425,0.00045980165288963593,0.5327734,0.015314899999999998,0.6233439000000001,,,custom:libsad_search_97eec9f2a848ec.so,/home/rzzhang/sad_merged/sad/build/libsad_search_97eec9f2a848ec.so
2026-08-23T05:46:04.165022+00:00,20260823T050257,joint:qaoa:4:273fc8dddc673dbe,ok,,qaoa,4,8,float64,42,128,2,128,2,2,0.5,rotation,rotation,2,2,compact:L2R0W0-L2R0W0,compact:L2R0W0-L2R0W0,,,split,optimized,20,3,20,0.188432,0.1884857,0.187303,0.18942900000000001,0.00077696043013785,0.0627955,0.015421449999999998,0.11026875,,,custom:libsad_search_d02bea87aa5c56.so,/home/rzzhang/sad_merged/sad/build/libsad_search_d02bea87aa5c56.so
2026-08-23T05:46:04.183278+00:00,20260823T050257,joint:qaoa:8:7803432f88771d07,ok,,qaoa,8,8,float64,42,32,2,32,2,2,1.0,rotation,rotation,8,8,compact:L1R0W0-L1R0W0-L1R0W0-L1R0W0-L1R0W0-L1R0W0-L1R0W0-L1R0W0,compact:L1R0W0-L1R0W0-L1R0W0-L1R0W0-L1R0W0-L1R0W0-L1R0W0-L1R0W0,,,merged,optimized,20,3,20,0.520054,0.5194502,0.51375,0.521342,0.0019639901629081415,0.23086140000000002,0.015432449999999999,0.27315635,,,custom:libsad_search_dcff342f285260.so,/home/rzzhang/sad_merged/sad/build/libsad_search_dcff342f285260.so
2026-08-23T05:46:04.209158+00:00,20260823T050257,joint:qaoa:28:fb05dff010c2ab8c,ok,,qaoa,28,8,float64,42,128,2,128,2,1,0.5,rotation,rotation,16,16,compact:L2R0W0-L2R0W0-L2R0W0-L2R0W0-L2R0W0-L2R0W0-L2R0W0-L2R0W0-L2R0W0-L2R0W0-L2R0W0-L2R0W0-L1R0W0-L1R0W0-L1R0W0-L1R0W0,compact:L2R0W0-L2R0W0-L2R0W0-L2R0W0-L2R0W0-L2R0W0-L2R0W0-L2R0W0-L2R0W0-L2R0W0-L2R0W0-L2R0W0-L1R0W0-L1R0W0-L1R0W0-L1R0W0,,,split,optimized,2,3,2,3629.6554955,3629.6554955,3629.27903,3630.031961,0.3764654999999948,1206.9143594999998,9.983604999999999,2412.757531,,,custom:libsad_search_9361435758c99d.so,/home/rzzhang/sad_merged/sad/build/libsad_search_9361435758c99d.so
