timestamp_utc,run_id,candidate_key,status,error,circuit,qubits,layers,precision,random_seed,forward_threads,forward_register_bits,backward_threads,backward_register_bits,mailbox_chunks,partition_level,phase_family_forward,phase_family_backward,phase_count_forward,phase_count_backward,forward_phase_plan,backward_phase_plan,forward_pair_counts,backward_pair_counts,rzz_strategy,execution_profile,steps,warmup_steps,repetitions,median_ms,mean_ms,min_ms,max_ms,std_ms,forward_ms,hamiltonian_ms,backward_ms,energy_abs_error,gradient_max_abs_error,kernel_variant,library_path
2026-08-22T16:05:02.106720+00:00,20260822T160502,joint:rzz-hea:22:1432b1ada66e9465,ok,,rzz-hea,22,8,float64,42,32,2,32,2,1,0.25,rotation,rotation,8,8,compact:L3R0W0-L3R0W0-L3R0W0-L3R0W0-L3R0W0-L3R0W0-L2R0W0-L2R0W0,compact:L3R0W0-L3R0W0-L3R0W0-L3R0W0-L3R0W0-L3R0W0-L2R0W0-L2R0W0,,,split,optimized,3,3,3,36.602698999999994,36.60261499999999,36.59961199999999,36.605534,0.0024183759013045054,8.925528,0.43392400000000003,27.243163,,,custom:libsad_search_3cb67c7e18cc99.so,/home/rzzhang/sad_merged/sad/build/libsad_search_3cb67c7e18cc99.so
2026-08-22T16:05:17.433216+00:00,20260822T160502,joint:rzz-hea:22:2fd1597d32e1a5ea,ok,,rzz-hea,22,8,float64,42,128,2,128,2,1,0.25,rotation,rotation,8,8,compact:L3R0W0-L3R0W0-L3R0W0-L3R0W0-L3R0W0-L3R0W0-L2R0W0-L2R0W0,compact:L3R0W0-L3R0W0-L3R0W0-L3R0W0-L3R0W0-L3R0W0-L2R0W0-L2R0W0,,,split,optimized,3,3,3,36.500967,36.503219666666666,36.500308999999994,36.508382999999995,0.0036608969149938488,8.519049666666668,0.4284213333333333,27.555748666666666,,,custom:libsad_search_9361435758c99d.so,/home/rzzhang/sad_merged/sad/build/libsad_search_9361435758c99d.so
2026-08-22T16:05:34.824610+00:00,20260822T160502,joint:rzz-hea:14:0bac21d427ba0ed4,ok,,rzz-hea,14,8,float64,42,128,2,128,2,2,0.5,rotation,rotation,8,8,compact:L2R0W0-L2R0W0-L2R0W0-L2R0W0-L2R0W0-L2R0W0-L1R0W0-L1R0W0,compact:L2R0W0-L2R0W0-L2R0W0-L2R0W0-L2R0W0-L2R0W0-L1R0W0-L1R0W0,,,split,optimized,10,3,10,1.1414294999999999,1.1429304,1.1407100000000001,1.1498,0.0034501708421467853,0.40653069999999997,0.0155231,0.7208766000000001,,,custom:libsad_search_d02bea87aa5c56.so,/home/rzzhang/sad_merged/sad/build/libsad_search_d02bea87aa5c56.so
2026-08-22T16:05:51.961408+00:00,20260822T160502,joint:rzz-hea:8:ba8a001491157404,ok,,rzz-hea,8,8,float64,42,32,2,32,2,2,0.5,rotation,rotation,5,5,compact:L2R0W0-L2R0W0-L2R0W0-L1R0W0-L1R0W0,compact:L2R0W0-L2R0W0-L2R0W0-L1R0W0-L1R0W0,,,merged,optimized,20,3,20,0.4721145,0.47300060000000005,0.4710059999999999,0.480139,0.002029698411094617,0.1798895,0.0155179,0.2775932,,,custom:libsad_search_dcff342f285260.so,/home/rzzhang/sad_merged/sad/build/libsad_search_dcff342f285260.so
2026-08-22T16:06:07.129777+00:00,20260822T160502,joint:rzz-hea:8:eb60e78651362dc9,ok,,rzz-hea,8,8,float64,42,128,2,32,2,1,0.5,rotation,rotation,4,5,compact:L2R0W0-L2R0W0-L2R0W0-L2R0W0,compact:L2R0W0-L2R0W0-L2R0W0-L1R0W0-L1R0W0,,,merged,optimized,20,3,20,0.4701085,0.47032949999999996,0.469095,0.471062,0.0005910547774952851,0.17784425,0.015478749999999998,0.2770065,,,custom:libsad_search_5851e15f736f52.so,/home/rzzhang/sad_merged/sad/build/libsad_search_5851e15f736f52.so
2026-08-22T16:06:22.827234+00:00,20260822T160502,joint:rzz-hea:16:93df85f2108ed94a,ok,,rzz-hea,16,8,float64,42,128,2,32,2,2,0.25,rotation,rotation,6,6,compact:L3R0W0-L3R0W0-L3R0W0-L3R0W0-L2R0W0-L2R0W0,compact:L3R0W0-L3R0W0-L3R0W0-L3R0W0-L2R0W0-L2R0W0,,,merged,optimized,5,3,5,1.340586,1.3396954,1.33565,1.3411780000000002,0.0020388802417013623,0.37886339999999996,0.015396800000000002,0.9454352,,,custom:libsad_search_d014591f51543a.so,/home/rzzhang/sad_merged/sad/build/libsad_search_d014591f51543a.so
2026-08-22T16:06:38.533799+00:00,20260822T160502,joint:rzz-hea:18:de5b96362af50564,ok,,rzz-hea,18,8,float64,42,32,2,128,2,2,1.0,rotation,rotation,18,18,compact:L1R0W0-L1R0W0-L1R0W0-L1R0W0-L1R0W0-L1R0W0-L1R0W0-L1R0W0-L1R0W0-L1R0W0-L1R0W0-L1R0W0-L1R0W0-L1R0W0-L1R0W0-L1R0W0-L1R0W0-L1R0W0,compact:L1R0W0-L1R0W0-L1R0W0-L1R0W0-L1R0W0-L1R0W0-L1R0W0-L1R0W0-L1R0W0-L1R0W0-L1R0W0-L1R0W0-L1R0W0-L1R0W0-L1R0W0-L1R0W0-L1R0W0-L1R0W0,,,merged,optimized,5,3,5,4.002838999999999,4.0038828,3.999804,4.008205,0.003597306236616647,1.2002072,0.038710600000000005,2.764965,,,custom:libsad_search_fce412939d20fb.so,/home/rzzhang/sad_merged/sad/build/libsad_search_fce412939d20fb.so
2026-08-22T16:06:55.262011+00:00,20260822T160502,joint:rzz-hea:24:104b82a4c01f43b3,ok,,rzz-hea,24,8,float64,42,64,2,64,2,2,0.25,rotation,rotation,8,8,compact:L3R0W0-L3R0W0-L3R0W0-L3R0W0-L3R0W0-L3R0W0-L3R0W0-L3R0W0,compact:L3R0W0-L3R0W0-L3R0W0-L3R0W0-L3R0W0-L3R0W0-L3R0W0-L3R0W0,,,split,optimized,3,3,3,157.705064,157.70450200000002,157.679674,157.728768,0.02004648085491834,49.044575333333334,1.7689556666666666,106.89097100000001,,,custom:libsad_search_20c37ff249ec0a.so,/home/rzzhang/sad_merged/sad/build/libsad_search_20c37ff249ec0a.so
2026-08-22T16:07:12.279057+00:00,20260822T160502,joint:rzz-hea:12:a58d022fdcfcccd1,ok,,rzz-hea,12,8,float64,42,64,2,64,2,2,1.0,rotation,rotation,12,12,compact:L1R0W0-L1R0W0-L1R0W0-L1R0W0-L1R0W0-L1R0W0-L1R0W0-L1R0W0-L1R0W0-L1R0W0-L1R0W0-L1R0W0,compact:L1R0W0-L1R0W0-L1R0W0-L1R0W0-L1R0W0-L1R0W0-L1R0W0-L1R0W0-L1R0W0-L1R0W0-L1R0W0-L1R0W0,,,split,optimized,10,3,10,1.0670245,1.0670899999999999,1.065839,1.067979,0.0005734710106012452,0.4202129,0.015595,0.6312821,,,custom:libsad_search_20c37ff249ec0a.so,/home/rzzhang/sad_merged/sad/build/libsad_search_20c37ff249ec0a.so
2026-08-22T16:07:12.302397+00:00,20260822T160502,joint:rzz-hea:8:351394306b003445,ok,,rzz-hea,8,8,float64,42,64,2,64,2,2,0.25,rotation,rotation,3,3,compact:L3R0W0-L3R0W0-L2R0W0,compact:L3R0W0-L3R0W0-L2R0W0,,,split,optimized,20,3,20,0.4279985,0.42794725,0.425956,0.429109,0.0007436484972754275,0.14368575,0.015196550000000001,0.26906495,,,custom:libsad_search_20c37ff249ec0a.so,/home/rzzhang/sad_merged/sad/build/libsad_search_20c37ff249ec0a.so
2026-08-22T16:07:12.321120+00:00,20260822T160502,joint:rzz-hea:8:8a50d12bc24ebdad,ok,,rzz-hea,8,8,float64,42,128,2,32,2,1,0.0,legacy,legacy,0,0,,,,,not_applicable,legacy-generic,20,3,20,0.393207,0.39334569999999996,0.392074,0.39635099999999995,0.0008986207264469272,0.13181135,0.0154084,0.24612595000000004,,,custom:libsad_search_eaf59e83158800.so,/home/rzzhang/sad_merged/sad/build/libsad_search_eaf59e83158800.so
2026-08-22T16:07:27.934773+00:00,20260822T160502,joint:rzz-hea:18:a6af0daeee35ccb8,ok,,rzz-hea,18,8,float64,42,64,2,64,2,2,0.0,rotation,rotation,3,3,compact:L5R1W0-L5R1W0-L5R1W0,compact:L5R1W0-L5R1W0-L5R1W0,,,merged,optimized,5,3,5,2.5958400000000004,2.5946048,2.5878700000000006,2.596931,0.003406880532099505,0.556182,0.0399672,1.9984555999999998,,,custom:libsad_search_97eec9f2a848ec.so,/home/rzzhang/sad_merged/sad/build/libsad_search_97eec9f2a848ec.so
2026-08-22T16:07:44.064803+00:00,20260822T160502,joint:rzz-hea:24:185b763f3603f4d4,ok,,rzz-hea,24,8,float64,42,128,2,128,2,2,1.0,rotation,rotation,24,24,compact:L1R0W0-L1R0W0-L1R0W0-L1R0W0-L1R0W0-L1R0W0-L1R0W0-L1R0W0-L1R0W0-L1R0W0-L1R0W0-L1R0W0-L1R0W0-L1R0W0-L1R0W0-L1R0W0-L1R0W0-L1R0W0-L1R0W0-L1R0W0-L1R0W0-L1R0W0-L1R0W0-L1R0W0,compact:L1R0W0-L1R0W0-L1R0W0-L1R0W0-L1R0W0-L1R0W0-L1R0W0-L1R0W0-L1R0W0-L1R0W0-L1R0W0-L1R0W0-L1R0W0-L1R0W0-L1R0W0-L1R0W0-L1R0W0-L1R0W0-L1R0W0-L1R0W0-L1R0W0-L1R0W0-L1R0W0-L1R0W0,,,merged,optimized,3,3,3,369.62492799999995,369.6163146666667,369.47107700000004,369.752939,0.11523075079836172,105.222722,1.777319,262.6162736666667,,,custom:libsad_search_b969ada61d8a74.so,/home/rzzhang/sad_merged/sad/build/libsad_search_b969ada61d8a74.so
2026-08-22T16:08:03.498380+00:00,20260822T160502,joint:rzz-hea:28:70a7bac073836b43,ok,,rzz-hea,28,8,float64,42,64,2,64,2,2,0.0,rotation,rotation,4,4,compact:L5R2W0-L5R2W0-L5R2W0-L5R2W0,compact:L5R2W0-L5R2W0-L5R2W0-L5R2W0,,,split,optimized,2,3,2,2510.5524594999997,2510.5524594999997,2510.539455,2510.565464,0.01300449999985176,634.5692895,82.022498,1793.960672,,,custom:libsad_search_20c37ff249ec0a.so,/home/rzzhang/sad_merged/sad/build/libsad_search_20c37ff249ec0a.so
2026-08-22T16:08:16.067086+00:00,20260822T160502,joint:rzz-hea:20:37a7a21476f65c61,ok,,rzz-hea,20,8,float64,42,128,2,128,2,2,0.75,rotation,rotation,16,16,compact:L2R0W0-L2R0W0-L2R0W0-L2R0W0-L1R0W0-L1R0W0-L1R0W0-L1R0W0-L1R0W0-L1R0W0-L1R0W0-L1R0W0-L1R0W0-L1R0W0-L1R0W0-L1R0W0,compact:L2R0W0-L2R0W0-L2R0W0-L2R0W0-L1R0W0-L1R0W0-L1R0W0-L1R0W0-L1R0W0-L1R0W0-L1R0W0-L1R0W0-L1R0W0-L1R0W0-L1R0W0-L1R0W0,,,merged,optimized,5,3,5,9.792515,9.7920472,9.785479,9.799815,0.004679666586413969,2.6046351999999997,0.09737499999999999,7.090037000000001,,,custom:libsad_search_b969ada61d8a74.so,/home/rzzhang/sad_merged/sad/build/libsad_search_b969ada61d8a74.so
2026-08-22T16:08:16.172005+00:00,20260822T160502,joint:rzz-hea:6:58f6a5d6c8cba061,ok,,rzz-hea,6,8,float64,42,64,2,64,2,1,0.0,rotation,rotation,1,1,compact:L5R1W0,compact:L5R1W0,,,merged,optimized,20,3,20,0.2273115,0.2274946,0.227188,0.22932400000000003,0.0006110143533502349,0.060020199999999996,0.0158164,0.151658,,,custom:libsad_search_7e5293342e215a.so,/home/rzzhang/sad_merged/sad/build/libsad_search_7e5293342e215a.so
2026-08-22T16:08:32.289677+00:00,20260822T160502,joint:rzz-hea:4:2d09dc3e5bc7831b,ok,,rzz-hea,4,8,float64,42,128,2,128,2,1,1.0,rotation,rotation,4,4,compact:L1R0W0-L1R0W0-L1R0W0-L1R0W0,compact:L1R0W0-L1R0W0-L1R0W0-L1R0W0,,,split,optimized,20,3,20,0.3778455,0.37802959999999997,0.37695,0.378978,0.0005224692718237132,0.1348045,0.015505000000000001,0.2277201,,,custom:libsad_search_9361435758c99d.so,/home/rzzhang/sad_merged/sad/build/libsad_search_9361435758c99d.so
2026-08-22T16:08:32.311472+00:00,20260822T160502,joint:rzz-hea:24:e89c395414cca22c,ok,,rzz-hea,24,8,float64,42,32,2,32,2,1,0.0,rotation,rotation,4,4,compact:L5R1W0-L5R1W0-L5R1W0-L5R1W0,compact:L5R1W0-L5R1W0-L5R1W0-L5R1W0,,,split,optimized,3,3,3,135.232911,135.28821100000002,135.199129,135.432593,0.10302079830144194,36.570667666666665,1.777331,96.94021233333333,,,custom:libsad_search_3cb67c7e18cc99.so,/home/rzzhang/sad_merged/sad/build/libsad_search_3cb67c7e18cc99.so
2026-08-22T16:08:33.163148+00:00,20260822T160502,joint:rzz-hea:20:d2e4a50c327ee56f,ok,,rzz-hea,20,8,float64,42,128,2,32,2,1,0.0,legacy,legacy,0,0,,,,,not_applicable,legacy-generic,5,3,5,7.672746999999999,7.671882599999999,7.666717,7.677168999999999,0.0044508687511537635,2.1640646,0.09718199999999999,5.410636,,,custom:libsad_search_eaf59e83158800.so,/home/rzzhang/sad_merged/sad/build/libsad_search_eaf59e83158800.so
2026-08-22T16:08:33.234930+00:00,20260822T160502,joint:rzz-hea:22:a292653e3f51f45c,ok,,rzz-hea,22,8,float64,42,32,2,32,2,1,0.5,rotation,rotation,13,13,compact:L2R0W0-L2R0W0-L2R0W0-L2R0W0-L2R0W0-L2R0W0-L2R0W0-L2R0W0-L2R0W0-L1R0W0-L1R0W0-L1R0W0-L1R0W0,compact:L2R0W0-L2R0W0-L2R0W0-L2R0W0-L2R0W0-L2R0W0-L2R0W0-L2R0W0-L2R0W0-L1R0W0-L1R0W0-L1R0W0-L1R0W0,,,split,optimized,3,3,3,49.157712,49.156497,49.147577999999996,49.164201,0.006840477614904867,9.950257666666666,0.413639,38.79260033333334,,,custom:libsad_search_3cb67c7e18cc99.so,/home/rzzhang/sad_merged/sad/build/libsad_search_3cb67c7e18cc99.so
2026-08-22T16:08:33.551073+00:00,20260822T160502,joint:rzz-hea:18:f20db1eb84d1ad9e,ok,,rzz-hea,18,8,float64,42,64,2,64,2,1,0.0,rotation,rotation,3,3,compact:L5R1W0-L5R1W0-L5R1W0,compact:L5R1W0-L5R1W0-L5R1W0,,,merged,optimized,5,3,5,2.548628,2.5474918000000004,2.540563,2.556919,0.005726309506130429,0.558184,0.033496000000000005,1.9558117999999998,,,custom:libsad_search_7e5293342e215a.so,/home/rzzhang/sad_merged/sad/build/libsad_search_7e5293342e215a.so
2026-08-22T16:08:33.581116+00:00,20260822T160502,joint:rzz-hea:20:491536fb27199076,ok,,rzz-hea,20,8,float64,42,64,2,64,2,2,0.5,rotation,rotation,12,12,compact:L2R0W0-L2R0W0-L2R0W0-L2R0W0-L2R0W0-L2R0W0-L2R0W0-L2R0W0-L1R0W0-L1R0W0-L1R0W0-L1R0W0,compact:L2R0W0-L2R0W0-L2R0W0-L2R0W0-L2R0W0-L2R0W0-L2R0W0-L2R0W0-L1R0W0-L1R0W0-L1R0W0-L1R0W0,,,merged,optimized,5,3,5,9.200857,9.200770799999999,9.198744999999999,9.201746,0.0010921101409660386,2.2855398,0.10539119999999999,6.8098398,,,custom:libsad_search_97eec9f2a848ec.so,/home/rzzhang/sad_merged/sad/build/libsad_search_97eec9f2a848ec.so
2026-08-22T16:08:33.664776+00:00,20260822T160502,joint:rzz-hea:18:a8238eebddce89d3,ok,,rzz-hea,18,8,float64,42,128,2,32,2,2,0.75,rotation,rotation,14,14,compact:L2R0W0-L2R0W0-L2R0W0-L2R0W0-L1R0W0-L1R0W0-L1R0W0-L1R0W0-L1R0W0-L1R0W0-L1R0W0-L1R0W0-L1R0W0-L1R0W0,compact:L2R0W0-L2R0W0-L2R0W0-L2R0W0-L1R0W0-L1R0W0-L1R0W0-L1R0W0-L1R0W0-L1R0W0-L1R0W0-L1R0W0-L1R0W0-L1R0W0,,,merged,optimized,5,3,5,3.470379,3.4723954,3.468381,3.477526,0.003471852335569583,1.0369888,0.0349738,2.4004328,,,custom:libsad_search_d014591f51543a.so,/home/rzzhang/sad_merged/sad/build/libsad_search_d014591f51543a.so
2026-08-22T16:08:33.702276+00:00,20260822T160502,joint:rzz-hea:4:9f162d33db357b2e,ok,,rzz-hea,4,8,float64,42,32,2,128,2,2,0.25,rotation,rotation,2,2,compact:L2R0W0-L2R0W0,compact:L2R0W0-L2R0W0,,,merged,optimized,20,3,20,0.231898,0.230878,0.224364,0.232444,0.0026359096152941187,0.05785505,0.015347999999999999,0.15767495,,,custom:libsad_search_fce412939d20fb.so,/home/rzzhang/sad_merged/sad/build/libsad_search_fce412939d20fb.so
2026-08-22T16:08:33.716480+00:00,20260822T160502,joint:rzz-hea:6:dc96c0624d2cecae,ok,,rzz-hea,6,8,float64,42,32,2,32,2,1,1.0,rotation,rotation,6,6,compact:L1R0W0-L1R0W0-L1R0W0-L1R0W0-L1R0W0-L1R0W0,compact:L1R0W0-L1R0W0-L1R0W0-L1R0W0-L1R0W0-L1R0W0,,,merged,optimized,20,3,20,0.4343285,0.4343525,0.426861,0.437205,0.0019348035429986238,0.160307,0.015464649999999998,0.25858085,,,custom:libsad_search_f9cdaf042a7bd6.so,/home/rzzhang/sad_merged/sad/build/libsad_search_f9cdaf042a7bd6.so
2026-08-22T16:08:48.835311+00:00,20260822T160502,joint:rzz-hea:18:5a4e83c16919a303,ok,,rzz-hea,18,8,float64,42,64,2,64,2,2,0.25,rotation,rotation,7,7,compact:L3R0W0-L3R0W0-L3R0W0-L3R0W0-L2R0W0-L2R0W0-L2R0W0,compact:L3R0W0-L3R0W0-L3R0W0-L3R0W0-L2R0W0-L2R0W0-L2R0W0,,,merged,optimized,5,3,5,2.884646,2.8823478000000002,2.87745,2.885673,0.0036626496638363527,0.720701,0.0385732,2.1230735999999997,,,custom:libsad_search_97eec9f2a848ec.so,/home/rzzhang/sad_merged/sad/build/libsad_search_97eec9f2a848ec.so
2026-08-22T16:08:48.868239+00:00,20260822T160502,joint:rzz-hea:16:7ff721efca45a5f8,ok,,rzz-hea,16,8,float64,42,32,2,128,2,1,0.0,rotation,rotation,3,2,compact:L5R1W0-L5R0W0-L5R0W0,compact:L5R2W1-L5R2W1,,,merged,optimized,5,3,5,1.105956,1.1059108,1.1048120000000001,1.107944,0.0011346318169344431,0.25131860000000006,0.015421,0.8391712,,,custom:libsad_search_2a8327787a9aac.so,/home/rzzhang/sad_merged/sad/build/libsad_search_2a8327787a9aac.so
2026-08-22T16:09:05.583744+00:00,20260822T160502,joint:rzz-hea:22:5a11af7ebb94e5b0,ok,,rzz-hea,22,8,float64,42,32,2,128,2,2,0.0,rotation,rotation,4,3,compact:L5R1W0-L5R1W0-L5R0W0-L5R0W0,compact:L5R2W1-L5R2W0-L5R2W0,,,split,optimized,3,3,3,34.567667,34.568367,34.566582,34.570852,0.001812130422092718,8.802502666666667,0.433784,25.332080333333337,,,custom:libsad_search_2a0e4369743c84.so,/home/rzzhang/sad_merged/sad/build/libsad_search_2a0e4369743c84.so
2026-08-22T16:09:22.481089+00:00,20260822T160502,joint:rzz-hea:16:5663ef3ec187e5c2,ok,,rzz-hea,16,8,float64,42,128,2,32,2,2,1.0,rotation,rotation,16,16,compact:L1R0W0-L1R0W0-L1R0W0-L1R0W0-L1R0W0-L1R0W0-L1R0W0-L1R0W0-L1R0W0-L1R0W0-L1R0W0-L1R0W0-L1R0W0-L1R0W0-L1R0W0-L1R0W0,compact:L1R0W0-L1R0W0-L1R0W0-L1R0W0-L1R0W0-L1R0W0-L1R0W0-L1R0W0-L1R0W0-L1R0W0-L1R0W0-L1R0W0-L1R0W0-L1R0W0-L1R0W0-L1R0W0,,,merged,optimized,5,3,5,2.157573,2.1575936000000002,2.1566240000000003,2.158588,0.0006221114369627457,0.7847046,0.0155228,1.3573662000000002,,,custom:libsad_search_d014591f51543a.so,/home/rzzhang/sad_merged/sad/build/libsad_search_d014591f51543a.so
2026-08-22T16:09:22.507858+00:00,20260822T160502,joint:rzz-hea:28:c5442768a58699f6,ok,,rzz-hea,28,8,float64,42,128,2,32,2,1,0.25,rotation,rotation,10,10,compact:L3R0W0-L3R0W0-L3R0W0-L3R0W0-L3R0W0-L3R0W0-L3R0W0-L3R0W0-L2R0W0-L2R0W0,compact:L3R0W0-L3R0W0-L3R0W0-L3R0W0-L3R0W0-L3R0W0-L3R0W0-L3R0W0-L2R0W0-L2R0W0,,,split,optimized,2,3,2,3049.8128195,3049.8128195,3049.7922099999996,3049.833429,0.02060950000009143,931.0888845000001,82.594729,2036.129206,,,custom:libsad_search_7259903b8346c4.so,/home/rzzhang/sad_merged/sad/build/libsad_search_7259903b8346c4.so
2026-08-22T16:09:53.413975+00:00,20260822T160502,joint:rzz-hea:28:3f2a1c548096ba0e,ok,,rzz-hea,28,8,float64,42,64,2,64,2,2,0.5,rotation,rotation,16,16,compact:L2R0W0-L2R0W0-L2R0W0-L2R0W0-L2R0W0-L2R0W0-L2R0W0-L2R0W0-L2R0W0-L2R0W0-L2R0W0-L2R0W0-L1R0W0-L1R0W0-L1R0W0-L1R0W0,compact:L2R0W0-L2R0W0-L2R0W0-L2R0W0-L2R0W0-L2R0W0-L2R0W0-L2R0W0-L2R0W0-L2R0W0-L2R0W0-L2R0W0-L1R0W0-L1R0W0-L1R0W0-L1R0W0,,,merged,optimized,2,3,2,4284.867667500001,4284.867667500001,4284.3256,4285.409735,0.5420675000000301,1158.2494075,81.019674,3045.5985859999996,,,custom:libsad_search_97eec9f2a848ec.so,/home/rzzhang/sad_merged/sad/build/libsad_search_97eec9f2a848ec.so
2026-08-22T16:10:15.127327+00:00,20260822T160502,joint:rzz-hea:16:ff7bb8158f39721a,ok,,rzz-hea,16,8,float64,42,32,2,32,2,2,0.75,rotation,rotation,13,13,compact:L2R0W0-L2R0W0-L2R0W0-L1R0W0-L1R0W0-L1R0W0-L1R0W0-L1R0W0-L1R0W0-L1R0W0-L1R0W0-L1R0W0-L1R0W0,compact:L2R0W0-L2R0W0-L2R0W0-L1R0W0-L1R0W0-L1R0W0-L1R0W0-L1R0W0-L1R0W0-L1R0W0-L1R0W0-L1R0W0-L1R0W0,,,split,optimized,5,3,5,1.752049,1.7526682,1.750978,1.757166,0.002300866654111006,0.6068669999999999,0.01594,1.1298612,,,custom:libsad_search_16d9d6cef53b3d.so,/home/rzzhang/sad_merged/sad/build/libsad_search_16d9d6cef53b3d.so
2026-08-22T16:10:30.207225+00:00,20260822T160502,joint:rzz-hea:4:5c8dba86af8b104c,ok,,rzz-hea,4,8,float64,42,128,2,128,2,1,0.5,rotation,rotation,2,2,compact:L2R0W0-L2R0W0,compact:L2R0W0-L2R0W0,,,split,optimized,20,3,20,0.3019635,0.2999011,0.294961,0.30311200000000005,0.003340793167797137,0.0977732,0.015512650000000001,0.18661525,,,custom:libsad_search_9361435758c99d.so,/home/rzzhang/sad_merged/sad/build/libsad_search_9361435758c99d.so
2026-08-22T16:10:30.223354+00:00,20260822T160502,joint:rzz-hea:6:2f9acbc754a86178,ok,,rzz-hea,6,8,float64,42,128,2,128,2,1,0.0,legacy,legacy,0,0,,,,,not_applicable,legacy-generic,20,3,20,0.33072250000000003,0.3309278,0.32960900000000004,0.33266999999999997,0.0007647254801561045,0.10157580000000001,0.01528955,0.21406245,,,custom:libsad_search_78e231cd0d5107.so,/home/rzzhang/sad_merged/sad/build/libsad_search_78e231cd0d5107.so
2026-08-22T16:10:47.345768+00:00,20260822T160502,joint:rzz-hea:6:aef61823c61a7d9b,ok,,rzz-hea,6,8,float64,42,128,2,32,2,2,0.0,rotation,rotation,1,1,compact:L5R1W0,compact:L5R1W0,,,split,optimized,20,3,20,0.27133450000000003,0.27235185,0.270259,0.28052000000000005,0.002811453721386863,0.0899145,0.015472599999999998,0.16696475,,,custom:libsad_search_3b115211f38255.so,/home/rzzhang/sad_merged/sad/build/libsad_search_3b115211f38255.so
2026-08-22T16:11:02.986624+00:00,20260822T160502,joint:rzz-hea:22:12de8cfdabead491,ok,,rzz-hea,22,8,float64,42,32,2,32,2,1,0.5,rotation,rotation,13,13,compact:L2R0W0-L2R0W0-L2R0W0-L2R0W0-L2R0W0-L2R0W0-L2R0W0-L2R0W0-L2R0W0-L1R0W0-L1R0W0-L1R0W0-L1R0W0,compact:L2R0W0-L2R0W0-L2R0W0-L2R0W0-L2R0W0-L2R0W0-L2R0W0-L2R0W0-L2R0W0-L1R0W0-L1R0W0-L1R0W0-L1R0W0,,,merged,optimized,3,3,3,49.757012,49.729363666666664,49.669914,49.761165,0.04207143926175612,9.160109333333333,0.429521,40.13973333333334,,,custom:libsad_search_f9cdaf042a7bd6.so,/home/rzzhang/sad_merged/sad/build/libsad_search_f9cdaf042a7bd6.so
2026-08-22T16:11:03.308205+00:00,20260822T160502,joint:rzz-hea:22:bbb244bdb0f158eb,ok,,rzz-hea,22,8,float64,42,128,2,128,2,2,0.0,rotation,rotation,3,3,compact:L5R2W1-L5R2W0-L5R2W0,compact:L5R2W1-L5R2W0-L5R2W0,,,split,optimized,3,3,3,33.83459,33.819892,33.784378,33.840708,0.025236093569859865,8.121811,0.4253626666666666,25.272718333333334,,,custom:libsad_search_d02bea87aa5c56.so,/home/rzzhang/sad_merged/sad/build/libsad_search_d02bea87aa5c56.so
2026-08-22T16:11:03.534215+00:00,20260822T160502,joint:rzz-hea:16:00da1265ab11f388,ok,,rzz-hea,16,8,float64,42,32,2,128,2,2,0.75,rotation,rotation,13,12,compact:L2R0W0-L2R0W0-L2R0W0-L1R0W0-L1R0W0-L1R0W0-L1R0W0-L1R0W0-L1R0W0-L1R0W0-L1R0W0-L1R0W0-L1R0W0,compact:L2R0W0-L2R0W0-L2R0W0-L2R0W0-L1R0W0-L1R0W0-L1R0W0-L1R0W0-L1R0W0-L1R0W0-L1R0W0-L1R0W0,,,split,optimized,5,3,5,1.74522,1.7455000000000003,1.7445030000000001,1.747012,0.0008750892525907731,0.5823520000000001,0.0156142,1.1475338,,,custom:libsad_search_2a0e4369743c84.so,/home/rzzhang/sad_merged/sad/build/libsad_search_2a0e4369743c84.so
2026-08-22T16:11:03.557820+00:00,20260822T160502,joint:rzz-hea:20:78090919ec946abf,ok,,rzz-hea,20,8,float64,42,128,2,32,2,2,0.75,rotation,rotation,16,16,compact:L2R0W0-L2R0W0-L2R0W0-L2R0W0-L1R0W0-L1R0W0-L1R0W0-L1R0W0-L1R0W0-L1R0W0-L1R0W0-L1R0W0-L1R0W0-L1R0W0-L1R0W0-L1R0W0,compact:L2R0W0-L2R0W0-L2R0W0-L2R0W0-L1R0W0-L1R0W0-L1R0W0-L1R0W0-L1R0W0-L1R0W0-L1R0W0-L1R0W0-L1R0W0-L1R0W0-L1R0W0-L1R0W0,,,split,optimized,5,3,5,9.54486,9.543195,9.539674,9.545863,0.0028726009120655987,2.9600861999999997,0.10546520000000001,6.4776435999999995,,,custom:libsad_search_3b115211f38255.so,/home/rzzhang/sad_merged/sad/build/libsad_search_3b115211f38255.so
2026-08-22T16:11:03.645026+00:00,20260822T160502,joint:rzz-hea:16:1690f6bc37de1e16,ok,,rzz-hea,16,8,float64,42,32,2,32,2,2,1.0,rotation,rotation,16,16,compact:L1R0W0-L1R0W0-L1R0W0-L1R0W0-L1R0W0-L1R0W0-L1R0W0-L1R0W0-L1R0W0-L1R0W0-L1R0W0-L1R0W0-L1R0W0-L1R0W0-L1R0W0-L1R0W0,compact:L1R0W0-L1R0W0-L1R0W0-L1R0W0-L1R0W0-L1R0W0-L1R0W0-L1R0W0-L1R0W0-L1R0W0-L1R0W0-L1R0W0-L1R0W0-L1R0W0-L1R0W0-L1R0W0,,,split,optimized,5,3,5,1.906601,1.9068224,1.905739,1.907686,0.000750659070417481,0.6855158,0.015525199999999998,1.2057814,,,custom:libsad_search_16d9d6cef53b3d.so,/home/rzzhang/sad_merged/sad/build/libsad_search_16d9d6cef53b3d.so
2026-08-22T16:11:03.669634+00:00,20260822T160502,joint:rzz-hea:10:fff8a8405766c724,ok,,rzz-hea,10,8,float64,42,128,2,128,2,1,0.75,rotation,rotation,8,8,compact:L2R0W0-L2R0W0-L1R0W0-L1R0W0-L1R0W0-L1R0W0-L1R0W0-L1R0W0,compact:L2R0W0-L2R0W0-L1R0W0-L1R0W0-L1R0W0-L1R0W0-L1R0W0-L1R0W0,,,split,optimized,10,3,10,0.8857014999999999,0.8849131,0.8796010000000001,0.885968,0.0018169493361125681,0.3206321,0.015299500000000002,0.5489815,,,custom:libsad_search_9361435758c99d.so,/home/rzzhang/sad_merged/sad/build/libsad_search_9361435758c99d.so
2026-08-22T16:11:03.690388+00:00,20260822T160502,joint:rzz-hea:18:29015e20e6bfdda1,ok,,rzz-hea,18,8,float64,42,32,2,32,2,1,0.5,rotation,rotation,10,10,compact:L2R0W0-L2R0W0-L2R0W0-L2R0W0-L2R0W0-L2R0W0-L2R0W0-L2R0W0-L1R0W0-L1R0W0,compact:L2R0W0-L2R0W0-L2R0W0-L2R0W0-L2R0W0-L2R0W0-L2R0W0-L2R0W0-L1R0W0-L1R0W0,,,split,optimized,5,3,5,2.868226,2.8989604,2.868214,2.985751,0.04560047436858526,0.9060172000000001,0.033476,1.9594672,,,custom:libsad_search_3cb67c7e18cc99.so,/home/rzzhang/sad_merged/sad/build/libsad_search_3cb67c7e18cc99.so
2026-08-22T16:11:03.723182+00:00,20260822T160502,joint:rzz-hea:6:357a0bd76d68b810,ok,,rzz-hea,6,8,float64,42,64,2,64,2,2,0.25,rotation,rotation,2,2,compact:L3R0W0-L3R0W0,compact:L3R0W0-L3R0W0,,,split,optimized,20,3,20,0.3163945,0.3164859,0.31583,0.318408,0.0005297842862901853,0.10334845000000001,0.015411949999999997,0.19772549999999997,,,custom:libsad_search_20c37ff249ec0a.so,/home/rzzhang/sad_merged/sad/build/libsad_search_20c37ff249ec0a.so
2026-08-22T16:11:03.739622+00:00,20260822T160502,joint:rzz-hea:4:2ecd7ecf460bcc53,ok,,rzz-hea,4,8,float64,42,32,2,32,2,1,0.5,rotation,rotation,2,2,compact:L2R0W0-L2R0W0,compact:L2R0W0-L2R0W0,,,merged,optimized,20,3,20,0.201688,0.2017505,0.201285,0.20286,0.00029145162548869163,0.06026305,0.015438,0.12604945,,,custom:libsad_search_f9cdaf042a7bd6.so,/home/rzzhang/sad_merged/sad/build/libsad_search_f9cdaf042a7bd6.so
2026-08-22T16:11:03.753035+00:00,20260822T160502,joint:rzz-hea:14:631ae49fa3c5a572,ok,,rzz-hea,14,8,float64,42,128,2,128,2,2,0.5,rotation,rotation,8,8,compact:L2R0W0-L2R0W0-L2R0W0-L2R0W0-L2R0W0-L2R0W0-L1R0W0-L1R0W0,compact:L2R0W0-L2R0W0-L2R0W0-L2R0W0-L2R0W0-L2R0W0-L1R0W0-L1R0W0,,,merged,optimized,10,3,10,1.1171294999999999,1.1168578999999998,1.1160459999999999,1.1182640000000001,0.0006745646670261385,0.4114528,0.015341399999999998,0.6900637000000001,,,custom:libsad_search_b969ada61d8a74.so,/home/rzzhang/sad_merged/sad/build/libsad_search_b969ada61d8a74.so
2026-08-22T16:11:03.776939+00:00,20260822T160502,joint:rzz-hea:26:f8d1ead78a02e507,ok,,rzz-hea,26,8,float64,42,128,2,128,2,2,0.25,rotation,rotation,9,9,compact:L3R0W0-L3R0W0-L3R0W0-L3R0W0-L3R0W0-L3R0W0-L3R0W0-L3R0W0-L2R0W0,compact:L3R0W0-L3R0W0-L3R0W0-L3R0W0-L3R0W0-L3R0W0-L3R0W0-L3R0W0-L2R0W0,,,split,optimized,2,3,2,693.1083464999999,693.1083464999999,693.071826,693.144867,0.03652049999999463,215.1424215,10.278882,467.68704299999996,,,custom:libsad_search_d02bea87aa5c56.so,/home/rzzhang/sad_merged/sad/build/libsad_search_d02bea87aa5c56.so
2026-08-22T16:11:07.273365+00:00,20260822T160502,joint:rzz-hea:4:edbbe788aa67af85,ok,,rzz-hea,4,8,float64,42,128,2,128,2,1,0.75,rotation,rotation,3,3,compact:L2R0W0-L1R0W0-L1R0W0,compact:L2R0W0-L1R0W0-L1R0W0,,,merged,optimized,20,3,20,0.28465,0.28464,0.283528,0.28572600000000004,0.0007148849557795987,0.08746975,0.015399350000000001,0.18177089999999999,,,custom:libsad_search_8fbfac92ec4bef.so,/home/rzzhang/sad_merged/sad/build/libsad_search_8fbfac92ec4bef.so
2026-08-22T16:11:24.450264+00:00,20260822T160502,joint:rzz-hea:16:e9dc24558d12f932,ok,,rzz-hea,16,8,float64,42,32,2,32,2,1,0.5,rotation,rotation,10,10,compact:L2R0W0-L2R0W0-L2R0W0-L2R0W0-L2R0W0-L2R0W0-L1R0W0-L1R0W0-L1R0W0-L1R0W0,compact:L2R0W0-L2R0W0-L2R0W0-L2R0W0-L2R0W0-L2R0W0-L1R0W0-L1R0W0-L1R0W0-L1R0W0,,,split,optimized,5,3,5,1.51561,1.5138327999999999,1.508241,1.5165349999999997,0.003191665295735075,0.49639479999999986,0.015829799999999998,1.0016081999999997,,,custom:libsad_search_3cb67c7e18cc99.so,/home/rzzhang/sad_merged/sad/build/libsad_search_3cb67c7e18cc99.so
2026-08-22T16:11:24.471883+00:00,20260822T160502,joint:rzz-hea:24:293c5315db346a0f,ok,,rzz-hea,24,8,float64,42,32,2,32,2,1,1.0,rotation,rotation,24,24,compact:L1R0W0-L1R0W0-L1R0W0-L1R0W0-L1R0W0-L1R0W0-L1R0W0-L1R0W0-L1R0W0-L1R0W0-L1R0W0-L1R0W0-L1R0W0-L1R0W0-L1R0W0-L1R0W0-L1R0W0-L1R0W0-L1R0W0-L1R0W0-L1R0W0-L1R0W0-L1R0W0-L1R0W0,compact:L1R0W0-L1R0W0-L1R0W0-L1R0W0-L1R0W0-L1R0W0-L1R0W0-L1R0W0-L1R0W0-L1R0W0-L1R0W0-L1R0W0-L1R0W0-L1R0W0-L1R0W0-L1R0W0-L1R0W0-L1R0W0-L1R0W0-L1R0W0-L1R0W0-L1R0W0-L1R0W0-L1R0W0,,,merged,optimized,3,3,3,368.775619,368.8249766666666,368.660612,369.03869899999995,0.1582499696394289,104.697305,1.7734393333333334,262.3542323333333,,,custom:libsad_search_f9cdaf042a7bd6.so,/home/rzzhang/sad_merged/sad/build/libsad_search_f9cdaf042a7bd6.so
2026-08-22T16:11:26.712760+00:00,20260822T160502,joint:rzz-hea:14:d250324eee574f18,ok,,rzz-hea,14,8,float64,42,128,2,128,2,1,0.75,rotation,rotation,11,11,compact:L2R0W0-L2R0W0-L2R0W0-L1R0W0-L1R0W0-L1R0W0-L1R0W0-L1R0W0-L1R0W0-L1R0W0-L1R0W0,compact:L2R0W0-L2R0W0-L2R0W0-L1R0W0-L1R0W0-L1R0W0-L1R0W0-L1R0W0-L1R0W0-L1R0W0-L1R0W0,,,split,optimized,10,3,10,1.2828415,1.2830551,1.28186,1.285517,0.0011192425519073032,0.47642409999999996,0.0155566,0.7910744000000001,,,custom:libsad_search_9361435758c99d.so,/home/rzzhang/sad_merged/sad/build/libsad_search_9361435758c99d.so
2026-08-22T16:11:26.739148+00:00,20260822T160502,joint:rzz-hea:6:e621515e3c01bcd2,ok,,rzz-hea,6,8,float64,42,128,2,128,2,1,0.5,rotation,rotation,4,4,compact:L2R0W0-L2R0W0-L1R0W0-L1R0W0,compact:L2R0W0-L2R0W0-L1R0W0-L1R0W0,,,merged,optimized,20,3,20,0.3778485,0.37787350000000003,0.376634,0.37994,0.0005632990768676955,0.1247725,0.015367,0.237734,,,custom:libsad_search_8fbfac92ec4bef.so,/home/rzzhang/sad_merged/sad/build/libsad_search_8fbfac92ec4bef.so
2026-08-22T16:11:26.757227+00:00,20260822T160502,joint:rzz-hea:20:f4ac1d976fefa1ca,ok,,rzz-hea,20,8,float64,42,128,2,32,2,1,0.75,rotation,rotation,16,16,compact:L2R0W0-L2R0W0-L2R0W0-L2R0W0-L1R0W0-L1R0W0-L1R0W0-L1R0W0-L1R0W0-L1R0W0-L1R0W0-L1R0W0-L1R0W0-L1R0W0-L1R0W0-L1R0W0,compact:L2R0W0-L2R0W0-L2R0W0-L2R0W0-L1R0W0-L1R0W0-L1R0W0-L1R0W0-L1R0W0-L1R0W0-L1R0W0-L1R0W0-L1R0W0-L1R0W0-L1R0W0-L1R0W0,,,merged,optimized,5,3,5,9.545883000000002,9.54649,9.537808,9.557002,0.0072318878033333775,2.6369074,0.09747120000000001,6.812111399999999,,,custom:libsad_search_5851e15f736f52.so,/home/rzzhang/sad_merged/sad/build/libsad_search_5851e15f736f52.so
2026-08-22T16:11:26.844486+00:00,20260822T160502,joint:rzz-hea:20:c75525390943ed1e,ok,,rzz-hea,20,8,float64,42,64,2,64,2,2,0.5,rotation,rotation,12,12,compact:L2R0W0-L2R0W0-L2R0W0-L2R0W0-L2R0W0-L2R0W0-L2R0W0-L2R0W0-L1R0W0-L1R0W0-L1R0W0-L1R0W0,compact:L2R0W0-L2R0W0-L2R0W0-L2R0W0-L2R0W0-L2R0W0-L2R0W0-L2R0W0-L1R0W0-L1R0W0-L1R0W0-L1R0W0,,,split,optimized,5,3,5,8.506455999999998,8.6172772,8.497284,8.992811999999999,0.19068232960754367,2.4782122,0.09911679999999999,6.0399481999999995,,,custom:libsad_search_20c37ff249ec0a.so,/home/rzzhang/sad_merged/sad/build/libsad_search_20c37ff249ec0a.so
2026-08-22T16:11:26.923686+00:00,20260822T160502,joint:rzz-hea:26:a3e914b45812ed80,ok,,rzz-hea,26,8,float64,42,128,2,128,2,1,0.25,rotation,rotation,9,9,compact:L3R0W0-L3R0W0-L3R0W0-L3R0W0-L3R0W0-L3R0W0-L3R0W0-L3R0W0-L2R0W0,compact:L3R0W0-L3R0W0-L3R0W0-L3R0W0-L3R0W0-L3R0W0-L3R0W0-L3R0W0-L2R0W0,,,merged,optimized,2,3,2,679.9735694999999,679.9735694999999,679.943572,680.003567,0.029997499999979027,177.332062,10.2970955,492.34441200000003,,,custom:libsad_search_8fbfac92ec4bef.so,/home/rzzhang/sad_merged/sad/build/libsad_search_8fbfac92ec4bef.so
2026-08-22T16:11:30.355819+00:00,20260822T160502,joint:rzz-hea:22:f06b355dd314958c,ok,,rzz-hea,22,8,float64,42,32,2,128,2,2,0.75,rotation,rotation,18,17,compact:L2R0W0-L2R0W0-L2R0W0-L2R0W0-L1R0W0-L1R0W0-L1R0W0-L1R0W0-L1R0W0-L1R0W0-L1R0W0-L1R0W0-L1R0W0-L1R0W0-L1R0W0-L1R0W0-L1R0W0-L1R0W0,compact:L2R0W0-L2R0W0-L2R0W0-L2R0W0-L2R0W0-L1R0W0-L1R0W0-L1R0W0-L1R0W0-L1R0W0-L1R0W0-L1R0W0-L1R0W0-L1R0W0-L1R0W0-L1R0W0-L1R0W0,,,split,optimized,3,3,3,60.898407,60.898306999999996,60.872499,60.924015,0.021031437801538693,12.154142,0.40395633333333336,48.34020866666666,,,custom:libsad_search_2a0e4369743c84.so,/home/rzzhang/sad_merged/sad/build/libsad_search_2a0e4369743c84.so
2026-08-22T16:11:30.754571+00:00,20260822T160502,joint:rzz-hea:22:c9e9bf131b581dae,ok,,rzz-hea,22,8,float64,42,32,2,128,2,1,0.75,rotation,rotation,18,17,compact:L2R0W0-L2R0W0-L2R0W0-L2R0W0-L1R0W0-L1R0W0-L1R0W0-L1R0W0-L1R0W0-L1R0W0-L1R0W0-L1R0W0-L1R0W0-L1R0W0-L1R0W0-L1R0W0-L1R0W0-L1R0W0,compact:L2R0W0-L2R0W0-L2R0W0-L2R0W0-L2R0W0-L1R0W0-L1R0W0-L1R0W0-L1R0W0-L1R0W0-L1R0W0-L1R0W0-L1R0W0-L1R0W0-L1R0W0-L1R0W0-L1R0W0,,,merged,optimized,3,3,3,61.293743,61.25269166666667,61.063241,61.40109100000001,0.14094813372616868,11.279489999999997,0.417576,49.555625666666664,,,custom:libsad_search_2a8327787a9aac.so,/home/rzzhang/sad_merged/sad/build/libsad_search_2a8327787a9aac.so
2026-08-22T16:11:31.134578+00:00,20260822T160502,joint:rzz-hea:28:d197eff188b04e5f,ok,,rzz-hea,28,8,float64,42,32,2,32,2,1,0.75,rotation,rotation,22,22,compact:L2R0W0-L2R0W0-L2R0W0-L2R0W0-L2R0W0-L2R0W0-L1R0W0-L1R0W0-L1R0W0-L1R0W0-L1R0W0-L1R0W0-L1R0W0-L1R0W0-L1R0W0-L1R0W0-L1R0W0-L1R0W0-L1R0W0-L1R0W0-L1R0W0-L1R0W0,compact:L2R0W0-L2R0W0-L2R0W0-L2R0W0-L2R0W0-L2R0W0-L1R0W0-L1R0W0-L1R0W0-L1R0W0-L1R0W0-L1R0W0-L1R0W0-L1R0W0-L1R0W0-L1R0W0-L1R0W0-L1R0W0-L1R0W0-L1R0W0-L1R0W0-L1R0W0,,,split,optimized,2,3,2,5638.8515185,5638.8515185,5638.705415,5638.997622,0.1461034999997537,1714.5893065,81.6522185,3842.6099935,,,custom:libsad_search_3cb67c7e18cc99.so,/home/rzzhang/sad_merged/sad/build/libsad_search_3cb67c7e18cc99.so
2026-08-22T16:11:59.354318+00:00,20260822T160502,joint:rzz-hea:28:24a0882c3cf3c68d,ok,,rzz-hea,28,8,float64,42,64,2,64,2,2,0.75,rotation,rotation,22,22,compact:L2R0W0-L2R0W0-L2R0W0-L2R0W0-L2R0W0-L2R0W0-L1R0W0-L1R0W0-L1R0W0-L1R0W0-L1R0W0-L1R0W0-L1R0W0-L1R0W0-L1R0W0-L1R0W0-L1R0W0-L1R0W0-L1R0W0-L1R0W0-L1R0W0-L1R0W0,compact:L2R0W0-L2R0W0-L2R0W0-L2R0W0-L2R0W0-L2R0W0-L1R0W0-L1R0W0-L1R0W0-L1R0W0-L1R0W0-L1R0W0-L1R0W0-L1R0W0-L1R0W0-L1R0W0-L1R0W0-L1R0W0-L1R0W0-L1R0W0-L1R0W0-L1R0W0,,,merged,optimized,2,3,2,5582.6078099999995,5582.6078099999995,5582.532126,5582.683494,0.07568399999991016,1551.0101705000002,80.78582100000001,3950.8118185000003,,,custom:libsad_search_97eec9f2a848ec.so,/home/rzzhang/sad_merged/sad/build/libsad_search_97eec9f2a848ec.so
2026-08-22T16:12:27.550316+00:00,20260822T160502,joint:rzz-hea:24:25fdbfb1d1b71704,ok,,rzz-hea,24,8,float64,42,32,2,32,2,2,0.5,rotation,rotation,14,14,compact:L2R0W0-L2R0W0-L2R0W0-L2R0W0-L2R0W0-L2R0W0-L2R0W0-L2R0W0-L2R0W0-L2R0W0-L1R0W0-L1R0W0-L1R0W0-L1R0W0,compact:L2R0W0-L2R0W0-L2R0W0-L2R0W0-L2R0W0-L2R0W0-L2R0W0-L2R0W0-L2R0W0-L2R0W0-L1R0W0-L1R0W0-L1R0W0-L1R0W0,,,split,optimized,3,3,3,239.46679799999998,239.44995433333335,239.40204600000004,239.481019,0.034370195541400674,73.70921533333335,1.7769676666666665,163.96377133333334,,,custom:libsad_search_16d9d6cef53b3d.so,/home/rzzhang/sad_merged/sad/build/libsad_search_16d9d6cef53b3d.so
2026-08-22T16:12:29.038932+00:00,20260822T160502,joint:rzz-hea:18:e7aac80e15682dd6,ok,,rzz-hea,18,8,float64,42,128,2,128,2,1,0.5,rotation,rotation,10,10,compact:L2R0W0-L2R0W0-L2R0W0-L2R0W0-L2R0W0-L2R0W0-L2R0W0-L2R0W0-L1R0W0-L1R0W0,compact:L2R0W0-L2R0W0-L2R0W0-L2R0W0-L2R0W0-L2R0W0-L2R0W0-L2R0W0-L1R0W0-L1R0W0,,,split,optimized,5,3,5,2.9480850000000003,2.9472808,2.9428929999999998,2.9500339999999996,0.002382785798178251,0.9314214,0.03201280000000001,1.9838466,,,custom:libsad_search_9361435758c99d.so,/home/rzzhang/sad_merged/sad/build/libsad_search_9361435758c99d.so
2026-08-22T16:12:29.072991+00:00,20260822T160502,joint:rzz-hea:26:d87322245f407f88,ok,,rzz-hea,26,8,float64,42,32,2,128,2,1,0.0,rotation,rotation,4,3,compact:L5R2W0-L5R2W0-L5R1W0-L5R1W0,compact:L5R2W2-L5R2W2-L5R2W1,,,merged,optimized,2,3,2,593.8536705000001,593.8536705000001,593.698791,594.0085500000001,0.15487950000004957,119.80816999999999,10.194387500000001,463.85111300000005,,,custom:libsad_search_2a8327787a9aac.so,/home/rzzhang/sad_merged/sad/build/libsad_search_2a8327787a9aac.so
2026-08-22T16:12:32.078236+00:00,20260822T160502,joint:rzz-hea:6:f9ec52d1d68deb0d,ok,,rzz-hea,6,8,float64,42,32,2,128,2,2,0.75,rotation,rotation,5,5,compact:L2R0W0-L1R0W0-L1R0W0-L1R0W0-L1R0W0,compact:L2R0W0-L1R0W0-L1R0W0-L1R0W0-L1R0W0,,,merged,optimized,20,3,20,0.4075085,0.4081844,0.405449,0.41294300000000006,0.0020340205603680563,0.1306885,0.015933350000000002,0.26156255,,,custom:libsad_search_fce412939d20fb.so,/home/rzzhang/sad_merged/sad/build/libsad_search_fce412939d20fb.so
2026-08-22T16:12:32.103031+00:00,20260822T160502,joint:rzz-hea:8:febcf2de80acbb19,ok,,rzz-hea,8,8,float64,42,64,2,64,2,1,0.0,rotation,rotation,1,1,compact:L5R2W1,compact:L5R2W1,,,split,optimized,20,3,20,0.35116099999999995,0.35145115,0.349201,0.359366,0.001954997500637795,0.10496269999999999,0.0157839,0.23070455,,,custom:libsad_search_7ec063ebc99501.so,/home/rzzhang/sad_merged/sad/build/libsad_search_7ec063ebc99501.so
2026-08-22T16:12:48.140935+00:00,20260822T160502,joint:rzz-hea:14:1f1082ea8e95354a,ok,,rzz-hea,14,8,float64,42,128,2,32,2,2,0.0,rotation,rotation,2,2,compact:L5R2W0-L5R2W0,compact:L5R2W0-L5R2W0,,,split,optimized,10,3,10,0.5775560000000001,0.5770786,0.570107,0.57879,0.002412374108632396,0.19375030000000001,0.0154275,0.3679008,,,custom:libsad_search_3b115211f38255.so,/home/rzzhang/sad_merged/sad/build/libsad_search_3b115211f38255.so
2026-08-22T16:12:48.158070+00:00,20260822T160502,joint:rzz-hea:28:29395bcb63e566c5,ok,,rzz-hea,28,8,float64,42,32,2,32,2,1,0.25,rotation,rotation,10,10,compact:L3R0W0-L3R0W0-L3R0W0-L3R0W0-L3R0W0-L3R0W0-L3R0W0-L3R0W0-L2R0W0-L2R0W0,compact:L3R0W0-L3R0W0-L3R0W0-L3R0W0-L3R0W0-L3R0W0-L3R0W0-L3R0W0-L2R0W0-L2R0W0,,,split,optimized,2,3,2,3046.8212235,3046.8212235,3045.7492220000004,3047.8932250000003,1.072001499999942,928.588807,81.545195,2036.6872215000003,,,custom:libsad_search_3cb67c7e18cc99.so,/home/rzzhang/sad_merged/sad/build/libsad_search_3cb67c7e18cc99.so
2026-08-22T16:13:03.423194+00:00,20260822T160502,joint:rzz-hea:4:10fb00d41827739d,ok,,rzz-hea,4,8,float64,42,128,2,128,2,1,0.5,rotation,rotation,2,2,compact:L2R0W0-L2R0W0,compact:L2R0W0-L2R0W0,,,merged,optimized,20,3,20,0.23041050000000002,0.2309218,0.229337,0.232445,0.000892050256431777,0.0647864,0.015316999999999999,0.15081840000000002,,,custom:libsad_search_8fbfac92ec4bef.so,/home/rzzhang/sad_merged/sad/build/libsad_search_8fbfac92ec4bef.so
2026-08-22T16:13:03.444534+00:00,20260822T160502,joint:rzz-hea:28:db39e42fac22d491,ok,,rzz-hea,28,8,float64,42,32,2,128,2,2,0.75,rotation,rotation,22,22,compact:L2R0W0-L2R0W0-L2R0W0-L2R0W0-L2R0W0-L2R0W0-L1R0W0-L1R0W0-L1R0W0-L1R0W0-L1R0W0-L1R0W0-L1R0W0-L1R0W0-L1R0W0-L1R0W0-L1R0W0-L1R0W0-L1R0W0-L1R0W0-L1R0W0-L1R0W0,compact:L2R0W0-L2R0W0-L2R0W0-L2R0W0-L2R0W0-L2R0W0-L1R0W0-L1R0W0-L1R0W0-L1R0W0-L1R0W0-L1R0W0-L1R0W0-L1R0W0-L1R0W0-L1R0W0-L1R0W0-L1R0W0-L1R0W0-L1R0W0-L1R0W0-L1R0W0,,,merged,optimized,2,3,2,5572.016527,5572.016527,5571.946315,5572.086739,0.07021200000008321,1546.801165,80.1938955,3945.0214665,,,custom:libsad_search_fce412939d20fb.so,/home/rzzhang/sad_merged/sad/build/libsad_search_fce412939d20fb.so
2026-08-22T16:13:31.572418+00:00,20260822T160502,joint:rzz-hea:14:209d5f7c96549706,ok,,rzz-hea,14,8,float64,42,32,2,32,2,1,0.0,rotation,rotation,2,2,compact:L5R2W0-L5R2W0,compact:L5R2W0-L5R2W0,,,merged,optimized,10,3,10,0.4740785,0.474039,0.47356600000000004,0.474218,0.00018594246421943823,0.14398390000000003,0.0155323,0.3145228,,,custom:libsad_search_f9cdaf042a7bd6.so,/home/rzzhang/sad_merged/sad/build/libsad_search_f9cdaf042a7bd6.so
2026-08-22T16:13:31.593641+00:00,20260822T160502,joint:rzz-hea:12:045305cebc715f79,ok,,rzz-hea,12,8,float64,42,32,2,128,2,2,1.0,rotation,rotation,12,12,compact:L1R0W0-L1R0W0-L1R0W0-L1R0W0-L1R0W0-L1R0W0-L1R0W0-L1R0W0-L1R0W0-L1R0W0-L1R0W0-L1R0W0,compact:L1R0W0-L1R0W0-L1R0W0-L1R0W0-L1R0W0-L1R0W0-L1R0W0-L1R0W0-L1R0W0-L1R0W0-L1R0W0-L1R0W0,,,merged,optimized,10,3,10,1.10697,1.1069096999999999,1.10478,1.108918,0.0012844571654983183,0.3999749,0.0153346,0.6916002,,,custom:libsad_search_fce412939d20fb.so,/home/rzzhang/sad_merged/sad/build/libsad_search_fce412939d20fb.so
2026-08-22T16:13:31.622805+00:00,20260822T160502,joint:rzz-hea:4:2e185a91c27e2e5e,ok,,rzz-hea,4,8,float64,42,32,2,32,2,2,0.75,rotation,rotation,3,3,compact:L2R0W0-L1R0W0-L1R0W0,compact:L2R0W0-L1R0W0-L1R0W0,,,split,optimized,20,3,20,0.282477,0.2838701,0.279481,0.290621,0.003857785075661943,0.10260844999999999,0.01564565,0.16561599999999999,,,custom:libsad_search_16d9d6cef53b3d.so,/home/rzzhang/sad_merged/sad/build/libsad_search_16d9d6cef53b3d.so
2026-08-22T16:13:31.644812+00:00,20260822T160502,joint:rzz-hea:4:dbdfac9e4ddbfbd7,ok,,rzz-hea,4,8,float64,42,32,2,128,2,1,0.5,rotation,rotation,2,2,compact:L2R0W0-L2R0W0,compact:L2R0W0-L2R0W0,,,merged,optimized,20,3,20,0.22222750000000002,0.22253275,0.21803599999999998,0.22425599999999998,0.0012887125309781079,0.05668020000000001,0.014910800000000002,0.15094175,,,custom:libsad_search_2a8327787a9aac.so,/home/rzzhang/sad_merged/sad/build/libsad_search_2a8327787a9aac.so
2026-08-22T16:13:31.664853+00:00,20260822T160502,joint:rzz-hea:18:6c0bc4d1439eef0e,ok,,rzz-hea,18,8,float64,42,64,2,64,2,1,1.0,rotation,rotation,18,18,compact:L1R0W0-L1R0W0-L1R0W0-L1R0W0-L1R0W0-L1R0W0-L1R0W0-L1R0W0-L1R0W0-L1R0W0-L1R0W0-L1R0W0-L1R0W0-L1R0W0-L1R0W0-L1R0W0-L1R0W0-L1R0W0,compact:L1R0W0-L1R0W0-L1R0W0-L1R0W0-L1R0W0-L1R0W0-L1R0W0-L1R0W0-L1R0W0-L1R0W0-L1R0W0-L1R0W0-L1R0W0-L1R0W0-L1R0W0-L1R0W0-L1R0W0-L1R0W0,,,split,optimized,5,3,5,3.6464669999999995,3.6458822,3.643462,3.6474900000000003,0.0013771768804333626,1.2819656,0.0319224,2.3319942,,,custom:libsad_search_7ec063ebc99501.so,/home/rzzhang/sad_merged/sad/build/libsad_search_7ec063ebc99501.so
2026-08-22T16:13:31.717215+00:00,20260822T160502,joint:rzz-hea:12:5e180f5f6752f35d,ok,,rzz-hea,12,8,float64,42,64,2,64,2,2,0.75,rotation,rotation,10,10,compact:L2R0W0-L2R0W0-L1R0W0-L1R0W0-L1R0W0-L1R0W0-L1R0W0-L1R0W0-L1R0W0-L1R0W0,compact:L2R0W0-L2R0W0-L1R0W0-L1R0W0-L1R0W0-L1R0W0-L1R0W0-L1R0W0-L1R0W0-L1R0W0,,,merged,optimized,10,3,10,0.9077495,0.9077616,0.9062239999999999,0.909313,0.0008290435694220305,0.3693522000000001,0.015609899999999998,0.5227995,,,custom:libsad_search_97eec9f2a848ec.so,/home/rzzhang/sad_merged/sad/build/libsad_search_97eec9f2a848ec.so
2026-08-22T16:13:31.744702+00:00,20260822T160502,joint:rzz-hea:26:0bde615af56a1642,ok,,rzz-hea,26,8,float64,42,32,2,32,2,2,0.75,rotation,rotation,20,20,compact:L2R0W0-L2R0W0-L2R0W0-L2R0W0-L2R0W0-L2R0W0-L1R0W0-L1R0W0-L1R0W0-L1R0W0-L1R0W0-L1R0W0-L1R0W0-L1R0W0-L1R0W0-L1R0W0-L1R0W0-L1R0W0-L1R0W0-L1R0W0,compact:L2R0W0-L2R0W0-L2R0W0-L2R0W0-L2R0W0-L2R0W0-L1R0W0-L1R0W0-L1R0W0-L1R0W0-L1R0W0-L1R0W0-L1R0W0-L1R0W0-L1R0W0-L1R0W0-L1R0W0-L1R0W0-L1R0W0-L1R0W0,,,split,optimized,2,3,2,1288.2796015000001,1288.2796015000001,1288.029901,1288.5293020000001,0.2497005000000172,394.89153200000004,10.4157125,882.972357,,,custom:libsad_search_16d9d6cef53b3d.so,/home/rzzhang/sad_merged/sad/build/libsad_search_16d9d6cef53b3d.so
2026-08-22T16:13:38.230006+00:00,20260822T160502,joint:rzz-hea:20:6cf78c807d4b6bb8,ok,,rzz-hea,20,8,float64,42,32,2,32,2,1,0.75,rotation,rotation,16,16,compact:L2R0W0-L2R0W0-L2R0W0-L2R0W0-L1R0W0-L1R0W0-L1R0W0-L1R0W0-L1R0W0-L1R0W0-L1R0W0-L1R0W0-L1R0W0-L1R0W0-L1R0W0-L1R0W0,compact:L2R0W0-L2R0W0-L2R0W0-L2R0W0-L1R0W0-L1R0W0-L1R0W0-L1R0W0-L1R0W0-L1R0W0-L1R0W0-L1R0W0-L1R0W0-L1R0W0-L1R0W0-L1R0W0,,,merged,optimized,5,3,5,9.709646000000001,9.708039600000001,9.699407,9.717753,0.00649356369338139,2.7780174,0.0974794,6.832542800000001,,,custom:libsad_search_f9cdaf042a7bd6.so,/home/rzzhang/sad_merged/sad/build/libsad_search_f9cdaf042a7bd6.so
2026-08-22T16:13:38.328030+00:00,20260822T160502,joint:rzz-hea:28:5ae7e682b97fb473,ok,,rzz-hea,28,8,float64,42,32,2,32,2,2,1.0,rotation,rotation,28,28,compact:L1R0W0-L1R0W0-L1R0W0-L1R0W0-L1R0W0-L1R0W0-L1R0W0-L1R0W0-L1R0W0-L1R0W0-L1R0W0-L1R0W0-L1R0W0-L1R0W0-L1R0W0-L1R0W0-L1R0W0-L1R0W0-L1R0W0-L1R0W0-L1R0W0-L1R0W0-L1R0W0-L1R0W0-L1R0W0-L1R0W0-L1R0W0-L1R0W0,compact:L1R0W0-L1R0W0-L1R0W0-L1R0W0-L1R0W0-L1R0W0-L1R0W0-L1R0W0-L1R0W0-L1R0W0-L1R0W0-L1R0W0-L1R0W0-L1R0W0-L1R0W0-L1R0W0-L1R0W0-L1R0W0-L1R0W0-L1R0W0-L1R0W0-L1R0W0-L1R0W0-L1R0W0-L1R0W0-L1R0W0-L1R0W0-L1R0W0,,,split,optimized,2,3,2,6934.050163,6934.050163,6933.200948,6934.899378,0.8492150000001857,2109.1437800000003,81.94894950000001,4742.9574335,,,custom:libsad_search_16d9d6cef53b3d.so,/home/rzzhang/sad_merged/sad/build/libsad_search_16d9d6cef53b3d.so
2026-08-22T16:14:13.030624+00:00,20260822T160502,joint:rzz-hea:20:0c1d65700dbb3c0b,ok,,rzz-hea,20,8,float64,42,64,2,64,2,1,0.5,rotation,rotation,12,12,compact:L2R0W0-L2R0W0-L2R0W0-L2R0W0-L2R0W0-L2R0W0-L2R0W0-L2R0W0-L1R0W0-L1R0W0-L1R0W0-L1R0W0,compact:L2R0W0-L2R0W0-L2R0W0-L2R0W0-L2R0W0-L2R0W0-L2R0W0-L2R0W0-L1R0W0-L1R0W0-L1R0W0-L1R0W0,,,merged,optimized,5,3,5,8.813635,8.815707399999999,8.812597,8.819859,0.003403857259051486,2.232335,0.097326,6.486046400000001,,,custom:libsad_search_7e5293342e215a.so,/home/rzzhang/sad_merged/sad/build/libsad_search_7e5293342e215a.so
2026-08-22T16:14:13.130278+00:00,20260822T160502,joint:rzz-hea:24:6b3085d635d35c3d,ok,,rzz-hea,24,8,float64,42,128,2,32,2,2,0.25,rotation,rotation,8,9,compact:L3R0W0-L3R0W0-L3R0W0-L3R0W0-L3R0W0-L3R0W0-L3R0W0-L3R0W0,compact:L3R0W0-L3R0W0-L3R0W0-L3R0W0-L3R0W0-L3R0W0-L2R0W0-L2R0W0-L2R0W0,,,merged,optimized,3,3,3,163.29004400000002,163.33463566666668,163.103116,163.610747,0.20962445880245506,40.291781666666665,1.7644873333333335,121.27836666666666,,,custom:libsad_search_d014591f51543a.so,/home/rzzhang/sad_merged/sad/build/libsad_search_d014591f51543a.so
2026-08-22T16:14:14.152984+00:00,20260822T160502,joint:rzz-hea:22:046d54d9da986fc2,ok,,rzz-hea,22,8,float64,42,128,2,32,2,2,0.25,rotation,rotation,8,8,compact:L3R0W0-L3R0W0-L3R0W0-L3R0W0-L3R0W0-L3R0W0-L2R0W0-L2R0W0,compact:L3R0W0-L3R0W0-L3R0W0-L3R0W0-L3R0W0-L3R0W0-L2R0W0-L2R0W0,,,merged,optimized,3,3,3,35.104541000000005,35.125778000000004,35.096051,35.176742,0.036203287115948286,7.041440333333333,0.401036,27.68330166666667,,,custom:libsad_search_d014591f51543a.so,/home/rzzhang/sad_merged/sad/build/libsad_search_d014591f51543a.so
2026-08-22T16:14:14.385302+00:00,20260822T160502,joint:rzz-hea:14:41ced313b09ec915,ok,,rzz-hea,14,8,float64,42,32,2,128,2,2,0.0,rotation,rotation,2,2,compact:L5R2W0-L5R2W0,compact:L5R2W0-L5R2W0,,,split,optimized,10,3,10,0.6185255000000001,0.6177634999999999,0.612266,0.619447,0.00211680378164818,0.1527011,0.015432400000000002,0.44963000000000003,,,custom:libsad_search_2a0e4369743c84.so,/home/rzzhang/sad_merged/sad/build/libsad_search_2a0e4369743c84.so
2026-08-22T16:14:14.403100+00:00,20260822T160502,joint:rzz-hea:12:7cef7096e16dd3b9,ok,,rzz-hea,12,8,float64,42,32,2,32,2,2,0.25,rotation,rotation,4,4,compact:L3R0W0-L3R0W0-L3R0W0-L3R0W0,compact:L3R0W0-L3R0W0-L3R0W0-L3R0W0,,,merged,optimized,10,3,10,0.5223995,0.5222838000000001,0.520397,0.523404,0.0008619008991757529,0.186552,0.015419899999999999,0.3203119,,,custom:libsad_search_dcff342f285260.so,/home/rzzhang/sad_merged/sad/build/libsad_search_dcff342f285260.so
2026-08-22T16:14:14.419381+00:00,20260822T160502,joint:rzz-hea:24:da99d5fc2b8a8e26,ok,,rzz-hea,24,8,float64,42,128,2,32,2,2,0.75,rotation,rotation,19,19,compact:L2R0W0-L2R0W0-L2R0W0-L2R0W0-L2R0W0-L1R0W0-L1R0W0-L1R0W0-L1R0W0-L1R0W0-L1R0W0-L1R0W0-L1R0W0-L1R0W0-L1R0W0-L1R0W0-L1R0W0-L1R0W0-L1R0W0,compact:L2R0W0-L2R0W0-L2R0W0-L2R0W0-L2R0W0-L1R0W0-L1R0W0-L1R0W0-L1R0W0-L1R0W0-L1R0W0-L1R0W0-L1R0W0-L1R0W0-L1R0W0-L1R0W0-L1R0W0-L1R0W0-L1R0W0,,,split,optimized,3,3,3,307.31667500000003,307.34953333333334,307.273155,307.45877,0.07925900415025805,94.87006366666667,1.7747193333333333,210.70475033333332,,,custom:libsad_search_3b115211f38255.so,/home/rzzhang/sad_merged/sad/build/libsad_search_3b115211f38255.so
2026-08-22T16:14:16.289914+00:00,20260822T160502,joint:rzz-hea:10:87045bf8a022b099,ok,,rzz-hea,10,8,float64,42,64,2,64,2,2,1.0,rotation,rotation,10,10,compact:L1R0W0-L1R0W0-L1R0W0-L1R0W0-L1R0W0-L1R0W0-L1R0W0-L1R0W0-L1R0W0-L1R0W0,compact:L1R0W0-L1R0W0-L1R0W0-L1R0W0-L1R0W0-L1R0W0-L1R0W0-L1R0W0-L1R0W0-L1R0W0,,,split,optimized,10,3,10,0.8519965,0.8523416000000001,0.850955,0.853897,0.0008301971091252922,0.33190820000000004,0.015356100000000001,0.5050773,,,custom:libsad_search_20c37ff249ec0a.so,/home/rzzhang/sad_merged/sad/build/libsad_search_20c37ff249ec0a.so
2026-08-22T16:14:16.311250+00:00,20260822T160502,joint:rzz-hea:8:a7df3709b3cf4941,ok,,rzz-hea,8,8,float64,42,32,2,32,2,1,0.25,rotation,rotation,4,4,compact:L2R0W0-L2R0W0-L2R0W0-L2R0W0,compact:L2R0W0-L2R0W0-L2R0W0-L2R0W0,,,merged,optimized,20,3,20,0.399455,0.39988655,0.398334,0.40145200000000003,0.0008518076352675002,0.1464432,0.01547385,0.2379695,,,custom:libsad_search_f9cdaf042a7bd6.so,/home/rzzhang/sad_merged/sad/build/libsad_search_f9cdaf042a7bd6.so
2026-08-22T16:14:16.329583+00:00,20260822T160502,joint:rzz-hea:4:e78b7404ab456bf4,ok,,rzz-hea,4,8,float64,42,128,2,32,2,2,1.0,rotation,rotation,4,4,compact:L1R0W0-L1R0W0-L1R0W0-L1R0W0,compact:L1R0W0-L1R0W0-L1R0W0-L1R0W0,,,split,optimized,20,3,20,0.3284065,0.327495,0.32155400000000006,0.329889,0.002119813623882996,0.12676320000000002,0.01529415,0.18543765,,,custom:libsad_search_3b115211f38255.so,/home/rzzhang/sad_merged/sad/build/libsad_search_3b115211f38255.so
2026-08-22T16:14:16.349458+00:00,20260822T160502,joint:rzz-hea:14:b79ba6184dd088da,ok,,rzz-hea,14,8,float64,42,64,2,64,2,1,1.0,rotation,rotation,14,14,compact:L1R0W0-L1R0W0-L1R0W0-L1R0W0-L1R0W0-L1R0W0-L1R0W0-L1R0W0-L1R0W0-L1R0W0-L1R0W0-L1R0W0-L1R0W0-L1R0W0,compact:L1R0W0-L1R0W0-L1R0W0-L1R0W0-L1R0W0-L1R0W0-L1R0W0-L1R0W0-L1R0W0-L1R0W0-L1R0W0-L1R0W0-L1R0W0-L1R0W0,,,split,optimized,10,3,10,1.314339,1.3145336,1.3137109999999999,1.3161980000000002,0.0008713238433556715,0.5229539000000001,0.0156787,0.7759010000000001,,,custom:libsad_search_7ec063ebc99501.so,/home/rzzhang/sad_merged/sad/build/libsad_search_7ec063ebc99501.so
2026-08-22T16:14:16.376255+00:00,20260822T160502,joint:rzz-hea:26:5402da7a9e4ef115,ok,,rzz-hea,26,8,float64,42,128,2,32,2,2,0.0,rotation,rotation,3,4,compact:L5R2W2-L5R2W2-L5R2W1,compact:L5R2W0-L5R2W0-L5R1W0-L5R1W0,,,split,optimized,2,3,2,572.361302,572.361302,572.2774400000001,572.445164,0.0838619999999537,149.85082,10.2578925,412.2525895,,,custom:libsad_search_3b115211f38255.so,/home/rzzhang/sad_merged/sad/build/libsad_search_3b115211f38255.so
2026-08-22T16:14:19.265267+00:00,20260822T160502,joint:rzz-hea:4:fbe97c0dfead1c64,ok,,rzz-hea,4,8,float64,42,64,2,64,2,1,0.0,rotation,rotation,1,1,compact:L4R0W0,compact:L4R0W0,,,split,optimized,20,3,20,0.21909800000000001,0.21924005000000002,0.21804700000000002,0.22220700000000004,0.0008246278842605363,0.0706969,0.01542245,0.13312069999999998,,,custom:libsad_search_7ec063ebc99501.so,/home/rzzhang/sad_merged/sad/build/libsad_search_7ec063ebc99501.so
2026-08-22T16:14:19.284555+00:00,20260822T160502,joint:rzz-hea:4:c06d6d9a123e73a4,ok,,rzz-hea,4,8,float64,42,64,2,64,2,2,0.75,rotation,rotation,3,3,compact:L2R0W0-L1R0W0-L1R0W0,compact:L2R0W0-L1R0W0-L1R0W0,,,merged,optimized,20,3,20,0.23234299999999997,0.23281765000000001,0.231247,0.24063400000000001,0.00246627940986012,0.07503755000000001,0.01547635,0.14230375,,,custom:libsad_search_97eec9f2a848ec.so,/home/rzzhang/sad_merged/sad/build/libsad_search_97eec9f2a848ec.so
2026-08-22T16:14:19.305491+00:00,20260822T160502,joint:rzz-hea:22:83185eaa72feec9c,ok,,rzz-hea,22,8,float64,42,128,2,128,2,2,0.25,rotation,rotation,8,8,compact:L3R0W0-L3R0W0-L3R0W0-L3R0W0-L3R0W0-L3R0W0-L2R0W0-L2R0W0,compact:L3R0W0-L3R0W0-L3R0W0-L3R0W0-L3R0W0-L3R0W0-L2R0W0-L2R0W0,,,merged,optimized,3,3,3,35.170677999999995,35.15477666666666,35.099028,35.194624,0.04061434972464226,7.0189613333333325,0.40120900000000004,27.734606333333332,,,custom:libsad_search_b969ada61d8a74.so,/home/rzzhang/sad_merged/sad/build/libsad_search_b969ada61d8a74.so
2026-08-22T16:14:19.538415+00:00,20260822T160502,joint:rzz-hea:20:77bc87f62d0f2024,ok,,rzz-hea,20,8,float64,42,32,2,128,2,1,0.0,rotation,rotation,3,3,compact:L5R2W0-L5R2W0-L5R1W0,compact:L5R2W0-L5R2W0-L5R1W0,,,merged,optimized,5,3,5,7.953524,7.953711199999999,7.951451,7.956606,0.0017682483309761732,1.6857298,0.09774879999999998,6.1702326,,,custom:libsad_search_2a8327787a9aac.so,/home/rzzhang/sad_merged/sad/build/libsad_search_2a8327787a9aac.so
2026-08-22T16:14:19.612938+00:00,20260822T160502,joint:rzz-hea:24:4edaa41967b9a6a3,ok,,rzz-hea,24,8,float64,42,32,2,128,2,2,0.5,rotation,rotation,14,14,compact:L2R0W0-L2R0W0-L2R0W0-L2R0W0-L2R0W0-L2R0W0-L2R0W0-L2R0W0-L2R0W0-L2R0W0-L1R0W0-L1R0W0-L1R0W0-L1R0W0,compact:L2R0W0-L2R0W0-L2R0W0-L2R0W0-L2R0W0-L2R0W0-L2R0W0-L2R0W0-L2R0W0-L2R0W0-L1R0W0-L1R0W0-L1R0W0-L1R0W0,,,merged,optimized,3,3,3,233.41524900000002,233.44815000000003,233.29284700000002,233.63635399999998,0.1421527854410942,63.345889,1.7708916666666668,168.33136933333333,,,custom:libsad_search_fce412939d20fb.so,/home/rzzhang/sad_merged/sad/build/libsad_search_fce412939d20fb.so
2026-08-22T16:14:21.041382+00:00,20260822T160502,joint:rzz-hea:26:15dd8df741ccc716,ok,,rzz-hea,26,8,float64,42,128,2,32,2,2,0.25,rotation,rotation,9,10,compact:L3R0W0-L3R0W0-L3R0W0-L3R0W0-L3R0W0-L3R0W0-L3R0W0-L3R0W0-L2R0W0,compact:L3R0W0-L3R0W0-L3R0W0-L3R0W0-L3R0W0-L3R0W0-L2R0W0-L2R0W0-L2R0W0-L2R0W0,,,split,optimized,2,3,2,731.790093,731.790093,731.6295729999999,731.950613,0.16052000000001954,215.12188799999998,10.401004,506.267201,,,custom:libsad_search_3b115211f38255.so,/home/rzzhang/sad_merged/sad/build/libsad_search_3b115211f38255.so
2026-08-22T16:14:24.717408+00:00,20260822T160502,joint:rzz-hea:8:e6e98dbd1ccacb9d,ok,,rzz-hea,8,8,float64,42,64,2,64,2,1,0.25,rotation,rotation,3,3,compact:L3R0W0-L3R0W0-L2R0W0,compact:L3R0W0-L3R0W0-L2R0W0,,,split,optimized,20,3,20,0.42847199999999996,0.428257,0.424161,0.43007699999999993,0.001418434030894629,0.1438026,0.015484550000000001,0.26896985,,,custom:libsad_search_7ec063ebc99501.so,/home/rzzhang/sad_merged/sad/build/libsad_search_7ec063ebc99501.so
2026-08-22T16:14:24.742244+00:00,20260822T160502,joint:rzz-hea:8:81379edc008baa17,ok,,rzz-hea,8,8,float64,42,128,2,32,2,2,0.25,rotation,rotation,3,4,compact:L3R0W0-L3R0W0-L2R0W0,compact:L2R0W0-L2R0W0-L2R0W0-L2R0W0,,,split,optimized,20,3,20,0.4546195,0.4528818,0.44741400000000003,0.455808,0.003205163686927708,0.15524615,0.01552175,0.2821139,,,custom:libsad_search_3b115211f38255.so,/home/rzzhang/sad_merged/sad/build/libsad_search_3b115211f38255.so
2026-08-22T16:14:24.767430+00:00,20260822T160502,joint:rzz-hea:16:ea2dfabda2fd5526,ok,,rzz-hea,16,8,float64,42,64,2,64,2,1,0.25,rotation,rotation,6,6,compact:L3R0W0-L3R0W0-L3R0W0-L3R0W0-L2R0W0-L2R0W0,compact:L3R0W0-L3R0W0-L3R0W0-L3R0W0-L2R0W0-L2R0W0,,,split,optimized,5,3,5,1.174545,1.1742975999999998,1.170399,1.176529,0.002087944022238143,0.34682799999999997,0.015691800000000002,0.8117778000000001,,,custom:libsad_search_7ec063ebc99501.so,/home/rzzhang/sad_merged/sad/build/libsad_search_7ec063ebc99501.so
2026-08-22T16:14:24.791301+00:00,20260822T160502,joint:rzz-hea:28:f39abf6296a09200,ok,,rzz-hea,28,8,float64,42,64,2,64,2,1,0.5,rotation,rotation,16,16,compact:L2R0W0-L2R0W0-L2R0W0-L2R0W0-L2R0W0-L2R0W0-L2R0W0-L2R0W0-L2R0W0-L2R0W0-L2R0W0-L2R0W0-L1R0W0-L1R0W0-L1R0W0-L1R0W0,compact:L2R0W0-L2R0W0-L2R0W0-L2R0W0-L2R0W0-L2R0W0-L2R0W0-L2R0W0-L2R0W0-L2R0W0-L2R0W0-L2R0W0-L1R0W0-L1R0W0-L1R0W0-L1R0W0,,,merged,optimized,2,3,2,4278.763809,4278.763809,4278.311619,4279.215999,0.4521899999999732,1155.5783115,82.52238100000001,3040.6631165000003,,,custom:libsad_search_7e5293342e215a.so,/home/rzzhang/sad_merged/sad/build/libsad_search_7e5293342e215a.so
2026-08-22T16:14:46.207187+00:00,20260822T160502,joint:rzz-hea:6:48996572a506db99,ok,,rzz-hea,6,8,float64,42,128,2,32,2,2,0.25,rotation,rotation,2,2,compact:L3R0W0-L3R0W0,compact:L3R0W0-L3R0W0,,,split,optimized,20,3,20,0.3009175,0.3007584,0.29992,0.304116,0.0009744222595979575,0.10447605,0.015365199999999999,0.18091715,,,custom:libsad_search_3b115211f38255.so,/home/rzzhang/sad_merged/sad/build/libsad_search_3b115211f38255.so
2026-08-22T16:14:46.229805+00:00,20260822T160502,joint:rzz-hea:10:a3f35ca362ff4e40,ok,,rzz-hea,10,8,float64,42,32,2,128,2,1,0.75,rotation,rotation,8,8,compact:L2R0W0-L2R0W0-L1R0W0-L1R0W0-L1R0W0-L1R0W0-L1R0W0-L1R0W0,compact:L2R0W0-L2R0W0-L1R0W0-L1R0W0-L1R0W0-L1R0W0-L1R0W0-L1R0W0,,,merged,optimized,10,3,10,0.7659095,0.7654175000000001,0.7636769999999999,0.7671760000000001,0.0011666089533344344,0.26515730000000004,0.015405899999999998,0.48485430000000007,,,custom:libsad_search_2a8327787a9aac.so,/home/rzzhang/sad_merged/sad/build/libsad_search_2a8327787a9aac.so
2026-08-22T16:14:46.254854+00:00,20260822T160502,joint:rzz-hea:26:b99bdd59e0a3837f,ok,,rzz-hea,26,8,float64,42,32,2,128,2,2,0.0,rotation,rotation,4,3,compact:L5R2W0-L5R2W0-L5R1W0-L5R1W0,compact:L5R2W2-L5R2W2-L5R2W1,,,merged,optimized,2,3,2,581.022715,581.022715,580.553107,581.4923229999999,0.4696079999999938,119.37264149999999,10.4651485,451.18492499999996,,,custom:libsad_search_fce412939d20fb.so,/home/rzzhang/sad_merged/sad/build/libsad_search_fce412939d20fb.so
2026-08-22T16:14:49.198791+00:00,20260822T160502,joint:rzz-hea:16:f60cb99818cd4d07,ok,,rzz-hea,16,8,float64,42,32,2,128,2,2,0.5,rotation,rotation,10,9,compact:L2R0W0-L2R0W0-L2R0W0-L2R0W0-L2R0W0-L2R0W0-L1R0W0-L1R0W0-L1R0W0-L1R0W0,compact:L2R0W0-L2R0W0-L2R0W0-L2R0W0-L2R0W0-L2R0W0-L2R0W0-L1R0W0-L1R0W0,,,split,optimized,5,3,5,1.461262,1.4614404,1.461124,1.4622519999999999,0.00041048585846524245,0.46540439999999994,0.015509799999999999,0.9805261999999999,,,custom:libsad_search_2a0e4369743c84.so,/home/rzzhang/sad_merged/sad/build/libsad_search_2a0e4369743c84.so
2026-08-22T16:14:49.230696+00:00,20260822T160502,joint:rzz-hea:12:c45941e08253c6d3,ok,,rzz-hea,12,8,float64,42,32,2,32,2,2,0.75,rotation,rotation,10,10,compact:L2R0W0-L2R0W0-L1R0W0-L1R0W0-L1R0W0-L1R0W0-L1R0W0-L1R0W0-L1R0W0-L1R0W0,compact:L2R0W0-L2R0W0-L1R0W0-L1R0W0-L1R0W0-L1R0W0-L1R0W0-L1R0W0-L1R0W0-L1R0W0,,,merged,optimized,10,3,10,0.8498794999999999,0.8493752000000001,0.844839,0.8519059999999999,0.0020053156758974193,0.3433388,0.015373500000000002,0.49066289999999996,,,custom:libsad_search_dcff342f285260.so,/home/rzzhang/sad_merged/sad/build/libsad_search_dcff342f285260.so
2026-08-22T16:14:49.254611+00:00,20260822T160502,joint:rzz-hea:28:7919edb4a1458a02,ok,,rzz-hea,28,8,float64,42,128,2,128,2,1,0.25,rotation,rotation,10,10,compact:L3R0W0-L3R0W0-L3R0W0-L3R0W0-L3R0W0-L3R0W0-L3R0W0-L3R0W0-L2R0W0-L2R0W0,compact:L3R0W0-L3R0W0-L3R0W0-L3R0W0-L3R0W0-L3R0W0-L3R0W0-L3R0W0-L2R0W0-L2R0W0,,,split,optimized,2,3,2,3042.477677,3042.477677,3041.579248,3043.376106,0.8984290000000783,931.0072524999999,81.32887550000001,2030.1415490000002,,,custom:libsad_search_9361435758c99d.so,/home/rzzhang/sad_merged/sad/build/libsad_search_9361435758c99d.so
2026-08-22T16:15:04.493714+00:00,20260822T160502,joint:rzz-hea:26:a9004ca09e4148fc,ok,,rzz-hea,26,8,float64,42,64,2,64,2,2,0.25,rotation,rotation,10,10,compact:L3R0W0-L3R0W0-L3R0W0-L3R0W0-L3R0W0-L3R0W0-L2R0W0-L2R0W0-L2R0W0-L2R0W0,compact:L3R0W0-L3R0W0-L3R0W0-L3R0W0-L3R0W0-L3R0W0-L2R0W0-L2R0W0-L2R0W0-L2R0W0,,,merged,optimized,2,3,2,734.4961635,734.4961635,734.4400519999999,734.552275,0.056111500000042724,193.901338,10.2948145,530.300011,,,custom:libsad_search_97eec9f2a848ec.so,/home/rzzhang/sad_merged/sad/build/libsad_search_97eec9f2a848ec.so
2026-08-22T16:15:08.218172+00:00,20260822T160502,joint:rzz-hea:24:19a55a25f397df1d,ok,,rzz-hea,24,8,float64,42,32,2,128,2,2,1.0,rotation,rotation,24,24,compact:L1R0W0-L1R0W0-L1R0W0-L1R0W0-L1R0W0-L1R0W0-L1R0W0-L1R0W0-L1R0W0-L1R0W0-L1R0W0-L1R0W0-L1R0W0-L1R0W0-L1R0W0-L1R0W0-L1R0W0-L1R0W0-L1R0W0-L1R0W0-L1R0W0-L1R0W0-L1R0W0-L1R0W0,compact:L1R0W0-L1R0W0-L1R0W0-L1R0W0-L1R0W0-L1R0W0-L1R0W0-L1R0W0-L1R0W0-L1R0W0-L1R0W0-L1R0W0-L1R0W0-L1R0W0-L1R0W0-L1R0W0-L1R0W0-L1R0W0-L1R0W0-L1R0W0-L1R0W0-L1R0W0-L1R0W0-L1R0W0,,,split,optimized,3,3,3,375.033565,375.03433366666667,374.993366,375.07606999999996,0.03376814120175413,115.01852733333334,1.7827693333333332,258.233037,,,custom:libsad_search_2a0e4369743c84.so,/home/rzzhang/sad_merged/sad/build/libsad_search_2a0e4369743c84.so
2026-08-22T16:15:10.506799+00:00,20260822T160502,joint:rzz-hea:24:043e93d8a540b570,ok,,rzz-hea,24,8,float64,42,128,2,128,2,1,1.0,rotation,rotation,24,24,compact:L1R0W0-L1R0W0-L1R0W0-L1R0W0-L1R0W0-L1R0W0-L1R0W0-L1R0W0-L1R0W0-L1R0W0-L1R0W0-L1R0W0-L1R0W0-L1R0W0-L1R0W0-L1R0W0-L1R0W0-L1R0W0-L1R0W0-L1R0W0-L1R0W0-L1R0W0-L1R0W0-L1R0W0,compact:L1R0W0-L1R0W0-L1R0W0-L1R0W0-L1R0W0-L1R0W0-L1R0W0-L1R0W0-L1R0W0-L1R0W0-L1R0W0-L1R0W0-L1R0W0-L1R0W0-L1R0W0-L1R0W0-L1R0W0-L1R0W0-L1R0W0-L1R0W0-L1R0W0-L1R0W0-L1R0W0-L1R0W0,,,merged,optimized,3,3,3,369.43046400000003,369.443389,369.43037899999996,369.469324,0.018338847201126954,105.11445033333334,1.7792126666666668,262.54972599999996,,,custom:libsad_search_8fbfac92ec4bef.so,/home/rzzhang/sad_merged/sad/build/libsad_search_8fbfac92ec4bef.so
2026-08-22T16:15:12.750278+00:00,20260822T160502,joint:rzz-hea:4:030f533c13547467,ok,,rzz-hea,4,8,float64,42,128,2,128,2,1,1.0,rotation,rotation,4,4,compact:L1R0W0-L1R0W0-L1R0W0-L1R0W0,compact:L1R0W0-L1R0W0-L1R0W0-L1R0W0,,,merged,optimized,20,3,20,0.3030825,0.303326,0.302047,0.305178,0.0006501895877357603,0.099519,0.01514935,0.18865765,,,custom:libsad_search_8fbfac92ec4bef.so,/home/rzzhang/sad_merged/sad/build/libsad_search_8fbfac92ec4bef.so
2026-08-22T16:15:12.767112+00:00,20260822T160502,joint:rzz-hea:4:39a650d8b4ee2ed8,ok,,rzz-hea,4,8,float64,42,32,2,32,2,1,0.0,legacy,legacy,0,0,,,,,not_applicable,legacy-generic,20,3,20,0.23856349999999998,0.23788974999999998,0.231578,0.23965199999999998,0.002518821448118142,0.08237965,0.01541715,0.14009295,,,custom:libsad_search_06042376d3c545.so,/home/rzzhang/sad_merged/sad/build/libsad_search_06042376d3c545.so
2026-08-22T16:15:27.786204+00:00,20260822T160502,joint:rzz-hea:24:a362bdd88d6d2e31,ok,,rzz-hea,24,8,float64,42,32,2,128,2,2,1.0,rotation,rotation,24,24,compact:L1R0W0-L1R0W0-L1R0W0-L1R0W0-L1R0W0-L1R0W0-L1R0W0-L1R0W0-L1R0W0-L1R0W0-L1R0W0-L1R0W0-L1R0W0-L1R0W0-L1R0W0-L1R0W0-L1R0W0-L1R0W0-L1R0W0-L1R0W0-L1R0W0-L1R0W0-L1R0W0-L1R0W0,compact:L1R0W0-L1R0W0-L1R0W0-L1R0W0-L1R0W0-L1R0W0-L1R0W0-L1R0W0-L1R0W0-L1R0W0-L1R0W0-L1R0W0-L1R0W0-L1R0W0-L1R0W0-L1R0W0-L1R0W0-L1R0W0-L1R0W0-L1R0W0-L1R0W0-L1R0W0-L1R0W0-L1R0W0,,,merged,optimized,3,3,3,369.42294400000003,369.33563333333336,369.121158,369.462798,0.1525272364428571,104.70943133333334,1.7788403333333334,262.84736166666664,,,custom:libsad_search_fce412939d20fb.so,/home/rzzhang/sad_merged/sad/build/libsad_search_fce412939d20fb.so
2026-08-22T16:15:30.031541+00:00,20260822T160502,joint:rzz-hea:8:97d8a0dd18a54389,ok,,rzz-hea,8,8,float64,42,128,2,128,2,2,1.0,rotation,rotation,8,8,compact:L1R0W0-L1R0W0-L1R0W0-L1R0W0-L1R0W0-L1R0W0-L1R0W0-L1R0W0,compact:L1R0W0-L1R0W0-L1R0W0-L1R0W0-L1R0W0-L1R0W0-L1R0W0-L1R0W0,,,split,optimized,20,3,20,0.7306305,0.7307027500000001,0.729025,0.733054,0.0008819642779047071,0.27214845,0.0155193,0.44303500000000007,,,custom:libsad_search_d02bea87aa5c56.so,/home/rzzhang/sad_merged/sad/build/libsad_search_d02bea87aa5c56.so
2026-08-22T16:15:30.058718+00:00,20260822T160502,joint:rzz-hea:14:6ce67c21e93d0345,ok,,rzz-hea,14,8,float64,42,128,2,32,2,1,0.0,rotation,rotation,2,2,compact:L5R2W0-L5R2W0,compact:L5R2W0-L5R2W0,,,merged,optimized,10,3,10,0.509681,0.5094931,0.5088020000000001,0.509998,0.00048605585070029037,0.1870434,0.0153516,0.3070981,,,custom:libsad_search_5851e15f736f52.so,/home/rzzhang/sad_merged/sad/build/libsad_search_5851e15f736f52.so
2026-08-22T16:15:30.075256+00:00,20260822T160502,joint:rzz-hea:8:8c4b75e07c178beb,ok,,rzz-hea,8,8,float64,42,64,2,64,2,1,0.75,rotation,rotation,6,6,compact:L2R0W0-L2R0W0-L1R0W0-L1R0W0-L1R0W0-L1R0W0,compact:L2R0W0-L2R0W0-L1R0W0-L1R0W0-L1R0W0-L1R0W0,,,split,optimized,20,3,20,0.5621510000000001,0.5636204499999999,0.561015,0.570443,0.0031372308565835597,0.208265,0.015427999999999999,0.33992745,,,custom:libsad_search_7ec063ebc99501.so,/home/rzzhang/sad_merged/sad/build/libsad_search_7ec063ebc99501.so
2026-08-22T16:15:30.098082+00:00,20260822T160502,joint:rzz-hea:26:796763a7b6905a41,ok,,rzz-hea,26,8,float64,42,32,2,32,2,2,1.0,rotation,rotation,26,26,compact:L1R0W0-L1R0W0-L1R0W0-L1R0W0-L1R0W0-L1R0W0-L1R0W0-L1R0W0-L1R0W0-L1R0W0-L1R0W0-L1R0W0-L1R0W0-L1R0W0-L1R0W0-L1R0W0-L1R0W0-L1R0W0-L1R0W0-L1R0W0-L1R0W0-L1R0W0-L1R0W0-L1R0W0-L1R0W0-L1R0W0,compact:L1R0W0-L1R0W0-L1R0W0-L1R0W0-L1R0W0-L1R0W0-L1R0W0-L1R0W0-L1R0W0-L1R0W0-L1R0W0-L1R0W0-L1R0W0-L1R0W0-L1R0W0-L1R0W0-L1R0W0-L1R0W0-L1R0W0-L1R0W0-L1R0W0-L1R0W0-L1R0W0-L1R0W0-L1R0W0-L1R0W0,,,merged,optimized,2,3,2,1595.612828,1595.612828,1595.321567,1595.904089,0.2912610000000768,453.050517,10.127003,1132.435308,,,custom:libsad_search_dcff342f285260.so,/home/rzzhang/sad_merged/sad/build/libsad_search_dcff342f285260.so
2026-08-22T16:15:38.105798+00:00,20260822T160502,joint:rzz-hea:12:58f45adae8f1a7c4,ok,,rzz-hea,12,8,float64,42,64,2,64,2,2,0.0,rotation,rotation,2,2,compact:L5R1W0-L5R1W0,compact:L5R1W0-L5R1W0,,,merged,optimized,10,3,10,0.428022,0.42813560000000006,0.42793400000000004,0.428981,0.000296045672152111,0.1390392,0.0154923,0.2736041,,,custom:libsad_search_97eec9f2a848ec.so,/home/rzzhang/sad_merged/sad/build/libsad_search_97eec9f2a848ec.so
2026-08-22T16:15:38.127141+00:00,20260822T160502,joint:rzz-hea:16:1f5ceb6d8e5c0c88,ok,,rzz-hea,16,8,float64,42,32,2,32,2,2,0.0,rotation,rotation,3,3,compact:L5R1W0-L5R0W0-L5R0W0,compact:L5R1W0-L5R0W0-L5R0W0,,,merged,optimized,5,3,5,1.039336,1.0392698,1.0382589999999998,1.040365,0.0008631007820643777,0.234789,0.0155474,0.7889333999999999,,,custom:libsad_search_dcff342f285260.so,/home/rzzhang/sad_merged/sad/build/libsad_search_dcff342f285260.so
2026-08-22T16:15:38.154399+00:00,20260822T160502,joint:rzz-hea:6:c96ea7788b9120e0,ok,,rzz-hea,6,8,float64,42,32,2,32,2,2,0.0,rotation,rotation,1,1,compact:L5R1W0,compact:L5R1W0,,,merged,optimized,20,3,20,0.205787,0.20563730000000002,0.204744,0.205921,0.0003572180146633101,0.05395400000000001,0.015577949999999998,0.13610535,,,custom:libsad_search_dcff342f285260.so,/home/rzzhang/sad_merged/sad/build/libsad_search_dcff342f285260.so
2026-08-22T16:15:38.168574+00:00,20260822T160502,joint:rzz-hea:22:709f6920322e00f1,ok,,rzz-hea,22,8,float64,42,32,2,128,2,1,0.5,rotation,rotation,13,12,compact:L2R0W0-L2R0W0-L2R0W0-L2R0W0-L2R0W0-L2R0W0-L2R0W0-L2R0W0-L2R0W0-L1R0W0-L1R0W0-L1R0W0-L1R0W0,compact:L2R0W0-L2R0W0-L2R0W0-L2R0W0-L2R0W0-L2R0W0-L2R0W0-L2R0W0-L2R0W0-L2R0W0-L1R0W0-L1R0W0,,,merged,optimized,3,3,3,46.810873,46.788654666666666,46.632658,46.922433,0.11933881293285155,8.755068333333332,0.408922,37.624664333333335,,,custom:libsad_search_2a8327787a9aac.so,/home/rzzhang/sad_merged/sad/build/libsad_search_2a8327787a9aac.so
2026-08-22T16:15:38.471985+00:00,20260822T160502,joint:rzz-hea:18:ba6dd920a72d90be,ok,,rzz-hea,18,8,float64,42,128,2,32,2,2,1.0,rotation,rotation,18,18,compact:L1R0W0-L1R0W0-L1R0W0-L1R0W0-L1R0W0-L1R0W0-L1R0W0-L1R0W0-L1R0W0-L1R0W0-L1R0W0-L1R0W0-L1R0W0-L1R0W0-L1R0W0-L1R0W0-L1R0W0-L1R0W0,compact:L1R0W0-L1R0W0-L1R0W0-L1R0W0-L1R0W0-L1R0W0-L1R0W0-L1R0W0-L1R0W0-L1R0W0-L1R0W0-L1R0W0-L1R0W0-L1R0W0-L1R0W0-L1R0W0-L1R0W0-L1R0W0,,,split,optimized,5,3,5,3.626981,3.6268082,3.6259689999999996,3.6270759999999997,0.0004216773173887074,1.3029335999999998,0.0320396,2.291835,,,custom:libsad_search_3b115211f38255.so,/home/rzzhang/sad_merged/sad/build/libsad_search_3b115211f38255.so
2026-08-22T16:15:38.511753+00:00,20260822T160502,joint:rzz-hea:6:005e5b126feb400a,ok,,rzz-hea,6,8,float64,42,64,2,64,2,2,1.0,rotation,rotation,6,6,compact:L1R0W0-L1R0W0-L1R0W0-L1R0W0-L1R0W0-L1R0W0,compact:L1R0W0-L1R0W0-L1R0W0-L1R0W0-L1R0W0-L1R0W0,,,merged,optimized,20,3,20,0.411595,0.41151220000000005,0.40956300000000007,0.41279800000000005,0.0007753796231524231,0.15293864999999998,0.01529095,0.2432826,,,custom:libsad_search_97eec9f2a848ec.so,/home/rzzhang/sad_merged/sad/build/libsad_search_97eec9f2a848ec.so
2026-08-22T16:15:38.530689+00:00,20260822T160502,joint:rzz-hea:22:553b4faac5c4a14f,ok,,rzz-hea,22,8,float64,42,64,2,64,2,1,0.75,rotation,rotation,17,17,compact:L2R0W0-L2R0W0-L2R0W0-L2R0W0-L2R0W0-L1R0W0-L1R0W0-L1R0W0-L1R0W0-L1R0W0-L1R0W0-L1R0W0-L1R0W0-L1R0W0-L1R0W0-L1R0W0-L1R0W0,compact:L2R0W0-L2R0W0-L2R0W0-L2R0W0-L2R0W0-L1R0W0-L1R0W0-L1R0W0-L1R0W0-L1R0W0-L1R0W0-L1R0W0-L1R0W0-L1R0W0-L1R0W0-L1R0W0-L1R0W0,,,merged,optimized,3,3,3,60.880767000000006,60.66707566666667,60.12406,60.9964,0.38686109337963925,10.756739666666668,0.41966266666666663,49.49067333333334,,,custom:libsad_search_7e5293342e215a.so,/home/rzzhang/sad_merged/sad/build/libsad_search_7e5293342e215a.so
2026-08-22T16:15:38.916999+00:00,20260822T160502,joint:rzz-hea:14:844263de33682889,ok,,rzz-hea,14,8,float64,42,128,2,128,2,2,0.25,rotation,rotation,5,5,compact:L3R0W0-L3R0W0-L3R0W0-L3R0W0-L2R0W0,compact:L3R0W0-L3R0W0-L3R0W0-L3R0W0-L2R0W0,,,merged,optimized,10,3,10,0.8401425,0.8391432,0.832493,0.8417509999999999,0.0031746483521801123,0.28590940000000004,0.015435899999999999,0.5377979,,,custom:libsad_search_b969ada61d8a74.so,/home/rzzhang/sad_merged/sad/build/libsad_search_b969ada61d8a74.so
2026-08-22T16:15:38.937943+00:00,20260822T160502,joint:rzz-hea:14:fde940cd53196b01,ok,,rzz-hea,14,8,float64,42,128,2,32,2,2,1.0,rotation,rotation,14,14,compact:L1R0W0-L1R0W0-L1R0W0-L1R0W0-L1R0W0-L1R0W0-L1R0W0-L1R0W0-L1R0W0-L1R0W0-L1R0W0-L1R0W0-L1R0W0-L1R0W0,compact:L1R0W0-L1R0W0-L1R0W0-L1R0W0-L1R0W0-L1R0W0-L1R0W0-L1R0W0-L1R0W0-L1R0W0-L1R0W0-L1R0W0-L1R0W0-L1R0W0,,,merged,optimized,10,3,10,1.315305,1.3152059,1.31379,1.316856,0.0009243641544326242,0.5935703999999999,0.015529800000000002,0.7061057,,,custom:libsad_search_d014591f51543a.so,/home/rzzhang/sad_merged/sad/build/libsad_search_d014591f51543a.so
2026-08-22T16:15:38.965147+00:00,20260822T160502,joint:rzz-hea:26:7c7422d979a53903,ok,,rzz-hea,26,8,float64,42,64,2,64,2,1,0.0,rotation,rotation,4,4,compact:L5R2W0-L5R2W0-L5R1W0-L5R1W0,compact:L5R2W0-L5R2W0-L5R1W0-L5R1W0,,,merged,optimized,2,3,2,586.434847,586.434847,586.3795510000001,586.490143,0.055295999999941614,121.61496299999999,10.226742,454.593142,,,custom:libsad_search_7e5293342e215a.so,/home/rzzhang/sad_merged/sad/build/libsad_search_7e5293342e215a.so
2026-08-22T16:15:41.936360+00:00,20260822T160502,joint:rzz-hea:18:806b8b5458423c7b,ok,,rzz-hea,18,8,float64,42,32,2,32,2,2,0.0,rotation,rotation,3,3,compact:L5R1W0-L5R1W0-L5R1W0,compact:L5R1W0-L5R1W0-L5R1W0,,,split,optimized,5,3,5,2.324455,2.3240626,2.323416,2.324515,0.0005097805802499309,0.622279,0.0317478,1.6700358,,,custom:libsad_search_16d9d6cef53b3d.so,/home/rzzhang/sad_merged/sad/build/libsad_search_16d9d6cef53b3d.so
2026-08-22T16:15:41.981252+00:00,20260822T160502,joint:rzz-hea:26:5a20095927c31772,ok,,rzz-hea,26,8,float64,42,64,2,64,2,2,0.0,rotation,rotation,4,4,compact:L5R2W0-L5R2W0-L5R1W0-L5R1W0,compact:L5R2W0-L5R2W0-L5R1W0-L5R1W0,,,merged,optimized,2,3,2,573.9173920000001,573.9173920000001,573.815963,574.018821,0.101428999999996,119.73216000000001,10.367634500000001,443.8175975,,,custom:libsad_search_97eec9f2a848ec.so,/home/rzzhang/sad_merged/sad/build/libsad_search_97eec9f2a848ec.so
2026-08-22T16:15:44.878610+00:00,20260822T160502,joint:rzz-hea:18:5ed8712eebcd6b97,ok,,rzz-hea,18,8,float64,42,128,2,32,2,1,0.75,rotation,rotation,14,14,compact:L2R0W0-L2R0W0-L2R0W0-L2R0W0-L1R0W0-L1R0W0-L1R0W0-L1R0W0-L1R0W0-L1R0W0-L1R0W0-L1R0W0-L1R0W0-L1R0W0,compact:L2R0W0-L2R0W0-L2R0W0-L2R0W0-L1R0W0-L1R0W0-L1R0W0-L1R0W0-L1R0W0-L1R0W0-L1R0W0-L1R0W0-L1R0W0-L1R0W0,,,split,optimized,5,3,5,3.2513050000000003,3.251211,3.2501119999999997,3.2522469999999997,0.0006910360337927492,1.1254396,0.032126,2.0936454,,,custom:libsad_search_7259903b8346c4.so,/home/rzzhang/sad_merged/sad/build/libsad_search_7259903b8346c4.so
2026-08-22T16:15:44.930846+00:00,20260822T160502,joint:rzz-hea:20:6b6ad38f127e3bfb,ok,,rzz-hea,20,8,float64,42,32,2,128,2,2,0.25,rotation,rotation,7,7,compact:L3R0W0-L3R0W0-L3R0W0-L3R0W0-L3R0W0-L3R0W0-L2R0W0,compact:L3R0W0-L3R0W0-L3R0W0-L3R0W0-L3R0W0-L3R0W0-L2R0W0,,,merged,optimized,5,3,5,8.372225,8.3704724,8.364118,8.372474,0.0032021383230588555,1.9225430000000001,0.09743600000000001,6.3504933999999995,,,custom:libsad_search_fce412939d20fb.so,/home/rzzhang/sad_merged/sad/build/libsad_search_fce412939d20fb.so
2026-08-22T16:15:45.009240+00:00,20260822T160502,joint:rzz-hea:22:4fdbe084c50262c0,ok,,rzz-hea,22,8,float64,42,32,2,128,2,2,1.0,rotation,rotation,22,22,compact:L1R0W0-L1R0W0-L1R0W0-L1R0W0-L1R0W0-L1R0W0-L1R0W0-L1R0W0-L1R0W0-L1R0W0-L1R0W0-L1R0W0-L1R0W0-L1R0W0-L1R0W0-L1R0W0-L1R0W0-L1R0W0-L1R0W0-L1R0W0-L1R0W0-L1R0W0,compact:L1R0W0-L1R0W0-L1R0W0-L1R0W0-L1R0W0-L1R0W0-L1R0W0-L1R0W0-L1R0W0-L1R0W0-L1R0W0-L1R0W0-L1R0W0-L1R0W0-L1R0W0-L1R0W0-L1R0W0-L1R0W0-L1R0W0-L1R0W0-L1R0W0-L1R0W0,,,split,optimized,3,3,3,74.803209,74.79198966666667,74.765379,74.807381,0.018893510020348156,14.203730666666665,0.40121866666666667,60.18704033333333,,,custom:libsad_search_2a0e4369743c84.so,/home/rzzhang/sad_merged/sad/build/libsad_search_2a0e4369743c84.so
2026-08-22T16:15:45.482377+00:00,20260822T160502,joint:rzz-hea:14:7fbe90e305dd5a68,ok,,rzz-hea,14,8,float64,42,32,2,32,2,1,0.0,rotation,rotation,2,2,compact:L5R2W0-L5R2W0,compact:L5R2W0-L5R2W0,,,split,optimized,10,3,10,0.5130025,0.5121753,0.506668,0.5140589999999999,0.0022797606913884474,0.1524396,0.0153835,0.3443522,,,custom:libsad_search_3cb67c7e18cc99.so,/home/rzzhang/sad_merged/sad/build/libsad_search_3cb67c7e18cc99.so
2026-08-22T16:15:45.499350+00:00,20260822T160502,joint:rzz-hea:10:5dbe454ed07c9e30,ok,,rzz-hea,10,8,float64,42,128,2,32,2,1,0.0,rotation,rotation,2,2,compact:L5R0W0-L5R0W0,compact:L5R0W0-L5R0W0,,,merged,optimized,10,3,10,0.38807749999999996,0.3885672,0.387221,0.39194999999999997,0.001235200129533664,0.1481663,0.0156467,0.2247542,,,custom:libsad_search_5851e15f736f52.so,/home/rzzhang/sad_merged/sad/build/libsad_search_5851e15f736f52.so
2026-08-22T16:15:45.514492+00:00,20260822T160502,joint:rzz-hea:22:a485ce72a4922e91,ok,,rzz-hea,22,8,float64,42,64,2,64,2,2,1.0,rotation,rotation,22,22,compact:L1R0W0-L1R0W0-L1R0W0-L1R0W0-L1R0W0-L1R0W0-L1R0W0-L1R0W0-L1R0W0-L1R0W0-L1R0W0-L1R0W0-L1R0W0-L1R0W0-L1R0W0-L1R0W0-L1R0W0-L1R0W0-L1R0W0-L1R0W0-L1R0W0-L1R0W0,compact:L1R0W0-L1R0W0-L1R0W0-L1R0W0-L1R0W0-L1R0W0-L1R0W0-L1R0W0-L1R0W0-L1R0W0-L1R0W0-L1R0W0-L1R0W0-L1R0W0-L1R0W0-L1R0W0-L1R0W0-L1R0W0-L1R0W0-L1R0W0-L1R0W0-L1R0W0,,,split,optimized,3,3,3,75.141815,75.252664,75.04673100000001,75.569446,0.22733729479490558,14.513305666666666,0.4146106666666667,60.324747666666674,,,custom:libsad_search_20c37ff249ec0a.so,/home/rzzhang/sad_merged/sad/build/libsad_search_20c37ff249ec0a.so
2026-08-22T16:15:45.989368+00:00,20260822T160502,joint:rzz-hea:24:fd7e1d901975b768,ok,,rzz-hea,24,8,float64,42,32,2,128,2,2,0.75,rotation,rotation,19,19,compact:L2R0W0-L2R0W0-L2R0W0-L2R0W0-L2R0W0-L1R0W0-L1R0W0-L1R0W0-L1R0W0-L1R0W0-L1R0W0-L1R0W0-L1R0W0-L1R0W0-L1R0W0-L1R0W0-L1R0W0-L1R0W0-L1R0W0,compact:L2R0W0-L2R0W0-L2R0W0-L2R0W0-L2R0W0-L1R0W0-L1R0W0-L1R0W0-L1R0W0-L1R0W0-L1R0W0-L1R0W0-L1R0W0-L1R0W0-L1R0W0-L1R0W0-L1R0W0-L1R0W0-L1R0W0,,,merged,optimized,3,3,3,301.387903,301.3670853333333,301.321733,301.39162,0.03210482441766019,84.03434399999999,1.7740426666666664,215.55869866666666,,,custom:libsad_search_fce412939d20fb.so,/home/rzzhang/sad_merged/sad/build/libsad_search_fce412939d20fb.so
2026-08-22T16:15:47.825426+00:00,20260822T160502,joint:rzz-hea:12:f5a1c986d47b0b61,ok,,rzz-hea,12,8,float64,42,128,2,128,2,2,0.75,rotation,rotation,10,10,compact:L2R0W0-L2R0W0-L1R0W0-L1R0W0-L1R0W0-L1R0W0-L1R0W0-L1R0W0-L1R0W0-L1R0W0,compact:L2R0W0-L2R0W0-L1R0W0-L1R0W0-L1R0W0-L1R0W0-L1R0W0-L1R0W0-L1R0W0-L1R0W0,,,merged,optimized,10,3,10,1.0475295,1.0473218,1.0464509999999998,1.0485589999999998,0.0006267878109855087,0.4106332,0.015253599999999999,0.621435,,,custom:libsad_search_b969ada61d8a74.so,/home/rzzhang/sad_merged/sad/build/libsad_search_b969ada61d8a74.so
2026-08-22T16:15:47.849403+00:00,20260822T160502,joint:rzz-hea:24:2d3c5a00cd46fa46,ok,,rzz-hea,24,8,float64,42,128,2,128,2,2,0.25,rotation,rotation,8,8,compact:L3R0W0-L3R0W0-L3R0W0-L3R0W0-L3R0W0-L3R0W0-L3R0W0-L3R0W0,compact:L3R0W0-L3R0W0-L3R0W0-L3R0W0-L3R0W0-L3R0W0-L3R0W0-L3R0W0,,,split,optimized,3,3,3,157.74454999999998,157.74909866666664,157.71907599999997,157.78367,0.026565817451934856,49.113367999999994,1.7732203333333332,106.86251033333333,,,custom:libsad_search_d02bea87aa5c56.so,/home/rzzhang/sad_merged/sad/build/libsad_search_d02bea87aa5c56.so
2026-08-22T16:15:48.823052+00:00,20260822T160502,joint:rzz-hea:18:2b91b618ae63be97,ok,,rzz-hea,18,8,float64,42,128,2,32,2,1,0.5,rotation,rotation,10,10,compact:L2R0W0-L2R0W0-L2R0W0-L2R0W0-L2R0W0-L2R0W0-L2R0W0-L2R0W0-L1R0W0-L1R0W0,compact:L2R0W0-L2R0W0-L2R0W0-L2R0W0-L2R0W0-L2R0W0-L2R0W0-L2R0W0-L1R0W0-L1R0W0,,,merged,optimized,5,3,5,2.950145,2.948308,2.941361,2.9510009999999998,0.0035408766146251495,0.8217046,0.031814,2.0947894000000002,,,custom:libsad_search_5851e15f736f52.so,/home/rzzhang/sad_merged/sad/build/libsad_search_5851e15f736f52.so
2026-08-22T16:15:48.857913+00:00,20260822T160502,joint:rzz-hea:18:b46d528f2f07021a,ok,,rzz-hea,18,8,float64,42,128,2,128,2,1,0.25,rotation,rotation,6,6,compact:L3R0W0-L3R0W0-L3R0W0-L3R0W0-L3R0W0-L3R0W0,compact:L3R0W0-L3R0W0-L3R0W0-L3R0W0-L3R0W0-L3R0W0,,,merged,optimized,5,3,5,2.6769080000000005,2.677178,2.676778,2.6777339999999996,0.0004233939064274328,0.6504437999999999,0.0318064,1.9949278,,,custom:libsad_search_8fbfac92ec4bef.so,/home/rzzhang/sad_merged/sad/build/libsad_search_8fbfac92ec4bef.so
2026-08-22T16:15:48.890162+00:00,20260822T160502,joint:rzz-hea:10:13e4f9632299e0ee,ok,,rzz-hea,10,8,float64,42,128,2,128,2,1,1.0,rotation,rotation,10,10,compact:L1R0W0-L1R0W0-L1R0W0-L1R0W0-L1R0W0-L1R0W0-L1R0W0-L1R0W0-L1R0W0-L1R0W0,compact:L1R0W0-L1R0W0-L1R0W0-L1R0W0-L1R0W0-L1R0W0-L1R0W0-L1R0W0-L1R0W0-L1R0W0,,,merged,optimized,10,3,10,0.9277895,0.9303791,0.927516,0.934914,0.0033205489741908838,0.3723044,0.015598899999999997,0.5424758,,,custom:libsad_search_8fbfac92ec4bef.so,/home/rzzhang/sad_merged/sad/build/libsad_search_8fbfac92ec4bef.so
2026-08-22T16:15:48.912097+00:00,20260822T160502,joint:rzz-hea:22:4013536c19260512,ok,,rzz-hea,22,8,float64,42,32,2,32,2,2,0.75,rotation,rotation,18,18,compact:L2R0W0-L2R0W0-L2R0W0-L2R0W0-L1R0W0-L1R0W0-L1R0W0-L1R0W0-L1R0W0-L1R0W0-L1R0W0-L1R0W0-L1R0W0-L1R0W0-L1R0W0-L1R0W0-L1R0W0-L1R0W0,compact:L2R0W0-L2R0W0-L2R0W0-L2R0W0-L1R0W0-L1R0W0-L1R0W0-L1R0W0-L1R0W0-L1R0W0-L1R0W0-L1R0W0-L1R0W0-L1R0W0-L1R0W0-L1R0W0-L1R0W0-L1R0W0,,,split,optimized,3,3,3,63.799839999999996,63.61394066666666,63.192294,63.849688,0.2988429235226359,12.442055666666667,0.42076966666666665,50.75111533333334,,,custom:libsad_search_16d9d6cef53b3d.so,/home/rzzhang/sad_merged/sad/build/libsad_search_16d9d6cef53b3d.so
2026-08-22T16:15:49.316229+00:00,20260822T160502,joint:rzz-hea:22:ebeed32872df28d3,ok,,rzz-hea,22,8,float64,42,32,2,32,2,1,1.0,rotation,rotation,22,22,compact:L1R0W0-L1R0W0-L1R0W0-L1R0W0-L1R0W0-L1R0W0-L1R0W0-L1R0W0-L1R0W0-L1R0W0-L1R0W0-L1R0W0-L1R0W0-L1R0W0-L1R0W0-L1R0W0-L1R0W0-L1R0W0-L1R0W0-L1R0W0-L1R0W0-L1R0W0,compact:L1R0W0-L1R0W0-L1R0W0-L1R0W0-L1R0W0-L1R0W0-L1R0W0-L1R0W0-L1R0W0-L1R0W0-L1R0W0-L1R0W0-L1R0W0-L1R0W0-L1R0W0-L1R0W0-L1R0W0-L1R0W0-L1R0W0-L1R0W0-L1R0W0-L1R0W0,,,merged,optimized,3,3,3,74.29854399999999,74.46817466666666,74.144899,74.961081,0.3541366841454795,13.140990333333333,0.409158,60.91802633333334,,,custom:libsad_search_f9cdaf042a7bd6.so,/home/rzzhang/sad_merged/sad/build/libsad_search_f9cdaf042a7bd6.so
2026-08-22T16:15:49.777741+00:00,20260822T160502,joint:rzz-hea:18:cf623fece59aa4d8,ok,,rzz-hea,18,8,float64,42,32,2,128,2,1,0.75,rotation,rotation,14,14,compact:L2R0W0-L2R0W0-L2R0W0-L2R0W0-L1R0W0-L1R0W0-L1R0W0-L1R0W0-L1R0W0-L1R0W0-L1R0W0-L1R0W0-L1R0W0-L1R0W0,compact:L2R0W0-L2R0W0-L2R0W0-L2R0W0-L1R0W0-L1R0W0-L1R0W0-L1R0W0-L1R0W0-L1R0W0-L1R0W0-L1R0W0-L1R0W0-L1R0W0,,,merged,optimized,5,3,5,3.398837,3.3999040000000003,3.3986169999999998,3.403852,0.001998759014989116,0.9518086,0.031887799999999994,2.4162076000000003,,,custom:libsad_search_2a8327787a9aac.so,/home/rzzhang/sad_merged/sad/build/libsad_search_2a8327787a9aac.so
2026-08-22T16:15:49.815643+00:00,20260822T160502,joint:rzz-hea:22:965bc770ae88a5fa,ok,,rzz-hea,22,8,float64,42,128,2,128,2,2,1.0,rotation,rotation,22,22,compact:L1R0W0-L1R0W0-L1R0W0-L1R0W0-L1R0W0-L1R0W0-L1R0W0-L1R0W0-L1R0W0-L1R0W0-L1R0W0-L1R0W0-L1R0W0-L1R0W0-L1R0W0-L1R0W0-L1R0W0-L1R0W0-L1R0W0-L1R0W0-L1R0W0-L1R0W0,compact:L1R0W0-L1R0W0-L1R0W0-L1R0W0-L1R0W0-L1R0W0-L1R0W0-L1R0W0-L1R0W0-L1R0W0-L1R0W0-L1R0W0-L1R0W0-L1R0W0-L1R0W0-L1R0W0-L1R0W0-L1R0W0-L1R0W0-L1R0W0-L1R0W0-L1R0W0,,,split,optimized,3,3,3,75.062478,75.07435233333332,75.053589,75.10699,0.02336188554509495,14.499689666666667,0.402225,60.17243766666667,,,custom:libsad_search_d02bea87aa5c56.so,/home/rzzhang/sad_merged/sad/build/libsad_search_d02bea87aa5c56.so
2026-08-22T16:15:50.290785+00:00,20260822T160502,joint:rzz-hea:10:cc0993a21776c82b,ok,,rzz-hea,10,8,float64,42,32,2,32,2,1,0.75,rotation,rotation,8,8,compact:L2R0W0-L2R0W0-L1R0W0-L1R0W0-L1R0W0-L1R0W0-L1R0W0-L1R0W0,compact:L2R0W0-L2R0W0-L1R0W0-L1R0W0-L1R0W0-L1R0W0-L1R0W0-L1R0W0,,,split,optimized,10,3,10,0.7177685,0.7186328,0.7160510000000001,0.7241230000000001,0.0027669851029595597,0.27413139999999997,0.0155012,0.42900020000000005,,,custom:libsad_search_3cb67c7e18cc99.so,/home/rzzhang/sad_merged/sad/build/libsad_search_3cb67c7e18cc99.so
2026-08-22T16:15:50.310802+00:00,20260822T160502,joint:rzz-hea:14:b471264677de9705,ok,,rzz-hea,14,8,float64,42,32,2,32,2,1,0.75,rotation,rotation,11,11,compact:L2R0W0-L2R0W0-L2R0W0-L1R0W0-L1R0W0-L1R0W0-L1R0W0-L1R0W0-L1R0W0-L1R0W0-L1R0W0,compact:L2R0W0-L2R0W0-L2R0W0-L1R0W0-L1R0W0-L1R0W0-L1R0W0-L1R0W0-L1R0W0-L1R0W0-L1R0W0,,,merged,optimized,10,3,10,1.0239975000000001,1.024183,1.022975,1.025004,0.0006097256760215894,0.405652,0.015305999999999998,0.603225,,,custom:libsad_search_f9cdaf042a7bd6.so,/home/rzzhang/sad_merged/sad/build/libsad_search_f9cdaf042a7bd6.so
2026-08-22T16:15:50.334146+00:00,20260822T160502,joint:rzz-hea:4:7eedc7c7d711cac2,ok,,rzz-hea,4,8,float64,42,128,2,32,2,2,1.0,rotation,rotation,4,4,compact:L1R0W0-L1R0W0-L1R0W0-L1R0W0,compact:L1R0W0-L1R0W0-L1R0W0-L1R0W0,,,merged,optimized,20,3,20,0.2713145,0.27142655,0.27032900000000004,0.27488399999999996,0.0008814333483026282,0.09918584999999999,0.01542995,0.15681075,,,custom:libsad_search_d014591f51543a.so,/home/rzzhang/sad_merged/sad/build/libsad_search_d014591f51543a.so
2026-08-22T16:15:50.350182+00:00,20260822T160502,joint:rzz-hea:12:7f98c08f58875637,ok,,rzz-hea,12,8,float64,42,64,2,64,2,2,0.75,rotation,rotation,10,10,compact:L2R0W0-L2R0W0-L1R0W0-L1R0W0-L1R0W0-L1R0W0-L1R0W0-L1R0W0-L1R0W0-L1R0W0,compact:L2R0W0-L2R0W0-L1R0W0-L1R0W0-L1R0W0-L1R0W0-L1R0W0-L1R0W0-L1R0W0-L1R0W0,,,split,optimized,10,3,10,0.9503465,0.9505654,0.9492789999999999,0.951295,0.0006276888082481934,0.3648352,0.0156769,0.5700533,,,custom:libsad_search_20c37ff249ec0a.so,/home/rzzhang/sad_merged/sad/build/libsad_search_20c37ff249ec0a.so
2026-08-22T16:15:50.372519+00:00,20260822T160502,joint:rzz-hea:16:53152d96a4d13a88,ok,,rzz-hea,16,8,float64,42,32,2,128,2,1,0.5,rotation,rotation,10,9,compact:L2R0W0-L2R0W0-L2R0W0-L2R0W0-L2R0W0-L2R0W0-L1R0W0-L1R0W0-L1R0W0-L1R0W0,compact:L2R0W0-L2R0W0-L2R0W0-L2R0W0-L2R0W0-L2R0W0-L2R0W0-L1R0W0-L1R0W0,,,split,optimized,5,3,5,1.5567509999999998,1.5593143999999999,1.556343,1.5636349999999999,0.0034348500753307526,0.4952242,0.0154564,1.0486338,,,custom:libsad_search_0e4f539ceca897.so,/home/rzzhang/sad_merged/sad/build/libsad_search_0e4f539ceca897.so
2026-08-22T16:16:07.028962+00:00,20260822T160502,joint:rzz-hea:28:18dbf843e84a813f,ok,,rzz-hea,28,8,float64,42,128,2,32,2,2,0.25,rotation,rotation,10,10,compact:L3R0W0-L3R0W0-L3R0W0-L3R0W0-L3R0W0-L3R0W0-L3R0W0-L3R0W0-L2R0W0-L2R0W0,compact:L3R0W0-L3R0W0-L3R0W0-L3R0W0-L3R0W0-L3R0W0-L3R0W0-L3R0W0-L2R0W0-L2R0W0,,,merged,optimized,2,3,2,2992.3401835,2992.3401835,2992.059503,2992.620864,0.28068050000001676,775.2726665,82.08227,2134.9852470000005,,,custom:libsad_search_d014591f51543a.so,/home/rzzhang/sad_merged/sad/build/libsad_search_d014591f51543a.so
2026-08-22T16:16:22.024816+00:00,20260822T160502,joint:rzz-hea:26:8eda295624bc5698,ok,,rzz-hea,26,8,float64,42,32,2,32,2,2,0.25,rotation,rotation,10,10,compact:L3R0W0-L3R0W0-L3R0W0-L3R0W0-L3R0W0-L3R0W0-L2R0W0-L2R0W0-L2R0W0-L2R0W0,compact:L3R0W0-L3R0W0-L3R0W0-L3R0W0-L3R0W0-L3R0W0-L2R0W0-L2R0W0-L2R0W0-L2R0W0,,,split,optimized,2,3,2,747.4820735000001,747.4820735000001,747.479734,747.484413,0.002339500000005046,230.76247999999998,10.1863375,506.533256,,,custom:libsad_search_16d9d6cef53b3d.so,/home/rzzhang/sad_merged/sad/build/libsad_search_16d9d6cef53b3d.so
2026-08-22T16:16:25.816649+00:00,20260822T160502,joint:rzz-hea:26:8b8b10c6b99c5c61,ok,,rzz-hea,26,8,float64,42,32,2,32,2,1,0.75,rotation,rotation,20,20,compact:L2R0W0-L2R0W0-L2R0W0-L2R0W0-L2R0W0-L2R0W0-L1R0W0-L1R0W0-L1R0W0-L1R0W0-L1R0W0-L1R0W0-L1R0W0-L1R0W0-L1R0W0-L1R0W0-L1R0W0-L1R0W0-L1R0W0-L1R0W0,compact:L2R0W0-L2R0W0-L2R0W0-L2R0W0-L2R0W0-L2R0W0-L1R0W0-L1R0W0-L1R0W0-L1R0W0-L1R0W0-L1R0W0-L1R0W0-L1R0W0-L1R0W0-L1R0W0-L1R0W0-L1R0W0-L1R0W0-L1R0W0,,,split,optimized,2,3,2,1288.3148725,1288.3148725,1288.096777,1288.532968,0.218095500000004,394.84286199999997,10.422409,883.0496015,,,custom:libsad_search_3cb67c7e18cc99.so,/home/rzzhang/sad_merged/sad/build/libsad_search_3cb67c7e18cc99.so
2026-08-22T16:16:32.298089+00:00,20260822T160502,joint:rzz-hea:6:83fa00678eb00e34,ok,,rzz-hea,6,8,float64,42,128,2,32,2,2,0.0,rotation,rotation,1,1,compact:L5R1W0,compact:L5R1W0,,,merged,optimized,20,3,20,0.217032,0.21643379999999998,0.209926,0.21720699999999998,0.001566196622394519,0.0652238,0.015424400000000001,0.13578559999999998,,,custom:libsad_search_d014591f51543a.so,/home/rzzhang/sad_merged/sad/build/libsad_search_d014591f51543a.so
2026-08-22T16:16:32.318869+00:00,20260822T160502,joint:rzz-hea:22:0bb8d9a3a1e934f8,ok,,rzz-hea,22,8,float64,42,128,2,128,2,1,0.75,rotation,rotation,17,17,compact:L2R0W0-L2R0W0-L2R0W0-L2R0W0-L2R0W0-L1R0W0-L1R0W0-L1R0W0-L1R0W0-L1R0W0-L1R0W0-L1R0W0-L1R0W0-L1R0W0-L1R0W0-L1R0W0-L1R0W0,compact:L2R0W0-L2R0W0-L2R0W0-L2R0W0-L2R0W0-L1R0W0-L1R0W0-L1R0W0-L1R0W0-L1R0W0-L1R0W0-L1R0W0-L1R0W0-L1R0W0-L1R0W0-L1R0W0-L1R0W0,,,merged,optimized,3,3,3,60.510122,60.520686000000005,60.507939,60.543997000000005,0.016507441009033324,10.678014999999998,0.400502,49.442169,,,custom:libsad_search_8fbfac92ec4bef.so,/home/rzzhang/sad_merged/sad/build/libsad_search_8fbfac92ec4bef.so
2026-08-22T16:16:32.713674+00:00,20260822T160502,joint:rzz-hea:6:8161799f5f2dfa6f,ok,,rzz-hea,6,8,float64,42,128,2,32,2,1,0.25,rotation,rotation,2,2,compact:L3R0W0-L3R0W0,compact:L3R0W0-L3R0W0,,,split,optimized,20,3,20,0.301037,0.30121435,0.300031,0.303183,0.0005985064139171758,0.10447239999999998,0.015460749999999999,0.1812812,,,custom:libsad_search_7259903b8346c4.so,/home/rzzhang/sad_merged/sad/build/libsad_search_7259903b8346c4.so
2026-08-22T16:16:32.730619+00:00,20260822T160502,joint:rzz-hea:28:b8414006235a2bad,ok,,rzz-hea,28,8,float64,42,32,2,32,2,2,0.25,rotation,rotation,10,10,compact:L3R0W0-L3R0W0-L3R0W0-L3R0W0-L3R0W0-L3R0W0-L3R0W0-L3R0W0-L2R0W0-L2R0W0,compact:L3R0W0-L3R0W0-L3R0W0-L3R0W0-L3R0W0-L3R0W0-L3R0W0-L3R0W0-L2R0W0-L2R0W0,,,split,optimized,2,3,2,3047.2077499999996,3047.2077499999996,3045.5139109999996,3048.9015889999996,1.6938390000000254,928.905391,81.7273775,2036.5749815,,,custom:libsad_search_16d9d6cef53b3d.so,/home/rzzhang/sad_merged/sad/build/libsad_search_16d9d6cef53b3d.so
2026-08-22T16:16:47.996609+00:00,20260822T160502,joint:rzz-hea:24:8e46edb073f21764,ok,,rzz-hea,24,8,float64,42,32,2,128,2,2,0.0,rotation,rotation,4,3,compact:L5R1W0-L5R1W0-L5R1W0-L5R1W0,compact:L5R2W1-L5R2W1-L5R2W1,,,merged,optimized,3,3,3,136.57703800000002,136.42672266666668,136.06365200000002,136.639478,0.2579921447710223,27.932603333333333,1.7590776666666668,106.73504166666666,,,custom:libsad_search_fce412939d20fb.so,/home/rzzhang/sad_merged/sad/build/libsad_search_fce412939d20fb.so
2026-08-22T16:16:48.852721+00:00,20260822T160502,joint:rzz-hea:24:52364dbf366e17b3,ok,,rzz-hea,24,8,float64,42,32,2,128,2,1,1.0,rotation,rotation,24,24,compact:L1R0W0-L1R0W0-L1R0W0-L1R0W0-L1R0W0-L1R0W0-L1R0W0-L1R0W0-L1R0W0-L1R0W0-L1R0W0-L1R0W0-L1R0W0-L1R0W0-L1R0W0-L1R0W0-L1R0W0-L1R0W0-L1R0W0-L1R0W0-L1R0W0-L1R0W0-L1R0W0-L1R0W0,compact:L1R0W0-L1R0W0-L1R0W0-L1R0W0-L1R0W0-L1R0W0-L1R0W0-L1R0W0-L1R0W0-L1R0W0-L1R0W0-L1R0W0-L1R0W0-L1R0W0-L1R0W0-L1R0W0-L1R0W0-L1R0W0-L1R0W0-L1R0W0-L1R0W0-L1R0W0-L1R0W0-L1R0W0,,,split,optimized,3,3,3,374.82955400000003,374.846092,374.779393,374.929329,0.06231816271894477,115.04014966666666,1.782138,258.0238043333333,,,custom:libsad_search_0e4f539ceca897.so,/home/rzzhang/sad_merged/sad/build/libsad_search_0e4f539ceca897.so
2026-08-22T16:16:51.118461+00:00,20260822T160502,joint:rzz-hea:22:aea32c678f460720,ok,,rzz-hea,22,8,float64,42,32,2,128,2,1,1.0,rotation,rotation,22,22,compact:L1R0W0-L1R0W0-L1R0W0-L1R0W0-L1R0W0-L1R0W0-L1R0W0-L1R0W0-L1R0W0-L1R0W0-L1R0W0-L1R0W0-L1R0W0-L1R0W0-L1R0W0-L1R0W0-L1R0W0-L1R0W0-L1R0W0-L1R0W0-L1R0W0-L1R0W0,compact:L1R0W0-L1R0W0-L1R0W0-L1R0W0-L1R0W0-L1R0W0-L1R0W0-L1R0W0-L1R0W0-L1R0W0-L1R0W0-L1R0W0-L1R0W0-L1R0W0-L1R0W0-L1R0W0-L1R0W0-L1R0W0-L1R0W0-L1R0W0-L1R0W0-L1R0W0,,,merged,optimized,3,3,3,74.621042,74.63500133333334,74.596542,74.68742,0.03839140495244106,13.040376333333333,0.4015933333333333,61.19303166666667,,,custom:libsad_search_2a8327787a9aac.so,/home/rzzhang/sad_merged/sad/build/libsad_search_2a8327787a9aac.so
2026-08-22T16:16:51.592463+00:00,20260822T160502,joint:rzz-hea:8:842af038ab138422,ok,,rzz-hea,8,8,float64,42,128,2,128,2,2,0.5,rotation,rotation,4,4,compact:L2R0W0-L2R0W0-L2R0W0-L2R0W0,compact:L2R0W0-L2R0W0-L2R0W0-L2R0W0,,,split,optimized,20,3,20,0.5355114999999999,0.53633825,0.53432,0.547742,0.003434518668969503,0.17765165,0.01533605,0.34335055,,,custom:libsad_search_d02bea87aa5c56.so,/home/rzzhang/sad_merged/sad/build/libsad_search_d02bea87aa5c56.so
2026-08-22T16:16:51.615104+00:00,20260822T160502,joint:rzz-hea:4:adc546981730b414,ok,,rzz-hea,4,8,float64,42,32,2,32,2,2,0.0,rotation,rotation,1,1,compact:L4R0W0,compact:L4R0W0,,,merged,optimized,20,3,20,0.1598875,0.16202670000000002,0.15924100000000002,0.16772,0.003339925270122072,0.040892,0.01534095,0.10579375,,,custom:libsad_search_dcff342f285260.so,/home/rzzhang/sad_merged/sad/build/libsad_search_dcff342f285260.so
2026-08-22T16:16:51.628743+00:00,20260822T160502,joint:rzz-hea:20:5087960322e4258e,ok,,rzz-hea,20,8,float64,42,128,2,128,2,2,0.25,rotation,rotation,7,7,compact:L3R0W0-L3R0W0-L3R0W0-L3R0W0-L3R0W0-L3R0W0-L2R0W0,compact:L3R0W0-L3R0W0-L3R0W0-L3R0W0-L3R0W0-L3R0W0-L2R0W0,,,split,optimized,5,3,5,8.400999999999998,8.402668199999999,8.399987000000001,8.407211,0.0026829189626227396,2.2334744,0.10538959999999999,6.0638042,,,custom:libsad_search_d02bea87aa5c56.so,/home/rzzhang/sad_merged/sad/build/libsad_search_d02bea87aa5c56.so
2026-08-22T16:16:51.707033+00:00,20260822T160502,joint:rzz-hea:20:4a7f6a5237f8c12d,ok,,rzz-hea,20,8,float64,42,32,2,128,2,1,0.5,rotation,rotation,12,12,compact:L2R0W0-L2R0W0-L2R0W0-L2R0W0-L2R0W0-L2R0W0-L2R0W0-L2R0W0-L1R0W0-L1R0W0-L1R0W0-L1R0W0,compact:L2R0W0-L2R0W0-L2R0W0-L2R0W0-L2R0W0-L2R0W0-L2R0W0-L2R0W0-L1R0W0-L1R0W0-L1R0W0-L1R0W0,,,merged,optimized,5,3,5,9.551772999999999,9.5503318,9.544032000000001,9.554026,0.0038657204451430943,2.4492358,0.10545419999999998,6.995641799999999,,,custom:libsad_search_2a8327787a9aac.so,/home/rzzhang/sad_merged/sad/build/libsad_search_2a8327787a9aac.so
2026-08-22T16:16:51.795356+00:00,20260822T160502,joint:rzz-hea:16:3275fad3d7bd03f8,ok,,rzz-hea,16,8,float64,42,128,2,32,2,2,0.5,rotation,rotation,9,10,compact:L2R0W0-L2R0W0-L2R0W0-L2R0W0-L2R0W0-L2R0W0-L2R0W0-L1R0W0-L1R0W0,compact:L2R0W0-L2R0W0-L2R0W0-L2R0W0-L2R0W0-L2R0W0-L1R0W0-L1R0W0-L1R0W0-L1R0W0,,,split,optimized,5,3,5,1.4735530000000001,1.4776032000000001,1.4673019999999999,1.486891,0.00788035368241812,0.49068000000000006,0.015071599999999997,0.9718516,,,custom:libsad_search_3b115211f38255.so,/home/rzzhang/sad_merged/sad/build/libsad_search_3b115211f38255.so
2026-08-22T16:16:51.817984+00:00,20260822T160502,joint:rzz-hea:26:5f4a4f96955b08e7,ok,,rzz-hea,26,8,float64,42,64,2,64,2,2,0.5,rotation,rotation,15,15,compact:L2R0W0-L2R0W0-L2R0W0-L2R0W0-L2R0W0-L2R0W0-L2R0W0-L2R0W0-L2R0W0-L2R0W0-L2R0W0-L1R0W0-L1R0W0-L1R0W0-L1R0W0,compact:L2R0W0-L2R0W0-L2R0W0-L2R0W0-L2R0W0-L2R0W0-L2R0W0-L2R0W0-L2R0W0-L2R0W0-L2R0W0-L1R0W0-L1R0W0-L1R0W0-L1R0W0,,,merged,optimized,2,3,2,1004.6322725000001,1004.6322725000001,1004.6271710000001,1004.6373740000001,0.005101500000023407,273.5503845,10.280076499999998,720.8018115,,,custom:libsad_search_97eec9f2a848ec.so,/home/rzzhang/sad_merged/sad/build/libsad_search_97eec9f2a848ec.so
2026-08-22T16:16:56.873902+00:00,20260822T160502,joint:rzz-hea:16:474eeadd032e3d21,ok,,rzz-hea,16,8,float64,42,64,2,64,2,1,1.0,rotation,rotation,16,16,compact:L1R0W0-L1R0W0-L1R0W0-L1R0W0-L1R0W0-L1R0W0-L1R0W0-L1R0W0-L1R0W0-L1R0W0-L1R0W0-L1R0W0-L1R0W0-L1R0W0-L1R0W0-L1R0W0,compact:L1R0W0-L1R0W0-L1R0W0-L1R0W0-L1R0W0-L1R0W0-L1R0W0-L1R0W0-L1R0W0-L1R0W0-L1R0W0-L1R0W0-L1R0W0-L1R0W0-L1R0W0-L1R0W0,,,split,optimized,5,3,5,1.9272719999999999,1.9271660000000002,1.926024,1.928207,0.0009085190146607382,0.6895967999999999,0.015387800000000002,1.2221813999999998,,,custom:libsad_search_7ec063ebc99501.so,/home/rzzhang/sad_merged/sad/build/libsad_search_7ec063ebc99501.so
2026-08-22T16:16:56.909821+00:00,20260822T160502,joint:rzz-hea:12:05080e6cf1024d12,ok,,rzz-hea,12,8,float64,42,32,2,32,2,2,1.0,rotation,rotation,12,12,compact:L1R0W0-L1R0W0-L1R0W0-L1R0W0-L1R0W0-L1R0W0-L1R0W0-L1R0W0-L1R0W0-L1R0W0-L1R0W0-L1R0W0,compact:L1R0W0-L1R0W0-L1R0W0-L1R0W0-L1R0W0-L1R0W0-L1R0W0-L1R0W0-L1R0W0-L1R0W0-L1R0W0-L1R0W0,,,split,optimized,10,3,10,1.0209615,1.0210951,1.018867,1.023074,0.001265926731687105,0.40594460000000004,0.015600900000000001,0.5995496,,,custom:libsad_search_16d9d6cef53b3d.so,/home/rzzhang/sad_merged/sad/build/libsad_search_16d9d6cef53b3d.so
2026-08-22T16:16:56.936613+00:00,20260822T160502,joint:rzz-hea:8:e20895829549e8f4,ok,,rzz-hea,8,8,float64,42,128,2,32,2,2,0.25,rotation,rotation,3,4,compact:L3R0W0-L3R0W0-L2R0W0,compact:L2R0W0-L2R0W0-L2R0W0-L2R0W0,,,merged,optimized,20,3,20,0.39676849999999997,0.39681259999999996,0.39612600000000003,0.398163,0.0005802378305488208,0.1434215,0.015274500000000002,0.2381166,,,custom:libsad_search_d014591f51543a.so,/home/rzzhang/sad_merged/sad/build/libsad_search_d014591f51543a.so
2026-08-22T16:16:56.955872+00:00,20260822T160502,joint:rzz-hea:18:bdb1a75e69554eda,ok,,rzz-hea,18,8,float64,42,128,2,32,2,2,0.0,rotation,rotation,2,3,compact:L5R2W2-L5R2W2,compact:L5R1W0-L5R1W0-L5R1W0,,,split,optimized,5,3,5,2.2632160000000003,2.2636578,2.262908,2.265021,0.0008022409613077273,0.5618924,0.031866399999999996,1.669899,,,custom:libsad_search_3b115211f38255.so,/home/rzzhang/sad_merged/sad/build/libsad_search_3b115211f38255.so
2026-08-22T16:16:56.984335+00:00,20260822T160502,joint:rzz-hea:28:cf58040e6031697a,ok,,rzz-hea,28,8,float64,42,128,2,32,2,2,0.5,rotation,rotation,16,16,compact:L2R0W0-L2R0W0-L2R0W0-L2R0W0-L2R0W0-L2R0W0-L2R0W0-L2R0W0-L2R0W0-L2R0W0-L2R0W0-L2R0W0-L1R0W0-L1R0W0-L1R0W0-L1R0W0,compact:L2R0W0-L2R0W0-L2R0W0-L2R0W0-L2R0W0-L2R0W0-L2R0W0-L2R0W0-L2R0W0-L2R0W0-L2R0W0-L2R0W0-L1R0W0-L1R0W0-L1R0W0-L1R0W0,,,split,optimized,2,3,2,4355.700989,4355.700989,4355.426917,4355.975061,0.2740720000001602,1326.7324705,81.2940195,2947.6744989999997,,,custom:libsad_search_3b115211f38255.so,/home/rzzhang/sad_merged/sad/build/libsad_search_3b115211f38255.so
2026-08-22T16:17:18.784583+00:00,20260822T160502,joint:rzz-hea:24:55d7224d00a18c36,ok,,rzz-hea,24,8,float64,42,32,2,32,2,1,0.75,rotation,rotation,19,19,compact:L2R0W0-L2R0W0-L2R0W0-L2R0W0-L2R0W0-L1R0W0-L1R0W0-L1R0W0-L1R0W0-L1R0W0-L1R0W0-L1R0W0-L1R0W0-L1R0W0-L1R0W0-L1R0W0-L1R0W0-L1R0W0-L1R0W0,compact:L2R0W0-L2R0W0-L2R0W0-L2R0W0-L2R0W0-L1R0W0-L1R0W0-L1R0W0-L1R0W0-L1R0W0-L1R0W0-L1R0W0-L1R0W0-L1R0W0-L1R0W0-L1R0W0-L1R0W0-L1R0W0-L1R0W0,,,merged,optimized,3,3,3,301.28685,301.30083233333335,300.977943,301.637704,0.26952770236636026,84.05337866666666,1.7758953333333334,215.47155833333332,,,custom:libsad_search_f9cdaf042a7bd6.so,/home/rzzhang/sad_merged/sad/build/libsad_search_f9cdaf042a7bd6.so
2026-08-22T16:17:20.645352+00:00,20260822T160502,joint:rzz-hea:22:1f6a9d21d919e36d,ok,,rzz-hea,22,8,float64,42,32,2,32,2,1,0.0,legacy,legacy,0,0,,,,,not_applicable,legacy-generic,3,3,3,33.999369,33.996250333333336,33.987944,34.001438,0.0059338896930175135,8.782115,0.40192399999999995,24.812211333333334,,,custom:libsad_search_06042376d3c545.so,/home/rzzhang/sad_merged/sad/build/libsad_search_06042376d3c545.so
2026-08-22T16:17:20.873213+00:00,20260822T160502,joint:rzz-hea:22:77972e3552ec3144,ok,,rzz-hea,22,8,float64,42,32,2,128,2,1,0.0,legacy,legacy,0,0,,,,,not_applicable,legacy-generic,3,3,3,35.249590999999995,35.24724833333333,35.239403,35.252750999999996,0.005695515272755073,9.351036666666666,0.43127933333333335,25.464932333333334,,,custom:libsad_search_ada51c8f4b2976.so,/home/rzzhang/sad_merged/sad/build/libsad_search_ada51c8f4b2976.so
2026-08-22T16:17:37.693057+00:00,20260822T160502,joint:rzz-hea:8:bcf23dfc8ed049e7,ok,,rzz-hea,8,8,float64,42,64,2,64,2,1,0.5,rotation,rotation,4,4,compact:L2R0W0-L2R0W0-L2R0W0-L2R0W0,compact:L2R0W0-L2R0W0-L2R0W0-L2R0W0,,,merged,optimized,20,3,20,0.4423905,0.44279485,0.442194,0.446353,0.0009537085652860639,0.16493255,0.015398199999999997,0.2624641,,,custom:libsad_search_7e5293342e215a.so,/home/rzzhang/sad_merged/sad/build/libsad_search_7e5293342e215a.so
2026-08-22T16:17:37.714294+00:00,20260822T160502,joint:rzz-hea:4:fedd5256cbed6e2a,ok,,rzz-hea,4,8,float64,42,128,2,128,2,1,0.25,rotation,rotation,2,2,compact:L2R0W0-L2R0W0,compact:L2R0W0-L2R0W0,,,merged,optimized,20,3,20,0.242653,0.24295819999999999,0.24246499999999999,0.244763,0.0006694141916631378,0.0686919,0.015416750000000002,0.15884955,,,custom:libsad_search_8fbfac92ec4bef.so,/home/rzzhang/sad_merged/sad/build/libsad_search_8fbfac92ec4bef.so
2026-08-22T16:17:37.729860+00:00,20260822T160502,joint:rzz-hea:12:99a66937fed2542b,ok,,rzz-hea,12,8,float64,42,32,2,128,2,2,0.0,rotation,rotation,2,2,compact:L5R1W0-L5R1W0,compact:L5R1W0-L5R1W0,,,merged,optimized,10,3,10,0.524283,0.5244485,0.52403,0.5254759999999999,0.0004759889179382023,0.1367137,0.0158049,0.3719299,,,custom:libsad_search_fce412939d20fb.so,/home/rzzhang/sad_merged/sad/build/libsad_search_fce412939d20fb.so
2026-08-22T16:17:37.746574+00:00,20260822T160502,joint:rzz-hea:10:1785f9d5a003ccd6,ok,,rzz-hea,10,8,float64,42,128,2,128,2,2,0.0,rotation,rotation,2,2,compact:L5R0W0-L5R0W0,compact:L5R0W0-L5R0W0,,,merged,optimized,10,3,10,0.4956165,0.49599289999999996,0.495536,0.49662800000000007,0.0005028185457995956,0.1572764,0.015744599999999997,0.3229719,,,custom:libsad_search_b969ada61d8a74.so,/home/rzzhang/sad_merged/sad/build/libsad_search_b969ada61d8a74.so
2026-08-22T16:17:37.762809+00:00,20260822T160502,joint:rzz-hea:22:62b6f2e538489338,ok,,rzz-hea,22,8,float64,42,128,2,32,2,1,1.0,rotation,rotation,22,22,compact:L1R0W0-L1R0W0-L1R0W0-L1R0W0-L1R0W0-L1R0W0-L1R0W0-L1R0W0-L1R0W0-L1R0W0-L1R0W0-L1R0W0-L1R0W0-L1R0W0-L1R0W0-L1R0W0-L1R0W0-L1R0W0-L1R0W0-L1R0W0-L1R0W0-L1R0W0,compact:L1R0W0-L1R0W0-L1R0W0-L1R0W0-L1R0W0-L1R0W0-L1R0W0-L1R0W0-L1R0W0-L1R0W0-L1R0W0-L1R0W0-L1R0W0-L1R0W0-L1R0W0-L1R0W0-L1R0W0-L1R0W0-L1R0W0-L1R0W0-L1R0W0-L1R0W0,,,merged,optimized,3,3,3,74.73047600000001,74.73502,74.69069999999999,74.783884,0.03817765852782058,13.29991266666667,0.41070866666666667,61.02439866666667,,,custom:libsad_search_5851e15f736f52.so,/home/rzzhang/sad_merged/sad/build/libsad_search_5851e15f736f52.so
2026-08-22T16:17:38.227481+00:00,20260822T160502,joint:rzz-hea:12:ff7b74e98c88c5bd,ok,,rzz-hea,12,8,float64,42,128,2,32,2,1,0.75,rotation,rotation,10,10,compact:L2R0W0-L2R0W0-L1R0W0-L1R0W0-L1R0W0-L1R0W0-L1R0W0-L1R0W0-L1R0W0-L1R0W0,compact:L2R0W0-L2R0W0-L1R0W0-L1R0W0-L1R0W0-L1R0W0-L1R0W0-L1R0W0-L1R0W0-L1R0W0,,,merged,optimized,10,3,10,0.9205679999999999,0.921047,0.919434,0.925667,0.001718979406508427,0.4131024,0.0155102,0.49243439999999994,,,custom:libsad_search_5851e15f736f52.so,/home/rzzhang/sad_merged/sad/build/libsad_search_5851e15f736f52.so
2026-08-22T16:17:38.249114+00:00,20260822T160502,joint:rzz-hea:16:dcc8437e634e17a7,ok,,rzz-hea,16,8,float64,42,128,2,32,2,2,0.5,rotation,rotation,9,10,compact:L2R0W0-L2R0W0-L2R0W0-L2R0W0-L2R0W0-L2R0W0-L2R0W0-L1R0W0-L1R0W0,compact:L2R0W0-L2R0W0-L2R0W0-L2R0W0-L2R0W0-L2R0W0-L1R0W0-L1R0W0-L1R0W0-L1R0W0,,,merged,optimized,5,3,5,1.514517,1.5158766,1.51346,1.5215969999999999,0.002921787576125235,0.466995,0.015726399999999998,1.0331552000000002,,,custom:libsad_search_d014591f51543a.so,/home/rzzhang/sad_merged/sad/build/libsad_search_d014591f51543a.so
2026-08-22T16:17:38.271403+00:00,20260822T160502,joint:rzz-hea:28:86aaef24df53b00d,ok,,rzz-hea,28,8,float64,42,128,2,32,2,2,1.0,rotation,rotation,28,28,compact:L1R0W0-L1R0W0-L1R0W0-L1R0W0-L1R0W0-L1R0W0-L1R0W0-L1R0W0-L1R0W0-L1R0W0-L1R0W0-L1R0W0-L1R0W0-L1R0W0-L1R0W0-L1R0W0-L1R0W0-L1R0W0-L1R0W0-L1R0W0-L1R0W0-L1R0W0-L1R0W0-L1R0W0-L1R0W0-L1R0W0-L1R0W0-L1R0W0,compact:L1R0W0-L1R0W0-L1R0W0-L1R0W0-L1R0W0-L1R0W0-L1R0W0-L1R0W0-L1R0W0-L1R0W0-L1R0W0-L1R0W0-L1R0W0-L1R0W0-L1R0W0-L1R0W0-L1R0W0-L1R0W0-L1R0W0-L1R0W0-L1R0W0-L1R0W0-L1R0W0-L1R0W0-L1R0W0-L1R0W0-L1R0W0-L1R0W0,,,split,optimized,2,3,2,6936.7574875,6936.7574875,6935.948067,6937.566908,0.8094204999997601,2112.6959550000006,82.01819199999998,4742.0433405,,,custom:libsad_search_3b115211f38255.so,/home/rzzhang/sad_merged/sad/build/libsad_search_3b115211f38255.so
2026-08-22T16:18:12.984465+00:00,20260822T160502,joint:rzz-hea:12:4539daf9fe3becf0,ok,,rzz-hea,12,8,float64,42,32,2,128,2,1,0.75,rotation,rotation,10,10,compact:L2R0W0-L2R0W0-L1R0W0-L1R0W0-L1R0W0-L1R0W0-L1R0W0-L1R0W0-L1R0W0-L1R0W0,compact:L2R0W0-L2R0W0-L1R0W0-L1R0W0-L1R0W0-L1R0W0-L1R0W0-L1R0W0-L1R0W0-L1R0W0,,,merged,optimized,10,3,10,0.981105,0.9812757,0.9799769999999999,0.981993,0.0006187277349529873,0.3439945,0.0154916,0.6217895999999999,,,custom:libsad_search_2a8327787a9aac.so,/home/rzzhang/sad_merged/sad/build/libsad_search_2a8327787a9aac.so
2026-08-22T16:18:13.012912+00:00,20260822T160502,joint:rzz-hea:14:6514ff481c4586a4,ok,,rzz-hea,14,8,float64,42,32,2,128,2,1,0.0,legacy,legacy,0,0,,,,,not_applicable,legacy-generic,10,3,10,0.6399605,0.6399646000000001,0.6389969999999999,0.640955,0.0004402277138027825,0.1737693,0.0154422,0.4507531000000001,,,custom:libsad_search_ada51c8f4b2976.so,/home/rzzhang/sad_merged/sad/build/libsad_search_ada51c8f4b2976.so
2026-08-22T16:18:13.035928+00:00,20260822T160502,joint:rzz-hea:16:5b9dacebcf017622,ok,,rzz-hea,16,8,float64,42,128,2,32,2,2,0.25,rotation,rotation,6,6,compact:L3R0W0-L3R0W0-L3R0W0-L3R0W0-L2R0W0-L2R0W0,compact:L3R0W0-L3R0W0-L3R0W0-L3R0W0-L2R0W0-L2R0W0,,,split,optimized,5,3,5,1.166319,1.1668986000000001,1.1661800000000002,1.168549,0.000912297013039064,0.36254820000000004,0.015358799999999999,0.7889916,,,custom:libsad_search_3b115211f38255.so,/home/rzzhang/sad_merged/sad/build/libsad_search_3b115211f38255.so
2026-08-22T16:18:13.064395+00:00,20260822T160502,joint:rzz-hea:4:1e60089f70a49e66,ok,,rzz-hea,4,8,float64,42,128,2,32,2,2,0.5,rotation,rotation,2,2,compact:L2R0W0-L2R0W0,compact:L2R0W0-L2R0W0,,,split,optimized,20,3,20,0.2559715,0.25627095,0.254936,0.26013000000000003,0.001066306544807826,0.0923935,0.01534845,0.148529,,,custom:libsad_search_3b115211f38255.so,/home/rzzhang/sad_merged/sad/build/libsad_search_3b115211f38255.so
2026-08-22T16:18:13.085293+00:00,20260822T160502,joint:rzz-hea:4:c3bf9b3ee1aa4411,ok,,rzz-hea,4,8,float64,42,32,2,128,2,2,0.75,rotation,rotation,3,3,compact:L2R0W0-L1R0W0-L1R0W0,compact:L2R0W0-L1R0W0-L1R0W0,,,split,optimized,20,3,20,0.31532,0.31433695,0.308159,0.31559699999999996,0.0019801366234429275,0.10337275000000001,0.01529065,0.19567355,,,custom:libsad_search_2a0e4369743c84.so,/home/rzzhang/sad_merged/sad/build/libsad_search_2a0e4369743c84.so
2026-08-22T16:18:13.107627+00:00,20260822T160502,joint:rzz-hea:20:11daded78355c4b3,ok,,rzz-hea,20,8,float64,42,128,2,32,2,1,0.75,rotation,rotation,16,16,compact:L2R0W0-L2R0W0-L2R0W0-L2R0W0-L1R0W0-L1R0W0-L1R0W0-L1R0W0-L1R0W0-L1R0W0-L1R0W0-L1R0W0-L1R0W0-L1R0W0-L1R0W0-L1R0W0,compact:L2R0W0-L2R0W0-L2R0W0-L2R0W0-L1R0W0-L1R0W0-L1R0W0-L1R0W0-L1R0W0-L1R0W0-L1R0W0-L1R0W0-L1R0W0-L1R0W0-L1R0W0-L1R0W0,,,split,optimized,5,3,5,9.316464999999999,9.3168256,9.311109,9.323653,0.004047607767558468,2.9221268,0.09753400000000001,6.2971648,,,custom:libsad_search_7259903b8346c4.so,/home/rzzhang/sad_merged/sad/build/libsad_search_7259903b8346c4.so
2026-08-22T16:18:13.210481+00:00,20260822T160502,joint:rzz-hea:20:0d38213d75607b6c,ok,,rzz-hea,20,8,float64,42,128,2,32,2,2,0.0,rotation,rotation,3,3,compact:L5R2W0-L5R2W0-L5R1W0,compact:L5R2W0-L5R2W0-L5R1W0,,,split,optimized,5,3,5,7.450734,7.451707600000001,7.448694000000001,7.456829999999999,0.002734926002654934,1.9321742,0.0972916,5.4222418,,,custom:libsad_search_3b115211f38255.so,/home/rzzhang/sad_merged/sad/build/libsad_search_3b115211f38255.so
2026-08-22T16:18:13.290058+00:00,20260822T160502,joint:rzz-hea:4:92d36547baa16b81,ok,,rzz-hea,4,8,float64,42,32,2,32,2,2,0.5,rotation,rotation,2,2,compact:L2R0W0-L2R0W0,compact:L2R0W0-L2R0W0,,,split,optimized,20,3,20,0.24881750000000002,0.2491566,0.248754,0.24983999999999998,0.0004785508750383811,0.08522684999999999,0.015403249999999999,0.14852649999999998,,,custom:libsad_search_16d9d6cef53b3d.so,/home/rzzhang/sad_merged/sad/build/libsad_search_16d9d6cef53b3d.so
2026-08-22T16:18:13.305590+00:00,20260822T160502,joint:rzz-hea:10:6ee62bc689b3e683,ok,,rzz-hea,10,8,float64,42,32,2,128,2,2,0.5,rotation,rotation,6,6,compact:L2R0W0-L2R0W0-L2R0W0-L2R0W0-L1R0W0-L1R0W0,compact:L2R0W0-L2R0W0-L2R0W0-L2R0W0-L1R0W0-L1R0W0,,,split,optimized,10,3,10,0.711628,0.7115521,0.710347,0.712698,0.0007256757471488295,0.22597699999999998,0.0156126,0.4699625,,,custom:libsad_search_2a0e4369743c84.so,/home/rzzhang/sad_merged/sad/build/libsad_search_2a0e4369743c84.so
2026-08-22T16:18:13.324957+00:00,20260822T160502,joint:rzz-hea:8:4ec1baedf39e3575,ok,,rzz-hea,8,8,float64,42,32,2,128,2,2,0.0,rotation,rotation,2,1,compact:L4R0W0-L4R0W0,compact:L5R2W1,,,merged,optimized,20,3,20,0.335829,0.33579015,0.334769,0.33691,0.0006895240586810574,0.10284935,0.01521395,0.21772685000000003,,,custom:libsad_search_fce412939d20fb.so,/home/rzzhang/sad_merged/sad/build/libsad_search_fce412939d20fb.so
2026-08-22T16:18:13.342556+00:00,20260822T160502,joint:rzz-hea:12:455f81a7e25884d2,ok,,rzz-hea,12,8,float64,42,128,2,128,2,2,0.0,rotation,rotation,2,2,compact:L5R1W0-L5R1W0,compact:L5R1W0-L5R1W0,,,merged,optimized,10,3,10,0.530295,0.5300982,0.529372,0.5312720000000001,0.0006202607193753519,0.1666472,0.015526700000000001,0.34792429999999996,,,custom:libsad_search_b969ada61d8a74.so,/home/rzzhang/sad_merged/sad/build/libsad_search_b969ada61d8a74.so
2026-08-22T16:18:13.359353+00:00,20260822T160502,joint:rzz-hea:14:6789b9983f465bef,ok,,rzz-hea,14,8,float64,42,128,2,32,2,2,0.25,rotation,rotation,5,5,compact:L3R0W0-L3R0W0-L3R0W0-L3R0W0-L2R0W0,compact:L3R0W0-L3R0W0-L3R0W0-L3R0W0-L2R0W0,,,split,optimized,10,3,10,0.7375045,0.7390849,0.7370789999999999,0.7454709999999999,0.0031931099088506015,0.2836673,0.0153252,0.4400924,,,custom:libsad_search_3b115211f38255.so,/home/rzzhang/sad_merged/sad/build/libsad_search_3b115211f38255.so
2026-08-22T16:18:13.378401+00:00,20260822T160502,joint:rzz-hea:6:8c92a6fa234230bf,ok,,rzz-hea,6,8,float64,42,32,2,32,2,1,0.5,rotation,rotation,4,4,compact:L2R0W0-L2R0W0-L1R0W0-L1R0W0,compact:L2R0W0-L2R0W0-L1R0W0-L1R0W0,,,merged,optimized,20,3,20,0.33587100000000003,0.33461445,0.322505,0.338081,0.004885572305011978,0.11534145,0.015333449999999998,0.20393955000000002,,,custom:libsad_search_f9cdaf042a7bd6.so,/home/rzzhang/sad_merged/sad/build/libsad_search_f9cdaf042a7bd6.so
2026-08-22T16:18:13.395979+00:00,20260822T160502,joint:rzz-hea:12:23cf35eabc3341f1,ok,,rzz-hea,12,8,float64,42,32,2,32,2,2,0.0,rotation,rotation,2,2,compact:L5R1W0-L5R1W0,compact:L5R1W0-L5R1W0,,,split,optimized,10,3,10,0.48132450000000004,0.48155270000000006,0.48114700000000005,0.483005,0.000563661077244115,0.1462748,0.015433700000000002,0.3198442,,,custom:libsad_search_16d9d6cef53b3d.so,/home/rzzhang/sad_merged/sad/build/libsad_search_16d9d6cef53b3d.so
2026-08-22T16:18:13.411691+00:00,20260822T160502,joint:rzz-hea:14:085cf89510c5cae6,ok,,rzz-hea,14,8,float64,42,32,2,128,2,2,0.5,rotation,rotation,8,8,compact:L2R0W0-L2R0W0-L2R0W0-L2R0W0-L2R0W0-L2R0W0-L1R0W0-L1R0W0,compact:L2R0W0-L2R0W0-L2R0W0-L2R0W0-L2R0W0-L2R0W0-L1R0W0-L1R0W0,,,merged,optimized,10,3,10,1.023963,1.0261289999999998,1.0219880000000001,1.0311730000000001,0.003710401514661188,0.3332829,0.015468099999999999,0.6773779999999999,,,custom:libsad_search_fce412939d20fb.so,/home/rzzhang/sad_merged/sad/build/libsad_search_fce412939d20fb.so
2026-08-22T16:18:13.434900+00:00,20260822T160502,joint:rzz-hea:16:a290c9ce584f35fa,ok,,rzz-hea,16,8,float64,42,64,2,64,2,1,0.5,rotation,rotation,9,9,compact:L2R0W0-L2R0W0-L2R0W0-L2R0W0-L2R0W0-L2R0W0-L2R0W0-L1R0W0-L1R0W0,compact:L2R0W0-L2R0W0-L2R0W0-L2R0W0-L2R0W0-L2R0W0-L2R0W0-L1R0W0-L1R0W0,,,split,optimized,5,3,5,1.4561030000000001,1.4559088,1.455104,1.457096,0.000745964449555083,0.468572,0.0154346,0.9719022,,,custom:libsad_search_7ec063ebc99501.so,/home/rzzhang/sad_merged/sad/build/libsad_search_7ec063ebc99501.so
2026-08-22T16:18:13.456735+00:00,20260822T160502,joint:rzz-hea:10:2ab1e201d01459a6,ok,,rzz-hea,10,8,float64,42,128,2,128,2,2,1.0,rotation,rotation,10,10,compact:L1R0W0-L1R0W0-L1R0W0-L1R0W0-L1R0W0-L1R0W0-L1R0W0-L1R0W0-L1R0W0-L1R0W0,compact:L1R0W0-L1R0W0-L1R0W0-L1R0W0-L1R0W0-L1R0W0-L1R0W0-L1R0W0-L1R0W0-L1R0W0,,,split,optimized,10,3,10,1.01736,1.0178375,1.0159179999999999,1.0239820000000002,0.0021450251863323853,0.3807613,0.015569900000000001,0.6215063,,,custom:libsad_search_d02bea87aa5c56.so,/home/rzzhang/sad_merged/sad/build/libsad_search_d02bea87aa5c56.so
2026-08-22T16:18:13.480558+00:00,20260822T160502,joint:rzz-hea:22:df2d24253bb64649,ok,,rzz-hea,22,8,float64,42,32,2,128,2,1,0.0,rotation,rotation,4,3,compact:L5R1W0-L5R1W0-L5R0W0-L5R0W0,compact:L5R2W1-L5R2W0-L5R2W0,,,merged,optimized,3,3,3,34.917753,34.90316766666667,34.872883,34.918867,0.021419321889876743,7.231622333333333,0.4313976666666666,27.24014766666667,,,custom:libsad_search_2a8327787a9aac.so,/home/rzzhang/sad_merged/sad/build/libsad_search_2a8327787a9aac.so
2026-08-22T16:18:13.713648+00:00,20260822T160502,joint:rzz-hea:26:56137fe8c5d845b2,ok,,rzz-hea,26,8,float64,42,32,2,128,2,2,1.0,rotation,rotation,26,26,compact:L1R0W0-L1R0W0-L1R0W0-L1R0W0-L1R0W0-L1R0W0-L1R0W0-L1R0W0-L1R0W0-L1R0W0-L1R0W0-L1R0W0-L1R0W0-L1R0W0-L1R0W0-L1R0W0-L1R0W0-L1R0W0-L1R0W0-L1R0W0-L1R0W0-L1R0W0-L1R0W0-L1R0W0-L1R0W0-L1R0W0,compact:L1R0W0-L1R0W0-L1R0W0-L1R0W0-L1R0W0-L1R0W0-L1R0W0-L1R0W0-L1R0W0-L1R0W0-L1R0W0-L1R0W0-L1R0W0-L1R0W0-L1R0W0-L1R0W0-L1R0W0-L1R0W0-L1R0W0-L1R0W0-L1R0W0-L1R0W0-L1R0W0-L1R0W0-L1R0W0-L1R0W0,,,merged,optimized,2,3,2,1599.0811755,1599.0811755,1598.6726199999998,1599.4897310000001,0.40855550000014773,453.15407600000003,10.173637,1135.7534624999998,,,custom:libsad_search_fce412939d20fb.so,/home/rzzhang/sad_merged/sad/build/libsad_search_fce412939d20fb.so
2026-08-22T16:18:21.738870+00:00,20260822T160502,joint:rzz-hea:24:5ae441ec22e189e4,ok,,rzz-hea,24,8,float64,42,32,2,128,2,2,0.25,rotation,rotation,9,8,compact:L3R0W0-L3R0W0-L3R0W0-L3R0W0-L3R0W0-L3R0W0-L2R0W0-L2R0W0-L2R0W0,compact:L3R0W0-L3R0W0-L3R0W0-L3R0W0-L3R0W0-L3R0W0-L3R0W0-L3R0W0,,,split,optimized,3,3,3,161.828924,161.817523,161.79444199999998,161.829203,0.01632112906634952,53.05387,1.7660286666666667,106.99762433333333,,,custom:libsad_search_2a0e4369743c84.so,/home/rzzhang/sad_merged/sad/build/libsad_search_2a0e4369743c84.so
2026-08-22T16:18:22.747257+00:00,20260822T160502,joint:rzz-hea:26:a06c7e15d7b69445,ok,,rzz-hea,26,8,float64,42,128,2,128,2,1,0.5,rotation,rotation,14,14,compact:L2R0W0-L2R0W0-L2R0W0-L2R0W0-L2R0W0-L2R0W0-L2R0W0-L2R0W0-L2R0W0-L2R0W0-L2R0W0-L2R0W0-L1R0W0-L1R0W0,compact:L2R0W0-L2R0W0-L2R0W0-L2R0W0-L2R0W0-L2R0W0-L2R0W0-L2R0W0-L2R0W0-L2R0W0-L2R0W0-L2R0W0-L1R0W0-L1R0W0,,,split,optimized,2,3,2,965.9975555000001,965.9975555000001,965.876714,966.1183970000001,0.12084150000004001,297.600293,10.230362999999999,658.1668995000001,,,custom:libsad_search_9361435758c99d.so,/home/rzzhang/sad_merged/sad/build/libsad_search_9361435758c99d.so
2026-08-22T16:18:27.604430+00:00,20260822T160502,joint:rzz-hea:4:e8c3012a8682e84f,ok,,rzz-hea,4,8,float64,42,32,2,128,2,1,0.75,rotation,rotation,3,3,compact:L2R0W0-L1R0W0-L1R0W0,compact:L2R0W0-L1R0W0-L1R0W0,,,split,optimized,20,3,20,0.3143105,0.3138116,0.309057,0.316421,0.001696094260352288,0.1027477,0.0154979,0.19556600000000002,,,custom:libsad_search_0e4f539ceca897.so,/home/rzzhang/sad_merged/sad/build/libsad_search_0e4f539ceca897.so
2026-08-22T16:18:27.631415+00:00,20260822T160502,joint:rzz-hea:26:21d0eddbe7dbfc49,ok,,rzz-hea,26,8,float64,42,128,2,128,2,1,0.0,legacy,legacy,0,0,,,,,not_applicable,legacy-generic,2,3,2,622.69636,622.69636,622.683985,622.708735,0.012375000000020009,173.91340350000002,10.280722500000001,438.502234,,,custom:libsad_search_78e231cd0d5107.so,/home/rzzhang/sad_merged/sad/build/libsad_search_78e231cd0d5107.so
2026-08-22T16:18:30.782080+00:00,20260822T160502,joint:rzz-hea:10:dceaef4378d9e308,ok,,rzz-hea,10,8,float64,42,128,2,32,2,1,0.0,legacy,legacy,0,0,,,,,not_applicable,legacy-generic,10,3,10,0.459268,0.4591302,0.455424,0.46086,0.0014542879907363609,0.1728664,0.015595,0.2706688,,,custom:libsad_search_eaf59e83158800.so,/home/rzzhang/sad_merged/sad/build/libsad_search_eaf59e83158800.so
2026-08-22T16:18:30.803964+00:00,20260822T160502,joint:rzz-hea:16:58d7e88ad7adc9a7,ok,,rzz-hea,16,8,float64,42,64,2,64,2,2,0.5,rotation,rotation,9,9,compact:L2R0W0-L2R0W0-L2R0W0-L2R0W0-L2R0W0-L2R0W0-L2R0W0-L1R0W0-L1R0W0,compact:L2R0W0-L2R0W0-L2R0W0-L2R0W0-L2R0W0-L2R0W0-L2R0W0-L1R0W0-L1R0W0,,,merged,optimized,5,3,5,1.487823,1.487616,1.4868230000000002,1.48787,0.0003987976930724773,0.4475844,0.0154968,1.0245347999999999,,,custom:libsad_search_97eec9f2a848ec.so,/home/rzzhang/sad_merged/sad/build/libsad_search_97eec9f2a848ec.so
2026-08-22T16:18:30.835530+00:00,20260822T160502,joint:rzz-hea:14:51fe37a04f81a77a,ok,,rzz-hea,14,8,float64,42,64,2,64,2,2,0.5,rotation,rotation,8,8,compact:L2R0W0-L2R0W0-L2R0W0-L2R0W0-L2R0W0-L2R0W0-L1R0W0-L1R0W0,compact:L2R0W0-L2R0W0-L2R0W0-L2R0W0-L2R0W0-L2R0W0-L1R0W0-L1R0W0,,,split,optimized,10,3,10,0.9282265000000001,0.9276215999999999,0.921614,0.929764,0.002171884950912442,0.33948259999999997,0.015525099999999998,0.5726139,,,custom:libsad_search_20c37ff249ec0a.so,/home/rzzhang/sad_merged/sad/build/libsad_search_20c37ff249ec0a.so
2026-08-22T16:18:30.857878+00:00,20260822T160502,joint:rzz-hea:22:3280f18ddff08801,ok,,rzz-hea,22,8,float64,42,64,2,64,2,1,0.25,rotation,rotation,8,8,compact:L3R0W0-L3R0W0-L3R0W0-L3R0W0-L3R0W0-L3R0W0-L2R0W0-L2R0W0,compact:L3R0W0-L3R0W0-L3R0W0-L3R0W0-L3R0W0-L3R0W0-L2R0W0-L2R0W0,,,merged,optimized,3,3,3,35.729835,35.69886366666667,35.294776,36.07198,0.3180470950664751,7.110801333333333,0.4068576666666666,28.181204666666666,,,custom:libsad_search_7e5293342e215a.so,/home/rzzhang/sad_merged/sad/build/libsad_search_7e5293342e215a.so
2026-08-22T16:18:31.094340+00:00,20260822T160502,joint:rzz-hea:24:fc4a1c128beb61ec,ok,,rzz-hea,24,8,float64,42,32,2,128,2,1,0.0,legacy,legacy,0,0,,,,,not_applicable,legacy-generic,3,3,3,144.94732100000002,144.9941006666667,144.88790300000002,145.14707800000002,0.11085778597324135,41.086921,1.778673,102.12850666666668,,,custom:libsad_search_ada51c8f4b2976.so,/home/rzzhang/sad_merged/sad/build/libsad_search_ada51c8f4b2976.so
2026-08-22T16:18:32.003034+00:00,20260822T160502,joint:rzz-hea:16:684f3ab20a64396c,ok,,rzz-hea,16,8,float64,42,128,2,128,2,2,0.0,rotation,rotation,2,2,compact:L5R2W1-L5R2W1,compact:L5R2W1-L5R2W1,,,split,optimized,5,3,5,0.920531,0.9187728,0.914455,0.921669,0.003076735698756035,0.2169176,0.015549400000000001,0.6863058,,,custom:libsad_search_d02bea87aa5c56.so,/home/rzzhang/sad_merged/sad/build/libsad_search_d02bea87aa5c56.so
2026-08-22T16:18:32.020784+00:00,20260822T160502,joint:rzz-hea:28:339c133960f8ca5d,ok,,rzz-hea,28,8,float64,42,64,2,64,2,1,1.0,rotation,rotation,28,28,compact:L1R0W0-L1R0W0-L1R0W0-L1R0W0-L1R0W0-L1R0W0-L1R0W0-L1R0W0-L1R0W0-L1R0W0-L1R0W0-L1R0W0-L1R0W0-L1R0W0-L1R0W0-L1R0W0-L1R0W0-L1R0W0-L1R0W0-L1R0W0-L1R0W0-L1R0W0-L1R0W0-L1R0W0-L1R0W0-L1R0W0-L1R0W0-L1R0W0,compact:L1R0W0-L1R0W0-L1R0W0-L1R0W0-L1R0W0-L1R0W0-L1R0W0-L1R0W0-L1R0W0-L1R0W0-L1R0W0-L1R0W0-L1R0W0-L1R0W0-L1R0W0-L1R0W0-L1R0W0-L1R0W0-L1R0W0-L1R0W0-L1R0W0-L1R0W0-L1R0W0-L1R0W0-L1R0W0-L1R0W0-L1R0W0-L1R0W0,,,split,optimized,2,3,2,6938.454548,6938.454548,6937.541522,6939.367574,0.9130259999997179,2111.1811705,81.1526215,4746.120756,,,custom:libsad_search_7ec063ebc99501.so,/home/rzzhang/sad_merged/sad/build/libsad_search_7ec063ebc99501.so
2026-08-22T16:19:06.746268+00:00,20260822T160502,joint:rzz-hea:28:aea8858d781bf9ff,ok,,rzz-hea,28,8,float64,42,32,2,32,2,1,1.0,rotation,rotation,28,28,compact:L1R0W0-L1R0W0-L1R0W0-L1R0W0-L1R0W0-L1R0W0-L1R0W0-L1R0W0-L1R0W0-L1R0W0-L1R0W0-L1R0W0-L1R0W0-L1R0W0-L1R0W0-L1R0W0-L1R0W0-L1R0W0-L1R0W0-L1R0W0-L1R0W0-L1R0W0-L1R0W0-L1R0W0-L1R0W0-L1R0W0-L1R0W0-L1R0W0,compact:L1R0W0-L1R0W0-L1R0W0-L1R0W0-L1R0W0-L1R0W0-L1R0W0-L1R0W0-L1R0W0-L1R0W0-L1R0W0-L1R0W0-L1R0W0-L1R0W0-L1R0W0-L1R0W0-L1R0W0-L1R0W0-L1R0W0-L1R0W0-L1R0W0-L1R0W0-L1R0W0-L1R0W0-L1R0W0-L1R0W0-L1R0W0-L1R0W0,,,split,optimized,2,3,2,6931.034154500001,6931.034154500001,6930.748477000001,6931.319832,0.28567749999956504,2108.5418059999997,80.56983749999999,4741.922511000001,,,custom:libsad_search_3cb67c7e18cc99.so,/home/rzzhang/sad_merged/sad/build/libsad_search_3cb67c7e18cc99.so
2026-08-22T16:19:41.683151+00:00,20260822T160502,joint:rzz-hea:12:903185aefd167fd1,ok,,rzz-hea,12,8,float64,42,128,2,128,2,1,0.0,legacy,legacy,0,0,,,,,not_applicable,legacy-generic,10,3,10,0.5998855000000001,0.6001386,0.5988829999999999,0.6021569999999999,0.0010708593931978113,0.1909066,0.0156673,0.39356470000000005,,,custom:libsad_search_78e231cd0d5107.so,/home/rzzhang/sad_merged/sad/build/libsad_search_78e231cd0d5107.so
2026-08-22T16:19:41.709502+00:00,20260822T160502,joint:rzz-hea:6:f7ea336cb27d09e5,ok,,rzz-hea,6,8,float64,42,128,2,128,2,2,0.75,rotation,rotation,5,5,compact:L2R0W0-L1R0W0-L1R0W0-L1R0W0-L1R0W0,compact:L2R0W0-L1R0W0-L1R0W0-L1R0W0-L1R0W0,,,split,optimized,20,3,20,0.4623085,0.46235695000000004,0.460757,0.463878,0.000764223493161514,0.1627664,0.01537285,0.28421769999999996,,,custom:libsad_search_d02bea87aa5c56.so,/home/rzzhang/sad_merged/sad/build/libsad_search_d02bea87aa5c56.so
2026-08-22T16:19:41.746453+00:00,20260822T160502,joint:rzz-hea:10:bf1e37d7775b70a7,ok,,rzz-hea,10,8,float64,42,32,2,128,2,2,0.25,rotation,rotation,4,4,compact:L3R0W0-L3R0W0-L2R0W0-L2R0W0,compact:L3R0W0-L3R0W0-L2R0W0-L2R0W0,,,merged,optimized,10,3,10,0.544681,0.5451193,0.5435150000000001,0.550837,0.0019536581098032516,0.1682844,0.0154645,0.3613704,,,custom:libsad_search_fce412939d20fb.so,/home/rzzhang/sad_merged/sad/build/libsad_search_fce412939d20fb.so
2026-08-22T16:19:41.775301+00:00,20260822T160502,joint:rzz-hea:12:a92f70e3da39010d,ok,,rzz-hea,12,8,float64,42,128,2,128,2,2,1.0,rotation,rotation,12,12,compact:L1R0W0-L1R0W0-L1R0W0-L1R0W0-L1R0W0-L1R0W0-L1R0W0-L1R0W0-L1R0W0-L1R0W0-L1R0W0-L1R0W0,compact:L1R0W0-L1R0W0-L1R0W0-L1R0W0-L1R0W0-L1R0W0-L1R0W0-L1R0W0-L1R0W0-L1R0W0-L1R0W0-L1R0W0,,,split,optimized,10,3,10,1.2190629999999998,1.2176240999999999,1.2133950000000002,1.220745,0.0025720545270269297,0.46433589999999997,0.014957699999999999,0.7383305,,,custom:libsad_search_d02bea87aa5c56.so,/home/rzzhang/sad_merged/sad/build/libsad_search_d02bea87aa5c56.so
2026-08-22T16:19:41.812530+00:00,20260822T160502,joint:rzz-hea:22:141c954dd4368007,ok,,rzz-hea,22,8,float64,42,128,2,128,2,2,0.75,rotation,rotation,17,17,compact:L2R0W0-L2R0W0-L2R0W0-L2R0W0-L2R0W0-L1R0W0-L1R0W0-L1R0W0-L1R0W0-L1R0W0-L1R0W0-L1R0W0-L1R0W0-L1R0W0-L1R0W0-L1R0W0-L1R0W0,compact:L2R0W0-L2R0W0-L2R0W0-L2R0W0-L2R0W0-L1R0W0-L1R0W0-L1R0W0-L1R0W0-L1R0W0-L1R0W0-L1R0W0-L1R0W0-L1R0W0-L1R0W0-L1R0W0-L1R0W0,,,merged,optimized,3,3,3,60.28566000000001,60.27757233333333,60.250105,60.296952,0.019961932376958594,10.673890333333333,0.4018816666666667,49.20180033333333,,,custom:libsad_search_b969ada61d8a74.so,/home/rzzhang/sad_merged/sad/build/libsad_search_b969ada61d8a74.so
2026-08-22T16:19:42.223301+00:00,20260822T160502,joint:rzz-hea:6:af613d32066bb7d1,ok,,rzz-hea,6,8,float64,42,32,2,128,2,2,0.25,rotation,rotation,2,2,compact:L3R0W0-L3R0W0,compact:L3R0W0-L3R0W0,,,split,optimized,20,3,20,0.3327785,0.3327678,0.331712,0.33404700000000004,0.000662789453748323,0.0955378,0.015231449999999999,0.22199855,,,custom:libsad_search_2a0e4369743c84.so,/home/rzzhang/sad_merged/sad/build/libsad_search_2a0e4369743c84.so
2026-08-22T16:19:42.246791+00:00,20260822T160502,joint:rzz-hea:26:c08c017c019b6abe,ok,,rzz-hea,26,8,float64,42,32,2,128,2,2,0.25,rotation,rotation,10,9,compact:L3R0W0-L3R0W0-L3R0W0-L3R0W0-L3R0W0-L3R0W0-L2R0W0-L2R0W0-L2R0W0-L2R0W0,compact:L3R0W0-L3R0W0-L3R0W0-L3R0W0-L3R0W0-L3R0W0-L3R0W0-L3R0W0-L2R0W0,,,split,optimized,2,3,2,708.5768894999999,708.5768894999999,708.5012029999999,708.652576,0.07568650000001753,230.6241275,10.402199000000001,467.55056299999995,,,custom:libsad_search_2a0e4369743c84.so,/home/rzzhang/sad_merged/sad/build/libsad_search_2a0e4369743c84.so
2026-08-22T16:19:45.828118+00:00,20260822T160502,joint:rzz-hea:18:5080b9caaa1dbfcf,ok,,rzz-hea,18,8,float64,42,128,2,32,2,2,0.25,rotation,rotation,6,7,compact:L3R0W0-L3R0W0-L3R0W0-L3R0W0-L3R0W0-L3R0W0,compact:L3R0W0-L3R0W0-L3R0W0-L3R0W0-L2R0W0-L2R0W0-L2R0W0,,,split,optimized,5,3,5,2.504696,2.5050884,2.503632,2.5066949999999997,0.0010416653205323433,0.7364658000000001,0.031801600000000006,1.7368210000000002,,,custom:libsad_search_3b115211f38255.so,/home/rzzhang/sad_merged/sad/build/libsad_search_3b115211f38255.so
2026-08-22T16:19:45.886144+00:00,20260822T160502,joint:rzz-hea:22:9966141075979a3c,ok,,rzz-hea,22,8,float64,42,32,2,32,2,1,0.0,rotation,rotation,4,4,compact:L5R1W0-L5R1W0-L5R0W0-L5R0W0,compact:L5R1W0-L5R1W0-L5R0W0-L5R0W0,,,merged,optimized,3,3,3,33.937909000000005,33.93585266666667,33.918155,33.951494,0.01368803882551757,7.188110333333333,0.42516566666666666,26.322576666666667,,,custom:libsad_search_f9cdaf042a7bd6.so,/home/rzzhang/sad_merged/sad/build/libsad_search_f9cdaf042a7bd6.so
2026-08-22T16:19:46.119956+00:00,20260822T160502,joint:rzz-hea:16:c48f2bcdda702fb5,ok,,rzz-hea,16,8,float64,42,128,2,32,2,1,0.5,rotation,rotation,9,10,compact:L2R0W0-L2R0W0-L2R0W0-L2R0W0-L2R0W0-L2R0W0-L2R0W0-L1R0W0-L1R0W0,compact:L2R0W0-L2R0W0-L2R0W0-L2R0W0-L2R0W0-L2R0W0-L1R0W0-L1R0W0-L1R0W0-L1R0W0,,,split,optimized,5,3,5,1.48787,1.4880546000000001,1.4878090000000002,1.488859,0.00040287794677787815,0.49440520000000004,0.015404599999999997,0.9782447999999999,,,custom:libsad_search_7259903b8346c4.so,/home/rzzhang/sad_merged/sad/build/libsad_search_7259903b8346c4.so
2026-08-22T16:19:46.147880+00:00,20260822T160502,joint:rzz-hea:6:a163a1d559bbc91d,ok,,rzz-hea,6,8,float64,42,32,2,128,2,1,0.75,rotation,rotation,5,5,compact:L2R0W0-L1R0W0-L1R0W0-L1R0W0-L1R0W0,compact:L2R0W0-L1R0W0-L1R0W0-L1R0W0-L1R0W0,,,merged,optimized,20,3,20,0.4279775,0.427131,0.421076,0.42904,0.0021342268623555432,0.1357639,0.015228799999999999,0.2761383,,,custom:libsad_search_2a8327787a9aac.so,/home/rzzhang/sad_merged/sad/build/libsad_search_2a8327787a9aac.so
2026-08-22T16:19:46.172346+00:00,20260822T160502,joint:rzz-hea:14:f6b76520bddaf290,ok,,rzz-hea,14,8,float64,42,128,2,32,2,2,0.5,rotation,rotation,8,8,compact:L2R0W0-L2R0W0-L2R0W0-L2R0W0-L2R0W0-L2R0W0-L1R0W0-L1R0W0,compact:L2R0W0-L2R0W0-L2R0W0-L2R0W0-L2R0W0-L2R0W0-L1R0W0-L1R0W0,,,split,optimized,10,3,10,0.9799365,0.9809654,0.9788889999999999,0.9870840000000001,0.003057567307517572,0.39924649999999995,0.0153449,0.566374,,,custom:libsad_search_3b115211f38255.so,/home/rzzhang/sad_merged/sad/build/libsad_search_3b115211f38255.so
2026-08-22T16:19:46.199636+00:00,20260822T160502,joint:rzz-hea:22:1d432545dea34050,ok,,rzz-hea,22,8,float64,42,32,2,32,2,2,1.0,rotation,rotation,22,22,compact:L1R0W0-L1R0W0-L1R0W0-L1R0W0-L1R0W0-L1R0W0-L1R0W0-L1R0W0-L1R0W0-L1R0W0-L1R0W0-L1R0W0-L1R0W0-L1R0W0-L1R0W0-L1R0W0-L1R0W0-L1R0W0-L1R0W0-L1R0W0-L1R0W0-L1R0W0,compact:L1R0W0-L1R0W0-L1R0W0-L1R0W0-L1R0W0-L1R0W0-L1R0W0-L1R0W0-L1R0W0-L1R0W0-L1R0W0-L1R0W0-L1R0W0-L1R0W0-L1R0W0-L1R0W0-L1R0W0-L1R0W0-L1R0W0-L1R0W0-L1R0W0-L1R0W0,,,merged,optimized,3,3,3,75.016287,74.93915233333333,74.558555,75.242615,0.2845427191141775,13.200184666666665,0.4205746666666667,61.318393,,,custom:libsad_search_dcff342f285260.so,/home/rzzhang/sad_merged/sad/build/libsad_search_dcff342f285260.so
2026-08-22T16:19:46.684525+00:00,20260822T160502,joint:rzz-hea:12:2b17677b634c3015,ok,,rzz-hea,12,8,float64,42,128,2,128,2,1,0.75,rotation,rotation,10,10,compact:L2R0W0-L2R0W0-L1R0W0-L1R0W0-L1R0W0-L1R0W0-L1R0W0-L1R0W0-L1R0W0-L1R0W0,compact:L2R0W0-L2R0W0-L1R0W0-L1R0W0-L1R0W0-L1R0W0-L1R0W0-L1R0W0-L1R0W0-L1R0W0,,,split,optimized,10,3,10,1.103772,1.1026215000000001,1.0946100000000003,1.103967,0.002710875513556364,0.41026440000000003,0.014815600000000002,0.6775415,,,custom:libsad_search_9361435758c99d.so,/home/rzzhang/sad_merged/sad/build/libsad_search_9361435758c99d.so
2026-08-22T16:19:46.714750+00:00,20260822T160502,joint:rzz-hea:24:9ae3d2cf3ac5c68a,ok,,rzz-hea,24,8,float64,42,32,2,128,2,2,0.5,rotation,rotation,14,14,compact:L2R0W0-L2R0W0-L2R0W0-L2R0W0-L2R0W0-L2R0W0-L2R0W0-L2R0W0-L2R0W0-L2R0W0-L1R0W0-L1R0W0-L1R0W0-L1R0W0,compact:L2R0W0-L2R0W0-L2R0W0-L2R0W0-L2R0W0-L2R0W0-L2R0W0-L2R0W0-L2R0W0-L2R0W0-L1R0W0-L1R0W0-L1R0W0-L1R0W0,,,split,optimized,3,3,3,239.448656,239.44997800000002,239.43942,239.46185800000003,0.009207848970680138,73.66316233333332,1.7729583333333332,164.01385733333333,,,custom:libsad_search_2a0e4369743c84.so,/home/rzzhang/sad_merged/sad/build/libsad_search_2a0e4369743c84.so
2026-08-22T16:19:48.184162+00:00,20260822T160502,joint:rzz-hea:24:41139fdd409e47df,ok,,rzz-hea,24,8,float64,42,128,2,128,2,2,1.0,rotation,rotation,24,24,compact:L1R0W0-L1R0W0-L1R0W0-L1R0W0-L1R0W0-L1R0W0-L1R0W0-L1R0W0-L1R0W0-L1R0W0-L1R0W0-L1R0W0-L1R0W0-L1R0W0-L1R0W0-L1R0W0-L1R0W0-L1R0W0-L1R0W0-L1R0W0-L1R0W0-L1R0W0-L1R0W0-L1R0W0,compact:L1R0W0-L1R0W0-L1R0W0-L1R0W0-L1R0W0-L1R0W0-L1R0W0-L1R0W0-L1R0W0-L1R0W0-L1R0W0-L1R0W0-L1R0W0-L1R0W0-L1R0W0-L1R0W0-L1R0W0-L1R0W0-L1R0W0-L1R0W0-L1R0W0-L1R0W0-L1R0W0-L1R0W0,,,split,optimized,3,3,3,375.524345,375.52624399999996,375.52259100000003,375.53179600000004,0.003990627101943196,115.58947800000001,1.7650303333333333,258.1717356666667,,,custom:libsad_search_d02bea87aa5c56.so,/home/rzzhang/sad_merged/sad/build/libsad_search_d02bea87aa5c56.so
2026-08-22T16:19:50.469923+00:00,20260822T160502,joint:rzz-hea:20:184e6db001f0ef4c,ok,,rzz-hea,20,8,float64,42,32,2,128,2,1,0.75,rotation,rotation,16,16,compact:L2R0W0-L2R0W0-L2R0W0-L2R0W0-L1R0W0-L1R0W0-L1R0W0-L1R0W0-L1R0W0-L1R0W0-L1R0W0-L1R0W0-L1R0W0-L1R0W0-L1R0W0-L1R0W0,compact:L2R0W0-L2R0W0-L2R0W0-L2R0W0-L1R0W0-L1R0W0-L1R0W0-L1R0W0-L1R0W0-L1R0W0-L1R0W0-L1R0W0-L1R0W0-L1R0W0-L1R0W0-L1R0W0,,,split,optimized,5,3,5,9.716652,9.717035200000002,9.710785999999999,9.726181,0.00541441968820338,3.0317772,0.097152,6.588106000000001,,,custom:libsad_search_0e4f539ceca897.so,/home/rzzhang/sad_merged/sad/build/libsad_search_0e4f539ceca897.so
2026-08-22T16:19:50.559509+00:00,20260822T160502,joint:rzz-hea:20:c2f31fb418c2b510,ok,,rzz-hea,20,8,float64,42,128,2,128,2,2,1.0,rotation,rotation,20,20,compact:L1R0W0-L1R0W0-L1R0W0-L1R0W0-L1R0W0-L1R0W0-L1R0W0-L1R0W0-L1R0W0-L1R0W0-L1R0W0-L1R0W0-L1R0W0-L1R0W0-L1R0W0-L1R0W0-L1R0W0-L1R0W0-L1R0W0-L1R0W0,compact:L1R0W0-L1R0W0-L1R0W0-L1R0W0-L1R0W0-L1R0W0-L1R0W0-L1R0W0-L1R0W0-L1R0W0-L1R0W0-L1R0W0-L1R0W0-L1R0W0-L1R0W0-L1R0W0-L1R0W0-L1R0W0-L1R0W0-L1R0W0,,,split,optimized,5,3,5,10.427535,10.423865000000001,10.412205,10.431578,0.0074068883885205685,3.2787226,0.102407,7.0427354,,,custom:libsad_search_d02bea87aa5c56.so,/home/rzzhang/sad_merged/sad/build/libsad_search_d02bea87aa5c56.so
2026-08-22T16:19:50.653905+00:00,20260822T160502,joint:rzz-hea:20:65f07a38432b1b20,ok,,rzz-hea,20,8,float64,42,32,2,32,2,2,0.0,rotation,rotation,3,3,compact:L5R2W0-L5R2W0-L5R1W0,compact:L5R2W0-L5R2W0-L5R1W0,,,merged,optimized,5,3,5,7.918926999999999,7.9176345999999995,7.911435,7.919707,0.0031203129073858224,1.7246139999999999,0.10251559999999998,6.090505,,,custom:libsad_search_dcff342f285260.so,/home/rzzhang/sad_merged/sad/build/libsad_search_dcff342f285260.so
2026-08-22T16:19:50.728063+00:00,20260822T160502,joint:rzz-hea:10:f9d92508bd2a3007,ok,,rzz-hea,10,8,float64,42,128,2,32,2,2,0.25,rotation,rotation,4,4,compact:L3R0W0-L3R0W0-L2R0W0-L2R0W0,compact:L3R0W0-L3R0W0-L2R0W0-L2R0W0,,,merged,optimized,10,3,10,0.510949,0.5115535999999999,0.5108269999999999,0.51309,0.0008847621375262301,0.2084677,0.0152073,0.2878786,,,custom:libsad_search_d014591f51543a.so,/home/rzzhang/sad_merged/sad/build/libsad_search_d014591f51543a.so
2026-08-22T16:19:50.744552+00:00,20260822T160502,joint:rzz-hea:18:5da4e8f9d5ee6869,ok,,rzz-hea,18,8,float64,42,32,2,128,2,1,0.0,rotation,rotation,3,2,compact:L5R1W0-L5R1W0-L5R1W0,compact:L5R2W2-L5R2W2,,,split,optimized,5,3,5,2.3788080000000003,2.3805934,2.378704,2.38693,0.0031911811982399266,0.6507769999999999,0.033559399999999996,1.6962570000000001,,,custom:libsad_search_0e4f539ceca897.so,/home/rzzhang/sad_merged/sad/build/libsad_search_0e4f539ceca897.so
2026-08-22T16:19:50.773512+00:00,20260822T160502,joint:rzz-hea:20:c89994343a3a44b1,ok,,rzz-hea,20,8,float64,42,128,2,32,2,1,0.0,rotation,rotation,3,3,compact:L5R2W0-L5R2W0-L5R1W0,compact:L5R2W0-L5R2W0-L5R1W0,,,split,optimized,5,3,5,7.921792000000001,7.9225732,7.918621000000001,7.9289260000000015,0.003463708382644595,2.0656825999999997,0.1055048,5.7513857999999995,,,custom:libsad_search_7259903b8346c4.so,/home/rzzhang/sad_merged/sad/build/libsad_search_7259903b8346c4.so
2026-08-22T16:19:50.848136+00:00,20260822T160502,joint:rzz-hea:6:87c7f857c0a2fc37,ok,,rzz-hea,6,8,float64,42,32,2,128,2,2,1.0,rotation,rotation,6,6,compact:L1R0W0-L1R0W0-L1R0W0-L1R0W0-L1R0W0-L1R0W0,compact:L1R0W0-L1R0W0-L1R0W0-L1R0W0-L1R0W0-L1R0W0,,,split,optimized,20,3,20,0.516084,0.51616645,0.513959,0.5181000000000001,0.0007906269331992273,0.17797815,0.015474050000000001,0.32271425000000004,,,custom:libsad_search_2a0e4369743c84.so,/home/rzzhang/sad_merged/sad/build/libsad_search_2a0e4369743c84.so
2026-08-22T16:19:50.870048+00:00,20260822T160502,joint:rzz-hea:4:763e316f0852587b,ok,,rzz-hea,4,8,float64,42,32,2,32,2,2,0.0,rotation,rotation,1,1,compact:L4R0W0,compact:L4R0W0,,,split,optimized,20,3,20,0.219641,0.2197161,0.218944,0.22121200000000002,0.0006917499475966776,0.07132325,0.015194200000000001,0.13319865,,,custom:libsad_search_16d9d6cef53b3d.so,/home/rzzhang/sad_merged/sad/build/libsad_search_16d9d6cef53b3d.so
2026-08-22T16:19:50.884891+00:00,20260822T160502,joint:rzz-hea:26:1c15e97842a3ed9c,ok,,rzz-hea,26,8,float64,42,128,2,128,2,2,0.75,rotation,rotation,20,20,compact:L2R0W0-L2R0W0-L2R0W0-L2R0W0-L2R0W0-L2R0W0-L1R0W0-L1R0W0-L1R0W0-L1R0W0-L1R0W0-L1R0W0-L1R0W0-L1R0W0-L1R0W0-L1R0W0-L1R0W0-L1R0W0-L1R0W0-L1R0W0,compact:L2R0W0-L2R0W0-L2R0W0-L2R0W0-L2R0W0-L2R0W0-L1R0W0-L1R0W0-L1R0W0-L1R0W0-L1R0W0-L1R0W0-L1R0W0-L1R0W0-L1R0W0-L1R0W0-L1R0W0-L1R0W0-L1R0W0-L1R0W0,,,split,optimized,2,3,2,1290.4556695,1290.4556695,1290.161802,1290.749537,0.29386749999991935,396.1077985,10.281288499999999,884.0665825,,,custom:libsad_search_d02bea87aa5c56.so,/home/rzzhang/sad_merged/sad/build/libsad_search_d02bea87aa5c56.so
2026-08-22T16:19:57.366330+00:00,20260822T160502,joint:rzz-hea:16:14f21654366e2525,ok,,rzz-hea,16,8,float64,42,64,2,64,2,2,1.0,rotation,rotation,16,16,compact:L1R0W0-L1R0W0-L1R0W0-L1R0W0-L1R0W0-L1R0W0-L1R0W0-L1R0W0-L1R0W0-L1R0W0-L1R0W0-L1R0W0-L1R0W0-L1R0W0-L1R0W0-L1R0W0,compact:L1R0W0-L1R0W0-L1R0W0-L1R0W0-L1R0W0-L1R0W0-L1R0W0-L1R0W0-L1R0W0-L1R0W0-L1R0W0-L1R0W0-L1R0W0-L1R0W0-L1R0W0-L1R0W0,,,split,optimized,5,3,5,1.921043,1.922043,1.9210170000000002,1.92507,0.0015649808944520653,0.6886624,0.015558599999999997,1.217822,,,custom:libsad_search_20c37ff249ec0a.so,/home/rzzhang/sad_merged/sad/build/libsad_search_20c37ff249ec0a.so
2026-08-22T16:19:57.401609+00:00,20260822T160502,joint:rzz-hea:6:9c8f8f6747f26165,ok,,rzz-hea,6,8,float64,42,64,2,64,2,1,0.5,rotation,rotation,4,4,compact:L2R0W0-L2R0W0-L1R0W0-L1R0W0,compact:L2R0W0-L2R0W0-L1R0W0-L1R0W0,,,split,optimized,20,3,20,0.3768515,0.37709945,0.37578,0.378997,0.0007932557894525499,0.13442400000000002,0.01547145,0.227204,,,custom:libsad_search_7ec063ebc99501.so,/home/rzzhang/sad_merged/sad/build/libsad_search_7ec063ebc99501.so
2026-08-22T16:19:57.423035+00:00,20260822T160502,joint:rzz-hea:10:d2bea2a9dd91d8e4,ok,,rzz-hea,10,8,float64,42,128,2,128,2,1,0.0,rotation,rotation,2,2,compact:L5R0W0-L5R0W0,compact:L5R0W0-L5R0W0,,,split,optimized,10,3,10,0.513004,0.5129868999999999,0.511661,0.5139809999999999,0.0005752245561517532,0.15216559999999998,0.0153594,0.3454619,,,custom:libsad_search_9361435758c99d.so,/home/rzzhang/sad_merged/sad/build/libsad_search_9361435758c99d.so
2026-08-22T16:19:57.439574+00:00,20260822T160502,joint:rzz-hea:6:dd3de8f79f3cca9d,ok,,rzz-hea,6,8,float64,42,32,2,32,2,2,0.25,rotation,rotation,2,2,compact:L3R0W0-L3R0W0,compact:L3R0W0-L3R0W0,,,split,optimized,20,3,20,0.291864,0.29200485,0.290663,0.29287399999999997,0.0007484128723505448,0.09559115,0.01538795,0.18102575,,,custom:libsad_search_16d9d6cef53b3d.so,/home/rzzhang/sad_merged/sad/build/libsad_search_16d9d6cef53b3d.so
2026-08-22T16:19:57.455888+00:00,20260822T160502,joint:rzz-hea:16:168839ecde0620f5,ok,,rzz-hea,16,8,float64,42,64,2,64,2,1,1.0,rotation,rotation,16,16,compact:L1R0W0-L1R0W0-L1R0W0-L1R0W0-L1R0W0-L1R0W0-L1R0W0-L1R0W0-L1R0W0-L1R0W0-L1R0W0-L1R0W0-L1R0W0-L1R0W0-L1R0W0-L1R0W0,compact:L1R0W0-L1R0W0-L1R0W0-L1R0W0-L1R0W0-L1R0W0-L1R0W0-L1R0W0-L1R0W0-L1R0W0-L1R0W0-L1R0W0-L1R0W0-L1R0W0-L1R0W0-L1R0W0,,,merged,optimized,5,3,5,2.0254399999999997,2.0242607999999995,2.019241,2.026531,0.0025837566758500127,0.6949580000000001,0.0153604,1.3139424,,,custom:libsad_search_7e5293342e215a.so,/home/rzzhang/sad_merged/sad/build/libsad_search_7e5293342e215a.so
2026-08-22T16:19:57.482357+00:00,20260822T160502,joint:rzz-hea:14:d254de0f692de332,ok,,rzz-hea,14,8,float64,42,64,2,64,2,2,0.0,rotation,rotation,2,2,compact:L5R2W0-L5R2W0,compact:L5R2W0-L5R2W0,,,merged,optimized,10,3,10,0.500738,0.5008052,0.499641,0.5017459999999999,0.000553885872721076,0.1543553,0.015431099999999998,0.3310188,,,custom:libsad_search_97eec9f2a848ec.so,/home/rzzhang/sad_merged/sad/build/libsad_search_97eec9f2a848ec.so
2026-08-22T16:19:57.498832+00:00,20260822T160502,joint:rzz-hea:18:b00d0f91d6eeda7a,ok,,rzz-hea,18,8,float64,42,32,2,128,2,1,0.25,rotation,rotation,7,6,compact:L3R0W0-L3R0W0-L3R0W0-L3R0W0-L2R0W0-L2R0W0-L2R0W0,compact:L3R0W0-L3R0W0-L3R0W0-L3R0W0-L3R0W0-L3R0W0,,,split,optimized,5,3,5,2.56001,2.5596072,2.557929,2.561003,0.0010770363782156703,0.748319,0.031638,1.7796501999999998,,,custom:libsad_search_0e4f539ceca897.so,/home/rzzhang/sad_merged/sad/build/libsad_search_0e4f539ceca897.so
2026-08-22T16:19:57.529896+00:00,20260822T160502,joint:rzz-hea:8:02cda172c449ec5f,ok,,rzz-hea,8,8,float64,42,32,2,32,2,1,0.75,rotation,rotation,6,6,compact:L2R0W0-L2R0W0-L1R0W0-L1R0W0-L1R0W0-L1R0W0,compact:L2R0W0-L2R0W0-L1R0W0-L1R0W0-L1R0W0-L1R0W0,,,merged,optimized,20,3,20,0.490529,0.49072495,0.489456,0.49259200000000003,0.0006967780475158416,0.1918362,0.015307450000000002,0.2835813,,,custom:libsad_search_f9cdaf042a7bd6.so,/home/rzzhang/sad_merged/sad/build/libsad_search_f9cdaf042a7bd6.so
2026-08-22T16:19:57.551092+00:00,20260822T160502,joint:rzz-hea:14:3714921d7bb33d44,ok,,rzz-hea,14,8,float64,42,128,2,32,2,1,1.0,rotation,rotation,14,14,compact:L1R0W0-L1R0W0-L1R0W0-L1R0W0-L1R0W0-L1R0W0-L1R0W0-L1R0W0-L1R0W0-L1R0W0-L1R0W0-L1R0W0-L1R0W0-L1R0W0,compact:L1R0W0-L1R0W0-L1R0W0-L1R0W0-L1R0W0-L1R0W0-L1R0W0-L1R0W0-L1R0W0-L1R0W0-L1R0W0-L1R0W0-L1R0W0-L1R0W0,,,split,optimized,10,3,10,1.4172099999999999,1.4172088999999999,1.416323,1.418151,0.0004125492576650539,0.6167825,0.0156769,0.7847494999999999,,,custom:libsad_search_7259903b8346c4.so,/home/rzzhang/sad_merged/sad/build/libsad_search_7259903b8346c4.so
2026-08-22T16:19:57.579450+00:00,20260822T160502,joint:rzz-hea:18:75468918f6c83638,ok,,rzz-hea,18,8,float64,42,128,2,128,2,2,0.25,rotation,rotation,6,6,compact:L3R0W0-L3R0W0-L3R0W0-L3R0W0-L3R0W0-L3R0W0,compact:L3R0W0-L3R0W0-L3R0W0-L3R0W0-L3R0W0-L3R0W0,,,split,optimized,5,3,5,2.71148,2.7099114,2.704426,2.716538,0.004746015490914434,0.784876,0.0370416,1.8879938,,,custom:libsad_search_d02bea87aa5c56.so,/home/rzzhang/sad_merged/sad/build/libsad_search_d02bea87aa5c56.so
2026-08-22T16:19:57.611654+00:00,20260822T160502,joint:rzz-hea:28:8805be78edecf2dd,ok,,rzz-hea,28,8,float64,42,32,2,128,2,1,0.0,rotation,rotation,4,4,compact:L5R2W0-L5R2W0-L5R2W0-L5R2W0,compact:L5R2W0-L5R2W0-L5R2W0-L5R2W0,,,split,optimized,2,3,2,2619.4319164999997,2619.4319164999997,2619.181286,2619.682547,0.2506304999999429,652.2377355,81.525608,1885.668573,,,custom:libsad_search_0e4f539ceca897.so,/home/rzzhang/sad_merged/sad/build/libsad_search_0e4f539ceca897.so
2026-08-22T16:20:10.750004+00:00,20260822T160502,joint:rzz-hea:4:24887cac769ac8f5,ok,,rzz-hea,4,8,float64,42,64,2,64,2,1,0.75,rotation,rotation,3,3,compact:L2R0W0-L1R0W0-L1R0W0,compact:L2R0W0-L1R0W0-L1R0W0,,,merged,optimized,20,3,20,0.23189900000000002,0.23190045,0.23035,0.23361,0.0007084682402902758,0.0751403,0.015337050000000003,0.1414231,,,custom:libsad_search_7e5293342e215a.so,/home/rzzhang/sad_merged/sad/build/libsad_search_7e5293342e215a.so
2026-08-22T16:20:10.771556+00:00,20260822T160502,joint:rzz-hea:22:b907d8fd31392e42,ok,,rzz-hea,22,8,float64,42,32,2,128,2,1,0.25,rotation,rotation,8,8,compact:L3R0W0-L3R0W0-L3R0W0-L3R0W0-L3R0W0-L3R0W0-L2R0W0-L2R0W0,compact:L3R0W0-L3R0W0-L3R0W0-L3R0W0-L3R0W0-L3R0W0-L2R0W0-L2R0W0,,,merged,optimized,3,3,3,36.857514,36.859824,36.836925,36.885033,0.019707815556270665,7.2878983333333345,0.40077866666666667,29.171146999999998,,,custom:libsad_search_2a8327787a9aac.so,/home/rzzhang/sad_merged/sad/build/libsad_search_2a8327787a9aac.so
2026-08-22T16:20:11.029806+00:00,20260822T160502,joint:rzz-hea:14:406a9d3fe9d96d02,ok,,rzz-hea,14,8,float64,42,64,2,64,2,2,0.75,rotation,rotation,11,11,compact:L2R0W0-L2R0W0-L2R0W0-L1R0W0-L1R0W0-L1R0W0-L1R0W0-L1R0W0-L1R0W0-L1R0W0-L1R0W0,compact:L2R0W0-L2R0W0-L2R0W0-L1R0W0-L1R0W0-L1R0W0-L1R0W0-L1R0W0-L1R0W0-L1R0W0-L1R0W0,,,split,optimized,10,3,10,1.1202415000000001,1.1201112,1.118148,1.121249,0.0008479072826671851,0.4295655,0.015456899999999997,0.6750887999999999,,,custom:libsad_search_20c37ff249ec0a.so,/home/rzzhang/sad_merged/sad/build/libsad_search_20c37ff249ec0a.so
2026-08-22T16:20:11.058599+00:00,20260822T160502,joint:rzz-hea:6:146efc504c045de5,ok,,rzz-hea,6,8,float64,42,64,2,64,2,1,0.0,rotation,rotation,1,1,compact:L5R1W0,compact:L5R1W0,,,split,optimized,20,3,20,0.25900449999999997,0.2588318,0.257984,0.259237,0.0004047162709849945,0.07773515,0.015350499999999998,0.16574615,,,custom:libsad_search_7ec063ebc99501.so,/home/rzzhang/sad_merged/sad/build/libsad_search_7ec063ebc99501.so
2026-08-22T16:20:11.074424+00:00,20260822T160502,joint:rzz-hea:28:2f125528df3090cb,ok,,rzz-hea,28,8,float64,42,128,2,128,2,1,0.75,rotation,rotation,22,22,compact:L2R0W0-L2R0W0-L2R0W0-L2R0W0-L2R0W0-L2R0W0-L1R0W0-L1R0W0-L1R0W0-L1R0W0-L1R0W0-L1R0W0-L1R0W0-L1R0W0-L1R0W0-L1R0W0-L1R0W0-L1R0W0-L1R0W0-L1R0W0-L1R0W0-L1R0W0,compact:L2R0W0-L2R0W0-L2R0W0-L2R0W0-L2R0W0-L2R0W0-L1R0W0-L1R0W0-L1R0W0-L1R0W0-L1R0W0-L1R0W0-L1R0W0-L1R0W0-L1R0W0-L1R0W0-L1R0W0-L1R0W0-L1R0W0-L1R0W0-L1R0W0-L1R0W0,,,merged,optimized,2,3,2,5568.7195395,5568.7195395,5567.507375,5569.931704,1.2121644999997443,1549.037243,81.707607,3937.9746895,,,custom:libsad_search_8fbfac92ec4bef.so,/home/rzzhang/sad_merged/sad/build/libsad_search_8fbfac92ec4bef.so
2026-08-22T16:20:38.948124+00:00,20260822T160502,joint:rzz-hea:22:2701983806cbc9c4,ok,,rzz-hea,22,8,float64,42,32,2,32,2,2,1.0,rotation,rotation,22,22,compact:L1R0W0-L1R0W0-L1R0W0-L1R0W0-L1R0W0-L1R0W0-L1R0W0-L1R0W0-L1R0W0-L1R0W0-L1R0W0-L1R0W0-L1R0W0-L1R0W0-L1R0W0-L1R0W0-L1R0W0-L1R0W0-L1R0W0-L1R0W0-L1R0W0-L1R0W0,compact:L1R0W0-L1R0W0-L1R0W0-L1R0W0-L1R0W0-L1R0W0-L1R0W0-L1R0W0-L1R0W0-L1R0W0-L1R0W0-L1R0W0-L1R0W0-L1R0W0-L1R0W0-L1R0W0-L1R0W0-L1R0W0-L1R0W0-L1R0W0-L1R0W0-L1R0W0,,,split,optimized,3,3,3,75.265708,75.96308633333332,74.557482,78.06606899999998,1.5148813130614793,14.672995,0.40183899999999995,60.888252333333334,,,custom:libsad_search_16d9d6cef53b3d.so,/home/rzzhang/sad_merged/sad/build/libsad_search_16d9d6cef53b3d.so
2026-08-22T16:20:39.444027+00:00,20260822T160502,joint:rzz-hea:16:2042536718eaf160,ok,,rzz-hea,16,8,float64,42,64,2,64,2,2,0.5,rotation,rotation,9,9,compact:L2R0W0-L2R0W0-L2R0W0-L2R0W0-L2R0W0-L2R0W0-L2R0W0-L1R0W0-L1R0W0,compact:L2R0W0-L2R0W0-L2R0W0-L2R0W0-L2R0W0-L2R0W0-L2R0W0-L1R0W0-L1R0W0,,,split,optimized,5,3,5,1.385635,1.3863420000000002,1.3854250000000001,1.387772,0.001033534518049574,0.446916,0.015384,0.9240419999999999,,,custom:libsad_search_20c37ff249ec0a.so,/home/rzzhang/sad_merged/sad/build/libsad_search_20c37ff249ec0a.so
2026-08-22T16:20:39.465750+00:00,20260822T160502,joint:rzz-hea:6:023b1cd916626b6b,ok,,rzz-hea,6,8,float64,42,128,2,32,2,1,1.0,rotation,rotation,6,6,compact:L1R0W0-L1R0W0-L1R0W0-L1R0W0-L1R0W0-L1R0W0,compact:L1R0W0-L1R0W0-L1R0W0-L1R0W0-L1R0W0-L1R0W0,,,split,optimized,20,3,20,0.46307750000000003,0.46353545,0.462634,0.465762,0.0008915749253428052,0.1824458,0.015335500000000002,0.26575414999999997,,,custom:libsad_search_7259903b8346c4.so,/home/rzzhang/sad_merged/sad/build/libsad_search_7259903b8346c4.so
2026-08-22T16:20:39.486746+00:00,20260822T160502,joint:rzz-hea:20:6b31df5baf9b25a1,ok,,rzz-hea,20,8,float64,42,64,2,64,2,1,0.75,rotation,rotation,16,16,compact:L2R0W0-L2R0W0-L2R0W0-L2R0W0-L1R0W0-L1R0W0-L1R0W0-L1R0W0-L1R0W0-L1R0W0-L1R0W0-L1R0W0-L1R0W0-L1R0W0-L1R0W0-L1R0W0,compact:L2R0W0-L2R0W0-L2R0W0-L2R0W0-L1R0W0-L1R0W0-L1R0W0-L1R0W0-L1R0W0-L1R0W0-L1R0W0-L1R0W0-L1R0W0-L1R0W0-L1R0W0-L1R0W0,,,merged,optimized,5,3,5,9.442373,9.441787999999999,9.43216,9.449432,0.005567386208985377,2.5974500000000003,0.0973708,6.746967199999999,,,custom:libsad_search_7e5293342e215a.so,/home/rzzhang/sad_merged/sad/build/libsad_search_7e5293342e215a.so
2026-08-22T16:20:39.573771+00:00,20260822T160502,joint:rzz-hea:10:18964f8ba209f47d,ok,,rzz-hea,10,8,float64,42,64,2,64,2,2,0.5,rotation,rotation,6,6,compact:L2R0W0-L2R0W0-L2R0W0-L2R0W0-L1R0W0-L1R0W0,compact:L2R0W0-L2R0W0-L2R0W0-L2R0W0-L1R0W0-L1R0W0,,,split,optimized,10,3,10,0.6768149999999999,0.6769409,0.672761,0.6809299999999999,0.0035319367618913728,0.24435289999999996,0.0155367,0.41705129999999996,,,custom:libsad_search_20c37ff249ec0a.so,/home/rzzhang/sad_merged/sad/build/libsad_search_20c37ff249ec0a.so
2026-08-22T16:20:39.592832+00:00,20260822T160502,joint:rzz-hea:14:cbac5465d70de92b,ok,,rzz-hea,14,8,float64,42,32,2,32,2,2,0.5,rotation,rotation,8,8,compact:L2R0W0-L2R0W0-L2R0W0-L2R0W0-L2R0W0-L2R0W0-L1R0W0-L1R0W0,compact:L2R0W0-L2R0W0-L2R0W0-L2R0W0-L2R0W0-L2R0W0-L1R0W0-L1R0W0,,,split,optimized,10,3,10,0.9190699999999999,0.9200564,0.9185019999999999,0.926461,0.002289419804229897,0.33903950000000005,0.0153864,0.5656304999999999,,,custom:libsad_search_16d9d6cef53b3d.so,/home/rzzhang/sad_merged/sad/build/libsad_search_16d9d6cef53b3d.so
2026-08-22T16:20:39.614630+00:00,20260822T160502,joint:rzz-hea:24:a6a23cf4ed5fe2c9,ok,,rzz-hea,24,8,float64,42,128,2,128,2,2,0.5,rotation,rotation,14,14,compact:L2R0W0-L2R0W0-L2R0W0-L2R0W0-L2R0W0-L2R0W0-L2R0W0-L2R0W0-L2R0W0-L2R0W0-L1R0W0-L1R0W0-L1R0W0-L1R0W0,compact:L2R0W0-L2R0W0-L2R0W0-L2R0W0-L2R0W0-L2R0W0-L2R0W0-L2R0W0-L2R0W0-L2R0W0-L1R0W0-L1R0W0-L1R0W0-L1R0W0,,,merged,optimized,3,3,3,234.092825,234.13973466666667,233.993094,234.333285,0.14278857736838074,63.83926266666666,1.7708560000000002,168.52961600000003,,,custom:libsad_search_b969ada61d8a74.so,/home/rzzhang/sad_merged/sad/build/libsad_search_b969ada61d8a74.so
2026-08-22T16:20:41.041468+00:00,20260822T160502,joint:rzz-hea:22:f3ba6f2266c7eae4,ok,,rzz-hea,22,8,float64,42,64,2,64,2,1,0.0,rotation,rotation,3,3,compact:L5R2W1-L5R2W0-L5R2W0,compact:L5R2W1-L5R2W0-L5R2W0,,,split,optimized,3,3,3,32.375370000000004,32.37724600000001,32.374973000000004,32.381395,0.002938259462104944,7.695541,0.40123033333333336,24.280474666666667,,,custom:libsad_search_7ec063ebc99501.so,/home/rzzhang/sad_merged/sad/build/libsad_search_7ec063ebc99501.so
2026-08-22T16:20:41.261065+00:00,20260822T160502,joint:rzz-hea:18:693e435e60dca360,ok,,rzz-hea,18,8,float64,42,32,2,32,2,1,1.0,rotation,rotation,18,18,compact:L1R0W0-L1R0W0-L1R0W0-L1R0W0-L1R0W0-L1R0W0-L1R0W0-L1R0W0-L1R0W0-L1R0W0-L1R0W0-L1R0W0-L1R0W0-L1R0W0-L1R0W0-L1R0W0-L1R0W0-L1R0W0,compact:L1R0W0-L1R0W0-L1R0W0-L1R0W0-L1R0W0-L1R0W0-L1R0W0-L1R0W0-L1R0W0-L1R0W0-L1R0W0-L1R0W0-L1R0W0-L1R0W0-L1R0W0-L1R0W0-L1R0W0-L1R0W0,,,merged,optimized,5,3,5,3.663862,3.6634795999999996,3.6627,3.664071,0.0005748107862592371,1.1237153999999998,0.03183,2.5079342,,,custom:libsad_search_f9cdaf042a7bd6.so,/home/rzzhang/sad_merged/sad/build/libsad_search_f9cdaf042a7bd6.so
2026-08-22T16:20:41.301553+00:00,20260822T160502,joint:rzz-hea:4:2465a7ab5719e03e,ok,,rzz-hea,4,8,float64,42,64,2,64,2,2,0.0,rotation,rotation,1,1,compact:L4R0W0,compact:L4R0W0,,,merged,optimized,20,3,20,0.166907,0.16555725,0.159494,0.169769,0.0034057171619939325,0.041126850000000006,0.01517665,0.10925375,,,custom:libsad_search_97eec9f2a848ec.so,/home/rzzhang/sad_merged/sad/build/libsad_search_97eec9f2a848ec.so
2026-08-22T16:20:41.315225+00:00,20260822T160502,joint:rzz-hea:10:7e908cf1151fb19d,ok,,rzz-hea,10,8,float64,42,64,2,64,2,1,0.75,rotation,rotation,8,8,compact:L2R0W0-L2R0W0-L1R0W0-L1R0W0-L1R0W0-L1R0W0-L1R0W0-L1R0W0,compact:L2R0W0-L2R0W0-L1R0W0-L1R0W0-L1R0W0-L1R0W0-L1R0W0-L1R0W0,,,merged,optimized,10,3,10,0.6998819999999999,0.6999755,0.699264,0.701418,0.0006501452530012174,0.2805728,0.015367899999999999,0.4040348,,,custom:libsad_search_7e5293342e215a.so,/home/rzzhang/sad_merged/sad/build/libsad_search_7e5293342e215a.so
2026-08-22T16:20:41.333918+00:00,20260822T160502,joint:rzz-hea:16:a3ad790c8f427279,ok,,rzz-hea,16,8,float64,42,128,2,32,2,1,0.25,rotation,rotation,6,6,compact:L3R0W0-L3R0W0-L3R0W0-L3R0W0-L2R0W0-L2R0W0,compact:L3R0W0-L3R0W0-L3R0W0-L3R0W0-L2R0W0-L2R0W0,,,split,optimized,5,3,5,1.2165190000000001,1.2171068,1.216483,1.218544,0.0008114437503610637,0.3801656,0.0154746,0.8214666,,,custom:libsad_search_7259903b8346c4.so,/home/rzzhang/sad_merged/sad/build/libsad_search_7259903b8346c4.so
2026-08-22T16:20:41.353747+00:00,20260822T160502,joint:rzz-hea:28:e9b0b1e018041671,ok,,rzz-hea,28,8,float64,42,64,2,64,2,2,1.0,rotation,rotation,28,28,compact:L1R0W0-L1R0W0-L1R0W0-L1R0W0-L1R0W0-L1R0W0-L1R0W0-L1R0W0-L1R0W0-L1R0W0-L1R0W0-L1R0W0-L1R0W0-L1R0W0-L1R0W0-L1R0W0-L1R0W0-L1R0W0-L1R0W0-L1R0W0-L1R0W0-L1R0W0-L1R0W0-L1R0W0-L1R0W0-L1R0W0-L1R0W0-L1R0W0,compact:L1R0W0-L1R0W0-L1R0W0-L1R0W0-L1R0W0-L1R0W0-L1R0W0-L1R0W0-L1R0W0-L1R0W0-L1R0W0-L1R0W0-L1R0W0-L1R0W0-L1R0W0-L1R0W0-L1R0W0-L1R0W0-L1R0W0-L1R0W0-L1R0W0-L1R0W0-L1R0W0-L1R0W0-L1R0W0-L1R0W0-L1R0W0-L1R0W0,,,merged,optimized,2,3,2,6878.957982,6878.957982,6877.904173999999,6880.01179,1.0538080000001173,1944.2531870000003,81.2365125,4853.4682825,,,custom:libsad_search_97eec9f2a848ec.so,/home/rzzhang/sad_merged/sad/build/libsad_search_97eec9f2a848ec.so
2026-08-22T16:21:15.775712+00:00,20260822T160502,joint:rzz-hea:20:58b2197fec5ec074,ok,,rzz-hea,20,8,float64,42,128,2,128,2,2,0.25,rotation,rotation,7,7,compact:L3R0W0-L3R0W0-L3R0W0-L3R0W0-L3R0W0-L3R0W0-L2R0W0,compact:L3R0W0-L3R0W0-L3R0W0-L3R0W0-L3R0W0-L3R0W0-L2R0W0,,,merged,optimized,5,3,5,8.338521,8.3409582,8.337713,8.345734,0.003485886825472064,1.8952564000000003,0.09738780000000001,6.348313999999999,,,custom:libsad_search_b969ada61d8a74.so,/home/rzzhang/sad_merged/sad/build/libsad_search_b969ada61d8a74.so
2026-08-22T16:21:15.879007+00:00,20260822T160502,joint:rzz-hea:16:9f475469faf8143f,ok,,rzz-hea,16,8,float64,42,128,2,128,2,1,0.0,legacy,legacy,0,0,,,,,not_applicable,legacy-generic,5,3,5,0.953305,0.9537258,0.9522949999999999,0.955245,0.0010316924735598795,0.24942079999999997,0.0155092,0.6887958,,,custom:libsad_search_78e231cd0d5107.so,/home/rzzhang/sad_merged/sad/build/libsad_search_78e231cd0d5107.so
2026-08-22T16:21:15.913622+00:00,20260822T160502,joint:rzz-hea:10:5b474e2ab8d32e38,ok,,rzz-hea,10,8,float64,42,128,2,32,2,1,0.0,rotation,rotation,2,2,compact:L5R0W0-L5R0W0,compact:L5R0W0-L5R0W0,,,split,optimized,10,3,10,0.43923,0.4390706,0.43823799999999996,0.440332,0.0007666565332663711,0.1526794,0.015400200000000003,0.27099100000000004,,,custom:libsad_search_7259903b8346c4.so,/home/rzzhang/sad_merged/sad/build/libsad_search_7259903b8346c4.so
2026-08-22T16:21:15.940034+00:00,20260822T160502,joint:rzz-hea:14:d41012d704d604fc,ok,,rzz-hea,14,8,float64,42,32,2,32,2,2,0.0,rotation,rotation,2,2,compact:L5R2W0-L5R2W0,compact:L5R2W0-L5R2W0,,,split,optimized,10,3,10,0.5129715,0.5123146000000001,0.506893,0.514027,0.001896446846078208,0.1527785,0.0154604,0.34407570000000004,,,custom:libsad_search_16d9d6cef53b3d.so,/home/rzzhang/sad_merged/sad/build/libsad_search_16d9d6cef53b3d.so
2026-08-22T16:21:15.966522+00:00,20260822T160502,joint:rzz-hea:24:25a18f638446cc2a,ok,,rzz-hea,24,8,float64,42,128,2,32,2,1,1.0,rotation,rotation,24,24,compact:L1R0W0-L1R0W0-L1R0W0-L1R0W0-L1R0W0-L1R0W0-L1R0W0-L1R0W0-L1R0W0-L1R0W0-L1R0W0-L1R0W0-L1R0W0-L1R0W0-L1R0W0-L1R0W0-L1R0W0-L1R0W0-L1R0W0-L1R0W0-L1R0W0-L1R0W0-L1R0W0-L1R0W0,compact:L1R0W0-L1R0W0-L1R0W0-L1R0W0-L1R0W0-L1R0W0-L1R0W0-L1R0W0-L1R0W0-L1R0W0-L1R0W0-L1R0W0-L1R0W0-L1R0W0-L1R0W0-L1R0W0-L1R0W0-L1R0W0-L1R0W0-L1R0W0-L1R0W0-L1R0W0-L1R0W0-L1R0W0,,,split,optimized,3,3,3,375.110932,375.10699,375.038502,375.17153599999995,0.0543823857022162,115.51848466666665,1.7721413333333333,257.816364,,,custom:libsad_search_7259903b8346c4.so,/home/rzzhang/sad_merged/sad/build/libsad_search_7259903b8346c4.so
2026-08-22T16:21:18.263126+00:00,20260822T160502,joint:rzz-hea:26:214a8aa3a68c0700,ok,,rzz-hea,26,8,float64,42,64,2,64,2,1,1.0,rotation,rotation,26,26,compact:L1R0W0-L1R0W0-L1R0W0-L1R0W0-L1R0W0-L1R0W0-L1R0W0-L1R0W0-L1R0W0-L1R0W0-L1R0W0-L1R0W0-L1R0W0-L1R0W0-L1R0W0-L1R0W0-L1R0W0-L1R0W0-L1R0W0-L1R0W0-L1R0W0-L1R0W0-L1R0W0-L1R0W0-L1R0W0-L1R0W0,compact:L1R0W0-L1R0W0-L1R0W0-L1R0W0-L1R0W0-L1R0W0-L1R0W0-L1R0W0-L1R0W0-L1R0W0-L1R0W0-L1R0W0-L1R0W0-L1R0W0-L1R0W0-L1R0W0-L1R0W0-L1R0W0-L1R0W0-L1R0W0-L1R0W0-L1R0W0-L1R0W0-L1R0W0-L1R0W0-L1R0W0,,,merged,optimized,2,3,2,1597.7290155,1597.7290155,1597.584179,1597.8738520000002,0.1448365000001104,453.68410550000004,10.3445205,1133.7003895,,,custom:libsad_search_7e5293342e215a.so,/home/rzzhang/sad_merged/sad/build/libsad_search_7e5293342e215a.so
2026-08-22T16:21:26.290778+00:00,20260822T160502,joint:rzz-hea:6:c9c681205f192d61,ok,,rzz-hea,6,8,float64,42,32,2,128,2,2,0.5,rotation,rotation,4,4,compact:L2R0W0-L2R0W0-L1R0W0-L1R0W0,compact:L2R0W0-L2R0W0-L1R0W0-L1R0W0,,,split,optimized,20,3,20,0.40863250000000007,0.41017790000000004,0.407549,0.4167,0.002925406807608127,0.13275510000000001,0.015614,0.26180880000000006,,,custom:libsad_search_2a0e4369743c84.so,/home/rzzhang/sad_merged/sad/build/libsad_search_2a0e4369743c84.so
2026-08-22T16:21:26.322256+00:00,20260822T160502,joint:rzz-hea:22:71ca5252f4103613,ok,,rzz-hea,22,8,float64,42,128,2,32,2,1,0.0,legacy,legacy,0,0,,,,,not_applicable,legacy-generic,3,3,3,33.686172,33.68833333333333,33.682756,33.696072,0.005646974725954605,8.498858,0.4013313333333333,24.788144000000003,,,custom:libsad_search_eaf59e83158800.so,/home/rzzhang/sad_merged/sad/build/libsad_search_eaf59e83158800.so
2026-08-22T16:21:26.561595+00:00,20260822T160502,joint:rzz-hea:22:0624906a588cb9bd,ok,,rzz-hea,22,8,float64,42,32,2,128,2,1,0.75,rotation,rotation,18,17,compact:L2R0W0-L2R0W0-L2R0W0-L2R0W0-L1R0W0-L1R0W0-L1R0W0-L1R0W0-L1R0W0-L1R0W0-L1R0W0-L1R0W0-L1R0W0-L1R0W0-L1R0W0-L1R0W0-L1R0W0-L1R0W0,compact:L2R0W0-L2R0W0-L2R0W0-L2R0W0-L2R0W0-L1R0W0-L1R0W0-L1R0W0-L1R0W0-L1R0W0-L1R0W0-L1R0W0-L1R0W0-L1R0W0-L1R0W0-L1R0W0-L1R0W0,,,split,optimized,3,3,3,61.716404,61.70883866666667,61.69193,61.718182000000006,0.011978246319429208,12.548385,0.426186,48.73426766666667,,,custom:libsad_search_0e4f539ceca897.so,/home/rzzhang/sad_merged/sad/build/libsad_search_0e4f539ceca897.so
2026-08-22T16:21:26.964508+00:00,20260822T160502,joint:rzz-hea:20:2a2110e81bee32c7,ok,,rzz-hea,20,8,float64,42,32,2,32,2,1,1.0,rotation,rotation,20,20,compact:L1R0W0-L1R0W0-L1R0W0-L1R0W0-L1R0W0-L1R0W0-L1R0W0-L1R0W0-L1R0W0-L1R0W0-L1R0W0-L1R0W0-L1R0W0-L1R0W0-L1R0W0-L1R0W0-L1R0W0-L1R0W0-L1R0W0-L1R0W0,compact:L1R0W0-L1R0W0-L1R0W0-L1R0W0-L1R0W0-L1R0W0-L1R0W0-L1R0W0-L1R0W0-L1R0W0-L1R0W0-L1R0W0-L1R0W0-L1R0W0-L1R0W0-L1R0W0-L1R0W0-L1R0W0-L1R0W0-L1R0W0,,,merged,optimized,5,3,5,10.507337999999999,10.5065446,10.502237000000001,10.509441999999998,0.002546660605576645,3.2041048000000005,0.0973154,7.205124400000001,,,custom:libsad_search_f9cdaf042a7bd6.so,/home/rzzhang/sad_merged/sad/build/libsad_search_f9cdaf042a7bd6.so
2026-08-22T16:21:27.063868+00:00,20260822T160502,joint:rzz-hea:26:b6d7480d7a9f26ad,ok,,rzz-hea,26,8,float64,42,64,2,64,2,2,1.0,rotation,rotation,26,26,compact:L1R0W0-L1R0W0-L1R0W0-L1R0W0-L1R0W0-L1R0W0-L1R0W0-L1R0W0-L1R0W0-L1R0W0-L1R0W0-L1R0W0-L1R0W0-L1R0W0-L1R0W0-L1R0W0-L1R0W0-L1R0W0-L1R0W0-L1R0W0-L1R0W0-L1R0W0-L1R0W0-L1R0W0-L1R0W0-L1R0W0,compact:L1R0W0-L1R0W0-L1R0W0-L1R0W0-L1R0W0-L1R0W0-L1R0W0-L1R0W0-L1R0W0-L1R0W0-L1R0W0-L1R0W0-L1R0W0-L1R0W0-L1R0W0-L1R0W0-L1R0W0-L1R0W0-L1R0W0-L1R0W0-L1R0W0-L1R0W0-L1R0W0-L1R0W0-L1R0W0-L1R0W0,,,split,optimized,2,3,2,1615.274413,1615.274413,1615.184712,1615.364114,0.08970099999999093,494.6727775,10.229518,1110.3721174999998,,,custom:libsad_search_20c37ff249ec0a.so,/home/rzzhang/sad_merged/sad/build/libsad_search_20c37ff249ec0a.so
2026-08-22T16:21:35.175155+00:00,20260822T160502,joint:rzz-hea:20:8560b6e72d122889,ok,,rzz-hea,20,8,float64,42,32,2,32,2,1,0.25,rotation,rotation,7,7,compact:L3R0W0-L3R0W0-L3R0W0-L3R0W0-L3R0W0-L3R0W0-L2R0W0,compact:L3R0W0-L3R0W0-L3R0W0-L3R0W0-L3R0W0-L3R0W0-L2R0W0,,,merged,optimized,5,3,5,8.14174,8.140457600000001,8.133878000000001,8.143888,0.003548628444906579,1.9217902,0.097386,6.1212814,,,custom:libsad_search_f9cdaf042a7bd6.so,/home/rzzhang/sad_merged/sad/build/libsad_search_f9cdaf042a7bd6.so
2026-08-22T16:21:35.270615+00:00,20260822T160502,joint:rzz-hea:14:1a41d8242472b035,ok,,rzz-hea,14,8,float64,42,32,2,128,2,2,1.0,rotation,rotation,14,14,compact:L1R0W0-L1R0W0-L1R0W0-L1R0W0-L1R0W0-L1R0W0-L1R0W0-L1R0W0-L1R0W0-L1R0W0-L1R0W0-L1R0W0-L1R0W0-L1R0W0,compact:L1R0W0-L1R0W0-L1R0W0-L1R0W0-L1R0W0-L1R0W0-L1R0W0-L1R0W0-L1R0W0-L1R0W0-L1R0W0-L1R0W0-L1R0W0-L1R0W0,,,merged,optimized,10,3,10,1.381315,1.3814589,1.379266,1.385533,0.001641144871728244,0.49637300000000006,0.0158221,0.8692638,,,custom:libsad_search_fce412939d20fb.so,/home/rzzhang/sad_merged/sad/build/libsad_search_fce412939d20fb.so
2026-08-22T16:21:35.304693+00:00,20260822T160502,joint:rzz-hea:26:73b2e40c37c9d3e6,ok,,rzz-hea,26,8,float64,42,128,2,32,2,2,0.75,rotation,rotation,20,20,compact:L2R0W0-L2R0W0-L2R0W0-L2R0W0-L2R0W0-L2R0W0-L1R0W0-L1R0W0-L1R0W0-L1R0W0-L1R0W0-L1R0W0-L1R0W0-L1R0W0-L1R0W0-L1R0W0-L1R0W0-L1R0W0-L1R0W0-L1R0W0,compact:L2R0W0-L2R0W0-L2R0W0-L2R0W0-L2R0W0-L2R0W0-L1R0W0-L1R0W0-L1R0W0-L1R0W0-L1R0W0-L1R0W0-L1R0W0-L1R0W0-L1R0W0-L1R0W0-L1R0W0-L1R0W0-L1R0W0-L1R0W0,,,merged,optimized,2,3,2,1273.4890945,1273.4890945,1273.223847,1273.754342,0.26524749999998676,355.535716,10.277572499999998,907.675806,,,custom:libsad_search_d014591f51543a.so,/home/rzzhang/sad_merged/sad/build/libsad_search_d014591f51543a.so
2026-08-22T16:21:41.710946+00:00,20260822T160502,joint:rzz-hea:20:a74c986e3f9f50ee,ok,,rzz-hea,20,8,float64,42,64,2,64,2,2,0.75,rotation,rotation,16,16,compact:L2R0W0-L2R0W0-L2R0W0-L2R0W0-L1R0W0-L1R0W0-L1R0W0-L1R0W0-L1R0W0-L1R0W0-L1R0W0-L1R0W0-L1R0W0-L1R0W0-L1R0W0-L1R0W0,compact:L2R0W0-L2R0W0-L2R0W0-L2R0W0-L1R0W0-L1R0W0-L1R0W0-L1R0W0-L1R0W0-L1R0W0-L1R0W0-L1R0W0-L1R0W0-L1R0W0-L1R0W0-L1R0W0,,,merged,optimized,5,3,5,9.367627,9.3731736,9.36559,9.390163999999999,0.009456308214096642,2.5420755999999995,0.09742100000000001,6.733677,,,custom:libsad_search_97eec9f2a848ec.so,/home/rzzhang/sad_merged/sad/build/libsad_search_97eec9f2a848ec.so
2026-08-22T16:21:41.809704+00:00,20260822T160502,joint:rzz-hea:8:183ab669d23983f9,ok,,rzz-hea,8,8,float64,42,128,2,128,2,1,0.5,rotation,rotation,4,4,compact:L2R0W0-L2R0W0-L2R0W0-L2R0W0,compact:L2R0W0-L2R0W0-L2R0W0-L2R0W0,,,split,optimized,20,3,20,0.5345044999999999,0.5328021,0.527055,0.535656,0.003395567668299359,0.17705554999999998,0.0153189,0.34042765,,,custom:libsad_search_9361435758c99d.so,/home/rzzhang/sad_merged/sad/build/libsad_search_9361435758c99d.so
2026-08-22T16:21:41.836783+00:00,20260822T160502,joint:rzz-hea:28:9054332eda079749,ok,,rzz-hea,28,8,float64,42,32,2,32,2,1,0.0,rotation,rotation,4,4,compact:L5R2W0-L5R2W0-L5R2W0-L5R2W0,compact:L5R2W0-L5R2W0-L5R2W0-L5R2W0,,,split,optimized,2,3,2,2496.4741839999997,2496.4741839999997,2496.248939,2496.699429,0.22524499999985892,654.055987,81.94657899999999,1760.471618,,,custom:libsad_search_3cb67c7e18cc99.so,/home/rzzhang/sad_merged/sad/build/libsad_search_3cb67c7e18cc99.so
2026-08-22T16:21:54.359267+00:00,20260822T160502,joint:rzz-hea:12:f1a0bd00a343a3b5,ok,,rzz-hea,12,8,float64,42,128,2,32,2,2,0.5,rotation,rotation,7,7,compact:L2R0W0-L2R0W0-L2R0W0-L2R0W0-L2R0W0-L1R0W0-L1R0W0,compact:L2R0W0-L2R0W0-L2R0W0-L2R0W0-L2R0W0-L1R0W0-L1R0W0,,,merged,optimized,10,3,10,0.7424059999999999,0.7426709,0.741294,0.7454719999999999,0.0012330017396581208,0.3207803,0.0155382,0.4063524,,,custom:libsad_search_d014591f51543a.so,/home/rzzhang/sad_merged/sad/build/libsad_search_d014591f51543a.so
2026-08-22T16:21:54.385247+00:00,20260822T160502,joint:rzz-hea:16:2ff28bfc4685fc3a,ok,,rzz-hea,16,8,float64,42,128,2,32,2,2,1.0,rotation,rotation,16,16,compact:L1R0W0-L1R0W0-L1R0W0-L1R0W0-L1R0W0-L1R0W0-L1R0W0-L1R0W0-L1R0W0-L1R0W0-L1R0W0-L1R0W0-L1R0W0-L1R0W0-L1R0W0-L1R0W0,compact:L1R0W0-L1R0W0-L1R0W0-L1R0W0-L1R0W0-L1R0W0-L1R0W0-L1R0W0-L1R0W0-L1R0W0-L1R0W0-L1R0W0-L1R0W0-L1R0W0-L1R0W0-L1R0W0,,,split,optimized,5,3,5,1.933316,1.9334986,1.932289,1.9343099999999998,0.0007568763703537643,0.7362444,0.015677,1.1815772000000002,,,custom:libsad_search_3b115211f38255.so,/home/rzzhang/sad_merged/sad/build/libsad_search_3b115211f38255.so
2026-08-22T16:21:54.420433+00:00,20260822T160502,joint:rzz-hea:4:569b14229c454697,ok,,rzz-hea,4,8,float64,42,64,2,64,2,2,0.75,rotation,rotation,3,3,compact:L2R0W0-L1R0W0-L1R0W0,compact:L2R0W0-L1R0W0-L1R0W0,,,split,optimized,20,3,20,0.2918095,0.29185629999999996,0.29079499999999997,0.29283,0.0004948326080605483,0.10417060000000002,0.015477449999999999,0.17220825,,,custom:libsad_search_20c37ff249ec0a.so,/home/rzzhang/sad_merged/sad/build/libsad_search_20c37ff249ec0a.so
2026-08-22T16:21:54.442751+00:00,20260822T160502,joint:rzz-hea:4:85cf4e93733dcc88,ok,,rzz-hea,4,8,float64,42,32,2,128,2,1,0.5,rotation,rotation,2,2,compact:L2R0W0-L2R0W0,compact:L2R0W0-L2R0W0,,,split,optimized,20,3,20,0.27438599999999996,0.27434415,0.27319,0.27658,0.001056852793675627,0.08592325,0.015474449999999999,0.17294644999999997,,,custom:libsad_search_0e4f539ceca897.so,/home/rzzhang/sad_merged/sad/build/libsad_search_0e4f539ceca897.so
2026-08-22T16:21:54.466115+00:00,20260822T160502,joint:rzz-hea:14:b30fd4af11f11116,ok,,rzz-hea,14,8,float64,42,32,2,128,2,2,0.75,rotation,rotation,11,11,compact:L2R0W0-L2R0W0-L2R0W0-L1R0W0-L1R0W0-L1R0W0-L1R0W0-L1R0W0-L1R0W0-L1R0W0-L1R0W0,compact:L2R0W0-L2R0W0-L2R0W0-L1R0W0-L1R0W0-L1R0W0-L1R0W0-L1R0W0-L1R0W0-L1R0W0-L1R0W0,,,merged,optimized,10,3,10,1.1836445000000002,1.1834221,1.181654,1.184755,0.001093543273034972,0.40852170000000004,0.0153997,0.7595007,,,custom:libsad_search_fce412939d20fb.so,/home/rzzhang/sad_merged/sad/build/libsad_search_fce412939d20fb.so
2026-08-22T16:21:54.497630+00:00,20260822T160502,joint:rzz-hea:4:07b8ca4e36235279,ok,,rzz-hea,4,8,float64,42,128,2,32,2,1,1.0,rotation,rotation,4,4,compact:L1R0W0-L1R0W0-L1R0W0-L1R0W0,compact:L1R0W0-L1R0W0-L1R0W0-L1R0W0,,,split,optimized,20,3,20,0.32933250000000003,0.329235,0.328349,0.330737,0.0006028560358825255,0.12721095,0.01550335,0.18652069999999998,,,custom:libsad_search_7259903b8346c4.so,/home/rzzhang/sad_merged/sad/build/libsad_search_7259903b8346c4.so
2026-08-22T16:21:54.521463+00:00,20260822T160502,joint:rzz-hea:20:780591cef5ae3b20,ok,,rzz-hea,20,8,float64,42,128,2,32,2,1,1.0,rotation,rotation,20,20,compact:L1R0W0-L1R0W0-L1R0W0-L1R0W0-L1R0W0-L1R0W0-L1R0W0-L1R0W0-L1R0W0-L1R0W0-L1R0W0-L1R0W0-L1R0W0-L1R0W0-L1R0W0-L1R0W0-L1R0W0-L1R0W0-L1R0W0-L1R0W0,compact:L1R0W0-L1R0W0-L1R0W0-L1R0W0-L1R0W0-L1R0W0-L1R0W0-L1R0W0-L1R0W0-L1R0W0-L1R0W0-L1R0W0-L1R0W0-L1R0W0-L1R0W0-L1R0W0-L1R0W0-L1R0W0-L1R0W0-L1R0W0,,,split,optimized,5,3,5,10.055833999999999,10.055165800000001,10.049641,10.059797,0.00394817078657972,3.2983932,0.0977712,6.6590014,,,custom:libsad_search_7259903b8346c4.so,/home/rzzhang/sad_merged/sad/build/libsad_search_7259903b8346c4.so
2026-08-22T16:21:54.626484+00:00,20260822T160502,joint:rzz-hea:18:aeabaf4a735213c4,ok,,rzz-hea,18,8,float64,42,128,2,128,2,2,1.0,rotation,rotation,18,18,compact:L1R0W0-L1R0W0-L1R0W0-L1R0W0-L1R0W0-L1R0W0-L1R0W0-L1R0W0-L1R0W0-L1R0W0-L1R0W0-L1R0W0-L1R0W0-L1R0W0-L1R0W0-L1R0W0-L1R0W0-L1R0W0,compact:L1R0W0-L1R0W0-L1R0W0-L1R0W0-L1R0W0-L1R0W0-L1R0W0-L1R0W0-L1R0W0-L1R0W0-L1R0W0-L1R0W0-L1R0W0-L1R0W0-L1R0W0-L1R0W0-L1R0W0-L1R0W0,,,split,optimized,5,3,5,3.7325850000000003,3.7328998000000007,3.7323520000000006,3.734538,0.0008278742416573968,1.3072502,0.0320012,2.3936484,,,custom:libsad_search_d02bea87aa5c56.so,/home/rzzhang/sad_merged/sad/build/libsad_search_d02bea87aa5c56.so
2026-08-22T16:21:54.667256+00:00,20260822T160502,joint:rzz-hea:14:f20e00904557e6e1,ok,,rzz-hea,14,8,float64,42,128,2,128,2,1,1.0,rotation,rotation,14,14,compact:L1R0W0-L1R0W0-L1R0W0-L1R0W0-L1R0W0-L1R0W0-L1R0W0-L1R0W0-L1R0W0-L1R0W0-L1R0W0-L1R0W0-L1R0W0-L1R0W0,compact:L1R0W0-L1R0W0-L1R0W0-L1R0W0-L1R0W0-L1R0W0-L1R0W0-L1R0W0-L1R0W0-L1R0W0-L1R0W0-L1R0W0-L1R0W0-L1R0W0,,,merged,optimized,10,3,10,1.4879769999999999,1.4866077,1.4794070000000001,1.488954,0.0035275464008287342,0.5963050999999999,0.0153742,0.8749284,,,custom:libsad_search_8fbfac92ec4bef.so,/home/rzzhang/sad_merged/sad/build/libsad_search_8fbfac92ec4bef.so
2026-08-22T16:21:54.697322+00:00,20260822T160502,joint:rzz-hea:20:b4abf30d33ee6415,ok,,rzz-hea,20,8,float64,42,128,2,32,2,2,0.25,rotation,rotation,7,7,compact:L3R0W0-L3R0W0-L3R0W0-L3R0W0-L3R0W0-L3R0W0-L2R0W0,compact:L3R0W0-L3R0W0-L3R0W0-L3R0W0-L3R0W0-L3R0W0-L2R0W0,,,merged,optimized,5,3,5,8.629321,8.627291,8.622151,8.632445999999998,0.00394627616874343,2.0088296,0.10541140000000002,6.51305,,,custom:libsad_search_d014591f51543a.so,/home/rzzhang/sad_merged/sad/build/libsad_search_d014591f51543a.so
2026-08-22T16:21:54.776432+00:00,20260822T160502,joint:rzz-hea:22:40f934166968b87b,ok,,rzz-hea,22,8,float64,42,64,2,64,2,1,0.25,rotation,rotation,8,8,compact:L3R0W0-L3R0W0-L3R0W0-L3R0W0-L3R0W0-L3R0W0-L2R0W0-L2R0W0,compact:L3R0W0-L3R0W0-L3R0W0-L3R0W0-L3R0W0-L3R0W0-L2R0W0-L2R0W0,,,split,optimized,3,3,3,36.062577,36.081327333333334,36.036086000000005,36.145319,0.04652342293464099,8.408763333333335,0.4252913333333333,27.247272666666667,,,custom:libsad_search_7ec063ebc99501.so,/home/rzzhang/sad_merged/sad/build/libsad_search_7ec063ebc99501.so
2026-08-22T16:21:55.016733+00:00,20260822T160502,joint:rzz-hea:8:c8ac7407535d9245,ok,,rzz-hea,8,8,float64,42,64,2,64,2,2,0.5,rotation,rotation,4,4,compact:L2R0W0-L2R0W0-L2R0W0-L2R0W0,compact:L2R0W0-L2R0W0-L2R0W0-L2R0W0,,,split,optimized,20,3,20,0.49545950000000005,0.49491825,0.48849099999999995,0.4959280000000001,0.0015476641714209287,0.17052605,0.015548749999999998,0.30884344999999996,,,custom:libsad_search_20c37ff249ec0a.so,/home/rzzhang/sad_merged/sad/build/libsad_search_20c37ff249ec0a.so
2026-08-22T16:21:55.038234+00:00,20260822T160502,joint:rzz-hea:28:d0fb75887049e59c,ok,,rzz-hea,28,8,float64,42,64,2,64,2,1,0.0,legacy,legacy,0,0,,,,,not_applicable,legacy-generic,2,3,2,2650.8908684999997,2650.8908684999997,2650.387942,2651.393795,0.5029265000000578,747.129881,80.55387449999999,1823.207113,,,custom:libsad_search_5a6ce94d125b8e.so,/home/rzzhang/sad_merged/sad/build/libsad_search_5a6ce94d125b8e.so
2026-08-22T16:22:24.338606+00:00,20260822T160502,joint:rzz-hea:22:945bdfcab62c226f,ok,,rzz-hea,22,8,float64,42,128,2,32,2,1,1.0,rotation,rotation,22,22,compact:L1R0W0-L1R0W0-L1R0W0-L1R0W0-L1R0W0-L1R0W0-L1R0W0-L1R0W0-L1R0W0-L1R0W0-L1R0W0-L1R0W0-L1R0W0-L1R0W0-L1R0W0-L1R0W0-L1R0W0-L1R0W0-L1R0W0-L1R0W0-L1R0W0-L1R0W0,compact:L1R0W0-L1R0W0-L1R0W0-L1R0W0-L1R0W0-L1R0W0-L1R0W0-L1R0W0-L1R0W0-L1R0W0-L1R0W0-L1R0W0-L1R0W0-L1R0W0-L1R0W0-L1R0W0-L1R0W0-L1R0W0-L1R0W0-L1R0W0-L1R0W0-L1R0W0,,,split,optimized,3,3,3,75.493031,76.22987033333334,74.84274500000001,78.353835,1.5251529757995488,14.917190666666665,0.4014906666666667,60.911189,,,custom:libsad_search_7259903b8346c4.so,/home/rzzhang/sad_merged/sad/build/libsad_search_7259903b8346c4.so
2026-08-22T16:22:24.836382+00:00,20260822T160502,joint:rzz-hea:16:b66203cbab7835bf,ok,,rzz-hea,16,8,float64,42,128,2,32,2,1,1.0,rotation,rotation,16,16,compact:L1R0W0-L1R0W0-L1R0W0-L1R0W0-L1R0W0-L1R0W0-L1R0W0-L1R0W0-L1R0W0-L1R0W0-L1R0W0-L1R0W0-L1R0W0-L1R0W0-L1R0W0-L1R0W0,compact:L1R0W0-L1R0W0-L1R0W0-L1R0W0-L1R0W0-L1R0W0-L1R0W0-L1R0W0-L1R0W0-L1R0W0-L1R0W0-L1R0W0-L1R0W0-L1R0W0-L1R0W0-L1R0W0,,,merged,optimized,5,3,5,2.032623,2.0322034,2.031545,2.0326440000000003,0.0005299073881350341,0.73961,0.0157868,1.2768065999999998,,,custom:libsad_search_5851e15f736f52.so,/home/rzzhang/sad_merged/sad/build/libsad_search_5851e15f736f52.so
2026-08-22T16:22:24.863717+00:00,20260822T160502,joint:rzz-hea:22:7e8dcbb5ad5e00c5,ok,,rzz-hea,22,8,float64,42,32,2,32,2,1,0.25,rotation,rotation,8,8,compact:L3R0W0-L3R0W0-L3R0W0-L3R0W0-L3R0W0-L3R0W0-L2R0W0-L2R0W0,compact:L3R0W0-L3R0W0-L3R0W0-L3R0W0-L3R0W0-L3R0W0-L2R0W0-L2R0W0,,,merged,optimized,3,3,3,36.663911,36.66003633333333,36.643221000000004,36.672976999999996,0.01245296926662361,7.731893333333333,0.42576433333333336,28.502378666666665,,,custom:libsad_search_f9cdaf042a7bd6.so,/home/rzzhang/sad_merged/sad/build/libsad_search_f9cdaf042a7bd6.so
2026-08-22T16:22:25.106125+00:00,20260822T160502,joint:rzz-hea:22:6a88dbf8fcefbf99,ok,,rzz-hea,22,8,float64,42,64,2,64,2,1,0.0,legacy,legacy,0,0,,,,,not_applicable,legacy-generic,3,3,3,34.674063000000004,34.680658,34.653784,34.714127,0.025072427498480654,9.174897999999999,0.42558500000000005,25.080175,,,custom:libsad_search_5a6ce94d125b8e.so,/home/rzzhang/sad_merged/sad/build/libsad_search_5a6ce94d125b8e.so
2026-08-22T16:22:25.338322+00:00,20260822T160502,joint:rzz-hea:14:381c4b7a8c02b0b5,ok,,rzz-hea,14,8,float64,42,32,2,32,2,2,0.5,rotation,rotation,8,8,compact:L2R0W0-L2R0W0-L2R0W0-L2R0W0-L2R0W0-L2R0W0-L1R0W0-L1R0W0,compact:L2R0W0-L2R0W0-L2R0W0-L2R0W0-L2R0W0-L2R0W0-L1R0W0-L1R0W0,,,merged,optimized,10,3,10,0.875423,0.8749748,0.87336,0.875661,0.0007380272081705328,0.3321657,0.0155614,0.5272477,,,custom:libsad_search_dcff342f285260.so,/home/rzzhang/sad_merged/sad/build/libsad_search_dcff342f285260.so
2026-08-22T16:22:25.360805+00:00,20260822T160502,joint:rzz-hea:4:59e895d086f63923,ok,,rzz-hea,4,8,float64,42,32,2,128,2,2,1.0,rotation,rotation,4,4,compact:L1R0W0-L1R0W0-L1R0W0-L1R0W0,compact:L1R0W0-L1R0W0-L1R0W0-L1R0W0,,,merged,optimized,20,3,20,0.3071255,0.3062103,0.300026,0.307497,0.0019753858888834786,0.09455445000000001,0.014876200000000001,0.19677965,,,custom:libsad_search_fce412939d20fb.so,/home/rzzhang/sad_merged/sad/build/libsad_search_fce412939d20fb.so
2026-08-22T16:22:25.378134+00:00,20260822T160502,joint:rzz-hea:12:8775b7fd702b1018,ok,,rzz-hea,12,8,float64,42,32,2,128,2,1,0.0,rotation,rotation,2,2,compact:L5R1W0-L5R1W0,compact:L5R1W0-L5R1W0,,,merged,optimized,10,3,10,0.5221454999999999,0.5220613,0.521192,0.523253,0.0005466651717459261,0.1348337,0.0154349,0.37179270000000003,,,custom:libsad_search_2a8327787a9aac.so,/home/rzzhang/sad_merged/sad/build/libsad_search_2a8327787a9aac.so
2026-08-22T16:22:25.395276+00:00,20260822T160502,joint:rzz-hea:14:65ebacac32d43b3b,ok,,rzz-hea,14,8,float64,42,32,2,128,2,2,0.0,rotation,rotation,2,2,compact:L5R2W0-L5R2W0,compact:L5R2W0-L5R2W0,,,merged,optimized,10,3,10,0.603018,0.6006922,0.594929,0.603191,0.0034829344466986416,0.1503786,0.015398300000000002,0.43491529999999995,,,custom:libsad_search_fce412939d20fb.so,/home/rzzhang/sad_merged/sad/build/libsad_search_fce412939d20fb.so
2026-08-22T16:22:25.412889+00:00,20260822T160502,joint:rzz-hea:12:6d5e53f820759cde,ok,,rzz-hea,12,8,float64,42,32,2,128,2,1,0.25,rotation,rotation,4,4,compact:L3R0W0-L3R0W0-L3R0W0-L3R0W0,compact:L3R0W0-L3R0W0-L3R0W0-L3R0W0,,,split,optimized,10,3,10,0.714734,0.7146125,0.712659,0.71571,0.0010208137195394538,0.2028046,0.015283600000000001,0.4965242999999999,,,custom:libsad_search_0e4f539ceca897.so,/home/rzzhang/sad_merged/sad/build/libsad_search_0e4f539ceca897.so
2026-08-22T16:22:25.433010+00:00,20260822T160502,joint:rzz-hea:10:e6300e9e6c711565,ok,,rzz-hea,10,8,float64,42,128,2,32,2,2,1.0,rotation,rotation,10,10,compact:L1R0W0-L1R0W0-L1R0W0-L1R0W0-L1R0W0-L1R0W0-L1R0W0-L1R0W0-L1R0W0-L1R0W0,compact:L1R0W0-L1R0W0-L1R0W0-L1R0W0-L1R0W0-L1R0W0-L1R0W0-L1R0W0-L1R0W0-L1R0W0,,,merged,optimized,10,3,10,0.8591115,0.8588023,0.8560300000000001,0.861088,0.0014353017139263546,0.38529359999999996,0.015399800000000002,0.45810890000000004,,,custom:libsad_search_d014591f51543a.so,/home/rzzhang/sad_merged/sad/build/libsad_search_d014591f51543a.so
2026-08-22T16:22:25.454686+00:00,20260822T160502,joint:rzz-hea:24:54662a26edde93e4,ok,,rzz-hea,24,8,float64,42,128,2,128,2,2,0.75,rotation,rotation,19,19,compact:L2R0W0-L2R0W0-L2R0W0-L2R0W0-L2R0W0-L1R0W0-L1R0W0-L1R0W0-L1R0W0-L1R0W0-L1R0W0-L1R0W0-L1R0W0-L1R0W0-L1R0W0-L1R0W0-L1R0W0-L1R0W0-L1R0W0,compact:L2R0W0-L2R0W0-L2R0W0-L2R0W0-L2R0W0-L1R0W0-L1R0W0-L1R0W0-L1R0W0-L1R0W0-L1R0W0-L1R0W0-L1R0W0-L1R0W0-L1R0W0-L1R0W0-L1R0W0-L1R0W0-L1R0W0,,,split,optimized,3,3,3,307.782575,307.7798513333333,307.692567,307.86441199999996,0.07018185794220685,94.923357,1.7739193333333334,211.08257499999996,,,custom:libsad_search_d02bea87aa5c56.so,/home/rzzhang/sad_merged/sad/build/libsad_search_d02bea87aa5c56.so
2026-08-22T16:22:27.329827+00:00,20260822T160502,joint:rzz-hea:6:e036e50d4a97a940,ok,,rzz-hea,6,8,float64,42,32,2,128,2,1,0.0,legacy,legacy,0,0,,,,,not_applicable,legacy-generic,20,3,20,0.2989625,0.29908025,0.297925,0.301075,0.0008032228131097843,0.08513135,0.01535775,0.19859115000000002,,,custom:libsad_search_ada51c8f4b2976.so,/home/rzzhang/sad_merged/sad/build/libsad_search_ada51c8f4b2976.so
2026-08-22T16:22:27.347278+00:00,20260822T160502,joint:rzz-hea:20:948aad7f5437cd36,ok,,rzz-hea,20,8,float64,42,64,2,64,2,1,0.0,rotation,rotation,3,3,compact:L5R2W0-L5R2W0-L5R1W0,compact:L5R2W0-L5R2W0-L5R1W0,,,merged,optimized,5,3,5,7.9391359999999995,7.93608,7.929957,7.941129999999999,0.004642484033359505,1.7537629999999997,0.09732040000000002,6.0849966,,,custom:libsad_search_7e5293342e215a.so,/home/rzzhang/sad_merged/sad/build/libsad_search_7e5293342e215a.so
2026-08-22T16:22:27.422662+00:00,20260822T160502,joint:rzz-hea:22:4c639ee060502d78,ok,,rzz-hea,22,8,float64,42,32,2,128,2,2,1.0,rotation,rotation,22,22,compact:L1R0W0-L1R0W0-L1R0W0-L1R0W0-L1R0W0-L1R0W0-L1R0W0-L1R0W0-L1R0W0-L1R0W0-L1R0W0-L1R0W0-L1R0W0-L1R0W0-L1R0W0-L1R0W0-L1R0W0-L1R0W0-L1R0W0-L1R0W0-L1R0W0-L1R0W0,compact:L1R0W0-L1R0W0-L1R0W0-L1R0W0-L1R0W0-L1R0W0-L1R0W0-L1R0W0-L1R0W0-L1R0W0-L1R0W0-L1R0W0-L1R0W0-L1R0W0-L1R0W0-L1R0W0-L1R0W0-L1R0W0-L1R0W0-L1R0W0-L1R0W0-L1R0W0,,,merged,optimized,3,3,3,74.65374899999999,74.84663499999999,74.609854,75.276302,0.3043484745298856,13.13254266666667,0.4155236666666666,61.29856866666666,,,custom:libsad_search_fce412939d20fb.so,/home/rzzhang/sad_merged/sad/build/libsad_search_fce412939d20fb.so
2026-08-22T16:22:27.896519+00:00,20260822T160502,joint:rzz-hea:20:4454348b55d1f33e,ok,,rzz-hea,20,8,float64,42,128,2,128,2,1,1.0,rotation,rotation,20,20,compact:L1R0W0-L1R0W0-L1R0W0-L1R0W0-L1R0W0-L1R0W0-L1R0W0-L1R0W0-L1R0W0-L1R0W0-L1R0W0-L1R0W0-L1R0W0-L1R0W0-L1R0W0-L1R0W0-L1R0W0-L1R0W0-L1R0W0-L1R0W0,compact:L1R0W0-L1R0W0-L1R0W0-L1R0W0-L1R0W0-L1R0W0-L1R0W0-L1R0W0-L1R0W0-L1R0W0-L1R0W0-L1R0W0-L1R0W0-L1R0W0-L1R0W0-L1R0W0-L1R0W0-L1R0W0-L1R0W0-L1R0W0,,,merged,optimized,5,3,5,11.101414,11.100897,11.095094999999999,11.106417,0.004238863668485031,3.1287287999999998,0.10555700000000001,7.8666112,,,custom:libsad_search_8fbfac92ec4bef.so,/home/rzzhang/sad_merged/sad/build/libsad_search_8fbfac92ec4bef.so
2026-08-22T16:22:27.997173+00:00,20260822T160502,joint:rzz-hea:6:58dbf4e5decbf695,ok,,rzz-hea,6,8,float64,42,128,2,128,2,2,0.75,rotation,rotation,5,5,compact:L2R0W0-L1R0W0-L1R0W0-L1R0W0-L1R0W0,compact:L2R0W0-L1R0W0-L1R0W0-L1R0W0-L1R0W0,,,merged,optimized,20,3,20,0.434149,0.43419654999999996,0.433076,0.437221,0.0009399880039128155,0.14948389999999998,0.015282549999999999,0.2694301,,,custom:libsad_search_b969ada61d8a74.so,/home/rzzhang/sad_merged/sad/build/libsad_search_b969ada61d8a74.so
2026-08-22T16:22:28.017531+00:00,20260822T160502,joint:rzz-hea:24:14b953486f4b3258,ok,,rzz-hea,24,8,float64,42,64,2,64,2,2,0.25,rotation,rotation,8,8,compact:L3R0W0-L3R0W0-L3R0W0-L3R0W0-L3R0W0-L3R0W0-L3R0W0-L3R0W0,compact:L3R0W0-L3R0W0-L3R0W0-L3R0W0-L3R0W0-L3R0W0-L3R0W0-L3R0W0,,,merged,optimized,3,3,3,153.530357,153.54677266666667,153.439413,153.67054800000003,0.09507173656538197,40.263122,1.7650133333333333,111.51863733333333,,,custom:libsad_search_97eec9f2a848ec.so,/home/rzzhang/sad_merged/sad/build/libsad_search_97eec9f2a848ec.so
2026-08-22T16:22:28.970135+00:00,20260822T160502,joint:rzz-hea:14:f13b887034d4e809,ok,,rzz-hea,14,8,float64,42,128,2,32,2,2,1.0,rotation,rotation,14,14,compact:L1R0W0-L1R0W0-L1R0W0-L1R0W0-L1R0W0-L1R0W0-L1R0W0-L1R0W0-L1R0W0-L1R0W0-L1R0W0-L1R0W0-L1R0W0-L1R0W0,compact:L1R0W0-L1R0W0-L1R0W0-L1R0W0-L1R0W0-L1R0W0-L1R0W0-L1R0W0-L1R0W0-L1R0W0-L1R0W0-L1R0W0-L1R0W0-L1R0W0,,,split,optimized,10,3,10,1.331185,1.3313835,1.329171,1.3342789999999998,0.0013471693471868555,0.5810547,0.0153187,0.7350101,,,custom:libsad_search_3b115211f38255.so,/home/rzzhang/sad_merged/sad/build/libsad_search_3b115211f38255.so
2026-08-22T16:22:28.998240+00:00,20260822T160502,joint:rzz-hea:12:dca52ae25d318ed3,ok,,rzz-hea,12,8,float64,42,32,2,32,2,1,0.0,legacy,legacy,0,0,,,,,not_applicable,legacy-generic,10,3,10,0.4786615,0.47877549999999996,0.47815,0.48010300000000006,0.0006464588540657719,0.16011899999999998,0.015264200000000002,0.3033923,,,custom:libsad_search_06042376d3c545.so,/home/rzzhang/sad_merged/sad/build/libsad_search_06042376d3c545.so
2026-08-22T16:22:29.014873+00:00,20260822T160502,joint:rzz-hea:4:f6f6cd05d40f1f97,ok,,rzz-hea,4,8,float64,42,32,2,128,2,2,0.0,rotation,rotation,1,1,compact:L4R0W0,compact:L4R0W0,,,merged,optimized,20,3,20,0.1822065,0.18203355,0.18084699999999998,0.182744,0.0005323631725617348,0.0392157,0.01512795,0.1276899,,,custom:libsad_search_fce412939d20fb.so,/home/rzzhang/sad_merged/sad/build/libsad_search_fce412939d20fb.so
2026-08-22T16:22:29.028990+00:00,20260822T160502,joint:rzz-hea:14:699256304bd6d5a7,ok,,rzz-hea,14,8,float64,42,128,2,32,2,1,0.75,rotation,rotation,11,11,compact:L2R0W0-L2R0W0-L2R0W0-L1R0W0-L1R0W0-L1R0W0-L1R0W0-L1R0W0-L1R0W0-L1R0W0-L1R0W0,compact:L2R0W0-L2R0W0-L2R0W0-L1R0W0-L1R0W0-L1R0W0-L1R0W0-L1R0W0-L1R0W0-L1R0W0-L1R0W0,,,split,optimized,10,3,10,1.1264295,1.1270886999999998,1.1252659999999999,1.131476,0.002059552235317178,0.4771243,0.015398300000000002,0.6345660999999999,,,custom:libsad_search_7259903b8346c4.so,/home/rzzhang/sad_merged/sad/build/libsad_search_7259903b8346c4.so
2026-08-22T16:22:29.054276+00:00,20260822T160502,joint:rzz-hea:14:b140ecfc5b9ff2fd,ok,,rzz-hea,14,8,float64,42,128,2,128,2,2,0.75,rotation,rotation,11,11,compact:L2R0W0-L2R0W0-L2R0W0-L1R0W0-L1R0W0-L1R0W0-L1R0W0-L1R0W0-L1R0W0-L1R0W0-L1R0W0,compact:L2R0W0-L2R0W0-L2R0W0-L1R0W0-L1R0W0-L1R0W0-L1R0W0-L1R0W0-L1R0W0-L1R0W0-L1R0W0,,,split,optimized,10,3,10,1.2875955000000001,1.2854119000000002,1.279143,1.288496,0.003675249282701844,0.48065050000000004,0.015421,0.7893403999999999,,,custom:libsad_search_d02bea87aa5c56.so,/home/rzzhang/sad_merged/sad/build/libsad_search_d02bea87aa5c56.so
2026-08-22T16:22:29.081416+00:00,20260822T160502,joint:rzz-hea:10:0620f3362bb6b189,ok,,rzz-hea,10,8,float64,42,128,2,32,2,2,0.25,rotation,rotation,4,4,compact:L3R0W0-L3R0W0-L2R0W0-L2R0W0,compact:L3R0W0-L3R0W0-L2R0W0-L2R0W0,,,split,optimized,10,3,10,0.546279,0.5470462,0.545684,0.553594,0.0022732430930281215,0.20646380000000003,0.015603500000000001,0.3249789,,,custom:libsad_search_3b115211f38255.so,/home/rzzhang/sad_merged/sad/build/libsad_search_3b115211f38255.so
2026-08-22T16:22:29.098392+00:00,20260822T160502,joint:rzz-hea:4:69106ca3c411a915,ok,,rzz-hea,4,8,float64,42,32,2,128,2,2,0.25,rotation,rotation,2,2,compact:L2R0W0-L2R0W0,compact:L2R0W0-L2R0W0,,,split,optimized,20,3,20,0.27352750000000003,0.27987845,0.27211,0.296157,0.010031236725723305,0.08656645,0.015401449999999999,0.17791055,,,custom:libsad_search_2a0e4369743c84.so,/home/rzzhang/sad_merged/sad/build/libsad_search_2a0e4369743c84.so
2026-08-22T16:22:29.115299+00:00,20260822T160502,joint:rzz-hea:10:e1db120a8b6b74e4,ok,,rzz-hea,10,8,float64,42,64,2,64,2,2,0.25,rotation,rotation,4,4,compact:L3R0W0-L3R0W0-L2R0W0-L2R0W0,compact:L3R0W0-L3R0W0-L2R0W0-L2R0W0,,,split,optimized,10,3,10,0.5795575,0.5797607,0.579527,0.5806069999999999,0.00041177810772305044,0.19744630000000002,0.0156137,0.3667007,,,custom:libsad_search_20c37ff249ec0a.so,/home/rzzhang/sad_merged/sad/build/libsad_search_20c37ff249ec0a.so
2026-08-22T16:22:29.133069+00:00,20260822T160502,joint:rzz-hea:10:1048252bb23f8ce0,ok,,rzz-hea,10,8,float64,42,128,2,32,2,2,0.75,rotation,rotation,8,8,compact:L2R0W0-L2R0W0-L1R0W0-L1R0W0-L1R0W0-L1R0W0-L1R0W0-L1R0W0,compact:L2R0W0-L2R0W0-L1R0W0-L1R0W0-L1R0W0-L1R0W0-L1R0W0-L1R0W0,,,split,optimized,10,3,10,0.8079594999999999,0.8084227,0.807847,0.810009,0.0006951385545342718,0.3344924,0.015587099999999998,0.4583432,,,custom:libsad_search_3b115211f38255.so,/home/rzzhang/sad_merged/sad/build/libsad_search_3b115211f38255.so
2026-08-22T16:22:29.153763+00:00,20260822T160502,joint:rzz-hea:22:5e6994b3787d08d9,ok,,rzz-hea,22,8,float64,42,64,2,64,2,1,1.0,rotation,rotation,22,22,compact:L1R0W0-L1R0W0-L1R0W0-L1R0W0-L1R0W0-L1R0W0-L1R0W0-L1R0W0-L1R0W0-L1R0W0-L1R0W0-L1R0W0-L1R0W0-L1R0W0-L1R0W0-L1R0W0-L1R0W0-L1R0W0-L1R0W0-L1R0W0-L1R0W0-L1R0W0,compact:L1R0W0-L1R0W0-L1R0W0-L1R0W0-L1R0W0-L1R0W0-L1R0W0-L1R0W0-L1R0W0-L1R0W0-L1R0W0-L1R0W0-L1R0W0-L1R0W0-L1R0W0-L1R0W0-L1R0W0-L1R0W0-L1R0W0-L1R0W0-L1R0W0-L1R0W0,,,merged,optimized,3,3,3,75.391067,75.275346,74.844188,75.590783,0.3155889054735609,13.352805333333334,0.41988333333333333,61.50265733333334,,,custom:libsad_search_7e5293342e215a.so,/home/rzzhang/sad_merged/sad/build/libsad_search_7e5293342e215a.so
2026-08-22T16:22:29.631185+00:00,20260822T160502,joint:rzz-hea:12:88377e5fe03e6057,ok,,rzz-hea,12,8,float64,42,128,2,32,2,1,0.75,rotation,rotation,10,10,compact:L2R0W0-L2R0W0-L1R0W0-L1R0W0-L1R0W0-L1R0W0-L1R0W0-L1R0W0-L1R0W0-L1R0W0,compact:L2R0W0-L2R0W0-L1R0W0-L1R0W0-L1R0W0-L1R0W0-L1R0W0-L1R0W0-L1R0W0-L1R0W0,,,split,optimized,10,3,10,0.9701914999999999,0.9703221,0.969626,0.9718929999999999,0.0007180421227198083,0.40977549999999996,0.015366300000000003,0.5451803000000001,,,custom:libsad_search_7259903b8346c4.so,/home/rzzhang/sad_merged/sad/build/libsad_search_7259903b8346c4.so
2026-08-22T16:22:29.654700+00:00,20260822T160502,joint:rzz-hea:10:92209cffa4ce578c,ok,,rzz-hea,10,8,float64,42,128,2,128,2,1,0.5,rotation,rotation,6,6,compact:L2R0W0-L2R0W0-L2R0W0-L2R0W0-L1R0W0-L1R0W0,compact:L2R0W0-L2R0W0-L2R0W0-L2R0W0-L1R0W0-L1R0W0,,,split,optimized,10,3,10,0.7484035,0.7502595,0.7465959999999999,0.755864,0.0035109064997518925,0.2600887,0.015524899999999998,0.47464589999999995,,,custom:libsad_search_9361435758c99d.so,/home/rzzhang/sad_merged/sad/build/libsad_search_9361435758c99d.so
2026-08-22T16:22:29.675338+00:00,20260822T160502,joint:rzz-hea:22:f3708ccc6fab31a8,ok,,rzz-hea,22,8,float64,42,32,2,128,2,1,0.0,rotation,rotation,4,3,compact:L5R1W0-L5R1W0-L5R0W0-L5R0W0,compact:L5R2W1-L5R2W0-L5R2W0,,,split,optimized,3,3,3,34.82972,34.82941366666667,34.82486,34.833661,0.00359951666508401,8.694814666666666,0.426312,25.708287,,,custom:libsad_search_0e4f539ceca897.so,/home/rzzhang/sad_merged/sad/build/libsad_search_0e4f539ceca897.so
2026-08-22T16:22:29.906728+00:00,20260822T160502,joint:rzz-hea:28:2955ff2ae86ee96a,ok,,rzz-hea,28,8,float64,42,64,2,64,2,2,1.0,rotation,rotation,28,28,compact:L1R0W0-L1R0W0-L1R0W0-L1R0W0-L1R0W0-L1R0W0-L1R0W0-L1R0W0-L1R0W0-L1R0W0-L1R0W0-L1R0W0-L1R0W0-L1R0W0-L1R0W0-L1R0W0-L1R0W0-L1R0W0-L1R0W0-L1R0W0-L1R0W0-L1R0W0-L1R0W0-L1R0W0-L1R0W0-L1R0W0-L1R0W0-L1R0W0,compact:L1R0W0-L1R0W0-L1R0W0-L1R0W0-L1R0W0-L1R0W0-L1R0W0-L1R0W0-L1R0W0-L1R0W0-L1R0W0-L1R0W0-L1R0W0-L1R0W0-L1R0W0-L1R0W0-L1R0W0-L1R0W0-L1R0W0-L1R0W0-L1R0W0-L1R0W0-L1R0W0-L1R0W0-L1R0W0-L1R0W0-L1R0W0-L1R0W0,,,split,optimized,2,3,2,6947.167434499999,6947.167434499999,6947.055243999999,6947.279625,0.11219050000045172,2112.4842505,81.3497245,4753.333459500001,,,custom:libsad_search_20c37ff249ec0a.so,/home/rzzhang/sad_merged/sad/build/libsad_search_20c37ff249ec0a.so
2026-08-22T16:23:04.673543+00:00,20260822T160502,joint:rzz-hea:26:fcb4c1ee6964fce2,ok,,rzz-hea,26,8,float64,42,128,2,128,2,1,0.5,rotation,rotation,14,14,compact:L2R0W0-L2R0W0-L2R0W0-L2R0W0-L2R0W0-L2R0W0-L2R0W0-L2R0W0-L2R0W0-L2R0W0-L2R0W0-L2R0W0-L1R0W0-L1R0W0,compact:L2R0W0-L2R0W0-L2R0W0-L2R0W0-L2R0W0-L2R0W0-L2R0W0-L2R0W0-L2R0W0-L2R0W0-L2R0W0-L2R0W0-L1R0W0-L1R0W0,,,merged,optimized,2,3,2,949.5081355,949.5081355,949.304959,949.711312,0.20317649999998366,256.64519750000005,10.244419500000001,682.6185184999999,,,custom:libsad_search_8fbfac92ec4bef.so,/home/rzzhang/sad_merged/sad/build/libsad_search_8fbfac92ec4bef.so
2026-08-22T16:23:09.475815+00:00,20260822T160502,joint:rzz-hea:6:49ea9ac252e52681,ok,,rzz-hea,6,8,float64,42,128,2,32,2,1,0.0,rotation,rotation,1,1,compact:L5R1W0,compact:L5R1W0,,,merged,optimized,20,3,20,0.2170365,0.21700155,0.215968,0.21899400000000002,0.0008125087984139067,0.06523125,0.01550245,0.13626785,,,custom:libsad_search_5851e15f736f52.so,/home/rzzhang/sad_merged/sad/build/libsad_search_5851e15f736f52.so
2026-08-22T16:23:09.497639+00:00,20260822T160502,joint:rzz-hea:22:e66f355a31ac245b,ok,,rzz-hea,22,8,float64,42,64,2,64,2,2,1.0,rotation,rotation,22,22,compact:L1R0W0-L1R0W0-L1R0W0-L1R0W0-L1R0W0-L1R0W0-L1R0W0-L1R0W0-L1R0W0-L1R0W0-L1R0W0-L1R0W0-L1R0W0-L1R0W0-L1R0W0-L1R0W0-L1R0W0-L1R0W0-L1R0W0-L1R0W0-L1R0W0-L1R0W0,compact:L1R0W0-L1R0W0-L1R0W0-L1R0W0-L1R0W0-L1R0W0-L1R0W0-L1R0W0-L1R0W0-L1R0W0-L1R0W0-L1R0W0-L1R0W0-L1R0W0-L1R0W0-L1R0W0-L1R0W0-L1R0W0-L1R0W0-L1R0W0-L1R0W0-L1R0W0,,,merged,optimized,3,3,3,74.645335,74.65817466666667,74.642582,74.686607,0.02013608595421145,13.184345333333333,0.40116966666666665,61.07265966666667,,,custom:libsad_search_97eec9f2a848ec.so,/home/rzzhang/sad_merged/sad/build/libsad_search_97eec9f2a848ec.so
2026-08-22T16:23:09.978361+00:00,20260822T160502,joint:rzz-hea:28:056cff90c58377bd,ok,,rzz-hea,28,8,float64,42,64,2,64,2,1,0.5,rotation,rotation,16,16,compact:L2R0W0-L2R0W0-L2R0W0-L2R0W0-L2R0W0-L2R0W0-L2R0W0-L2R0W0-L2R0W0-L2R0W0-L2R0W0-L2R0W0-L1R0W0-L1R0W0-L1R0W0-L1R0W0,compact:L2R0W0-L2R0W0-L2R0W0-L2R0W0-L2R0W0-L2R0W0-L2R0W0-L2R0W0-L2R0W0-L2R0W0-L2R0W0-L2R0W0-L1R0W0-L1R0W0-L1R0W0-L1R0W0,,,split,optimized,2,3,2,4350.7614965,4350.7614965,4350.348863,4351.17413,0.4126335000000836,1324.2615154999999,81.762898,2944.7370829999995,,,custom:libsad_search_7ec063ebc99501.so,/home/rzzhang/sad_merged/sad/build/libsad_search_7ec063ebc99501.so
2026-08-22T16:23:31.760416+00:00,20260822T160502,joint:rzz-hea:16:9d4b900a96b5a75b,ok,,rzz-hea,16,8,float64,42,32,2,128,2,1,1.0,rotation,rotation,16,16,compact:L1R0W0-L1R0W0-L1R0W0-L1R0W0-L1R0W0-L1R0W0-L1R0W0-L1R0W0-L1R0W0-L1R0W0-L1R0W0-L1R0W0-L1R0W0-L1R0W0-L1R0W0-L1R0W0,compact:L1R0W0-L1R0W0-L1R0W0-L1R0W0-L1R0W0-L1R0W0-L1R0W0-L1R0W0-L1R0W0-L1R0W0-L1R0W0-L1R0W0-L1R0W0-L1R0W0-L1R0W0-L1R0W0,,,merged,optimized,5,3,5,2.0828,2.0817708,2.0766780000000002,2.083834,0.0025792844278984613,0.6616656000000001,0.015442800000000001,1.4046624,,,custom:libsad_search_2a8327787a9aac.so,/home/rzzhang/sad_merged/sad/build/libsad_search_2a8327787a9aac.so
2026-08-22T16:23:31.797691+00:00,20260822T160502,joint:rzz-hea:18:0febaf0abab36085,ok,,rzz-hea,18,8,float64,42,128,2,128,2,1,0.75,rotation,rotation,14,14,compact:L2R0W0-L2R0W0-L2R0W0-L2R0W0-L1R0W0-L1R0W0-L1R0W0-L1R0W0-L1R0W0-L1R0W0-L1R0W0-L1R0W0-L1R0W0-L1R0W0,compact:L2R0W0-L2R0W0-L2R0W0-L2R0W0-L1R0W0-L1R0W0-L1R0W0-L1R0W0-L1R0W0-L1R0W0-L1R0W0-L1R0W0-L1R0W0-L1R0W0,,,merged,optimized,5,3,5,3.4518359999999997,3.4531112,3.450971,3.457928,0.0025196478642858316,1.0116864,0.03171260000000001,2.4097121999999995,,,custom:libsad_search_8fbfac92ec4bef.so,/home/rzzhang/sad_merged/sad/build/libsad_search_8fbfac92ec4bef.so
2026-08-22T16:23:31.852089+00:00,20260822T160502,joint:rzz-hea:26:fc8d65b339cd27bf,ok,,rzz-hea,26,8,float64,42,32,2,128,2,1,0.0,legacy,legacy,0,0,,,,,not_applicable,legacy-generic,2,3,2,621.64728,621.64728,621.6181819999999,621.6763780000001,0.029098000000089996,173.57603,10.319852500000001,437.75139750000005,,,custom:libsad_search_ada51c8f4b2976.so,/home/rzzhang/sad_merged/sad/build/libsad_search_ada51c8f4b2976.so
2026-08-22T16:23:35.002511+00:00,20260822T160502,joint:rzz-hea:24:460a2053b1a676a4,ok,,rzz-hea,24,8,float64,42,64,2,64,2,2,0.75,rotation,rotation,19,19,compact:L2R0W0-L2R0W0-L2R0W0-L2R0W0-L2R0W0-L1R0W0-L1R0W0-L1R0W0-L1R0W0-L1R0W0-L1R0W0-L1R0W0-L1R0W0-L1R0W0-L1R0W0-L1R0W0-L1R0W0-L1R0W0-L1R0W0,compact:L2R0W0-L2R0W0-L2R0W0-L2R0W0-L2R0W0-L1R0W0-L1R0W0-L1R0W0-L1R0W0-L1R0W0-L1R0W0-L1R0W0-L1R0W0-L1R0W0-L1R0W0-L1R0W0-L1R0W0-L1R0W0-L1R0W0,,,split,optimized,3,3,3,307.687823,307.68651266666666,307.67443299999996,307.69728200000003,0.009373968577361834,94.86570833333334,1.7776220000000003,211.04318233333333,,,custom:libsad_search_20c37ff249ec0a.so,/home/rzzhang/sad_merged/sad/build/libsad_search_20c37ff249ec0a.so
2026-08-22T16:23:36.887253+00:00,20260822T160502,joint:rzz-hea:18:e0d706f079deeba8,ok,,rzz-hea,18,8,float64,42,128,2,128,2,1,0.0,legacy,legacy,0,0,,,,,not_applicable,legacy-generic,5,3,5,2.265087,2.2652784,2.264001,2.26718,0.0012247387639820512,0.6275632,0.0317884,1.6059268000000002,,,custom:libsad_search_78e231cd0d5107.so,/home/rzzhang/sad_merged/sad/build/libsad_search_78e231cd0d5107.so
2026-08-22T16:23:36.916914+00:00,20260822T160502,joint:rzz-hea:8:3a6013b9edcbb747,ok,,rzz-hea,8,8,float64,42,128,2,128,2,1,0.75,rotation,rotation,6,6,compact:L2R0W0-L2R0W0-L1R0W0-L1R0W0-L1R0W0-L1R0W0,compact:L2R0W0-L2R0W0-L1R0W0-L1R0W0-L1R0W0-L1R0W0,,,split,optimized,20,3,20,0.6287035000000001,0.62875535,0.627613,0.630775,0.0007447916671794886,0.2239245,0.015500449999999999,0.3893304,,,custom:libsad_search_9361435758c99d.so,/home/rzzhang/sad_merged/sad/build/libsad_search_9361435758c99d.so
2026-08-22T16:23:36.941720+00:00,20260822T160502,joint:rzz-hea:18:d8e93de098a972b8,ok,,rzz-hea,18,8,float64,42,32,2,128,2,1,0.0,rotation,rotation,3,2,compact:L5R1W0-L5R1W0-L5R1W0,compact:L5R2W2-L5R2W2,,,merged,optimized,5,3,5,2.366509,2.366857,2.366306,2.3676169999999996,0.0005559694236195229,0.5129353999999999,0.032085600000000006,1.8218359999999998,,,custom:libsad_search_2a8327787a9aac.so,/home/rzzhang/sad_merged/sad/build/libsad_search_2a8327787a9aac.so
2026-08-22T16:23:36.971284+00:00,20260822T160502,joint:rzz-hea:4:df62e9c2746ba7a6,ok,,rzz-hea,4,8,float64,42,128,2,128,2,2,1.0,rotation,rotation,4,4,compact:L1R0W0-L1R0W0-L1R0W0-L1R0W0,compact:L1R0W0-L1R0W0-L1R0W0-L1R0W0,,,split,optimized,20,3,20,0.3542895,0.3544689,0.35317699999999996,0.357334,0.00078472306580092,0.1267717,0.015384849999999999,0.21231234999999998,,,custom:libsad_search_d02bea87aa5c56.so,/home/rzzhang/sad_merged/sad/build/libsad_search_d02bea87aa5c56.so
2026-08-22T16:23:36.989476+00:00,20260822T160502,joint:rzz-hea:10:25531127e9559348,ok,,rzz-hea,10,8,float64,42,32,2,128,2,2,0.25,rotation,rotation,4,4,compact:L3R0W0-L3R0W0-L2R0W0-L2R0W0,compact:L3R0W0-L3R0W0-L2R0W0-L2R0W0,,,split,optimized,10,3,10,0.6011085,0.6013637000000001,0.600948,0.60212,0.000467464447846035,0.17940759999999997,0.0152696,0.4066865,,,custom:libsad_search_2a0e4369743c84.so,/home/rzzhang/sad_merged/sad/build/libsad_search_2a0e4369743c84.so
2026-08-22T16:23:37.007822+00:00,20260822T160502,joint:rzz-hea:14:1550e337cedb4ba0,ok,,rzz-hea,14,8,float64,42,32,2,128,2,1,1.0,rotation,rotation,14,14,compact:L1R0W0-L1R0W0-L1R0W0-L1R0W0-L1R0W0-L1R0W0-L1R0W0-L1R0W0-L1R0W0-L1R0W0-L1R0W0-L1R0W0-L1R0W0-L1R0W0,compact:L1R0W0-L1R0W0-L1R0W0-L1R0W0-L1R0W0-L1R0W0-L1R0W0-L1R0W0-L1R0W0-L1R0W0-L1R0W0-L1R0W0-L1R0W0-L1R0W0,,,split,optimized,10,3,10,1.423236,1.421296,1.415963,1.424334,0.00306901107850723,0.5016086,0.0154282,0.9042592,,,custom:libsad_search_0e4f539ceca897.so,/home/rzzhang/sad_merged/sad/build/libsad_search_0e4f539ceca897.so
2026-08-22T16:23:37.036850+00:00,20260822T160502,joint:rzz-hea:26:bf0a9826efe05274,ok,,rzz-hea,26,8,float64,42,128,2,128,2,2,0.0,rotation,rotation,3,3,compact:L5R2W2-L5R2W2-L5R2W1,compact:L5R2W2-L5R2W2-L5R2W1,,,split,optimized,2,3,2,586.1060975,586.1060975,586.079415,586.13278,0.026682499999992615,149.46898050000001,10.3283455,426.30877150000003,,,custom:libsad_search_d02bea87aa5c56.so,/home/rzzhang/sad_merged/sad/build/libsad_search_d02bea87aa5c56.so
2026-08-22T16:23:40.006930+00:00,20260822T160502,joint:rzz-hea:20:deaf379196a89563,ok,,rzz-hea,20,8,float64,42,128,2,128,2,2,0.0,rotation,rotation,3,3,compact:L5R2W0-L5R2W0-L5R1W0,compact:L5R2W0-L5R2W0-L5R1W0,,,split,optimized,5,3,5,7.63893,7.6378654,7.6340460000000006,7.640193999999999,0.002425172785596687,1.9302578000000001,0.09776399999999999,5.6098436,,,custom:libsad_search_d02bea87aa5c56.so,/home/rzzhang/sad_merged/sad/build/libsad_search_d02bea87aa5c56.so
2026-08-22T16:23:40.087968+00:00,20260822T160502,joint:rzz-hea:12:c73d38ad30f995ec,ok,,rzz-hea,12,8,float64,42,32,2,32,2,1,0.5,rotation,rotation,7,7,compact:L2R0W0-L2R0W0-L2R0W0-L2R0W0-L2R0W0-L1R0W0-L1R0W0,compact:L2R0W0-L2R0W0-L2R0W0-L2R0W0-L2R0W0-L1R0W0-L1R0W0,,,merged,optimized,10,3,10,0.684338,0.6842083999999999,0.681973,0.685447,0.0010069775767115997,0.2637484,0.015430300000000001,0.4050297,,,custom:libsad_search_f9cdaf042a7bd6.so,/home/rzzhang/sad_merged/sad/build/libsad_search_f9cdaf042a7bd6.so
2026-08-22T16:23:40.107230+00:00,20260822T160502,joint:rzz-hea:4:d8d4ba479c7df4b7,ok,,rzz-hea,4,8,float64,42,32,2,32,2,2,1.0,rotation,rotation,4,4,compact:L1R0W0-L1R0W0-L1R0W0-L1R0W0,compact:L1R0W0-L1R0W0-L1R0W0-L1R0W0,,,merged,optimized,20,3,20,0.2621515,0.26247075,0.26111599999999996,0.263269,0.0005785369370230395,0.09040219999999999,0.01530825,0.15676029999999996,,,custom:libsad_search_dcff342f285260.so,/home/rzzhang/sad_merged/sad/build/libsad_search_dcff342f285260.so
2026-08-22T16:23:40.123384+00:00,20260822T160502,joint:rzz-hea:28:93132a1cd0b923be,ok,,rzz-hea,28,8,float64,42,128,2,32,2,1,0.0,legacy,legacy,0,0,,,,,not_applicable,legacy-generic,2,3,2,2634.01821,2634.01821,2633.6450839999998,2634.391336,0.3731260000001839,792.374236,81.83513400000001,1759.80884,,,custom:libsad_search_eaf59e83158800.so,/home/rzzhang/sad_merged/sad/build/libsad_search_eaf59e83158800.so
2026-08-22T16:23:53.328493+00:00,20260822T160502,joint:rzz-hea:12:efb2c89f17332e7e,ok,,rzz-hea,12,8,float64,42,128,2,32,2,2,0.0,rotation,rotation,2,2,compact:L5R1W0-L5R1W0,compact:L5R1W0-L5R1W0,,,split,optimized,10,3,10,0.48535249999999996,0.48554320000000006,0.484499,0.487432,0.0007577383189465737,0.16655889999999998,0.015601300000000002,0.303383,,,custom:libsad_search_3b115211f38255.so,/home/rzzhang/sad_merged/sad/build/libsad_search_3b115211f38255.so
2026-08-22T16:23:53.351541+00:00,20260822T160502,joint:rzz-hea:24:30794517d95e5ca2,ok,,rzz-hea,24,8,float64,42,32,2,128,2,1,0.75,rotation,rotation,19,19,compact:L2R0W0-L2R0W0-L2R0W0-L2R0W0-L2R0W0-L1R0W0-L1R0W0-L1R0W0-L1R0W0-L1R0W0-L1R0W0-L1R0W0-L1R0W0-L1R0W0-L1R0W0-L1R0W0-L1R0W0-L1R0W0-L1R0W0,compact:L2R0W0-L2R0W0-L2R0W0-L2R0W0-L2R0W0-L1R0W0-L1R0W0-L1R0W0-L1R0W0-L1R0W0-L1R0W0-L1R0W0-L1R0W0-L1R0W0-L1R0W0-L1R0W0-L1R0W0-L1R0W0-L1R0W0,,,merged,optimized,3,3,3,301.360292,301.3878,301.34431500000005,301.458793,0.05062160717189416,84.03911066666666,1.788374,215.56031533333334,,,custom:libsad_search_2a8327787a9aac.so,/home/rzzhang/sad_merged/sad/build/libsad_search_2a8327787a9aac.so
2026-08-22T16:23:55.211114+00:00,20260822T160502,joint:rzz-hea:10:6d532b7821d6c7cf,ok,,rzz-hea,10,8,float64,42,128,2,32,2,1,0.25,rotation,rotation,4,4,compact:L3R0W0-L3R0W0-L2R0W0-L2R0W0,compact:L3R0W0-L3R0W0-L2R0W0-L2R0W0,,,split,optimized,10,3,10,0.548331,0.5482286000000001,0.546678,0.548958,0.0007318523348326519,0.207441,0.015532700000000002,0.3252549,,,custom:libsad_search_7259903b8346c4.so,/home/rzzhang/sad_merged/sad/build/libsad_search_7259903b8346c4.so
2026-08-22T16:23:55.229218+00:00,20260822T160502,joint:rzz-hea:18:765096e250fccf0f,ok,,rzz-hea,18,8,float64,42,32,2,128,2,1,1.0,rotation,rotation,18,18,compact:L1R0W0-L1R0W0-L1R0W0-L1R0W0-L1R0W0-L1R0W0-L1R0W0-L1R0W0-L1R0W0-L1R0W0-L1R0W0-L1R0W0-L1R0W0-L1R0W0-L1R0W0-L1R0W0-L1R0W0-L1R0W0,compact:L1R0W0-L1R0W0-L1R0W0-L1R0W0-L1R0W0-L1R0W0-L1R0W0-L1R0W0-L1R0W0-L1R0W0-L1R0W0-L1R0W0-L1R0W0-L1R0W0-L1R0W0-L1R0W0-L1R0W0-L1R0W0,,,merged,optimized,5,3,5,3.789794,3.7890168,3.785796,3.790763,0.0017269530856396454,1.1266954,0.03173960000000001,2.6305818000000003,,,custom:libsad_search_2a8327787a9aac.so,/home/rzzhang/sad_merged/sad/build/libsad_search_2a8327787a9aac.so
2026-08-22T16:23:55.270883+00:00,20260822T160502,joint:rzz-hea:8:74295b6d467b02fb,ok,,rzz-hea,8,8,float64,42,32,2,32,2,1,0.0,rotation,rotation,2,2,compact:L4R0W0-L4R0W0,compact:L4R0W0-L4R0W0,,,merged,optimized,20,3,20,0.310233,0.3101893,0.309216,0.310283,0.0002248370743449589,0.10301010000000001,0.015710449999999997,0.19146875,,,custom:libsad_search_f9cdaf042a7bd6.so,/home/rzzhang/sad_merged/sad/build/libsad_search_f9cdaf042a7bd6.so
2026-08-22T16:23:55.288125+00:00,20260822T160502,joint:rzz-hea:6:7fdbbb3caabed813,ok,,rzz-hea,6,8,float64,42,32,2,128,2,2,0.0,rotation,rotation,1,1,compact:L5R1W0,compact:L5R1W0,,,split,optimized,20,3,20,0.301203,0.30311935,0.300884,0.30920299999999995,0.0031584433392891557,0.07902105000000001,0.01519155,0.20890675,,,custom:libsad_search_2a0e4369743c84.so,/home/rzzhang/sad_merged/sad/build/libsad_search_2a0e4369743c84.so
2026-08-22T16:23:55.305900+00:00,20260822T160502,joint:rzz-hea:20:b159687689ff773f,ok,,rzz-hea,20,8,float64,42,64,2,64,2,1,0.0,rotation,rotation,3,3,compact:L5R2W0-L5R2W0-L5R1W0,compact:L5R2W0-L5R2W0-L5R1W0,,,split,optimized,5,3,5,8.055037,8.051580600000001,8.04545,8.055921000000001,0.004941140783260725,2.0611416,0.1057302,5.884708800000001,,,custom:libsad_search_7ec063ebc99501.so,/home/rzzhang/sad_merged/sad/build/libsad_search_7ec063ebc99501.so
2026-08-22T16:23:55.381937+00:00,20260822T160502,joint:rzz-hea:16:8a2379208e1c4d92,ok,,rzz-hea,16,8,float64,42,64,2,64,2,1,0.25,rotation,rotation,6,6,compact:L3R0W0-L3R0W0-L3R0W0-L3R0W0-L2R0W0-L2R0W0,compact:L3R0W0-L3R0W0-L3R0W0-L3R0W0-L2R0W0-L2R0W0,,,merged,optimized,5,3,5,1.330164,1.3303598,1.329291,1.3311570000000001,0.0006860383079683401,0.35987240000000004,0.015381600000000002,0.9551058,,,custom:libsad_search_7e5293342e215a.so,/home/rzzhang/sad_merged/sad/build/libsad_search_7e5293342e215a.so
2026-08-22T16:23:55.402999+00:00,20260822T160502,joint:rzz-hea:16:ceda50473521eb8d,ok,,rzz-hea,16,8,float64,42,32,2,128,2,1,0.0,legacy,legacy,0,0,,,,,not_applicable,legacy-generic,5,3,5,1.024875,1.0233558,1.0178500000000001,1.025094,0.0027869930319252166,0.2886966,0.0151078,0.7195514000000001,,,custom:libsad_search_ada51c8f4b2976.so,/home/rzzhang/sad_merged/sad/build/libsad_search_ada51c8f4b2976.so
2026-08-22T16:23:55.421796+00:00,20260822T160502,joint:rzz-hea:24:60c4da8b1999bb2c,ok,,rzz-hea,24,8,float64,42,64,2,64,2,2,0.75,rotation,rotation,19,19,compact:L2R0W0-L2R0W0-L2R0W0-L2R0W0-L2R0W0-L1R0W0-L1R0W0-L1R0W0-L1R0W0-L1R0W0-L1R0W0-L1R0W0-L1R0W0-L1R0W0-L1R0W0-L1R0W0-L1R0W0-L1R0W0-L1R0W0,compact:L2R0W0-L2R0W0-L2R0W0-L2R0W0-L2R0W0-L1R0W0-L1R0W0-L1R0W0-L1R0W0-L1R0W0-L1R0W0-L1R0W0-L1R0W0-L1R0W0-L1R0W0-L1R0W0-L1R0W0-L1R0W0-L1R0W0,,,merged,optimized,3,3,3,302.333647,302.24358366666667,302.02785900000003,302.36924500000003,0.15323109618553024,84.490552,1.77942,215.97361166666664,,,custom:libsad_search_97eec9f2a848ec.so,/home/rzzhang/sad_merged/sad/build/libsad_search_97eec9f2a848ec.so
2026-08-22T16:23:57.264511+00:00,20260822T160502,joint:rzz-hea:6:f764639112f303a4,ok,,rzz-hea,6,8,float64,42,32,2,128,2,1,0.25,rotation,rotation,2,2,compact:L3R0W0-L3R0W0,compact:L3R0W0-L3R0W0,,,split,optimized,20,3,20,0.332291,0.33235650000000005,0.33083100000000004,0.334865,0.0008841224745474984,0.09550845,0.0152834,0.22156465,,,custom:libsad_search_0e4f539ceca897.so,/home/rzzhang/sad_merged/sad/build/libsad_search_0e4f539ceca897.so
2026-08-22T16:23:57.282932+00:00,20260822T160502,joint:rzz-hea:26:a5b40b4db4df92d5,ok,,rzz-hea,26,8,float64,42,64,2,64,2,1,0.75,rotation,rotation,20,20,compact:L2R0W0-L2R0W0-L2R0W0-L2R0W0-L2R0W0-L2R0W0-L1R0W0-L1R0W0-L1R0W0-L1R0W0-L1R0W0-L1R0W0-L1R0W0-L1R0W0-L1R0W0-L1R0W0-L1R0W0-L1R0W0-L1R0W0-L1R0W0,compact:L2R0W0-L2R0W0-L2R0W0-L2R0W0-L2R0W0-L2R0W0-L1R0W0-L1R0W0-L1R0W0-L1R0W0-L1R0W0-L1R0W0-L1R0W0-L1R0W0-L1R0W0-L1R0W0-L1R0W0-L1R0W0-L1R0W0-L1R0W0,,,split,optimized,2,3,2,1289.488768,1289.488768,1289.388681,1289.588855,0.10008700000003046,395.702256,10.2657295,883.5207825,,,custom:libsad_search_7ec063ebc99501.so,/home/rzzhang/sad_merged/sad/build/libsad_search_7ec063ebc99501.so
2026-08-22T16:24:03.758715+00:00,20260822T160502,joint:rzz-hea:20:bb4817b75b4c3d3c,ok,,rzz-hea,20,8,float64,42,32,2,32,2,2,0.0,rotation,rotation,3,3,compact:L5R2W0-L5R2W0-L5R1W0,compact:L5R2W0-L5R2W0-L5R1W0,,,split,optimized,5,3,5,7.443461,7.446783399999999,7.43649,7.4578940000000005,0.008444244444590656,1.9338764000000002,0.09736080000000001,5.4155462000000005,,,custom:libsad_search_16d9d6cef53b3d.so,/home/rzzhang/sad_merged/sad/build/libsad_search_16d9d6cef53b3d.so
2026-08-22T16:24:03.839887+00:00,20260822T160502,joint:rzz-hea:10:2e34015ea134cfa2,ok,,rzz-hea,10,8,float64,42,128,2,128,2,1,0.75,rotation,rotation,8,8,compact:L2R0W0-L2R0W0-L1R0W0-L1R0W0-L1R0W0-L1R0W0-L1R0W0-L1R0W0,compact:L2R0W0-L2R0W0-L1R0W0-L1R0W0-L1R0W0-L1R0W0-L1R0W0-L1R0W0,,,merged,optimized,10,3,10,0.8156545,0.8147743000000001,0.80906,0.817065,0.0027374873899252963,0.3157507,0.015228400000000001,0.48379520000000004,,,custom:libsad_search_8fbfac92ec4bef.so,/home/rzzhang/sad_merged/sad/build/libsad_search_8fbfac92ec4bef.so
2026-08-22T16:24:03.861530+00:00,20260822T160502,joint:rzz-hea:22:c1b2b417f02b9c35,ok,,rzz-hea,22,8,float64,42,32,2,32,2,2,0.0,rotation,rotation,4,4,compact:L5R1W0-L5R1W0-L5R0W0-L5R0W0,compact:L5R1W0-L5R1W0-L5R0W0-L5R0W0,,,split,optimized,3,3,3,34.047398,34.044755333333335,34.039294,34.047574,0.003862414213359216,8.692565333333334,0.42564500000000005,24.926544999999997,,,custom:libsad_search_16d9d6cef53b3d.so,/home/rzzhang/sad_merged/sad/build/libsad_search_16d9d6cef53b3d.so
2026-08-22T16:24:04.087786+00:00,20260822T160502,joint:rzz-hea:26:0aac163a2772c03a,ok,,rzz-hea,26,8,float64,42,128,2,128,2,1,0.25,rotation,rotation,9,9,compact:L3R0W0-L3R0W0-L3R0W0-L3R0W0-L3R0W0-L3R0W0-L3R0W0-L3R0W0-L2R0W0,compact:L3R0W0-L3R0W0-L3R0W0-L3R0W0-L3R0W0-L3R0W0-L3R0W0-L3R0W0-L2R0W0,,,split,optimized,2,3,2,693.1685865,693.1685865,692.994098,693.343075,0.17448849999999538,215.019706,10.421403,467.72747749999996,,,custom:libsad_search_9361435758c99d.so,/home/rzzhang/sad_merged/sad/build/libsad_search_9361435758c99d.so
2026-08-22T16:24:07.583652+00:00,20260822T160502,joint:rzz-hea:10:b486e94f3e296827,ok,,rzz-hea,10,8,float64,42,32,2,32,2,2,0.5,rotation,rotation,6,6,compact:L2R0W0-L2R0W0-L2R0W0-L2R0W0-L1R0W0-L1R0W0,compact:L2R0W0-L2R0W0-L2R0W0-L2R0W0-L1R0W0-L1R0W0,,,merged,optimized,10,3,10,0.566281,0.5665617000000001,0.565985,0.567502,0.0005228806842865797,0.2167799,0.015656200000000002,0.33412559999999997,,,custom:libsad_search_dcff342f285260.so,/home/rzzhang/sad_merged/sad/build/libsad_search_dcff342f285260.so
2026-08-22T16:24:07.608098+00:00,20260822T160502,joint:rzz-hea:28:ca3b7a8f6a9e43c2,ok,,rzz-hea,28,8,float64,42,32,2,128,2,1,0.75,rotation,rotation,22,22,compact:L2R0W0-L2R0W0-L2R0W0-L2R0W0-L2R0W0-L2R0W0-L1R0W0-L1R0W0-L1R0W0-L1R0W0-L1R0W0-L1R0W0-L1R0W0-L1R0W0-L1R0W0-L1R0W0-L1R0W0-L1R0W0-L1R0W0-L1R0W0-L1R0W0-L1R0W0,compact:L2R0W0-L2R0W0-L2R0W0-L2R0W0-L2R0W0-L2R0W0-L1R0W0-L1R0W0-L1R0W0-L1R0W0-L1R0W0-L1R0W0-L1R0W0-L1R0W0-L1R0W0-L1R0W0-L1R0W0-L1R0W0-L1R0W0-L1R0W0-L1R0W0-L1R0W0,,,split,optimized,2,3,2,5635.067183,5635.067183,5634.25964,5635.874726,0.807542999999896,1714.0710065,82.1531735,3838.843003,,,custom:libsad_search_0e4f539ceca897.so,/home/rzzhang/sad_merged/sad/build/libsad_search_0e4f539ceca897.so
2026-08-22T16:24:35.820781+00:00,20260822T160502,joint:rzz-hea:12:f05fddd048757033,ok,,rzz-hea,12,8,float64,42,128,2,32,2,2,0.75,rotation,rotation,10,10,compact:L2R0W0-L2R0W0-L1R0W0-L1R0W0-L1R0W0-L1R0W0-L1R0W0-L1R0W0-L1R0W0-L1R0W0,compact:L2R0W0-L2R0W0-L1R0W0-L1R0W0-L1R0W0-L1R0W0-L1R0W0-L1R0W0-L1R0W0-L1R0W0,,,split,optimized,10,3,10,0.9554144999999999,0.9557654,0.9552510000000001,0.9574309999999999,0.0006615595513632591,0.4035155,0.0154793,0.5367706,,,custom:libsad_search_3b115211f38255.so,/home/rzzhang/sad_merged/sad/build/libsad_search_3b115211f38255.so
2026-08-22T16:24:35.849331+00:00,20260822T160502,joint:rzz-hea:4:618ff4b56bdc71f1,ok,,rzz-hea,4,8,float64,42,128,2,32,2,1,0.75,rotation,rotation,3,3,compact:L2R0W0-L1R0W0-L1R0W0,compact:L2R0W0-L1R0W0-L1R0W0,,,merged,optimized,20,3,20,0.239515,0.23932515,0.23844299999999996,0.24071599999999999,0.0006443767744883455,0.08175345,0.01552695,0.14204475,,,custom:libsad_search_5851e15f736f52.so,/home/rzzhang/sad_merged/sad/build/libsad_search_5851e15f736f52.so
2026-08-22T16:24:35.871381+00:00,20260822T160502,joint:rzz-hea:28:6bfb8ed2619cbac0,ok,,rzz-hea,28,8,float64,42,128,2,128,2,2,0.25,rotation,rotation,10,10,compact:L3R0W0-L3R0W0-L3R0W0-L3R0W0-L3R0W0-L3R0W0-L3R0W0-L3R0W0-L2R0W0-L2R0W0,compact:L3R0W0-L3R0W0-L3R0W0-L3R0W0-L3R0W0-L3R0W0-L3R0W0-L3R0W0-L2R0W0-L2R0W0,,,merged,optimized,2,3,2,2987.210261,2987.210261,2987.2054559999997,2987.215066,0.0048050000002604065,775.3712539999999,80.9409685,2130.8980385,,,custom:libsad_search_b969ada61d8a74.so,/home/rzzhang/sad_merged/sad/build/libsad_search_b969ada61d8a74.so
2026-08-22T16:24:50.980579+00:00,20260822T160502,joint:rzz-hea:18:01f9aa3638b2aa15,ok,,rzz-hea,18,8,float64,42,128,2,128,2,2,1.0,rotation,rotation,18,18,compact:L1R0W0-L1R0W0-L1R0W0-L1R0W0-L1R0W0-L1R0W0-L1R0W0-L1R0W0-L1R0W0-L1R0W0-L1R0W0-L1R0W0-L1R0W0-L1R0W0-L1R0W0-L1R0W0-L1R0W0-L1R0W0,compact:L1R0W0-L1R0W0-L1R0W0-L1R0W0-L1R0W0-L1R0W0-L1R0W0-L1R0W0-L1R0W0-L1R0W0-L1R0W0-L1R0W0-L1R0W0-L1R0W0-L1R0W0-L1R0W0-L1R0W0-L1R0W0,,,merged,optimized,5,3,5,3.83384,3.8338422000000003,3.832834,3.83491,0.0006588366717175739,1.1869638,0.0318988,2.6149796000000003,,,custom:libsad_search_b969ada61d8a74.so,/home/rzzhang/sad_merged/sad/build/libsad_search_b969ada61d8a74.so
2026-08-22T16:24:51.038503+00:00,20260822T160502,joint:rzz-hea:28:7f13e818767f2bcd,ok,,rzz-hea,28,8,float64,42,64,2,64,2,2,0.75,rotation,rotation,22,22,compact:L2R0W0-L2R0W0-L2R0W0-L2R0W0-L2R0W0-L2R0W0-L1R0W0-L1R0W0-L1R0W0-L1R0W0-L1R0W0-L1R0W0-L1R0W0-L1R0W0-L1R0W0-L1R0W0-L1R0W0-L1R0W0-L1R0W0-L1R0W0-L1R0W0-L1R0W0,compact:L2R0W0-L2R0W0-L2R0W0-L2R0W0-L2R0W0-L2R0W0-L1R0W0-L1R0W0-L1R0W0-L1R0W0-L1R0W0-L1R0W0-L1R0W0-L1R0W0-L1R0W0-L1R0W0-L1R0W0-L1R0W0-L1R0W0-L1R0W0-L1R0W0-L1R0W0,,,split,optimized,2,3,2,5647.2649845,5647.2649845,5646.682394,5647.847575,0.5825904999996965,1718.697758,81.32151449999999,3847.245712,,,custom:libsad_search_20c37ff249ec0a.so,/home/rzzhang/sad_merged/sad/build/libsad_search_20c37ff249ec0a.so
2026-08-22T16:25:19.448617+00:00,20260822T160502,joint:rzz-hea:18:bc0ab92c2be416cf,ok,,rzz-hea,18,8,float64,42,32,2,32,2,1,0.75,rotation,rotation,14,14,compact:L2R0W0-L2R0W0-L2R0W0-L2R0W0-L1R0W0-L1R0W0-L1R0W0-L1R0W0-L1R0W0-L1R0W0-L1R0W0-L1R0W0-L1R0W0-L1R0W0,compact:L2R0W0-L2R0W0-L2R0W0-L2R0W0-L1R0W0-L1R0W0-L1R0W0-L1R0W0-L1R0W0-L1R0W0-L1R0W0-L1R0W0-L1R0W0-L1R0W0,,,split,optimized,5,3,5,3.1722340000000004,3.1750584,3.170398,3.1831869999999998,0.0049633305995066285,1.0498584,0.0318616,2.0933384,,,custom:libsad_search_3cb67c7e18cc99.so,/home/rzzhang/sad_merged/sad/build/libsad_search_3cb67c7e18cc99.so
2026-08-22T16:25:19.501385+00:00,20260822T160502,joint:rzz-hea:20:129264a88848d4b4,ok,,rzz-hea,20,8,float64,42,64,2,64,2,1,0.75,rotation,rotation,16,16,compact:L2R0W0-L2R0W0-L2R0W0-L2R0W0-L1R0W0-L1R0W0-L1R0W0-L1R0W0-L1R0W0-L1R0W0-L1R0W0-L1R0W0-L1R0W0-L1R0W0-L1R0W0-L1R0W0,compact:L2R0W0-L2R0W0-L2R0W0-L2R0W0-L1R0W0-L1R0W0-L1R0W0-L1R0W0-L1R0W0-L1R0W0-L1R0W0-L1R0W0-L1R0W0-L1R0W0-L1R0W0-L1R0W0,,,split,optimized,5,3,5,9.154049,9.1527198,9.146068,9.156233,0.0035910379223842827,2.8381817999999996,0.0976688,6.2168692,,,custom:libsad_search_7ec063ebc99501.so,/home/rzzhang/sad_merged/sad/build/libsad_search_7ec063ebc99501.so
2026-08-22T16:25:19.602047+00:00,20260822T160502,joint:rzz-hea:4:a033f32071f7016e,ok,,rzz-hea,4,8,float64,42,128,2,32,2,1,0.5,rotation,rotation,2,2,compact:L2R0W0-L2R0W0,compact:L2R0W0-L2R0W0,,,split,optimized,20,3,20,0.2560205,0.2564114,0.25589000000000006,0.25704699999999997,0.0004953663694680932,0.09257069999999999,0.015287300000000002,0.1485534,,,custom:libsad_search_7259903b8346c4.so,/home/rzzhang/sad_merged/sad/build/libsad_search_7259903b8346c4.so
2026-08-22T16:25:19.624126+00:00,20260822T160502,joint:rzz-hea:10:f97d0f531cd39085,ok,,rzz-hea,10,8,float64,42,32,2,128,2,2,0.5,rotation,rotation,6,6,compact:L2R0W0-L2R0W0-L2R0W0-L2R0W0-L1R0W0-L1R0W0,compact:L2R0W0-L2R0W0-L2R0W0-L2R0W0-L1R0W0-L1R0W0,,,merged,optimized,10,3,10,0.655327,0.6558151000000001,0.655142,0.657371,0.0007150887287602995,0.21692899999999998,0.01552,0.42336609999999997,,,custom:libsad_search_fce412939d20fb.so,/home/rzzhang/sad_merged/sad/build/libsad_search_fce412939d20fb.so
2026-08-22T16:25:19.649483+00:00,20260822T160502,joint:rzz-hea:12:6fd14b6242260621,ok,,rzz-hea,12,8,float64,42,32,2,128,2,2,0.5,rotation,rotation,7,7,compact:L2R0W0-L2R0W0-L2R0W0-L2R0W0-L2R0W0-L1R0W0-L1R0W0,compact:L2R0W0-L2R0W0-L2R0W0-L2R0W0-L2R0W0-L1R0W0-L1R0W0,,,split,optimized,10,3,10,0.855051,0.8552601,0.8548009999999999,0.8561579999999999,0.0004942902892026102,0.2733123,0.015435899999999999,0.5665119,,,custom:libsad_search_2a0e4369743c84.so,/home/rzzhang/sad_merged/sad/build/libsad_search_2a0e4369743c84.so
2026-08-22T16:25:19.676486+00:00,20260822T160502,joint:rzz-hea:6:ec6b5ff4d4fc9ddc,ok,,rzz-hea,6,8,float64,42,64,2,64,2,1,0.75,rotation,rotation,5,5,compact:L2R0W0-L1R0W0-L1R0W0-L1R0W0-L1R0W0,compact:L2R0W0-L1R0W0-L1R0W0-L1R0W0-L1R0W0,,,merged,optimized,20,3,20,0.36870899999999995,0.36923845,0.368299,0.372674,0.000995738694387235,0.13327255000000002,0.01550335,0.22046255,,,custom:libsad_search_7e5293342e215a.so,/home/rzzhang/sad_merged/sad/build/libsad_search_7e5293342e215a.so
2026-08-22T16:25:19.701898+00:00,20260822T160502,joint:rzz-hea:26:40b2ecacca0cd8ed,ok,,rzz-hea,26,8,float64,42,128,2,32,2,2,0.75,rotation,rotation,20,20,compact:L2R0W0-L2R0W0-L2R0W0-L2R0W0-L2R0W0-L2R0W0-L1R0W0-L1R0W0-L1R0W0-L1R0W0-L1R0W0-L1R0W0-L1R0W0-L1R0W0-L1R0W0-L1R0W0-L1R0W0-L1R0W0-L1R0W0-L1R0W0,compact:L2R0W0-L2R0W0-L2R0W0-L2R0W0-L2R0W0-L2R0W0-L1R0W0-L1R0W0-L1R0W0-L1R0W0-L1R0W0-L1R0W0-L1R0W0-L1R0W0-L1R0W0-L1R0W0-L1R0W0-L1R0W0-L1R0W0-L1R0W0,,,split,optimized,2,3,2,1289.5769185,1289.5769185,1289.525305,1289.628532,0.0516135000000304,396.133524,10.4942935,882.949101,,,custom:libsad_search_3b115211f38255.so,/home/rzzhang/sad_merged/sad/build/libsad_search_3b115211f38255.so
2026-08-22T16:25:26.173219+00:00,20260822T160502,joint:rzz-hea:20:6951861995eecb3c,ok,,rzz-hea,20,8,float64,42,32,2,32,2,2,0.5,rotation,rotation,12,12,compact:L2R0W0-L2R0W0-L2R0W0-L2R0W0-L2R0W0-L2R0W0-L2R0W0-L2R0W0-L1R0W0-L1R0W0-L1R0W0-L1R0W0,compact:L2R0W0-L2R0W0-L2R0W0-L2R0W0-L2R0W0-L2R0W0-L2R0W0-L2R0W0-L1R0W0-L1R0W0-L1R0W0-L1R0W0,,,split,optimized,5,3,5,8.671717000000001,8.674145999999999,8.668842,8.682175,0.004844162590170088,2.6608293999999995,0.0975194,5.9157972,,,custom:libsad_search_16d9d6cef53b3d.so,/home/rzzhang/sad_merged/sad/build/libsad_search_16d9d6cef53b3d.so
2026-08-22T16:25:26.263313+00:00,20260822T160502,joint:rzz-hea:8:8686a76a9daf39a0,ok,,rzz-hea,8,8,float64,42,128,2,32,2,2,0.5,rotation,rotation,4,5,compact:L2R0W0-L2R0W0-L2R0W0-L2R0W0,compact:L2R0W0-L2R0W0-L2R0W0-L1R0W0-L1R0W0,,,merged,optimized,20,3,20,0.4423395,0.44258585000000006,0.441305,0.44539000000000006,0.0007775302743302133,0.1660032,0.015359900000000001,0.26122275,,,custom:libsad_search_d014591f51543a.so,/home/rzzhang/sad_merged/sad/build/libsad_search_d014591f51543a.so
2026-08-22T16:25:26.284318+00:00,20260822T160502,joint:rzz-hea:8:73298c388821e28a,ok,,rzz-hea,8,8,float64,42,128,2,32,2,1,0.25,rotation,rotation,3,4,compact:L3R0W0-L3R0W0-L2R0W0,compact:L2R0W0-L2R0W0-L2R0W0-L2R0W0,,,merged,optimized,20,3,20,0.3972695,0.397418,0.396313,0.39930999999999994,0.0005891420881247529,0.14328445,0.01541735,0.2387162,,,custom:libsad_search_5851e15f736f52.so,/home/rzzhang/sad_merged/sad/build/libsad_search_5851e15f736f52.so
2026-08-22T16:25:26.303927+00:00,20260822T160502,joint:rzz-hea:26:826c847c0a0273b4,ok,,rzz-hea,26,8,float64,42,128,2,128,2,1,0.75,rotation,rotation,20,20,compact:L2R0W0-L2R0W0-L2R0W0-L2R0W0-L2R0W0-L2R0W0-L1R0W0-L1R0W0-L1R0W0-L1R0W0-L1R0W0-L1R0W0-L1R0W0-L1R0W0-L1R0W0-L1R0W0-L1R0W0-L1R0W0-L1R0W0-L1R0W0,compact:L2R0W0-L2R0W0-L2R0W0-L2R0W0-L2R0W0-L2R0W0-L1R0W0-L1R0W0-L1R0W0-L1R0W0-L1R0W0-L1R0W0-L1R0W0-L1R0W0-L1R0W0-L1R0W0-L1R0W0-L1R0W0-L1R0W0-L1R0W0,,,split,optimized,2,3,2,1289.190349,1289.190349,1289.1578610000001,1289.222837,0.032487999999943895,395.7941355,10.294247499999999,883.1019660000001,,,custom:libsad_search_9361435758c99d.so,/home/rzzhang/sad_merged/sad/build/libsad_search_9361435758c99d.so
2026-08-22T16:25:32.778587+00:00,20260822T160502,joint:rzz-hea:16:72d723fff46fb660,ok,,rzz-hea,16,8,float64,42,32,2,32,2,1,0.0,rotation,rotation,3,3,compact:L5R1W0-L5R0W0-L5R0W0,compact:L5R1W0-L5R0W0-L5R0W0,,,split,optimized,5,3,5,0.9552759999999999,0.9549084000000001,0.953251,0.956368,0.0010518521949399629,0.2506448,0.015656200000000002,0.6886074,,,custom:libsad_search_3cb67c7e18cc99.so,/home/rzzhang/sad_merged/sad/build/libsad_search_3cb67c7e18cc99.so
2026-08-22T16:25:32.807850+00:00,20260822T160502,joint:rzz-hea:12:469fac96a15880d1,ok,,rzz-hea,12,8,float64,42,128,2,32,2,1,1.0,rotation,rotation,12,12,compact:L1R0W0-L1R0W0-L1R0W0-L1R0W0-L1R0W0-L1R0W0-L1R0W0-L1R0W0-L1R0W0-L1R0W0-L1R0W0-L1R0W0,compact:L1R0W0-L1R0W0-L1R0W0-L1R0W0-L1R0W0-L1R0W0-L1R0W0-L1R0W0-L1R0W0-L1R0W0-L1R0W0-L1R0W0,,,split,optimized,10,3,10,1.077696,1.0779708000000001,1.07615,1.081233,0.0014780152096646607,0.46295529999999996,0.0157789,0.5992365999999999,,,custom:libsad_search_7259903b8346c4.so,/home/rzzhang/sad_merged/sad/build/libsad_search_7259903b8346c4.so
2026-08-22T16:25:32.835638+00:00,20260822T160502,joint:rzz-hea:28:c408b6a5d47c8fe8,ok,,rzz-hea,28,8,float64,42,32,2,128,2,2,0.75,rotation,rotation,22,22,compact:L2R0W0-L2R0W0-L2R0W0-L2R0W0-L2R0W0-L2R0W0-L1R0W0-L1R0W0-L1R0W0-L1R0W0-L1R0W0-L1R0W0-L1R0W0-L1R0W0-L1R0W0-L1R0W0-L1R0W0-L1R0W0-L1R0W0-L1R0W0-L1R0W0-L1R0W0,compact:L2R0W0-L2R0W0-L2R0W0-L2R0W0-L2R0W0-L2R0W0-L1R0W0-L1R0W0-L1R0W0-L1R0W0-L1R0W0-L1R0W0-L1R0W0-L1R0W0-L1R0W0-L1R0W0-L1R0W0-L1R0W0-L1R0W0-L1R0W0-L1R0W0-L1R0W0,,,split,optimized,2,3,2,5641.390133999999,5641.390133999999,5641.278456,5641.5018119999995,0.11167799999975614,1713.8559665,82.71692999999999,3844.8172375,,,custom:libsad_search_2a0e4369743c84.so,/home/rzzhang/sad_merged/sad/build/libsad_search_2a0e4369743c84.so
2026-08-22T16:26:01.065462+00:00,20260822T160502,joint:rzz-hea:6:7cc3842cd7dfb835,ok,,rzz-hea,6,8,float64,42,64,2,64,2,2,0.0,rotation,rotation,1,1,compact:L5R1W0,compact:L5R1W0,,,split,optimized,20,3,20,0.25904400000000005,0.25947745,0.258864,0.26125699999999996,0.000641872765818897,0.07794925,0.0153046,0.1662236,,,custom:libsad_search_20c37ff249ec0a.so,/home/rzzhang/sad_merged/sad/build/libsad_search_20c37ff249ec0a.so
2026-08-22T16:26:01.088357+00:00,20260822T160502,joint:rzz-hea:20:5560e831cb0e15cb,ok,,rzz-hea,20,8,float64,42,32,2,128,2,1,0.75,rotation,rotation,16,16,compact:L2R0W0-L2R0W0-L2R0W0-L2R0W0-L1R0W0-L1R0W0-L1R0W0-L1R0W0-L1R0W0-L1R0W0-L1R0W0-L1R0W0-L1R0W0-L1R0W0-L1R0W0-L1R0W0,compact:L2R0W0-L2R0W0-L2R0W0-L2R0W0-L1R0W0-L1R0W0-L1R0W0-L1R0W0-L1R0W0-L1R0W0-L1R0W0-L1R0W0-L1R0W0-L1R0W0-L1R0W0-L1R0W0,,,merged,optimized,5,3,5,10.012214,10.01044,10.003966,10.012419,0.003262069220602325,2.7677954000000002,0.09742880000000001,7.1452158,,,custom:libsad_search_2a8327787a9aac.so,/home/rzzhang/sad_merged/sad/build/libsad_search_2a8327787a9aac.so
2026-08-22T16:26:01.195946+00:00,20260822T160502,joint:rzz-hea:22:2c2418c7bca00af7,ok,,rzz-hea,22,8,float64,42,32,2,128,2,2,0.5,rotation,rotation,13,12,compact:L2R0W0-L2R0W0-L2R0W0-L2R0W0-L2R0W0-L2R0W0-L2R0W0-L2R0W0-L2R0W0-L1R0W0-L1R0W0-L1R0W0-L1R0W0,compact:L2R0W0-L2R0W0-L2R0W0-L2R0W0-L2R0W0-L2R0W0-L2R0W0-L2R0W0-L2R0W0-L2R0W0-L1R0W0-L1R0W0,,,split,optimized,3,3,3,46.626129,46.65331833333334,46.599594,46.734232,0.058231106500066215,9.745850666666666,0.4011493333333333,36.50631833333333,,,custom:libsad_search_2a0e4369743c84.so,/home/rzzhang/sad_merged/sad/build/libsad_search_2a0e4369743c84.so
2026-08-22T16:26:01.514167+00:00,20260822T160502,joint:rzz-hea:10:3d01465f6982b082,ok,,rzz-hea,10,8,float64,42,32,2,128,2,1,0.0,rotation,rotation,2,2,compact:L5R0W0-L5R0W0,compact:L5R0W0-L5R0W0,,,split,optimized,10,3,10,0.49867,0.4983232,0.4914030000000001,0.499729,0.00236194960996204,0.1314641,0.0153029,0.3515562,,,custom:libsad_search_0e4f539ceca897.so,/home/rzzhang/sad_merged/sad/build/libsad_search_0e4f539ceca897.so
2026-08-22T16:26:01.531406+00:00,20260822T160502,joint:rzz-hea:14:39e1a37d9c06befc,ok,,rzz-hea,14,8,float64,42,32,2,32,2,2,0.25,rotation,rotation,5,5,compact:L3R0W0-L3R0W0-L3R0W0-L3R0W0-L2R0W0,compact:L3R0W0-L3R0W0-L3R0W0-L3R0W0-L2R0W0,,,merged,optimized,10,3,10,0.6548115,0.6551864000000001,0.6541629999999999,0.658406,0.0012345232440096083,0.2306217,0.0154038,0.4091609,,,custom:libsad_search_dcff342f285260.so,/home/rzzhang/sad_merged/sad/build/libsad_search_dcff342f285260.so
2026-08-22T16:26:01.550510+00:00,20260822T160502,joint:rzz-hea:28:c0b03b82a22b5444,ok,,rzz-hea,28,8,float64,42,32,2,32,2,2,0.75,rotation,rotation,22,22,compact:L2R0W0-L2R0W0-L2R0W0-L2R0W0-L2R0W0-L2R0W0-L1R0W0-L1R0W0-L1R0W0-L1R0W0-L1R0W0-L1R0W0-L1R0W0-L1R0W0-L1R0W0-L1R0W0-L1R0W0-L1R0W0-L1R0W0-L1R0W0-L1R0W0-L1R0W0,compact:L2R0W0-L2R0W0-L2R0W0-L2R0W0-L2R0W0-L2R0W0-L1R0W0-L1R0W0-L1R0W0-L1R0W0-L1R0W0-L1R0W0-L1R0W0-L1R0W0-L1R0W0-L1R0W0-L1R0W0-L1R0W0-L1R0W0-L1R0W0-L1R0W0-L1R0W0,,,split,optimized,2,3,2,5638.9450015,5638.9450015,5638.391401,5639.498602,0.5536004999999022,1713.7416685,82.23811149999999,3842.9652215,,,custom:libsad_search_16d9d6cef53b3d.so,/home/rzzhang/sad_merged/sad/build/libsad_search_16d9d6cef53b3d.so
2026-08-22T16:26:29.773758+00:00,20260822T160502,joint:rzz-hea:8:f8fa5bf29fb9f649,ok,,rzz-hea,8,8,float64,42,128,2,32,2,1,1.0,rotation,rotation,8,8,compact:L1R0W0-L1R0W0-L1R0W0-L1R0W0-L1R0W0-L1R0W0-L1R0W0-L1R0W0,compact:L1R0W0-L1R0W0-L1R0W0-L1R0W0-L1R0W0-L1R0W0-L1R0W0-L1R0W0,,,merged,optimized,20,3,20,0.6082224999999999,0.6088665,0.607158,0.61439,0.001563391905441501,0.26141835,0.015705550000000002,0.3317426,,,custom:libsad_search_5851e15f736f52.so,/home/rzzhang/sad_merged/sad/build/libsad_search_5851e15f736f52.so
2026-08-22T16:26:29.804532+00:00,20260822T160502,joint:rzz-hea:12:15d99962011b61dc,ok,,rzz-hea,12,8,float64,42,64,2,64,2,1,0.5,rotation,rotation,7,7,compact:L2R0W0-L2R0W0-L2R0W0-L2R0W0-L2R0W0-L1R0W0-L1R0W0,compact:L2R0W0-L2R0W0-L2R0W0-L2R0W0-L2R0W0-L1R0W0-L1R0W0,,,merged,optimized,10,3,10,0.7260565000000001,0.7264609,0.725745,0.7280340000000001,0.0006935549653776611,0.2815366,0.015492600000000002,0.42943169999999997,,,custom:libsad_search_7e5293342e215a.so,/home/rzzhang/sad_merged/sad/build/libsad_search_7e5293342e215a.so
2026-08-22T16:26:29.832043+00:00,20260822T160502,joint:rzz-hea:22:5924a5fd5c248e60,ok,,rzz-hea,22,8,float64,42,128,2,32,2,1,0.5,rotation,rotation,12,13,compact:L2R0W0-L2R0W0-L2R0W0-L2R0W0-L2R0W0-L2R0W0-L2R0W0-L2R0W0-L2R0W0-L2R0W0-L1R0W0-L1R0W0,compact:L2R0W0-L2R0W0-L2R0W0-L2R0W0-L2R0W0-L2R0W0-L2R0W0-L2R0W0-L2R0W0-L1R0W0-L1R0W0-L1R0W0-L1R0W0,,,merged,optimized,3,3,3,49.42464100000001,49.147648000000004,48.103959,49.914344,0.7645989378286278,8.349218666666667,0.40173133333333333,40.396698,,,custom:libsad_search_5851e15f736f52.so,/home/rzzhang/sad_merged/sad/build/libsad_search_5851e15f736f52.so
2026-08-22T16:26:30.152690+00:00,20260822T160502,joint:rzz-hea:8:cbf6946d0d061c93,ok,,rzz-hea,8,8,float64,42,128,2,128,2,2,0.0,rotation,rotation,1,1,compact:L5R2W1,compact:L5R2W1,,,merged,optimized,20,3,20,0.32982649999999997,0.32972725,0.323505,0.331843,0.001642469204429727,0.09656495000000001,0.0152366,0.2179257,,,custom:libsad_search_b969ada61d8a74.so,/home/rzzhang/sad_merged/sad/build/libsad_search_b969ada61d8a74.so
2026-08-22T16:26:30.171258+00:00,20260822T160502,joint:rzz-hea:18:38d4442350904ef0,ok,,rzz-hea,18,8,float64,42,128,2,32,2,1,1.0,rotation,rotation,18,18,compact:L1R0W0-L1R0W0-L1R0W0-L1R0W0-L1R0W0-L1R0W0-L1R0W0-L1R0W0-L1R0W0-L1R0W0-L1R0W0-L1R0W0-L1R0W0-L1R0W0-L1R0W0-L1R0W0-L1R0W0-L1R0W0,compact:L1R0W0-L1R0W0-L1R0W0-L1R0W0-L1R0W0-L1R0W0-L1R0W0-L1R0W0-L1R0W0-L1R0W0-L1R0W0-L1R0W0-L1R0W0-L1R0W0-L1R0W0-L1R0W0-L1R0W0-L1R0W0,,,merged,optimized,5,3,5,3.721123,3.7247532,3.7190779999999997,3.731333,0.005387976518137433,1.187168,0.0319912,2.505594,,,custom:libsad_search_5851e15f736f52.so,/home/rzzhang/sad_merged/sad/build/libsad_search_5851e15f736f52.so
2026-08-22T16:26:30.211923+00:00,20260822T160502,joint:rzz-hea:8:faea3737b1fd114a,ok,,rzz-hea,8,8,float64,42,128,2,128,2,2,0.25,rotation,rotation,3,3,compact:L3R0W0-L3R0W0-L2R0W0,compact:L3R0W0-L3R0W0-L2R0W0,,,merged,optimized,20,3,20,0.431039,0.43069464999999996,0.42579,0.43312,0.0013797123350539463,0.1430721,0.015406149999999999,0.2722164,,,custom:libsad_search_b969ada61d8a74.so,/home/rzzhang/sad_merged/sad/build/libsad_search_b969ada61d8a74.so
2026-08-22T16:26:30.232157+00:00,20260822T160502,joint:rzz-hea:24:bd96b6a8462ef466,ok,,rzz-hea,24,8,float64,42,64,2,64,2,2,0.5,rotation,rotation,14,14,compact:L2R0W0-L2R0W0-L2R0W0-L2R0W0-L2R0W0-L2R0W0-L2R0W0-L2R0W0-L2R0W0-L2R0W0-L1R0W0-L1R0W0-L1R0W0-L1R0W0,compact:L2R0W0-L2R0W0-L2R0W0-L2R0W0-L2R0W0-L2R0W0-L2R0W0-L2R0W0-L2R0W0-L2R0W0-L1R0W0-L1R0W0-L1R0W0-L1R0W0,,,split,optimized,3,3,3,239.857781,239.84918166666668,239.81801400000003,239.87175,0.022764750885700458,74.14452100000001,1.783974,163.92068666666668,,,custom:libsad_search_20c37ff249ec0a.so,/home/rzzhang/sad_merged/sad/build/libsad_search_20c37ff249ec0a.so
2026-08-22T16:26:31.701536+00:00,20260822T160502,joint:rzz-hea:28:e967c46eb38c09a7,ok,,rzz-hea,28,8,float64,42,128,2,128,2,1,0.0,rotation,rotation,4,4,compact:L5R2W0-L5R2W0-L5R2W0-L5R2W0,compact:L5R2W0-L5R2W0-L5R2W0-L5R2W0,,,merged,optimized,2,3,2,2576.978353,2576.978353,2576.431194,2577.525512,0.5471590000001925,512.2061490000001,82.21413799999999,1982.558066,,,custom:libsad_search_8fbfac92ec4bef.so,/home/rzzhang/sad_merged/sad/build/libsad_search_8fbfac92ec4bef.so
2026-08-22T16:26:44.614984+00:00,20260822T160502,joint:rzz-hea:16:e4f45ef8bcf24109,ok,,rzz-hea,16,8,float64,42,64,2,64,2,2,0.0,rotation,rotation,2,2,compact:L5R2W1-L5R2W1,compact:L5R2W1-L5R2W1,,,split,optimized,5,3,5,0.894855,0.8936413999999999,0.887745,0.895863,0.0029744031065072423,0.21475700000000003,0.015657799999999996,0.6632265999999999,,,custom:libsad_search_20c37ff249ec0a.so,/home/rzzhang/sad_merged/sad/build/libsad_search_20c37ff249ec0a.so
2026-08-22T16:26:44.642437+00:00,20260822T160502,joint:rzz-hea:12:d15bb5b4ebd30135,ok,,rzz-hea,12,8,float64,42,32,2,128,2,2,0.0,rotation,rotation,2,2,compact:L5R1W0-L5R1W0,compact:L5R1W0-L5R1W0,,,split,optimized,10,3,10,0.5493494999999999,0.5495163,0.548676,0.55092,0.0008056404967477182,0.140244,0.0155879,0.39368440000000005,,,custom:libsad_search_2a0e4369743c84.so,/home/rzzhang/sad_merged/sad/build/libsad_search_2a0e4369743c84.so
2026-08-22T16:26:44.665433+00:00,20260822T160502,joint:rzz-hea:18:7dc59bfbb07eb81a,ok,,rzz-hea,18,8,float64,42,64,2,64,2,1,0.25,rotation,rotation,7,7,compact:L3R0W0-L3R0W0-L3R0W0-L3R0W0-L2R0W0-L2R0W0-L2R0W0,compact:L3R0W0-L3R0W0-L3R0W0-L3R0W0-L2R0W0-L2R0W0-L2R0W0,,,split,optimized,5,3,5,2.579413,2.5787342000000004,2.573362,2.5812450000000005,0.002774050136533325,0.7691656,0.03186,1.7777086,,,custom:libsad_search_7ec063ebc99501.so,/home/rzzhang/sad_merged/sad/build/libsad_search_7ec063ebc99501.so
2026-08-22T16:26:44.712865+00:00,20260822T160502,joint:rzz-hea:8:4394d494ebd971e3,ok,,rzz-hea,8,8,float64,42,64,2,64,2,1,0.5,rotation,rotation,4,4,compact:L2R0W0-L2R0W0-L2R0W0-L2R0W0,compact:L2R0W0-L2R0W0-L2R0W0-L2R0W0,,,split,optimized,20,3,20,0.4713615,0.471602,0.470204,0.473898,0.0008384710489933496,0.1637903,0.01550855,0.29230315,,,custom:libsad_search_7ec063ebc99501.so,/home/rzzhang/sad_merged/sad/build/libsad_search_7ec063ebc99501.so
2026-08-22T16:26:44.740963+00:00,20260822T160502,joint:rzz-hea:26:48888477b7c9b09d,ok,,rzz-hea,26,8,float64,42,32,2,32,2,1,0.25,rotation,rotation,10,10,compact:L3R0W0-L3R0W0-L3R0W0-L3R0W0-L3R0W0-L3R0W0-L2R0W0-L2R0W0-L2R0W0-L2R0W0,compact:L3R0W0-L3R0W0-L3R0W0-L3R0W0-L3R0W0-L3R0W0-L2R0W0-L2R0W0-L2R0W0-L2R0W0,,,merged,optimized,2,3,2,734.5862139999999,734.5862139999999,734.5491179999999,734.62331,0.03709600000001956,193.1831565,10.309223,531.0938345000001,,,custom:libsad_search_f9cdaf042a7bd6.so,/home/rzzhang/sad_merged/sad/build/libsad_search_f9cdaf042a7bd6.so
2026-08-22T16:26:48.459892+00:00,20260822T160502,joint:rzz-hea:20:6184d57e52fc5549,ok,,rzz-hea,20,8,float64,42,32,2,128,2,2,0.5,rotation,rotation,12,12,compact:L2R0W0-L2R0W0-L2R0W0-L2R0W0-L2R0W0-L2R0W0-L2R0W0-L2R0W0-L1R0W0-L1R0W0-L1R0W0-L1R0W0,compact:L2R0W0-L2R0W0-L2R0W0-L2R0W0-L2R0W0-L2R0W0-L2R0W0-L2R0W0-L1R0W0-L1R0W0-L1R0W0-L1R0W0,,,merged,optimized,5,3,5,9.188037,9.186786399999999,9.178748,9.194094,0.006426195658396418,2.3605032,0.0974816,6.728801600000001,,,custom:libsad_search_fce412939d20fb.so,/home/rzzhang/sad_merged/sad/build/libsad_search_fce412939d20fb.so
2026-08-22T16:26:48.554144+00:00,20260822T160502,joint:rzz-hea:28:502f78c69f680f6a,ok,,rzz-hea,28,8,float64,42,32,2,32,2,2,0.5,rotation,rotation,16,16,compact:L2R0W0-L2R0W0-L2R0W0-L2R0W0-L2R0W0-L2R0W0-L2R0W0-L2R0W0-L2R0W0-L2R0W0-L2R0W0-L2R0W0-L1R0W0-L1R0W0-L1R0W0-L1R0W0,compact:L2R0W0-L2R0W0-L2R0W0-L2R0W0-L2R0W0-L2R0W0-L2R0W0-L2R0W0-L2R0W0-L2R0W0-L2R0W0-L2R0W0-L1R0W0-L1R0W0-L1R0W0-L1R0W0,,,split,optimized,2,3,2,4349.292957,4349.292957,4347.802614,4350.7833,1.490342999999939,1320.6228654999998,81.89286249999999,2946.777229,,,custom:libsad_search_16d9d6cef53b3d.so,/home/rzzhang/sad_merged/sad/build/libsad_search_16d9d6cef53b3d.so
2026-08-22T16:27:10.332554+00:00,20260822T160502,joint:rzz-hea:18:d88d051c3b4bc35f,ok,,rzz-hea,18,8,float64,42,32,2,32,2,2,0.75,rotation,rotation,14,14,compact:L2R0W0-L2R0W0-L2R0W0-L2R0W0-L1R0W0-L1R0W0-L1R0W0-L1R0W0-L1R0W0-L1R0W0-L1R0W0-L1R0W0-L1R0W0-L1R0W0,compact:L2R0W0-L2R0W0-L2R0W0-L2R0W0-L1R0W0-L1R0W0-L1R0W0-L1R0W0-L1R0W0-L1R0W0-L1R0W0-L1R0W0-L1R0W0-L1R0W0,,,merged,optimized,5,3,5,3.298158,3.2979528,3.295993,3.300147,0.001377869572927591,0.9534366000000001,0.0321816,2.3123346,,,custom:libsad_search_dcff342f285260.so,/home/rzzhang/sad_merged/sad/build/libsad_search_dcff342f285260.so
2026-08-22T16:27:10.387693+00:00,20260822T160502,joint:rzz-hea:10:7e15475cf4dbef82,ok,,rzz-hea,10,8,float64,42,32,2,128,2,1,0.5,rotation,rotation,6,6,compact:L2R0W0-L2R0W0-L2R0W0-L2R0W0-L1R0W0-L1R0W0,compact:L2R0W0-L2R0W0-L2R0W0-L2R0W0-L1R0W0-L1R0W0,,,merged,optimized,10,3,10,0.656342,0.6565327,0.655342,0.65737,0.0006018915267720727,0.21749320000000003,0.015668900000000003,0.42337060000000004,,,custom:libsad_search_2a8327787a9aac.so,/home/rzzhang/sad_merged/sad/build/libsad_search_2a8327787a9aac.so
2026-08-22T16:27:10.413627+00:00,20260822T160502,joint:rzz-hea:22:9a82e08bb9780281,ok,,rzz-hea,22,8,float64,42,32,2,128,2,2,0.25,rotation,rotation,8,8,compact:L3R0W0-L3R0W0-L3R0W0-L3R0W0-L3R0W0-L3R0W0-L2R0W0-L2R0W0,compact:L3R0W0-L3R0W0-L3R0W0-L3R0W0-L3R0W0-L3R0W0-L2R0W0-L2R0W0,,,merged,optimized,3,3,3,36.531997000000004,36.26189233333333,35.616758999999995,36.636920999999994,0.4581848424506828,7.295988666666667,0.4024063333333333,28.563497333333338,,,custom:libsad_search_fce412939d20fb.so,/home/rzzhang/sad_merged/sad/build/libsad_search_fce412939d20fb.so
2026-08-22T16:27:10.656450+00:00,20260822T160502,joint:rzz-hea:6:1dc385f960d76b50,ok,,rzz-hea,6,8,float64,42,128,2,128,2,1,0.75,rotation,rotation,5,5,compact:L2R0W0-L1R0W0-L1R0W0-L1R0W0-L1R0W0,compact:L2R0W0-L1R0W0-L1R0W0-L1R0W0-L1R0W0,,,merged,optimized,20,3,20,0.42183800000000005,0.4218368,0.41967199999999993,0.42488699999999996,0.0011560560367041006,0.14563489999999998,0.01545015,0.26075174999999995,,,custom:libsad_search_8fbfac92ec4bef.so,/home/rzzhang/sad_merged/sad/build/libsad_search_8fbfac92ec4bef.so
2026-08-22T16:27:10.677622+00:00,20260822T160502,joint:rzz-hea:22:8ea8078ebc0d15c7,ok,,rzz-hea,22,8,float64,42,32,2,32,2,2,0.75,rotation,rotation,18,18,compact:L2R0W0-L2R0W0-L2R0W0-L2R0W0-L1R0W0-L1R0W0-L1R0W0-L1R0W0-L1R0W0-L1R0W0-L1R0W0-L1R0W0-L1R0W0-L1R0W0-L1R0W0-L1R0W0-L1R0W0-L1R0W0,compact:L2R0W0-L2R0W0-L2R0W0-L2R0W0-L1R0W0-L1R0W0-L1R0W0-L1R0W0-L1R0W0-L1R0W0-L1R0W0-L1R0W0-L1R0W0-L1R0W0-L1R0W0-L1R0W0-L1R0W0-L1R0W0,,,merged,optimized,3,3,3,63.865092,63.699136666666675,63.36119800000001,63.871120000000005,0.238971394407128,11.372679333333336,0.42619566666666664,51.90026166666667,,,custom:libsad_search_dcff342f285260.so,/home/rzzhang/sad_merged/sad/build/libsad_search_dcff342f285260.so
2026-08-22T16:27:11.082024+00:00,20260822T160502,joint:rzz-hea:4:6dd85f2920072855,ok,,rzz-hea,4,8,float64,42,128,2,32,2,1,0.25,rotation,rotation,2,2,compact:L2R0W0-L2R0W0,compact:L2R0W0-L2R0W0,,,merged,optimized,20,3,20,0.20679350000000002,0.20664600000000002,0.20574800000000001,0.207832,0.0005749226034867634,0.0645512,0.015350549999999998,0.12674425,,,custom:libsad_search_5851e15f736f52.so,/home/rzzhang/sad_merged/sad/build/libsad_search_5851e15f736f52.so
2026-08-22T16:27:11.097704+00:00,20260822T160502,joint:rzz-hea:24:01b11c70810264f0,ok,,rzz-hea,24,8,float64,42,32,2,32,2,1,0.25,rotation,rotation,9,9,compact:L3R0W0-L3R0W0-L3R0W0-L3R0W0-L3R0W0-L3R0W0-L2R0W0-L2R0W0-L2R0W0,compact:L3R0W0-L3R0W0-L3R0W0-L3R0W0-L3R0W0-L3R0W0-L2R0W0-L2R0W0-L2R0W0,,,split,optimized,3,3,3,171.358566,171.36320066666667,171.357496,171.37354,0.007324051034469705,53.04944166666667,1.7677370000000001,116.54602200000001,,,custom:libsad_search_3cb67c7e18cc99.so,/home/rzzhang/sad_merged/sad/build/libsad_search_3cb67c7e18cc99.so
2026-08-22T16:27:12.154660+00:00,20260822T160502,joint:rzz-hea:12:78beed2b15117ccc,ok,,rzz-hea,12,8,float64,42,32,2,32,2,2,0.25,rotation,rotation,4,4,compact:L3R0W0-L3R0W0-L3R0W0-L3R0W0,compact:L3R0W0-L3R0W0-L3R0W0-L3R0W0,,,split,optimized,10,3,10,0.5784515,0.5779930999999999,0.5764450000000001,0.57858,0.00068702728475656,0.1962175,0.0155618,0.3662138,,,custom:libsad_search_16d9d6cef53b3d.so,/home/rzzhang/sad_merged/sad/build/libsad_search_16d9d6cef53b3d.so
2026-08-22T16:27:12.173410+00:00,20260822T160502,joint:rzz-hea:4:b72039d8060de319,ok,,rzz-hea,4,8,float64,42,32,2,128,2,1,0.75,rotation,rotation,3,3,compact:L2R0W0-L1R0W0-L1R0W0,compact:L2R0W0-L1R0W0-L1R0W0,,,merged,optimized,20,3,20,0.25493299999999997,0.25503495000000004,0.254833,0.256989,0.0004497703275006079,0.0737224,0.015358099999999998,0.16595445,,,custom:libsad_search_2a8327787a9aac.so,/home/rzzhang/sad_merged/sad/build/libsad_search_2a8327787a9aac.so
2026-08-22T16:27:12.189811+00:00,20260822T160502,joint:rzz-hea:26:395c3ace43c70074,ok,,rzz-hea,26,8,float64,42,128,2,128,2,2,1.0,rotation,rotation,26,26,compact:L1R0W0-L1R0W0-L1R0W0-L1R0W0-L1R0W0-L1R0W0-L1R0W0-L1R0W0-L1R0W0-L1R0W0-L1R0W0-L1R0W0-L1R0W0-L1R0W0-L1R0W0-L1R0W0-L1R0W0-L1R0W0-L1R0W0-L1R0W0-L1R0W0-L1R0W0-L1R0W0-L1R0W0-L1R0W0-L1R0W0,compact:L1R0W0-L1R0W0-L1R0W0-L1R0W0-L1R0W0-L1R0W0-L1R0W0-L1R0W0-L1R0W0-L1R0W0-L1R0W0-L1R0W0-L1R0W0-L1R0W0-L1R0W0-L1R0W0-L1R0W0-L1R0W0-L1R0W0-L1R0W0-L1R0W0-L1R0W0-L1R0W0-L1R0W0-L1R0W0-L1R0W0,,,merged,optimized,2,3,2,1600.060348,1600.060348,1599.963459,1600.157237,0.09688899999991918,454.10056649999996,10.3903075,1135.569474,,,custom:libsad_search_b969ada61d8a74.so,/home/rzzhang/sad_merged/sad/build/libsad_search_b969ada61d8a74.so
2026-08-22T16:27:20.219106+00:00,20260822T160502,joint:rzz-hea:18:383fa8182b0ffc13,ok,,rzz-hea,18,8,float64,42,32,2,32,2,2,0.75,rotation,rotation,14,14,compact:L2R0W0-L2R0W0-L2R0W0-L2R0W0-L1R0W0-L1R0W0-L1R0W0-L1R0W0-L1R0W0-L1R0W0-L1R0W0-L1R0W0-L1R0W0-L1R0W0,compact:L2R0W0-L2R0W0-L2R0W0-L2R0W0-L1R0W0-L1R0W0-L1R0W0-L1R0W0-L1R0W0-L1R0W0-L1R0W0-L1R0W0-L1R0W0-L1R0W0,,,split,optimized,5,3,5,3.1794320000000003,3.1808106,3.1784300000000005,3.1865639999999997,0.0029408933064629635,1.0528696000000002,0.03200139999999999,2.0959396,,,custom:libsad_search_16d9d6cef53b3d.so,/home/rzzhang/sad_merged/sad/build/libsad_search_16d9d6cef53b3d.so
2026-08-22T16:27:20.272492+00:00,20260822T160502,joint:rzz-hea:10:af75e405621b703b,ok,,rzz-hea,10,8,float64,42,32,2,32,2,1,1.0,rotation,rotation,10,10,compact:L1R0W0-L1R0W0-L1R0W0-L1R0W0-L1R0W0-L1R0W0-L1R0W0-L1R0W0-L1R0W0-L1R0W0,compact:L1R0W0-L1R0W0-L1R0W0-L1R0W0-L1R0W0-L1R0W0-L1R0W0-L1R0W0-L1R0W0-L1R0W0,,,merged,optimized,10,3,10,0.7725474999999999,0.7726526,0.771008,0.7751760000000001,0.0010429276293204824,0.3157792,0.0152852,0.44158820000000004,,,custom:libsad_search_f9cdaf042a7bd6.so,/home/rzzhang/sad_merged/sad/build/libsad_search_f9cdaf042a7bd6.so
2026-08-22T16:27:20.293391+00:00,20260822T160502,joint:rzz-hea:16:77929fc162bc36c4,ok,,rzz-hea,16,8,float64,42,128,2,128,2,2,0.0,rotation,rotation,2,2,compact:L5R2W1-L5R2W1,compact:L5R2W1-L5R2W1,,,merged,optimized,5,3,5,1.0046359999999999,1.0063278,1.00436,1.012625,0.0031789579676366354,0.2078232,0.0152864,0.7832182,,,custom:libsad_search_b969ada61d8a74.so,/home/rzzhang/sad_merged/sad/build/libsad_search_b969ada61d8a74.so
2026-08-22T16:27:20.311983+00:00,20260822T160502,joint:rzz-hea:16:d76f03097e7c1ef5,ok,,rzz-hea,16,8,float64,42,128,2,32,2,1,0.0,legacy,legacy,0,0,,,,,not_applicable,legacy-generic,5,3,5,0.9429810000000001,0.9428274,0.942015,0.9440729999999999,0.0007523926102773531,0.2481162,0.015642600000000003,0.6790686,,,custom:libsad_search_eaf59e83158800.so,/home/rzzhang/sad_merged/sad/build/libsad_search_eaf59e83158800.so
2026-08-22T16:27:20.330411+00:00,20260822T160502,joint:rzz-hea:26:d0ca0845418b1902,ok,,rzz-hea,26,8,float64,42,32,2,32,2,1,1.0,rotation,rotation,26,26,compact:L1R0W0-L1R0W0-L1R0W0-L1R0W0-L1R0W0-L1R0W0-L1R0W0-L1R0W0-L1R0W0-L1R0W0-L1R0W0-L1R0W0-L1R0W0-L1R0W0-L1R0W0-L1R0W0-L1R0W0-L1R0W0-L1R0W0-L1R0W0-L1R0W0-L1R0W0-L1R0W0-L1R0W0-L1R0W0-L1R0W0,compact:L1R0W0-L1R0W0-L1R0W0-L1R0W0-L1R0W0-L1R0W0-L1R0W0-L1R0W0-L1R0W0-L1R0W0-L1R0W0-L1R0W0-L1R0W0-L1R0W0-L1R0W0-L1R0W0-L1R0W0-L1R0W0-L1R0W0-L1R0W0-L1R0W0-L1R0W0-L1R0W0-L1R0W0-L1R0W0-L1R0W0,,,split,optimized,2,3,2,1612.030944,1612.030944,1612.0113780000001,1612.05051,0.019565999999940686,493.541527,10.285869,1108.2035480000002,,,custom:libsad_search_3cb67c7e18cc99.so,/home/rzzhang/sad_merged/sad/build/libsad_search_3cb67c7e18cc99.so
2026-08-22T16:27:28.418747+00:00,20260822T160502,joint:rzz-hea:22:cd5fff651e38df8b,ok,,rzz-hea,22,8,float64,42,64,2,64,2,2,0.5,rotation,rotation,12,12,compact:L2R0W0-L2R0W0-L2R0W0-L2R0W0-L2R0W0-L2R0W0-L2R0W0-L2R0W0-L2R0W0-L2R0W0-L1R0W0-L1R0W0,compact:L2R0W0-L2R0W0-L2R0W0-L2R0W0-L2R0W0-L2R0W0-L2R0W0-L2R0W0-L2R0W0-L2R0W0-L1R0W0-L1R0W0,,,merged,optimized,3,3,3,45.674307000000006,45.679020666666666,45.667051,45.695704,0.012163129869494482,8.037017333333333,0.4021246666666667,37.23987866666666,,,custom:libsad_search_97eec9f2a848ec.so,/home/rzzhang/sad_merged/sad/build/libsad_search_97eec9f2a848ec.so
2026-08-22T16:27:28.727102+00:00,20260822T160502,joint:rzz-hea:4:c0c91e8405677bd4,ok,,rzz-hea,4,8,float64,42,64,2,64,2,1,0.0,legacy,legacy,0,0,,,,,not_applicable,legacy-generic,20,3,20,0.22724850000000002,0.22728399999999999,0.22619399999999998,0.22939500000000002,0.000918838179441848,0.07933345,0.0153191,0.13263145,,,custom:libsad_search_5a6ce94d125b8e.so,/home/rzzhang/sad_merged/sad/build/libsad_search_5a6ce94d125b8e.so
2026-08-22T16:27:28.743200+00:00,20260822T160502,joint:rzz-hea:26:effa496d650bda64,ok,,rzz-hea,26,8,float64,42,64,2,64,2,1,0.5,rotation,rotation,15,15,compact:L2R0W0-L2R0W0-L2R0W0-L2R0W0-L2R0W0-L2R0W0-L2R0W0-L2R0W0-L2R0W0-L2R0W0-L2R0W0-L1R0W0-L1R0W0-L1R0W0-L1R0W0,compact:L2R0W0-L2R0W0-L2R0W0-L2R0W0-L2R0W0-L2R0W0-L2R0W0-L2R0W0-L2R0W0-L2R0W0-L2R0W0-L1R0W0-L1R0W0-L1R0W0-L1R0W0,,,merged,optimized,2,3,2,1004.0949365,1004.0949365,1004.009913,1004.17996,0.08502350000003389,273.1116685,10.253231500000002,720.7300365,,,custom:libsad_search_7e5293342e215a.so,/home/rzzhang/sad_merged/sad/build/libsad_search_7e5293342e215a.so
2026-08-22T16:27:33.794398+00:00,20260822T160502,joint:rzz-hea:26:0d70093956776fe2,ok,,rzz-hea,26,8,float64,42,128,2,32,2,1,1.0,rotation,rotation,26,26,compact:L1R0W0-L1R0W0-L1R0W0-L1R0W0-L1R0W0-L1R0W0-L1R0W0-L1R0W0-L1R0W0-L1R0W0-L1R0W0-L1R0W0-L1R0W0-L1R0W0-L1R0W0-L1R0W0-L1R0W0-L1R0W0-L1R0W0-L1R0W0-L1R0W0-L1R0W0-L1R0W0-L1R0W0-L1R0W0-L1R0W0,compact:L1R0W0-L1R0W0-L1R0W0-L1R0W0-L1R0W0-L1R0W0-L1R0W0-L1R0W0-L1R0W0-L1R0W0-L1R0W0-L1R0W0-L1R0W0-L1R0W0-L1R0W0-L1R0W0-L1R0W0-L1R0W0-L1R0W0-L1R0W0-L1R0W0-L1R0W0-L1R0W0-L1R0W0-L1R0W0-L1R0W0,,,split,optimized,2,3,2,1613.49524,1613.49524,1613.388001,1613.602479,0.10723899999993591,494.49956399999996,10.5785225,1108.4171535,,,custom:libsad_search_7259903b8346c4.so,/home/rzzhang/sad_merged/sad/build/libsad_search_7259903b8346c4.so
2026-08-22T16:27:41.903204+00:00,20260822T160502,joint:rzz-hea:12:ba957e0ac05900ec,ok,,rzz-hea,12,8,float64,42,128,2,128,2,2,0.0,rotation,rotation,2,2,compact:L5R1W0-L5R1W0,compact:L5R1W0-L5R1W0,,,split,optimized,10,3,10,0.5774075000000001,0.577074,0.5754020000000001,0.5794330000000001,0.001124286262479443,0.16644579999999998,0.015420000000000001,0.3952082,,,custom:libsad_search_d02bea87aa5c56.so,/home/rzzhang/sad_merged/sad/build/libsad_search_d02bea87aa5c56.so
2026-08-22T16:27:41.927895+00:00,20260822T160502,joint:rzz-hea:20:105374efe2271c50,ok,,rzz-hea,20,8,float64,42,64,2,64,2,2,1.0,rotation,rotation,20,20,compact:L1R0W0-L1R0W0-L1R0W0-L1R0W0-L1R0W0-L1R0W0-L1R0W0-L1R0W0-L1R0W0-L1R0W0-L1R0W0-L1R0W0-L1R0W0-L1R0W0-L1R0W0-L1R0W0-L1R0W0-L1R0W0-L1R0W0-L1R0W0,compact:L1R0W0-L1R0W0-L1R0W0-L1R0W0-L1R0W0-L1R0W0-L1R0W0-L1R0W0-L1R0W0-L1R0W0-L1R0W0-L1R0W0-L1R0W0-L1R0W0-L1R0W0-L1R0W0-L1R0W0-L1R0W0-L1R0W0-L1R0W0,,,merged,optimized,5,3,5,9.992997,9.992902,9.989817,9.994886,0.0017097395123230976,2.9004564000000004,0.09757120000000001,6.9948744000000005,,,custom:libsad_search_97eec9f2a848ec.so,/home/rzzhang/sad_merged/sad/build/libsad_search_97eec9f2a848ec.so
2026-08-22T16:27:42.027896+00:00,20260822T160502,joint:rzz-hea:10:8295ebcd4733e6d0,ok,,rzz-hea,10,8,float64,42,128,2,32,2,2,0.5,rotation,rotation,6,6,compact:L2R0W0-L2R0W0-L2R0W0-L2R0W0-L1R0W0-L1R0W0,compact:L2R0W0-L2R0W0-L2R0W0-L2R0W0-L1R0W0-L1R0W0,,,merged,optimized,10,3,10,0.6091475,0.6091088,0.608175,0.611248,0.0008495020659186177,0.25964560000000003,0.0155262,0.333937,,,custom:libsad_search_d014591f51543a.so,/home/rzzhang/sad_merged/sad/build/libsad_search_d014591f51543a.so
2026-08-22T16:27:42.046468+00:00,20260822T160502,joint:rzz-hea:20:8f485bfbb9b97ffb,ok,,rzz-hea,20,8,float64,42,32,2,32,2,2,0.25,rotation,rotation,7,7,compact:L3R0W0-L3R0W0-L3R0W0-L3R0W0-L3R0W0-L3R0W0-L2R0W0,compact:L3R0W0-L3R0W0-L3R0W0-L3R0W0-L3R0W0-L3R0W0-L2R0W0,,,split,optimized,5,3,5,7.920181,7.919549399999999,7.914612,7.926889999999999,0.004388431592266209,2.2230452,0.09875400000000001,5.597750199999999,,,custom:libsad_search_16d9d6cef53b3d.so,/home/rzzhang/sad_merged/sad/build/libsad_search_16d9d6cef53b3d.so
2026-08-22T16:27:42.122112+00:00,20260822T160502,joint:rzz-hea:18:62fa17e327a0cf40,ok,,rzz-hea,18,8,float64,42,32,2,32,2,1,0.25,rotation,rotation,7,7,compact:L3R0W0-L3R0W0-L3R0W0-L3R0W0-L2R0W0-L2R0W0-L2R0W0,compact:L3R0W0-L3R0W0-L3R0W0-L3R0W0-L2R0W0-L2R0W0-L2R0W0,,,merged,optimized,5,3,5,2.64588,2.6436562,2.638807,2.6469370000000003,0.0036152800942666334,0.6539046,0.0318112,1.9579404000000002,,,custom:libsad_search_f9cdaf042a7bd6.so,/home/rzzhang/sad_merged/sad/build/libsad_search_f9cdaf042a7bd6.so
2026-08-22T16:27:42.154773+00:00,20260822T160502,joint:rzz-hea:24:ecaad7924999276a,ok,,rzz-hea,24,8,float64,42,128,2,128,2,1,0.25,rotation,rotation,8,8,compact:L3R0W0-L3R0W0-L3R0W0-L3R0W0-L3R0W0-L3R0W0-L3R0W0-L3R0W0,compact:L3R0W0-L3R0W0-L3R0W0-L3R0W0-L3R0W0-L3R0W0-L3R0W0-L3R0W0,,,split,optimized,3,3,3,157.991771,157.99390433333335,157.963279,158.026663,0.025920342041644607,49.104372,1.7755109999999998,107.11402133333333,,,custom:libsad_search_9361435758c99d.so,/home/rzzhang/sad_merged/sad/build/libsad_search_9361435758c99d.so
2026-08-22T16:27:43.131616+00:00,20260822T160502,joint:rzz-hea:12:2179ef7d6feab714,ok,,rzz-hea,12,8,float64,42,32,2,128,2,1,0.5,rotation,rotation,7,7,compact:L2R0W0-L2R0W0-L2R0W0-L2R0W0-L2R0W0-L1R0W0-L1R0W0,compact:L2R0W0-L2R0W0-L2R0W0-L2R0W0-L2R0W0-L1R0W0-L1R0W0,,,split,optimized,10,3,10,0.8550145,0.8552774,0.854909,0.856043,0.00046971868176599494,0.2734449,0.0152292,0.5666033,,,custom:libsad_search_0e4f539ceca897.so,/home/rzzhang/sad_merged/sad/build/libsad_search_0e4f539ceca897.so
2026-08-22T16:27:43.154121+00:00,20260822T160502,joint:rzz-hea:22:502ff4272adf6db9,ok,,rzz-hea,22,8,float64,42,128,2,32,2,1,0.25,rotation,rotation,8,8,compact:L3R0W0-L3R0W0-L3R0W0-L3R0W0-L3R0W0-L3R0W0-L2R0W0-L2R0W0,compact:L3R0W0-L3R0W0-L3R0W0-L3R0W0-L3R0W0-L3R0W0-L2R0W0-L2R0W0,,,split,optimized,3,3,3,35.931058,35.92774166666666,35.921018,35.931149,0.004754495439991464,8.398034333333333,0.42554766666666666,27.104159666666664,,,custom:libsad_search_7259903b8346c4.so,/home/rzzhang/sad_merged/sad/build/libsad_search_7259903b8346c4.so
2026-08-22T16:27:43.392431+00:00,20260822T160502,joint:rzz-hea:12:0eda4b353ce15203,ok,,rzz-hea,12,8,float64,42,128,2,32,2,1,0.0,legacy,legacy,0,0,,,,,not_applicable,legacy-generic,10,3,10,0.532903,0.5310935999999999,0.5252749999999999,0.535519,0.004458737718233706,0.1985955,0.0152512,0.31724689999999994,,,custom:libsad_search_eaf59e83158800.so,/home/rzzhang/sad_merged/sad/build/libsad_search_eaf59e83158800.so
2026-08-22T16:27:43.410311+00:00,20260822T160502,joint:rzz-hea:20:3f3e1f12f515e7e5,ok,,rzz-hea,20,8,float64,42,32,2,128,2,2,0.75,rotation,rotation,16,16,compact:L2R0W0-L2R0W0-L2R0W0-L2R0W0-L1R0W0-L1R0W0-L1R0W0-L1R0W0-L1R0W0-L1R0W0-L1R0W0-L1R0W0-L1R0W0-L1R0W0-L1R0W0-L1R0W0,compact:L2R0W0-L2R0W0-L2R0W0-L2R0W0-L1R0W0-L1R0W0-L1R0W0-L1R0W0-L1R0W0-L1R0W0-L1R0W0-L1R0W0-L1R0W0-L1R0W0-L1R0W0-L1R0W0,,,merged,optimized,5,3,5,10.520287,10.5200396,10.514149,10.52329,0.0031976900787913168,2.9152884,0.1058656,7.4988855999999995,,,custom:libsad_search_fce412939d20fb.so,/home/rzzhang/sad_merged/sad/build/libsad_search_fce412939d20fb.so
2026-08-22T16:27:43.506498+00:00,20260822T160502,joint:rzz-hea:6:bab31da534a25d7f,ok,,rzz-hea,6,8,float64,42,64,2,64,2,2,1.0,rotation,rotation,6,6,compact:L1R0W0-L1R0W0-L1R0W0-L1R0W0-L1R0W0-L1R0W0,compact:L1R0W0-L1R0W0-L1R0W0-L1R0W0-L1R0W0-L1R0W0,,,split,optimized,20,3,20,0.47817750000000003,0.47851584999999996,0.477092,0.481229,0.0009479262247137183,0.18049489999999999,0.0154697,0.28255125,,,custom:libsad_search_20c37ff249ec0a.so,/home/rzzhang/sad_merged/sad/build/libsad_search_20c37ff249ec0a.so
2026-08-22T16:27:43.528396+00:00,20260822T160502,joint:rzz-hea:10:b790a67cafa8570c,ok,,rzz-hea,10,8,float64,42,128,2,128,2,2,0.25,rotation,rotation,4,4,compact:L3R0W0-L3R0W0-L2R0W0-L2R0W0,compact:L3R0W0-L3R0W0-L2R0W0-L2R0W0,,,merged,optimized,10,3,10,0.6167905,0.6166247,0.615395,0.617435,0.0007863318701413492,0.21526340000000002,0.0154793,0.385882,,,custom:libsad_search_b969ada61d8a74.so,/home/rzzhang/sad_merged/sad/build/libsad_search_b969ada61d8a74.so
2026-08-22T16:27:43.547047+00:00,20260822T160502,joint:rzz-hea:6:a622c4490487b93e,ok,,rzz-hea,6,8,float64,42,128,2,128,2,2,0.0,rotation,rotation,1,1,compact:L5R1W0,compact:L5R1W0,,,merged,optimized,20,3,20,0.26926550000000005,0.2692679,0.268236,0.27130000000000004,0.0005864435949006581,0.0687141,0.01523185,0.18532195,,,custom:libsad_search_b969ada61d8a74.so,/home/rzzhang/sad_merged/sad/build/libsad_search_b969ada61d8a74.so
2026-08-22T16:27:43.563486+00:00,20260822T160502,joint:rzz-hea:20:5c11ef2cdfda87ae,ok,,rzz-hea,20,8,float64,42,128,2,128,2,1,0.5,rotation,rotation,12,12,compact:L2R0W0-L2R0W0-L2R0W0-L2R0W0-L2R0W0-L2R0W0-L2R0W0-L2R0W0-L1R0W0-L1R0W0-L1R0W0-L1R0W0,compact:L2R0W0-L2R0W0-L2R0W0-L2R0W0-L2R0W0-L2R0W0-L2R0W0-L2R0W0-L1R0W0-L1R0W0-L1R0W0-L1R0W0,,,merged,optimized,5,3,5,9.585413,9.6097634,9.581251,9.678519,0.037479006681607606,2.3710054,0.10566099999999999,7.133096999999999,,,custom:libsad_search_8fbfac92ec4bef.so,/home/rzzhang/sad_merged/sad/build/libsad_search_8fbfac92ec4bef.so
2026-08-22T16:27:43.652357+00:00,20260822T160502,joint:rzz-hea:22:f3bc57fb312c1351,ok,,rzz-hea,22,8,float64,42,128,2,32,2,2,1.0,rotation,rotation,22,22,compact:L1R0W0-L1R0W0-L1R0W0-L1R0W0-L1R0W0-L1R0W0-L1R0W0-L1R0W0-L1R0W0-L1R0W0-L1R0W0-L1R0W0-L1R0W0-L1R0W0-L1R0W0-L1R0W0-L1R0W0-L1R0W0-L1R0W0-L1R0W0-L1R0W0-L1R0W0,compact:L1R0W0-L1R0W0-L1R0W0-L1R0W0-L1R0W0-L1R0W0-L1R0W0-L1R0W0-L1R0W0-L1R0W0-L1R0W0-L1R0W0-L1R0W0-L1R0W0-L1R0W0-L1R0W0-L1R0W0-L1R0W0-L1R0W0-L1R0W0-L1R0W0-L1R0W0,,,split,optimized,3,3,3,75.327458,75.23809666666666,74.958911,75.42792100000001,0.20162949676132016,14.672033666666668,0.4206536666666667,60.14540933333334,,,custom:libsad_search_3b115211f38255.so,/home/rzzhang/sad_merged/sad/build/libsad_search_3b115211f38255.so
2026-08-22T16:27:44.129050+00:00,20260822T160502,joint:rzz-hea:6:4bc963b56c41c5e9,ok,,rzz-hea,6,8,float64,42,128,2,128,2,1,0.25,rotation,rotation,2,2,compact:L3R0W0-L3R0W0,compact:L3R0W0-L3R0W0,,,merged,optimized,20,3,20,0.3012685,0.301643,0.300887,0.30413100000000004,0.0008154899141007216,0.08615695000000001,0.0153484,0.20013764999999997,,,custom:libsad_search_8fbfac92ec4bef.so,/home/rzzhang/sad_merged/sad/build/libsad_search_8fbfac92ec4bef.so
2026-08-22T16:27:44.146412+00:00,20260822T160502,joint:rzz-hea:12:a5993d99a54c2bc2,ok,,rzz-hea,12,8,float64,42,128,2,32,2,1,0.5,rotation,rotation,7,7,compact:L2R0W0-L2R0W0-L2R0W0-L2R0W0-L2R0W0-L1R0W0-L1R0W0,compact:L2R0W0-L2R0W0-L2R0W0-L2R0W0-L2R0W0-L1R0W0-L1R0W0,,,merged,optimized,10,3,10,0.746627,0.7471905000000001,0.7463470000000001,0.749635,0.001037262768058319,0.32475960000000004,0.015469600000000002,0.40696129999999997,,,custom:libsad_search_5851e15f736f52.so,/home/rzzhang/sad_merged/sad/build/libsad_search_5851e15f736f52.so
2026-08-22T16:27:44.166844+00:00,20260822T160502,joint:rzz-hea:8:be6b174dd21d6eb3,ok,,rzz-hea,8,8,float64,42,128,2,32,2,2,0.75,rotation,rotation,6,6,compact:L2R0W0-L2R0W0-L1R0W0-L1R0W0-L1R0W0-L1R0W0,compact:L2R0W0-L2R0W0-L1R0W0-L1R0W0-L1R0W0-L1R0W0,,,merged,optimized,20,3,20,0.5170764999999999,0.51711535,0.515258,0.519127,0.0009306288344447599,0.21702739999999998,0.015307349999999999,0.2847806,,,custom:libsad_search_d014591f51543a.so,/home/rzzhang/sad_merged/sad/build/libsad_search_d014591f51543a.so
2026-08-22T16:27:44.189441+00:00,20260822T160502,joint:rzz-hea:20:2860ebc94078500a,ok,,rzz-hea,20,8,float64,42,32,2,32,2,1,1.0,rotation,rotation,20,20,compact:L1R0W0-L1R0W0-L1R0W0-L1R0W0-L1R0W0-L1R0W0-L1R0W0-L1R0W0-L1R0W0-L1R0W0-L1R0W0-L1R0W0-L1R0W0-L1R0W0-L1R0W0-L1R0W0-L1R0W0-L1R0W0-L1R0W0-L1R0W0,compact:L1R0W0-L1R0W0-L1R0W0-L1R0W0-L1R0W0-L1R0W0-L1R0W0-L1R0W0-L1R0W0-L1R0W0-L1R0W0-L1R0W0-L1R0W0-L1R0W0-L1R0W0-L1R0W0-L1R0W0-L1R0W0-L1R0W0-L1R0W0,,,split,optimized,5,3,5,10.65071,10.6490652,10.644177,10.651219,0.0026667877605835045,3.5821154,0.1057116,6.9612381999999995,,,custom:libsad_search_3cb67c7e18cc99.so,/home/rzzhang/sad_merged/sad/build/libsad_search_3cb67c7e18cc99.so
2026-08-22T16:27:44.286380+00:00,20260822T160502,joint:rzz-hea:26:f6613a08b70da784,ok,,rzz-hea,26,8,float64,42,32,2,32,2,1,0.5,rotation,rotation,15,15,compact:L2R0W0-L2R0W0-L2R0W0-L2R0W0-L2R0W0-L2R0W0-L2R0W0-L2R0W0-L2R0W0-L2R0W0-L2R0W0-L1R0W0-L1R0W0-L1R0W0-L1R0W0,compact:L2R0W0-L2R0W0-L2R0W0-L2R0W0-L2R0W0-L2R0W0-L2R0W0-L2R0W0-L2R0W0-L2R0W0-L2R0W0-L1R0W0-L1R0W0-L1R0W0-L1R0W0,,,split,optimized,2,3,2,1019.2335694999999,1019.2335694999999,1019.08204,1019.385099,0.151529499999981,312.560619,10.340837,696.3321135,,,custom:libsad_search_3cb67c7e18cc99.so,/home/rzzhang/sad_merged/sad/build/libsad_search_3cb67c7e18cc99.so
2026-08-22T16:27:49.412229+00:00,20260822T160502,joint:rzz-hea:28:767c1dd345484466,ok,,rzz-hea,28,8,float64,42,32,2,128,2,2,0.25,rotation,rotation,10,10,compact:L3R0W0-L3R0W0-L3R0W0-L3R0W0-L3R0W0-L3R0W0-L3R0W0-L3R0W0-L2R0W0-L2R0W0,compact:L3R0W0-L3R0W0-L3R0W0-L3R0W0-L3R0W0-L3R0W0-L3R0W0-L3R0W0-L2R0W0-L2R0W0,,,split,optimized,2,3,2,3043.2512205,3043.2512205,3043.015743,3043.4866979999997,0.2354774999998881,928.693051,82.56350499999999,2031.9946645,,,custom:libsad_search_2a0e4369743c84.so,/home/rzzhang/sad_merged/sad/build/libsad_search_2a0e4369743c84.so
2026-08-22T16:28:04.668781+00:00,20260822T160502,joint:rzz-hea:20:eb09e1f099cd7a16,ok,,rzz-hea,20,8,float64,42,128,2,128,2,1,0.0,rotation,rotation,3,3,compact:L5R2W0-L5R2W0-L5R1W0,compact:L5R2W0-L5R2W0-L5R1W0,,,merged,optimized,5,3,5,8.029984,8.0275188,8.021798,8.03221,0.004347458034299827,1.7225166,0.097495,6.2075072,,,custom:libsad_search_8fbfac92ec4bef.so,/home/rzzhang/sad_merged/sad/build/libsad_search_8fbfac92ec4bef.so
2026-08-22T16:28:04.760099+00:00,20260822T160502,joint:rzz-hea:28:2f5cd74842796060,ok,,rzz-hea,28,8,float64,42,128,2,32,2,1,0.5,rotation,rotation,16,16,compact:L2R0W0-L2R0W0-L2R0W0-L2R0W0-L2R0W0-L2R0W0-L2R0W0-L2R0W0-L2R0W0-L2R0W0-L2R0W0-L2R0W0-L1R0W0-L1R0W0-L1R0W0-L1R0W0,compact:L2R0W0-L2R0W0-L2R0W0-L2R0W0-L2R0W0-L2R0W0-L2R0W0-L2R0W0-L2R0W0-L2R0W0-L2R0W0-L2R0W0-L1R0W0-L1R0W0-L1R0W0-L1R0W0,,,split,optimized,2,3,2,4352.923465,4352.923465,4352.905686,4352.941244000001,0.017779000000246015,1325.28776,80.14519200000001,2947.490513,,,custom:libsad_search_7259903b8346c4.so,/home/rzzhang/sad_merged/sad/build/libsad_search_7259903b8346c4.so
2026-08-22T16:28:26.723452+00:00,20260822T160502,joint:rzz-hea:4:edd8bec25639e9f1,ok,,rzz-hea,4,8,float64,42,64,2,64,2,2,1.0,rotation,rotation,4,4,compact:L1R0W0-L1R0W0-L1R0W0-L1R0W0,compact:L1R0W0-L1R0W0-L1R0W0-L1R0W0,,,merged,optimized,20,3,20,0.2733485,0.27305125,0.272229,0.274332,0.0005569799704657304,0.0925652,0.01545185,0.16503420000000002,,,custom:libsad_search_97eec9f2a848ec.so,/home/rzzhang/sad_merged/sad/build/libsad_search_97eec9f2a848ec.so
2026-08-22T16:28:26.747267+00:00,20260822T160502,joint:rzz-hea:14:55e41ccf3dd4b290,ok,,rzz-hea,14,8,float64,42,128,2,128,2,2,0.0,rotation,rotation,2,2,compact:L5R2W0-L5R2W0,compact:L5R2W0-L5R2W0,,,split,optimized,10,3,10,0.6460425000000001,0.6460834999999999,0.642004,0.650195,0.003509517780265535,0.1824219,0.0156309,0.4480307,,,custom:libsad_search_d02bea87aa5c56.so,/home/rzzhang/sad_merged/sad/build/libsad_search_d02bea87aa5c56.so
2026-08-22T16:28:26.772817+00:00,20260822T160502,joint:rzz-hea:14:68fe8ae880c2f0de,ok,,rzz-hea,14,8,float64,42,32,2,128,2,1,0.0,rotation,rotation,2,2,compact:L5R2W0-L5R2W0,compact:L5R2W0-L5R2W0,,,merged,optimized,10,3,10,0.580102,0.5795638999999999,0.573423,0.581514,0.0021587616102756693,0.1437271,0.0154344,0.42040239999999995,,,custom:libsad_search_2a8327787a9aac.so,/home/rzzhang/sad_merged/sad/build/libsad_search_2a8327787a9aac.so
2026-08-22T16:28:26.797791+00:00,20260822T160502,joint:rzz-hea:20:21719ddeb9335499,ok,,rzz-hea,20,8,float64,42,32,2,128,2,1,0.0,rotation,rotation,3,3,compact:L5R2W0-L5R2W0-L5R1W0,compact:L5R2W0-L5R2W0-L5R1W0,,,split,optimized,5,3,5,7.699147999999999,7.699009200000001,7.696961000000001,7.700347,0.0012727952545476542,1.9415419999999999,0.0974136,5.6600536,,,custom:libsad_search_0e4f539ceca897.so,/home/rzzhang/sad_merged/sad/build/libsad_search_0e4f539ceca897.so
2026-08-22T16:28:26.887770+00:00,20260822T160502,joint:rzz-hea:4:06bc27733826964c,ok,,rzz-hea,4,8,float64,42,128,2,32,2,1,0.0,rotation,rotation,1,1,compact:L4R0W0,compact:L4R0W0,,,merged,optimized,20,3,20,0.16671550000000002,0.16646105,0.16567900000000002,0.166992,0.0004644694257967895,0.04742665,0.015566949999999998,0.10346744999999999,,,custom:libsad_search_5851e15f736f52.so,/home/rzzhang/sad_merged/sad/build/libsad_search_5851e15f736f52.so
2026-08-22T16:28:26.908137+00:00,20260822T160502,joint:rzz-hea:16:237172fdf69f5618,ok,,rzz-hea,16,8,float64,42,64,2,64,2,1,0.0,rotation,rotation,2,2,compact:L5R2W1-L5R2W1,compact:L5R2W1-L5R2W1,,,merged,optimized,5,3,5,0.9911749999999999,0.9911626,0.9910240000000001,0.9912740000000001,8.222554347643637e-05,0.21062319999999998,0.0154876,0.7650518000000001,,,custom:libsad_search_7e5293342e215a.so,/home/rzzhang/sad_merged/sad/build/libsad_search_7e5293342e215a.so
2026-08-22T16:28:26.936257+00:00,20260822T160502,joint:rzz-hea:14:5d175db3584d03e7,ok,,rzz-hea,14,8,float64,42,32,2,32,2,2,1.0,rotation,rotation,14,14,compact:L1R0W0-L1R0W0-L1R0W0-L1R0W0-L1R0W0-L1R0W0-L1R0W0-L1R0W0-L1R0W0-L1R0W0-L1R0W0-L1R0W0-L1R0W0-L1R0W0,compact:L1R0W0-L1R0W0-L1R0W0-L1R0W0-L1R0W0-L1R0W0-L1R0W0-L1R0W0-L1R0W0-L1R0W0-L1R0W0-L1R0W0-L1R0W0-L1R0W0,,,split,optimized,10,3,10,1.262607,1.2629384,1.261507,1.264518,0.0008268047169677119,0.5034375,0.0156717,0.7438292,,,custom:libsad_search_16d9d6cef53b3d.so,/home/rzzhang/sad_merged/sad/build/libsad_search_16d9d6cef53b3d.so
2026-08-22T16:28:26.969210+00:00,20260822T160502,joint:rzz-hea:28:5db1a1dca21f4366,ok,,rzz-hea,28,8,float64,42,32,2,32,2,1,0.75,rotation,rotation,22,22,compact:L2R0W0-L2R0W0-L2R0W0-L2R0W0-L2R0W0-L2R0W0-L1R0W0-L1R0W0-L1R0W0-L1R0W0-L1R0W0-L1R0W0-L1R0W0-L1R0W0-L1R0W0-L1R0W0-L1R0W0-L1R0W0-L1R0W0-L1R0W0-L1R0W0-L1R0W0,compact:L2R0W0-L2R0W0-L2R0W0-L2R0W0-L2R0W0-L2R0W0-L1R0W0-L1R0W0-L1R0W0-L1R0W0-L1R0W0-L1R0W0-L1R0W0-L1R0W0-L1R0W0-L1R0W0-L1R0W0-L1R0W0-L1R0W0-L1R0W0-L1R0W0-L1R0W0,,,merged,optimized,2,3,2,5569.5791155,5569.5791155,5569.235441,5569.92279,0.3436744999999064,1546.5861269999998,82.40241749999998,3940.5905710000006,,,custom:libsad_search_f9cdaf042a7bd6.so,/home/rzzhang/sad_merged/sad/build/libsad_search_f9cdaf042a7bd6.so
2026-08-22T16:28:54.859198+00:00,20260822T160502,joint:rzz-hea:26:ab9509f92b20d929,ok,,rzz-hea,26,8,float64,42,32,2,128,2,1,0.75,rotation,rotation,20,20,compact:L2R0W0-L2R0W0-L2R0W0-L2R0W0-L2R0W0-L2R0W0-L1R0W0-L1R0W0-L1R0W0-L1R0W0-L1R0W0-L1R0W0-L1R0W0-L1R0W0-L1R0W0-L1R0W0-L1R0W0-L1R0W0-L1R0W0-L1R0W0,compact:L2R0W0-L2R0W0-L2R0W0-L2R0W0-L2R0W0-L2R0W0-L1R0W0-L1R0W0-L1R0W0-L1R0W0-L1R0W0-L1R0W0-L1R0W0-L1R0W0-L1R0W0-L1R0W0-L1R0W0-L1R0W0-L1R0W0-L1R0W0,,,merged,optimized,2,3,2,1272.525821,1272.525821,1272.225224,1272.8264179999999,0.3005969999999252,354.461973,10.2213665,907.8424815000001,,,custom:libsad_search_2a8327787a9aac.so,/home/rzzhang/sad_merged/sad/build/libsad_search_2a8327787a9aac.so
2026-08-22T16:29:01.278564+00:00,20260822T160502,joint:rzz-hea:10:49c5ae5c399f321b,ok,,rzz-hea,10,8,float64,42,32,2,32,2,1,0.25,rotation,rotation,4,4,compact:L3R0W0-L3R0W0-L2R0W0-L2R0W0,compact:L3R0W0-L3R0W0-L2R0W0-L2R0W0,,,split,optimized,10,3,10,0.5226729999999999,0.5227039,0.5221899999999999,0.523282,0.0005048376867865631,0.1800584,0.015551900000000002,0.3270936,,,custom:libsad_search_3cb67c7e18cc99.so,/home/rzzhang/sad_merged/sad/build/libsad_search_3cb67c7e18cc99.so
2026-08-22T16:29:01.302177+00:00,20260822T160502,joint:rzz-hea:6:398fb7f880cb356c,ok,,rzz-hea,6,8,float64,42,32,2,32,2,1,0.0,rotation,rotation,1,1,compact:L5R1W0,compact:L5R1W0,,,split,optimized,20,3,20,0.249811,0.24985225,0.24950899999999998,0.25084,0.00024898230358802735,0.0756289,0.015412400000000001,0.15881095,,,custom:libsad_search_3cb67c7e18cc99.so,/home/rzzhang/sad_merged/sad/build/libsad_search_3cb67c7e18cc99.so
2026-08-22T16:29:01.324307+00:00,20260822T160502,joint:rzz-hea:10:098431001d4313be,ok,,rzz-hea,10,8,float64,42,32,2,128,2,2,0.75,rotation,rotation,8,8,compact:L2R0W0-L2R0W0-L1R0W0-L1R0W0-L1R0W0-L1R0W0-L1R0W0-L1R0W0,compact:L2R0W0-L2R0W0-L1R0W0-L1R0W0-L1R0W0-L1R0W0-L1R0W0-L1R0W0,,,split,optimized,10,3,10,0.8242849999999999,0.8241542,0.823107,0.826189,0.0008448259939182766,0.27576419999999996,0.0155498,0.5328402,,,custom:libsad_search_2a0e4369743c84.so,/home/rzzhang/sad_merged/sad/build/libsad_search_2a0e4369743c84.so
2026-08-22T16:29:01.345919+00:00,20260822T160502,joint:rzz-hea:4:73e96bef9339fdcb,ok,,rzz-hea,4,8,float64,42,128,2,128,2,2,0.5,rotation,rotation,2,2,compact:L2R0W0-L2R0W0,compact:L2R0W0-L2R0W0,,,merged,optimized,20,3,20,0.2305295,0.23076705,0.228983,0.231407,0.0006339784282607771,0.0643565,0.0154503,0.15096025000000002,,,custom:libsad_search_b969ada61d8a74.so,/home/rzzhang/sad_merged/sad/build/libsad_search_b969ada61d8a74.so
2026-08-22T16:29:01.361790+00:00,20260822T160502,joint:rzz-hea:22:4b09f28ede8de076,ok,,rzz-hea,22,8,float64,42,128,2,128,2,1,0.75,rotation,rotation,17,17,compact:L2R0W0-L2R0W0-L2R0W0-L2R0W0-L2R0W0-L1R0W0-L1R0W0-L1R0W0-L1R0W0-L1R0W0-L1R0W0-L1R0W0-L1R0W0-L1R0W0-L1R0W0-L1R0W0-L1R0W0,compact:L2R0W0-L2R0W0-L2R0W0-L2R0W0-L2R0W0-L1R0W0-L1R0W0-L1R0W0-L1R0W0-L1R0W0-L1R0W0-L1R0W0-L1R0W0-L1R0W0-L1R0W0-L1R0W0-L1R0W0,,,split,optimized,3,3,3,60.717737,60.82183466666667,60.682996,61.064771,0.1723664329470466,11.941949333333334,0.41262299999999996,48.46726233333334,,,custom:libsad_search_9361435758c99d.so,/home/rzzhang/sad_merged/sad/build/libsad_search_9361435758c99d.so
2026-08-22T16:29:01.752105+00:00,20260822T160502,joint:rzz-hea:20:6955c693853c501e,ok,,rzz-hea,20,8,float64,42,128,2,32,2,2,0.5,rotation,rotation,12,12,compact:L2R0W0-L2R0W0-L2R0W0-L2R0W0-L2R0W0-L2R0W0-L2R0W0-L2R0W0-L1R0W0-L1R0W0-L1R0W0-L1R0W0,compact:L2R0W0-L2R0W0-L2R0W0-L2R0W0-L2R0W0-L2R0W0-L2R0W0-L2R0W0-L1R0W0-L1R0W0-L1R0W0-L1R0W0,,,merged,optimized,5,3,5,9.243407,9.243205,9.238327,9.248588,0.004010488897877488,2.3307364,0.10553760000000001,6.806931,,,custom:libsad_search_d014591f51543a.so,/home/rzzhang/sad_merged/sad/build/libsad_search_d014591f51543a.so
2026-08-22T16:29:01.838015+00:00,20260822T160502,joint:rzz-hea:24:026d53801b03d68c,ok,,rzz-hea,24,8,float64,42,32,2,128,2,1,0.5,rotation,rotation,14,14,compact:L2R0W0-L2R0W0-L2R0W0-L2R0W0-L2R0W0-L2R0W0-L2R0W0-L2R0W0-L2R0W0-L2R0W0-L1R0W0-L1R0W0-L1R0W0-L1R0W0,compact:L2R0W0-L2R0W0-L2R0W0-L2R0W0-L2R0W0-L2R0W0-L2R0W0-L2R0W0-L2R0W0-L2R0W0-L1R0W0-L1R0W0-L1R0W0-L1R0W0,,,merged,optimized,3,3,3,233.771218,233.82133266666668,233.76289700000004,233.92988300000002,0.07683181159881125,63.33748933333333,1.7749590000000002,168.70888433333334,,,custom:libsad_search_2a8327787a9aac.so,/home/rzzhang/sad_merged/sad/build/libsad_search_2a8327787a9aac.so
2026-08-22T16:29:03.271345+00:00,20260822T160502,joint:rzz-hea:24:2382ce275c893fea,ok,,rzz-hea,24,8,float64,42,32,2,128,2,1,0.25,rotation,rotation,9,8,compact:L3R0W0-L3R0W0-L3R0W0-L3R0W0-L3R0W0-L3R0W0-L2R0W0-L2R0W0-L2R0W0,compact:L3R0W0-L3R0W0-L3R0W0-L3R0W0-L3R0W0-L3R0W0-L3R0W0-L3R0W0,,,merged,optimized,3,3,3,156.957383,156.91338,156.709722,157.073035,0.15155039205712081,43.521276,1.7692676666666667,111.62283633333332,,,custom:libsad_search_2a8327787a9aac.so,/home/rzzhang/sad_merged/sad/build/libsad_search_2a8327787a9aac.so
2026-08-22T16:29:04.243387+00:00,20260822T160502,joint:rzz-hea:8:1ced8e9f3ac84e33,ok,,rzz-hea,8,8,float64,42,128,2,32,2,1,0.0,rotation,rotation,1,2,compact:L5R2W1,compact:L4R0W0-L4R0W0,,,split,optimized,20,3,20,0.35421749999999996,0.35405325,0.35313,0.357475,0.0009348461838719778,0.10886765,0.01514415,0.23004144999999998,,,custom:libsad_search_7259903b8346c4.so,/home/rzzhang/sad_merged/sad/build/libsad_search_7259903b8346c4.so
2026-08-22T16:29:04.262752+00:00,20260822T160502,joint:rzz-hea:14:4e884356be6aacf7,ok,,rzz-hea,14,8,float64,42,32,2,128,2,1,0.75,rotation,rotation,11,11,compact:L2R0W0-L2R0W0-L2R0W0-L1R0W0-L1R0W0-L1R0W0-L1R0W0-L1R0W0-L1R0W0-L1R0W0-L1R0W0,compact:L2R0W0-L2R0W0-L2R0W0-L1R0W0-L1R0W0-L1R0W0-L1R0W0-L1R0W0-L1R0W0-L1R0W0-L1R0W0,,,merged,optimized,10,3,10,1.1800994999999999,1.1791741999999998,1.173377,1.1816510000000002,0.0024853602072939366,0.40566830000000004,0.0154098,0.7580961,,,custom:libsad_search_2a8327787a9aac.so,/home/rzzhang/sad_merged/sad/build/libsad_search_2a8327787a9aac.so
2026-08-22T16:29:04.288772+00:00,20260822T160502,joint:rzz-hea:22:4ded93e1503103e5,ok,,rzz-hea,22,8,float64,42,32,2,128,2,2,0.25,rotation,rotation,8,8,compact:L3R0W0-L3R0W0-L3R0W0-L3R0W0-L3R0W0-L3R0W0-L2R0W0-L2R0W0,compact:L3R0W0-L3R0W0-L3R0W0-L3R0W0-L3R0W0-L3R0W0-L2R0W0-L2R0W0,,,split,optimized,3,3,3,36.593821,36.593119,36.586743,36.598793,0.004944372423945695,8.877046333333334,0.42641766666666664,27.289655,,,custom:libsad_search_2a0e4369743c84.so,/home/rzzhang/sad_merged/sad/build/libsad_search_2a0e4369743c84.so
2026-08-22T16:29:04.529672+00:00,20260822T160502,joint:rzz-hea:14:f0670d797643718e,ok,,rzz-hea,14,8,float64,42,64,2,64,2,1,0.5,rotation,rotation,8,8,compact:L2R0W0-L2R0W0-L2R0W0-L2R0W0-L2R0W0-L2R0W0-L1R0W0-L1R0W0,compact:L2R0W0-L2R0W0-L2R0W0-L2R0W0-L2R0W0-L2R0W0-L1R0W0-L1R0W0,,,split,optimized,10,3,10,0.9686525,0.9685279,0.966635,0.969744,0.0009857230290502314,0.3561491,0.0155276,0.5968512000000001,,,custom:libsad_search_7ec063ebc99501.so,/home/rzzhang/sad_merged/sad/build/libsad_search_7ec063ebc99501.so
2026-08-22T16:29:04.553370+00:00,20260822T160502,joint:rzz-hea:28:a7a50fc8aa490af2,ok,,rzz-hea,28,8,float64,42,32,2,32,2,1,0.0,rotation,rotation,4,4,compact:L5R2W0-L5R2W0-L5R2W0-L5R2W0,compact:L5R2W0-L5R2W0-L5R2W0-L5R2W0,,,merged,optimized,2,3,2,2447.5464275000004,2447.5464275000004,2447.190078,2447.9027770000002,0.3563495000000785,502.98499649999997,82.4216055,1862.1398255,,,custom:libsad_search_f9cdaf042a7bd6.so,/home/rzzhang/sad_merged/sad/build/libsad_search_f9cdaf042a7bd6.so
2026-08-22T16:29:16.822122+00:00,20260822T160502,joint:rzz-hea:22:dcb766f80a748b5f,ok,,rzz-hea,22,8,float64,42,128,2,128,2,1,1.0,rotation,rotation,22,22,compact:L1R0W0-L1R0W0-L1R0W0-L1R0W0-L1R0W0-L1R0W0-L1R0W0-L1R0W0-L1R0W0-L1R0W0-L1R0W0-L1R0W0-L1R0W0-L1R0W0-L1R0W0-L1R0W0-L1R0W0-L1R0W0-L1R0W0-L1R0W0-L1R0W0-L1R0W0,compact:L1R0W0-L1R0W0-L1R0W0-L1R0W0-L1R0W0-L1R0W0-L1R0W0-L1R0W0-L1R0W0-L1R0W0-L1R0W0-L1R0W0-L1R0W0-L1R0W0-L1R0W0-L1R0W0-L1R0W0-L1R0W0-L1R0W0-L1R0W0-L1R0W0-L1R0W0,,,split,optimized,3,3,3,75.016191,76.19952466666668,74.96647300000001,78.61591,1.7087630085810253,14.694743,0.40144300000000005,61.10333866666667,,,custom:libsad_search_9361435758c99d.so,/home/rzzhang/sad_merged/sad/build/libsad_search_9361435758c99d.so
2026-08-22T16:29:17.321246+00:00,20260822T160502,joint:rzz-hea:16:dd35922b4ff6ec65,ok,,rzz-hea,16,8,float64,42,64,2,64,2,1,0.0,legacy,legacy,0,0,,,,,not_applicable,legacy-generic,5,3,5,0.9255990000000001,0.9256316,0.924638,0.927666,0.0011053221430877016,0.2462632,0.015341,0.6640274,,,custom:libsad_search_5a6ce94d125b8e.so,/home/rzzhang/sad_merged/sad/build/libsad_search_5a6ce94d125b8e.so
2026-08-22T16:29:17.340413+00:00,20260822T160502,joint:rzz-hea:16:7760b3d21c21c242,ok,,rzz-hea,16,8,float64,42,64,2,64,2,2,0.75,rotation,rotation,12,12,compact:L2R0W0-L2R0W0-L2R0W0-L2R0W0-L1R0W0-L1R0W0-L1R0W0-L1R0W0-L1R0W0-L1R0W0-L1R0W0-L1R0W0,compact:L2R0W0-L2R0W0-L2R0W0-L2R0W0-L1R0W0-L1R0W0-L1R0W0-L1R0W0-L1R0W0-L1R0W0-L1R0W0-L1R0W0,,,split,optimized,5,3,5,1.615787,1.6159916000000003,1.6149250000000002,1.616821,0.0007208061043026285,0.5498734000000001,0.015645,1.0504731999999999,,,custom:libsad_search_20c37ff249ec0a.so,/home/rzzhang/sad_merged/sad/build/libsad_search_20c37ff249ec0a.so
2026-08-22T16:29:17.364809+00:00,20260822T160502,joint:rzz-hea:18:663f45cc4879caa4,ok,,rzz-hea,18,8,float64,42,32,2,128,2,1,0.5,rotation,rotation,10,10,compact:L2R0W0-L2R0W0-L2R0W0-L2R0W0-L2R0W0-L2R0W0-L2R0W0-L2R0W0-L1R0W0-L1R0W0,compact:L2R0W0-L2R0W0-L2R0W0-L2R0W0-L2R0W0-L2R0W0-L2R0W0-L2R0W0-L1R0W0-L1R0W0,,,merged,optimized,5,3,5,2.98896,2.9889532,2.987031,2.989954,0.0010546334718753948,0.7712478,0.0317264,2.185979,,,custom:libsad_search_2a8327787a9aac.so,/home/rzzhang/sad_merged/sad/build/libsad_search_2a8327787a9aac.so
2026-08-22T16:29:17.400355+00:00,20260822T160502,joint:rzz-hea:28:63ddb003e056a66c,ok,,rzz-hea,28,8,float64,42,128,2,128,2,1,0.75,rotation,rotation,22,22,compact:L2R0W0-L2R0W0-L2R0W0-L2R0W0-L2R0W0-L2R0W0-L1R0W0-L1R0W0-L1R0W0-L1R0W0-L1R0W0-L1R0W0-L1R0W0-L1R0W0-L1R0W0-L1R0W0-L1R0W0-L1R0W0-L1R0W0-L1R0W0-L1R0W0-L1R0W0,compact:L2R0W0-L2R0W0-L2R0W0-L2R0W0-L2R0W0-L2R0W0-L1R0W0-L1R0W0-L1R0W0-L1R0W0-L1R0W0-L1R0W0-L1R0W0-L1R0W0-L1R0W0-L1R0W0-L1R0W0-L1R0W0-L1R0W0-L1R0W0-L1R0W0-L1R0W0,,,split,optimized,2,3,2,5639.2199165,5639.2199165,5638.749871,5639.689962,0.4700455000001966,1717.6236715000002,81.7587375,3839.8375075,,,custom:libsad_search_9361435758c99d.so,/home/rzzhang/sad_merged/sad/build/libsad_search_9361435758c99d.so
2026-08-22T16:29:45.626738+00:00,20260822T160502,joint:rzz-hea:20:23afea57739e5687,ok,,rzz-hea,20,8,float64,42,32,2,128,2,2,0.0,rotation,rotation,3,3,compact:L5R2W0-L5R2W0-L5R1W0,compact:L5R2W0-L5R2W0-L5R1W0,,,split,optimized,5,3,5,7.654193,7.6552408,7.653177,7.660436000000001,0.0026851146269760437,1.9371364000000002,0.09755319999999999,5.6205511999999995,,,custom:libsad_search_2a0e4369743c84.so,/home/rzzhang/sad_merged/sad/build/libsad_search_2a0e4369743c84.so
2026-08-22T16:29:45.715408+00:00,20260822T160502,joint:rzz-hea:10:696eaad4d3f73fd3,ok,,rzz-hea,10,8,float64,42,128,2,32,2,2,0.0,rotation,rotation,2,2,compact:L5R0W0-L5R0W0,compact:L5R0W0-L5R0W0,,,merged,optimized,10,3,10,0.38750650000000003,0.3876313,0.38695999999999997,0.389048,0.0006836614732453492,0.1475336,0.0152988,0.22479890000000002,,,custom:libsad_search_d014591f51543a.so,/home/rzzhang/sad_merged/sad/build/libsad_search_d014591f51543a.so
2026-08-22T16:29:45.736392+00:00,20260822T160502,joint:rzz-hea:6:395c4e3e1f78af2a,ok,,rzz-hea,6,8,float64,42,32,2,32,2,2,0.5,rotation,rotation,4,4,compact:L2R0W0-L2R0W0-L1R0W0-L1R0W0,compact:L2R0W0-L2R0W0-L1R0W0-L1R0W0,,,merged,optimized,20,3,20,0.32453050000000006,0.3244107,0.32348499999999997,0.325744,0.0007520241418997167,0.11091485000000001,0.0155481,0.19794775,,,custom:libsad_search_dcff342f285260.so,/home/rzzhang/sad_merged/sad/build/libsad_search_dcff342f285260.so
2026-08-22T16:29:45.760958+00:00,20260822T160502,joint:rzz-hea:24:f4ca83fd861b4e20,ok,,rzz-hea,24,8,float64,42,64,2,64,2,1,0.25,rotation,rotation,8,8,compact:L3R0W0-L3R0W0-L3R0W0-L3R0W0-L3R0W0-L3R0W0-L3R0W0-L3R0W0,compact:L3R0W0-L3R0W0-L3R0W0-L3R0W0-L3R0W0-L3R0W0-L3R0W0-L3R0W0,,,merged,optimized,3,3,3,153.967264,153.98591333333334,153.698113,154.292363,0.24295968643697502,40.256061,1.7745376666666666,111.95531466666668,,,custom:libsad_search_7e5293342e215a.so,/home/rzzhang/sad_merged/sad/build/libsad_search_7e5293342e215a.so
2026-08-22T16:29:46.726837+00:00,20260822T160502,joint:rzz-hea:10:77b5299a176b8f2e,ok,,rzz-hea,10,8,float64,42,128,2,32,2,1,0.5,rotation,rotation,6,6,compact:L2R0W0-L2R0W0-L2R0W0-L2R0W0-L1R0W0-L1R0W0,compact:L2R0W0-L2R0W0-L2R0W0-L2R0W0-L1R0W0-L1R0W0,,,split,optimized,10,3,10,0.653354,0.6535429,0.6521750000000001,0.654305,0.0006496350436976034,0.25845299999999993,0.015460699999999999,0.3796292,,,custom:libsad_search_7259903b8346c4.so,/home/rzzhang/sad_merged/sad/build/libsad_search_7259903b8346c4.so
2026-08-22T16:29:46.746925+00:00,20260822T160502,joint:rzz-hea:20:9a29905e977ba172,ok,,rzz-hea,20,8,float64,42,64,2,64,2,1,1.0,rotation,rotation,20,20,compact:L1R0W0-L1R0W0-L1R0W0-L1R0W0-L1R0W0-L1R0W0-L1R0W0-L1R0W0-L1R0W0-L1R0W0-L1R0W0-L1R0W0-L1R0W0-L1R0W0-L1R0W0-L1R0W0-L1R0W0-L1R0W0-L1R0W0-L1R0W0,compact:L1R0W0-L1R0W0-L1R0W0-L1R0W0-L1R0W0-L1R0W0-L1R0W0-L1R0W0-L1R0W0-L1R0W0-L1R0W0-L1R0W0-L1R0W0-L1R0W0-L1R0W0-L1R0W0-L1R0W0-L1R0W0-L1R0W0-L1R0W0,,,merged,optimized,5,3,5,10.565389,10.4908436,10.190557,10.569422,0.15017721827707411,3.0647952,0.10409080000000001,7.3219576,,,custom:libsad_search_7e5293342e215a.so,/home/rzzhang/sad_merged/sad/build/libsad_search_7e5293342e215a.so
2026-08-22T16:29:46.841766+00:00,20260822T160502,joint:rzz-hea:8:31d32449e2a54db0,ok,,rzz-hea,8,8,float64,42,32,2,32,2,1,0.0,legacy,legacy,0,0,,,,,not_applicable,legacy-generic,20,3,20,0.399291,0.39895225,0.398246,0.39934899999999995,0.0004913420270035916,0.13779750000000002,0.0153979,0.24575685,,,custom:libsad_search_06042376d3c545.so,/home/rzzhang/sad_merged/sad/build/libsad_search_06042376d3c545.so
2026-08-22T16:29:46.861857+00:00,20260822T160502,joint:rzz-hea:8:3feba49a665e7dc5,ok,,rzz-hea,8,8,float64,42,32,2,32,2,2,0.0,rotation,rotation,2,2,compact:L4R0W0-L4R0W0,compact:L4R0W0-L4R0W0,,,split,optimized,20,3,20,0.3829415,0.38293109999999997,0.377847,0.384114,0.0012522190662979066,0.1218378,0.0153329,0.24576040000000002,,,custom:libsad_search_16d9d6cef53b3d.so,/home/rzzhang/sad_merged/sad/build/libsad_search_16d9d6cef53b3d.so
2026-08-22T16:29:46.881431+00:00,20260822T160502,joint:rzz-hea:28:20deb20312b4fa0f,ok,,rzz-hea,28,8,float64,42,128,2,128,2,2,1.0,rotation,rotation,28,28,compact:L1R0W0-L1R0W0-L1R0W0-L1R0W0-L1R0W0-L1R0W0-L1R0W0-L1R0W0-L1R0W0-L1R0W0-L1R0W0-L1R0W0-L1R0W0-L1R0W0-L1R0W0-L1R0W0-L1R0W0-L1R0W0-L1R0W0-L1R0W0-L1R0W0-L1R0W0-L1R0W0-L1R0W0-L1R0W0-L1R0W0-L1R0W0-L1R0W0,compact:L1R0W0-L1R0W0-L1R0W0-L1R0W0-L1R0W0-L1R0W0-L1R0W0-L1R0W0-L1R0W0-L1R0W0-L1R0W0-L1R0W0-L1R0W0-L1R0W0-L1R0W0-L1R0W0-L1R0W0-L1R0W0-L1R0W0-L1R0W0-L1R0W0-L1R0W0-L1R0W0-L1R0W0-L1R0W0-L1R0W0-L1R0W0-L1R0W0,,,merged,optimized,2,3,2,6870.505699,6870.505699,6870.349115,6870.662283000001,0.1565840000002936,1943.6623025,82.467449,4844.3759475,,,custom:libsad_search_b969ada61d8a74.so,/home/rzzhang/sad_merged/sad/build/libsad_search_b969ada61d8a74.so
2026-08-22T16:30:21.263475+00:00,20260822T160502,joint:rzz-hea:24:323fc315586acd2c,ok,,rzz-hea,24,8,float64,42,128,2,128,2,1,0.75,rotation,rotation,19,19,compact:L2R0W0-L2R0W0-L2R0W0-L2R0W0-L2R0W0-L1R0W0-L1R0W0-L1R0W0-L1R0W0-L1R0W0-L1R0W0-L1R0W0-L1R0W0-L1R0W0-L1R0W0-L1R0W0-L1R0W0-L1R0W0-L1R0W0,compact:L2R0W0-L2R0W0-L2R0W0-L2R0W0-L2R0W0-L1R0W0-L1R0W0-L1R0W0-L1R0W0-L1R0W0-L1R0W0-L1R0W0-L1R0W0-L1R0W0-L1R0W0-L1R0W0-L1R0W0-L1R0W0-L1R0W0,,,merged,optimized,3,3,3,301.751928,301.742447,301.72109199999994,301.754321,0.015131834676193787,84.41011666666665,1.776258,215.55607233333333,,,custom:libsad_search_8fbfac92ec4bef.so,/home/rzzhang/sad_merged/sad/build/libsad_search_8fbfac92ec4bef.so
2026-08-22T16:30:23.127268+00:00,20260822T160502,joint:rzz-hea:4:5c3a9c3aea614784,ok,,rzz-hea,4,8,float64,42,32,2,128,2,1,0.0,rotation,rotation,1,1,compact:L4R0W0,compact:L4R0W0,,,merged,optimized,20,3,20,0.1822175,0.1820262,0.18104800000000001,0.18342100000000003,0.0007154116716967948,0.03932125,0.01509145,0.12761350000000002,,,custom:libsad_search_2a8327787a9aac.so,/home/rzzhang/sad_merged/sad/build/libsad_search_2a8327787a9aac.so
2026-08-22T16:30:23.142905+00:00,20260822T160502,joint:rzz-hea:20:e70a9055e57b619c,ok,,rzz-hea,20,8,float64,42,64,2,64,2,2,0.0,rotation,rotation,3,3,compact:L5R2W0-L5R2W0-L5R1W0,compact:L5R2W0-L5R2W0-L5R1W0,,,merged,optimized,5,3,5,8.300251,8.2421996,8.009628999999999,8.301342,0.11628705707962571,1.7756648,0.104217,6.3623178000000005,,,custom:libsad_search_97eec9f2a848ec.so,/home/rzzhang/sad_merged/sad/build/libsad_search_97eec9f2a848ec.so
2026-08-22T16:30:23.220083+00:00,20260822T160502,joint:rzz-hea:26:ea027ece241f3228,ok,,rzz-hea,26,8,float64,42,32,2,32,2,1,1.0,rotation,rotation,26,26,compact:L1R0W0-L1R0W0-L1R0W0-L1R0W0-L1R0W0-L1R0W0-L1R0W0-L1R0W0-L1R0W0-L1R0W0-L1R0W0-L1R0W0-L1R0W0-L1R0W0-L1R0W0-L1R0W0-L1R0W0-L1R0W0-L1R0W0-L1R0W0-L1R0W0-L1R0W0-L1R0W0-L1R0W0-L1R0W0-L1R0W0,compact:L1R0W0-L1R0W0-L1R0W0-L1R0W0-L1R0W0-L1R0W0-L1R0W0-L1R0W0-L1R0W0-L1R0W0-L1R0W0-L1R0W0-L1R0W0-L1R0W0-L1R0W0-L1R0W0-L1R0W0-L1R0W0-L1R0W0-L1R0W0-L1R0W0-L1R0W0-L1R0W0-L1R0W0-L1R0W0-L1R0W0,,,merged,optimized,2,3,2,1595.4196905000001,1595.4196905000001,1595.2229550000002,1595.616426,0.19673549999993156,452.9833405,10.18156,1132.2547900000002,,,custom:libsad_search_f9cdaf042a7bd6.so,/home/rzzhang/sad_merged/sad/build/libsad_search_f9cdaf042a7bd6.so
2026-08-22T16:30:31.228996+00:00,20260822T160502,joint:rzz-hea:6:0d2982f5da13d6fb,ok,,rzz-hea,6,8,float64,42,128,2,128,2,2,0.5,rotation,rotation,4,4,compact:L2R0W0-L2R0W0-L1R0W0-L1R0W0,compact:L2R0W0-L2R0W0-L1R0W0-L1R0W0,,,merged,optimized,20,3,20,0.37870099999999995,0.3785227,0.37682299999999996,0.38091200000000003,0.0008786532364932229,0.12453135,0.015607449999999998,0.2383839,,,custom:libsad_search_b969ada61d8a74.so,/home/rzzhang/sad_merged/sad/build/libsad_search_b969ada61d8a74.so
2026-08-22T16:30:31.255536+00:00,20260822T160502,joint:rzz-hea:8:c3f08053d1cbd962,ok,,rzz-hea,8,8,float64,42,32,2,128,2,2,1.0,rotation,rotation,8,8,compact:L1R0W0-L1R0W0-L1R0W0-L1R0W0-L1R0W0-L1R0W0-L1R0W0-L1R0W0,compact:L1R0W0-L1R0W0-L1R0W0-L1R0W0-L1R0W0-L1R0W0-L1R0W0-L1R0W0,,,merged,optimized,20,3,20,0.656109,0.65557155,0.6493650000000001,0.65739,0.0015779791340508858,0.23645430000000003,0.015461250000000001,0.40365599999999996,,,custom:libsad_search_fce412939d20fb.so,/home/rzzhang/sad_merged/sad/build/libsad_search_fce412939d20fb.so
2026-08-22T16:30:31.285900+00:00,20260822T160502,joint:rzz-hea:18:707854fbbf00d0e4,ok,,rzz-hea,18,8,float64,42,128,2,32,2,1,0.0,legacy,legacy,0,0,,,,,not_applicable,legacy-generic,5,3,5,2.265153,2.2654123999999998,2.264973,2.2660359999999997,0.00045436927713027694,0.62857,0.0318934,1.604949,,,custom:libsad_search_eaf59e83158800.so,/home/rzzhang/sad_merged/sad/build/libsad_search_eaf59e83158800.so
2026-08-22T16:30:31.315716+00:00,20260822T160502,joint:rzz-hea:4:471c70c6c53c3804,ok,,rzz-hea,4,8,float64,42,32,2,128,2,1,1.0,rotation,rotation,4,4,compact:L1R0W0-L1R0W0-L1R0W0-L1R0W0,compact:L1R0W0-L1R0W0-L1R0W0-L1R0W0,,,merged,optimized,20,3,20,0.294856,0.29507194999999997,0.29374700000000004,0.30187200000000003,0.0016980653543076634,0.0905063,0.0155279,0.18903775,,,custom:libsad_search_2a8327787a9aac.so,/home/rzzhang/sad_merged/sad/build/libsad_search_2a8327787a9aac.so
2026-08-22T16:30:31.333307+00:00,20260822T160502,joint:rzz-hea:16:57198aeeb861b87a,ok,,rzz-hea,16,8,float64,42,32,2,32,2,2,0.0,rotation,rotation,3,3,compact:L5R1W0-L5R0W0-L5R0W0,compact:L5R1W0-L5R0W0-L5R0W0,,,split,optimized,5,3,5,0.952222,0.9519952,0.951242,0.952293,0.00039657907156074944,0.2495832,0.015312,0.6871,,,custom:libsad_search_16d9d6cef53b3d.so,/home/rzzhang/sad_merged/sad/build/libsad_search_16d9d6cef53b3d.so
2026-08-22T16:30:31.352115+00:00,20260822T160502,joint:rzz-hea:16:c423c9f550b8e37a,ok,,rzz-hea,16,8,float64,42,128,2,128,2,2,0.25,rotation,rotation,6,6,compact:L3R0W0-L3R0W0-L3R0W0-L3R0W0-L2R0W0-L2R0W0,compact:L3R0W0-L3R0W0-L3R0W0-L3R0W0-L2R0W0-L2R0W0,,,split,optimized,5,3,5,1.2838839999999998,1.2827956,1.277018,1.2850639999999998,0.002989221075798804,0.3802918,0.0154752,0.8870286,,,custom:libsad_search_d02bea87aa5c56.so,/home/rzzhang/sad_merged/sad/build/libsad_search_d02bea87aa5c56.so
2026-08-22T16:30:31.373530+00:00,20260822T160502,joint:rzz-hea:10:d69e25b7d341ce34,ok,,rzz-hea,10,8,float64,42,64,2,64,2,1,1.0,rotation,rotation,10,10,compact:L1R0W0-L1R0W0-L1R0W0-L1R0W0-L1R0W0-L1R0W0-L1R0W0-L1R0W0-L1R0W0-L1R0W0,compact:L1R0W0-L1R0W0-L1R0W0-L1R0W0-L1R0W0-L1R0W0-L1R0W0-L1R0W0-L1R0W0-L1R0W0,,,merged,optimized,10,3,10,0.8498870000000001,0.8501676,0.847739,0.853969,0.001471580456516046,0.3521152,0.015417299999999998,0.4826351,,,custom:libsad_search_7e5293342e215a.so,/home/rzzhang/sad_merged/sad/build/libsad_search_7e5293342e215a.so
2026-08-22T16:30:31.395474+00:00,20260822T160502,joint:rzz-hea:24:44bad4a70b33f7a7,ok,,rzz-hea,24,8,float64,42,64,2,64,2,2,1.0,rotation,rotation,24,24,compact:L1R0W0-L1R0W0-L1R0W0-L1R0W0-L1R0W0-L1R0W0-L1R0W0-L1R0W0-L1R0W0-L1R0W0-L1R0W0-L1R0W0-L1R0W0-L1R0W0-L1R0W0-L1R0W0-L1R0W0-L1R0W0-L1R0W0-L1R0W0-L1R0W0-L1R0W0-L1R0W0-L1R0W0,compact:L1R0W0-L1R0W0-L1R0W0-L1R0W0-L1R0W0-L1R0W0-L1R0W0-L1R0W0-L1R0W0-L1R0W0-L1R0W0-L1R0W0-L1R0W0-L1R0W0-L1R0W0-L1R0W0-L1R0W0-L1R0W0-L1R0W0-L1R0W0-L1R0W0-L1R0W0-L1R0W0-L1R0W0,,,merged,optimized,3,3,3,369.99066899999997,370.01052766666663,369.74332799999996,370.297586,0.2267101786015952,105.21753933333333,1.7880306666666668,263.00495766666666,,,custom:libsad_search_97eec9f2a848ec.so,/home/rzzhang/sad_merged/sad/build/libsad_search_97eec9f2a848ec.so
2026-08-22T16:30:33.645700+00:00,20260822T160502,joint:rzz-hea:8:8c8a89b70c57c10d,ok,,rzz-hea,8,8,float64,42,128,2,32,2,1,0.25,rotation,rotation,3,4,compact:L3R0W0-L3R0W0-L2R0W0,compact:L2R0W0-L2R0W0-L2R0W0-L2R0W0,,,split,optimized,20,3,20,0.4520305,0.45046179999999997,0.44624600000000003,0.45466700000000004,0.003593743001384484,0.15489505,0.0151922,0.28037455,,,custom:libsad_search_7259903b8346c4.so,/home/rzzhang/sad_merged/sad/build/libsad_search_7259903b8346c4.so
2026-08-22T16:30:33.667766+00:00,20260822T160502,joint:rzz-hea:4:b32b5392de7f3aae,ok,,rzz-hea,4,8,float64,42,64,2,64,2,1,1.0,rotation,rotation,4,4,compact:L1R0W0-L1R0W0-L1R0W0-L1R0W0,compact:L1R0W0-L1R0W0-L1R0W0-L1R0W0,,,split,optimized,20,3,20,0.3206095,0.32102835,0.320274,0.322599,0.0007242307833142767,0.120057,0.0152678,0.18570354999999997,,,custom:libsad_search_7ec063ebc99501.so,/home/rzzhang/sad_merged/sad/build/libsad_search_7ec063ebc99501.so
2026-08-22T16:30:33.686151+00:00,20260822T160502,joint:rzz-hea:14:d83a5857d8440924,ok,,rzz-hea,14,8,float64,42,32,2,128,2,1,0.0,rotation,rotation,2,2,compact:L5R2W0-L5R2W0,compact:L5R2W0-L5R2W0,,,split,optimized,10,3,10,0.6189375,0.6188398,0.617419,0.619544,0.000678270565482528,0.1522529,0.0154472,0.45113970000000003,,,custom:libsad_search_0e4f539ceca897.so,/home/rzzhang/sad_merged/sad/build/libsad_search_0e4f539ceca897.so
2026-08-22T16:30:33.705172+00:00,20260822T160502,joint:rzz-hea:6:05c6b4dd4aebf1e1,ok,,rzz-hea,6,8,float64,42,32,2,32,2,1,0.0,legacy,legacy,0,0,,,,,not_applicable,legacy-generic,20,3,20,0.258,0.2580059,0.25694500000000003,0.261013,0.0008815670082302352,0.08504765,0.015281050000000001,0.1576772,,,custom:libsad_search_06042376d3c545.so,/home/rzzhang/sad_merged/sad/build/libsad_search_06042376d3c545.so
2026-08-22T16:30:33.721824+00:00,20260822T160502,joint:rzz-hea:4:f7ab87954576170d,ok,,rzz-hea,4,8,float64,42,64,2,64,2,1,0.75,rotation,rotation,3,3,compact:L2R0W0-L1R0W0-L1R0W0,compact:L2R0W0-L1R0W0-L1R0W0,,,split,optimized,20,3,20,0.28975799999999996,0.290196,0.288718,0.29383299999999996,0.0010512162479718386,0.10333215,0.015525249999999999,0.17133859999999998,,,custom:libsad_search_7ec063ebc99501.so,/home/rzzhang/sad_merged/sad/build/libsad_search_7ec063ebc99501.so
2026-08-22T16:30:33.739409+00:00,20260822T160502,joint:rzz-hea:12:43d2852413bd60b8,ok,,rzz-hea,12,8,float64,42,32,2,32,2,1,0.0,rotation,rotation,2,2,compact:L5R1W0-L5R1W0,compact:L5R1W0-L5R1W0,,,merged,optimized,10,3,10,0.424982,0.42522099999999996,0.424828,0.426216,0.00045355043820946507,0.1363638,0.015330100000000001,0.2735271,,,custom:libsad_search_f9cdaf042a7bd6.so,/home/rzzhang/sad_merged/sad/build/libsad_search_f9cdaf042a7bd6.so
2026-08-22T16:30:33.755776+00:00,20260822T160502,joint:rzz-hea:4:97e3e6f6598ad9a7,ok,,rzz-hea,4,8,float64,42,128,2,128,2,2,1.0,rotation,rotation,4,4,compact:L1R0W0-L1R0W0-L1R0W0-L1R0W0,compact:L1R0W0-L1R0W0-L1R0W0-L1R0W0,,,merged,optimized,20,3,20,0.31848350000000003,0.31877144999999996,0.317272,0.320517,0.0007547332293598823,0.10587945,0.0155992,0.19729280000000002,,,custom:libsad_search_b969ada61d8a74.so,/home/rzzhang/sad_merged/sad/build/libsad_search_b969ada61d8a74.so
2026-08-22T16:30:33.774186+00:00,20260822T160502,joint:rzz-hea:24:7b669da37976f16a,ok,,rzz-hea,24,8,float64,42,32,2,32,2,2,1.0,rotation,rotation,24,24,compact:L1R0W0-L1R0W0-L1R0W0-L1R0W0-L1R0W0-L1R0W0-L1R0W0-L1R0W0-L1R0W0-L1R0W0-L1R0W0-L1R0W0-L1R0W0-L1R0W0-L1R0W0-L1R0W0-L1R0W0-L1R0W0-L1R0W0-L1R0W0-L1R0W0-L1R0W0-L1R0W0-L1R0W0,compact:L1R0W0-L1R0W0-L1R0W0-L1R0W0-L1R0W0-L1R0W0-L1R0W0-L1R0W0-L1R0W0-L1R0W0-L1R0W0-L1R0W0-L1R0W0-L1R0W0-L1R0W0-L1R0W0-L1R0W0-L1R0W0-L1R0W0-L1R0W0-L1R0W0-L1R0W0-L1R0W0-L1R0W0,,,split,optimized,3,3,3,374.615874,374.6517933333334,374.603614,374.73589200000004,0.05967699836808111,115.01125499999999,1.7833713333333336,257.857167,,,custom:libsad_search_16d9d6cef53b3d.so,/home/rzzhang/sad_merged/sad/build/libsad_search_16d9d6cef53b3d.so
2026-08-22T16:30:36.051143+00:00,20260822T160502,joint:rzz-hea:20:4b4d378dbaff0d59,ok,,rzz-hea,20,8,float64,42,64,2,64,2,1,0.5,rotation,rotation,12,12,compact:L2R0W0-L2R0W0-L2R0W0-L2R0W0-L2R0W0-L2R0W0-L2R0W0-L2R0W0-L1R0W0-L1R0W0-L1R0W0-L1R0W0,compact:L2R0W0-L2R0W0-L2R0W0-L2R0W0-L2R0W0-L2R0W0-L2R0W0-L2R0W0-L1R0W0-L1R0W0-L1R0W0-L1R0W0,,,split,optimized,5,3,5,8.512423,8.512532199999999,8.510093999999999,8.514562999999999,0.0014655813044661035,2.4680776,0.09745960000000001,5.946995,,,custom:libsad_search_7ec063ebc99501.so,/home/rzzhang/sad_merged/sad/build/libsad_search_7ec063ebc99501.so
2026-08-22T16:30:36.131739+00:00,20260822T160502,joint:rzz-hea:16:fec28db6612300a0,ok,,rzz-hea,16,8,float64,42,64,2,64,2,2,0.25,rotation,rotation,6,6,compact:L3R0W0-L3R0W0-L3R0W0-L3R0W0-L2R0W0-L2R0W0,compact:L3R0W0-L3R0W0-L3R0W0-L3R0W0-L2R0W0-L2R0W0,,,split,optimized,5,3,5,1.175547,1.1877736,1.1683270000000001,1.216407,0.018632956282887594,0.3500152,0.015416599999999997,0.8223417999999999,,,custom:libsad_search_20c37ff249ec0a.so,/home/rzzhang/sad_merged/sad/build/libsad_search_20c37ff249ec0a.so
2026-08-22T16:30:36.152498+00:00,20260822T160502,joint:rzz-hea:24:2212081cbb425813,ok,,rzz-hea,24,8,float64,42,64,2,64,2,2,1.0,rotation,rotation,24,24,compact:L1R0W0-L1R0W0-L1R0W0-L1R0W0-L1R0W0-L1R0W0-L1R0W0-L1R0W0-L1R0W0-L1R0W0-L1R0W0-L1R0W0-L1R0W0-L1R0W0-L1R0W0-L1R0W0-L1R0W0-L1R0W0-L1R0W0-L1R0W0-L1R0W0-L1R0W0-L1R0W0-L1R0W0,compact:L1R0W0-L1R0W0-L1R0W0-L1R0W0-L1R0W0-L1R0W0-L1R0W0-L1R0W0-L1R0W0-L1R0W0-L1R0W0-L1R0W0-L1R0W0-L1R0W0-L1R0W0-L1R0W0-L1R0W0-L1R0W0-L1R0W0-L1R0W0-L1R0W0-L1R0W0-L1R0W0-L1R0W0,,,split,optimized,3,3,3,375.702618,375.744741,375.674246,375.857359,0.08047091830385876,115.541993,1.779861333333333,258.42288666666667,,,custom:libsad_search_20c37ff249ec0a.so,/home/rzzhang/sad_merged/sad/build/libsad_search_20c37ff249ec0a.so
2026-08-22T16:30:38.435557+00:00,20260822T160502,joint:rzz-hea:14:b7aa97d56db8d2b9,ok,,rzz-hea,14,8,float64,42,64,2,64,2,1,0.0,legacy,legacy,0,0,,,,,not_applicable,legacy-generic,10,3,10,0.5579864999999999,0.5576162,0.5559459999999999,0.5582360000000001,0.0006899515635173454,0.1816413,0.015339,0.36063589999999995,,,custom:libsad_search_5a6ce94d125b8e.so,/home/rzzhang/sad_merged/sad/build/libsad_search_5a6ce94d125b8e.so
2026-08-22T16:30:38.454527+00:00,20260822T160502,joint:rzz-hea:12:7c76a1f7ceea6d36,ok,,rzz-hea,12,8,float64,42,32,2,128,2,2,0.75,rotation,rotation,10,10,compact:L2R0W0-L2R0W0-L1R0W0-L1R0W0-L1R0W0-L1R0W0-L1R0W0-L1R0W0-L1R0W0-L1R0W0,compact:L2R0W0-L2R0W0-L1R0W0-L1R0W0-L1R0W0-L1R0W0-L1R0W0-L1R0W0-L1R0W0-L1R0W0,,,merged,optimized,10,3,10,0.980928,0.9808341,0.977844,0.9820110000000001,0.001262873821884035,0.3434185,0.0154297,0.6219858999999999,,,custom:libsad_search_fce412939d20fb.so,/home/rzzhang/sad_merged/sad/build/libsad_search_fce412939d20fb.so
2026-08-22T16:30:38.478737+00:00,20260822T160502,joint:rzz-hea:4:cfd001c0c3ade7c8,ok,,rzz-hea,4,8,float64,42,128,2,32,2,2,0.75,rotation,rotation,3,3,compact:L2R0W0-L1R0W0-L1R0W0,compact:L2R0W0-L1R0W0-L1R0W0,,,merged,optimized,20,3,20,0.23856850000000002,0.23880805,0.23849599999999999,0.23963099999999998,0.0004468421952994086,0.0818801,0.015357200000000003,0.14157075,,,custom:libsad_search_d014591f51543a.so,/home/rzzhang/sad_merged/sad/build/libsad_search_d014591f51543a.so
2026-08-22T16:30:38.495134+00:00,20260822T160502,joint:rzz-hea:6:15c08e33ee50c3c9,ok,,rzz-hea,6,8,float64,42,32,2,128,2,1,0.5,rotation,rotation,4,4,compact:L2R0W0-L2R0W0-L1R0W0-L1R0W0,compact:L2R0W0-L2R0W0-L1R0W0-L1R0W0,,,split,optimized,20,3,20,0.40802499999999997,0.41016845,0.4074360000000001,0.415782,0.003348607329547608,0.132227,0.01532185,0.2626196,,,custom:libsad_search_0e4f539ceca897.so,/home/rzzhang/sad_merged/sad/build/libsad_search_0e4f539ceca897.so
2026-08-22T16:30:38.515696+00:00,20260822T160502,joint:rzz-hea:16:4b97692ada661d0a,ok,,rzz-hea,16,8,float64,42,32,2,128,2,2,0.25,rotation,rotation,6,6,compact:L3R0W0-L3R0W0-L3R0W0-L3R0W0-L2R0W0-L2R0W0,compact:L3R0W0-L3R0W0-L3R0W0-L3R0W0-L2R0W0-L2R0W0,,,split,optimized,5,3,5,1.198003,1.1984190000000001,1.1979250000000001,1.200134,0.0008584532602302601,0.3370324,0.0152504,0.8461362,,,custom:libsad_search_2a0e4369743c84.so,/home/rzzhang/sad_merged/sad/build/libsad_search_2a0e4369743c84.so
2026-08-22T16:30:38.536455+00:00,20260822T160502,joint:rzz-hea:24:e56015c44c0a55a1,ok,,rzz-hea,24,8,float64,42,64,2,64,2,1,0.5,rotation,rotation,14,14,compact:L2R0W0-L2R0W0-L2R0W0-L2R0W0-L2R0W0-L2R0W0-L2R0W0-L2R0W0-L2R0W0-L2R0W0-L1R0W0-L1R0W0-L1R0W0-L1R0W0,compact:L2R0W0-L2R0W0-L2R0W0-L2R0W0-L2R0W0-L2R0W0-L2R0W0-L2R0W0-L2R0W0-L2R0W0-L1R0W0-L1R0W0-L1R0W0-L1R0W0,,,merged,optimized,3,3,3,233.97696499999998,233.94946466666667,233.88709400000002,233.98433500000002,0.044205235514450936,63.64215066666666,1.7732906666666666,168.53402333333335,,,custom:libsad_search_7e5293342e215a.so,/home/rzzhang/sad_merged/sad/build/libsad_search_7e5293342e215a.so
2026-08-22T16:30:39.969888+00:00,20260822T160502,joint:rzz-hea:26:442e7c700a1ae94d,ok,,rzz-hea,26,8,float64,42,128,2,32,2,1,0.25,rotation,rotation,9,10,compact:L3R0W0-L3R0W0-L3R0W0-L3R0W0-L3R0W0-L3R0W0-L3R0W0-L3R0W0-L2R0W0,compact:L3R0W0-L3R0W0-L3R0W0-L3R0W0-L3R0W0-L3R0W0-L2R0W0-L2R0W0-L2R0W0-L2R0W0,,,split,optimized,2,3,2,731.7190645,731.7190645,731.594344,731.8437849999999,0.1247204999999667,214.997254,10.404639,506.3171715,,,custom:libsad_search_7259903b8346c4.so,/home/rzzhang/sad_merged/sad/build/libsad_search_7259903b8346c4.so
2026-08-22T16:30:43.657116+00:00,20260822T160502,joint:rzz-hea:26:b97f5495582d4c19,ok,,rzz-hea,26,8,float64,42,32,2,32,2,1,0.25,rotation,rotation,10,10,compact:L3R0W0-L3R0W0-L3R0W0-L3R0W0-L3R0W0-L3R0W0-L2R0W0-L2R0W0-L2R0W0-L2R0W0,compact:L3R0W0-L3R0W0-L3R0W0-L3R0W0-L3R0W0-L3R0W0-L2R0W0-L2R0W0-L2R0W0-L2R0W0,,,split,optimized,2,3,2,747.9329845,747.9329845,747.92977,747.936199,0.0032145000000127766,230.81575399999997,10.494145999999999,506.62308449999995,,,custom:libsad_search_3cb67c7e18cc99.so,/home/rzzhang/sad_merged/sad/build/libsad_search_3cb67c7e18cc99.so
2026-08-22T16:30:47.439117+00:00,20260822T160502,joint:rzz-hea:18:7e861190d2ec318e,ok,,rzz-hea,18,8,float64,42,32,2,32,2,1,0.0,legacy,legacy,0,0,,,,,not_applicable,legacy-generic,5,3,5,2.320277,2.3190739999999996,2.313135,2.324067,0.004221350873831784,0.669501,0.0319452,1.6176277999999997,,,custom:libsad_search_06042376d3c545.so,/home/rzzhang/sad_merged/sad/build/libsad_search_06042376d3c545.so
2026-08-22T16:30:47.485809+00:00,20260822T160502,joint:rzz-hea:14:c62dc2162ab61abd,ok,,rzz-hea,14,8,float64,42,32,2,128,2,2,1.0,rotation,rotation,14,14,compact:L1R0W0-L1R0W0-L1R0W0-L1R0W0-L1R0W0-L1R0W0-L1R0W0-L1R0W0-L1R0W0-L1R0W0-L1R0W0-L1R0W0-L1R0W0-L1R0W0,compact:L1R0W0-L1R0W0-L1R0W0-L1R0W0-L1R0W0-L1R0W0-L1R0W0-L1R0W0-L1R0W0-L1R0W0-L1R0W0-L1R0W0-L1R0W0-L1R0W0,,,split,optimized,10,3,10,1.4181795,1.4184808,1.4171259999999999,1.419345,0.0006918759715440422,0.5032102999999999,0.015375200000000002,0.8998953000000001,,,custom:libsad_search_2a0e4369743c84.so,/home/rzzhang/sad_merged/sad/build/libsad_search_2a0e4369743c84.so
2026-08-22T16:30:47.515945+00:00,20260822T160502,joint:rzz-hea:22:08800f8e603ac6dd,ok,,rzz-hea,22,8,float64,42,64,2,64,2,1,0.75,rotation,rotation,17,17,compact:L2R0W0-L2R0W0-L2R0W0-L2R0W0-L2R0W0-L1R0W0-L1R0W0-L1R0W0-L1R0W0-L1R0W0-L1R0W0-L1R0W0-L1R0W0-L1R0W0-L1R0W0-L1R0W0-L1R0W0,compact:L2R0W0-L2R0W0-L2R0W0-L2R0W0-L2R0W0-L1R0W0-L1R0W0-L1R0W0-L1R0W0-L1R0W0-L1R0W0-L1R0W0-L1R0W0-L1R0W0-L1R0W0-L1R0W0-L1R0W0,,,split,optimized,3,3,3,60.517504,60.56641199999999,60.490584,60.691148,0.08888372131423465,11.779542999999999,0.40500299999999995,48.381865999999995,,,custom:libsad_search_7ec063ebc99501.so,/home/rzzhang/sad_merged/sad/build/libsad_search_7ec063ebc99501.so
2026-08-22T16:30:47.905291+00:00,20260822T160502,joint:rzz-hea:22:b1604c51a7727f3a,ok,,rzz-hea,22,8,float64,42,128,2,128,2,1,1.0,rotation,rotation,22,22,compact:L1R0W0-L1R0W0-L1R0W0-L1R0W0-L1R0W0-L1R0W0-L1R0W0-L1R0W0-L1R0W0-L1R0W0-L1R0W0-L1R0W0-L1R0W0-L1R0W0-L1R0W0-L1R0W0-L1R0W0-L1R0W0-L1R0W0-L1R0W0-L1R0W0-L1R0W0,compact:L1R0W0-L1R0W0-L1R0W0-L1R0W0-L1R0W0-L1R0W0-L1R0W0-L1R0W0-L1R0W0-L1R0W0-L1R0W0-L1R0W0-L1R0W0-L1R0W0-L1R0W0-L1R0W0-L1R0W0-L1R0W0-L1R0W0-L1R0W0-L1R0W0-L1R0W0,,,merged,optimized,3,3,3,74.83476,74.857332,74.818399,74.918837,0.044000525368073605,13.283946333333333,0.4069873333333333,61.16639833333333,,,custom:libsad_search_8fbfac92ec4bef.so,/home/rzzhang/sad_merged/sad/build/libsad_search_8fbfac92ec4bef.so
2026-08-22T16:30:48.381478+00:00,20260822T160502,joint:rzz-hea:28:9ea9fc7843472586,ok,,rzz-hea,28,8,float64,42,128,2,32,2,1,0.0,rotation,rotation,4,4,compact:L5R2W0-L5R2W0-L5R2W0-L5R2W0,compact:L5R2W0-L5R2W0-L5R2W0-L5R2W0,,,merged,optimized,2,3,2,2454.322471,2454.322471,2453.70198,2454.942962,0.6204910000001291,513.899072,81.40955350000002,1859.0138455000001,,,custom:libsad_search_5851e15f736f52.so,/home/rzzhang/sad_merged/sad/build/libsad_search_5851e15f736f52.so
2026-08-22T16:31:00.692763+00:00,20260822T160502,joint:rzz-hea:8:d9c1168e73d35ba2,ok,,rzz-hea,8,8,float64,42,128,2,32,2,1,0.5,rotation,rotation,4,5,compact:L2R0W0-L2R0W0-L2R0W0-L2R0W0,compact:L2R0W0-L2R0W0-L2R0W0-L1R0W0-L1R0W0,,,split,optimized,20,3,20,0.5011615,0.5012071,0.500573,0.502037,0.0005432927295666625,0.17798989999999998,0.015420199999999998,0.307797,,,custom:libsad_search_7259903b8346c4.so,/home/rzzhang/sad_merged/sad/build/libsad_search_7259903b8346c4.so
2026-08-22T16:31:00.721375+00:00,20260822T160502,joint:rzz-hea:4:22098cd2ea54264c,ok,,rzz-hea,4,8,float64,42,128,2,128,2,2,0.75,rotation,rotation,3,3,compact:L2R0W0-L1R0W0-L1R0W0,compact:L2R0W0-L1R0W0-L1R0W0,,,split,optimized,20,3,20,0.3235365,0.32289065,0.31715,0.324849,0.0019555186594609644,0.11031394999999998,0.01556015,0.19701654999999998,,,custom:libsad_search_d02bea87aa5c56.so,/home/rzzhang/sad_merged/sad/build/libsad_search_d02bea87aa5c56.so
2026-08-22T16:31:00.745416+00:00,20260822T160502,joint:rzz-hea:4:f26ab9cddf4f9435,ok,,rzz-hea,4,8,float64,42,128,2,128,2,2,0.25,rotation,rotation,2,2,compact:L2R0W0-L2R0W0,compact:L2R0W0-L2R0W0,,,merged,optimized,20,3,20,0.2323355,0.2318959,0.23035699999999998,0.233598,0.0008466211017922986,0.06496945,0.015534150000000002,0.1513923,,,custom:libsad_search_b969ada61d8a74.so,/home/rzzhang/sad_merged/sad/build/libsad_search_b969ada61d8a74.so
2026-08-22T16:31:00.768737+00:00,20260822T160502,joint:rzz-hea:8:9cbde9a8f6b57286,ok,,rzz-hea,8,8,float64,42,32,2,128,2,2,0.5,rotation,rotation,5,4,compact:L2R0W0-L2R0W0-L2R0W0-L1R0W0-L1R0W0,compact:L2R0W0-L2R0W0-L2R0W0-L2R0W0,,,merged,optimized,20,3,20,0.4797295,0.47964840000000003,0.478127,0.481283,0.0008830623647285685,0.16865915,0.015481699999999998,0.29550755,,,custom:libsad_search_fce412939d20fb.so,/home/rzzhang/sad_merged/sad/build/libsad_search_fce412939d20fb.so
2026-08-22T16:31:00.797097+00:00,20260822T160502,joint:rzz-hea:28:90a2266822a4415d,ok,,rzz-hea,28,8,float64,42,128,2,128,2,2,0.5,rotation,rotation,16,16,compact:L2R0W0-L2R0W0-L2R0W0-L2R0W0-L2R0W0-L2R0W0-L2R0W0-L2R0W0-L2R0W0-L2R0W0-L2R0W0-L2R0W0-L1R0W0-L1R0W0-L1R0W0-L1R0W0,compact:L2R0W0-L2R0W0-L2R0W0-L2R0W0-L2R0W0-L2R0W0-L2R0W0-L2R0W0-L2R0W0-L2R0W0-L2R0W0-L2R0W0-L1R0W0-L1R0W0-L1R0W0-L1R0W0,,,split,optimized,2,3,2,4352.1559845,4352.1559845,4351.176991,4353.134978,0.9789934999998877,1326.7317859999998,79.98472100000001,2945.4394775,,,custom:libsad_search_d02bea87aa5c56.so,/home/rzzhang/sad_merged/sad/build/libsad_search_d02bea87aa5c56.so
2026-08-22T16:31:22.680945+00:00,20260822T160502,joint:rzz-hea:26:2ff9e08b21caddec,ok,,rzz-hea,26,8,float64,42,32,2,32,2,1,0.75,rotation,rotation,20,20,compact:L2R0W0-L2R0W0-L2R0W0-L2R0W0-L2R0W0-L2R0W0-L1R0W0-L1R0W0-L1R0W0-L1R0W0-L1R0W0-L1R0W0-L1R0W0-L1R0W0-L1R0W0-L1R0W0-L1R0W0-L1R0W0-L1R0W0-L1R0W0,compact:L2R0W0-L2R0W0-L2R0W0-L2R0W0-L2R0W0-L2R0W0-L1R0W0-L1R0W0-L1R0W0-L1R0W0-L1R0W0-L1R0W0-L1R0W0-L1R0W0-L1R0W0-L1R0W0-L1R0W0-L1R0W0-L1R0W0-L1R0W0,,,merged,optimized,2,3,2,1272.3689725,1272.3689725,1272.339753,1272.3981919999999,0.02921949999995377,354.335507,10.439034999999999,907.5944305,,,custom:libsad_search_f9cdaf042a7bd6.so,/home/rzzhang/sad_merged/sad/build/libsad_search_f9cdaf042a7bd6.so
2026-08-22T16:31:29.100168+00:00,20260822T160502,joint:rzz-hea:8:c52026e00991413f,ok,,rzz-hea,8,8,float64,42,128,2,32,2,2,1.0,rotation,rotation,8,8,compact:L1R0W0-L1R0W0-L1R0W0-L1R0W0-L1R0W0-L1R0W0-L1R0W0-L1R0W0,compact:L1R0W0-L1R0W0-L1R0W0-L1R0W0-L1R0W0-L1R0W0-L1R0W0-L1R0W0,,,split,optimized,20,3,20,0.6657219999999999,0.66627635,0.663497,0.672699,0.0021204137161176945,0.2737632,0.015531050000000001,0.37698210000000004,,,custom:libsad_search_3b115211f38255.so,/home/rzzhang/sad_merged/sad/build/libsad_search_3b115211f38255.so
2026-08-22T16:31:29.133128+00:00,20260822T160502,joint:rzz-hea:22:c19ead01515f2cec,ok,,rzz-hea,22,8,float64,42,32,2,32,2,1,0.75,rotation,rotation,18,18,compact:L2R0W0-L2R0W0-L2R0W0-L2R0W0-L1R0W0-L1R0W0-L1R0W0-L1R0W0-L1R0W0-L1R0W0-L1R0W0-L1R0W0-L1R0W0-L1R0W0-L1R0W0-L1R0W0-L1R0W0-L1R0W0,compact:L2R0W0-L2R0W0-L2R0W0-L2R0W0-L1R0W0-L1R0W0-L1R0W0-L1R0W0-L1R0W0-L1R0W0-L1R0W0-L1R0W0-L1R0W0-L1R0W0-L1R0W0-L1R0W0-L1R0W0-L1R0W0,,,merged,optimized,3,3,3,62.87372699999999,62.87297133333333,62.868390999999995,62.876796,0.0034726819926718046,11.048754666666667,0.40109866666666666,51.423117999999995,,,custom:libsad_search_f9cdaf042a7bd6.so,/home/rzzhang/sad_merged/sad/build/libsad_search_f9cdaf042a7bd6.so
2026-08-22T16:31:29.543740+00:00,20260822T160502,joint:rzz-hea:10:a9a616f5cdf6d9f8,ok,,rzz-hea,10,8,float64,42,128,2,128,2,2,0.75,rotation,rotation,8,8,compact:L2R0W0-L2R0W0-L1R0W0-L1R0W0-L1R0W0-L1R0W0-L1R0W0-L1R0W0,compact:L2R0W0-L2R0W0-L1R0W0-L1R0W0-L1R0W0-L1R0W0-L1R0W0-L1R0W0,,,merged,optimized,10,3,10,0.8160655,0.8157635000000001,0.809945,0.818167,0.0020503262301399664,0.3151221,0.0154286,0.4852128,,,custom:libsad_search_b969ada61d8a74.so,/home/rzzhang/sad_merged/sad/build/libsad_search_b969ada61d8a74.so
2026-08-22T16:31:29.565340+00:00,20260822T160502,joint:rzz-hea:8:a8f36e35d7b07c9f,ok,,rzz-hea,8,8,float64,42,64,2,64,2,2,0.0,rotation,rotation,1,1,compact:L5R2W1,compact:L5R2W1,,,merged,optimized,20,3,20,0.278463,0.2776186,0.27046,0.279474,0.002306037952853333,0.08636705,0.01519245,0.1760591,,,custom:libsad_search_97eec9f2a848ec.so,/home/rzzhang/sad_merged/sad/build/libsad_search_97eec9f2a848ec.so
2026-08-22T16:31:29.582631+00:00,20260822T160502,joint:rzz-hea:8:bf1a352336e975c4,ok,,rzz-hea,8,8,float64,42,128,2,32,2,1,0.75,rotation,rotation,6,6,compact:L2R0W0-L2R0W0-L1R0W0-L1R0W0-L1R0W0-L1R0W0,compact:L2R0W0-L2R0W0-L1R0W0-L1R0W0-L1R0W0-L1R0W0,,,split,optimized,20,3,20,0.5703005,0.5700549500000001,0.5670780000000001,0.5715150000000001,0.000991166256235558,0.2239876,0.015571450000000002,0.3304959,,,custom:libsad_search_7259903b8346c4.so,/home/rzzhang/sad_merged/sad/build/libsad_search_7259903b8346c4.so
2026-08-22T16:31:29.606751+00:00,20260822T160502,joint:rzz-hea:24:2ca5f49fe2917615,ok,,rzz-hea,24,8,float64,42,128,2,32,2,1,1.0,rotation,rotation,24,24,compact:L1R0W0-L1R0W0-L1R0W0-L1R0W0-L1R0W0-L1R0W0-L1R0W0-L1R0W0-L1R0W0-L1R0W0-L1R0W0-L1R0W0-L1R0W0-L1R0W0-L1R0W0-L1R0W0-L1R0W0-L1R0W0-L1R0W0-L1R0W0-L1R0W0-L1R0W0-L1R0W0-L1R0W0,compact:L1R0W0-L1R0W0-L1R0W0-L1R0W0-L1R0W0-L1R0W0-L1R0W0-L1R0W0-L1R0W0-L1R0W0-L1R0W0-L1R0W0-L1R0W0-L1R0W0-L1R0W0-L1R0W0-L1R0W0-L1R0W0-L1R0W0-L1R0W0-L1R0W0-L1R0W0-L1R0W0-L1R0W0,,,merged,optimized,3,3,3,369.566101,369.4687686666666,369.24989,369.590315,0.1550859600142925,105.13626766666665,1.7753373333333333,262.55716366666667,,,custom:libsad_search_5851e15f736f52.so,/home/rzzhang/sad_merged/sad/build/libsad_search_5851e15f736f52.so
2026-08-22T16:31:31.851859+00:00,20260822T160502,joint:rzz-hea:24:77b09dcf71a11899,ok,,rzz-hea,24,8,float64,42,128,2,128,2,1,0.0,rotation,rotation,3,3,compact:L5R2W1-L5R2W1-L5R2W1,compact:L5R2W1-L5R2W1-L5R2W1,,,split,optimized,3,3,3,142.287846,142.25158199999998,142.15464699999998,142.312253,0.0692638485840034,36.64007933333333,1.7654583333333334,103.84604433333334,,,custom:libsad_search_9361435758c99d.so,/home/rzzhang/sad_merged/sad/build/libsad_search_9361435758c99d.so
2026-08-22T16:31:32.731773+00:00,20260822T160502,joint:rzz-hea:8:8eab1014bcdd3150,ok,,rzz-hea,8,8,float64,42,32,2,128,2,2,1.0,rotation,rotation,8,8,compact:L1R0W0-L1R0W0-L1R0W0-L1R0W0-L1R0W0-L1R0W0-L1R0W0-L1R0W0,compact:L1R0W0-L1R0W0-L1R0W0-L1R0W0-L1R0W0-L1R0W0-L1R0W0-L1R0W0,,,split,optimized,20,3,20,0.7106144999999999,0.7124495,0.708581,0.717825,0.0035087824312715764,0.2507782,0.015355450000000001,0.44631585,,,custom:libsad_search_2a0e4369743c84.so,/home/rzzhang/sad_merged/sad/build/libsad_search_2a0e4369743c84.so
2026-08-22T16:31:32.759522+00:00,20260822T160502,joint:rzz-hea:18:51ee9790d095f9f3,ok,,rzz-hea,18,8,float64,42,32,2,32,2,2,0.5,rotation,rotation,10,10,compact:L2R0W0-L2R0W0-L2R0W0-L2R0W0-L2R0W0-L2R0W0-L2R0W0-L2R0W0-L1R0W0-L1R0W0,compact:L2R0W0-L2R0W0-L2R0W0-L2R0W0-L2R0W0-L2R0W0-L2R0W0-L2R0W0-L1R0W0-L1R0W0,,,merged,optimized,5,3,5,2.9036950000000004,2.9035626,2.902196,2.904954,0.0009435832978598881,0.7746352,0.0317726,2.0971547999999998,,,custom:libsad_search_dcff342f285260.so,/home/rzzhang/sad_merged/sad/build/libsad_search_dcff342f285260.so
2026-08-22T16:31:32.794545+00:00,20260822T160502,joint:rzz-hea:14:de75add1ffed9f42,ok,,rzz-hea,14,8,float64,42,32,2,128,2,2,0.25,rotation,rotation,5,5,compact:L3R0W0-L3R0W0-L3R0W0-L3R0W0-L2R0W0,compact:L3R0W0-L3R0W0-L3R0W0-L3R0W0-L2R0W0,,,merged,optimized,10,3,10,0.7776775,0.7796206,0.7771499999999999,0.7863150000000001,0.00338651163293444,0.2306526,0.0152609,0.5337071,,,custom:libsad_search_fce412939d20fb.so,/home/rzzhang/sad_merged/sad/build/libsad_search_fce412939d20fb.so
2026-08-22T16:31:32.815665+00:00,20260822T160502,joint:rzz-hea:8:404ce1daca00779c,ok,,rzz-hea,8,8,float64,42,32,2,32,2,2,0.5,rotation,rotation,5,5,compact:L2R0W0-L2R0W0-L2R0W0-L1R0W0-L1R0W0,compact:L2R0W0-L2R0W0-L2R0W0-L1R0W0-L1R0W0,,,split,optimized,20,3,20,0.506823,0.50667745,0.504837,0.5079159999999999,0.0008097428897495865,0.1836828,0.015378249999999998,0.3076164,,,custom:libsad_search_16d9d6cef53b3d.so,/home/rzzhang/sad_merged/sad/build/libsad_search_16d9d6cef53b3d.so
2026-08-22T16:31:32.838994+00:00,20260822T160502,joint:rzz-hea:20:5caf1307871bb4e5,ok,,rzz-hea,20,8,float64,42,32,2,32,2,1,0.5,rotation,rotation,12,12,compact:L2R0W0-L2R0W0-L2R0W0-L2R0W0-L2R0W0-L2R0W0-L2R0W0-L2R0W0-L1R0W0-L1R0W0-L1R0W0-L1R0W0,compact:L2R0W0-L2R0W0-L2R0W0-L2R0W0-L2R0W0-L2R0W0-L2R0W0-L2R0W0-L1R0W0-L1R0W0-L1R0W0-L1R0W0,,,split,optimized,5,3,5,8.676244,8.6747382,8.668063,8.680237,0.004540325864957134,2.6624651999999998,0.0974698,5.914803200000001,,,custom:libsad_search_3cb67c7e18cc99.so,/home/rzzhang/sad_merged/sad/build/libsad_search_3cb67c7e18cc99.so
2026-08-22T16:31:32.920913+00:00,20260822T160502,joint:rzz-hea:22:740c1995c8384053,ok,,rzz-hea,22,8,float64,42,128,2,32,2,2,0.0,rotation,rotation,3,4,compact:L5R2W1-L5R2W0-L5R2W0,compact:L5R1W0-L5R1W0-L5R0W0-L5R0W0,,,merged,optimized,3,3,3,33.917336999999996,33.88497233333333,33.816478,33.921102000000005,0.048457191281471156,7.111423666666668,0.4260173333333333,26.34753133333333,,,custom:libsad_search_d014591f51543a.so,/home/rzzhang/sad_merged/sad/build/libsad_search_d014591f51543a.so
2026-08-22T16:31:33.149642+00:00,20260822T160502,joint:rzz-hea:6:7057681bffad0ed2,ok,,rzz-hea,6,8,float64,42,32,2,32,2,1,1.0,rotation,rotation,6,6,compact:L1R0W0-L1R0W0-L1R0W0-L1R0W0-L1R0W0-L1R0W0,compact:L1R0W0-L1R0W0-L1R0W0-L1R0W0-L1R0W0-L1R0W0,,,split,optimized,20,3,20,0.466912,0.46699335,0.461779,0.470021,0.0014526276974848068,0.1760523,0.01526925,0.2756718,,,custom:libsad_search_3cb67c7e18cc99.so,/home/rzzhang/sad_merged/sad/build/libsad_search_3cb67c7e18cc99.so
2026-08-22T16:31:33.171913+00:00,20260822T160502,joint:rzz-hea:22:ff16c5786a8987e4,ok,,rzz-hea,22,8,float64,42,128,2,128,2,1,0.0,legacy,legacy,0,0,,,,,not_applicable,legacy-generic,3,3,3,34.74473999999999,34.710332333333334,34.523647,34.862610000000004,0.14050360490353794,8.958863,0.4256586666666667,25.325810666666666,,,custom:libsad_search_78e231cd0d5107.so,/home/rzzhang/sad_merged/sad/build/libsad_search_78e231cd0d5107.so
2026-08-22T16:31:33.404102+00:00,20260822T160502,joint:rzz-hea:20:7a1413a022b6ae15,ok,,rzz-hea,20,8,float64,42,128,2,32,2,2,0.0,rotation,rotation,3,3,compact:L5R2W0-L5R2W0-L5R1W0,compact:L5R2W0-L5R2W0-L5R1W0,,,merged,optimized,5,3,5,8.249102999999998,8.248782799999999,8.248211,8.249205,0.0004464080644432733,1.8090556000000002,0.10523600000000001,6.3344912,,,custom:libsad_search_d014591f51543a.so,/home/rzzhang/sad_merged/sad/build/libsad_search_d014591f51543a.so
2026-08-22T16:31:33.482858+00:00,20260822T160502,joint:rzz-hea:14:c627bde1744f57ca,ok,,rzz-hea,14,8,float64,42,128,2,32,2,2,0.5,rotation,rotation,8,8,compact:L2R0W0-L2R0W0-L2R0W0-L2R0W0-L2R0W0-L2R0W0-L1R0W0-L1R0W0,compact:L2R0W0-L2R0W0-L2R0W0-L2R0W0-L2R0W0-L2R0W0-L1R0W0-L1R0W0,,,merged,optimized,10,3,10,0.9476164999999999,0.9503245999999999,0.946251,0.955376,0.0039215743828212865,0.4042973999999999,0.0154768,0.5305504,,,custom:libsad_search_d014591f51543a.so,/home/rzzhang/sad_merged/sad/build/libsad_search_d014591f51543a.so
2026-08-22T16:31:33.506286+00:00,20260822T160502,joint:rzz-hea:28:20f38e1e80d0632a,ok,,rzz-hea,28,8,float64,42,64,2,64,2,1,0.75,rotation,rotation,22,22,compact:L2R0W0-L2R0W0-L2R0W0-L2R0W0-L2R0W0-L2R0W0-L1R0W0-L1R0W0-L1R0W0-L1R0W0-L1R0W0-L1R0W0-L1R0W0-L1R0W0-L1R0W0-L1R0W0-L1R0W0-L1R0W0-L1R0W0-L1R0W0-L1R0W0-L1R0W0,compact:L2R0W0-L2R0W0-L2R0W0-L2R0W0-L2R0W0-L2R0W0-L1R0W0-L1R0W0-L1R0W0-L1R0W0-L1R0W0-L1R0W0-L1R0W0-L1R0W0-L1R0W0-L1R0W0-L1R0W0-L1R0W0-L1R0W0-L1R0W0-L1R0W0-L1R0W0,,,split,optimized,2,3,2,5644.287043,5644.287043,5643.762669,5644.811417,0.5243740000000798,1717.8803669999998,80.931317,3845.475359,,,custom:libsad_search_7ec063ebc99501.so,/home/rzzhang/sad_merged/sad/build/libsad_search_7ec063ebc99501.so
2026-08-22T16:32:01.763523+00:00,20260822T160502,joint:rzz-hea:26:d8d27804b1d7c594,ok,,rzz-hea,26,8,float64,42,64,2,64,2,2,1.0,rotation,rotation,26,26,compact:L1R0W0-L1R0W0-L1R0W0-L1R0W0-L1R0W0-L1R0W0-L1R0W0-L1R0W0-L1R0W0-L1R0W0-L1R0W0-L1R0W0-L1R0W0-L1R0W0-L1R0W0-L1R0W0-L1R0W0-L1R0W0-L1R0W0-L1R0W0-L1R0W0-L1R0W0-L1R0W0-L1R0W0-L1R0W0-L1R0W0,compact:L1R0W0-L1R0W0-L1R0W0-L1R0W0-L1R0W0-L1R0W0-L1R0W0-L1R0W0-L1R0W0-L1R0W0-L1R0W0-L1R0W0-L1R0W0-L1R0W0-L1R0W0-L1R0W0-L1R0W0-L1R0W0-L1R0W0-L1R0W0-L1R0W0-L1R0W0-L1R0W0-L1R0W0-L1R0W0-L1R0W0,,,merged,optimized,2,3,2,1600.3458194999998,1600.3458194999998,1600.2450939999999,1600.446545,0.10072550000006686,454.08934550000004,10.2555815,1136.0008925,,,custom:libsad_search_97eec9f2a848ec.so,/home/rzzhang/sad_merged/sad/build/libsad_search_97eec9f2a848ec.so
2026-08-22T16:32:09.829644+00:00,20260822T160502,joint:rzz-hea:14:5fe143b3f040f52b,ok,,rzz-hea,14,8,float64,42,64,2,64,2,1,0.25,rotation,rotation,5,5,compact:L3R0W0-L3R0W0-L3R0W0-L3R0W0-L2R0W0,compact:L3R0W0-L3R0W0-L3R0W0-L3R0W0-L2R0W0,,,split,optimized,10,3,10,0.74029,0.7405066,0.739294,0.7434270000000001,0.0011154683500664792,0.25447830000000005,0.015341399999999998,0.47068689999999996,,,custom:libsad_search_7ec063ebc99501.so,/home/rzzhang/sad_merged/sad/build/libsad_search_7ec063ebc99501.so
2026-08-22T16:32:09.868220+00:00,20260822T160502,joint:rzz-hea:8:d70f0f101d8f3791,ok,,rzz-hea,8,8,float64,42,32,2,128,2,2,0.25,rotation,rotation,4,3,compact:L2R0W0-L2R0W0-L2R0W0-L2R0W0,compact:L3R0W0-L3R0W0-L2R0W0,,,split,optimized,20,3,20,0.4878955,0.490494,0.486334,0.49755799999999994,0.004452219132073351,0.16167735,0.0154192,0.31339745,,,custom:libsad_search_2a0e4369743c84.so,/home/rzzhang/sad_merged/sad/build/libsad_search_2a0e4369743c84.so
2026-08-22T16:32:09.896502+00:00,20260822T160502,joint:rzz-hea:12:de003379b13a5a70,ok,,rzz-hea,12,8,float64,42,128,2,128,2,1,0.25,rotation,rotation,4,4,compact:L3R0W0-L3R0W0-L3R0W0-L3R0W0,compact:L3R0W0-L3R0W0-L3R0W0-L3R0W0,,,merged,optimized,10,3,10,0.671717,0.671699,0.6714530000000001,0.671934,0.00011312294197022505,0.2305186,0.0151848,0.4259956,,,custom:libsad_search_8fbfac92ec4bef.so,/home/rzzhang/sad_merged/sad/build/libsad_search_8fbfac92ec4bef.so
2026-08-22T16:32:09.921367+00:00,20260822T160502,joint:rzz-hea:18:0437e6ffc82a5b7f,ok,,rzz-hea,18,8,float64,42,128,2,128,2,1,0.25,rotation,rotation,6,6,compact:L3R0W0-L3R0W0-L3R0W0-L3R0W0-L3R0W0-L3R0W0,compact:L3R0W0-L3R0W0-L3R0W0-L3R0W0-L3R0W0-L3R0W0,,,split,optimized,5,3,5,2.680762,2.6836316,2.677698,2.694012,0.006403935964701634,0.775043,0.035280200000000005,1.8733084000000002,,,custom:libsad_search_9361435758c99d.so,/home/rzzhang/sad_merged/sad/build/libsad_search_9361435758c99d.so
2026-08-22T16:32:09.958037+00:00,20260822T160502,joint:rzz-hea:20:b19d3214314ab60e,ok,,rzz-hea,20,8,float64,42,128,2,128,2,1,0.0,legacy,legacy,0,0,,,,,not_applicable,legacy-generic,5,3,5,8.342303,8.339080599999999,8.331123,8.344394,0.0053695485322323815,2.298735,0.10558640000000001,5.934759199999999,,,custom:libsad_search_78e231cd0d5107.so,/home/rzzhang/sad_merged/sad/build/libsad_search_78e231cd0d5107.so
2026-08-22T16:32:10.047395+00:00,20260822T160502,joint:rzz-hea:24:c9593e7a9f20aabf,ok,,rzz-hea,24,8,float64,42,32,2,128,2,1,0.5,rotation,rotation,14,14,compact:L2R0W0-L2R0W0-L2R0W0-L2R0W0-L2R0W0-L2R0W0-L2R0W0-L2R0W0-L2R0W0-L2R0W0-L1R0W0-L1R0W0-L1R0W0-L1R0W0,compact:L2R0W0-L2R0W0-L2R0W0-L2R0W0-L2R0W0-L2R0W0-L2R0W0-L2R0W0-L2R0W0-L2R0W0-L1R0W0-L1R0W0-L1R0W0-L1R0W0,,,split,optimized,3,3,3,239.562725,239.56167033333335,239.53594699999996,239.586339,0.02058596054490337,73.67784533333334,1.7765736666666665,164.10725133333335,,,custom:libsad_search_0e4f539ceca897.so,/home/rzzhang/sad_merged/sad/build/libsad_search_0e4f539ceca897.so
2026-08-22T16:32:11.517521+00:00,20260822T160502,joint:rzz-hea:10:85c278bc4e40271d,ok,,rzz-hea,10,8,float64,42,64,2,64,2,1,1.0,rotation,rotation,10,10,compact:L1R0W0-L1R0W0-L1R0W0-L1R0W0-L1R0W0-L1R0W0-L1R0W0-L1R0W0-L1R0W0-L1R0W0,compact:L1R0W0-L1R0W0-L1R0W0-L1R0W0-L1R0W0-L1R0W0-L1R0W0-L1R0W0-L1R0W0-L1R0W0,,,split,optimized,10,3,10,0.8611395,0.8610336999999999,0.8591110000000001,0.8623249999999999,0.0007382137969449912,0.33348859999999997,0.015211599999999999,0.5123335,,,custom:libsad_search_7ec063ebc99501.so,/home/rzzhang/sad_merged/sad/build/libsad_search_7ec063ebc99501.so
2026-08-22T16:32:11.541786+00:00,20260822T160502,joint:rzz-hea:18:d47e8ee7324ef806,ok,,rzz-hea,18,8,float64,42,64,2,64,2,2,0.25,rotation,rotation,7,7,compact:L3R0W0-L3R0W0-L3R0W0-L3R0W0-L2R0W0-L2R0W0-L2R0W0,compact:L3R0W0-L3R0W0-L3R0W0-L3R0W0-L2R0W0-L2R0W0-L2R0W0,,,split,optimized,5,3,5,2.57632,2.576925,2.576296,2.578319,0.0008098767807512176,0.7664328,0.031912,1.7785802,,,custom:libsad_search_20c37ff249ec0a.so,/home/rzzhang/sad_merged/sad/build/libsad_search_20c37ff249ec0a.so
2026-08-22T16:32:11.585499+00:00,20260822T160502,joint:rzz-hea:18:0bbc3f4d3eb50779,ok,,rzz-hea,18,8,float64,42,32,2,32,2,2,0.25,rotation,rotation,7,7,compact:L3R0W0-L3R0W0-L3R0W0-L3R0W0-L2R0W0-L2R0W0-L2R0W0,compact:L3R0W0-L3R0W0-L3R0W0-L3R0W0-L2R0W0-L2R0W0-L2R0W0,,,split,optimized,5,3,5,2.527214,2.5267308,2.5251129999999997,2.528027,0.0010315239987513942,0.7504684,0.032286800000000004,1.7439756,,,custom:libsad_search_16d9d6cef53b3d.so,/home/rzzhang/sad_merged/sad/build/libsad_search_16d9d6cef53b3d.so
2026-08-22T16:32:11.622172+00:00,20260822T160502,joint:rzz-hea:22:a06df1360abd841b,ok,,rzz-hea,22,8,float64,42,64,2,64,2,2,0.25,rotation,rotation,8,8,compact:L3R0W0-L3R0W0-L3R0W0-L3R0W0-L3R0W0-L3R0W0-L2R0W0-L2R0W0,compact:L3R0W0-L3R0W0-L3R0W0-L3R0W0-L3R0W0-L3R0W0-L2R0W0-L2R0W0,,,merged,optimized,3,3,3,36.329859,36.335473,36.317797999999996,36.358762000000006,0.017188175606119592,7.468018999999999,0.4274713333333333,28.43998266666667,,,custom:libsad_search_97eec9f2a848ec.so,/home/rzzhang/sad_merged/sad/build/libsad_search_97eec9f2a848ec.so
2026-08-22T16:32:11.870846+00:00,20260822T160502,joint:rzz-hea:26:ca4848fc342b9da5,ok,,rzz-hea,26,8,float64,42,128,2,128,2,2,1.0,rotation,rotation,26,26,compact:L1R0W0-L1R0W0-L1R0W0-L1R0W0-L1R0W0-L1R0W0-L1R0W0-L1R0W0-L1R0W0-L1R0W0-L1R0W0-L1R0W0-L1R0W0-L1R0W0-L1R0W0-L1R0W0-L1R0W0-L1R0W0-L1R0W0-L1R0W0-L1R0W0-L1R0W0-L1R0W0-L1R0W0-L1R0W0-L1R0W0,compact:L1R0W0-L1R0W0-L1R0W0-L1R0W0-L1R0W0-L1R0W0-L1R0W0-L1R0W0-L1R0W0-L1R0W0-L1R0W0-L1R0W0-L1R0W0-L1R0W0-L1R0W0-L1R0W0-L1R0W0-L1R0W0-L1R0W0-L1R0W0-L1R0W0-L1R0W0-L1R0W0-L1R0W0-L1R0W0-L1R0W0,,,split,optimized,2,3,2,1615.557899,1615.557899,1615.3509370000002,1615.7648609999997,0.2069619999997485,494.681384,10.228951,1110.6475639999999,,,custom:libsad_search_d02bea87aa5c56.so,/home/rzzhang/sad_merged/sad/build/libsad_search_d02bea87aa5c56.so
2026-08-22T16:32:19.988346+00:00,20260822T160502,joint:rzz-hea:24:b2da67edc1d20d19,ok,,rzz-hea,24,8,float64,42,128,2,32,2,1,0.75,rotation,rotation,19,19,compact:L2R0W0-L2R0W0-L2R0W0-L2R0W0-L2R0W0-L1R0W0-L1R0W0-L1R0W0-L1R0W0-L1R0W0-L1R0W0-L1R0W0-L1R0W0-L1R0W0-L1R0W0-L1R0W0-L1R0W0-L1R0W0-L1R0W0,compact:L2R0W0-L2R0W0-L2R0W0-L2R0W0-L2R0W0-L1R0W0-L1R0W0-L1R0W0-L1R0W0-L1R0W0-L1R0W0-L1R0W0-L1R0W0-L1R0W0-L1R0W0-L1R0W0-L1R0W0-L1R0W0-L1R0W0,,,merged,optimized,3,3,3,301.610823,301.68040833333333,301.51419400000003,301.91620800000004,0.1713386568764499,84.45751533333335,1.7712373333333333,215.45165566666665,,,custom:libsad_search_5851e15f736f52.so,/home/rzzhang/sad_merged/sad/build/libsad_search_5851e15f736f52.so
2026-08-22T16:32:21.840530+00:00,20260822T160502,joint:rzz-hea:16:92a55614cab62313,ok,,rzz-hea,16,8,float64,42,128,2,128,2,1,1.0,rotation,rotation,16,16,compact:L1R0W0-L1R0W0-L1R0W0-L1R0W0-L1R0W0-L1R0W0-L1R0W0-L1R0W0-L1R0W0-L1R0W0-L1R0W0-L1R0W0-L1R0W0-L1R0W0-L1R0W0-L1R0W0,compact:L1R0W0-L1R0W0-L1R0W0-L1R0W0-L1R0W0-L1R0W0-L1R0W0-L1R0W0-L1R0W0-L1R0W0-L1R0W0-L1R0W0-L1R0W0-L1R0W0-L1R0W0-L1R0W0,,,split,optimized,5,3,5,2.05816,2.0579624,2.05713,2.059111,0.0007354499575090361,0.7337432,0.015240600000000002,1.3089786,,,custom:libsad_search_9361435758c99d.so,/home/rzzhang/sad_merged/sad/build/libsad_search_9361435758c99d.so
2026-08-22T16:32:21.880085+00:00,20260822T160502,joint:rzz-hea:8:017adbbbaaed47b2,ok,,rzz-hea,8,8,float64,42,32,2,32,2,1,1.0,rotation,rotation,8,8,compact:L1R0W0-L1R0W0-L1R0W0-L1R0W0-L1R0W0-L1R0W0-L1R0W0-L1R0W0,compact:L1R0W0-L1R0W0-L1R0W0-L1R0W0-L1R0W0-L1R0W0-L1R0W0-L1R0W0,,,merged,optimized,20,3,20,0.5827465000000001,0.58593815,0.582569,0.5907479999999999,0.0036656333596665086,0.23671785,0.015214300000000002,0.334006,,,custom:libsad_search_f9cdaf042a7bd6.so,/home/rzzhang/sad_merged/sad/build/libsad_search_f9cdaf042a7bd6.so
2026-08-22T16:32:21.910365+00:00,20260822T160502,joint:rzz-hea:8:9bf8232f15ab0282,ok,,rzz-hea,8,8,float64,42,128,2,32,2,2,0.5,rotation,rotation,4,5,compact:L2R0W0-L2R0W0-L2R0W0-L2R0W0,compact:L2R0W0-L2R0W0-L2R0W0-L1R0W0-L1R0W0,,,split,optimized,20,3,20,0.5007165,0.5088267,0.49568000000000006,0.524278,0.01135401110224928,0.18030220000000002,0.015366500000000003,0.313158,,,custom:libsad_search_3b115211f38255.so,/home/rzzhang/sad_merged/sad/build/libsad_search_3b115211f38255.so
2026-08-22T16:32:21.937982+00:00,20260822T160502,joint:rzz-hea:18:502d2684e1107415,ok,,rzz-hea,18,8,float64,42,32,2,128,2,1,0.75,rotation,rotation,14,14,compact:L2R0W0-L2R0W0-L2R0W0-L2R0W0-L1R0W0-L1R0W0-L1R0W0-L1R0W0-L1R0W0-L1R0W0-L1R0W0-L1R0W0-L1R0W0-L1R0W0,compact:L2R0W0-L2R0W0-L2R0W0-L2R0W0-L1R0W0-L1R0W0-L1R0W0-L1R0W0-L1R0W0-L1R0W0-L1R0W0-L1R0W0-L1R0W0-L1R0W0,,,split,optimized,5,3,5,3.42829,3.4301034,3.4282380000000003,3.4374219999999998,0.0036594241951431296,1.096409,0.033634199999999996,2.3000602,,,custom:libsad_search_0e4f539ceca897.so,/home/rzzhang/sad_merged/sad/build/libsad_search_0e4f539ceca897.so
2026-08-22T16:32:21.980469+00:00,20260822T160502,joint:rzz-hea:4:25f4edbbe42016d2,ok,,rzz-hea,4,8,float64,42,32,2,32,2,1,1.0,rotation,rotation,4,4,compact:L1R0W0-L1R0W0-L1R0W0-L1R0W0,compact:L1R0W0-L1R0W0-L1R0W0-L1R0W0,,,split,optimized,20,3,20,0.33579799999999993,0.33434525000000004,0.328658,0.3368,0.0026441693379017817,0.12399105000000002,0.0152512,0.19510300000000003,,,custom:libsad_search_3cb67c7e18cc99.so,/home/rzzhang/sad_merged/sad/build/libsad_search_3cb67c7e18cc99.so
2026-08-22T16:32:22.001701+00:00,20260822T160502,joint:rzz-hea:12:206b28032d14facc,ok,,rzz-hea,12,8,float64,42,64,2,64,2,2,1.0,rotation,rotation,12,12,compact:L1R0W0-L1R0W0-L1R0W0-L1R0W0-L1R0W0-L1R0W0-L1R0W0-L1R0W0-L1R0W0-L1R0W0-L1R0W0-L1R0W0,compact:L1R0W0-L1R0W0-L1R0W0-L1R0W0-L1R0W0-L1R0W0-L1R0W0-L1R0W0-L1R0W0-L1R0W0-L1R0W0-L1R0W0,,,merged,optimized,10,3,10,1.083355,1.0831264,1.0792359999999999,1.085336,0.001566597982891647,0.4486320999999999,0.015551399999999998,0.6189429000000001,,,custom:libsad_search_97eec9f2a848ec.so,/home/rzzhang/sad_merged/sad/build/libsad_search_97eec9f2a848ec.so
2026-08-22T16:32:22.036619+00:00,20260822T160502,joint:rzz-hea:12:eec6125f9664814e,ok,,rzz-hea,12,8,float64,42,128,2,32,2,2,0.0,rotation,rotation,2,2,compact:L5R1W0-L5R1W0,compact:L5R1W0-L5R1W0,,,merged,optimized,10,3,10,0.4577455,0.46044920000000006,0.45754,0.46503300000000003,0.0034155949642778144,0.1758757,0.015401600000000001,0.2691719,,,custom:libsad_search_d014591f51543a.so,/home/rzzhang/sad_merged/sad/build/libsad_search_d014591f51543a.so
2026-08-22T16:32:22.065165+00:00,20260822T160502,joint:rzz-hea:26:f72a1ffb31ef60dd,ok,,rzz-hea,26,8,float64,42,32,2,32,2,2,0.0,rotation,rotation,4,4,compact:L5R2W0-L5R2W0-L5R1W0-L5R1W0,compact:L5R2W0-L5R2W0-L5R1W0-L5R1W0,,,split,optimized,2,3,2,576.979296,576.979296,576.823706,577.1348859999999,0.15558999999996104,154.3925945,10.318615999999999,412.2680855,,,custom:libsad_search_16d9d6cef53b3d.so,/home/rzzhang/sad_merged/sad/build/libsad_search_16d9d6cef53b3d.so
2026-08-22T16:32:24.992740+00:00,20260822T160502,joint:rzz-hea:8:746e23d5013e712c,ok,,rzz-hea,8,8,float64,42,64,2,64,2,1,1.0,rotation,rotation,8,8,compact:L1R0W0-L1R0W0-L1R0W0-L1R0W0-L1R0W0-L1R0W0-L1R0W0-L1R0W0,compact:L1R0W0-L1R0W0-L1R0W0-L1R0W0-L1R0W0-L1R0W0-L1R0W0-L1R0W0,,,merged,optimized,20,3,20,0.6177865,0.6176299000000001,0.611599,0.618492,0.001466637613727407,0.24777204999999997,0.015426849999999999,0.354431,,,custom:libsad_search_7e5293342e215a.so,/home/rzzhang/sad_merged/sad/build/libsad_search_7e5293342e215a.so
2026-08-22T16:32:25.024638+00:00,20260822T160502,joint:rzz-hea:24:89bf3a266dcb89d0,ok,,rzz-hea,24,8,float64,42,32,2,32,2,1,0.0,rotation,rotation,4,4,compact:L5R1W0-L5R1W0-L5R1W0-L5R1W0,compact:L5R1W0-L5R1W0-L5R1W0-L5R1W0,,,merged,optimized,3,3,3,131.567285,131.64720699999998,131.56662699999998,131.807709,0.11349237050421696,27.860759,1.7677453333333333,102.01870266666667,,,custom:libsad_search_f9cdaf042a7bd6.so,/home/rzzhang/sad_merged/sad/build/libsad_search_f9cdaf042a7bd6.so
2026-08-22T16:32:25.852168+00:00,20260822T160502,joint:rzz-hea:22:725221f79c5d5e7b,ok,,rzz-hea,22,8,float64,42,64,2,64,2,2,0.25,rotation,rotation,8,8,compact:L3R0W0-L3R0W0-L3R0W0-L3R0W0-L3R0W0-L3R0W0-L2R0W0-L2R0W0,compact:L3R0W0-L3R0W0-L3R0W0-L3R0W0-L3R0W0-L3R0W0-L2R0W0-L2R0W0,,,split,optimized,3,3,3,35.096473,35.094569,35.082007999999995,35.105226,0.00957384607494436,7.949031000000001,0.401823,26.743715,,,custom:libsad_search_20c37ff249ec0a.so,/home/rzzhang/sad_merged/sad/build/libsad_search_20c37ff249ec0a.so
2026-08-22T16:32:26.088638+00:00,20260822T160502,joint:rzz-hea:26:ebf541c7a1c59295,ok,,rzz-hea,26,8,float64,42,64,2,64,2,1,0.0,rotation,rotation,4,4,compact:L5R2W0-L5R2W0-L5R1W0-L5R1W0,compact:L5R2W0-L5R2W0-L5R1W0-L5R1W0,,,split,optimized,2,3,2,595.5565099999999,595.5565099999999,595.5206509999999,595.592369,0.035859000000016295,154.716474,10.1579555,430.6820805,,,custom:libsad_search_7ec063ebc99501.so,/home/rzzhang/sad_merged/sad/build/libsad_search_7ec063ebc99501.so
2026-08-22T16:32:29.105164+00:00,20260822T160502,joint:rzz-hea:4:0ea2779d5bc5bbc6,ok,,rzz-hea,4,8,float64,42,128,2,32,2,2,0.25,rotation,rotation,2,2,compact:L2R0W0-L2R0W0,compact:L2R0W0-L2R0W0,,,split,optimized,20,3,20,0.2568655,0.25683639999999996,0.255955,0.25911,0.0008216929718574905,0.09262880000000001,0.0155027,0.1487049,,,custom:libsad_search_3b115211f38255.so,/home/rzzhang/sad_merged/sad/build/libsad_search_3b115211f38255.so
2026-08-22T16:32:29.128646+00:00,20260822T160502,joint:rzz-hea:6:f870cdd4216f1153,ok,,rzz-hea,6,8,float64,42,128,2,32,2,2,0.5,rotation,rotation,4,4,compact:L2R0W0-L2R0W0-L1R0W0-L1R0W0,compact:L2R0W0-L2R0W0-L1R0W0-L1R0W0,,,merged,optimized,20,3,20,0.33788450000000003,0.33792809999999995,0.33681900000000004,0.338881,0.00040246439594080266,0.1247911,0.015416750000000002,0.19772025000000001,,,custom:libsad_search_d014591f51543a.so,/home/rzzhang/sad_merged/sad/build/libsad_search_d014591f51543a.so
2026-08-22T16:32:29.153543+00:00,20260822T160502,joint:rzz-hea:14:cceef6ad47d83692,ok,,rzz-hea,14,8,float64,42,32,2,32,2,1,0.25,rotation,rotation,5,5,compact:L3R0W0-L3R0W0-L3R0W0-L3R0W0-L2R0W0,compact:L3R0W0-L3R0W0-L3R0W0-L3R0W0-L2R0W0,,,merged,optimized,10,3,10,0.6553255,0.6551152,0.654261,0.6563140000000001,0.0007513035072459278,0.23149630000000002,0.015265,0.40835389999999994,,,custom:libsad_search_f9cdaf042a7bd6.so,/home/rzzhang/sad_merged/sad/build/libsad_search_f9cdaf042a7bd6.so
2026-08-22T16:32:29.173102+00:00,20260822T160502,joint:rzz-hea:4:dbdc741780d9b234,ok,,rzz-hea,4,8,float64,42,32,2,32,2,2,0.5,rotation,rotation,2,2,compact:L2R0W0-L2R0W0,compact:L2R0W0-L2R0W0,,,merged,optimized,20,3,20,0.19048550000000003,0.19102544999999999,0.18953399999999998,0.19759999999999997,0.0016970256178089882,0.056552399999999996,0.015328550000000002,0.11914449999999999,,,custom:libsad_search_dcff342f285260.so,/home/rzzhang/sad_merged/sad/build/libsad_search_dcff342f285260.so
2026-08-22T16:32:29.188551+00:00,20260822T160502,joint:rzz-hea:8:8171074fb4f1c8b3,ok,,rzz-hea,8,8,float64,42,32,2,128,2,1,0.75,rotation,rotation,6,6,compact:L2R0W0-L2R0W0-L1R0W0-L1R0W0-L1R0W0-L1R0W0,compact:L2R0W0-L2R0W0-L1R0W0-L1R0W0-L1R0W0-L1R0W0,,,merged,optimized,20,3,20,0.5559995,0.5562953,0.554999,0.558027,0.0006580007674767736,0.1914416,0.01532255,0.34953114999999996,,,custom:libsad_search_2a8327787a9aac.so,/home/rzzhang/sad_merged/sad/build/libsad_search_2a8327787a9aac.so
2026-08-22T16:32:29.213131+00:00,20260822T160502,joint:rzz-hea:8:4d3a3551bebef471,ok,,rzz-hea,8,8,float64,42,32,2,128,2,1,1.0,rotation,rotation,8,8,compact:L1R0W0-L1R0W0-L1R0W0-L1R0W0-L1R0W0-L1R0W0-L1R0W0-L1R0W0,compact:L1R0W0-L1R0W0-L1R0W0-L1R0W0-L1R0W0-L1R0W0-L1R0W0-L1R0W0,,,merged,optimized,20,3,20,0.6553095,0.65500305,0.649187,0.656413,0.0017079196255971871,0.23639585,0.015537200000000001,0.40307,,,custom:libsad_search_2a8327787a9aac.so,/home/rzzhang/sad_merged/sad/build/libsad_search_2a8327787a9aac.so
2026-08-22T16:32:29.239265+00:00,20260822T160502,joint:rzz-hea:10:aa9b4e2641025963,ok,,rzz-hea,10,8,float64,42,64,2,64,2,1,0.75,rotation,rotation,8,8,compact:L2R0W0-L2R0W0-L1R0W0-L1R0W0-L1R0W0-L1R0W0-L1R0W0-L1R0W0,compact:L2R0W0-L2R0W0-L1R0W0-L1R0W0-L1R0W0-L1R0W0-L1R0W0-L1R0W0,,,split,optimized,10,3,10,0.7474940000000001,0.7479779000000001,0.746423,0.750543,0.0013805625990877637,0.28218760000000004,0.015333699999999999,0.4504566,,,custom:libsad_search_7ec063ebc99501.so,/home/rzzhang/sad_merged/sad/build/libsad_search_7ec063ebc99501.so
2026-08-22T16:32:29.260161+00:00,20260822T160502,joint:rzz-hea:8:f820bd03a0318e06,ok,,rzz-hea,8,8,float64,42,128,2,128,2,2,0.75,rotation,rotation,6,6,compact:L2R0W0-L2R0W0-L1R0W0-L1R0W0-L1R0W0-L1R0W0,compact:L2R0W0-L2R0W0-L1R0W0-L1R0W0-L1R0W0-L1R0W0,,,merged,optimized,20,3,20,0.5785205,0.5785143500000001,0.577448,0.57969,0.0007660329806868761,0.21334930000000002,0.015470099999999999,0.34969495,,,custom:libsad_search_b969ada61d8a74.so,/home/rzzhang/sad_merged/sad/build/libsad_search_b969ada61d8a74.so
2026-08-22T16:32:29.284711+00:00,20260822T160502,joint:rzz-hea:10:c6b6ef3a57795a89,ok,,rzz-hea,10,8,float64,42,128,2,128,2,1,0.5,rotation,rotation,6,6,compact:L2R0W0-L2R0W0-L2R0W0-L2R0W0-L1R0W0-L1R0W0,compact:L2R0W0-L2R0W0-L2R0W0-L2R0W0-L1R0W0-L1R0W0,,,merged,optimized,10,3,10,0.6973205,0.6969023,0.692194,0.698298,0.0016498165988981992,0.2592588,0.015324599999999999,0.42231890000000005,,,custom:libsad_search_8fbfac92ec4bef.so,/home/rzzhang/sad_merged/sad/build/libsad_search_8fbfac92ec4bef.so
2026-08-22T16:32:29.305324+00:00,20260822T160502,joint:rzz-hea:26:98118b60004668d7,ok,,rzz-hea,26,8,float64,42,32,2,128,2,2,0.0,rotation,rotation,4,3,compact:L5R2W0-L5R2W0-L5R1W0-L5R1W0,compact:L5R2W2-L5R2W2-L5R2W1,,,split,optimized,2,3,2,592.5305595,592.5305595,592.45366,592.607459,0.0768994999999677,154.40235800000002,10.4303375,427.697864,,,custom:libsad_search_2a0e4369743c84.so,/home/rzzhang/sad_merged/sad/build/libsad_search_2a0e4369743c84.so
2026-08-22T16:32:32.317951+00:00,20260822T160502,joint:rzz-hea:26:c9f11991e517fe37,ok,,rzz-hea,26,8,float64,42,32,2,128,2,2,0.75,rotation,rotation,20,20,compact:L2R0W0-L2R0W0-L2R0W0-L2R0W0-L2R0W0-L2R0W0-L1R0W0-L1R0W0-L1R0W0-L1R0W0-L1R0W0-L1R0W0-L1R0W0-L1R0W0-L1R0W0-L1R0W0-L1R0W0-L1R0W0-L1R0W0-L1R0W0,compact:L2R0W0-L2R0W0-L2R0W0-L2R0W0-L2R0W0-L2R0W0-L1R0W0-L1R0W0-L1R0W0-L1R0W0-L1R0W0-L1R0W0-L1R0W0-L1R0W0-L1R0W0-L1R0W0-L1R0W0-L1R0W0-L1R0W0-L1R0W0,,,merged,optimized,2,3,2,1274.1383775,1274.1383775,1274.006932,1274.269823,0.13144550000004074,354.33135250000004,10.752428000000002,909.0545970000001,,,custom:libsad_search_fce412939d20fb.so,/home/rzzhang/sad_merged/sad/build/libsad_search_fce412939d20fb.so
2026-08-22T16:32:38.730449+00:00,20260822T160502,joint:rzz-hea:26:53177d32a796cb21,ok,,rzz-hea,26,8,float64,42,128,2,32,2,1,0.25,rotation,rotation,9,10,compact:L3R0W0-L3R0W0-L3R0W0-L3R0W0-L3R0W0-L3R0W0-L3R0W0-L3R0W0-L2R0W0,compact:L3R0W0-L3R0W0-L3R0W0-L3R0W0-L3R0W0-L3R0W0-L2R0W0-L2R0W0-L2R0W0-L2R0W0,,,merged,optimized,2,3,2,719.0806905,719.0806905,719.059761,719.10162,0.020929500000022472,177.46718750000002,10.2972295,531.3162735,,,custom:libsad_search_5851e15f736f52.so,/home/rzzhang/sad_merged/sad/build/libsad_search_5851e15f736f52.so
2026-08-22T16:32:42.366903+00:00,20260822T160502,joint:rzz-hea:10:79530025cb3e0500,ok,,rzz-hea,10,8,float64,42,32,2,32,2,1,1.0,rotation,rotation,10,10,compact:L1R0W0-L1R0W0-L1R0W0-L1R0W0-L1R0W0-L1R0W0-L1R0W0-L1R0W0-L1R0W0-L1R0W0,compact:L1R0W0-L1R0W0-L1R0W0-L1R0W0-L1R0W0-L1R0W0-L1R0W0-L1R0W0-L1R0W0-L1R0W0,,,split,optimized,10,3,10,0.828281,0.8282681000000001,0.824093,0.83264,0.0036181523585940593,0.3255932,0.0156593,0.48701560000000005,,,custom:libsad_search_3cb67c7e18cc99.so,/home/rzzhang/sad_merged/sad/build/libsad_search_3cb67c7e18cc99.so
2026-08-22T16:32:42.395781+00:00,20260822T160502,joint:rzz-hea:18:4b1b2f7969f6eec4,ok,,rzz-hea,18,8,float64,42,128,2,128,2,2,0.5,rotation,rotation,10,10,compact:L2R0W0-L2R0W0-L2R0W0-L2R0W0-L2R0W0-L2R0W0-L2R0W0-L2R0W0-L1R0W0-L1R0W0,compact:L2R0W0-L2R0W0-L2R0W0-L2R0W0-L2R0W0-L2R0W0-L2R0W0-L2R0W0-L1R0W0-L1R0W0,,,merged,optimized,5,3,5,3.0391749999999997,3.0373153999999998,3.033031,3.041031,0.0031713328806670044,0.8209853999999999,0.0322636,2.1840664,,,custom:libsad_search_b969ada61d8a74.so,/home/rzzhang/sad_merged/sad/build/libsad_search_b969ada61d8a74.so
2026-08-22T16:32:42.440400+00:00,20260822T160502,joint:rzz-hea:24:e28e5eca03df7284,ok,,rzz-hea,24,8,float64,42,128,2,32,2,2,0.25,rotation,rotation,8,9,compact:L3R0W0-L3R0W0-L3R0W0-L3R0W0-L3R0W0-L3R0W0-L3R0W0-L3R0W0,compact:L3R0W0-L3R0W0-L3R0W0-L3R0W0-L3R0W0-L3R0W0-L2R0W0-L2R0W0-L2R0W0,,,split,optimized,3,3,3,167.416132,167.4078903333333,167.38938100000001,167.41815799999998,0.013114184034417792,49.120611000000004,1.7678486666666668,116.51943066666666,,,custom:libsad_search_3b115211f38255.so,/home/rzzhang/sad_merged/sad/build/libsad_search_3b115211f38255.so
2026-08-22T16:32:43.463004+00:00,20260822T160502,joint:rzz-hea:28:51faf582b40fa497,ok,,rzz-hea,28,8,float64,42,32,2,128,2,1,0.5,rotation,rotation,16,16,compact:L2R0W0-L2R0W0-L2R0W0-L2R0W0-L2R0W0-L2R0W0-L2R0W0-L2R0W0-L2R0W0-L2R0W0-L2R0W0-L2R0W0-L1R0W0-L1R0W0-L1R0W0-L1R0W0,compact:L2R0W0-L2R0W0-L2R0W0-L2R0W0-L2R0W0-L2R0W0-L2R0W0-L2R0W0-L2R0W0-L2R0W0-L2R0W0-L2R0W0-L1R0W0-L1R0W0-L1R0W0-L1R0W0,,,merged,optimized,2,3,2,4272.316268500001,4272.316268500001,4271.856599000001,4272.775938000001,0.45966950000001816,1152.8847385000001,81.41786200000001,3038.013668,,,custom:libsad_search_2a8327787a9aac.so,/home/rzzhang/sad_merged/sad/build/libsad_search_2a8327787a9aac.so
2026-08-22T16:33:04.861895+00:00,20260822T160502,joint:rzz-hea:16:e1ec5debea919071,ok,,rzz-hea,16,8,float64,42,64,2,64,2,1,0.75,rotation,rotation,12,12,compact:L2R0W0-L2R0W0-L2R0W0-L2R0W0-L1R0W0-L1R0W0-L1R0W0-L1R0W0-L1R0W0-L1R0W0-L1R0W0-L1R0W0,compact:L2R0W0-L2R0W0-L2R0W0-L2R0W0-L1R0W0-L1R0W0-L1R0W0-L1R0W0-L1R0W0-L1R0W0-L1R0W0-L1R0W0,,,merged,optimized,5,3,5,1.721987,1.7221084000000002,1.7212759999999998,1.7235340000000001,0.000799567533107827,0.5554526000000001,0.0155258,1.15113,,,custom:libsad_search_7e5293342e215a.so,/home/rzzhang/sad_merged/sad/build/libsad_search_7e5293342e215a.so
2026-08-22T16:33:04.897813+00:00,20260822T160502,joint:rzz-hea:26:88709823d8a3afe5,ok,,rzz-hea,26,8,float64,42,64,2,64,2,1,0.25,rotation,rotation,10,10,compact:L3R0W0-L3R0W0-L3R0W0-L3R0W0-L3R0W0-L3R0W0-L2R0W0-L2R0W0-L2R0W0-L2R0W0,compact:L3R0W0-L3R0W0-L3R0W0-L3R0W0-L3R0W0-L3R0W0-L2R0W0-L2R0W0-L2R0W0-L2R0W0,,,split,optimized,2,3,2,748.347989,748.347989,748.129112,748.566866,0.21887700000002042,231.39917599999998,10.623848500000001,506.3249645000001,,,custom:libsad_search_7ec063ebc99501.so,/home/rzzhang/sad_merged/sad/build/libsad_search_7ec063ebc99501.so
2026-08-22T16:33:08.694273+00:00,20260822T160502,joint:rzz-hea:18:82f9497f508feb00,ok,,rzz-hea,18,8,float64,42,128,2,128,2,1,0.5,rotation,rotation,10,10,compact:L2R0W0-L2R0W0-L2R0W0-L2R0W0-L2R0W0-L2R0W0-L2R0W0-L2R0W0-L1R0W0-L1R0W0,compact:L2R0W0-L2R0W0-L2R0W0-L2R0W0-L2R0W0-L2R0W0-L2R0W0-L2R0W0-L1R0W0-L1R0W0,,,merged,optimized,5,3,5,3.056585,3.0538944,3.0483599999999997,3.057669,0.004167624580021763,0.8237798000000002,0.03196860000000001,2.1981460000000004,,,custom:libsad_search_8fbfac92ec4bef.so,/home/rzzhang/sad_merged/sad/build/libsad_search_8fbfac92ec4bef.so
2026-08-22T16:33:08.746655+00:00,20260822T160502,joint:rzz-hea:12:6715b2e0021e23f5,ok,,rzz-hea,12,8,float64,42,128,2,128,2,1,0.0,rotation,rotation,2,2,compact:L5R1W0-L5R1W0,compact:L5R1W0-L5R1W0,,,split,optimized,10,3,10,0.5836760000000001,0.5841455,0.583587,0.585684,0.0006844913805154724,0.1660795,0.0153665,0.40269950000000004,,,custom:libsad_search_9361435758c99d.so,/home/rzzhang/sad_merged/sad/build/libsad_search_9361435758c99d.so
2026-08-22T16:33:08.765795+00:00,20260822T160502,joint:rzz-hea:20:94bfb98224180263,ok,,rzz-hea,20,8,float64,42,32,2,128,2,2,0.75,rotation,rotation,16,16,compact:L2R0W0-L2R0W0-L2R0W0-L2R0W0-L1R0W0-L1R0W0-L1R0W0-L1R0W0-L1R0W0-L1R0W0-L1R0W0-L1R0W0-L1R0W0-L1R0W0-L1R0W0-L1R0W0,compact:L2R0W0-L2R0W0-L2R0W0-L2R0W0-L1R0W0-L1R0W0-L1R0W0-L1R0W0-L1R0W0-L1R0W0-L1R0W0-L1R0W0-L1R0W0-L1R0W0-L1R0W0-L1R0W0,,,split,optimized,5,3,5,9.694092,9.694485199999999,9.684905,9.702243999999999,0.005780502517947341,3.0400366,0.09731799999999999,6.5571306,,,custom:libsad_search_2a0e4369743c84.so,/home/rzzhang/sad_merged/sad/build/libsad_search_2a0e4369743c84.so
2026-08-22T16:33:08.856897+00:00,20260822T160502,joint:rzz-hea:28:3021db6d14e71c4e,ok,,rzz-hea,28,8,float64,42,128,2,128,2,2,1.0,rotation,rotation,28,28,compact:L1R0W0-L1R0W0-L1R0W0-L1R0W0-L1R0W0-L1R0W0-L1R0W0-L1R0W0-L1R0W0-L1R0W0-L1R0W0-L1R0W0-L1R0W0-L1R0W0-L1R0W0-L1R0W0-L1R0W0-L1R0W0-L1R0W0-L1R0W0-L1R0W0-L1R0W0-L1R0W0-L1R0W0-L1R0W0-L1R0W0-L1R0W0-L1R0W0,compact:L1R0W0-L1R0W0-L1R0W0-L1R0W0-L1R0W0-L1R0W0-L1R0W0-L1R0W0-L1R0W0-L1R0W0-L1R0W0-L1R0W0-L1R0W0-L1R0W0-L1R0W0-L1R0W0-L1R0W0-L1R0W0-L1R0W0-L1R0W0-L1R0W0-L1R0W0-L1R0W0-L1R0W0-L1R0W0-L1R0W0-L1R0W0-L1R0W0,,,split,optimized,2,3,2,6940.308160500001,6940.308160500001,6940.185806,6940.430515,0.12235449999980119,2112.7369949999998,80.797342,4746.7738235,,,custom:libsad_search_d02bea87aa5c56.so,/home/rzzhang/sad_merged/sad/build/libsad_search_d02bea87aa5c56.so
2026-08-22T16:33:43.593708+00:00,20260822T160502,joint:rzz-hea:8:d498e8b49fa5e5d2,ok,,rzz-hea,8,8,float64,42,128,2,128,2,1,0.0,rotation,rotation,1,1,compact:L5R2W1,compact:L5R2W1,,,split,optimized,20,3,20,0.389866,0.3878369,0.380999,0.390161,0.0034136508008289186,0.10921245,0.01554125,0.2630832,,,custom:libsad_search_9361435758c99d.so,/home/rzzhang/sad_merged/sad/build/libsad_search_9361435758c99d.so
2026-08-22T16:33:43.620926+00:00,20260822T160502,joint:rzz-hea:26:9c574696b0dce7d5,ok,,rzz-hea,26,8,float64,42,128,2,128,2,1,1.0,rotation,rotation,26,26,compact:L1R0W0-L1R0W0-L1R0W0-L1R0W0-L1R0W0-L1R0W0-L1R0W0-L1R0W0-L1R0W0-L1R0W0-L1R0W0-L1R0W0-L1R0W0-L1R0W0-L1R0W0-L1R0W0-L1R0W0-L1R0W0-L1R0W0-L1R0W0-L1R0W0-L1R0W0-L1R0W0-L1R0W0-L1R0W0-L1R0W0,compact:L1R0W0-L1R0W0-L1R0W0-L1R0W0-L1R0W0-L1R0W0-L1R0W0-L1R0W0-L1R0W0-L1R0W0-L1R0W0-L1R0W0-L1R0W0-L1R0W0-L1R0W0-L1R0W0-L1R0W0-L1R0W0-L1R0W0-L1R0W0-L1R0W0-L1R0W0-L1R0W0-L1R0W0-L1R0W0-L1R0W0,,,split,optimized,2,3,2,1614.1253885,1614.1253885,1614.080933,1614.169844,0.044455500000026404,494.5276145,10.278091,1109.319683,,,custom:libsad_search_9361435758c99d.so,/home/rzzhang/sad_merged/sad/build/libsad_search_9361435758c99d.so
2026-08-22T16:33:51.746796+00:00,20260822T160502,joint:rzz-hea:8:f419f50ffdbff98b,ok,,rzz-hea,8,8,float64,42,32,2,128,2,1,0.25,rotation,rotation,4,3,compact:L2R0W0-L2R0W0-L2R0W0-L2R0W0,compact:L3R0W0-L3R0W0-L2R0W0,,,merged,optimized,20,3,20,0.4360915000000001,0.4357208,0.434053,0.438108,0.0009799766629874367,0.14791205000000002,0.015531200000000002,0.27227755,,,custom:libsad_search_2a8327787a9aac.so,/home/rzzhang/sad_merged/sad/build/libsad_search_2a8327787a9aac.so
2026-08-22T16:33:51.773755+00:00,20260822T160502,joint:rzz-hea:20:0b08c33d4f0742d4,ok,,rzz-hea,20,8,float64,42,32,2,32,2,1,0.25,rotation,rotation,7,7,compact:L3R0W0-L3R0W0-L3R0W0-L3R0W0-L3R0W0-L3R0W0-L2R0W0,compact:L3R0W0-L3R0W0-L3R0W0-L3R0W0-L3R0W0-L3R0W0-L2R0W0,,,split,optimized,5,3,5,7.917400999999999,7.9178733999999995,7.916421999999999,7.919525999999999,0.0013871998558245087,2.2227538,0.09749000000000001,5.597629599999999,,,custom:libsad_search_3cb67c7e18cc99.so,/home/rzzhang/sad_merged/sad/build/libsad_search_3cb67c7e18cc99.so
2026-08-22T16:33:51.858043+00:00,20260822T160502,joint:rzz-hea:18:365cc9cae0459f80,ok,,rzz-hea,18,8,float64,42,64,2,64,2,1,0.5,rotation,rotation,10,10,compact:L2R0W0-L2R0W0-L2R0W0-L2R0W0-L2R0W0-L2R0W0-L2R0W0-L2R0W0-L1R0W0-L1R0W0,compact:L2R0W0-L2R0W0-L2R0W0-L2R0W0-L2R0W0-L2R0W0-L2R0W0-L2R0W0-L1R0W0-L1R0W0,,,merged,optimized,5,3,5,2.998278,2.9931138,2.9725490000000003,3.0147259999999996,0.017170565330238686,0.8089938,0.031719,2.152401,,,custom:libsad_search_7e5293342e215a.so,/home/rzzhang/sad_merged/sad/build/libsad_search_7e5293342e215a.so
2026-08-22T16:33:51.893746+00:00,20260822T160502,joint:rzz-hea:12:4a238e880fd1b2df,ok,,rzz-hea,12,8,float64,42,32,2,128,2,2,0.75,rotation,rotation,10,10,compact:L2R0W0-L2R0W0-L1R0W0-L1R0W0-L1R0W0-L1R0W0-L1R0W0-L1R0W0-L1R0W0-L1R0W0,compact:L2R0W0-L2R0W0-L1R0W0-L1R0W0-L1R0W0-L1R0W0-L1R0W0-L1R0W0-L1R0W0-L1R0W0,,,split,optimized,10,3,10,1.0474625,1.0471852,1.046459,1.048508,0.0006530644378619889,0.35553260000000003,0.0153791,0.6762735,,,custom:libsad_search_2a0e4369743c84.so,/home/rzzhang/sad_merged/sad/build/libsad_search_2a0e4369743c84.so
2026-08-22T16:33:51.918401+00:00,20260822T160502,joint:rzz-hea:16:5c00ecef2cca57bf,ok,,rzz-hea,16,8,float64,42,32,2,128,2,2,0.5,rotation,rotation,10,9,compact:L2R0W0-L2R0W0-L2R0W0-L2R0W0-L2R0W0-L2R0W0-L1R0W0-L1R0W0-L1R0W0-L1R0W0,compact:L2R0W0-L2R0W0-L2R0W0-L2R0W0-L2R0W0-L2R0W0-L2R0W0-L1R0W0-L1R0W0,,,merged,optimized,5,3,5,1.571745,1.5718054,1.5697969999999999,1.5738039999999998,0.0014059266837214031,0.4657738,0.0159662,1.0900654,,,custom:libsad_search_fce412939d20fb.so,/home/rzzhang/sad_merged/sad/build/libsad_search_fce412939d20fb.so
2026-08-22T16:33:51.942561+00:00,20260822T160502,joint:rzz-hea:8:10a8ba1293dc899b,ok,,rzz-hea,8,8,float64,42,32,2,128,2,2,0.25,rotation,rotation,4,3,compact:L2R0W0-L2R0W0-L2R0W0-L2R0W0,compact:L3R0W0-L3R0W0-L2R0W0,,,merged,optimized,20,3,20,0.445411,0.44442655000000003,0.437351,0.44646500000000006,0.002972861575569906,0.14978985000000003,0.015245450000000002,0.27939125000000004,,,custom:libsad_search_fce412939d20fb.so,/home/rzzhang/sad_merged/sad/build/libsad_search_fce412939d20fb.so
2026-08-22T16:33:51.963699+00:00,20260822T160502,joint:rzz-hea:24:bcd8853a88fe46df,ok,,rzz-hea,24,8,float64,42,64,2,64,2,1,0.0,rotation,rotation,3,3,compact:L5R2W1-L5R2W1-L5R2W1,compact:L5R2W1-L5R2W1-L5R2W1,,,split,optimized,3,3,3,139.964094,140.03006566666667,139.92431399999998,140.201789,0.12250793037822627,36.65363466666666,1.768159,101.608272,,,custom:libsad_search_7ec063ebc99501.so,/home/rzzhang/sad_merged/sad/build/libsad_search_7ec063ebc99501.so
2026-08-22T16:33:52.841487+00:00,20260822T160502,joint:rzz-hea:18:b98712b4b4a08e91,ok,,rzz-hea,18,8,float64,42,64,2,64,2,2,1.0,rotation,rotation,18,18,compact:L1R0W0-L1R0W0-L1R0W0-L1R0W0-L1R0W0-L1R0W0-L1R0W0-L1R0W0-L1R0W0-L1R0W0-L1R0W0-L1R0W0-L1R0W0-L1R0W0-L1R0W0-L1R0W0-L1R0W0-L1R0W0,compact:L1R0W0-L1R0W0-L1R0W0-L1R0W0-L1R0W0-L1R0W0-L1R0W0-L1R0W0-L1R0W0-L1R0W0-L1R0W0-L1R0W0-L1R0W0-L1R0W0-L1R0W0-L1R0W0-L1R0W0-L1R0W0,,,split,optimized,5,3,5,3.597125,3.5956576,3.590157,3.5975539999999997,0.002785144922620701,1.2640562,0.031772,2.2998293999999997,,,custom:libsad_search_20c37ff249ec0a.so,/home/rzzhang/sad_merged/sad/build/libsad_search_20c37ff249ec0a.so
2026-08-22T16:33:52.882896+00:00,20260822T160502,joint:rzz-hea:24:c9358ce4da81f7ea,ok,,rzz-hea,24,8,float64,42,128,2,128,2,2,0.25,rotation,rotation,8,8,compact:L3R0W0-L3R0W0-L3R0W0-L3R0W0-L3R0W0-L3R0W0-L3R0W0-L3R0W0,compact:L3R0W0-L3R0W0-L3R0W0-L3R0W0-L3R0W0-L3R0W0-L3R0W0-L3R0W0,,,merged,optimized,3,3,3,153.622535,153.58158766666665,153.489013,153.63321499999998,0.06560521971780497,40.299324999999996,1.7630249999999998,111.51923766666665,,,custom:libsad_search_b969ada61d8a74.so,/home/rzzhang/sad_merged/sad/build/libsad_search_b969ada61d8a74.so
2026-08-22T16:33:53.831911+00:00,20260822T160502,joint:rzz-hea:20:58f0bfc060d0ad15,ok,,rzz-hea,20,8,float64,42,32,2,128,2,1,1.0,rotation,rotation,20,20,compact:L1R0W0-L1R0W0-L1R0W0-L1R0W0-L1R0W0-L1R0W0-L1R0W0-L1R0W0-L1R0W0-L1R0W0-L1R0W0-L1R0W0-L1R0W0-L1R0W0-L1R0W0-L1R0W0-L1R0W0-L1R0W0-L1R0W0-L1R0W0,compact:L1R0W0-L1R0W0-L1R0W0-L1R0W0-L1R0W0-L1R0W0-L1R0W0-L1R0W0-L1R0W0-L1R0W0-L1R0W0-L1R0W0-L1R0W0-L1R0W0-L1R0W0-L1R0W0-L1R0W0-L1R0W0-L1R0W0-L1R0W0,,,merged,optimized,5,3,5,10.857462,10.8586262,10.854275,10.86678,0.004296453812157372,3.1919066000000003,0.097572,7.569147599999999,,,custom:libsad_search_2a8327787a9aac.so,/home/rzzhang/sad_merged/sad/build/libsad_search_2a8327787a9aac.so
2026-08-22T16:33:53.931819+00:00,20260822T160502,joint:rzz-hea:12:9a06194292568b65,ok,,rzz-hea,12,8,float64,42,128,2,128,2,2,0.5,rotation,rotation,7,7,compact:L2R0W0-L2R0W0-L2R0W0-L2R0W0-L2R0W0-L1R0W0-L1R0W0,compact:L2R0W0-L2R0W0-L2R0W0-L2R0W0-L2R0W0-L1R0W0-L1R0W0,,,merged,optimized,10,3,10,0.856009,0.8558328,0.854988,0.857008,0.0006181413754150339,0.3203236,0.0154648,0.5200444000000001,,,custom:libsad_search_b969ada61d8a74.so,/home/rzzhang/sad_merged/sad/build/libsad_search_b969ada61d8a74.so
2026-08-22T16:33:53.954139+00:00,20260822T160502,joint:rzz-hea:10:305208d546a5892a,ok,,rzz-hea,10,8,float64,42,128,2,128,2,2,0.75,rotation,rotation,8,8,compact:L2R0W0-L2R0W0-L1R0W0-L1R0W0-L1R0W0-L1R0W0-L1R0W0-L1R0W0,compact:L2R0W0-L2R0W0-L1R0W0-L1R0W0-L1R0W0-L1R0W0-L1R0W0-L1R0W0,,,split,optimized,10,3,10,0.8621530000000001,0.8620599,0.860964,0.863352,0.0007705858096279821,0.3127361,0.0156852,0.5336386,,,custom:libsad_search_d02bea87aa5c56.so,/home/rzzhang/sad_merged/sad/build/libsad_search_d02bea87aa5c56.so
2026-08-22T16:33:53.976868+00:00,20260822T160502,joint:rzz-hea:12:ab6bff542f3729a1,ok,,rzz-hea,12,8,float64,42,64,2,64,2,2,0.0,rotation,rotation,2,2,compact:L5R1W0-L5R1W0,compact:L5R1W0-L5R1W0,,,split,optimized,10,3,10,0.483274,0.48254359999999996,0.478103,0.483314,0.0015487378215824647,0.1470051,0.014924099999999997,0.3206144,,,custom:libsad_search_20c37ff249ec0a.so,/home/rzzhang/sad_merged/sad/build/libsad_search_20c37ff249ec0a.so
2026-08-22T16:33:53.994194+00:00,20260822T160502,joint:rzz-hea:6:f75ae9ea6fe6262a,ok,,rzz-hea,6,8,float64,42,32,2,32,2,2,0.0,rotation,rotation,1,1,compact:L5R1W0,compact:L5R1W0,,,split,optimized,20,3,20,0.24878899999999998,0.2487426,0.24769899999999997,0.24977300000000002,0.0004024524071241283,0.07548055,0.015543250000000002,0.1577188,,,custom:libsad_search_16d9d6cef53b3d.so,/home/rzzhang/sad_merged/sad/build/libsad_search_16d9d6cef53b3d.so
2026-08-22T16:33:54.011343+00:00,20260822T160502,joint:rzz-hea:28:06a91dd88b576747,ok,,rzz-hea,28,8,float64,42,64,2,64,2,2,0.25,rotation,rotation,10,10,compact:L3R0W0-L3R0W0-L3R0W0-L3R0W0-L3R0W0-L3R0W0-L3R0W0-L3R0W0-L2R0W0-L2R0W0,compact:L3R0W0-L3R0W0-L3R0W0-L3R0W0-L3R0W0-L3R0W0-L3R0W0-L3R0W0-L2R0W0-L2R0W0,,,merged,optimized,2,3,2,2993.0884605,2993.0884605,2992.793979,2993.382942,0.29448150000007445,775.0312809999999,82.32365650000001,2135.733523,,,custom:libsad_search_97eec9f2a848ec.so,/home/rzzhang/sad_merged/sad/build/libsad_search_97eec9f2a848ec.so
2026-08-22T16:34:09.006556+00:00,20260822T160502,joint:rzz-hea:18:dad804a047187943,ok,,rzz-hea,18,8,float64,42,64,2,64,2,2,1.0,rotation,rotation,18,18,compact:L1R0W0-L1R0W0-L1R0W0-L1R0W0-L1R0W0-L1R0W0-L1R0W0-L1R0W0-L1R0W0-L1R0W0-L1R0W0-L1R0W0-L1R0W0-L1R0W0-L1R0W0-L1R0W0-L1R0W0-L1R0W0,compact:L1R0W0-L1R0W0-L1R0W0-L1R0W0-L1R0W0-L1R0W0-L1R0W0-L1R0W0-L1R0W0-L1R0W0-L1R0W0-L1R0W0-L1R0W0-L1R0W0-L1R0W0-L1R0W0-L1R0W0-L1R0W0,,,merged,optimized,5,3,5,3.693507,3.695129,3.690503,3.7057230000000003,0.005486122237063408,1.1521948000000002,0.032036199999999994,2.510898,,,custom:libsad_search_97eec9f2a848ec.so,/home/rzzhang/sad_merged/sad/build/libsad_search_97eec9f2a848ec.so
2026-08-22T16:34:09.064207+00:00,20260822T160502,joint:rzz-hea:4:a7460642c8fbcdd1,ok,,rzz-hea,4,8,float64,42,32,2,32,2,1,0.75,rotation,rotation,3,3,compact:L2R0W0-L1R0W0-L1R0W0,compact:L2R0W0-L1R0W0-L1R0W0,,,merged,optimized,20,3,20,0.23037749999999999,0.23040750000000002,0.229187,0.23236700000000002,0.0006960520454678715,0.073694,0.015470900000000001,0.14124260000000002,,,custom:libsad_search_f9cdaf042a7bd6.so,/home/rzzhang/sad_merged/sad/build/libsad_search_f9cdaf042a7bd6.so
2026-08-22T16:34:09.087350+00:00,20260822T160502,joint:rzz-hea:10:6597d4ef35ca6fec,ok,,rzz-hea,10,8,float64,42,64,2,64,2,2,0.75,rotation,rotation,8,8,compact:L2R0W0-L2R0W0-L1R0W0-L1R0W0-L1R0W0-L1R0W0-L1R0W0-L1R0W0,compact:L2R0W0-L2R0W0-L1R0W0-L1R0W0-L1R0W0-L1R0W0-L1R0W0-L1R0W0,,,merged,optimized,10,3,10,0.700476,0.7004808,0.6992090000000001,0.701436,0.0007381143271878481,0.28079770000000004,0.015573099999999998,0.40410999999999997,,,custom:libsad_search_97eec9f2a848ec.so,/home/rzzhang/sad_merged/sad/build/libsad_search_97eec9f2a848ec.so
2026-08-22T16:34:09.113672+00:00,20260822T160502,joint:rzz-hea:12:e86c11d0eb32b622,ok,,rzz-hea,12,8,float64,42,128,2,32,2,2,1.0,rotation,rotation,12,12,compact:L1R0W0-L1R0W0-L1R0W0-L1R0W0-L1R0W0-L1R0W0-L1R0W0-L1R0W0-L1R0W0-L1R0W0-L1R0W0-L1R0W0,compact:L1R0W0-L1R0W0-L1R0W0-L1R0W0-L1R0W0-L1R0W0-L1R0W0-L1R0W0-L1R0W0-L1R0W0-L1R0W0-L1R0W0,,,merged,optimized,10,3,10,1.0433805,1.042492,1.038164,1.0436860000000001,0.0016344184286772947,0.4736556,0.0154169,0.5534195,,,custom:libsad_search_d014591f51543a.so,/home/rzzhang/sad_merged/sad/build/libsad_search_d014591f51543a.so
2026-08-22T16:34:09.144692+00:00,20260822T160502,joint:rzz-hea:16:3af5a828ca8b95a3,ok,,rzz-hea,16,8,float64,42,64,2,64,2,1,0.0,rotation,rotation,2,2,compact:L5R2W1-L5R2W1,compact:L5R2W1-L5R2W1,,,split,optimized,5,3,5,0.899028,0.898792,0.897857,0.899948,0.000773313131920045,0.2187166,0.015612,0.6644634,,,custom:libsad_search_7ec063ebc99501.so,/home/rzzhang/sad_merged/sad/build/libsad_search_7ec063ebc99501.so
2026-08-22T16:34:09.172615+00:00,20260822T160502,joint:rzz-hea:10:04c9767893f36fac,ok,,rzz-hea,10,8,float64,42,32,2,128,2,1,0.25,rotation,rotation,4,4,compact:L3R0W0-L3R0W0-L2R0W0-L2R0W0,compact:L3R0W0-L3R0W0-L2R0W0-L2R0W0,,,merged,optimized,10,3,10,0.5487615,0.5488145,0.543726,0.553076,0.003949111450693699,0.1684194,0.015464900000000002,0.36493020000000004,,,custom:libsad_search_2a8327787a9aac.so,/home/rzzhang/sad_merged/sad/build/libsad_search_2a8327787a9aac.so
2026-08-22T16:34:09.196576+00:00,20260822T160502,joint:rzz-hea:18:15f58377c8fffe29,ok,,rzz-hea,18,8,float64,42,128,2,32,2,1,0.0,rotation,rotation,2,3,compact:L5R2W2-L5R2W2,compact:L5R1W0-L5R1W0-L5R1W0,,,split,optimized,5,3,5,2.266067,2.2644148,2.257845,2.2691410000000003,0.00421390462160689,0.565339,0.0318824,1.6671934,,,custom:libsad_search_7259903b8346c4.so,/home/rzzhang/sad_merged/sad/build/libsad_search_7259903b8346c4.so
2026-08-22T16:34:09.242999+00:00,20260822T160502,joint:rzz-hea:14:8c0497389f1cc48c,ok,,rzz-hea,14,8,float64,42,64,2,64,2,1,0.0,rotation,rotation,2,2,compact:L5R2W0-L5R2W0,compact:L5R2W0-L5R2W0,,,merged,optimized,10,3,10,0.503771,0.5037621999999999,0.502681,0.5058159999999999,0.0009347309559439901,0.15687040000000002,0.015358299999999998,0.33153350000000004,,,custom:libsad_search_7e5293342e215a.so,/home/rzzhang/sad_merged/sad/build/libsad_search_7e5293342e215a.so
2026-08-22T16:34:09.267077+00:00,20260822T160502,joint:rzz-hea:10:b871b6c3469258a2,ok,,rzz-hea,10,8,float64,42,128,2,128,2,1,0.0,rotation,rotation,2,2,compact:L5R0W0-L5R0W0,compact:L5R0W0-L5R0W0,,,merged,optimized,10,3,10,0.4699715,0.46986609999999995,0.46891399999999994,0.470136,0.00032603909274811233,0.1481708,0.015507,0.30618829999999997,,,custom:libsad_search_8fbfac92ec4bef.so,/home/rzzhang/sad_merged/sad/build/libsad_search_8fbfac92ec4bef.so
2026-08-22T16:34:09.284908+00:00,20260822T160502,joint:rzz-hea:22:47614b3b1a0be7f5,ok,,rzz-hea,22,8,float64,42,128,2,128,2,2,0.25,rotation,rotation,8,8,compact:L3R0W0-L3R0W0-L3R0W0-L3R0W0-L3R0W0-L3R0W0-L2R0W0-L2R0W0,compact:L3R0W0-L3R0W0-L3R0W0-L3R0W0-L3R0W0-L3R0W0-L2R0W0-L2R0W0,,,split,optimized,3,3,3,35.255935,35.329331333333336,35.244921,35.487138,0.11167672118615021,7.979666666666666,0.40773066666666674,26.941934,,,custom:libsad_search_d02bea87aa5c56.so,/home/rzzhang/sad_merged/sad/build/libsad_search_d02bea87aa5c56.so
2026-08-22T16:34:09.521471+00:00,20260822T160502,joint:rzz-hea:14:c6a43871773f9c45,ok,,rzz-hea,14,8,float64,42,128,2,128,2,2,0.75,rotation,rotation,11,11,compact:L2R0W0-L2R0W0-L2R0W0-L1R0W0-L1R0W0-L1R0W0-L1R0W0-L1R0W0-L1R0W0-L1R0W0-L1R0W0,compact:L2R0W0-L2R0W0-L2R0W0-L1R0W0-L1R0W0-L1R0W0-L1R0W0-L1R0W0-L1R0W0-L1R0W0-L1R0W0,,,merged,optimized,10,3,10,1.293234,1.2930557,1.2922099999999999,1.29433,0.0006252847431371015,0.5018111000000001,0.0153872,0.7758573999999999,,,custom:libsad_search_b969ada61d8a74.so,/home/rzzhang/sad_merged/sad/build/libsad_search_b969ada61d8a74.so
2026-08-22T16:34:09.550062+00:00,20260822T160502,joint:rzz-hea:6:4fdd6f06f40d10f6,ok,,rzz-hea,6,8,float64,42,32,2,32,2,2,1.0,rotation,rotation,6,6,compact:L1R0W0-L1R0W0-L1R0W0-L1R0W0-L1R0W0-L1R0W0,compact:L1R0W0-L1R0W0-L1R0W0-L1R0W0-L1R0W0-L1R0W0,,,merged,optimized,20,3,20,0.413636,0.41339585,0.41161699999999996,0.41467499999999996,0.0007868124474740004,0.15377085000000001,0.01516495,0.24446005,,,custom:libsad_search_dcff342f285260.so,/home/rzzhang/sad_merged/sad/build/libsad_search_dcff342f285260.so
2026-08-22T16:34:09.570876+00:00,20260822T160502,joint:rzz-hea:24:55e2059b578cb1ee,ok,,rzz-hea,24,8,float64,42,32,2,32,2,2,0.75,rotation,rotation,19,19,compact:L2R0W0-L2R0W0-L2R0W0-L2R0W0-L2R0W0-L1R0W0-L1R0W0-L1R0W0-L1R0W0-L1R0W0-L1R0W0-L1R0W0-L1R0W0-L1R0W0-L1R0W0-L1R0W0-L1R0W0-L1R0W0-L1R0W0,compact:L2R0W0-L2R0W0-L2R0W0-L2R0W0-L2R0W0-L1R0W0-L1R0W0-L1R0W0-L1R0W0-L1R0W0-L1R0W0-L1R0W0-L1R0W0-L1R0W0-L1R0W0-L1R0W0-L1R0W0-L1R0W0-L1R0W0,,,merged,optimized,3,3,3,301.088314,301.129477,301.0084,301.291717,0.11926979234492001,84.03072733333333,1.7643856666666666,215.33436399999997,,,custom:libsad_search_dcff342f285260.so,/home/rzzhang/sad_merged/sad/build/libsad_search_dcff342f285260.so
2026-08-22T16:34:11.407998+00:00,20260822T160502,joint:rzz-hea:26:c32cca64bc4ad140,ok,,rzz-hea,26,8,float64,42,32,2,128,2,1,0.5,rotation,rotation,15,14,compact:L2R0W0-L2R0W0-L2R0W0-L2R0W0-L2R0W0-L2R0W0-L2R0W0-L2R0W0-L2R0W0-L2R0W0-L2R0W0-L1R0W0-L1R0W0-L1R0W0-L1R0W0,compact:L2R0W0-L2R0W0-L2R0W0-L2R0W0-L2R0W0-L2R0W0-L2R0W0-L2R0W0-L2R0W0-L2R0W0-L2R0W0-L2R0W0-L1R0W0-L1R0W0,,,split,optimized,2,3,2,980.561627,980.561627,980.386531,980.736723,0.17509599999999637,312.4377205,10.2116975,657.9122090000001,,,custom:libsad_search_0e4f539ceca897.so,/home/rzzhang/sad_merged/sad/build/libsad_search_0e4f539ceca897.so
2026-08-22T16:34:16.341629+00:00,20260822T160502,joint:rzz-hea:22:b5ddc50584951c57,ok,,rzz-hea,22,8,float64,42,128,2,32,2,2,0.0,rotation,rotation,3,4,compact:L5R2W1-L5R2W0-L5R2W0,compact:L5R1W0-L5R1W0-L5R0W0-L5R0W0,,,split,optimized,3,3,3,31.649379000000007,31.643332333333333,31.629882,31.650736,0.009526942928116485,7.620534333333334,0.4017183333333333,23.621079666666667,,,custom:libsad_search_3b115211f38255.so,/home/rzzhang/sad_merged/sad/build/libsad_search_3b115211f38255.so
2026-08-22T16:34:16.565686+00:00,20260822T160502,joint:rzz-hea:8:4726c2bf582de4a0,ok,,rzz-hea,8,8,float64,42,64,2,64,2,2,1.0,rotation,rotation,8,8,compact:L1R0W0-L1R0W0-L1R0W0-L1R0W0-L1R0W0-L1R0W0-L1R0W0-L1R0W0,compact:L1R0W0-L1R0W0-L1R0W0-L1R0W0-L1R0W0-L1R0W0-L1R0W0-L1R0W0,,,merged,optimized,20,3,20,0.6092754999999999,0.60958885,0.6081730000000001,0.614356,0.0012675447635093645,0.24713744999999995,0.01544045,0.34701095000000004,,,custom:libsad_search_97eec9f2a848ec.so,/home/rzzhang/sad_merged/sad/build/libsad_search_97eec9f2a848ec.so
2026-08-22T16:34:16.591495+00:00,20260822T160502,joint:rzz-hea:18:1aa21cca6bcb5b21,ok,,rzz-hea,18,8,float64,42,128,2,32,2,1,0.25,rotation,rotation,6,7,compact:L3R0W0-L3R0W0-L3R0W0-L3R0W0-L3R0W0-L3R0W0,compact:L3R0W0-L3R0W0-L3R0W0-L3R0W0-L2R0W0-L2R0W0-L2R0W0,,,split,optimized,5,3,5,2.50751,2.5066987999999997,2.5047209999999995,2.507919,0.0012939329812630123,0.7379022000000001,0.0317244,1.7370721999999996,,,custom:libsad_search_7259903b8346c4.so,/home/rzzhang/sad_merged/sad/build/libsad_search_7259903b8346c4.so
2026-08-22T16:34:16.623820+00:00,20260822T160502,joint:rzz-hea:22:31f7ea062fa42850,ok,,rzz-hea,22,8,float64,42,32,2,128,2,2,0.0,rotation,rotation,4,3,compact:L5R1W0-L5R1W0-L5R0W0-L5R0W0,compact:L5R2W1-L5R2W0-L5R2W0,,,merged,optimized,3,3,3,34.348765,34.34903766666667,34.347553000000005,34.350795,0.0013375104568619151,7.187708,0.4252866666666667,26.736043000000002,,,custom:libsad_search_fce412939d20fb.so,/home/rzzhang/sad_merged/sad/build/libsad_search_fce412939d20fb.so
2026-08-22T16:34:16.852294+00:00,20260822T160502,joint:rzz-hea:18:fb8112c34dbdc056,ok,,rzz-hea,18,8,float64,42,32,2,128,2,2,0.25,rotation,rotation,7,6,compact:L3R0W0-L3R0W0-L3R0W0-L3R0W0-L2R0W0-L2R0W0-L2R0W0,compact:L3R0W0-L3R0W0-L3R0W0-L3R0W0-L3R0W0-L3R0W0,,,split,optimized,5,3,5,2.690118,2.6918206000000002,2.689918,2.6981740000000003,0.003193165426344292,0.7880504,0.0335826,1.8701876,,,custom:libsad_search_2a0e4369743c84.so,/home/rzzhang/sad_merged/sad/build/libsad_search_2a0e4369743c84.so
2026-08-22T16:34:16.886126+00:00,20260822T160502,joint:rzz-hea:10:aafaa373bfabb8f3,ok,,rzz-hea,10,8,float64,42,128,2,32,2,2,0.5,rotation,rotation,6,6,compact:L2R0W0-L2R0W0-L2R0W0-L2R0W0-L1R0W0-L1R0W0,compact:L2R0W0-L2R0W0-L2R0W0-L2R0W0-L1R0W0-L1R0W0,,,split,optimized,10,3,10,0.681905,0.6817368,0.68081,0.6828430000000001,0.000708526047509889,0.27056279999999994,0.015272000000000003,0.395902,,,custom:libsad_search_3b115211f38255.so,/home/rzzhang/sad_merged/sad/build/libsad_search_3b115211f38255.so
2026-08-22T16:34:16.906088+00:00,20260822T160502,joint:rzz-hea:10:caf965be614c545b,ok,,rzz-hea,10,8,float64,42,32,2,128,2,1,0.5,rotation,rotation,6,6,compact:L2R0W0-L2R0W0-L2R0W0-L2R0W0-L1R0W0-L1R0W0,compact:L2R0W0-L2R0W0-L2R0W0-L2R0W0-L1R0W0-L1R0W0,,,split,optimized,10,3,10,0.7464715,0.7469559,0.746295,0.748533,0.0007260777437712715,0.2375292,0.015439099999999999,0.49398759999999997,,,custom:libsad_search_0e4f539ceca897.so,/home/rzzhang/sad_merged/sad/build/libsad_search_0e4f539ceca897.so
2026-08-22T16:34:16.926819+00:00,20260822T160502,joint:rzz-hea:16:daa81914e822c6f6,ok,,rzz-hea,16,8,float64,42,32,2,128,2,2,1.0,rotation,rotation,16,16,compact:L1R0W0-L1R0W0-L1R0W0-L1R0W0-L1R0W0-L1R0W0-L1R0W0-L1R0W0-L1R0W0-L1R0W0-L1R0W0-L1R0W0-L1R0W0-L1R0W0-L1R0W0-L1R0W0,compact:L1R0W0-L1R0W0-L1R0W0-L1R0W0-L1R0W0-L1R0W0-L1R0W0-L1R0W0-L1R0W0-L1R0W0-L1R0W0-L1R0W0-L1R0W0-L1R0W0-L1R0W0-L1R0W0,,,merged,optimized,5,3,5,2.182,2.182086,2.180057,2.183313,0.0011607631972111508,0.6938829999999999,0.015595,1.472608,,,custom:libsad_search_fce412939d20fb.so,/home/rzzhang/sad_merged/sad/build/libsad_search_fce412939d20fb.so
2026-08-22T16:34:16.956582+00:00,20260822T160502,joint:rzz-hea:10:b41962d7462aa0b2,ok,,rzz-hea,10,8,float64,42,32,2,32,2,1,0.25,rotation,rotation,4,4,compact:L3R0W0-L3R0W0-L2R0W0-L2R0W0,compact:L3R0W0-L3R0W0-L2R0W0-L2R0W0,,,merged,optimized,10,3,10,0.4874235,0.4876203,0.487336,0.48873099999999997,0.0004230106499841257,0.1772486,0.0154054,0.2949663,,,custom:libsad_search_f9cdaf042a7bd6.so,/home/rzzhang/sad_merged/sad/build/libsad_search_f9cdaf042a7bd6.so
2026-08-22T16:34:16.974217+00:00,20260822T160502,joint:rzz-hea:4:0fa892e7f62b085a,ok,,rzz-hea,4,8,float64,42,64,2,64,2,2,0.25,rotation,rotation,2,2,compact:L2R0W0-L2R0W0,compact:L2R0W0-L2R0W0,,,merged,optimized,20,3,20,0.209918,0.21034155000000002,0.209714,0.211943,0.0007010600170456145,0.060476499999999996,0.015330650000000001,0.1345344,,,custom:libsad_search_97eec9f2a848ec.so,/home/rzzhang/sad_merged/sad/build/libsad_search_97eec9f2a848ec.so
2026-08-22T16:34:16.990044+00:00,20260822T160502,joint:rzz-hea:28:37c9a58290430049,ok,,rzz-hea,28,8,float64,42,128,2,128,2,2,0.0,rotation,rotation,4,4,compact:L5R2W0-L5R2W0-L5R2W0-L5R2W0,compact:L5R2W0-L5R2W0-L5R2W0-L5R2W0,,,split,optimized,2,3,2,2505.402433,2505.402433,2505.206333,2505.5985330000003,0.19610000000011496,624.524941,82.0606765,1798.8168154999998,,,custom:libsad_search_d02bea87aa5c56.so,/home/rzzhang/sad_merged/sad/build/libsad_search_d02bea87aa5c56.so
2026-08-22T16:34:29.563300+00:00,20260822T160502,joint:rzz-hea:20:5c944c72c56b259b,ok,,rzz-hea,20,8,float64,42,64,2,64,2,1,0.0,legacy,legacy,0,0,,,,,not_applicable,legacy-generic,5,3,5,7.785430000000001,7.785994,7.7843219999999995,7.7884519999999995,0.001665045705078039,2.1518116000000003,0.09735060000000001,5.5368318,,,custom:libsad_search_5a6ce94d125b8e.so,/home/rzzhang/sad_merged/sad/build/libsad_search_5a6ce94d125b8e.so
2026-08-22T16:34:29.654226+00:00,20260822T160502,joint:rzz-hea:22:eeb33e9da313cdf4,ok,,rzz-hea,22,8,float64,42,128,2,32,2,1,0.75,rotation,rotation,17,18,compact:L2R0W0-L2R0W0-L2R0W0-L2R0W0-L2R0W0-L1R0W0-L1R0W0-L1R0W0-L1R0W0-L1R0W0-L1R0W0-L1R0W0-L1R0W0-L1R0W0-L1R0W0-L1R0W0-L1R0W0,compact:L2R0W0-L2R0W0-L2R0W0-L2R0W0-L1R0W0-L1R0W0-L1R0W0-L1R0W0-L1R0W0-L1R0W0-L1R0W0-L1R0W0-L1R0W0-L1R0W0-L1R0W0-L1R0W0-L1R0W0-L1R0W0,,,merged,optimized,3,3,3,62.504669,62.622898666666664,62.43465,62.929376999999995,0.21859001455133964,10.787207,0.40173333333333333,51.43395833333334,,,custom:libsad_search_5851e15f736f52.so,/home/rzzhang/sad_merged/sad/build/libsad_search_5851e15f736f52.so
2026-08-22T16:34:30.071447+00:00,20260822T160502,joint:rzz-hea:24:d9c58ddfe7d19697,ok,,rzz-hea,24,8,float64,42,64,2,64,2,1,0.25,rotation,rotation,8,8,compact:L3R0W0-L3R0W0-L3R0W0-L3R0W0-L3R0W0-L3R0W0-L3R0W0-L3R0W0,compact:L3R0W0-L3R0W0-L3R0W0-L3R0W0-L3R0W0-L3R0W0-L3R0W0-L3R0W0,,,split,optimized,3,3,3,157.914029,157.9311723333333,157.897876,157.98161199999998,0.036270739651797015,48.995383999999994,1.7714173333333334,107.16437099999999,,,custom:libsad_search_7ec063ebc99501.so,/home/rzzhang/sad_merged/sad/build/libsad_search_7ec063ebc99501.so
2026-08-22T16:34:31.048401+00:00,20260822T160502,joint:rzz-hea:16:f47dfa125fbb3029,ok,,rzz-hea,16,8,float64,42,32,2,32,2,2,0.5,rotation,rotation,10,10,compact:L2R0W0-L2R0W0-L2R0W0-L2R0W0-L2R0W0-L2R0W0-L1R0W0-L1R0W0-L1R0W0-L1R0W0,compact:L2R0W0-L2R0W0-L2R0W0-L2R0W0-L2R0W0-L2R0W0-L1R0W0-L1R0W0-L1R0W0-L1R0W0,,,merged,optimized,5,3,5,1.504226,1.504606,1.5032,1.5062219999999997,0.00103187983796551,0.45647960000000004,0.015678600000000004,1.0324478,,,custom:libsad_search_dcff342f285260.so,/home/rzzhang/sad_merged/sad/build/libsad_search_dcff342f285260.so
2026-08-22T16:34:31.072855+00:00,20260822T160502,joint:rzz-hea:24:f99e04d9bbd65438,ok,,rzz-hea,24,8,float64,42,32,2,32,2,1,0.0,legacy,legacy,0,0,,,,,not_applicable,legacy-generic,3,3,3,140.933008,140.92300833333334,140.900031,140.93598599999999,0.016292851322647895,41.00403,1.7754373333333333,98.143541,,,custom:libsad_search_06042376d3c545.so,/home/rzzhang/sad_merged/sad/build/libsad_search_06042376d3c545.so
2026-08-22T16:34:31.948039+00:00,20260822T160502,joint:rzz-hea:26:4e6f5b62733735e2,ok,,rzz-hea,26,8,float64,42,32,2,128,2,2,0.5,rotation,rotation,15,14,compact:L2R0W0-L2R0W0-L2R0W0-L2R0W0-L2R0W0-L2R0W0-L2R0W0-L2R0W0-L2R0W0-L2R0W0-L2R0W0-L1R0W0-L1R0W0-L1R0W0-L1R0W0,compact:L2R0W0-L2R0W0-L2R0W0-L2R0W0-L2R0W0-L2R0W0-L2R0W0-L2R0W0-L2R0W0-L2R0W0-L2R0W0-L2R0W0-L1R0W0-L1R0W0,,,split,optimized,2,3,2,981.488783,981.488783,981.2471820000001,981.730384,0.241600999999946,312.48242949999997,10.16488,658.8414735,,,custom:libsad_search_2a0e4369743c84.so,/home/rzzhang/sad_merged/sad/build/libsad_search_2a0e4369743c84.so
2026-08-22T16:34:36.885699+00:00,20260822T160502,joint:rzz-hea:6:077984e45f5102b2,ok,,rzz-hea,6,8,float64,42,32,2,128,2,2,0.25,rotation,rotation,2,2,compact:L3R0W0-L3R0W0,compact:L3R0W0-L3R0W0,,,merged,optimized,20,3,20,0.281041,0.2814037,0.279533,0.287731,0.001641298056417545,0.07345255,0.0155695,0.19238165,,,custom:libsad_search_fce412939d20fb.so,/home/rzzhang/sad_merged/sad/build/libsad_search_fce412939d20fb.so
2026-08-22T16:34:36.909927+00:00,20260822T160502,joint:rzz-hea:10:9c052c31d8e91488,ok,,rzz-hea,10,8,float64,42,32,2,128,2,2,0.0,rotation,rotation,2,2,compact:L5R0W0-L5R0W0,compact:L5R0W0-L5R0W0,,,merged,optimized,10,3,10,0.4392165,0.4379261,0.43209,0.439407,0.0026578727753600396,0.11767999999999999,0.0153919,0.30485419999999996,,,custom:libsad_search_fce412939d20fb.so,/home/rzzhang/sad_merged/sad/build/libsad_search_fce412939d20fb.so
2026-08-22T16:34:36.932866+00:00,20260822T160502,joint:rzz-hea:26:0fe66fc86edac389,ok,,rzz-hea,26,8,float64,42,64,2,64,2,1,1.0,rotation,rotation,26,26,compact:L1R0W0-L1R0W0-L1R0W0-L1R0W0-L1R0W0-L1R0W0-L1R0W0-L1R0W0-L1R0W0-L1R0W0-L1R0W0-L1R0W0-L1R0W0-L1R0W0-L1R0W0-L1R0W0-L1R0W0-L1R0W0-L1R0W0-L1R0W0-L1R0W0-L1R0W0-L1R0W0-L1R0W0-L1R0W0-L1R0W0,compact:L1R0W0-L1R0W0-L1R0W0-L1R0W0-L1R0W0-L1R0W0-L1R0W0-L1R0W0-L1R0W0-L1R0W0-L1R0W0-L1R0W0-L1R0W0-L1R0W0-L1R0W0-L1R0W0-L1R0W0-L1R0W0-L1R0W0-L1R0W0-L1R0W0-L1R0W0-L1R0W0-L1R0W0-L1R0W0-L1R0W0,,,split,optimized,2,3,2,1613.6184155,1613.6184155,1613.4583460000001,1613.778485,0.16006949999996323,494.1637675,10.249420499999998,1109.2052274999999,,,custom:libsad_search_7ec063ebc99501.so,/home/rzzhang/sad_merged/sad/build/libsad_search_7ec063ebc99501.so
2026-08-22T16:34:45.030084+00:00,20260822T160502,joint:rzz-hea:18:ec834282dc4cb0b6,ok,,rzz-hea,18,8,float64,42,128,2,32,2,1,0.75,rotation,rotation,14,14,compact:L2R0W0-L2R0W0-L2R0W0-L2R0W0-L1R0W0-L1R0W0-L1R0W0-L1R0W0-L1R0W0-L1R0W0-L1R0W0-L1R0W0-L1R0W0-L1R0W0,compact:L2R0W0-L2R0W0-L2R0W0-L2R0W0-L1R0W0-L1R0W0-L1R0W0-L1R0W0-L1R0W0-L1R0W0-L1R0W0-L1R0W0-L1R0W0-L1R0W0,,,merged,optimized,5,3,5,3.342312,3.3443098,3.3412110000000004,3.351479,0.003876055799391895,1.0065790000000001,0.0319824,2.3057484,,,custom:libsad_search_5851e15f736f52.so,/home/rzzhang/sad_merged/sad/build/libsad_search_5851e15f736f52.so
2026-08-22T16:34:45.084490+00:00,20260822T160502,joint:rzz-hea:24:2c29ad4a7e6a3ec7,ok,,rzz-hea,24,8,float64,42,128,2,32,2,1,0.25,rotation,rotation,8,9,compact:L3R0W0-L3R0W0-L3R0W0-L3R0W0-L3R0W0-L3R0W0-L3R0W0-L3R0W0,compact:L3R0W0-L3R0W0-L3R0W0-L3R0W0-L3R0W0-L3R0W0-L2R0W0-L2R0W0-L2R0W0,,,split,optimized,3,3,3,167.39896399999998,167.40660033333333,167.39710499999998,167.423732,0.012137667879613168,49.08234266666667,1.7853333333333332,116.53892433333334,,,custom:libsad_search_7259903b8346c4.so,/home/rzzhang/sad_merged/sad/build/libsad_search_7259903b8346c4.so
2026-08-22T16:34:46.117449+00:00,20260822T160502,joint:rzz-hea:16:58120284f3fae1fc,ok,,rzz-hea,16,8,float64,42,128,2,128,2,1,0.5,rotation,rotation,9,9,compact:L2R0W0-L2R0W0-L2R0W0-L2R0W0-L2R0W0-L2R0W0-L2R0W0-L1R0W0-L1R0W0,compact:L2R0W0-L2R0W0-L2R0W0-L2R0W0-L2R0W0-L2R0W0-L2R0W0-L1R0W0-L1R0W0,,,merged,optimized,5,3,5,1.5687579999999999,1.5687246,1.5676649999999999,1.5696999999999999,0.0006446573043098211,0.471374,0.0156668,1.0816837999999998,,,custom:libsad_search_8fbfac92ec4bef.so,/home/rzzhang/sad_merged/sad/build/libsad_search_8fbfac92ec4bef.so
2026-08-22T16:34:46.142368+00:00,20260822T160502,joint:rzz-hea:24:f1a6f6e5dd4581d3,ok,,rzz-hea,24,8,float64,42,128,2,128,2,2,0.0,rotation,rotation,3,3,compact:L5R2W1-L5R2W1-L5R2W1,compact:L5R2W1-L5R2W1-L5R2W1,,,merged,optimized,3,3,3,135.632239,135.843513,135.620252,136.27804799999998,0.30730161265548744,27.90091533333333,1.7458803333333335,106.19671733333331,,,custom:libsad_search_b969ada61d8a74.so,/home/rzzhang/sad_merged/sad/build/libsad_search_b969ada61d8a74.so
2026-08-22T16:34:46.996582+00:00,20260822T160502,joint:rzz-hea:22:dc60b387bdf286fa,ok,,rzz-hea,22,8,float64,42,32,2,32,2,2,0.25,rotation,rotation,8,8,compact:L3R0W0-L3R0W0-L3R0W0-L3R0W0-L3R0W0-L3R0W0-L2R0W0-L2R0W0,compact:L3R0W0-L3R0W0-L3R0W0-L3R0W0-L3R0W0-L3R0W0-L2R0W0-L2R0W0,,,merged,optimized,3,3,3,35.477093,35.48626033333333,35.476336999999994,35.505351,0.013502667621210104,7.266351,0.4017416666666667,27.818167666666668,,,custom:libsad_search_dcff342f285260.so,/home/rzzhang/sad_merged/sad/build/libsad_search_dcff342f285260.so
2026-08-22T16:34:47.234804+00:00,20260822T160502,joint:rzz-hea:6:175daabcddd044c1,ok,,rzz-hea,6,8,float64,42,64,2,64,2,1,0.25,rotation,rotation,2,2,compact:L3R0W0-L3R0W0,compact:L3R0W0-L3R0W0,,,merged,optimized,20,3,20,0.2497955,0.24972195,0.248789,0.25201,0.0007990596645432699,0.07565695,0.015265,0.15880000000000002,,,custom:libsad_search_7e5293342e215a.so,/home/rzzhang/sad_merged/sad/build/libsad_search_7e5293342e215a.so
2026-08-22T16:34:47.252494+00:00,20260822T160502,joint:rzz-hea:26:ca3bb0b551d3b53a,ok,,rzz-hea,26,8,float64,42,128,2,32,2,2,1.0,rotation,rotation,26,26,compact:L1R0W0-L1R0W0-L1R0W0-L1R0W0-L1R0W0-L1R0W0-L1R0W0-L1R0W0-L1R0W0-L1R0W0-L1R0W0-L1R0W0-L1R0W0-L1R0W0-L1R0W0-L1R0W0-L1R0W0-L1R0W0-L1R0W0-L1R0W0-L1R0W0-L1R0W0-L1R0W0-L1R0W0-L1R0W0-L1R0W0,compact:L1R0W0-L1R0W0-L1R0W0-L1R0W0-L1R0W0-L1R0W0-L1R0W0-L1R0W0-L1R0W0-L1R0W0-L1R0W0-L1R0W0-L1R0W0-L1R0W0-L1R0W0-L1R0W0-L1R0W0-L1R0W0-L1R0W0-L1R0W0-L1R0W0-L1R0W0-L1R0W0-L1R0W0-L1R0W0-L1R0W0,,,merged,optimized,2,3,2,1596.845878,1596.845878,1596.782218,1596.9095379999999,0.06365999999991345,453.96259549999996,10.245461,1132.6378215,,,custom:libsad_search_d014591f51543a.so,/home/rzzhang/sad_merged/sad/build/libsad_search_d014591f51543a.so
2026-08-22T16:34:55.266675+00:00,20260822T160502,joint:rzz-hea:16:234779107c108b23,ok,,rzz-hea,16,8,float64,42,128,2,32,2,2,0.75,rotation,rotation,12,13,compact:L2R0W0-L2R0W0-L2R0W0-L2R0W0-L1R0W0-L1R0W0-L1R0W0-L1R0W0-L1R0W0-L1R0W0-L1R0W0-L1R0W0,compact:L2R0W0-L2R0W0-L2R0W0-L1R0W0-L1R0W0-L1R0W0-L1R0W0-L1R0W0-L1R0W0-L1R0W0-L1R0W0-L1R0W0-L1R0W0,,,merged,optimized,5,3,5,1.75612,1.7571472,1.7550970000000001,1.7592139999999998,0.0017236637026984143,0.5832174,0.015644199999999997,1.1582856,,,custom:libsad_search_d014591f51543a.so,/home/rzzhang/sad_merged/sad/build/libsad_search_d014591f51543a.so
2026-08-22T16:34:55.302867+00:00,20260822T160502,joint:rzz-hea:16:4078aa83a64a879b,ok,,rzz-hea,16,8,float64,42,32,2,32,2,2,0.25,rotation,rotation,6,6,compact:L3R0W0-L3R0W0-L3R0W0-L3R0W0-L2R0W0-L2R0W0,compact:L3R0W0-L3R0W0-L3R0W0-L3R0W0-L2R0W0-L2R0W0,,,merged,optimized,5,3,5,1.226718,1.2269052,1.226686,1.2277040000000001,0.0003997025894337652,0.3289344,0.015628600000000003,0.8823422000000001,,,custom:libsad_search_dcff342f285260.so,/home/rzzhang/sad_merged/sad/build/libsad_search_dcff342f285260.so
2026-08-22T16:34:55.329618+00:00,20260822T160502,joint:rzz-hea:16:6efa98751be5c68d,ok,,rzz-hea,16,8,float64,42,32,2,128,2,2,1.0,rotation,rotation,16,16,compact:L1R0W0-L1R0W0-L1R0W0-L1R0W0-L1R0W0-L1R0W0-L1R0W0-L1R0W0-L1R0W0-L1R0W0-L1R0W0-L1R0W0-L1R0W0-L1R0W0-L1R0W0-L1R0W0,compact:L1R0W0-L1R0W0-L1R0W0-L1R0W0-L1R0W0-L1R0W0-L1R0W0-L1R0W0-L1R0W0-L1R0W0-L1R0W0-L1R0W0-L1R0W0-L1R0W0-L1R0W0-L1R0W0,,,split,optimized,5,3,5,1.9835249999999998,1.9846662,1.9813679999999998,1.988873,0.0029909426875151506,0.667851,0.0153884,1.3014268,,,custom:libsad_search_2a0e4369743c84.so,/home/rzzhang/sad_merged/sad/build/libsad_search_2a0e4369743c84.so
2026-08-22T16:34:55.357393+00:00,20260822T160502,joint:rzz-hea:20:23d9f511e1d42241,ok,,rzz-hea,20,8,float64,42,128,2,32,2,2,0.75,rotation,rotation,16,16,compact:L2R0W0-L2R0W0-L2R0W0-L2R0W0-L1R0W0-L1R0W0-L1R0W0-L1R0W0-L1R0W0-L1R0W0-L1R0W0-L1R0W0-L1R0W0-L1R0W0-L1R0W0-L1R0W0,compact:L2R0W0-L2R0W0-L2R0W0-L2R0W0-L1R0W0-L1R0W0-L1R0W0-L1R0W0-L1R0W0-L1R0W0-L1R0W0-L1R0W0-L1R0W0-L1R0W0-L1R0W0-L1R0W0,,,merged,optimized,5,3,5,9.496651,9.4958946,9.491609,9.498560999999999,0.002327897386054209,2.5954922000000002,0.09747099999999999,6.802931399999999,,,custom:libsad_search_d014591f51543a.so,/home/rzzhang/sad_merged/sad/build/libsad_search_d014591f51543a.so
2026-08-22T16:34:55.446107+00:00,20260822T160502,joint:rzz-hea:28:a59ff98f6db115c9,ok,,rzz-hea,28,8,float64,42,64,2,64,2,1,1.0,rotation,rotation,28,28,compact:L1R0W0-L1R0W0-L1R0W0-L1R0W0-L1R0W0-L1R0W0-L1R0W0-L1R0W0-L1R0W0-L1R0W0-L1R0W0-L1R0W0-L1R0W0-L1R0W0-L1R0W0-L1R0W0-L1R0W0-L1R0W0-L1R0W0-L1R0W0-L1R0W0-L1R0W0-L1R0W0-L1R0W0-L1R0W0-L1R0W0-L1R0W0-L1R0W0,compact:L1R0W0-L1R0W0-L1R0W0-L1R0W0-L1R0W0-L1R0W0-L1R0W0-L1R0W0-L1R0W0-L1R0W0-L1R0W0-L1R0W0-L1R0W0-L1R0W0-L1R0W0-L1R0W0-L1R0W0-L1R0W0-L1R0W0-L1R0W0-L1R0W0-L1R0W0-L1R0W0-L1R0W0-L1R0W0-L1R0W0-L1R0W0-L1R0W0,,,merged,optimized,2,3,2,6871.068859,6871.068859,6870.132262,6872.005456,0.9365969999998924,1942.7296709999998,81.77313450000001,4846.5660535,,,custom:libsad_search_7e5293342e215a.so,/home/rzzhang/sad_merged/sad/build/libsad_search_7e5293342e215a.so
2026-08-22T16:35:29.828962+00:00,20260822T160502,joint:rzz-hea:4:cc4779a8f2830fb1,ok,,rzz-hea,4,8,float64,42,64,2,64,2,2,0.5,rotation,rotation,2,2,compact:L2R0W0-L2R0W0,compact:L2R0W0-L2R0W0,,,split,optimized,20,3,20,0.2517265,0.25431545,0.250782,0.259891,0.003905718045059058,0.0869538,0.01536855,0.1519931,,,custom:libsad_search_20c37ff249ec0a.so,/home/rzzhang/sad_merged/sad/build/libsad_search_20c37ff249ec0a.so
2026-08-22T16:35:29.852093+00:00,20260822T160502,joint:rzz-hea:4:503f4a6fe49607de,ok,,rzz-hea,4,8,float64,42,128,2,128,2,1,0.0,rotation,rotation,1,1,compact:L4R0W0,compact:L4R0W0,,,split,optimized,20,3,20,0.249836,0.24991850000000002,0.24943300000000002,0.250774,0.0003260721545915864,0.07584869999999999,0.0153501,0.1587197,,,custom:libsad_search_9361435758c99d.so,/home/rzzhang/sad_merged/sad/build/libsad_search_9361435758c99d.so
2026-08-22T16:35:29.874942+00:00,20260822T160502,joint:rzz-hea:4:3cc7a2a60465321a,ok,,rzz-hea,4,8,float64,42,32,2,128,2,2,0.5,rotation,rotation,2,2,compact:L2R0W0-L2R0W0,compact:L2R0W0-L2R0W0,,,merged,optimized,20,3,20,0.2231645,0.2230912,0.22216599999999997,0.22440600000000002,0.000624883477137943,0.056650349999999995,0.01542595,0.1510149,,,custom:libsad_search_fce412939d20fb.so,/home/rzzhang/sad_merged/sad/build/libsad_search_fce412939d20fb.so
2026-08-22T16:35:29.897022+00:00,20260822T160502,joint:rzz-hea:26:d74c34799c0708f0,ok,,rzz-hea,26,8,float64,42,128,2,128,2,2,0.5,rotation,rotation,14,14,compact:L2R0W0-L2R0W0-L2R0W0-L2R0W0-L2R0W0-L2R0W0-L2R0W0-L2R0W0-L2R0W0-L2R0W0-L2R0W0-L2R0W0-L1R0W0-L1R0W0,compact:L2R0W0-L2R0W0-L2R0W0-L2R0W0-L2R0W0-L2R0W0-L2R0W0-L2R0W0-L2R0W0-L2R0W0-L2R0W0-L2R0W0-L1R0W0-L1R0W0,,,merged,optimized,2,3,2,951.5069915,951.5069915,951.3367430000001,951.67724,0.17024849999995695,257.214828,10.411005000000001,683.8811585,,,custom:libsad_search_b969ada61d8a74.so,/home/rzzhang/sad_merged/sad/build/libsad_search_b969ada61d8a74.so
2026-08-22T16:35:34.706541+00:00,20260822T160502,joint:rzz-hea:26:efdfe523e5de0e4b,ok,,rzz-hea,26,8,float64,42,128,2,32,2,1,0.0,legacy,legacy,0,0,,,,,not_applicable,legacy-generic,2,3,2,599.2744525,599.2744525,599.195464,599.353441,0.07898849999997992,174.1762455,10.417089,414.68111799999997,,,custom:libsad_search_eaf59e83158800.so,/home/rzzhang/sad_merged/sad/build/libsad_search_eaf59e83158800.so
2026-08-22T16:35:37.743527+00:00,20260822T160502,joint:rzz-hea:4:62bb3c24c9377663,ok,,rzz-hea,4,8,float64,42,128,2,128,2,1,0.75,rotation,rotation,3,3,compact:L2R0W0-L1R0W0-L1R0W0,compact:L2R0W0-L1R0W0-L1R0W0,,,split,optimized,20,3,20,0.32298550000000004,0.3229303,0.320547,0.324618,0.0009930819754682921,0.1100194,0.015503199999999998,0.1974077,,,custom:libsad_search_9361435758c99d.so,/home/rzzhang/sad_merged/sad/build/libsad_search_9361435758c99d.so
2026-08-22T16:35:37.769108+00:00,20260822T160502,joint:rzz-hea:28:035ea10cbe3113a8,ok,,rzz-hea,28,8,float64,42,64,2,64,2,2,0.0,rotation,rotation,4,4,compact:L5R2W0-L5R2W0-L5R2W0-L5R2W0,compact:L5R2W0-L5R2W0-L5R2W0-L5R2W0,,,merged,optimized,2,3,2,2489.3811045,2489.3811045,2489.045592,2489.716617,0.33551250000004984,511.87396499999994,81.35745750000001,1896.149682,,,custom:libsad_search_97eec9f2a848ec.so,/home/rzzhang/sad_merged/sad/build/libsad_search_97eec9f2a848ec.so
2026-08-22T16:35:50.256019+00:00,20260822T160502,joint:rzz-hea:24:a97d1445a65b8ed5,ok,,rzz-hea,24,8,float64,42,32,2,32,2,2,0.5,rotation,rotation,14,14,compact:L2R0W0-L2R0W0-L2R0W0-L2R0W0-L2R0W0-L2R0W0-L2R0W0-L2R0W0-L2R0W0-L2R0W0-L1R0W0-L1R0W0-L1R0W0-L1R0W0,compact:L2R0W0-L2R0W0-L2R0W0-L2R0W0-L2R0W0-L2R0W0-L2R0W0-L2R0W0-L2R0W0-L2R0W0-L1R0W0-L1R0W0-L1R0W0-L1R0W0,,,merged,optimized,3,3,3,233.84923799999999,233.82943966666667,233.73467000000002,233.90441099999998,0.07069645098272637,63.374824666666676,1.7764953333333333,168.67811966666667,,,custom:libsad_search_dcff342f285260.so,/home/rzzhang/sad_merged/sad/build/libsad_search_dcff342f285260.so
2026-08-22T16:35:51.711968+00:00,20260822T160502,joint:rzz-hea:24:8968b642070fb8ab,ok,,rzz-hea,24,8,float64,42,32,2,32,2,1,0.75,rotation,rotation,19,19,compact:L2R0W0-L2R0W0-L2R0W0-L2R0W0-L2R0W0-L1R0W0-L1R0W0-L1R0W0-L1R0W0-L1R0W0-L1R0W0-L1R0W0-L1R0W0-L1R0W0-L1R0W0-L1R0W0-L1R0W0-L1R0W0-L1R0W0,compact:L2R0W0-L2R0W0-L2R0W0-L2R0W0-L2R0W0-L1R0W0-L1R0W0-L1R0W0-L1R0W0-L1R0W0-L1R0W0-L1R0W0-L1R0W0-L1R0W0-L1R0W0-L1R0W0-L1R0W0-L1R0W0-L1R0W0,,,split,optimized,3,3,3,306.925813,306.9598213333333,306.912754,307.040897,0.0575765123658981,94.36870000000002,1.7740596666666666,210.81706166666666,,,custom:libsad_search_3cb67c7e18cc99.so,/home/rzzhang/sad_merged/sad/build/libsad_search_3cb67c7e18cc99.so
2026-08-22T16:35:53.582808+00:00,20260822T160502,joint:rzz-hea:4:8fc50681ba001bf0,ok,,rzz-hea,4,8,float64,42,128,2,32,2,2,0.0,rotation,rotation,1,1,compact:L4R0W0,compact:L4R0W0,,,split,optimized,20,3,20,0.22331099999999998,0.22319225,0.215223,0.22622699999999998,0.0020377685804575567,0.07538325,0.01528635,0.13252265,,,custom:libsad_search_3b115211f38255.so,/home/rzzhang/sad_merged/sad/build/libsad_search_3b115211f38255.so
2026-08-22T16:35:53.600310+00:00,20260822T160502,joint:rzz-hea:8:ed684b6c7a702267,ok,,rzz-hea,8,8,float64,42,128,2,128,2,1,0.5,rotation,rotation,4,4,compact:L2R0W0-L2R0W0-L2R0W0-L2R0W0,compact:L2R0W0-L2R0W0-L2R0W0-L2R0W0,,,merged,optimized,20,3,20,0.4771345,0.47709085,0.475907,0.477466,0.0002932424380951711,0.16689555,0.01531885,0.29487645,,,custom:libsad_search_8fbfac92ec4bef.so,/home/rzzhang/sad_merged/sad/build/libsad_search_8fbfac92ec4bef.so
2026-08-22T16:35:53.623708+00:00,20260822T160502,joint:rzz-hea:28:3b4181c3eba56582,ok,,rzz-hea,28,8,float64,42,128,2,32,2,2,0.25,rotation,rotation,10,10,compact:L3R0W0-L3R0W0-L3R0W0-L3R0W0-L3R0W0-L3R0W0-L3R0W0-L3R0W0-L2R0W0-L2R0W0,compact:L3R0W0-L3R0W0-L3R0W0-L3R0W0-L3R0W0-L3R0W0-L3R0W0-L3R0W0-L2R0W0-L2R0W0,,,split,optimized,2,3,2,3049.9509735,3049.9509735,3049.4585739999998,3050.443373,0.4923995000001469,931.8484389999999,81.72035550000001,2036.3821790000002,,,custom:libsad_search_3b115211f38255.so,/home/rzzhang/sad_merged/sad/build/libsad_search_3b115211f38255.so
2026-08-22T16:36:08.897040+00:00,20260822T160502,joint:rzz-hea:8:64fd7e0726eeb0fe,ok,,rzz-hea,8,8,float64,42,32,2,128,2,2,0.75,rotation,rotation,6,6,compact:L2R0W0-L2R0W0-L1R0W0-L1R0W0-L1R0W0-L1R0W0,compact:L2R0W0-L2R0W0-L1R0W0-L1R0W0-L1R0W0-L1R0W0,,,merged,optimized,20,3,20,0.5570155,0.55711245,0.555906,0.559387,0.0009181117837714501,0.19177765000000002,0.015531449999999999,0.34980335,,,custom:libsad_search_fce412939d20fb.so,/home/rzzhang/sad_merged/sad/build/libsad_search_fce412939d20fb.so
2026-08-22T16:36:08.928634+00:00,20260822T160502,joint:rzz-hea:16:4fb7607d197718ea,ok,,rzz-hea,16,8,float64,42,64,2,64,2,2,1.0,rotation,rotation,16,16,compact:L1R0W0-L1R0W0-L1R0W0-L1R0W0-L1R0W0-L1R0W0-L1R0W0-L1R0W0-L1R0W0-L1R0W0-L1R0W0-L1R0W0-L1R0W0-L1R0W0-L1R0W0-L1R0W0,compact:L1R0W0-L1R0W0-L1R0W0-L1R0W0-L1R0W0-L1R0W0-L1R0W0-L1R0W0-L1R0W0-L1R0W0-L1R0W0-L1R0W0-L1R0W0-L1R0W0-L1R0W0-L1R0W0,,,merged,optimized,5,3,5,2.0438520000000002,2.0432718000000003,2.037845,2.047007,0.0029796924270803554,0.7047814,0.0153376,1.3231528000000001,,,custom:libsad_search_97eec9f2a848ec.so,/home/rzzhang/sad_merged/sad/build/libsad_search_97eec9f2a848ec.so
2026-08-22T16:36:08.966617+00:00,20260822T160502,joint:rzz-hea:10:4525c556b7aa21d7,ok,,rzz-hea,10,8,float64,42,64,2,64,2,2,0.5,rotation,rotation,6,6,compact:L2R0W0-L2R0W0-L2R0W0-L2R0W0-L1R0W0-L1R0W0,compact:L2R0W0-L2R0W0-L2R0W0-L2R0W0-L1R0W0-L1R0W0,,,merged,optimized,10,3,10,0.5943894999999999,0.5946001,0.593816,0.59701,0.0009077403207966561,0.2292511,0.015471799999999999,0.34987719999999994,,,custom:libsad_search_97eec9f2a848ec.so,/home/rzzhang/sad_merged/sad/build/libsad_search_97eec9f2a848ec.so
2026-08-22T16:36:08.991425+00:00,20260822T160502,joint:rzz-hea:20:cb82eaa2fb6f7b72,ok,,rzz-hea,20,8,float64,42,32,2,32,2,2,0.75,rotation,rotation,16,16,compact:L2R0W0-L2R0W0-L2R0W0-L2R0W0-L1R0W0-L1R0W0-L1R0W0-L1R0W0-L1R0W0-L1R0W0-L1R0W0-L1R0W0-L1R0W0-L1R0W0-L1R0W0-L1R0W0,compact:L2R0W0-L2R0W0-L2R0W0-L2R0W0-L1R0W0-L1R0W0-L1R0W0-L1R0W0-L1R0W0-L1R0W0-L1R0W0-L1R0W0-L1R0W0-L1R0W0-L1R0W0-L1R0W0,,,split,optimized,5,3,5,9.44438,9.4461106,9.441171,9.45236,0.004125689741121915,3.0438713999999996,0.0978462,6.304393,,,custom:libsad_search_16d9d6cef53b3d.so,/home/rzzhang/sad_merged/sad/build/libsad_search_16d9d6cef53b3d.so
2026-08-22T16:36:09.095633+00:00,20260822T160502,joint:rzz-hea:12:9a19de96cff83591,ok,,rzz-hea,12,8,float64,42,128,2,128,2,1,0.25,rotation,rotation,4,4,compact:L3R0W0-L3R0W0-L3R0W0-L3R0W0,compact:L3R0W0-L3R0W0-L3R0W0-L3R0W0,,,split,optimized,10,3,10,0.719805,0.7196282,0.718747,0.720918,0.0006248599523093058,0.23034359999999998,0.015432699999999999,0.4738519,,,custom:libsad_search_9361435758c99d.so,/home/rzzhang/sad_merged/sad/build/libsad_search_9361435758c99d.so
2026-08-22T16:36:09.121800+00:00,20260822T160502,joint:rzz-hea:8:2b7cbcb2d3466122,ok,,rzz-hea,8,8,float64,42,32,2,32,2,2,0.25,rotation,rotation,4,4,compact:L2R0W0-L2R0W0-L2R0W0-L2R0W0,compact:L2R0W0-L2R0W0-L2R0W0-L2R0W0,,,merged,optimized,20,3,20,0.40137799999999996,0.4016737,0.401179,0.40254199999999996,0.0004920571206679157,0.14762065,0.015358050000000002,0.238695,,,custom:libsad_search_dcff342f285260.so,/home/rzzhang/sad_merged/sad/build/libsad_search_dcff342f285260.so
2026-08-22T16:36:09.147944+00:00,20260822T160502,joint:rzz-hea:10:08acdd65bcbeeeb1,ok,,rzz-hea,10,8,float64,42,64,2,64,2,1,0.0,rotation,rotation,2,2,compact:L5R0W0-L5R0W0,compact:L5R0W0-L5R0W0,,,merged,optimized,10,3,10,0.382986,0.3832472,0.38283300000000003,0.38407,0.0004632977012677604,0.12708699999999998,0.015253000000000001,0.2409072,,,custom:libsad_search_7e5293342e215a.so,/home/rzzhang/sad_merged/sad/build/libsad_search_7e5293342e215a.so
2026-08-22T16:36:09.170067+00:00,20260822T160502,joint:rzz-hea:20:97e682d5c1afb2fe,ok,,rzz-hea,20,8,float64,42,32,2,32,2,2,0.25,rotation,rotation,7,7,compact:L3R0W0-L3R0W0-L3R0W0-L3R0W0-L3R0W0-L3R0W0-L2R0W0,compact:L3R0W0-L3R0W0-L3R0W0-L3R0W0-L3R0W0-L3R0W0-L2R0W0,,,merged,optimized,5,3,5,8.164279,8.166934600000001,8.16422,8.174536999999999,0.003991671559634679,1.9267467999999999,0.09749859999999999,6.1426891999999995,,,custom:libsad_search_dcff342f285260.so,/home/rzzhang/sad_merged/sad/build/libsad_search_dcff342f285260.so
2026-08-22T16:36:09.248975+00:00,20260822T160502,joint:rzz-hea:8:1e3c8637edd6ba10,ok,,rzz-hea,8,8,float64,42,128,2,128,2,1,1.0,rotation,rotation,8,8,compact:L1R0W0-L1R0W0-L1R0W0-L1R0W0-L1R0W0-L1R0W0-L1R0W0-L1R0W0,compact:L1R0W0-L1R0W0-L1R0W0-L1R0W0-L1R0W0-L1R0W0-L1R0W0-L1R0W0,,,merged,optimized,20,3,20,0.6808635000000001,0.6807095000000001,0.6798909999999999,0.682045,0.000677382056154442,0.2620828,0.01548055,0.40314615,,,custom:libsad_search_8fbfac92ec4bef.so,/home/rzzhang/sad_merged/sad/build/libsad_search_8fbfac92ec4bef.so
2026-08-22T16:36:09.276314+00:00,20260822T160502,joint:rzz-hea:18:609d7bde3af8ecde,ok,,rzz-hea,18,8,float64,42,64,2,64,2,2,0.75,rotation,rotation,14,14,compact:L2R0W0-L2R0W0-L2R0W0-L2R0W0-L1R0W0-L1R0W0-L1R0W0-L1R0W0-L1R0W0-L1R0W0-L1R0W0-L1R0W0-L1R0W0-L1R0W0,compact:L2R0W0-L2R0W0-L2R0W0-L2R0W0-L1R0W0-L1R0W0-L1R0W0-L1R0W0-L1R0W0-L1R0W0-L1R0W0-L1R0W0-L1R0W0-L1R0W0,,,split,optimized,5,3,5,3.2160819999999997,3.215909,3.2142500000000003,3.217306,0.0010541062565035746,1.080417,0.031847,2.1036449999999998,,,custom:libsad_search_20c37ff249ec0a.so,/home/rzzhang/sad_merged/sad/build/libsad_search_20c37ff249ec0a.so
2026-08-22T16:36:09.315511+00:00,20260822T160502,joint:rzz-hea:26:caa069ad1b8bce3e,ok,,rzz-hea,26,8,float64,42,128,2,32,2,1,0.75,rotation,rotation,20,20,compact:L2R0W0-L2R0W0-L2R0W0-L2R0W0-L2R0W0-L2R0W0-L1R0W0-L1R0W0-L1R0W0-L1R0W0-L1R0W0-L1R0W0-L1R0W0-L1R0W0-L1R0W0-L1R0W0-L1R0W0-L1R0W0-L1R0W0-L1R0W0,compact:L2R0W0-L2R0W0-L2R0W0-L2R0W0-L2R0W0-L2R0W0-L1R0W0-L1R0W0-L1R0W0-L1R0W0-L1R0W0-L1R0W0-L1R0W0-L1R0W0-L1R0W0-L1R0W0-L1R0W0-L1R0W0-L1R0W0-L1R0W0,,,split,optimized,2,3,2,1289.150188,1289.150188,1289.1009179999999,1289.199458,0.049270000000092296,395.882048,10.3589305,882.9092095,,,custom:libsad_search_7259903b8346c4.so,/home/rzzhang/sad_merged/sad/build/libsad_search_7259903b8346c4.so
2026-08-22T16:36:15.792405+00:00,20260822T160502,joint:rzz-hea:12:64626dca2355c2cc,ok,,rzz-hea,12,8,float64,42,128,2,128,2,1,0.75,rotation,rotation,10,10,compact:L2R0W0-L2R0W0-L1R0W0-L1R0W0-L1R0W0-L1R0W0-L1R0W0-L1R0W0-L1R0W0-L1R0W0,compact:L2R0W0-L2R0W0-L1R0W0-L1R0W0-L1R0W0-L1R0W0-L1R0W0-L1R0W0-L1R0W0-L1R0W0,,,merged,optimized,10,3,10,1.0535979999999998,1.0531546999999999,1.051621,1.055665,0.001205876531822399,0.41604450000000004,0.015764300000000002,0.6213459,,,custom:libsad_search_8fbfac92ec4bef.so,/home/rzzhang/sad_merged/sad/build/libsad_search_8fbfac92ec4bef.so
2026-08-22T16:36:15.824097+00:00,20260822T160502,joint:rzz-hea:26:15704ec57fba46b1,ok,,rzz-hea,26,8,float64,42,32,2,32,2,1,0.5,rotation,rotation,15,15,compact:L2R0W0-L2R0W0-L2R0W0-L2R0W0-L2R0W0-L2R0W0-L2R0W0-L2R0W0-L2R0W0-L2R0W0-L2R0W0-L1R0W0-L1R0W0-L1R0W0-L1R0W0,compact:L2R0W0-L2R0W0-L2R0W0-L2R0W0-L2R0W0-L2R0W0-L2R0W0-L2R0W0-L2R0W0-L2R0W0-L2R0W0-L1R0W0-L1R0W0-L1R0W0-L1R0W0,,,merged,optimized,2,3,2,1003.47866,1003.47866,1003.330729,1003.626591,0.1479309999999714,272.16159500000003,10.220991,721.0960739999999,,,custom:libsad_search_f9cdaf042a7bd6.so,/home/rzzhang/sad_merged/sad/build/libsad_search_f9cdaf042a7bd6.so
2026-08-22T16:36:20.880256+00:00,20260822T160502,joint:rzz-hea:26:e516a3c37d9120dc,ok,,rzz-hea,26,8,float64,42,32,2,32,2,1,0.0,rotation,rotation,4,4,compact:L5R2W0-L5R2W0-L5R1W0-L5R1W0,compact:L5R2W0-L5R2W0-L5R1W0-L5R1W0,,,merged,optimized,2,3,2,568.0094825,568.0094825,567.8102899999999,568.2086750000001,0.1991925000000947,119.9753145,10.135743,437.898425,,,custom:libsad_search_f9cdaf042a7bd6.so,/home/rzzhang/sad_merged/sad/build/libsad_search_f9cdaf042a7bd6.so
2026-08-22T16:36:23.759016+00:00,20260822T160502,joint:rzz-hea:16:621e9e59d119f448,ok,,rzz-hea,16,8,float64,42,64,2,64,2,1,0.5,rotation,rotation,9,9,compact:L2R0W0-L2R0W0-L2R0W0-L2R0W0-L2R0W0-L2R0W0-L2R0W0-L1R0W0-L1R0W0,compact:L2R0W0-L2R0W0-L2R0W0-L2R0W0-L2R0W0-L2R0W0-L2R0W0-L1R0W0-L1R0W0,,,merged,optimized,5,3,5,1.497079,1.4974446000000001,1.496995,1.4982579999999999,0.000519174190421644,0.44949059999999996,0.015658599999999998,1.0322953999999998,,,custom:libsad_search_7e5293342e215a.so,/home/rzzhang/sad_merged/sad/build/libsad_search_7e5293342e215a.so
2026-08-22T16:36:23.793165+00:00,20260822T160502,joint:rzz-hea:4:efe501b087614354,ok,,rzz-hea,4,8,float64,42,128,2,32,2,1,0.25,rotation,rotation,2,2,compact:L2R0W0-L2R0W0,compact:L2R0W0-L2R0W0,,,split,optimized,20,3,20,0.2569065,0.25687555,0.255849,0.258011,0.0006482401927526579,0.09266094999999999,0.015494249999999998,0.14872035,,,custom:libsad_search_7259903b8346c4.so,/home/rzzhang/sad_merged/sad/build/libsad_search_7259903b8346c4.so
2026-08-22T16:36:23.813998+00:00,20260822T160502,joint:rzz-hea:16:1af39ecac15651ee,ok,,rzz-hea,16,8,float64,42,128,2,128,2,2,0.5,rotation,rotation,9,9,compact:L2R0W0-L2R0W0-L2R0W0-L2R0W0-L2R0W0-L2R0W0-L2R0W0-L1R0W0-L1R0W0,compact:L2R0W0-L2R0W0-L2R0W0-L2R0W0-L2R0W0-L2R0W0-L2R0W0-L1R0W0-L1R0W0,,,split,optimized,5,3,5,1.468354,1.4681618,1.463322,1.470417,0.0025926481751290652,0.4714942,0.015604200000000002,0.9810634,,,custom:libsad_search_d02bea87aa5c56.so,/home/rzzhang/sad_merged/sad/build/libsad_search_d02bea87aa5c56.so
2026-08-22T16:36:23.837628+00:00,20260822T160502,joint:rzz-hea:22:06b62b5e507501e3,ok,,rzz-hea,22,8,float64,42,128,2,32,2,2,0.5,rotation,rotation,12,13,compact:L2R0W0-L2R0W0-L2R0W0-L2R0W0-L2R0W0-L2R0W0-L2R0W0-L2R0W0-L2R0W0-L2R0W0-L1R0W0-L1R0W0,compact:L2R0W0-L2R0W0-L2R0W0-L2R0W0-L2R0W0-L2R0W0-L2R0W0-L2R0W0-L2R0W0-L1R0W0-L1R0W0-L1R0W0-L1R0W0,,,merged,optimized,3,3,3,48.296797000000005,48.28368600000001,48.233073000000005,48.321188,0.0371482350141503,8.116887,0.40717966666666666,39.75961933333333,,,custom:libsad_search_d014591f51543a.so,/home/rzzhang/sad_merged/sad/build/libsad_search_d014591f51543a.so
2026-08-22T16:36:24.152257+00:00,20260822T160502,joint:rzz-hea:14:c52c5c7487b220d0,ok,,rzz-hea,14,8,float64,42,128,2,32,2,1,0.0,rotation,rotation,2,2,compact:L5R2W0-L5R2W0,compact:L5R2W0-L5R2W0,,,split,optimized,10,3,10,0.5447555,0.5451170000000001,0.5445280000000001,0.545963,0.000530880589210026,0.184815,0.0154548,0.3448472,,,custom:libsad_search_7259903b8346c4.so,/home/rzzhang/sad_merged/sad/build/libsad_search_7259903b8346c4.so
2026-08-22T16:36:24.170866+00:00,20260822T160502,joint:rzz-hea:10:b237b2914aae7fd0,ok,,rzz-hea,10,8,float64,42,128,2,32,2,1,0.5,rotation,rotation,6,6,compact:L2R0W0-L2R0W0-L2R0W0-L2R0W0-L1R0W0-L1R0W0,compact:L2R0W0-L2R0W0-L2R0W0-L2R0W0-L1R0W0-L1R0W0,,,merged,optimized,10,3,10,0.6215335,0.6201739,0.614347,0.6222960000000001,0.002918365825252204,0.26414380000000004,0.015423599999999999,0.3406065,,,custom:libsad_search_5851e15f736f52.so,/home/rzzhang/sad_merged/sad/build/libsad_search_5851e15f736f52.so
2026-08-22T16:36:24.190671+00:00,20260822T160502,joint:rzz-hea:4:28036e0243bb72a3,ok,,rzz-hea,4,8,float64,42,64,2,64,2,2,0.25,rotation,rotation,2,2,compact:L2R0W0-L2R0W0,compact:L2R0W0-L2R0W0,,,split,optimized,20,3,20,0.2600335,0.2585657,0.251883,0.260992,0.002798244576515783,0.0880766,0.015269050000000003,0.15522005,,,custom:libsad_search_20c37ff249ec0a.so,/home/rzzhang/sad_merged/sad/build/libsad_search_20c37ff249ec0a.so
2026-08-22T16:36:24.208000+00:00,20260822T160502,joint:rzz-hea:26:c36b43e3742aa2c2,ok,,rzz-hea,26,8,float64,42,32,2,128,2,2,0.75,rotation,rotation,20,20,compact:L2R0W0-L2R0W0-L2R0W0-L2R0W0-L2R0W0-L2R0W0-L1R0W0-L1R0W0-L1R0W0-L1R0W0-L1R0W0-L1R0W0-L1R0W0-L1R0W0-L1R0W0-L1R0W0-L1R0W0-L1R0W0-L1R0W0-L1R0W0,compact:L2R0W0-L2R0W0-L2R0W0-L2R0W0-L2R0W0-L2R0W0-L1R0W0-L1R0W0-L1R0W0-L1R0W0-L1R0W0-L1R0W0-L1R0W0-L1R0W0-L1R0W0-L1R0W0-L1R0W0-L1R0W0-L1R0W0-L1R0W0,,,split,optimized,2,3,2,1289.1441115000002,1289.1441115000002,1289.0745080000002,1289.213715,0.06960349999997106,394.701363,10.2663025,884.176446,,,custom:libsad_search_2a0e4369743c84.so,/home/rzzhang/sad_merged/sad/build/libsad_search_2a0e4369743c84.so
2026-08-22T16:36:30.683435+00:00,20260822T160502,joint:rzz-hea:16:36c89f6d043ed1a7,ok,,rzz-hea,16,8,float64,42,32,2,32,2,2,0.25,rotation,rotation,6,6,compact:L3R0W0-L3R0W0-L3R0W0-L3R0W0-L2R0W0-L2R0W0,compact:L3R0W0-L3R0W0-L3R0W0-L3R0W0-L2R0W0-L2R0W0,,,split,optimized,5,3,5,1.141705,1.1414786,1.139635,1.14276,0.0010158040362196064,0.3375288,0.0153796,0.7885702,,,custom:libsad_search_16d9d6cef53b3d.so,/home/rzzhang/sad_merged/sad/build/libsad_search_16d9d6cef53b3d.so
2026-08-22T16:36:30.714353+00:00,20260822T160502,joint:rzz-hea:20:bd45ebdbffd4b69f,ok,,rzz-hea,20,8,float64,42,32,2,32,2,2,0.5,rotation,rotation,12,12,compact:L2R0W0-L2R0W0-L2R0W0-L2R0W0-L2R0W0-L2R0W0-L2R0W0-L2R0W0-L1R0W0-L1R0W0-L1R0W0-L1R0W0,compact:L2R0W0-L2R0W0-L2R0W0-L2R0W0-L2R0W0-L2R0W0-L2R0W0-L2R0W0-L1R0W0-L1R0W0-L1R0W0-L1R0W0,,,merged,optimized,5,3,5,8.901508000000002,8.9017738,8.899627,8.904649000000001,0.0017391829575983994,2.352541,0.097259,6.451973799999999,,,custom:libsad_search_dcff342f285260.so,/home/rzzhang/sad_merged/sad/build/libsad_search_dcff342f285260.so
2026-08-22T16:36:30.806725+00:00,20260822T160502,joint:rzz-hea:12:f3903caa927fac53,ok,,rzz-hea,12,8,float64,42,128,2,128,2,2,1.0,rotation,rotation,12,12,compact:L1R0W0-L1R0W0-L1R0W0-L1R0W0-L1R0W0-L1R0W0-L1R0W0-L1R0W0-L1R0W0-L1R0W0-L1R0W0-L1R0W0,compact:L1R0W0-L1R0W0-L1R0W0-L1R0W0-L1R0W0-L1R0W0-L1R0W0-L1R0W0-L1R0W0-L1R0W0-L1R0W0-L1R0W0,,,merged,optimized,10,3,10,1.17981,1.1798088,1.1785649999999999,1.180649,0.000721650025982149,0.4722483,0.0154641,0.6920964000000001,,,custom:libsad_search_b969ada61d8a74.so,/home/rzzhang/sad_merged/sad/build/libsad_search_b969ada61d8a74.so
2026-08-22T16:36:30.834134+00:00,20260822T160502,joint:rzz-hea:6:9103356c55c681f5,ok,,rzz-hea,6,8,float64,42,32,2,128,2,1,0.25,rotation,rotation,2,2,compact:L3R0W0-L3R0W0,compact:L3R0W0-L3R0W0,,,merged,optimized,20,3,20,0.2887375,0.2884791,0.28167600000000004,0.28980300000000003,0.0015923468811788388,0.0735695,0.01548615,0.19942345,,,custom:libsad_search_2a8327787a9aac.so,/home/rzzhang/sad_merged/sad/build/libsad_search_2a8327787a9aac.so
2026-08-22T16:36:30.852341+00:00,20260822T160502,joint:rzz-hea:10:d5fa348828be03c4,ok,,rzz-hea,10,8,float64,42,128,2,32,2,2,1.0,rotation,rotation,10,10,compact:L1R0W0-L1R0W0-L1R0W0-L1R0W0-L1R0W0-L1R0W0-L1R0W0-L1R0W0-L1R0W0-L1R0W0,compact:L1R0W0-L1R0W0-L1R0W0-L1R0W0-L1R0W0-L1R0W0-L1R0W0-L1R0W0-L1R0W0-L1R0W0,,,split,optimized,10,3,10,0.8718779999999999,0.8717007999999999,0.8703179999999999,0.8724390000000001,0.0007715132921732681,0.3680695,0.015543799999999998,0.48808749999999995,,,custom:libsad_search_3b115211f38255.so,/home/rzzhang/sad_merged/sad/build/libsad_search_3b115211f38255.so
2026-08-22T16:36:30.875318+00:00,20260822T160502,joint:rzz-hea:16:fd171f5cb3306909,ok,,rzz-hea,16,8,float64,42,128,2,128,2,2,0.75,rotation,rotation,12,12,compact:L2R0W0-L2R0W0-L2R0W0-L2R0W0-L1R0W0-L1R0W0-L1R0W0-L1R0W0-L1R0W0-L1R0W0-L1R0W0-L1R0W0,compact:L2R0W0-L2R0W0-L2R0W0-L2R0W0-L1R0W0-L1R0W0-L1R0W0-L1R0W0-L1R0W0-L1R0W0-L1R0W0-L1R0W0,,,merged,optimized,5,3,5,1.825734,1.8256988,1.82552,1.825779,9.161091638007096e-05,0.5861764,0.015561200000000002,1.2239612,,,custom:libsad_search_b969ada61d8a74.so,/home/rzzhang/sad_merged/sad/build/libsad_search_b969ada61d8a74.so
2026-08-22T16:36:30.901601+00:00,20260822T160502,joint:rzz-hea:10:5efc9d3aeb7a0e0f,ok,,rzz-hea,10,8,float64,42,64,2,64,2,1,0.5,rotation,rotation,6,6,compact:L2R0W0-L2R0W0-L2R0W0-L2R0W0-L1R0W0-L1R0W0,compact:L2R0W0-L2R0W0-L2R0W0-L2R0W0-L1R0W0-L1R0W0,,,split,optimized,10,3,10,0.646119,0.6464122,0.6460520000000001,0.647145,0.00047332268063129534,0.23547189999999998,0.015368900000000001,0.39557139999999996,,,custom:libsad_search_7ec063ebc99501.so,/home/rzzhang/sad_merged/sad/build/libsad_search_7ec063ebc99501.so
2026-08-22T16:36:30.921611+00:00,20260822T160502,joint:rzz-hea:16:5029fecd9da9f345,ok,,rzz-hea,16,8,float64,42,128,2,32,2,1,0.0,rotation,rotation,2,3,compact:L5R2W1-L5R2W1,compact:L5R1W0-L5R0W0-L5R0W0,,,split,optimized,5,3,5,0.931805,0.928557,0.922501,0.9328469999999999,0.004446820527073195,0.2209308,0.015487200000000003,0.692139,,,custom:libsad_search_7259903b8346c4.so,/home/rzzhang/sad_merged/sad/build/libsad_search_7259903b8346c4.so
2026-08-22T16:36:30.941026+00:00,20260822T160502,joint:rzz-hea:4:7ece83ccc8afaef2,ok,,rzz-hea,4,8,float64,42,64,2,64,2,1,0.5,rotation,rotation,2,2,compact:L2R0W0-L2R0W0,compact:L2R0W0-L2R0W0,,,split,optimized,20,3,20,0.2508645,0.25217334999999996,0.250614,0.25812700000000005,0.0025502379746800098,0.08709019999999999,0.015401099999999997,0.14968205,,,custom:libsad_search_7ec063ebc99501.so,/home/rzzhang/sad_merged/sad/build/libsad_search_7ec063ebc99501.so
2026-08-22T16:36:30.958124+00:00,20260822T160502,joint:rzz-hea:24:4d1bd98674012514,ok,,rzz-hea,24,8,float64,42,64,2,64,2,1,0.0,legacy,legacy,0,0,,,,,not_applicable,legacy-generic,3,3,3,144.19705,144.241243,144.159106,144.367573,0.09066196725198082,41.136089,1.7875543333333335,101.31759966666667,,,custom:libsad_search_5a6ce94d125b8e.so,/home/rzzhang/sad_merged/sad/build/libsad_search_5a6ce94d125b8e.so
2026-08-22T16:36:31.864021+00:00,20260822T160502,joint:rzz-hea:22:ea789c1d221cb69f,ok,,rzz-hea,22,8,float64,42,128,2,128,2,1,0.0,rotation,rotation,3,3,compact:L5R2W1-L5R2W0-L5R2W0,compact:L5R2W1-L5R2W0-L5R2W0,,,split,optimized,3,3,3,32.484187999999996,32.47635666666667,32.460547999999996,32.484334000000004,0.01117857430782662,7.667121,0.4005936666666666,24.408641999999997,,,custom:libsad_search_9361435758c99d.so,/home/rzzhang/sad_merged/sad/build/libsad_search_9361435758c99d.so
2026-08-22T16:36:32.084119+00:00,20260822T160502,joint:rzz-hea:8:7e83e04fd728f906,ok,,rzz-hea,8,8,float64,42,32,2,128,2,1,0.5,rotation,rotation,5,4,compact:L2R0W0-L2R0W0-L2R0W0-L1R0W0-L1R0W0,compact:L2R0W0-L2R0W0-L2R0W0-L2R0W0,,,split,optimized,20,3,20,0.5405845,0.5405162499999999,0.539538,0.543573,0.0009089249075143691,0.18366885,0.015332549999999999,0.34151485,,,custom:libsad_search_0e4f539ceca897.so,/home/rzzhang/sad_merged/sad/build/libsad_search_0e4f539ceca897.so
2026-08-22T16:36:32.108559+00:00,20260822T160502,joint:rzz-hea:28:7e607347b8197ba7,ok,,rzz-hea,28,8,float64,42,128,2,128,2,2,0.75,rotation,rotation,22,22,compact:L2R0W0-L2R0W0-L2R0W0-L2R0W0-L2R0W0-L2R0W0-L1R0W0-L1R0W0-L1R0W0-L1R0W0-L1R0W0-L1R0W0-L1R0W0-L1R0W0-L1R0W0-L1R0W0-L1R0W0-L1R0W0-L1R0W0-L1R0W0-L1R0W0-L1R0W0,compact:L2R0W0-L2R0W0-L2R0W0-L2R0W0-L2R0W0-L2R0W0-L1R0W0-L1R0W0-L1R0W0-L1R0W0-L1R0W0-L1R0W0-L1R0W0-L1R0W0-L1R0W0-L1R0W0-L1R0W0-L1R0W0-L1R0W0-L1R0W0-L1R0W0-L1R0W0,,,split,optimized,2,3,2,5646.631778,5646.631778,5646.471802,5646.791754,0.15997599999991508,1719.3726425,82.07037050000001,3845.1887649999994,,,custom:libsad_search_d02bea87aa5c56.so,/home/rzzhang/sad_merged/sad/build/libsad_search_d02bea87aa5c56.so
2026-08-22T16:37:00.371709+00:00,20260822T160502,joint:rzz-hea:12:fbe38964672584c7,ok,,rzz-hea,12,8,float64,42,32,2,128,2,2,1.0,rotation,rotation,12,12,compact:L1R0W0-L1R0W0-L1R0W0-L1R0W0-L1R0W0-L1R0W0-L1R0W0-L1R0W0-L1R0W0-L1R0W0-L1R0W0-L1R0W0,compact:L1R0W0-L1R0W0-L1R0W0-L1R0W0-L1R0W0-L1R0W0-L1R0W0-L1R0W0-L1R0W0-L1R0W0-L1R0W0-L1R0W0,,,split,optimized,10,3,10,1.1621815,1.1619975,1.160204,1.1632470000000001,0.0008424586933494465,0.4072179000000001,0.015583599999999998,0.739196,,,custom:libsad_search_2a0e4369743c84.so,/home/rzzhang/sad_merged/sad/build/libsad_search_2a0e4369743c84.so
2026-08-22T16:37:00.404222+00:00,20260822T160502,joint:rzz-hea:8:d6b8cf3b6563964e,ok,,rzz-hea,8,8,float64,42,32,2,32,2,2,0.75,rotation,rotation,6,6,compact:L2R0W0-L2R0W0-L1R0W0-L1R0W0-L1R0W0-L1R0W0,compact:L2R0W0-L2R0W0-L1R0W0-L1R0W0-L1R0W0-L1R0W0,,,split,optimized,20,3,20,0.5538244999999999,0.55348185,0.551825,0.554997,0.0008326702393505115,0.20712105000000003,0.01563995,0.33072085,,,custom:libsad_search_16d9d6cef53b3d.so,/home/rzzhang/sad_merged/sad/build/libsad_search_16d9d6cef53b3d.so
2026-08-22T16:37:00.435032+00:00,20260822T160502,joint:rzz-hea:14:35392ecf4803138e,ok,,rzz-hea,14,8,float64,42,128,2,32,2,1,0.75,rotation,rotation,11,11,compact:L2R0W0-L2R0W0-L2R0W0-L1R0W0-L1R0W0-L1R0W0-L1R0W0-L1R0W0-L1R0W0-L1R0W0-L1R0W0,compact:L2R0W0-L2R0W0-L2R0W0-L1R0W0-L1R0W0-L1R0W0-L1R0W0-L1R0W0-L1R0W0-L1R0W0-L1R0W0,,,merged,optimized,10,3,10,1.1115270000000002,1.1092568,1.1047179999999999,1.113032,0.003630228747613575,0.49064729999999995,0.015647400000000002,0.6029621,,,custom:libsad_search_5851e15f736f52.so,/home/rzzhang/sad_merged/sad/build/libsad_search_5851e15f736f52.so
2026-08-22T16:37:00.469426+00:00,20260822T160502,joint:rzz-hea:14:58b7367d0c4a8d3f,ok,,rzz-hea,14,8,float64,42,64,2,64,2,2,0.75,rotation,rotation,11,11,compact:L2R0W0-L2R0W0-L2R0W0-L1R0W0-L1R0W0-L1R0W0-L1R0W0-L1R0W0-L1R0W0-L1R0W0-L1R0W0,compact:L2R0W0-L2R0W0-L2R0W0-L1R0W0-L1R0W0-L1R0W0-L1R0W0-L1R0W0-L1R0W0-L1R0W0-L1R0W0,,,merged,optimized,10,3,10,1.0882049999999999,1.0901056,1.0862910000000001,1.0946649999999998,0.0037171500158050814,0.4349146,0.0156293,0.6395617,,,custom:libsad_search_97eec9f2a848ec.so,/home/rzzhang/sad_merged/sad/build/libsad_search_97eec9f2a848ec.so
2026-08-23T04:30:20.391179+00:00,20260823T043020,joint:rzz-hea:26:356cda52ab1dcf27,ok,,rzz-hea,26,8,float64,42,64,2,64,2,1,0.0,legacy,legacy,0,0,,,,,not_applicable,legacy-generic,2,3,2,638.688805,638.688805,638.643316,638.7342940000001,0.045489000000031865,184.56633150000002,10.189608499999999,443.93286499999994,,,custom:libsad_search_5a6ce94d125b8e.so,/home/rzzhang/sad_merged/sad/build/libsad_search_5a6ce94d125b8e.so
2026-08-23T04:30:39.735621+00:00,20260823T043020,joint:rzz-hea:28:710387f004807655,ok,,rzz-hea,28,8,float64,42,64,2,64,2,1,0.75,rotation,rotation,22,22,compact:L2R0W0-L2R0W0-L2R0W0-L2R0W0-L2R0W0-L2R0W0-L1R0W0-L1R0W0-L1R0W0-L1R0W0-L1R0W0-L1R0W0-L1R0W0-L1R0W0-L1R0W0-L1R0W0-L1R0W0-L1R0W0-L1R0W0-L1R0W0-L1R0W0-L1R0W0,compact:L2R0W0-L2R0W0-L2R0W0-L2R0W0-L2R0W0-L2R0W0-L1R0W0-L1R0W0-L1R0W0-L1R0W0-L1R0W0-L1R0W0-L1R0W0-L1R0W0-L1R0W0-L1R0W0-L1R0W0-L1R0W0-L1R0W0-L1R0W0-L1R0W0-L1R0W0,,,merged,optimized,2,3,2,5573.67015,5573.67015,5572.991211,5574.349089,0.678939000000355,1548.8050895000001,81.6280025,3943.237058,,,custom:libsad_search_7e5293342e215a.so,/home/rzzhang/sad_merged/sad/build/libsad_search_7e5293342e215a.so
2026-08-23T04:31:23.703239+00:00,20260823T043020,joint:rzz-hea:10:eecfc3f0a677314f,ok,,rzz-hea,10,8,float64,42,128,2,32,2,1,0.25,rotation,rotation,4,4,compact:L3R0W0-L3R0W0-L2R0W0-L2R0W0,compact:L3R0W0-L3R0W0-L2R0W0-L2R0W0,,,merged,optimized,10,3,10,0.530341,0.5302933999999999,0.5295009999999999,0.530558,0.00027950821097064897,0.2188636,0.0154648,0.295965,,,custom:libsad_search_5851e15f736f52.so,/home/rzzhang/sad_merged/sad/build/libsad_search_5851e15f736f52.so
2026-08-23T04:31:39.401801+00:00,20260823T043020,joint:rzz-hea:8:5067c8d2754ad476,ok,,rzz-hea,8,8,float64,42,128,2,32,2,2,0.75,rotation,rotation,6,6,compact:L2R0W0-L2R0W0-L1R0W0-L1R0W0-L1R0W0-L1R0W0,compact:L2R0W0-L2R0W0-L1R0W0-L1R0W0-L1R0W0-L1R0W0,,,split,optimized,20,3,20,0.608259,0.6080208500000001,0.6023540000000001,0.6096490000000001,0.001857805190944401,0.23898460000000002,0.015630750000000002,0.3534055,,,custom:libsad_search_3b115211f38255.so,/home/rzzhang/sad_merged/sad/build/libsad_search_3b115211f38255.so
2026-08-23T04:31:55.088705+00:00,20260823T043020,joint:rzz-hea:10:9f25edf6c0907f05,ok,,rzz-hea,10,8,float64,42,128,2,128,2,1,0.25,rotation,rotation,4,4,compact:L3R0W0-L3R0W0-L2R0W0-L2R0W0,compact:L3R0W0-L3R0W0-L2R0W0-L2R0W0,,,split,optimized,10,3,10,0.6756435000000001,0.6751948000000001,0.6729030000000001,0.676011,0.0009096833295163406,0.22072989999999998,0.01541,0.43905489999999997,,,custom:libsad_search_9361435758c99d.so,/home/rzzhang/sad_merged/sad/build/libsad_search_9361435758c99d.so
2026-08-23T04:32:12.266879+00:00,20260823T043020,joint:rzz-hea:26:37fb90812aac610f,ok,,rzz-hea,26,8,float64,42,32,2,128,2,1,0.5,rotation,rotation,15,14,compact:L2R0W0-L2R0W0-L2R0W0-L2R0W0-L2R0W0-L2R0W0-L2R0W0-L2R0W0-L2R0W0-L2R0W0-L2R0W0-L1R0W0-L1R0W0-L1R0W0-L1R0W0,compact:L2R0W0-L2R0W0-L2R0W0-L2R0W0-L2R0W0-L2R0W0-L2R0W0-L2R0W0-L2R0W0-L2R0W0-L2R0W0-L2R0W0-L1R0W0-L1R0W0,,,merged,optimized,2,3,2,964.9654834999999,964.9654834999999,964.8784229999999,965.052544,0.08706050000006371,272.00329800000003,10.301294999999998,682.6608905,,,custom:libsad_search_2a8327787a9aac.so,/home/rzzhang/sad_merged/sad/build/libsad_search_2a8327787a9aac.so
2026-08-23T04:32:33.775537+00:00,20260823T043020,joint:rzz-hea:24:8496eef74d29f99d,ok,,rzz-hea,24,8,float64,42,32,2,32,2,2,1.0,rotation,rotation,24,24,compact:L1R0W0-L1R0W0-L1R0W0-L1R0W0-L1R0W0-L1R0W0-L1R0W0-L1R0W0-L1R0W0-L1R0W0-L1R0W0-L1R0W0-L1R0W0-L1R0W0-L1R0W0-L1R0W0-L1R0W0-L1R0W0-L1R0W0-L1R0W0-L1R0W0-L1R0W0-L1R0W0-L1R0W0,compact:L1R0W0-L1R0W0-L1R0W0-L1R0W0-L1R0W0-L1R0W0-L1R0W0-L1R0W0-L1R0W0-L1R0W0-L1R0W0-L1R0W0-L1R0W0-L1R0W0-L1R0W0-L1R0W0-L1R0W0-L1R0W0-L1R0W0-L1R0W0-L1R0W0-L1R0W0-L1R0W0-L1R0W0,,,merged,optimized,3,3,3,368.826083,368.7771513333333,368.628251,368.87711999999993,0.10733025603972456,104.70637966666666,1.772453,262.29831866666666,,,custom:libsad_search_dcff342f285260.so,/home/rzzhang/sad_merged/sad/build/libsad_search_dcff342f285260.so
2026-08-23T04:32:51.170160+00:00,20260823T043020,joint:rzz-hea:24:c3e6331183109ef7,ok,,rzz-hea,24,8,float64,42,128,2,32,2,2,0.0,rotation,rotation,3,4,compact:L5R2W1-L5R2W1-L5R2W1,compact:L5R1W0-L5R1W0-L5R1W0-L5R1W0,,,merged,optimized,3,3,3,131.032537,131.45462933333332,130.776341,132.55501,0.7850848388483658,27.900897999999998,1.7481650000000002,101.80556633333333,,,custom:libsad_search_d014591f51543a.so,/home/rzzhang/sad_merged/sad/build/libsad_search_d014591f51543a.so
2026-08-23T04:33:07.700931+00:00,20260823T043020,joint:rzz-hea:18:47162efed7e9f874,ok,,rzz-hea,18,8,float64,42,128,2,128,2,2,0.75,rotation,rotation,14,14,compact:L2R0W0-L2R0W0-L2R0W0-L2R0W0-L1R0W0-L1R0W0-L1R0W0-L1R0W0-L1R0W0-L1R0W0-L1R0W0-L1R0W0-L1R0W0-L1R0W0,compact:L2R0W0-L2R0W0-L2R0W0-L2R0W0-L1R0W0-L1R0W0-L1R0W0-L1R0W0-L1R0W0-L1R0W0-L1R0W0-L1R0W0-L1R0W0-L1R0W0,,,split,optimized,5,3,5,3.5778339999999997,3.5780147999999996,3.576799,3.579847,0.00099661595411679,1.1913116,0.039975199999999995,2.346728,,,custom:libsad_search_d02bea87aa5c56.so,/home/rzzhang/sad_merged/sad/build/libsad_search_d02bea87aa5c56.so
2026-08-23T04:33:24.922916+00:00,20260823T043020,joint:rzz-hea:4:ebb675a6e20df3a1,ok,,rzz-hea,4,8,float64,42,64,2,64,2,1,0.0,rotation,rotation,1,1,compact:L4R0W0,compact:L4R0W0,,,merged,optimized,20,3,20,0.169946,0.1702568,0.169175,0.171965,0.0006258346107399298,0.043619,0.01562535,0.11101245,,,custom:libsad_search_7e5293342e215a.so,/home/rzzhang/sad_merged/sad/build/libsad_search_7e5293342e215a.so
2026-08-23T04:33:24.942867+00:00,20260823T043020,joint:rzz-hea:14:d2cd4d011ddbdc03,ok,,rzz-hea,14,8,float64,42,32,2,128,2,1,0.75,rotation,rotation,11,11,compact:L2R0W0-L2R0W0-L2R0W0-L1R0W0-L1R0W0-L1R0W0-L1R0W0-L1R0W0-L1R0W0-L1R0W0-L1R0W0,compact:L2R0W0-L2R0W0-L2R0W0-L1R0W0-L1R0W0-L1R0W0-L1R0W0-L1R0W0-L1R0W0-L1R0W0-L1R0W0,,,split,optimized,10,3,10,1.3025975,1.3025746999999999,1.297305,1.304686,0.0019334350286472133,0.44208679999999995,0.0153563,0.8451316,,,custom:libsad_search_0e4f539ceca897.so,/home/rzzhang/sad_merged/sad/build/libsad_search_0e4f539ceca897.so
2026-08-23T04:33:41.620460+00:00,20260823T043020,joint:rzz-hea:10:81913f1103ec84ff,ok,,rzz-hea,10,8,float64,42,128,2,32,2,2,0.0,rotation,rotation,2,2,compact:L5R0W0-L5R0W0,compact:L5R0W0-L5R0W0,,,split,optimized,10,3,10,0.464989,0.46557729999999997,0.464814,0.467891,0.0009900159645177416,0.16256420000000002,0.0156151,0.28739800000000004,,,custom:libsad_search_3b115211f38255.so,/home/rzzhang/sad_merged/sad/build/libsad_search_3b115211f38255.so
2026-08-23T04:33:41.643573+00:00,20260823T043020,joint:rzz-hea:20:6bc6c377dca408ea,ok,,rzz-hea,20,8,float64,42,32,2,32,2,1,0.5,rotation,rotation,12,12,compact:L2R0W0-L2R0W0-L2R0W0-L2R0W0-L2R0W0-L2R0W0-L2R0W0-L2R0W0-L1R0W0-L1R0W0-L1R0W0-L1R0W0,compact:L2R0W0-L2R0W0-L2R0W0-L2R0W0-L2R0W0-L2R0W0-L2R0W0-L2R0W0-L1R0W0-L1R0W0-L1R0W0-L1R0W0,,,merged,optimized,5,3,5,9.521056999999999,9.5214812,9.517119000000001,9.526171,0.0032985454006272553,2.5196538,0.10582280000000001,6.8960046,,,custom:libsad_search_f9cdaf042a7bd6.so,/home/rzzhang/sad_merged/sad/build/libsad_search_f9cdaf042a7bd6.so
2026-08-23T04:33:56.880844+00:00,20260823T043020,joint:rzz-hea:8:669e55fd5f73cb96,ok,,rzz-hea,8,8,float64,42,32,2,32,2,1,0.0,rotation,rotation,2,2,compact:L4R0W0-L4R0W0,compact:L4R0W0-L4R0W0,,,split,optimized,20,3,20,0.3862565,0.38641929999999997,0.384941,0.390134,0.0011997784003723356,0.12517060000000002,0.0155031,0.2457456,,,custom:libsad_search_3cb67c7e18cc99.so,/home/rzzhang/sad_merged/sad/build/libsad_search_3cb67c7e18cc99.so
2026-08-23T04:34:11.979509+00:00,20260823T043020,joint:rzz-hea:4:0a6e759ac9d82988,ok,,rzz-hea,4,8,float64,42,32,2,128,2,2,0.0,rotation,rotation,1,1,compact:L4R0W0,compact:L4R0W0,,,split,optimized,20,3,20,0.2538555,0.25411885,0.252811,0.263136,0.0022322084193685822,0.07295275,0.015658199999999997,0.16550789999999999,,,custom:libsad_search_2a0e4369743c84.so,/home/rzzhang/sad_merged/sad/build/libsad_search_2a0e4369743c84.so
2026-08-23T04:34:28.650526+00:00,20260823T043020,joint:rzz-hea:12:4d9de260fe633834,ok,,rzz-hea,12,8,float64,42,32,2,32,2,1,0.25,rotation,rotation,4,4,compact:L3R0W0-L3R0W0-L3R0W0-L3R0W0,compact:L3R0W0-L3R0W0-L3R0W0-L3R0W0,,,split,optimized,10,3,10,0.6153495,0.6151868,0.61244,0.616428,0.0011577983244071535,0.2090874,0.0156097,0.3904897,,,custom:libsad_search_3cb67c7e18cc99.so,/home/rzzhang/sad_merged/sad/build/libsad_search_3cb67c7e18cc99.so
2026-08-23T04:34:28.670286+00:00,20260823T043020,joint:rzz-hea:12:ede5f7f34195467d,ok,,rzz-hea,12,8,float64,42,128,2,128,2,1,1.0,rotation,rotation,12,12,compact:L1R0W0-L1R0W0-L1R0W0-L1R0W0-L1R0W0-L1R0W0-L1R0W0-L1R0W0-L1R0W0-L1R0W0-L1R0W0-L1R0W0,compact:L1R0W0-L1R0W0-L1R0W0-L1R0W0-L1R0W0-L1R0W0-L1R0W0-L1R0W0-L1R0W0-L1R0W0-L1R0W0-L1R0W0,,,split,optimized,10,3,10,1.298991,1.3003315,1.297079,1.30559,0.003154750552737831,0.4954903,0.0154714,0.7893697999999999,,,custom:libsad_search_9361435758c99d.so,/home/rzzhang/sad_merged/sad/build/libsad_search_9361435758c99d.so
2026-08-23T04:34:28.699212+00:00,20260823T043020,joint:rzz-hea:14:d61f216ed5ca9923,ok,,rzz-hea,14,8,float64,42,64,2,64,2,2,0.5,rotation,rotation,8,8,compact:L2R0W0-L2R0W0-L2R0W0-L2R0W0-L2R0W0-L2R0W0-L1R0W0-L1R0W0,compact:L2R0W0-L2R0W0-L2R0W0-L2R0W0-L2R0W0-L2R0W0-L1R0W0-L1R0W0,,,merged,optimized,10,3,10,0.9532729999999999,0.9531193,0.951368,0.9544130000000001,0.000855700537571435,0.3632106,0.015492700000000002,0.574416,,,custom:libsad_search_97eec9f2a848ec.so,/home/rzzhang/sad_merged/sad/build/libsad_search_97eec9f2a848ec.so
2026-08-23T04:34:44.869479+00:00,20260823T043020,joint:rzz-hea:24:14a5283d364632b9,ok,,rzz-hea,24,8,float64,42,128,2,128,2,2,0.5,rotation,rotation,14,14,compact:L2R0W0-L2R0W0-L2R0W0-L2R0W0-L2R0W0-L2R0W0-L2R0W0-L2R0W0-L2R0W0-L2R0W0-L1R0W0-L1R0W0-L1R0W0-L1R0W0,compact:L2R0W0-L2R0W0-L2R0W0-L2R0W0-L2R0W0-L2R0W0-L2R0W0-L2R0W0-L2R0W0-L2R0W0-L1R0W0-L1R0W0-L1R0W0-L1R0W0,,,split,optimized,3,3,3,239.852267,239.85808800000004,239.84391000000002,239.87808700000002,0.014547161532983096,74.18315766666666,1.776998,163.89793233333336,,,custom:libsad_search_d02bea87aa5c56.so,/home/rzzhang/sad_merged/sad/build/libsad_search_d02bea87aa5c56.so
2026-08-23T04:34:46.339889+00:00,20260823T043020,joint:rzz-hea:10:64715a4488e5aa69,ok,,rzz-hea,10,8,float64,42,128,2,128,2,1,0.0,legacy,legacy,0,0,,,,,not_applicable,legacy-generic,10,3,10,0.5682754999999999,0.5681763999999999,0.567292,0.5683279999999999,0.0002971740903914583,0.18406489999999998,0.0154365,0.36867500000000003,,,custom:libsad_search_78e231cd0d5107.so,/home/rzzhang/sad_merged/sad/build/libsad_search_78e231cd0d5107.so
2026-08-23T04:35:03.476289+00:00,20260823T043020,joint:rzz-hea:18:e78c2cf041bb7aaa,ok,,rzz-hea,18,8,float64,42,128,2,128,2,1,1.0,rotation,rotation,18,18,compact:L1R0W0-L1R0W0-L1R0W0-L1R0W0-L1R0W0-L1R0W0-L1R0W0-L1R0W0-L1R0W0-L1R0W0-L1R0W0-L1R0W0-L1R0W0-L1R0W0-L1R0W0-L1R0W0-L1R0W0-L1R0W0,compact:L1R0W0-L1R0W0-L1R0W0-L1R0W0-L1R0W0-L1R0W0-L1R0W0-L1R0W0-L1R0W0-L1R0W0-L1R0W0-L1R0W0-L1R0W0-L1R0W0-L1R0W0-L1R0W0-L1R0W0-L1R0W0,,,split,optimized,5,3,5,4.045719,4.046772,4.043589,4.053990000000001,0.0037969539370397358,1.4172046,0.040167,2.5894004,,,custom:libsad_search_9361435758c99d.so,/home/rzzhang/sad_merged/sad/build/libsad_search_9361435758c99d.so
2026-08-23T04:35:03.521432+00:00,20260823T043020,joint:rzz-hea:28:2854bcc23bda15bf,ok,,rzz-hea,28,8,float64,42,32,2,32,2,1,1.0,rotation,rotation,28,28,compact:L1R0W0-L1R0W0-L1R0W0-L1R0W0-L1R0W0-L1R0W0-L1R0W0-L1R0W0-L1R0W0-L1R0W0-L1R0W0-L1R0W0-L1R0W0-L1R0W0-L1R0W0-L1R0W0-L1R0W0-L1R0W0-L1R0W0-L1R0W0-L1R0W0-L1R0W0-L1R0W0-L1R0W0-L1R0W0-L1R0W0-L1R0W0-L1R0W0,compact:L1R0W0-L1R0W0-L1R0W0-L1R0W0-L1R0W0-L1R0W0-L1R0W0-L1R0W0-L1R0W0-L1R0W0-L1R0W0-L1R0W0-L1R0W0-L1R0W0-L1R0W0-L1R0W0-L1R0W0-L1R0W0-L1R0W0-L1R0W0-L1R0W0-L1R0W0-L1R0W0-L1R0W0-L1R0W0-L1R0W0-L1R0W0-L1R0W0,,,merged,optimized,2,3,2,6865.7671765,6865.7671765,6865.698084,6865.836268999999,0.06909249999989697,1941.160327,82.746567,4841.8602825,,,custom:libsad_search_f9cdaf042a7bd6.so,/home/rzzhang/sad_merged/sad/build/libsad_search_f9cdaf042a7bd6.so
2026-08-23T04:35:37.878111+00:00,20260823T043020,joint:rzz-hea:22:7994d379889d249f,ok,,rzz-hea,22,8,float64,42,128,2,32,2,1,0.75,rotation,rotation,17,18,compact:L2R0W0-L2R0W0-L2R0W0-L2R0W0-L2R0W0-L1R0W0-L1R0W0-L1R0W0-L1R0W0-L1R0W0-L1R0W0-L1R0W0-L1R0W0-L1R0W0-L1R0W0-L1R0W0-L1R0W0,compact:L2R0W0-L2R0W0-L2R0W0-L2R0W0-L1R0W0-L1R0W0-L1R0W0-L1R0W0-L1R0W0-L1R0W0-L1R0W0-L1R0W0-L1R0W0-L1R0W0-L1R0W0-L1R0W0-L1R0W0-L1R0W0,,,split,optimized,3,3,3,63.471916,63.48787066666667,63.455438,63.536258,0.03487006014078682,12.140481666666666,0.4265863333333334,50.92080266666666,,,custom:libsad_search_7259903b8346c4.so,/home/rzzhang/sad_merged/sad/build/libsad_search_7259903b8346c4.so
2026-08-23T04:35:53.965093+00:00,20260823T043020,joint:rzz-hea:16:65f96ca906a2e81d,ok,,rzz-hea,16,8,float64,42,128,2,32,2,1,0.75,rotation,rotation,12,13,compact:L2R0W0-L2R0W0-L2R0W0-L2R0W0-L1R0W0-L1R0W0-L1R0W0-L1R0W0-L1R0W0-L1R0W0-L1R0W0-L1R0W0,compact:L2R0W0-L2R0W0-L2R0W0-L1R0W0-L1R0W0-L1R0W0-L1R0W0-L1R0W0-L1R0W0-L1R0W0-L1R0W0-L1R0W0-L1R0W0,,,split,optimized,5,3,5,1.669096,1.6688446,1.6670230000000001,1.6711269999999998,0.0013886667850855218,0.5893608,0.015384600000000002,1.0640992,,,custom:libsad_search_7259903b8346c4.so,/home/rzzhang/sad_merged/sad/build/libsad_search_7259903b8346c4.so
2026-08-23T04:35:53.990481+00:00,20260823T043020,joint:rzz-hea:6:6738905c7fb9c6d7,ok,,rzz-hea,6,8,float64,42,128,2,128,2,2,0.5,rotation,rotation,4,4,compact:L2R0W0-L2R0W0-L1R0W0-L1R0W0,compact:L2R0W0-L2R0W0-L1R0W0-L1R0W0,,,split,optimized,20,3,20,0.4269805,0.42677180000000003,0.423867,0.42800200000000005,0.0009042967765064819,0.14396784999999998,0.015387650000000001,0.2674163,,,custom:libsad_search_d02bea87aa5c56.so,/home/rzzhang/sad_merged/sad/build/libsad_search_d02bea87aa5c56.so
2026-08-23T04:35:54.011583+00:00,20260823T043020,joint:rzz-hea:16:c098258305b388f6,ok,,rzz-hea,16,8,float64,42,128,2,32,2,1,0.0,rotation,rotation,2,3,compact:L5R2W1-L5R2W1,compact:L5R1W0-L5R0W0-L5R0W0,,,merged,optimized,5,3,5,1.026075,1.0262022,1.0258349999999998,1.02699,0.0004057750115520236,0.21514199999999997,0.0152864,0.7957738000000001,,,custom:libsad_search_5851e15f736f52.so,/home/rzzhang/sad_merged/sad/build/libsad_search_5851e15f736f52.so
2026-08-23T04:35:54.031740+00:00,20260823T043020,joint:rzz-hea:26:70faca3007b74402,ok,,rzz-hea,26,8,float64,42,32,2,128,2,2,1.0,rotation,rotation,26,26,compact:L1R0W0-L1R0W0-L1R0W0-L1R0W0-L1R0W0-L1R0W0-L1R0W0-L1R0W0-L1R0W0-L1R0W0-L1R0W0-L1R0W0-L1R0W0-L1R0W0-L1R0W0-L1R0W0-L1R0W0-L1R0W0-L1R0W0-L1R0W0-L1R0W0-L1R0W0-L1R0W0-L1R0W0-L1R0W0-L1R0W0,compact:L1R0W0-L1R0W0-L1R0W0-L1R0W0-L1R0W0-L1R0W0-L1R0W0-L1R0W0-L1R0W0-L1R0W0-L1R0W0-L1R0W0-L1R0W0-L1R0W0-L1R0W0-L1R0W0-L1R0W0-L1R0W0-L1R0W0-L1R0W0-L1R0W0-L1R0W0-L1R0W0-L1R0W0-L1R0W0-L1R0W0,,,split,optimized,2,3,2,1614.8200669999999,1614.8200669999999,1614.702717,1614.9374169999999,0.11734999999998763,493.6124735,10.319163499999998,1110.88843,,,custom:libsad_search_2a0e4369743c84.so,/home/rzzhang/sad_merged/sad/build/libsad_search_2a0e4369743c84.so
2026-08-23T04:36:02.135034+00:00,20260823T043020,joint:rzz-hea:26:3a100a074b29437e,ok,,rzz-hea,26,8,float64,42,32,2,128,2,1,0.0,rotation,rotation,4,3,compact:L5R2W0-L5R2W0-L5R1W0-L5R1W0,compact:L5R2W2-L5R2W2-L5R2W1,,,split,optimized,2,3,2,603.6442675000001,603.6442675000001,603.615048,603.673487,0.029219500000010612,153.9069365,10.4233515,439.3139795,,,custom:libsad_search_0e4f539ceca897.so,/home/rzzhang/sad_merged/sad/build/libsad_search_0e4f539ceca897.so
2026-08-23T04:36:05.194827+00:00,20260823T043020,joint:rzz-hea:24:144fdf57ef057e24,ok,,rzz-hea,24,8,float64,42,32,2,128,2,1,0.75,rotation,rotation,19,19,compact:L2R0W0-L2R0W0-L2R0W0-L2R0W0-L2R0W0-L1R0W0-L1R0W0-L1R0W0-L1R0W0-L1R0W0-L1R0W0-L1R0W0-L1R0W0-L1R0W0-L1R0W0-L1R0W0-L1R0W0-L1R0W0-L1R0W0,compact:L2R0W0-L2R0W0-L2R0W0-L2R0W0-L2R0W0-L1R0W0-L1R0W0-L1R0W0-L1R0W0-L1R0W0-L1R0W0-L1R0W0-L1R0W0-L1R0W0-L1R0W0-L1R0W0-L1R0W0-L1R0W0-L1R0W0,,,split,optimized,3,3,3,307.08678499999996,307.15051966666664,307.05095299999994,307.31382099999996,0.11639437889444604,94.437066,1.7835986666666666,210.92985499999998,,,custom:libsad_search_0e4f539ceca897.so,/home/rzzhang/sad_merged/sad/build/libsad_search_0e4f539ceca897.so
2026-08-23T04:36:07.077844+00:00,20260823T043020,joint:rzz-hea:26:f0a63f6d5789b67f,ok,,rzz-hea,26,8,float64,42,32,2,32,2,1,0.0,legacy,legacy,0,0,,,,,not_applicable,legacy-generic,2,3,2,598.2075769999999,598.2075769999999,598.162439,598.252715,0.04513800000000856,173.85128300000002,10.207108,414.149186,,,custom:libsad_search_06042376d3c545.so,/home/rzzhang/sad_merged/sad/build/libsad_search_06042376d3c545.so
2026-08-23T04:36:25.129509+00:00,20260823T043020,joint:rzz-hea:4:eb548a9e3447febe,ok,,rzz-hea,4,8,float64,42,128,2,32,2,2,0.0,rotation,rotation,1,1,compact:L4R0W0,compact:L4R0W0,,,merged,optimized,20,3,20,0.164896,0.16502905,0.160678,0.167159,0.0011946058963105842,0.047237049999999996,0.01510335,0.10268865,,,custom:libsad_search_d014591f51543a.so,/home/rzzhang/sad_merged/sad/build/libsad_search_d014591f51543a.so
2026-08-23T04:36:25.150912+00:00,20260823T043020,joint:rzz-hea:14:9ce477598fcf2a5a,ok,,rzz-hea,14,8,float64,42,64,2,64,2,1,0.5,rotation,rotation,8,8,compact:L2R0W0-L2R0W0-L2R0W0-L2R0W0-L2R0W0-L2R0W0-L1R0W0-L1R0W0,compact:L2R0W0-L2R0W0-L2R0W0-L2R0W0-L2R0W0-L2R0W0-L1R0W0-L1R0W0,,,merged,optimized,10,3,10,0.8903675,0.8908436999999999,0.8886549999999999,0.897096,0.002196395139768819,0.33995990000000004,0.015439999999999997,0.5354438,,,custom:libsad_search_7e5293342e215a.so,/home/rzzhang/sad_merged/sad/build/libsad_search_7e5293342e215a.so
2026-08-23T04:36:25.180319+00:00,20260823T043020,joint:rzz-hea:26:6a3b99d46bc51bee,ok,,rzz-hea,26,8,float64,42,128,2,32,2,1,0.5,rotation,rotation,14,15,compact:L2R0W0-L2R0W0-L2R0W0-L2R0W0-L2R0W0-L2R0W0-L2R0W0-L2R0W0-L2R0W0-L2R0W0-L2R0W0-L2R0W0-L1R0W0-L1R0W0,compact:L2R0W0-L2R0W0-L2R0W0-L2R0W0-L2R0W0-L2R0W0-L2R0W0-L2R0W0-L2R0W0-L2R0W0-L2R0W0-L1R0W0-L1R0W0-L1R0W0-L1R0W0,,,split,optimized,2,3,2,1003.9043185,1003.9043185,1003.8884510000001,1003.920186,0.015867499999899337,297.66152950000003,10.3028855,695.9399035,,,custom:libsad_search_7259903b8346c4.so,/home/rzzhang/sad_merged/sad/build/libsad_search_7259903b8346c4.so
2026-08-23T04:36:30.223981+00:00,20260823T043020,joint:rzz-hea:18:30fcc755d82e39a0,ok,,rzz-hea,18,8,float64,42,32,2,128,2,2,0.75,rotation,rotation,14,14,compact:L2R0W0-L2R0W0-L2R0W0-L2R0W0-L1R0W0-L1R0W0-L1R0W0-L1R0W0-L1R0W0-L1R0W0-L1R0W0-L1R0W0-L1R0W0-L1R0W0,compact:L2R0W0-L2R0W0-L2R0W0-L2R0W0-L1R0W0-L1R0W0-L1R0W0-L1R0W0-L1R0W0-L1R0W0-L1R0W0-L1R0W0-L1R0W0-L1R0W0,,,merged,optimized,5,3,5,3.616863,3.6148870000000004,3.6095189999999997,3.618043,0.0032753830920978786,1.014806,0.035825,2.564256,,,custom:libsad_search_fce412939d20fb.so,/home/rzzhang/sad_merged/sad/build/libsad_search_fce412939d20fb.so
2026-08-23T04:36:46.991395+00:00,20260823T043020,joint:rzz-hea:8:486f98d9d0907a02,ok,,rzz-hea,8,8,float64,42,32,2,128,2,1,0.5,rotation,rotation,5,4,compact:L2R0W0-L2R0W0-L2R0W0-L1R0W0-L1R0W0,compact:L2R0W0-L2R0W0-L2R0W0-L2R0W0,,,merged,optimized,20,3,20,0.5058575,0.50622455,0.505625,0.50785,0.0005992431455594632,0.1792349,0.015345600000000001,0.31164405,,,custom:libsad_search_2a8327787a9aac.so,/home/rzzhang/sad_merged/sad/build/libsad_search_2a8327787a9aac.so
2026-08-23T04:36:47.014863+00:00,20260823T043020,joint:rzz-hea:20:1cefb7f2c12b7fea,ok,,rzz-hea,20,8,float64,42,32,2,128,2,1,0.0,legacy,legacy,0,0,,,,,not_applicable,legacy-generic,5,3,5,8.383578000000002,8.3836846,8.382569,8.384509,0.0007320367750324265,2.2913200000000002,0.10552840000000001,5.9868362,,,custom:libsad_search_ada51c8f4b2976.so,/home/rzzhang/sad_merged/sad/build/libsad_search_ada51c8f4b2976.so
2026-08-23T04:37:03.692688+00:00,20260823T043020,joint:rzz-hea:28:96c62dad7fc932c4,ok,,rzz-hea,28,8,float64,42,32,2,32,2,1,0.25,rotation,rotation,10,10,compact:L3R0W0-L3R0W0-L3R0W0-L3R0W0-L3R0W0-L3R0W0-L3R0W0-L3R0W0-L2R0W0-L2R0W0,compact:L3R0W0-L3R0W0-L3R0W0-L3R0W0-L3R0W0-L3R0W0-L3R0W0-L3R0W0-L2R0W0-L2R0W0,,,merged,optimized,2,3,2,2987.70745,2987.70745,2987.225994,2988.188906,0.4814559999999801,772.8798165,81.5068735,2133.32076,,,custom:libsad_search_f9cdaf042a7bd6.so,/home/rzzhang/sad_merged/sad/build/libsad_search_f9cdaf042a7bd6.so
2026-08-23T04:37:18.667223+00:00,20260823T043020,joint:rzz-hea:16:51899cf7eda9b5dd,ok,,rzz-hea,16,8,float64,42,32,2,32,2,1,0.0,legacy,legacy,0,0,,,,,not_applicable,legacy-generic,5,3,5,0.970777,0.9713272,0.9706879999999999,0.972689,0.0007888100912133624,0.27704920000000005,0.0157106,0.6785674,,,custom:libsad_search_06042376d3c545.so,/home/rzzhang/sad_merged/sad/build/libsad_search_06042376d3c545.so
2026-08-23T04:37:18.696869+00:00,20260823T043020,joint:rzz-hea:4:2831aa377b87e09e,ok,,rzz-hea,4,8,float64,42,32,2,128,2,2,1.0,rotation,rotation,4,4,compact:L1R0W0-L1R0W0-L1R0W0-L1R0W0,compact:L1R0W0-L1R0W0-L1R0W0-L1R0W0,,,split,optimized,20,3,20,0.34607849999999996,0.34611695,0.344935,0.348047,0.0009534489747752629,0.12013220000000001,0.015355300000000002,0.21062945000000002,,,custom:libsad_search_2a0e4369743c84.so,/home/rzzhang/sad_merged/sad/build/libsad_search_2a0e4369743c84.so
2026-08-23T04:37:18.723300+00:00,20260823T043020,joint:rzz-hea:12:a034dee229d458ee,ok,,rzz-hea,12,8,float64,42,64,2,64,2,2,0.5,rotation,rotation,7,7,compact:L2R0W0-L2R0W0-L2R0W0-L2R0W0-L2R0W0-L1R0W0-L1R0W0,compact:L2R0W0-L2R0W0-L2R0W0-L2R0W0-L2R0W0-L1R0W0-L1R0W0,,,merged,optimized,10,3,10,0.726194,0.7264842,0.7249859999999999,0.728032,0.0009037452959767211,0.2819068,0.0154282,0.4291492,,,custom:libsad_search_97eec9f2a848ec.so,/home/rzzhang/sad_merged/sad/build/libsad_search_97eec9f2a848ec.so
2026-08-23T04:37:18.751292+00:00,20260823T043020,joint:rzz-hea:8:6d5707fa38954bb0,ok,,rzz-hea,8,8,float64,42,32,2,128,2,2,0.5,rotation,rotation,5,4,compact:L2R0W0-L2R0W0-L2R0W0-L1R0W0-L1R0W0,compact:L2R0W0-L2R0W0-L2R0W0-L2R0W0,,,split,optimized,20,3,20,0.5386249999999999,0.5373603,0.531416,0.540056,0.003102323582413676,0.18276975,0.015319949999999999,0.33927060000000003,,,custom:libsad_search_2a0e4369743c84.so,/home/rzzhang/sad_merged/sad/build/libsad_search_2a0e4369743c84.so
2026-08-23T04:37:18.780542+00:00,20260823T043020,joint:rzz-hea:8:8d62aab6b872c749,ok,,rzz-hea,8,8,float64,42,64,2,64,2,2,0.75,rotation,rotation,6,6,compact:L2R0W0-L2R0W0-L1R0W0-L1R0W0-L1R0W0-L1R0W0,compact:L2R0W0-L2R0W0-L1R0W0-L1R0W0-L1R0W0-L1R0W0,,,merged,optimized,20,3,20,0.516983,0.51661965,0.515038,0.518035,0.0006683952629245784,0.20110605,0.015629149999999998,0.29988444999999997,,,custom:libsad_search_97eec9f2a848ec.so,/home/rzzhang/sad_merged/sad/build/libsad_search_97eec9f2a848ec.so
2026-08-23T04:37:18.810294+00:00,20260823T043020,joint:rzz-hea:16:34af097864175c40,ok,,rzz-hea,16,8,float64,42,32,2,32,2,2,0.5,rotation,rotation,10,10,compact:L2R0W0-L2R0W0-L2R0W0-L2R0W0-L2R0W0-L2R0W0-L1R0W0-L1R0W0-L1R0W0-L1R0W0,compact:L2R0W0-L2R0W0-L2R0W0-L2R0W0-L2R0W0-L2R0W0-L1R0W0-L1R0W0-L1R0W0-L1R0W0,,,split,optimized,5,3,5,1.511507,1.513021,1.511379,1.515476,0.001958839758632618,0.49695860000000003,0.0153358,1.0007266000000001,,,custom:libsad_search_16d9d6cef53b3d.so,/home/rzzhang/sad_merged/sad/build/libsad_search_16d9d6cef53b3d.so
2026-08-23T04:37:33.978759+00:00,20260823T043020,joint:rzz-hea:12:49d1fd6ea1101e7a,ok,,rzz-hea,12,8,float64,42,32,2,128,2,1,1.0,rotation,rotation,12,12,compact:L1R0W0-L1R0W0-L1R0W0-L1R0W0-L1R0W0-L1R0W0-L1R0W0-L1R0W0-L1R0W0-L1R0W0-L1R0W0-L1R0W0,compact:L1R0W0-L1R0W0-L1R0W0-L1R0W0-L1R0W0-L1R0W0-L1R0W0-L1R0W0-L1R0W0-L1R0W0-L1R0W0-L1R0W0,,,merged,optimized,10,3,10,1.1745044999999998,1.1757161999999999,1.1723350000000001,1.181688,0.002741563378804172,0.4243364,0.0155461,0.7358337,,,custom:libsad_search_2a8327787a9aac.so,/home/rzzhang/sad_merged/sad/build/libsad_search_2a8327787a9aac.so
2026-08-23T04:37:34.006715+00:00,20260823T043020,joint:rzz-hea:14:3d9a97712c6ff6a7,ok,,rzz-hea,14,8,float64,42,32,2,32,2,1,0.5,rotation,rotation,8,8,compact:L2R0W0-L2R0W0-L2R0W0-L2R0W0-L2R0W0-L2R0W0-L1R0W0-L1R0W0,compact:L2R0W0-L2R0W0-L2R0W0-L2R0W0-L2R0W0-L2R0W0-L1R0W0-L1R0W0,,,merged,optimized,10,3,10,0.895905,0.8948226,0.8906040000000001,0.896152,0.0020569812444453293,0.3374636,0.0155446,0.5418144,,,custom:libsad_search_f9cdaf042a7bd6.so,/home/rzzhang/sad_merged/sad/build/libsad_search_f9cdaf042a7bd6.so
2026-08-23T04:37:34.030538+00:00,20260823T043020,joint:rzz-hea:26:61c512805f6ceacd,ok,,rzz-hea,26,8,float64,42,128,2,32,2,1,1.0,rotation,rotation,26,26,compact:L1R0W0-L1R0W0-L1R0W0-L1R0W0-L1R0W0-L1R0W0-L1R0W0-L1R0W0-L1R0W0-L1R0W0-L1R0W0-L1R0W0-L1R0W0-L1R0W0-L1R0W0-L1R0W0-L1R0W0-L1R0W0-L1R0W0-L1R0W0-L1R0W0-L1R0W0-L1R0W0-L1R0W0-L1R0W0-L1R0W0,compact:L1R0W0-L1R0W0-L1R0W0-L1R0W0-L1R0W0-L1R0W0-L1R0W0-L1R0W0-L1R0W0-L1R0W0-L1R0W0-L1R0W0-L1R0W0-L1R0W0-L1R0W0-L1R0W0-L1R0W0-L1R0W0-L1R0W0-L1R0W0-L1R0W0-L1R0W0-L1R0W0-L1R0W0-L1R0W0-L1R0W0,,,merged,optimized,2,3,2,1596.2891814999998,1596.2891814999998,1596.095456,1596.4829069999998,0.19372549999991406,453.73316500000004,10.2151635,1132.3408530000002,,,custom:libsad_search_5851e15f736f52.so,/home/rzzhang/sad_merged/sad/build/libsad_search_5851e15f736f52.so
2026-08-23T04:37:42.045393+00:00,20260823T043020,joint:rzz-hea:22:36dbe2025b5eaa66,ok,,rzz-hea,22,8,float64,42,32,2,128,2,2,0.75,rotation,rotation,18,17,compact:L2R0W0-L2R0W0-L2R0W0-L2R0W0-L1R0W0-L1R0W0-L1R0W0-L1R0W0-L1R0W0-L1R0W0-L1R0W0-L1R0W0-L1R0W0-L1R0W0-L1R0W0-L1R0W0-L1R0W0-L1R0W0,compact:L2R0W0-L2R0W0-L2R0W0-L2R0W0-L2R0W0-L1R0W0-L1R0W0-L1R0W0-L1R0W0-L1R0W0-L1R0W0-L1R0W0-L1R0W0-L1R0W0-L1R0W0-L1R0W0-L1R0W0,,,merged,optimized,3,3,3,60.559524,60.555136,60.512277999999995,60.593605999999994,0.033346682033849634,11.079467000000001,0.40152533333333335,49.07414366666666,,,custom:libsad_search_fce412939d20fb.so,/home/rzzhang/sad_merged/sad/build/libsad_search_fce412939d20fb.so
2026-08-23T04:37:42.445084+00:00,20260823T043020,joint:rzz-hea:8:445678507585d5e5,ok,,rzz-hea,8,8,float64,42,128,2,128,2,2,0.0,rotation,rotation,1,1,compact:L5R2W1,compact:L5R2W1,,,split,optimized,20,3,20,0.3870205,0.38672874999999995,0.381934,0.388058,0.0011650121834126898,0.1074516,0.015410749999999997,0.2638664,,,custom:libsad_search_d02bea87aa5c56.so,/home/rzzhang/sad_merged/sad/build/libsad_search_d02bea87aa5c56.so
2026-08-23T04:37:42.466082+00:00,20260823T043020,joint:rzz-hea:8:6d0787566e0a1c63,ok,,rzz-hea,8,8,float64,42,128,2,128,2,2,0.75,rotation,rotation,6,6,compact:L2R0W0-L2R0W0-L1R0W0-L1R0W0-L1R0W0-L1R0W0,compact:L2R0W0-L2R0W0-L1R0W0-L1R0W0-L1R0W0-L1R0W0,,,split,optimized,20,3,20,0.627709,0.62905375,0.625546,0.6358079999999999,0.003121811571427716,0.22402305,0.01542895,0.38960174999999997,,,custom:libsad_search_d02bea87aa5c56.so,/home/rzzhang/sad_merged/sad/build/libsad_search_d02bea87aa5c56.so
2026-08-23T04:37:42.492158+00:00,20260823T043020,joint:rzz-hea:26:75f78339c90a1ea4,ok,,rzz-hea,26,8,float64,42,32,2,32,2,2,1.0,rotation,rotation,26,26,compact:L1R0W0-L1R0W0-L1R0W0-L1R0W0-L1R0W0-L1R0W0-L1R0W0-L1R0W0-L1R0W0-L1R0W0-L1R0W0-L1R0W0-L1R0W0-L1R0W0-L1R0W0-L1R0W0-L1R0W0-L1R0W0-L1R0W0-L1R0W0-L1R0W0-L1R0W0-L1R0W0-L1R0W0-L1R0W0-L1R0W0,compact:L1R0W0-L1R0W0-L1R0W0-L1R0W0-L1R0W0-L1R0W0-L1R0W0-L1R0W0-L1R0W0-L1R0W0-L1R0W0-L1R0W0-L1R0W0-L1R0W0-L1R0W0-L1R0W0-L1R0W0-L1R0W0-L1R0W0-L1R0W0-L1R0W0-L1R0W0-L1R0W0-L1R0W0-L1R0W0-L1R0W0,,,split,optimized,2,3,2,1612.2612485,1612.2612485,1612.059203,1612.463294,0.20204549999994015,493.60040849999996,10.2785475,1108.3822925,,,custom:libsad_search_16d9d6cef53b3d.so,/home/rzzhang/sad_merged/sad/build/libsad_search_16d9d6cef53b3d.so
2026-08-23T04:37:50.583583+00:00,20260823T043020,joint:rzz-hea:18:b59a5206349c456b,ok,,rzz-hea,18,8,float64,42,32,2,128,2,2,0.0,rotation,rotation,3,2,compact:L5R1W0-L5R1W0-L5R1W0,compact:L5R2W2-L5R2W2,,,merged,optimized,5,3,5,2.370431,2.3698886000000003,2.36856,2.370532,0.0007901879776357182,0.5163992000000001,0.031695,1.8217944,,,custom:libsad_search_fce412939d20fb.so,/home/rzzhang/sad_merged/sad/build/libsad_search_fce412939d20fb.so
2026-08-23T04:37:50.628714+00:00,20260823T043020,joint:rzz-hea:6:aee4a88a4ab4cbfd,ok,,rzz-hea,6,8,float64,42,128,2,128,2,1,1.0,rotation,rotation,6,6,compact:L1R0W0-L1R0W0-L1R0W0-L1R0W0-L1R0W0-L1R0W0,compact:L1R0W0-L1R0W0-L1R0W0-L1R0W0-L1R0W0-L1R0W0,,,split,optimized,20,3,20,0.5047275,0.5046901,0.5036889999999999,0.5059170000000001,0.0007275378271952966,0.1826098,0.01538745,0.30669285,,,custom:libsad_search_9361435758c99d.so,/home/rzzhang/sad_merged/sad/build/libsad_search_9361435758c99d.so
2026-08-23T04:37:50.652734+00:00,20260823T043020,joint:rzz-hea:12:eb89c60519b4af88,ok,,rzz-hea,12,8,float64,42,64,2,64,2,1,1.0,rotation,rotation,12,12,compact:L1R0W0-L1R0W0-L1R0W0-L1R0W0-L1R0W0-L1R0W0-L1R0W0-L1R0W0-L1R0W0-L1R0W0-L1R0W0-L1R0W0,compact:L1R0W0-L1R0W0-L1R0W0-L1R0W0-L1R0W0-L1R0W0-L1R0W0-L1R0W0-L1R0W0-L1R0W0-L1R0W0-L1R0W0,,,merged,optimized,10,3,10,1.0280525,1.028165,1.026978,1.03111,0.001330012405957178,0.4247054,0.015571699999999999,0.5878879,,,custom:libsad_search_7e5293342e215a.so,/home/rzzhang/sad_merged/sad/build/libsad_search_7e5293342e215a.so
2026-08-23T04:37:50.678413+00:00,20260823T043020,joint:rzz-hea:18:a6f9e03df87bdf9b,ok,,rzz-hea,18,8,float64,42,32,2,128,2,1,0.0,legacy,legacy,0,0,,,,,not_applicable,legacy-generic,5,3,5,2.304033,2.3041780000000003,2.303737,2.30493,0.0004046109242223376,0.666501,0.031704800000000005,1.6059721999999998,,,custom:libsad_search_ada51c8f4b2976.so,/home/rzzhang/sad_merged/sad/build/libsad_search_ada51c8f4b2976.so
2026-08-23T04:37:50.709707+00:00,20260823T043020,joint:rzz-hea:24:9bacd48131e11f72,ok,,rzz-hea,24,8,float64,42,32,2,32,2,2,0.25,rotation,rotation,9,9,compact:L3R0W0-L3R0W0-L3R0W0-L3R0W0-L3R0W0-L3R0W0-L2R0W0-L2R0W0-L2R0W0,compact:L3R0W0-L3R0W0-L3R0W0-L3R0W0-L3R0W0-L3R0W0-L2R0W0-L2R0W0-L2R0W0,,,merged,optimized,3,3,3,165.663707,165.74593566666667,165.637212,165.936888,0.1354562449903676,43.639662,1.7756753333333333,120.33059833333333,,,custom:libsad_search_dcff342f285260.so,/home/rzzhang/sad_merged/sad/build/libsad_search_dcff342f285260.so
2026-08-23T04:37:51.738971+00:00,20260823T043020,joint:rzz-hea:12:11d6f53fce2ca8e0,ok,,rzz-hea,12,8,float64,42,128,2,32,2,1,1.0,rotation,rotation,12,12,compact:L1R0W0-L1R0W0-L1R0W0-L1R0W0-L1R0W0-L1R0W0-L1R0W0-L1R0W0-L1R0W0-L1R0W0-L1R0W0-L1R0W0,compact:L1R0W0-L1R0W0-L1R0W0-L1R0W0-L1R0W0-L1R0W0-L1R0W0-L1R0W0-L1R0W0-L1R0W0-L1R0W0-L1R0W0,,,merged,optimized,10,3,10,1.047075,1.0465099,1.040337,1.0485870000000002,0.002162934000380034,0.4778315,0.015385799999999998,0.5532926,,,custom:libsad_search_5851e15f736f52.so,/home/rzzhang/sad_merged/sad/build/libsad_search_5851e15f736f52.so
2026-08-23T04:37:51.764714+00:00,20260823T043020,joint:rzz-hea:20:420a046b7e4d6f23,ok,,rzz-hea,20,8,float64,42,64,2,64,2,2,0.75,rotation,rotation,16,16,compact:L2R0W0-L2R0W0-L2R0W0-L2R0W0-L1R0W0-L1R0W0-L1R0W0-L1R0W0-L1R0W0-L1R0W0-L1R0W0-L1R0W0-L1R0W0-L1R0W0-L1R0W0-L1R0W0,compact:L2R0W0-L2R0W0-L2R0W0-L2R0W0-L1R0W0-L1R0W0-L1R0W0-L1R0W0-L1R0W0-L1R0W0-L1R0W0-L1R0W0-L1R0W0-L1R0W0-L1R0W0-L1R0W0,,,split,optimized,5,3,5,9.737553,9.738462199999999,9.735081,9.743471999999999,0.0027947284232994656,3.0033976,0.105708,6.6293565999999995,,,custom:libsad_search_20c37ff249ec0a.so,/home/rzzhang/sad_merged/sad/build/libsad_search_20c37ff249ec0a.so
2026-08-23T04:38:07.905699+00:00,20260823T043020,joint:rzz-hea:14:fbad24014a8ef233,ok,,rzz-hea,14,8,float64,42,128,2,128,2,1,0.0,legacy,legacy,0,0,,,,,not_applicable,legacy-generic,10,3,10,0.7209445,0.7214661,0.72073,0.723955,0.0010423480656671163,0.2221533,0.015586800000000001,0.48372600000000004,,,custom:libsad_search_78e231cd0d5107.so,/home/rzzhang/sad_merged/sad/build/libsad_search_78e231cd0d5107.so
2026-08-23T04:38:07.927678+00:00,20260823T043020,joint:rzz-hea:12:c7b54d94fbf3dbe4,ok,,rzz-hea,12,8,float64,42,64,2,64,2,1,0.75,rotation,rotation,10,10,compact:L2R0W0-L2R0W0-L1R0W0-L1R0W0-L1R0W0-L1R0W0-L1R0W0-L1R0W0-L1R0W0-L1R0W0,compact:L2R0W0-L2R0W0-L1R0W0-L1R0W0-L1R0W0-L1R0W0-L1R0W0-L1R0W0-L1R0W0-L1R0W0,,,split,optimized,10,3,10,1.016073,1.0155636,1.01185,1.01884,0.002292250125967947,0.3914315,0.0151134,0.6090186999999999,,,custom:libsad_search_7ec063ebc99501.so,/home/rzzhang/sad_merged/sad/build/libsad_search_7ec063ebc99501.so
2026-08-23T04:38:24.010512+00:00,20260823T043020,joint:rzz-hea:10:f2553c9dcf0d7327,ok,,rzz-hea,10,8,float64,42,32,2,32,2,1,0.5,rotation,rotation,6,6,compact:L2R0W0-L2R0W0-L2R0W0-L2R0W0-L1R0W0-L1R0W0,compact:L2R0W0-L2R0W0-L2R0W0-L2R0W0-L1R0W0-L1R0W0,,,split,optimized,10,3,10,0.6624420000000001,0.6623819,0.661522,0.663389,0.000491606641533669,0.24209,0.015565399999999998,0.40472649999999993,,,custom:libsad_search_3cb67c7e18cc99.so,/home/rzzhang/sad_merged/sad/build/libsad_search_3cb67c7e18cc99.so
2026-08-23T04:38:24.031397+00:00,20260823T043020,joint:rzz-hea:14:164770022e1831e7,ok,,rzz-hea,14,8,float64,42,128,2,32,2,1,0.25,rotation,rotation,5,5,compact:L3R0W0-L3R0W0-L3R0W0-L3R0W0-L2R0W0,compact:L3R0W0-L3R0W0-L3R0W0-L3R0W0-L2R0W0,,,merged,optimized,10,3,10,0.7566925,0.7565122,0.7556919999999999,0.7568699999999999,0.00041635701026885067,0.30675169999999996,0.0156004,0.4341601,,,custom:libsad_search_5851e15f736f52.so,/home/rzzhang/sad_merged/sad/build/libsad_search_5851e15f736f52.so
2026-08-23T04:38:24.052906+00:00,20260823T043020,joint:rzz-hea:14:263b7b934b3339e6,ok,,rzz-hea,14,8,float64,42,128,2,128,2,2,0.25,rotation,rotation,5,5,compact:L3R0W0-L3R0W0-L3R0W0-L3R0W0-L2R0W0,compact:L3R0W0-L3R0W0-L3R0W0-L3R0W0-L2R0W0,,,split,optimized,10,3,10,0.9205315000000001,0.9205318,0.919378,0.922547,0.000910173697708301,0.30255960000000004,0.015568499999999999,0.6024037000000001,,,custom:libsad_search_d02bea87aa5c56.so,/home/rzzhang/sad_merged/sad/build/libsad_search_d02bea87aa5c56.so
2026-08-23T04:38:24.076873+00:00,20260823T043020,joint:rzz-hea:24:d415551678da3613,ok,,rzz-hea,24,8,float64,42,32,2,32,2,1,0.25,rotation,rotation,9,9,compact:L3R0W0-L3R0W0-L3R0W0-L3R0W0-L3R0W0-L3R0W0-L2R0W0-L2R0W0-L2R0W0,compact:L3R0W0-L3R0W0-L3R0W0-L3R0W0-L3R0W0-L3R0W0-L2R0W0-L2R0W0-L2R0W0,,,merged,optimized,3,3,3,165.506769,165.53185833333333,165.480609,165.60819700000002,0.05502593583233041,43.56590566666666,1.7684343333333332,120.19751833333332,,,custom:libsad_search_f9cdaf042a7bd6.so,/home/rzzhang/sad_merged/sad/build/libsad_search_f9cdaf042a7bd6.so
2026-08-23T04:38:25.102859+00:00,20260823T043020,joint:rzz-hea:16:ec299f3c7aa4b5f8,ok,,rzz-hea,16,8,float64,42,128,2,128,2,1,0.75,rotation,rotation,12,12,compact:L2R0W0-L2R0W0-L2R0W0-L2R0W0-L1R0W0-L1R0W0-L1R0W0-L1R0W0-L1R0W0-L1R0W0-L1R0W0-L1R0W0,compact:L2R0W0-L2R0W0-L2R0W0-L2R0W0-L1R0W0-L1R0W0-L1R0W0-L1R0W0-L1R0W0-L1R0W0-L1R0W0-L1R0W0,,,split,optimized,5,3,5,1.7243100000000002,1.7239084000000002,1.722242,1.725507,0.0011235672832545032,0.5821567999999999,0.0156554,1.1260961999999999,,,custom:libsad_search_9361435758c99d.so,/home/rzzhang/sad_merged/sad/build/libsad_search_9361435758c99d.so
2026-08-23T04:38:25.130012+00:00,20260823T043020,joint:rzz-hea:18:995e007f960c7ae4,ok,,rzz-hea,18,8,float64,42,64,2,64,2,1,1.0,rotation,rotation,18,18,compact:L1R0W0-L1R0W0-L1R0W0-L1R0W0-L1R0W0-L1R0W0-L1R0W0-L1R0W0-L1R0W0-L1R0W0-L1R0W0-L1R0W0-L1R0W0-L1R0W0-L1R0W0-L1R0W0-L1R0W0-L1R0W0,compact:L1R0W0-L1R0W0-L1R0W0-L1R0W0-L1R0W0-L1R0W0-L1R0W0-L1R0W0-L1R0W0-L1R0W0-L1R0W0-L1R0W0-L1R0W0-L1R0W0-L1R0W0-L1R0W0-L1R0W0-L1R0W0,,,merged,optimized,5,3,5,3.744553,3.7445608,3.743642,3.745857,0.000806429513348793,1.1687068,0.0320994,2.5437545999999998,,,custom:libsad_search_7e5293342e215a.so,/home/rzzhang/sad_merged/sad/build/libsad_search_7e5293342e215a.so
2026-08-23T04:38:25.173658+00:00,20260823T043020,joint:rzz-hea:6:eaae951632c428f4,ok,,rzz-hea,6,8,float64,42,64,2,64,2,2,0.5,rotation,rotation,4,4,compact:L2R0W0-L2R0W0-L1R0W0-L1R0W0,compact:L2R0W0-L2R0W0-L1R0W0-L1R0W0,,,split,optimized,20,3,20,0.3758365,0.3760408,0.374751,0.37771400000000005,0.0007589446356619206,0.13357734999999998,0.01530785,0.2271556,,,custom:libsad_search_20c37ff249ec0a.so,/home/rzzhang/sad_merged/sad/build/libsad_search_20c37ff249ec0a.so
2026-08-23T04:38:25.194318+00:00,20260823T043020,joint:rzz-hea:12:4428c1511c848267,ok,,rzz-hea,12,8,float64,42,128,2,128,2,2,0.25,rotation,rotation,4,4,compact:L3R0W0-L3R0W0-L3R0W0-L3R0W0,compact:L3R0W0-L3R0W0-L3R0W0-L3R0W0,,,split,optimized,10,3,10,0.7167224999999999,0.7161565,0.7116600000000001,0.717924,0.0016136583436402907,0.2286683,0.015468400000000002,0.4720198,,,custom:libsad_search_d02bea87aa5c56.so,/home/rzzhang/sad_merged/sad/build/libsad_search_d02bea87aa5c56.so
2026-08-23T04:38:25.215475+00:00,20260823T043020,joint:rzz-hea:24:a6d88dfa08867e91,ok,,rzz-hea,24,8,float64,42,128,2,128,2,1,0.25,rotation,rotation,8,8,compact:L3R0W0-L3R0W0-L3R0W0-L3R0W0-L3R0W0-L3R0W0-L3R0W0-L3R0W0,compact:L3R0W0-L3R0W0-L3R0W0-L3R0W0-L3R0W0-L3R0W0-L3R0W0-L3R0W0,,,merged,optimized,3,3,3,152.736662,152.8124293333333,152.716186,152.98444,0.12191682609969641,40.323049,1.7620146666666667,110.72736566666667,,,custom:libsad_search_8fbfac92ec4bef.so,/home/rzzhang/sad_merged/sad/build/libsad_search_8fbfac92ec4bef.so
2026-08-23T04:38:43.362490+00:00,20260823T043020,joint:rzz-hea:22:7a34db5d302d4bc5,ok,,rzz-hea,22,8,float64,42,64,2,64,2,2,0.75,rotation,rotation,17,17,compact:L2R0W0-L2R0W0-L2R0W0-L2R0W0-L2R0W0-L1R0W0-L1R0W0-L1R0W0-L1R0W0-L1R0W0-L1R0W0-L1R0W0-L1R0W0-L1R0W0-L1R0W0-L1R0W0-L1R0W0,compact:L2R0W0-L2R0W0-L2R0W0-L2R0W0-L2R0W0-L1R0W0-L1R0W0-L1R0W0-L1R0W0-L1R0W0-L1R0W0-L1R0W0-L1R0W0-L1R0W0-L1R0W0-L1R0W0-L1R0W0,,,split,optimized,3,3,3,60.405762,60.41350033333333,60.395819,60.43892,0.018427070708305505,11.756586333333333,0.4018083333333333,48.255105666666665,,,custom:libsad_search_20c37ff249ec0a.so,/home/rzzhang/sad_merged/sad/build/libsad_search_20c37ff249ec0a.so
2026-08-23T04:38:43.750869+00:00,20260823T043020,joint:rzz-hea:24:f5d9232874967e33,ok,,rzz-hea,24,8,float64,42,32,2,128,2,1,1.0,rotation,rotation,24,24,compact:L1R0W0-L1R0W0-L1R0W0-L1R0W0-L1R0W0-L1R0W0-L1R0W0-L1R0W0-L1R0W0-L1R0W0-L1R0W0-L1R0W0-L1R0W0-L1R0W0-L1R0W0-L1R0W0-L1R0W0-L1R0W0-L1R0W0-L1R0W0-L1R0W0-L1R0W0-L1R0W0-L1R0W0,compact:L1R0W0-L1R0W0-L1R0W0-L1R0W0-L1R0W0-L1R0W0-L1R0W0-L1R0W0-L1R0W0-L1R0W0-L1R0W0-L1R0W0-L1R0W0-L1R0W0-L1R0W0-L1R0W0-L1R0W0-L1R0W0-L1R0W0-L1R0W0-L1R0W0-L1R0W0-L1R0W0-L1R0W0,,,merged,optimized,3,3,3,367.996895,368.0164506666667,367.98800400000005,368.064453,0.03413630007614389,104.766345,1.78892,261.4611856666667,,,custom:libsad_search_2a8327787a9aac.so,/home/rzzhang/sad_merged/sad/build/libsad_search_2a8327787a9aac.so
2026-08-23T04:38:45.989659+00:00,20260823T043020,joint:rzz-hea:28:2de590202406e01a,ok,,rzz-hea,28,8,float64,42,128,2,128,2,1,0.0,legacy,legacy,0,0,,,,,not_applicable,legacy-generic,2,3,2,2844.759865,2844.759865,2844.21187,2845.3078600000003,0.5479950000001281,791.4730855,83.2747745,1970.012005,,,custom:libsad_search_78e231cd0d5107.so,/home/rzzhang/sad_merged/sad/build/libsad_search_78e231cd0d5107.so
2026-08-23T04:39:00.241082+00:00,20260823T043020,joint:rzz-hea:12:a940e496b6e312c2,ok,,rzz-hea,12,8,float64,42,128,2,128,2,2,0.75,rotation,rotation,10,10,compact:L2R0W0-L2R0W0-L1R0W0-L1R0W0-L1R0W0-L1R0W0-L1R0W0-L1R0W0-L1R0W0-L1R0W0,compact:L2R0W0-L2R0W0-L1R0W0-L1R0W0-L1R0W0-L1R0W0-L1R0W0-L1R0W0-L1R0W0-L1R0W0,,,split,optimized,10,3,10,1.0890145,1.0893009,1.0884550000000002,1.091517,0.0009627281495832476,0.40547880000000003,0.015624299999999999,0.6681978,,,custom:libsad_search_d02bea87aa5c56.so,/home/rzzhang/sad_merged/sad/build/libsad_search_d02bea87aa5c56.so
2026-08-23T04:39:00.273365+00:00,20260823T043020,joint:rzz-hea:14:646c1031493d9945,ok,,rzz-hea,14,8,float64,42,32,2,32,2,1,0.25,rotation,rotation,5,5,compact:L3R0W0-L3R0W0-L3R0W0-L3R0W0-L2R0W0,compact:L3R0W0-L3R0W0-L3R0W0-L3R0W0-L2R0W0,,,split,optimized,10,3,10,0.7055239999999999,0.7054981,0.704359,0.707538,0.0010660097982664242,0.24300110000000003,0.015413,0.44708400000000004,,,custom:libsad_search_3cb67c7e18cc99.so,/home/rzzhang/sad_merged/sad/build/libsad_search_3cb67c7e18cc99.so
2026-08-23T04:39:00.299979+00:00,20260823T043020,joint:rzz-hea:16:0908c37dbbed66c1,ok,,rzz-hea,16,8,float64,42,128,2,32,2,2,0.0,rotation,rotation,2,3,compact:L5R2W1-L5R2W1,compact:L5R1W0-L5R0W0-L5R0W0,,,merged,optimized,5,3,5,1.011701,1.0125128,1.011657,1.015733,0.0016108050657978356,0.2076922,0.015622600000000002,0.789198,,,custom:libsad_search_d014591f51543a.so,/home/rzzhang/sad_merged/sad/build/libsad_search_d014591f51543a.so
2026-08-23T04:39:00.329993+00:00,20260823T043020,joint:rzz-hea:6:110921b84f1def4b,ok,,rzz-hea,6,8,float64,42,32,2,128,2,2,0.75,rotation,rotation,5,5,compact:L2R0W0-L1R0W0-L1R0W0-L1R0W0-L1R0W0,compact:L2R0W0-L1R0W0-L1R0W0-L1R0W0-L1R0W0,,,split,optimized,20,3,20,0.452523,0.45261515,0.450627,0.45863999999999994,0.0017524696652153416,0.15331385,0.015475299999999997,0.28382599999999997,,,custom:libsad_search_2a0e4369743c84.so,/home/rzzhang/sad_merged/sad/build/libsad_search_2a0e4369743c84.so
2026-08-23T04:39:00.357371+00:00,20260823T043020,joint:rzz-hea:26:a4d9ef59af68868d,ok,,rzz-hea,26,8,float64,42,128,2,32,2,2,0.5,rotation,rotation,14,15,compact:L2R0W0-L2R0W0-L2R0W0-L2R0W0-L2R0W0-L2R0W0-L2R0W0-L2R0W0-L2R0W0-L2R0W0-L2R0W0-L2R0W0-L1R0W0-L1R0W0,compact:L2R0W0-L2R0W0-L2R0W0-L2R0W0-L2R0W0-L2R0W0-L2R0W0-L2R0W0-L2R0W0-L2R0W0-L2R0W0-L1R0W0-L1R0W0-L1R0W0-L1R0W0,,,split,optimized,2,3,2,1004.5542204999999,1004.5542204999999,1004.2098139999999,1004.898627,0.3444065000000478,297.86285999999996,10.432779,696.2585815,,,custom:libsad_search_3b115211f38255.so,/home/rzzhang/sad_merged/sad/build/libsad_search_3b115211f38255.so
2026-08-23T04:39:05.419570+00:00,20260823T043020,joint:rzz-hea:28:93a808bfd2489ffe,ok,,rzz-hea,28,8,float64,42,32,2,32,2,1,0.5,rotation,rotation,16,16,compact:L2R0W0-L2R0W0-L2R0W0-L2R0W0-L2R0W0-L2R0W0-L2R0W0-L2R0W0-L2R0W0-L2R0W0-L2R0W0-L2R0W0-L1R0W0-L1R0W0-L1R0W0-L1R0W0,compact:L2R0W0-L2R0W0-L2R0W0-L2R0W0-L2R0W0-L2R0W0-L2R0W0-L2R0W0-L2R0W0-L2R0W0-L2R0W0-L2R0W0-L1R0W0-L1R0W0-L1R0W0-L1R0W0,,,merged,optimized,2,3,2,4280.8593325,4280.8593325,4280.024781,4281.693884,0.8345515000000887,1153.6172725000001,80.31310699999999,3046.928953,,,custom:libsad_search_f9cdaf042a7bd6.so,/home/rzzhang/sad_merged/sad/build/libsad_search_f9cdaf042a7bd6.so
2026-08-23T04:39:26.871482+00:00,20260823T043020,joint:rzz-hea:6:07490827ac18a47b,ok,,rzz-hea,6,8,float64,42,32,2,32,2,1,0.25,rotation,rotation,2,2,compact:L3R0W0-L3R0W0,compact:L3R0W0-L3R0W0,,,merged,optimized,20,3,20,0.24875150000000001,0.2542731,0.247655,0.361564,0.02462074537640971,0.0793664,0.01535695,0.15954975,,,custom:libsad_search_f9cdaf042a7bd6.so,/home/rzzhang/sad_merged/sad/build/libsad_search_f9cdaf042a7bd6.so
2026-08-23T04:39:26.894435+00:00,20260823T043020,joint:rzz-hea:18:12dcdea73e29a1b6,ok,,rzz-hea,18,8,float64,42,64,2,64,2,1,0.75,rotation,rotation,14,14,compact:L2R0W0-L2R0W0-L2R0W0-L2R0W0-L1R0W0-L1R0W0-L1R0W0-L1R0W0-L1R0W0-L1R0W0-L1R0W0-L1R0W0-L1R0W0-L1R0W0,compact:L2R0W0-L2R0W0-L2R0W0-L2R0W0-L1R0W0-L1R0W0-L1R0W0-L1R0W0-L1R0W0-L1R0W0-L1R0W0-L1R0W0-L1R0W0-L1R0W0,,,split,optimized,5,3,5,3.2532910000000004,3.253208,3.250246,3.2552570000000003,0.0016708905409990222,1.0959542,0.03193220000000001,2.1253215999999995,,,custom:libsad_search_7ec063ebc99501.so,/home/rzzhang/sad_merged/sad/build/libsad_search_7ec063ebc99501.so
2026-08-23T04:39:26.946864+00:00,20260823T043020,joint:rzz-hea:4:fb8e31b6c3110d2a,ok,,rzz-hea,4,8,float64,42,32,2,32,2,1,0.25,rotation,rotation,2,2,compact:L2R0W0-L2R0W0,compact:L2R0W0-L2R0W0,,,split,optimized,20,3,20,0.24982250000000003,0.24982175,0.24785900000000002,0.25093899999999997,0.0007166032287814463,0.08621095000000001,0.0153221,0.1482887,,,custom:libsad_search_3cb67c7e18cc99.so,/home/rzzhang/sad_merged/sad/build/libsad_search_3cb67c7e18cc99.so
2026-08-23T04:39:26.970689+00:00,20260823T043020,joint:rzz-hea:28:a977272990afad2d,ok,,rzz-hea,28,8,float64,42,32,2,128,2,2,0.0,rotation,rotation,4,4,compact:L5R2W0-L5R2W0-L5R2W0-L5R2W0,compact:L5R2W0-L5R2W0-L5R2W0-L5R2W0,,,merged,optimized,2,3,2,2495.1234225,2495.1234225,2494.897259,2495.3495860000003,0.22616350000021157,503.734653,82.8903305,1908.4984390000002,,,custom:libsad_search_fce412939d20fb.so,/home/rzzhang/sad_merged/sad/build/libsad_search_fce412939d20fb.so
2026-08-23T04:39:39.633777+00:00,20260823T043020,joint:rzz-hea:16:dbfbf615b7d9d14a,ok,,rzz-hea,16,8,float64,42,128,2,128,2,1,0.0,rotation,rotation,2,2,compact:L5R2W1-L5R2W1,compact:L5R2W1-L5R2W1,,,split,optimized,5,3,5,0.926986,0.9286842,0.926254,0.935829,0.0035989027438929223,0.22215960000000004,0.0155456,0.690979,,,custom:libsad_search_9361435758c99d.so,/home/rzzhang/sad_merged/sad/build/libsad_search_9361435758c99d.so
2026-08-23T04:39:39.663909+00:00,20260823T043020,joint:rzz-hea:26:5d287acbf1d6c9a8,ok,,rzz-hea,26,8,float64,42,128,2,128,2,1,0.0,rotation,rotation,3,3,compact:L5R2W2-L5R2W2-L5R2W1,compact:L5R2W2-L5R2W2-L5R2W1,,,split,optimized,2,3,2,605.4583365000001,605.4583365000001,605.353907,605.562766,0.10442949999998064,155.472408,10.279212999999999,439.7067155,,,custom:libsad_search_9361435758c99d.so,/home/rzzhang/sad_merged/sad/build/libsad_search_9361435758c99d.so
2026-08-23T04:39:42.730236+00:00,20260823T043020,joint:rzz-hea:8:78f1a206052674e8,ok,,rzz-hea,8,8,float64,42,64,2,64,2,2,1.0,rotation,rotation,8,8,compact:L1R0W0-L1R0W0-L1R0W0-L1R0W0-L1R0W0-L1R0W0-L1R0W0-L1R0W0,compact:L1R0W0-L1R0W0-L1R0W0-L1R0W0-L1R0W0-L1R0W0-L1R0W0-L1R0W0,,,split,optimized,20,3,20,0.660463,0.6603466499999999,0.657447,0.6624719999999998,0.0011595921815448532,0.25287215,0.0155186,0.3919559,,,custom:libsad_search_20c37ff249ec0a.so,/home/rzzhang/sad_merged/sad/build/libsad_search_20c37ff249ec0a.so
2026-08-23T04:39:42.764229+00:00,20260823T043020,joint:rzz-hea:20:526446e46b93c641,ok,,rzz-hea,20,8,float64,42,32,2,128,2,2,0.5,rotation,rotation,12,12,compact:L2R0W0-L2R0W0-L2R0W0-L2R0W0-L2R0W0-L2R0W0-L2R0W0-L2R0W0-L1R0W0-L1R0W0-L1R0W0-L1R0W0,compact:L2R0W0-L2R0W0-L2R0W0-L2R0W0-L2R0W0-L2R0W0-L2R0W0-L2R0W0-L1R0W0-L1R0W0-L1R0W0-L1R0W0,,,split,optimized,5,3,5,8.97037,8.9708664,8.968224000000001,8.974338999999999,0.0019888053298391176,2.6702412000000004,0.0973652,6.20326,,,custom:libsad_search_2a0e4369743c84.so,/home/rzzhang/sad_merged/sad/build/libsad_search_2a0e4369743c84.so
2026-08-23T04:39:42.858448+00:00,20260823T043020,joint:rzz-hea:12:e8f5675f65a7c8e4,ok,,rzz-hea,12,8,float64,42,128,2,32,2,2,0.25,rotation,rotation,4,4,compact:L3R0W0-L3R0W0-L3R0W0-L3R0W0,compact:L3R0W0-L3R0W0-L3R0W0-L3R0W0,,,merged,optimized,10,3,10,0.5662155,0.5665304,0.56609,0.56741,0.0005548401932088141,0.23131770000000001,0.0153572,0.3198555,,,custom:libsad_search_d014591f51543a.so,/home/rzzhang/sad_merged/sad/build/libsad_search_d014591f51543a.so
2026-08-23T04:39:42.877770+00:00,20260823T043020,joint:rzz-hea:28:4f1c9057f188db08,ok,,rzz-hea,28,8,float64,42,128,2,128,2,2,0.25,rotation,rotation,10,10,compact:L3R0W0-L3R0W0-L3R0W0-L3R0W0-L3R0W0-L3R0W0-L3R0W0-L3R0W0-L2R0W0-L2R0W0,compact:L3R0W0-L3R0W0-L3R0W0-L3R0W0-L3R0W0-L3R0W0-L3R0W0-L3R0W0-L2R0W0-L2R0W0,,,split,optimized,2,3,2,3045.0218375000004,3045.0218375000004,3043.762074,3046.281601,1.2597634999999627,932.13654,82.20292400000001,2030.6823735000003,,,custom:libsad_search_d02bea87aa5c56.so,/home/rzzhang/sad_merged/sad/build/libsad_search_d02bea87aa5c56.so
2026-08-23T04:39:58.137673+00:00,20260823T043020,joint:rzz-hea:20:fb63ce28db402f48,ok,,rzz-hea,20,8,float64,42,32,2,32,2,1,0.75,rotation,rotation,16,16,compact:L2R0W0-L2R0W0-L2R0W0-L2R0W0-L1R0W0-L1R0W0-L1R0W0-L1R0W0-L1R0W0-L1R0W0-L1R0W0-L1R0W0-L1R0W0-L1R0W0-L1R0W0-L1R0W0,compact:L2R0W0-L2R0W0-L2R0W0-L2R0W0-L1R0W0-L1R0W0-L1R0W0-L1R0W0-L1R0W0-L1R0W0-L1R0W0-L1R0W0-L1R0W0-L1R0W0-L1R0W0-L1R0W0,,,split,optimized,5,3,5,9.47395,9.4748664,9.466976,9.484081,0.005538261626178202,3.05044,0.0975516,6.3268748,,,custom:libsad_search_3cb67c7e18cc99.so,/home/rzzhang/sad_merged/sad/build/libsad_search_3cb67c7e18cc99.so
2026-08-23T04:39:58.242586+00:00,20260823T043020,joint:rzz-hea:28:7a41657ae166399d,ok,,rzz-hea,28,8,float64,42,32,2,128,2,2,0.0,rotation,rotation,4,4,compact:L5R2W0-L5R2W0-L5R2W0-L5R2W0,compact:L5R2W0-L5R2W0-L5R2W0-L5R2W0,,,split,optimized,2,3,2,2539.2735464999996,2539.2735464999996,2539.142959,2539.404134,0.13058750000004693,654.0242525,81.148578,1804.100716,,,custom:libsad_search_2a0e4369743c84.so,/home/rzzhang/sad_merged/sad/build/libsad_search_2a0e4369743c84.so
2026-08-23T04:40:11.058636+00:00,20260823T043020,joint:rzz-hea:6:aaf1262793be942d,ok,,rzz-hea,6,8,float64,42,128,2,32,2,2,0.75,rotation,rotation,5,5,compact:L2R0W0-L1R0W0-L1R0W0-L1R0W0-L1R0W0,compact:L2R0W0-L1R0W0-L1R0W0-L1R0W0-L1R0W0,,,merged,optimized,20,3,20,0.3821455,0.3824227,0.38088200000000005,0.38601900000000006,0.0011288711219621136,0.1458328,0.01570575,0.22088415000000003,,,custom:libsad_search_d014591f51543a.so,/home/rzzhang/sad_merged/sad/build/libsad_search_d014591f51543a.so
2026-08-23T04:40:11.085700+00:00,20260823T043020,joint:rzz-hea:14:8c40e13552c842de,ok,,rzz-hea,14,8,float64,42,32,2,128,2,1,0.25,rotation,rotation,5,5,compact:L3R0W0-L3R0W0-L3R0W0-L3R0W0-L2R0W0,compact:L3R0W0-L3R0W0-L3R0W0-L3R0W0-L2R0W0,,,merged,optimized,10,3,10,0.7904155,0.7901769,0.7894049999999999,0.790573,0.0004698515616660566,0.23411930000000003,0.015622,0.5404356,,,custom:libsad_search_2a8327787a9aac.so,/home/rzzhang/sad_merged/sad/build/libsad_search_2a8327787a9aac.so
2026-08-23T04:40:11.114379+00:00,20260823T043020,joint:rzz-hea:28:4241174925adbd55,ok,,rzz-hea,28,8,float64,42,32,2,32,2,1,0.5,rotation,rotation,16,16,compact:L2R0W0-L2R0W0-L2R0W0-L2R0W0-L2R0W0-L2R0W0-L2R0W0-L2R0W0-L2R0W0-L2R0W0-L2R0W0-L2R0W0-L1R0W0-L1R0W0-L1R0W0-L1R0W0,compact:L2R0W0-L2R0W0-L2R0W0-L2R0W0-L2R0W0-L2R0W0-L2R0W0-L2R0W0-L2R0W0-L2R0W0-L2R0W0-L2R0W0-L1R0W0-L1R0W0-L1R0W0-L1R0W0,,,split,optimized,2,3,2,4349.595074999999,4349.595074999999,4348.664634999999,4350.525515,0.9304400000005444,1320.5695830000002,82.3757145,2946.6497775000003,,,custom:libsad_search_3cb67c7e18cc99.so,/home/rzzhang/sad_merged/sad/build/libsad_search_3cb67c7e18cc99.so
2026-08-23T04:40:33.033827+00:00,20260823T043020,joint:rzz-hea:12:1057fe7206a1e3e2,ok,,rzz-hea,12,8,float64,42,32,2,32,2,1,0.25,rotation,rotation,4,4,compact:L3R0W0-L3R0W0-L3R0W0-L3R0W0,compact:L3R0W0-L3R0W0-L3R0W0-L3R0W0,,,merged,optimized,10,3,10,0.5232545,0.5234041,0.522138,0.524995,0.000850851391254657,0.18791460000000001,0.015434699999999999,0.32005480000000003,,,custom:libsad_search_f9cdaf042a7bd6.so,/home/rzzhang/sad_merged/sad/build/libsad_search_f9cdaf042a7bd6.so
2026-08-23T04:40:33.059239+00:00,20260823T043020,joint:rzz-hea:28:f1d01ea2fc9206e4,ok,,rzz-hea,28,8,float64,42,128,2,128,2,1,0.25,rotation,rotation,10,10,compact:L3R0W0-L3R0W0-L3R0W0-L3R0W0-L3R0W0-L3R0W0-L3R0W0-L3R0W0-L2R0W0-L2R0W0,compact:L3R0W0-L3R0W0-L3R0W0-L3R0W0-L3R0W0-L3R0W0-L3R0W0-L3R0W0-L2R0W0-L2R0W0,,,merged,optimized,2,3,2,2986.526347,2986.526347,2985.767209,2987.285485,0.7591379999998935,774.6895655,82.197614,2129.6391674999995,,,custom:libsad_search_8fbfac92ec4bef.so,/home/rzzhang/sad_merged/sad/build/libsad_search_8fbfac92ec4bef.so
2026-08-23T04:40:48.252807+00:00,20260823T043020,joint:rzz-hea:4:ca317dfd67ec7376,ok,,rzz-hea,4,8,float64,42,32,2,128,2,2,0.75,rotation,rotation,3,3,compact:L2R0W0-L1R0W0-L1R0W0,compact:L2R0W0-L1R0W0-L1R0W0,,,merged,optimized,20,3,20,0.254946,0.25498414999999996,0.253913,0.255959,0.00036923546349179213,0.07387465000000001,0.015282600000000002,0.1658269,,,custom:libsad_search_fce412939d20fb.so,/home/rzzhang/sad_merged/sad/build/libsad_search_fce412939d20fb.so
2026-08-23T04:40:48.276590+00:00,20260823T043020,joint:rzz-hea:18:04ed2da19a72475a,ok,,rzz-hea,18,8,float64,42,128,2,128,2,2,0.5,rotation,rotation,10,10,compact:L2R0W0-L2R0W0-L2R0W0-L2R0W0-L2R0W0-L2R0W0-L2R0W0-L2R0W0-L1R0W0-L1R0W0,compact:L2R0W0-L2R0W0-L2R0W0-L2R0W0-L2R0W0-L2R0W0-L2R0W0-L2R0W0-L1R0W0-L1R0W0,,,split,optimized,5,3,5,2.9174119999999997,2.9179716,2.9172710000000004,2.9193210000000005,0.0007954155140555638,0.9159606,0.0319258,1.9700852,,,custom:libsad_search_d02bea87aa5c56.so,/home/rzzhang/sad_merged/sad/build/libsad_search_d02bea87aa5c56.so
2026-08-23T04:40:48.326551+00:00,20260823T043020,joint:rzz-hea:14:a223002802f2c7ed,ok,,rzz-hea,14,8,float64,42,32,2,32,2,1,0.0,legacy,legacy,0,0,,,,,not_applicable,legacy-generic,10,3,10,0.533963,0.5340878,0.533444,0.535193,0.0006382120023941608,0.1741891,0.0154348,0.34446390000000005,,,custom:libsad_search_06042376d3c545.so,/home/rzzhang/sad_merged/sad/build/libsad_search_06042376d3c545.so
2026-08-23T04:40:48.351566+00:00,20260823T043020,joint:rzz-hea:12:aea56f74aa98a914,ok,,rzz-hea,12,8,float64,42,32,2,128,2,2,0.25,rotation,rotation,4,4,compact:L3R0W0-L3R0W0-L3R0W0-L3R0W0,compact:L3R0W0-L3R0W0-L3R0W0-L3R0W0,,,merged,optimized,10,3,10,0.6285734999999999,0.6284919,0.6276390000000001,0.629757,0.000756342706714353,0.1868244,0.015510099999999999,0.42615739999999996,,,custom:libsad_search_fce412939d20fb.so,/home/rzzhang/sad_merged/sad/build/libsad_search_fce412939d20fb.so
2026-08-23T04:40:48.377328+00:00,20260823T043020,joint:rzz-hea:8:60e6caa112e4d22a,ok,,rzz-hea,8,8,float64,42,128,2,128,2,1,0.0,rotation,rotation,1,1,compact:L5R2W1,compact:L5R2W1,,,merged,optimized,20,3,20,0.32871649999999997,0.3289802,0.328496,0.329771,0.00046914652295417734,0.0965028,0.015257899999999998,0.2172195,,,custom:libsad_search_8fbfac92ec4bef.so,/home/rzzhang/sad_merged/sad/build/libsad_search_8fbfac92ec4bef.so
2026-08-23T04:40:48.402518+00:00,20260823T043020,joint:rzz-hea:4:a3924da8d3360c28,ok,,rzz-hea,4,8,float64,42,128,2,128,2,2,0.25,rotation,rotation,2,2,compact:L2R0W0-L2R0W0,compact:L2R0W0-L2R0W0,,,split,optimized,20,3,20,0.280478,0.28034155,0.278541,0.282649,0.0008872712930665553,0.0917459,0.015563500000000001,0.17303215,,,custom:libsad_search_d02bea87aa5c56.so,/home/rzzhang/sad_merged/sad/build/libsad_search_d02bea87aa5c56.so
2026-08-23T04:40:48.426728+00:00,20260823T043020,joint:rzz-hea:26:6c60a5c201ee6506,ok,,rzz-hea,26,8,float64,42,128,2,32,2,2,0.0,rotation,rotation,3,4,compact:L5R2W2-L5R2W2-L5R2W1,compact:L5R2W0-L5R2W0-L5R1W0-L5R1W0,,,merged,optimized,2,3,2,567.098719,567.098719,567.0854469999999,567.111991,0.013272000000029038,119.868763,10.2897095,436.94024649999994,,,custom:libsad_search_d014591f51543a.so,/home/rzzhang/sad_merged/sad/build/libsad_search_d014591f51543a.so
2026-08-23T04:40:51.301075+00:00,20260823T043020,joint:rzz-hea:24:7e0f319122252de8,ok,,rzz-hea,24,8,float64,42,32,2,32,2,2,0.25,rotation,rotation,9,9,compact:L3R0W0-L3R0W0-L3R0W0-L3R0W0-L3R0W0-L3R0W0-L2R0W0-L2R0W0-L2R0W0,compact:L3R0W0-L3R0W0-L3R0W0-L3R0W0-L3R0W0-L3R0W0-L2R0W0-L2R0W0-L2R0W0,,,split,optimized,3,3,3,171.446107,171.43319233333332,171.393063,171.46040699999998,0.02897004251903823,53.06581166666666,1.765213,116.60216766666666,,,custom:libsad_search_16d9d6cef53b3d.so,/home/rzzhang/sad_merged/sad/build/libsad_search_16d9d6cef53b3d.so
2026-08-23T04:40:52.370616+00:00,20260823T043020,joint:rzz-hea:6:91ae0faa8d3664f7,ok,,rzz-hea,6,8,float64,42,128,2,32,2,2,1.0,rotation,rotation,6,6,compact:L1R0W0-L1R0W0-L1R0W0-L1R0W0-L1R0W0-L1R0W0,compact:L1R0W0-L1R0W0-L1R0W0-L1R0W0-L1R0W0-L1R0W0,,,merged,optimized,20,3,20,0.4249935,0.42533605,0.422982,0.427992,0.000982219857007578,0.16607265000000002,0.0152356,0.24402780000000002,,,custom:libsad_search_d014591f51543a.so,/home/rzzhang/sad_merged/sad/build/libsad_search_d014591f51543a.so
2026-08-23T04:40:52.393070+00:00,20260823T043020,joint:rzz-hea:8:fc600a5ed859e13f,ok,,rzz-hea,8,8,float64,42,64,2,64,2,1,0.0,rotation,rotation,1,1,compact:L5R2W1,compact:L5R2W1,,,merged,optimized,20,3,20,0.278575,0.2789008,0.277464,0.280626,0.0006852062171346673,0.08628155000000001,0.015489799999999998,0.17712945000000002,,,custom:libsad_search_7e5293342e215a.so,/home/rzzhang/sad_merged/sad/build/libsad_search_7e5293342e215a.so
2026-08-23T04:40:52.412108+00:00,20260823T043020,joint:rzz-hea:26:31c2c0793a393d7a,ok,,rzz-hea,26,8,float64,42,32,2,128,2,1,1.0,rotation,rotation,26,26,compact:L1R0W0-L1R0W0-L1R0W0-L1R0W0-L1R0W0-L1R0W0-L1R0W0-L1R0W0-L1R0W0-L1R0W0-L1R0W0-L1R0W0-L1R0W0-L1R0W0-L1R0W0-L1R0W0-L1R0W0-L1R0W0-L1R0W0-L1R0W0-L1R0W0-L1R0W0-L1R0W0-L1R0W0-L1R0W0-L1R0W0,compact:L1R0W0-L1R0W0-L1R0W0-L1R0W0-L1R0W0-L1R0W0-L1R0W0-L1R0W0-L1R0W0-L1R0W0-L1R0W0-L1R0W0-L1R0W0-L1R0W0-L1R0W0-L1R0W0-L1R0W0-L1R0W0-L1R0W0-L1R0W0-L1R0W0-L1R0W0-L1R0W0-L1R0W0-L1R0W0-L1R0W0,,,merged,optimized,2,3,2,1597.523319,1597.523319,1597.046836,1597.999802,0.4764830000000302,453.12273749999997,10.1857795,1134.214802,,,custom:libsad_search_2a8327787a9aac.so,/home/rzzhang/sad_merged/sad/build/libsad_search_2a8327787a9aac.so
2026-08-23T04:41:00.429895+00:00,20260823T043020,joint:rzz-hea:16:f1ef7687e5f6f0cc,ok,,rzz-hea,16,8,float64,42,128,2,128,2,2,1.0,rotation,rotation,16,16,compact:L1R0W0-L1R0W0-L1R0W0-L1R0W0-L1R0W0-L1R0W0-L1R0W0-L1R0W0-L1R0W0-L1R0W0-L1R0W0-L1R0W0-L1R0W0-L1R0W0-L1R0W0-L1R0W0,compact:L1R0W0-L1R0W0-L1R0W0-L1R0W0-L1R0W0-L1R0W0-L1R0W0-L1R0W0-L1R0W0-L1R0W0-L1R0W0-L1R0W0-L1R0W0-L1R0W0-L1R0W0-L1R0W0,,,merged,optimized,5,3,5,2.3102560000000003,2.3123688000000002,2.30286,2.327867,0.008292714040650335,0.7928936000000001,0.021386199999999998,1.498089,,,custom:libsad_search_b969ada61d8a74.so,/home/rzzhang/sad_merged/sad/build/libsad_search_b969ada61d8a74.so
2026-08-23T04:41:18.054298+00:00,20260823T043020,joint:rzz-hea:8:a4bf1d5ddd5d76d3,ok,,rzz-hea,8,8,float64,42,64,2,64,2,2,0.5,rotation,rotation,4,4,compact:L2R0W0-L2R0W0-L2R0W0-L2R0W0,compact:L2R0W0-L2R0W0-L2R0W0-L2R0W0,,,merged,optimized,20,3,20,0.4443695,0.4442754,0.443132,0.44530600000000004,0.00046560083762810944,0.16552050000000001,0.01561245,0.26314245,,,custom:libsad_search_97eec9f2a848ec.so,/home/rzzhang/sad_merged/sad/build/libsad_search_97eec9f2a848ec.so
2026-08-23T04:41:18.078361+00:00,20260823T043020,joint:rzz-hea:18:bc513af86f3683d8,ok,,rzz-hea,18,8,float64,42,64,2,64,2,2,0.75,rotation,rotation,14,14,compact:L2R0W0-L2R0W0-L2R0W0-L2R0W0-L1R0W0-L1R0W0-L1R0W0-L1R0W0-L1R0W0-L1R0W0-L1R0W0-L1R0W0-L1R0W0-L1R0W0,compact:L2R0W0-L2R0W0-L2R0W0-L2R0W0-L1R0W0-L1R0W0-L1R0W0-L1R0W0-L1R0W0-L1R0W0-L1R0W0-L1R0W0-L1R0W0-L1R0W0,,,merged,optimized,5,3,5,3.579862,3.5780174000000002,3.5727979999999997,3.5817699999999997,0.0036081263614237986,1.0486064,0.037312,2.492099,,,custom:libsad_search_97eec9f2a848ec.so,/home/rzzhang/sad_merged/sad/build/libsad_search_97eec9f2a848ec.so
2026-08-23T04:41:18.121297+00:00,20260823T043020,joint:rzz-hea:4:439d26c75e2c66f1,ok,,rzz-hea,4,8,float64,42,128,2,32,2,2,0.75,rotation,rotation,3,3,compact:L2R0W0-L1R0W0-L1R0W0,compact:L2R0W0-L1R0W0-L1R0W0,,,split,optimized,20,3,20,0.30606900000000004,0.3062855,0.30497900000000006,0.31321099999999996,0.0016912357168650256,0.11701890000000001,0.015676,0.17359059999999998,,,custom:libsad_search_3b115211f38255.so,/home/rzzhang/sad_merged/sad/build/libsad_search_3b115211f38255.so
2026-08-23T04:41:18.142315+00:00,20260823T043020,joint:rzz-hea:10:7809d4aca3f186fc,ok,,rzz-hea,10,8,float64,42,64,2,64,2,1,0.5,rotation,rotation,6,6,compact:L2R0W0-L2R0W0-L2R0W0-L2R0W0-L1R0W0-L1R0W0,compact:L2R0W0-L2R0W0-L2R0W0-L2R0W0-L1R0W0-L1R0W0,,,merged,optimized,10,3,10,0.6368095,0.637093,0.635779,0.642124,0.001794893200165407,0.2448852,0.016058700000000002,0.3761491,,,custom:libsad_search_7e5293342e215a.so,/home/rzzhang/sad_merged/sad/build/libsad_search_7e5293342e215a.so
2026-08-23T04:41:18.164004+00:00,20260823T043020,joint:rzz-hea:16:e71b7091b506e4cc,ok,,rzz-hea,16,8,float64,42,32,2,32,2,1,0.25,rotation,rotation,6,6,compact:L3R0W0-L3R0W0-L3R0W0-L3R0W0-L2R0W0-L2R0W0,compact:L3R0W0-L3R0W0-L3R0W0-L3R0W0-L2R0W0-L2R0W0,,,merged,optimized,5,3,5,1.310721,1.3112882000000001,1.307958,1.314894,0.0030266428530634614,0.3512868,0.0157072,0.9442941999999999,,,custom:libsad_search_f9cdaf042a7bd6.so,/home/rzzhang/sad_merged/sad/build/libsad_search_f9cdaf042a7bd6.so
2026-08-23T04:41:18.188452+00:00,20260823T043020,joint:rzz-hea:16:37685674ae0b5185,ok,,rzz-hea,16,8,float64,42,32,2,32,2,2,1.0,rotation,rotation,16,16,compact:L1R0W0-L1R0W0-L1R0W0-L1R0W0-L1R0W0-L1R0W0-L1R0W0-L1R0W0-L1R0W0-L1R0W0-L1R0W0-L1R0W0-L1R0W0-L1R0W0-L1R0W0-L1R0W0,compact:L1R0W0-L1R0W0-L1R0W0-L1R0W0-L1R0W0-L1R0W0-L1R0W0-L1R0W0-L1R0W0-L1R0W0-L1R0W0-L1R0W0-L1R0W0-L1R0W0-L1R0W0-L1R0W0,,,merged,optimized,5,3,5,2.084962,2.0860247999999997,2.083203,2.09207,0.003169359645101883,0.7079624000000001,0.015934800000000002,1.3621276,,,custom:libsad_search_dcff342f285260.so,/home/rzzhang/sad_merged/sad/build/libsad_search_dcff342f285260.so
2026-08-23T04:41:18.219059+00:00,20260823T043020,joint:rzz-hea:20:21050fb3b4020694,ok,,rzz-hea,20,8,float64,42,32,2,128,2,1,0.5,rotation,rotation,12,12,compact:L2R0W0-L2R0W0-L2R0W0-L2R0W0-L2R0W0-L2R0W0-L2R0W0-L2R0W0-L1R0W0-L1R0W0-L1R0W0-L1R0W0,compact:L2R0W0-L2R0W0-L2R0W0-L2R0W0-L2R0W0-L2R0W0-L2R0W0-L2R0W0-L1R0W0-L1R0W0-L1R0W0-L1R0W0,,,split,optimized,5,3,5,9.560101000000001,9.5612756,9.551759,9.573405,0.0069392928631088705,2.8492522,0.1062046,6.605818800000001,,,custom:libsad_search_0e4f539ceca897.so,/home/rzzhang/sad_merged/sad/build/libsad_search_0e4f539ceca897.so
2026-08-23T04:41:18.310749+00:00,20260823T043020,joint:rzz-hea:14:dd6483ae852dc9f4,ok,,rzz-hea,14,8,float64,42,32,2,32,2,2,0.0,rotation,rotation,2,2,compact:L5R2W0-L5R2W0,compact:L5R2W0-L5R2W0,,,merged,optimized,10,3,10,0.5007095,0.5007709,0.49971200000000005,0.501626,0.00047322033979954413,0.1535036,0.015541,0.33172630000000003,,,custom:libsad_search_dcff342f285260.so,/home/rzzhang/sad_merged/sad/build/libsad_search_dcff342f285260.so
2026-08-23T04:41:18.330396+00:00,20260823T043020,joint:rzz-hea:8:3007b3daf07e2ad0,ok,,rzz-hea,8,8,float64,42,128,2,32,2,1,0.0,rotation,rotation,1,2,compact:L5R2W1,compact:L4R0W0-L4R0W0,,,merged,optimized,20,3,20,0.3204315,0.32057145,0.31953600000000004,0.321459,0.0005101381651082368,0.10364645,0.01586295,0.20106205,,,custom:libsad_search_5851e15f736f52.so,/home/rzzhang/sad_merged/sad/build/libsad_search_5851e15f736f52.so
2026-08-23T04:41:18.351057+00:00,20260823T043020,joint:rzz-hea:4:a4a7bfc086a9ea2d,ok,,rzz-hea,4,8,float64,42,128,2,32,2,2,0.25,rotation,rotation,2,2,compact:L2R0W0-L2R0W0,compact:L2R0W0-L2R0W0,,,merged,optimized,20,3,20,0.21091100000000002,0.2110541,0.20972200000000002,0.21701900000000002,0.0014774974754631592,0.06838525,0.0155555,0.12711334999999999,,,custom:libsad_search_d014591f51543a.so,/home/rzzhang/sad_merged/sad/build/libsad_search_d014591f51543a.so
2026-08-23T04:41:18.369981+00:00,20260823T043020,joint:rzz-hea:16:49c565b556a6f801,ok,,rzz-hea,16,8,float64,42,128,2,128,2,1,0.25,rotation,rotation,6,6,compact:L3R0W0-L3R0W0-L3R0W0-L3R0W0-L2R0W0-L2R0W0,compact:L3R0W0-L3R0W0-L3R0W0-L3R0W0-L2R0W0-L2R0W0,,,merged,optimized,5,3,5,1.412188,1.41265,1.411612,1.4142379999999999,0.0009216394088795769,0.38463400000000003,0.0157234,1.0122926,,,custom:libsad_search_8fbfac92ec4bef.so,/home/rzzhang/sad_merged/sad/build/libsad_search_8fbfac92ec4bef.so
2026-08-23T04:41:18.395546+00:00,20260823T043020,joint:rzz-hea:6:1edf304abebc5796,ok,,rzz-hea,6,8,float64,42,32,2,128,2,1,0.5,rotation,rotation,4,4,compact:L2R0W0-L2R0W0-L1R0W0-L1R0W0,compact:L2R0W0-L2R0W0-L1R0W0-L1R0W0,,,merged,optimized,20,3,20,0.38910300000000003,0.389383,0.387986,0.39211300000000004,0.0010232519240148152,0.11808815,0.015747950000000004,0.25554689999999997,,,custom:libsad_search_2a8327787a9aac.so,/home/rzzhang/sad_merged/sad/build/libsad_search_2a8327787a9aac.so
2026-08-23T04:41:18.418221+00:00,20260823T043020,joint:rzz-hea:18:2c06eed2800a957f,ok,,rzz-hea,18,8,float64,42,32,2,32,2,2,1.0,rotation,rotation,18,18,compact:L1R0W0-L1R0W0-L1R0W0-L1R0W0-L1R0W0-L1R0W0-L1R0W0-L1R0W0-L1R0W0-L1R0W0-L1R0W0-L1R0W0-L1R0W0-L1R0W0-L1R0W0-L1R0W0-L1R0W0-L1R0W0,compact:L1R0W0-L1R0W0-L1R0W0-L1R0W0-L1R0W0-L1R0W0-L1R0W0-L1R0W0-L1R0W0-L1R0W0-L1R0W0-L1R0W0-L1R0W0-L1R0W0-L1R0W0-L1R0W0-L1R0W0-L1R0W0,,,merged,optimized,5,3,5,3.9291129999999996,3.9317572,3.9278860000000004,3.9383100000000004,0.004212267104541343,1.2041605999999998,0.035648799999999994,2.6919477999999994,,,custom:libsad_search_dcff342f285260.so,/home/rzzhang/sad_merged/sad/build/libsad_search_dcff342f285260.so
2026-08-23T04:41:18.464063+00:00,20260823T043020,joint:rzz-hea:22:eb60729352f241dd,ok,,rzz-hea,22,8,float64,42,128,2,128,2,2,0.0,rotation,rotation,3,3,compact:L5R2W1-L5R2W0-L5R2W0,compact:L5R2W1-L5R2W0-L5R2W0,,,merged,optimized,3,3,3,34.066921,34.07843166666667,33.960954,34.20742,0.10094798619200909,7.121237999999999,0.4269346666666667,26.530259,,,custom:libsad_search_b969ada61d8a74.so,/home/rzzhang/sad_merged/sad/build/libsad_search_b969ada61d8a74.so
2026-08-23T04:41:18.695805+00:00,20260823T043020,joint:rzz-hea:18:955439b7a2de9f88,ok,,rzz-hea,18,8,float64,42,32,2,128,2,1,1.0,rotation,rotation,18,18,compact:L1R0W0-L1R0W0-L1R0W0-L1R0W0-L1R0W0-L1R0W0-L1R0W0-L1R0W0-L1R0W0-L1R0W0-L1R0W0-L1R0W0-L1R0W0-L1R0W0-L1R0W0-L1R0W0-L1R0W0-L1R0W0,compact:L1R0W0-L1R0W0-L1R0W0-L1R0W0-L1R0W0-L1R0W0-L1R0W0-L1R0W0-L1R0W0-L1R0W0-L1R0W0-L1R0W0-L1R0W0-L1R0W0-L1R0W0-L1R0W0-L1R0W0-L1R0W0,,,split,optimized,5,3,5,3.8441389999999998,3.845916,3.841109,3.851899,0.004322572659886709,1.2783764,0.035318,2.5322216,,,custom:libsad_search_0e4f539ceca897.so,/home/rzzhang/sad_merged/sad/build/libsad_search_0e4f539ceca897.so
2026-08-23T04:41:18.740960+00:00,20260823T043020,joint:rzz-hea:28:c782f62965c46c1e,ok,,rzz-hea,28,8,float64,42,128,2,32,2,1,0.0,rotation,rotation,4,4,compact:L5R2W0-L5R2W0-L5R2W0-L5R2W0,compact:L5R2W0-L5R2W0-L5R2W0-L5R2W0,,,split,optimized,2,3,2,2486.6838589999998,2486.6838589999998,2486.2959889999997,2487.0717290000002,0.3878700000002482,643.3705805000001,83.008152,1760.3051265000001,,,custom:libsad_search_7259903b8346c4.so,/home/rzzhang/sad_merged/sad/build/libsad_search_7259903b8346c4.so
2026-08-23T04:41:31.204070+00:00,20260823T043020,joint:rzz-hea:20:9816bcd6b1ceafc4,ok,,rzz-hea,20,8,float64,42,128,2,128,2,1,0.5,rotation,rotation,12,12,compact:L2R0W0-L2R0W0-L2R0W0-L2R0W0-L2R0W0-L2R0W0-L2R0W0-L2R0W0-L1R0W0-L1R0W0-L1R0W0-L1R0W0,compact:L2R0W0-L2R0W0-L2R0W0-L2R0W0-L2R0W0-L2R0W0-L2R0W0-L2R0W0-L1R0W0-L1R0W0-L1R0W0-L1R0W0,,,split,optimized,5,3,5,8.844443,8.843233399999999,8.83416,8.847306000000001,0.004811728155247301,2.5474186,0.09741620000000001,6.1983986,,,custom:libsad_search_9361435758c99d.so,/home/rzzhang/sad_merged/sad/build/libsad_search_9361435758c99d.so
2026-08-23T04:41:31.304080+00:00,20260823T043020,joint:rzz-hea:8:2e814348639dc614,ok,,rzz-hea,8,8,float64,42,32,2,32,2,1,0.5,rotation,rotation,5,5,compact:L2R0W0-L2R0W0-L2R0W0-L1R0W0-L1R0W0,compact:L2R0W0-L2R0W0-L2R0W0-L1R0W0-L1R0W0,,,merged,optimized,20,3,20,0.4433745,0.44381750000000003,0.442319,0.44638900000000004,0.000938306160056512,0.16876389999999997,0.01537325,0.25968035,,,custom:libsad_search_f9cdaf042a7bd6.so,/home/rzzhang/sad_merged/sad/build/libsad_search_f9cdaf042a7bd6.so
2026-08-23T04:41:31.332125+00:00,20260823T043020,joint:rzz-hea:16:b5b8d507edd09702,ok,,rzz-hea,16,8,float64,42,32,2,128,2,1,0.0,rotation,rotation,3,2,compact:L5R1W0-L5R0W0-L5R0W0,compact:L5R2W1-L5R2W1,,,split,optimized,5,3,5,0.9545079999999999,0.9549597999999999,0.9544269999999999,0.9561299999999999,0.0006647033624106281,0.25174559999999996,0.015511,0.6877032,,,custom:libsad_search_0e4f539ceca897.so,/home/rzzhang/sad_merged/sad/build/libsad_search_0e4f539ceca897.so
2026-08-23T04:41:31.362469+00:00,20260823T043020,joint:rzz-hea:24:ecb762f1ca01eacf,ok,,rzz-hea,24,8,float64,42,64,2,64,2,1,0.5,rotation,rotation,14,14,compact:L2R0W0-L2R0W0-L2R0W0-L2R0W0-L2R0W0-L2R0W0-L2R0W0-L2R0W0-L2R0W0-L2R0W0-L1R0W0-L1R0W0-L1R0W0-L1R0W0,compact:L2R0W0-L2R0W0-L2R0W0-L2R0W0-L2R0W0-L2R0W0-L2R0W0-L2R0W0-L2R0W0-L2R0W0-L1R0W0-L1R0W0-L1R0W0-L1R0W0,,,split,optimized,3,3,3,239.76910099999998,239.76705066666668,239.716954,239.815097,0.0400929338107881,74.04163266666666,1.7687663333333332,163.95665166666666,,,custom:libsad_search_7ec063ebc99501.so,/home/rzzhang/sad_merged/sad/build/libsad_search_7ec063ebc99501.so
2026-08-23T04:41:32.844921+00:00,20260823T043020,joint:rzz-hea:22:2bf9c50292eaab79,ok,,rzz-hea,22,8,float64,42,32,2,128,2,1,0.5,rotation,rotation,13,12,compact:L2R0W0-L2R0W0-L2R0W0-L2R0W0-L2R0W0-L2R0W0-L2R0W0-L2R0W0-L2R0W0-L1R0W0-L1R0W0-L1R0W0-L1R0W0,compact:L2R0W0-L2R0W0-L2R0W0-L2R0W0-L2R0W0-L2R0W0-L2R0W0-L2R0W0-L2R0W0-L2R0W0-L1R0W0-L1R0W0,,,split,optimized,3,3,3,46.940698,46.943905666666666,46.93214799999999,46.958871,0.011142905854802229,9.732334999999999,0.401065,36.810505666666664,,,custom:libsad_search_0e4f539ceca897.so,/home/rzzhang/sad_merged/sad/build/libsad_search_0e4f539ceca897.so
2026-08-23T04:41:33.152388+00:00,20260823T043020,joint:rzz-hea:28:de4db05f0b1d9c67,ok,,rzz-hea,28,8,float64,42,128,2,128,2,1,0.0,rotation,rotation,4,4,compact:L5R2W0-L5R2W0-L5R2W0-L5R2W0,compact:L5R2W0-L5R2W0-L5R2W0-L5R2W0,,,split,optimized,2,3,2,2606.6939030000003,2606.6939030000003,2605.5275,2607.860306,1.1664029999999457,642.31194,82.112535,1882.2694279999998,,,custom:libsad_search_9361435758c99d.so,/home/rzzhang/sad_merged/sad/build/libsad_search_9361435758c99d.so
2026-08-23T04:41:46.229331+00:00,20260823T043020,joint:rzz-hea:10:63e0c84129ed81a5,ok,,rzz-hea,10,8,float64,42,32,2,32,2,2,0.75,rotation,rotation,8,8,compact:L2R0W0-L2R0W0-L1R0W0-L1R0W0-L1R0W0-L1R0W0-L1R0W0-L1R0W0,compact:L2R0W0-L2R0W0-L1R0W0-L1R0W0-L1R0W0-L1R0W0-L1R0W0-L1R0W0,,,merged,optimized,10,3,10,0.670736,0.6706887,0.6695970000000001,0.6716350000000001,0.0006126429710687845,0.26725020000000005,0.0153582,0.3880803,,,custom:libsad_search_dcff342f285260.so,/home/rzzhang/sad_merged/sad/build/libsad_search_dcff342f285260.so
2026-08-23T04:41:46.255679+00:00,20260823T043020,joint:rzz-hea:16:f1275ef78f1473f1,ok,,rzz-hea,16,8,float64,42,128,2,128,2,1,0.0,rotation,rotation,2,2,compact:L5R2W1-L5R2W1,compact:L5R2W1-L5R2W1,,,merged,optimized,5,3,5,1.017846,1.0182284,1.017757,1.018913,0.0005160696077080786,0.2132656,0.015653200000000003,0.7893096000000001,,,custom:libsad_search_8fbfac92ec4bef.so,/home/rzzhang/sad_merged/sad/build/libsad_search_8fbfac92ec4bef.so
2026-08-23T04:41:46.286175+00:00,20260823T043020,joint:rzz-hea:14:e21f9289885bdbf7,ok,,rzz-hea,14,8,float64,42,128,2,32,2,1,1.0,rotation,rotation,14,14,compact:L1R0W0-L1R0W0-L1R0W0-L1R0W0-L1R0W0-L1R0W0-L1R0W0-L1R0W0-L1R0W0-L1R0W0-L1R0W0-L1R0W0-L1R0W0-L1R0W0,compact:L1R0W0-L1R0W0-L1R0W0-L1R0W0-L1R0W0-L1R0W0-L1R0W0-L1R0W0-L1R0W0-L1R0W0-L1R0W0-L1R0W0-L1R0W0-L1R0W0,,,merged,optimized,10,3,10,1.318931,1.3188868,1.316987,1.319832,0.0007380904822581059,0.5959512,0.015444999999999999,0.7074906,,,custom:libsad_search_5851e15f736f52.so,/home/rzzhang/sad_merged/sad/build/libsad_search_5851e15f736f52.so
2026-08-23T04:41:46.322117+00:00,20260823T043020,joint:rzz-hea:14:e39b9ceaae781a1d,ok,,rzz-hea,14,8,float64,42,32,2,128,2,1,0.5,rotation,rotation,8,8,compact:L2R0W0-L2R0W0-L2R0W0-L2R0W0-L2R0W0-L2R0W0-L1R0W0-L1R0W0,compact:L2R0W0-L2R0W0-L2R0W0-L2R0W0-L2R0W0-L2R0W0-L1R0W0-L1R0W0,,,merged,optimized,10,3,10,0.9759055000000001,0.9788281,0.974932,0.986161,0.004130336341025975,0.3177314,0.0161828,0.6449138999999999,,,custom:libsad_search_2a8327787a9aac.so,/home/rzzhang/sad_merged/sad/build/libsad_search_2a8327787a9aac.so
2026-08-23T04:41:46.354004+00:00,20260823T043020,joint:rzz-hea:18:e24799e1977bead0,ok,,rzz-hea,18,8,float64,42,32,2,128,2,1,0.5,rotation,rotation,10,10,compact:L2R0W0-L2R0W0-L2R0W0-L2R0W0-L2R0W0-L2R0W0-L2R0W0-L2R0W0-L1R0W0-L1R0W0,compact:L2R0W0-L2R0W0-L2R0W0-L2R0W0-L2R0W0-L2R0W0-L2R0W0-L2R0W0-L1R0W0-L1R0W0,,,split,optimized,5,3,5,2.883619,2.8835712,2.881519,2.884635,0.001127761038518353,0.872858,0.0318378,1.9788754,,,custom:libsad_search_0e4f539ceca897.so,/home/rzzhang/sad_merged/sad/build/libsad_search_0e4f539ceca897.so
2026-08-23T04:41:46.403914+00:00,20260823T043020,joint:rzz-hea:24:2b670b0eda4f4630,ok,,rzz-hea,24,8,float64,42,32,2,128,2,2,0.0,rotation,rotation,4,3,compact:L5R1W0-L5R1W0-L5R1W0-L5R1W0,compact:L5R2W1-L5R2W1-L5R2W1,,,split,optimized,3,3,3,139.804372,139.802051,139.76833299999998,139.833448,0.026633701545231085,36.60125566666667,1.78112,101.41967533333333,,,custom:libsad_search_2a0e4369743c84.so,/home/rzzhang/sad_merged/sad/build/libsad_search_2a0e4369743c84.so
2026-08-23T04:41:47.288526+00:00,20260823T043020,joint:rzz-hea:22:0f2783f1c42f413a,ok,,rzz-hea,22,8,float64,42,64,2,64,2,1,1.0,rotation,rotation,22,22,compact:L1R0W0-L1R0W0-L1R0W0-L1R0W0-L1R0W0-L1R0W0-L1R0W0-L1R0W0-L1R0W0-L1R0W0-L1R0W0-L1R0W0-L1R0W0-L1R0W0-L1R0W0-L1R0W0-L1R0W0-L1R0W0-L1R0W0-L1R0W0-L1R0W0-L1R0W0,compact:L1R0W0-L1R0W0-L1R0W0-L1R0W0-L1R0W0-L1R0W0-L1R0W0-L1R0W0-L1R0W0-L1R0W0-L1R0W0-L1R0W0-L1R0W0-L1R0W0-L1R0W0-L1R0W0-L1R0W0-L1R0W0-L1R0W0-L1R0W0-L1R0W0-L1R0W0,,,split,optimized,3,3,3,75.099631,75.055888,74.894769,75.173264,0.11782742689487599,14.384869333333333,0.41481166666666663,60.256207,,,custom:libsad_search_7ec063ebc99501.so,/home/rzzhang/sad_merged/sad/build/libsad_search_7ec063ebc99501.so
2026-08-23T04:41:47.770258+00:00,20260823T043020,joint:rzz-hea:8:d529d8df6bb2a5dc,ok,,rzz-hea,8,8,float64,42,128,2,32,2,2,0.0,rotation,rotation,1,2,compact:L5R2W1,compact:L4R0W0-L4R0W0,,,split,optimized,20,3,20,0.35328550000000003,0.35350375,0.352299,0.355206,0.0006148920128770624,0.10730844999999999,0.01541145,0.23078385,,,custom:libsad_search_3b115211f38255.so,/home/rzzhang/sad_merged/sad/build/libsad_search_3b115211f38255.so
2026-08-23T04:41:47.791899+00:00,20260823T043020,joint:rzz-hea:8:01694cf94a8d9797,ok,,rzz-hea,8,8,float64,42,64,2,64,2,1,0.0,legacy,legacy,0,0,,,,,not_applicable,legacy-generic,20,3,20,0.3429415,0.34273975,0.340872,0.344076,0.0009534487335457447,0.11144955000000001,0.01542825,0.21586194999999997,,,custom:libsad_search_5a6ce94d125b8e.so,/home/rzzhang/sad_merged/sad/build/libsad_search_5a6ce94d125b8e.so
2026-08-23T04:41:47.812550+00:00,20260823T043020,joint:rzz-hea:4:1d00356894a7f535,ok,,rzz-hea,4,8,float64,42,32,2,32,2,1,0.0,rotation,rotation,1,1,compact:L4R0W0,compact:L4R0W0,,,merged,optimized,20,3,20,0.15771849999999998,0.1579715,0.15667799999999998,0.15983000000000003,0.0007575075907210493,0.0394965,0.015441199999999997,0.10303380000000001,,,custom:libsad_search_f9cdaf042a7bd6.so,/home/rzzhang/sad_merged/sad/build/libsad_search_f9cdaf042a7bd6.so
2026-08-23T04:41:47.833304+00:00,20260823T043020,joint:rzz-hea:14:dd6cb54144fb81bd,ok,,rzz-hea,14,8,float64,42,64,2,64,2,1,1.0,rotation,rotation,14,14,compact:L1R0W0-L1R0W0-L1R0W0-L1R0W0-L1R0W0-L1R0W0-L1R0W0-L1R0W0-L1R0W0-L1R0W0-L1R0W0-L1R0W0-L1R0W0-L1R0W0,compact:L1R0W0-L1R0W0-L1R0W0-L1R0W0-L1R0W0-L1R0W0-L1R0W0-L1R0W0-L1R0W0-L1R0W0-L1R0W0-L1R0W0-L1R0W0-L1R0W0,,,merged,optimized,10,3,10,1.2840435000000001,1.2848700000000002,1.283007,1.2922120000000001,0.002563779319676375,0.5275484,0.0153862,0.7419354,,,custom:libsad_search_7e5293342e215a.so,/home/rzzhang/sad_merged/sad/build/libsad_search_7e5293342e215a.so
2026-08-23T04:41:47.865163+00:00,20260823T043020,joint:rzz-hea:10:5fc52b413e1c8cc0,ok,,rzz-hea,10,8,float64,42,32,2,32,2,1,0.0,legacy,legacy,0,0,,,,,not_applicable,legacy-generic,10,3,10,0.460783,0.4606654,0.45878,0.46185499999999996,0.0008529691905338634,0.15839720000000002,0.0154608,0.2868074,,,custom:libsad_search_06042376d3c545.so,/home/rzzhang/sad_merged/sad/build/libsad_search_06042376d3c545.so
2026-08-23T04:41:47.884518+00:00,20260823T043020,joint:rzz-hea:8:3c4bd153d21a209f,ok,,rzz-hea,8,8,float64,42,128,2,32,2,2,1.0,rotation,rotation,8,8,compact:L1R0W0-L1R0W0-L1R0W0-L1R0W0-L1R0W0-L1R0W0-L1R0W0-L1R0W0,compact:L1R0W0-L1R0W0-L1R0W0-L1R0W0-L1R0W0-L1R0W0-L1R0W0-L1R0W0,,,merged,optimized,20,3,20,0.6502745000000001,0.65051455,0.649926,0.6513809999999999,0.0004946874240366086,0.2794095,0.01556745,0.3555376,,,custom:libsad_search_d014591f51543a.so,/home/rzzhang/sad_merged/sad/build/libsad_search_d014591f51543a.so
2026-08-23T04:41:47.922725+00:00,20260823T043020,joint:rzz-hea:14:96432cb23fa22461,ok,,rzz-hea,14,8,float64,42,128,2,128,2,1,1.0,rotation,rotation,14,14,compact:L1R0W0-L1R0W0-L1R0W0-L1R0W0-L1R0W0-L1R0W0-L1R0W0-L1R0W0-L1R0W0-L1R0W0-L1R0W0-L1R0W0-L1R0W0-L1R0W0,compact:L1R0W0-L1R0W0-L1R0W0-L1R0W0-L1R0W0-L1R0W0-L1R0W0-L1R0W0-L1R0W0-L1R0W0-L1R0W0-L1R0W0-L1R0W0-L1R0W0,,,split,optimized,10,3,10,1.598446,1.5986416,1.5973389999999998,1.599559,0.0007372843684766329,0.6153810000000001,0.015557,0.9677036,,,custom:libsad_search_9361435758c99d.so,/home/rzzhang/sad_merged/sad/build/libsad_search_9361435758c99d.so
2026-08-23T04:41:47.961321+00:00,20260823T043020,joint:rzz-hea:16:e046dc722b7408d1,ok,,rzz-hea,16,8,float64,42,32,2,32,2,1,0.0,rotation,rotation,3,3,compact:L5R1W0-L5R0W0-L5R0W0,compact:L5R1W0-L5R0W0-L5R0W0,,,merged,optimized,5,3,5,1.103863,1.1038375999999999,1.103758,1.103925,6.259265132586623e-05,0.2504446,0.0156584,0.8377346000000001,,,custom:libsad_search_f9cdaf042a7bd6.so,/home/rzzhang/sad_merged/sad/build/libsad_search_f9cdaf042a7bd6.so
2026-08-23T04:41:47.985030+00:00,20260823T043020,joint:rzz-hea:28:30a243c0112db88f,ok,,rzz-hea,28,8,float64,42,128,2,32,2,2,0.75,rotation,rotation,22,22,compact:L2R0W0-L2R0W0-L2R0W0-L2R0W0-L2R0W0-L2R0W0-L1R0W0-L1R0W0-L1R0W0-L1R0W0-L1R0W0-L1R0W0-L1R0W0-L1R0W0-L1R0W0-L1R0W0-L1R0W0-L1R0W0-L1R0W0-L1R0W0-L1R0W0-L1R0W0,compact:L2R0W0-L2R0W0-L2R0W0-L2R0W0-L2R0W0-L2R0W0-L1R0W0-L1R0W0-L1R0W0-L1R0W0-L1R0W0-L1R0W0-L1R0W0-L1R0W0-L1R0W0-L1R0W0-L1R0W0-L1R0W0-L1R0W0-L1R0W0-L1R0W0-L1R0W0,,,split,optimized,2,3,2,5644.0527125,5644.0527125,5643.7933459999995,5644.312079,0.2593665000003966,1719.6435715,81.66598950000001,3842.7431515,,,custom:libsad_search_3b115211f38255.so,/home/rzzhang/sad_merged/sad/build/libsad_search_3b115211f38255.so
2026-08-23T04:42:16.242942+00:00,20260823T043020,joint:rzz-hea:18:aa0ab2c9fe358693,ok,,rzz-hea,18,8,float64,42,64,2,64,2,2,0.5,rotation,rotation,10,10,compact:L2R0W0-L2R0W0-L2R0W0-L2R0W0-L2R0W0-L2R0W0-L2R0W0-L2R0W0-L1R0W0-L1R0W0,compact:L2R0W0-L2R0W0-L2R0W0-L2R0W0-L2R0W0-L2R0W0-L2R0W0-L2R0W0-L1R0W0-L1R0W0,,,split,optimized,5,3,5,2.850918,2.8516322,2.850792,2.853856,0.0011735717106337638,0.8984468000000001,0.0320616,1.9211238,,,custom:libsad_search_20c37ff249ec0a.so,/home/rzzhang/sad_merged/sad/build/libsad_search_20c37ff249ec0a.so
2026-08-23T04:42:16.303405+00:00,20260823T043020,joint:rzz-hea:16:f6b8707fbc756fd4,ok,,rzz-hea,16,8,float64,42,32,2,128,2,2,0.0,rotation,rotation,3,2,compact:L5R1W0-L5R0W0-L5R0W0,compact:L5R2W1-L5R2W1,,,split,optimized,5,3,5,0.956457,0.9567498000000001,0.95629,0.957419,0.00045697588557821594,0.25215699999999996,0.015686,0.6889068,,,custom:libsad_search_2a0e4369743c84.so,/home/rzzhang/sad_merged/sad/build/libsad_search_2a0e4369743c84.so
2026-08-23T04:42:16.337456+00:00,20260823T043020,joint:rzz-hea:24:3f81da32f2701f4d,ok,,rzz-hea,24,8,float64,42,128,2,32,2,1,0.0,rotation,rotation,3,4,compact:L5R2W1-L5R2W1-L5R2W1,compact:L5R1W0-L5R1W0-L5R1W0-L5R1W0,,,split,optimized,3,3,3,135.386813,135.498545,135.352101,135.75672100000003,0.18310719259131164,36.60568133333334,1.772767,97.12009666666667,,,custom:libsad_search_7259903b8346c4.so,/home/rzzhang/sad_merged/sad/build/libsad_search_7259903b8346c4.so
2026-08-23T04:42:17.196926+00:00,20260823T043020,joint:rzz-hea:22:8089413c994a194b,ok,,rzz-hea,22,8,float64,42,128,2,32,2,1,0.0,rotation,rotation,3,4,compact:L5R2W1-L5R2W0-L5R2W0,compact:L5R1W0-L5R1W0-L5R0W0-L5R0W0,,,split,optimized,3,3,3,32.7067,32.708406000000004,32.705651,32.712867,0.0031833411169197136,7.935508333333334,0.41734366666666667,24.355554,,,custom:libsad_search_7259903b8346c4.so,/home/rzzhang/sad_merged/sad/build/libsad_search_7259903b8346c4.so
2026-08-23T04:42:17.424056+00:00,20260823T043020,joint:rzz-hea:12:f65df5a3908fbbc0,ok,,rzz-hea,12,8,float64,42,32,2,32,2,2,0.5,rotation,rotation,7,7,compact:L2R0W0-L2R0W0-L2R0W0-L2R0W0-L2R0W0-L1R0W0-L1R0W0,compact:L2R0W0-L2R0W0-L2R0W0-L2R0W0-L2R0W0-L1R0W0-L1R0W0,,,merged,optimized,10,3,10,0.7136534999999999,0.7137988,0.7127279999999999,0.7157509999999999,0.0009391392654979308,0.27567820000000004,0.015435500000000001,0.42268510000000004,,,custom:libsad_search_dcff342f285260.so,/home/rzzhang/sad_merged/sad/build/libsad_search_dcff342f285260.so
2026-08-23T04:42:17.447058+00:00,20260823T043020,joint:rzz-hea:6:60258a208aa8e3f8,ok,,rzz-hea,6,8,float64,42,128,2,32,2,2,0.5,rotation,rotation,4,4,compact:L2R0W0-L2R0W0-L1R0W0-L1R0W0,compact:L2R0W0-L2R0W0-L1R0W0-L1R0W0,,,split,optimized,20,3,20,0.39111700000000005,0.39118084999999997,0.390062,0.39308699999999996,0.0006667687961355032,0.14731815,0.015480400000000002,0.2283823,,,custom:libsad_search_3b115211f38255.so,/home/rzzhang/sad_merged/sad/build/libsad_search_3b115211f38255.so
2026-08-23T04:42:17.468170+00:00,20260823T043020,joint:rzz-hea:22:0b071f88827c72f2,ok,,rzz-hea,22,8,float64,42,128,2,128,2,1,0.5,rotation,rotation,12,12,compact:L2R0W0-L2R0W0-L2R0W0-L2R0W0-L2R0W0-L2R0W0-L2R0W0-L2R0W0-L2R0W0-L2R0W0-L1R0W0-L1R0W0,compact:L2R0W0-L2R0W0-L2R0W0-L2R0W0-L2R0W0-L2R0W0-L2R0W0-L2R0W0-L2R0W0-L2R0W0-L1R0W0-L1R0W0,,,merged,optimized,3,3,3,46.99538,46.99180533333333,46.935229,47.044807,0.04480638497902782,8.312007333333334,0.4235023333333333,38.25629566666667,,,custom:libsad_search_8fbfac92ec4bef.so,/home/rzzhang/sad_merged/sad/build/libsad_search_8fbfac92ec4bef.so
2026-08-23T04:42:17.780865+00:00,20260823T043020,joint:rzz-hea:14:68167303faffee71,ok,,rzz-hea,14,8,float64,42,128,2,128,2,2,0.0,rotation,rotation,2,2,compact:L5R2W0-L5R2W0,compact:L5R2W0-L5R2W0,,,merged,optimized,10,3,10,0.6481250000000001,0.6478422,0.646946,0.648286,0.0005189390715681304,0.1953102,0.015423100000000002,0.4371089,,,custom:libsad_search_b969ada61d8a74.so,/home/rzzhang/sad_merged/sad/build/libsad_search_b969ada61d8a74.so
2026-08-23T04:42:17.802971+00:00,20260823T043020,joint:rzz-hea:8:92f0a77010c71a58,ok,,rzz-hea,8,8,float64,42,128,2,32,2,1,0.75,rotation,rotation,6,6,compact:L2R0W0-L2R0W0-L1R0W0-L1R0W0-L1R0W0-L1R0W0,compact:L2R0W0-L2R0W0-L1R0W0-L1R0W0-L1R0W0-L1R0W0,,,merged,optimized,20,3,20,0.5416679999999999,0.54201455,0.540353,0.543845,0.000921323258959642,0.22530725,0.015318549999999998,0.30138875000000004,,,custom:libsad_search_5851e15f736f52.so,/home/rzzhang/sad_merged/sad/build/libsad_search_5851e15f736f52.so
2026-08-23T04:42:17.830335+00:00,20260823T043020,joint:rzz-hea:16:26920d45d5b6323e,ok,,rzz-hea,16,8,float64,42,128,2,32,2,2,0.0,rotation,rotation,2,3,compact:L5R2W1-L5R2W1,compact:L5R1W0-L5R0W0-L5R0W0,,,split,optimized,5,3,5,0.955467,0.9586026000000001,0.955317,0.9644739999999999,0.003996768124372493,0.22748939999999998,0.015219000000000002,0.7158941999999999,,,custom:libsad_search_3b115211f38255.so,/home/rzzhang/sad_merged/sad/build/libsad_search_3b115211f38255.so
2026-08-23T04:42:17.852772+00:00,20260823T043020,joint:rzz-hea:10:24feec710d39bb93,ok,,rzz-hea,10,8,float64,42,128,2,32,2,1,1.0,rotation,rotation,10,10,compact:L1R0W0-L1R0W0-L1R0W0-L1R0W0-L1R0W0-L1R0W0-L1R0W0-L1R0W0-L1R0W0-L1R0W0,compact:L1R0W0-L1R0W0-L1R0W0-L1R0W0-L1R0W0-L1R0W0-L1R0W0-L1R0W0-L1R0W0-L1R0W0,,,split,optimized,10,3,10,0.9010159999999999,0.9006805999999999,0.899065,0.902122,0.0008942598280141913,0.38046199999999997,0.015451099999999999,0.5047675,,,custom:libsad_search_7259903b8346c4.so,/home/rzzhang/sad_merged/sad/build/libsad_search_7259903b8346c4.so
2026-08-23T04:42:17.887807+00:00,20260823T043020,joint:rzz-hea:28:1e6add82525bbe9c,ok,,rzz-hea,28,8,float64,42,64,2,64,2,1,0.25,rotation,rotation,10,10,compact:L3R0W0-L3R0W0-L3R0W0-L3R0W0-L3R0W0-L3R0W0-L3R0W0-L3R0W0-L2R0W0-L2R0W0,compact:L3R0W0-L3R0W0-L3R0W0-L3R0W0-L3R0W0-L3R0W0-L3R0W0-L3R0W0-L2R0W0-L2R0W0,,,split,optimized,2,3,2,3047.6329800000003,3047.6329800000003,3046.6499200000003,3048.6160400000003,0.9830600000000231,930.3245744999999,82.29528350000001,2035.013122,,,custom:libsad_search_7ec063ebc99501.so,/home/rzzhang/sad_merged/sad/build/libsad_search_7ec063ebc99501.so
2026-08-23T04:42:33.169552+00:00,20260823T043020,joint:rzz-hea:24:2da53ffc33e61387,ok,,rzz-hea,24,8,float64,42,64,2,64,2,2,0.0,rotation,rotation,3,3,compact:L5R2W1-L5R2W1-L5R2W1,compact:L5R2W1-L5R2W1-L5R2W1,,,split,optimized,3,3,3,137.472758,137.4578336666667,137.426626,137.474117,0.022074126095702536,36.04338466666667,1.7722730000000002,99.64217599999999,,,custom:libsad_search_20c37ff249ec0a.so,/home/rzzhang/sad_merged/sad/build/libsad_search_20c37ff249ec0a.so
2026-08-23T04:42:34.044113+00:00,20260823T043020,joint:rzz-hea:22:97001bb170c2d521,ok,,rzz-hea,22,8,float64,42,64,2,64,2,2,0.75,rotation,rotation,17,17,compact:L2R0W0-L2R0W0-L2R0W0-L2R0W0-L2R0W0-L1R0W0-L1R0W0-L1R0W0-L1R0W0-L1R0W0-L1R0W0-L1R0W0-L1R0W0-L1R0W0-L1R0W0-L1R0W0-L1R0W0,compact:L2R0W0-L2R0W0-L2R0W0-L2R0W0-L2R0W0-L1R0W0-L1R0W0-L1R0W0-L1R0W0-L1R0W0-L1R0W0-L1R0W0-L1R0W0-L1R0W0-L1R0W0-L1R0W0-L1R0W0,,,merged,optimized,3,3,3,60.46132,60.494086,60.451178,60.56976,0.05366954908201487,10.717334666666666,0.4176853333333333,49.359066,,,custom:libsad_search_97eec9f2a848ec.so,/home/rzzhang/sad_merged/sad/build/libsad_search_97eec9f2a848ec.so
2026-08-23T04:42:34.437822+00:00,20260823T043020,joint:rzz-hea:10:3a91f84be2a69358,ok,,rzz-hea,10,8,float64,42,32,2,32,2,1,0.0,rotation,rotation,2,2,compact:L5R0W0-L5R0W0,compact:L5R0W0-L5R0W0,,,split,optimized,10,3,10,0.41873249999999995,0.4189824,0.41783400000000004,0.41992500000000005,0.0007662608172156602,0.132251,0.015381899999999999,0.2713495,,,custom:libsad_search_3cb67c7e18cc99.so,/home/rzzhang/sad_merged/sad/build/libsad_search_3cb67c7e18cc99.so
2026-08-23T04:42:34.458788+00:00,20260823T043020,joint:rzz-hea:12:4c2044d0c8458479,ok,,rzz-hea,12,8,float64,42,128,2,32,2,2,1.0,rotation,rotation,12,12,compact:L1R0W0-L1R0W0-L1R0W0-L1R0W0-L1R0W0-L1R0W0-L1R0W0-L1R0W0-L1R0W0-L1R0W0-L1R0W0-L1R0W0,compact:L1R0W0-L1R0W0-L1R0W0-L1R0W0-L1R0W0-L1R0W0-L1R0W0-L1R0W0-L1R0W0-L1R0W0-L1R0W0-L1R0W0,,,split,optimized,10,3,10,1.0823795,1.0822383,1.077117,1.083546,0.0017863005374236143,0.4658077,0.0154442,0.6009864,,,custom:libsad_search_3b115211f38255.so,/home/rzzhang/sad_merged/sad/build/libsad_search_3b115211f38255.so
2026-08-23T04:42:34.485109+00:00,20260823T043020,joint:rzz-hea:8:ed166270468d6d37,ok,,rzz-hea,8,8,float64,42,128,2,32,2,1,1.0,rotation,rotation,8,8,compact:L1R0W0-L1R0W0-L1R0W0-L1R0W0-L1R0W0-L1R0W0-L1R0W0-L1R0W0,compact:L1R0W0-L1R0W0-L1R0W0-L1R0W0-L1R0W0-L1R0W0-L1R0W0-L1R0W0,,,split,optimized,20,3,20,0.662473,0.66228675,0.6604040000000001,0.6635969999999999,0.0008508811829509397,0.26999395,0.01549695,0.37679585,,,custom:libsad_search_7259903b8346c4.so,/home/rzzhang/sad_merged/sad/build/libsad_search_7259903b8346c4.so
2026-08-23T04:42:34.512515+00:00,20260823T043020,joint:rzz-hea:18:6e38e649960eee4e,ok,,rzz-hea,18,8,float64,42,32,2,32,2,2,0.0,rotation,rotation,3,3,compact:L5R1W0-L5R1W0-L5R1W0,compact:L5R1W0-L5R1W0-L5R1W0,,,merged,optimized,5,3,5,2.4226769999999997,2.422352,2.421712,2.422844,0.000500043598099156,0.5127716,0.03164,1.8779404,,,custom:libsad_search_dcff342f285260.so,/home/rzzhang/sad_merged/sad/build/libsad_search_dcff342f285260.so
2026-08-23T04:42:34.544870+00:00,20260823T043020,joint:rzz-hea:6:a2777869d26b15de,ok,,rzz-hea,6,8,float64,42,64,2,64,2,2,0.0,rotation,rotation,1,1,compact:L5R1W0,compact:L5R1W0,,,merged,optimized,20,3,20,0.2150165,0.2152038,0.21496200000000001,0.216134,0.0003769386687512944,0.056653699999999994,0.015102349999999999,0.14344774999999998,,,custom:libsad_search_97eec9f2a848ec.so,/home/rzzhang/sad_merged/sad/build/libsad_search_97eec9f2a848ec.so
2026-08-23T04:42:34.562038+00:00,20260823T043020,joint:rzz-hea:16:92a57441897759a6,ok,,rzz-hea,16,8,float64,42,128,2,128,2,1,0.5,rotation,rotation,9,9,compact:L2R0W0-L2R0W0-L2R0W0-L2R0W0-L2R0W0-L2R0W0-L2R0W0-L1R0W0-L1R0W0,compact:L2R0W0-L2R0W0-L2R0W0-L2R0W0-L2R0W0-L2R0W0-L2R0W0-L1R0W0-L1R0W0,,,split,optimized,5,3,5,1.468387,1.4689286,1.46814,1.470303,0.0008389499627509917,0.4707526,0.015708800000000002,0.9824672,,,custom:libsad_search_9361435758c99d.so,/home/rzzhang/sad_merged/sad/build/libsad_search_9361435758c99d.so
2026-08-23T04:42:34.586928+00:00,20260823T043020,joint:rzz-hea:20:968c747a8b75d1e1,ok,,rzz-hea,20,8,float64,42,128,2,32,2,2,0.25,rotation,rotation,7,7,compact:L3R0W0-L3R0W0-L3R0W0-L3R0W0-L3R0W0-L3R0W0-L2R0W0,compact:L3R0W0-L3R0W0-L3R0W0-L3R0W0-L3R0W0-L3R0W0-L2R0W0,,,split,optimized,5,3,5,8.394795,8.347479,8.149142,8.403865,0.09926553105484319,2.2631348000000004,0.10399139999999998,5.9803527999999995,,,custom:libsad_search_3b115211f38255.so,/home/rzzhang/sad_merged/sad/build/libsad_search_3b115211f38255.so
2026-08-23T04:42:34.665867+00:00,20260823T043020,joint:rzz-hea:28:577a9ceae9bd2c9f,ok,,rzz-hea,28,8,float64,42,128,2,128,2,1,0.5,rotation,rotation,16,16,compact:L2R0W0-L2R0W0-L2R0W0-L2R0W0-L2R0W0-L2R0W0-L2R0W0-L2R0W0-L2R0W0-L2R0W0-L2R0W0-L2R0W0-L1R0W0-L1R0W0-L1R0W0-L1R0W0,compact:L2R0W0-L2R0W0-L2R0W0-L2R0W0-L2R0W0-L2R0W0-L2R0W0-L2R0W0-L2R0W0-L2R0W0-L2R0W0-L2R0W0-L1R0W0-L1R0W0-L1R0W0-L1R0W0,,,merged,optimized,2,3,2,4278.719844000001,4278.719844000001,4278.068313000001,4279.371375000001,0.6515309999999772,1156.836349,82.920701,3038.9627939999996,,,custom:libsad_search_8fbfac92ec4bef.so,/home/rzzhang/sad_merged/sad/build/libsad_search_8fbfac92ec4bef.so
2026-08-23T04:42:56.091005+00:00,20260823T043020,joint:rzz-hea:26:3151d7813d55fce4,ok,,rzz-hea,26,8,float64,42,64,2,64,2,2,0.75,rotation,rotation,20,20,compact:L2R0W0-L2R0W0-L2R0W0-L2R0W0-L2R0W0-L2R0W0-L1R0W0-L1R0W0-L1R0W0-L1R0W0-L1R0W0-L1R0W0-L1R0W0-L1R0W0-L1R0W0-L1R0W0-L1R0W0-L1R0W0-L1R0W0-L1R0W0,compact:L2R0W0-L2R0W0-L2R0W0-L2R0W0-L2R0W0-L2R0W0-L1R0W0-L1R0W0-L1R0W0-L1R0W0-L1R0W0-L1R0W0-L1R0W0-L1R0W0-L1R0W0-L1R0W0-L1R0W0-L1R0W0-L1R0W0-L1R0W0,,,merged,optimized,2,3,2,1274.9461645,1274.9461645,1274.933705,1274.9586239999999,0.012459499999977197,355.75734400000005,10.2395145,908.949306,,,custom:libsad_search_97eec9f2a848ec.so,/home/rzzhang/sad_merged/sad/build/libsad_search_97eec9f2a848ec.so
2026-08-23T04:43:02.523094+00:00,20260823T043020,joint:rzz-hea:16:f2d4f9034a80b811,ok,,rzz-hea,16,8,float64,42,128,2,128,2,2,0.5,rotation,rotation,9,9,compact:L2R0W0-L2R0W0-L2R0W0-L2R0W0-L2R0W0-L2R0W0-L2R0W0-L1R0W0-L1R0W0,compact:L2R0W0-L2R0W0-L2R0W0-L2R0W0-L2R0W0-L2R0W0-L2R0W0-L1R0W0-L1R0W0,,,merged,optimized,5,3,5,1.5666479999999998,1.5668448,1.565577,1.5686300000000002,0.0009899538171046999,0.47025659999999997,0.015788,1.0808002,,,custom:libsad_search_b969ada61d8a74.so,/home/rzzhang/sad_merged/sad/build/libsad_search_b969ada61d8a74.so
2026-08-23T04:43:02.559301+00:00,20260823T043020,joint:rzz-hea:20:cc223e32629b7b1d,ok,,rzz-hea,20,8,float64,42,32,2,128,2,1,1.0,rotation,rotation,20,20,compact:L1R0W0-L1R0W0-L1R0W0-L1R0W0-L1R0W0-L1R0W0-L1R0W0-L1R0W0-L1R0W0-L1R0W0-L1R0W0-L1R0W0-L1R0W0-L1R0W0-L1R0W0-L1R0W0-L1R0W0-L1R0W0-L1R0W0-L1R0W0,compact:L1R0W0-L1R0W0-L1R0W0-L1R0W0-L1R0W0-L1R0W0-L1R0W0-L1R0W0-L1R0W0-L1R0W0-L1R0W0-L1R0W0-L1R0W0-L1R0W0-L1R0W0-L1R0W0-L1R0W0-L1R0W0-L1R0W0-L1R0W0,,,split,optimized,5,3,5,10.477548,10.479281,10.474475,10.484777000000001,0.0038453316631992876,3.401402,0.09731200000000001,6.980567,,,custom:libsad_search_0e4f539ceca897.so,/home/rzzhang/sad_merged/sad/build/libsad_search_0e4f539ceca897.so
2026-08-23T04:43:02.663046+00:00,20260823T043020,joint:rzz-hea:12:c9a0bc6f9ad31318,ok,,rzz-hea,12,8,float64,42,64,2,64,2,1,0.0,rotation,rotation,2,2,compact:L5R1W0-L5R1W0,compact:L5R1W0-L5R1W0,,,split,optimized,10,3,10,0.481304,0.4815475,0.48114399999999996,0.482254,0.0004323073559401959,0.14648450000000002,0.015302800000000002,0.3197602,,,custom:libsad_search_7ec063ebc99501.so,/home/rzzhang/sad_merged/sad/build/libsad_search_7ec063ebc99501.so
2026-08-23T04:43:02.687382+00:00,20260823T043020,joint:rzz-hea:10:722dbfad362b8177,ok,,rzz-hea,10,8,float64,42,128,2,128,2,1,1.0,rotation,rotation,10,10,compact:L1R0W0-L1R0W0-L1R0W0-L1R0W0-L1R0W0-L1R0W0-L1R0W0-L1R0W0-L1R0W0-L1R0W0,compact:L1R0W0-L1R0W0-L1R0W0-L1R0W0-L1R0W0-L1R0W0-L1R0W0-L1R0W0-L1R0W0-L1R0W0,,,split,optimized,10,3,10,0.9694849999999999,0.9692551,0.968563,0.9698140000000001,0.0005338060415544495,0.3653406,0.0155136,0.5884009,,,custom:libsad_search_9361435758c99d.so,/home/rzzhang/sad_merged/sad/build/libsad_search_9361435758c99d.so
2026-08-23T04:43:02.717146+00:00,20260823T043020,joint:rzz-hea:24:d04f1b97ddd60529,ok,,rzz-hea,24,8,float64,42,128,2,32,2,1,0.5,rotation,rotation,14,14,compact:L2R0W0-L2R0W0-L2R0W0-L2R0W0-L2R0W0-L2R0W0-L2R0W0-L2R0W0-L2R0W0-L2R0W0-L1R0W0-L1R0W0-L1R0W0-L1R0W0,compact:L2R0W0-L2R0W0-L2R0W0-L2R0W0-L2R0W0-L2R0W0-L2R0W0-L2R0W0-L2R0W0-L2R0W0-L1R0W0-L1R0W0-L1R0W0-L1R0W0,,,split,optimized,3,3,3,239.69315199999997,239.73361966666664,239.67084799999998,239.836859,0.07356691767516321,74.11936433333332,1.7714343333333336,163.842821,,,custom:libsad_search_7259903b8346c4.so,/home/rzzhang/sad_merged/sad/build/libsad_search_7259903b8346c4.so
2026-08-23T04:43:04.191394+00:00,20260823T043020,joint:rzz-hea:16:a90d5f3c3aeb2ed1,ok,,rzz-hea,16,8,float64,42,128,2,128,2,1,1.0,rotation,rotation,16,16,compact:L1R0W0-L1R0W0-L1R0W0-L1R0W0-L1R0W0-L1R0W0-L1R0W0-L1R0W0-L1R0W0-L1R0W0-L1R0W0-L1R0W0-L1R0W0-L1R0W0-L1R0W0-L1R0W0,compact:L1R0W0-L1R0W0-L1R0W0-L1R0W0-L1R0W0-L1R0W0-L1R0W0-L1R0W0-L1R0W0-L1R0W0-L1R0W0-L1R0W0-L1R0W0-L1R0W0-L1R0W0-L1R0W0,,,merged,optimized,5,3,5,2.192199,2.1837138,2.151199,2.209787,0.02397457050626767,0.7463412,0.0153358,1.4220368,,,custom:libsad_search_8fbfac92ec4bef.so,/home/rzzhang/sad_merged/sad/build/libsad_search_8fbfac92ec4bef.so
2026-08-23T04:43:04.232726+00:00,20260823T043020,joint:rzz-hea:24:9d481564357131da,ok,,rzz-hea,24,8,float64,42,128,2,32,2,2,0.5,rotation,rotation,14,14,compact:L2R0W0-L2R0W0-L2R0W0-L2R0W0-L2R0W0-L2R0W0-L2R0W0-L2R0W0-L2R0W0-L2R0W0-L1R0W0-L1R0W0-L1R0W0-L1R0W0,compact:L2R0W0-L2R0W0-L2R0W0-L2R0W0-L2R0W0-L2R0W0-L2R0W0-L2R0W0-L2R0W0-L2R0W0-L1R0W0-L1R0W0-L1R0W0-L1R0W0,,,split,optimized,3,3,3,239.74877699999996,239.7760013333333,239.746908,239.832319,0.039829913166993476,74.18574500000001,1.7703096666666667,163.81994666666665,,,custom:libsad_search_3b115211f38255.so,/home/rzzhang/sad_merged/sad/build/libsad_search_3b115211f38255.so
2026-08-23T04:43:05.710481+00:00,20260823T043020,joint:rzz-hea:22:5114430080df32e4,ok,,rzz-hea,22,8,float64,42,32,2,128,2,2,0.5,rotation,rotation,13,12,compact:L2R0W0-L2R0W0-L2R0W0-L2R0W0-L2R0W0-L2R0W0-L2R0W0-L2R0W0-L2R0W0-L1R0W0-L1R0W0-L1R0W0-L1R0W0,compact:L2R0W0-L2R0W0-L2R0W0-L2R0W0-L2R0W0-L2R0W0-L2R0W0-L2R0W0-L2R0W0-L2R0W0-L1R0W0-L1R0W0,,,merged,optimized,3,3,3,47.152238,47.15301333333333,47.097328,47.209474,0.04578669519509999,8.949384,0.4180943333333333,37.785535,,,custom:libsad_search_fce412939d20fb.so,/home/rzzhang/sad_merged/sad/build/libsad_search_fce412939d20fb.so
2026-08-23T04:43:06.023570+00:00,20260823T043020,joint:rzz-hea:18:bb8c912779e7bd5e,ok,,rzz-hea,18,8,float64,42,32,2,32,2,1,0.0,rotation,rotation,3,3,compact:L5R1W0-L5R1W0-L5R1W0,compact:L5R1W0-L5R1W0-L5R1W0,,,split,optimized,5,3,5,2.321432,2.3197664,2.314178,2.323413,0.0037759871080287758,0.6204604,0.031850199999999995,1.6674557999999997,,,custom:libsad_search_3cb67c7e18cc99.so,/home/rzzhang/sad_merged/sad/build/libsad_search_3cb67c7e18cc99.so
2026-08-23T04:43:06.065683+00:00,20260823T043020,joint:rzz-hea:16:05b84eb0e36b8ebd,ok,,rzz-hea,16,8,float64,42,32,2,128,2,1,0.75,rotation,rotation,13,12,compact:L2R0W0-L2R0W0-L2R0W0-L1R0W0-L1R0W0-L1R0W0-L1R0W0-L1R0W0-L1R0W0-L1R0W0-L1R0W0-L1R0W0-L1R0W0,compact:L2R0W0-L2R0W0-L2R0W0-L2R0W0-L1R0W0-L1R0W0-L1R0W0-L1R0W0-L1R0W0-L1R0W0-L1R0W0-L1R0W0,,,split,optimized,5,3,5,1.7080379999999997,1.7078006,1.7068910000000002,1.708102,0.0004579797375429437,0.5677042,0.015636200000000003,1.1244602,,,custom:libsad_search_0e4f539ceca897.so,/home/rzzhang/sad_merged/sad/build/libsad_search_0e4f539ceca897.so
2026-08-23T04:43:06.097258+00:00,20260823T043020,joint:rzz-hea:14:2d4506cd4c2e566a,ok,,rzz-hea,14,8,float64,42,64,2,64,2,2,0.25,rotation,rotation,5,5,compact:L3R0W0-L3R0W0-L3R0W0-L3R0W0-L2R0W0,compact:L3R0W0-L3R0W0-L3R0W0-L3R0W0-L2R0W0,,,merged,optimized,10,3,10,0.698247,0.6987296,0.697136,0.705534,0.002372619868415507,0.24908439999999998,0.0158052,0.43384,,,custom:libsad_search_97eec9f2a848ec.so,/home/rzzhang/sad_merged/sad/build/libsad_search_97eec9f2a848ec.so
2026-08-23T04:43:06.121437+00:00,20260823T043020,joint:rzz-hea:18:89337c57a054eef8,ok,,rzz-hea,18,8,float64,42,128,2,32,2,2,0.5,rotation,rotation,10,10,compact:L2R0W0-L2R0W0-L2R0W0-L2R0W0-L2R0W0-L2R0W0-L2R0W0-L2R0W0-L1R0W0-L1R0W0,compact:L2R0W0-L2R0W0-L2R0W0-L2R0W0-L2R0W0-L2R0W0-L2R0W0-L2R0W0-L1R0W0-L1R0W0,,,merged,optimized,5,3,5,2.940911,2.9433594,2.9407879999999995,2.953227,0.0049342467145452465,0.8210801999999999,0.0319392,2.09034,,,custom:libsad_search_d014591f51543a.so,/home/rzzhang/sad_merged/sad/build/libsad_search_d014591f51543a.so
2026-08-23T04:43:06.169065+00:00,20260823T043020,joint:rzz-hea:14:45ee2f1a33f1d344,ok,,rzz-hea,14,8,float64,42,32,2,32,2,2,0.25,rotation,rotation,5,5,compact:L3R0W0-L3R0W0-L3R0W0-L3R0W0-L2R0W0,compact:L3R0W0-L3R0W0-L3R0W0-L3R0W0-L2R0W0,,,split,optimized,10,3,10,0.6940135000000001,0.6951615,0.6924939999999999,0.70143,0.0031733124727955806,0.2399163,0.015554400000000001,0.43969079999999994,,,custom:libsad_search_16d9d6cef53b3d.so,/home/rzzhang/sad_merged/sad/build/libsad_search_16d9d6cef53b3d.so
2026-08-23T04:43:06.194333+00:00,20260823T043020,joint:rzz-hea:28:3dfca588adcd80cd,ok,,rzz-hea,28,8,float64,42,128,2,32,2,2,0.75,rotation,rotation,22,22,compact:L2R0W0-L2R0W0-L2R0W0-L2R0W0-L2R0W0-L2R0W0-L1R0W0-L1R0W0-L1R0W0-L1R0W0-L1R0W0-L1R0W0-L1R0W0-L1R0W0-L1R0W0-L1R0W0-L1R0W0-L1R0W0-L1R0W0-L1R0W0-L1R0W0-L1R0W0,compact:L2R0W0-L2R0W0-L2R0W0-L2R0W0-L2R0W0-L2R0W0-L1R0W0-L1R0W0-L1R0W0-L1R0W0-L1R0W0-L1R0W0-L1R0W0-L1R0W0-L1R0W0-L1R0W0-L1R0W0-L1R0W0-L1R0W0-L1R0W0-L1R0W0-L1R0W0,,,merged,optimized,2,3,2,5572.314254500001,5572.314254500001,5571.145930000001,5573.482579,1.168324499999926,1550.1186195,82.2843235,3939.9113115,,,custom:libsad_search_d014591f51543a.so,/home/rzzhang/sad_merged/sad/build/libsad_search_d014591f51543a.so
2026-08-23T04:43:34.092312+00:00,20260823T043020,joint:rzz-hea:20:26ed1df9d7be9d73,ok,,rzz-hea,20,8,float64,42,128,2,128,2,2,0.5,rotation,rotation,12,12,compact:L2R0W0-L2R0W0-L2R0W0-L2R0W0-L2R0W0-L2R0W0-L2R0W0-L2R0W0-L1R0W0-L1R0W0-L1R0W0-L1R0W0,compact:L2R0W0-L2R0W0-L2R0W0-L2R0W0-L2R0W0-L2R0W0-L2R0W0-L2R0W0-L1R0W0-L1R0W0-L1R0W0-L1R0W0,,,split,optimized,5,3,5,8.791077,8.789175799999999,8.783727,8.794252,0.004516248062274429,2.5159928,0.0976528,6.1755302,,,custom:libsad_search_d02bea87aa5c56.so,/home/rzzhang/sad_merged/sad/build/libsad_search_d02bea87aa5c56.so
2026-08-23T04:43:34.195006+00:00,20260823T043020,joint:rzz-hea:24:8c85d87134680826,ok,,rzz-hea,24,8,float64,42,128,2,32,2,2,0.75,rotation,rotation,19,19,compact:L2R0W0-L2R0W0-L2R0W0-L2R0W0-L2R0W0-L1R0W0-L1R0W0-L1R0W0-L1R0W0-L1R0W0-L1R0W0-L1R0W0-L1R0W0-L1R0W0-L1R0W0-L1R0W0-L1R0W0-L1R0W0-L1R0W0,compact:L2R0W0-L2R0W0-L2R0W0-L2R0W0-L2R0W0-L1R0W0-L1R0W0-L1R0W0-L1R0W0-L1R0W0-L1R0W0-L1R0W0-L1R0W0-L1R0W0-L1R0W0-L1R0W0-L1R0W0-L1R0W0-L1R0W0,,,merged,optimized,3,3,3,300.773525,300.7075273333333,300.543765,300.805292,0.11652141988016153,84.56710866666667,1.7729853333333332,214.36743333333334,,,custom:libsad_search_d014591f51543a.so,/home/rzzhang/sad_merged/sad/build/libsad_search_d014591f51543a.so
2026-08-23T04:43:36.052172+00:00,20260823T043020,joint:rzz-hea:4:561f592f975c0426,ok,,rzz-hea,4,8,float64,42,128,2,128,2,1,0.25,rotation,rotation,2,2,compact:L2R0W0-L2R0W0,compact:L2R0W0-L2R0W0,,,split,optimized,20,3,20,0.2806375,0.28110179999999996,0.279537,0.284707,0.0011060942816957374,0.09191075,0.0154363,0.17375475,,,custom:libsad_search_9361435758c99d.so,/home/rzzhang/sad_merged/sad/build/libsad_search_9361435758c99d.so
2026-08-23T04:43:36.072827+00:00,20260823T043020,joint:rzz-hea:8:6247d26d490ca1b4,ok,,rzz-hea,8,8,float64,42,128,2,128,2,2,0.5,rotation,rotation,4,4,compact:L2R0W0-L2R0W0-L2R0W0-L2R0W0,compact:L2R0W0-L2R0W0-L2R0W0-L2R0W0,,,merged,optimized,20,3,20,0.47612450000000006,0.47607615000000003,0.47507099999999997,0.47721800000000003,0.0005239340869804207,0.1658841,0.015220199999999998,0.29497185000000004,,,custom:libsad_search_b969ada61d8a74.so,/home/rzzhang/sad_merged/sad/build/libsad_search_b969ada61d8a74.so
2026-08-23T04:43:36.097374+00:00,20260823T043020,joint:rzz-hea:6:1ff5cd579afabe54,ok,,rzz-hea,6,8,float64,42,128,2,32,2,1,0.5,rotation,rotation,4,4,compact:L2R0W0-L2R0W0-L1R0W0-L1R0W0,compact:L2R0W0-L2R0W0-L1R0W0-L1R0W0,,,split,optimized,20,3,20,0.376861,0.37862714999999997,0.376408,0.384273,0.0028948431093066217,0.14239525,0.01532505,0.22090685000000002,,,custom:libsad_search_7259903b8346c4.so,/home/rzzhang/sad_merged/sad/build/libsad_search_7259903b8346c4.so
2026-08-23T04:43:36.119156+00:00,20260823T043020,joint:rzz-hea:14:ffcdbfed7cf731d4,ok,,rzz-hea,14,8,float64,42,32,2,128,2,1,0.25,rotation,rotation,5,5,compact:L3R0W0-L3R0W0-L3R0W0-L3R0W0-L2R0W0,compact:L3R0W0-L3R0W0-L3R0W0-L3R0W0-L2R0W0,,,split,optimized,10,3,10,0.82541,0.8256299,0.824169,0.827378,0.0009396139047502345,0.2399895,0.0152968,0.5703436000000001,,,custom:libsad_search_0e4f539ceca897.so,/home/rzzhang/sad_merged/sad/build/libsad_search_0e4f539ceca897.so
2026-08-23T04:43:36.144866+00:00,20260823T043020,joint:rzz-hea:10:1ef1338779c85a86,ok,,rzz-hea,10,8,float64,42,32,2,128,2,2,1.0,rotation,rotation,10,10,compact:L1R0W0-L1R0W0-L1R0W0-L1R0W0-L1R0W0-L1R0W0-L1R0W0-L1R0W0-L1R0W0-L1R0W0,compact:L1R0W0-L1R0W0-L1R0W0-L1R0W0-L1R0W0-L1R0W0-L1R0W0-L1R0W0-L1R0W0-L1R0W0,,,split,optimized,10,3,10,0.9257145,0.925679,0.924592,0.927597,0.000986455371519645,0.3234333,0.015515700000000002,0.58673,,,custom:libsad_search_2a0e4369743c84.so,/home/rzzhang/sad_merged/sad/build/libsad_search_2a0e4369743c84.so
2026-08-23T04:43:36.180641+00:00,20260823T043020,joint:rzz-hea:22:1ecf28e799d1c344,ok,,rzz-hea,22,8,float64,42,64,2,64,2,1,0.5,rotation,rotation,12,12,compact:L2R0W0-L2R0W0-L2R0W0-L2R0W0-L2R0W0-L2R0W0-L2R0W0-L2R0W0-L2R0W0-L2R0W0-L1R0W0-L1R0W0,compact:L2R0W0-L2R0W0-L2R0W0-L2R0W0-L2R0W0-L2R0W0-L2R0W0-L2R0W0-L2R0W0-L2R0W0-L1R0W0-L1R0W0,,,split,optimized,3,3,3,46.791857,46.68610133333333,46.311617999999996,46.954829000000004,0.27303027109868966,9.401241666666666,0.4254943333333333,36.85936533333333,,,custom:libsad_search_7ec063ebc99501.so,/home/rzzhang/sad_merged/sad/build/libsad_search_7ec063ebc99501.so
2026-08-23T04:43:36.495992+00:00,20260823T043020,joint:rzz-hea:12:9a2b6cd58bbc6d80,ok,,rzz-hea,12,8,float64,42,32,2,128,2,1,0.0,legacy,legacy,0,0,,,,,not_applicable,legacy-generic,10,3,10,0.578552,0.5787454000000001,0.578483,0.579621,0.00042017405917072154,0.16162210000000002,0.0154466,0.40167670000000005,,,custom:libsad_search_ada51c8f4b2976.so,/home/rzzhang/sad_merged/sad/build/libsad_search_ada51c8f4b2976.so
2026-08-23T04:43:36.517372+00:00,20260823T043020,joint:rzz-hea:14:4a6cc0c2774899f1,ok,,rzz-hea,14,8,float64,42,128,2,32,2,2,0.75,rotation,rotation,11,11,compact:L2R0W0-L2R0W0-L2R0W0-L1R0W0-L1R0W0-L1R0W0-L1R0W0-L1R0W0-L1R0W0-L1R0W0-L1R0W0,compact:L2R0W0-L2R0W0-L2R0W0-L1R0W0-L1R0W0-L1R0W0-L1R0W0-L1R0W0-L1R0W0-L1R0W0-L1R0W0,,,split,optimized,10,3,10,1.1428585,1.1431602,1.1407640000000001,1.1467550000000002,0.0015056399835286108,0.48294410000000004,0.015488299999999998,0.6447278,,,custom:libsad_search_3b115211f38255.so,/home/rzzhang/sad_merged/sad/build/libsad_search_3b115211f38255.so
2026-08-23T04:43:36.555383+00:00,20260823T043020,joint:rzz-hea:12:2acf17f7573abe0a,ok,,rzz-hea,12,8,float64,42,64,2,64,2,2,0.25,rotation,rotation,4,4,compact:L3R0W0-L3R0W0-L3R0W0-L3R0W0,compact:L3R0W0-L3R0W0-L3R0W0-L3R0W0,,,merged,optimized,10,3,10,0.560155,0.5605048,0.5600689999999999,0.5611820000000001,0.00047783695964210405,0.2008827,0.015274300000000001,0.3443478,,,custom:libsad_search_97eec9f2a848ec.so,/home/rzzhang/sad_merged/sad/build/libsad_search_97eec9f2a848ec.so
2026-08-23T04:43:36.581056+00:00,20260823T043020,joint:rzz-hea:10:d5ee2b5244402a94,ok,,rzz-hea,10,8,float64,42,32,2,32,2,2,0.25,rotation,rotation,4,4,compact:L3R0W0-L3R0W0-L2R0W0-L2R0W0,compact:L3R0W0-L3R0W0-L2R0W0-L2R0W0,,,merged,optimized,10,3,10,0.4658365,0.467328,0.46485,0.473173,0.003092896312520026,0.17043360000000002,0.015551900000000002,0.28134250000000005,,,custom:libsad_search_dcff342f285260.so,/home/rzzhang/sad_merged/sad/build/libsad_search_dcff342f285260.so
2026-08-23T04:43:36.603382+00:00,20260823T043020,joint:rzz-hea:18:00286a26df964730,ok,,rzz-hea,18,8,float64,42,32,2,128,2,2,0.5,rotation,rotation,10,10,compact:L2R0W0-L2R0W0-L2R0W0-L2R0W0-L2R0W0-L2R0W0-L2R0W0-L2R0W0-L1R0W0-L1R0W0,compact:L2R0W0-L2R0W0-L2R0W0-L2R0W0-L2R0W0-L2R0W0-L2R0W0-L2R0W0-L1R0W0-L1R0W0,,,merged,optimized,5,3,5,3.20919,3.207559,3.20202,3.209332,0.002808876786190467,0.8277286,0.0383926,2.3414378,,,custom:libsad_search_fce412939d20fb.so,/home/rzzhang/sad_merged/sad/build/libsad_search_fce412939d20fb.so
2026-08-23T04:43:36.653899+00:00,20260823T043020,joint:rzz-hea:18:a69f854ccb74098d,ok,,rzz-hea,18,8,float64,42,32,2,32,2,2,0.5,rotation,rotation,10,10,compact:L2R0W0-L2R0W0-L2R0W0-L2R0W0-L2R0W0-L2R0W0-L2R0W0-L2R0W0-L1R0W0-L1R0W0,compact:L2R0W0-L2R0W0-L2R0W0-L2R0W0-L2R0W0-L2R0W0-L2R0W0-L2R0W0-L1R0W0-L1R0W0,,,split,optimized,5,3,5,2.9851,2.9872058,2.982833,2.9921510000000002,0.003998176454335136,0.93345,0.039963200000000004,2.0137926,,,custom:libsad_search_16d9d6cef53b3d.so,/home/rzzhang/sad_merged/sad/build/libsad_search_16d9d6cef53b3d.so
2026-08-23T04:43:36.695996+00:00,20260823T043020,joint:rzz-hea:10:484cc53e56c570a1,ok,,rzz-hea,10,8,float64,42,64,2,64,2,2,1.0,rotation,rotation,10,10,compact:L1R0W0-L1R0W0-L1R0W0-L1R0W0-L1R0W0-L1R0W0-L1R0W0-L1R0W0-L1R0W0-L1R0W0,compact:L1R0W0-L1R0W0-L1R0W0-L1R0W0-L1R0W0-L1R0W0-L1R0W0-L1R0W0-L1R0W0-L1R0W0,,,merged,optimized,10,3,10,0.8626304999999999,0.8626864,0.861213,0.8641340000000001,0.0008125930346735795,0.3561948,0.015449200000000001,0.49104240000000005,,,custom:libsad_search_97eec9f2a848ec.so,/home/rzzhang/sad_merged/sad/build/libsad_search_97eec9f2a848ec.so
2026-08-23T04:43:36.721947+00:00,20260823T043020,joint:rzz-hea:12:ceac03dad0291962,ok,,rzz-hea,12,8,float64,42,64,2,64,2,1,0.25,rotation,rotation,4,4,compact:L3R0W0-L3R0W0-L3R0W0-L3R0W0,compact:L3R0W0-L3R0W0-L3R0W0-L3R0W0,,,merged,optimized,10,3,10,0.58985,0.5900884,0.589526,0.591839,0.000687518174305229,0.2128454,0.0154193,0.36182369999999997,,,custom:libsad_search_7e5293342e215a.so,/home/rzzhang/sad_merged/sad/build/libsad_search_7e5293342e215a.so
2026-08-23T04:43:36.742302+00:00,20260823T043020,joint:rzz-hea:14:3a0b32aafbf990c9,ok,,rzz-hea,14,8,float64,42,128,2,32,2,1,0.25,rotation,rotation,5,5,compact:L3R0W0-L3R0W0-L3R0W0-L3R0W0-L2R0W0,compact:L3R0W0-L3R0W0-L3R0W0-L3R0W0-L2R0W0,,,split,optimized,10,3,10,0.7905279999999999,0.7907992,0.789461,0.7915400000000001,0.0006564993221626611,0.3036717,0.0157147,0.4714128,,,custom:libsad_search_7259903b8346c4.so,/home/rzzhang/sad_merged/sad/build/libsad_search_7259903b8346c4.so
2026-08-23T04:43:36.765407+00:00,20260823T043020,joint:rzz-hea:6:6eddcf9908c4e684,ok,,rzz-hea,6,8,float64,42,32,2,32,2,2,0.25,rotation,rotation,2,2,compact:L3R0W0-L3R0W0,compact:L3R0W0-L3R0W0,,,merged,optimized,20,3,20,0.2620985,0.2620034,0.26101599999999997,0.263935,0.000607586158499357,0.07840435,0.015647499999999998,0.16795154999999998,,,custom:libsad_search_dcff342f285260.so,/home/rzzhang/sad_merged/sad/build/libsad_search_dcff342f285260.so
2026-08-23T04:43:36.783915+00:00,20260823T043020,joint:rzz-hea:26:072c6ba6a1d68585,ok,,rzz-hea,26,8,float64,42,64,2,64,2,2,0.0,rotation,rotation,4,4,compact:L5R2W0-L5R2W0-L5R1W0-L5R1W0,compact:L5R2W0-L5R2W0-L5R1W0-L5R1W0,,,split,optimized,2,3,2,583.7650345000001,583.7650345000001,583.7280300000001,583.802039,0.037004499999966356,153.2661095,10.245415000000001,420.25351,,,custom:libsad_search_20c37ff249ec0a.so,/home/rzzhang/sad_merged/sad/build/libsad_search_20c37ff249ec0a.so
2026-08-23T04:43:39.748831+00:00,20260823T043020,joint:rzz-hea:24:539d7ee79df60f6a,ok,,rzz-hea,24,8,float64,42,32,2,32,2,2,0.0,rotation,rotation,4,4,compact:L5R1W0-L5R1W0-L5R1W0-L5R1W0,compact:L5R1W0-L5R1W0-L5R1W0-L5R1W0,,,split,optimized,3,3,3,135.553081,135.55085266666666,135.530115,135.569362,0.016099810647616265,36.611622000000004,1.7693923333333332,97.16983833333333,,,custom:libsad_search_16d9d6cef53b3d.so,/home/rzzhang/sad_merged/sad/build/libsad_search_16d9d6cef53b3d.so
2026-08-23T04:43:40.602033+00:00,20260823T043020,joint:rzz-hea:14:791468643173658e,ok,,rzz-hea,14,8,float64,42,32,2,128,2,1,0.5,rotation,rotation,8,8,compact:L2R0W0-L2R0W0-L2R0W0-L2R0W0-L2R0W0-L2R0W0-L1R0W0-L1R0W0,compact:L2R0W0-L2R0W0-L2R0W0-L2R0W0-L2R0W0-L2R0W0-L1R0W0-L1R0W0,,,split,optimized,10,3,10,1.0219295000000002,1.0222248999999999,1.0218599999999998,1.023016,0.00047848374058062876,0.3268773,0.015392300000000001,0.6799553,,,custom:libsad_search_0e4f539ceca897.so,/home/rzzhang/sad_merged/sad/build/libsad_search_0e4f539ceca897.so
2026-08-23T04:43:40.628857+00:00,20260823T043020,joint:rzz-hea:6:ebd09c4ab197e22f,ok,,rzz-hea,6,8,float64,42,32,2,128,2,1,1.0,rotation,rotation,6,6,compact:L1R0W0-L1R0W0-L1R0W0-L1R0W0-L1R0W0-L1R0W0,compact:L1R0W0-L1R0W0-L1R0W0-L1R0W0-L1R0W0-L1R0W0,,,split,optimized,20,3,20,0.49356599999999995,0.4935837,0.492516,0.494614,0.0006163091837706066,0.17158964999999998,0.01534345,0.3066506,,,custom:libsad_search_0e4f539ceca897.so,/home/rzzhang/sad_merged/sad/build/libsad_search_0e4f539ceca897.so
2026-08-23T04:43:40.652732+00:00,20260823T043020,joint:rzz-hea:8:63377126875a1ed2,ok,,rzz-hea,8,8,float64,42,128,2,128,2,1,1.0,rotation,rotation,8,8,compact:L1R0W0-L1R0W0-L1R0W0-L1R0W0-L1R0W0-L1R0W0-L1R0W0-L1R0W0,compact:L1R0W0-L1R0W0-L1R0W0-L1R0W0-L1R0W0-L1R0W0-L1R0W0-L1R0W0,,,split,optimized,20,3,20,0.7299235,0.7297137,0.728897,0.731189,0.0006854340303778148,0.270349,0.01543645,0.44392824999999997,,,custom:libsad_search_9361435758c99d.so,/home/rzzhang/sad_merged/sad/build/libsad_search_9361435758c99d.so
2026-08-23T04:43:40.682161+00:00,20260823T043020,joint:rzz-hea:20:d5ad3b843fdd228d,ok,,rzz-hea,20,8,float64,42,128,2,128,2,2,1.0,rotation,rotation,20,20,compact:L1R0W0-L1R0W0-L1R0W0-L1R0W0-L1R0W0-L1R0W0-L1R0W0-L1R0W0-L1R0W0-L1R0W0-L1R0W0-L1R0W0-L1R0W0-L1R0W0-L1R0W0-L1R0W0-L1R0W0-L1R0W0-L1R0W0-L1R0W0,compact:L1R0W0-L1R0W0-L1R0W0-L1R0W0-L1R0W0-L1R0W0-L1R0W0-L1R0W0-L1R0W0-L1R0W0-L1R0W0-L1R0W0-L1R0W0-L1R0W0-L1R0W0-L1R0W0-L1R0W0-L1R0W0-L1R0W0-L1R0W0,,,merged,optimized,5,3,5,10.475423,10.472486,10.466305,10.476708000000002,0.0046282907860248,2.9678346,0.09729220000000001,7.4073592,,,custom:libsad_search_b969ada61d8a74.so,/home/rzzhang/sad_merged/sad/build/libsad_search_b969ada61d8a74.so
2026-08-23T04:43:40.780240+00:00,20260823T043020,joint:rzz-hea:26:799068b2688b9e1f,ok,,rzz-hea,26,8,float64,42,128,2,128,2,2,0.25,rotation,rotation,9,9,compact:L3R0W0-L3R0W0-L3R0W0-L3R0W0-L3R0W0-L3R0W0-L3R0W0-L3R0W0-L2R0W0,compact:L3R0W0-L3R0W0-L3R0W0-L3R0W0-L3R0W0-L3R0W0-L3R0W0-L3R0W0-L2R0W0,,,merged,optimized,2,3,2,679.634823,679.634823,679.517196,679.75245,0.1176269999999704,177.45723800000002,10.2547025,491.9228825,,,custom:libsad_search_b969ada61d8a74.so,/home/rzzhang/sad_merged/sad/build/libsad_search_b969ada61d8a74.so
2026-08-23T04:43:44.212684+00:00,20260823T043020,joint:rzz-hea:4:f0682c5f0ac7047f,ok,,rzz-hea,4,8,float64,42,64,2,64,2,1,0.5,rotation,rotation,2,2,compact:L2R0W0-L2R0W0,compact:L2R0W0-L2R0W0,,,merged,optimized,20,3,20,0.20055449999999997,0.2003584,0.19960799999999998,0.20183399999999999,0.0005712676605585143,0.05769315,0.0155574,0.12710785000000002,,,custom:libsad_search_7e5293342e215a.so,/home/rzzhang/sad_merged/sad/build/libsad_search_7e5293342e215a.so
2026-08-23T04:43:44.236219+00:00,20260823T043020,joint:rzz-hea:10:8a013f51dd1ecc40,ok,,rzz-hea,10,8,float64,42,64,2,64,2,1,0.25,rotation,rotation,4,4,compact:L3R0W0-L3R0W0-L2R0W0-L2R0W0,compact:L3R0W0-L3R0W0-L2R0W0-L2R0W0,,,merged,optimized,10,3,10,0.49146449999999997,0.4913872,0.490426,0.49257999999999996,0.0007233506480262398,0.17855769999999999,0.015850700000000002,0.2969788,,,custom:libsad_search_7e5293342e215a.so,/home/rzzhang/sad_merged/sad/build/libsad_search_7e5293342e215a.so
2026-08-23T04:43:44.261781+00:00,20260823T043020,joint:rzz-hea:14:f6760b4236337632,ok,,rzz-hea,14,8,float64,42,64,2,64,2,1,0.25,rotation,rotation,5,5,compact:L3R0W0-L3R0W0-L3R0W0-L3R0W0-L2R0W0,compact:L3R0W0-L3R0W0-L3R0W0-L3R0W0-L2R0W0,,,merged,optimized,10,3,10,0.6982250000000001,0.6978339,0.6963889999999999,0.698422,0.000651215855150978,0.24842069999999997,0.015360999999999998,0.43405220000000005,,,custom:libsad_search_7e5293342e215a.so,/home/rzzhang/sad_merged/sad/build/libsad_search_7e5293342e215a.so
2026-08-23T04:43:44.283660+00:00,20260823T043020,joint:rzz-hea:20:3d4e42af91c78039,ok,,rzz-hea,20,8,float64,42,64,2,64,2,2,0.0,rotation,rotation,3,3,compact:L5R2W0-L5R2W0-L5R1W0,compact:L5R2W0-L5R2W0-L5R1W0,,,split,optimized,5,3,5,7.5469479999999995,7.550163,7.546703,7.560202,0.005166787822235506,1.9230516,0.09738000000000001,5.529731399999999,,,custom:libsad_search_20c37ff249ec0a.so,/home/rzzhang/sad_merged/sad/build/libsad_search_20c37ff249ec0a.so
2026-08-23T04:43:44.358082+00:00,20260823T043020,joint:rzz-hea:16:1ba8f1e329852bd3,ok,,rzz-hea,16,8,float64,42,32,2,128,2,1,0.25,rotation,rotation,6,6,compact:L3R0W0-L3R0W0-L3R0W0-L3R0W0-L2R0W0-L2R0W0,compact:L3R0W0-L3R0W0-L3R0W0-L3R0W0-L2R0W0-L2R0W0,,,split,optimized,5,3,5,1.208258,1.2052062,1.200241,1.208351,0.0037838907700937204,0.3373624,0.0159364,0.8519074,,,custom:libsad_search_0e4f539ceca897.so,/home/rzzhang/sad_merged/sad/build/libsad_search_0e4f539ceca897.so
2026-08-23T04:43:44.380546+00:00,20260823T043020,joint:rzz-hea:10:382da4d594932f49,ok,,rzz-hea,10,8,float64,42,128,2,32,2,2,0.75,rotation,rotation,8,8,compact:L2R0W0-L2R0W0-L1R0W0-L1R0W0-L1R0W0-L1R0W0-L1R0W0-L1R0W0,compact:L2R0W0-L2R0W0-L1R0W0-L1R0W0-L1R0W0-L1R0W0-L1R0W0-L1R0W0,,,merged,optimized,10,3,10,0.7188224999999999,0.7189225,0.7177640000000001,0.7207929999999999,0.0008180497845485819,0.3153459,0.015531000000000001,0.3880456,,,custom:libsad_search_d014591f51543a.so,/home/rzzhang/sad_merged/sad/build/libsad_search_d014591f51543a.so
2026-08-23T04:43:44.402586+00:00,20260823T043020,joint:rzz-hea:12:f0873930e9a5dd5e,ok,,rzz-hea,12,8,float64,42,64,2,64,2,1,0.0,legacy,legacy,0,0,,,,,not_applicable,legacy-generic,10,3,10,0.527351,0.5273276,0.5263220000000001,0.528422,0.0004775253291711088,0.1746437,0.015627199999999997,0.3370567,,,custom:libsad_search_5a6ce94d125b8e.so,/home/rzzhang/sad_merged/sad/build/libsad_search_5a6ce94d125b8e.so
2026-08-23T04:43:44.422114+00:00,20260823T043020,joint:rzz-hea:16:553ec909d97ba2ee,ok,,rzz-hea,16,8,float64,42,64,2,64,2,2,0.25,rotation,rotation,6,6,compact:L3R0W0-L3R0W0-L3R0W0-L3R0W0-L2R0W0-L2R0W0,compact:L3R0W0-L3R0W0-L3R0W0-L3R0W0-L2R0W0-L2R0W0,,,merged,optimized,5,3,5,1.33024,1.3305556,1.329134,1.332127,0.001028970864504915,0.35983519999999997,0.0154364,0.955284,,,custom:libsad_search_97eec9f2a848ec.so,/home/rzzhang/sad_merged/sad/build/libsad_search_97eec9f2a848ec.so
2026-08-23T04:43:44.446067+00:00,20260823T043020,joint:rzz-hea:10:8efc17666326a746,ok,,rzz-hea,10,8,float64,42,128,2,128,2,1,0.25,rotation,rotation,4,4,compact:L3R0W0-L3R0W0-L2R0W0-L2R0W0,compact:L3R0W0-L3R0W0-L2R0W0-L2R0W0,,,merged,optimized,10,3,10,0.6163815,0.6160995,0.614425,0.61746,0.000801847522911936,0.21567589999999998,0.015336500000000001,0.3850871,,,custom:libsad_search_8fbfac92ec4bef.so,/home/rzzhang/sad_merged/sad/build/libsad_search_8fbfac92ec4bef.so
2026-08-23T04:43:44.466899+00:00,20260823T043020,joint:rzz-hea:28:5bd5f3075f996dcb,ok,,rzz-hea,28,8,float64,42,32,2,128,2,2,1.0,rotation,rotation,28,28,compact:L1R0W0-L1R0W0-L1R0W0-L1R0W0-L1R0W0-L1R0W0-L1R0W0-L1R0W0-L1R0W0-L1R0W0-L1R0W0-L1R0W0-L1R0W0-L1R0W0-L1R0W0-L1R0W0-L1R0W0-L1R0W0-L1R0W0-L1R0W0-L1R0W0-L1R0W0-L1R0W0-L1R0W0-L1R0W0-L1R0W0-L1R0W0-L1R0W0,compact:L1R0W0-L1R0W0-L1R0W0-L1R0W0-L1R0W0-L1R0W0-L1R0W0-L1R0W0-L1R0W0-L1R0W0-L1R0W0-L1R0W0-L1R0W0-L1R0W0-L1R0W0-L1R0W0-L1R0W0-L1R0W0-L1R0W0-L1R0W0-L1R0W0-L1R0W0-L1R0W0-L1R0W0-L1R0W0-L1R0W0-L1R0W0-L1R0W0,,,merged,optimized,2,3,2,6866.597089,6866.597089,6866.371965,6866.8222129999995,0.22512399999959598,1940.999927,81.5934735,4844.0036885,,,custom:libsad_search_fce412939d20fb.so,/home/rzzhang/sad_merged/sad/build/libsad_search_fce412939d20fb.so
2026-08-23T04:44:18.833092+00:00,20260823T043020,joint:rzz-hea:18:60f8cbbc16b8d555,ok,,rzz-hea,18,8,float64,42,128,2,128,2,1,1.0,rotation,rotation,18,18,compact:L1R0W0-L1R0W0-L1R0W0-L1R0W0-L1R0W0-L1R0W0-L1R0W0-L1R0W0-L1R0W0-L1R0W0-L1R0W0-L1R0W0-L1R0W0-L1R0W0-L1R0W0-L1R0W0-L1R0W0-L1R0W0,compact:L1R0W0-L1R0W0-L1R0W0-L1R0W0-L1R0W0-L1R0W0-L1R0W0-L1R0W0-L1R0W0-L1R0W0-L1R0W0-L1R0W0-L1R0W0-L1R0W0-L1R0W0-L1R0W0-L1R0W0-L1R0W0,,,merged,optimized,5,3,5,3.8726299999999996,3.8710768,3.865538,3.8737980000000003,0.0029327894162384026,1.2019848,0.0318176,2.6372744,,,custom:libsad_search_8fbfac92ec4bef.so,/home/rzzhang/sad_merged/sad/build/libsad_search_8fbfac92ec4bef.so
2026-08-23T04:44:18.890933+00:00,20260823T043020,joint:rzz-hea:4:98649ce2d75e5b92,ok,,rzz-hea,4,8,float64,42,32,2,128,2,2,0.5,rotation,rotation,2,2,compact:L2R0W0-L2R0W0,compact:L2R0W0-L2R0W0,,,split,optimized,20,3,20,0.274413,0.2746456,0.274277,0.27557600000000004,0.0004609048057896566,0.08594774999999999,0.01539925,0.1732986,,,custom:libsad_search_2a0e4369743c84.so,/home/rzzhang/sad_merged/sad/build/libsad_search_2a0e4369743c84.so
2026-08-23T04:44:18.915848+00:00,20260823T043020,joint:rzz-hea:22:786066cf6737aa13,ok,,rzz-hea,22,8,float64,42,64,2,64,2,1,0.0,rotation,rotation,3,3,compact:L5R2W1-L5R2W0-L5R2W0,compact:L5R2W1-L5R2W0-L5R2W0,,,merged,optimized,3,3,3,32.730202999999996,32.719334333333336,32.587023,32.840777,0.10387931800999771,6.719853666666666,0.40118699999999996,25.598293666666663,,,custom:libsad_search_7e5293342e215a.so,/home/rzzhang/sad_merged/sad/build/libsad_search_7e5293342e215a.so
2026-08-23T04:44:19.147265+00:00,20260823T043020,joint:rzz-hea:28:269cc5835592f85d,ok,,rzz-hea,28,8,float64,42,32,2,32,2,2,0.0,rotation,rotation,4,4,compact:L5R2W0-L5R2W0-L5R2W0-L5R2W0,compact:L5R2W0-L5R2W0-L5R2W0-L5R2W0,,,merged,optimized,2,3,2,2449.4931985000003,2449.4931985000003,2449.284989,2449.7014080000004,0.20820950000006633,503.36679649999996,82.60114099999998,1863.525261,,,custom:libsad_search_dcff342f285260.so,/home/rzzhang/sad_merged/sad/build/libsad_search_dcff342f285260.so
2026-08-23T04:44:31.435680+00:00,20260823T043020,joint:rzz-hea:10:a7e00c5995d1dae7,ok,,rzz-hea,10,8,float64,42,64,2,64,2,1,0.0,rotation,rotation,2,2,compact:L5R0W0-L5R0W0,compact:L5R0W0-L5R0W0,,,split,optimized,10,3,10,0.439365,0.4398657,0.438963,0.44228599999999996,0.0010653166712297196,0.1372889,0.0153989,0.2871779,,,custom:libsad_search_7ec063ebc99501.so,/home/rzzhang/sad_merged/sad/build/libsad_search_7ec063ebc99501.so
2026-08-23T04:44:31.460105+00:00,20260823T043020,joint:rzz-hea:10:dd7d713eb6faf497,ok,,rzz-hea,10,8,float64,42,128,2,32,2,1,0.75,rotation,rotation,8,8,compact:L2R0W0-L2R0W0-L1R0W0-L1R0W0-L1R0W0-L1R0W0-L1R0W0-L1R0W0,compact:L2R0W0-L2R0W0-L1R0W0-L1R0W0-L1R0W0-L1R0W0-L1R0W0-L1R0W0,,,split,optimized,10,3,10,0.7633494999999999,0.7635645,0.762784,0.7658369999999999,0.0008877287029267024,0.31385810000000003,0.0154689,0.4342375,,,custom:libsad_search_7259903b8346c4.so,/home/rzzhang/sad_merged/sad/build/libsad_search_7259903b8346c4.so
2026-08-23T04:44:31.488220+00:00,20260823T043020,joint:rzz-hea:6:50ed37de13939732,ok,,rzz-hea,6,8,float64,42,128,2,32,2,1,0.75,rotation,rotation,5,5,compact:L2R0W0-L1R0W0-L1R0W0-L1R0W0-L1R0W0,compact:L2R0W0-L1R0W0-L1R0W0-L1R0W0-L1R0W0,,,merged,optimized,20,3,20,0.381992,0.38232675,0.38088900000000003,0.383017,0.0006071107703706089,0.1457507,0.01551765,0.22105839999999996,,,custom:libsad_search_5851e15f736f52.so,/home/rzzhang/sad_merged/sad/build/libsad_search_5851e15f736f52.so
2026-08-23T04:44:31.515563+00:00,20260823T043020,joint:rzz-hea:16:c40ae5d556a77362,ok,,rzz-hea,16,8,float64,42,128,2,128,2,1,0.25,rotation,rotation,6,6,compact:L3R0W0-L3R0W0-L3R0W0-L3R0W0-L2R0W0-L2R0W0,compact:L3R0W0-L3R0W0-L3R0W0-L3R0W0-L2R0W0-L2R0W0,,,split,optimized,5,3,5,1.227756,1.2289524,1.225695,1.234902,0.003130354267491113,0.36387379999999997,0.0157602,0.8493184,,,custom:libsad_search_9361435758c99d.so,/home/rzzhang/sad_merged/sad/build/libsad_search_9361435758c99d.so
2026-08-23T04:44:31.548103+00:00,20260823T043020,joint:rzz-hea:4:6ad815b6c0f28387,ok,,rzz-hea,4,8,float64,42,64,2,64,2,1,0.25,rotation,rotation,2,2,compact:L2R0W0-L2R0W0,compact:L2R0W0-L2R0W0,,,merged,optimized,20,3,20,0.2005905,0.20056259999999998,0.199615,0.202771,0.0006312085550751041,0.05781645,0.01559725,0.1271489,,,custom:libsad_search_7e5293342e215a.so,/home/rzzhang/sad_merged/sad/build/libsad_search_7e5293342e215a.so
2026-08-23T04:44:31.571691+00:00,20260823T043020,joint:rzz-hea:26:f347b170de6c3302,ok,,rzz-hea,26,8,float64,42,32,2,128,2,1,0.75,rotation,rotation,20,20,compact:L2R0W0-L2R0W0-L2R0W0-L2R0W0-L2R0W0-L2R0W0-L1R0W0-L1R0W0-L1R0W0-L1R0W0-L1R0W0-L1R0W0-L1R0W0-L1R0W0-L1R0W0-L1R0W0-L1R0W0-L1R0W0-L1R0W0-L1R0W0,compact:L2R0W0-L2R0W0-L2R0W0-L2R0W0-L2R0W0-L2R0W0-L1R0W0-L1R0W0-L1R0W0-L1R0W0-L1R0W0-L1R0W0-L1R0W0-L1R0W0-L1R0W0-L1R0W0-L1R0W0-L1R0W0-L1R0W0-L1R0W0,,,split,optimized,2,3,2,1288.5230495,1288.5230495,1288.363525,1288.6825740000002,0.15952450000008866,394.87256199999996,10.217498,883.4329895,,,custom:libsad_search_0e4f539ceca897.so,/home/rzzhang/sad_merged/sad/build/libsad_search_0e4f539ceca897.so
2026-08-23T04:44:38.063077+00:00,20260823T043020,joint:rzz-hea:8:a5114ba2a6faff75,ok,,rzz-hea,8,8,float64,42,64,2,64,2,2,0.0,rotation,rotation,1,1,compact:L5R2W1,compact:L5R2W1,,,split,optimized,20,3,20,0.328648,0.32836245000000003,0.326613,0.329806,0.0007327317022621542,0.09812465000000001,0.015468099999999999,0.2147697,,,custom:libsad_search_20c37ff249ec0a.so,/home/rzzhang/sad_merged/sad/build/libsad_search_20c37ff249ec0a.so
2026-08-23T04:44:38.089674+00:00,20260823T043020,joint:rzz-hea:20:071d58cd416e4a78,ok,,rzz-hea,20,8,float64,42,128,2,128,2,1,0.75,rotation,rotation,16,16,compact:L2R0W0-L2R0W0-L2R0W0-L2R0W0-L1R0W0-L1R0W0-L1R0W0-L1R0W0-L1R0W0-L1R0W0-L1R0W0-L1R0W0-L1R0W0-L1R0W0-L1R0W0-L1R0W0,compact:L2R0W0-L2R0W0-L2R0W0-L2R0W0-L1R0W0-L1R0W0-L1R0W0-L1R0W0-L1R0W0-L1R0W0-L1R0W0-L1R0W0-L1R0W0-L1R0W0-L1R0W0-L1R0W0,,,merged,optimized,5,3,5,9.848889999999999,9.8494696,9.847911,9.851783,0.0015601807074823967,2.6460926,0.0974444,7.105932600000001,,,custom:libsad_search_8fbfac92ec4bef.so,/home/rzzhang/sad_merged/sad/build/libsad_search_8fbfac92ec4bef.so
2026-08-23T04:44:38.190577+00:00,20260823T043020,joint:rzz-hea:18:050992ee17c99318,ok,,rzz-hea,18,8,float64,42,32,2,128,2,2,1.0,rotation,rotation,18,18,compact:L1R0W0-L1R0W0-L1R0W0-L1R0W0-L1R0W0-L1R0W0-L1R0W0-L1R0W0-L1R0W0-L1R0W0-L1R0W0-L1R0W0-L1R0W0-L1R0W0-L1R0W0-L1R0W0-L1R0W0-L1R0W0,compact:L1R0W0-L1R0W0-L1R0W0-L1R0W0-L1R0W0-L1R0W0-L1R0W0-L1R0W0-L1R0W0-L1R0W0-L1R0W0-L1R0W0-L1R0W0-L1R0W0-L1R0W0-L1R0W0-L1R0W0-L1R0W0,,,split,optimized,5,3,5,3.6566430000000003,3.6562712,3.6546,3.657658,0.001023986601474938,1.2247130000000002,0.0319708,2.3995874,,,custom:libsad_search_2a0e4369743c84.so,/home/rzzhang/sad_merged/sad/build/libsad_search_2a0e4369743c84.so
2026-08-23T04:44:38.233321+00:00,20260823T043020,joint:rzz-hea:20:a1c22cc6c39df523,ok,,rzz-hea,20,8,float64,42,32,2,32,2,1,0.0,rotation,rotation,3,3,compact:L5R2W0-L5R2W0-L5R1W0,compact:L5R2W0-L5R2W0-L5R1W0,,,merged,optimized,5,3,5,7.739463000000001,7.7396236,7.731185,7.747552,0.0051972526049826944,1.6931782,0.0974236,5.9490218,,,custom:libsad_search_f9cdaf042a7bd6.so,/home/rzzhang/sad_merged/sad/build/libsad_search_f9cdaf042a7bd6.so
2026-08-23T04:44:38.309236+00:00,20260823T043020,joint:rzz-hea:8:16f07c5d6119158c,ok,,rzz-hea,8,8,float64,42,128,2,128,2,1,0.0,legacy,legacy,0,0,,,,,not_applicable,legacy-generic,20,3,20,0.4023835,0.40224079999999995,0.39535800000000004,0.40347099999999997,0.0017207008920785652,0.1232472,0.015443000000000002,0.2635506,,,custom:libsad_search_78e231cd0d5107.so,/home/rzzhang/sad_merged/sad/build/libsad_search_78e231cd0d5107.so
2026-08-23T04:44:38.331357+00:00,20260823T043020,joint:rzz-hea:10:85c9de20bb15077e,ok,,rzz-hea,10,8,float64,42,128,2,128,2,2,0.0,rotation,rotation,2,2,compact:L5R0W0-L5R0W0,compact:L5R0W0-L5R0W0,,,split,optimized,10,3,10,0.5150020000000001,0.5163458000000001,0.5128800000000001,0.521285,0.003391155991693681,0.1526686,0.0153914,0.3482858,,,custom:libsad_search_d02bea87aa5c56.so,/home/rzzhang/sad_merged/sad/build/libsad_search_d02bea87aa5c56.so
2026-08-23T04:44:38.350688+00:00,20260823T043020,joint:rzz-hea:26:9b384f4dc83af0d9,ok,,rzz-hea,26,8,float64,42,32,2,32,2,2,0.75,rotation,rotation,20,20,compact:L2R0W0-L2R0W0-L2R0W0-L2R0W0-L2R0W0-L2R0W0-L1R0W0-L1R0W0-L1R0W0-L1R0W0-L1R0W0-L1R0W0-L1R0W0-L1R0W0-L1R0W0-L1R0W0-L1R0W0-L1R0W0-L1R0W0-L1R0W0,compact:L2R0W0-L2R0W0-L2R0W0-L2R0W0-L2R0W0-L2R0W0-L1R0W0-L1R0W0-L1R0W0-L1R0W0-L1R0W0-L1R0W0-L1R0W0-L1R0W0-L1R0W0-L1R0W0-L1R0W0-L1R0W0-L1R0W0-L1R0W0,,,merged,optimized,2,3,2,1272.134941,1272.134941,1272.124384,1272.145498,0.010557000000062544,354.52416949999997,10.2594645,907.351307,,,custom:libsad_search_dcff342f285260.so,/home/rzzhang/sad_merged/sad/build/libsad_search_dcff342f285260.so
2026-08-23T04:44:44.744122+00:00,20260823T043020,joint:rzz-hea:18:2ed93a534ce74d76,ok,,rzz-hea,18,8,float64,42,64,2,64,2,1,0.0,legacy,legacy,0,0,,,,,not_applicable,legacy-generic,5,3,5,2.327578,2.3279366,2.327288,2.329478,0.0007907843195208417,0.6739622000000001,0.031888400000000004,1.622086,,,custom:libsad_search_5a6ce94d125b8e.so,/home/rzzhang/sad_merged/sad/build/libsad_search_5a6ce94d125b8e.so
2026-08-23T04:44:44.789499+00:00,20260823T043020,joint:rzz-hea:24:802e20d8764aab45,ok,,rzz-hea,24,8,float64,42,32,2,32,2,1,0.5,rotation,rotation,14,14,compact:L2R0W0-L2R0W0-L2R0W0-L2R0W0-L2R0W0-L2R0W0-L2R0W0-L2R0W0-L2R0W0-L2R0W0-L1R0W0-L1R0W0-L1R0W0-L1R0W0,compact:L2R0W0-L2R0W0-L2R0W0-L2R0W0-L2R0W0-L2R0W0-L2R0W0-L2R0W0-L2R0W0-L2R0W0-L1R0W0-L1R0W0-L1R0W0-L1R0W0,,,merged,optimized,3,3,3,232.697854,232.71033233333335,232.68907300000004,232.74407000000002,0.024123972922292142,63.43037666666666,1.772111,167.50784466666667,,,custom:libsad_search_f9cdaf042a7bd6.so,/home/rzzhang/sad_merged/sad/build/libsad_search_f9cdaf042a7bd6.so
2026-08-23T04:44:46.214008+00:00,20260823T043020,joint:rzz-hea:8:a693b5bb82a81e55,ok,,rzz-hea,8,8,float64,42,32,2,32,2,1,1.0,rotation,rotation,8,8,compact:L1R0W0-L1R0W0-L1R0W0-L1R0W0-L1R0W0-L1R0W0-L1R0W0-L1R0W0,compact:L1R0W0-L1R0W0-L1R0W0-L1R0W0-L1R0W0-L1R0W0-L1R0W0-L1R0W0,,,split,optimized,20,3,20,0.6410115,0.6413469,0.6408670000000001,0.642076,0.0005029999900596318,0.24872935000000002,0.015330100000000001,0.37728745,,,custom:libsad_search_3cb67c7e18cc99.so,/home/rzzhang/sad_merged/sad/build/libsad_search_3cb67c7e18cc99.so
2026-08-23T04:44:46.242053+00:00,20260823T043020,joint:rzz-hea:26:48b6627f0917d888,ok,,rzz-hea,26,8,float64,42,64,2,64,2,1,0.75,rotation,rotation,20,20,compact:L2R0W0-L2R0W0-L2R0W0-L2R0W0-L2R0W0-L2R0W0-L1R0W0-L1R0W0-L1R0W0-L1R0W0-L1R0W0-L1R0W0-L1R0W0-L1R0W0-L1R0W0-L1R0W0-L1R0W0-L1R0W0-L1R0W0-L1R0W0,compact:L2R0W0-L2R0W0-L2R0W0-L2R0W0-L2R0W0-L2R0W0-L1R0W0-L1R0W0-L1R0W0-L1R0W0-L1R0W0-L1R0W0-L1R0W0-L1R0W0-L1R0W0-L1R0W0-L1R0W0-L1R0W0-L1R0W0-L1R0W0,,,merged,optimized,2,3,2,1273.732179,1273.732179,1273.582156,1273.882202,0.15002300000003288,355.194355,10.416174999999999,908.121649,,,custom:libsad_search_7e5293342e215a.so,/home/rzzhang/sad_merged/sad/build/libsad_search_7e5293342e215a.so
2026-08-23T04:44:52.642787+00:00,20260823T043020,joint:rzz-hea:20:e71108f372bfeea8,ok,,rzz-hea,20,8,float64,42,64,2,64,2,2,1.0,rotation,rotation,20,20,compact:L1R0W0-L1R0W0-L1R0W0-L1R0W0-L1R0W0-L1R0W0-L1R0W0-L1R0W0-L1R0W0-L1R0W0-L1R0W0-L1R0W0-L1R0W0-L1R0W0-L1R0W0-L1R0W0-L1R0W0-L1R0W0-L1R0W0-L1R0W0,compact:L1R0W0-L1R0W0-L1R0W0-L1R0W0-L1R0W0-L1R0W0-L1R0W0-L1R0W0-L1R0W0-L1R0W0-L1R0W0-L1R0W0-L1R0W0-L1R0W0-L1R0W0-L1R0W0-L1R0W0-L1R0W0-L1R0W0-L1R0W0,,,split,optimized,5,3,5,9.745411,9.7482836,9.744328,9.75548,0.004516305684960009,3.1671372000000004,0.09725199999999999,6.4838944,,,custom:libsad_search_20c37ff249ec0a.so,/home/rzzhang/sad_merged/sad/build/libsad_search_20c37ff249ec0a.so
2026-08-23T04:44:52.743765+00:00,20260823T043020,joint:rzz-hea:28:b06540ec2ce46f4e,ok,,rzz-hea,28,8,float64,42,32,2,128,2,1,1.0,rotation,rotation,28,28,compact:L1R0W0-L1R0W0-L1R0W0-L1R0W0-L1R0W0-L1R0W0-L1R0W0-L1R0W0-L1R0W0-L1R0W0-L1R0W0-L1R0W0-L1R0W0-L1R0W0-L1R0W0-L1R0W0-L1R0W0-L1R0W0-L1R0W0-L1R0W0-L1R0W0-L1R0W0-L1R0W0-L1R0W0-L1R0W0-L1R0W0-L1R0W0-L1R0W0,compact:L1R0W0-L1R0W0-L1R0W0-L1R0W0-L1R0W0-L1R0W0-L1R0W0-L1R0W0-L1R0W0-L1R0W0-L1R0W0-L1R0W0-L1R0W0-L1R0W0-L1R0W0-L1R0W0-L1R0W0-L1R0W0-L1R0W0-L1R0W0-L1R0W0-L1R0W0-L1R0W0-L1R0W0-L1R0W0-L1R0W0-L1R0W0-L1R0W0,,,split,optimized,2,3,2,6931.065581499999,6931.065581499999,6930.543774,6931.587388999999,0.5218074999997953,2109.008701,81.82655999999999,4740.2303205,,,custom:libsad_search_0e4f539ceca897.so,/home/rzzhang/sad_merged/sad/build/libsad_search_0e4f539ceca897.so
2026-08-23T04:45:27.429904+00:00,20260823T043020,joint:rzz-hea:20:67ea15d1cfc704df,ok,,rzz-hea,20,8,float64,42,128,2,128,2,1,0.75,rotation,rotation,16,16,compact:L2R0W0-L2R0W0-L2R0W0-L2R0W0-L1R0W0-L1R0W0-L1R0W0-L1R0W0-L1R0W0-L1R0W0-L1R0W0-L1R0W0-L1R0W0-L1R0W0-L1R0W0-L1R0W0,compact:L2R0W0-L2R0W0-L2R0W0-L2R0W0-L1R0W0-L1R0W0-L1R0W0-L1R0W0-L1R0W0-L1R0W0-L1R0W0-L1R0W0-L1R0W0-L1R0W0-L1R0W0-L1R0W0,,,split,optimized,5,3,5,9.635813,9.6364778,9.633849,9.642085,0.0029047276911958564,2.9295768,0.09767580000000001,6.609225200000001,,,custom:libsad_search_9361435758c99d.so,/home/rzzhang/sad_merged/sad/build/libsad_search_9361435758c99d.so
2026-08-23T04:45:27.536119+00:00,20260823T043020,joint:rzz-hea:10:1135310391fd72f7,ok,,rzz-hea,10,8,float64,42,32,2,128,2,1,1.0,rotation,rotation,10,10,compact:L1R0W0-L1R0W0-L1R0W0-L1R0W0-L1R0W0-L1R0W0-L1R0W0-L1R0W0-L1R0W0-L1R0W0,compact:L1R0W0-L1R0W0-L1R0W0-L1R0W0-L1R0W0-L1R0W0-L1R0W0-L1R0W0-L1R0W0-L1R0W0,,,merged,optimized,10,3,10,0.88311,0.8826137,0.8786410000000001,0.883688,0.0014838962261559557,0.3179207,0.015511600000000002,0.5491814,,,custom:libsad_search_2a8327787a9aac.so,/home/rzzhang/sad_merged/sad/build/libsad_search_2a8327787a9aac.so
2026-08-23T04:45:27.565529+00:00,20260823T043020,joint:rzz-hea:28:4d5f4f7ceb1bb87e,ok,,rzz-hea,28,8,float64,42,64,2,64,2,1,0.0,rotation,rotation,4,4,compact:L5R2W0-L5R2W0-L5R2W0-L5R2W0,compact:L5R2W0-L5R2W0-L5R2W0-L5R2W0,,,split,optimized,2,3,2,2604.436083,2604.436083,2604.090438,2604.781728,0.34564499999987675,655.925234,82.7163265,1865.7945224999999,,,custom:libsad_search_7ec063ebc99501.so,/home/rzzhang/sad_merged/sad/build/libsad_search_7ec063ebc99501.so
2026-08-23T04:45:40.737093+00:00,20260823T043020,joint:rzz-hea:16:7c9eb4c9414a703a,ok,,rzz-hea,16,8,float64,42,128,2,32,2,1,0.5,rotation,rotation,9,10,compact:L2R0W0-L2R0W0-L2R0W0-L2R0W0-L2R0W0-L2R0W0-L2R0W0-L1R0W0-L1R0W0,compact:L2R0W0-L2R0W0-L2R0W0-L2R0W0-L2R0W0-L2R0W0-L1R0W0-L1R0W0-L1R0W0-L1R0W0,,,merged,optimized,5,3,5,1.5308540000000002,1.5310122,1.53068,1.531849,0.00042450507653028026,0.47449700000000006,0.0159092,1.040606,,,custom:libsad_search_5851e15f736f52.so,/home/rzzhang/sad_merged/sad/build/libsad_search_5851e15f736f52.so
2026-08-23T04:45:40.772722+00:00,20260823T043020,joint:rzz-hea:18:30616a41ca23ccac,ok,,rzz-hea,18,8,float64,42,32,2,128,2,2,0.5,rotation,rotation,10,10,compact:L2R0W0-L2R0W0-L2R0W0-L2R0W0-L2R0W0-L2R0W0-L2R0W0-L2R0W0-L1R0W0-L1R0W0,compact:L2R0W0-L2R0W0-L2R0W0-L2R0W0-L2R0W0-L2R0W0-L2R0W0-L2R0W0-L1R0W0-L1R0W0,,,split,optimized,5,3,5,2.876342,2.8784234,2.875406,2.8856110000000004,0.003866801706837458,0.8737373999999999,0.03214,1.972546,,,custom:libsad_search_2a0e4369743c84.so,/home/rzzhang/sad_merged/sad/build/libsad_search_2a0e4369743c84.so
2026-08-23T04:45:40.821995+00:00,20260823T043020,joint:rzz-hea:28:cae8d7bc11ff0a80,ok,,rzz-hea,28,8,float64,42,128,2,128,2,2,0.0,rotation,rotation,4,4,compact:L5R2W0-L5R2W0-L5R2W0-L5R2W0,compact:L5R2W0-L5R2W0-L5R2W0-L5R2W0,,,merged,optimized,2,3,2,2487.2391145,2487.2391145,2486.853865,2487.6243640000002,0.38524950000009994,502.3984695,81.84550999999999,1902.9951350000001,,,custom:libsad_search_b969ada61d8a74.so,/home/rzzhang/sad_merged/sad/build/libsad_search_b969ada61d8a74.so
2026-08-23T04:45:53.386494+00:00,20260823T043020,joint:rzz-hea:8:00cf8c122974de79,ok,,rzz-hea,8,8,float64,42,32,2,128,2,2,0.0,rotation,rotation,2,1,compact:L4R0W0-L4R0W0,compact:L5R2W1,,,split,optimized,20,3,20,0.39734,0.39738195000000004,0.391423,0.399396,0.0014837250916190558,0.1179191,0.015449499999999998,0.26401335000000004,,,custom:libsad_search_2a0e4369743c84.so,/home/rzzhang/sad_merged/sad/build/libsad_search_2a0e4369743c84.so
2026-08-23T04:45:53.413683+00:00,20260823T043020,joint:rzz-hea:8:624e96a86efc4711,ok,,rzz-hea,8,8,float64,42,128,2,128,2,1,0.25,rotation,rotation,3,3,compact:L3R0W0-L3R0W0-L2R0W0,compact:L3R0W0-L3R0W0-L2R0W0,,,merged,optimized,20,3,20,0.4311435,0.43153319999999995,0.43094400000000005,0.433192,0.0006107900293881759,0.14427895000000002,0.0154022,0.27185205,,,custom:libsad_search_8fbfac92ec4bef.so,/home/rzzhang/sad_merged/sad/build/libsad_search_8fbfac92ec4bef.so
2026-08-23T04:45:53.442226+00:00,20260823T043020,joint:rzz-hea:22:2021d15ec35fac1e,ok,,rzz-hea,22,8,float64,42,32,2,32,2,1,1.0,rotation,rotation,22,22,compact:L1R0W0-L1R0W0-L1R0W0-L1R0W0-L1R0W0-L1R0W0-L1R0W0-L1R0W0-L1R0W0-L1R0W0-L1R0W0-L1R0W0-L1R0W0-L1R0W0-L1R0W0-L1R0W0-L1R0W0-L1R0W0-L1R0W0-L1R0W0-L1R0W0-L1R0W0,compact:L1R0W0-L1R0W0-L1R0W0-L1R0W0-L1R0W0-L1R0W0-L1R0W0-L1R0W0-L1R0W0-L1R0W0-L1R0W0-L1R0W0-L1R0W0-L1R0W0-L1R0W0-L1R0W0-L1R0W0-L1R0W0-L1R0W0-L1R0W0-L1R0W0-L1R0W0,,,split,optimized,3,3,3,74.596926,74.81928833333333,74.57121599999999,75.28972300000001,0.3328130934186538,14.41764,0.4014543333333333,60.000194,,,custom:libsad_search_3cb67c7e18cc99.so,/home/rzzhang/sad_merged/sad/build/libsad_search_3cb67c7e18cc99.so
2026-08-23T04:45:53.936858+00:00,20260823T043020,joint:rzz-hea:18:c8c0a877ec86a1b0,ok,,rzz-hea,18,8,float64,42,32,2,32,2,1,1.0,rotation,rotation,18,18,compact:L1R0W0-L1R0W0-L1R0W0-L1R0W0-L1R0W0-L1R0W0-L1R0W0-L1R0W0-L1R0W0-L1R0W0-L1R0W0-L1R0W0-L1R0W0-L1R0W0-L1R0W0-L1R0W0-L1R0W0-L1R0W0,compact:L1R0W0-L1R0W0-L1R0W0-L1R0W0-L1R0W0-L1R0W0-L1R0W0-L1R0W0-L1R0W0-L1R0W0-L1R0W0-L1R0W0-L1R0W0-L1R0W0-L1R0W0-L1R0W0-L1R0W0-L1R0W0,,,split,optimized,5,3,5,3.724237,3.732056,3.717806,3.772705,0.020647060178146607,1.2673336,0.0368764,2.427846,,,custom:libsad_search_3cb67c7e18cc99.so,/home/rzzhang/sad_merged/sad/build/libsad_search_3cb67c7e18cc99.so
2026-08-23T04:45:53.979524+00:00,20260823T043020,joint:rzz-hea:20:49e669d57f038961,ok,,rzz-hea,20,8,float64,42,128,2,128,2,1,0.25,rotation,rotation,7,7,compact:L3R0W0-L3R0W0-L3R0W0-L3R0W0-L3R0W0-L3R0W0-L2R0W0,compact:L3R0W0-L3R0W0-L3R0W0-L3R0W0-L3R0W0-L3R0W0-L2R0W0,,,merged,optimized,5,3,5,8.843335,8.8432744,8.837048,8.848370999999998,0.004595323562056953,2.0138182000000002,0.1055154,6.723940799999999,,,custom:libsad_search_8fbfac92ec4bef.so,/home/rzzhang/sad_merged/sad/build/libsad_search_8fbfac92ec4bef.so
2026-08-23T04:45:54.064107+00:00,20260823T043020,joint:rzz-hea:16:da3f932c429dac2e,ok,,rzz-hea,16,8,float64,42,128,2,128,2,2,0.75,rotation,rotation,12,12,compact:L2R0W0-L2R0W0-L2R0W0-L2R0W0-L1R0W0-L1R0W0-L1R0W0-L1R0W0-L1R0W0-L1R0W0-L1R0W0-L1R0W0,compact:L2R0W0-L2R0W0-L2R0W0-L2R0W0-L1R0W0-L1R0W0-L1R0W0-L1R0W0-L1R0W0-L1R0W0-L1R0W0-L1R0W0,,,split,optimized,5,3,5,1.801132,1.7985655999999999,1.794236,1.801234,0.0032144240292780514,0.6133862,0.0154458,1.1697335999999998,,,custom:libsad_search_d02bea87aa5c56.so,/home/rzzhang/sad_merged/sad/build/libsad_search_d02bea87aa5c56.so
2026-08-23T04:45:54.091626+00:00,20260823T043020,joint:rzz-hea:24:3442fe1950663312,ok,,rzz-hea,24,8,float64,42,32,2,128,2,1,0.0,rotation,rotation,4,3,compact:L5R1W0-L5R1W0-L5R1W0-L5R1W0,compact:L5R2W1-L5R2W1-L5R2W1,,,merged,optimized,3,3,3,137.233349,137.33063733333333,137.20665100000002,137.551912,0.15684398698989047,27.95343,1.7595286666666667,107.61767866666668,,,custom:libsad_search_2a8327787a9aac.so,/home/rzzhang/sad_merged/sad/build/libsad_search_2a8327787a9aac.so
2026-08-23T04:45:54.959130+00:00,20260823T043020,joint:rzz-hea:12:b0ffbcadca7c7c70,ok,,rzz-hea,12,8,float64,42,32,2,32,2,1,0.0,rotation,rotation,2,2,compact:L5R1W0-L5R1W0,compact:L5R1W0-L5R1W0,,,split,optimized,10,3,10,0.45981150000000004,0.4602493,0.459654,0.46168499999999996,0.000668955013435119,0.140569,0.0152213,0.304459,,,custom:libsad_search_3cb67c7e18cc99.so,/home/rzzhang/sad_merged/sad/build/libsad_search_3cb67c7e18cc99.so
2026-08-23T04:45:54.977813+00:00,20260823T043020,joint:rzz-hea:18:1a71edd4d724eb10,ok,,rzz-hea,18,8,float64,42,32,2,128,2,2,0.25,rotation,rotation,7,6,compact:L3R0W0-L3R0W0-L3R0W0-L3R0W0-L2R0W0-L2R0W0-L2R0W0,compact:L3R0W0-L3R0W0-L3R0W0-L3R0W0-L3R0W0-L3R0W0,,,merged,optimized,5,3,5,2.682724,2.6824728,2.681817,2.6829669999999997,0.000492315508591632,0.6549731999999999,0.0315024,1.9959972,,,custom:libsad_search_fce412939d20fb.so,/home/rzzhang/sad_merged/sad/build/libsad_search_fce412939d20fb.so
2026-08-23T04:45:55.012640+00:00,20260823T043020,joint:rzz-hea:24:b73492fe0be0a5f2,ok,,rzz-hea,24,8,float64,42,32,2,128,2,1,0.25,rotation,rotation,9,8,compact:L3R0W0-L3R0W0-L3R0W0-L3R0W0-L3R0W0-L3R0W0-L2R0W0-L2R0W0-L2R0W0,compact:L3R0W0-L3R0W0-L3R0W0-L3R0W0-L3R0W0-L3R0W0-L3R0W0-L3R0W0,,,split,optimized,3,3,3,161.97267000000002,161.97925833333335,161.96207900000002,162.003026,0.017353554954399147,53.09903033333333,1.7704289999999998,107.10979900000001,,,custom:libsad_search_0e4f539ceca897.so,/home/rzzhang/sad_merged/sad/build/libsad_search_0e4f539ceca897.so
2026-08-23T04:45:56.014830+00:00,20260823T043020,joint:rzz-hea:28:020d46a4f8781538,ok,,rzz-hea,28,8,float64,42,64,2,64,2,1,0.25,rotation,rotation,10,10,compact:L3R0W0-L3R0W0-L3R0W0-L3R0W0-L3R0W0-L3R0W0-L3R0W0-L3R0W0-L2R0W0-L2R0W0,compact:L3R0W0-L3R0W0-L3R0W0-L3R0W0-L3R0W0-L3R0W0-L3R0W0-L3R0W0-L2R0W0-L2R0W0,,,merged,optimized,2,3,2,2992.5637855,2992.5637855,2992.097801,2993.02977,0.46598450000010416,774.151563,83.09453850000001,2135.3176840000006,,,custom:libsad_search_7e5293342e215a.so,/home/rzzhang/sad_merged/sad/build/libsad_search_7e5293342e215a.so
2026-08-23T04:46:11.005147+00:00,20260823T043020,joint:rzz-hea:18:fab121f0e0f2eb4a,ok,,rzz-hea,18,8,float64,42,32,2,32,2,2,1.0,rotation,rotation,18,18,compact:L1R0W0-L1R0W0-L1R0W0-L1R0W0-L1R0W0-L1R0W0-L1R0W0-L1R0W0-L1R0W0-L1R0W0-L1R0W0-L1R0W0-L1R0W0-L1R0W0-L1R0W0-L1R0W0-L1R0W0-L1R0W0,compact:L1R0W0-L1R0W0-L1R0W0-L1R0W0-L1R0W0-L1R0W0-L1R0W0-L1R0W0-L1R0W0-L1R0W0-L1R0W0-L1R0W0-L1R0W0-L1R0W0-L1R0W0-L1R0W0-L1R0W0-L1R0W0,,,split,optimized,5,3,5,3.5696309999999998,3.5698546,3.568622,3.571741,0.0010239317555383737,1.2289224,0.0316956,2.3092365999999998,,,custom:libsad_search_16d9d6cef53b3d.so,/home/rzzhang/sad_merged/sad/build/libsad_search_16d9d6cef53b3d.so
2026-08-23T04:46:11.060760+00:00,20260823T043020,joint:rzz-hea:6:29ea61a800f8054d,ok,,rzz-hea,6,8,float64,42,32,2,128,2,2,1.0,rotation,rotation,6,6,compact:L1R0W0-L1R0W0-L1R0W0-L1R0W0-L1R0W0-L1R0W0,compact:L1R0W0-L1R0W0-L1R0W0-L1R0W0-L1R0W0-L1R0W0,,,merged,optimized,20,3,20,0.4495225,0.44965225000000003,0.447508,0.450559,0.0007321979155255712,0.1506506,0.015376550000000001,0.2836251,,,custom:libsad_search_fce412939d20fb.so,/home/rzzhang/sad_merged/sad/build/libsad_search_fce412939d20fb.so
2026-08-23T04:46:11.089268+00:00,20260823T043020,joint:rzz-hea:4:e42da27490c3cc25,ok,,rzz-hea,4,8,float64,42,64,2,64,2,1,0.25,rotation,rotation,2,2,compact:L2R0W0-L2R0W0,compact:L2R0W0-L2R0W0,,,split,optimized,20,3,20,0.250903,0.25144525,0.250744,0.257061,0.0013878021788064734,0.08725134999999999,0.01538575,0.14880815,,,custom:libsad_search_7ec063ebc99501.so,/home/rzzhang/sad_merged/sad/build/libsad_search_7ec063ebc99501.so
2026-08-23T04:46:11.113255+00:00,20260823T043020,joint:rzz-hea:12:ff4330713f00c671,ok,,rzz-hea,12,8,float64,42,32,2,32,2,2,0.0,rotation,rotation,2,2,compact:L5R1W0-L5R1W0,compact:L5R1W0-L5R1W0,,,merged,optimized,10,3,10,0.4024365,0.40270130000000004,0.401454,0.40352499999999997,0.0006402591740849991,0.1297022,0.015495700000000001,0.2575034,,,custom:libsad_search_dcff342f285260.so,/home/rzzhang/sad_merged/sad/build/libsad_search_dcff342f285260.so
2026-08-23T04:46:11.137695+00:00,20260823T043020,joint:rzz-hea:20:b37f3510d490984d,ok,,rzz-hea,20,8,float64,42,32,2,128,2,2,0.0,rotation,rotation,3,3,compact:L5R2W0-L5R2W0-L5R1W0,compact:L5R2W0-L5R2W0-L5R1W0,,,merged,optimized,5,3,5,7.913824999999999,7.9108795999999995,7.900163999999999,7.9145520000000005,0.005486440908275847,1.6873682,0.09758,6.1259314,,,custom:libsad_search_fce412939d20fb.so,/home/rzzhang/sad_merged/sad/build/libsad_search_fce412939d20fb.so
2026-08-23T04:46:11.229856+00:00,20260823T043020,joint:rzz-hea:6:5e2b7d9725d16e21,ok,,rzz-hea,6,8,float64,42,32,2,128,2,1,1.0,rotation,rotation,6,6,compact:L1R0W0-L1R0W0-L1R0W0-L1R0W0-L1R0W0-L1R0W0,compact:L1R0W0-L1R0W0-L1R0W0-L1R0W0-L1R0W0-L1R0W0,,,merged,optimized,20,3,20,0.4495395,0.4507854,0.44645999999999997,0.462729,0.0036385221505440923,0.15070019999999998,0.015554149999999997,0.28453105,,,custom:libsad_search_2a8327787a9aac.so,/home/rzzhang/sad_merged/sad/build/libsad_search_2a8327787a9aac.so
2026-08-23T04:46:11.258122+00:00,20260823T043020,joint:rzz-hea:18:5507522138ad01f7,ok,,rzz-hea,18,8,float64,42,128,2,32,2,2,0.75,rotation,rotation,14,14,compact:L2R0W0-L2R0W0-L2R0W0-L2R0W0-L1R0W0-L1R0W0-L1R0W0-L1R0W0-L1R0W0-L1R0W0-L1R0W0-L1R0W0-L1R0W0-L1R0W0,compact:L2R0W0-L2R0W0-L2R0W0-L2R0W0-L1R0W0-L1R0W0-L1R0W0-L1R0W0-L1R0W0-L1R0W0-L1R0W0-L1R0W0-L1R0W0-L1R0W0,,,split,optimized,5,3,5,3.228661,3.2288726,3.2267729999999997,3.2307249999999996,0.0016208245555888027,1.109112,0.031878000000000004,2.0878826,,,custom:libsad_search_3b115211f38255.so,/home/rzzhang/sad_merged/sad/build/libsad_search_3b115211f38255.so
2026-08-23T04:46:11.300629+00:00,20260823T043020,joint:rzz-hea:18:1aacb2401cfcd711,ok,,rzz-hea,18,8,float64,42,128,2,32,2,1,0.25,rotation,rotation,6,7,compact:L3R0W0-L3R0W0-L3R0W0-L3R0W0-L3R0W0-L3R0W0,compact:L3R0W0-L3R0W0-L3R0W0-L3R0W0-L2R0W0-L2R0W0-L2R0W0,,,merged,optimized,5,3,5,2.635741,2.6361556,2.6347240000000003,2.6378399999999997,0.0010700363732133811,0.6504478,0.0317544,1.9539534,,,custom:libsad_search_5851e15f736f52.so,/home/rzzhang/sad_merged/sad/build/libsad_search_5851e15f736f52.so
2026-08-23T04:46:11.334989+00:00,20260823T043020,joint:rzz-hea:6:4a801e2e0cd41c7f,ok,,rzz-hea,6,8,float64,42,32,2,128,2,1,0.0,rotation,rotation,1,1,compact:L5R1W0,compact:L5R1W0,,,split,optimized,20,3,20,0.288777,0.2889859,0.284513,0.292936,0.0015022395914101015,0.07541045,0.014937500000000001,0.19863795,,,custom:libsad_search_0e4f539ceca897.so,/home/rzzhang/sad_merged/sad/build/libsad_search_0e4f539ceca897.so
2026-08-23T04:46:11.354107+00:00,20260823T043020,joint:rzz-hea:20:2723b43efa826536,ok,,rzz-hea,20,8,float64,42,128,2,128,2,1,0.25,rotation,rotation,7,7,compact:L3R0W0-L3R0W0-L3R0W0-L3R0W0-L3R0W0-L3R0W0-L2R0W0,compact:L3R0W0-L3R0W0-L3R0W0-L3R0W0-L3R0W0-L3R0W0-L2R0W0,,,split,optimized,5,3,5,8.570784,8.571498600000002,8.562739,8.583207,0.006955079657343799,2.272544,0.1077962,6.191158400000001,,,custom:libsad_search_9361435758c99d.so,/home/rzzhang/sad_merged/sad/build/libsad_search_9361435758c99d.so
2026-08-23T04:46:11.436619+00:00,20260823T043020,joint:rzz-hea:8:57d7a404b36168f9,ok,,rzz-hea,8,8,float64,42,64,2,64,2,1,0.75,rotation,rotation,6,6,compact:L2R0W0-L2R0W0-L1R0W0-L1R0W0-L1R0W0-L1R0W0,compact:L2R0W0-L2R0W0-L1R0W0-L1R0W0-L1R0W0-L1R0W0,,,merged,optimized,20,3,20,0.535495,0.5369505,0.5334289999999999,0.5478850000000001,0.0038657673947096434,0.21015245000000002,0.0153881,0.31140995,,,custom:libsad_search_7e5293342e215a.so,/home/rzzhang/sad_merged/sad/build/libsad_search_7e5293342e215a.so
2026-08-23T04:46:11.461620+00:00,20260823T043020,joint:rzz-hea:22:171eb2d33698ec65,ok,,rzz-hea,22,8,float64,42,32,2,32,2,2,0.25,rotation,rotation,8,8,compact:L3R0W0-L3R0W0-L3R0W0-L3R0W0-L3R0W0-L3R0W0-L2R0W0-L2R0W0,compact:L3R0W0-L3R0W0-L3R0W0-L3R0W0-L3R0W0-L3R0W0-L2R0W0-L2R0W0,,,split,optimized,3,3,3,36.549935,36.54916600000001,36.540584,36.556979000000005,0.00671528242146317,8.877484666666666,0.42610466666666663,27.245576666666665,,,custom:libsad_search_16d9d6cef53b3d.so,/home/rzzhang/sad_merged/sad/build/libsad_search_16d9d6cef53b3d.so
2026-08-23T04:46:11.707245+00:00,20260823T043020,joint:rzz-hea:26:f4bc9059b8007c89,ok,,rzz-hea,26,8,float64,42,64,2,64,2,2,0.75,rotation,rotation,20,20,compact:L2R0W0-L2R0W0-L2R0W0-L2R0W0-L2R0W0-L2R0W0-L1R0W0-L1R0W0-L1R0W0-L1R0W0-L1R0W0-L1R0W0-L1R0W0-L1R0W0-L1R0W0-L1R0W0-L1R0W0-L1R0W0-L1R0W0-L1R0W0,compact:L2R0W0-L2R0W0-L2R0W0-L2R0W0-L2R0W0-L2R0W0-L1R0W0-L1R0W0-L1R0W0-L1R0W0-L1R0W0-L1R0W0-L1R0W0-L1R0W0-L1R0W0-L1R0W0-L1R0W0-L1R0W0-L1R0W0-L1R0W0,,,split,optimized,2,3,2,1291.120352,1291.120352,1291.103026,1291.1376779999998,0.0173259999999118,396.2300835,10.318684500000002,884.5715839999999,,,custom:libsad_search_20c37ff249ec0a.so,/home/rzzhang/sad_merged/sad/build/libsad_search_20c37ff249ec0a.so
2026-08-23T04:46:18.195212+00:00,20260823T043020,joint:rzz-hea:6:36247bea08344ea6,ok,,rzz-hea,6,8,float64,42,128,2,128,2,1,0.75,rotation,rotation,5,5,compact:L2R0W0-L1R0W0-L1R0W0-L1R0W0-L1R0W0,compact:L2R0W0-L1R0W0-L1R0W0-L1R0W0-L1R0W0,,,split,optimized,20,3,20,0.46283050000000003,0.4628614,0.461714,0.464889,0.00082687123544116,0.1629538,0.015522250000000001,0.28438535000000004,,,custom:libsad_search_9361435758c99d.so,/home/rzzhang/sad_merged/sad/build/libsad_search_9361435758c99d.so
2026-08-23T04:46:18.224788+00:00,20260823T043020,joint:rzz-hea:18:dd6d16099d37c12a,ok,,rzz-hea,18,8,float64,42,64,2,64,2,1,0.75,rotation,rotation,14,14,compact:L2R0W0-L2R0W0-L2R0W0-L2R0W0-L1R0W0-L1R0W0-L1R0W0-L1R0W0-L1R0W0-L1R0W0-L1R0W0-L1R0W0-L1R0W0-L1R0W0,compact:L2R0W0-L2R0W0-L2R0W0-L2R0W0-L1R0W0-L1R0W0-L1R0W0-L1R0W0-L1R0W0-L1R0W0-L1R0W0-L1R0W0-L1R0W0-L1R0W0,,,merged,optimized,5,3,5,3.365837,3.3660837999999997,3.364923,3.368874,0.0014543272534061603,0.9882460000000002,0.0318696,2.3459682,,,custom:libsad_search_7e5293342e215a.so,/home/rzzhang/sad_merged/sad/build/libsad_search_7e5293342e215a.so
2026-08-23T04:46:18.272365+00:00,20260823T043020,joint:rzz-hea:16:3ea6cd0a317a2f3b,ok,,rzz-hea,16,8,float64,42,32,2,32,2,1,0.25,rotation,rotation,6,6,compact:L3R0W0-L3R0W0-L3R0W0-L3R0W0-L2R0W0-L2R0W0,compact:L3R0W0-L3R0W0-L3R0W0-L3R0W0-L2R0W0-L2R0W0,,,split,optimized,5,3,5,1.143704,1.1431796,1.141712,1.143818,0.0008165906195885301,0.3381292,0.015456600000000001,0.7895937999999999,,,custom:libsad_search_3cb67c7e18cc99.so,/home/rzzhang/sad_merged/sad/build/libsad_search_3cb67c7e18cc99.so
2026-08-23T04:46:18.294353+00:00,20260823T043020,joint:rzz-hea:22:4faeb32fd00c9ce2,ok,,rzz-hea,22,8,float64,42,128,2,32,2,2,0.25,rotation,rotation,8,8,compact:L3R0W0-L3R0W0-L3R0W0-L3R0W0-L3R0W0-L3R0W0-L2R0W0-L2R0W0,compact:L3R0W0-L3R0W0-L3R0W0-L3R0W0-L3R0W0-L3R0W0-L2R0W0-L2R0W0,,,split,optimized,3,3,3,36.151332000000004,36.153926000000006,36.147631,36.162815,0.006464523235837635,8.480537333333334,0.42619100000000004,27.24719766666667,,,custom:libsad_search_3b115211f38255.so,/home/rzzhang/sad_merged/sad/build/libsad_search_3b115211f38255.so
2026-08-23T04:46:18.535356+00:00,20260823T043020,joint:rzz-hea:20:494a8fbb884b5514,ok,,rzz-hea,20,8,float64,42,128,2,128,2,2,0.75,rotation,rotation,16,16,compact:L2R0W0-L2R0W0-L2R0W0-L2R0W0-L1R0W0-L1R0W0-L1R0W0-L1R0W0-L1R0W0-L1R0W0-L1R0W0-L1R0W0-L1R0W0-L1R0W0-L1R0W0-L1R0W0,compact:L2R0W0-L2R0W0-L2R0W0-L2R0W0-L1R0W0-L1R0W0-L1R0W0-L1R0W0-L1R0W0-L1R0W0-L1R0W0-L1R0W0-L1R0W0-L1R0W0-L1R0W0-L1R0W0,,,split,optimized,5,3,5,10.052725,10.0575676,10.051556,10.071141,0.007394024522545422,3.021584,0.10564319999999999,6.9303404,,,custom:libsad_search_d02bea87aa5c56.so,/home/rzzhang/sad_merged/sad/build/libsad_search_d02bea87aa5c56.so
2026-08-23T04:46:18.629612+00:00,20260823T043020,joint:rzz-hea:20:e469e08e09cf1f9d,ok,,rzz-hea,20,8,float64,42,32,2,128,2,1,0.25,rotation,rotation,7,7,compact:L3R0W0-L3R0W0-L3R0W0-L3R0W0-L3R0W0-L3R0W0-L2R0W0,compact:L3R0W0-L3R0W0-L3R0W0-L3R0W0-L3R0W0-L3R0W0-L2R0W0,,,split,optimized,5,3,5,8.65085,8.649780400000001,8.644579,8.65185,0.0027068161814204554,2.3516886,0.10534419999999999,6.192747600000001,,,custom:libsad_search_0e4f539ceca897.so,/home/rzzhang/sad_merged/sad/build/libsad_search_0e4f539ceca897.so
2026-08-23T04:46:18.712514+00:00,20260823T043020,joint:rzz-hea:14:7070964122bd2a4f,ok,,rzz-hea,14,8,float64,42,128,2,128,2,1,0.5,rotation,rotation,8,8,compact:L2R0W0-L2R0W0-L2R0W0-L2R0W0-L2R0W0-L2R0W0-L1R0W0-L1R0W0,compact:L2R0W0-L2R0W0-L2R0W0-L2R0W0-L2R0W0-L2R0W0-L1R0W0-L1R0W0,,,merged,optimized,10,3,10,1.106891,1.1067116000000001,1.105209,1.107944,0.0007829042342457813,0.40954930000000006,0.0152694,0.6818929,,,custom:libsad_search_8fbfac92ec4bef.so,/home/rzzhang/sad_merged/sad/build/libsad_search_8fbfac92ec4bef.so
2026-08-23T04:46:18.739669+00:00,20260823T043020,joint:rzz-hea:18:9adb05eb27cbdf89,ok,,rzz-hea,18,8,float64,42,32,2,128,2,2,0.0,rotation,rotation,3,2,compact:L5R1W0-L5R1W0-L5R1W0,compact:L5R2W2-L5R2W2,,,split,optimized,5,3,5,2.378642,2.3756646,2.3705990000000003,2.3787190000000002,0.0037185308174062658,0.6511482,0.0365828,1.6879336000000003,,,custom:libsad_search_2a0e4369743c84.so,/home/rzzhang/sad_merged/sad/build/libsad_search_2a0e4369743c84.so
2026-08-23T04:46:18.771922+00:00,20260823T043020,joint:rzz-hea:10:5b4a60f3ed74b0b7,ok,,rzz-hea,10,8,float64,42,128,2,128,2,2,0.25,rotation,rotation,4,4,compact:L3R0W0-L3R0W0-L2R0W0-L2R0W0,compact:L3R0W0-L3R0W0-L2R0W0-L2R0W0,,,split,optimized,10,3,10,0.6625185,0.662608,0.661493,0.66361,0.0005549263014131033,0.21483100000000002,0.0155598,0.4322172,,,custom:libsad_search_d02bea87aa5c56.so,/home/rzzhang/sad_merged/sad/build/libsad_search_d02bea87aa5c56.so
2026-08-23T04:46:18.792902+00:00,20260823T043020,joint:rzz-hea:6:338bca039252b61b,ok,,rzz-hea,6,8,float64,42,32,2,32,2,1,0.0,rotation,rotation,1,1,compact:L5R1W0,compact:L5R1W0,,,merged,optimized,20,3,20,0.215033,0.2147548,0.20785399999999998,0.216905,0.00223648605182326,0.05633955,0.015284649999999999,0.1431306,,,custom:libsad_search_f9cdaf042a7bd6.so,/home/rzzhang/sad_merged/sad/build/libsad_search_f9cdaf042a7bd6.so
2026-08-23T04:46:18.810545+00:00,20260823T043020,joint:rzz-hea:16:cc0f70321cb897bc,ok,,rzz-hea,16,8,float64,42,128,2,128,2,1,0.75,rotation,rotation,12,12,compact:L2R0W0-L2R0W0-L2R0W0-L2R0W0-L1R0W0-L1R0W0-L1R0W0-L1R0W0-L1R0W0-L1R0W0-L1R0W0-L1R0W0,compact:L2R0W0-L2R0W0-L2R0W0-L2R0W0-L1R0W0-L1R0W0-L1R0W0-L1R0W0-L1R0W0-L1R0W0-L1R0W0-L1R0W0,,,merged,optimized,5,3,5,1.9159160000000002,1.9160864,1.9148120000000002,1.9169669999999999,0.0008014478398497704,0.6193134,0.015478399999999998,1.2812946,,,custom:libsad_search_8fbfac92ec4bef.so,/home/rzzhang/sad_merged/sad/build/libsad_search_8fbfac92ec4bef.so
2026-08-23T04:46:18.838431+00:00,20260823T043020,joint:rzz-hea:28:1835cee5e3a5b256,ok,,rzz-hea,28,8,float64,42,128,2,128,2,1,1.0,rotation,rotation,28,28,compact:L1R0W0-L1R0W0-L1R0W0-L1R0W0-L1R0W0-L1R0W0-L1R0W0-L1R0W0-L1R0W0-L1R0W0-L1R0W0-L1R0W0-L1R0W0-L1R0W0-L1R0W0-L1R0W0-L1R0W0-L1R0W0-L1R0W0-L1R0W0-L1R0W0-L1R0W0-L1R0W0-L1R0W0-L1R0W0-L1R0W0-L1R0W0-L1R0W0,compact:L1R0W0-L1R0W0-L1R0W0-L1R0W0-L1R0W0-L1R0W0-L1R0W0-L1R0W0-L1R0W0-L1R0W0-L1R0W0-L1R0W0-L1R0W0-L1R0W0-L1R0W0-L1R0W0-L1R0W0-L1R0W0-L1R0W0-L1R0W0-L1R0W0-L1R0W0-L1R0W0-L1R0W0-L1R0W0-L1R0W0-L1R0W0-L1R0W0,,,merged,optimized,2,3,2,6865.001275999999,6865.001275999999,6864.464161999999,6865.53839,0.5371140000002015,1943.1883175,82.51836349999999,4839.294595,,,custom:libsad_search_8fbfac92ec4bef.so,/home/rzzhang/sad_merged/sad/build/libsad_search_8fbfac92ec4bef.so
2026-08-23T04:46:53.191407+00:00,20260823T043020,joint:rzz-hea:16:610e02abca363371,ok,,rzz-hea,16,8,float64,42,32,2,128,2,1,0.5,rotation,rotation,10,9,compact:L2R0W0-L2R0W0-L2R0W0-L2R0W0-L2R0W0-L2R0W0-L1R0W0-L1R0W0-L1R0W0-L1R0W0,compact:L2R0W0-L2R0W0-L2R0W0-L2R0W0-L2R0W0-L2R0W0-L2R0W0-L1R0W0-L1R0W0,,,merged,optimized,5,3,5,1.56069,1.562584,1.55846,1.567716,0.0038168809779714694,0.4603874,0.015668,1.0865286,,,custom:libsad_search_2a8327787a9aac.so,/home/rzzhang/sad_merged/sad/build/libsad_search_2a8327787a9aac.so
2026-08-23T04:46:53.226957+00:00,20260823T043020,joint:rzz-hea:8:2a11b0891854ae34,ok,,rzz-hea,8,8,float64,42,32,2,32,2,1,0.25,rotation,rotation,4,4,compact:L2R0W0-L2R0W0-L2R0W0-L2R0W0,compact:L2R0W0-L2R0W0-L2R0W0-L2R0W0,,,split,optimized,20,3,20,0.453448,0.45467209999999997,0.45225899999999997,0.461574,0.0029197736025246904,0.16117194999999998,0.01536825,0.27813190000000004,,,custom:libsad_search_3cb67c7e18cc99.so,/home/rzzhang/sad_merged/sad/build/libsad_search_3cb67c7e18cc99.so
2026-08-23T04:46:53.256680+00:00,20260823T043020,joint:rzz-hea:10:9b79715ba8c93069,ok,,rzz-hea,10,8,float64,42,128,2,128,2,2,0.5,rotation,rotation,6,6,compact:L2R0W0-L2R0W0-L2R0W0-L2R0W0-L1R0W0-L1R0W0,compact:L2R0W0-L2R0W0-L2R0W0-L2R0W0-L1R0W0-L1R0W0,,,split,optimized,10,3,10,0.7444615,0.7446268,0.744279,0.745485,0.0004030959687220784,0.25912959999999996,0.0154038,0.4700934,,,custom:libsad_search_d02bea87aa5c56.so,/home/rzzhang/sad_merged/sad/build/libsad_search_d02bea87aa5c56.so
2026-08-23T04:46:53.284544+00:00,20260823T043020,joint:rzz-hea:22:574204f872f3219b,ok,,rzz-hea,22,8,float64,42,128,2,128,2,1,0.25,rotation,rotation,8,8,compact:L3R0W0-L3R0W0-L3R0W0-L3R0W0-L3R0W0-L3R0W0-L2R0W0-L2R0W0,compact:L3R0W0-L3R0W0-L3R0W0-L3R0W0-L3R0W0-L3R0W0-L2R0W0-L2R0W0,,,merged,optimized,3,3,3,35.840078999999996,35.91217433333333,35.374332,36.522112,0.47134420184286574,7.063555999999999,0.40392766666666663,28.444690666666663,,,custom:libsad_search_8fbfac92ec4bef.so,/home/rzzhang/sad_merged/sad/build/libsad_search_8fbfac92ec4bef.so
2026-08-23T04:46:53.537334+00:00,20260823T043020,joint:rzz-hea:4:bd3c0faf70ab9064,ok,,rzz-hea,4,8,float64,42,128,2,128,2,1,0.0,rotation,rotation,1,1,compact:L4R0W0,compact:L4R0W0,,,merged,optimized,20,3,20,0.189398,0.18955365,0.189264,0.190521,0.0003749691020604236,0.04736125,0.015164200000000001,0.12702819999999998,,,custom:libsad_search_8fbfac92ec4bef.so,/home/rzzhang/sad_merged/sad/build/libsad_search_8fbfac92ec4bef.so
2026-08-23T04:46:53.554547+00:00,20260823T043020,joint:rzz-hea:20:05923a4605052d86,ok,,rzz-hea,20,8,float64,42,128,2,128,2,1,0.0,rotation,rotation,3,3,compact:L5R2W0-L5R2W0-L5R1W0,compact:L5R2W0-L5R2W0-L5R1W0,,,split,optimized,5,3,5,7.735382,7.7340974000000005,7.728898,7.736433999999999,0.002684011147517787,1.9533405999999998,0.0973102,5.6834466,,,custom:libsad_search_9361435758c99d.so,/home/rzzhang/sad_merged/sad/build/libsad_search_9361435758c99d.so
2026-08-23T04:46:53.630534+00:00,20260823T043020,joint:rzz-hea:18:63b88c225306c161,ok,,rzz-hea,18,8,float64,42,128,2,32,2,1,0.0,rotation,rotation,2,3,compact:L5R2W2-L5R2W2,compact:L5R1W0-L5R1W0-L5R1W0,,,merged,optimized,5,3,5,2.417613,2.4174458000000003,2.416563,2.418741,0.0008164044095911422,0.49958179999999996,0.0314906,1.8863733999999999,,,custom:libsad_search_5851e15f736f52.so,/home/rzzhang/sad_merged/sad/build/libsad_search_5851e15f736f52.so
2026-08-23T04:46:53.663510+00:00,20260823T043020,joint:rzz-hea:22:7485f9dac117f191,ok,,rzz-hea,22,8,float64,42,32,2,32,2,2,0.5,rotation,rotation,13,13,compact:L2R0W0-L2R0W0-L2R0W0-L2R0W0-L2R0W0-L2R0W0-L2R0W0-L2R0W0-L2R0W0-L1R0W0-L1R0W0-L1R0W0-L1R0W0,compact:L2R0W0-L2R0W0-L2R0W0-L2R0W0-L2R0W0-L2R0W0-L2R0W0-L2R0W0-L2R0W0-L1R0W0-L1R0W0-L1R0W0-L1R0W0,,,merged,optimized,3,3,3,49.670292999999994,49.574149999999996,49.342805999999996,49.709351,0.1643602072542704,9.092859,0.42668966666666663,40.05460133333334,,,custom:libsad_search_dcff342f285260.so,/home/rzzhang/sad_merged/sad/build/libsad_search_dcff342f285260.so
2026-08-23T04:46:53.985750+00:00,20260823T043020,joint:rzz-hea:20:a03b259a3481875d,ok,,rzz-hea,20,8,float64,42,128,2,32,2,1,0.0,rotation,rotation,3,3,compact:L5R2W0-L5R2W0-L5R1W0,compact:L5R2W0-L5R2W0-L5R1W0,,,merged,optimized,5,3,5,7.801785,7.802867000000001,7.793724,7.809119999999999,0.005752203160528915,1.7298879999999999,0.0971824,5.9757966,,,custom:libsad_search_5851e15f736f52.so,/home/rzzhang/sad_merged/sad/build/libsad_search_5851e15f736f52.so
2026-08-23T04:46:54.062067+00:00,20260823T043020,joint:rzz-hea:10:01afee66613d7e68,ok,,rzz-hea,10,8,float64,42,128,2,128,2,2,1.0,rotation,rotation,10,10,compact:L1R0W0-L1R0W0-L1R0W0-L1R0W0-L1R0W0-L1R0W0-L1R0W0-L1R0W0-L1R0W0-L1R0W0,compact:L1R0W0-L1R0W0-L1R0W0-L1R0W0-L1R0W0-L1R0W0-L1R0W0-L1R0W0-L1R0W0-L1R0W0,,,merged,optimized,10,3,10,0.9358605,0.9359868,0.9347890000000001,0.9390900000000001,0.001261646368837165,0.37321669999999996,0.015405700000000001,0.5473644,,,custom:libsad_search_b969ada61d8a74.so,/home/rzzhang/sad_merged/sad/build/libsad_search_b969ada61d8a74.so
2026-08-23T04:46:54.087587+00:00,20260823T043020,joint:rzz-hea:10:1e66444d3f5d6923,ok,,rzz-hea,10,8,float64,42,32,2,32,2,1,0.0,rotation,rotation,2,2,compact:L5R0W0-L5R0W0,compact:L5R0W0-L5R0W0,,,merged,optimized,10,3,10,0.3583799999999999,0.3584654,0.358254,0.359329,0.00029706672651107116,0.1187619,0.0152772,0.22442629999999997,,,custom:libsad_search_f9cdaf042a7bd6.so,/home/rzzhang/sad_merged/sad/build/libsad_search_f9cdaf042a7bd6.so
2026-08-23T04:46:54.105311+00:00,20260823T043020,joint:rzz-hea:4:a28887a59c87f078,ok,,rzz-hea,4,8,float64,42,128,2,128,2,2,0.0,rotation,rotation,1,1,compact:L4R0W0,compact:L4R0W0,,,merged,optimized,20,3,20,0.1896115,0.1903807,0.189277,0.197529,0.0019058636126438907,0.04750975,0.015297149999999999,0.1275738,,,custom:libsad_search_b969ada61d8a74.so,/home/rzzhang/sad_merged/sad/build/libsad_search_b969ada61d8a74.so
2026-08-23T04:46:54.122380+00:00,20260823T043020,joint:rzz-hea:26:6707dfcb07c1fa4c,ok,,rzz-hea,26,8,float64,42,128,2,32,2,2,0.25,rotation,rotation,9,10,compact:L3R0W0-L3R0W0-L3R0W0-L3R0W0-L3R0W0-L3R0W0-L3R0W0-L3R0W0-L2R0W0,compact:L3R0W0-L3R0W0-L3R0W0-L3R0W0-L3R0W0-L3R0W0-L2R0W0-L2R0W0-L2R0W0-L2R0W0,,,merged,optimized,2,3,2,718.8984665,718.8984665,718.779324,719.017609,0.11914250000000948,177.62810249999998,10.159436000000001,531.1109280000001,,,custom:libsad_search_d014591f51543a.so,/home/rzzhang/sad_merged/sad/build/libsad_search_d014591f51543a.so
2026-08-23T04:46:57.750947+00:00,20260823T043020,joint:rzz-hea:28:2eb7e4900cd060dd,ok,,rzz-hea,28,8,float64,42,32,2,128,2,1,0.5,rotation,rotation,16,16,compact:L2R0W0-L2R0W0-L2R0W0-L2R0W0-L2R0W0-L2R0W0-L2R0W0-L2R0W0-L2R0W0-L2R0W0-L2R0W0-L2R0W0-L1R0W0-L1R0W0-L1R0W0-L1R0W0,compact:L2R0W0-L2R0W0-L2R0W0-L2R0W0-L2R0W0-L2R0W0-L2R0W0-L2R0W0-L2R0W0-L2R0W0-L2R0W0-L2R0W0-L1R0W0-L1R0W0-L1R0W0-L1R0W0,,,split,optimized,2,3,2,4342.259957,4342.259957,4342.225884,4342.29403,0.03407299999980751,1320.7481845000002,82.89530249999999,2938.6164700000004,,,custom:libsad_search_0e4f539ceca897.so,/home/rzzhang/sad_merged/sad/build/libsad_search_0e4f539ceca897.so
2026-08-23T04:47:19.513298+00:00,20260823T043020,joint:rzz-hea:6:dadf3ffa69f8a005,ok,,rzz-hea,6,8,float64,42,128,2,128,2,2,0.25,rotation,rotation,2,2,compact:L3R0W0-L3R0W0,compact:L3R0W0-L3R0W0,,,merged,optimized,20,3,20,0.300992,0.30025025,0.293852,0.30197999999999997,0.0021664665442835715,0.0857803,0.015435199999999998,0.19903475,,,custom:libsad_search_b969ada61d8a74.so,/home/rzzhang/sad_merged/sad/build/libsad_search_b969ada61d8a74.so
2026-08-23T04:47:19.541080+00:00,20260823T043020,joint:rzz-hea:14:6db47e31e7bfd808,ok,,rzz-hea,14,8,float64,42,128,2,128,2,1,0.0,rotation,rotation,2,2,compact:L5R2W0-L5R2W0,compact:L5R2W0-L5R2W0,,,merged,optimized,10,3,10,0.6247495,0.6252141,0.624457,0.6267010000000001,0.0008267581810904577,0.1885275,0.0153436,0.42134299999999997,,,custom:libsad_search_8fbfac92ec4bef.so,/home/rzzhang/sad_merged/sad/build/libsad_search_8fbfac92ec4bef.so
2026-08-23T04:47:19.578365+00:00,20260823T043020,joint:rzz-hea:14:5500b9089c4b0e36,ok,,rzz-hea,14,8,float64,42,32,2,128,2,2,0.5,rotation,rotation,8,8,compact:L2R0W0-L2R0W0-L2R0W0-L2R0W0-L2R0W0-L2R0W0-L1R0W0-L1R0W0,compact:L2R0W0-L2R0W0-L2R0W0-L2R0W0-L2R0W0-L2R0W0-L1R0W0-L1R0W0,,,split,optimized,10,3,10,1.021405,1.0218097,1.0208210000000002,1.0239440000000002,0.0011022328293060432,0.3270831,0.015489000000000001,0.6792376000000001,,,custom:libsad_search_2a0e4369743c84.so,/home/rzzhang/sad_merged/sad/build/libsad_search_2a0e4369743c84.so
2026-08-23T04:47:19.613323+00:00,20260823T043020,joint:rzz-hea:10:ee164f0b7d6b559c,ok,,rzz-hea,10,8,float64,42,32,2,128,2,2,0.0,rotation,rotation,2,2,compact:L5R0W0-L5R0W0,compact:L5R0W0-L5R0W0,,,split,optimized,10,3,10,0.492529,0.4927994,0.492441,0.49363899999999994,0.00045929036567294223,0.13233419999999999,0.0153533,0.34511189999999997,,,custom:libsad_search_2a0e4369743c84.so,/home/rzzhang/sad_merged/sad/build/libsad_search_2a0e4369743c84.so
2026-08-23T04:47:19.643069+00:00,20260823T043020,joint:rzz-hea:20:d91675399c2e8371,ok,,rzz-hea,20,8,float64,42,32,2,32,2,2,0.75,rotation,rotation,16,16,compact:L2R0W0-L2R0W0-L2R0W0-L2R0W0-L1R0W0-L1R0W0-L1R0W0-L1R0W0-L1R0W0-L1R0W0-L1R0W0-L1R0W0-L1R0W0-L1R0W0-L1R0W0-L1R0W0,compact:L2R0W0-L2R0W0-L2R0W0-L2R0W0-L1R0W0-L1R0W0-L1R0W0-L1R0W0-L1R0W0-L1R0W0-L1R0W0-L1R0W0-L1R0W0-L1R0W0-L1R0W0-L1R0W0,,,merged,optimized,5,3,5,9.661376999999998,9.6608348,9.657295,9.664657,0.003062290149545053,2.7691166000000003,0.09772800000000001,6.7939902,,,custom:libsad_search_dcff342f285260.so,/home/rzzhang/sad_merged/sad/build/libsad_search_dcff342f285260.so
2026-08-23T04:47:19.757973+00:00,20260823T043020,joint:rzz-hea:4:e976e5c74c77deb5,ok,,rzz-hea,4,8,float64,42,64,2,64,2,1,1.0,rotation,rotation,4,4,compact:L1R0W0-L1R0W0-L1R0W0-L1R0W0,compact:L1R0W0-L1R0W0-L1R0W0-L1R0W0,,,merged,optimized,20,3,20,0.272326,0.27224315000000004,0.271235,0.27345400000000003,0.0006493511588501255,0.0914119,0.015339400000000001,0.16549185,,,custom:libsad_search_7e5293342e215a.so,/home/rzzhang/sad_merged/sad/build/libsad_search_7e5293342e215a.so
2026-08-23T04:47:19.784070+00:00,20260823T043020,joint:rzz-hea:14:975f04fb72df2a78,ok,,rzz-hea,14,8,float64,42,64,2,64,2,1,0.75,rotation,rotation,11,11,compact:L2R0W0-L2R0W0-L2R0W0-L1R0W0-L1R0W0-L1R0W0-L1R0W0-L1R0W0-L1R0W0-L1R0W0-L1R0W0,compact:L2R0W0-L2R0W0-L2R0W0-L1R0W0-L1R0W0-L1R0W0-L1R0W0-L1R0W0-L1R0W0-L1R0W0-L1R0W0,,,split,optimized,10,3,10,1.1238134999999998,1.1240194,1.123227,1.125543,0.0008012044932475274,0.4344202,0.0152729,0.6743263,,,custom:libsad_search_7ec063ebc99501.so,/home/rzzhang/sad_merged/sad/build/libsad_search_7ec063ebc99501.so
2026-08-23T04:47:19.820173+00:00,20260823T043020,joint:rzz-hea:6:aa73b5887eeb83f9,ok,,rzz-hea,6,8,float64,42,128,2,128,2,2,0.25,rotation,rotation,2,2,compact:L3R0W0-L3R0W0,compact:L3R0W0-L3R0W0,,,split,optimized,20,3,20,0.3420105,0.34239040000000004,0.33792,0.34507899999999997,0.0013996060660057131,0.10473215000000001,0.015328,0.22233025,,,custom:libsad_search_d02bea87aa5c56.so,/home/rzzhang/sad_merged/sad/build/libsad_search_d02bea87aa5c56.so
2026-08-23T04:47:19.848974+00:00,20260823T043020,joint:rzz-hea:20:19e92b0dbbe4a48e,ok,,rzz-hea,20,8,float64,42,128,2,32,2,1,0.25,rotation,rotation,7,7,compact:L3R0W0-L3R0W0-L3R0W0-L3R0W0-L3R0W0-L3R0W0-L2R0W0,compact:L3R0W0-L3R0W0-L3R0W0-L3R0W0-L3R0W0-L3R0W0-L2R0W0,,,split,optimized,5,3,5,7.84278,7.841582,7.8336,7.846805,0.004455412842823984,2.144905,0.0974828,5.5991942,,,custom:libsad_search_7259903b8346c4.so,/home/rzzhang/sad_merged/sad/build/libsad_search_7259903b8346c4.so
2026-08-23T04:47:19.937624+00:00,20260823T043020,joint:rzz-hea:16:7fcd576739822616,ok,,rzz-hea,16,8,float64,42,32,2,128,2,1,1.0,rotation,rotation,16,16,compact:L1R0W0-L1R0W0-L1R0W0-L1R0W0-L1R0W0-L1R0W0-L1R0W0-L1R0W0-L1R0W0-L1R0W0-L1R0W0-L1R0W0-L1R0W0-L1R0W0-L1R0W0-L1R0W0,compact:L1R0W0-L1R0W0-L1R0W0-L1R0W0-L1R0W0-L1R0W0-L1R0W0-L1R0W0-L1R0W0-L1R0W0-L1R0W0-L1R0W0-L1R0W0-L1R0W0-L1R0W0-L1R0W0,,,split,optimized,5,3,5,2.13289,2.1333706,2.128769,2.138045,0.0037192835116457226,0.7169272,0.015672400000000003,1.4007709999999998,,,custom:libsad_search_0e4f539ceca897.so,/home/rzzhang/sad_merged/sad/build/libsad_search_0e4f539ceca897.so
2026-08-23T04:47:19.972850+00:00,20260823T043020,joint:rzz-hea:20:e61fe795ae0f0a1d,ok,,rzz-hea,20,8,float64,42,32,2,128,2,1,0.25,rotation,rotation,7,7,compact:L3R0W0-L3R0W0-L3R0W0-L3R0W0-L3R0W0-L3R0W0-L2R0W0,compact:L3R0W0-L3R0W0-L3R0W0-L3R0W0-L3R0W0-L3R0W0-L2R0W0,,,merged,optimized,5,3,5,8.944668,8.94158,8.934474,8.945793,0.004741004239610068,2.059821,0.1057676,6.7759914000000006,,,custom:libsad_search_2a8327787a9aac.so,/home/rzzhang/sad_merged/sad/build/libsad_search_2a8327787a9aac.so
2026-08-23T04:47:20.069073+00:00,20260823T043020,joint:rzz-hea:22:c6d32f29505dbbb4,ok,,rzz-hea,22,8,float64,42,64,2,64,2,2,0.0,rotation,rotation,3,3,compact:L5R2W1-L5R2W0-L5R2W0,compact:L5R2W1-L5R2W0-L5R2W0,,,merged,optimized,3,3,3,33.963352,33.97555666666667,33.946023,34.017295000000004,0.03034951852812609,7.1381179999999995,0.43433133333333335,26.40310733333333,,,custom:libsad_search_97eec9f2a848ec.so,/home/rzzhang/sad_merged/sad/build/libsad_search_97eec9f2a848ec.so
2026-08-23T04:47:20.308114+00:00,20260823T043020,joint:rzz-hea:4:78173ddd3b19528b,ok,,rzz-hea,4,8,float64,42,32,2,128,2,1,1.0,rotation,rotation,4,4,compact:L1R0W0-L1R0W0-L1R0W0-L1R0W0,compact:L1R0W0-L1R0W0-L1R0W0-L1R0W0,,,split,optimized,20,3,20,0.370663,0.37039545,0.365499,0.372462,0.0017762546685371446,0.1273531,0.015691800000000002,0.22735054999999998,,,custom:libsad_search_0e4f539ceca897.so,/home/rzzhang/sad_merged/sad/build/libsad_search_0e4f539ceca897.so
2026-08-23T04:47:20.330490+00:00,20260823T043020,joint:rzz-hea:28:4f1f4ed35cd0e4d1,ok,,rzz-hea,28,8,float64,42,32,2,32,2,2,1.0,rotation,rotation,28,28,compact:L1R0W0-L1R0W0-L1R0W0-L1R0W0-L1R0W0-L1R0W0-L1R0W0-L1R0W0-L1R0W0-L1R0W0-L1R0W0-L1R0W0-L1R0W0-L1R0W0-L1R0W0-L1R0W0-L1R0W0-L1R0W0-L1R0W0-L1R0W0-L1R0W0-L1R0W0-L1R0W0-L1R0W0-L1R0W0-L1R0W0-L1R0W0-L1R0W0,compact:L1R0W0-L1R0W0-L1R0W0-L1R0W0-L1R0W0-L1R0W0-L1R0W0-L1R0W0-L1R0W0-L1R0W0-L1R0W0-L1R0W0-L1R0W0-L1R0W0-L1R0W0-L1R0W0-L1R0W0-L1R0W0-L1R0W0-L1R0W0-L1R0W0-L1R0W0-L1R0W0-L1R0W0-L1R0W0-L1R0W0-L1R0W0-L1R0W0,,,merged,optimized,2,3,2,6865.292976999999,6865.292976999999,6863.89457,6866.691383999999,1.3984069999992244,1941.5099774999999,81.88880100000002,4841.8941985,,,custom:libsad_search_dcff342f285260.so,/home/rzzhang/sad_merged/sad/build/libsad_search_dcff342f285260.so
2026-08-23T04:47:54.706488+00:00,20260823T043020,joint:rzz-hea:4:7f77f94a626d6652,ok,,rzz-hea,4,8,float64,42,32,2,32,2,1,0.5,rotation,rotation,2,2,compact:L2R0W0-L2R0W0,compact:L2R0W0-L2R0W0,,,split,optimized,20,3,20,0.24983700000000003,0.2499672,0.24874400000000002,0.250922,0.000498340706745899,0.08589564999999999,0.015440300000000002,0.14863125000000002,,,custom:libsad_search_3cb67c7e18cc99.so,/home/rzzhang/sad_merged/sad/build/libsad_search_3cb67c7e18cc99.so
2026-08-23T04:47:54.733538+00:00,20260823T043020,joint:rzz-hea:14:040ad83a4701365b,ok,,rzz-hea,14,8,float64,42,128,2,128,2,1,0.5,rotation,rotation,8,8,compact:L2R0W0-L2R0W0-L2R0W0-L2R0W0-L2R0W0-L2R0W0-L1R0W0-L1R0W0,compact:L2R0W0-L2R0W0-L2R0W0-L2R0W0-L2R0W0-L2R0W0-L1R0W0-L1R0W0,,,split,optimized,10,3,10,1.077438,1.0774061,1.07185,1.079951,0.0020516506744570574,0.381104,0.0156566,0.6806455000000001,,,custom:libsad_search_9361435758c99d.so,/home/rzzhang/sad_merged/sad/build/libsad_search_9361435758c99d.so
2026-08-23T04:47:54.777835+00:00,20260823T043020,joint:rzz-hea:24:34e1b2ca434aa653,ok,,rzz-hea,24,8,float64,42,32,2,128,2,1,0.0,rotation,rotation,4,3,compact:L5R1W0-L5R1W0-L5R1W0-L5R1W0,compact:L5R2W1-L5R2W1-L5R2W1,,,split,optimized,3,3,3,142.316477,142.299114,142.262208,142.318657,0.026111654192465826,36.597626,1.7947886666666666,103.90669933333334,,,custom:libsad_search_0e4f539ceca897.so,/home/rzzhang/sad_merged/sad/build/libsad_search_0e4f539ceca897.so
2026-08-23T04:47:55.678923+00:00,20260823T043020,joint:rzz-hea:16:aec07497a35c0f72,ok,,rzz-hea,16,8,float64,42,128,2,32,2,1,0.75,rotation,rotation,12,13,compact:L2R0W0-L2R0W0-L2R0W0-L2R0W0-L1R0W0-L1R0W0-L1R0W0-L1R0W0-L1R0W0-L1R0W0-L1R0W0-L1R0W0,compact:L2R0W0-L2R0W0-L2R0W0-L1R0W0-L1R0W0-L1R0W0-L1R0W0-L1R0W0-L1R0W0-L1R0W0-L1R0W0-L1R0W0-L1R0W0,,,merged,optimized,5,3,5,1.7652040000000002,1.7648918000000002,1.7642640000000003,1.7653500000000002,0.00048366120373672105,0.5898644,0.015727800000000004,1.1592996000000002,,,custom:libsad_search_5851e15f736f52.so,/home/rzzhang/sad_merged/sad/build/libsad_search_5851e15f736f52.so
2026-08-23T04:47:55.713673+00:00,20260823T043020,joint:rzz-hea:14:e5752d8f46307176,ok,,rzz-hea,14,8,float64,42,64,2,64,2,2,1.0,rotation,rotation,14,14,compact:L1R0W0-L1R0W0-L1R0W0-L1R0W0-L1R0W0-L1R0W0-L1R0W0-L1R0W0-L1R0W0-L1R0W0-L1R0W0-L1R0W0-L1R0W0-L1R0W0,compact:L1R0W0-L1R0W0-L1R0W0-L1R0W0-L1R0W0-L1R0W0-L1R0W0-L1R0W0-L1R0W0-L1R0W0-L1R0W0-L1R0W0-L1R0W0-L1R0W0,,,split,optimized,10,3,10,1.3788774999999998,1.3567755,1.317829,1.381249,0.02856438806013529,0.5390805999999999,0.0154488,0.8022461,,,custom:libsad_search_20c37ff249ec0a.so,/home/rzzhang/sad_merged/sad/build/libsad_search_20c37ff249ec0a.so
2026-08-23T04:47:55.752413+00:00,20260823T043020,joint:rzz-hea:12:869e34a18cd9c334,ok,,rzz-hea,12,8,float64,42,64,2,64,2,1,0.75,rotation,rotation,10,10,compact:L2R0W0-L2R0W0-L1R0W0-L1R0W0-L1R0W0-L1R0W0-L1R0W0-L1R0W0-L1R0W0-L1R0W0,compact:L2R0W0-L2R0W0-L1R0W0-L1R0W0-L1R0W0-L1R0W0-L1R0W0-L1R0W0-L1R0W0-L1R0W0,,,merged,optimized,10,3,10,0.95384,0.9539327999999999,0.95321,0.955398,0.0006952551761763447,0.388062,0.015279000000000001,0.5505918000000001,,,custom:libsad_search_7e5293342e215a.so,/home/rzzhang/sad_merged/sad/build/libsad_search_7e5293342e215a.so
2026-08-23T04:47:55.781033+00:00,20260823T043020,joint:rzz-hea:18:c3a086c0c82676eb,ok,,rzz-hea,18,8,float64,42,64,2,64,2,1,0.25,rotation,rotation,7,7,compact:L3R0W0-L3R0W0-L3R0W0-L3R0W0-L2R0W0-L2R0W0-L2R0W0,compact:L3R0W0-L3R0W0-L3R0W0-L3R0W0-L2R0W0-L2R0W0-L2R0W0,,,merged,optimized,5,3,5,2.861032,2.8596008,2.852735,2.869236,0.006222847303284822,0.7107555999999999,0.035238599999999995,2.1136066000000002,,,custom:libsad_search_7e5293342e215a.so,/home/rzzhang/sad_merged/sad/build/libsad_search_7e5293342e215a.so
2026-08-23T04:47:55.827016+00:00,20260823T043020,joint:rzz-hea:6:2d5499f36b444865,ok,,rzz-hea,6,8,float64,42,32,2,128,2,1,0.0,rotation,rotation,1,1,compact:L5R1W0,compact:L5R1W0,,,merged,optimized,20,3,20,0.2569715,0.256936,0.255965,0.25796199999999997,0.00038858641252622125,0.05649169999999999,0.015136699999999998,0.1853076,,,custom:libsad_search_2a8327787a9aac.so,/home/rzzhang/sad_merged/sad/build/libsad_search_2a8327787a9aac.so
2026-08-23T04:47:55.851470+00:00,20260823T043020,joint:rzz-hea:24:495660e62fb461ee,ok,,rzz-hea,24,8,float64,42,32,2,32,2,2,0.75,rotation,rotation,19,19,compact:L2R0W0-L2R0W0-L2R0W0-L2R0W0-L2R0W0-L1R0W0-L1R0W0-L1R0W0-L1R0W0-L1R0W0-L1R0W0-L1R0W0-L1R0W0-L1R0W0-L1R0W0-L1R0W0-L1R0W0-L1R0W0-L1R0W0,compact:L2R0W0-L2R0W0-L2R0W0-L2R0W0-L2R0W0-L1R0W0-L1R0W0-L1R0W0-L1R0W0-L1R0W0-L1R0W0-L1R0W0-L1R0W0-L1R0W0-L1R0W0-L1R0W0-L1R0W0-L1R0W0-L1R0W0,,,split,optimized,3,3,3,306.885397,306.89768566666663,306.86471,306.94295,0.03310219425086439,94.37334600000001,1.7678539999999998,210.7564856666667,,,custom:libsad_search_16d9d6cef53b3d.so,/home/rzzhang/sad_merged/sad/build/libsad_search_16d9d6cef53b3d.so
2026-08-23T04:47:57.730187+00:00,20260823T043020,joint:rzz-hea:22:3548b2d5626cf008,ok,,rzz-hea,22,8,float64,42,128,2,128,2,2,1.0,rotation,rotation,22,22,compact:L1R0W0-L1R0W0-L1R0W0-L1R0W0-L1R0W0-L1R0W0-L1R0W0-L1R0W0-L1R0W0-L1R0W0-L1R0W0-L1R0W0-L1R0W0-L1R0W0-L1R0W0-L1R0W0-L1R0W0-L1R0W0-L1R0W0-L1R0W0-L1R0W0-L1R0W0,compact:L1R0W0-L1R0W0-L1R0W0-L1R0W0-L1R0W0-L1R0W0-L1R0W0-L1R0W0-L1R0W0-L1R0W0-L1R0W0-L1R0W0-L1R0W0-L1R0W0-L1R0W0-L1R0W0-L1R0W0-L1R0W0-L1R0W0-L1R0W0-L1R0W0-L1R0W0,,,merged,optimized,3,3,3,75.169203,75.02656400000001,74.688157,75.22233200000001,0.24027088309794536,13.368031333333334,0.41188400000000003,61.24664866666666,,,custom:libsad_search_b969ada61d8a74.so,/home/rzzhang/sad_merged/sad/build/libsad_search_b969ada61d8a74.so
2026-08-23T04:47:58.212084+00:00,20260823T043020,joint:rzz-hea:16:3bf155e4011553d1,ok,,rzz-hea,16,8,float64,42,64,2,64,2,2,0.0,rotation,rotation,2,2,compact:L5R2W1-L5R2W1,compact:L5R2W1-L5R2W1,,,merged,optimized,5,3,5,0.974927,0.9750707999999999,0.973661,0.976046,0.0008461270353794366,0.20258260000000003,0.015416399999999997,0.7570718,,,custom:libsad_search_97eec9f2a848ec.so,/home/rzzhang/sad_merged/sad/build/libsad_search_97eec9f2a848ec.so
2026-08-23T04:47:58.233785+00:00,20260823T043020,joint:rzz-hea:6:452e376921651ea3,ok,,rzz-hea,6,8,float64,42,64,2,64,2,1,0.5,rotation,rotation,4,4,compact:L2R0W0-L2R0W0-L1R0W0-L1R0W0,compact:L2R0W0-L2R0W0-L1R0W0-L1R0W0,,,merged,optimized,20,3,20,0.33470999999999995,0.3342441,0.3267,0.33594199999999996,0.00188404805936579,0.1130963,0.015336700000000002,0.2058111,,,custom:libsad_search_7e5293342e215a.so,/home/rzzhang/sad_merged/sad/build/libsad_search_7e5293342e215a.so
2026-08-23T04:47:58.254223+00:00,20260823T043020,joint:rzz-hea:18:bda00f7f13cfb58d,ok,,rzz-hea,18,8,float64,42,128,2,128,2,2,0.75,rotation,rotation,14,14,compact:L2R0W0-L2R0W0-L2R0W0-L2R0W0-L1R0W0-L1R0W0-L1R0W0-L1R0W0-L1R0W0-L1R0W0-L1R0W0-L1R0W0-L1R0W0-L1R0W0,compact:L2R0W0-L2R0W0-L2R0W0-L2R0W0-L1R0W0-L1R0W0-L1R0W0-L1R0W0-L1R0W0-L1R0W0-L1R0W0-L1R0W0-L1R0W0-L1R0W0,,,merged,optimized,5,3,5,3.437796,3.4402592,3.435404,3.446639,0.004572574740777897,1.0058086000000002,0.0316022,2.4028484,,,custom:libsad_search_b969ada61d8a74.so,/home/rzzhang/sad_merged/sad/build/libsad_search_b969ada61d8a74.so
2026-08-23T04:47:58.305918+00:00,20260823T043020,joint:rzz-hea:10:7987a6f7cd096447,ok,,rzz-hea,10,8,float64,42,64,2,64,2,2,0.25,rotation,rotation,4,4,compact:L3R0W0-L3R0W0-L2R0W0-L2R0W0,compact:L3R0W0-L3R0W0-L2R0W0-L2R0W0,,,merged,optimized,10,3,10,0.488494,0.4890280000000001,0.48837299999999995,0.49159200000000003,0.0009494092900325,0.1786938,0.0151723,0.2951619,,,custom:libsad_search_97eec9f2a848ec.so,/home/rzzhang/sad_merged/sad/build/libsad_search_97eec9f2a848ec.so
2026-08-23T04:47:58.329869+00:00,20260823T043020,joint:rzz-hea:4:394b41c128a7f571,ok,,rzz-hea,4,8,float64,42,32,2,32,2,2,0.25,rotation,rotation,2,2,compact:L2R0W0-L2R0W0,compact:L2R0W0-L2R0W0,,,split,optimized,20,3,20,0.263107,0.26298659999999996,0.262127,0.263354,0.00037134988891879235,0.09095874999999999,0.0154771,0.15655075,,,custom:libsad_search_16d9d6cef53b3d.so,/home/rzzhang/sad_merged/sad/build/libsad_search_16d9d6cef53b3d.so
2026-08-23T04:47:58.348729+00:00,20260823T043020,joint:rzz-hea:4:d0103338611cc402,ok,,rzz-hea,4,8,float64,42,128,2,32,2,2,0.5,rotation,rotation,2,2,compact:L2R0W0-L2R0W0,compact:L2R0W0-L2R0W0,,,merged,optimized,20,3,20,0.2109155,0.21111275,0.21073699999999998,0.213821,0.0006657403303841562,0.06848435,0.0154333,0.12719509999999998,,,custom:libsad_search_d014591f51543a.so,/home/rzzhang/sad_merged/sad/build/libsad_search_d014591f51543a.so
2026-08-23T04:47:58.366880+00:00,20260823T043020,joint:rzz-hea:14:e382a4a8a7ce7642,ok,,rzz-hea,14,8,float64,42,128,2,128,2,1,0.0,rotation,rotation,2,2,compact:L5R2W0-L5R2W0,compact:L5R2W0-L5R2W0,,,split,optimized,10,3,10,0.6935560000000001,0.6915602,0.685274,0.694327,0.0035883527084164895,0.1938156,0.0155938,0.48215080000000005,,,custom:libsad_search_9361435758c99d.so,/home/rzzhang/sad_merged/sad/build/libsad_search_9361435758c99d.so
2026-08-23T04:47:58.389161+00:00,20260823T043020,joint:rzz-hea:24:f7feba8cca7f7c74,ok,,rzz-hea,24,8,float64,42,128,2,32,2,1,0.75,rotation,rotation,19,19,compact:L2R0W0-L2R0W0-L2R0W0-L2R0W0-L2R0W0-L1R0W0-L1R0W0-L1R0W0-L1R0W0-L1R0W0-L1R0W0-L1R0W0-L1R0W0-L1R0W0-L1R0W0-L1R0W0-L1R0W0-L1R0W0-L1R0W0,compact:L2R0W0-L2R0W0-L2R0W0-L2R0W0-L2R0W0-L1R0W0-L1R0W0-L1R0W0-L1R0W0-L1R0W0-L1R0W0-L1R0W0-L1R0W0-L1R0W0-L1R0W0-L1R0W0-L1R0W0-L1R0W0-L1R0W0,,,split,optimized,3,3,3,307.37852,307.466172,307.34156300000006,307.678433,0.1508476141740184,94.94275766666667,1.7717033333333332,210.751711,,,custom:libsad_search_7259903b8346c4.so,/home/rzzhang/sad_merged/sad/build/libsad_search_7259903b8346c4.so
2026-08-23T04:48:00.265504+00:00,20260823T043020,joint:rzz-hea:28:9085e4a5c7801338,ok,,rzz-hea,28,8,float64,42,32,2,128,2,2,0.25,rotation,rotation,10,10,compact:L3R0W0-L3R0W0-L3R0W0-L3R0W0-L3R0W0-L3R0W0-L3R0W0-L3R0W0-L2R0W0-L2R0W0,compact:L3R0W0-L3R0W0-L3R0W0-L3R0W0-L3R0W0-L3R0W0-L3R0W0-L3R0W0-L2R0W0-L2R0W0,,,merged,optimized,2,3,2,2985.484911,2985.484911,2984.562045,2986.407777,0.9228659999998854,773.00167,82.41577099999999,2130.06747,,,custom:libsad_search_fce412939d20fb.so,/home/rzzhang/sad_merged/sad/build/libsad_search_fce412939d20fb.so
2026-08-23T04:48:15.223412+00:00,20260823T043020,joint:rzz-hea:4:58dc6db78f839bfe,ok,,rzz-hea,4,8,float64,42,128,2,32,2,1,0.0,legacy,legacy,0,0,,,,,not_applicable,legacy-generic,20,3,20,0.23958999999999997,0.2412051,0.237515,0.246843,0.0033066749900768893,0.09065905,0.01540335,0.1351427,,,custom:libsad_search_eaf59e83158800.so,/home/rzzhang/sad_merged/sad/build/libsad_search_eaf59e83158800.so
2026-08-23T04:48:30.848030+00:00,20260823T043020,joint:rzz-hea:26:d085f3f30d966feb,ok,,rzz-hea,26,8,float64,42,128,2,32,2,1,0.0,rotation,rotation,3,4,compact:L5R2W2-L5R2W2-L5R2W1,compact:L5R2W0-L5R2W0-L5R1W0-L5R1W0,,,merged,optimized,2,3,2,568.3185085,568.3185085,568.274551,568.362466,0.04395750000003318,122.02825250000001,10.336086000000002,435.95417000000003,,,custom:libsad_search_5851e15f736f52.so,/home/rzzhang/sad_merged/sad/build/libsad_search_5851e15f736f52.so
2026-08-23T04:48:33.728325+00:00,20260823T043020,joint:rzz-hea:26:a777225a7221ebf8,ok,,rzz-hea,26,8,float64,42,128,2,128,2,1,0.75,rotation,rotation,20,20,compact:L2R0W0-L2R0W0-L2R0W0-L2R0W0-L2R0W0-L2R0W0-L1R0W0-L1R0W0-L1R0W0-L1R0W0-L1R0W0-L1R0W0-L1R0W0-L1R0W0-L1R0W0-L1R0W0-L1R0W0-L1R0W0-L1R0W0-L1R0W0,compact:L2R0W0-L2R0W0-L2R0W0-L2R0W0-L2R0W0-L2R0W0-L1R0W0-L1R0W0-L1R0W0-L1R0W0-L1R0W0-L1R0W0-L1R0W0-L1R0W0-L1R0W0-L1R0W0-L1R0W0-L1R0W0-L1R0W0-L1R0W0,,,merged,optimized,2,3,2,1273.401647,1273.401647,1273.39669,1273.4066039999998,0.004956999999876643,355.1536965,10.4537595,907.7941910000001,,,custom:libsad_search_8fbfac92ec4bef.so,/home/rzzhang/sad_merged/sad/build/libsad_search_8fbfac92ec4bef.so
2026-08-23T04:48:40.138433+00:00,20260823T043020,joint:rzz-hea:14:3ba63be03f4df624,ok,,rzz-hea,14,8,float64,42,32,2,32,2,2,0.75,rotation,rotation,11,11,compact:L2R0W0-L2R0W0-L2R0W0-L1R0W0-L1R0W0-L1R0W0-L1R0W0-L1R0W0-L1R0W0-L1R0W0-L1R0W0,compact:L2R0W0-L2R0W0-L2R0W0-L1R0W0-L1R0W0-L1R0W0-L1R0W0-L1R0W0-L1R0W0-L1R0W0-L1R0W0,,,split,optimized,10,3,10,1.0648710000000001,1.0653105,1.062874,1.072027,0.002373145391669039,0.4152922,0.015504900000000002,0.6345134000000001,,,custom:libsad_search_16d9d6cef53b3d.so,/home/rzzhang/sad_merged/sad/build/libsad_search_16d9d6cef53b3d.so
2026-08-23T04:48:40.171524+00:00,20260823T043020,joint:rzz-hea:10:7459f956bc608e46,ok,,rzz-hea,10,8,float64,42,64,2,64,2,1,0.0,legacy,legacy,0,0,,,,,not_applicable,legacy-generic,10,3,10,0.4485555,0.44969600000000004,0.448392,0.45771600000000007,0.0027143625771072063,0.1537477,0.0155151,0.28043320000000005,,,custom:libsad_search_5a6ce94d125b8e.so,/home/rzzhang/sad_merged/sad/build/libsad_search_5a6ce94d125b8e.so
2026-08-23T04:48:40.194506+00:00,20260823T043020,joint:rzz-hea:16:97467833f5df4877,ok,,rzz-hea,16,8,float64,42,32,2,128,2,1,0.75,rotation,rotation,13,12,compact:L2R0W0-L2R0W0-L2R0W0-L1R0W0-L1R0W0-L1R0W0-L1R0W0-L1R0W0-L1R0W0-L1R0W0-L1R0W0-L1R0W0-L1R0W0,compact:L2R0W0-L2R0W0-L2R0W0-L2R0W0-L1R0W0-L1R0W0-L1R0W0-L1R0W0-L1R0W0-L1R0W0-L1R0W0-L1R0W0,,,merged,optimized,5,3,5,1.802245,1.8030174000000003,1.802113,1.8052300000000001,0.0011903146810822815,0.5608064,0.0157202,1.2264908,,,custom:libsad_search_2a8327787a9aac.so,/home/rzzhang/sad_merged/sad/build/libsad_search_2a8327787a9aac.so
2026-08-23T04:48:40.222338+00:00,20260823T043020,joint:rzz-hea:12:e957bbda1bea7de0,ok,,rzz-hea,12,8,float64,42,32,2,32,2,2,0.5,rotation,rotation,7,7,compact:L2R0W0-L2R0W0-L2R0W0-L2R0W0-L2R0W0-L1R0W0-L1R0W0,compact:L2R0W0-L2R0W0-L2R0W0-L2R0W0-L2R0W0-L1R0W0-L1R0W0,,,split,optimized,10,3,10,0.740222,0.7399054,0.73823,0.7413759999999999,0.0008208549445547516,0.27343229999999996,0.015290699999999999,0.45118240000000004,,,custom:libsad_search_16d9d6cef53b3d.so,/home/rzzhang/sad_merged/sad/build/libsad_search_16d9d6cef53b3d.so
2026-08-23T04:48:40.244915+00:00,20260823T043020,joint:rzz-hea:14:77ac3dc94e7f1c71,ok,,rzz-hea,14,8,float64,42,128,2,128,2,1,0.75,rotation,rotation,11,11,compact:L2R0W0-L2R0W0-L2R0W0-L1R0W0-L1R0W0-L1R0W0-L1R0W0-L1R0W0-L1R0W0-L1R0W0-L1R0W0,compact:L2R0W0-L2R0W0-L2R0W0-L1R0W0-L1R0W0-L1R0W0-L1R0W0-L1R0W0-L1R0W0-L1R0W0-L1R0W0,,,merged,optimized,10,3,10,1.265155,1.2651318,1.2636209999999999,1.266669,0.0008143343048159444,0.4909462,0.015521900000000002,0.7586637,,,custom:libsad_search_8fbfac92ec4bef.so,/home/rzzhang/sad_merged/sad/build/libsad_search_8fbfac92ec4bef.so
2026-08-23T04:48:40.274307+00:00,20260823T043020,joint:rzz-hea:14:7c8601f2f913493b,ok,,rzz-hea,14,8,float64,42,64,2,64,2,1,0.75,rotation,rotation,11,11,compact:L2R0W0-L2R0W0-L2R0W0-L1R0W0-L1R0W0-L1R0W0-L1R0W0-L1R0W0-L1R0W0-L1R0W0-L1R0W0,compact:L2R0W0-L2R0W0-L2R0W0-L1R0W0-L1R0W0-L1R0W0-L1R0W0-L1R0W0-L1R0W0-L1R0W0-L1R0W0,,,merged,optimized,10,3,10,1.0879699999999999,1.0877581,1.086357,1.0885280000000002,0.0008023105944707609,0.43324710000000005,0.015549200000000001,0.6389618,,,custom:libsad_search_7e5293342e215a.so,/home/rzzhang/sad_merged/sad/build/libsad_search_7e5293342e215a.so
2026-08-23T04:48:40.304971+00:00,20260823T043020,joint:rzz-hea:28:1ba6fe1172062f42,ok,,rzz-hea,28,8,float64,42,128,2,32,2,2,0.0,rotation,rotation,4,4,compact:L5R2W0-L5R2W0-L5R2W0-L5R2W0,compact:L5R2W0-L5R2W0-L5R2W0-L5R2W0,,,merged,optimized,2,3,2,2450.3589785000004,2450.3589785000004,2449.339527,2451.37843,1.0194515000000592,503.8117984999999,82.194528,1864.352652,,,custom:libsad_search_d014591f51543a.so,/home/rzzhang/sad_merged/sad/build/libsad_search_d014591f51543a.so
2026-08-23T04:48:52.602789+00:00,20260823T043020,joint:rzz-hea:8:aeae8a91a4182f71,ok,,rzz-hea,8,8,float64,42,32,2,32,2,1,0.5,rotation,rotation,5,5,compact:L2R0W0-L2R0W0-L2R0W0-L1R0W0-L1R0W0,compact:L2R0W0-L2R0W0-L2R0W0-L1R0W0-L1R0W0,,,split,optimized,20,3,20,0.5078075,0.5075141000000001,0.506762,0.507972,0.0004686700225105123,0.183856,0.015378700000000002,0.3082794,,,custom:libsad_search_3cb67c7e18cc99.so,/home/rzzhang/sad_merged/sad/build/libsad_search_3cb67c7e18cc99.so
2026-08-23T04:48:52.633989+00:00,20260823T043020,joint:rzz-hea:8:64cf14d264d8b86d,ok,,rzz-hea,8,8,float64,42,64,2,64,2,2,0.25,rotation,rotation,3,3,compact:L3R0W0-L3R0W0-L2R0W0,compact:L3R0W0-L3R0W0-L2R0W0,,,merged,optimized,20,3,20,0.3725635,0.3725912,0.37151800000000007,0.380005,0.0017754838382818305,0.13342874999999998,0.01552425,0.22363819999999998,,,custom:libsad_search_97eec9f2a848ec.so,/home/rzzhang/sad_merged/sad/build/libsad_search_97eec9f2a848ec.so
2026-08-23T04:48:52.662488+00:00,20260823T043020,joint:rzz-hea:28:85170055e77d1626,ok,,rzz-hea,28,8,float64,42,32,2,128,2,1,0.0,rotation,rotation,4,4,compact:L5R2W0-L5R2W0-L5R2W0-L5R2W0,compact:L5R2W0-L5R2W0-L5R2W0-L5R2W0,,,merged,optimized,2,3,2,2570.993439,2570.993439,2569.3487990000003,2572.638079,1.6446399999997539,502.8309445,80.7143055,1987.448189,,,custom:libsad_search_2a8327787a9aac.so,/home/rzzhang/sad_merged/sad/build/libsad_search_2a8327787a9aac.so
2026-08-23T04:49:05.677444+00:00,20260823T043020,joint:rzz-hea:8:82f9fd70f84366ed,ok,,rzz-hea,8,8,float64,42,32,2,128,2,1,0.25,rotation,rotation,4,3,compact:L2R0W0-L2R0W0-L2R0W0-L2R0W0,compact:L3R0W0-L3R0W0-L2R0W0,,,split,optimized,20,3,20,0.494536,0.4923541,0.487293,0.4967789999999999,0.003636211956143362,0.16091370000000002,0.015520649999999999,0.31591975,,,custom:libsad_search_0e4f539ceca897.so,/home/rzzhang/sad_merged/sad/build/libsad_search_0e4f539ceca897.so
2026-08-23T04:49:05.708726+00:00,20260823T043020,joint:rzz-hea:8:c3dd8e84fa5e7726,ok,,rzz-hea,8,8,float64,42,32,2,32,2,2,0.0,rotation,rotation,2,2,compact:L4R0W0-L4R0W0,compact:L4R0W0-L4R0W0,,,merged,optimized,20,3,20,0.31124799999999997,0.31120415,0.310141,0.31322,0.0008026551734711555,0.10375695000000001,0.015274999999999999,0.19217220000000002,,,custom:libsad_search_dcff342f285260.so,/home/rzzhang/sad_merged/sad/build/libsad_search_dcff342f285260.so
2026-08-23T04:49:05.735999+00:00,20260823T043020,joint:rzz-hea:14:0709fa11acef0e26,ok,,rzz-hea,14,8,float64,42,128,2,32,2,1,0.5,rotation,rotation,8,8,compact:L2R0W0-L2R0W0-L2R0W0-L2R0W0-L2R0W0-L2R0W0-L1R0W0-L1R0W0,compact:L2R0W0-L2R0W0-L2R0W0-L2R0W0-L2R0W0-L2R0W0-L1R0W0-L1R0W0,,,merged,optimized,10,3,10,0.916323,0.9164559000000001,0.915398,0.919544,0.0012126172067062361,0.38908729999999997,0.0157948,0.5115738000000001,,,custom:libsad_search_5851e15f736f52.so,/home/rzzhang/sad_merged/sad/build/libsad_search_5851e15f736f52.so
2026-08-23T04:49:05.768459+00:00,20260823T043020,joint:rzz-hea:4:47e4429c7bd5a30d,ok,,rzz-hea,4,8,float64,42,32,2,32,2,1,1.0,rotation,rotation,4,4,compact:L1R0W0-L1R0W0-L1R0W0-L1R0W0,compact:L1R0W0-L1R0W0-L1R0W0-L1R0W0,,,merged,optimized,20,3,20,0.263067,0.26287305,0.262036,0.26432300000000003,0.0005516346141242374,0.09058290000000001,0.015536349999999999,0.1567538,,,custom:libsad_search_f9cdaf042a7bd6.so,/home/rzzhang/sad_merged/sad/build/libsad_search_f9cdaf042a7bd6.so
2026-08-23T04:49:05.794450+00:00,20260823T043020,joint:rzz-hea:14:832ab6cb8225580e,ok,,rzz-hea,14,8,float64,42,128,2,32,2,2,0.75,rotation,rotation,11,11,compact:L2R0W0-L2R0W0-L2R0W0-L1R0W0-L1R0W0-L1R0W0-L1R0W0-L1R0W0-L1R0W0-L1R0W0-L1R0W0,compact:L2R0W0-L2R0W0-L2R0W0-L1R0W0-L1R0W0-L1R0W0-L1R0W0-L1R0W0-L1R0W0-L1R0W0-L1R0W0,,,merged,optimized,10,3,10,1.1099395,1.1100841,1.1089379999999998,1.1118379999999999,0.0010214906215917983,0.48961350000000003,0.0155355,0.6049351,,,custom:libsad_search_d014591f51543a.so,/home/rzzhang/sad_merged/sad/build/libsad_search_d014591f51543a.so
2026-08-23T04:49:05.828342+00:00,20260823T043020,joint:rzz-hea:26:e4cdf700c37292f8,ok,,rzz-hea,26,8,float64,42,64,2,64,2,1,0.25,rotation,rotation,10,10,compact:L3R0W0-L3R0W0-L3R0W0-L3R0W0-L3R0W0-L3R0W0-L2R0W0-L2R0W0-L2R0W0-L2R0W0,compact:L3R0W0-L3R0W0-L3R0W0-L3R0W0-L3R0W0-L3R0W0-L2R0W0-L2R0W0-L2R0W0-L2R0W0,,,merged,optimized,2,3,2,734.5818165000001,734.5818165000001,734.541845,734.621788,0.039971500000035576,193.52330849999998,10.2135055,530.8450025,,,custom:libsad_search_7e5293342e215a.so,/home/rzzhang/sad_merged/sad/build/libsad_search_7e5293342e215a.so
2026-08-23T04:49:09.550100+00:00,20260823T043020,joint:rzz-hea:26:33f69216998272a2,ok,,rzz-hea,26,8,float64,42,32,2,128,2,2,0.5,rotation,rotation,15,14,compact:L2R0W0-L2R0W0-L2R0W0-L2R0W0-L2R0W0-L2R0W0-L2R0W0-L2R0W0-L2R0W0-L2R0W0-L2R0W0-L1R0W0-L1R0W0-L1R0W0-L1R0W0,compact:L2R0W0-L2R0W0-L2R0W0-L2R0W0-L2R0W0-L2R0W0-L2R0W0-L2R0W0-L2R0W0-L2R0W0-L2R0W0-L2R0W0-L1R0W0-L1R0W0,,,merged,optimized,2,3,2,966.272873,966.272873,965.977594,966.568152,0.2952790000000505,272.16878449999996,10.4369085,683.66718,,,custom:libsad_search_fce412939d20fb.so,/home/rzzhang/sad_merged/sad/build/libsad_search_fce412939d20fb.so
2026-08-23T04:49:14.426509+00:00,20260823T043020,joint:rzz-hea:14:62a6e62e9156440b,ok,,rzz-hea,14,8,float64,42,128,2,128,2,2,1.0,rotation,rotation,14,14,compact:L1R0W0-L1R0W0-L1R0W0-L1R0W0-L1R0W0-L1R0W0-L1R0W0-L1R0W0-L1R0W0-L1R0W0-L1R0W0-L1R0W0-L1R0W0-L1R0W0,compact:L1R0W0-L1R0W0-L1R0W0-L1R0W0-L1R0W0-L1R0W0-L1R0W0-L1R0W0-L1R0W0-L1R0W0-L1R0W0-L1R0W0-L1R0W0-L1R0W0,,,merged,optimized,10,3,10,1.4868435,1.4855756,1.4803590000000002,1.4899850000000001,0.0035131205558591415,0.5966745,0.0155849,0.8733161999999999,,,custom:libsad_search_b969ada61d8a74.so,/home/rzzhang/sad_merged/sad/build/libsad_search_b969ada61d8a74.so
2026-08-23T04:49:14.468092+00:00,20260823T043020,joint:rzz-hea:18:0190786c955dabe2,ok,,rzz-hea,18,8,float64,42,64,2,64,2,1,0.0,rotation,rotation,3,3,compact:L5R1W0-L5R1W0-L5R1W0,compact:L5R1W0-L5R1W0-L5R1W0,,,split,optimized,5,3,5,2.3244160000000003,2.3258754,2.322452,2.33344,0.003865671356957261,0.6305022000000001,0.031892,1.6634811999999999,,,custom:libsad_search_7ec063ebc99501.so,/home/rzzhang/sad_merged/sad/build/libsad_search_7ec063ebc99501.so
2026-08-23T04:49:14.503396+00:00,20260823T043020,joint:rzz-hea:12:d3dfd5501f70f0f1,ok,,rzz-hea,12,8,float64,42,128,2,32,2,1,0.0,rotation,rotation,2,2,compact:L5R1W0-L5R1W0,compact:L5R1W0-L5R1W0,,,merged,optimized,10,3,10,0.4413515,0.441526,0.44118,0.44243099999999996,0.0004140553103149287,0.16829529999999998,0.015225699999999998,0.258005,,,custom:libsad_search_5851e15f736f52.so,/home/rzzhang/sad_merged/sad/build/libsad_search_5851e15f736f52.so
2026-08-23T04:49:14.522048+00:00,20260823T043020,joint:rzz-hea:24:96276bb343b7db65,ok,,rzz-hea,24,8,float64,42,64,2,64,2,1,0.75,rotation,rotation,19,19,compact:L2R0W0-L2R0W0-L2R0W0-L2R0W0-L2R0W0-L1R0W0-L1R0W0-L1R0W0-L1R0W0-L1R0W0-L1R0W0-L1R0W0-L1R0W0-L1R0W0-L1R0W0-L1R0W0-L1R0W0-L1R0W0-L1R0W0,compact:L2R0W0-L2R0W0-L2R0W0-L2R0W0-L2R0W0-L1R0W0-L1R0W0-L1R0W0-L1R0W0-L1R0W0-L1R0W0-L1R0W0-L1R0W0-L1R0W0-L1R0W0-L1R0W0-L1R0W0-L1R0W0-L1R0W0,,,merged,optimized,3,3,3,300.91312,300.94387333333333,300.88627,301.03223,0.06343188490201929,84.42573633333333,1.7762843333333334,214.7418526666667,,,custom:libsad_search_7e5293342e215a.so,/home/rzzhang/sad_merged/sad/build/libsad_search_7e5293342e215a.so
2026-08-23T04:49:16.360172+00:00,20260823T043020,joint:rzz-hea:16:f7fe3070b0c1d446,ok,,rzz-hea,16,8,float64,42,128,2,32,2,1,0.25,rotation,rotation,6,6,compact:L3R0W0-L3R0W0-L3R0W0-L3R0W0-L2R0W0-L2R0W0,compact:L3R0W0-L3R0W0-L3R0W0-L3R0W0-L2R0W0-L2R0W0,,,merged,optimized,5,3,5,1.259532,1.2619330000000002,1.258445,1.266642,0.0034455205122012676,0.361013,0.015427600000000001,0.8854924,,,custom:libsad_search_5851e15f736f52.so,/home/rzzhang/sad_merged/sad/build/libsad_search_5851e15f736f52.so
2026-08-23T04:49:16.385231+00:00,20260823T043020,joint:rzz-hea:8:dbf066e88f0234a5,ok,,rzz-hea,8,8,float64,42,32,2,128,2,1,0.0,rotation,rotation,2,1,compact:L4R0W0-L4R0W0,compact:L5R2W1,,,split,optimized,20,3,20,0.397274,0.3972259,0.396097,0.399253,0.0008483192736228555,0.11799865,0.0152278,0.26399944999999997,,,custom:libsad_search_0e4f539ceca897.so,/home/rzzhang/sad_merged/sad/build/libsad_search_0e4f539ceca897.so
2026-08-23T04:49:16.408736+00:00,20260823T043020,joint:rzz-hea:24:7231713abc247863,ok,,rzz-hea,24,8,float64,42,32,2,32,2,1,1.0,rotation,rotation,24,24,compact:L1R0W0-L1R0W0-L1R0W0-L1R0W0-L1R0W0-L1R0W0-L1R0W0-L1R0W0-L1R0W0-L1R0W0-L1R0W0-L1R0W0-L1R0W0-L1R0W0-L1R0W0-L1R0W0-L1R0W0-L1R0W0-L1R0W0-L1R0W0-L1R0W0-L1R0W0-L1R0W0-L1R0W0,compact:L1R0W0-L1R0W0-L1R0W0-L1R0W0-L1R0W0-L1R0W0-L1R0W0-L1R0W0-L1R0W0-L1R0W0-L1R0W0-L1R0W0-L1R0W0-L1R0W0-L1R0W0-L1R0W0-L1R0W0-L1R0W0-L1R0W0-L1R0W0-L1R0W0-L1R0W0-L1R0W0-L1R0W0,,,split,optimized,3,3,3,374.75893,374.74054300000006,374.69441400000005,374.76828500000005,0.03284095499016786,115.081213,1.7703013333333333,257.88902866666666,,,custom:libsad_search_3cb67c7e18cc99.so,/home/rzzhang/sad_merged/sad/build/libsad_search_3cb67c7e18cc99.so
2026-08-23T04:49:18.687326+00:00,20260823T043020,joint:rzz-hea:22:75a7c132fb161cf4,ok,,rzz-hea,22,8,float64,42,128,2,32,2,2,0.5,rotation,rotation,12,13,compact:L2R0W0-L2R0W0-L2R0W0-L2R0W0-L2R0W0-L2R0W0-L2R0W0-L2R0W0-L2R0W0-L2R0W0-L1R0W0-L1R0W0,compact:L2R0W0-L2R0W0-L2R0W0-L2R0W0-L2R0W0-L2R0W0-L2R0W0-L2R0W0-L2R0W0-L1R0W0-L1R0W0-L1R0W0-L1R0W0,,,split,optimized,3,3,3,48.487759000000004,48.4983,48.487721,48.519420000000004,0.014934103276283034,9.277472,0.40151633333333336,38.81931166666667,,,custom:libsad_search_3b115211f38255.so,/home/rzzhang/sad_merged/sad/build/libsad_search_3b115211f38255.so
2026-08-23T04:49:19.005138+00:00,20260823T043020,joint:rzz-hea:12:3f7a687d91d9d126,ok,,rzz-hea,12,8,float64,42,32,2,32,2,1,1.0,rotation,rotation,12,12,compact:L1R0W0-L1R0W0-L1R0W0-L1R0W0-L1R0W0-L1R0W0-L1R0W0-L1R0W0-L1R0W0-L1R0W0-L1R0W0-L1R0W0,compact:L1R0W0-L1R0W0-L1R0W0-L1R0W0-L1R0W0-L1R0W0-L1R0W0-L1R0W0-L1R0W0-L1R0W0-L1R0W0-L1R0W0,,,merged,optimized,10,3,10,0.9696695,0.9699744000000001,0.9686210000000001,0.971728,0.001017323960201486,0.4002523,0.0153499,0.5543722,,,custom:libsad_search_f9cdaf042a7bd6.so,/home/rzzhang/sad_merged/sad/build/libsad_search_f9cdaf042a7bd6.so
2026-08-23T04:49:19.031077+00:00,20260823T043020,joint:rzz-hea:6:74225fc43bac6ed8,ok,,rzz-hea,6,8,float64,42,128,2,128,2,1,0.25,rotation,rotation,2,2,compact:L3R0W0-L3R0W0,compact:L3R0W0-L3R0W0,,,split,optimized,20,3,20,0.34298399999999996,0.34284945,0.341863,0.346081,0.0009501697992990597,0.1048437,0.01544105,0.22256469999999998,,,custom:libsad_search_9361435758c99d.so,/home/rzzhang/sad_merged/sad/build/libsad_search_9361435758c99d.so
2026-08-23T04:49:19.052087+00:00,20260823T043020,joint:rzz-hea:6:483711965e6c1f76,ok,,rzz-hea,6,8,float64,42,128,2,32,2,2,1.0,rotation,rotation,6,6,compact:L1R0W0-L1R0W0-L1R0W0-L1R0W0-L1R0W0-L1R0W0,compact:L1R0W0-L1R0W0-L1R0W0-L1R0W0-L1R0W0-L1R0W0,,,split,optimized,20,3,20,0.46603,0.46618705,0.46484800000000004,0.46694900000000006,0.0006276704131150292,0.18395755,0.0153869,0.26684260000000004,,,custom:libsad_search_3b115211f38255.so,/home/rzzhang/sad_merged/sad/build/libsad_search_3b115211f38255.so
2026-08-23T04:49:19.075650+00:00,20260823T043020,joint:rzz-hea:20:951c19182a6b28ad,ok,,rzz-hea,20,8,float64,42,128,2,32,2,2,1.0,rotation,rotation,20,20,compact:L1R0W0-L1R0W0-L1R0W0-L1R0W0-L1R0W0-L1R0W0-L1R0W0-L1R0W0-L1R0W0-L1R0W0-L1R0W0-L1R0W0-L1R0W0-L1R0W0-L1R0W0-L1R0W0-L1R0W0-L1R0W0-L1R0W0-L1R0W0,compact:L1R0W0-L1R0W0-L1R0W0-L1R0W0-L1R0W0-L1R0W0-L1R0W0-L1R0W0-L1R0W0-L1R0W0-L1R0W0-L1R0W0-L1R0W0-L1R0W0-L1R0W0-L1R0W0-L1R0W0-L1R0W0-L1R0W0-L1R0W0,,,merged,optimized,5,3,5,10.936288,10.9343004,10.923767,10.940288999999998,0.0056888241878262575,3.1941478000000005,0.1058682,7.634284399999999,,,custom:libsad_search_d014591f51543a.so,/home/rzzhang/sad_merged/sad/build/libsad_search_d014591f51543a.so
2026-08-23T04:49:19.176926+00:00,20260823T043020,joint:rzz-hea:4:0ba765dc39bb6609,ok,,rzz-hea,4,8,float64,42,32,2,32,2,2,1.0,rotation,rotation,4,4,compact:L1R0W0-L1R0W0-L1R0W0-L1R0W0,compact:L1R0W0-L1R0W0-L1R0W0-L1R0W0,,,split,optimized,20,3,20,0.33690450000000005,0.33716795,0.33567199999999997,0.34002800000000005,0.001057285272525838,0.12735984999999997,0.015427550000000002,0.19438054999999999,,,custom:libsad_search_16d9d6cef53b3d.so,/home/rzzhang/sad_merged/sad/build/libsad_search_16d9d6cef53b3d.so
2026-08-23T04:49:19.197842+00:00,20260823T043020,joint:rzz-hea:6:c8224bd88bae600e,ok,,rzz-hea,6,8,float64,42,128,2,128,2,2,0.0,rotation,rotation,1,1,compact:L5R1W0,compact:L5R1W0,,,split,optimized,20,3,20,0.32145899999999994,0.32119345,0.320425,0.322546,0.0006504338148497601,0.09045605,0.01555515,0.21518225,,,custom:libsad_search_d02bea87aa5c56.so,/home/rzzhang/sad_merged/sad/build/libsad_search_d02bea87aa5c56.so
2026-08-23T04:49:19.218403+00:00,20260823T043020,joint:rzz-hea:24:fd16bdc2f9494f23,ok,,rzz-hea,24,8,float64,42,64,2,64,2,2,0.0,rotation,rotation,3,3,compact:L5R2W1-L5R2W1-L5R2W1,compact:L5R2W1-L5R2W1-L5R2W1,,,merged,optimized,3,3,3,133.130098,133.266989,133.117677,133.553192,0.20243960122630864,28.167712,1.7521126666666667,103.34716433333334,,,custom:libsad_search_97eec9f2a848ec.so,/home/rzzhang/sad_merged/sad/build/libsad_search_97eec9f2a848ec.so
2026-08-23T04:49:20.063473+00:00,20260823T043020,joint:rzz-hea:20:d703eaa41bb1826e,ok,,rzz-hea,20,8,float64,42,128,2,32,2,1,1.0,rotation,rotation,20,20,compact:L1R0W0-L1R0W0-L1R0W0-L1R0W0-L1R0W0-L1R0W0-L1R0W0-L1R0W0-L1R0W0-L1R0W0-L1R0W0-L1R0W0-L1R0W0-L1R0W0-L1R0W0-L1R0W0-L1R0W0-L1R0W0-L1R0W0-L1R0W0,compact:L1R0W0-L1R0W0-L1R0W0-L1R0W0-L1R0W0-L1R0W0-L1R0W0-L1R0W0-L1R0W0-L1R0W0-L1R0W0-L1R0W0-L1R0W0-L1R0W0-L1R0W0-L1R0W0-L1R0W0-L1R0W0-L1R0W0-L1R0W0,,,merged,optimized,5,3,5,10.329129,10.3260546,10.310691,10.336186000000001,0.008474344307378812,3.0540506,0.09728339999999999,7.174720599999999,,,custom:libsad_search_5851e15f736f52.so,/home/rzzhang/sad_merged/sad/build/libsad_search_5851e15f736f52.so
2026-08-23T04:49:20.161147+00:00,20260823T043020,joint:rzz-hea:14:9191dd98255d8e67,ok,,rzz-hea,14,8,float64,42,128,2,32,2,1,0.5,rotation,rotation,8,8,compact:L2R0W0-L2R0W0-L2R0W0-L2R0W0-L2R0W0-L2R0W0-L1R0W0-L1R0W0,compact:L2R0W0-L2R0W0-L2R0W0-L2R0W0-L2R0W0-L2R0W0-L1R0W0-L1R0W0,,,split,optimized,10,3,10,0.9379465,0.9390703,0.936914,0.946049,0.0025467348919744233,0.3824527,0.015456899999999997,0.5411606999999999,,,custom:libsad_search_7259903b8346c4.so,/home/rzzhang/sad_merged/sad/build/libsad_search_7259903b8346c4.so
2026-08-23T04:49:20.186745+00:00,20260823T043020,joint:rzz-hea:8:91868b808a8b1923,ok,,rzz-hea,8,8,float64,42,128,2,128,2,2,1.0,rotation,rotation,8,8,compact:L1R0W0-L1R0W0-L1R0W0-L1R0W0-L1R0W0-L1R0W0-L1R0W0-L1R0W0,compact:L1R0W0-L1R0W0-L1R0W0-L1R0W0-L1R0W0-L1R0W0-L1R0W0-L1R0W0,,,merged,optimized,20,3,20,0.681394,0.6814790000000001,0.6798749999999999,0.6840049999999999,0.0009392994730116608,0.2630907,0.015282800000000003,0.40310549999999995,,,custom:libsad_search_b969ada61d8a74.so,/home/rzzhang/sad_merged/sad/build/libsad_search_b969ada61d8a74.so
2026-08-23T04:49:20.215681+00:00,20260823T043020,joint:rzz-hea:28:95384e43cbd457fc,ok,,rzz-hea,28,8,float64,42,128,2,128,2,2,0.5,rotation,rotation,16,16,compact:L2R0W0-L2R0W0-L2R0W0-L2R0W0-L2R0W0-L2R0W0-L2R0W0-L2R0W0-L2R0W0-L2R0W0-L2R0W0-L2R0W0-L1R0W0-L1R0W0-L1R0W0-L1R0W0,compact:L2R0W0-L2R0W0-L2R0W0-L2R0W0-L2R0W0-L2R0W0-L2R0W0-L2R0W0-L2R0W0-L2R0W0-L2R0W0-L2R0W0-L1R0W0-L1R0W0-L1R0W0-L1R0W0,,,merged,optimized,2,3,2,4283.543543000001,4283.543543000001,4282.316907,4284.770179000001,1.226636000000326,1158.1129495,81.53283449999999,3043.897759,,,custom:libsad_search_b969ada61d8a74.so,/home/rzzhang/sad_merged/sad/build/libsad_search_b969ada61d8a74.so
2026-08-23T04:49:41.666205+00:00,20260823T043020,joint:rzz-hea:24:5ebd8ea6a94abc18,ok,,rzz-hea,24,8,float64,42,128,2,32,2,1,0.0,legacy,legacy,0,0,,,,,not_applicable,legacy-generic,3,3,3,141.023546,141.002055,140.955266,141.027353,0.033121304352340966,40.869866666666674,1.7726083333333333,98.35958000000001,,,custom:libsad_search_eaf59e83158800.so,/home/rzzhang/sad_merged/sad/build/libsad_search_eaf59e83158800.so
2026-08-23T04:49:42.558304+00:00,20260823T043020,joint:rzz-hea:12:23a23c9278982256,ok,,rzz-hea,12,8,float64,42,32,2,128,2,1,0.5,rotation,rotation,7,7,compact:L2R0W0-L2R0W0-L2R0W0-L2R0W0-L2R0W0-L1R0W0-L1R0W0,compact:L2R0W0-L2R0W0-L2R0W0-L2R0W0-L2R0W0-L1R0W0-L1R0W0,,,merged,optimized,10,3,10,0.8017670000000001,0.8026770000000001,0.800607,0.808931,0.0026863060882929652,0.2649367,0.015481699999999998,0.5222585999999999,,,custom:libsad_search_2a8327787a9aac.so,/home/rzzhang/sad_merged/sad/build/libsad_search_2a8327787a9aac.so
2026-08-23T04:49:42.582732+00:00,20260823T043020,joint:rzz-hea:16:506217edb391716c,ok,,rzz-hea,16,8,float64,42,32,2,32,2,1,0.75,rotation,rotation,13,13,compact:L2R0W0-L2R0W0-L2R0W0-L1R0W0-L1R0W0-L1R0W0-L1R0W0-L1R0W0-L1R0W0-L1R0W0-L1R0W0-L1R0W0-L1R0W0,compact:L2R0W0-L2R0W0-L2R0W0-L1R0W0-L1R0W0-L1R0W0-L1R0W0-L1R0W0-L1R0W0-L1R0W0-L1R0W0-L1R0W0-L1R0W0,,,split,optimized,5,3,5,1.6497920000000001,1.6504774000000002,1.649568,1.652677,0.001172644976111693,0.5703984000000001,0.0154012,1.0646778,,,custom:libsad_search_3cb67c7e18cc99.so,/home/rzzhang/sad_merged/sad/build/libsad_search_3cb67c7e18cc99.so
2026-08-23T04:49:42.609300+00:00,20260823T043020,joint:rzz-hea:10:ffc003f3f382df3d,ok,,rzz-hea,10,8,float64,42,32,2,128,2,1,0.0,legacy,legacy,0,0,,,,,not_applicable,legacy-generic,10,3,10,0.5088385,0.5086822,0.507807,0.5098280000000001,0.0006084479928473789,0.1488576,0.015338899999999999,0.34448569999999995,,,custom:libsad_search_ada51c8f4b2976.so,/home/rzzhang/sad_merged/sad/build/libsad_search_ada51c8f4b2976.so
2026-08-23T04:49:42.628772+00:00,20260823T043020,joint:rzz-hea:14:447f30ec99d6d0ce,ok,,rzz-hea,14,8,float64,42,32,2,32,2,1,0.5,rotation,rotation,8,8,compact:L2R0W0-L2R0W0-L2R0W0-L2R0W0-L2R0W0-L2R0W0-L1R0W0-L1R0W0,compact:L2R0W0-L2R0W0-L2R0W0-L2R0W0-L2R0W0-L2R0W0-L1R0W0-L1R0W0,,,split,optimized,10,3,10,0.8821255000000001,0.8819373,0.8806740000000001,0.88266,0.000747181912254283,0.3260274,0.015477399999999999,0.5404325,,,custom:libsad_search_3cb67c7e18cc99.so,/home/rzzhang/sad_merged/sad/build/libsad_search_3cb67c7e18cc99.so
2026-08-23T04:49:42.653603+00:00,20260823T043020,joint:rzz-hea:16:3c553c9d103c0fa5,ok,,rzz-hea,16,8,float64,42,32,2,32,2,1,1.0,rotation,rotation,16,16,compact:L1R0W0-L1R0W0-L1R0W0-L1R0W0-L1R0W0-L1R0W0-L1R0W0-L1R0W0-L1R0W0-L1R0W0-L1R0W0-L1R0W0-L1R0W0-L1R0W0-L1R0W0-L1R0W0,compact:L1R0W0-L1R0W0-L1R0W0-L1R0W0-L1R0W0-L1R0W0-L1R0W0-L1R0W0-L1R0W0-L1R0W0-L1R0W0-L1R0W0-L1R0W0-L1R0W0-L1R0W0-L1R0W0,,,split,optimized,5,3,5,1.869771,1.8706018,1.8687730000000002,1.87284,0.0015298830543541042,0.6714202,0.0157448,1.1834368,,,custom:libsad_search_3cb67c7e18cc99.so,/home/rzzhang/sad_merged/sad/build/libsad_search_3cb67c7e18cc99.so
2026-08-23T04:49:42.682064+00:00,20260823T043020,joint:rzz-hea:24:1dc876d474442154,ok,,rzz-hea,24,8,float64,42,64,2,64,2,1,0.0,rotation,rotation,3,3,compact:L5R2W1-L5R2W1-L5R2W1,compact:L5R2W1-L5R2W1-L5R2W1,,,merged,optimized,3,3,3,135.787654,135.842634,135.25045,136.489798,0.5074530957477773,28.41933066666667,1.754683666666667,105.66861966666667,,,custom:libsad_search_7e5293342e215a.so,/home/rzzhang/sad_merged/sad/build/libsad_search_7e5293342e215a.so
2026-08-23T04:49:43.546681+00:00,20260823T043020,joint:rzz-hea:20:6c7be15addd97a18,ok,,rzz-hea,20,8,float64,42,32,2,32,2,2,1.0,rotation,rotation,20,20,compact:L1R0W0-L1R0W0-L1R0W0-L1R0W0-L1R0W0-L1R0W0-L1R0W0-L1R0W0-L1R0W0-L1R0W0-L1R0W0-L1R0W0-L1R0W0-L1R0W0-L1R0W0-L1R0W0-L1R0W0-L1R0W0-L1R0W0-L1R0W0,compact:L1R0W0-L1R0W0-L1R0W0-L1R0W0-L1R0W0-L1R0W0-L1R0W0-L1R0W0-L1R0W0-L1R0W0-L1R0W0-L1R0W0-L1R0W0-L1R0W0-L1R0W0-L1R0W0-L1R0W0-L1R0W0-L1R0W0-L1R0W0,,,merged,optimized,5,3,5,10.448323,10.4499362,10.446521,10.455147000000002,0.0034854547709019324,3.1986196,0.0975616,7.153755,,,custom:libsad_search_dcff342f285260.so,/home/rzzhang/sad_merged/sad/build/libsad_search_dcff342f285260.so
2026-08-23T04:49:43.645249+00:00,20260823T043020,joint:rzz-hea:6:7bffa33829f8220c,ok,,rzz-hea,6,8,float64,42,32,2,128,2,2,0.0,rotation,rotation,1,1,compact:L5R1W0,compact:L5R1W0,,,merged,optimized,20,3,20,0.24570699999999998,0.2454631,0.24068,0.24700699999999998,0.0013694630298040117,0.054103599999999995,0.015438150000000001,0.17592134999999998,,,custom:libsad_search_fce412939d20fb.so,/home/rzzhang/sad_merged/sad/build/libsad_search_fce412939d20fb.so
2026-08-23T04:49:43.663810+00:00,20260823T043020,joint:rzz-hea:4:f2e39aa7e0663f51,ok,,rzz-hea,4,8,float64,42,128,2,32,2,1,0.0,rotation,rotation,1,1,compact:L4R0W0,compact:L4R0W0,,,split,optimized,20,3,20,0.22322200000000003,0.22217285000000003,0.21612399999999998,0.225608,0.003072511241232488,0.07541265,0.0154235,0.13133669999999997,,,custom:libsad_search_7259903b8346c4.so,/home/rzzhang/sad_merged/sad/build/libsad_search_7259903b8346c4.so
2026-08-23T04:49:43.681683+00:00,20260823T043020,joint:rzz-hea:12:868e92ad34535189,ok,,rzz-hea,12,8,float64,42,128,2,32,2,1,0.25,rotation,rotation,4,4,compact:L3R0W0-L3R0W0-L3R0W0-L3R0W0,compact:L3R0W0-L3R0W0-L3R0W0-L3R0W0,,,merged,optimized,10,3,10,0.5984915,0.5988976,0.5979119999999999,0.602142,0.0012717801067794621,0.2459807,0.0156789,0.33723800000000004,,,custom:libsad_search_5851e15f736f52.so,/home/rzzhang/sad_merged/sad/build/libsad_search_5851e15f736f52.so
2026-08-23T04:49:43.702884+00:00,20260823T043020,joint:rzz-hea:8:0143490ae06a2872,ok,,rzz-hea,8,8,float64,42,64,2,64,2,2,0.75,rotation,rotation,6,6,compact:L2R0W0-L2R0W0-L1R0W0-L1R0W0-L1R0W0-L1R0W0,compact:L2R0W0-L2R0W0-L1R0W0-L1R0W0-L1R0W0-L1R0W0,,,split,optimized,20,3,20,0.5938005,0.5909151500000001,0.585549,0.594619,0.003723696782432749,0.21612074999999997,0.015280750000000001,0.35951365,,,custom:libsad_search_20c37ff249ec0a.so,/home/rzzhang/sad_merged/sad/build/libsad_search_20c37ff249ec0a.so
2026-08-23T04:49:43.729736+00:00,20260823T043020,joint:rzz-hea:18:97f1dab177474056,ok,,rzz-hea,18,8,float64,42,128,2,32,2,2,0.5,rotation,rotation,10,10,compact:L2R0W0-L2R0W0-L2R0W0-L2R0W0-L2R0W0-L2R0W0-L2R0W0-L2R0W0-L1R0W0-L1R0W0,compact:L2R0W0-L2R0W0-L2R0W0-L2R0W0-L2R0W0-L2R0W0-L2R0W0-L2R0W0-L1R0W0-L1R0W0,,,split,optimized,5,3,5,2.970647,2.9721546,2.968114,2.976801,0.0034375642888534773,0.9574304,0.0352064,1.9795178,,,custom:libsad_search_3b115211f38255.so,/home/rzzhang/sad_merged/sad/build/libsad_search_3b115211f38255.so
2026-08-23T04:49:43.767569+00:00,20260823T043020,joint:rzz-hea:12:5c6d321b4096378b,ok,,rzz-hea,12,8,float64,42,32,2,128,2,1,0.0,rotation,rotation,2,2,compact:L5R1W0-L5R1W0,compact:L5R1W0-L5R1W0,,,split,optimized,10,3,10,0.5810695,0.5836473,0.5803889999999999,0.5887979999999999,0.003610777424599843,0.1464995,0.0153037,0.4218441,,,custom:libsad_search_0e4f539ceca897.so,/home/rzzhang/sad_merged/sad/build/libsad_search_0e4f539ceca897.so
2026-08-23T04:49:43.788231+00:00,20260823T043020,joint:rzz-hea:6:212fb2f0f7012469,ok,,rzz-hea,6,8,float64,42,64,2,64,2,2,0.75,rotation,rotation,5,5,compact:L2R0W0-L1R0W0-L1R0W0-L1R0W0-L1R0W0,compact:L2R0W0-L1R0W0-L1R0W0-L1R0W0-L1R0W0,,,merged,optimized,20,3,20,0.391086,0.3910264,0.389218,0.39239999999999997,0.0007260386628823547,0.1391592,0.015486649999999998,0.23638054999999997,,,custom:libsad_search_97eec9f2a848ec.so,/home/rzzhang/sad_merged/sad/build/libsad_search_97eec9f2a848ec.so
2026-08-23T04:49:43.810266+00:00,20260823T043020,joint:rzz-hea:6:f1863bde64523396,ok,,rzz-hea,6,8,float64,42,64,2,64,2,2,0.75,rotation,rotation,5,5,compact:L2R0W0-L1R0W0-L1R0W0-L1R0W0-L1R0W0,compact:L2R0W0-L1R0W0-L1R0W0-L1R0W0-L1R0W0,,,split,optimized,20,3,20,0.43404199999999993,0.4338436,0.429953,0.439344,0.001582954560308043,0.16003555,0.015234800000000001,0.25857325,,,custom:libsad_search_20c37ff249ec0a.so,/home/rzzhang/sad_merged/sad/build/libsad_search_20c37ff249ec0a.so
2026-08-23T04:49:43.832956+00:00,20260823T043020,joint:rzz-hea:10:59bc77e097e87835,ok,,rzz-hea,10,8,float64,42,32,2,128,2,1,0.25,rotation,rotation,4,4,compact:L3R0W0-L3R0W0-L2R0W0-L2R0W0,compact:L3R0W0-L3R0W0-L2R0W0-L2R0W0,,,split,optimized,10,3,10,0.6343429999999999,0.6343418,0.6336309999999999,0.635011,0.0005606148053699799,0.18701919999999997,0.015356699999999997,0.4319659,,,custom:libsad_search_0e4f539ceca897.so,/home/rzzhang/sad_merged/sad/build/libsad_search_0e4f539ceca897.so
2026-08-23T04:49:43.853928+00:00,20260823T043020,joint:rzz-hea:6:1c85abb30dceffb9,ok,,rzz-hea,6,8,float64,42,128,2,128,2,2,1.0,rotation,rotation,6,6,compact:L1R0W0-L1R0W0-L1R0W0-L1R0W0-L1R0W0-L1R0W0,compact:L1R0W0-L1R0W0-L1R0W0-L1R0W0-L1R0W0-L1R0W0,,,split,optimized,20,3,20,0.5293775000000001,0.52931795,0.5282410000000001,0.5304679999999999,0.0007742446948478058,0.1908694,0.015452700000000002,0.32299585,,,custom:libsad_search_d02bea87aa5c56.so,/home/rzzhang/sad_merged/sad/build/libsad_search_d02bea87aa5c56.so
2026-08-23T04:49:43.879082+00:00,20260823T043020,joint:rzz-hea:22:4453b10bc984e30d,ok,,rzz-hea,22,8,float64,42,128,2,32,2,2,0.75,rotation,rotation,17,18,compact:L2R0W0-L2R0W0-L2R0W0-L2R0W0-L2R0W0-L1R0W0-L1R0W0-L1R0W0-L1R0W0-L1R0W0-L1R0W0-L1R0W0-L1R0W0-L1R0W0-L1R0W0-L1R0W0-L1R0W0,compact:L2R0W0-L2R0W0-L2R0W0-L2R0W0-L1R0W0-L1R0W0-L1R0W0-L1R0W0-L1R0W0-L1R0W0-L1R0W0-L1R0W0-L1R0W0-L1R0W0-L1R0W0-L1R0W0-L1R0W0-L1R0W0,,,split,optimized,3,3,3,63.35840400000001,63.36388233333334,63.318257,63.414986000000006,0.039678994966551945,12.071277666666667,0.4258843333333333,50.86672033333334,,,custom:libsad_search_3b115211f38255.so,/home/rzzhang/sad_merged/sad/build/libsad_search_3b115211f38255.so
2026-08-23T04:49:44.286106+00:00,20260823T043020,joint:rzz-hea:6:2b0c4062daa5cccf,ok,,rzz-hea,6,8,float64,42,32,2,32,2,2,0.5,rotation,rotation,4,4,compact:L2R0W0-L2R0W0-L1R0W0-L1R0W0,compact:L2R0W0-L2R0W0-L1R0W0-L1R0W0,,,split,optimized,20,3,20,0.3777755,0.37761330000000004,0.37670300000000007,0.37999099999999997,0.0007137939548637127,0.135185,0.015249750000000001,0.22717855,,,custom:libsad_search_16d9d6cef53b3d.so,/home/rzzhang/sad_merged/sad/build/libsad_search_16d9d6cef53b3d.so
2026-08-23T04:49:44.308310+00:00,20260823T043020,joint:rzz-hea:10:d29364741fa976c3,ok,,rzz-hea,10,8,float64,42,32,2,32,2,2,0.25,rotation,rotation,4,4,compact:L3R0W0-L3R0W0-L2R0W0-L2R0W0,compact:L3R0W0-L3R0W0-L2R0W0-L2R0W0,,,split,optimized,10,3,10,0.5334380000000001,0.5332551999999999,0.531485,0.534581,0.0008855040146718592,0.1847019,0.015541600000000001,0.3330117,,,custom:libsad_search_16d9d6cef53b3d.so,/home/rzzhang/sad_merged/sad/build/libsad_search_16d9d6cef53b3d.so
2026-08-23T04:49:44.327954+00:00,20260823T043020,joint:rzz-hea:24:d745c40f60700bae,ok,,rzz-hea,24,8,float64,42,64,2,64,2,1,1.0,rotation,rotation,24,24,compact:L1R0W0-L1R0W0-L1R0W0-L1R0W0-L1R0W0-L1R0W0-L1R0W0-L1R0W0-L1R0W0-L1R0W0-L1R0W0-L1R0W0-L1R0W0-L1R0W0-L1R0W0-L1R0W0-L1R0W0-L1R0W0-L1R0W0-L1R0W0-L1R0W0-L1R0W0-L1R0W0-L1R0W0,compact:L1R0W0-L1R0W0-L1R0W0-L1R0W0-L1R0W0-L1R0W0-L1R0W0-L1R0W0-L1R0W0-L1R0W0-L1R0W0-L1R0W0-L1R0W0-L1R0W0-L1R0W0-L1R0W0-L1R0W0-L1R0W0-L1R0W0-L1R0W0-L1R0W0-L1R0W0-L1R0W0-L1R0W0,,,split,optimized,3,3,3,375.443243,375.4614693333333,375.421084,375.520081,0.042420521152962326,115.42228466666667,1.769865,258.26931966666666,,,custom:libsad_search_7ec063ebc99501.so,/home/rzzhang/sad_merged/sad/build/libsad_search_7ec063ebc99501.so
2026-08-23T04:49:46.610905+00:00,20260823T043020,joint:rzz-hea:22:e9db1689d7e0e058,ok,,rzz-hea,22,8,float64,42,128,2,32,2,1,0.25,rotation,rotation,8,8,compact:L3R0W0-L3R0W0-L3R0W0-L3R0W0-L3R0W0-L3R0W0-L2R0W0-L2R0W0,compact:L3R0W0-L3R0W0-L3R0W0-L3R0W0-L3R0W0-L3R0W0-L2R0W0-L2R0W0,,,merged,optimized,3,3,3,35.275764,35.289652999999994,35.230988999999994,35.362206,0.05446193479853833,7.084261000000001,0.4090796666666667,27.796312333333333,,,custom:libsad_search_5851e15f736f52.so,/home/rzzhang/sad_merged/sad/build/libsad_search_5851e15f736f52.so
2026-08-23T04:49:46.849008+00:00,20260823T043020,joint:rzz-hea:22:8c0a15ab9b07023f,ok,,rzz-hea,22,8,float64,42,64,2,64,2,2,0.5,rotation,rotation,12,12,compact:L2R0W0-L2R0W0-L2R0W0-L2R0W0-L2R0W0-L2R0W0-L2R0W0-L2R0W0-L2R0W0-L2R0W0-L1R0W0-L1R0W0,compact:L2R0W0-L2R0W0-L2R0W0-L2R0W0-L2R0W0-L2R0W0-L2R0W0-L2R0W0-L2R0W0-L2R0W0-L1R0W0-L1R0W0,,,split,optimized,3,3,3,46.504146,46.34653,46.007602,46.527842,0.23985345107933473,9.358427,0.42047399999999996,36.567629,,,custom:libsad_search_20c37ff249ec0a.so,/home/rzzhang/sad_merged/sad/build/libsad_search_20c37ff249ec0a.so
2026-08-23T04:49:47.153809+00:00,20260823T043020,joint:rzz-hea:4:967247a23241b9a6,ok,,rzz-hea,4,8,float64,42,128,2,128,2,1,0.0,legacy,legacy,0,0,,,,,not_applicable,legacy-generic,20,3,20,0.2580335,0.25883015,0.256034,0.26920000000000005,0.002848391410515776,0.08540885,0.0153317,0.1580896,,,custom:libsad_search_78e231cd0d5107.so,/home/rzzhang/sad_merged/sad/build/libsad_search_78e231cd0d5107.so
2026-08-23T04:49:47.173230+00:00,20260823T043020,joint:rzz-hea:6:899fd98e40984bbc,ok,,rzz-hea,6,8,float64,42,32,2,32,2,1,0.75,rotation,rotation,5,5,compact:L2R0W0-L1R0W0-L1R0W0-L1R0W0-L1R0W0,compact:L2R0W0-L1R0W0-L1R0W0-L1R0W0-L1R0W0,,,merged,optimized,20,3,20,0.3665045,0.36695905,0.36555099999999996,0.370769,0.0013562764273922973,0.1312803,0.0152079,0.22047084999999997,,,custom:libsad_search_f9cdaf042a7bd6.so,/home/rzzhang/sad_merged/sad/build/libsad_search_f9cdaf042a7bd6.so
2026-08-23T04:49:47.195183+00:00,20260823T043020,joint:rzz-hea:16:ca51be8f14c3baf1,ok,,rzz-hea,16,8,float64,42,32,2,32,2,1,0.75,rotation,rotation,13,13,compact:L2R0W0-L2R0W0-L2R0W0-L1R0W0-L1R0W0-L1R0W0-L1R0W0-L1R0W0-L1R0W0-L1R0W0-L1R0W0-L1R0W0-L1R0W0,compact:L2R0W0-L2R0W0-L2R0W0-L1R0W0-L1R0W0-L1R0W0-L1R0W0-L1R0W0-L1R0W0-L1R0W0-L1R0W0-L1R0W0-L1R0W0,,,merged,optimized,5,3,5,1.742862,1.7438638000000002,1.7428229999999998,1.745913,0.0012940660570466137,0.563591,0.015622800000000003,1.1646500000000002,,,custom:libsad_search_f9cdaf042a7bd6.so,/home/rzzhang/sad_merged/sad/build/libsad_search_f9cdaf042a7bd6.so
2026-08-23T04:49:47.222620+00:00,20260823T043020,joint:rzz-hea:24:4a2451d8d9c9c455,ok,,rzz-hea,24,8,float64,42,128,2,32,2,1,0.5,rotation,rotation,14,14,compact:L2R0W0-L2R0W0-L2R0W0-L2R0W0-L2R0W0-L2R0W0-L2R0W0-L2R0W0-L2R0W0-L2R0W0-L1R0W0-L1R0W0-L1R0W0-L1R0W0,compact:L2R0W0-L2R0W0-L2R0W0-L2R0W0-L2R0W0-L2R0W0-L2R0W0-L2R0W0-L2R0W0-L2R0W0-L1R0W0-L1R0W0-L1R0W0-L1R0W0,,,merged,optimized,3,3,3,233.085504,233.08278966666668,233.073304,233.089561,0.006908845360996686,63.811767,1.7775873333333332,167.49343533333337,,,custom:libsad_search_5851e15f736f52.so,/home/rzzhang/sad_merged/sad/build/libsad_search_5851e15f736f52.so
2026-08-23T04:49:48.653843+00:00,20260823T043020,joint:rzz-hea:6:0e0320732fd85ddf,ok,,rzz-hea,6,8,float64,42,32,2,32,2,2,0.75,rotation,rotation,5,5,compact:L2R0W0-L1R0W0-L1R0W0-L1R0W0-L1R0W0,compact:L2R0W0-L1R0W0-L1R0W0-L1R0W0-L1R0W0,,,merged,optimized,20,3,20,0.36654299999999995,0.36651105,0.365473,0.369778,0.0009715478101977257,0.12997745,0.0155137,0.2210199,,,custom:libsad_search_dcff342f285260.so,/home/rzzhang/sad_merged/sad/build/libsad_search_dcff342f285260.so
2026-08-23T04:49:48.675922+00:00,20260823T043020,joint:rzz-hea:12:659426df84300013,ok,,rzz-hea,12,8,float64,42,64,2,64,2,1,0.25,rotation,rotation,4,4,compact:L3R0W0-L3R0W0-L3R0W0-L3R0W0,compact:L3R0W0-L3R0W0-L3R0W0-L3R0W0,,,split,optimized,10,3,10,0.624691,0.6250157,0.6243819999999999,0.6266660000000001,0.0007012068239827882,0.2112288,0.0152118,0.3985751,,,custom:libsad_search_7ec063ebc99501.so,/home/rzzhang/sad_merged/sad/build/libsad_search_7ec063ebc99501.so
2026-08-23T04:49:48.696987+00:00,20260823T043020,joint:rzz-hea:14:35d497af33fa314c,ok,,rzz-hea,14,8,float64,42,128,2,32,2,2,0.0,rotation,rotation,2,2,compact:L5R2W0-L5R2W0,compact:L5R2W0-L5R2W0,,,merged,optimized,10,3,10,0.5304865000000001,0.5311041,0.530311,0.534459,0.0011981017861600973,0.19244489999999997,0.0153103,0.3233489,,,custom:libsad_search_d014591f51543a.so,/home/rzzhang/sad_merged/sad/build/libsad_search_d014591f51543a.so
2026-08-23T04:49:48.716970+00:00,20260823T043020,joint:rzz-hea:10:b17aa5460390e365,ok,,rzz-hea,10,8,float64,42,32,2,128,2,1,0.75,rotation,rotation,8,8,compact:L2R0W0-L2R0W0-L1R0W0-L1R0W0-L1R0W0-L1R0W0-L1R0W0-L1R0W0,compact:L2R0W0-L2R0W0-L1R0W0-L1R0W0-L1R0W0-L1R0W0-L1R0W0-L1R0W0,,,split,optimized,10,3,10,0.8488685,0.8486532999999999,0.845034,0.851966,0.0018224627321292682,0.2840501,0.015429199999999997,0.549174,,,custom:libsad_search_0e4f539ceca897.so,/home/rzzhang/sad_merged/sad/build/libsad_search_0e4f539ceca897.so
2026-08-23T04:49:48.740982+00:00,20260823T043020,joint:rzz-hea:10:c2c87cb625b4d9b4,ok,,rzz-hea,10,8,float64,42,32,2,32,2,2,0.0,rotation,rotation,2,2,compact:L5R0W0-L5R0W0,compact:L5R0W0-L5R0W0,,,merged,optimized,10,3,10,0.37110350000000003,0.3711537,0.370537,0.371806,0.0005193226453756824,0.1227907,0.0153806,0.23298239999999998,,,custom:libsad_search_dcff342f285260.so,/home/rzzhang/sad_merged/sad/build/libsad_search_dcff342f285260.so
2026-08-23T04:49:48.758589+00:00,20260823T043020,joint:rzz-hea:22:91cb117929d338f6,ok,,rzz-hea,22,8,float64,42,128,2,128,2,2,0.5,rotation,rotation,12,12,compact:L2R0W0-L2R0W0-L2R0W0-L2R0W0-L2R0W0-L2R0W0-L2R0W0-L2R0W0-L2R0W0-L2R0W0-L1R0W0-L1R0W0,compact:L2R0W0-L2R0W0-L2R0W0-L2R0W0-L2R0W0-L2R0W0-L2R0W0-L2R0W0-L2R0W0-L2R0W0-L1R0W0-L1R0W0,,,split,optimized,3,3,3,46.929228,46.938753999999996,46.927952000000005,46.959082,0.014383502864971729,9.511379666666667,0.4266946666666666,37.00067966666667,,,custom:libsad_search_d02bea87aa5c56.so,/home/rzzhang/sad_merged/sad/build/libsad_search_d02bea87aa5c56.so
2026-08-23T04:49:49.066144+00:00,20260823T043020,joint:rzz-hea:26:5ee5abc71fcc44a9,ok,,rzz-hea,26,8,float64,42,64,2,64,2,2,0.5,rotation,rotation,15,15,compact:L2R0W0-L2R0W0-L2R0W0-L2R0W0-L2R0W0-L2R0W0-L2R0W0-L2R0W0-L2R0W0-L2R0W0-L2R0W0-L1R0W0-L1R0W0-L1R0W0-L1R0W0,compact:L2R0W0-L2R0W0-L2R0W0-L2R0W0-L2R0W0-L2R0W0-L2R0W0-L2R0W0-L2R0W0-L2R0W0-L2R0W0-L1R0W0-L1R0W0-L1R0W0-L1R0W0,,,split,optimized,2,3,2,1020.7010285000001,1020.7010285000001,1020.5871100000002,1020.8149470000001,0.11391849999995429,314.32806049999994,10.235227499999999,696.1377405,,,custom:libsad_search_20c37ff249ec0a.so,/home/rzzhang/sad_merged/sad/build/libsad_search_20c37ff249ec0a.so
2026-08-23T04:49:54.203550+00:00,20260823T043020,joint:rzz-hea:14:34cc4ba88d1b753a,ok,,rzz-hea,14,8,float64,42,128,2,128,2,2,1.0,rotation,rotation,14,14,compact:L1R0W0-L1R0W0-L1R0W0-L1R0W0-L1R0W0-L1R0W0-L1R0W0-L1R0W0-L1R0W0-L1R0W0-L1R0W0-L1R0W0-L1R0W0-L1R0W0,compact:L1R0W0-L1R0W0-L1R0W0-L1R0W0-L1R0W0-L1R0W0-L1R0W0-L1R0W0-L1R0W0-L1R0W0-L1R0W0-L1R0W0-L1R0W0-L1R0W0,,,split,optimized,10,3,10,1.5083104999999999,1.5067769,1.500267,1.5093760000000003,0.0031519434782369088,0.5849011999999999,0.015423899999999999,0.9064518,,,custom:libsad_search_d02bea87aa5c56.so,/home/rzzhang/sad_merged/sad/build/libsad_search_d02bea87aa5c56.so
2026-08-23T04:49:54.242867+00:00,20260823T043020,joint:rzz-hea:20:154131f507ae3af9,ok,,rzz-hea,20,8,float64,42,128,2,32,2,2,0.5,rotation,rotation,12,12,compact:L2R0W0-L2R0W0-L2R0W0-L2R0W0-L2R0W0-L2R0W0-L2R0W0-L2R0W0-L1R0W0-L1R0W0-L1R0W0-L1R0W0,compact:L2R0W0-L2R0W0-L2R0W0-L2R0W0-L2R0W0-L2R0W0-L2R0W0-L2R0W0-L1R0W0-L1R0W0-L1R0W0-L1R0W0,,,split,optimized,5,3,5,8.579074,8.5807088,8.575016,8.587268,0.004734648852871719,2.5224384,0.097443,5.9608274,,,custom:libsad_search_3b115211f38255.so,/home/rzzhang/sad_merged/sad/build/libsad_search_3b115211f38255.so
2026-08-23T04:49:54.329571+00:00,20260823T043020,joint:rzz-hea:14:3f800cb8d6ea141f,ok,,rzz-hea,14,8,float64,42,32,2,32,2,2,1.0,rotation,rotation,14,14,compact:L1R0W0-L1R0W0-L1R0W0-L1R0W0-L1R0W0-L1R0W0-L1R0W0-L1R0W0-L1R0W0-L1R0W0-L1R0W0-L1R0W0-L1R0W0-L1R0W0,compact:L1R0W0-L1R0W0-L1R0W0-L1R0W0-L1R0W0-L1R0W0-L1R0W0-L1R0W0-L1R0W0-L1R0W0-L1R0W0-L1R0W0-L1R0W0-L1R0W0,,,merged,optimized,10,3,10,1.2150385,1.2167923,1.2134490000000002,1.223633,0.0034608364321360168,0.49925420000000004,0.0156554,0.7018827000000001,,,custom:libsad_search_dcff342f285260.so,/home/rzzhang/sad_merged/sad/build/libsad_search_dcff342f285260.so
2026-08-23T04:49:54.358777+00:00,20260823T043020,joint:rzz-hea:18:6d64dbc79cf2dc51,ok,,rzz-hea,18,8,float64,42,32,2,128,2,1,0.25,rotation,rotation,7,6,compact:L3R0W0-L3R0W0-L3R0W0-L3R0W0-L2R0W0-L2R0W0-L2R0W0,compact:L3R0W0-L3R0W0-L3R0W0-L3R0W0-L3R0W0-L3R0W0,,,merged,optimized,5,3,5,2.693086,2.6928842,2.692074,2.6931059999999998,0.00040544119178992653,0.6555002,0.032123200000000005,2.0052608,,,custom:libsad_search_2a8327787a9aac.so,/home/rzzhang/sad_merged/sad/build/libsad_search_2a8327787a9aac.so
2026-08-23T04:49:54.394784+00:00,20260823T043020,joint:rzz-hea:4:41cafb6cddf73889,ok,,rzz-hea,4,8,float64,42,32,2,32,2,1,0.25,rotation,rotation,2,2,compact:L2R0W0-L2R0W0,compact:L2R0W0-L2R0W0,,,merged,optimized,20,3,20,0.19058550000000002,0.1918161,0.189464,0.19873,0.0027833214672401763,0.0569184,0.0154645,0.11943319999999999,,,custom:libsad_search_f9cdaf042a7bd6.so,/home/rzzhang/sad_merged/sad/build/libsad_search_f9cdaf042a7bd6.so
2026-08-23T04:49:54.412519+00:00,20260823T043020,joint:rzz-hea:18:770d0a6657b32468,ok,,rzz-hea,18,8,float64,42,128,2,128,2,1,0.0,rotation,rotation,2,2,compact:L5R2W2-L5R2W2,compact:L5R2W2-L5R2W2,,,split,optimized,5,3,5,2.205729,2.2070746,2.204558,2.213912,0.003492477607659141,0.5662702000000001,0.031957000000000006,1.6088473999999997,,,custom:libsad_search_9361435758c99d.so,/home/rzzhang/sad_merged/sad/build/libsad_search_9361435758c99d.so
2026-08-23T04:49:54.444530+00:00,20260823T043020,joint:rzz-hea:10:c2ac648408a1a685,ok,,rzz-hea,10,8,float64,42,64,2,64,2,2,0.0,rotation,rotation,2,2,compact:L5R0W0-L5R0W0,compact:L5R0W0-L5R0W0,,,merged,optimized,10,3,10,0.38193399999999994,0.3820192,0.38181,0.382898,0.0003022405664367462,0.1261124,0.015199399999999998,0.2407074,,,custom:libsad_search_97eec9f2a848ec.so,/home/rzzhang/sad_merged/sad/build/libsad_search_97eec9f2a848ec.so
2026-08-23T04:49:54.462844+00:00,20260823T043020,joint:rzz-hea:26:aba209090fff4b71,ok,,rzz-hea,26,8,float64,42,32,2,32,2,2,0.5,rotation,rotation,15,15,compact:L2R0W0-L2R0W0-L2R0W0-L2R0W0-L2R0W0-L2R0W0-L2R0W0-L2R0W0-L2R0W0-L2R0W0-L2R0W0-L1R0W0-L1R0W0-L1R0W0-L1R0W0,compact:L2R0W0-L2R0W0-L2R0W0-L2R0W0-L2R0W0-L2R0W0-L2R0W0-L2R0W0-L2R0W0-L2R0W0-L2R0W0-L1R0W0-L1R0W0-L1R0W0-L1R0W0,,,merged,optimized,2,3,2,1003.0368660000001,1003.0368660000001,1002.896505,1003.1772270000001,0.14036100000004126,272.2223315,10.1965165,720.618018,,,custom:libsad_search_dcff342f285260.so,/home/rzzhang/sad_merged/sad/build/libsad_search_dcff342f285260.so
2026-08-23T04:49:59.517832+00:00,20260823T043020,joint:rzz-hea:28:af856c7fe2b0c23d,ok,,rzz-hea,28,8,float64,42,32,2,32,2,2,0.75,rotation,rotation,22,22,compact:L2R0W0-L2R0W0-L2R0W0-L2R0W0-L2R0W0-L2R0W0-L1R0W0-L1R0W0-L1R0W0-L1R0W0-L1R0W0-L1R0W0-L1R0W0-L1R0W0-L1R0W0-L1R0W0-L1R0W0-L1R0W0-L1R0W0-L1R0W0-L1R0W0-L1R0W0,compact:L2R0W0-L2R0W0-L2R0W0-L2R0W0-L2R0W0-L2R0W0-L1R0W0-L1R0W0-L1R0W0-L1R0W0-L1R0W0-L1R0W0-L1R0W0-L1R0W0-L1R0W0-L1R0W0-L1R0W0-L1R0W0-L1R0W0-L1R0W0-L1R0W0-L1R0W0,,,merged,optimized,2,3,2,5570.394538999999,5570.394538999999,5569.853423,5570.935654999999,0.5411159999998745,1546.8094205,82.0579245,3941.527194,,,custom:libsad_search_dcff342f285260.so,/home/rzzhang/sad_merged/sad/build/libsad_search_dcff342f285260.so
2026-08-23T04:50:27.415234+00:00,20260823T043020,joint:rzz-hea:12:6dd088e866b4d71a,ok,,rzz-hea,12,8,float64,42,32,2,32,2,1,1.0,rotation,rotation,12,12,compact:L1R0W0-L1R0W0-L1R0W0-L1R0W0-L1R0W0-L1R0W0-L1R0W0-L1R0W0-L1R0W0-L1R0W0-L1R0W0-L1R0W0,compact:L1R0W0-L1R0W0-L1R0W0-L1R0W0-L1R0W0-L1R0W0-L1R0W0-L1R0W0-L1R0W0-L1R0W0-L1R0W0-L1R0W0,,,split,optimized,10,3,10,1.0239255,1.0239722,1.019695,1.027051,0.0018269191443520383,0.4078946,0.015512699999999997,0.6005649000000001,,,custom:libsad_search_3cb67c7e18cc99.so,/home/rzzhang/sad_merged/sad/build/libsad_search_3cb67c7e18cc99.so
2026-08-23T04:50:27.448243+00:00,20260823T043020,joint:rzz-hea:22:39f18f9cc6dc74ab,ok,,rzz-hea,22,8,float64,42,128,2,128,2,1,0.0,rotation,rotation,3,3,compact:L5R2W1-L5R2W0-L5R2W0,compact:L5R2W1-L5R2W0-L5R2W0,,,merged,optimized,3,3,3,32.672862,32.680145333333336,32.549114,32.81846,0.11008058302090389,6.676609,0.40145733333333333,25.602079,,,custom:libsad_search_8fbfac92ec4bef.so,/home/rzzhang/sad_merged/sad/build/libsad_search_8fbfac92ec4bef.so
2026-08-23T04:50:27.685601+00:00,20260823T043020,joint:rzz-hea:26:80fac0ee8260c297,ok,,rzz-hea,26,8,float64,42,32,2,32,2,1,0.0,rotation,rotation,4,4,compact:L5R2W0-L5R2W0-L5R1W0-L5R1W0,compact:L5R2W0-L5R2W0-L5R1W0-L5R1W0,,,split,optimized,2,3,2,576.930462,576.930462,576.737716,577.1232080000001,0.19274600000005648,154.211758,10.261418,412.45728599999995,,,custom:libsad_search_3cb67c7e18cc99.so,/home/rzzhang/sad_merged/sad/build/libsad_search_3cb67c7e18cc99.so
2026-08-23T04:50:30.603798+00:00,20260823T043020,joint:rzz-hea:18:538b1da9fc17f7ce,ok,,rzz-hea,18,8,float64,42,128,2,32,2,1,1.0,rotation,rotation,18,18,compact:L1R0W0-L1R0W0-L1R0W0-L1R0W0-L1R0W0-L1R0W0-L1R0W0-L1R0W0-L1R0W0-L1R0W0-L1R0W0-L1R0W0-L1R0W0-L1R0W0-L1R0W0-L1R0W0-L1R0W0-L1R0W0,compact:L1R0W0-L1R0W0-L1R0W0-L1R0W0-L1R0W0-L1R0W0-L1R0W0-L1R0W0-L1R0W0-L1R0W0-L1R0W0-L1R0W0-L1R0W0-L1R0W0-L1R0W0-L1R0W0-L1R0W0-L1R0W0,,,split,optimized,5,3,5,3.672396,3.6722408,3.6696489999999997,3.674017,0.0014516078533820009,1.3303302,0.0320842,2.3098264000000004,,,custom:libsad_search_7259903b8346c4.so,/home/rzzhang/sad_merged/sad/build/libsad_search_7259903b8346c4.so
2026-08-23T04:50:30.658984+00:00,20260823T043020,joint:rzz-hea:10:2c2951d2ba9b9cb9,ok,,rzz-hea,10,8,float64,42,64,2,64,2,1,0.25,rotation,rotation,4,4,compact:L3R0W0-L3R0W0-L2R0W0-L2R0W0,compact:L3R0W0-L3R0W0-L2R0W0-L2R0W0,,,split,optimized,10,3,10,0.5416455,0.5420619,0.5415730000000001,0.544808,0.0009699916958407241,0.1850892,0.0157016,0.3412711,,,custom:libsad_search_7ec063ebc99501.so,/home/rzzhang/sad_merged/sad/build/libsad_search_7ec063ebc99501.so
2026-08-23T04:50:30.679556+00:00,20260823T043020,joint:rzz-hea:12:f8d3c500b132155b,ok,,rzz-hea,12,8,float64,42,32,2,128,2,1,0.25,rotation,rotation,4,4,compact:L3R0W0-L3R0W0-L3R0W0-L3R0W0,compact:L3R0W0-L3R0W0-L3R0W0-L3R0W0,,,merged,optimized,10,3,10,0.6297735,0.6296329,0.628596,0.63064,0.0005595080785833056,0.1874417,0.0152031,0.4269881,,,custom:libsad_search_2a8327787a9aac.so,/home/rzzhang/sad_merged/sad/build/libsad_search_2a8327787a9aac.so
2026-08-23T04:50:30.700998+00:00,20260823T043020,joint:rzz-hea:28:9400a83e20330e2f,ok,,rzz-hea,28,8,float64,42,128,2,32,2,2,0.5,rotation,rotation,16,16,compact:L2R0W0-L2R0W0-L2R0W0-L2R0W0-L2R0W0-L2R0W0-L2R0W0-L2R0W0-L2R0W0-L2R0W0-L2R0W0-L2R0W0-L1R0W0-L1R0W0-L1R0W0-L1R0W0,compact:L2R0W0-L2R0W0-L2R0W0-L2R0W0-L2R0W0-L2R0W0-L2R0W0-L2R0W0-L2R0W0-L2R0W0-L2R0W0-L2R0W0-L1R0W0-L1R0W0-L1R0W0-L1R0W0,,,merged,optimized,2,3,2,4284.3499915,4284.3499915,4283.968248,4284.731735,0.38174350000008417,1158.0965715,80.48315149999999,3045.7702685,,,custom:libsad_search_d014591f51543a.so,/home/rzzhang/sad_merged/sad/build/libsad_search_d014591f51543a.so
2026-08-23T04:50:52.164129+00:00,20260823T043020,joint:rzz-hea:4:7280015da38ebaee,ok,,rzz-hea,4,8,float64,42,64,2,64,2,2,0.5,rotation,rotation,2,2,compact:L2R0W0-L2R0W0,compact:L2R0W0-L2R0W0,,,merged,optimized,20,3,20,0.1995885,0.19943515,0.19852599999999998,0.200717,0.0006120200384791362,0.057868750000000004,0.015426750000000003,0.12613965,,,custom:libsad_search_97eec9f2a848ec.so,/home/rzzhang/sad_merged/sad/build/libsad_search_97eec9f2a848ec.so
2026-08-23T04:50:52.188082+00:00,20260823T043020,joint:rzz-hea:24:e3a6201925f97b4b,ok,,rzz-hea,24,8,float64,42,128,2,128,2,1,1.0,rotation,rotation,24,24,compact:L1R0W0-L1R0W0-L1R0W0-L1R0W0-L1R0W0-L1R0W0-L1R0W0-L1R0W0-L1R0W0-L1R0W0-L1R0W0-L1R0W0-L1R0W0-L1R0W0-L1R0W0-L1R0W0-L1R0W0-L1R0W0-L1R0W0-L1R0W0-L1R0W0-L1R0W0-L1R0W0-L1R0W0,compact:L1R0W0-L1R0W0-L1R0W0-L1R0W0-L1R0W0-L1R0W0-L1R0W0-L1R0W0-L1R0W0-L1R0W0-L1R0W0-L1R0W0-L1R0W0-L1R0W0-L1R0W0-L1R0W0-L1R0W0-L1R0W0-L1R0W0-L1R0W0-L1R0W0-L1R0W0-L1R0W0-L1R0W0,,,split,optimized,3,3,3,375.278976,375.30792233333335,375.264934,375.37985699999996,0.05118750916861851,115.53986766666667,1.765989,258.0020656666667,,,custom:libsad_search_9361435758c99d.so,/home/rzzhang/sad_merged/sad/build/libsad_search_9361435758c99d.so
2026-08-23T04:50:54.494804+00:00,20260823T043020,joint:rzz-hea:4:7b83bcf95a616219,ok,,rzz-hea,4,8,float64,42,32,2,128,2,1,0.0,legacy,legacy,0,0,,,,,not_applicable,legacy-generic,20,3,20,0.2508305,0.25069355,0.24880699999999997,0.251934,0.0006807597575503395,0.07786454999999999,0.01537455,0.15745445,,,custom:libsad_search_ada51c8f4b2976.so,/home/rzzhang/sad_merged/sad/build/libsad_search_ada51c8f4b2976.so
2026-08-23T04:50:54.514339+00:00,20260823T043020,joint:rzz-hea:6:22101a260bcc5f0c,ok,,rzz-hea,6,8,float64,42,128,2,32,2,2,0.75,rotation,rotation,5,5,compact:L2R0W0-L1R0W0-L1R0W0-L1R0W0-L1R0W0,compact:L2R0W0-L1R0W0-L1R0W0-L1R0W0-L1R0W0,,,split,optimized,20,3,20,0.422798,0.42261994999999997,0.420734,0.424958,0.0010746576885222634,0.16371925,0.015398450000000001,0.24350225,,,custom:libsad_search_3b115211f38255.so,/home/rzzhang/sad_merged/sad/build/libsad_search_3b115211f38255.so
2026-08-23T04:50:54.537591+00:00,20260823T043020,joint:rzz-hea:20:8da05b314e730b81,ok,,rzz-hea,20,8,float64,42,32,2,128,2,2,0.25,rotation,rotation,7,7,compact:L3R0W0-L3R0W0-L3R0W0-L3R0W0-L3R0W0-L3R0W0-L2R0W0,compact:L3R0W0-L3R0W0-L3R0W0-L3R0W0-L3R0W0-L3R0W0-L2R0W0,,,split,optimized,5,3,5,8.143794,8.152268000000001,8.140905,8.172611,0.01251953713201856,2.2201762,0.09718700000000001,5.8349048,,,custom:libsad_search_2a0e4369743c84.so,/home/rzzhang/sad_merged/sad/build/libsad_search_2a0e4369743c84.so
2026-08-23T04:50:54.617661+00:00,20260823T043020,joint:rzz-hea:6:e36b40c052799d78,ok,,rzz-hea,6,8,float64,42,128,2,128,2,1,0.5,rotation,rotation,4,4,compact:L2R0W0-L2R0W0-L1R0W0-L1R0W0,compact:L2R0W0-L2R0W0-L1R0W0-L1R0W0,,,split,optimized,20,3,20,0.41885550000000005,0.41918430000000007,0.41771,0.42097999999999997,0.0009390337107899717,0.14232355,0.01553685,0.2613239,,,custom:libsad_search_9361435758c99d.so,/home/rzzhang/sad_merged/sad/build/libsad_search_9361435758c99d.so
2026-08-23T04:50:54.640724+00:00,20260823T043020,joint:rzz-hea:12:837a6ae51d89b5eb,ok,,rzz-hea,12,8,float64,42,128,2,32,2,2,0.5,rotation,rotation,7,7,compact:L2R0W0-L2R0W0-L2R0W0-L2R0W0-L2R0W0-L1R0W0-L1R0W0,compact:L2R0W0-L2R0W0-L2R0W0-L2R0W0-L2R0W0-L1R0W0-L1R0W0,,,split,optimized,10,3,10,0.7833875,0.7835252,0.7821690000000001,0.784393,0.0006427706900598112,0.3143033,0.0154839,0.453738,,,custom:libsad_search_3b115211f38255.so,/home/rzzhang/sad_merged/sad/build/libsad_search_3b115211f38255.so
2026-08-23T04:50:54.664280+00:00,20260823T043020,joint:rzz-hea:22:695dad72593d8418,ok,,rzz-hea,22,8,float64,42,32,2,32,2,2,0.0,rotation,rotation,4,4,compact:L5R1W0-L5R1W0-L5R0W0-L5R0W0,compact:L5R1W0-L5R1W0-L5R0W0-L5R0W0,,,merged,optimized,3,3,3,33.871048,33.871078000000004,33.828063,33.914123,0.035133854281398716,7.232302333333333,0.43146999999999996,26.207305666666667,,,custom:libsad_search_dcff342f285260.so,/home/rzzhang/sad_merged/sad/build/libsad_search_dcff342f285260.so
2026-08-23T04:50:54.894343+00:00,20260823T043020,joint:rzz-hea:26:d3a9684865db408c,ok,,rzz-hea,26,8,float64,42,32,2,32,2,2,0.0,rotation,rotation,4,4,compact:L5R2W0-L5R2W0-L5R1W0-L5R1W0,compact:L5R2W0-L5R2W0-L5R1W0-L5R1W0,,,merged,optimized,2,3,2,567.147132,567.147132,567.101499,567.192765,0.04563300000000936,119.76904400000001,10.3107845,437.0673035,,,custom:libsad_search_dcff342f285260.so,/home/rzzhang/sad_merged/sad/build/libsad_search_dcff342f285260.so
2026-08-23T04:50:57.783802+00:00,20260823T043020,joint:rzz-hea:10:17d575cbd91b99fd,ok,,rzz-hea,10,8,float64,42,32,2,128,2,1,0.0,rotation,rotation,2,2,compact:L5R0W0-L5R0W0,compact:L5R0W0-L5R0W0,,,merged,optimized,10,3,10,0.4413045,0.4412991,0.44024199999999997,0.443353,0.0007991218242546024,0.11868169999999999,0.015595,0.3070224,,,custom:libsad_search_2a8327787a9aac.so,/home/rzzhang/sad_merged/sad/build/libsad_search_2a8327787a9aac.so
2026-08-23T04:50:57.808393+00:00,20260823T043020,joint:rzz-hea:26:a2962a7e98c41653,ok,,rzz-hea,26,8,float64,42,128,2,32,2,1,0.5,rotation,rotation,14,15,compact:L2R0W0-L2R0W0-L2R0W0-L2R0W0-L2R0W0-L2R0W0-L2R0W0-L2R0W0-L2R0W0-L2R0W0-L2R0W0-L2R0W0-L1R0W0-L1R0W0,compact:L2R0W0-L2R0W0-L2R0W0-L2R0W0-L2R0W0-L2R0W0-L2R0W0-L2R0W0-L2R0W0-L2R0W0-L2R0W0-L1R0W0-L1R0W0-L1R0W0-L1R0W0,,,merged,optimized,2,3,2,988.4432550000001,988.4432550000001,988.3556920000001,988.5308180000001,0.08756299999998873,257.0832015,10.232106000000002,721.1279475000001,,,custom:libsad_search_5851e15f736f52.so,/home/rzzhang/sad_merged/sad/build/libsad_search_5851e15f736f52.so
2026-08-23T04:51:02.792979+00:00,20260823T043020,joint:rzz-hea:8:fe70acc24c0a6ed5,ok,,rzz-hea,8,8,float64,42,32,2,128,2,1,1.0,rotation,rotation,8,8,compact:L1R0W0-L1R0W0-L1R0W0-L1R0W0-L1R0W0-L1R0W0-L1R0W0-L1R0W0,compact:L1R0W0-L1R0W0-L1R0W0-L1R0W0-L1R0W0-L1R0W0-L1R0W0-L1R0W0,,,split,optimized,20,3,20,0.70951,0.709238,0.705408,0.712742,0.0013385001680986076,0.2501775,0.015688599999999997,0.4433719,,,custom:libsad_search_0e4f539ceca897.so,/home/rzzhang/sad_merged/sad/build/libsad_search_0e4f539ceca897.so
2026-08-23T04:51:02.828948+00:00,20260823T043020,joint:rzz-hea:20:e5e9b04684f83f6a,ok,,rzz-hea,20,8,float64,42,32,2,128,2,2,1.0,rotation,rotation,20,20,compact:L1R0W0-L1R0W0-L1R0W0-L1R0W0-L1R0W0-L1R0W0-L1R0W0-L1R0W0-L1R0W0-L1R0W0-L1R0W0-L1R0W0-L1R0W0-L1R0W0-L1R0W0-L1R0W0-L1R0W0-L1R0W0-L1R0W0-L1R0W0,compact:L1R0W0-L1R0W0-L1R0W0-L1R0W0-L1R0W0-L1R0W0-L1R0W0-L1R0W0-L1R0W0-L1R0W0-L1R0W0-L1R0W0-L1R0W0-L1R0W0-L1R0W0-L1R0W0-L1R0W0-L1R0W0-L1R0W0-L1R0W0,,,merged,optimized,5,3,5,10.690523,10.6895674,10.683340999999999,10.692729,0.00347316878944891,3.1812544,0.09748380000000001,7.410829199999999,,,custom:libsad_search_fce412939d20fb.so,/home/rzzhang/sad_merged/sad/build/libsad_search_fce412939d20fb.so
2026-08-23T04:51:02.935286+00:00,20260823T043020,joint:rzz-hea:28:48c38033d15e4ad5,ok,,rzz-hea,28,8,float64,42,128,2,128,2,1,1.0,rotation,rotation,28,28,compact:L1R0W0-L1R0W0-L1R0W0-L1R0W0-L1R0W0-L1R0W0-L1R0W0-L1R0W0-L1R0W0-L1R0W0-L1R0W0-L1R0W0-L1R0W0-L1R0W0-L1R0W0-L1R0W0-L1R0W0-L1R0W0-L1R0W0-L1R0W0-L1R0W0-L1R0W0-L1R0W0-L1R0W0-L1R0W0-L1R0W0-L1R0W0-L1R0W0,compact:L1R0W0-L1R0W0-L1R0W0-L1R0W0-L1R0W0-L1R0W0-L1R0W0-L1R0W0-L1R0W0-L1R0W0-L1R0W0-L1R0W0-L1R0W0-L1R0W0-L1R0W0-L1R0W0-L1R0W0-L1R0W0-L1R0W0-L1R0W0-L1R0W0-L1R0W0-L1R0W0-L1R0W0-L1R0W0-L1R0W0-L1R0W0-L1R0W0,,,split,optimized,2,3,2,6930.881373,6930.881373,6930.51721,6931.245535999999,0.3641629999997349,2111.353485,82.03335,4737.494538,,,custom:libsad_search_9361435758c99d.so,/home/rzzhang/sad_merged/sad/build/libsad_search_9361435758c99d.so
2026-08-23T04:51:37.625781+00:00,20260823T043020,joint:rzz-hea:24:ce101db06987bfc9,ok,,rzz-hea,24,8,float64,42,128,2,32,2,2,1.0,rotation,rotation,24,24,compact:L1R0W0-L1R0W0-L1R0W0-L1R0W0-L1R0W0-L1R0W0-L1R0W0-L1R0W0-L1R0W0-L1R0W0-L1R0W0-L1R0W0-L1R0W0-L1R0W0-L1R0W0-L1R0W0-L1R0W0-L1R0W0-L1R0W0-L1R0W0-L1R0W0-L1R0W0-L1R0W0-L1R0W0,compact:L1R0W0-L1R0W0-L1R0W0-L1R0W0-L1R0W0-L1R0W0-L1R0W0-L1R0W0-L1R0W0-L1R0W0-L1R0W0-L1R0W0-L1R0W0-L1R0W0-L1R0W0-L1R0W0-L1R0W0-L1R0W0-L1R0W0-L1R0W0-L1R0W0-L1R0W0-L1R0W0-L1R0W0,,,merged,optimized,3,3,3,368.396267,368.4076706666667,368.36528200000004,368.46146300000004,0.04008515020414715,105.26890866666666,1.7737336666666665,261.3650283333334,,,custom:libsad_search_d014591f51543a.so,/home/rzzhang/sad_merged/sad/build/libsad_search_d014591f51543a.so
2026-08-23T04:51:39.891174+00:00,20260823T043020,joint:rzz-hea:10:897aa8900235de95,ok,,rzz-hea,10,8,float64,42,32,2,128,2,1,1.0,rotation,rotation,10,10,compact:L1R0W0-L1R0W0-L1R0W0-L1R0W0-L1R0W0-L1R0W0-L1R0W0-L1R0W0-L1R0W0-L1R0W0,compact:L1R0W0-L1R0W0-L1R0W0-L1R0W0-L1R0W0-L1R0W0-L1R0W0-L1R0W0-L1R0W0-L1R0W0,,,split,optimized,10,3,10,0.92662,0.9264671,0.9256540000000001,0.927614,0.0005775621957849968,0.3233865,0.015598299999999999,0.5874823,,,custom:libsad_search_0e4f539ceca897.so,/home/rzzhang/sad_merged/sad/build/libsad_search_0e4f539ceca897.so
2026-08-23T04:51:39.916696+00:00,20260823T043020,joint:rzz-hea:12:c31d49a363e6b84a,ok,,rzz-hea,12,8,float64,42,128,2,32,2,1,0.5,rotation,rotation,7,7,compact:L2R0W0-L2R0W0-L2R0W0-L2R0W0-L2R0W0-L1R0W0-L1R0W0,compact:L2R0W0-L2R0W0-L2R0W0-L2R0W0-L2R0W0-L1R0W0-L1R0W0,,,split,optimized,10,3,10,0.7807504999999999,0.7811779999999999,0.780178,0.7833709999999999,0.0010916936383436502,0.3136776,0.015229699999999999,0.45227069999999997,,,custom:libsad_search_7259903b8346c4.so,/home/rzzhang/sad_merged/sad/build/libsad_search_7259903b8346c4.so
2026-08-23T04:51:39.940272+00:00,20260823T043020,joint:rzz-hea:8:275b335512b42951,ok,,rzz-hea,8,8,float64,42,32,2,32,2,1,0.75,rotation,rotation,6,6,compact:L2R0W0-L2R0W0-L1R0W0-L1R0W0-L1R0W0-L1R0W0,compact:L2R0W0-L2R0W0-L1R0W0-L1R0W0-L1R0W0-L1R0W0,,,split,optimized,20,3,20,0.550982,0.55129295,0.549828,0.5520320000000001,0.0006108917641448498,0.2043394,0.0155058,0.33144775,,,custom:libsad_search_3cb67c7e18cc99.so,/home/rzzhang/sad_merged/sad/build/libsad_search_3cb67c7e18cc99.so
2026-08-23T04:51:39.966407+00:00,20260823T043020,joint:rzz-hea:16:99b9bf1299d4e8b6,ok,,rzz-hea,16,8,float64,42,32,2,128,2,1,0.25,rotation,rotation,6,6,compact:L3R0W0-L3R0W0-L3R0W0-L3R0W0-L2R0W0-L2R0W0,compact:L3R0W0-L3R0W0-L3R0W0-L3R0W0-L2R0W0-L2R0W0,,,merged,optimized,5,3,5,1.291292,1.2916284,1.2911469999999998,1.2922319999999998,0.00047709227618982484,0.3280456,0.015456,0.9481268000000002,,,custom:libsad_search_2a8327787a9aac.so,/home/rzzhang/sad_merged/sad/build/libsad_search_2a8327787a9aac.so
2026-08-23T04:51:39.990201+00:00,20260823T043020,joint:rzz-hea:18:5f632356dcc9f4b8,ok,,rzz-hea,18,8,float64,42,128,2,32,2,1,0.5,rotation,rotation,10,10,compact:L2R0W0-L2R0W0-L2R0W0-L2R0W0-L2R0W0-L2R0W0-L2R0W0-L2R0W0-L1R0W0-L1R0W0,compact:L2R0W0-L2R0W0-L2R0W0-L2R0W0-L2R0W0-L2R0W0-L2R0W0-L2R0W0-L1R0W0-L1R0W0,,,split,optimized,5,3,5,2.8344270000000003,2.834393,2.829298,2.838527,0.0033842665970634225,0.925326,0.0316194,1.8774475999999998,,,custom:libsad_search_7259903b8346c4.so,/home/rzzhang/sad_merged/sad/build/libsad_search_7259903b8346c4.so
2026-08-23T04:51:40.026746+00:00,20260823T043020,joint:rzz-hea:6:333dfd0f90a7f42b,ok,,rzz-hea,6,8,float64,42,32,2,32,2,2,1.0,rotation,rotation,6,6,compact:L1R0W0-L1R0W0-L1R0W0-L1R0W0-L1R0W0-L1R0W0,compact:L1R0W0-L1R0W0-L1R0W0-L1R0W0-L1R0W0-L1R0W0,,,split,optimized,20,3,20,0.451508,0.45129244999999996,0.449378,0.454559,0.0011257411103357648,0.17079305,0.0152973,0.2652021,,,custom:libsad_search_16d9d6cef53b3d.so,/home/rzzhang/sad_merged/sad/build/libsad_search_16d9d6cef53b3d.so
2026-08-23T04:51:40.050530+00:00,20260823T043020,joint:rzz-hea:6:03abc654fc31baa2,ok,,rzz-hea,6,8,float64,42,128,2,32,2,1,1.0,rotation,rotation,6,6,compact:L1R0W0-L1R0W0-L1R0W0-L1R0W0-L1R0W0-L1R0W0,compact:L1R0W0-L1R0W0-L1R0W0-L1R0W0-L1R0W0-L1R0W0,,,merged,optimized,20,3,20,0.45310950000000005,0.4525264,0.44625100000000006,0.45462400000000003,0.002019157235085954,0.1770172,0.015802000000000004,0.25970719999999997,,,custom:libsad_search_5851e15f736f52.so,/home/rzzhang/sad_merged/sad/build/libsad_search_5851e15f736f52.so
2026-08-23T04:51:40.074682+00:00,20260823T043020,joint:rzz-hea:6:741a5b8778cf2cb6,ok,,rzz-hea,6,8,float64,42,32,2,32,2,1,0.25,rotation,rotation,2,2,compact:L3R0W0-L3R0W0,compact:L3R0W0-L3R0W0,,,split,optimized,20,3,20,0.30721000000000004,0.3073629,0.30610800000000005,0.308392,0.0005325272669075223,0.10210029999999999,0.015605099999999997,0.18965749999999998,,,custom:libsad_search_3cb67c7e18cc99.so,/home/rzzhang/sad_merged/sad/build/libsad_search_3cb67c7e18cc99.so
2026-08-23T04:51:40.094992+00:00,20260823T043020,joint:rzz-hea:22:4b47840008e616d0,ok,,rzz-hea,22,8,float64,42,32,2,32,2,2,0.5,rotation,rotation,13,13,compact:L2R0W0-L2R0W0-L2R0W0-L2R0W0-L2R0W0-L2R0W0-L2R0W0-L2R0W0-L2R0W0-L1R0W0-L1R0W0-L1R0W0-L1R0W0,compact:L2R0W0-L2R0W0-L2R0W0-L2R0W0-L2R0W0-L2R0W0-L2R0W0-L2R0W0-L2R0W0-L1R0W0-L1R0W0-L1R0W0-L1R0W0,,,split,optimized,3,3,3,49.877547,49.864092666666664,49.836613,49.878118,0.01943245687560453,10.270247666666668,0.42731299999999994,39.166532000000004,,,custom:libsad_search_16d9d6cef53b3d.so,/home/rzzhang/sad_merged/sad/build/libsad_search_16d9d6cef53b3d.so
2026-08-23T04:51:40.421527+00:00,20260823T043020,joint:rzz-hea:20:97d4453ecc026a8a,ok,,rzz-hea,20,8,float64,42,32,2,32,2,1,0.0,rotation,rotation,3,3,compact:L5R2W0-L5R2W0-L5R1W0,compact:L5R2W0-L5R2W0-L5R1W0,,,split,optimized,5,3,5,7.922697999999999,7.9233296,7.92166,7.926779,0.0018841459179161275,2.0427822,0.1056778,5.774869600000001,,,custom:libsad_search_3cb67c7e18cc99.so,/home/rzzhang/sad_merged/sad/build/libsad_search_3cb67c7e18cc99.so
2026-08-23T04:51:40.500274+00:00,20260823T043020,joint:rzz-hea:20:c132ebf5eacfa327,ok,,rzz-hea,20,8,float64,42,64,2,64,2,2,0.25,rotation,rotation,7,7,compact:L3R0W0-L3R0W0-L3R0W0-L3R0W0-L3R0W0-L3R0W0-L2R0W0,compact:L3R0W0-L3R0W0-L3R0W0-L3R0W0-L3R0W0-L3R0W0-L2R0W0,,,split,optimized,5,3,5,8.404781999999999,8.405651,8.399766,8.415473,0.005266496938193686,2.244233,0.10559379999999999,6.0558242,,,custom:libsad_search_20c37ff249ec0a.so,/home/rzzhang/sad_merged/sad/build/libsad_search_20c37ff249ec0a.so
2026-08-23T04:51:40.582507+00:00,20260823T043020,joint:rzz-hea:16:95525d7d3619eb22,ok,,rzz-hea,16,8,float64,42,128,2,32,2,2,0.75,rotation,rotation,12,13,compact:L2R0W0-L2R0W0-L2R0W0-L2R0W0-L1R0W0-L1R0W0-L1R0W0-L1R0W0-L1R0W0-L1R0W0-L1R0W0-L1R0W0,compact:L2R0W0-L2R0W0-L2R0W0-L1R0W0-L1R0W0-L1R0W0-L1R0W0-L1R0W0-L1R0W0-L1R0W0-L1R0W0-L1R0W0-L1R0W0,,,split,optimized,5,3,5,1.727457,1.7280808,1.727396,1.72962,0.0008766315987916248,0.6132340000000001,0.015440199999999998,1.0994066,,,custom:libsad_search_3b115211f38255.so,/home/rzzhang/sad_merged/sad/build/libsad_search_3b115211f38255.so
2026-08-23T04:51:40.610959+00:00,20260823T043020,joint:rzz-hea:20:b5c3d6ac57cfaf01,ok,,rzz-hea,20,8,float64,42,128,2,128,2,2,0.0,rotation,rotation,3,3,compact:L5R2W0-L5R2W0-L5R1W0,compact:L5R2W0-L5R2W0-L5R1W0,,,merged,optimized,5,3,5,8.445096,8.437169399999998,8.419626,8.446887,0.011389057759095591,1.8093974,0.10553760000000001,6.5222344,,,custom:libsad_search_b969ada61d8a74.so,/home/rzzhang/sad_merged/sad/build/libsad_search_b969ada61d8a74.so
2026-08-23T04:51:40.693200+00:00,20260823T043020,joint:rzz-hea:28:7981235db1e29bda,ok,,rzz-hea,28,8,float64,42,32,2,128,2,1,0.25,rotation,rotation,10,10,compact:L3R0W0-L3R0W0-L3R0W0-L3R0W0-L3R0W0-L3R0W0-L3R0W0-L3R0W0-L2R0W0-L2R0W0,compact:L3R0W0-L3R0W0-L3R0W0-L3R0W0-L3R0W0-L3R0W0-L3R0W0-L3R0W0-L2R0W0-L2R0W0,,,merged,optimized,2,3,2,2984.369874,2984.369874,2983.5839699999997,2985.155778,0.7859040000000732,772.9959584999999,82.277116,2129.0967995,,,custom:libsad_search_2a8327787a9aac.so,/home/rzzhang/sad_merged/sad/build/libsad_search_2a8327787a9aac.so
2026-08-23T04:51:55.654273+00:00,20260823T043020,joint:rzz-hea:6:eb982db6fbb470bc,ok,,rzz-hea,6,8,float64,42,128,2,32,2,1,0.5,rotation,rotation,4,4,compact:L2R0W0-L2R0W0-L1R0W0-L1R0W0,compact:L2R0W0-L2R0W0-L1R0W0-L1R0W0,,,merged,optimized,20,3,20,0.339033,0.3393107,0.337899,0.34103,0.0007781629071087909,0.12561619999999998,0.0156911,0.19800339999999997,,,custom:libsad_search_5851e15f736f52.so,/home/rzzhang/sad_merged/sad/build/libsad_search_5851e15f736f52.so
2026-08-23T04:51:55.681752+00:00,20260823T043020,joint:rzz-hea:10:ffc1c4a7533b6455,ok,,rzz-hea,10,8,float64,42,32,2,128,2,2,0.75,rotation,rotation,8,8,compact:L2R0W0-L2R0W0-L1R0W0-L1R0W0-L1R0W0-L1R0W0-L1R0W0-L1R0W0,compact:L2R0W0-L2R0W0-L1R0W0-L1R0W0-L1R0W0-L1R0W0-L1R0W0-L1R0W0,,,merged,optimized,10,3,10,0.7689455,0.7690943,0.767972,0.772035,0.0011511240636873366,0.2679935,0.015330700000000003,0.4857701,,,custom:libsad_search_fce412939d20fb.so,/home/rzzhang/sad_merged/sad/build/libsad_search_fce412939d20fb.so
2026-08-23T04:51:55.715353+00:00,20260823T043020,joint:rzz-hea:18:9ee277f5155ef0a6,ok,,rzz-hea,18,8,float64,42,128,2,32,2,2,1.0,rotation,rotation,18,18,compact:L1R0W0-L1R0W0-L1R0W0-L1R0W0-L1R0W0-L1R0W0-L1R0W0-L1R0W0-L1R0W0-L1R0W0-L1R0W0-L1R0W0-L1R0W0-L1R0W0-L1R0W0-L1R0W0-L1R0W0-L1R0W0,compact:L1R0W0-L1R0W0-L1R0W0-L1R0W0-L1R0W0-L1R0W0-L1R0W0-L1R0W0-L1R0W0-L1R0W0-L1R0W0-L1R0W0-L1R0W0-L1R0W0-L1R0W0-L1R0W0-L1R0W0-L1R0W0,,,merged,optimized,5,3,5,3.734454,3.732074,3.7223079999999995,3.742647,0.0073696731270797575,1.1833082,0.0317784,2.5169873999999997,,,custom:libsad_search_d014591f51543a.so,/home/rzzhang/sad_merged/sad/build/libsad_search_d014591f51543a.so
2026-08-23T04:51:55.783285+00:00,20260823T043020,joint:rzz-hea:24:8f93eeafb25e14f4,ok,,rzz-hea,24,8,float64,42,128,2,128,2,1,0.0,legacy,legacy,0,0,,,,,not_applicable,legacy-generic,3,3,3,145.045546,145.04691366666665,145.024072,145.071123,0.01923281976784421,40.871626,1.7639526666666665,102.411335,,,custom:libsad_search_78e231cd0d5107.so,/home/rzzhang/sad_merged/sad/build/libsad_search_78e231cd0d5107.so
2026-08-23T04:51:56.700884+00:00,20260823T043020,joint:rzz-hea:12:b6a94acdc4d831de,ok,,rzz-hea,12,8,float64,42,32,2,128,2,1,1.0,rotation,rotation,12,12,compact:L1R0W0-L1R0W0-L1R0W0-L1R0W0-L1R0W0-L1R0W0-L1R0W0-L1R0W0-L1R0W0-L1R0W0-L1R0W0-L1R0W0,compact:L1R0W0-L1R0W0-L1R0W0-L1R0W0-L1R0W0-L1R0W0-L1R0W0-L1R0W0-L1R0W0-L1R0W0-L1R0W0-L1R0W0,,,split,optimized,10,3,10,1.16172,1.1617914,1.160078,1.164334,0.0010506839867438723,0.405738,0.0154506,0.7406028,,,custom:libsad_search_0e4f539ceca897.so,/home/rzzhang/sad_merged/sad/build/libsad_search_0e4f539ceca897.so
2026-08-23T04:51:56.739549+00:00,20260823T043020,joint:rzz-hea:22:4ee2abfd23b7f518,ok,,rzz-hea,22,8,float64,42,64,2,64,2,2,0.0,rotation,rotation,3,3,compact:L5R2W1-L5R2W0-L5R2W0,compact:L5R2W1-L5R2W0-L5R2W0,,,split,optimized,3,3,3,33.612041,33.593242000000004,33.547138000000004,33.620547,0.03278487579153771,8.096582,0.42639600000000005,25.070263999999998,,,custom:libsad_search_20c37ff249ec0a.so,/home/rzzhang/sad_merged/sad/build/libsad_search_20c37ff249ec0a.so
2026-08-23T04:51:56.971901+00:00,20260823T043020,joint:rzz-hea:8:f8a0145f46753b9e,ok,,rzz-hea,8,8,float64,42,32,2,128,2,1,0.0,rotation,rotation,2,1,compact:L4R0W0-L4R0W0,compact:L5R2W1,,,merged,optimized,20,3,20,0.357297,0.3574906,0.353185,0.368511,0.002758722157086496,0.10782865,0.01524405,0.2344179,,,custom:libsad_search_2a8327787a9aac.so,/home/rzzhang/sad_merged/sad/build/libsad_search_2a8327787a9aac.so
2026-08-23T04:51:56.993544+00:00,20260823T043020,joint:rzz-hea:26:4dcb08cb34daf2d9,ok,,rzz-hea,26,8,float64,42,64,2,64,2,1,0.5,rotation,rotation,15,15,compact:L2R0W0-L2R0W0-L2R0W0-L2R0W0-L2R0W0-L2R0W0-L2R0W0-L2R0W0-L2R0W0-L2R0W0-L2R0W0-L1R0W0-L1R0W0-L1R0W0-L1R0W0,compact:L2R0W0-L2R0W0-L2R0W0-L2R0W0-L2R0W0-L2R0W0-L2R0W0-L2R0W0-L2R0W0-L2R0W0-L2R0W0-L1R0W0-L1R0W0-L1R0W0-L1R0W0,,,split,optimized,2,3,2,1020.1016195,1020.1016195,1020.0477349999999,1020.1555040000001,0.053884500000094704,313.91046349999993,10.2917095,695.8994465000001,,,custom:libsad_search_7ec063ebc99501.so,/home/rzzhang/sad_merged/sad/build/libsad_search_7ec063ebc99501.so
2026-08-23T04:52:02.130633+00:00,20260823T043020,joint:rzz-hea:12:b5f71c5f785ddb60,ok,,rzz-hea,12,8,float64,42,32,2,32,2,2,1.0,rotation,rotation,12,12,compact:L1R0W0-L1R0W0-L1R0W0-L1R0W0-L1R0W0-L1R0W0-L1R0W0-L1R0W0-L1R0W0-L1R0W0-L1R0W0-L1R0W0,compact:L1R0W0-L1R0W0-L1R0W0-L1R0W0-L1R0W0-L1R0W0-L1R0W0-L1R0W0-L1R0W0-L1R0W0-L1R0W0-L1R0W0,,,merged,optimized,10,3,10,0.9691164999999999,0.9679582,0.9625239999999999,0.970845,0.002990880666292121,0.3988006,0.015591,0.5535666,,,custom:libsad_search_dcff342f285260.so,/home/rzzhang/sad_merged/sad/build/libsad_search_dcff342f285260.so
2026-08-23T04:52:02.174362+00:00,20260823T043020,joint:rzz-hea:22:af35f8550ea5c89f,ok,,rzz-hea,22,8,float64,42,128,2,128,2,1,0.5,rotation,rotation,12,12,compact:L2R0W0-L2R0W0-L2R0W0-L2R0W0-L2R0W0-L2R0W0-L2R0W0-L2R0W0-L2R0W0-L2R0W0-L1R0W0-L1R0W0,compact:L2R0W0-L2R0W0-L2R0W0-L2R0W0-L2R0W0-L2R0W0-L2R0W0-L2R0W0-L2R0W0-L2R0W0-L1R0W0-L1R0W0,,,split,optimized,3,3,3,46.505357999999994,46.495377,46.47483,46.505942999999995,0.014530885795434583,9.262320999999998,0.40261733333333327,36.830438666666666,,,custom:libsad_search_9361435758c99d.so,/home/rzzhang/sad_merged/sad/build/libsad_search_9361435758c99d.so
2026-08-23T04:52:02.486236+00:00,20260823T043020,joint:rzz-hea:14:1c0689613ca72632,ok,,rzz-hea,14,8,float64,42,128,2,128,2,1,0.25,rotation,rotation,5,5,compact:L3R0W0-L3R0W0-L3R0W0-L3R0W0-L2R0W0,compact:L3R0W0-L3R0W0-L3R0W0-L3R0W0-L2R0W0,,,split,optimized,10,3,10,0.8713380000000001,0.8711686000000001,0.870289,0.8714630000000001,0.00041150144592700234,0.2853352,0.015367500000000001,0.5704659,,,custom:libsad_search_9361435758c99d.so,/home/rzzhang/sad_merged/sad/build/libsad_search_9361435758c99d.so
2026-08-23T04:52:02.510864+00:00,20260823T043020,joint:rzz-hea:12:a26bcaca3c2df65b,ok,,rzz-hea,12,8,float64,42,32,2,128,2,2,0.25,rotation,rotation,4,4,compact:L3R0W0-L3R0W0-L3R0W0-L3R0W0,compact:L3R0W0-L3R0W0-L3R0W0-L3R0W0,,,split,optimized,10,3,10,0.6849225,0.6841926,0.679875,0.685151,0.00150932039010939,0.19691959999999997,0.014891500000000002,0.4723815,,,custom:libsad_search_2a0e4369743c84.so,/home/rzzhang/sad_merged/sad/build/libsad_search_2a0e4369743c84.so
2026-08-23T04:52:02.533267+00:00,20260823T043020,joint:rzz-hea:24:5e8957d77a3178b0,ok,,rzz-hea,24,8,float64,42,32,2,32,2,2,0.0,rotation,rotation,4,4,compact:L5R1W0-L5R1W0-L5R1W0-L5R1W0,compact:L5R1W0-L5R1W0-L5R1W0-L5R1W0,,,merged,optimized,3,3,3,130.603995,130.75208033333334,130.59967,131.05257600000002,0.2124898596330941,27.910161666666667,1.7584369999999998,101.08348166666666,,,custom:libsad_search_dcff342f285260.so,/home/rzzhang/sad_merged/sad/build/libsad_search_dcff342f285260.so
2026-08-23T04:52:03.361202+00:00,20260823T043020,joint:rzz-hea:26:988750317494a085,ok,,rzz-hea,26,8,float64,42,32,2,32,2,2,0.5,rotation,rotation,15,15,compact:L2R0W0-L2R0W0-L2R0W0-L2R0W0-L2R0W0-L2R0W0-L2R0W0-L2R0W0-L2R0W0-L2R0W0-L2R0W0-L1R0W0-L1R0W0-L1R0W0-L1R0W0,compact:L2R0W0-L2R0W0-L2R0W0-L2R0W0-L2R0W0-L2R0W0-L2R0W0-L2R0W0-L2R0W0-L2R0W0-L2R0W0-L1R0W0-L1R0W0-L1R0W0-L1R0W0,,,split,optimized,2,3,2,1019.0963359999998,1019.0963359999998,1019.081063,1019.1116089999998,0.015272999999922376,312.6529215,10.222434000000002,696.2209804999999,,,custom:libsad_search_16d9d6cef53b3d.so,/home/rzzhang/sad_merged/sad/build/libsad_search_16d9d6cef53b3d.so
2026-08-23T04:52:08.491830+00:00,20260823T043020,joint:rzz-hea:16:5b04b85c94ac796a,ok,,rzz-hea,16,8,float64,42,128,2,128,2,2,0.25,rotation,rotation,6,6,compact:L3R0W0-L3R0W0-L3R0W0-L3R0W0-L2R0W0-L2R0W0,compact:L3R0W0-L3R0W0-L3R0W0-L3R0W0-L2R0W0-L2R0W0,,,merged,optimized,5,3,5,1.319537,1.3196805999999999,1.319117,1.320636,0.000533648048811173,0.357185,0.015750999999999998,0.9467446000000002,,,custom:libsad_search_b969ada61d8a74.so,/home/rzzhang/sad_merged/sad/build/libsad_search_b969ada61d8a74.so
2026-08-23T04:52:08.537437+00:00,20260823T043020,joint:rzz-hea:4:be30a256a9adaab9,ok,,rzz-hea,4,8,float64,42,32,2,128,2,1,0.25,rotation,rotation,2,2,compact:L2R0W0-L2R0W0,compact:L2R0W0-L2R0W0,,,merged,optimized,20,3,20,0.22324300000000002,0.22340065,0.222186,0.225188,0.0008148187083640137,0.05675825,0.015425149999999999,0.15121725,,,custom:libsad_search_2a8327787a9aac.so,/home/rzzhang/sad_merged/sad/build/libsad_search_2a8327787a9aac.so
2026-08-23T04:52:08.560927+00:00,20260823T043020,joint:rzz-hea:6:3d4b0df7d113b68a,ok,,rzz-hea,6,8,float64,42,64,2,64,2,1,0.75,rotation,rotation,5,5,compact:L2R0W0-L1R0W0-L1R0W0-L1R0W0-L1R0W0,compact:L2R0W0-L1R0W0-L1R0W0-L1R0W0-L1R0W0,,,split,optimized,20,3,20,0.41971250000000004,0.41934585,0.417794,0.420911,0.0006691804894794895,0.15385135,0.015412200000000001,0.2500823,,,custom:libsad_search_7ec063ebc99501.so,/home/rzzhang/sad_merged/sad/build/libsad_search_7ec063ebc99501.so
2026-08-23T04:52:08.585326+00:00,20260823T043020,joint:rzz-hea:12:5c06f6e925a53594,ok,,rzz-hea,12,8,float64,42,128,2,128,2,1,0.5,rotation,rotation,7,7,compact:L2R0W0-L2R0W0-L2R0W0-L2R0W0-L2R0W0-L1R0W0-L1R0W0,compact:L2R0W0-L2R0W0-L2R0W0-L2R0W0-L2R0W0-L1R0W0-L1R0W0,,,merged,optimized,10,3,10,0.8661565,0.8635057999999999,0.8583,0.867301,0.0037857332129985475,0.3237353,0.015356400000000001,0.5244141,,,custom:libsad_search_8fbfac92ec4bef.so,/home/rzzhang/sad_merged/sad/build/libsad_search_8fbfac92ec4bef.so
2026-08-23T04:52:08.612162+00:00,20260823T043020,joint:rzz-hea:6:b3a8cf549e2542b3,ok,,rzz-hea,6,8,float64,42,32,2,32,2,2,0.75,rotation,rotation,5,5,compact:L2R0W0-L1R0W0-L1R0W0-L1R0W0-L1R0W0,compact:L2R0W0-L1R0W0-L1R0W0-L1R0W0-L1R0W0,,,split,optimized,20,3,20,0.4085445,0.4085433,0.40733,0.411637,0.0010341840310118915,0.1511352,0.015373350000000001,0.24203475,,,custom:libsad_search_16d9d6cef53b3d.so,/home/rzzhang/sad_merged/sad/build/libsad_search_16d9d6cef53b3d.so
2026-08-23T04:52:08.644119+00:00,20260823T043020,joint:rzz-hea:6:f77ea111f84f41c1,ok,,rzz-hea,6,8,float64,42,128,2,128,2,1,0.0,rotation,rotation,1,1,compact:L5R1W0,compact:L5R1W0,,,merged,optimized,20,3,20,0.269292,0.26937449999999996,0.269056,0.270276,0.0002992461361488261,0.0695668,0.015341599999999999,0.1844661,,,custom:libsad_search_8fbfac92ec4bef.so,/home/rzzhang/sad_merged/sad/build/libsad_search_8fbfac92ec4bef.so
2026-08-23T04:52:08.668680+00:00,20260823T043020,joint:rzz-hea:4:98369f0df5d25d3c,ok,,rzz-hea,4,8,float64,42,32,2,32,2,2,0.75,rotation,rotation,3,3,compact:L2R0W0-L1R0W0-L1R0W0,compact:L2R0W0-L1R0W0-L1R0W0,,,merged,optimized,20,3,20,0.2437225,0.2439311,0.24273699999999998,0.24494000000000002,0.0005569015981302326,0.07840055,0.0157347,0.14979585,,,custom:libsad_search_dcff342f285260.so,/home/rzzhang/sad_merged/sad/build/libsad_search_dcff342f285260.so
2026-08-23T04:52:08.692044+00:00,20260823T043020,joint:rzz-hea:28:60a740d2b70a3346,ok,,rzz-hea,28,8,float64,42,32,2,128,2,2,1.0,rotation,rotation,28,28,compact:L1R0W0-L1R0W0-L1R0W0-L1R0W0-L1R0W0-L1R0W0-L1R0W0-L1R0W0-L1R0W0-L1R0W0-L1R0W0-L1R0W0-L1R0W0-L1R0W0-L1R0W0-L1R0W0-L1R0W0-L1R0W0-L1R0W0-L1R0W0-L1R0W0-L1R0W0-L1R0W0-L1R0W0-L1R0W0-L1R0W0-L1R0W0-L1R0W0,compact:L1R0W0-L1R0W0-L1R0W0-L1R0W0-L1R0W0-L1R0W0-L1R0W0-L1R0W0-L1R0W0-L1R0W0-L1R0W0-L1R0W0-L1R0W0-L1R0W0-L1R0W0-L1R0W0-L1R0W0-L1R0W0-L1R0W0-L1R0W0-L1R0W0-L1R0W0-L1R0W0-L1R0W0-L1R0W0-L1R0W0-L1R0W0-L1R0W0,,,split,optimized,2,3,2,6937.035281,6937.035281,6936.890676,6937.179886,0.1446049999999559,2108.551425,83.3138875,4745.1699685,,,custom:libsad_search_2a0e4369743c84.so,/home/rzzhang/sad_merged/sad/build/libsad_search_2a0e4369743c84.so
2026-08-23T04:52:43.411326+00:00,20260823T043020,joint:rzz-hea:12:4cda69f1e3c5cf0d,ok,,rzz-hea,12,8,float64,42,128,2,128,2,2,0.5,rotation,rotation,7,7,compact:L2R0W0-L2R0W0-L2R0W0-L2R0W0-L2R0W0-L1R0W0-L1R0W0,compact:L2R0W0-L2R0W0-L2R0W0-L2R0W0-L2R0W0-L1R0W0-L1R0W0,,,split,optimized,10,3,10,0.897039,0.8971064,0.892882,0.898956,0.001556326970787314,0.31531549999999997,0.015006000000000002,0.5667848999999999,,,custom:libsad_search_d02bea87aa5c56.so,/home/rzzhang/sad_merged/sad/build/libsad_search_d02bea87aa5c56.so
2026-08-23T04:52:43.443081+00:00,20260823T043020,joint:rzz-hea:24:accedca179be26b9,ok,,rzz-hea,24,8,float64,42,128,2,32,2,1,0.25,rotation,rotation,8,9,compact:L3R0W0-L3R0W0-L3R0W0-L3R0W0-L3R0W0-L3R0W0-L3R0W0-L3R0W0,compact:L3R0W0-L3R0W0-L3R0W0-L3R0W0-L3R0W0-L3R0W0-L2R0W0-L2R0W0-L2R0W0,,,merged,optimized,3,3,3,162.15886899999998,162.162727,162.136294,162.193018,0.02331760660960043,40.33133233333333,1.7593903333333334,120.07200433333333,,,custom:libsad_search_5851e15f736f52.so,/home/rzzhang/sad_merged/sad/build/libsad_search_5851e15f736f52.so
2026-08-23T04:52:44.466895+00:00,20260823T043020,joint:rzz-hea:4:420e2c44c762cb15,ok,,rzz-hea,4,8,float64,42,128,2,128,2,2,0.0,rotation,rotation,1,1,compact:L4R0W0,compact:L4R0W0,,,split,optimized,20,3,20,0.24788549999999998,0.24848889999999998,0.247622,0.249913,0.0008514562173124344,0.0750683,0.0152788,0.1581418,,,custom:libsad_search_d02bea87aa5c56.so,/home/rzzhang/sad_merged/sad/build/libsad_search_d02bea87aa5c56.so
2026-08-23T04:52:44.486921+00:00,20260823T043020,joint:rzz-hea:16:526dc2baa113c4b2,ok,,rzz-hea,16,8,float64,42,32,2,128,2,2,0.0,rotation,rotation,3,2,compact:L5R1W0-L5R0W0-L5R0W0,compact:L5R2W1-L5R2W1,,,merged,optimized,5,3,5,1.031158,1.0317442,1.031083,1.0331070000000002,0.0008121481145703047,0.23425859999999998,0.0155026,0.781983,,,custom:libsad_search_fce412939d20fb.so,/home/rzzhang/sad_merged/sad/build/libsad_search_fce412939d20fb.so
2026-08-23T04:52:44.509487+00:00,20260823T043020,joint:rzz-hea:6:bb310c3edf447de1,ok,,rzz-hea,6,8,float64,42,64,2,64,2,2,0.25,rotation,rotation,2,2,compact:L3R0W0-L3R0W0,compact:L3R0W0-L3R0W0,,,merged,optimized,20,3,20,0.2498815,0.25002705000000003,0.24848399999999998,0.25105500000000003,0.0005551728987441686,0.07610230000000001,0.01502525,0.1588995,,,custom:libsad_search_97eec9f2a848ec.so,/home/rzzhang/sad_merged/sad/build/libsad_search_97eec9f2a848ec.so
2026-08-23T04:52:44.528833+00:00,20260823T043020,joint:rzz-hea:12:2c4ff1a233c9bd24,ok,,rzz-hea,12,8,float64,42,128,2,128,2,1,0.0,rotation,rotation,2,2,compact:L5R1W0-L5R1W0,compact:L5R1W0-L5R1W0,,,merged,optimized,10,3,10,0.5304,0.5317138,0.529536,0.5383140000000001,0.002939102985606345,0.1674361,0.0155093,0.3487684,,,custom:libsad_search_8fbfac92ec4bef.so,/home/rzzhang/sad_merged/sad/build/libsad_search_8fbfac92ec4bef.so
2026-08-23T04:52:44.549134+00:00,20260823T043020,joint:rzz-hea:12:0d8b7206fa5abd27,ok,,rzz-hea,12,8,float64,42,128,2,32,2,2,0.25,rotation,rotation,4,4,compact:L3R0W0-L3R0W0-L3R0W0-L3R0W0,compact:L3R0W0-L3R0W0-L3R0W0-L3R0W0,,,split,optimized,10,3,10,0.61117,0.6109857,0.610165,0.6124729999999999,0.0006897427129009661,0.22855029999999998,0.015563,0.3668724,,,custom:libsad_search_3b115211f38255.so,/home/rzzhang/sad_merged/sad/build/libsad_search_3b115211f38255.so
2026-08-23T04:52:44.571141+00:00,20260823T043020,joint:rzz-hea:8:e291a1dc4eb77c34,ok,,rzz-hea,8,8,float64,42,64,2,64,2,1,1.0,rotation,rotation,8,8,compact:L1R0W0-L1R0W0-L1R0W0-L1R0W0-L1R0W0-L1R0W0-L1R0W0-L1R0W0,compact:L1R0W0-L1R0W0-L1R0W0-L1R0W0-L1R0W0-L1R0W0-L1R0W0-L1R0W0,,,split,optimized,20,3,20,0.6585984999999999,0.65798445,0.6513459999999999,0.6595399999999999,0.0022666289390855486,0.25129615,0.0152004,0.39148789999999994,,,custom:libsad_search_7ec063ebc99501.so,/home/rzzhang/sad_merged/sad/build/libsad_search_7ec063ebc99501.so
2026-08-23T04:52:44.600522+00:00,20260823T043020,joint:rzz-hea:20:4a919622980bc8e7,ok,,rzz-hea,20,8,float64,42,128,2,32,2,1,0.25,rotation,rotation,7,7,compact:L3R0W0-L3R0W0-L3R0W0-L3R0W0-L3R0W0-L3R0W0-L2R0W0,compact:L3R0W0-L3R0W0-L3R0W0-L3R0W0-L3R0W0-L3R0W0-L2R0W0,,,merged,optimized,5,3,5,8.672673000000001,8.6716536,8.662668,8.678230000000001,0.005924629831475123,2.0350875999999998,0.1060396,6.5305264,,,custom:libsad_search_5851e15f736f52.so,/home/rzzhang/sad_merged/sad/build/libsad_search_5851e15f736f52.so
2026-08-23T04:52:44.683003+00:00,20260823T043020,joint:rzz-hea:24:a56e77ca5e15389e,ok,,rzz-hea,24,8,float64,42,32,2,32,2,1,0.5,rotation,rotation,14,14,compact:L2R0W0-L2R0W0-L2R0W0-L2R0W0-L2R0W0-L2R0W0-L2R0W0-L2R0W0-L2R0W0-L2R0W0-L1R0W0-L1R0W0-L1R0W0-L1R0W0,compact:L2R0W0-L2R0W0-L2R0W0-L2R0W0-L2R0W0-L2R0W0-L2R0W0-L2R0W0-L2R0W0-L2R0W0-L1R0W0-L1R0W0-L1R0W0-L1R0W0,,,split,optimized,3,3,3,239.434076,239.438632,239.406891,239.474929,0.027962596600936244,73.722022,1.7737106666666667,163.94289933333334,,,custom:libsad_search_3cb67c7e18cc99.so,/home/rzzhang/sad_merged/sad/build/libsad_search_3cb67c7e18cc99.so
2026-08-23T04:52:46.143503+00:00,20260823T043020,joint:rzz-hea:20:588ce995ab0dfecd,ok,,rzz-hea,20,8,float64,42,128,2,128,2,1,1.0,rotation,rotation,20,20,compact:L1R0W0-L1R0W0-L1R0W0-L1R0W0-L1R0W0-L1R0W0-L1R0W0-L1R0W0-L1R0W0-L1R0W0-L1R0W0-L1R0W0-L1R0W0-L1R0W0-L1R0W0-L1R0W0-L1R0W0-L1R0W0-L1R0W0-L1R0W0,compact:L1R0W0-L1R0W0-L1R0W0-L1R0W0-L1R0W0-L1R0W0-L1R0W0-L1R0W0-L1R0W0-L1R0W0-L1R0W0-L1R0W0-L1R0W0-L1R0W0-L1R0W0-L1R0W0-L1R0W0-L1R0W0-L1R0W0-L1R0W0,,,split,optimized,5,3,5,10.400791,10.400595,10.398773,10.401877,0.0012128374994201945,3.3004756000000004,0.09747360000000001,7.002645800000001,,,custom:libsad_search_9361435758c99d.so,/home/rzzhang/sad_merged/sad/build/libsad_search_9361435758c99d.so
2026-08-23T04:52:46.243388+00:00,20260823T043020,joint:rzz-hea:18:74d20784f62d40cf,ok,,rzz-hea,18,8,float64,42,64,2,64,2,1,0.5,rotation,rotation,10,10,compact:L2R0W0-L2R0W0-L2R0W0-L2R0W0-L2R0W0-L2R0W0-L2R0W0-L2R0W0-L1R0W0-L1R0W0,compact:L2R0W0-L2R0W0-L2R0W0-L2R0W0-L2R0W0-L2R0W0-L2R0W0-L2R0W0-L1R0W0-L1R0W0,,,split,optimized,5,3,5,2.8579280000000002,2.858139,2.855884,2.861046,0.001759575857983923,0.9065842000000001,0.031665000000000006,1.9198898,,,custom:libsad_search_7ec063ebc99501.so,/home/rzzhang/sad_merged/sad/build/libsad_search_7ec063ebc99501.so
2026-08-23T04:52:46.280835+00:00,20260823T043020,joint:rzz-hea:26:3f809d163a4389dc,ok,,rzz-hea,26,8,float64,42,128,2,32,2,2,1.0,rotation,rotation,26,26,compact:L1R0W0-L1R0W0-L1R0W0-L1R0W0-L1R0W0-L1R0W0-L1R0W0-L1R0W0-L1R0W0-L1R0W0-L1R0W0-L1R0W0-L1R0W0-L1R0W0-L1R0W0-L1R0W0-L1R0W0-L1R0W0-L1R0W0-L1R0W0-L1R0W0-L1R0W0-L1R0W0-L1R0W0-L1R0W0-L1R0W0,compact:L1R0W0-L1R0W0-L1R0W0-L1R0W0-L1R0W0-L1R0W0-L1R0W0-L1R0W0-L1R0W0-L1R0W0-L1R0W0-L1R0W0-L1R0W0-L1R0W0-L1R0W0-L1R0W0-L1R0W0-L1R0W0-L1R0W0-L1R0W0-L1R0W0-L1R0W0-L1R0W0-L1R0W0-L1R0W0-L1R0W0,,,split,optimized,2,3,2,1613.5026655,1613.5026655,1613.2191129999999,1613.786218,0.2835525000000416,494.80045900000005,10.55538,1108.1468265,,,custom:libsad_search_3b115211f38255.so,/home/rzzhang/sad_merged/sad/build/libsad_search_3b115211f38255.so
2026-08-23T04:52:54.379999+00:00,20260823T043020,joint:rzz-hea:16:19b5e01323aa0030,ok,,rzz-hea,16,8,float64,42,32,2,32,2,1,0.5,rotation,rotation,10,10,compact:L2R0W0-L2R0W0-L2R0W0-L2R0W0-L2R0W0-L2R0W0-L1R0W0-L1R0W0-L1R0W0-L1R0W0,compact:L2R0W0-L2R0W0-L2R0W0-L2R0W0-L2R0W0-L2R0W0-L1R0W0-L1R0W0-L1R0W0-L1R0W0,,,merged,optimized,5,3,5,1.515424,1.5150672,1.513495,1.516331,0.0010024349155930631,0.45979380000000003,0.015580800000000002,1.0396926,,,custom:libsad_search_f9cdaf042a7bd6.so,/home/rzzhang/sad_merged/sad/build/libsad_search_f9cdaf042a7bd6.so
2026-08-23T04:52:54.415866+00:00,20260823T043020,joint:rzz-hea:10:9e82006ddcd8ec8c,ok,,rzz-hea,10,8,float64,42,128,2,32,2,1,1.0,rotation,rotation,10,10,compact:L1R0W0-L1R0W0-L1R0W0-L1R0W0-L1R0W0-L1R0W0-L1R0W0-L1R0W0-L1R0W0-L1R0W0,compact:L1R0W0-L1R0W0-L1R0W0-L1R0W0-L1R0W0-L1R0W0-L1R0W0-L1R0W0-L1R0W0-L1R0W0,,,merged,optimized,10,3,10,0.8315615,0.8318647,0.8304659999999999,0.8334060000000001,0.00079227874513965,0.37310809999999994,0.0152833,0.4434733,,,custom:libsad_search_5851e15f736f52.so,/home/rzzhang/sad_merged/sad/build/libsad_search_5851e15f736f52.so
2026-08-23T04:52:54.443517+00:00,20260823T043020,joint:rzz-hea:26:d2c5ae770264c886,ok,,rzz-hea,26,8,float64,42,128,2,128,2,1,1.0,rotation,rotation,26,26,compact:L1R0W0-L1R0W0-L1R0W0-L1R0W0-L1R0W0-L1R0W0-L1R0W0-L1R0W0-L1R0W0-L1R0W0-L1R0W0-L1R0W0-L1R0W0-L1R0W0-L1R0W0-L1R0W0-L1R0W0-L1R0W0-L1R0W0-L1R0W0-L1R0W0-L1R0W0-L1R0W0-L1R0W0-L1R0W0-L1R0W0,compact:L1R0W0-L1R0W0-L1R0W0-L1R0W0-L1R0W0-L1R0W0-L1R0W0-L1R0W0-L1R0W0-L1R0W0-L1R0W0-L1R0W0-L1R0W0-L1R0W0-L1R0W0-L1R0W0-L1R0W0-L1R0W0-L1R0W0-L1R0W0-L1R0W0-L1R0W0-L1R0W0-L1R0W0-L1R0W0-L1R0W0,,,merged,optimized,2,3,2,1597.7144795000002,1597.7144795000002,1597.563006,1597.8659530000002,0.15147350000006554,453.72860449999996,10.235215499999999,1133.7506595,,,custom:libsad_search_8fbfac92ec4bef.so,/home/rzzhang/sad_merged/sad/build/libsad_search_8fbfac92ec4bef.so
2026-08-23T04:53:02.464280+00:00,20260823T043020,joint:rzz-hea:12:e7e2ed2ba0478350,ok,,rzz-hea,12,8,float64,42,32,2,32,2,1,0.75,rotation,rotation,10,10,compact:L2R0W0-L2R0W0-L1R0W0-L1R0W0-L1R0W0-L1R0W0-L1R0W0-L1R0W0-L1R0W0-L1R0W0,compact:L2R0W0-L2R0W0-L1R0W0-L1R0W0-L1R0W0-L1R0W0-L1R0W0-L1R0W0-L1R0W0-L1R0W0,,,split,optimized,10,3,10,0.9067505,0.9069271999999999,0.9060820000000002,0.909165,0.0008723352337261013,0.3528332,0.01575,0.5383439999999999,,,custom:libsad_search_3cb67c7e18cc99.so,/home/rzzhang/sad_merged/sad/build/libsad_search_3cb67c7e18cc99.so
2026-08-23T04:53:02.496344+00:00,20260823T043020,joint:rzz-hea:20:809a144ba736059d,ok,,rzz-hea,20,8,float64,42,64,2,64,2,2,0.25,rotation,rotation,7,7,compact:L3R0W0-L3R0W0-L3R0W0-L3R0W0-L3R0W0-L3R0W0-L2R0W0,compact:L3R0W0-L3R0W0-L3R0W0-L3R0W0-L3R0W0-L3R0W0-L2R0W0,,,merged,optimized,5,3,5,8.192119,8.1904194,8.181754,8.194025,0.004436475204483858,1.8817456,0.09721439999999999,6.2114594,,,custom:libsad_search_97eec9f2a848ec.so,/home/rzzhang/sad_merged/sad/build/libsad_search_97eec9f2a848ec.so
2026-08-23T04:53:02.584611+00:00,20260823T043020,joint:rzz-hea:24:c000c800e919044c,ok,,rzz-hea,24,8,float64,42,64,2,64,2,2,0.5,rotation,rotation,14,14,compact:L2R0W0-L2R0W0-L2R0W0-L2R0W0-L2R0W0-L2R0W0-L2R0W0-L2R0W0-L2R0W0-L2R0W0-L1R0W0-L1R0W0-L1R0W0-L1R0W0,compact:L2R0W0-L2R0W0-L2R0W0-L2R0W0-L2R0W0-L2R0W0-L2R0W0-L2R0W0-L2R0W0-L2R0W0-L1R0W0-L1R0W0-L1R0W0-L1R0W0,,,merged,optimized,3,3,3,233.22206,233.224214,233.10275600000003,233.347826,0.10006100143411299,63.861019000000006,1.7785053333333334,167.5846896666667,,,custom:libsad_search_97eec9f2a848ec.so,/home/rzzhang/sad_merged/sad/build/libsad_search_97eec9f2a848ec.so
2026-08-23T04:53:04.013719+00:00,20260823T043020,joint:rzz-hea:28:d6b7a8a1a34c0a40,ok,,rzz-hea,28,8,float64,42,32,2,32,2,2,0.0,rotation,rotation,4,4,compact:L5R2W0-L5R2W0-L5R2W0-L5R2W0,compact:L5R2W0-L5R2W0-L5R2W0-L5R2W0,,,split,optimized,2,3,2,2495.6518210000004,2495.6518210000004,2495.493183,2495.8104590000003,0.15863800000010997,653.8495680000001,82.19982200000001,1759.602431,,,custom:libsad_search_16d9d6cef53b3d.so,/home/rzzhang/sad_merged/sad/build/libsad_search_16d9d6cef53b3d.so
2026-08-23T04:53:16.525333+00:00,20260823T043020,joint:rzz-hea:10:1e6a8ca5873c393e,ok,,rzz-hea,10,8,float64,42,64,2,64,2,2,0.0,rotation,rotation,2,2,compact:L5R0W0-L5R0W0,compact:L5R0W0-L5R0W0,,,split,optimized,10,3,10,0.4402515,0.4400764,0.439167,0.441364,0.000649230190302328,0.1370815,0.015531499999999998,0.2874634,,,custom:libsad_search_20c37ff249ec0a.so,/home/rzzhang/sad_merged/sad/build/libsad_search_20c37ff249ec0a.so
2026-08-23T04:53:16.551228+00:00,20260823T043020,joint:rzz-hea:24:20fb79bf9e129fd9,ok,,rzz-hea,24,8,float64,42,32,2,128,2,2,0.75,rotation,rotation,19,19,compact:L2R0W0-L2R0W0-L2R0W0-L2R0W0-L2R0W0-L1R0W0-L1R0W0-L1R0W0-L1R0W0-L1R0W0-L1R0W0-L1R0W0-L1R0W0-L1R0W0-L1R0W0-L1R0W0-L1R0W0-L1R0W0-L1R0W0,compact:L2R0W0-L2R0W0-L2R0W0-L2R0W0-L2R0W0-L1R0W0-L1R0W0-L1R0W0-L1R0W0-L1R0W0-L1R0W0-L1R0W0-L1R0W0-L1R0W0-L1R0W0-L1R0W0-L1R0W0-L1R0W0-L1R0W0,,,split,optimized,3,3,3,307.272263,307.3418566666667,307.24023,307.51307699999995,0.12177528534784864,94.364831,1.7673400000000001,211.20968566666667,,,custom:libsad_search_2a0e4369743c84.so,/home/rzzhang/sad_merged/sad/build/libsad_search_2a0e4369743c84.so
2026-08-23T04:53:18.449936+00:00,20260823T043020,joint:rzz-hea:22:aec533d96e881c29,ok,,rzz-hea,22,8,float64,42,64,2,64,2,1,0.5,rotation,rotation,12,12,compact:L2R0W0-L2R0W0-L2R0W0-L2R0W0-L2R0W0-L2R0W0-L2R0W0-L2R0W0-L2R0W0-L2R0W0-L1R0W0-L1R0W0,compact:L2R0W0-L2R0W0-L2R0W0-L2R0W0-L2R0W0-L2R0W0-L2R0W0-L2R0W0-L2R0W0-L2R0W0-L1R0W0-L1R0W0,,,merged,optimized,3,3,3,46.171406,46.10686333333333,45.966443,46.182741,0.09939994321371091,8.101245,0.40705766666666665,37.598560666666664,,,custom:libsad_search_7e5293342e215a.so,/home/rzzhang/sad_merged/sad/build/libsad_search_7e5293342e215a.so
2026-08-23T04:53:18.753423+00:00,20260823T043020,joint:rzz-hea:8:f3e4e3e4b7b07e5e,ok,,rzz-hea,8,8,float64,42,128,2,128,2,1,0.75,rotation,rotation,6,6,compact:L2R0W0-L2R0W0-L1R0W0-L1R0W0-L1R0W0-L1R0W0,compact:L2R0W0-L2R0W0-L1R0W0-L1R0W0-L1R0W0-L1R0W0,,,merged,optimized,20,3,20,0.583657,0.5839533,0.582703,0.5909059999999999,0.001637372440833165,0.2190386,0.0153958,0.3495189,,,custom:libsad_search_8fbfac92ec4bef.so,/home/rzzhang/sad_merged/sad/build/libsad_search_8fbfac92ec4bef.so
2026-08-23T04:53:18.780581+00:00,20260823T043020,joint:rzz-hea:8:232a80cb54ca50fb,ok,,rzz-hea,8,8,float64,42,128,2,128,2,2,0.25,rotation,rotation,3,3,compact:L3R0W0-L3R0W0-L2R0W0,compact:L3R0W0-L3R0W0-L2R0W0,,,split,optimized,20,3,20,0.491503,0.49190000000000006,0.4904530000000001,0.4967,0.001289189474049481,0.157275,0.0154875,0.3191375,,,custom:libsad_search_d02bea87aa5c56.so,/home/rzzhang/sad_merged/sad/build/libsad_search_d02bea87aa5c56.so
2026-08-23T04:53:18.805862+00:00,20260823T043020,joint:rzz-hea:24:3983cb22e46639ef,ok,,rzz-hea,24,8,float64,42,128,2,128,2,1,0.0,rotation,rotation,3,3,compact:L5R2W1-L5R2W1-L5R2W1,compact:L5R2W1-L5R2W1-L5R2W1,,,merged,optimized,3,3,3,137.668657,137.71196766666665,137.66467,137.80257600000002,0.06409043919511928,28.330268000000004,1.7513056666666669,107.63039400000001,,,custom:libsad_search_8fbfac92ec4bef.so,/home/rzzhang/sad_merged/sad/build/libsad_search_8fbfac92ec4bef.so
2026-08-23T04:53:19.674795+00:00,20260823T043020,joint:rzz-hea:6:d8066e61d9f89d9f,ok,,rzz-hea,6,8,float64,42,64,2,64,2,1,1.0,rotation,rotation,6,6,compact:L1R0W0-L1R0W0-L1R0W0-L1R0W0-L1R0W0-L1R0W0,compact:L1R0W0-L1R0W0-L1R0W0-L1R0W0-L1R0W0-L1R0W0,,,merged,optimized,20,3,20,0.41263,0.41258530000000004,0.41062,0.41467000000000004,0.0008780045045442629,0.15267965,0.015318250000000002,0.24458739999999995,,,custom:libsad_search_7e5293342e215a.so,/home/rzzhang/sad_merged/sad/build/libsad_search_7e5293342e215a.so
2026-08-23T04:53:19.698160+00:00,20260823T043020,joint:rzz-hea:22:3867aca435c7f9a2,ok,,rzz-hea,22,8,float64,42,128,2,128,2,2,0.5,rotation,rotation,12,12,compact:L2R0W0-L2R0W0-L2R0W0-L2R0W0-L2R0W0-L2R0W0-L2R0W0-L2R0W0-L2R0W0-L2R0W0-L1R0W0-L1R0W0,compact:L2R0W0-L2R0W0-L2R0W0-L2R0W0-L2R0W0-L2R0W0-L2R0W0-L2R0W0-L2R0W0-L2R0W0-L1R0W0-L1R0W0,,,merged,optimized,3,3,3,46.658765,46.659203999999995,46.644515999999996,46.674331,0.012175880447291232,8.277548666666668,0.426038,37.955617333333336,,,custom:libsad_search_b969ada61d8a74.so,/home/rzzhang/sad_merged/sad/build/libsad_search_b969ada61d8a74.so
2026-08-23T04:53:20.002764+00:00,20260823T043020,joint:rzz-hea:6:5b12fbd9b0e0dcef,ok,,rzz-hea,6,8,float64,42,32,2,128,2,2,0.5,rotation,rotation,4,4,compact:L2R0W0-L2R0W0-L1R0W0-L1R0W0,compact:L2R0W0-L2R0W0-L1R0W0-L1R0W0,,,merged,optimized,20,3,20,0.3850185,0.3852481,0.38493,0.386139,0.00044242964412435074,0.115919,0.0151612,0.2541679,,,custom:libsad_search_fce412939d20fb.so,/home/rzzhang/sad_merged/sad/build/libsad_search_fce412939d20fb.so
2026-08-23T04:53:20.025432+00:00,20260823T043020,joint:rzz-hea:28:7f2c4abecf92d376,ok,,rzz-hea,28,8,float64,42,128,2,128,2,2,0.75,rotation,rotation,22,22,compact:L2R0W0-L2R0W0-L2R0W0-L2R0W0-L2R0W0-L2R0W0-L1R0W0-L1R0W0-L1R0W0-L1R0W0-L1R0W0-L1R0W0-L1R0W0-L1R0W0-L1R0W0-L1R0W0-L1R0W0-L1R0W0-L1R0W0-L1R0W0-L1R0W0-L1R0W0,compact:L2R0W0-L2R0W0-L2R0W0-L2R0W0-L2R0W0-L2R0W0-L1R0W0-L1R0W0-L1R0W0-L1R0W0-L1R0W0-L1R0W0-L1R0W0-L1R0W0-L1R0W0-L1R0W0-L1R0W0-L1R0W0-L1R0W0-L1R0W0-L1R0W0-L1R0W0,,,merged,optimized,2,3,2,5576.814706000001,5576.814706000001,5576.740316,5576.889096000001,0.07439000000022133,1550.5388739999999,82.161491,3944.114341,,,custom:libsad_search_b969ada61d8a74.so,/home/rzzhang/sad_merged/sad/build/libsad_search_b969ada61d8a74.so
2026-08-23T04:53:47.941743+00:00,20260823T043020,joint:rzz-hea:28:96df09f45fb69f0a,ok,,rzz-hea,28,8,float64,42,32,2,32,2,2,0.5,rotation,rotation,16,16,compact:L2R0W0-L2R0W0-L2R0W0-L2R0W0-L2R0W0-L2R0W0-L2R0W0-L2R0W0-L2R0W0-L2R0W0-L2R0W0-L2R0W0-L1R0W0-L1R0W0-L1R0W0-L1R0W0,compact:L2R0W0-L2R0W0-L2R0W0-L2R0W0-L2R0W0-L2R0W0-L2R0W0-L2R0W0-L2R0W0-L2R0W0-L2R0W0-L2R0W0-L1R0W0-L1R0W0-L1R0W0-L1R0W0,,,merged,optimized,2,3,2,4282.6944055,4282.6944055,4281.654906,4283.733905,1.0394995000001472,1153.543313,80.970601,3048.1804915000002,,,custom:libsad_search_dcff342f285260.so,/home/rzzhang/sad_merged/sad/build/libsad_search_dcff342f285260.so
2026-08-23T04:54:09.628118+00:00,20260823T043020,joint:rzz-hea:12:7d6a425fbc449bd3,ok,,rzz-hea,12,8,float64,42,32,2,128,2,1,0.75,rotation,rotation,10,10,compact:L2R0W0-L2R0W0-L1R0W0-L1R0W0-L1R0W0-L1R0W0-L1R0W0-L1R0W0-L1R0W0-L1R0W0,compact:L2R0W0-L2R0W0-L1R0W0-L1R0W0-L1R0W0-L1R0W0-L1R0W0-L1R0W0-L1R0W0-L1R0W0,,,split,optimized,10,3,10,1.0463705,1.0448317,1.0392979999999998,1.047667,0.002889289014619321,0.3542379,0.015580400000000001,0.6750134,,,custom:libsad_search_0e4f539ceca897.so,/home/rzzhang/sad_merged/sad/build/libsad_search_0e4f539ceca897.so
2026-08-23T04:54:09.661692+00:00,20260823T043020,joint:rzz-hea:6:2c4643e5860d6f68,ok,,rzz-hea,6,8,float64,42,32,2,32,2,1,0.75,rotation,rotation,5,5,compact:L2R0W0-L1R0W0-L1R0W0-L1R0W0-L1R0W0,compact:L2R0W0-L1R0W0-L1R0W0-L1R0W0-L1R0W0,,,split,optimized,20,3,20,0.4105995,0.41114795,0.40960799999999997,0.417771,0.0016837714653420174,0.15257669999999998,0.01555245,0.2430188,,,custom:libsad_search_3cb67c7e18cc99.so,/home/rzzhang/sad_merged/sad/build/libsad_search_3cb67c7e18cc99.so
2026-08-23T04:54:09.690907+00:00,20260823T043020,joint:rzz-hea:12:43bfda542e8792d3,ok,,rzz-hea,12,8,float64,42,32,2,128,2,2,0.5,rotation,rotation,7,7,compact:L2R0W0-L2R0W0-L2R0W0-L2R0W0-L2R0W0-L1R0W0-L1R0W0,compact:L2R0W0-L2R0W0-L2R0W0-L2R0W0-L2R0W0-L1R0W0-L1R0W0,,,merged,optimized,10,3,10,0.7996315,0.7993107,0.797613,0.800823,0.0008792380849348864,0.2639464,0.015466399999999998,0.5198979,,,custom:libsad_search_fce412939d20fb.so,/home/rzzhang/sad_merged/sad/build/libsad_search_fce412939d20fb.so
2026-08-23T04:54:09.720145+00:00,20260823T043020,joint:rzz-hea:14:098ccbc26dabd5e6,ok,,rzz-hea,14,8,float64,42,128,2,32,2,1,0.0,legacy,legacy,0,0,,,,,not_applicable,legacy-generic,10,3,10,0.5692900000000001,0.5691016999999999,0.5681930000000001,0.5703699999999999,0.0006296616631175748,0.2092224,0.015591699999999998,0.3442876,,,custom:libsad_search_eaf59e83158800.so,/home/rzzhang/sad_merged/sad/build/libsad_search_eaf59e83158800.so
2026-08-23T04:54:09.747578+00:00,20260823T043020,joint:rzz-hea:18:59cd44c716df09c5,ok,,rzz-hea,18,8,float64,42,32,2,32,2,1,0.5,rotation,rotation,10,10,compact:L2R0W0-L2R0W0-L2R0W0-L2R0W0-L2R0W0-L2R0W0-L2R0W0-L2R0W0-L1R0W0-L1R0W0,compact:L2R0W0-L2R0W0-L2R0W0-L2R0W0-L2R0W0-L2R0W0-L2R0W0-L2R0W0-L1R0W0-L1R0W0,,,merged,optimized,5,3,5,2.8999490000000003,2.8999406,2.8979619999999997,2.900931,0.0010826760549675447,0.7719117999999999,0.0320212,2.0960076,,,custom:libsad_search_f9cdaf042a7bd6.so,/home/rzzhang/sad_merged/sad/build/libsad_search_f9cdaf042a7bd6.so
2026-08-23T04:54:09.799022+00:00,20260823T043020,joint:rzz-hea:8:5bdabb63bfe39ff9,ok,,rzz-hea,8,8,float64,42,32,2,32,2,2,1.0,rotation,rotation,8,8,compact:L1R0W0-L1R0W0-L1R0W0-L1R0W0-L1R0W0-L1R0W0-L1R0W0-L1R0W0,compact:L1R0W0-L1R0W0-L1R0W0-L1R0W0-L1R0W0-L1R0W0-L1R0W0-L1R0W0,,,split,optimized,20,3,20,0.641046,0.64129655,0.639913,0.643073,0.0008298993598623936,0.24937145000000002,0.01560955,0.37631555,,,custom:libsad_search_16d9d6cef53b3d.so,/home/rzzhang/sad_merged/sad/build/libsad_search_16d9d6cef53b3d.so
2026-08-23T04:54:09.835404+00:00,20260823T043020,joint:rzz-hea:4:ec0387321d91ba84,ok,,rzz-hea,4,8,float64,42,64,2,64,2,2,1.0,rotation,rotation,4,4,compact:L1R0W0-L1R0W0-L1R0W0-L1R0W0,compact:L1R0W0-L1R0W0-L1R0W0-L1R0W0,,,split,optimized,20,3,20,0.3215695,0.3222118,0.321353,0.32467499999999994,0.0009853882788018002,0.12081934999999999,0.015605750000000002,0.1857867,,,custom:libsad_search_20c37ff249ec0a.so,/home/rzzhang/sad_merged/sad/build/libsad_search_20c37ff249ec0a.so
2026-08-23T04:54:09.863010+00:00,20260823T043020,joint:rzz-hea:22:3dcf18148b252765,ok,,rzz-hea,22,8,float64,42,128,2,128,2,2,0.75,rotation,rotation,17,17,compact:L2R0W0-L2R0W0-L2R0W0-L2R0W0-L2R0W0-L1R0W0-L1R0W0-L1R0W0-L1R0W0-L1R0W0-L1R0W0-L1R0W0-L1R0W0-L1R0W0-L1R0W0-L1R0W0-L1R0W0,compact:L2R0W0-L2R0W0-L2R0W0-L2R0W0-L2R0W0-L1R0W0-L1R0W0-L1R0W0-L1R0W0-L1R0W0-L1R0W0-L1R0W0-L1R0W0-L1R0W0-L1R0W0-L1R0W0-L1R0W0,,,split,optimized,3,3,3,60.613043000000005,60.62430066666667,60.60684299999999,60.653016,0.02046196107143643,11.826666999999999,0.40104066666666666,48.396592999999996,,,custom:libsad_search_d02bea87aa5c56.so,/home/rzzhang/sad_merged/sad/build/libsad_search_d02bea87aa5c56.so
2026-08-23T04:54:10.263372+00:00,20260823T043020,joint:rzz-hea:16:1b28f3a8f8a9034a,ok,,rzz-hea,16,8,float64,42,64,2,64,2,1,0.75,rotation,rotation,12,12,compact:L2R0W0-L2R0W0-L2R0W0-L2R0W0-L1R0W0-L1R0W0-L1R0W0-L1R0W0-L1R0W0-L1R0W0-L1R0W0-L1R0W0,compact:L2R0W0-L2R0W0-L2R0W0-L2R0W0-L1R0W0-L1R0W0-L1R0W0-L1R0W0-L1R0W0-L1R0W0-L1R0W0-L1R0W0,,,split,optimized,5,3,5,1.61385,1.6137919999999997,1.6127009999999997,1.614839,0.0006788319379640981,0.5499748,0.0151588,1.0486583999999999,,,custom:libsad_search_7ec063ebc99501.so,/home/rzzhang/sad_merged/sad/build/libsad_search_7ec063ebc99501.so
2026-08-23T04:54:10.290671+00:00,20260823T043020,joint:rzz-hea:4:94db8f7efa0d7096,ok,,rzz-hea,4,8,float64,42,32,2,32,2,1,0.0,rotation,rotation,1,1,compact:L4R0W0,compact:L4R0W0,,,split,optimized,20,3,20,0.208929,0.20931715,0.208777,0.210884,0.0006451411686600047,0.0688053,0.015372700000000003,0.12513915000000003,,,custom:libsad_search_3cb67c7e18cc99.so,/home/rzzhang/sad_merged/sad/build/libsad_search_3cb67c7e18cc99.so
2026-08-23T04:54:10.308635+00:00,20260823T043020,joint:rzz-hea:24:234f383bba4167ef,ok,,rzz-hea,24,8,float64,42,64,2,64,2,1,1.0,rotation,rotation,24,24,compact:L1R0W0-L1R0W0-L1R0W0-L1R0W0-L1R0W0-L1R0W0-L1R0W0-L1R0W0-L1R0W0-L1R0W0-L1R0W0-L1R0W0-L1R0W0-L1R0W0-L1R0W0-L1R0W0-L1R0W0-L1R0W0-L1R0W0-L1R0W0-L1R0W0-L1R0W0-L1R0W0-L1R0W0,compact:L1R0W0-L1R0W0-L1R0W0-L1R0W0-L1R0W0-L1R0W0-L1R0W0-L1R0W0-L1R0W0-L1R0W0-L1R0W0-L1R0W0-L1R0W0-L1R0W0-L1R0W0-L1R0W0-L1R0W0-L1R0W0-L1R0W0-L1R0W0-L1R0W0-L1R0W0-L1R0W0-L1R0W0,,,merged,optimized,3,3,3,368.69142,368.70512766666667,368.664342,368.75962100000004,0.04008696425137451,105.07748633333331,1.7744186666666668,261.8532226666667,,,custom:libsad_search_7e5293342e215a.so,/home/rzzhang/sad_merged/sad/build/libsad_search_7e5293342e215a.so
2026-08-23T04:54:12.552629+00:00,20260823T043020,joint:rzz-hea:24:c647cc9c09761388,ok,,rzz-hea,24,8,float64,42,128,2,128,2,2,0.75,rotation,rotation,19,19,compact:L2R0W0-L2R0W0-L2R0W0-L2R0W0-L2R0W0-L1R0W0-L1R0W0-L1R0W0-L1R0W0-L1R0W0-L1R0W0-L1R0W0-L1R0W0-L1R0W0-L1R0W0-L1R0W0-L1R0W0-L1R0W0-L1R0W0,compact:L2R0W0-L2R0W0-L2R0W0-L2R0W0-L2R0W0-L1R0W0-L1R0W0-L1R0W0-L1R0W0-L1R0W0-L1R0W0-L1R0W0-L1R0W0-L1R0W0-L1R0W0-L1R0W0-L1R0W0-L1R0W0-L1R0W0,,,merged,optimized,3,3,3,301.000899,300.99008066666664,300.950587,301.018756,0.02886209038784127,84.59379500000001,1.7743173333333335,214.62196833333334,,,custom:libsad_search_b969ada61d8a74.so,/home/rzzhang/sad_merged/sad/build/libsad_search_b969ada61d8a74.so
2026-08-23T04:54:14.388924+00:00,20260823T043020,joint:rzz-hea:10:3475d7ae4ac13c2f,ok,,rzz-hea,10,8,float64,42,32,2,32,2,2,0.75,rotation,rotation,8,8,compact:L2R0W0-L2R0W0-L1R0W0-L1R0W0-L1R0W0-L1R0W0-L1R0W0-L1R0W0,compact:L2R0W0-L2R0W0-L1R0W0-L1R0W0-L1R0W0-L1R0W0-L1R0W0-L1R0W0,,,split,optimized,10,3,10,0.7239450000000001,0.7235201,0.718744,0.725067,0.0016883425274510958,0.27485489999999996,0.015434500000000002,0.43323069999999997,,,custom:libsad_search_16d9d6cef53b3d.so,/home/rzzhang/sad_merged/sad/build/libsad_search_16d9d6cef53b3d.so
2026-08-23T04:54:14.412049+00:00,20260823T043020,joint:rzz-hea:18:70a10bad943dbbe2,ok,,rzz-hea,18,8,float64,42,64,2,64,2,2,0.5,rotation,rotation,10,10,compact:L2R0W0-L2R0W0-L2R0W0-L2R0W0-L2R0W0-L2R0W0-L2R0W0-L2R0W0-L1R0W0-L1R0W0,compact:L2R0W0-L2R0W0-L2R0W0-L2R0W0-L2R0W0-L2R0W0-L2R0W0-L2R0W0-L1R0W0-L1R0W0,,,merged,optimized,5,3,5,2.964255,2.9630228,2.9585190000000003,2.964467,0.002281723243515612,0.804088,0.0320568,2.126878,,,custom:libsad_search_97eec9f2a848ec.so,/home/rzzhang/sad_merged/sad/build/libsad_search_97eec9f2a848ec.so
2026-08-23T04:54:14.450569+00:00,20260823T043020,joint:rzz-hea:26:52facd4a1aa425da,ok,,rzz-hea,26,8,float64,42,128,2,32,2,2,0.5,rotation,rotation,14,15,compact:L2R0W0-L2R0W0-L2R0W0-L2R0W0-L2R0W0-L2R0W0-L2R0W0-L2R0W0-L2R0W0-L2R0W0-L2R0W0-L2R0W0-L1R0W0-L1R0W0,compact:L2R0W0-L2R0W0-L2R0W0-L2R0W0-L2R0W0-L2R0W0-L2R0W0-L2R0W0-L2R0W0-L2R0W0-L2R0W0-L1R0W0-L1R0W0-L1R0W0-L1R0W0,,,merged,optimized,2,3,2,988.2337275,988.2337275,987.987154,988.4803009999999,0.24657349999995404,257.2977615,10.26264,720.673326,,,custom:libsad_search_d014591f51543a.so,/home/rzzhang/sad_merged/sad/build/libsad_search_d014591f51543a.so
2026-08-23T04:54:19.425870+00:00,20260823T043020,joint:rzz-hea:28:cc00dd14f502a10b,ok,,rzz-hea,28,8,float64,42,128,2,32,2,2,0.0,rotation,rotation,4,4,compact:L5R2W0-L5R2W0-L5R2W0-L5R2W0,compact:L5R2W0-L5R2W0-L5R2W0-L5R2W0,,,split,optimized,2,3,2,2469.008926,2469.008926,2468.98638,2469.031472,0.022546000000147615,626.1418679999999,82.867366,1759.999692,,,custom:libsad_search_3b115211f38255.so,/home/rzzhang/sad_merged/sad/build/libsad_search_3b115211f38255.so
2026-08-23T04:54:31.813393+00:00,20260823T043020,joint:rzz-hea:26:b640c43bdef74d78,ok,,rzz-hea,26,8,float64,42,32,2,128,2,1,0.25,rotation,rotation,10,9,compact:L3R0W0-L3R0W0-L3R0W0-L3R0W0-L3R0W0-L3R0W0-L2R0W0-L2R0W0-L2R0W0-L2R0W0,compact:L3R0W0-L3R0W0-L3R0W0-L3R0W0-L3R0W0-L3R0W0-L3R0W0-L3R0W0-L2R0W0,,,merged,optimized,2,3,2,695.8569709999999,695.8569709999999,695.8512,695.862742,0.005771000000038384,193.26347049999998,10.1972475,492.396253,,,custom:libsad_search_2a8327787a9aac.so,/home/rzzhang/sad_merged/sad/build/libsad_search_2a8327787a9aac.so
2026-08-23T04:54:35.349271+00:00,20260823T043020,joint:rzz-hea:14:c74c5f56eaadc201,ok,,rzz-hea,14,8,float64,42,128,2,32,2,2,0.25,rotation,rotation,5,5,compact:L3R0W0-L3R0W0-L3R0W0-L3R0W0-L2R0W0,compact:L3R0W0-L3R0W0-L3R0W0-L3R0W0-L2R0W0,,,merged,optimized,10,3,10,0.7117255,0.7120728,0.710612,0.713732,0.0008252484232035761,0.2872205,0.015648899999999997,0.40920339999999994,,,custom:libsad_search_d014591f51543a.so,/home/rzzhang/sad_merged/sad/build/libsad_search_d014591f51543a.so
2026-08-23T04:54:35.377147+00:00,20260823T043020,joint:rzz-hea:8:c5f55e837bbd997a,ok,,rzz-hea,8,8,float64,42,32,2,32,2,2,0.25,rotation,rotation,4,4,compact:L2R0W0-L2R0W0-L2R0W0-L2R0W0,compact:L2R0W0-L2R0W0-L2R0W0-L2R0W0,,,split,optimized,20,3,20,0.4606825,0.45988369999999995,0.452687,0.46084100000000006,0.0017788421824321567,0.16034565,0.015522649999999999,0.28401540000000003,,,custom:libsad_search_16d9d6cef53b3d.so,/home/rzzhang/sad_merged/sad/build/libsad_search_16d9d6cef53b3d.so
2026-08-23T04:54:35.404433+00:00,20260823T043020,joint:rzz-hea:22:23074f4c08a40ef5,ok,,rzz-hea,22,8,float64,42,128,2,32,2,2,0.75,rotation,rotation,17,18,compact:L2R0W0-L2R0W0-L2R0W0-L2R0W0-L2R0W0-L1R0W0-L1R0W0-L1R0W0-L1R0W0-L1R0W0-L1R0W0-L1R0W0-L1R0W0-L1R0W0-L1R0W0-L1R0W0-L1R0W0,compact:L2R0W0-L2R0W0-L2R0W0-L2R0W0-L1R0W0-L1R0W0-L1R0W0-L1R0W0-L1R0W0-L1R0W0-L1R0W0-L1R0W0-L1R0W0-L1R0W0-L1R0W0-L1R0W0-L1R0W0-L1R0W0,,,merged,optimized,3,3,3,62.661037,62.62517766666667,62.549414,62.66508200000001,0.05359844771591764,10.710937666666668,0.40910466666666667,51.505135333333335,,,custom:libsad_search_d014591f51543a.so,/home/rzzhang/sad_merged/sad/build/libsad_search_d014591f51543a.so
2026-08-23T04:54:35.805923+00:00,20260823T043020,joint:rzz-hea:10:83cede499047d4c3,ok,,rzz-hea,10,8,float64,42,128,2,128,2,2,0.5,rotation,rotation,6,6,compact:L2R0W0-L2R0W0-L2R0W0-L2R0W0-L1R0W0-L1R0W0,compact:L2R0W0-L2R0W0-L2R0W0-L2R0W0-L1R0W0-L1R0W0,,,merged,optimized,10,3,10,0.6973085000000001,0.6977173999999999,0.6972039999999999,0.699341,0.0007116401056713879,0.2599644,0.015369399999999998,0.4223836,,,custom:libsad_search_b969ada61d8a74.so,/home/rzzhang/sad_merged/sad/build/libsad_search_b969ada61d8a74.so
2026-08-23T04:54:35.828297+00:00,20260823T043020,joint:rzz-hea:22:f2759eb05e975c92,ok,,rzz-hea,22,8,float64,42,128,2,32,2,1,0.0,rotation,rotation,3,4,compact:L5R2W1-L5R2W0-L5R2W0,compact:L5R1W0-L5R1W0-L5R0W0-L5R0W0,,,merged,optimized,3,3,3,31.705255,32.292734333333335,31.588555999999997,33.584392,0.914581620211973,6.789918666666666,0.40962000000000004,25.093195666666666,,,custom:libsad_search_5851e15f736f52.so,/home/rzzhang/sad_merged/sad/build/libsad_search_5851e15f736f52.so
2026-08-23T04:54:36.047177+00:00,20260823T043020,joint:rzz-hea:14:e806f464f12895c0,ok,,rzz-hea,14,8,float64,42,32,2,32,2,2,0.75,rotation,rotation,11,11,compact:L2R0W0-L2R0W0-L2R0W0-L1R0W0-L1R0W0-L1R0W0-L1R0W0-L1R0W0-L1R0W0-L1R0W0-L1R0W0,compact:L2R0W0-L2R0W0-L2R0W0-L1R0W0-L1R0W0-L1R0W0-L1R0W0-L1R0W0-L1R0W0-L1R0W0-L1R0W0,,,merged,optimized,10,3,10,1.0711605,1.071701,1.0710439999999999,1.0731310000000003,0.000806503936754256,0.4264396999999999,0.0152939,0.6299674,,,custom:libsad_search_dcff342f285260.so,/home/rzzhang/sad_merged/sad/build/libsad_search_dcff342f285260.so
2026-08-23T04:54:36.074943+00:00,20260823T043020,joint:rzz-hea:4:042e1f059f3fe6a9,ok,,rzz-hea,4,8,float64,42,32,2,32,2,2,0.25,rotation,rotation,2,2,compact:L2R0W0-L2R0W0,compact:L2R0W0-L2R0W0,,,merged,optimized,20,3,20,0.2005865,0.20028315000000002,0.195631,0.202745,0.0014447474268881714,0.0587157,0.0146747,0.12689275,,,custom:libsad_search_dcff342f285260.so,/home/rzzhang/sad_merged/sad/build/libsad_search_dcff342f285260.so
2026-08-23T04:54:36.093135+00:00,20260823T043020,joint:rzz-hea:20:b39bef059082d371,ok,,rzz-hea,20,8,float64,42,128,2,32,2,1,0.5,rotation,rotation,12,12,compact:L2R0W0-L2R0W0-L2R0W0-L2R0W0-L2R0W0-L2R0W0-L2R0W0-L2R0W0-L1R0W0-L1R0W0-L1R0W0-L1R0W0,compact:L2R0W0-L2R0W0-L2R0W0-L2R0W0-L2R0W0-L2R0W0-L2R0W0-L2R0W0-L1R0W0-L1R0W0-L1R0W0-L1R0W0,,,split,optimized,5,3,5,9.063009000000001,9.0621792,9.056478,9.065574999999999,0.0030374072101051865,2.674528,0.1054278,6.2822234,,,custom:libsad_search_7259903b8346c4.so,/home/rzzhang/sad_merged/sad/build/libsad_search_7259903b8346c4.so
2026-08-23T04:54:36.180775+00:00,20260823T043020,joint:rzz-hea:10:2c9dd5bb9f827214,ok,,rzz-hea,10,8,float64,42,32,2,32,2,1,0.5,rotation,rotation,6,6,compact:L2R0W0-L2R0W0-L2R0W0-L2R0W0-L1R0W0-L1R0W0,compact:L2R0W0-L2R0W0-L2R0W0-L2R0W0-L1R0W0-L1R0W0,,,merged,optimized,10,3,10,0.5928994999999999,0.5971626999999999,0.5919009999999999,0.607154,0.00606025915369963,0.2292447,0.015603800000000001,0.3523142,,,custom:libsad_search_f9cdaf042a7bd6.so,/home/rzzhang/sad_merged/sad/build/libsad_search_f9cdaf042a7bd6.so
2026-08-23T04:54:36.202349+00:00,20260823T043020,joint:rzz-hea:20:4a13f76ab37494d2,ok,,rzz-hea,20,8,float64,42,128,2,128,2,2,0.5,rotation,rotation,12,12,compact:L2R0W0-L2R0W0-L2R0W0-L2R0W0-L2R0W0-L2R0W0-L2R0W0-L2R0W0-L1R0W0-L1R0W0-L1R0W0-L1R0W0,compact:L2R0W0-L2R0W0-L2R0W0-L2R0W0-L2R0W0-L2R0W0-L2R0W0-L2R0W0-L1R0W0-L1R0W0-L1R0W0-L1R0W0,,,merged,optimized,5,3,5,9.608841,9.607736800000001,9.60303,9.611325,0.003473224116005216,2.376126,0.10569520000000002,7.1259156,,,custom:libsad_search_b969ada61d8a74.so,/home/rzzhang/sad_merged/sad/build/libsad_search_b969ada61d8a74.so
2026-08-23T04:54:36.294017+00:00,20260823T043020,joint:rzz-hea:14:e4f0c20cb571c4be,ok,,rzz-hea,14,8,float64,42,32,2,128,2,1,1.0,rotation,rotation,14,14,compact:L1R0W0-L1R0W0-L1R0W0-L1R0W0-L1R0W0-L1R0W0-L1R0W0-L1R0W0-L1R0W0-L1R0W0-L1R0W0-L1R0W0-L1R0W0-L1R0W0,compact:L1R0W0-L1R0W0-L1R0W0-L1R0W0-L1R0W0-L1R0W0-L1R0W0-L1R0W0-L1R0W0-L1R0W0-L1R0W0-L1R0W0-L1R0W0-L1R0W0,,,merged,optimized,10,3,10,1.4755495,1.4755501,1.474446,1.4766409999999999,0.0004934584987615344,0.5319439,0.0156929,0.9279133,,,custom:libsad_search_2a8327787a9aac.so,/home/rzzhang/sad_merged/sad/build/libsad_search_2a8327787a9aac.so
2026-08-23T04:54:36.326791+00:00,20260823T043020,joint:rzz-hea:28:34aa1d4591711ae3,ok,,rzz-hea,28,8,float64,42,32,2,128,2,1,0.0,legacy,legacy,0,0,,,,,not_applicable,legacy-generic,2,3,2,2790.720773,2790.720773,2789.7539970000003,2791.687549,0.9667759999999817,735.0746065,82.5714825,1973.074684,,,custom:libsad_search_ada51c8f4b2976.so,/home/rzzhang/sad_merged/sad/build/libsad_search_ada51c8f4b2976.so
2026-08-23T04:54:50.330356+00:00,20260823T043020,joint:rzz-hea:28:d1fc4c61edd348c4,ok,,rzz-hea,28,8,float64,42,32,2,128,2,1,0.75,rotation,rotation,22,22,compact:L2R0W0-L2R0W0-L2R0W0-L2R0W0-L2R0W0-L2R0W0-L1R0W0-L1R0W0-L1R0W0-L1R0W0-L1R0W0-L1R0W0-L1R0W0-L1R0W0-L1R0W0-L1R0W0-L1R0W0-L1R0W0-L1R0W0-L1R0W0-L1R0W0-L1R0W0,compact:L2R0W0-L2R0W0-L2R0W0-L2R0W0-L2R0W0-L2R0W0-L1R0W0-L1R0W0-L1R0W0-L1R0W0-L1R0W0-L1R0W0-L1R0W0-L1R0W0-L1R0W0-L1R0W0-L1R0W0-L1R0W0-L1R0W0-L1R0W0-L1R0W0-L1R0W0,,,merged,optimized,2,3,2,5568.089927999999,5568.089927999999,5567.6418650000005,5568.537990999999,0.4480629999993653,1547.0002565,81.127532,3939.9621395,,,custom:libsad_search_2a8327787a9aac.so,/home/rzzhang/sad_merged/sad/build/libsad_search_2a8327787a9aac.so
2026-08-23T04:55:18.462581+00:00,20260823T043020,joint:rzz-hea:28:65ad801b774ee24c,ok,,rzz-hea,28,8,float64,42,64,2,64,2,2,0.5,rotation,rotation,16,16,compact:L2R0W0-L2R0W0-L2R0W0-L2R0W0-L2R0W0-L2R0W0-L2R0W0-L2R0W0-L2R0W0-L2R0W0-L2R0W0-L2R0W0-L1R0W0-L1R0W0-L1R0W0-L1R0W0,compact:L2R0W0-L2R0W0-L2R0W0-L2R0W0-L2R0W0-L2R0W0-L2R0W0-L2R0W0-L2R0W0-L2R0W0-L2R0W0-L2R0W0-L1R0W0-L1R0W0-L1R0W0-L1R0W0,,,split,optimized,2,3,2,4355.147163,4355.147163,4354.739469,4355.554856999999,0.4076939999995375,1326.5735384999998,82.3119085,2946.261716,,,custom:libsad_search_20c37ff249ec0a.so,/home/rzzhang/sad_merged/sad/build/libsad_search_20c37ff249ec0a.so
2026-08-23T04:55:40.523624+00:00,20260823T043020,joint:rzz-hea:24:dd339b15a37e9ce8,ok,,rzz-hea,24,8,float64,42,128,2,128,2,1,0.5,rotation,rotation,14,14,compact:L2R0W0-L2R0W0-L2R0W0-L2R0W0-L2R0W0-L2R0W0-L2R0W0-L2R0W0-L2R0W0-L2R0W0-L1R0W0-L1R0W0-L1R0W0-L1R0W0,compact:L2R0W0-L2R0W0-L2R0W0-L2R0W0-L2R0W0-L2R0W0-L2R0W0-L2R0W0-L2R0W0-L2R0W0-L1R0W0-L1R0W0-L1R0W0-L1R0W0,,,split,optimized,3,3,3,240.069011,240.07787033333332,239.988503,240.176097,0.07684071424851337,74.15279333333334,1.7643236666666668,164.16075333333336,,,custom:libsad_search_9361435758c99d.so,/home/rzzhang/sad_merged/sad/build/libsad_search_9361435758c99d.so
2026-08-23T04:55:42.019822+00:00,20260823T043020,joint:rzz-hea:8:ff78a1adc5bc6a9d,ok,,rzz-hea,8,8,float64,42,64,2,64,2,1,0.25,rotation,rotation,3,3,compact:L3R0W0-L3R0W0-L2R0W0,compact:L3R0W0-L3R0W0-L2R0W0,,,merged,optimized,20,3,20,0.3717285,0.3720856,0.371574,0.37272900000000003,0.0005088420580101447,0.13303525000000002,0.015361999999999999,0.22368835,,,custom:libsad_search_7e5293342e215a.so,/home/rzzhang/sad_merged/sad/build/libsad_search_7e5293342e215a.so
2026-08-23T04:55:42.042375+00:00,20260823T043020,joint:rzz-hea:4:ffd8a74045d4c012,ok,,rzz-hea,4,8,float64,42,64,2,64,2,2,0.0,rotation,rotation,1,1,compact:L4R0W0,compact:L4R0W0,,,split,optimized,20,3,20,0.21908850000000002,0.2189045,0.217932,0.221091,0.0007907947584550646,0.070938,0.01525605,0.13271044999999998,,,custom:libsad_search_20c37ff249ec0a.so,/home/rzzhang/sad_merged/sad/build/libsad_search_20c37ff249ec0a.so
2026-08-23T04:55:42.060852+00:00,20260823T043020,joint:rzz-hea:24:4382ffb0ffa942a9,ok,,rzz-hea,24,8,float64,42,128,2,32,2,2,0.0,rotation,rotation,3,4,compact:L5R2W1-L5R2W1-L5R2W1,compact:L5R1W0-L5R1W0-L5R1W0-L5R1W0,,,split,optimized,3,3,3,134.70209,134.794547,134.679496,135.002055,0.1470199527433896,35.651742999999996,1.7764483333333332,97.36635566666666,,,custom:libsad_search_3b115211f38255.so,/home/rzzhang/sad_merged/sad/build/libsad_search_3b115211f38255.so
2026-08-23T04:55:42.909157+00:00,20260823T043020,joint:rzz-hea:12:8c63f89103bd2ae6,ok,,rzz-hea,12,8,float64,42,128,2,32,2,2,0.75,rotation,rotation,10,10,compact:L2R0W0-L2R0W0-L1R0W0-L1R0W0-L1R0W0-L1R0W0-L1R0W0-L1R0W0-L1R0W0-L1R0W0,compact:L2R0W0-L2R0W0-L1R0W0-L1R0W0-L1R0W0-L1R0W0-L1R0W0-L1R0W0-L1R0W0-L1R0W0,,,merged,optimized,10,3,10,0.920543,0.9207487000000001,0.920497,0.922644,0.0006321060116784292,0.4132056,0.0155646,0.4919785,,,custom:libsad_search_d014591f51543a.so,/home/rzzhang/sad_merged/sad/build/libsad_search_d014591f51543a.so
2026-08-23T04:55:42.935747+00:00,20260823T043020,joint:rzz-hea:24:020da527de2ae75e,ok,,rzz-hea,24,8,float64,42,64,2,64,2,1,0.75,rotation,rotation,19,19,compact:L2R0W0-L2R0W0-L2R0W0-L2R0W0-L2R0W0-L1R0W0-L1R0W0-L1R0W0-L1R0W0-L1R0W0-L1R0W0-L1R0W0-L1R0W0-L1R0W0-L1R0W0-L1R0W0-L1R0W0-L1R0W0-L1R0W0,compact:L2R0W0-L2R0W0-L2R0W0-L2R0W0-L2R0W0-L1R0W0-L1R0W0-L1R0W0-L1R0W0-L1R0W0-L1R0W0-L1R0W0-L1R0W0-L1R0W0-L1R0W0-L1R0W0-L1R0W0-L1R0W0-L1R0W0,,,split,optimized,3,3,3,307.662097,307.6688603333334,307.654261,307.690223,0.015440711756759578,94.76147033333334,1.7771606666666668,211.13022933333335,,,custom:libsad_search_7ec063ebc99501.so,/home/rzzhang/sad_merged/sad/build/libsad_search_7ec063ebc99501.so
2026-08-23T04:55:44.812947+00:00,20260823T043020,joint:rzz-hea:22:9f1a5192bfdbf712,ok,,rzz-hea,22,8,float64,42,32,2,32,2,1,0.75,rotation,rotation,18,18,compact:L2R0W0-L2R0W0-L2R0W0-L2R0W0-L1R0W0-L1R0W0-L1R0W0-L1R0W0-L1R0W0-L1R0W0-L1R0W0-L1R0W0-L1R0W0-L1R0W0-L1R0W0-L1R0W0-L1R0W0-L1R0W0,compact:L2R0W0-L2R0W0-L2R0W0-L2R0W0-L1R0W0-L1R0W0-L1R0W0-L1R0W0-L1R0W0-L1R0W0-L1R0W0-L1R0W0-L1R0W0-L1R0W0-L1R0W0-L1R0W0-L1R0W0-L1R0W0,,,split,optimized,3,3,3,63.24371300000001,63.24609900000001,63.238792000000004,63.25579200000001,0.007142350080098375,12.222857333333332,0.409508,50.61373366666667,,,custom:libsad_search_3cb67c7e18cc99.so,/home/rzzhang/sad_merged/sad/build/libsad_search_3cb67c7e18cc99.so
2026-08-23T04:55:45.219686+00:00,20260823T043020,joint:rzz-hea:26:2f0be90be0685ebb,ok,,rzz-hea,26,8,float64,42,32,2,128,2,1,0.25,rotation,rotation,10,9,compact:L3R0W0-L3R0W0-L3R0W0-L3R0W0-L3R0W0-L3R0W0-L2R0W0-L2R0W0-L2R0W0-L2R0W0,compact:L3R0W0-L3R0W0-L3R0W0-L3R0W0-L3R0W0-L3R0W0-L3R0W0-L3R0W0-L2R0W0,,,split,optimized,2,3,2,708.9466665,708.9466665,708.826301,709.067032,0.12036550000004809,230.765386,10.2815355,467.899745,,,custom:libsad_search_0e4f539ceca897.so,/home/rzzhang/sad_merged/sad/build/libsad_search_0e4f539ceca897.so
2026-08-23T04:55:48.797698+00:00,20260823T043020,joint:rzz-hea:18:94ded173a24e997d,ok,,rzz-hea,18,8,float64,42,128,2,128,2,2,0.25,rotation,rotation,6,6,compact:L3R0W0-L3R0W0-L3R0W0-L3R0W0-L3R0W0-L3R0W0,compact:L3R0W0-L3R0W0-L3R0W0-L3R0W0-L3R0W0-L3R0W0,,,merged,optimized,5,3,5,2.674664,2.6750604,2.674607,2.6757079999999998,0.0005201409808888952,0.648359,0.0318308,1.9948705999999998,,,custom:libsad_search_b969ada61d8a74.so,/home/rzzhang/sad_merged/sad/build/libsad_search_b969ada61d8a74.so
2026-08-23T04:55:48.847359+00:00,20260823T043020,joint:rzz-hea:18:7d2c9194e8fd444b,ok,,rzz-hea,18,8,float64,42,128,2,128,2,1,0.75,rotation,rotation,14,14,compact:L2R0W0-L2R0W0-L2R0W0-L2R0W0-L1R0W0-L1R0W0-L1R0W0-L1R0W0-L1R0W0-L1R0W0-L1R0W0-L1R0W0-L1R0W0-L1R0W0,compact:L2R0W0-L2R0W0-L2R0W0-L2R0W0-L1R0W0-L1R0W0-L1R0W0-L1R0W0-L1R0W0-L1R0W0-L1R0W0-L1R0W0-L1R0W0-L1R0W0,,,split,optimized,5,3,5,3.3638649999999997,3.3640264,3.3617200000000005,3.3667990000000003,0.0017295788620354732,1.1286848,0.0319896,2.203352,,,custom:libsad_search_9361435758c99d.so,/home/rzzhang/sad_merged/sad/build/libsad_search_9361435758c99d.so
2026-08-23T04:55:48.888623+00:00,20260823T043020,joint:rzz-hea:6:a42c1801104d7c68,ok,,rzz-hea,6,8,float64,42,64,2,64,2,1,0.25,rotation,rotation,2,2,compact:L3R0W0-L3R0W0,compact:L3R0W0-L3R0W0,,,split,optimized,20,3,20,0.3010075,0.3071605,0.29991399999999996,0.424182,0.026850875133782887,0.0971475,0.021469949999999998,0.18854305,,,custom:libsad_search_7ec063ebc99501.so,/home/rzzhang/sad_merged/sad/build/libsad_search_7ec063ebc99501.so
2026-08-23T04:55:48.908748+00:00,20260823T043020,joint:rzz-hea:26:bc7721d9d1fced14,ok,,rzz-hea,26,8,float64,42,32,2,128,2,2,0.25,rotation,rotation,10,9,compact:L3R0W0-L3R0W0-L3R0W0-L3R0W0-L3R0W0-L3R0W0-L2R0W0-L2R0W0-L2R0W0-L2R0W0,compact:L3R0W0-L3R0W0-L3R0W0-L3R0W0-L3R0W0-L3R0W0-L3R0W0-L3R0W0-L2R0W0,,,merged,optimized,2,3,2,695.8542419999999,695.8542419999999,695.817652,695.8908319999999,0.036589999999989686,193.234139,10.218146,492.401957,,,custom:libsad_search_fce412939d20fb.so,/home/rzzhang/sad_merged/sad/build/libsad_search_fce412939d20fb.so
2026-08-23T04:55:52.425240+00:00,20260823T043020,joint:rzz-hea:28:423c37118222a8ed,ok,,rzz-hea,28,8,float64,42,128,2,32,2,1,0.75,rotation,rotation,22,22,compact:L2R0W0-L2R0W0-L2R0W0-L2R0W0-L2R0W0-L2R0W0-L1R0W0-L1R0W0-L1R0W0-L1R0W0-L1R0W0-L1R0W0-L1R0W0-L1R0W0-L1R0W0-L1R0W0-L1R0W0-L1R0W0-L1R0W0-L1R0W0-L1R0W0-L1R0W0,compact:L2R0W0-L2R0W0-L2R0W0-L2R0W0-L2R0W0-L2R0W0-L1R0W0-L1R0W0-L1R0W0-L1R0W0-L1R0W0-L1R0W0-L1R0W0-L1R0W0-L1R0W0-L1R0W0-L1R0W0-L1R0W0-L1R0W0-L1R0W0-L1R0W0-L1R0W0,,,split,optimized,2,3,2,5643.550821,5643.550821,5643.127153,5643.974488999999,0.42366799999945215,1718.2602095,83.158096,3842.1325155,,,custom:libsad_search_7259903b8346c4.so,/home/rzzhang/sad_merged/sad/build/libsad_search_7259903b8346c4.so
2026-08-23T04:56:20.693958+00:00,20260823T043020,joint:rzz-hea:10:81560ec76e4ed953,ok,,rzz-hea,10,8,float64,42,32,2,32,2,1,0.75,rotation,rotation,8,8,compact:L2R0W0-L2R0W0-L1R0W0-L1R0W0-L1R0W0-L1R0W0-L1R0W0-L1R0W0,compact:L2R0W0-L2R0W0-L1R0W0-L1R0W0-L1R0W0-L1R0W0-L1R0W0-L1R0W0,,,merged,optimized,10,3,10,0.6705355,0.6703635,0.669631,0.671717,0.0006504343548737114,0.2671848,0.0154193,0.3877594,,,custom:libsad_search_f9cdaf042a7bd6.so,/home/rzzhang/sad_merged/sad/build/libsad_search_f9cdaf042a7bd6.so
2026-08-23T04:56:20.724183+00:00,20260823T043020,joint:rzz-hea:8:d88d8751f7636cac,ok,,rzz-hea,8,8,float64,42,32,2,128,2,1,0.0,legacy,legacy,0,0,,,,,not_applicable,legacy-generic,20,3,20,0.41273150000000003,0.4130446,0.41149700000000006,0.41555,0.000927079090477175,0.13366404999999998,0.015506750000000001,0.26387380000000005,,,custom:libsad_search_ada51c8f4b2976.so,/home/rzzhang/sad_merged/sad/build/libsad_search_ada51c8f4b2976.so
2026-08-23T04:56:20.755446+00:00,20260823T043020,joint:rzz-hea:8:1463ba069279e54b,ok,,rzz-hea,8,8,float64,42,32,2,32,2,2,0.75,rotation,rotation,6,6,compact:L2R0W0-L2R0W0-L1R0W0-L1R0W0-L1R0W0-L1R0W0,compact:L2R0W0-L2R0W0-L1R0W0-L1R0W0-L1R0W0-L1R0W0,,,merged,optimized,20,3,20,0.4920295,0.49209775,0.48950299999999997,0.493637,0.001004446707147771,0.1916061,0.0153529,0.28513875000000005,,,custom:libsad_search_dcff342f285260.so,/home/rzzhang/sad_merged/sad/build/libsad_search_dcff342f285260.so
2026-08-23T04:56:20.787955+00:00,20260823T043020,joint:rzz-hea:4:a08024876b76e378,ok,,rzz-hea,4,8,float64,42,128,2,32,2,1,1.0,rotation,rotation,4,4,compact:L1R0W0-L1R0W0-L1R0W0-L1R0W0,compact:L1R0W0-L1R0W0-L1R0W0-L1R0W0,,,merged,optimized,20,3,20,0.2713615,0.2716306,0.270303,0.273431,0.0006681255420951848,0.0989736,0.015606450000000001,0.15705054999999998,,,custom:libsad_search_5851e15f736f52.so,/home/rzzhang/sad_merged/sad/build/libsad_search_5851e15f736f52.so
2026-08-23T04:56:20.822928+00:00,20260823T043020,joint:rzz-hea:6:515f5cfcaa057d9f,ok,,rzz-hea,6,8,float64,42,128,2,32,2,1,0.0,rotation,rotation,1,1,compact:L5R1W0,compact:L5R1W0,,,split,optimized,20,3,20,0.2580025,0.25806110000000004,0.257852,0.25901599999999997,0.00023155623507043803,0.08497365,0.015339800000000002,0.15774765,,,custom:libsad_search_7259903b8346c4.so,/home/rzzhang/sad_merged/sad/build/libsad_search_7259903b8346c4.so
2026-08-23T04:56:20.850706+00:00,20260823T043020,joint:rzz-hea:22:b764d806e36d626b,ok,,rzz-hea,22,8,float64,42,32,2,128,2,1,0.25,rotation,rotation,8,8,compact:L3R0W0-L3R0W0-L3R0W0-L3R0W0-L3R0W0-L3R0W0-L2R0W0-L2R0W0,compact:L3R0W0-L3R0W0-L3R0W0-L3R0W0-L3R0W0-L3R0W0-L2R0W0-L2R0W0,,,split,optimized,3,3,3,35.900310000000005,35.901707,35.853798,35.951013,0.03970014914329892,8.346162666666666,0.40154233333333333,27.154002,,,custom:libsad_search_0e4f539ceca897.so,/home/rzzhang/sad_merged/sad/build/libsad_search_0e4f539ceca897.so
2026-08-23T04:56:21.107990+00:00,20260823T043020,joint:rzz-hea:22:6f772e47e63e3560,ok,,rzz-hea,22,8,float64,42,128,2,32,2,2,1.0,rotation,rotation,22,22,compact:L1R0W0-L1R0W0-L1R0W0-L1R0W0-L1R0W0-L1R0W0-L1R0W0-L1R0W0-L1R0W0-L1R0W0-L1R0W0-L1R0W0-L1R0W0-L1R0W0-L1R0W0-L1R0W0-L1R0W0-L1R0W0-L1R0W0-L1R0W0-L1R0W0-L1R0W0,compact:L1R0W0-L1R0W0-L1R0W0-L1R0W0-L1R0W0-L1R0W0-L1R0W0-L1R0W0-L1R0W0-L1R0W0-L1R0W0-L1R0W0-L1R0W0-L1R0W0-L1R0W0-L1R0W0-L1R0W0-L1R0W0-L1R0W0-L1R0W0-L1R0W0-L1R0W0,,,merged,optimized,3,3,3,74.56750500000001,74.59457733333333,74.468853,74.74737400000001,0.1153058838751222,13.336247333333334,0.41419,60.844139999999996,,,custom:libsad_search_d014591f51543a.so,/home/rzzhang/sad_merged/sad/build/libsad_search_d014591f51543a.so
2026-08-23T04:56:21.590393+00:00,20260823T043020,joint:rzz-hea:8:c89b713adf426ce8,ok,,rzz-hea,8,8,float64,42,32,2,128,2,1,0.75,rotation,rotation,6,6,compact:L2R0W0-L2R0W0-L1R0W0-L1R0W0-L1R0W0-L1R0W0,compact:L2R0W0-L2R0W0-L1R0W0-L1R0W0-L1R0W0-L1R0W0,,,split,optimized,20,3,20,0.6093425000000001,0.6108904,0.607237,0.6235080000000001,0.003703464005495401,0.20533690000000002,0.015435399999999998,0.39011809999999997,,,custom:libsad_search_0e4f539ceca897.so,/home/rzzhang/sad_merged/sad/build/libsad_search_0e4f539ceca897.so
2026-08-23T04:56:21.625254+00:00,20260823T043020,joint:rzz-hea:28:d70e99e4c4557477,ok,,rzz-hea,28,8,float64,42,64,2,64,2,1,0.0,rotation,rotation,4,4,compact:L5R2W0-L5R2W0-L5R2W0-L5R2W0,compact:L5R2W0-L5R2W0-L5R2W0-L5R2W0,,,merged,optimized,2,3,2,2570.8408265,2570.8408265,2570.2134889999998,2571.468164,0.6273375000000669,527.0648845,81.3088785,1962.4670635000002,,,custom:libsad_search_7e5293342e215a.so,/home/rzzhang/sad_merged/sad/build/libsad_search_7e5293342e215a.so
2026-08-23T04:56:34.530099+00:00,20260823T043020,joint:rzz-hea:18:c401ad22ae55492e,ok,,rzz-hea,18,8,float64,42,32,2,32,2,2,0.25,rotation,rotation,7,7,compact:L3R0W0-L3R0W0-L3R0W0-L3R0W0-L2R0W0-L2R0W0-L2R0W0,compact:L3R0W0-L3R0W0-L3R0W0-L3R0W0-L2R0W0-L2R0W0-L2R0W0,,,merged,optimized,5,3,5,2.6492080000000002,2.6494702,2.64803,2.6510230000000004,0.0010283681053009142,0.6549499999999999,0.03198800000000001,1.9625322,,,custom:libsad_search_dcff342f285260.so,/home/rzzhang/sad_merged/sad/build/libsad_search_dcff342f285260.so
2026-08-23T04:56:34.590009+00:00,20260823T043020,joint:rzz-hea:18:3e8188477e8d469d,ok,,rzz-hea,18,8,float64,42,128,2,32,2,2,0.0,rotation,rotation,2,3,compact:L5R2W2-L5R2W2,compact:L5R1W0-L5R1W0-L5R1W0,,,merged,optimized,5,3,5,2.395787,2.3973706,2.3950530000000003,2.4043229999999998,0.003509696146392087,0.48567840000000007,0.0317312,1.879961,,,custom:libsad_search_d014591f51543a.so,/home/rzzhang/sad_merged/sad/build/libsad_search_d014591f51543a.so
2026-08-23T04:56:34.647822+00:00,20260823T043020,joint:rzz-hea:26:267cab23dc8eb325,ok,,rzz-hea,26,8,float64,42,128,2,128,2,1,0.0,rotation,rotation,3,3,compact:L5R2W2-L5R2W2-L5R2W1,compact:L5R2W2-L5R2W2-L5R2W1,,,merged,optimized,2,3,2,596.8566155000001,596.8566155000001,596.8547830000001,596.858448,0.0018324999999208558,122.3271645,10.2254555,464.3039955,,,custom:libsad_search_8fbfac92ec4bef.so,/home/rzzhang/sad_merged/sad/build/libsad_search_8fbfac92ec4bef.so
2026-08-23T04:56:37.685985+00:00,20260823T043020,joint:rzz-hea:20:8ca2ad78909f0712,ok,,rzz-hea,20,8,float64,42,64,2,64,2,1,1.0,rotation,rotation,20,20,compact:L1R0W0-L1R0W0-L1R0W0-L1R0W0-L1R0W0-L1R0W0-L1R0W0-L1R0W0-L1R0W0-L1R0W0-L1R0W0-L1R0W0-L1R0W0-L1R0W0-L1R0W0-L1R0W0-L1R0W0-L1R0W0-L1R0W0-L1R0W0,compact:L1R0W0-L1R0W0-L1R0W0-L1R0W0-L1R0W0-L1R0W0-L1R0W0-L1R0W0-L1R0W0-L1R0W0-L1R0W0-L1R0W0-L1R0W0-L1R0W0-L1R0W0-L1R0W0-L1R0W0-L1R0W0-L1R0W0-L1R0W0,,,split,optimized,5,3,5,9.795629,9.794404,9.787538999999999,9.799697,0.004398765372238259,3.2018022000000004,0.09736719999999999,6.495234599999999,,,custom:libsad_search_7ec063ebc99501.so,/home/rzzhang/sad_merged/sad/build/libsad_search_7ec063ebc99501.so
2026-08-23T04:56:37.799801+00:00,20260823T043020,joint:rzz-hea:26:ed13edf0af2b8123,ok,,rzz-hea,26,8,float64,42,128,2,128,2,2,0.0,rotation,rotation,3,3,compact:L5R2W2-L5R2W2-L5R2W1,compact:L5R2W2-L5R2W2-L5R2W1,,,merged,optimized,2,3,2,582.8989280000001,582.8989280000001,582.817348,582.980508,0.081579999999974,119.94682549999999,10.301393999999998,452.6507085,,,custom:libsad_search_b969ada61d8a74.so,/home/rzzhang/sad_merged/sad/build/libsad_search_b969ada61d8a74.so
2026-08-23T04:56:40.760723+00:00,20260823T043020,joint:rzz-hea:14:3e42037550a2b245,ok,,rzz-hea,14,8,float64,42,32,2,32,2,1,0.75,rotation,rotation,11,11,compact:L2R0W0-L2R0W0-L2R0W0-L1R0W0-L1R0W0-L1R0W0-L1R0W0-L1R0W0-L1R0W0-L1R0W0-L1R0W0,compact:L2R0W0-L2R0W0-L2R0W0-L1R0W0-L1R0W0-L1R0W0-L1R0W0-L1R0W0-L1R0W0-L1R0W0-L1R0W0,,,split,optimized,10,3,10,1.0658400000000001,1.0655388000000001,1.064047,1.0669149999999998,0.0007649627180457611,0.4153377,0.0154233,0.6347778000000001,,,custom:libsad_search_3cb67c7e18cc99.so,/home/rzzhang/sad_merged/sad/build/libsad_search_3cb67c7e18cc99.so
2026-08-23T04:56:40.794606+00:00,20260823T043020,joint:rzz-hea:24:2b7bdde6b765e74d,ok,,rzz-hea,24,8,float64,42,128,2,128,2,1,0.75,rotation,rotation,19,19,compact:L2R0W0-L2R0W0-L2R0W0-L2R0W0-L2R0W0-L1R0W0-L1R0W0-L1R0W0-L1R0W0-L1R0W0-L1R0W0-L1R0W0-L1R0W0-L1R0W0-L1R0W0-L1R0W0-L1R0W0-L1R0W0-L1R0W0,compact:L2R0W0-L2R0W0-L2R0W0-L2R0W0-L2R0W0-L1R0W0-L1R0W0-L1R0W0-L1R0W0-L1R0W0-L1R0W0-L1R0W0-L1R0W0-L1R0W0-L1R0W0-L1R0W0-L1R0W0-L1R0W0-L1R0W0,,,split,optimized,3,3,3,307.49026699999996,307.48755566666665,307.426875,307.545525,0.04847658624761288,94.81230166666666,1.7745253333333333,210.90072866666665,,,custom:libsad_search_9361435758c99d.so,/home/rzzhang/sad_merged/sad/build/libsad_search_9361435758c99d.so
2026-08-23T04:56:42.661934+00:00,20260823T043020,joint:rzz-hea:28:5dcc2189189f679c,ok,,rzz-hea,28,8,float64,42,128,2,32,2,1,0.25,rotation,rotation,10,10,compact:L3R0W0-L3R0W0-L3R0W0-L3R0W0-L3R0W0-L3R0W0-L3R0W0-L3R0W0-L2R0W0-L2R0W0,compact:L3R0W0-L3R0W0-L3R0W0-L3R0W0-L3R0W0-L3R0W0-L3R0W0-L3R0W0-L2R0W0-L2R0W0,,,merged,optimized,2,3,2,2993.508029,2993.508029,2993.308947,2993.707111,0.19908200000008947,775.283524,82.346115,2135.8783900000003,,,custom:libsad_search_5851e15f736f52.so,/home/rzzhang/sad_merged/sad/build/libsad_search_5851e15f736f52.so
2026-08-23T04:56:57.659463+00:00,20260823T043020,joint:rzz-hea:12:ed4ad5eb97a8bc61,ok,,rzz-hea,12,8,float64,42,128,2,32,2,1,0.25,rotation,rotation,4,4,compact:L3R0W0-L3R0W0-L3R0W0-L3R0W0,compact:L3R0W0-L3R0W0-L3R0W0-L3R0W0,,,split,optimized,10,3,10,0.612714,0.612738,0.611422,0.613575,0.0006836199236417838,0.2308079,0.015622600000000002,0.3663075,,,custom:libsad_search_7259903b8346c4.so,/home/rzzhang/sad_merged/sad/build/libsad_search_7259903b8346c4.so
2026-08-23T04:56:57.687516+00:00,20260823T043020,joint:rzz-hea:28:cf5912cbc92f94df,ok,,rzz-hea,28,8,float64,42,128,2,32,2,2,1.0,rotation,rotation,28,28,compact:L1R0W0-L1R0W0-L1R0W0-L1R0W0-L1R0W0-L1R0W0-L1R0W0-L1R0W0-L1R0W0-L1R0W0-L1R0W0-L1R0W0-L1R0W0-L1R0W0-L1R0W0-L1R0W0-L1R0W0-L1R0W0-L1R0W0-L1R0W0-L1R0W0-L1R0W0-L1R0W0-L1R0W0-L1R0W0-L1R0W0-L1R0W0-L1R0W0,compact:L1R0W0-L1R0W0-L1R0W0-L1R0W0-L1R0W0-L1R0W0-L1R0W0-L1R0W0-L1R0W0-L1R0W0-L1R0W0-L1R0W0-L1R0W0-L1R0W0-L1R0W0-L1R0W0-L1R0W0-L1R0W0-L1R0W0-L1R0W0-L1R0W0-L1R0W0-L1R0W0-L1R0W0-L1R0W0-L1R0W0-L1R0W0-L1R0W0,,,merged,optimized,2,3,2,6869.4592365,6869.4592365,6869.2516590000005,6869.666813999999,0.20757749999938824,1944.478975,80.500631,4844.4796305,,,custom:libsad_search_d014591f51543a.so,/home/rzzhang/sad_merged/sad/build/libsad_search_d014591f51543a.so
2026-08-23T04:57:32.289283+00:00,20260823T043020,joint:rzz-hea:14:b773ce0c15c0ffbd,ok,,rzz-hea,14,8,float64,42,32,2,32,2,1,1.0,rotation,rotation,14,14,compact:L1R0W0-L1R0W0-L1R0W0-L1R0W0-L1R0W0-L1R0W0-L1R0W0-L1R0W0-L1R0W0-L1R0W0-L1R0W0-L1R0W0-L1R0W0-L1R0W0,compact:L1R0W0-L1R0W0-L1R0W0-L1R0W0-L1R0W0-L1R0W0-L1R0W0-L1R0W0-L1R0W0-L1R0W0-L1R0W0-L1R0W0-L1R0W0-L1R0W0,,,split,optimized,10,3,10,1.257513,1.2579977,1.257318,1.259414,0.0007827391711163912,0.5058518999999999,0.015507,0.7366388,,,custom:libsad_search_3cb67c7e18cc99.so,/home/rzzhang/sad_merged/sad/build/libsad_search_3cb67c7e18cc99.so
2026-08-23T04:57:32.324808+00:00,20260823T043020,joint:rzz-hea:8:ad7e171ed9dc4c7c,ok,,rzz-hea,8,8,float64,42,128,2,32,2,2,0.0,rotation,rotation,1,2,compact:L5R2W1,compact:L4R0W0-L4R0W0,,,merged,optimized,20,3,20,0.3049615,0.30469464999999996,0.303066,0.30599000000000004,0.000703346022594862,0.09699025,0.015488249999999999,0.19221615,,,custom:libsad_search_d014591f51543a.so,/home/rzzhang/sad_merged/sad/build/libsad_search_d014591f51543a.so
2026-08-23T04:57:32.351337+00:00,20260823T043020,joint:rzz-hea:20:a457acd93e57d4ef,ok,,rzz-hea,20,8,float64,42,128,2,32,2,2,1.0,rotation,rotation,20,20,compact:L1R0W0-L1R0W0-L1R0W0-L1R0W0-L1R0W0-L1R0W0-L1R0W0-L1R0W0-L1R0W0-L1R0W0-L1R0W0-L1R0W0-L1R0W0-L1R0W0-L1R0W0-L1R0W0-L1R0W0-L1R0W0-L1R0W0-L1R0W0,compact:L1R0W0-L1R0W0-L1R0W0-L1R0W0-L1R0W0-L1R0W0-L1R0W0-L1R0W0-L1R0W0-L1R0W0-L1R0W0-L1R0W0-L1R0W0-L1R0W0-L1R0W0-L1R0W0-L1R0W0-L1R0W0-L1R0W0-L1R0W0,,,split,optimized,5,3,5,9.98682,9.990632600000001,9.984489,9.998019000000001,0.006051308969140735,3.2399862,0.09783280000000001,6.6528136,,,custom:libsad_search_3b115211f38255.so,/home/rzzhang/sad_merged/sad/build/libsad_search_3b115211f38255.so
2026-08-23T04:57:32.462487+00:00,20260823T043020,joint:rzz-hea:18:a8a1d06892de448d,ok,,rzz-hea,18,8,float64,42,32,2,128,2,2,0.75,rotation,rotation,14,14,compact:L2R0W0-L2R0W0-L2R0W0-L2R0W0-L1R0W0-L1R0W0-L1R0W0-L1R0W0-L1R0W0-L1R0W0-L1R0W0-L1R0W0-L1R0W0-L1R0W0,compact:L2R0W0-L2R0W0-L2R0W0-L2R0W0-L1R0W0-L1R0W0-L1R0W0-L1R0W0-L1R0W0-L1R0W0-L1R0W0-L1R0W0-L1R0W0-L1R0W0,,,split,optimized,5,3,5,3.2776680000000002,3.2777056,3.276793,3.2787529999999996,0.000622546897831642,1.0526947999999998,0.031765,2.1932458,,,custom:libsad_search_2a0e4369743c84.so,/home/rzzhang/sad_merged/sad/build/libsad_search_2a0e4369743c84.so
2026-08-23T04:57:32.516946+00:00,20260823T043020,joint:rzz-hea:22:d6a1c3b83430a0d2,ok,,rzz-hea,22,8,float64,42,32,2,128,2,1,1.0,rotation,rotation,22,22,compact:L1R0W0-L1R0W0-L1R0W0-L1R0W0-L1R0W0-L1R0W0-L1R0W0-L1R0W0-L1R0W0-L1R0W0-L1R0W0-L1R0W0-L1R0W0-L1R0W0-L1R0W0-L1R0W0-L1R0W0-L1R0W0-L1R0W0-L1R0W0-L1R0W0-L1R0W0,compact:L1R0W0-L1R0W0-L1R0W0-L1R0W0-L1R0W0-L1R0W0-L1R0W0-L1R0W0-L1R0W0-L1R0W0-L1R0W0-L1R0W0-L1R0W0-L1R0W0-L1R0W0-L1R0W0-L1R0W0-L1R0W0-L1R0W0-L1R0W0-L1R0W0-L1R0W0,,,split,optimized,3,3,3,74.780126,74.780551,74.765169,74.796358,0.012736401872846335,14.188015333333333,0.40230400000000005,60.19023166666667,,,custom:libsad_search_0e4f539ceca897.so,/home/rzzhang/sad_merged/sad/build/libsad_search_0e4f539ceca897.so
2026-08-23T04:57:33.002230+00:00,20260823T043020,joint:rzz-hea:12:456952779c8b38eb,ok,,rzz-hea,12,8,float64,42,32,2,32,2,2,0.75,rotation,rotation,10,10,compact:L2R0W0-L2R0W0-L1R0W0-L1R0W0-L1R0W0-L1R0W0-L1R0W0-L1R0W0-L1R0W0-L1R0W0,compact:L2R0W0-L2R0W0-L1R0W0-L1R0W0-L1R0W0-L1R0W0-L1R0W0-L1R0W0-L1R0W0-L1R0W0,,,split,optimized,10,3,10,0.9061955,0.9063817999999999,0.904086,0.910385,0.0015375848464393926,0.35369470000000003,0.015444600000000001,0.5372425000000001,,,custom:libsad_search_16d9d6cef53b3d.so,/home/rzzhang/sad_merged/sad/build/libsad_search_16d9d6cef53b3d.so
2026-08-23T04:57:33.028312+00:00,20260823T043020,joint:rzz-hea:16:aff8e0d4ac8715b6,ok,,rzz-hea,16,8,float64,42,32,2,32,2,2,0.75,rotation,rotation,13,13,compact:L2R0W0-L2R0W0-L2R0W0-L1R0W0-L1R0W0-L1R0W0-L1R0W0-L1R0W0-L1R0W0-L1R0W0-L1R0W0-L1R0W0-L1R0W0,compact:L2R0W0-L2R0W0-L2R0W0-L1R0W0-L1R0W0-L1R0W0-L1R0W0-L1R0W0-L1R0W0-L1R0W0-L1R0W0-L1R0W0-L1R0W0,,,merged,optimized,5,3,5,1.7364870000000001,1.7366242,1.7355309999999997,1.7385629999999999,0.001060004037728114,0.5621048,0.015678400000000002,1.158841,,,custom:libsad_search_dcff342f285260.so,/home/rzzhang/sad_merged/sad/build/libsad_search_dcff342f285260.so
2026-08-23T04:57:33.056612+00:00,20260823T043020,joint:rzz-hea:26:854475830e45014b,ok,,rzz-hea,26,8,float64,42,32,2,32,2,2,0.25,rotation,rotation,10,10,compact:L3R0W0-L3R0W0-L3R0W0-L3R0W0-L3R0W0-L3R0W0-L2R0W0-L2R0W0-L2R0W0-L2R0W0,compact:L3R0W0-L3R0W0-L3R0W0-L3R0W0-L3R0W0-L3R0W0-L2R0W0-L2R0W0-L2R0W0-L2R0W0,,,merged,optimized,2,3,2,734.7856535000001,734.7856535000001,734.610575,734.960732,0.1750784999999837,193.249217,10.3198545,531.2165820000001,,,custom:libsad_search_dcff342f285260.so,/home/rzzhang/sad_merged/sad/build/libsad_search_dcff342f285260.so
2026-08-23T04:57:36.765175+00:00,20260823T043020,joint:rzz-hea:12:3dae2f74f8426d5c,ok,,rzz-hea,12,8,float64,42,32,2,32,2,1,0.75,rotation,rotation,10,10,compact:L2R0W0-L2R0W0-L1R0W0-L1R0W0-L1R0W0-L1R0W0-L1R0W0-L1R0W0-L1R0W0-L1R0W0,compact:L2R0W0-L2R0W0-L1R0W0-L1R0W0-L1R0W0-L1R0W0-L1R0W0-L1R0W0-L1R0W0-L1R0W0,,,merged,optimized,10,3,10,0.8529089999999999,0.852514,0.8508909999999998,0.8539470000000001,0.000834132483482129,0.345892,0.0155598,0.49106219999999995,,,custom:libsad_search_f9cdaf042a7bd6.so,/home/rzzhang/sad_merged/sad/build/libsad_search_f9cdaf042a7bd6.so
2026-08-23T04:57:36.797073+00:00,20260823T043020,joint:rzz-hea:6:75071a548b2c3a64,ok,,rzz-hea,6,8,float64,42,64,2,64,2,2,0.5,rotation,rotation,4,4,compact:L2R0W0-L2R0W0-L1R0W0-L1R0W0,compact:L2R0W0-L2R0W0-L1R0W0-L1R0W0,,,merged,optimized,20,3,20,0.334725,0.33453525,0.33368600000000004,0.335873,0.0006881317370242306,0.11407915000000002,0.015379799999999997,0.20507630000000002,,,custom:libsad_search_97eec9f2a848ec.so,/home/rzzhang/sad_merged/sad/build/libsad_search_97eec9f2a848ec.so
2026-08-23T04:57:36.822602+00:00,20260823T043020,joint:rzz-hea:14:772d55710e2a55a3,ok,,rzz-hea,14,8,float64,42,64,2,64,2,2,0.0,rotation,rotation,2,2,compact:L5R2W0-L5R2W0,compact:L5R2W0-L5R2W0,,,split,optimized,10,3,10,0.5365165000000001,0.5366248,0.5345960000000001,0.5395179999999999,0.0013047452471651045,0.16012289999999998,0.015358499999999999,0.3611434,,,custom:libsad_search_20c37ff249ec0a.so,/home/rzzhang/sad_merged/sad/build/libsad_search_20c37ff249ec0a.so
2026-08-23T04:57:36.843676+00:00,20260823T043020,joint:rzz-hea:18:63095e44c052fc71,ok,,rzz-hea,18,8,float64,42,128,2,32,2,2,0.25,rotation,rotation,6,7,compact:L3R0W0-L3R0W0-L3R0W0-L3R0W0-L3R0W0-L3R0W0,compact:L3R0W0-L3R0W0-L3R0W0-L3R0W0-L2R0W0-L2R0W0-L2R0W0,,,merged,optimized,5,3,5,2.6427530000000004,2.6409732000000004,2.6355760000000004,2.6428779999999996,0.002806500696596956,0.6487740000000001,0.031796200000000004,1.9604030000000003,,,custom:libsad_search_d014591f51543a.so,/home/rzzhang/sad_merged/sad/build/libsad_search_d014591f51543a.so
2026-08-23T04:57:36.879752+00:00,20260823T043020,joint:rzz-hea:16:d58f8d244d33c166,ok,,rzz-hea,16,8,float64,42,32,2,32,2,1,1.0,rotation,rotation,16,16,compact:L1R0W0-L1R0W0-L1R0W0-L1R0W0-L1R0W0-L1R0W0-L1R0W0-L1R0W0-L1R0W0-L1R0W0-L1R0W0-L1R0W0-L1R0W0-L1R0W0-L1R0W0-L1R0W0,compact:L1R0W0-L1R0W0-L1R0W0-L1R0W0-L1R0W0-L1R0W0-L1R0W0-L1R0W0-L1R0W0-L1R0W0-L1R0W0-L1R0W0-L1R0W0-L1R0W0-L1R0W0-L1R0W0,,,merged,optimized,5,3,5,1.952677,1.955321,1.9516040000000001,1.962961,0.004208562842586528,0.6623626,0.015379599999999997,1.2775788,,,custom:libsad_search_f9cdaf042a7bd6.so,/home/rzzhang/sad_merged/sad/build/libsad_search_f9cdaf042a7bd6.so
2026-08-23T04:57:36.909755+00:00,20260823T043020,joint:rzz-hea:28:730bbcf57f66e642,ok,,rzz-hea,28,8,float64,42,128,2,32,2,1,0.75,rotation,rotation,22,22,compact:L2R0W0-L2R0W0-L2R0W0-L2R0W0-L2R0W0-L2R0W0-L1R0W0-L1R0W0-L1R0W0-L1R0W0-L1R0W0-L1R0W0-L1R0W0-L1R0W0-L1R0W0-L1R0W0-L1R0W0-L1R0W0-L1R0W0-L1R0W0-L1R0W0-L1R0W0,compact:L2R0W0-L2R0W0-L2R0W0-L2R0W0-L2R0W0-L2R0W0-L1R0W0-L1R0W0-L1R0W0-L1R0W0-L1R0W0-L1R0W0-L1R0W0-L1R0W0-L1R0W0-L1R0W0-L1R0W0-L1R0W0-L1R0W0-L1R0W0-L1R0W0-L1R0W0,,,merged,optimized,2,3,2,5572.014074500001,5572.014074500001,5571.404601,5572.6235480000005,0.6094735000001492,1549.322339,81.47502800000001,3941.2167074999998,,,custom:libsad_search_5851e15f736f52.so,/home/rzzhang/sad_merged/sad/build/libsad_search_5851e15f736f52.so
2026-08-23T04:58:04.806861+00:00,20260823T043020,joint:rzz-hea:12:e77dcb824a1b8286,ok,,rzz-hea,12,8,float64,42,128,2,128,2,1,0.5,rotation,rotation,7,7,compact:L2R0W0-L2R0W0-L2R0W0-L2R0W0-L2R0W0-L1R0W0-L1R0W0,compact:L2R0W0-L2R0W0-L2R0W0-L2R0W0-L2R0W0-L1R0W0-L1R0W0,,,split,optimized,10,3,10,0.9071575000000001,0.9045277,0.8998249999999999,0.908222,0.003507646220758365,0.31610900000000003,0.0155225,0.5728962,,,custom:libsad_search_9361435758c99d.so,/home/rzzhang/sad_merged/sad/build/libsad_search_9361435758c99d.so
2026-08-23T04:58:04.838740+00:00,20260823T043020,joint:rzz-hea:6:5185f8cfa12e19c1,ok,,rzz-hea,6,8,float64,42,32,2,32,2,1,0.5,rotation,rotation,4,4,compact:L2R0W0-L2R0W0-L1R0W0-L1R0W0,compact:L2R0W0-L2R0W0-L1R0W0-L1R0W0,,,split,optimized,20,3,20,0.3766785,0.37463670000000004,0.36863599999999996,0.37789300000000003,0.00350170088813994,0.13382570000000002,0.015507950000000001,0.22530304999999998,,,custom:libsad_search_3cb67c7e18cc99.so,/home/rzzhang/sad_merged/sad/build/libsad_search_3cb67c7e18cc99.so
2026-08-23T04:58:04.867474+00:00,20260823T043020,joint:rzz-hea:16:349713db26036acc,ok,,rzz-hea,16,8,float64,42,64,2,64,2,2,0.75,rotation,rotation,12,12,compact:L2R0W0-L2R0W0-L2R0W0-L2R0W0-L1R0W0-L1R0W0-L1R0W0-L1R0W0-L1R0W0-L1R0W0-L1R0W0-L1R0W0,compact:L2R0W0-L2R0W0-L2R0W0-L2R0W0-L1R0W0-L1R0W0-L1R0W0-L1R0W0-L1R0W0-L1R0W0-L1R0W0-L1R0W0,,,merged,optimized,5,3,5,1.7222890000000002,1.7224262,1.7201159999999998,1.724093,0.0013551176185115246,0.5561299999999999,0.0158372,1.150459,,,custom:libsad_search_97eec9f2a848ec.so,/home/rzzhang/sad_merged/sad/build/libsad_search_97eec9f2a848ec.so
2026-08-23T04:58:04.905845+00:00,20260823T043020,joint:rzz-hea:12:d1a30368ee1b912d,ok,,rzz-hea,12,8,float64,42,64,2,64,2,1,0.5,rotation,rotation,7,7,compact:L2R0W0-L2R0W0-L2R0W0-L2R0W0-L2R0W0-L1R0W0-L1R0W0,compact:L2R0W0-L2R0W0-L2R0W0-L2R0W0-L2R0W0-L1R0W0-L1R0W0,,,split,optimized,10,3,10,0.776078,0.775919,0.775084,0.777203,0.0006142621590167905,0.2839178,0.015492200000000001,0.47650899999999996,,,custom:libsad_search_7ec063ebc99501.so,/home/rzzhang/sad_merged/sad/build/libsad_search_7ec063ebc99501.so
2026-08-23T04:58:04.935924+00:00,20260823T043020,joint:rzz-hea:24:dd68a61c6fe0a8a6,ok,,rzz-hea,24,8,float64,42,128,2,32,2,2,0.5,rotation,rotation,14,14,compact:L2R0W0-L2R0W0-L2R0W0-L2R0W0-L2R0W0-L2R0W0-L2R0W0-L2R0W0-L2R0W0-L2R0W0-L1R0W0-L1R0W0-L1R0W0-L1R0W0,compact:L2R0W0-L2R0W0-L2R0W0-L2R0W0-L2R0W0-L2R0W0-L2R0W0-L2R0W0-L2R0W0-L2R0W0-L1R0W0-L1R0W0-L1R0W0-L1R0W0,,,merged,optimized,3,3,3,233.107904,233.10746666666668,233.08799800000003,233.126498,0.01572060103458217,63.863974000000006,1.7776066666666668,167.465886,,,custom:libsad_search_d014591f51543a.so,/home/rzzhang/sad_merged/sad/build/libsad_search_d014591f51543a.so
2026-08-23T04:58:06.380543+00:00,20260823T043020,joint:rzz-hea:14:ed5d746fea61a3ee,ok,,rzz-hea,14,8,float64,42,64,2,64,2,2,0.25,rotation,rotation,5,5,compact:L3R0W0-L3R0W0-L3R0W0-L3R0W0-L2R0W0,compact:L3R0W0-L3R0W0-L3R0W0-L3R0W0-L2R0W0,,,split,optimized,10,3,10,0.739282,0.7393608,0.739119,0.740262,0.0003098508673539579,0.2538269,0.015308699999999998,0.47022519999999995,,,custom:libsad_search_20c37ff249ec0a.so,/home/rzzhang/sad_merged/sad/build/libsad_search_20c37ff249ec0a.so
2026-08-23T04:58:06.404479+00:00,20260823T043020,joint:rzz-hea:18:1d52a0a1249cc6d0,ok,,rzz-hea,18,8,float64,42,128,2,128,2,2,0.0,rotation,rotation,2,2,compact:L5R2W2-L5R2W2,compact:L5R2W2-L5R2W2,,,merged,optimized,5,3,5,2.3405650000000002,2.3405296,2.338627,2.341895,0.0012586071031105393,0.4873128,0.0318286,1.8213882000000001,,,custom:libsad_search_b969ada61d8a74.so,/home/rzzhang/sad_merged/sad/build/libsad_search_b969ada61d8a74.so
2026-08-23T04:58:06.437901+00:00,20260823T043020,joint:rzz-hea:22:7b70a31d1bc10345,ok,,rzz-hea,22,8,float64,42,32,2,32,2,1,0.0,rotation,rotation,4,4,compact:L5R1W0-L5R1W0-L5R0W0-L5R0W0,compact:L5R1W0-L5R1W0-L5R0W0-L5R0W0,,,split,optimized,3,3,3,34.068664999999996,33.58625833333333,32.616574,34.073536000000004,0.685673251334936,8.543359,0.4181566666666666,24.624742666666666,,,custom:libsad_search_3cb67c7e18cc99.so,/home/rzzhang/sad_merged/sad/build/libsad_search_3cb67c7e18cc99.so
2026-08-23T04:58:06.662499+00:00,20260823T043020,joint:rzz-hea:10:cb8a2a258a18f7d1,ok,,rzz-hea,10,8,float64,42,32,2,32,2,2,1.0,rotation,rotation,10,10,compact:L1R0W0-L1R0W0-L1R0W0-L1R0W0-L1R0W0-L1R0W0-L1R0W0-L1R0W0-L1R0W0-L1R0W0,compact:L1R0W0-L1R0W0-L1R0W0-L1R0W0-L1R0W0-L1R0W0-L1R0W0-L1R0W0-L1R0W0-L1R0W0,,,split,optimized,10,3,10,0.858127,0.8582667,0.857104,0.85915,0.0005906220534318018,0.33845929999999996,0.0155118,0.5042956000000001,,,custom:libsad_search_16d9d6cef53b3d.so,/home/rzzhang/sad_merged/sad/build/libsad_search_16d9d6cef53b3d.so
2026-08-23T04:58:06.687822+00:00,20260823T043020,joint:rzz-hea:28:34412190be049227,ok,,rzz-hea,28,8,float64,42,32,2,32,2,1,0.0,legacy,legacy,0,0,,,,,not_applicable,legacy-generic,2,3,2,2577.9406725,2577.9406725,2577.551454,2578.3298910000003,0.3892185000001973,734.982963,82.921075,1760.0366345,,,custom:libsad_search_06042376d3c545.so,/home/rzzhang/sad_merged/sad/build/libsad_search_06042376d3c545.so
2026-08-23T04:58:19.621413+00:00,20260823T043020,joint:rzz-hea:24:3802204384603fd3,ok,,rzz-hea,24,8,float64,42,128,2,128,2,2,0.0,rotation,rotation,3,3,compact:L5R2W1-L5R2W1-L5R2W1,compact:L5R2W1-L5R2W1-L5R2W1,,,split,optimized,3,3,3,139.017795,139.02365533333332,138.978876,139.074295,0.03917443060920393,35.589914666666665,1.771946666666667,101.66179400000001,,,custom:libsad_search_d02bea87aa5c56.so,/home/rzzhang/sad_merged/sad/build/libsad_search_d02bea87aa5c56.so
2026-08-23T04:58:20.501031+00:00,20260823T043020,joint:rzz-hea:10:19895de21f09dd93,ok,,rzz-hea,10,8,float64,42,64,2,64,2,2,0.75,rotation,rotation,8,8,compact:L2R0W0-L2R0W0-L1R0W0-L1R0W0-L1R0W0-L1R0W0-L1R0W0-L1R0W0,compact:L2R0W0-L2R0W0-L1R0W0-L1R0W0-L1R0W0-L1R0W0-L1R0W0-L1R0W0,,,split,optimized,10,3,10,0.7484934999999999,0.7487127,0.74748,0.750579,0.0007758654586975661,0.2831908,0.0152458,0.4502761,,,custom:libsad_search_20c37ff249ec0a.so,/home/rzzhang/sad_merged/sad/build/libsad_search_20c37ff249ec0a.so
2026-08-23T04:58:20.524552+00:00,20260823T043020,joint:rzz-hea:26:c389668f46d7d3b1,ok,,rzz-hea,26,8,float64,42,128,2,32,2,1,0.75,rotation,rotation,20,20,compact:L2R0W0-L2R0W0-L2R0W0-L2R0W0-L2R0W0-L2R0W0-L1R0W0-L1R0W0-L1R0W0-L1R0W0-L1R0W0-L1R0W0-L1R0W0-L1R0W0-L1R0W0-L1R0W0-L1R0W0-L1R0W0-L1R0W0-L1R0W0,compact:L2R0W0-L2R0W0-L2R0W0-L2R0W0-L2R0W0-L2R0W0-L1R0W0-L1R0W0-L1R0W0-L1R0W0-L1R0W0-L1R0W0-L1R0W0-L1R0W0-L1R0W0-L1R0W0-L1R0W0-L1R0W0-L1R0W0-L1R0W0,,,merged,optimized,2,3,2,1272.7761329999998,1272.7761329999998,1272.6771239999998,1272.875142,0.09900900000013735,355.2066495,10.213075,907.3564085,,,custom:libsad_search_5851e15f736f52.so,/home/rzzhang/sad_merged/sad/build/libsad_search_5851e15f736f52.so
2026-08-23T04:58:26.922823+00:00,20260823T043020,joint:rzz-hea:6:0905f9ca083a75e8,ok,,rzz-hea,6,8,float64,42,128,2,128,2,1,0.0,rotation,rotation,1,1,compact:L5R1W0,compact:L5R1W0,,,split,optimized,20,3,20,0.2995,0.30059230000000003,0.297841,0.307147,0.002686599283480888,0.08541195,0.01559985,0.1995805,,,custom:libsad_search_9361435758c99d.so,/home/rzzhang/sad_merged/sad/build/libsad_search_9361435758c99d.so
2026-08-23T04:58:26.949478+00:00,20260823T043020,joint:rzz-hea:14:d2a2303242c5847e,ok,,rzz-hea,14,8,float64,42,64,2,64,2,1,0.0,rotation,rotation,2,2,compact:L5R2W0-L5R2W0,compact:L5R2W0-L5R2W0,,,split,optimized,10,3,10,0.545619,0.5455235,0.5396,0.5515979999999999,0.003334470460208012,0.16150640000000002,0.015348599999999997,0.3686685,,,custom:libsad_search_7ec063ebc99501.so,/home/rzzhang/sad_merged/sad/build/libsad_search_7ec063ebc99501.so
2026-08-23T04:58:26.975378+00:00,20260823T043020,joint:rzz-hea:12:df5310f1dfb1d107,ok,,rzz-hea,12,8,float64,42,32,2,32,2,1,0.5,rotation,rotation,7,7,compact:L2R0W0-L2R0W0-L2R0W0-L2R0W0-L2R0W0-L1R0W0-L1R0W0,compact:L2R0W0-L2R0W0-L2R0W0-L2R0W0-L2R0W0-L1R0W0-L1R0W0,,,split,optimized,10,3,10,0.74238,0.7443825,0.741246,0.754612,0.004055956095669682,0.2759951,0.015307800000000003,0.45307959999999997,,,custom:libsad_search_3cb67c7e18cc99.so,/home/rzzhang/sad_merged/sad/build/libsad_search_3cb67c7e18cc99.so
2026-08-23T04:58:26.998801+00:00,20260823T043020,joint:rzz-hea:16:8da7ae3f9d997ce2,ok,,rzz-hea,16,8,float64,42,128,2,32,2,1,1.0,rotation,rotation,16,16,compact:L1R0W0-L1R0W0-L1R0W0-L1R0W0-L1R0W0-L1R0W0-L1R0W0-L1R0W0-L1R0W0-L1R0W0-L1R0W0-L1R0W0-L1R0W0-L1R0W0-L1R0W0-L1R0W0,compact:L1R0W0-L1R0W0-L1R0W0-L1R0W0-L1R0W0-L1R0W0-L1R0W0-L1R0W0-L1R0W0-L1R0W0-L1R0W0-L1R0W0-L1R0W0-L1R0W0-L1R0W0-L1R0W0,,,split,optimized,5,3,5,1.927089,1.927667,1.926003,1.9301099999999998,0.0016431013358888787,0.7325853999999999,0.015366199999999998,1.1797154,,,custom:libsad_search_7259903b8346c4.so,/home/rzzhang/sad_merged/sad/build/libsad_search_7259903b8346c4.so
2026-08-23T04:58:27.028826+00:00,20260823T043020,joint:rzz-hea:18:de0d0b483ea5357c,ok,,rzz-hea,18,8,float64,42,64,2,64,2,2,0.0,rotation,rotation,3,3,compact:L5R1W0-L5R1W0-L5R1W0,compact:L5R1W0-L5R1W0-L5R1W0,,,split,optimized,5,3,5,2.319102,2.3159792,2.310197,2.320247,0.004418250260001081,0.6263411999999999,0.03193300000000001,1.657705,,,custom:libsad_search_20c37ff249ec0a.so,/home/rzzhang/sad_merged/sad/build/libsad_search_20c37ff249ec0a.so
2026-08-23T04:58:27.061843+00:00,20260823T043020,joint:rzz-hea:10:72f7d33fc65780be,ok,,rzz-hea,10,8,float64,42,32,2,32,2,2,1.0,rotation,rotation,10,10,compact:L1R0W0-L1R0W0-L1R0W0-L1R0W0-L1R0W0-L1R0W0-L1R0W0-L1R0W0-L1R0W0-L1R0W0,compact:L1R0W0-L1R0W0-L1R0W0-L1R0W0-L1R0W0-L1R0W0-L1R0W0-L1R0W0-L1R0W0-L1R0W0,,,merged,optimized,10,3,10,0.7730870000000001,0.7732319,0.771865,0.7751509999999999,0.0009124418282827739,0.3155583,0.015357800000000001,0.4423158,,,custom:libsad_search_dcff342f285260.so,/home/rzzhang/sad_merged/sad/build/libsad_search_dcff342f285260.so
2026-08-23T04:58:27.086479+00:00,20260823T043020,joint:rzz-hea:18:6a187aa73adf4f80,ok,,rzz-hea,18,8,float64,42,32,2,32,2,1,0.75,rotation,rotation,14,14,compact:L2R0W0-L2R0W0-L2R0W0-L2R0W0-L1R0W0-L1R0W0-L1R0W0-L1R0W0-L1R0W0-L1R0W0-L1R0W0-L1R0W0-L1R0W0-L1R0W0,compact:L2R0W0-L2R0W0-L2R0W0-L2R0W0-L1R0W0-L1R0W0-L1R0W0-L1R0W0-L1R0W0-L1R0W0-L1R0W0-L1R0W0-L1R0W0-L1R0W0,,,merged,optimized,5,3,5,3.284819,3.2951348000000005,3.28186,3.332008,0.01893632998656287,0.9501884,0.0318562,2.3130902,,,custom:libsad_search_f9cdaf042a7bd6.so,/home/rzzhang/sad_merged/sad/build/libsad_search_f9cdaf042a7bd6.so
2026-08-23T04:58:27.128547+00:00,20260823T043020,joint:rzz-hea:20:7c46765fd06696c1,ok,,rzz-hea,20,8,float64,42,128,2,32,2,1,0.5,rotation,rotation,12,12,compact:L2R0W0-L2R0W0-L2R0W0-L2R0W0-L2R0W0-L2R0W0-L2R0W0-L2R0W0-L1R0W0-L1R0W0-L1R0W0-L1R0W0,compact:L2R0W0-L2R0W0-L2R0W0-L2R0W0-L2R0W0-L2R0W0-L2R0W0-L2R0W0-L1R0W0-L1R0W0-L1R0W0-L1R0W0,,,merged,optimized,5,3,5,9.421624999999999,9.4203072,9.414337999999999,9.425560999999998,0.004251710498140514,2.4134862,0.1073552,6.8994658,,,custom:libsad_search_5851e15f736f52.so,/home/rzzhang/sad_merged/sad/build/libsad_search_5851e15f736f52.so
2026-08-23T04:58:27.219605+00:00,20260823T043020,joint:rzz-hea:28:099ee70caba58a65,ok,,rzz-hea,28,8,float64,42,32,2,128,2,2,0.5,rotation,rotation,16,16,compact:L2R0W0-L2R0W0-L2R0W0-L2R0W0-L2R0W0-L2R0W0-L2R0W0-L2R0W0-L2R0W0-L2R0W0-L2R0W0-L2R0W0-L1R0W0-L1R0W0-L1R0W0-L1R0W0,compact:L2R0W0-L2R0W0-L2R0W0-L2R0W0-L2R0W0-L2R0W0-L2R0W0-L2R0W0-L2R0W0-L2R0W0-L2R0W0-L2R0W0-L1R0W0-L1R0W0-L1R0W0-L1R0W0,,,split,optimized,2,3,2,4348.246857,4348.246857,4347.577398,4348.916316000001,0.6694590000001881,1320.7499624999998,82.82247600000001,2944.6744185,,,custom:libsad_search_2a0e4369743c84.so,/home/rzzhang/sad_merged/sad/build/libsad_search_2a0e4369743c84.so
2026-08-23T04:58:48.991942+00:00,20260823T043020,joint:rzz-hea:28:3b2610fb6643f078,ok,,rzz-hea,28,8,float64,42,32,2,128,2,1,0.25,rotation,rotation,10,10,compact:L3R0W0-L3R0W0-L3R0W0-L3R0W0-L3R0W0-L3R0W0-L3R0W0-L3R0W0-L2R0W0-L2R0W0,compact:L3R0W0-L3R0W0-L3R0W0-L3R0W0-L3R0W0-L3R0W0-L3R0W0-L3R0W0-L2R0W0-L2R0W0,,,split,optimized,2,3,2,3041.0583575,3041.0583575,3040.672474,3041.4442409999997,0.3858834999998635,928.512093,81.45144499999999,2031.0948194999999,,,custom:libsad_search_0e4f539ceca897.so,/home/rzzhang/sad_merged/sad/build/libsad_search_0e4f539ceca897.so
2026-08-23T04:59:04.472203+00:00,20260823T043020,joint:rzz-hea:6:0f72fa2fe98e5b84,ok,,rzz-hea,6,8,float64,42,64,2,64,2,1,0.0,legacy,legacy,0,0,,,,,not_applicable,legacy-generic,20,3,20,0.2712835,0.27136755,0.27024899999999996,0.275471,0.001248671432963862,0.08904035,0.015448950000000001,0.16687825,,,custom:libsad_search_5a6ce94d125b8e.so,/home/rzzhang/sad_merged/sad/build/libsad_search_5a6ce94d125b8e.so
2026-08-23T04:59:04.497902+00:00,20260823T043020,joint:rzz-hea:28:772a2e0cae52f189,ok,,rzz-hea,28,8,float64,42,128,2,32,2,1,0.5,rotation,rotation,16,16,compact:L2R0W0-L2R0W0-L2R0W0-L2R0W0-L2R0W0-L2R0W0-L2R0W0-L2R0W0-L2R0W0-L2R0W0-L2R0W0-L2R0W0-L1R0W0-L1R0W0-L1R0W0-L1R0W0,compact:L2R0W0-L2R0W0-L2R0W0-L2R0W0-L2R0W0-L2R0W0-L2R0W0-L2R0W0-L2R0W0-L2R0W0-L2R0W0-L2R0W0-L1R0W0-L1R0W0-L1R0W0-L1R0W0,,,merged,optimized,2,3,2,4286.5720015,4286.5720015,4285.903478,4287.240524999999,0.6685234999995373,1156.9945074999998,82.13279800000001,3047.444696,,,custom:libsad_search_5851e15f736f52.so,/home/rzzhang/sad_merged/sad/build/libsad_search_5851e15f736f52.so
2026-08-23T04:59:26.198395+00:00,20260823T043020,joint:rzz-hea:6:657b3f6ea4e3f7ec,ok,,rzz-hea,6,8,float64,42,128,2,128,2,2,1.0,rotation,rotation,6,6,compact:L1R0W0-L1R0W0-L1R0W0-L1R0W0-L1R0W0-L1R0W0,compact:L1R0W0-L1R0W0-L1R0W0-L1R0W0-L1R0W0-L1R0W0,,,merged,optimized,20,3,20,0.465814,0.46545990000000004,0.463811,0.466065,0.0006911618406712035,0.1664356,0.015622,0.28340230000000005,,,custom:libsad_search_b969ada61d8a74.so,/home/rzzhang/sad_merged/sad/build/libsad_search_b969ada61d8a74.so
2026-08-23T04:59:26.229635+00:00,20260823T043020,joint:rzz-hea:14:60909d53c0b60100,ok,,rzz-hea,14,8,float64,42,32,2,128,2,2,0.25,rotation,rotation,5,5,compact:L3R0W0-L3R0W0-L3R0W0-L3R0W0-L2R0W0,compact:L3R0W0-L3R0W0-L3R0W0-L3R0W0-L2R0W0,,,split,optimized,10,3,10,0.8290280000000001,0.8290685,0.827869,0.8304219999999999,0.0008119739219950181,0.24363340000000003,0.015441799999999999,0.5699932999999999,,,custom:libsad_search_2a0e4369743c84.so,/home/rzzhang/sad_merged/sad/build/libsad_search_2a0e4369743c84.so
2026-08-23T04:59:26.259983+00:00,20260823T043020,joint:rzz-hea:12:142faf4f7f2b0b2a,ok,,rzz-hea,12,8,float64,42,128,2,128,2,2,0.25,rotation,rotation,4,4,compact:L3R0W0-L3R0W0-L3R0W0-L3R0W0,compact:L3R0W0-L3R0W0-L3R0W0-L3R0W0,,,merged,optimized,10,3,10,0.672721,0.6728094,0.671712,0.6747439999999999,0.0007116635722024576,0.23108059999999997,0.015582399999999998,0.4261463999999999,,,custom:libsad_search_b969ada61d8a74.so,/home/rzzhang/sad_merged/sad/build/libsad_search_b969ada61d8a74.so
2026-08-23T04:59:26.288159+00:00,20260823T043020,joint:rzz-hea:4:bf055483db848ca0,ok,,rzz-hea,4,8,float64,42,128,2,32,2,1,0.75,rotation,rotation,3,3,compact:L2R0W0-L1R0W0-L1R0W0,compact:L2R0W0-L1R0W0-L1R0W0,,,split,optimized,20,3,20,0.2892095,0.2893023,0.287861,0.291763,0.0007891555043209132,0.11009234999999999,0.015526400000000001,0.16368354999999998,,,custom:libsad_search_7259903b8346c4.so,/home/rzzhang/sad_merged/sad/build/libsad_search_7259903b8346c4.so
2026-08-23T04:59:26.314711+00:00,20260823T043020,joint:rzz-hea:6:6261e4285d7f0410,ok,,rzz-hea,6,8,float64,42,64,2,64,2,1,1.0,rotation,rotation,6,6,compact:L1R0W0-L1R0W0-L1R0W0-L1R0W0-L1R0W0-L1R0W0,compact:L1R0W0-L1R0W0-L1R0W0-L1R0W0-L1R0W0-L1R0W0,,,split,optimized,20,3,20,0.45453,0.45521765,0.448415,0.461695,0.0032878870764519916,0.17340555,0.01501565,0.26679644999999996,,,custom:libsad_search_7ec063ebc99501.so,/home/rzzhang/sad_merged/sad/build/libsad_search_7ec063ebc99501.so
2026-08-23T04:59:26.346011+00:00,20260823T043020,joint:rzz-hea:10:140adc92da2fbaec,ok,,rzz-hea,10,8,float64,42,32,2,128,2,2,1.0,rotation,rotation,10,10,compact:L1R0W0-L1R0W0-L1R0W0-L1R0W0-L1R0W0-L1R0W0-L1R0W0-L1R0W0-L1R0W0-L1R0W0,compact:L1R0W0-L1R0W0-L1R0W0-L1R0W0-L1R0W0-L1R0W0-L1R0W0-L1R0W0-L1R0W0-L1R0W0,,,merged,optimized,10,3,10,0.879508,0.8787358,0.873476,0.880597,0.001860231910273553,0.3165022,0.0153921,0.5468415,,,custom:libsad_search_fce412939d20fb.so,/home/rzzhang/sad_merged/sad/build/libsad_search_fce412939d20fb.so
2026-08-23T04:59:26.376531+00:00,20260823T043020,joint:rzz-hea:26:b1061d24a404e9e1,ok,,rzz-hea,26,8,float64,42,64,2,64,2,2,0.25,rotation,rotation,10,10,compact:L3R0W0-L3R0W0-L3R0W0-L3R0W0-L3R0W0-L3R0W0-L2R0W0-L2R0W0-L2R0W0-L2R0W0,compact:L3R0W0-L3R0W0-L3R0W0-L3R0W0-L3R0W0-L3R0W0-L2R0W0-L2R0W0-L2R0W0-L2R0W0,,,split,optimized,2,3,2,747.974217,747.974217,747.8748410000001,748.073593,0.09937599999994973,231.59313949999998,10.3850225,505.996055,,,custom:libsad_search_20c37ff249ec0a.so,/home/rzzhang/sad_merged/sad/build/libsad_search_20c37ff249ec0a.so
2026-08-23T04:59:30.162204+00:00,20260823T043020,joint:rzz-hea:18:ab2f9a08359d6121,ok,,rzz-hea,18,8,float64,42,32,2,32,2,1,0.25,rotation,rotation,7,7,compact:L3R0W0-L3R0W0-L3R0W0-L3R0W0-L2R0W0-L2R0W0-L2R0W0,compact:L3R0W0-L3R0W0-L3R0W0-L3R0W0-L2R0W0-L2R0W0-L2R0W0,,,split,optimized,5,3,5,2.530179,2.5302032,2.5290959999999996,2.531281,0.0009361169585046606,0.7522186,0.031822,1.7461626000000001,,,custom:libsad_search_3cb67c7e18cc99.so,/home/rzzhang/sad_merged/sad/build/libsad_search_3cb67c7e18cc99.so
2026-08-23T04:59:30.210880+00:00,20260823T043020,joint:rzz-hea:28:bb0dabbde746e9cf,ok,,rzz-hea,28,8,float64,42,32,2,32,2,2,0.25,rotation,rotation,10,10,compact:L3R0W0-L3R0W0-L3R0W0-L3R0W0-L3R0W0-L3R0W0-L3R0W0-L3R0W0-L2R0W0-L2R0W0,compact:L3R0W0-L3R0W0-L3R0W0-L3R0W0-L3R0W0-L3R0W0-L3R0W0-L3R0W0-L2R0W0-L2R0W0,,,merged,optimized,2,3,2,2989.8135045,2989.8135045,2989.109848,2990.5171609999998,0.7036564999998518,772.995608,82.4347295,2134.3831670000004,,,custom:libsad_search_dcff342f285260.so,/home/rzzhang/sad_merged/sad/build/libsad_search_dcff342f285260.so
2026-08-23T04:59:45.194414+00:00,20260823T043020,joint:rzz-hea:28:7c3922db888c5e03,ok,,rzz-hea,28,8,float64,42,64,2,64,2,2,0.25,rotation,rotation,10,10,compact:L3R0W0-L3R0W0-L3R0W0-L3R0W0-L3R0W0-L3R0W0-L3R0W0-L3R0W0-L2R0W0-L2R0W0,compact:L3R0W0-L3R0W0-L3R0W0-L3R0W0-L3R0W0-L3R0W0-L3R0W0-L3R0W0-L2R0W0-L2R0W0,,,split,optimized,2,3,2,3048.9093075,3048.9093075,3048.44749,3049.371125,0.46181750000005195,931.9801704999999,81.4714475,2035.4576895000002,,,custom:libsad_search_20c37ff249ec0a.so,/home/rzzhang/sad_merged/sad/build/libsad_search_20c37ff249ec0a.so
2026-08-23T05:00:00.724266+00:00,20260823T043020,joint:rzz-hea:14:2fcb2c4bbd27f5d6,ok,,rzz-hea,14,8,float64,42,32,2,128,2,2,0.75,rotation,rotation,11,11,compact:L2R0W0-L2R0W0-L2R0W0-L1R0W0-L1R0W0-L1R0W0-L1R0W0-L1R0W0-L1R0W0-L1R0W0-L1R0W0,compact:L2R0W0-L2R0W0-L2R0W0-L1R0W0-L1R0W0-L1R0W0-L1R0W0-L1R0W0-L1R0W0-L1R0W0-L1R0W0,,,split,optimized,10,3,10,1.2210605,1.2215416,1.219489,1.22566,0.0016694734619034847,0.41627030000000004,0.015542599999999998,0.7897287,,,custom:libsad_search_2a0e4369743c84.so,/home/rzzhang/sad_merged/sad/build/libsad_search_2a0e4369743c84.so
2026-08-23T05:00:00.759905+00:00,20260823T043020,joint:rzz-hea:24:9473c652c8eea5e2,ok,,rzz-hea,24,8,float64,42,128,2,32,2,1,0.0,rotation,rotation,3,4,compact:L5R2W1-L5R2W1-L5R2W1,compact:L5R1W0-L5R1W0-L5R1W0-L5R1W0,,,merged,optimized,3,3,3,131.03542699999997,131.07100833333334,131.023344,131.154254,0.05906990483788234,28.31732033333334,1.7460633333333333,101.00762466666667,,,custom:libsad_search_5851e15f736f52.so,/home/rzzhang/sad_merged/sad/build/libsad_search_5851e15f736f52.so
2026-08-23T05:00:01.587624+00:00,20260823T043020,joint:rzz-hea:6:f60e2e29c724e613,ok,,rzz-hea,6,8,float64,42,128,2,128,2,1,1.0,rotation,rotation,6,6,compact:L1R0W0-L1R0W0-L1R0W0-L1R0W0-L1R0W0-L1R0W0,compact:L1R0W0-L1R0W0-L1R0W0-L1R0W0-L1R0W0-L1R0W0,,,merged,optimized,20,3,20,0.465796,0.46585905,0.463805,0.470026,0.0013486985384065595,0.16680365000000003,0.0154008,0.28365460000000003,,,custom:libsad_search_8fbfac92ec4bef.so,/home/rzzhang/sad_merged/sad/build/libsad_search_8fbfac92ec4bef.so
2026-08-23T05:00:01.613781+00:00,20260823T043020,joint:rzz-hea:18:5d85960bef42d427,ok,,rzz-hea,18,8,float64,42,128,2,128,2,1,0.0,rotation,rotation,2,2,compact:L5R2W2-L5R2W2,compact:L5R2W2-L5R2W2,,,merged,optimized,5,3,5,2.353215,2.3542846,2.3519120000000004,2.360146,0.003048788257652419,0.4991602,0.0316998,1.8234245999999998,,,custom:libsad_search_8fbfac92ec4bef.so,/home/rzzhang/sad_merged/sad/build/libsad_search_8fbfac92ec4bef.so
2026-08-23T05:00:01.647367+00:00,20260823T043020,joint:rzz-hea:8:6e679fcdc8b05d1f,ok,,rzz-hea,8,8,float64,42,128,2,128,2,1,0.25,rotation,rotation,3,3,compact:L3R0W0-L3R0W0-L2R0W0,compact:L3R0W0-L3R0W0-L2R0W0,,,split,optimized,20,3,20,0.481742,0.48179615,0.48086100000000004,0.48322000000000004,0.0005992908538431098,0.1549926,0.015385799999999998,0.31141774999999994,,,custom:libsad_search_9361435758c99d.so,/home/rzzhang/sad_merged/sad/build/libsad_search_9361435758c99d.so
2026-08-23T05:00:01.672731+00:00,20260823T043020,joint:rzz-hea:24:7ed5bbed6789478f,ok,,rzz-hea,24,8,float64,42,128,2,128,2,1,0.5,rotation,rotation,14,14,compact:L2R0W0-L2R0W0-L2R0W0-L2R0W0-L2R0W0-L2R0W0-L2R0W0-L2R0W0-L2R0W0-L2R0W0-L1R0W0-L1R0W0-L1R0W0-L1R0W0,compact:L2R0W0-L2R0W0-L2R0W0-L2R0W0-L2R0W0-L2R0W0-L2R0W0-L2R0W0-L2R0W0-L2R0W0-L1R0W0-L1R0W0-L1R0W0-L1R0W0,,,merged,optimized,3,3,3,233.25639699999996,233.26278066666666,233.23877,233.29317500000002,0.022664795113926973,63.79679399999999,1.7689773333333334,167.69700933333334,,,custom:libsad_search_8fbfac92ec4bef.so,/home/rzzhang/sad_merged/sad/build/libsad_search_8fbfac92ec4bef.so
2026-08-23T05:00:03.104624+00:00,20260823T043020,joint:rzz-hea:20:e979d3cccc80be5f,ok,,rzz-hea,20,8,float64,42,32,2,32,2,1,0.0,legacy,legacy,0,0,,,,,not_applicable,legacy-generic,5,3,5,7.709423,7.7078852,7.703388,7.7115,0.0029486366612383914,2.1514726,0.0972888,5.4591238,,,custom:libsad_search_06042376d3c545.so,/home/rzzhang/sad_merged/sad/build/libsad_search_06042376d3c545.so
2026-08-23T05:00:03.181888+00:00,20260823T043020,joint:rzz-hea:4:65600f38921baa30,ok,,rzz-hea,4,8,float64,42,128,2,32,2,1,0.5,rotation,rotation,2,2,compact:L2R0W0-L2R0W0,compact:L2R0W0-L2R0W0,,,merged,optimized,20,3,20,0.19855899999999999,0.19851385,0.19753700000000002,0.201653,0.0008292882656229975,0.06433325,0.01546305,0.11871754999999999,,,custom:libsad_search_5851e15f736f52.so,/home/rzzhang/sad_merged/sad/build/libsad_search_5851e15f736f52.so
2026-08-23T05:00:03.200397+00:00,20260823T043020,joint:rzz-hea:14:053f66b8c39e8bed,ok,,rzz-hea,14,8,float64,42,32,2,32,2,1,1.0,rotation,rotation,14,14,compact:L1R0W0-L1R0W0-L1R0W0-L1R0W0-L1R0W0-L1R0W0-L1R0W0-L1R0W0-L1R0W0-L1R0W0-L1R0W0-L1R0W0-L1R0W0-L1R0W0,compact:L1R0W0-L1R0W0-L1R0W0-L1R0W0-L1R0W0-L1R0W0-L1R0W0-L1R0W0-L1R0W0-L1R0W0-L1R0W0-L1R0W0-L1R0W0-L1R0W0,,,merged,optimized,10,3,10,1.220557,1.219835,1.214653,1.2223979999999999,0.002463117333786623,0.4993988999999999,0.0155891,0.704847,,,custom:libsad_search_f9cdaf042a7bd6.so,/home/rzzhang/sad_merged/sad/build/libsad_search_f9cdaf042a7bd6.so
2026-08-23T05:00:03.230558+00:00,20260823T043020,joint:rzz-hea:26:5904b6c3901e9480,ok,,rzz-hea,26,8,float64,42,128,2,32,2,1,0.0,rotation,rotation,3,4,compact:L5R2W2-L5R2W2-L5R2W1,compact:L5R2W0-L5R2W0-L5R1W0-L5R1W0,,,split,optimized,2,3,2,578.158768,578.158768,578.0599319999999,578.257604,0.09883600000006254,155.45154449999998,10.197188999999998,412.5100345,,,custom:libsad_search_7259903b8346c4.so,/home/rzzhang/sad_merged/sad/build/libsad_search_7259903b8346c4.so
2026-08-23T05:00:06.161341+00:00,20260823T043020,joint:rzz-hea:16:f46f3ab5ffb04234,ok,,rzz-hea,16,8,float64,42,32,2,128,2,2,0.75,rotation,rotation,13,12,compact:L2R0W0-L2R0W0-L2R0W0-L1R0W0-L1R0W0-L1R0W0-L1R0W0-L1R0W0-L1R0W0-L1R0W0-L1R0W0-L1R0W0-L1R0W0,compact:L2R0W0-L2R0W0-L2R0W0-L2R0W0-L1R0W0-L1R0W0-L1R0W0-L1R0W0-L1R0W0-L1R0W0-L1R0W0-L1R0W0,,,merged,optimized,5,3,5,1.803139,1.8031638,1.802151,1.804272,0.0008881737217459512,0.56345,0.015555600000000001,1.2241582,,,custom:libsad_search_fce412939d20fb.so,/home/rzzhang/sad_merged/sad/build/libsad_search_fce412939d20fb.so
2026-08-23T05:00:06.199980+00:00,20260823T043020,joint:rzz-hea:18:2f919ae9387cbbb0,ok,,rzz-hea,18,8,float64,42,32,2,32,2,1,0.0,rotation,rotation,3,3,compact:L5R1W0-L5R1W0-L5R1W0,compact:L5R1W0-L5R1W0-L5R1W0,,,merged,optimized,5,3,5,2.432947,2.4333427999999997,2.432824,2.4340759999999997,0.0005824518520873415,0.5151562,0.0318806,1.886306,,,custom:libsad_search_f9cdaf042a7bd6.so,/home/rzzhang/sad_merged/sad/build/libsad_search_f9cdaf042a7bd6.so
2026-08-23T05:00:06.237547+00:00,20260823T043020,joint:rzz-hea:6:01228ab09ee84a21,ok,,rzz-hea,6,8,float64,42,128,2,32,2,1,0.75,rotation,rotation,5,5,compact:L2R0W0-L1R0W0-L1R0W0-L1R0W0-L1R0W0,compact:L2R0W0-L1R0W0-L1R0W0-L1R0W0-L1R0W0,,,split,optimized,20,3,20,0.4213595,0.4216371,0.41971499999999995,0.42798400000000003,0.001689208065929127,0.16336865,0.015315150000000001,0.2429533,,,custom:libsad_search_7259903b8346c4.so,/home/rzzhang/sad_merged/sad/build/libsad_search_7259903b8346c4.so
2026-08-23T05:00:06.261167+00:00,20260823T043020,joint:rzz-hea:18:9fdd4ebc7f22f68c,ok,,rzz-hea,18,8,float64,42,128,2,128,2,2,0.0,rotation,rotation,2,2,compact:L5R2W2-L5R2W2,compact:L5R2W2-L5R2W2,,,split,optimized,5,3,5,2.200507,2.2004732000000002,2.199399,2.201476,0.0006762193135366408,0.5623577999999999,0.0317102,1.6064051999999998,,,custom:libsad_search_d02bea87aa5c56.so,/home/rzzhang/sad_merged/sad/build/libsad_search_d02bea87aa5c56.so
2026-08-23T05:00:06.293470+00:00,20260823T043020,joint:rzz-hea:6:96b9448dc7f04831,ok,,rzz-hea,6,8,float64,42,128,2,32,2,1,0.25,rotation,rotation,2,2,compact:L3R0W0-L3R0W0,compact:L3R0W0-L3R0W0,,,merged,optimized,20,3,20,0.26253550000000003,0.26462005,0.25396199999999997,0.273304,0.005792145168027129,0.0874557,0.015282,0.16188235,,,custom:libsad_search_5851e15f736f52.so,/home/rzzhang/sad_merged/sad/build/libsad_search_5851e15f736f52.so
2026-08-23T05:00:06.313528+00:00,20260823T043020,joint:rzz-hea:28:2f71d0e58aa4d495,ok,,rzz-hea,28,8,float64,42,128,2,32,2,1,1.0,rotation,rotation,28,28,compact:L1R0W0-L1R0W0-L1R0W0-L1R0W0-L1R0W0-L1R0W0-L1R0W0-L1R0W0-L1R0W0-L1R0W0-L1R0W0-L1R0W0-L1R0W0-L1R0W0-L1R0W0-L1R0W0-L1R0W0-L1R0W0-L1R0W0-L1R0W0-L1R0W0-L1R0W0-L1R0W0-L1R0W0-L1R0W0-L1R0W0-L1R0W0-L1R0W0,compact:L1R0W0-L1R0W0-L1R0W0-L1R0W0-L1R0W0-L1R0W0-L1R0W0-L1R0W0-L1R0W0-L1R0W0-L1R0W0-L1R0W0-L1R0W0-L1R0W0-L1R0W0-L1R0W0-L1R0W0-L1R0W0-L1R0W0-L1R0W0-L1R0W0-L1R0W0-L1R0W0-L1R0W0-L1R0W0-L1R0W0-L1R0W0-L1R0W0,,,split,optimized,2,3,2,6938.8982975,6938.8982975,6938.300386,6939.496209,0.5979115000000093,2112.292,82.823019,4743.7832785,,,custom:libsad_search_7259903b8346c4.so,/home/rzzhang/sad_merged/sad/build/libsad_search_7259903b8346c4.so
2026-08-23T05:00:41.042676+00:00,20260823T043020,joint:rzz-hea:16:f22328efc47f306e,ok,,rzz-hea,16,8,float64,42,128,2,128,2,2,1.0,rotation,rotation,16,16,compact:L1R0W0-L1R0W0-L1R0W0-L1R0W0-L1R0W0-L1R0W0-L1R0W0-L1R0W0-L1R0W0-L1R0W0-L1R0W0-L1R0W0-L1R0W0-L1R0W0-L1R0W0-L1R0W0,compact:L1R0W0-L1R0W0-L1R0W0-L1R0W0-L1R0W0-L1R0W0-L1R0W0-L1R0W0-L1R0W0-L1R0W0-L1R0W0-L1R0W0-L1R0W0-L1R0W0-L1R0W0-L1R0W0,,,split,optimized,5,3,5,2.0674170000000003,2.067791,2.067383,2.068384,0.00047982538490584507,0.7371092,0.0158034,1.3148784,,,custom:libsad_search_d02bea87aa5c56.so,/home/rzzhang/sad_merged/sad/build/libsad_search_d02bea87aa5c56.so
2026-08-23T05:00:41.083231+00:00,20260823T043020,joint:rzz-hea:12:4c9762a4076e44bf,ok,,rzz-hea,12,8,float64,42,64,2,64,2,1,0.0,rotation,rotation,2,2,compact:L5R1W0-L5R1W0,compact:L5R1W0-L5R1W0,,,merged,optimized,10,3,10,0.4300455,0.4300448,0.42993299999999995,0.430205,6.514414785689772e-05,0.1401238,0.015464799999999997,0.2744562,,,custom:libsad_search_7e5293342e215a.so,/home/rzzhang/sad_merged/sad/build/libsad_search_7e5293342e215a.so
2026-08-23T05:00:41.109398+00:00,20260823T043020,joint:rzz-hea:10:73f1675dc3ddaf18,ok,,rzz-hea,10,8,float64,42,32,2,32,2,2,0.0,rotation,rotation,2,2,compact:L5R0W0-L5R0W0,compact:L5R0W0-L5R0W0,,,split,optimized,10,3,10,0.41931,0.4194964,0.418681,0.42099499999999995,0.0008083891637076654,0.1331326,0.0154211,0.2709427,,,custom:libsad_search_16d9d6cef53b3d.so,/home/rzzhang/sad_merged/sad/build/libsad_search_16d9d6cef53b3d.so
2026-08-23T05:00:41.135627+00:00,20260823T043020,joint:rzz-hea:28:3e995c87219d4f0b,ok,,rzz-hea,28,8,float64,42,32,2,128,2,1,1.0,rotation,rotation,28,28,compact:L1R0W0-L1R0W0-L1R0W0-L1R0W0-L1R0W0-L1R0W0-L1R0W0-L1R0W0-L1R0W0-L1R0W0-L1R0W0-L1R0W0-L1R0W0-L1R0W0-L1R0W0-L1R0W0-L1R0W0-L1R0W0-L1R0W0-L1R0W0-L1R0W0-L1R0W0-L1R0W0-L1R0W0-L1R0W0-L1R0W0-L1R0W0-L1R0W0,compact:L1R0W0-L1R0W0-L1R0W0-L1R0W0-L1R0W0-L1R0W0-L1R0W0-L1R0W0-L1R0W0-L1R0W0-L1R0W0-L1R0W0-L1R0W0-L1R0W0-L1R0W0-L1R0W0-L1R0W0-L1R0W0-L1R0W0-L1R0W0-L1R0W0-L1R0W0-L1R0W0-L1R0W0-L1R0W0-L1R0W0-L1R0W0-L1R0W0,,,merged,optimized,2,3,2,6860.3048875,6860.3048875,6859.73621,6860.873565,0.5686774999999216,1941.0233300000002,80.5021465,4838.7794109999995,,,custom:libsad_search_2a8327787a9aac.so,/home/rzzhang/sad_merged/sad/build/libsad_search_2a8327787a9aac.so
2026-08-23T05:01:15.567340+00:00,20260823T043020,joint:rzz-hea:16:d0ed7f18f5eb1745,ok,,rzz-hea,16,8,float64,42,32,2,128,2,2,0.25,rotation,rotation,6,6,compact:L3R0W0-L3R0W0-L3R0W0-L3R0W0-L2R0W0-L2R0W0,compact:L3R0W0-L3R0W0-L3R0W0-L3R0W0-L2R0W0-L2R0W0,,,merged,optimized,5,3,5,1.292137,1.2918122,1.29115,1.292253,0.0004937543518796139,0.329445,0.0153656,0.9470015999999999,,,custom:libsad_search_fce412939d20fb.so,/home/rzzhang/sad_merged/sad/build/libsad_search_fce412939d20fb.so
2026-08-23T05:01:15.601425+00:00,20260823T043020,joint:rzz-hea:20:c835326cd92c3133,ok,,rzz-hea,20,8,float64,42,64,2,64,2,1,0.25,rotation,rotation,7,7,compact:L3R0W0-L3R0W0-L3R0W0-L3R0W0-L3R0W0-L3R0W0-L2R0W0,compact:L3R0W0-L3R0W0-L3R0W0-L3R0W0-L3R0W0-L3R0W0-L2R0W0,,,split,optimized,5,3,5,7.940916,7.940327600000001,7.938883000000001,7.940974,0.0008302343283673507,2.1249484,0.09741780000000001,5.7179614,,,custom:libsad_search_7ec063ebc99501.so,/home/rzzhang/sad_merged/sad/build/libsad_search_7ec063ebc99501.so
2026-08-23T05:01:15.695955+00:00,20260823T043020,joint:rzz-hea:10:8755fc96a91353b0,ok,,rzz-hea,10,8,float64,42,32,2,32,2,2,0.5,rotation,rotation,6,6,compact:L2R0W0-L2R0W0-L2R0W0-L2R0W0-L1R0W0-L1R0W0,compact:L2R0W0-L2R0W0-L2R0W0-L2R0W0-L1R0W0-L1R0W0,,,split,optimized,10,3,10,0.622514,0.6221251999999999,0.620432,0.6235559999999999,0.0010169271163657666,0.2272644,0.015307200000000002,0.3795536,,,custom:libsad_search_16d9d6cef53b3d.so,/home/rzzhang/sad_merged/sad/build/libsad_search_16d9d6cef53b3d.so
2026-08-23T05:01:15.723049+00:00,20260823T043020,joint:rzz-hea:4:44682aa6d007dde9,ok,,rzz-hea,4,8,float64,42,32,2,32,2,1,0.75,rotation,rotation,3,3,compact:L2R0W0-L1R0W0-L1R0W0,compact:L2R0W0-L1R0W0-L1R0W0,,,split,optimized,20,3,20,0.281564,0.28166009999999997,0.28133499999999995,0.282677,0.0003101131890133023,0.10211619999999999,0.015574000000000001,0.16396989999999997,,,custom:libsad_search_3cb67c7e18cc99.so,/home/rzzhang/sad_merged/sad/build/libsad_search_3cb67c7e18cc99.so
2026-08-23T05:01:15.749349+00:00,20260823T043020,joint:rzz-hea:14:7eb8cd9f971bd6eb,ok,,rzz-hea,14,8,float64,42,128,2,128,2,1,0.25,rotation,rotation,5,5,compact:L3R0W0-L3R0W0-L3R0W0-L3R0W0-L2R0W0,compact:L3R0W0-L3R0W0-L3R0W0-L3R0W0-L2R0W0,,,merged,optimized,10,3,10,0.842465,0.8422752000000001,0.841296,0.8430460000000001,0.0006104878049560077,0.288093,0.015478700000000001,0.5387035,,,custom:libsad_search_8fbfac92ec4bef.so,/home/rzzhang/sad_merged/sad/build/libsad_search_8fbfac92ec4bef.so
2026-08-23T05:01:15.781008+00:00,20260823T043020,joint:rzz-hea:26:31fcbf5ba3bc6385,ok,,rzz-hea,26,8,float64,42,128,2,128,2,2,0.5,rotation,rotation,14,14,compact:L2R0W0-L2R0W0-L2R0W0-L2R0W0-L2R0W0-L2R0W0-L2R0W0-L2R0W0-L2R0W0-L2R0W0-L2R0W0-L2R0W0-L1R0W0-L1R0W0,compact:L2R0W0-L2R0W0-L2R0W0-L2R0W0-L2R0W0-L2R0W0-L2R0W0-L2R0W0-L2R0W0-L2R0W0-L2R0W0-L2R0W0-L1R0W0-L1R0W0,,,split,optimized,2,3,2,966.9994105000001,966.9994105000001,966.690819,967.308002,0.30859149999997726,297.7531605,10.4081855,658.8380645000001,,,custom:libsad_search_d02bea87aa5c56.so,/home/rzzhang/sad_merged/sad/build/libsad_search_d02bea87aa5c56.so
2026-08-23T05:01:20.659346+00:00,20260823T043020,joint:rzz-hea:20:83f886c3168c12f4,ok,,rzz-hea,20,8,float64,42,32,2,128,2,2,1.0,rotation,rotation,20,20,compact:L1R0W0-L1R0W0-L1R0W0-L1R0W0-L1R0W0-L1R0W0-L1R0W0-L1R0W0-L1R0W0-L1R0W0-L1R0W0-L1R0W0-L1R0W0-L1R0W0-L1R0W0-L1R0W0-L1R0W0-L1R0W0-L1R0W0-L1R0W0,compact:L1R0W0-L1R0W0-L1R0W0-L1R0W0-L1R0W0-L1R0W0-L1R0W0-L1R0W0-L1R0W0-L1R0W0-L1R0W0-L1R0W0-L1R0W0-L1R0W0-L1R0W0-L1R0W0-L1R0W0-L1R0W0-L1R0W0-L1R0W0,,,split,optimized,5,3,5,10.420950999999999,10.421620999999998,10.419887000000001,10.426155,0.002310327422682632,3.4049891999999997,0.09700139999999999,6.9196304,,,custom:libsad_search_2a0e4369743c84.so,/home/rzzhang/sad_merged/sad/build/libsad_search_2a0e4369743c84.so
2026-08-23T05:01:20.767094+00:00,20260823T043020,joint:rzz-hea:12:dd14fee731fee39e,ok,,rzz-hea,12,8,float64,42,64,2,64,2,2,0.5,rotation,rotation,7,7,compact:L2R0W0-L2R0W0-L2R0W0-L2R0W0-L2R0W0-L1R0W0-L1R0W0,compact:L2R0W0-L2R0W0-L2R0W0-L2R0W0-L2R0W0-L1R0W0-L1R0W0,,,split,optimized,10,3,10,0.7730715,0.7734572,0.772027,0.7752450000000001,0.0008725169110109287,0.28185869999999996,0.015500099999999998,0.47609840000000003,,,custom:libsad_search_20c37ff249ec0a.so,/home/rzzhang/sad_merged/sad/build/libsad_search_20c37ff249ec0a.so
2026-08-23T05:01:20.791720+00:00,20260823T043020,joint:rzz-hea:20:88d4e608d5e1fd3f,ok,,rzz-hea,20,8,float64,42,32,2,32,2,2,1.0,rotation,rotation,20,20,compact:L1R0W0-L1R0W0-L1R0W0-L1R0W0-L1R0W0-L1R0W0-L1R0W0-L1R0W0-L1R0W0-L1R0W0-L1R0W0-L1R0W0-L1R0W0-L1R0W0-L1R0W0-L1R0W0-L1R0W0-L1R0W0-L1R0W0-L1R0W0,compact:L1R0W0-L1R0W0-L1R0W0-L1R0W0-L1R0W0-L1R0W0-L1R0W0-L1R0W0-L1R0W0-L1R0W0-L1R0W0-L1R0W0-L1R0W0-L1R0W0-L1R0W0-L1R0W0-L1R0W0-L1R0W0-L1R0W0-L1R0W0,,,split,optimized,5,3,5,10.139432000000001,10.3423754,10.133191,10.669892,0.2529893222320655,3.4692378,0.10046199999999998,6.7726755999999995,,,custom:libsad_search_16d9d6cef53b3d.so,/home/rzzhang/sad_merged/sad/build/libsad_search_16d9d6cef53b3d.so
2026-08-23T05:01:20.889606+00:00,20260823T043020,joint:rzz-hea:28:1af7ee34a5daff8e,ok,,rzz-hea,28,8,float64,42,128,2,32,2,1,1.0,rotation,rotation,28,28,compact:L1R0W0-L1R0W0-L1R0W0-L1R0W0-L1R0W0-L1R0W0-L1R0W0-L1R0W0-L1R0W0-L1R0W0-L1R0W0-L1R0W0-L1R0W0-L1R0W0-L1R0W0-L1R0W0-L1R0W0-L1R0W0-L1R0W0-L1R0W0-L1R0W0-L1R0W0-L1R0W0-L1R0W0-L1R0W0-L1R0W0-L1R0W0-L1R0W0,compact:L1R0W0-L1R0W0-L1R0W0-L1R0W0-L1R0W0-L1R0W0-L1R0W0-L1R0W0-L1R0W0-L1R0W0-L1R0W0-L1R0W0-L1R0W0-L1R0W0-L1R0W0-L1R0W0-L1R0W0-L1R0W0-L1R0W0-L1R0W0-L1R0W0-L1R0W0-L1R0W0-L1R0W0-L1R0W0-L1R0W0-L1R0W0-L1R0W0,,,merged,optimized,2,3,2,6865.528479500001,6865.528479500001,6864.881058,6866.1759010000005,0.6474215000002914,1942.3065290000002,82.5224475,4840.699503,,,custom:libsad_search_5851e15f736f52.so,/home/rzzhang/sad_merged/sad/build/libsad_search_5851e15f736f52.so
2026-08-23T05:01:55.252152+00:00,20260823T043020,joint:rzz-hea:28:2e098ac79e7c7b48,ok,,rzz-hea,28,8,float64,42,32,2,128,2,2,0.5,rotation,rotation,16,16,compact:L2R0W0-L2R0W0-L2R0W0-L2R0W0-L2R0W0-L2R0W0-L2R0W0-L2R0W0-L2R0W0-L2R0W0-L2R0W0-L2R0W0-L1R0W0-L1R0W0-L1R0W0-L1R0W0,compact:L2R0W0-L2R0W0-L2R0W0-L2R0W0-L2R0W0-L2R0W0-L2R0W0-L2R0W0-L2R0W0-L2R0W0-L2R0W0-L2R0W0-L1R0W0-L1R0W0-L1R0W0-L1R0W0,,,merged,optimized,2,3,2,4278.565104,4278.565104,4278.434045,4278.6961630000005,0.1310590000002776,1153.1096845,80.79086600000001,3044.6645535,,,custom:libsad_search_fce412939d20fb.so,/home/rzzhang/sad_merged/sad/build/libsad_search_fce412939d20fb.so
2026-08-23T05:02:16.930248+00:00,20260823T043020,joint:rzz-hea:10:b96f1de9d0b9b1f1,ok,,rzz-hea,10,8,float64,42,128,2,32,2,1,0.75,rotation,rotation,8,8,compact:L2R0W0-L2R0W0-L1R0W0-L1R0W0-L1R0W0-L1R0W0-L1R0W0-L1R0W0,compact:L2R0W0-L2R0W0-L1R0W0-L1R0W0-L1R0W0-L1R0W0-L1R0W0-L1R0W0,,,merged,optimized,10,3,10,0.7218855,0.722144,0.720859,0.7238990000000001,0.0008991538244371999,0.31794910000000004,0.015441,0.3887539,,,custom:libsad_search_5851e15f736f52.so,/home/rzzhang/sad_merged/sad/build/libsad_search_5851e15f736f52.so
2026-08-23T05:02:16.960911+00:00,20260823T043020,joint:rzz-hea:24:5c1a8a47420c3c0f,ok,,rzz-hea,24,8,float64,42,128,2,32,2,2,1.0,rotation,rotation,24,24,compact:L1R0W0-L1R0W0-L1R0W0-L1R0W0-L1R0W0-L1R0W0-L1R0W0-L1R0W0-L1R0W0-L1R0W0-L1R0W0-L1R0W0-L1R0W0-L1R0W0-L1R0W0-L1R0W0-L1R0W0-L1R0W0-L1R0W0-L1R0W0-L1R0W0-L1R0W0-L1R0W0-L1R0W0,compact:L1R0W0-L1R0W0-L1R0W0-L1R0W0-L1R0W0-L1R0W0-L1R0W0-L1R0W0-L1R0W0-L1R0W0-L1R0W0-L1R0W0-L1R0W0-L1R0W0-L1R0W0-L1R0W0-L1R0W0-L1R0W0-L1R0W0-L1R0W0-L1R0W0-L1R0W0-L1R0W0-L1R0W0,,,split,optimized,3,3,3,375.328623,375.28512699999993,375.17189799999994,375.35486000000003,0.08077829689138213,115.62534666666667,1.7659723333333333,257.893808,,,custom:libsad_search_3b115211f38255.so,/home/rzzhang/sad_merged/sad/build/libsad_search_3b115211f38255.so
2026-08-23T05:02:19.267919+00:00,20260823T043020,joint:rzz-hea:4:e97f7b29176467bb,ok,,rzz-hea,4,8,float64,42,128,2,128,2,2,0.75,rotation,rotation,3,3,compact:L2R0W0-L1R0W0-L1R0W0,compact:L2R0W0-L1R0W0-L1R0W0,,,merged,optimized,20,3,20,0.26219400000000004,0.2625094,0.26117399999999996,0.263214,0.0005793177366523435,0.08175675,0.015482399999999999,0.16527025,,,custom:libsad_search_b969ada61d8a74.so,/home/rzzhang/sad_merged/sad/build/libsad_search_b969ada61d8a74.so
2026-08-23T05:02:19.289028+00:00,20260823T043020,joint:rzz-hea:26:58f1310e9ab18eb8,ok,,rzz-hea,26,8,float64,42,32,2,128,2,1,1.0,rotation,rotation,26,26,compact:L1R0W0-L1R0W0-L1R0W0-L1R0W0-L1R0W0-L1R0W0-L1R0W0-L1R0W0-L1R0W0-L1R0W0-L1R0W0-L1R0W0-L1R0W0-L1R0W0-L1R0W0-L1R0W0-L1R0W0-L1R0W0-L1R0W0-L1R0W0-L1R0W0-L1R0W0-L1R0W0-L1R0W0-L1R0W0-L1R0W0,compact:L1R0W0-L1R0W0-L1R0W0-L1R0W0-L1R0W0-L1R0W0-L1R0W0-L1R0W0-L1R0W0-L1R0W0-L1R0W0-L1R0W0-L1R0W0-L1R0W0-L1R0W0-L1R0W0-L1R0W0-L1R0W0-L1R0W0-L1R0W0-L1R0W0-L1R0W0-L1R0W0-L1R0W0-L1R0W0-L1R0W0,,,split,optimized,2,3,2,1613.107188,1613.107188,1612.7770349999998,1613.437341,0.3301530000001094,493.5450545,10.345603,1109.2165304999999,,,custom:libsad_search_0e4f539ceca897.so,/home/rzzhang/sad_merged/sad/build/libsad_search_0e4f539ceca897.so
2026-08-23T05:02:27.387384+00:00,20260823T043020,joint:rzz-hea:22:2b864f75483e6bc9,ok,,rzz-hea,22,8,float64,42,128,2,32,2,1,0.5,rotation,rotation,12,13,compact:L2R0W0-L2R0W0-L2R0W0-L2R0W0-L2R0W0-L2R0W0-L2R0W0-L2R0W0-L2R0W0-L2R0W0-L1R0W0-L1R0W0,compact:L2R0W0-L2R0W0-L2R0W0-L2R0W0-L2R0W0-L2R0W0-L2R0W0-L2R0W0-L2R0W0-L1R0W0-L1R0W0-L1R0W0-L1R0W0,,,split,optimized,3,3,3,48.436667,48.442394,48.431544,48.458971000000005,0.011906832184368306,9.273216000000001,0.40075799999999995,38.768420000000006,,,custom:libsad_search_7259903b8346c4.so,/home/rzzhang/sad_merged/sad/build/libsad_search_7259903b8346c4.so
2026-08-23T05:02:27.715697+00:00,20260823T043020,joint:rzz-hea:12:2e01976993b47f95,ok,,rzz-hea,12,8,float64,42,128,2,128,2,1,1.0,rotation,rotation,12,12,compact:L1R0W0-L1R0W0-L1R0W0-L1R0W0-L1R0W0-L1R0W0-L1R0W0-L1R0W0-L1R0W0-L1R0W0-L1R0W0-L1R0W0,compact:L1R0W0-L1R0W0-L1R0W0-L1R0W0-L1R0W0-L1R0W0-L1R0W0-L1R0W0-L1R0W0-L1R0W0-L1R0W0-L1R0W0,,,merged,optimized,10,3,10,1.1846515,1.1843982,1.182592,1.18573,0.0009223585853668474,0.47800289999999995,0.0151015,0.6912938,,,custom:libsad_search_8fbfac92ec4bef.so,/home/rzzhang/sad_merged/sad/build/libsad_search_8fbfac92ec4bef.so
2026-08-23T05:02:27.745415+00:00,20260823T043020,joint:rzz-hea:12:cc536c071a36f6c1,ok,,rzz-hea,12,8,float64,42,64,2,64,2,2,0.25,rotation,rotation,4,4,compact:L3R0W0-L3R0W0-L3R0W0-L3R0W0,compact:L3R0W0-L3R0W0-L3R0W0-L3R0W0,,,split,optimized,10,3,10,0.6102485,0.6089239,0.603032,0.611258,0.002936397808540268,0.2047695,0.015430600000000001,0.3887238,,,custom:libsad_search_20c37ff249ec0a.so,/home/rzzhang/sad_merged/sad/build/libsad_search_20c37ff249ec0a.so
2026-08-23T05:02:27.767431+00:00,20260823T043020,joint:rzz-hea:6:9b7785c561f19982,ok,,rzz-hea,6,8,float64,42,128,2,32,2,2,0.25,rotation,rotation,2,2,compact:L3R0W0-L3R0W0,compact:L3R0W0-L3R0W0,,,merged,optimized,20,3,20,0.25955799999999996,0.2593926,0.253855,0.261114,0.0014315793166988701,0.08536175000000001,0.015129,0.15890184999999998,,,custom:libsad_search_d014591f51543a.so,/home/rzzhang/sad_merged/sad/build/libsad_search_d014591f51543a.so
2026-08-23T05:02:27.787769+00:00,20260823T043020,joint:rzz-hea:4:6455afe65b0157d0,ok,,rzz-hea,4,8,float64,42,32,2,128,2,1,0.0,rotation,rotation,1,1,compact:L4R0W0,compact:L4R0W0,,,split,optimized,20,3,20,0.24253999999999998,0.24198270000000002,0.23759299999999997,0.242735,0.001114042732573579,0.06902805,0.015093649999999998,0.157861,,,custom:libsad_search_0e4f539ceca897.so,/home/rzzhang/sad_merged/sad/build/libsad_search_0e4f539ceca897.so
2026-08-23T05:02:27.806933+00:00,20260823T043020,joint:rzz-hea:4:6882eed43e1dfefc,ok,,rzz-hea,4,8,float64,42,32,2,128,2,1,0.25,rotation,rotation,2,2,compact:L2R0W0-L2R0W0,compact:L2R0W0-L2R0W0,,,split,optimized,20,3,20,0.274332,0.2741289,0.273298,0.277468,0.0009707971930326115,0.08550524999999999,0.0152908,0.17333285,,,custom:libsad_search_0e4f539ceca897.so,/home/rzzhang/sad_merged/sad/build/libsad_search_0e4f539ceca897.so
2026-08-23T05:02:27.826877+00:00,20260823T043020,joint:rzz-hea:20:511d3e9e5f7676df,ok,,rzz-hea,20,8,float64,42,64,2,64,2,1,0.25,rotation,rotation,7,7,compact:L3R0W0-L3R0W0-L3R0W0-L3R0W0-L3R0W0-L3R0W0-L2R0W0,compact:L3R0W0-L3R0W0-L3R0W0-L3R0W0-L3R0W0-L3R0W0-L2R0W0,,,merged,optimized,5,3,5,8.783529,8.669233199999999,8.213458999999999,8.785801,0.22790020658033697,2.0276798000000005,0.1038758,6.537677599999999,,,custom:libsad_search_7e5293342e215a.so,/home/rzzhang/sad_merged/sad/build/libsad_search_7e5293342e215a.so
2026-08-23T05:02:27.910382+00:00,20260823T043020,joint:rzz-hea:26:e6b4157ac19cd594,ok,,rzz-hea,26,8,float64,42,128,2,128,2,2,0.75,rotation,rotation,20,20,compact:L2R0W0-L2R0W0-L2R0W0-L2R0W0-L2R0W0-L2R0W0-L1R0W0-L1R0W0-L1R0W0-L1R0W0-L1R0W0-L1R0W0-L1R0W0-L1R0W0-L1R0W0-L1R0W0-L1R0W0-L1R0W0-L1R0W0-L1R0W0,compact:L2R0W0-L2R0W0-L2R0W0-L2R0W0-L2R0W0-L2R0W0-L1R0W0-L1R0W0-L1R0W0-L1R0W0-L1R0W0-L1R0W0-L1R0W0-L1R0W0-L1R0W0-L1R0W0-L1R0W0-L1R0W0-L1R0W0-L1R0W0,,,merged,optimized,2,3,2,1274.869344,1274.869344,1274.735387,1275.003301,0.13395700000000943,355.5205045,10.211374499999998,909.137465,,,custom:libsad_search_b969ada61d8a74.so,/home/rzzhang/sad_merged/sad/build/libsad_search_b969ada61d8a74.so
2026-08-23T05:02:34.319140+00:00,20260823T043020,joint:rzz-hea:6:2d866f90de65c439,ok,,rzz-hea,6,8,float64,42,32,2,128,2,1,0.75,rotation,rotation,5,5,compact:L2R0W0-L1R0W0-L1R0W0-L1R0W0-L1R0W0,compact:L2R0W0-L1R0W0-L1R0W0-L1R0W0-L1R0W0,,,split,optimized,20,3,20,0.45158599999999993,0.45199749999999994,0.451416,0.454596,0.0008078877087813617,0.1528333,0.015453949999999998,0.28371025,,,custom:libsad_search_0e4f539ceca897.so,/home/rzzhang/sad_merged/sad/build/libsad_search_0e4f539ceca897.so
2026-08-23T05:02:34.348825+00:00,20260823T043020,joint:rzz-hea:24:a290470dfb30d4dc,ok,,rzz-hea,24,8,float64,42,32,2,128,2,2,0.25,rotation,rotation,9,8,compact:L3R0W0-L3R0W0-L3R0W0-L3R0W0-L3R0W0-L3R0W0-L2R0W0-L2R0W0-L2R0W0,compact:L3R0W0-L3R0W0-L3R0W0-L3R0W0-L3R0W0-L3R0W0-L3R0W0-L3R0W0,,,merged,optimized,3,3,3,155.84425099999999,155.84567733333333,155.84015300000002,155.85262799999998,0.005191802919548101,43.594987,1.7651206666666666,110.48556966666668,,,custom:libsad_search_fce412939d20fb.so,/home/rzzhang/sad_merged/sad/build/libsad_search_fce412939d20fb.so
2026-08-23T05:02:35.323514+00:00,20260823T043020,joint:rzz-hea:6:c3af2101fea0dde9,ok,,rzz-hea,6,8,float64,42,128,2,32,2,1,0.0,legacy,legacy,0,0,,,,,not_applicable,legacy-generic,20,3,20,0.268247,0.26829975,0.267044,0.269436,0.0007697065593458392,0.09594245,0.01519345,0.15716385,,,custom:libsad_search_eaf59e83158800.so,/home/rzzhang/sad_merged/sad/build/libsad_search_eaf59e83158800.so
2026-08-23T05:02:35.343900+00:00,20260823T043020,joint:rzz-hea:8:b5c9c5314b31ec27,ok,,rzz-hea,8,8,float64,42,32,2,128,2,2,0.75,rotation,rotation,6,6,compact:L2R0W0-L2R0W0-L1R0W0-L1R0W0-L1R0W0-L1R0W0,compact:L2R0W0-L2R0W0-L1R0W0-L1R0W0-L1R0W0-L1R0W0,,,split,optimized,20,3,20,0.6083565,0.6098464,0.6073210000000001,0.616261,0.002725318447447906,0.20499939999999997,0.01526345,0.38958355,,,custom:libsad_search_2a0e4369743c84.so,/home/rzzhang/sad_merged/sad/build/libsad_search_2a0e4369743c84.so
2026-08-23T05:02:35.372096+00:00,20260823T043020,joint:rzz-hea:12:5133f2c29ee4b5cd,ok,,rzz-hea,12,8,float64,42,64,2,64,2,1,1.0,rotation,rotation,12,12,compact:L1R0W0-L1R0W0-L1R0W0-L1R0W0-L1R0W0-L1R0W0-L1R0W0-L1R0W0-L1R0W0-L1R0W0-L1R0W0-L1R0W0,compact:L1R0W0-L1R0W0-L1R0W0-L1R0W0-L1R0W0-L1R0W0-L1R0W0-L1R0W0-L1R0W0-L1R0W0-L1R0W0-L1R0W0,,,split,optimized,10,3,10,1.0781345,1.0776122000000001,1.074106,1.079202,0.0013074429853726051,0.42338919999999997,0.0154612,0.6387618,,,custom:libsad_search_7ec063ebc99501.so,/home/rzzhang/sad_merged/sad/build/libsad_search_7ec063ebc99501.so
2026-08-23T05:02:35.400594+00:00,20260823T043020,joint:rzz-hea:12:1f085c06f9f39d53,ok,,rzz-hea,12,8,float64,42,128,2,32,2,1,0.0,rotation,rotation,2,2,compact:L5R1W0-L5R1W0,compact:L5R1W0-L5R1W0,,,split,optimized,10,3,10,0.485408,0.48563340000000005,0.48514399999999996,0.486336,0.00045371559373687996,0.1664329,0.0156201,0.3035804,,,custom:libsad_search_7259903b8346c4.so,/home/rzzhang/sad_merged/sad/build/libsad_search_7259903b8346c4.so
2026-08-23T05:02:35.421174+00:00,20260823T043020,joint:rzz-hea:14:d67d906a8c57801c,ok,,rzz-hea,14,8,float64,42,64,2,64,2,2,1.0,rotation,rotation,14,14,compact:L1R0W0-L1R0W0-L1R0W0-L1R0W0-L1R0W0-L1R0W0-L1R0W0-L1R0W0-L1R0W0-L1R0W0-L1R0W0-L1R0W0-L1R0W0-L1R0W0,compact:L1R0W0-L1R0W0-L1R0W0-L1R0W0-L1R0W0-L1R0W0-L1R0W0-L1R0W0-L1R0W0-L1R0W0-L1R0W0-L1R0W0-L1R0W0-L1R0W0,,,merged,optimized,10,3,10,1.3760815,1.3625828,1.293151,1.377391,0.027866794411270226,0.5579205,0.0156388,0.7890235000000001,,,custom:libsad_search_97eec9f2a848ec.so,/home/rzzhang/sad_merged/sad/build/libsad_search_97eec9f2a848ec.so
2026-08-23T05:02:35.452852+00:00,20260823T043020,joint:rzz-hea:4:3d12210d14a17185,ok,,rzz-hea,4,8,float64,42,128,2,128,2,2,0.5,rotation,rotation,2,2,compact:L2R0W0-L2R0W0,compact:L2R0W0-L2R0W0,,,split,optimized,20,3,20,0.2958195,0.29759365,0.28887999999999997,0.30412500000000003,0.003998592580833913,0.09800815,0.01522305,0.18436245,,,custom:libsad_search_d02bea87aa5c56.so,/home/rzzhang/sad_merged/sad/build/libsad_search_d02bea87aa5c56.so
2026-08-23T05:02:35.473813+00:00,20260823T043020,joint:rzz-hea:8:e598fd23aefc6f87,ok,,rzz-hea,8,8,float64,42,32,2,32,2,2,1.0,rotation,rotation,8,8,compact:L1R0W0-L1R0W0-L1R0W0-L1R0W0-L1R0W0-L1R0W0-L1R0W0-L1R0W0,compact:L1R0W0-L1R0W0-L1R0W0-L1R0W0-L1R0W0-L1R0W0-L1R0W0-L1R0W0,,,merged,optimized,20,3,20,0.6245295,0.6242853,0.621388,0.626925,0.0011743308775638904,0.2530445,0.015540700000000001,0.3557001,,,custom:libsad_search_dcff342f285260.so,/home/rzzhang/sad_merged/sad/build/libsad_search_dcff342f285260.so
2026-08-23T05:02:35.502274+00:00,20260823T043020,joint:rzz-hea:28:5a08e29c0954836d,ok,,rzz-hea,28,8,float64,42,128,2,128,2,1,0.5,rotation,rotation,16,16,compact:L2R0W0-L2R0W0-L2R0W0-L2R0W0-L2R0W0-L2R0W0-L2R0W0-L2R0W0-L2R0W0-L2R0W0-L2R0W0-L2R0W0-L1R0W0-L1R0W0-L1R0W0-L1R0W0,compact:L2R0W0-L2R0W0-L2R0W0-L2R0W0-L2R0W0-L2R0W0-L2R0W0-L2R0W0-L2R0W0-L2R0W0-L2R0W0-L2R0W0-L1R0W0-L1R0W0-L1R0W0-L1R0W0,,,split,optimized,2,3,2,4346.1201455,4346.1201455,4345.870527,4346.369764,0.24961849999999686,1325.2189345000002,82.046072,2938.8551390000002,,,custom:libsad_search_9361435758c99d.so,/home/rzzhang/sad_merged/sad/build/libsad_search_9361435758c99d.so
