timestamp_utc,run_id,candidate_key,status,error,circuit,qubits,layers,precision,random_seed,forward_threads,forward_register_bits,backward_threads,backward_register_bits,mailbox_chunks,partition_level,phase_family_forward,phase_family_backward,phase_count_forward,phase_count_backward,forward_phase_plan,backward_phase_plan,forward_pair_counts,backward_pair_counts,rzz_strategy,execution_profile,steps,warmup_steps,repetitions,median_ms,mean_ms,min_ms,max_ms,std_ms,forward_ms,hamiltonian_ms,backward_ms,energy_abs_error,gradient_max_abs_error,kernel_variant,library_path
2026-08-23T07:57:45.367668+00:00,20260823T075745,joint:xxz-hva:8:977cc9908b711c22,ok,,xxz-hva,8,8,float64,42,32,2,128,2,1,0.25,xxz-matching,xxz-matching,2,2,,,2+2,2+2,not_applicable,optimized,20,3,20,0.0350936005,0.0350936005,0.0350936005,0.0350936005,0.0,0.009907199500000002,0.0,0.025186401,,,,/home/rzzhang/sad_merged/sad/build/joint_xxz/f32r2_b128r2-m1-d6d8eb72a995
2026-08-23T07:57:47.939895+00:00,20260823T075745,joint:xxz-hva:22:246b6a218d4f03a9,ok,,xxz-hva,22,8,float64,42,32,2,128,2,2,0.5,xxz-matching,xxz-matching,8,7,,,2+2+2+1+1+1+1+1,2+2+2+2+1+1+1,not_applicable,optimized,3,3,3,4.922490716,4.922490716,4.922490716,4.922490716,0.0,1.1140693425000001,0.0,3.8084213735,,,,/home/rzzhang/sad_merged/sad/build/joint_xxz/f32r2_b128r2-m2-dc52a30a7eed
2026-08-23T07:57:50.555492+00:00,20260823T075745,joint:xxz-hva:12:c420c750b00cf808,ok,,xxz-hva,12,8,float64,42,128,2,32,2,2,0.5,xxz-matching,xxz-matching,4,4,,,2+2+1+1,2+2+1+1,not_applicable,optimized,10,3,10,0.06363199900000001,0.06363199900000001,0.06363199900000001,0.06363199900000001,0.0,0.0286719995,0.0,0.034959999500000005,,,,/home/rzzhang/sad_merged/sad/build/joint_xxz/f128r2_b32r2-m2-8400b296af60
2026-08-23T07:57:53.112374+00:00,20260823T075745,joint:xxz-hva:20:d0450c6c2b5452ae,ok,,xxz-hva,20,8,float64,42,128,2,32,2,1,1.0,xxz-matching,xxz-matching,10,10,,,1+1+1+1+1+1+1+1+1+1,1+1+1+1+1+1+1+1+1+1,not_applicable,optimized,5,3,5,1.1984863875,1.1984863875,1.1984863875,1.1984863875,0.0,0.317769587,0.0,0.8807168005,,,,/home/rzzhang/sad_merged/sad/build/joint_xxz/f128r2_b32r2-m1-a46c23c4be26
2026-08-23T07:57:55.698193+00:00,20260823T075745,joint:xxz-hva:12:7f63cacd4fac3495,ok,,xxz-hva,12,8,float64,42,128,2,32,2,1,0.0,xxz-matching,xxz-matching,2,2,,,3+3,3+3,not_applicable,optimized,10,3,10,0.046294399,0.046294399,0.046294399,0.046294399,0.0,0.0195776,0.0,0.026716799,,,,/home/rzzhang/sad_merged/sad/build/joint_xxz/f128r2_b32r2-m1-a46c23c4be26
2026-08-23T07:57:56.107450+00:00,20260823T075745,joint:xxz-hva:8:d6f7ae3922cda683,ok,,xxz-hva,8,8,float64,42,64,2,64,2,2,0.25,xxz-matching,xxz-matching,2,2,,,2+2,2+2,not_applicable,optimized,20,3,20,0.033177599,0.033177599,0.033177599,0.033177599,0.0,0.010496,0.0,0.022681599,,,,/home/rzzhang/sad_merged/sad/build/joint_xxz/f64r2_b64r2-m2-e933a4f0a9e2
2026-08-23T07:57:58.675712+00:00,20260823T075745,joint:xxz-hva:10:3e76907d2bf2b332,ok,,xxz-hva,10,8,float64,42,128,2,32,2,2,0.75,xxz-matching,xxz-matching,4,4,,,2+1+1+1,2+1+1+1,not_applicable,optimized,10,3,10,0.0551952,0.0551952,0.0551952,0.0551952,0.0,0.024939199500000002,0.0,0.030256000499999998,,,,/home/rzzhang/sad_merged/sad/build/joint_xxz/f128r2_b32r2-m2-8400b296af60
2026-08-23T07:57:59.090730+00:00,20260823T075745,joint:xxz-hva:10:f11b5a5c2efddd34,ok,,xxz-hva,10,8,float64,42,128,2,128,2,2,0.75,xxz-matching,xxz-matching,4,4,,,2+1+1+1,2+1+1+1,not_applicable,optimized,10,3,10,0.07491199949999999,0.07491199949999999,0.07491199949999999,0.07491199949999999,0.0,0.024974399,0.0,0.0499376005,,,,/home/rzzhang/sad_merged/sad/build/joint_xxz/f128r2_b128r2-m2-f42c0b5be0d7
2026-08-23T07:58:01.676244+00:00,20260823T075745,joint:xxz-hva:26:5927ee96e10dcabc,ok,,xxz-hva,26,8,float64,42,32,2,32,2,2,0.25,xxz-matching,xxz-matching,7,7,,,2+2+2+2+2+2+1,2+2+2+2+2+2+1,not_applicable,optimized,2,3,2,87.137928009,87.137928009,87.137928009,87.137928009,0.0,20.649208069,0.0,66.48871994000001,,,,/home/rzzhang/sad_merged/sad/build/joint_xxz/f32r2_b32r2-m2-1e9e397a047c
2026-08-23T07:58:05.232692+00:00,20260823T075745,joint:xxz-hva:6:b837936102954045,ok,,xxz-hva,6,8,float64,42,32,2,32,2,1,0.25,xxz-matching,xxz-matching,2,2,,,2+1,2+1,not_applicable,optimized,20,3,20,0.0198248,0.0198248,0.0198248,0.0198248,0.0,0.0073664,0.0,0.0124584,,,,/home/rzzhang/sad_merged/sad/build/joint_xxz/f32r2_b32r2-m1-13414f75e200
2026-08-23T07:58:07.808521+00:00,20260823T075745,joint:xxz-hva:22:63f5e924c3a6a7b8,ok,,xxz-hva,22,8,float64,42,128,2,128,2,1,0.75,xxz-matching,xxz-matching,9,9,,,2+2+1+1+1+1+1+1+1,2+2+1+1+1+1+1+1+1,not_applicable,optimized,3,3,3,4.973322511,4.973322511,4.973322511,4.973322511,0.0,1.1283146144999998,0.0,3.8450078965000003,,,,/home/rzzhang/sad_merged/sad/build/joint_xxz/f128r2_b128r2-m1-fae7f81cf230
2026-08-23T07:58:10.444153+00:00,20260823T075745,joint:xxz-hva:20:38a3b9cdea49da26,ok,,xxz-hva,20,8,float64,42,64,2,64,2,2,0.5,xxz-matching,xxz-matching,6,6,,,2+2+2+2+1+1,2+2+2+2+1+1,not_applicable,optimized,5,3,5,1.154892787,1.154892787,1.154892787,1.154892787,0.0,0.281900808,0.0,0.872991979,,,,/home/rzzhang/sad_merged/sad/build/joint_xxz/f64r2_b64r2-m2-e933a4f0a9e2
2026-08-23T07:58:10.880258+00:00,20260823T075745,joint:xxz-hva:8:ec0656033c7dde7f,ok,,xxz-hva,8,8,float64,42,32,2,128,2,1,1.0,xxz-matching,xxz-matching,4,4,,,1+1+1+1,1+1+1+1,not_applicable,optimized,20,3,20,0.048521599,0.048521599,0.048521599,0.048521599,0.0,0.016476801,0.0,0.032044798,,,,/home/rzzhang/sad_merged/sad/build/joint_xxz/f32r2_b128r2-m1-d6d8eb72a995
2026-08-23T07:58:11.289480+00:00,20260823T075745,joint:xxz-hva:16:f47698c617f24677,ok,,xxz-hva,16,8,float64,42,64,2,64,2,2,0.25,xxz-matching,xxz-matching,4,4,,,2+2+2+2,2+2+2+2,not_applicable,optimized,5,3,5,0.106803198,0.106803198,0.106803198,0.106803198,0.0,0.034816001,0.0,0.071987197,,,,/home/rzzhang/sad_merged/sad/build/joint_xxz/f64r2_b64r2-m2-e933a4f0a9e2
2026-08-23T07:58:11.730342+00:00,20260823T075745,joint:xxz-hva:22:3d680dad73702433,ok,,xxz-hva,22,8,float64,42,128,2,128,2,1,0.5,xxz-matching,xxz-matching,7,7,,,2+2+2+2+1+1+1,2+2+2+2+1+1+1,not_applicable,optimized,3,3,3,4.911866784,4.911866784,4.911866784,4.911866784,0.0,1.108810663,0.0,3.803056121,,,,/home/rzzhang/sad_merged/sad/build/joint_xxz/f128r2_b128r2-m1-fae7f81cf230
2026-08-23T07:58:12.210639+00:00,20260823T075745,joint:xxz-hva:20:5cf7fb23dcb66e5b,ok,,xxz-hva,20,8,float64,42,32,2,128,2,2,0.75,xxz-matching,xxz-matching,8,8,,,2+2+1+1+1+1+1+1,2+2+1+1+1+1+1+1,not_applicable,optimized,5,3,5,1.199094385,1.199094385,1.199094385,1.199094385,0.0,0.29409280449999997,0.0,0.9050015805,,,,/home/rzzhang/sad_merged/sad/build/joint_xxz/f32r2_b128r2-m2-dc52a30a7eed
2026-08-23T07:58:12.648808+00:00,20260823T075745,joint:xxz-hva:4:1e7fdcbf942e558e,ok,,xxz-hva,4,8,float64,42,64,2,64,2,2,1.0,xxz-matching,xxz-matching,2,2,,,1+1,1+1,not_applicable,optimized,20,3,20,0.0149495995,0.0149495995,0.0149495995,0.0149495995,0.0,0.0057344,0.0,0.0092151995,,,,/home/rzzhang/sad_merged/sad/build/joint_xxz/f64r2_b64r2-m2-e933a4f0a9e2
2026-08-23T07:58:13.105946+00:00,20260823T075745,joint:xxz-hva:12:fb05e2a5674382fb,ok,,xxz-hva,12,8,float64,42,32,2,128,2,2,0.5,xxz-matching,xxz-matching,4,4,,,2+2+1+1,2+2+1+1,not_applicable,optimized,10,3,10,0.07990079850000001,0.07990079850000001,0.07990079850000001,0.07990079850000001,0.0,0.0211279995,0.0,0.058772799,,,,/home/rzzhang/sad_merged/sad/build/joint_xxz/f32r2_b128r2-m2-dc52a30a7eed
2026-08-23T07:58:13.516417+00:00,20260823T075745,joint:xxz-hva:16:d6d49f4e337bd612,ok,,xxz-hva,16,8,float64,42,128,2,128,2,1,0.5,xxz-matching,xxz-matching,5,5,,,2+2+2+1+1,2+2+2+1+1,not_applicable,optimized,5,3,5,0.1271968,0.1271968,0.1271968,0.1271968,0.0,0.0430272,0.0,0.08416960000000001,,,,/home/rzzhang/sad_merged/sad/build/joint_xxz/f128r2_b128r2-m1-fae7f81cf230
2026-08-23T07:58:13.935200+00:00,20260823T075745,joint:xxz-hva:4:647417de2549d2ad,ok,,xxz-hva,4,8,float64,42,128,2,128,2,2,0.25,xxz-matching,xxz-matching,1,1,,,2,2,not_applicable,optimized,20,3,20,0.0115608,0.0115608,0.0115608,0.0115608,0.0,0.0036528,0.0,0.007908,,,,/home/rzzhang/sad_merged/sad/build/joint_xxz/f128r2_b128r2-m2-f42c0b5be0d7
2026-08-23T07:58:14.389238+00:00,20260823T075745,joint:xxz-hva:26:cead4b5eaf4e7855,ok,,xxz-hva,26,8,float64,42,128,2,32,2,2,0.5,xxz-matching,xxz-matching,8,9,,,2+2+2+2+2+1+1+1,2+2+2+2+1+1+1+1+1,not_applicable,optimized,2,3,2,88.41213130950001,88.41213130950001,88.41213130950001,88.41213130950001,0.0,22.287856102,0.0,66.1242752075,,,,/home/rzzhang/sad_merged/sad/build/joint_xxz/f128r2_b32r2-m2-8400b296af60
2026-08-23T07:58:15.821953+00:00,20260823T075745,joint:xxz-hva:16:ba3c301c64be318e,ok,,xxz-hva,16,8,float64,42,32,2,32,2,1,0.75,xxz-matching,xxz-matching,7,7,,,2+1+1+1+1+1+1,2+1+1+1+1+1+1,not_applicable,optimized,5,3,5,0.1317888015,0.1317888015,0.1317888015,0.1317888015,0.0,0.0474944005,0.0,0.08429440099999999,,,,/home/rzzhang/sad_merged/sad/build/joint_xxz/f32r2_b32r2-m1-13414f75e200
2026-08-23T07:58:16.234875+00:00,20260823T075745,joint:xxz-hva:16:ee2b3e14d54c316e,ok,,xxz-hva,16,8,float64,42,32,2,128,2,2,0.5,xxz-matching,xxz-matching,6,5,,,2+2+1+1+1+1,2+2+2+1+1,not_applicable,optimized,5,3,5,0.128096001,0.128096001,0.128096001,0.128096001,0.0,0.0438304,0.0,0.084265601,,,,/home/rzzhang/sad_merged/sad/build/joint_xxz/f32r2_b128r2-m2-dc52a30a7eed
2026-08-23T07:58:16.644554+00:00,20260823T075745,joint:xxz-hva:8:138b9e31391e4a88,ok,,xxz-hva,8,8,float64,42,32,2,32,2,1,0.75,xxz-matching,xxz-matching,4,4,,,1+1+1+1,1+1+1+1,not_applicable,optimized,20,3,20,0.0421200005,0.0421200005,0.0421200005,0.0421200005,0.0,0.016476801,0.0,0.025643199499999998,,,,/home/rzzhang/sad_merged/sad/build/joint_xxz/f32r2_b32r2-m1-13414f75e200
2026-08-23T07:58:17.052273+00:00,20260823T075745,joint:xxz-hva:24:7de91ce2ab65509e,ok,,xxz-hva,24,8,float64,42,32,2,32,2,2,0.25,xxz-matching,xxz-matching,6,6,,,2+2+2+2+2+2,2+2+2+2+2+2,not_applicable,optimized,3,3,3,20.329263448,20.329263448,20.329263448,20.329263448,0.0,4.63460803,0.0,15.694655418,,,,/home/rzzhang/sad_merged/sad/build/joint_xxz/f32r2_b32r2-m2-1e9e397a047c
2026-08-23T07:58:17.721737+00:00,20260823T075745,joint:xxz-hva:4:d686e735a5652280,ok,,xxz-hva,4,8,float64,42,32,2,32,2,1,0.25,xxz-matching,xxz-matching,1,1,,,2,2,not_applicable,optimized,20,3,20,0.0095744,0.0095744,0.0095744,0.0095744,0.0,0.0033792,0.0,0.0061952,,,,/home/rzzhang/sad_merged/sad/build/joint_xxz/f32r2_b32r2-m1-13414f75e200
2026-08-23T07:58:18.149910+00:00,20260823T075745,joint:xxz-hva:24:e19c6caecd2b4749,ok,,xxz-hva,24,8,float64,42,32,2,32,2,1,0.75,xxz-matching,xxz-matching,10,10,,,2+2+1+1+1+1+1+1+1+1,2+2+1+1+1+1+1+1+1+1,not_applicable,optimized,3,3,3,22.005658865,22.005658865,22.005658865,22.005658865,0.0,6.2368695735,0.0,15.7687892915,,,,/home/rzzhang/sad_merged/sad/build/joint_xxz/f32r2_b32r2-m1-13414f75e200
2026-08-23T07:58:18.853411+00:00,20260823T075745,joint:xxz-hva:10:a0febe698fbd2825,ok,,xxz-hva,10,8,float64,42,64,2,64,2,1,0.25,xxz-matching,xxz-matching,3,3,,,2+2+1,2+2+1,not_applicable,optimized,10,3,10,0.047305599999999996,0.047305599999999996,0.047305599999999996,0.047305599999999996,0.0,0.0159663995,0.0,0.0313392005,,,,/home/rzzhang/sad_merged/sad/build/joint_xxz/f64r2_b64r2-m1-b00ee0bf62ea
2026-08-23T07:58:21.412775+00:00,20260823T075745,joint:xxz-hva:16:5da2c4d47e32ac0e,ok,,xxz-hva,16,8,float64,42,64,2,64,2,2,1.0,xxz-matching,xxz-matching,8,8,,,1+1+1+1+1+1+1+1,1+1+1+1+1+1+1+1,not_applicable,optimized,5,3,5,0.148595199,0.148595199,0.148595199,0.148595199,0.0,0.0549632015,0.0,0.09363199750000001,,,,/home/rzzhang/sad_merged/sad/build/joint_xxz/f64r2_b64r2-m2-e933a4f0a9e2
2026-08-23T07:58:21.840791+00:00,20260823T075745,joint:xxz-hva:16:9011a070029fe926,ok,,xxz-hva,16,8,float64,42,128,2,32,2,2,1.0,xxz-matching,xxz-matching,8,8,,,1+1+1+1+1+1+1+1,1+1+1+1+1+1+1+1,not_applicable,optimized,5,3,5,0.1491904035,0.1491904035,0.1491904035,0.1491904035,0.0,0.059798401,0.0,0.0893920025,,,,/home/rzzhang/sad_merged/sad/build/joint_xxz/f128r2_b32r2-m2-8400b296af60
2026-08-23T07:58:22.265612+00:00,20260823T075745,joint:xxz-hva:4:1c3d57ddf5042ac2,ok,,xxz-hva,4,8,float64,42,64,2,64,2,1,0.25,xxz-matching,xxz-matching,1,1,,,2,2,not_applicable,optimized,20,3,20,0.0101376,0.0101376,0.0101376,0.0101376,0.0,0.0033792,0.0,0.0067584,,,,/home/rzzhang/sad_merged/sad/build/joint_xxz/f64r2_b64r2-m1-b00ee0bf62ea
2026-08-23T07:58:22.683289+00:00,20260823T075745,joint:xxz-hva:4:b0e3327aeca780d4,ok,,xxz-hva,4,8,float64,42,64,2,64,2,1,0.5,xxz-matching,xxz-matching,2,2,,,1+1,1+1,not_applicable,optimized,20,3,20,0.014939999499999999,0.014939999499999999,0.014939999499999999,0.014939999499999999,0.0,0.0057344,0.0,0.0092055995,,,,/home/rzzhang/sad_merged/sad/build/joint_xxz/f64r2_b64r2-m1-b00ee0bf62ea
2026-08-23T07:58:23.096276+00:00,20260823T075745,joint:xxz-hva:10:f2773d59498a3989,ok,,xxz-hva,10,8,float64,42,32,2,128,2,1,0.5,xxz-matching,xxz-matching,4,4,,,2+1+1+1,2+1+1+1,not_applicable,optimized,10,3,10,0.0685872005,0.0685872005,0.0685872005,0.0685872005,0.0,0.0186800005,0.0,0.0499072,,,,/home/rzzhang/sad_merged/sad/build/joint_xxz/f32r2_b128r2-m1-d6d8eb72a995
2026-08-23T07:58:23.511685+00:00,20260823T075745,joint:xxz-hva:4:f7980316d19bdc65,ok,,xxz-hva,4,8,float64,42,32,2,32,2,1,1.0,xxz-matching,xxz-matching,2,2,,,1+1,1+1,not_applicable,optimized,20,3,20,0.014592001,0.014592001,0.014592001,0.014592001,0.0,0.0058368,0.0,0.008755201,,,,/home/rzzhang/sad_merged/sad/build/joint_xxz/f32r2_b32r2-m1-13414f75e200
2026-08-23T07:58:23.924297+00:00,20260823T075745,joint:xxz-hva:18:937f7371b4e1a619,ok,,xxz-hva,18,8,float64,42,32,2,32,2,1,1.0,xxz-matching,xxz-matching,9,9,,,1+1+1+1+1+1+1+1+1,1+1+1+1+1+1+1+1+1,not_applicable,optimized,5,3,5,0.3484864015,0.3484864015,0.3484864015,0.3484864015,0.0,0.108646408,0.0,0.23983999350000001,,,,/home/rzzhang/sad_merged/sad/build/joint_xxz/f32r2_b32r2-m1-13414f75e200
2026-08-23T07:58:24.346491+00:00,20260823T075745,joint:xxz-hva:24:997642744c5a976c,ok,,xxz-hva,24,8,float64,42,128,2,128,2,1,0.75,xxz-matching,xxz-matching,10,10,,,2+2+1+1+1+1+1+1+1+1,2+2+1+1+1+1+1+1+1+1,not_applicable,optimized,3,3,3,22.532053470999998,22.532053470999998,22.532053470999998,22.532053470999998,0.0,6.272655964,0.0,16.259397507,,,,/home/rzzhang/sad_merged/sad/build/joint_xxz/f128r2_b128r2-m1-fae7f81cf230
2026-08-23T07:58:25.062362+00:00,20260823T075745,joint:xxz-hva:20:2f7f9309e886be7f,ok,,xxz-hva,20,8,float64,42,32,2,32,2,2,0.75,xxz-matching,xxz-matching,8,8,,,2+2+1+1+1+1+1+1,2+2+1+1+1+1+1+1,not_applicable,optimized,5,3,5,1.1614207925,1.1614207925,1.1614207925,1.1614207925,0.0,0.293811202,0.0,0.8676095905000001,,,,/home/rzzhang/sad_merged/sad/build/joint_xxz/f32r2_b32r2-m2-1e9e397a047c
2026-08-23T07:58:25.509430+00:00,20260823T075745,joint:xxz-hva:24:18bcf84e0d15cd50,ok,,xxz-hva,24,8,float64,42,64,2,64,2,2,0.5,xxz-matching,xxz-matching,8,8,,,2+2+2+2+1+1+1+1,2+2+2+2+1+1+1+1,not_applicable,optimized,3,3,3,21.436010838,21.436010838,21.436010838,21.436010838,0.0,5.4502401355,0.0,15.9857707025,,,,/home/rzzhang/sad_merged/sad/build/joint_xxz/f64r2_b64r2-m2-e933a4f0a9e2
2026-08-23T07:58:26.202222+00:00,20260823T075745,joint:xxz-hva:22:6fb4334d627523b9,ok,,xxz-hva,22,8,float64,42,128,2,32,2,2,0.25,xxz-matching,xxz-matching,5,6,,,3+2+2+2+2,2+2+2+2+2+1,not_applicable,optimized,3,3,3,4.742613435,4.742613435,4.742613435,4.742613435,0.0,1.088853359,0.0,3.653760076,,,,/home/rzzhang/sad_merged/sad/build/joint_xxz/f128r2_b32r2-m2-8400b296af60
2026-08-23T07:58:26.699944+00:00,20260823T075745,joint:xxz-hva:22:8be02fa19f362c04,ok,,xxz-hva,22,8,float64,42,64,2,64,2,2,0.0,xxz-matching,xxz-matching,3,3,,,4+4+3,4+4+3,not_applicable,optimized,3,3,3,4.7668426635,4.7668426635,4.7668426635,4.7668426635,0.0,1.0705493095,0.0,3.696293354,,,,/home/rzzhang/sad_merged/sad/build/joint_xxz/f64r2_b64r2-m2-e933a4f0a9e2
2026-08-23T07:58:27.186412+00:00,20260823T075745,joint:xxz-hva:22:37a74c56db6b16f4,ok,,xxz-hva,22,8,float64,42,32,2,128,2,1,0.75,xxz-matching,xxz-matching,9,9,,,2+2+1+1+1+1+1+1+1,2+2+1+1+1+1+1+1+1,not_applicable,optimized,3,3,3,4.9622613795,4.9622613795,4.9622613795,4.9622613795,0.0,1.1194027069999999,0.0,3.8428586725000002,,,,/home/rzzhang/sad_merged/sad/build/joint_xxz/f32r2_b128r2-m1-d6d8eb72a995
2026-08-23T07:58:27.682361+00:00,20260823T075745,joint:xxz-hva:22:29c8276a775207a8,ok,,xxz-hva,22,8,float64,42,64,2,64,2,2,0.5,xxz-matching,xxz-matching,7,7,,,2+2+2+2+1+1+1,2+2+2+2+1+1+1,not_applicable,optimized,3,3,3,4.844698608,4.844698608,4.844698608,4.844698608,0.0,1.101311982,0.0,3.743386626,,,,/home/rzzhang/sad_merged/sad/build/joint_xxz/f64r2_b64r2-m2-e933a4f0a9e2
2026-08-23T07:58:28.171724+00:00,20260823T075745,joint:xxz-hva:6:bc8a460e0ffa901e,ok,,xxz-hva,6,8,float64,42,64,2,64,2,1,0.25,xxz-matching,xxz-matching,2,2,,,2+1,2+1,not_applicable,optimized,20,3,20,0.0203736,0.0203736,0.0203736,0.0203736,0.0,0.0072024,0.0,0.0131712,,,,/home/rzzhang/sad_merged/sad/build/joint_xxz/f64r2_b64r2-m1-b00ee0bf62ea
2026-08-23T07:58:28.594950+00:00,20260823T075745,joint:xxz-hva:12:a21ce033be1fc770,ok,,xxz-hva,12,8,float64,42,64,2,64,2,2,0.25,xxz-matching,xxz-matching,3,3,,,2+2+2,2+2+2,not_applicable,optimized,10,3,10,0.0550224005,0.0550224005,0.0550224005,0.0550224005,0.0,0.0183744005,0.0,0.036648,,,,/home/rzzhang/sad_merged/sad/build/joint_xxz/f64r2_b64r2-m2-e933a4f0a9e2
2026-08-23T07:58:29.018165+00:00,20260823T075745,joint:xxz-hva:20:c7bf9b2ad80117b4,ok,,xxz-hva,20,8,float64,42,32,2,128,2,2,1.0,xxz-matching,xxz-matching,10,10,,,1+1+1+1+1+1+1+1+1+1,1+1+1+1+1+1+1+1+1+1,not_applicable,optimized,5,3,5,1.228998393,1.228998393,1.228998393,1.228998393,0.0,0.3085983995,0.0,0.9203999935,,,,/home/rzzhang/sad_merged/sad/build/joint_xxz/f32r2_b128r2-m2-dc52a30a7eed
2026-08-23T07:58:29.464125+00:00,20260823T075745,joint:xxz-hva:22:9f5f5071c644cd83,ok,,xxz-hva,22,8,float64,42,128,2,32,2,1,1.0,xxz-matching,xxz-matching,11,11,,,1+1+1+1+1+1+1+1+1+1+1,1+1+1+1+1+1+1+1+1+1+1,not_applicable,optimized,3,3,3,4.8953865765,4.8953865765,4.8953865765,4.8953865765,0.0,1.1483466625,0.0,3.747039914,,,,/home/rzzhang/sad_merged/sad/build/joint_xxz/f128r2_b32r2-m1-a46c23c4be26
2026-08-23T07:58:29.993167+00:00,20260823T075745,joint:xxz-hva:6:3f671b08afb80af0,ok,,xxz-hva,6,8,float64,42,128,2,128,2,1,0.0,xxz-matching,xxz-matching,1,1,,,3,3,not_applicable,optimized,20,3,20,0.0170856,0.0170856,0.0170856,0.0170856,0.0,0.0049144,0.0,0.0121712,,,,/home/rzzhang/sad_merged/sad/build/joint_xxz/f128r2_b128r2-m1-fae7f81cf230
2026-08-23T07:58:30.415686+00:00,20260823T075745,joint:xxz-hva:4:f45f5d6f2567cdb0,ok,,xxz-hva,4,8,float64,42,32,2,128,2,2,0.25,xxz-matching,xxz-matching,1,1,,,2,2,not_applicable,optimized,20,3,20,0.0113000005,0.0113000005,0.0113000005,0.0113000005,0.0,0.003376,0.0,0.0079240005,,,,/home/rzzhang/sad_merged/sad/build/joint_xxz/f32r2_b128r2-m2-dc52a30a7eed
2026-08-23T07:58:30.846017+00:00,20260823T075745,joint:xxz-hva:10:037df4c1d570a1af,ok,,xxz-hva,10,8,float64,42,128,2,128,2,1,0.25,xxz-matching,xxz-matching,3,3,,,2+2+1,2+2+1,not_applicable,optimized,10,3,10,0.0669887995,0.0669887995,0.0669887995,0.0669887995,0.0,0.0210159995,0.0,0.0459728,,,,/home/rzzhang/sad_merged/sad/build/joint_xxz/f128r2_b128r2-m1-fae7f81cf230
2026-08-23T07:58:31.293300+00:00,20260823T075745,joint:xxz-hva:8:b0a73560bd24e397,ok,,xxz-hva,8,8,float64,42,32,2,128,2,1,0.75,xxz-matching,xxz-matching,4,3,,,1+1+1+1,2+1+1,not_applicable,optimized,20,3,20,0.0450280005,0.0450280005,0.0450280005,0.0450280005,0.0,0.016484000999999998,0.0,0.0285439995,,,,/home/rzzhang/sad_merged/sad/build/joint_xxz/f32r2_b128r2-m1-d6d8eb72a995
2026-08-23T07:58:31.718751+00:00,20260823T075745,joint:xxz-hva:6:a3aac34c38a019f7,ok,,xxz-hva,6,8,float64,42,64,2,64,2,2,1.0,xxz-matching,xxz-matching,3,3,,,1+1+1,1+1+1,not_applicable,optimized,20,3,20,0.025819999500000003,0.025819999500000003,0.025819999500000003,0.025819999500000003,0.0,0.009931199500000001,0.0,0.0158888,,,,/home/rzzhang/sad_merged/sad/build/joint_xxz/f64r2_b64r2-m2-e933a4f0a9e2
2026-08-23T07:58:32.134722+00:00,20260823T075745,joint:xxz-hva:22:34473df0dca94e8d,ok,,xxz-hva,22,8,float64,42,64,2,64,2,2,0.75,xxz-matching,xxz-matching,9,9,,,2+2+1+1+1+1+1+1+1,2+2+1+1+1+1+1+1+1,not_applicable,optimized,3,3,3,4.907594561,4.907594561,4.907594561,4.907594561,0.0,1.1178079840000001,0.0,3.789786577,,,,/home/rzzhang/sad_merged/sad/build/joint_xxz/f64r2_b64r2-m2-e933a4f0a9e2
2026-08-23T07:58:32.624187+00:00,20260823T075745,joint:xxz-hva:20:ead196297b6bb849,ok,,xxz-hva,20,8,float64,42,128,2,32,2,1,0.0,xxz-matching,xxz-matching,3,4,,,4+3+3,3+3+2+2,not_applicable,optimized,5,3,5,1.1128831505,1.1128831505,1.1128831505,1.1128831505,0.0,0.2654207945,0.0,0.8474623560000001,,,,/home/rzzhang/sad_merged/sad/build/joint_xxz/f128r2_b32r2-m1-a46c23c4be26
2026-08-23T07:58:33.086416+00:00,20260823T075745,joint:xxz-hva:12:9b0a5d4a0c4de730,ok,,xxz-hva,12,8,float64,42,64,2,64,2,2,0.5,xxz-matching,xxz-matching,4,4,,,2+2+1+1,2+2+1+1,not_applicable,optimized,10,3,10,0.0631151995,0.0631151995,0.0631151995,0.0631151995,0.0,0.0222671995,0.0,0.040847999999999995,,,,/home/rzzhang/sad_merged/sad/build/joint_xxz/f64r2_b64r2-m2-e933a4f0a9e2
2026-08-23T07:58:33.510865+00:00,20260823T075745,joint:xxz-hva:18:f367f6ffebd8554b,ok,,xxz-hva,18,8,float64,42,32,2,128,2,1,0.5,xxz-matching,xxz-matching,6,6,,,2+2+2+1+1+1,2+2+2+1+1+1,not_applicable,optimized,5,3,5,0.327913586,0.327913586,0.327913586,0.327913586,0.0,0.0911743975,0.0,0.23673918849999998,,,,/home/rzzhang/sad_merged/sad/build/joint_xxz/f32r2_b128r2-m1-d6d8eb72a995
2026-08-23T07:58:33.929601+00:00,20260823T075745,joint:xxz-hva:20:a94fdcea36bc248b,ok,,xxz-hva,20,8,float64,42,128,2,128,2,1,0.5,xxz-matching,xxz-matching,6,6,,,2+2+2+2+1+1,2+2+2+2+1+1,not_applicable,optimized,5,3,5,1.1786207855000002,1.1786207855000002,1.1786207855000002,1.1786207855000002,0.0,0.28815040000000003,0.0,0.8904703855,,,,/home/rzzhang/sad_merged/sad/build/joint_xxz/f128r2_b128r2-m1-fae7f81cf230
2026-08-23T07:58:34.366854+00:00,20260823T075745,joint:xxz-hva:16:ed73b2fb2176a2e5,ok,,xxz-hva,16,8,float64,42,128,2,32,2,1,0.75,xxz-matching,xxz-matching,6,7,,,2+2+1+1+1+1,2+1+1+1+1+1+1,not_applicable,optimized,5,3,5,0.1331039965,0.1331039965,0.1331039965,0.1331039965,0.0,0.048735999,0.0,0.0843679975,,,,/home/rzzhang/sad_merged/sad/build/joint_xxz/f128r2_b32r2-m1-a46c23c4be26
2026-08-23T07:58:34.785127+00:00,20260823T075745,joint:xxz-hva:28:42d2a0b5f86b5385,ok,,xxz-hva,28,8,float64,42,32,2,128,2,2,0.25,xxz-matching,xxz-matching,7,6,,,2+2+2+2+2+2+2,3+3+2+2+2+2,not_applicable,optimized,2,3,2,361.47785186749996,361.47785186749996,361.47785186749996,361.47785186749996,0.0,81.23310089099999,0.0,280.2447509765,,,,/home/rzzhang/sad_merged/sad/build/joint_xxz/f32r2_b128r2-m2-dc52a30a7eed
2026-08-23T07:58:39.275460+00:00,20260823T075745,joint:xxz-hva:10:5e8a89863f5fb757,ok,,xxz-hva,10,8,float64,42,128,2,32,2,2,0.25,xxz-matching,xxz-matching,3,3,,,2+2+1,2+2+1,not_applicable,optimized,10,3,10,0.047143999500000006,0.047143999500000006,0.047143999500000006,0.047143999500000006,0.0,0.020776,0.0,0.026367999500000003,,,,/home/rzzhang/sad_merged/sad/build/joint_xxz/f128r2_b32r2-m2-8400b296af60
2026-08-23T07:58:39.696950+00:00,20260823T075745,joint:xxz-hva:28:10892fac87cd0e82,ok,,xxz-hva,28,8,float64,42,128,2,128,2,1,0.5,xxz-matching,xxz-matching,9,9,,,2+2+2+2+2+1+1+1+1,2+2+2+2+2+1+1+1+1,not_applicable,optimized,2,3,2,376.48251724249997,376.48251724249997,376.48251724249997,376.48251724249997,0.0,95.69437027,0.0,280.7881469725,,,,/home/rzzhang/sad_merged/sad/build/joint_xxz/f128r2_b128r2-m1-fae7f81cf230
2026-08-23T07:58:44.325698+00:00,20260823T075745,joint:xxz-hva:24:2e8399fcc809db3a,ok,,xxz-hva,24,8,float64,42,128,2,128,2,2,0.75,xxz-matching,xxz-matching,10,10,,,2+2+1+1+1+1+1+1+1+1,2+2+1+1+1+1+1+1+1+1,not_applicable,optimized,3,3,3,22.491413832,22.491413832,22.491413832,22.491413832,0.0,6.219648123000001,0.0,16.271765709,,,,/home/rzzhang/sad_merged/sad/build/joint_xxz/f128r2_b128r2-m2-f42c0b5be0d7
2026-08-23T07:58:45.066963+00:00,20260823T075745,joint:xxz-hva:12:c0ecf81e78a9d4cb,ok,,xxz-hva,12,8,float64,42,32,2,32,2,2,1.0,xxz-matching,xxz-matching,6,6,,,1+1+1+1+1+1,1+1+1+1+1+1,not_applicable,optimized,10,3,10,0.0721232,0.0721232,0.0721232,0.0721232,0.0,0.0291328005,0.0,0.0429903995,,,,/home/rzzhang/sad_merged/sad/build/joint_xxz/f32r2_b32r2-m2-1e9e397a047c
2026-08-23T07:58:45.527167+00:00,20260823T075745,joint:xxz-hva:6:b5518fbf6b2c1d9c,ok,,xxz-hva,6,8,float64,42,32,2,128,2,2,0.75,xxz-matching,xxz-matching,2,2,,,2+1,2+1,not_applicable,optimized,20,3,20,0.0222848,0.0222848,0.0222848,0.0222848,0.0,0.0073352,0.0,0.0149496,,,,/home/rzzhang/sad_merged/sad/build/joint_xxz/f32r2_b128r2-m2-dc52a30a7eed
2026-08-23T07:58:45.962920+00:00,20260823T075745,joint:xxz-hva:14:bfaa78663080d25c,ok,,xxz-hva,14,8,float64,42,128,2,32,2,2,0.75,xxz-matching,xxz-matching,6,6,,,2+1+1+1+1+1,2+1+1+1+1+1,not_applicable,optimized,10,3,10,0.091412799,0.091412799,0.091412799,0.091412799,0.0,0.0425808,0.0,0.048831999,,,,/home/rzzhang/sad_merged/sad/build/joint_xxz/f128r2_b32r2-m2-8400b296af60
2026-08-23T07:58:46.433731+00:00,20260823T075745,joint:xxz-hva:8:b6fb8b0d73d4fae7,ok,,xxz-hva,8,8,float64,42,64,2,64,2,2,1.0,xxz-matching,xxz-matching,4,4,,,1+1+1+1,1+1+1+1,not_applicable,optimized,20,3,20,0.045930399,0.045930399,0.045930399,0.045930399,0.0,0.0166456,0.0,0.029284799,,,,/home/rzzhang/sad_merged/sad/build/joint_xxz/f64r2_b64r2-m2-e933a4f0a9e2
2026-08-23T07:58:46.864439+00:00,20260823T075745,joint:xxz-hva:16:1bda1a1c8fdefddc,ok,,xxz-hva,16,8,float64,42,32,2,128,2,1,0.75,xxz-matching,xxz-matching,7,6,,,2+1+1+1+1+1+1,2+2+1+1+1+1,not_applicable,optimized,5,3,5,0.138633598,0.138633598,0.138633598,0.138633598,0.0,0.048742399,0.0,0.089891199,,,,/home/rzzhang/sad_merged/sad/build/joint_xxz/f32r2_b128r2-m1-d6d8eb72a995
2026-08-23T07:58:47.282588+00:00,20260823T075745,joint:xxz-hva:6:e66c92082da141e3,ok,,xxz-hva,6,8,float64,42,128,2,128,2,1,0.25,xxz-matching,xxz-matching,2,2,,,2+1,2+1,not_applicable,optimized,20,3,20,0.0228432005,0.0228432005,0.0228432005,0.0228432005,0.0,0.0078992005,0.0,0.014943999999999999,,,,/home/rzzhang/sad_merged/sad/build/joint_xxz/f128r2_b128r2-m1-fae7f81cf230
2026-08-23T07:58:47.695134+00:00,20260823T075745,joint:xxz-hva:14:68f6f03f2f6a4dd1,ok,,xxz-hva,14,8,float64,42,32,2,32,2,1,0.5,xxz-matching,xxz-matching,5,5,,,2+2+1+1+1,2+2+1+1+1,not_applicable,optimized,10,3,10,0.072390401,0.072390401,0.072390401,0.072390401,0.0,0.028051199,0.0,0.044339202,,,,/home/rzzhang/sad_merged/sad/build/joint_xxz/f32r2_b32r2-m1-13414f75e200
2026-08-23T07:58:48.117035+00:00,20260823T075745,joint:xxz-hva:26:3cc7d51bcbfaa30f,ok,,xxz-hva,26,8,float64,42,128,2,128,2,1,0.75,xxz-matching,xxz-matching,11,11,,,2+2+1+1+1+1+1+1+1+1+1,2+2+1+1+1+1+1+1+1+1+1,not_applicable,optimized,2,3,2,95.511462212,95.511462212,95.511462212,95.511462212,0.0,27.1902723315,0.0,68.3211898805,,,,/home/rzzhang/sad_merged/sad/build/joint_xxz/f128r2_b128r2-m1-fae7f81cf230
2026-08-23T07:58:49.615441+00:00,20260823T075745,joint:xxz-hva:4:0e79d6fe9a2dbbea,ok,,xxz-hva,4,8,float64,42,64,2,64,2,2,0.5,xxz-matching,xxz-matching,2,2,,,1+1,1+1,not_applicable,optimized,20,3,20,0.0148424,0.0148424,0.0148424,0.0148424,0.0,0.0056264,0.0,0.009216,,,,/home/rzzhang/sad_merged/sad/build/joint_xxz/f64r2_b64r2-m2-e933a4f0a9e2
2026-08-23T07:58:50.076116+00:00,20260823T075745,joint:xxz-hva:28:f79803214dbe6097,ok,,xxz-hva,28,8,float64,42,64,2,64,2,2,0.0,xxz-matching,xxz-matching,4,4,,,4+4+3+3,4+4+3+3,not_applicable,optimized,2,3,2,360.8368034365,360.8368034365,360.8368034365,360.8368034365,0.0,82.7275505065,0.0,278.10925293,,,,/home/rzzhang/sad_merged/sad/build/joint_xxz/f64r2_b64r2-m2-e933a4f0a9e2
2026-08-23T07:58:54.506414+00:00,20260823T075745,joint:xxz-hva:10:236ec0bdefc8fc89,ok,,xxz-hva,10,8,float64,42,128,2,32,2,1,0.25,xxz-matching,xxz-matching,3,3,,,2+2+1,2+2+1,not_applicable,optimized,10,3,10,0.0463024005,0.0463024005,0.0463024005,0.0463024005,0.0,0.019695999999999998,0.0,0.026606400500000002,,,,/home/rzzhang/sad_merged/sad/build/joint_xxz/f128r2_b32r2-m1-a46c23c4be26
2026-08-23T07:58:54.984619+00:00,20260823T075745,joint:xxz-hva:18:be2fe63b8a49c0fa,ok,,xxz-hva,18,8,float64,42,32,2,128,2,1,0.0,xxz-matching,xxz-matching,3,3,,,3+3+3,3+3+3,not_applicable,optimized,5,3,5,0.29797759300000004,0.29797759300000004,0.29797759300000004,0.29797759300000004,0.0,0.0757695995,0.0,0.2222079935,,,,/home/rzzhang/sad_merged/sad/build/joint_xxz/f32r2_b128r2-m1-d6d8eb72a995
2026-08-23T07:58:55.416894+00:00,20260823T075745,joint:xxz-hva:14:7a755a651e0faa8f,ok,,xxz-hva,14,8,float64,42,128,2,32,2,1,0.5,xxz-matching,xxz-matching,4,5,,,2+2+2+1,2+2+1+1+1,not_applicable,optimized,10,3,10,0.076948797,0.076948797,0.076948797,0.076948797,0.0,0.0325839985,0.0,0.0443647985,,,,/home/rzzhang/sad_merged/sad/build/joint_xxz/f128r2_b32r2-m1-a46c23c4be26
2026-08-23T07:58:55.834313+00:00,20260823T075745,joint:xxz-hva:14:07e06e26fca6f59a,ok,,xxz-hva,14,8,float64,42,64,2,64,2,1,1.0,xxz-matching,xxz-matching,7,7,,,1+1+1+1+1+1+1,1+1+1+1+1+1+1,not_applicable,optimized,10,3,10,0.09909280200000001,0.09909280200000001,0.09909280200000001,0.09909280200000001,0.0,0.0384400005,0.0,0.0606528015,,,,/home/rzzhang/sad_merged/sad/build/joint_xxz/f64r2_b64r2-m1-b00ee0bf62ea
2026-08-23T07:58:56.263719+00:00,20260823T075745,joint:xxz-hva:18:818ab214a614442e,ok,,xxz-hva,18,8,float64,42,32,2,128,2,2,0.25,xxz-matching,xxz-matching,4,4,,,3+2+2+2,3+2+2+2,not_applicable,optimized,5,3,5,0.302899197,0.302899197,0.302899197,0.302899197,0.0,0.079360001,0.0,0.223539196,,,,/home/rzzhang/sad_merged/sad/build/joint_xxz/f32r2_b128r2-m2-dc52a30a7eed
2026-08-23T07:58:56.685936+00:00,20260823T075745,joint:xxz-hva:26:89b6b648d6c309b1,ok,,xxz-hva,26,8,float64,42,32,2,128,2,2,0.25,xxz-matching,xxz-matching,7,6,,,2+2+2+2+2+2+1,3+2+2+2+2+2,not_applicable,optimized,2,3,2,88.87394905149999,88.87394905149999,88.87394905149999,88.87394905149999,0.0,20.661935806499997,0.0,68.212013245,,,,/home/rzzhang/sad_merged/sad/build/joint_xxz/f32r2_b128r2-m2-dc52a30a7eed
2026-08-23T07:58:58.211103+00:00,20260823T075745,joint:xxz-hva:4:610968f0d35eb083,ok,,xxz-hva,4,8,float64,42,64,2,64,2,2,0.25,xxz-matching,xxz-matching,1,1,,,2,2,not_applicable,optimized,20,3,20,0.0100096,0.0100096,0.0100096,0.0100096,0.0,0.0032512,0.0,0.0067584,,,,/home/rzzhang/sad_merged/sad/build/joint_xxz/f64r2_b64r2-m2-e933a4f0a9e2
2026-08-23T07:58:58.632440+00:00,20260823T075745,joint:xxz-hva:8:ac767e89424b7e28,ok,,xxz-hva,8,8,float64,42,32,2,128,2,2,0.0,xxz-matching,xxz-matching,2,1,,,2+2,4,not_applicable,optimized,20,3,20,0.031379199,0.031379199,0.031379199,0.031379199,0.0,0.0099264,0.0,0.021452799,,,,/home/rzzhang/sad_merged/sad/build/joint_xxz/f32r2_b128r2-m2-dc52a30a7eed
2026-08-23T07:58:59.060786+00:00,20260823T075745,joint:xxz-hva:16:4884bd5c5642adf5,ok,,xxz-hva,16,8,float64,42,128,2,32,2,2,0.0,xxz-matching,xxz-matching,2,3,,,4+4,3+3+2,not_applicable,optimized,5,3,5,0.0927679955,0.0927679955,0.0927679955,0.0927679955,0.0,0.026524798000000002,0.0,0.0662431975,,,,/home/rzzhang/sad_merged/sad/build/joint_xxz/f128r2_b32r2-m2-8400b296af60
2026-08-23T07:58:59.481556+00:00,20260823T075745,joint:xxz-hva:6:b515ddbe4418dc43,ok,,xxz-hva,6,8,float64,42,128,2,32,2,1,0.25,xxz-matching,xxz-matching,2,2,,,2+1,2+1,not_applicable,optimized,20,3,20,0.020316800000000003,0.020316800000000003,0.020316800000000003,0.020316800000000003,0.0,0.0078752,0.0,0.0124416,,,,/home/rzzhang/sad_merged/sad/build/joint_xxz/f128r2_b32r2-m1-a46c23c4be26
2026-08-23T07:58:59.897503+00:00,20260823T075745,joint:xxz-hva:10:e7fd22517f15e051,ok,,xxz-hva,10,8,float64,42,128,2,32,2,1,1.0,xxz-matching,xxz-matching,5,5,,,1+1+1+1+1,1+1+1+1+1,not_applicable,optimized,10,3,10,0.0630671995,0.0630671995,0.0630671995,0.0630671995,0.0,0.029070401500000002,0.0,0.033996798,,,,/home/rzzhang/sad_merged/sad/build/joint_xxz/f128r2_b32r2-m1-a46c23c4be26
2026-08-23T07:59:00.345545+00:00,20260823T075745,joint:xxz-hva:18:5fbd018be53cc76b,ok,,xxz-hva,18,8,float64,42,128,2,128,2,1,1.0,xxz-matching,xxz-matching,9,9,,,1+1+1+1+1+1+1+1+1,1+1+1+1+1+1+1+1+1,not_applicable,optimized,5,3,5,0.37130559949999997,0.37130559949999997,0.37130559949999997,0.37130559949999997,0.0,0.1160960045,0.0,0.25520959499999996,,,,/home/rzzhang/sad_merged/sad/build/joint_xxz/f128r2_b128r2-m1-fae7f81cf230
2026-08-23T07:59:00.766872+00:00,20260823T075745,joint:xxz-hva:16:b01dcfaf63442a35,ok,,xxz-hva,16,8,float64,42,128,2,128,2,2,0.5,xxz-matching,xxz-matching,5,5,,,2+2+2+1+1,2+2+2+1+1,not_applicable,optimized,5,3,5,0.1273152005,0.1273152005,0.1273152005,0.1273152005,0.0,0.0431328005,0.0,0.0841824,,,,/home/rzzhang/sad_merged/sad/build/joint_xxz/f128r2_b128r2-m2-f42c0b5be0d7
2026-08-23T07:59:01.185094+00:00,20260823T075745,joint:xxz-hva:4:2d8e2d70797cd725,ok,,xxz-hva,4,8,float64,42,128,2,128,2,1,0.5,xxz-matching,xxz-matching,2,2,,,1+1,1+1,not_applicable,optimized,20,3,20,0.016430399999999998,0.016430399999999998,0.016430399999999998,0.016430399999999998,0.0,0.006088,0.0,0.0103424,,,,/home/rzzhang/sad_merged/sad/build/joint_xxz/f128r2_b128r2-m1-fae7f81cf230
2026-08-23T07:59:01.606070+00:00,20260823T075745,joint:xxz-hva:14:8acfb48141bc6e55,ok,,xxz-hva,14,8,float64,42,32,2,128,2,1,0.0,xxz-matching,xxz-matching,3,2,,,3+2+2,4+3,not_applicable,optimized,10,3,10,0.076337599,0.076337599,0.076337599,0.076337599,0.0,0.019198399999999997,0.0,0.057139199,,,,/home/rzzhang/sad_merged/sad/build/joint_xxz/f32r2_b128r2-m1-d6d8eb72a995
2026-08-23T07:59:02.022695+00:00,20260823T075745,joint:xxz-hva:16:91b9f0a6f75f5dd7,ok,,xxz-hva,16,8,float64,42,128,2,128,2,1,0.0,xxz-matching,xxz-matching,2,2,,,4+4,4+4,not_applicable,optimized,5,3,5,0.09467199999999999,0.09467199999999999,0.09467199999999999,0.09467199999999999,0.0,0.026534399,0.0,0.06813760099999999,,,,/home/rzzhang/sad_merged/sad/build/joint_xxz/f128r2_b128r2-m1-fae7f81cf230
2026-08-23T07:59:02.437894+00:00,20260823T075745,joint:xxz-hva:24:fa56a47a68a5c1fd,ok,,xxz-hva,24,8,float64,42,32,2,128,2,1,0.0,xxz-matching,xxz-matching,4,3,,,3+3+3+3,4+4+4,not_applicable,optimized,3,3,3,20.781840324000004,20.781840324000004,20.781840324000004,20.781840324000004,0.0,4.5980587005,0.0,16.183781623500003,,,,/home/rzzhang/sad_merged/sad/build/joint_xxz/f32r2_b128r2-m1-d6d8eb72a995
2026-08-23T07:59:03.126596+00:00,20260823T075745,joint:xxz-hva:18:ef0b40d4b837f5bc,ok,,xxz-hva,18,8,float64,42,128,2,128,2,2,0.0,xxz-matching,xxz-matching,3,3,,,3+3+3,3+3+3,not_applicable,optimized,5,3,5,0.3027103915,0.3027103915,0.3027103915,0.3027103915,0.0,0.080611199,0.0,0.2220991925,,,,/home/rzzhang/sad_merged/sad/build/joint_xxz/f128r2_b128r2-m2-f42c0b5be0d7
2026-08-23T07:59:03.560932+00:00,20260823T075745,joint:xxz-hva:12:8b69994a54c9f237,ok,,xxz-hva,12,8,float64,42,64,2,64,2,2,0.0,xxz-matching,xxz-matching,2,2,,,3+3,3+3,not_applicable,optimized,10,3,10,0.046790400999999995,0.046790400999999995,0.046790400999999995,0.046790400999999995,0.0,0.0143872,0.0,0.032403201,,,,/home/rzzhang/sad_merged/sad/build/joint_xxz/f64r2_b64r2-m2-e933a4f0a9e2
2026-08-23T07:59:03.977062+00:00,20260823T075745,joint:xxz-hva:10:053c78b34093ce09,ok,,xxz-hva,10,8,float64,42,128,2,32,2,2,0.5,xxz-matching,xxz-matching,4,4,,,2+1+1+1,2+1+1+1,not_applicable,optimized,10,3,10,0.0551824,0.0551824,0.0551824,0.0551824,0.0,0.024975999999999998,0.0,0.0302064,,,,/home/rzzhang/sad_merged/sad/build/joint_xxz/f128r2_b32r2-m2-8400b296af60
2026-08-23T07:59:04.396300+00:00,20260823T075745,joint:xxz-hva:22:cfbd4f9b1cb4621a,ok,,xxz-hva,22,8,float64,42,32,2,32,2,1,0.75,xxz-matching,xxz-matching,9,9,,,2+2+1+1+1+1+1+1+1,2+2+1+1+1+1+1+1+1,not_applicable,optimized,3,3,3,4.8320480585,4.8320480585,4.8320480585,4.8320480585,0.0,1.119573355,0.0,3.7124747035,,,,/home/rzzhang/sad_merged/sad/build/joint_xxz/f32r2_b32r2-m1-13414f75e200
2026-08-23T07:59:04.881481+00:00,20260823T075745,joint:xxz-hva:18:a0fe28dae8714f0c,ok,,xxz-hva,18,8,float64,42,64,2,64,2,1,0.75,xxz-matching,xxz-matching,8,8,,,2+1+1+1+1+1+1+1,2+1+1+1+1+1+1+1,not_applicable,optimized,5,3,5,0.3444384,0.3444384,0.3444384,0.3444384,0.0,0.1046816,0.0,0.2397568,,,,/home/rzzhang/sad_merged/sad/build/joint_xxz/f64r2_b64r2-m1-b00ee0bf62ea
2026-08-23T07:59:05.313699+00:00,20260823T075745,joint:xxz-hva:4:8cdae9522ec1871b,ok,,xxz-hva,4,8,float64,42,32,2,32,2,2,0.5,xxz-matching,xxz-matching,2,2,,,1+1,1+1,not_applicable,optimized,20,3,20,0.0145816005,0.0145816005,0.0145816005,0.0145816005,0.0,0.0058248,0.0,0.0087568005,,,,/home/rzzhang/sad_merged/sad/build/joint_xxz/f32r2_b32r2-m2-1e9e397a047c
2026-08-23T07:59:05.731506+00:00,20260823T075745,joint:xxz-hva:20:3e4391b86b768502,ok,,xxz-hva,20,8,float64,42,128,2,32,2,2,0.75,xxz-matching,xxz-matching,8,8,,,2+2+1+1+1+1+1+1,2+2+1+1+1+1+1+1,not_applicable,optimized,5,3,5,1.169644773,1.169644773,1.169644773,1.169644773,0.0,0.30238717800000003,0.0,0.867257595,,,,/home/rzzhang/sad_merged/sad/build/joint_xxz/f128r2_b32r2-m2-8400b296af60
2026-08-23T07:59:06.177283+00:00,20260823T075745,joint:xxz-hva:14:766d34e8106cd9f1,ok,,xxz-hva,14,8,float64,42,32,2,32,2,1,0.75,xxz-matching,xxz-matching,6,6,,,2+1+1+1+1+1,2+1+1+1+1+1,not_applicable,optimized,10,3,10,0.0812688,0.0812688,0.0812688,0.0812688,0.0,0.032424000999999994,0.0,0.048844799,,,,/home/rzzhang/sad_merged/sad/build/joint_xxz/f32r2_b32r2-m1-13414f75e200
2026-08-23T07:59:06.592572+00:00,20260823T075745,joint:xxz-hva:18:fa8a0eba6456cb1e,ok,,xxz-hva,18,8,float64,42,32,2,32,2,1,0.0,xxz-matching,xxz-matching,3,3,,,3+3+3,3+3+3,not_applicable,optimized,5,3,5,0.2877696005,0.2877696005,0.2877696005,0.2877696005,0.0,0.07553599750000001,0.0,0.212233603,,,,/home/rzzhang/sad_merged/sad/build/joint_xxz/f32r2_b32r2-m1-13414f75e200
2026-08-23T07:59:07.011183+00:00,20260823T075745,joint:xxz-hva:4:b9ffb3baea3171a2,ok,,xxz-hva,4,8,float64,42,128,2,128,2,1,1.0,xxz-matching,xxz-matching,2,2,,,1+1,1+1,not_applicable,optimized,20,3,20,0.016451999999999998,0.016451999999999998,0.016451999999999998,0.016451999999999998,0.0,0.0060928,0.0,0.010359199999999999,,,,/home/rzzhang/sad_merged/sad/build/joint_xxz/f128r2_b128r2-m1-fae7f81cf230
2026-08-23T07:59:07.427171+00:00,20260823T075745,joint:xxz-hva:28:188d54f564054597,ok,,xxz-hva,28,8,float64,42,128,2,128,2,2,0.5,xxz-matching,xxz-matching,9,9,,,2+2+2+2+2+1+1+1+1,2+2+2+2+2+1+1+1+1,not_applicable,optimized,2,3,2,376.5289039615,376.5289039615,376.5289039615,376.5289039615,0.0,95.6894874575,0.0,280.83941650400004,,,,/home/rzzhang/sad_merged/sad/build/joint_xxz/f128r2_b128r2-m2-f42c0b5be0d7
2026-08-23T07:59:12.028238+00:00,20260823T075745,joint:xxz-hva:8:0d3e252e79097339,ok,,xxz-hva,8,8,float64,42,64,2,64,2,1,1.0,xxz-matching,xxz-matching,4,4,,,1+1+1+1,1+1+1+1,not_applicable,optimized,20,3,20,0.045459998,0.045459998,0.045459998,0.045459998,0.0,0.016173599,0.0,0.029286399,,,,/home/rzzhang/sad_merged/sad/build/joint_xxz/f64r2_b64r2-m1-b00ee0bf62ea
2026-08-23T07:59:12.460906+00:00,20260823T075745,joint:xxz-hva:20:476627ca029057de,ok,,xxz-hva,20,8,float64,42,64,2,64,2,2,0.0,xxz-matching,xxz-matching,3,3,,,4+3+3,4+3+3,not_applicable,optimized,5,3,5,1.1249983905,1.1249983905,1.1249983905,1.1249983905,0.0,0.2622784075,0.0,0.862719983,,,,/home/rzzhang/sad_merged/sad/build/joint_xxz/f64r2_b64r2-m2-e933a4f0a9e2
2026-08-23T07:59:12.901534+00:00,20260823T075745,joint:xxz-hva:6:715f1cb5b14f001c,ok,,xxz-hva,6,8,float64,42,128,2,32,2,1,0.75,xxz-matching,xxz-matching,2,2,,,2+1,2+1,not_applicable,optimized,20,3,20,0.0203424,0.0203424,0.0203424,0.0203424,0.0,0.0078848,0.0,0.0124576,,,,/home/rzzhang/sad_merged/sad/build/joint_xxz/f128r2_b32r2-m1-a46c23c4be26
2026-08-23T07:59:13.313731+00:00,20260823T075745,joint:xxz-hva:24:9f3521100eda1f2e,ok,,xxz-hva,24,8,float64,42,32,2,32,2,2,0.0,xxz-matching,xxz-matching,4,4,,,3+3+3+3,3+3+3+3,not_applicable,optimized,3,3,3,20.332048416,20.332048416,20.332048416,20.332048416,0.0,4.6016960145,0.0,15.7303524015,,,,/home/rzzhang/sad_merged/sad/build/joint_xxz/f32r2_b32r2-m2-1e9e397a047c
2026-08-23T07:59:13.990806+00:00,20260823T075745,joint:xxz-hva:4:348a1c01eccae68b,ok,,xxz-hva,4,8,float64,42,128,2,32,2,1,0.25,xxz-matching,xxz-matching,1,1,,,2,2,not_applicable,optimized,20,3,20,0.0098304,0.0098304,0.0098304,0.0098304,0.0,0.0036352,0.0,0.0061952,,,,/home/rzzhang/sad_merged/sad/build/joint_xxz/f128r2_b32r2-m1-a46c23c4be26
2026-08-23T07:59:14.403460+00:00,20260823T075745,joint:xxz-hva:28:f2879808c12fa26e,ok,,xxz-hva,28,8,float64,42,64,2,64,2,1,0.0,xxz-matching,xxz-matching,4,4,,,4+4+3+3,4+4+3+3,not_applicable,optimized,2,3,2,358.550369263,358.550369263,358.550369263,358.550369263,0.0,80.48008728049999,0.0,278.0702819825,,,,/home/rzzhang/sad_merged/sad/build/joint_xxz/f64r2_b64r2-m1-b00ee0bf62ea
2026-08-23T07:59:18.863688+00:00,20260823T075745,joint:xxz-hva:26:fa8b49629f1800e0,ok,,xxz-hva,26,8,float64,42,128,2,32,2,1,0.25,xxz-matching,xxz-matching,6,7,,,3+2+2+2+2+2,2+2+2+2+2+2+1,not_applicable,optimized,2,3,2,85.2704381945,85.2704381945,85.2704381945,85.2704381945,0.0,19.802023888,0.0,65.4684143065,,,,/home/rzzhang/sad_merged/sad/build/joint_xxz/f128r2_b32r2-m1-a46c23c4be26
2026-08-23T07:59:20.326305+00:00,20260823T075745,joint:xxz-hva:24:928271d82b25b46d,ok,,xxz-hva,24,8,float64,42,32,2,128,2,2,0.5,xxz-matching,xxz-matching,8,8,,,2+2+2+2+1+1+1+1,2+2+2+2+1+1+1+1,not_applicable,optimized,3,3,3,21.655451298000003,21.655451298000003,21.655451298000003,21.655451298000003,0.0,5.428501605999999,0.0,16.226949692,,,,/home/rzzhang/sad_merged/sad/build/joint_xxz/f32r2_b128r2-m2-dc52a30a7eed
2026-08-23T07:59:21.032881+00:00,20260823T075745,joint:xxz-hva:8:90b4c779f4cdd846,ok,,xxz-hva,8,8,float64,42,64,2,64,2,1,0.75,xxz-matching,xxz-matching,3,3,,,2+1+1,2+1+1,not_applicable,optimized,20,3,20,0.0394992005,0.0394992005,0.0394992005,0.0394992005,0.0,0.013566400499999999,0.0,0.0259328,,,,/home/rzzhang/sad_merged/sad/build/joint_xxz/f64r2_b64r2-m1-b00ee0bf62ea
2026-08-23T07:59:21.454399+00:00,20260823T075745,joint:xxz-hva:26:9f60676704147f9e,ok,,xxz-hva,26,8,float64,42,32,2,32,2,1,0.0,xxz-matching,xxz-matching,5,5,,,3+3+3+2+2,3+3+3+2+2,not_applicable,optimized,2,3,2,86.9629821775,86.9629821775,86.9629821775,86.9629821775,0.0,19.806663513,0.0,67.15631866449999,,,,/home/rzzhang/sad_merged/sad/build/joint_xxz/f32r2_b32r2-m1-13414f75e200
2026-08-23T07:59:22.872723+00:00,20260823T075745,joint:xxz-hva:20:3537946863ff2839,ok,,xxz-hva,20,8,float64,42,128,2,128,2,2,0.25,xxz-matching,xxz-matching,5,5,,,2+2+2+2+2,2+2+2+2+2,not_applicable,optimized,5,3,5,1.1644800155000001,1.1644800155000001,1.1644800155000001,1.1644800155000001,0.0,0.27822400599999997,0.0,0.8862560095,,,,/home/rzzhang/sad_merged/sad/build/joint_xxz/f128r2_b128r2-m2-f42c0b5be0d7
2026-08-23T07:59:23.305579+00:00,20260823T075745,joint:xxz-hva:10:5b82f4a55194caca,ok,,xxz-hva,10,8,float64,42,32,2,128,2,1,0.0,xxz-matching,xxz-matching,2,2,,,3+2,3+2,not_applicable,optimized,10,3,10,0.053393599,0.053393599,0.053393599,0.053393599,0.0,0.011571201,0.0,0.041822398,,,,/home/rzzhang/sad_merged/sad/build/joint_xxz/f32r2_b128r2-m1-d6d8eb72a995
2026-08-23T07:59:23.725376+00:00,20260823T075745,joint:xxz-hva:4:0123961d24723734,ok,,xxz-hva,4,8,float64,42,128,2,128,2,2,0.0,xxz-matching,xxz-matching,1,1,,,2,2,not_applicable,optimized,20,3,20,0.011532,0.011532,0.011532,0.011532,0.0,0.0036368,0.0,0.0078952,,,,/home/rzzhang/sad_merged/sad/build/joint_xxz/f128r2_b128r2-m2-f42c0b5be0d7
2026-08-23T07:59:24.150305+00:00,20260823T075745,joint:xxz-hva:28:17f274f864e7dd92,ok,,xxz-hva,28,8,float64,42,64,2,64,2,2,0.25,xxz-matching,xxz-matching,6,6,,,3+3+2+2+2+2,3+3+2+2+2+2,not_applicable,optimized,2,3,2,358.3547477725,358.3547477725,358.3547477725,358.3547477725,0.0,81.85248947150001,0.0,276.502258301,,,,/home/rzzhang/sad_merged/sad/build/joint_xxz/f64r2_b64r2-m2-e933a4f0a9e2
2026-08-23T07:59:28.550331+00:00,20260823T075745,joint:xxz-hva:24:f2cc9d83a4c4a221,ok,,xxz-hva,24,8,float64,42,128,2,128,2,1,1.0,xxz-matching,xxz-matching,12,12,,,1+1+1+1+1+1+1+1+1+1+1+1,1+1+1+1+1+1+1+1+1+1+1+1,not_applicable,optimized,3,3,3,23.3990826605,23.3990826605,23.3990826605,23.3990826605,0.0,7.085237026,0.0,16.3138456345,,,,/home/rzzhang/sad_merged/sad/build/joint_xxz/f128r2_b128r2-m1-fae7f81cf230
2026-08-23T07:59:29.313357+00:00,20260823T075745,joint:xxz-hva:8:9950696574951df2,ok,,xxz-hva,8,8,float64,42,32,2,32,2,2,0.0,xxz-matching,xxz-matching,2,2,,,2+2,2+2,not_applicable,optimized,20,3,20,0.0289928,0.0289928,0.0289928,0.0289928,0.0,0.0098976,0.0,0.0190952,,,,/home/rzzhang/sad_merged/sad/build/joint_xxz/f32r2_b32r2-m2-1e9e397a047c
2026-08-23T07:59:29.772859+00:00,20260823T075745,joint:xxz-hva:28:d8621a25fe2aa14d,ok,,xxz-hva,28,8,float64,42,128,2,128,2,1,0.75,xxz-matching,xxz-matching,12,12,,,2+2+1+1+1+1+1+1+1+1+1+1,2+2+1+1+1+1+1+1+1+1+1+1,not_applicable,optimized,2,3,2,397.291007995,397.291007995,397.291007995,397.291007995,0.0,116.4049911495,0.0,280.88601684549997,,,,/home/rzzhang/sad_merged/sad/build/joint_xxz/f128r2_b128r2-m1-fae7f81cf230
2026-08-23T07:59:34.563007+00:00,20260823T075745,joint:xxz-hva:28:05ffff63ef024d09,ok,,xxz-hva,28,8,float64,42,128,2,32,2,2,0.5,xxz-matching,xxz-matching,9,10,,,2+2+2+2+2+1+1+1+1,2+2+2+2+1+1+1+1+1+1,not_applicable,optimized,2,3,2,367.169319153,367.169319153,367.169319153,367.169319153,0.0,94.6949539185,0.0,272.4743652345,,,,/home/rzzhang/sad_merged/sad/build/joint_xxz/f128r2_b32r2-m2-8400b296af60
2026-08-23T07:59:39.088049+00:00,20260823T075745,joint:xxz-hva:18:4a889328f8017cb2,ok,,xxz-hva,18,8,float64,42,128,2,32,2,2,0.0,xxz-matching,xxz-matching,3,3,,,3+3+3,3+3+3,not_applicable,optimized,5,3,5,0.28876799350000004,0.28876799350000004,0.28876799350000004,0.28876799350000004,0.0,0.0759807975,0.0,0.212787196,,,,/home/rzzhang/sad_merged/sad/build/joint_xxz/f128r2_b32r2-m2-8400b296af60
2026-08-23T07:59:39.549275+00:00,20260823T075745,joint:xxz-hva:6:e84445a1b8907422,ok,,xxz-hva,6,8,float64,42,32,2,128,2,1,0.75,xxz-matching,xxz-matching,2,2,,,2+1,2+1,not_applicable,optimized,20,3,20,0.022335201,0.022335201,0.022335201,0.022335201,0.0,0.0073424,0.0,0.014992801,,,,/home/rzzhang/sad_merged/sad/build/joint_xxz/f32r2_b128r2-m1-d6d8eb72a995
2026-08-23T07:59:39.980236+00:00,20260823T075745,joint:xxz-hva:16:fe1051de6ba8a1b1,ok,,xxz-hva,16,8,float64,42,128,2,128,2,2,0.75,xxz-matching,xxz-matching,6,6,,,2+2+1+1+1+1,2+2+1+1+1+1,not_applicable,optimized,5,3,5,0.1388383995,0.1388383995,0.1388383995,0.1388383995,0.0,0.048809599499999995,0.0,0.09002879999999999,,,,/home/rzzhang/sad_merged/sad/build/joint_xxz/f128r2_b128r2-m2-f42c0b5be0d7
2026-08-23T07:59:40.397762+00:00,20260823T075745,joint:xxz-hva:26:698993e3481a8ffb,ok,,xxz-hva,26,8,float64,42,128,2,32,2,1,0.5,xxz-matching,xxz-matching,8,9,,,2+2+2+2+2+1+1+1,2+2+2+2+1+1+1+1+1,not_applicable,optimized,2,3,2,89.559263229,89.559263229,89.559263229,89.559263229,0.0,22.2963199615,0.0,67.26294326749999,,,,/home/rzzhang/sad_merged/sad/build/joint_xxz/f128r2_b32r2-m1-a46c23c4be26
2026-08-23T07:59:41.844577+00:00,20260823T075745,joint:xxz-hva:14:024a6caf766db5fb,ok,,xxz-hva,14,8,float64,42,32,2,128,2,2,0.5,xxz-matching,xxz-matching,5,4,,,2+2+1+1+1,2+2+2+1,not_applicable,optimized,10,3,10,0.09491040049999999,0.09491040049999999,0.09491040049999999,0.09491040049999999,0.0,0.027233599499999997,0.0,0.067676801,,,,/home/rzzhang/sad_merged/sad/build/joint_xxz/f32r2_b128r2-m2-dc52a30a7eed
2026-08-23T07:59:42.263703+00:00,20260823T075745,joint:xxz-hva:12:79ebcc7339b2145a,ok,,xxz-hva,12,8,float64,42,128,2,32,2,2,0.0,xxz-matching,xxz-matching,2,2,,,3+3,3+3,not_applicable,optimized,10,3,10,0.046278401,0.046278401,0.046278401,0.046278401,0.0,0.0195408005,0.0,0.0267376005,,,,/home/rzzhang/sad_merged/sad/build/joint_xxz/f128r2_b32r2-m2-8400b296af60
2026-08-23T07:59:42.676646+00:00,20260823T075745,joint:xxz-hva:14:07251dabaf54526e,ok,,xxz-hva,14,8,float64,42,32,2,32,2,2,0.25,xxz-matching,xxz-matching,4,4,,,2+2+2+1,2+2+2+1,not_applicable,optimized,10,3,10,0.063567999,0.063567999,0.063567999,0.063567999,0.0,0.023731199,0.0,0.0398368,,,,/home/rzzhang/sad_merged/sad/build/joint_xxz/f32r2_b32r2-m2-1e9e397a047c
2026-08-23T07:59:43.105797+00:00,20260823T075745,joint:xxz-hva:24:bee5c63474a3dcaf,ok,,xxz-hva,24,8,float64,42,32,2,128,2,2,1.0,xxz-matching,xxz-matching,12,12,,,1+1+1+1+1+1+1+1+1+1+1+1,1+1+1+1+1+1+1+1+1+1+1+1,not_applicable,optimized,3,3,3,23.370937824,23.370937824,23.370937824,23.370937824,0.0,7.055914402,0.0,16.315023422,,,,/home/rzzhang/sad_merged/sad/build/joint_xxz/f32r2_b128r2-m2-dc52a30a7eed
2026-08-23T07:59:43.812745+00:00,20260823T075745,joint:xxz-hva:6:ed001ec18f033a1f,ok,,xxz-hva,6,8,float64,42,128,2,128,2,1,0.5,xxz-matching,xxz-matching,2,2,,,2+1,2+1,not_applicable,optimized,20,3,20,0.0228368,0.0228368,0.0228368,0.0228368,0.0,0.007880000000000002,0.0,0.0149568,,,,/home/rzzhang/sad_merged/sad/build/joint_xxz/f128r2_b128r2-m1-fae7f81cf230
2026-08-23T07:59:44.231169+00:00,20260823T075745,joint:xxz-hva:8:2224c42e3663b150,ok,,xxz-hva,8,8,float64,42,32,2,32,2,1,0.0,xxz-matching,xxz-matching,2,2,,,2+2,2+2,not_applicable,optimized,20,3,20,0.0289215985,0.0289215985,0.0289215985,0.0289215985,0.0,0.0099583995,0.0,0.018963199,,,,/home/rzzhang/sad_merged/sad/build/joint_xxz/f32r2_b32r2-m1-13414f75e200
2026-08-23T07:59:44.646303+00:00,20260823T075745,joint:xxz-hva:10:6b852092bd3fb847,ok,,xxz-hva,10,8,float64,42,32,2,32,2,1,0.0,xxz-matching,xxz-matching,2,2,,,3+2,3+2,not_applicable,optimized,10,3,10,0.0345024005,0.0345024005,0.0345024005,0.0345024005,0.0,0.011571201,0.0,0.0229311995,,,,/home/rzzhang/sad_merged/sad/build/joint_xxz/f32r2_b32r2-m1-13414f75e200
2026-08-23T07:59:45.049942+00:00,20260823T075745,joint:xxz-hva:20:663aa31b6e72bcfc,ok,,xxz-hva,20,8,float64,42,64,2,64,2,1,0.25,xxz-matching,xxz-matching,5,5,,,2+2+2+2+2,2+2+2+2+2,not_applicable,optimized,5,3,5,1.14369604,1.14369604,1.14369604,1.14369604,0.0,0.2752256095,0.0,0.8684704305,,,,/home/rzzhang/sad_merged/sad/build/joint_xxz/f64r2_b64r2-m1-b00ee0bf62ea
2026-08-23T07:59:45.504168+00:00,20260823T075745,joint:xxz-hva:26:8ad4246ab0e33e75,ok,,xxz-hva,26,8,float64,42,32,2,128,2,1,0.0,xxz-matching,xxz-matching,5,4,,,3+3+3+2+2,4+3+3+3,not_applicable,optimized,2,3,2,88.2196292875,88.2196292875,88.2196292875,88.2196292875,0.0,19.806447982500003,0.0,68.413181305,,,,/home/rzzhang/sad_merged/sad/build/joint_xxz/f32r2_b128r2-m1-d6d8eb72a995
2026-08-23T07:59:46.981199+00:00,20260823T075745,joint:xxz-hva:14:81b0fbfa996e372e,ok,,xxz-hva,14,8,float64,42,128,2,32,2,2,0.25,xxz-matching,xxz-matching,3,4,,,3+2+2,2+2+2+1,not_applicable,optimized,10,3,10,0.066486401,0.066486401,0.066486401,0.066486401,0.0,0.026619201,0.0,0.0398672,,,,/home/rzzhang/sad_merged/sad/build/joint_xxz/f128r2_b32r2-m2-8400b296af60
2026-08-23T07:59:47.396488+00:00,20260823T075745,joint:xxz-hva:10:92ee9e773f129edb,ok,,xxz-hva,10,8,float64,42,32,2,128,2,2,0.25,xxz-matching,xxz-matching,3,3,,,2+2+1,2+2+1,not_applicable,optimized,10,3,10,0.061216001500000006,0.061216001500000006,0.061216001500000006,0.061216001500000006,0.0,0.015144000500000001,0.0,0.046072001,,,,/home/rzzhang/sad_merged/sad/build/joint_xxz/f32r2_b128r2-m2-dc52a30a7eed
2026-08-23T07:59:47.810728+00:00,20260823T075745,joint:xxz-hva:8:a04e00a0d807297e,ok,,xxz-hva,8,8,float64,42,128,2,32,2,1,0.0,xxz-matching,xxz-matching,1,2,,,4,2+2,not_applicable,optimized,20,3,20,0.026751999,0.026751999,0.026751999,0.026751999,0.0,0.0077824,0.0,0.018969599,,,,/home/rzzhang/sad_merged/sad/build/joint_xxz/f128r2_b32r2-m1-a46c23c4be26
2026-08-23T07:59:48.232211+00:00,20260823T075745,joint:xxz-hva:6:6d24a60748bfb3cf,ok,,xxz-hva,6,8,float64,42,128,2,128,2,2,0.75,xxz-matching,xxz-matching,2,2,,,2+1,2+1,not_applicable,optimized,20,3,20,0.022844800000000002,0.022844800000000002,0.022844800000000002,0.022844800000000002,0.0,0.007876000000000001,0.0,0.0149688,,,,/home/rzzhang/sad_merged/sad/build/joint_xxz/f128r2_b128r2-m2-f42c0b5be0d7
2026-08-23T07:59:48.659161+00:00,20260823T075745,joint:xxz-hva:28:d5855dff28d0d736,ok,,xxz-hva,28,8,float64,42,32,2,32,2,2,0.75,xxz-matching,xxz-matching,12,12,,,2+2+1+1+1+1+1+1+1+1+1+1,2+2+1+1+1+1+1+1+1+1+1+1,not_applicable,optimized,2,3,2,389.13495254500003,389.13495254500003,389.13495254500003,389.13495254500003,0.0,116.411151886,0.0,272.723800659,,,,/home/rzzhang/sad_merged/sad/build/joint_xxz/f32r2_b32r2-m2-1e9e397a047c
2026-08-23T07:59:53.407242+00:00,20260823T075745,joint:xxz-hva:16:cbdc16b5cf4b5d6f,ok,,xxz-hva,16,8,float64,42,128,2,128,2,2,1.0,xxz-matching,xxz-matching,8,8,,,1+1+1+1+1+1+1+1,1+1+1+1+1+1+1+1,not_applicable,optimized,5,3,5,0.159536,0.159536,0.159536,0.159536,0.0,0.0577504,0.0,0.1017856,,,,/home/rzzhang/sad_merged/sad/build/joint_xxz/f128r2_b128r2-m2-f42c0b5be0d7
2026-08-23T07:59:53.899510+00:00,20260823T075745,joint:xxz-hva:14:9a276d7249343694,ok,,xxz-hva,14,8,float64,42,128,2,128,2,2,1.0,xxz-matching,xxz-matching,7,7,,,1+1+1+1+1+1+1,1+1+1+1+1+1+1,not_applicable,optimized,10,3,10,0.130459198,0.130459198,0.130459198,0.130459198,0.0,0.047615999000000006,0.0,0.082843199,,,,/home/rzzhang/sad_merged/sad/build/joint_xxz/f128r2_b128r2-m2-f42c0b5be0d7
2026-08-23T07:59:54.322413+00:00,20260823T075745,joint:xxz-hva:10:05ad3c9a03b6f65a,ok,,xxz-hva,10,8,float64,42,128,2,32,2,1,0.0,xxz-matching,xxz-matching,2,2,,,3+2,3+2,not_applicable,optimized,10,3,10,0.0397919995,0.0397919995,0.0397919995,0.0397919995,0.0,0.0168752,0.0,0.0229167995,,,,/home/rzzhang/sad_merged/sad/build/joint_xxz/f128r2_b32r2-m1-a46c23c4be26
2026-08-23T07:59:54.746470+00:00,20260823T075745,joint:xxz-hva:18:425fa284273dd646,ok,,xxz-hva,18,8,float64,42,128,2,32,2,2,0.75,xxz-matching,xxz-matching,8,8,,,2+1+1+1+1+1+1+1,2+1+1+1+1+1+1+1,not_applicable,optimized,5,3,5,0.343363195,0.343363195,0.343363195,0.343363195,0.0,0.109276801,0.0,0.234086394,,,,/home/rzzhang/sad_merged/sad/build/joint_xxz/f128r2_b32r2-m2-8400b296af60
2026-08-23T07:59:55.204868+00:00,20260823T075745,joint:xxz-hva:6:3184fdf2010f56cb,ok,,xxz-hva,6,8,float64,42,128,2,128,2,2,0.5,xxz-matching,xxz-matching,2,2,,,2+1,2+1,not_applicable,optimized,20,3,20,0.0228344005,0.0228344005,0.0228344005,0.0228344005,0.0,0.0078592,0.0,0.0149752005,,,,/home/rzzhang/sad_merged/sad/build/joint_xxz/f128r2_b128r2-m2-f42c0b5be0d7
2026-08-23T07:59:55.619223+00:00,20260823T075745,joint:xxz-hva:26:ee04a6f9a37f8167,ok,,xxz-hva,26,8,float64,42,128,2,32,2,1,0.0,xxz-matching,xxz-matching,4,5,,,4+3+3+3,3+3+3+2+2,not_applicable,optimized,2,3,2,87.3097362515,87.3097362515,87.3097362515,87.3097362515,0.0,19.735551834,0.0,67.57418441749999,,,,/home/rzzhang/sad_merged/sad/build/joint_xxz/f128r2_b32r2-m1-a46c23c4be26
2026-08-23T07:59:57.028741+00:00,20260823T075745,joint:xxz-hva:6:fc65f288c0b80084,ok,,xxz-hva,6,8,float64,42,32,2,128,2,2,0.25,xxz-matching,xxz-matching,2,2,,,2+1,2+1,not_applicable,optimized,20,3,20,0.0221175995,0.0221175995,0.0221175995,0.0221175995,0.0,0.0071344,0.0,0.0149831995,,,,/home/rzzhang/sad_merged/sad/build/joint_xxz/f32r2_b128r2-m2-dc52a30a7eed
2026-08-23T07:59:57.447792+00:00,20260823T075745,joint:xxz-hva:18:87cda6e0f33bdbaf,ok,,xxz-hva,18,8,float64,42,128,2,32,2,1,0.75,xxz-matching,xxz-matching,8,8,,,2+1+1+1+1+1+1+1,2+1+1+1+1+1+1+1,not_applicable,optimized,5,3,5,0.3437152135,0.3437152135,0.3437152135,0.3437152135,0.0,0.109439999,0.0,0.2342752145,,,,/home/rzzhang/sad_merged/sad/build/joint_xxz/f128r2_b32r2-m1-a46c23c4be26
2026-08-23T07:59:57.883642+00:00,20260823T075745,joint:xxz-hva:14:f18a041c3cb8eb55,ok,,xxz-hva,14,8,float64,42,32,2,128,2,1,0.25,xxz-matching,xxz-matching,4,3,,,2+2+2+1,3+2+2,not_applicable,optimized,10,3,10,0.086204799,0.086204799,0.086204799,0.086204799,0.0,0.0237408,0.0,0.06246399899999999,,,,/home/rzzhang/sad_merged/sad/build/joint_xxz/f32r2_b128r2-m1-d6d8eb72a995
2026-08-23T07:59:58.298798+00:00,20260823T075745,joint:xxz-hva:8:fee15436fc8c787f,ok,,xxz-hva,8,8,float64,42,128,2,128,2,2,1.0,xxz-matching,xxz-matching,4,4,,,1+1+1+1,1+1+1+1,not_applicable,optimized,20,3,20,0.050400798999999996,0.050400798999999996,0.050400798999999996,0.050400798999999996,0.0,0.0183536,0.0,0.032047199,,,,/home/rzzhang/sad_merged/sad/build/joint_xxz/f128r2_b128r2-m2-f42c0b5be0d7
2026-08-23T07:59:58.713490+00:00,20260823T075745,joint:xxz-hva:16:ae5b93036c3a426c,ok,,xxz-hva,16,8,float64,42,128,2,32,2,2,0.75,xxz-matching,xxz-matching,6,7,,,2+2+1+1+1+1,2+1+1+1+1+1+1,not_applicable,optimized,5,3,5,0.133120001,0.133120001,0.133120001,0.133120001,0.0,0.048742399,0.0,0.084377602,,,,/home/rzzhang/sad_merged/sad/build/joint_xxz/f128r2_b32r2-m2-8400b296af60
2026-08-23T07:59:59.139662+00:00,20260823T075745,joint:xxz-hva:28:ca46141746b2abb0,ok,,xxz-hva,28,8,float64,42,32,2,32,2,1,0.75,xxz-matching,xxz-matching,12,12,,,2+2+1+1+1+1+1+1+1+1+1+1,2+2+1+1+1+1+1+1+1+1+1+1,not_applicable,optimized,2,3,2,389.1230621335,389.1230621335,389.1230621335,389.1230621335,0.0,116.339752197,0.0,272.7833099365,,,,/home/rzzhang/sad_merged/sad/build/joint_xxz/f32r2_b32r2-m1-13414f75e200
2026-08-23T08:00:03.903867+00:00,20260823T075745,joint:xxz-hva:26:012f0419b076b013,ok,,xxz-hva,26,8,float64,42,32,2,128,2,2,0.5,xxz-matching,xxz-matching,9,8,,,2+2+2+2+1+1+1+1+1,2+2+2+2+2+1+1+1,not_applicable,optimized,2,3,2,92.59332180000001,92.59332180000001,92.59332180000001,92.59332180000001,0.0,23.532015800499998,0.0,69.06130599950001,,,,/home/rzzhang/sad_merged/sad/build/joint_xxz/f32r2_b128r2-m2-dc52a30a7eed
2026-08-23T08:00:05.451905+00:00,20260823T075745,joint:xxz-hva:22:f233a13c272ab6e6,ok,,xxz-hva,22,8,float64,42,128,2,32,2,2,0.75,xxz-matching,xxz-matching,9,9,,,2+2+1+1+1+1+1+1+1,2+2+1+1+1+1+1+1+1,not_applicable,optimized,3,3,3,4.8140427475,4.8140427475,4.8140427475,4.8140427475,0.0,1.0997813345,0.0,3.714261413,,,,/home/rzzhang/sad_merged/sad/build/joint_xxz/f128r2_b32r2-m2-8400b296af60
2026-08-23T08:00:05.942669+00:00,20260823T075745,joint:xxz-hva:10:b38c7f96b193f716,ok,,xxz-hva,10,8,float64,42,32,2,128,2,1,0.75,xxz-matching,xxz-matching,4,4,,,2+1+1+1,2+1+1+1,not_applicable,optimized,10,3,10,0.06862399899999999,0.06862399899999999,0.06862399899999999,0.06862399899999999,0.0,0.018716799,0.0,0.0499072,,,,/home/rzzhang/sad_merged/sad/build/joint_xxz/f32r2_b128r2-m1-d6d8eb72a995
2026-08-23T08:00:06.360124+00:00,20260823T075745,joint:xxz-hva:14:804d5fed765b7269,ok,,xxz-hva,14,8,float64,42,32,2,32,2,2,0.0,xxz-matching,xxz-matching,3,3,,,3+2+2,3+2+2,not_applicable,optimized,10,3,10,0.0546863995,0.0546863995,0.0546863995,0.0546863995,0.0,0.0193408,0.0,0.035345599500000005,,,,/home/rzzhang/sad_merged/sad/build/joint_xxz/f32r2_b32r2-m2-1e9e397a047c
2026-08-23T08:00:06.767761+00:00,20260823T075745,joint:xxz-hva:12:b96b53549df03e52,ok,,xxz-hva,12,8,float64,42,128,2,32,2,2,0.75,xxz-matching,xxz-matching,5,5,,,2+1+1+1+1,2+1+1+1+1,not_applicable,optimized,10,3,10,0.072089601,0.072089601,0.072089601,0.072089601,0.0,0.03328,0.0,0.038809601,,,,/home/rzzhang/sad_merged/sad/build/joint_xxz/f128r2_b32r2-m2-8400b296af60
2026-08-23T08:00:07.191526+00:00,20260823T075745,joint:xxz-hva:22:926eecedd0cb18e4,ok,,xxz-hva,22,8,float64,42,128,2,128,2,1,0.25,xxz-matching,xxz-matching,5,5,,,3+2+2+2+2,3+2+2+2+2,not_applicable,optimized,3,3,3,4.851952076,4.851952076,4.851952076,4.851952076,0.0,1.0905013085,0.0,3.7614507675,,,,/home/rzzhang/sad_merged/sad/build/joint_xxz/f128r2_b128r2-m1-fae7f81cf230
2026-08-23T08:00:07.704222+00:00,20260823T075745,joint:xxz-hva:12:35eee137310633c0,ok,,xxz-hva,12,8,float64,42,128,2,128,2,1,0.25,xxz-matching,xxz-matching,3,3,,,2+2+2,2+2+2,not_applicable,optimized,10,3,10,0.078708804,0.078708804,0.078708804,0.078708804,0.0,0.0243344,0.0,0.054374404,,,,/home/rzzhang/sad_merged/sad/build/joint_xxz/f128r2_b128r2-m1-fae7f81cf230
2026-08-23T08:00:08.142313+00:00,20260823T075745,joint:xxz-hva:26:6bdca03ac43b337f,ok,,xxz-hva,26,8,float64,42,64,2,64,2,2,0.0,xxz-matching,xxz-matching,4,4,,,4+3+3+3,4+3+3+3,not_applicable,optimized,2,3,2,86.92167854300001,86.92167854300001,86.92167854300001,86.92167854300001,0.0,19.767759323,0.0,67.15391922,,,,/home/rzzhang/sad_merged/sad/build/joint_xxz/f64r2_b64r2-m2-e933a4f0a9e2
2026-08-23T08:00:09.591957+00:00,20260823T075745,joint:xxz-hva:24:4907736bdf9ba2f4,ok,,xxz-hva,24,8,float64,42,128,2,32,2,2,0.5,xxz-matching,xxz-matching,8,8,,,2+2+2+2+1+1+1+1,2+2+2+2+1+1+1+1,not_applicable,optimized,3,3,3,21.110955476500003,21.110955476500003,21.110955476500003,21.110955476500003,0.0,5.3816320895,0.0,15.729323387,,,,/home/rzzhang/sad_merged/sad/build/joint_xxz/f128r2_b32r2-m2-8400b296af60
2026-08-23T08:00:10.291692+00:00,20260823T075745,joint:xxz-hva:24:af33d0c6c7122b51,ok,,xxz-hva,24,8,float64,42,64,2,64,2,2,0.25,xxz-matching,xxz-matching,5,5,,,3+3+2+2+2,3+3+2+2+2,not_applicable,optimized,3,3,3,20.55624032,20.55624032,20.55624032,20.55624032,0.0,4.621813535499999,0.0,15.934426784500001,,,,/home/rzzhang/sad_merged/sad/build/joint_xxz/f64r2_b64r2-m2-e933a4f0a9e2
2026-08-23T08:00:10.975805+00:00,20260823T075745,joint:xxz-hva:24:e1e7d14d7eb30eae,ok,,xxz-hva,24,8,float64,42,32,2,128,2,1,0.25,xxz-matching,xxz-matching,6,5,,,2+2+2+2+2+2,3+3+2+2+2,not_applicable,optimized,3,3,3,20.805668354,20.805668354,20.805668354,20.805668354,0.0,4.635002613,0.0,16.170665741,,,,/home/rzzhang/sad_merged/sad/build/joint_xxz/f32r2_b128r2-m1-d6d8eb72a995
2026-08-23T08:00:11.654260+00:00,20260823T075745,joint:xxz-hva:22:e4744b2d125ac3e8,ok,,xxz-hva,22,8,float64,42,128,2,32,2,2,0.5,xxz-matching,xxz-matching,7,8,,,2+2+2+2+1+1+1,2+2+2+1+1+1+1+1,not_applicable,optimized,3,3,3,4.806095958,4.806095958,4.806095958,4.806095958,0.0,1.110714674,0.0,3.6953812839999998,,,,/home/rzzhang/sad_merged/sad/build/joint_xxz/f128r2_b32r2-m2-8400b296af60
2026-08-23T08:00:12.140366+00:00,20260823T075745,joint:xxz-hva:20:840f6f051b3c2a34,ok,,xxz-hva,20,8,float64,42,64,2,64,2,2,1.0,xxz-matching,xxz-matching,10,10,,,1+1+1+1+1+1+1+1+1+1,1+1+1+1+1+1+1+1+1+1,not_applicable,optimized,5,3,5,1.2079904525,1.2079904525,1.2079904525,1.2079904525,0.0,0.309129611,0.0,0.8988608415,,,,/home/rzzhang/sad_merged/sad/build/joint_xxz/f64r2_b64r2-m2-e933a4f0a9e2
2026-08-23T08:00:12.589408+00:00,20260823T075745,joint:xxz-hva:8:91f139aedb7f176a,ok,,xxz-hva,8,8,float64,42,128,2,32,2,2,0.75,xxz-matching,xxz-matching,3,4,,,2+1+1,1+1+1+1,not_applicable,optimized,20,3,20,0.0405727975,0.0405727975,0.0405727975,0.0405727975,0.0,0.0148703995,0.0,0.025702398,,,,/home/rzzhang/sad_merged/sad/build/joint_xxz/f128r2_b32r2-m2-8400b296af60
2026-08-23T08:00:13.012265+00:00,20260823T075745,joint:xxz-hva:18:efaa8763a2559217,ok,,xxz-hva,18,8,float64,42,128,2,32,2,2,1.0,xxz-matching,xxz-matching,9,9,,,1+1+1+1+1+1+1+1+1,1+1+1+1+1+1+1+1+1,not_applicable,optimized,5,3,5,0.356284801,0.356284801,0.356284801,0.356284801,0.0,0.116192002,0.0,0.240092799,,,,/home/rzzhang/sad_merged/sad/build/joint_xxz/f128r2_b32r2-m2-8400b296af60
2026-08-23T08:00:13.440338+00:00,20260823T075745,joint:xxz-hva:10:cd4333e25a4e8f6b,ok,,xxz-hva,10,8,float64,42,128,2,128,2,1,0.75,xxz-matching,xxz-matching,4,4,,,2+1+1+1,2+1+1+1,not_applicable,optimized,10,3,10,0.0749408,0.0749408,0.0749408,0.0749408,0.0,0.0249856,0.0,0.049955200000000005,,,,/home/rzzhang/sad_merged/sad/build/joint_xxz/f128r2_b128r2-m1-fae7f81cf230
2026-08-23T08:00:13.868609+00:00,20260823T075745,joint:xxz-hva:24:538fe7d72fc541b1,ok,,xxz-hva,24,8,float64,42,128,2,128,2,1,0.0,xxz-matching,xxz-matching,3,3,,,4+4+4,4+4+4,not_applicable,optimized,3,3,3,20.773375510999998,20.773375510999998,20.773375510999998,20.773375510999998,0.0,4.596394539,0.0,16.176980972,,,,/home/rzzhang/sad_merged/sad/build/joint_xxz/f128r2_b128r2-m1-fae7f81cf230
2026-08-23T08:00:14.552692+00:00,20260823T075745,joint:xxz-hva:10:a432d3129b139943,ok,,xxz-hva,10,8,float64,42,32,2,32,2,2,0.5,xxz-matching,xxz-matching,4,4,,,2+1+1+1,2+1+1+1,not_applicable,optimized,10,3,10,0.049107199500000004,0.049107199500000004,0.049107199500000004,0.049107199500000004,0.0,0.0187312,0.0,0.0303759995,,,,/home/rzzhang/sad_merged/sad/build/joint_xxz/f32r2_b32r2-m2-1e9e397a047c
2026-08-23T08:00:14.968856+00:00,20260823T075745,joint:xxz-hva:12:80715cc3c9ac1eae,ok,,xxz-hva,12,8,float64,42,128,2,128,2,2,0.75,xxz-matching,xxz-matching,5,5,,,2+1+1+1+1,2+1+1+1+1,not_applicable,optimized,10,3,10,0.0964175965,0.0964175965,0.0964175965,0.0964175965,0.0,0.0332592,0.0,0.06315839649999999,,,,/home/rzzhang/sad_merged/sad/build/joint_xxz/f128r2_b128r2-m2-f42c0b5be0d7
2026-08-23T08:00:15.414777+00:00,20260823T075745,joint:xxz-hva:24:4eb4b5a166046d34,ok,,xxz-hva,24,8,float64,42,128,2,128,2,1,0.5,xxz-matching,xxz-matching,8,8,,,2+2+2+2+1+1+1+1,2+2+2+2+1+1+1+1,not_applicable,optimized,3,3,3,21.6907680035,21.6907680035,21.6907680035,21.6907680035,0.0,5.4622933865,0.0,16.228474617,,,,/home/rzzhang/sad_merged/sad/build/joint_xxz/f128r2_b128r2-m1-fae7f81cf230
2026-08-23T08:00:16.112397+00:00,20260823T075745,joint:xxz-hva:6:a0a2085e0e3e13c5,ok,,xxz-hva,6,8,float64,42,32,2,128,2,1,1.0,xxz-matching,xxz-matching,3,3,,,1+1+1,1+1+1,not_applicable,optimized,20,3,20,0.027951199000000003,0.027951199000000003,0.027951199000000003,0.027951199000000003,0.0,0.010212800000000001,0.0,0.017738399000000002,,,,/home/rzzhang/sad_merged/sad/build/joint_xxz/f32r2_b128r2-m1-d6d8eb72a995
2026-08-23T08:00:16.533886+00:00,20260823T075745,joint:xxz-hva:18:5a76cbd73e8584c5,ok,,xxz-hva,18,8,float64,42,32,2,32,2,2,0.75,xxz-matching,xxz-matching,8,8,,,2+1+1+1+1+1+1+1,2+1+1+1+1+1+1+1,not_applicable,optimized,5,3,5,0.336796798,0.336796798,0.336796798,0.336796798,0.0,0.1027264,0.0,0.234070398,,,,/home/rzzhang/sad_merged/sad/build/joint_xxz/f32r2_b32r2-m2-1e9e397a047c
2026-08-23T08:00:17.000275+00:00,20260823T075745,joint:xxz-hva:10:80f8efc6411cc68a,ok,,xxz-hva,10,8,float64,42,32,2,32,2,1,0.25,xxz-matching,xxz-matching,3,3,,,2+2+1,2+2+1,not_applicable,optimized,10,3,10,0.041817600999999996,0.041817600999999996,0.041817600999999996,0.041817600999999996,0.0,0.015142401,0.0,0.0266752,,,,/home/rzzhang/sad_merged/sad/build/joint_xxz/f32r2_b32r2-m1-13414f75e200
2026-08-23T08:00:17.452319+00:00,20260823T075745,joint:xxz-hva:24:56ece2af33c16a6f,ok,,xxz-hva,24,8,float64,42,128,2,128,2,2,1.0,xxz-matching,xxz-matching,12,12,,,1+1+1+1+1+1+1+1+1+1+1+1,1+1+1+1+1+1+1+1+1+1+1+1,not_applicable,optimized,3,3,3,23.406533003,23.406533003,23.406533003,23.406533003,0.0,7.091482878000001,0.0,16.315050125,,,,/home/rzzhang/sad_merged/sad/build/joint_xxz/f128r2_b128r2-m2-f42c0b5be0d7
2026-08-23T08:00:18.172923+00:00,20260823T075745,joint:xxz-hva:12:d4b49b007887337a,ok,,xxz-hva,12,8,float64,42,64,2,64,2,1,0.25,xxz-matching,xxz-matching,3,3,,,2+2+2,2+2+2,not_applicable,optimized,10,3,10,0.0552048005,0.0552048005,0.0552048005,0.0552048005,0.0,0.0184624,0.0,0.036742400499999994,,,,/home/rzzhang/sad_merged/sad/build/joint_xxz/f64r2_b64r2-m1-b00ee0bf62ea
2026-08-23T08:00:18.640944+00:00,20260823T075745,joint:xxz-hva:16:83ba094175983d1b,ok,,xxz-hva,16,8,float64,42,32,2,32,2,1,0.25,xxz-matching,xxz-matching,4,4,,,2+2+2+2,2+2+2+2,not_applicable,optimized,5,3,5,0.102688003,0.102688003,0.102688003,0.102688003,0.0,0.033792,0.0,0.068896003,,,,/home/rzzhang/sad_merged/sad/build/joint_xxz/f32r2_b32r2-m1-13414f75e200
2026-08-23T08:00:19.047342+00:00,20260823T075745,joint:xxz-hva:8:8761ed7824c4423a,ok,,xxz-hva,8,8,float64,42,128,2,32,2,1,1.0,xxz-matching,xxz-matching,4,4,,,1+1+1+1,1+1+1+1,not_applicable,optimized,20,3,20,0.04411759949999999,0.04411759949999999,0.04411759949999999,0.04411759949999999,0.0,0.0183808,0.0,0.025736799499999997,,,,/home/rzzhang/sad_merged/sad/build/joint_xxz/f128r2_b32r2-m1-a46c23c4be26
2026-08-23T08:00:19.469554+00:00,20260823T075745,joint:xxz-hva:26:219ed406c028bba2,ok,,xxz-hva,26,8,float64,42,64,2,64,2,1,0.0,xxz-matching,xxz-matching,4,4,,,4+3+3+3,4+3+3+3,not_applicable,optimized,2,3,2,86.7532310485,86.7532310485,86.7532310485,86.7532310485,0.0,19.761615753,0.0,66.9916152955,,,,/home/rzzhang/sad_merged/sad/build/joint_xxz/f64r2_b64r2-m1-b00ee0bf62ea
2026-08-23T08:00:20.894239+00:00,20260823T075745,joint:xxz-hva:14:5294b75a8cdc2e50,ok,,xxz-hva,14,8,float64,42,64,2,64,2,2,0.5,xxz-matching,xxz-matching,4,4,,,2+2+2+1,2+2+2+1,not_applicable,optimized,10,3,10,0.071881599,0.071881599,0.071881599,0.071881599,0.0,0.0250848,0.0,0.046796799,,,,/home/rzzhang/sad_merged/sad/build/joint_xxz/f64r2_b64r2-m2-e933a4f0a9e2
2026-08-23T08:00:21.318105+00:00,20260823T075745,joint:xxz-hva:20:7ae1882aa93cb263,ok,,xxz-hva,20,8,float64,42,32,2,32,2,2,1.0,xxz-matching,xxz-matching,10,10,,,1+1+1+1+1+1+1+1+1+1,1+1+1+1+1+1+1+1+1+1,not_applicable,optimized,5,3,5,1.190006375,1.190006375,1.190006375,1.190006375,0.0,0.309248,0.0,0.8807583750000001,,,,/home/rzzhang/sad_merged/sad/build/joint_xxz/f32r2_b32r2-m2-1e9e397a047c
2026-08-23T08:00:21.792907+00:00,20260823T075745,joint:xxz-hva:24:7115a955ba4e3d76,ok,,xxz-hva,24,8,float64,42,64,2,64,2,1,0.5,xxz-matching,xxz-matching,8,8,,,2+2+2+2+1+1+1+1,2+2+2+2+1+1+1+1,not_applicable,optimized,3,3,3,21.451535702,21.451535702,21.451535702,21.451535702,0.0,5.453925133,0.0,15.997610568999999,,,,/home/rzzhang/sad_merged/sad/build/joint_xxz/f64r2_b64r2-m1-b00ee0bf62ea
2026-08-23T08:00:22.481806+00:00,20260823T075745,joint:xxz-hva:20:30e5111ac368a869,ok,,xxz-hva,20,8,float64,42,128,2,128,2,1,0.25,xxz-matching,xxz-matching,5,5,,,2+2+2+2+2,2+2+2+2+2,not_applicable,optimized,5,3,5,1.167769581,1.167769581,1.167769581,1.167769581,0.0,0.281292796,0.0,0.886476785,,,,/home/rzzhang/sad_merged/sad/build/joint_xxz/f128r2_b128r2-m1-fae7f81cf230
2026-08-23T08:00:22.928002+00:00,20260823T075745,joint:xxz-hva:8:f9f15de81e5e4bf1,ok,,xxz-hva,8,8,float64,42,32,2,128,2,2,0.75,xxz-matching,xxz-matching,4,3,,,1+1+1+1,2+1+1,not_applicable,optimized,20,3,20,0.0450591995,0.0450591995,0.0450591995,0.0450591995,0.0,0.0165152,0.0,0.0285439995,,,,/home/rzzhang/sad_merged/sad/build/joint_xxz/f32r2_b128r2-m2-dc52a30a7eed
2026-08-23T08:00:23.379778+00:00,20260823T075745,joint:xxz-hva:20:31d43ef3f4a95ae5,ok,,xxz-hva,20,8,float64,42,32,2,32,2,1,0.25,xxz-matching,xxz-matching,6,6,,,2+2+2+2+1+1,2+2+2+2+1+1,not_applicable,optimized,5,3,5,1.1364480255,1.1364480255,1.1364480255,1.1364480255,0.0,0.279859215,0.0,0.8565888104999999,,,,/home/rzzhang/sad_merged/sad/build/joint_xxz/f32r2_b32r2-m1-13414f75e200
2026-08-23T08:00:23.816869+00:00,20260823T075745,joint:xxz-hva:14:7ba8693587a463f7,ok,,xxz-hva,14,8,float64,42,32,2,32,2,2,0.5,xxz-matching,xxz-matching,5,5,,,2+2+1+1+1,2+2+1+1+1,not_applicable,optimized,10,3,10,0.0722032025,0.0722032025,0.0722032025,0.0722032025,0.0,0.028017601,0.0,0.0441856015,,,,/home/rzzhang/sad_merged/sad/build/joint_xxz/f32r2_b32r2-m2-1e9e397a047c
2026-08-23T08:00:24.241960+00:00,20260823T075745,joint:xxz-hva:8:e9eca3cc25b7efc5,ok,,xxz-hva,8,8,float64,42,32,2,128,2,1,0.0,xxz-matching,xxz-matching,2,1,,,2+2,4,not_applicable,optimized,20,3,20,0.031476000000000004,0.031476000000000004,0.031476000000000004,0.031476000000000004,0.0,0.009976800000000001,0.0,0.0214992,,,,/home/rzzhang/sad_merged/sad/build/joint_xxz/f32r2_b128r2-m1-d6d8eb72a995
2026-08-23T08:00:24.650985+00:00,20260823T075745,joint:xxz-hva:10:d0e5b1ef2391124f,ok,,xxz-hva,10,8,float64,42,64,2,64,2,1,0.5,xxz-matching,xxz-matching,4,4,,,2+1+1+1,2+1+1+1,not_applicable,optimized,10,3,10,0.054459200000000006,0.054459200000000006,0.054459200000000006,0.054459200000000006,0.0,0.0194992005,0.0,0.034959999500000005,,,,/home/rzzhang/sad_merged/sad/build/joint_xxz/f64r2_b64r2-m1-b00ee0bf62ea
2026-08-23T08:00:25.078809+00:00,20260823T075745,joint:xxz-hva:26:20810aaa9cada1de,ok,,xxz-hva,26,8,float64,42,128,2,32,2,2,0.75,xxz-matching,xxz-matching,11,11,,,2+2+1+1+1+1+1+1+1+1+1,2+2+1+1+1+1+1+1+1+1+1,not_applicable,optimized,2,3,2,93.5418891905,93.5418891905,93.5418891905,93.5418891905,0.0,27.204864502,0.0,66.33702468850001,,,,/home/rzzhang/sad_merged/sad/build/joint_xxz/f128r2_b32r2-m2-8400b296af60
2026-08-23T08:00:26.615465+00:00,20260823T075745,joint:xxz-hva:10:04afde2a6b5b9e96,ok,,xxz-hva,10,8,float64,42,32,2,128,2,2,0.75,xxz-matching,xxz-matching,4,4,,,2+1+1+1,2+1+1+1,not_applicable,optimized,10,3,10,0.06819839999999999,0.06819839999999999,0.06819839999999999,0.06819839999999999,0.0,0.0182783995,0.0,0.0499200005,,,,/home/rzzhang/sad_merged/sad/build/joint_xxz/f32r2_b128r2-m2-dc52a30a7eed
2026-08-23T08:00:27.038974+00:00,20260823T075745,joint:xxz-hva:4:82a5494204dd896e,ok,,xxz-hva,4,8,float64,42,64,2,64,2,2,0.75,xxz-matching,xxz-matching,2,2,,,1+1,1+1,not_applicable,optimized,20,3,20,0.0150488,0.0150488,0.0150488,0.0150488,0.0,0.0057599999999999995,0.0,0.0092888,,,,/home/rzzhang/sad_merged/sad/build/joint_xxz/f64r2_b64r2-m2-e933a4f0a9e2
2026-08-23T08:00:27.464968+00:00,20260823T075745,joint:xxz-hva:18:286e1a4ee34c6b1a,ok,,xxz-hva,18,8,float64,42,128,2,32,2,2,0.5,xxz-matching,xxz-matching,6,6,,,2+2+2+1+1+1,2+2+2+1+1+1,not_applicable,optimized,5,3,5,0.3213151915,0.3213151915,0.3213151915,0.3213151915,0.0,0.0970591975,0.0,0.224255994,,,,/home/rzzhang/sad_merged/sad/build/joint_xxz/f128r2_b32r2-m2-8400b296af60
2026-08-23T08:00:27.921364+00:00,20260823T075745,joint:xxz-hva:20:d947c2c4e4a6213f,ok,,xxz-hva,20,8,float64,42,32,2,32,2,2,0.25,xxz-matching,xxz-matching,6,6,,,2+2+2+2+1+1,2+2+2+2+1+1,not_applicable,optimized,5,3,5,1.136336043,1.136336043,1.136336043,1.136336043,0.0,0.279830411,0.0,0.856505632,,,,/home/rzzhang/sad_merged/sad/build/joint_xxz/f32r2_b32r2-m2-1e9e397a047c
2026-08-23T08:00:28.370121+00:00,20260823T075745,joint:xxz-hva:26:e3594f9f6b358875,ok,,xxz-hva,26,8,float64,42,32,2,32,2,2,0.75,xxz-matching,xxz-matching,11,11,,,2+2+1+1+1+1+1+1+1+1+1,2+2+1+1+1+1+1+1+1+1+1,not_applicable,optimized,2,3,2,93.99971962,93.99971962,93.99971962,93.99971962,0.0,27.137872696000002,0.0,66.86184692399999,,,,/home/rzzhang/sad_merged/sad/build/joint_xxz/f32r2_b32r2-m2-1e9e397a047c
2026-08-23T08:00:29.865326+00:00,20260823T075745,joint:xxz-hva:20:5897926621a622ea,ok,,xxz-hva,20,8,float64,42,64,2,64,2,1,1.0,xxz-matching,xxz-matching,10,10,,,1+1+1+1+1+1+1+1+1+1,1+1+1+1+1+1+1+1+1+1,not_applicable,optimized,5,3,5,1.207913652,1.207913652,1.207913652,1.207913652,0.0,0.3089631945,0.0,0.8989504575,,,,/home/rzzhang/sad_merged/sad/build/joint_xxz/f64r2_b64r2-m1-b00ee0bf62ea
2026-08-23T08:00:30.329157+00:00,20260823T075745,joint:xxz-hva:10:be0e7e6186255b79,ok,,xxz-hva,10,8,float64,42,64,2,64,2,1,1.0,xxz-matching,xxz-matching,5,5,,,1+1+1+1+1,1+1+1+1+1,not_applicable,optimized,10,3,10,0.0619840015,0.0619840015,0.0619840015,0.0619840015,0.0,0.0231344,0.0,0.0388496015,,,,/home/rzzhang/sad_merged/sad/build/joint_xxz/f64r2_b64r2-m1-b00ee0bf62ea
2026-08-23T08:00:30.783838+00:00,20260823T075745,joint:xxz-hva:14:d6d6b196ddaddf64,ok,,xxz-hva,14,8,float64,42,64,2,64,2,2,0.0,xxz-matching,xxz-matching,2,2,,,4+3,4+3,not_applicable,optimized,10,3,10,0.054015999999999995,0.054015999999999995,0.054015999999999995,0.054015999999999995,0.0,0.0164352005,0.0,0.0375807995,,,,/home/rzzhang/sad_merged/sad/build/joint_xxz/f64r2_b64r2-m2-e933a4f0a9e2
2026-08-23T08:00:31.245743+00:00,20260823T075745,joint:xxz-hva:26:292c6dbbda41a43e,ok,,xxz-hva,26,8,float64,42,32,2,32,2,2,1.0,xxz-matching,xxz-matching,13,13,,,1+1+1+1+1+1+1+1+1+1+1+1+1,1+1+1+1+1+1+1+1+1+1+1+1+1,not_applicable,optimized,2,3,2,97.855096817,97.855096817,97.855096817,97.855096817,0.0,30.4085674285,0.0,67.4465293885,,,,/home/rzzhang/sad_merged/sad/build/joint_xxz/f32r2_b32r2-m2-1e9e397a047c
2026-08-23T08:00:32.814391+00:00,20260823T075745,joint:xxz-hva:6:ad05b9aeb1ded591,ok,,xxz-hva,6,8,float64,42,32,2,32,2,1,1.0,xxz-matching,xxz-matching,3,3,,,1+1+1,1+1+1,not_applicable,optimized,20,3,20,0.02522,0.02522,0.02522,0.02522,0.0,0.0099304,0.0,0.0152896,,,,/home/rzzhang/sad_merged/sad/build/joint_xxz/f32r2_b32r2-m1-13414f75e200
2026-08-23T08:00:33.235704+00:00,20260823T075745,joint:xxz-hva:18:3e44b9949f33bb43,ok,,xxz-hva,18,8,float64,42,128,2,128,2,2,0.75,xxz-matching,xxz-matching,8,8,,,2+1+1+1+1+1+1+1,2+1+1+1+1+1+1+1,not_applicable,optimized,5,3,5,0.35820158550000003,0.35820158550000003,0.35820158550000003,0.35820158550000003,0.0,0.1092607975,0.0,0.24894078800000002,,,,/home/rzzhang/sad_merged/sad/build/joint_xxz/f128r2_b128r2-m2-f42c0b5be0d7
2026-08-23T08:00:33.672165+00:00,20260823T075745,joint:xxz-hva:28:43062b3c04ba3a54,ok,,xxz-hva,28,8,float64,42,128,2,32,2,2,0.0,xxz-matching,xxz-matching,4,5,,,4+4+3+3,3+3+3+3+2,not_applicable,optimized,2,3,2,356.41621398949997,356.41621398949997,356.41621398949997,356.41621398949997,0.0,82.99075317399999,0.0,273.4254608155,,,,/home/rzzhang/sad_merged/sad/build/joint_xxz/f128r2_b32r2-m2-8400b296af60
2026-08-23T08:00:38.068873+00:00,20260823T075745,joint:xxz-hva:20:a30e608dbdf37045,ok,,xxz-hva,20,8,float64,42,128,2,32,2,1,0.25,xxz-matching,xxz-matching,5,6,,,2+2+2+2+2,2+2+2+2+1+1,not_applicable,optimized,5,3,5,1.1301599745000002,1.1301599745000002,1.1301599745000002,1.1301599745000002,0.0,0.2736831905,0.0,0.856476784,,,,/home/rzzhang/sad_merged/sad/build/joint_xxz/f128r2_b32r2-m1-a46c23c4be26
2026-08-23T08:00:38.552278+00:00,20260823T075745,joint:xxz-hva:16:99c796dca2afed50,ok,,xxz-hva,16,8,float64,42,32,2,32,2,1,1.0,xxz-matching,xxz-matching,8,8,,,1+1+1+1+1+1+1+1,1+1+1+1+1+1+1+1,not_applicable,optimized,5,3,5,0.143654395,0.143654395,0.143654395,0.143654395,0.0,0.053855997,0.0,0.089798398,,,,/home/rzzhang/sad_merged/sad/build/joint_xxz/f32r2_b32r2-m1-13414f75e200
2026-08-23T08:00:38.977649+00:00,20260823T075745,joint:xxz-hva:6:ec40a1297a16ba5e,ok,,xxz-hva,6,8,float64,42,32,2,32,2,1,0.75,xxz-matching,xxz-matching,2,2,,,2+1,2+1,not_applicable,optimized,20,3,20,0.0197535995,0.0197535995,0.0197535995,0.0197535995,0.0,0.0073472,0.0,0.0124063995,,,,/home/rzzhang/sad_merged/sad/build/joint_xxz/f32r2_b32r2-m1-13414f75e200
2026-08-23T08:00:39.407460+00:00,20260823T075745,joint:xxz-hva:22:0401dd7a847e2444,ok,,xxz-hva,22,8,float64,42,128,2,32,2,1,0.0,xxz-matching,xxz-matching,3,4,,,4+4+3,3+3+3+2,not_applicable,optimized,3,3,3,4.712058663,4.712058663,4.712058663,4.712058663,0.0,1.073493361,0.0,3.638565302,,,,/home/rzzhang/sad_merged/sad/build/joint_xxz/f128r2_b32r2-m1-a46c23c4be26
2026-08-23T08:00:39.896655+00:00,20260823T075745,joint:xxz-hva:24:07c598ea7671f4d6,ok,,xxz-hva,24,8,float64,42,32,2,32,2,2,1.0,xxz-matching,xxz-matching,12,12,,,1+1+1+1+1+1+1+1+1+1+1+1,1+1+1+1+1+1+1+1+1+1+1+1,not_applicable,optimized,3,3,3,22.8644850255,22.8644850255,22.8644850255,22.8644850255,0.0,7.0551893715,0.0,15.809295654,,,,/home/rzzhang/sad_merged/sad/build/joint_xxz/f32r2_b32r2-m2-1e9e397a047c
2026-08-23T08:00:40.611216+00:00,20260823T075745,joint:xxz-hva:18:a4c0c381ba537ca7,ok,,xxz-hva,18,8,float64,42,32,2,32,2,2,1.0,xxz-matching,xxz-matching,9,9,,,1+1+1+1+1+1+1+1+1,1+1+1+1+1+1+1+1+1,not_applicable,optimized,5,3,5,0.3488736005,0.3488736005,0.3488736005,0.3488736005,0.0,0.1086592005,0.0,0.2402144,,,,/home/rzzhang/sad_merged/sad/build/joint_xxz/f32r2_b32r2-m2-1e9e397a047c
2026-08-23T08:00:41.078189+00:00,20260823T075745,joint:xxz-hva:28:38d60d92065fa481,ok,,xxz-hva,28,8,float64,42,32,2,32,2,2,0.0,xxz-matching,xxz-matching,5,5,,,3+3+3+3+2,3+3+3+3+2,not_applicable,optimized,2,3,2,356.56071090700004,356.56071090700004,356.56071090700004,356.56071090700004,0.0,82.6703910825,0.0,273.8903198245,,,,/home/rzzhang/sad_merged/sad/build/joint_xxz/f32r2_b32r2-m2-1e9e397a047c
2026-08-23T08:00:45.534453+00:00,20260823T075745,joint:xxz-hva:10:68d559ec117a3317,ok,,xxz-hva,10,8,float64,42,128,2,128,2,2,1.0,xxz-matching,xxz-matching,5,5,,,1+1+1+1+1,1+1+1+1+1,not_applicable,optimized,10,3,10,0.08236320050000001,0.08236320050000001,0.08236320050000001,0.08236320050000001,0.0,0.0281967995,0.0,0.054166401,,,,/home/rzzhang/sad_merged/sad/build/joint_xxz/f128r2_b128r2-m2-f42c0b5be0d7
2026-08-23T08:00:46.006152+00:00,20260823T075745,joint:xxz-hva:12:21afddf612358346,ok,,xxz-hva,12,8,float64,42,32,2,32,2,2,0.0,xxz-matching,xxz-matching,2,2,,,3+3,3+3,not_applicable,optimized,10,3,10,0.03988,0.03988,0.03988,0.03988,0.0,0.0131151995,0.0,0.026764800499999998,,,,/home/rzzhang/sad_merged/sad/build/joint_xxz/f32r2_b32r2-m2-1e9e397a047c
2026-08-23T08:00:46.431034+00:00,20260823T075745,joint:xxz-hva:22:aa247dd5ced27adb,ok,,xxz-hva,22,8,float64,42,128,2,32,2,1,0.5,xxz-matching,xxz-matching,7,8,,,2+2+2+2+1+1+1,2+2+2+1+1+1+1+1,not_applicable,optimized,3,3,3,4.806272030000001,4.806272030000001,4.806272030000001,4.806272030000001,0.0,1.1103359460000002,0.0,3.695936084,,,,/home/rzzhang/sad_merged/sad/build/joint_xxz/f128r2_b32r2-m1-a46c23c4be26
2026-08-23T08:00:46.916163+00:00,20260823T075745,joint:xxz-hva:14:7af6f6270bd2affb,ok,,xxz-hva,14,8,float64,42,32,2,128,2,2,0.75,xxz-matching,xxz-matching,6,6,,,2+1+1+1+1+1,2+1+1+1+1+1,not_applicable,optimized,10,3,10,0.109980803,0.109980803,0.109980803,0.109980803,0.0,0.0323104005,0.0,0.0776704025,,,,/home/rzzhang/sad_merged/sad/build/joint_xxz/f32r2_b128r2-m2-dc52a30a7eed
2026-08-23T08:00:47.350727+00:00,20260823T075745,joint:xxz-hva:12:18ce339bc41c34b8,ok,,xxz-hva,12,8,float64,42,32,2,128,2,2,0.75,xxz-matching,xxz-matching,5,5,,,2+1+1+1+1,2+1+1+1+1,not_applicable,optimized,10,3,10,0.08832000050000001,0.08832000050000001,0.08832000050000001,0.08832000050000001,0.0,0.025241600500000003,0.0,0.0630784,,,,/home/rzzhang/sad_merged/sad/build/joint_xxz/f32r2_b128r2-m2-dc52a30a7eed
2026-08-23T08:00:47.775583+00:00,20260823T075745,joint:xxz-hva:20:16afb3ef43536e4b,ok,,xxz-hva,20,8,float64,42,128,2,128,2,2,0.75,xxz-matching,xxz-matching,8,8,,,2+2+1+1+1+1+1+1,2+2+1+1+1+1+1+1,not_applicable,optimized,5,3,5,1.2089567479999999,1.2089567479999999,1.2089567479999999,1.2089567479999999,0.0,0.3030015825,0.0,0.9059551655,,,,/home/rzzhang/sad_merged/sad/build/joint_xxz/f128r2_b128r2-m2-f42c0b5be0d7
2026-08-23T08:00:48.224589+00:00,20260823T075745,joint:xxz-hva:20:0c71726732306d45,ok,,xxz-hva,20,8,float64,42,128,2,128,2,1,1.0,xxz-matching,xxz-matching,10,10,,,1+1+1+1+1+1+1+1+1+1,1+1+1+1+1+1+1+1+1+1,not_applicable,optimized,5,3,5,1.2407743629999999,1.2407743629999999,1.2407743629999999,1.2407743629999999,0.0,0.3181471825,0.0,0.9226271804999999,,,,/home/rzzhang/sad_merged/sad/build/joint_xxz/f128r2_b128r2-m1-fae7f81cf230
2026-08-23T08:00:48.678180+00:00,20260823T075745,joint:xxz-hva:10:9bd79e1fb11e86ff,ok,,xxz-hva,10,8,float64,42,128,2,128,2,2,0.0,xxz-matching,xxz-matching,2,2,,,3+2,3+2,not_applicable,optimized,10,3,10,0.058702399,0.058702399,0.058702399,0.058702399,0.0,0.016879999,0.0,0.0418224,,,,/home/rzzhang/sad_merged/sad/build/joint_xxz/f128r2_b128r2-m2-f42c0b5be0d7
2026-08-23T08:00:49.109995+00:00,20260823T075745,joint:xxz-hva:22:b6785662369036f6,ok,,xxz-hva,22,8,float64,42,128,2,32,2,1,0.25,xxz-matching,xxz-matching,5,6,,,3+2+2+2+2,2+2+2+2+2+1,not_applicable,optimized,3,3,3,4.748218775,4.748218775,4.748218775,4.748218775,0.0,1.0900213719999998,0.0,3.658197403,,,,/home/rzzhang/sad_merged/sad/build/joint_xxz/f128r2_b32r2-m1-a46c23c4be26
2026-08-23T08:00:49.590885+00:00,20260823T075745,joint:xxz-hva:12:10ed61e55b1af676,ok,,xxz-hva,12,8,float64,42,64,2,64,2,2,1.0,xxz-matching,xxz-matching,6,6,,,1+1+1+1+1+1,1+1+1+1+1+1,not_applicable,optimized,10,3,10,0.0798736005,0.0798736005,0.0798736005,0.0798736005,0.0,0.030307201,0.0,0.0495663995,,,,/home/rzzhang/sad_merged/sad/build/joint_xxz/f64r2_b64r2-m2-e933a4f0a9e2
2026-08-23T08:00:50.008080+00:00,20260823T075745,joint:xxz-hva:12:90b85481d5974c09,ok,,xxz-hva,12,8,float64,42,32,2,32,2,1,0.0,xxz-matching,xxz-matching,2,2,,,3+3,3+3,not_applicable,optimized,10,3,10,0.039929599999999996,0.039929599999999996,0.039929599999999996,0.039929599999999996,0.0,0.0131983995,0.0,0.0267312005,,,,/home/rzzhang/sad_merged/sad/build/joint_xxz/f32r2_b32r2-m1-13414f75e200
2026-08-23T08:00:50.431865+00:00,20260823T075745,joint:xxz-hva:26:6bc040bb08b977fa,ok,,xxz-hva,26,8,float64,42,32,2,128,2,1,0.5,xxz-matching,xxz-matching,9,8,,,2+2+2+2+1+1+1+1+1,2+2+2+2+2+1+1+1,not_applicable,optimized,2,3,2,91.279135704,91.279135704,91.279135704,91.279135704,0.0,23.912768364,0.0,67.36636734,,,,/home/rzzhang/sad_merged/sad/build/joint_xxz/f32r2_b128r2-m1-d6d8eb72a995
2026-08-23T08:00:51.929892+00:00,20260823T075745,joint:xxz-hva:10:ca60de52036055fb,ok,,xxz-hva,10,8,float64,42,32,2,128,2,1,1.0,xxz-matching,xxz-matching,5,5,,,1+1+1+1+1,1+1+1+1+1,not_applicable,optimized,10,3,10,0.0763039985,0.0763039985,0.0763039985,0.0763039985,0.0,0.0222208005,0.0,0.054083198,,,,/home/rzzhang/sad_merged/sad/build/joint_xxz/f32r2_b128r2-m1-d6d8eb72a995
2026-08-23T08:00:52.372439+00:00,20260823T075745,joint:xxz-hva:22:6174ab21a1cc6953,ok,,xxz-hva,22,8,float64,42,32,2,128,2,1,0.25,xxz-matching,xxz-matching,6,5,,,2+2+2+2+2+1,3+2+2+2+2,not_applicable,optimized,3,3,3,4.853770614,4.853770614,4.853770614,4.853770614,0.0,1.093290687,0.0,3.760479927,,,,/home/rzzhang/sad_merged/sad/build/joint_xxz/f32r2_b128r2-m1-d6d8eb72a995
2026-08-23T08:00:52.859643+00:00,20260823T075745,joint:xxz-hva:28:05c1ebfb61a2adab,ok,,xxz-hva,28,8,float64,42,128,2,128,2,1,0.25,xxz-matching,xxz-matching,6,6,,,3+3+2+2+2+2,3+3+2+2+2+2,not_applicable,optimized,2,3,2,364.1765441895,364.1765441895,364.1765441895,364.1765441895,0.0,83.565826416,0.0,280.6107177735,,,,/home/rzzhang/sad_merged/sad/build/joint_xxz/f128r2_b128r2-m1-fae7f81cf230
2026-08-23T08:00:57.341058+00:00,20260823T075745,joint:xxz-hva:8:93f0a8488d72cbcc,ok,,xxz-hva,8,8,float64,42,32,2,32,2,2,0.5,xxz-matching,xxz-matching,3,3,,,2+1+1,2+1+1,not_applicable,optimized,20,3,20,0.0346056,0.0346056,0.0346056,0.0346056,0.0,0.0123424,0.0,0.0222632,,,,/home/rzzhang/sad_merged/sad/build/joint_xxz/f32r2_b32r2-m2-1e9e397a047c
2026-08-23T08:00:57.768953+00:00,20260823T075745,joint:xxz-hva:4:af12b7463de04a10,ok,,xxz-hva,4,8,float64,42,128,2,32,2,2,0.5,xxz-matching,xxz-matching,2,2,,,1+1,1+1,not_applicable,optimized,20,3,20,0.014844,0.014844,0.014844,0.014844,0.0,0.0061416000000000005,0.0,0.008702399999999999,,,,/home/rzzhang/sad_merged/sad/build/joint_xxz/f128r2_b32r2-m2-8400b296af60
2026-08-23T08:00:58.190412+00:00,20260823T075745,joint:xxz-hva:12:1d0eba332e8fe9bd,ok,,xxz-hva,12,8,float64,42,32,2,32,2,2,0.75,xxz-matching,xxz-matching,5,5,,,2+1+1+1+1,2+1+1+1+1,not_applicable,optimized,10,3,10,0.06400159999999999,0.06400159999999999,0.06400159999999999,0.06400159999999999,0.0,0.025195201,0.0,0.038806399,,,,/home/rzzhang/sad_merged/sad/build/joint_xxz/f32r2_b32r2-m2-1e9e397a047c
2026-08-23T08:00:58.608532+00:00,20260823T075745,joint:xxz-hva:22:1fe551058e1f1183,ok,,xxz-hva,22,8,float64,42,64,2,64,2,1,0.75,xxz-matching,xxz-matching,9,9,,,2+2+1+1+1+1+1+1+1,2+2+1+1+1+1+1+1+1,not_applicable,optimized,3,3,3,4.908229351,4.908229351,4.908229351,4.908229351,0.0,1.117856026,0.0,3.790373325,,,,/home/rzzhang/sad_merged/sad/build/joint_xxz/f64r2_b64r2-m1-b00ee0bf62ea
2026-08-23T08:00:59.085535+00:00,20260823T075745,joint:xxz-hva:16:13715a2db1dbe5eb,ok,,xxz-hva,16,8,float64,42,128,2,128,2,1,1.0,xxz-matching,xxz-matching,8,8,,,1+1+1+1+1+1+1+1,1+1+1+1+1+1+1+1,not_applicable,optimized,5,3,5,0.161388799,0.161388799,0.161388799,0.161388799,0.0,0.059596799,0.0,0.101792,,,,/home/rzzhang/sad_merged/sad/build/joint_xxz/f128r2_b128r2-m1-fae7f81cf230
2026-08-23T08:00:59.502281+00:00,20260823T075745,joint:xxz-hva:12:f26ec9edd2826281,ok,,xxz-hva,12,8,float64,42,128,2,128,2,2,0.0,xxz-matching,xxz-matching,2,2,,,3+3,3+3,not_applicable,optimized,10,3,10,0.0692383985,0.0692383985,0.0692383985,0.0692383985,0.0,0.0195888005,0.0,0.049649598,,,,/home/rzzhang/sad_merged/sad/build/joint_xxz/f128r2_b128r2-m2-f42c0b5be0d7
2026-08-23T08:00:59.924601+00:00,20260823T075745,joint:xxz-hva:6:7e3f0bd367b618de,ok,,xxz-hva,6,8,float64,42,64,2,64,2,1,0.0,xxz-matching,xxz-matching,1,1,,,3,3,not_applicable,optimized,20,3,20,0.014976,0.014976,0.014976,0.014976,0.0,0.0045312,0.0,0.0104448,,,,/home/rzzhang/sad_merged/sad/build/joint_xxz/f64r2_b64r2-m1-b00ee0bf62ea
2026-08-23T08:01:00.378644+00:00,20260823T075745,joint:xxz-hva:4:26b3fc36e1351db3,ok,,xxz-hva,4,8,float64,42,32,2,128,2,2,1.0,xxz-matching,xxz-matching,2,2,,,1+1,1+1,not_applicable,optimized,20,3,20,0.0162768,0.0162768,0.0162768,0.0162768,0.0,0.0058832,0.0,0.0103936,,,,/home/rzzhang/sad_merged/sad/build/joint_xxz/f32r2_b128r2-m2-dc52a30a7eed
2026-08-23T08:01:00.801451+00:00,20260823T075745,joint:xxz-hva:22:dde7456adf608f80,ok,,xxz-hva,22,8,float64,42,64,2,64,2,2,0.25,xxz-matching,xxz-matching,5,5,,,3+2+2+2+2,3+2+2+2+2,not_applicable,optimized,3,3,3,4.7846986650000005,4.7846986650000005,4.7846986650000005,4.7846986650000005,0.0,1.0840693115,0.0,3.7006293535,,,,/home/rzzhang/sad_merged/sad/build/joint_xxz/f64r2_b64r2-m2-e933a4f0a9e2
2026-08-23T08:01:01.303362+00:00,20260823T075745,joint:xxz-hva:10:2c88001bdf0ded89,ok,,xxz-hva,10,8,float64,42,32,2,32,2,1,1.0,xxz-matching,xxz-matching,5,5,,,1+1+1+1+1,1+1+1+1+1,not_applicable,optimized,10,3,10,0.056385601,0.056385601,0.056385601,0.056385601,0.0,0.022312,0.0,0.034073601,,,,/home/rzzhang/sad_merged/sad/build/joint_xxz/f32r2_b32r2-m1-13414f75e200
2026-08-23T08:01:01.720350+00:00,20260823T075745,joint:xxz-hva:18:551f7757cbb6b12a,ok,,xxz-hva,18,8,float64,42,32,2,32,2,1,0.5,xxz-matching,xxz-matching,6,6,,,2+2+2+1+1+1,2+2+2+1+1+1,not_applicable,optimized,5,3,5,0.314966395,0.314966395,0.314966395,0.314966395,0.0,0.09115520099999999,0.0,0.223811194,,,,/home/rzzhang/sad_merged/sad/build/joint_xxz/f32r2_b32r2-m1-13414f75e200
2026-08-23T08:01:02.140043+00:00,20260823T075745,joint:xxz-hva:28:3aa5cbce73c5b4ed,ok,,xxz-hva,28,8,float64,42,32,2,128,2,2,0.5,xxz-matching,xxz-matching,10,9,,,2+2+2+2+1+1+1+1+1+1,2+2+2+2+2+1+1+1+1,not_applicable,optimized,2,3,2,383.6495971685,383.6495971685,383.6495971685,383.6495971685,0.0,102.696487427,0.0,280.95310974150004,,,,/home/rzzhang/sad_merged/sad/build/joint_xxz/f32r2_b128r2-m2-dc52a30a7eed
2026-08-23T08:01:06.797781+00:00,20260823T075745,joint:xxz-hva:14:62e329da2cab3217,ok,,xxz-hva,14,8,float64,42,64,2,64,2,1,0.25,xxz-matching,xxz-matching,3,3,,,3+2+2,3+2+2,not_applicable,optimized,10,3,10,0.0621472,0.0621472,0.0621472,0.0621472,0.0,0.0200768,0.0,0.0420704,,,,/home/rzzhang/sad_merged/sad/build/joint_xxz/f64r2_b64r2-m1-b00ee0bf62ea
2026-08-23T08:01:07.270179+00:00,20260823T075745,joint:xxz-hva:8:1d30acb7eca77fc8,ok,,xxz-hva,8,8,float64,42,128,2,32,2,2,0.25,xxz-matching,xxz-matching,2,2,,,2+2,2+2,not_applicable,optimized,20,3,20,0.030395198000000002,0.030395198000000002,0.030395198000000002,0.030395198000000002,0.0,0.011425599000000002,0.0,0.018969599,,,,/home/rzzhang/sad_merged/sad/build/joint_xxz/f128r2_b32r2-m2-8400b296af60
2026-08-23T08:01:07.690275+00:00,20260823T075745,joint:xxz-hva:18:18f562d5b4e0ca49,ok,,xxz-hva,18,8,float64,42,64,2,64,2,2,1.0,xxz-matching,xxz-matching,9,9,,,1+1+1+1+1+1+1+1+1,1+1+1+1+1+1+1+1+1,not_applicable,optimized,5,3,5,0.3574943955,0.3574943955,0.3574943955,0.3574943955,0.0,0.111254398,0.0,0.2462399975,,,,/home/rzzhang/sad_merged/sad/build/joint_xxz/f64r2_b64r2-m2-e933a4f0a9e2
2026-08-23T08:01:08.140816+00:00,20260823T075745,joint:xxz-hva:6:3ca93760a4de0200,ok,,xxz-hva,6,8,float64,42,128,2,32,2,1,0.0,xxz-matching,xxz-matching,1,1,,,3,3,not_applicable,optimized,20,3,20,0.014448800000000001,0.014448800000000001,0.014448800000000001,0.014448800000000001,0.0,0.004908,0.0,0.0095408,,,,/home/rzzhang/sad_merged/sad/build/joint_xxz/f128r2_b32r2-m1-a46c23c4be26
2026-08-23T08:01:08.563011+00:00,20260823T075745,joint:xxz-hva:22:83dac81b36f59b33,ok,,xxz-hva,22,8,float64,42,32,2,128,2,2,0.75,xxz-matching,xxz-matching,9,9,,,2+2+1+1+1+1+1+1+1,2+2+1+1+1+1+1+1+1,not_applicable,optimized,3,3,3,4.96345061,4.96345061,4.96345061,4.96345061,0.0,1.1197440025,0.0,3.8437066074999997,,,,/home/rzzhang/sad_merged/sad/build/joint_xxz/f32r2_b128r2-m2-dc52a30a7eed
2026-08-23T08:01:09.042349+00:00,20260823T075745,joint:xxz-hva:14:8438497f9568a67b,ok,,xxz-hva,14,8,float64,42,64,2,64,2,1,0.75,xxz-matching,xxz-matching,6,6,,,2+1+1+1+1+1,2+1+1+1+1+1,not_applicable,optimized,10,3,10,0.090111997,0.090111997,0.090111997,0.090111997,0.0,0.033894397,0.0,0.0562176,,,,/home/rzzhang/sad_merged/sad/build/joint_xxz/f64r2_b64r2-m1-b00ee0bf62ea
2026-08-23T08:01:09.474035+00:00,20260823T075745,joint:xxz-hva:6:ad54a2716d77d80b,ok,,xxz-hva,6,8,float64,42,64,2,64,2,2,0.25,xxz-matching,xxz-matching,2,2,,,2+1,2+1,not_applicable,optimized,20,3,20,0.0203863995,0.0203863995,0.0203863995,0.0203863995,0.0,0.0072440000000000004,0.0,0.013142399499999999,,,,/home/rzzhang/sad_merged/sad/build/joint_xxz/f64r2_b64r2-m2-e933a4f0a9e2
2026-08-23T08:01:09.896398+00:00,20260823T075745,joint:xxz-hva:10:a8873cdb57012c01,ok,,xxz-hva,10,8,float64,42,128,2,128,2,1,0.5,xxz-matching,xxz-matching,4,4,,,2+1+1+1,2+1+1+1,not_applicable,optimized,10,3,10,0.0749744,0.0749744,0.0749744,0.0749744,0.0,0.025071999999999997,0.0,0.0499024,,,,/home/rzzhang/sad_merged/sad/build/joint_xxz/f128r2_b128r2-m1-fae7f81cf230
2026-08-23T08:01:10.315638+00:00,20260823T075745,joint:xxz-hva:16:17843549e3428310,ok,,xxz-hva,16,8,float64,42,32,2,32,2,2,1.0,xxz-matching,xxz-matching,8,8,,,1+1+1+1+1+1+1+1,1+1+1+1+1+1+1+1,not_applicable,optimized,5,3,5,0.143513599,0.143513599,0.143513599,0.143513599,0.0,0.0538208015,0.0,0.0896927975,,,,/home/rzzhang/sad_merged/sad/build/joint_xxz/f32r2_b32r2-m2-1e9e397a047c
2026-08-23T08:01:10.735218+00:00,20260823T075745,joint:xxz-hva:6:d6d89e68eb524d82,ok,,xxz-hva,6,8,float64,42,128,2,32,2,2,0.0,xxz-matching,xxz-matching,1,1,,,3,3,not_applicable,optimized,20,3,20,0.0144328,0.0144328,0.0144328,0.0144328,0.0,0.0049096,0.0,0.0095232,,,,/home/rzzhang/sad_merged/sad/build/joint_xxz/f128r2_b32r2-m2-8400b296af60
2026-08-23T08:01:11.155783+00:00,20260823T075745,joint:xxz-hva:18:8086b87c0e3df396,ok,,xxz-hva,18,8,float64,42,128,2,128,2,1,0.75,xxz-matching,xxz-matching,8,8,,,2+1+1+1+1+1+1+1,2+1+1+1+1+1+1+1,not_applicable,optimized,5,3,5,0.357888013,0.357888013,0.357888013,0.357888013,0.0,0.1092607975,0.0,0.2486272155,,,,/home/rzzhang/sad_merged/sad/build/joint_xxz/f128r2_b128r2-m1-fae7f81cf230
2026-08-23T08:01:11.584777+00:00,20260823T075745,joint:xxz-hva:18:2eb6cf30f6296895,ok,,xxz-hva,18,8,float64,42,64,2,64,2,2,0.0,xxz-matching,xxz-matching,3,3,,,3+3+3,3+3+3,not_applicable,optimized,5,3,5,0.295833599,0.295833599,0.295833599,0.295833599,0.0,0.0774144045,0.0,0.2184191945,,,,/home/rzzhang/sad_merged/sad/build/joint_xxz/f64r2_b64r2-m2-e933a4f0a9e2
2026-08-23T08:01:12.001544+00:00,20260823T075745,joint:xxz-hva:20:0f1463dbaa855287,ok,,xxz-hva,20,8,float64,42,64,2,64,2,1,0.75,xxz-matching,xxz-matching,8,8,,,2+2+1+1+1+1+1+1,2+2+1+1+1+1+1+1,not_applicable,optimized,5,3,5,1.1802303795,1.1802303795,1.1802303795,1.1802303795,0.0,0.2951872055,0.0,0.885043174,,,,/home/rzzhang/sad_merged/sad/build/joint_xxz/f64r2_b64r2-m1-b00ee0bf62ea
2026-08-23T08:01:12.465784+00:00,20260823T075745,joint:xxz-hva:24:ac4eeb331cd0a73d,ok,,xxz-hva,24,8,float64,42,64,2,64,2,1,0.75,xxz-matching,xxz-matching,10,10,,,2+2+1+1+1+1+1+1+1+1,2+2+1+1+1+1+1+1+1+1,not_applicable,optimized,3,3,3,22.313413382,22.313413382,22.313413382,22.313413382,0.0,6.2741706375,0.0,16.0392427445,,,,/home/rzzhang/sad_merged/sad/build/joint_xxz/f64r2_b64r2-m1-b00ee0bf62ea
2026-08-23T08:01:13.173098+00:00,20260823T075745,joint:xxz-hva:26:31690a9316bdd1e7,ok,,xxz-hva,26,8,float64,42,128,2,32,2,1,1.0,xxz-matching,xxz-matching,13,13,,,1+1+1+1+1+1+1+1+1+1+1+1+1,1+1+1+1+1+1+1+1+1+1+1+1+1,not_applicable,optimized,2,3,2,97.12215805000001,97.12215805000001,97.12215805000001,97.12215805000001,0.0,30.456687927,0.0,66.665470123,,,,/home/rzzhang/sad_merged/sad/build/joint_xxz/f128r2_b32r2-m1-a46c23c4be26
2026-08-23T08:01:14.740470+00:00,20260823T075745,joint:xxz-hva:12:2316002e40210d67,ok,,xxz-hva,12,8,float64,42,32,2,128,2,1,0.0,xxz-matching,xxz-matching,2,2,,,3+3,3+3,not_applicable,optimized,10,3,10,0.062035197,0.062035197,0.062035197,0.062035197,0.0,0.0124223995,0.0,0.0496127975,,,,/home/rzzhang/sad_merged/sad/build/joint_xxz/f32r2_b128r2-m1-d6d8eb72a995
2026-08-23T08:01:15.159300+00:00,20260823T075745,joint:xxz-hva:18:151aa007802cef59,ok,,xxz-hva,18,8,float64,42,128,2,32,2,2,0.25,xxz-matching,xxz-matching,4,4,,,3+2+2+2,3+2+2+2,not_applicable,optimized,5,3,5,0.29705599650000003,0.29705599650000003,0.29705599650000003,0.29705599650000003,0.0,0.0841728,0.0,0.2128831965,,,,/home/rzzhang/sad_merged/sad/build/joint_xxz/f128r2_b32r2-m2-8400b296af60
2026-08-23T08:01:15.581669+00:00,20260823T075745,joint:xxz-hva:6:718752ed8c449ee5,ok,,xxz-hva,6,8,float64,42,128,2,128,2,1,1.0,xxz-matching,xxz-matching,3,3,,,1+1+1,1+1+1,not_applicable,optimized,20,3,20,0.028568799500000002,0.028568799500000002,0.028568799500000002,0.028568799500000002,0.0,0.010853600500000001,0.0,0.017715199,,,,/home/rzzhang/sad_merged/sad/build/joint_xxz/f128r2_b128r2-m1-fae7f81cf230
2026-08-23T08:01:15.993959+00:00,20260823T075745,joint:xxz-hva:22:21d06a32bf3d34d7,ok,,xxz-hva,22,8,float64,42,32,2,32,2,2,0.25,xxz-matching,xxz-matching,6,6,,,2+2+2+2+2+1,2+2+2+2+2+1,not_applicable,optimized,3,3,3,4.750805199,4.750805199,4.750805199,4.750805199,0.0,1.093290627,0.0,3.657514572,,,,/home/rzzhang/sad_merged/sad/build/joint_xxz/f32r2_b32r2-m2-1e9e397a047c
2026-08-23T08:01:16.479681+00:00,20260823T075745,joint:xxz-hva:22:deeb68176f786bf0,ok,,xxz-hva,22,8,float64,42,32,2,32,2,2,0.5,xxz-matching,xxz-matching,8,8,,,2+2+2+1+1+1+1+1,2+2+2+1+1+1+1+1,not_applicable,optimized,3,3,3,4.8071628805,4.8071628805,4.8071628805,4.8071628805,0.0,1.111877322,0.0,3.6952855585,,,,/home/rzzhang/sad_merged/sad/build/joint_xxz/f32r2_b32r2-m2-1e9e397a047c
2026-08-23T08:01:16.970258+00:00,20260823T075745,joint:xxz-hva:8:21a51162c75cf723,ok,,xxz-hva,8,8,float64,42,64,2,64,2,1,0.0,xxz-matching,xxz-matching,1,1,,,4,4,not_applicable,optimized,20,3,20,0.0262864,0.0262864,0.0262864,0.0262864,0.0,0.0072192,0.0,0.0190672,,,,/home/rzzhang/sad_merged/sad/build/joint_xxz/f64r2_b64r2-m1-b00ee0bf62ea
2026-08-23T08:01:17.390264+00:00,20260823T075745,joint:xxz-hva:16:59f8de5f3f6e8d9e,ok,,xxz-hva,16,8,float64,42,32,2,32,2,2,0.75,xxz-matching,xxz-matching,7,7,,,2+1+1+1+1+1+1,2+1+1+1+1+1+1,not_applicable,optimized,5,3,5,0.1331872005,0.1331872005,0.1331872005,0.1331872005,0.0,0.0489472,0.0,0.0842400005,,,,/home/rzzhang/sad_merged/sad/build/joint_xxz/f32r2_b32r2-m2-1e9e397a047c
2026-08-23T08:01:17.821979+00:00,20260823T075745,joint:xxz-hva:24:d4bbe1276d2c2a84,ok,,xxz-hva,24,8,float64,42,128,2,128,2,1,0.25,xxz-matching,xxz-matching,5,5,,,3+3+2+2+2,3+3+2+2+2,not_applicable,optimized,3,3,3,20.795514106499997,20.795514106499997,20.795514106499997,20.795514106499997,0.0,4.6252374645,0.0,16.170276641999997,,,,/home/rzzhang/sad_merged/sad/build/joint_xxz/f128r2_b128r2-m1-fae7f81cf230
2026-08-23T08:01:18.504327+00:00,20260823T075745,joint:xxz-hva:8:923d15cb31c8c7eb,ok,,xxz-hva,8,8,float64,42,128,2,32,2,2,1.0,xxz-matching,xxz-matching,4,4,,,1+1+1+1,1+1+1+1,not_applicable,optimized,20,3,20,0.0440975995,0.0440975995,0.0440975995,0.0440975995,0.0,0.0183736005,0.0,0.025723999,,,,/home/rzzhang/sad_merged/sad/build/joint_xxz/f128r2_b32r2-m2-8400b296af60
2026-08-23T08:01:18.919674+00:00,20260823T075745,joint:xxz-hva:16:b31e3a6f735280c7,ok,,xxz-hva,16,8,float64,42,128,2,128,2,1,0.75,xxz-matching,xxz-matching,6,6,,,2+2+1+1+1+1,2+2+1+1+1+1,not_applicable,optimized,5,3,5,0.1387328005,0.1387328005,0.1387328005,0.1387328005,0.0,0.0487232005,0.0,0.0900096,,,,/home/rzzhang/sad_merged/sad/build/joint_xxz/f128r2_b128r2-m1-fae7f81cf230
2026-08-23T08:01:19.341152+00:00,20260823T075745,joint:xxz-hva:4:eddb0f5e17111c1f,ok,,xxz-hva,4,8,float64,42,64,2,64,2,1,1.0,xxz-matching,xxz-matching,2,2,,,1+1,1+1,not_applicable,optimized,20,3,20,0.015024800000000001,0.015024800000000001,0.015024800000000001,0.015024800000000001,0.0,0.0057408,0.0,0.009284,,,,/home/rzzhang/sad_merged/sad/build/joint_xxz/f64r2_b64r2-m1-b00ee0bf62ea
2026-08-23T08:01:19.756356+00:00,20260823T075745,joint:xxz-hva:6:71cb01f457635cc9,ok,,xxz-hva,6,8,float64,42,128,2,128,2,1,0.75,xxz-matching,xxz-matching,2,2,,,2+1,2+1,not_applicable,optimized,20,3,20,0.0228952,0.0228952,0.0228952,0.0228952,0.0,0.0078936,0.0,0.0150016,,,,/home/rzzhang/sad_merged/sad/build/joint_xxz/f128r2_b128r2-m1-fae7f81cf230
2026-08-23T08:01:20.173607+00:00,20260823T075745,joint:xxz-hva:22:dcb52a47292d1f95,ok,,xxz-hva,22,8,float64,42,32,2,128,2,1,1.0,xxz-matching,xxz-matching,11,11,,,1+1+1+1+1+1+1+1+1+1+1,1+1+1+1+1+1+1+1+1+1+1,not_applicable,optimized,3,3,3,5.0235521195,5.0235521195,5.0235521195,5.0235521195,0.0,1.139498651,0.0,3.8840534685,,,,/home/rzzhang/sad_merged/sad/build/joint_xxz/f32r2_b128r2-m1-d6d8eb72a995
2026-08-23T08:01:20.666327+00:00,20260823T075745,joint:xxz-hva:24:5f2f841f5710e273,ok,,xxz-hva,24,8,float64,42,32,2,32,2,1,1.0,xxz-matching,xxz-matching,12,12,,,1+1+1+1+1+1+1+1+1+1+1+1,1+1+1+1+1+1+1+1+1+1+1+1,not_applicable,optimized,3,3,3,22.902778386999998,22.902778386999998,22.902778386999998,22.902778386999998,0.0,7.093882798999999,0.0,15.808895588,,,,/home/rzzhang/sad_merged/sad/build/joint_xxz/f32r2_b32r2-m1-13414f75e200
2026-08-23T08:01:21.440502+00:00,20260823T075745,joint:xxz-hva:28:704c86e09dc02538,ok,,xxz-hva,28,8,float64,42,32,2,32,2,2,0.5,xxz-matching,xxz-matching,10,10,,,2+2+2+2+1+1+1+1+1+1,2+2+2+2+1+1+1+1+1+1,not_applicable,optimized,2,3,2,375.37842178349996,375.37842178349996,375.37842178349996,375.37842178349996,0.0,102.808063507,0.0,272.5703582765,,,,/home/rzzhang/sad_merged/sad/build/joint_xxz/f32r2_b32r2-m2-1e9e397a047c
2026-08-23T08:01:26.052817+00:00,20260823T075745,joint:xxz-hva:12:2ed6e0631adc9ca9,ok,,xxz-hva,12,8,float64,42,64,2,64,2,1,1.0,xxz-matching,xxz-matching,6,6,,,1+1+1+1+1+1,1+1+1+1+1+1,not_applicable,optimized,10,3,10,0.077899202,0.077899202,0.077899202,0.077899202,0.0,0.028849601000000002,0.0,0.049049601,,,,/home/rzzhang/sad_merged/sad/build/joint_xxz/f64r2_b64r2-m1-b00ee0bf62ea
2026-08-23T08:01:26.507232+00:00,20260823T075745,joint:xxz-hva:28:5f911806d387d57e,ok,,xxz-hva,28,8,float64,42,32,2,128,2,1,0.0,xxz-matching,xxz-matching,5,4,,,3+3+3+3+2,4+4+3+3,not_applicable,optimized,2,3,2,362.100021362,362.100021362,362.100021362,362.100021362,0.0,82.0549926755,0.0,280.0450286865,,,,/home/rzzhang/sad_merged/sad/build/joint_xxz/f32r2_b128r2-m1-d6d8eb72a995
2026-08-23T08:01:30.994741+00:00,20260823T075745,joint:xxz-hva:6:0ebc1f6294f66398,ok,,xxz-hva,6,8,float64,42,32,2,128,2,1,0.25,xxz-matching,xxz-matching,2,2,,,2+1,2+1,not_applicable,optimized,20,3,20,0.0219648,0.0219648,0.0219648,0.0219648,0.0,0.0069856,0.0,0.0149792,,,,/home/rzzhang/sad_merged/sad/build/joint_xxz/f32r2_b128r2-m1-d6d8eb72a995
2026-08-23T08:01:31.421798+00:00,20260823T075745,joint:xxz-hva:8:c6ac7bec0ddffcd8,ok,,xxz-hva,8,8,float64,42,32,2,128,2,1,0.5,xxz-matching,xxz-matching,3,2,,,2+1+1,2+2,not_applicable,optimized,20,3,20,0.038476801,0.038476801,0.038476801,0.038476801,0.0,0.0132552,0.0,0.025221601,,,,/home/rzzhang/sad_merged/sad/build/joint_xxz/f32r2_b128r2-m1-d6d8eb72a995
2026-08-23T08:01:31.838427+00:00,20260823T075745,joint:xxz-hva:6:9703903a33561870,ok,,xxz-hva,6,8,float64,42,64,2,64,2,1,0.75,xxz-matching,xxz-matching,2,2,,,2+1,2+1,not_applicable,optimized,20,3,20,0.0203855995,0.0203855995,0.0203855995,0.0203855995,0.0,0.007248,0.0,0.0131375995,,,,/home/rzzhang/sad_merged/sad/build/joint_xxz/f64r2_b64r2-m1-b00ee0bf62ea
2026-08-23T08:01:32.258688+00:00,20260823T075745,joint:xxz-hva:10:fefd9f591ba34d7e,ok,,xxz-hva,10,8,float64,42,128,2,128,2,1,0.0,xxz-matching,xxz-matching,2,2,,,3+2,3+2,not_applicable,optimized,10,3,10,0.05866879950000001,0.05866879950000001,0.05866879950000001,0.05866879950000001,0.0,0.0168383995,0.0,0.041830400000000004,,,,/home/rzzhang/sad_merged/sad/build/joint_xxz/f128r2_b128r2-m1-fae7f81cf230
2026-08-23T08:01:32.691648+00:00,20260823T075745,joint:xxz-hva:28:0599f0cfe2e6f4aa,ok,,xxz-hva,28,8,float64,42,128,2,128,2,2,0.75,xxz-matching,xxz-matching,12,12,,,2+2+1+1+1+1+1+1+1+1+1+1,2+2+1+1+1+1+1+1+1+1+1+1,not_applicable,optimized,2,3,2,397.41985702500006,397.41985702500006,397.41985702500006,397.41985702500006,0.0,116.41810226449999,0.0,281.00175476050003,,,,/home/rzzhang/sad_merged/sad/build/joint_xxz/f128r2_b128r2-m2-f42c0b5be0d7
2026-08-23T08:01:37.516812+00:00,20260823T075745,joint:xxz-hva:4:606276163a1cacd2,ok,,xxz-hva,4,8,float64,42,128,2,128,2,1,0.25,xxz-matching,xxz-matching,1,1,,,2,2,not_applicable,optimized,20,3,20,0.0114736,0.0114736,0.0114736,0.0114736,0.0,0.003516,0.0,0.0079576,,,,/home/rzzhang/sad_merged/sad/build/joint_xxz/f128r2_b128r2-m1-fae7f81cf230
2026-08-23T08:01:38.024001+00:00,20260823T075745,joint:xxz-hva:26:047882be487035b6,ok,,xxz-hva,26,8,float64,42,128,2,128,2,1,1.0,xxz-matching,xxz-matching,13,13,,,1+1+1+1+1+1+1+1+1+1+1+1+1,1+1+1+1+1+1+1+1+1+1+1+1+1,not_applicable,optimized,2,3,2,98.43024826,98.43024826,98.43024826,98.43024826,0.0,30.4652633665,0.0,67.9649848935,,,,/home/rzzhang/sad_merged/sad/build/joint_xxz/f128r2_b128r2-m1-fae7f81cf230
2026-08-23T08:01:39.589898+00:00,20260823T075745,joint:xxz-hva:22:a0f5b92462b48aca,ok,,xxz-hva,22,8,float64,42,64,2,64,2,1,1.0,xxz-matching,xxz-matching,11,11,,,1+1+1+1+1+1+1+1+1+1+1,1+1+1+1+1+1+1+1+1+1+1,not_applicable,optimized,3,3,3,4.940458596,4.940458596,4.940458596,4.940458596,0.0,1.106463969,0.0,3.833994627,,,,/home/rzzhang/sad_merged/sad/build/joint_xxz/f64r2_b64r2-m1-b00ee0bf62ea
2026-08-23T08:01:40.077623+00:00,20260823T075745,joint:xxz-hva:18:38796fbac733d1a3,ok,,xxz-hva,18,8,float64,42,32,2,128,2,2,0.0,xxz-matching,xxz-matching,3,3,,,3+3+3,3+3+3,not_applicable,optimized,5,3,5,0.2980703935,0.2980703935,0.2980703935,0.2980703935,0.0,0.075759999,0.0,0.2223103945,,,,/home/rzzhang/sad_merged/sad/build/joint_xxz/f32r2_b128r2-m2-dc52a30a7eed
2026-08-23T08:01:40.514323+00:00,20260823T075745,joint:xxz-hva:4:b76d168ec220e0be,ok,,xxz-hva,4,8,float64,42,128,2,128,2,1,0.75,xxz-matching,xxz-matching,2,2,,,1+1,1+1,not_applicable,optimized,20,3,20,0.0165032,0.0165032,0.0165032,0.0165032,0.0,0.0061096,0.0,0.0103936,,,,/home/rzzhang/sad_merged/sad/build/joint_xxz/f128r2_b128r2-m1-fae7f81cf230
2026-08-23T08:01:40.928148+00:00,20260823T075745,joint:xxz-hva:8:62ed015dd3adb257,ok,,xxz-hva,8,8,float64,42,128,2,128,2,1,1.0,xxz-matching,xxz-matching,4,4,,,1+1+1+1,1+1+1+1,not_applicable,optimized,20,3,20,0.050406398500000005,0.050406398500000005,0.050406398500000005,0.050406398500000005,0.0,0.018380800500000002,0.0,0.032025598,,,,/home/rzzhang/sad_merged/sad/build/joint_xxz/f128r2_b128r2-m1-fae7f81cf230
2026-08-23T08:01:41.347953+00:00,20260823T075745,joint:xxz-hva:24:b84871eb060ad935,ok,,xxz-hva,24,8,float64,42,64,2,64,2,1,0.0,xxz-matching,xxz-matching,3,3,,,4+4+4,4+4+4,not_applicable,optimized,3,3,3,20.7039785385,20.7039785385,20.7039785385,20.7039785385,0.0,4.601994514499999,0.0,16.101984024,,,,/home/rzzhang/sad_merged/sad/build/joint_xxz/f64r2_b64r2-m1-b00ee0bf62ea
2026-08-23T08:01:42.045780+00:00,20260823T075745,joint:xxz-hva:14:a56d2cc4c55ac97c,ok,,xxz-hva,14,8,float64,42,32,2,32,2,1,1.0,xxz-matching,xxz-matching,7,7,,,1+1+1+1+1+1+1,1+1+1+1+1+1+1,not_applicable,optimized,10,3,10,0.0898495985,0.0898495985,0.0898495985,0.0898495985,0.0,0.0367152,0.0,0.0531343985,,,,/home/rzzhang/sad_merged/sad/build/joint_xxz/f32r2_b32r2-m1-13414f75e200
2026-08-23T08:01:42.464370+00:00,20260823T075745,joint:xxz-hva:14:39f9fc3c9915730f,ok,,xxz-hva,14,8,float64,42,32,2,128,2,1,0.75,xxz-matching,xxz-matching,6,6,,,2+1+1+1+1+1,2+1+1+1+1+1,not_applicable,optimized,10,3,10,0.109979201,0.109979201,0.109979201,0.109979201,0.0,0.0323520005,0.0,0.0776272005,,,,/home/rzzhang/sad_merged/sad/build/joint_xxz/f32r2_b128r2-m1-d6d8eb72a995
2026-08-23T08:01:42.874924+00:00,20260823T075745,joint:xxz-hva:16:df3a48ad65b12537,ok,,xxz-hva,16,8,float64,42,128,2,128,2,2,0.0,xxz-matching,xxz-matching,2,2,,,4+4,4+4,not_applicable,optimized,5,3,5,0.094828803,0.094828803,0.094828803,0.094828803,0.0,0.026585601,0.0,0.068243202,,,,/home/rzzhang/sad_merged/sad/build/joint_xxz/f128r2_b128r2-m2-f42c0b5be0d7
2026-08-23T08:01:43.284300+00:00,20260823T075745,joint:xxz-hva:26:db79295fee808615,ok,,xxz-hva,26,8,float64,42,128,2,128,2,2,1.0,xxz-matching,xxz-matching,13,13,,,1+1+1+1+1+1+1+1+1+1+1+1+1,1+1+1+1+1+1+1+1+1+1+1+1+1,not_applicable,optimized,2,3,2,99.369135857,99.369135857,99.369135857,99.369135857,0.0,30.484656334,0.0,68.88447952300001,,,,/home/rzzhang/sad_merged/sad/build/joint_xxz/f128r2_b128r2-m2-f42c0b5be0d7
2026-08-23T08:01:44.843672+00:00,20260823T075745,joint:xxz-hva:8:dc2d1cb9cfe70908,ok,,xxz-hva,8,8,float64,42,32,2,32,2,2,0.75,xxz-matching,xxz-matching,4,4,,,1+1+1+1,1+1+1+1,not_applicable,optimized,20,3,20,0.041655999,0.041655999,0.041655999,0.041655999,0.0,0.0159247995,0.0,0.0257311995,,,,/home/rzzhang/sad_merged/sad/build/joint_xxz/f32r2_b32r2-m2-1e9e397a047c
2026-08-23T08:01:45.265579+00:00,20260823T075745,joint:xxz-hva:8:d5d1c6e1c9541eda,ok,,xxz-hva,8,8,float64,42,128,2,32,2,1,0.5,xxz-matching,xxz-matching,2,3,,,2+2,2+1+1,not_applicable,optimized,20,3,20,0.0337208,0.0337208,0.0337208,0.0337208,0.0,0.011425600000000001,0.0,0.0222952,,,,/home/rzzhang/sad_merged/sad/build/joint_xxz/f128r2_b32r2-m1-a46c23c4be26
2026-08-23T08:01:45.683812+00:00,20260823T075745,joint:xxz-hva:8:09437fce744616a2,ok,,xxz-hva,8,8,float64,42,32,2,128,2,2,1.0,xxz-matching,xxz-matching,4,4,,,1+1+1+1,1+1+1+1,not_applicable,optimized,20,3,20,0.048528799,0.048528799,0.048528799,0.048528799,0.0,0.016512,0.0,0.032016799,,,,/home/rzzhang/sad_merged/sad/build/joint_xxz/f32r2_b128r2-m2-dc52a30a7eed
2026-08-23T08:01:46.114980+00:00,20260823T075745,joint:xxz-hva:18:8a7b1fde88406948,ok,,xxz-hva,18,8,float64,42,64,2,64,2,1,0.0,xxz-matching,xxz-matching,3,3,,,3+3+3,3+3+3,not_applicable,optimized,5,3,5,0.295817595,0.295817595,0.295817595,0.295817595,0.0,0.077392001,0.0,0.218425594,,,,/home/rzzhang/sad_merged/sad/build/joint_xxz/f64r2_b64r2-m1-b00ee0bf62ea
2026-08-23T08:01:46.537380+00:00,20260823T075745,joint:xxz-hva:22:4150fa2975cbe7a1,ok,,xxz-hva,22,8,float64,42,128,2,32,2,1,0.75,xxz-matching,xxz-matching,9,9,,,2+2+1+1+1+1+1+1+1,2+2+1+1+1+1+1+1+1,not_applicable,optimized,3,3,3,4.840789258499999,4.840789258499999,4.840789258499999,4.840789258499999,0.0,1.1281493304999999,0.0,3.7126399279999998,,,,/home/rzzhang/sad_merged/sad/build/joint_xxz/f128r2_b32r2-m1-a46c23c4be26
2026-08-23T08:01:47.033898+00:00,20260823T075745,joint:xxz-hva:6:0f361a66b4cf7c73,ok,,xxz-hva,6,8,float64,42,32,2,32,2,1,0.5,xxz-matching,xxz-matching,2,2,,,2+1,2+1,not_applicable,optimized,20,3,20,0.0197119995,0.0197119995,0.0197119995,0.0197119995,0.0,0.0073472,0.0,0.012364799499999999,,,,/home/rzzhang/sad_merged/sad/build/joint_xxz/f32r2_b32r2-m1-13414f75e200
2026-08-23T08:01:47.446637+00:00,20260823T075745,joint:xxz-hva:6:fcf53a803e57952b,ok,,xxz-hva,6,8,float64,42,32,2,32,2,2,1.0,xxz-matching,xxz-matching,3,3,,,1+1+1,1+1+1,not_applicable,optimized,20,3,20,0.0255471985,0.0255471985,0.0255471985,0.0255471985,0.0,0.0102231995,0.0,0.015323999,,,,/home/rzzhang/sad_merged/sad/build/joint_xxz/f32r2_b32r2-m2-1e9e397a047c
2026-08-23T08:01:47.867973+00:00,20260823T075745,joint:xxz-hva:16:f8ee5f456861dd81,ok,,xxz-hva,16,8,float64,42,32,2,32,2,2,0.25,xxz-matching,xxz-matching,4,4,,,2+2+2+2,2+2+2+2,not_applicable,optimized,5,3,5,0.1026048025,0.1026048025,0.1026048025,0.1026048025,0.0,0.033792,0.0,0.06881280249999999,,,,/home/rzzhang/sad_merged/sad/build/joint_xxz/f32r2_b32r2-m2-1e9e397a047c
2026-08-23T08:01:48.289163+00:00,20260823T075745,joint:xxz-hva:6:0eb488070937bcab,ok,,xxz-hva,6,8,float64,42,64,2,64,2,1,1.0,xxz-matching,xxz-matching,3,3,,,1+1+1,1+1+1,not_applicable,optimized,20,3,20,0.026004801,0.026004801,0.026004801,0.026004801,0.0,0.0099936,0.0,0.016011201000000003,,,,/home/rzzhang/sad_merged/sad/build/joint_xxz/f64r2_b64r2-m1-b00ee0bf62ea
2026-08-23T08:01:48.711685+00:00,20260823T075745,joint:xxz-hva:6:b1c69660d3c7c9b0,ok,,xxz-hva,6,8,float64,42,32,2,32,2,2,0.25,xxz-matching,xxz-matching,2,2,,,2+1,2+1,not_applicable,optimized,20,3,20,0.0197319995,0.0197319995,0.0197319995,0.0197319995,0.0,0.0073456,0.0,0.012386399499999999,,,,/home/rzzhang/sad_merged/sad/build/joint_xxz/f32r2_b32r2-m2-1e9e397a047c
2026-08-23T08:01:49.131630+00:00,20260823T075745,joint:xxz-hva:16:4015e8ba60428079,ok,,xxz-hva,16,8,float64,42,64,2,64,2,2,0.5,xxz-matching,xxz-matching,5,5,,,2+2+2+1+1,2+2+2+1+1,not_applicable,optimized,5,3,5,0.1176160015,0.1176160015,0.1176160015,0.1176160015,0.0,0.0400992,0.0,0.0775168015,,,,/home/rzzhang/sad_merged/sad/build/joint_xxz/f64r2_b64r2-m2-e933a4f0a9e2
2026-08-23T08:01:49.553955+00:00,20260823T075745,joint:xxz-hva:22:31bac6fb98bbb4f4,ok,,xxz-hva,22,8,float64,42,32,2,32,2,2,0.0,xxz-matching,xxz-matching,4,4,,,3+3+3+2,3+3+3+2,not_applicable,optimized,3,3,3,4.7115945815,4.7115945815,4.7115945815,4.7115945815,0.0,1.076053381,0.0,3.6355412005,,,,/home/rzzhang/sad_merged/sad/build/joint_xxz/f32r2_b32r2-m2-1e9e397a047c
2026-08-23T08:01:50.035004+00:00,20260823T075745,joint:xxz-hva:16:0b6cae5bfccd32e5,ok,,xxz-hva,16,8,float64,42,64,2,64,2,2,0.0,xxz-matching,xxz-matching,2,2,,,4+4,4+4,not_applicable,optimized,5,3,5,0.089315199,0.089315199,0.089315199,0.089315199,0.0,0.025686399,0.0,0.0636288,,,,/home/rzzhang/sad_merged/sad/build/joint_xxz/f64r2_b64r2-m2-e933a4f0a9e2
2026-08-23T08:01:50.461096+00:00,20260823T075745,joint:xxz-hva:22:bd9e204314eed325,ok,,xxz-hva,22,8,float64,42,128,2,128,2,1,1.0,xxz-matching,xxz-matching,11,11,,,1+1+1+1+1+1+1+1+1+1+1,1+1+1+1+1+1+1+1+1+1+1,not_applicable,optimized,3,3,3,5.032618761,5.032618761,5.032618761,5.032618761,0.0,1.1487573384999998,0.0,3.8838614225,,,,/home/rzzhang/sad_merged/sad/build/joint_xxz/f128r2_b128r2-m1-fae7f81cf230
2026-08-23T08:01:50.975217+00:00,20260823T075745,joint:xxz-hva:10:5b21904eacaa6add,ok,,xxz-hva,10,8,float64,42,32,2,32,2,1,0.5,xxz-matching,xxz-matching,4,4,,,2+1+1+1,2+1+1+1,not_applicable,optimized,10,3,10,0.049167999000000004,0.049167999000000004,0.049167999000000004,0.049167999000000004,0.0,0.018719999,0.0,0.030448000000000003,,,,/home/rzzhang/sad_merged/sad/build/joint_xxz/f32r2_b32r2-m1-13414f75e200
2026-08-23T08:01:51.397194+00:00,20260823T075745,joint:xxz-hva:14:e550d200a324a6c2,ok,,xxz-hva,14,8,float64,42,128,2,128,2,1,1.0,xxz-matching,xxz-matching,7,7,,,1+1+1+1+1+1+1,1+1+1+1+1+1+1,not_applicable,optimized,10,3,10,0.1304895985,0.1304895985,0.1304895985,0.1304895985,0.0,0.0476480015,0.0,0.082841597,,,,/home/rzzhang/sad_merged/sad/build/joint_xxz/f128r2_b128r2-m1-fae7f81cf230
2026-08-23T08:01:51.843211+00:00,20260823T075745,joint:xxz-hva:22:f7b14bf4027b5d83,ok,,xxz-hva,22,8,float64,42,64,2,64,2,1,0.25,xxz-matching,xxz-matching,5,5,,,3+2+2+2+2,3+2+2+2+2,not_applicable,optimized,3,3,3,4.78362143,4.78362143,4.78362143,4.78362143,0.0,1.0842506885,0.0,3.6993707415,,,,/home/rzzhang/sad_merged/sad/build/joint_xxz/f64r2_b64r2-m1-b00ee0bf62ea
2026-08-23T08:01:52.367563+00:00,20260823T075745,joint:xxz-hva:16:12f0c5a47ffe5555,ok,,xxz-hva,16,8,float64,42,128,2,32,2,2,0.5,xxz-matching,xxz-matching,5,6,,,2+2+2+1+1,2+2+1+1+1+1,not_applicable,optimized,5,3,5,0.12234239999999999,0.12234239999999999,0.12234239999999999,0.12234239999999999,0.0,0.043187200999999995,0.0,0.079155199,,,,/home/rzzhang/sad_merged/sad/build/joint_xxz/f128r2_b32r2-m2-8400b296af60
2026-08-23T08:01:52.800542+00:00,20260823T075745,joint:xxz-hva:8:81ace3661bbabc89,ok,,xxz-hva,8,8,float64,42,128,2,32,2,2,0.5,xxz-matching,xxz-matching,2,3,,,2+2,2+1+1,not_applicable,optimized,20,3,20,0.033688799,0.033688799,0.033688799,0.033688799,0.0,0.011417599,0.0,0.022271199999999998,,,,/home/rzzhang/sad_merged/sad/build/joint_xxz/f128r2_b32r2-m2-8400b296af60
2026-08-23T08:01:53.228932+00:00,20260823T075745,joint:xxz-hva:10:3977d8416c29e6bf,ok,,xxz-hva,10,8,float64,42,32,2,128,2,2,1.0,xxz-matching,xxz-matching,5,5,,,1+1+1+1+1,1+1+1+1+1,not_applicable,optimized,10,3,10,0.0765040005,0.0765040005,0.0765040005,0.0765040005,0.0,0.0223535995,0.0,0.054150401,,,,/home/rzzhang/sad_merged/sad/build/joint_xxz/f32r2_b128r2-m2-dc52a30a7eed
2026-08-23T08:01:53.652745+00:00,20260823T075745,joint:xxz-hva:8:f325fb308eeb12cd,ok,,xxz-hva,8,8,float64,42,128,2,128,2,2,0.5,xxz-matching,xxz-matching,2,2,,,2+2,2+2,not_applicable,optimized,20,3,20,0.0366608015,0.0366608015,0.0366608015,0.0366608015,0.0,0.0114439995,0.0,0.025216802,,,,/home/rzzhang/sad_merged/sad/build/joint_xxz/f128r2_b128r2-m2-f42c0b5be0d7
2026-08-23T08:01:54.062945+00:00,20260823T075745,joint:xxz-hva:16:1005df89225bf53b,ok,,xxz-hva,16,8,float64,42,128,2,32,2,1,0.0,xxz-matching,xxz-matching,2,3,,,4+4,3+3+2,not_applicable,optimized,5,3,5,0.0928672,0.0928672,0.0928672,0.0928672,0.0,0.0266143985,0.0,0.0662528015,,,,/home/rzzhang/sad_merged/sad/build/joint_xxz/f128r2_b32r2-m1-a46c23c4be26
2026-08-23T08:01:54.489401+00:00,20260823T075745,joint:xxz-hva:10:deac619836274d9e,ok,,xxz-hva,10,8,float64,42,128,2,128,2,1,1.0,xxz-matching,xxz-matching,5,5,,,1+1+1+1+1,1+1+1+1+1,not_applicable,optimized,10,3,10,0.08317440400000001,0.08317440400000001,0.08317440400000001,0.08317440400000001,0.0,0.0290384015,0.0,0.0541360025,,,,/home/rzzhang/sad_merged/sad/build/joint_xxz/f128r2_b128r2-m1-fae7f81cf230
2026-08-23T08:01:54.917857+00:00,20260823T075745,joint:xxz-hva:16:809c00bb221e5653,ok,,xxz-hva,16,8,float64,42,64,2,64,2,1,0.75,xxz-matching,xxz-matching,6,6,,,2+2+1+1+1+1,2+2+1+1+1+1,not_applicable,optimized,5,3,5,0.127529599,0.127529599,0.127529599,0.127529599,0.0,0.0449151995,0.0,0.0826143995,,,,/home/rzzhang/sad_merged/sad/build/joint_xxz/f64r2_b64r2-m1-b00ee0bf62ea
2026-08-23T08:01:55.339408+00:00,20260823T075745,joint:xxz-hva:16:e4d1b0588a9037e2,ok,,xxz-hva,16,8,float64,42,64,2,64,2,1,1.0,xxz-matching,xxz-matching,8,8,,,1+1+1+1+1+1+1+1,1+1+1+1+1+1+1+1,not_applicable,optimized,5,3,5,0.14893759950000002,0.14893759950000002,0.14893759950000002,0.14893759950000002,0.0,0.0550592,0.0,0.0938783995,,,,/home/rzzhang/sad_merged/sad/build/joint_xxz/f64r2_b64r2-m1-b00ee0bf62ea
2026-08-23T08:01:55.759705+00:00,20260823T075745,joint:xxz-hva:14:5c36657de41379a2,ok,,xxz-hva,14,8,float64,42,32,2,32,2,2,1.0,xxz-matching,xxz-matching,7,7,,,1+1+1+1+1+1+1,1+1+1+1+1+1+1,not_applicable,optimized,10,3,10,0.0897328,0.0897328,0.0897328,0.0897328,0.0,0.036590400999999995,0.0,0.053142399,,,,/home/rzzhang/sad_merged/sad/build/joint_xxz/f32r2_b32r2-m2-1e9e397a047c
2026-08-23T08:01:56.179775+00:00,20260823T075745,joint:xxz-hva:18:9e80db5ad5f1e68a,ok,,xxz-hva,18,8,float64,42,128,2,128,2,2,0.5,xxz-matching,xxz-matching,6,6,,,2+2+2+1+1+1,2+2+2+1+1+1,not_applicable,optimized,5,3,5,0.333273604,0.333273604,0.333273604,0.333273604,0.0,0.0969536005,0.0,0.2363200035,,,,/home/rzzhang/sad_merged/sad/build/joint_xxz/f128r2_b128r2-m2-f42c0b5be0d7
2026-08-23T08:01:56.613084+00:00,20260823T075745,joint:xxz-hva:14:7c84d377523adc12,ok,,xxz-hva,14,8,float64,42,128,2,128,2,2,0.5,xxz-matching,xxz-matching,4,4,,,2+2+2+1,2+2+2+1,not_applicable,optimized,10,3,10,0.10013280050000001,0.10013280050000001,0.10013280050000001,0.10013280050000001,0.0,0.0325120015,0.0,0.06762079900000001,,,,/home/rzzhang/sad_merged/sad/build/joint_xxz/f128r2_b128r2-m2-f42c0b5be0d7
2026-08-23T08:01:57.030978+00:00,20260823T075745,joint:xxz-hva:16:445ae414534b2929,ok,,xxz-hva,16,8,float64,42,64,2,64,2,1,0.25,xxz-matching,xxz-matching,4,4,,,2+2+2+2,2+2+2+2,not_applicable,optimized,5,3,5,0.1068895985,0.1068895985,0.1068895985,0.1068895985,0.0,0.034816001,0.0,0.0720735975,,,,/home/rzzhang/sad_merged/sad/build/joint_xxz/f64r2_b64r2-m1-b00ee0bf62ea
2026-08-23T08:01:57.461325+00:00,20260823T075745,joint:xxz-hva:6:3b5920af8c3e9293,ok,,xxz-hva,6,8,float64,42,32,2,32,2,2,0.0,xxz-matching,xxz-matching,1,1,,,3,3,not_applicable,optimized,20,3,20,0.014060800000000002,0.014060800000000002,0.014060800000000002,0.014060800000000002,0.0,0.0045392,0.0,0.009521600000000002,,,,/home/rzzhang/sad_merged/sad/build/joint_xxz/f32r2_b32r2-m2-1e9e397a047c
2026-08-23T08:01:57.877932+00:00,20260823T075745,joint:xxz-hva:14:63378304a7008cd8,ok,,xxz-hva,14,8,float64,42,32,2,128,2,1,1.0,xxz-matching,xxz-matching,7,7,,,1+1+1+1+1+1+1,1+1+1+1+1+1+1,not_applicable,optimized,10,3,10,0.11946079650000001,0.11946079650000001,0.11946079650000001,0.11946079650000001,0.0,0.036619199500000005,0.0,0.082841597,,,,/home/rzzhang/sad_merged/sad/build/joint_xxz/f32r2_b128r2-m1-d6d8eb72a995
2026-08-23T08:01:58.311590+00:00,20260823T075745,joint:xxz-hva:16:d5b5cf19cde584e3,ok,,xxz-hva,16,8,float64,42,64,2,64,2,1,0.5,xxz-matching,xxz-matching,5,5,,,2+2+2+1+1,2+2+2+1+1,not_applicable,optimized,5,3,5,0.11740160200000001,0.11740160200000001,0.11740160200000001,0.11740160200000001,0.0,0.039907200500000004,0.0,0.0774944015,,,,/home/rzzhang/sad_merged/sad/build/joint_xxz/f64r2_b64r2-m1-b00ee0bf62ea
2026-08-23T08:01:58.730656+00:00,20260823T075745,joint:xxz-hva:4:8ae2a08156e10600,ok,,xxz-hva,4,8,float64,42,32,2,32,2,1,0.5,xxz-matching,xxz-matching,2,2,,,1+1,1+1,not_applicable,optimized,20,3,20,0.0145664,0.0145664,0.0145664,0.0145664,0.0,0.0058624,0.0,0.008704,,,,/home/rzzhang/sad_merged/sad/build/joint_xxz/f32r2_b32r2-m1-13414f75e200
2026-08-23T08:01:59.154717+00:00,20260823T075745,joint:xxz-hva:4:0ef6de7c4c1cdcbc,ok,,xxz-hva,4,8,float64,42,32,2,128,2,2,0.75,xxz-matching,xxz-matching,2,2,,,1+1,1+1,not_applicable,optimized,20,3,20,0.016272,0.016272,0.016272,0.016272,0.0,0.0058432,0.0,0.010428799999999998,,,,/home/rzzhang/sad_merged/sad/build/joint_xxz/f32r2_b128r2-m2-dc52a30a7eed
2026-08-23T08:01:59.582050+00:00,20260823T075745,joint:xxz-hva:20:fe69291628a0119d,ok,,xxz-hva,20,8,float64,42,128,2,32,2,1,0.5,xxz-matching,xxz-matching,6,7,,,2+2+2+2+1+1,2+2+2+1+1+1+1,not_applicable,optimized,5,3,5,1.150131166,1.150131166,1.150131166,1.150131166,0.0,0.288460791,0.0,0.861670375,,,,/home/rzzhang/sad_merged/sad/build/joint_xxz/f128r2_b32r2-m1-a46c23c4be26
2026-08-23T08:02:00.037442+00:00,20260823T075745,joint:xxz-hva:26:92797c696b77d7a9,ok,,xxz-hva,26,8,float64,42,64,2,64,2,1,1.0,xxz-matching,xxz-matching,13,13,,,1+1+1+1+1+1+1+1+1+1+1+1+1,1+1+1+1+1+1+1+1+1+1+1+1+1,not_applicable,optimized,2,3,2,97.90091323850001,97.90091323850001,97.90091323850001,97.90091323850001,0.0,30.5758399965,0.0,67.325073242,,,,/home/rzzhang/sad_merged/sad/build/joint_xxz/f64r2_b64r2-m1-b00ee0bf62ea
2026-08-23T08:02:01.574428+00:00,20260823T075745,joint:xxz-hva:10:8447d46fe47e1ed6,ok,,xxz-hva,10,8,float64,42,32,2,32,2,2,0.25,xxz-matching,xxz-matching,3,3,,,2+2+1,2+2+1,not_applicable,optimized,10,3,10,0.041491201,0.041491201,0.041491201,0.041491201,0.0,0.014779200499999999,0.0,0.0267120005,,,,/home/rzzhang/sad_merged/sad/build/joint_xxz/f32r2_b32r2-m2-1e9e397a047c
2026-08-23T08:02:02.016696+00:00,20260823T075745,joint:xxz-hva:20:9f0b2f2a95363aa4,ok,,xxz-hva,20,8,float64,42,32,2,128,2,1,0.0,xxz-matching,xxz-matching,4,3,,,3+3+2+2,4+3+3,not_applicable,optimized,5,3,5,1.144835174,1.144835174,1.144835174,1.144835174,0.0,0.266547203,0.0,0.878287971,,,,/home/rzzhang/sad_merged/sad/build/joint_xxz/f32r2_b128r2-m1-d6d8eb72a995
2026-08-23T08:02:02.459385+00:00,20260823T075745,joint:xxz-hva:12:c4f141d31c2298df,ok,,xxz-hva,12,8,float64,42,32,2,32,2,1,0.25,xxz-matching,xxz-matching,3,3,,,2+2+2,2+2+2,not_applicable,optimized,10,3,10,0.0479584015,0.0479584015,0.0479584015,0.0479584015,0.0,0.017203201,0.0,0.0307552005,,,,/home/rzzhang/sad_merged/sad/build/joint_xxz/f32r2_b32r2-m1-13414f75e200
2026-08-23T08:02:02.880054+00:00,20260823T075745,joint:xxz-hva:18:05a12e65b83234f4,ok,,xxz-hva,18,8,float64,42,64,2,64,2,1,1.0,xxz-matching,xxz-matching,9,9,,,1+1+1+1+1+1+1+1+1,1+1+1+1+1+1+1+1+1,not_applicable,optimized,5,3,5,0.3579936025,0.3579936025,0.3579936025,0.3579936025,0.0,0.11141440250000001,0.0,0.2465792,,,,/home/rzzhang/sad_merged/sad/build/joint_xxz/f64r2_b64r2-m1-b00ee0bf62ea
2026-08-23T08:02:03.299078+00:00,20260823T075745,joint:xxz-hva:24:86a4abefddbe5115,ok,,xxz-hva,24,8,float64,42,32,2,32,2,1,0.0,xxz-matching,xxz-matching,4,4,,,3+3+3+3,3+3+3+3,not_applicable,optimized,3,3,3,20.325765848,20.325765848,20.325765848,20.325765848,0.0,4.602026701,0.0,15.723739147,,,,/home/rzzhang/sad_merged/sad/build/joint_xxz/f32r2_b32r2-m1-13414f75e200
2026-08-23T08:02:03.987575+00:00,20260823T075745,joint:xxz-hva:28:c5b1bde4789f1be2,ok,,xxz-hva,28,8,float64,42,32,2,32,2,2,1.0,xxz-matching,xxz-matching,14,14,,,1+1+1+1+1+1+1+1+1+1+1+1+1+1,1+1+1+1+1+1+1+1+1+1+1+1+1+1,not_applicable,optimized,2,3,2,403.6398925785,403.6398925785,403.6398925785,403.6398925785,0.0,130.78041076699998,0.0,272.8594818115,,,,/home/rzzhang/sad_merged/sad/build/joint_xxz/f32r2_b32r2-m2-1e9e397a047c
2026-08-23T08:02:08.882100+00:00,20260823T075745,joint:xxz-hva:28:e828ddec991f6056,ok,,xxz-hva,28,8,float64,42,64,2,64,2,1,0.5,xxz-matching,xxz-matching,9,9,,,2+2+2+2+2+1+1+1+1,2+2+2+2+2+1+1+1+1,not_applicable,optimized,2,3,2,371.82219314549997,371.82219314549997,371.82219314549997,371.82219314549997,0.0,95.0211372375,0.0,276.80105590799997,,,,/home/rzzhang/sad_merged/sad/build/joint_xxz/f64r2_b64r2-m1-b00ee0bf62ea
2026-08-23T08:02:13.454900+00:00,20260823T075745,joint:xxz-hva:8:7febb4d9dd9251eb,ok,,xxz-hva,8,8,float64,42,32,2,128,2,2,0.25,xxz-matching,xxz-matching,2,2,,,2+2,2+2,not_applicable,optimized,20,3,20,0.034508000999999996,0.034508000999999996,0.034508000999999996,0.034508000999999996,0.0,0.0092888,0.0,0.025219200999999997,,,,/home/rzzhang/sad_merged/sad/build/joint_xxz/f32r2_b128r2-m2-dc52a30a7eed
2026-08-23T08:02:13.911367+00:00,20260823T075745,joint:xxz-hva:24:31ea0509f60280d5,ok,,xxz-hva,24,8,float64,42,128,2,128,2,2,0.5,xxz-matching,xxz-matching,8,8,,,2+2+2+2+1+1+1+1,2+2+2+2+1+1+1+1,not_applicable,optimized,3,3,3,21.688655853,21.688655853,21.688655853,21.688655853,0.0,5.461162567000001,0.0,16.227493285999998,,,,/home/rzzhang/sad_merged/sad/build/joint_xxz/f128r2_b128r2-m2-f42c0b5be0d7
2026-08-23T08:02:14.625136+00:00,20260823T075745,joint:xxz-hva:14:48812e754b0ad334,ok,,xxz-hva,14,8,float64,42,64,2,64,2,2,0.75,xxz-matching,xxz-matching,6,6,,,2+1+1+1+1+1,2+1+1+1+1+1,not_applicable,optimized,10,3,10,0.090108799,0.090108799,0.090108799,0.090108799,0.0,0.033899199000000005,0.0,0.0562096,,,,/home/rzzhang/sad_merged/sad/build/joint_xxz/f64r2_b64r2-m2-e933a4f0a9e2
2026-08-23T08:02:15.080295+00:00,20260823T075745,joint:xxz-hva:14:5bce25b3553ab6a9,ok,,xxz-hva,14,8,float64,42,32,2,128,2,2,1.0,xxz-matching,xxz-matching,7,7,,,1+1+1+1+1+1+1,1+1+1+1+1+1+1,not_applicable,optimized,10,3,10,0.1195471995,0.1195471995,0.1195471995,0.1195471995,0.0,0.036710400500000004,0.0,0.082836799,,,,/home/rzzhang/sad_merged/sad/build/joint_xxz/f32r2_b128r2-m2-dc52a30a7eed
2026-08-23T08:02:15.542568+00:00,20260823T075745,joint:xxz-hva:14:38dd21ad9151320b,ok,,xxz-hva,14,8,float64,42,128,2,32,2,1,1.0,xxz-matching,xxz-matching,7,7,,,1+1+1+1+1+1+1,1+1+1+1+1+1+1,not_applicable,optimized,10,3,10,0.100846399,0.100846399,0.100846399,0.100846399,0.0,0.0477008,0.0,0.053145599,,,,/home/rzzhang/sad_merged/sad/build/joint_xxz/f128r2_b32r2-m1-a46c23c4be26
2026-08-23T08:02:15.974500+00:00,20260823T075745,joint:xxz-hva:26:c12a1d45e963dd60,ok,,xxz-hva,26,8,float64,42,32,2,128,2,1,0.25,xxz-matching,xxz-matching,7,6,,,2+2+2+2+2+2+1,3+2+2+2+2+2,not_applicable,optimized,2,3,2,89.6048383715,89.6048383715,89.6048383715,89.6048383715,0.0,20.663271904,0.0,68.9415664675,,,,/home/rzzhang/sad_merged/sad/build/joint_xxz/f32r2_b128r2-m1-d6d8eb72a995
2026-08-23T08:02:17.422160+00:00,20260823T075745,joint:xxz-hva:20:7f9545a332435c5a,ok,,xxz-hva,20,8,float64,42,32,2,128,2,1,0.5,xxz-matching,xxz-matching,7,6,,,2+2+2+1+1+1+1,2+2+2+2+1+1,not_applicable,optimized,5,3,5,1.1791391675,1.1791391675,1.1791391675,1.1791391675,0.0,0.287334383,0.0,0.8918047845,,,,/home/rzzhang/sad_merged/sad/build/joint_xxz/f32r2_b128r2-m1-d6d8eb72a995
2026-08-23T08:02:17.863005+00:00,20260823T075745,joint:xxz-hva:16:72093fbae377769c,ok,,xxz-hva,16,8,float64,42,64,2,64,2,2,0.75,xxz-matching,xxz-matching,6,6,,,2+2+1+1+1+1,2+2+1+1+1+1,not_applicable,optimized,5,3,5,0.1278815995,0.1278815995,0.1278815995,0.1278815995,0.0,0.045151999,0.0,0.0827296005,,,,/home/rzzhang/sad_merged/sad/build/joint_xxz/f64r2_b64r2-m2-e933a4f0a9e2
2026-08-23T08:02:18.284730+00:00,20260823T075745,joint:xxz-hva:4:000d2d21844ddf6b,ok,,xxz-hva,4,8,float64,42,128,2,128,2,1,0.0,xxz-matching,xxz-matching,1,1,,,2,2,not_applicable,optimized,20,3,20,0.011624800000000001,0.011624800000000001,0.011624800000000001,0.011624800000000001,0.0,0.0036639999999999997,0.0,0.0079608,,,,/home/rzzhang/sad_merged/sad/build/joint_xxz/f128r2_b128r2-m1-fae7f81cf230
2026-08-23T08:02:18.730849+00:00,20260823T075745,joint:xxz-hva:16:7dda9dc32ef22bd8,ok,,xxz-hva,16,8,float64,42,32,2,128,2,2,1.0,xxz-matching,xxz-matching,8,8,,,1+1+1+1+1+1+1+1,1+1+1+1+1+1+1+1,not_applicable,optimized,5,3,5,0.155737597,0.155737597,0.155737597,0.155737597,0.0,0.0538624,0.0,0.101875197,,,,/home/rzzhang/sad_merged/sad/build/joint_xxz/f32r2_b128r2-m2-dc52a30a7eed
2026-08-23T08:02:19.152898+00:00,20260823T075745,joint:xxz-hva:18:6f7538e40e91e0b6,ok,,xxz-hva,18,8,float64,42,32,2,32,2,2,0.5,xxz-matching,xxz-matching,6,6,,,2+2+2+1+1+1,2+2+2+1+1+1,not_applicable,optimized,5,3,5,0.315391999,0.315391999,0.315391999,0.315391999,0.0,0.091238398,0.0,0.22415360099999998,,,,/home/rzzhang/sad_merged/sad/build/joint_xxz/f32r2_b32r2-m2-1e9e397a047c
2026-08-23T08:02:19.581962+00:00,20260823T075745,joint:xxz-hva:22:0b612889dbebae59,ok,,xxz-hva,22,8,float64,42,32,2,32,2,2,0.75,xxz-matching,xxz-matching,9,9,,,2+2+1+1+1+1+1+1+1,2+2+1+1+1+1+1+1+1,not_applicable,optimized,3,3,3,4.8346560005,4.8346560005,4.8346560005,4.8346560005,0.0,1.1209599975,0.0,3.713696003,,,,/home/rzzhang/sad_merged/sad/build/joint_xxz/f32r2_b32r2-m2-1e9e397a047c
2026-08-23T08:02:20.084455+00:00,20260823T075745,joint:xxz-hva:14:7ea43494f7ff2ef6,ok,,xxz-hva,14,8,float64,42,128,2,32,2,2,0.0,xxz-matching,xxz-matching,2,3,,,4+3,3+2+2,not_applicable,optimized,10,3,10,0.057668801000000006,0.057668801000000006,0.057668801000000006,0.057668801000000006,0.0,0.0223232,0.0,0.035345601000000004,,,,/home/rzzhang/sad_merged/sad/build/joint_xxz/f128r2_b32r2-m2-8400b296af60
2026-08-23T08:02:20.545883+00:00,20260823T075745,joint:xxz-hva:22:e7efe34d687b0dba,ok,,xxz-hva,22,8,float64,42,32,2,32,2,1,1.0,xxz-matching,xxz-matching,11,11,,,1+1+1+1+1+1+1+1+1+1+1,1+1+1+1+1+1+1+1+1+1+1,not_applicable,optimized,3,3,3,4.888650655499999,4.888650655499999,4.888650655499999,4.888650655499999,0.0,1.1402347085,0.0,3.748415947,,,,/home/rzzhang/sad_merged/sad/build/joint_xxz/f32r2_b32r2-m1-13414f75e200
2026-08-23T08:02:21.054516+00:00,20260823T075745,joint:xxz-hva:20:4c3a71839525602b,ok,,xxz-hva,20,8,float64,42,32,2,32,2,1,0.5,xxz-matching,xxz-matching,7,7,,,2+2+2+1+1+1+1,2+2+2+1+1+1+1,not_applicable,optimized,5,3,5,1.149923205,1.149923205,1.149923205,1.149923205,0.0,0.287635207,0.0,0.862287998,,,,/home/rzzhang/sad_merged/sad/build/joint_xxz/f32r2_b32r2-m1-13414f75e200
2026-08-23T08:02:21.493291+00:00,20260823T075745,joint:xxz-hva:8:13b828e17f3219ce,ok,,xxz-hva,8,8,float64,42,128,2,128,2,1,0.0,xxz-matching,xxz-matching,1,1,,,4,4,not_applicable,optimized,20,3,20,0.029482400000000002,0.029482400000000002,0.029482400000000002,0.029482400000000002,0.0,0.0078264,0.0,0.021656,,,,/home/rzzhang/sad_merged/sad/build/joint_xxz/f128r2_b128r2-m1-fae7f81cf230
2026-08-23T08:02:21.912063+00:00,20260823T075745,joint:xxz-hva:20:72c1c2396ab1f6b8,ok,,xxz-hva,20,8,float64,42,128,2,32,2,2,0.0,xxz-matching,xxz-matching,3,4,,,4+3+3,3+3+2+2,not_applicable,optimized,5,3,5,1.114102393,1.114102393,1.114102393,1.114102393,0.0,0.2657184005,0.0,0.8483839925,,,,/home/rzzhang/sad_merged/sad/build/joint_xxz/f128r2_b32r2-m2-8400b296af60
2026-08-23T08:02:22.356323+00:00,20260823T075745,joint:xxz-hva:16:6bbdae1a28ce6119,ok,,xxz-hva,16,8,float64,42,32,2,32,2,1,0.5,xxz-matching,xxz-matching,6,6,,,2+2+1+1+1+1,2+2+1+1+1+1,not_applicable,optimized,5,3,5,0.123084798,0.123084798,0.123084798,0.123084798,0.0,0.043929599,0.0,0.079155199,,,,/home/rzzhang/sad_merged/sad/build/joint_xxz/f32r2_b32r2-m1-13414f75e200
2026-08-23T08:02:22.786179+00:00,20260823T075745,joint:xxz-hva:22:cabbd06c267fc5aa,ok,,xxz-hva,22,8,float64,42,32,2,128,2,2,1.0,xxz-matching,xxz-matching,11,11,,,1+1+1+1+1+1+1+1+1+1+1,1+1+1+1+1+1+1+1+1+1+1,not_applicable,optimized,3,3,3,5.0246881245,5.0246881245,5.0246881245,5.0246881245,0.0,1.1398826835,0.0,3.884805441,,,,/home/rzzhang/sad_merged/sad/build/joint_xxz/f32r2_b128r2-m2-dc52a30a7eed
2026-08-23T08:02:23.274877+00:00,20260823T075745,joint:xxz-hva:28:db317b47f967afa2,ok,,xxz-hva,28,8,float64,42,32,2,128,2,1,0.75,xxz-matching,xxz-matching,12,12,,,2+2+1+1+1+1+1+1+1+1+1+1,2+2+1+1+1+1+1+1+1+1+1+1,not_applicable,optimized,2,3,2,397.353973389,397.353973389,397.353973389,397.353973389,0.0,116.3639984135,0.0,280.9899749755,,,,/home/rzzhang/sad_merged/sad/build/joint_xxz/f32r2_b128r2-m1-d6d8eb72a995
2026-08-23T08:02:28.105106+00:00,20260823T075745,joint:xxz-hva:4:1c541aa8b8e8fd62,ok,,xxz-hva,4,8,float64,42,128,2,32,2,2,0.0,xxz-matching,xxz-matching,1,1,,,2,2,not_applicable,optimized,20,3,20,0.009583999999999999,0.009583999999999999,0.009583999999999999,0.009583999999999999,0.0,0.0033575999999999996,0.0,0.0062264,,,,/home/rzzhang/sad_merged/sad/build/joint_xxz/f128r2_b32r2-m2-8400b296af60
2026-08-23T08:02:28.534525+00:00,20260823T075745,joint:xxz-hva:14:2883ce2ee6511b3b,ok,,xxz-hva,14,8,float64,42,64,2,64,2,1,0.0,xxz-matching,xxz-matching,2,2,,,4+3,4+3,not_applicable,optimized,10,3,10,0.0539487985,0.0539487985,0.0539487985,0.0539487985,0.0,0.016419199500000002,0.0,0.037529599,,,,/home/rzzhang/sad_merged/sad/build/joint_xxz/f64r2_b64r2-m1-b00ee0bf62ea
2026-08-23T08:02:28.985897+00:00,20260823T075745,joint:xxz-hva:18:541cf9bffb2c4c00,ok,,xxz-hva,18,8,float64,42,32,2,32,2,2,0.0,xxz-matching,xxz-matching,3,3,,,3+3+3,3+3+3,not_applicable,optimized,5,3,5,0.2884928025,0.2884928025,0.2884928025,0.2884928025,0.0,0.0757599955,0.0,0.212732807,,,,/home/rzzhang/sad_merged/sad/build/joint_xxz/f32r2_b32r2-m2-1e9e397a047c
2026-08-23T08:02:29.408394+00:00,20260823T075745,joint:xxz-hva:28:a1112ea9e44235b9,ok,,xxz-hva,28,8,float64,42,32,2,32,2,1,0.25,xxz-matching,xxz-matching,7,7,,,2+2+2+2+2+2+2,2+2+2+2+2+2+2,not_applicable,optimized,2,3,2,354.85486221350004,354.85486221350004,354.85486221350004,354.85486221350004,0.0,82.430896759,0.0,272.42396545450003,,,,/home/rzzhang/sad_merged/sad/build/joint_xxz/f32r2_b32r2-m1-13414f75e200
2026-08-23T08:02:33.823586+00:00,20260823T075745,joint:xxz-hva:26:8ab06d9a41e5391d,ok,,xxz-hva,26,8,float64,42,32,2,32,2,2,0.5,xxz-matching,xxz-matching,9,9,,,2+2+2+2+1+1+1+1+1,2+2+2+2+1+1+1+1+1,not_applicable,optimized,2,3,2,90.41817569749999,90.41817569749999,90.41817569749999,90.41817569749999,0.0,23.899392128,0.0,66.51878356949999,,,,/home/rzzhang/sad_merged/sad/build/joint_xxz/f32r2_b32r2-m2-1e9e397a047c
2026-08-23T08:02:35.303137+00:00,20260823T075745,joint:xxz-hva:24:fe830955e77fc933,ok,,xxz-hva,24,8,float64,42,32,2,128,2,2,0.25,xxz-matching,xxz-matching,6,5,,,2+2+2+2+2+2,3+3+2+2+2,not_applicable,optimized,3,3,3,20.801092863,20.801092863,20.801092863,20.801092863,0.0,4.631935835,0.0,16.169157028,,,,/home/rzzhang/sad_merged/sad/build/joint_xxz/f32r2_b128r2-m2-dc52a30a7eed
2026-08-23T08:02:35.988453+00:00,20260823T075745,joint:xxz-hva:12:6c400d031e53b091,ok,,xxz-hva,12,8,float64,42,128,2,32,2,1,0.5,xxz-matching,xxz-matching,4,4,,,2+2+1+1,2+2+1+1,not_applicable,optimized,10,3,10,0.06348799899999999,0.06348799899999999,0.06348799899999999,0.06348799899999999,0.0,0.028774399,0.0,0.0347136,,,,/home/rzzhang/sad_merged/sad/build/joint_xxz/f128r2_b32r2-m1-a46c23c4be26
2026-08-23T08:02:36.409416+00:00,20260823T075745,joint:xxz-hva:14:44bc9a0502c0fd52,ok,,xxz-hva,14,8,float64,42,128,2,32,2,2,1.0,xxz-matching,xxz-matching,7,7,,,1+1+1+1+1+1+1,1+1+1+1+1+1+1,not_applicable,optimized,10,3,10,0.1006975975,0.1006975975,0.1006975975,0.1006975975,0.0,0.0475519985,0.0,0.053145599,,,,/home/rzzhang/sad_merged/sad/build/joint_xxz/f128r2_b32r2-m2-8400b296af60
2026-08-23T08:02:36.830746+00:00,20260823T075745,joint:xxz-hva:18:bc3010bb3183f394,ok,,xxz-hva,18,8,float64,42,32,2,128,2,2,0.5,xxz-matching,xxz-matching,6,6,,,2+2+2+1+1+1,2+2+2+1+1+1,not_applicable,optimized,5,3,5,0.3280543835,0.3280543835,0.3280543835,0.3280543835,0.0,0.0914079995,0.0,0.236646384,,,,/home/rzzhang/sad_merged/sad/build/joint_xxz/f32r2_b128r2-m2-dc52a30a7eed
2026-08-23T08:02:37.253956+00:00,20260823T075745,joint:xxz-hva:18:2ac329ef2ada74e9,ok,,xxz-hva,18,8,float64,42,64,2,64,2,1,0.5,xxz-matching,xxz-matching,6,6,,,2+2+2+1+1+1,2+2+2+1+1+1,not_applicable,optimized,5,3,5,0.3223456,0.3223456,0.3223456,0.3223456,0.0,0.093184002,0.0,0.229161598,,,,/home/rzzhang/sad_merged/sad/build/joint_xxz/f64r2_b64r2-m1-b00ee0bf62ea
2026-08-23T08:02:37.677189+00:00,20260823T075745,joint:xxz-hva:10:d80606ce2a24e120,ok,,xxz-hva,10,8,float64,42,64,2,64,2,1,0.0,xxz-matching,xxz-matching,2,2,,,3+2,3+2,not_applicable,optimized,10,3,10,0.0399824,0.0399824,0.0399824,0.0399824,0.0,0.0124928,0.0,0.0274896,,,,/home/rzzhang/sad_merged/sad/build/joint_xxz/f64r2_b64r2-m1-b00ee0bf62ea
2026-08-23T08:02:38.095565+00:00,20260823T075745,joint:xxz-hva:28:d49af2625743a2d2,ok,,xxz-hva,28,8,float64,42,128,2,128,2,1,1.0,xxz-matching,xxz-matching,14,14,,,1+1+1+1+1+1+1+1+1+1+1+1+1+1,1+1+1+1+1+1+1+1+1+1+1+1+1+1,not_applicable,optimized,2,3,2,412.0874328615,412.0874328615,412.0874328615,412.0874328615,0.0,130.8828125,0.0,281.2046203615,,,,/home/rzzhang/sad_merged/sad/build/joint_xxz/f128r2_b128r2-m1-fae7f81cf230
2026-08-23T08:02:43.032065+00:00,20260823T075745,joint:xxz-hva:14:9e1fad6483ce28c2,ok,,xxz-hva,14,8,float64,42,128,2,128,2,2,0.75,xxz-matching,xxz-matching,6,6,,,2+1+1+1+1+1,2+1+1+1+1+1,not_applicable,optimized,10,3,10,0.1175408005,0.1175408005,0.1175408005,0.1175408005,0.0,0.0399215985,0.0,0.077619202,,,,/home/rzzhang/sad_merged/sad/build/joint_xxz/f128r2_b128r2-m2-f42c0b5be0d7
2026-08-23T08:02:43.456285+00:00,20260823T075745,joint:xxz-hva:26:4fc18109ae4970fc,ok,,xxz-hva,26,8,float64,42,128,2,32,2,2,0.25,xxz-matching,xxz-matching,6,7,,,3+2+2+2+2+2,2+2+2+2+2+2+1,not_applicable,optimized,2,3,2,85.135433197,85.135433197,85.135433197,85.135433197,0.0,19.8103523255,0.0,65.3250808715,,,,/home/rzzhang/sad_merged/sad/build/joint_xxz/f128r2_b32r2-m2-8400b296af60
2026-08-23T08:02:44.875021+00:00,20260823T075745,joint:xxz-hva:22:06b5f897a54da95b,ok,,xxz-hva,22,8,float64,42,128,2,32,2,2,1.0,xxz-matching,xxz-matching,11,11,,,1+1+1+1+1+1+1+1+1+1+1,1+1+1+1+1+1+1+1+1+1+1,not_applicable,optimized,3,3,3,4.892480016,4.892480016,4.892480016,4.892480016,0.0,1.1439572574999999,0.0,3.7485227585,,,,/home/rzzhang/sad_merged/sad/build/joint_xxz/f128r2_b32r2-m2-8400b296af60
2026-08-23T08:02:45.364985+00:00,20260823T075745,joint:xxz-hva:8:54ccdce8c433a758,ok,,xxz-hva,8,8,float64,42,64,2,64,2,2,0.0,xxz-matching,xxz-matching,1,1,,,4,4,not_applicable,optimized,20,3,20,0.0263168,0.0263168,0.0263168,0.0263168,0.0,0.0072192,0.0,0.0190976,,,,/home/rzzhang/sad_merged/sad/build/joint_xxz/f64r2_b64r2-m2-e933a4f0a9e2
2026-08-23T08:02:45.794086+00:00,20260823T075745,joint:xxz-hva:10:89c90e205cb50d5e,ok,,xxz-hva,10,8,float64,42,32,2,32,2,2,0.0,xxz-matching,xxz-matching,2,2,,,3+2,3+2,not_applicable,optimized,10,3,10,0.0344512,0.0344512,0.0344512,0.0344512,0.0,0.011520000499999999,0.0,0.0229311995,,,,/home/rzzhang/sad_merged/sad/build/joint_xxz/f32r2_b32r2-m2-1e9e397a047c
2026-08-23T08:02:46.210677+00:00,20260823T075745,joint:xxz-hva:18:e20f691f547bc5a9,ok,,xxz-hva,18,8,float64,42,128,2,32,2,1,1.0,xxz-matching,xxz-matching,9,9,,,1+1+1+1+1+1+1+1+1,1+1+1+1+1+1+1+1+1,not_applicable,optimized,5,3,5,0.356723212,0.356723212,0.356723212,0.356723212,0.0,0.116419204,0.0,0.240304008,,,,/home/rzzhang/sad_merged/sad/build/joint_xxz/f128r2_b32r2-m1-a46c23c4be26
2026-08-23T08:02:46.646521+00:00,20260823T075745,joint:xxz-hva:6:12ff55ce8aeec058,ok,,xxz-hva,6,8,float64,42,128,2,128,2,2,1.0,xxz-matching,xxz-matching,3,3,,,1+1+1,1+1+1,not_applicable,optimized,20,3,20,0.028586399000000002,0.028586399000000002,0.028586399000000002,0.028586399000000002,0.0,0.010871200000000001,0.0,0.017715199,,,,/home/rzzhang/sad_merged/sad/build/joint_xxz/f128r2_b128r2-m2-f42c0b5be0d7
2026-08-23T08:02:47.069277+00:00,20260823T075745,joint:xxz-hva:12:a0caee342afdaeb1,ok,,xxz-hva,12,8,float64,42,128,2,32,2,2,1.0,xxz-matching,xxz-matching,6,6,,,1+1+1+1+1+1,1+1+1+1+1+1,not_applicable,optimized,10,3,10,0.080793597,0.080793597,0.080793597,0.080793597,0.0,0.0378367975,0.0,0.042956799500000004,,,,/home/rzzhang/sad_merged/sad/build/joint_xxz/f128r2_b32r2-m2-8400b296af60
2026-08-23T08:02:47.491325+00:00,20260823T075745,joint:xxz-hva:16:23dec409da2d9df9,ok,,xxz-hva,16,8,float64,42,32,2,128,2,1,1.0,xxz-matching,xxz-matching,8,8,,,1+1+1+1+1+1+1+1,1+1+1+1+1+1+1+1,not_applicable,optimized,5,3,5,0.15576639750000001,0.15576639750000001,0.15576639750000001,0.15576639750000001,0.0,0.053964801,0.0,0.10180159650000001,,,,/home/rzzhang/sad_merged/sad/build/joint_xxz/f32r2_b128r2-m1-d6d8eb72a995
2026-08-23T08:02:47.911335+00:00,20260823T075745,joint:xxz-hva:26:3ad1fbb8fae4e6ad,ok,,xxz-hva,26,8,float64,42,32,2,128,2,1,1.0,xxz-matching,xxz-matching,13,13,,,1+1+1+1+1+1+1+1+1+1+1+1+1,1+1+1+1+1+1+1+1+1+1+1+1+1,not_applicable,optimized,2,3,2,97.94380569449999,97.94380569449999,97.94380569449999,97.94380569449999,0.0,30.4265441895,0.0,67.517261505,,,,/home/rzzhang/sad_merged/sad/build/joint_xxz/f32r2_b128r2-m1-d6d8eb72a995
2026-08-23T08:02:49.471661+00:00,20260823T075745,joint:xxz-hva:18:6a3011f4ce04fe65,ok,,xxz-hva,18,8,float64,42,32,2,32,2,1,0.75,xxz-matching,xxz-matching,8,8,,,2+1+1+1+1+1+1+1,2+1+1+1+1+1+1+1,not_applicable,optimized,5,3,5,0.3356,0.3356,0.3356,0.3356,0.0,0.101414401,0.0,0.234185599,,,,/home/rzzhang/sad_merged/sad/build/joint_xxz/f32r2_b32r2-m1-13414f75e200
2026-08-23T08:02:49.929030+00:00,20260823T075745,joint:xxz-hva:24:cc3507b01f3c77e3,ok,,xxz-hva,24,8,float64,42,32,2,128,2,1,0.75,xxz-matching,xxz-matching,10,10,,,2+2+1+1+1+1+1+1+1+1,2+2+1+1+1+1+1+1+1+1,not_applicable,optimized,3,3,3,22.503349304,22.503349304,22.503349304,22.503349304,0.0,6.233850479,0.0,16.269498825,,,,/home/rzzhang/sad_merged/sad/build/joint_xxz/f32r2_b128r2-m1-d6d8eb72a995
2026-08-23T08:02:50.633416+00:00,20260823T075745,joint:xxz-hva:26:292c810c9a0f2d8b,ok,,xxz-hva,26,8,float64,42,32,2,32,2,1,0.75,xxz-matching,xxz-matching,11,11,,,2+2+1+1+1+1+1+1+1+1+1,2+2+1+1+1+1+1+1+1+1+1,not_applicable,optimized,2,3,2,93.32962512999998,93.32962512999998,93.32962512999998,93.32962512999998,0.0,27.1471834185,0.0,66.18244171149999,,,,/home/rzzhang/sad_merged/sad/build/joint_xxz/f32r2_b32r2-m1-13414f75e200
2026-08-23T08:02:52.163356+00:00,20260823T075745,joint:xxz-hva:12:f3285b5ff387e83e,ok,,xxz-hva,12,8,float64,42,32,2,128,2,1,0.25,xxz-matching,xxz-matching,3,3,,,2+2+2,2+2+2,not_applicable,optimized,10,3,10,0.0711232025,0.0711232025,0.0711232025,0.0711232025,0.0,0.0167408,0.0,0.054382402499999996,,,,/home/rzzhang/sad_merged/sad/build/joint_xxz/f32r2_b128r2-m1-d6d8eb72a995
2026-08-23T08:02:52.589575+00:00,20260823T075745,joint:xxz-hva:24:97000edda9f685df,ok,,xxz-hva,24,8,float64,42,32,2,128,2,1,0.5,xxz-matching,xxz-matching,8,8,,,2+2+2+2+1+1+1+1,2+2+2+2+1+1+1+1,not_applicable,optimized,3,3,3,21.6562190055,21.6562190055,21.6562190055,21.6562190055,0.0,5.429898739,0.0,16.2263202665,,,,/home/rzzhang/sad_merged/sad/build/joint_xxz/f32r2_b128r2-m1-d6d8eb72a995
2026-08-23T08:02:53.295099+00:00,20260823T075745,joint:xxz-hva:10:799c1086b4290f34,ok,,xxz-hva,10,8,float64,42,128,2,32,2,2,1.0,xxz-matching,xxz-matching,5,5,,,1+1+1+1+1,1+1+1+1+1,not_applicable,optimized,10,3,10,0.0631151995,0.0631151995,0.0631151995,0.0631151995,0.0,0.0290160005,0.0,0.034099199,,,,/home/rzzhang/sad_merged/sad/build/joint_xxz/f128r2_b32r2-m2-8400b296af60
2026-08-23T08:02:53.744424+00:00,20260823T075745,joint:xxz-hva:4:8726b2273dc1e41a,ok,,xxz-hva,4,8,float64,42,32,2,32,2,2,0.0,xxz-matching,xxz-matching,1,1,,,2,2,not_applicable,optimized,20,3,20,0.0096192,0.0096192,0.0096192,0.0096192,0.0,0.0033776,0.0,0.0062416,,,,/home/rzzhang/sad_merged/sad/build/joint_xxz/f32r2_b32r2-m2-1e9e397a047c
2026-08-23T08:02:54.171016+00:00,20260823T075745,joint:xxz-hva:10:1a6d79dd0dd7aa11,ok,,xxz-hva,10,8,float64,42,128,2,32,2,1,0.5,xxz-matching,xxz-matching,4,4,,,2+1+1+1,2+1+1+1,not_applicable,optimized,10,3,10,0.0553903995,0.0553903995,0.0553903995,0.0553903995,0.0,0.0249712,0.0,0.0304191995,,,,/home/rzzhang/sad_merged/sad/build/joint_xxz/f128r2_b32r2-m1-a46c23c4be26
2026-08-23T08:02:54.593620+00:00,20260823T075745,joint:xxz-hva:22:67181a3374a76b00,ok,,xxz-hva,22,8,float64,42,32,2,128,2,1,0.0,xxz-matching,xxz-matching,4,3,,,3+3+3+2,4+4+3,not_applicable,optimized,3,3,3,4.8201440575,4.8201440575,4.8201440575,4.8201440575,0.0,1.077370644,0.0,3.7427734135,,,,/home/rzzhang/sad_merged/sad/build/joint_xxz/f32r2_b128r2-m1-d6d8eb72a995
2026-08-23T08:02:55.080828+00:00,20260823T075745,joint:xxz-hva:20:4ca7b79728514ef6,ok,,xxz-hva,20,8,float64,42,128,2,32,2,2,0.25,xxz-matching,xxz-matching,5,6,,,2+2+2+2+2,2+2+2+2+1+1,not_applicable,optimized,5,3,5,1.137948811,1.137948811,1.137948811,1.137948811,0.0,0.2814848125,0.0,0.8564639985,,,,/home/rzzhang/sad_merged/sad/build/joint_xxz/f128r2_b32r2-m2-8400b296af60
2026-08-23T08:02:55.521487+00:00,20260823T075745,joint:xxz-hva:12:afa48705dcbdac8c,ok,,xxz-hva,12,8,float64,42,32,2,32,2,2,0.5,xxz-matching,xxz-matching,4,4,,,2+2+1+1,2+2+1+1,not_applicable,optimized,10,3,10,0.0559872005,0.0559872005,0.0559872005,0.0559872005,0.0,0.0211888,0.0,0.0347984005,,,,/home/rzzhang/sad_merged/sad/build/joint_xxz/f32r2_b32r2-m2-1e9e397a047c
2026-08-23T08:02:55.941374+00:00,20260823T075745,joint:xxz-hva:24:e1ccc912382d1e17,ok,,xxz-hva,24,8,float64,42,32,2,128,2,1,1.0,xxz-matching,xxz-matching,12,12,,,1+1+1+1+1+1+1+1+1+1+1+1,1+1+1+1+1+1+1+1+1+1+1+1,not_applicable,optimized,3,3,3,23.371903419,23.371903419,23.371903419,23.371903419,0.0,7.056997299,0.0,16.31490612,,,,/home/rzzhang/sad_merged/sad/build/joint_xxz/f32r2_b128r2-m1-d6d8eb72a995
2026-08-23T08:02:56.665935+00:00,20260823T075745,joint:xxz-hva:12:68936496c88a18ae,ok,,xxz-hva,12,8,float64,42,128,2,32,2,1,0.75,xxz-matching,xxz-matching,5,5,,,2+1+1+1+1,2+1+1+1+1,not_applicable,optimized,10,3,10,0.0720368005,0.0720368005,0.0720368005,0.0720368005,0.0,0.0332912,0.0,0.0387456005,,,,/home/rzzhang/sad_merged/sad/build/joint_xxz/f128r2_b32r2-m1-a46c23c4be26
2026-08-23T08:02:57.103312+00:00,20260823T075745,joint:xxz-hva:20:90011c510f9533ae,ok,,xxz-hva,20,8,float64,42,32,2,128,2,2,0.25,xxz-matching,xxz-matching,6,5,,,2+2+2+2+1+1,2+2+2+2+2,not_applicable,optimized,5,3,5,1.165785611,1.165785611,1.165785611,1.165785611,0.0,0.2796544135,0.0,0.8861311975,,,,/home/rzzhang/sad_merged/sad/build/joint_xxz/f32r2_b128r2-m2-dc52a30a7eed
2026-08-23T08:02:57.540636+00:00,20260823T075745,joint:xxz-hva:20:e5076596d6d68c94,ok,,xxz-hva,20,8,float64,42,128,2,128,2,2,0.0,xxz-matching,xxz-matching,3,3,,,4+3+3,4+3+3,not_applicable,optimized,5,3,5,1.1443359855000002,1.1443359855000002,1.1443359855000002,1.1443359855000002,0.0,0.26572799700000005,0.0,0.8786079885,,,,/home/rzzhang/sad_merged/sad/build/joint_xxz/f128r2_b128r2-m2-f42c0b5be0d7
2026-08-23T08:02:57.981727+00:00,20260823T075745,joint:xxz-hva:6:1aa5dfd07d8c76d1,ok,,xxz-hva,6,8,float64,42,32,2,128,2,2,0.5,xxz-matching,xxz-matching,2,2,,,2+1,2+1,not_applicable,optimized,20,3,20,0.022344001000000002,0.022344001000000002,0.022344001000000002,0.022344001000000002,0.0,0.0073448,0.0,0.014999201,,,,/home/rzzhang/sad_merged/sad/build/joint_xxz/f32r2_b128r2-m2-dc52a30a7eed
2026-08-23T08:02:58.402834+00:00,20260823T075745,joint:xxz-hva:20:c5892b1271d851d8,ok,,xxz-hva,20,8,float64,42,32,2,128,2,1,0.75,xxz-matching,xxz-matching,8,8,,,2+2+1+1+1+1+1+1,2+2+1+1+1+1+1+1,not_applicable,optimized,5,3,5,1.2006975855,1.2006975855,1.2006975855,1.2006975855,0.0,0.294662401,0.0,0.9060351845,,,,/home/rzzhang/sad_merged/sad/build/joint_xxz/f32r2_b128r2-m1-d6d8eb72a995
2026-08-23T08:02:58.849402+00:00,20260823T075745,joint:xxz-hva:4:5c1aa741c9d82a8f,ok,,xxz-hva,4,8,float64,42,128,2,32,2,2,0.75,xxz-matching,xxz-matching,2,2,,,1+1,1+1,not_applicable,optimized,20,3,20,0.014866400000000002,0.014866400000000002,0.014866400000000002,0.014866400000000002,0.0,0.0061392,0.0,0.008727200000000001,,,,/home/rzzhang/sad_merged/sad/build/joint_xxz/f128r2_b32r2-m2-8400b296af60
2026-08-23T08:02:59.267340+00:00,20260823T075745,joint:xxz-hva:4:69f0148a4b5c73b0,ok,,xxz-hva,4,8,float64,42,32,2,32,2,2,0.75,xxz-matching,xxz-matching,2,2,,,1+1,1+1,not_applicable,optimized,20,3,20,0.014588,0.014588,0.014588,0.014588,0.0,0.0058416,0.0,0.008746400000000001,,,,/home/rzzhang/sad_merged/sad/build/joint_xxz/f32r2_b32r2-m2-1e9e397a047c
2026-08-23T08:02:59.689182+00:00,20260823T075745,joint:xxz-hva:20:2dce6711a3f15fec,ok,,xxz-hva,20,8,float64,42,32,2,128,2,2,0.0,xxz-matching,xxz-matching,4,3,,,3+3+2+2,4+3+3,not_applicable,optimized,5,3,5,1.1451392175000001,1.1451392175000001,1.1451392175000001,1.1451392175000001,0.0,0.266547203,0.0,0.8785920145,,,,/home/rzzhang/sad_merged/sad/build/joint_xxz/f32r2_b128r2-m2-dc52a30a7eed
2026-08-23T08:03:00.138885+00:00,20260823T075745,joint:xxz-hva:16:497a7dc6455facd3,ok,,xxz-hva,16,8,float64,42,32,2,128,2,2,0.25,xxz-matching,xxz-matching,4,4,,,2+2+2+2,2+2+2+2,not_applicable,optimized,5,3,5,0.11224960149999999,0.11224960149999999,0.11224960149999999,0.11224960149999999,0.0,0.0337952,0.0,0.07845440149999999,,,,/home/rzzhang/sad_merged/sad/build/joint_xxz/f32r2_b128r2-m2-dc52a30a7eed
2026-08-23T08:03:00.560944+00:00,20260823T075745,joint:xxz-hva:28:cb77d39d91b04386,ok,,xxz-hva,28,8,float64,42,128,2,32,2,1,1.0,xxz-matching,xxz-matching,14,14,,,1+1+1+1+1+1+1+1+1+1+1+1+1+1,1+1+1+1+1+1+1+1+1+1+1+1+1+1,not_applicable,optimized,2,3,2,403.77419281050004,403.77419281050004,403.77419281050004,403.77419281050004,0.0,130.90789032,0.0,272.8663024905,,,,/home/rzzhang/sad_merged/sad/build/joint_xxz/f128r2_b32r2-m1-a46c23c4be26
2026-08-23T08:03:05.427168+00:00,20260823T075745,joint:xxz-hva:20:636bd593e33eb4a0,ok,,xxz-hva,20,8,float64,42,32,2,32,2,1,0.75,xxz-matching,xxz-matching,8,8,,,2+2+1+1+1+1+1+1,2+2+1+1+1+1+1+1,not_applicable,optimized,5,3,5,1.1438560045000001,1.1438560045000001,1.1438560045000001,1.1438560045000001,0.0,0.275337592,0.0,0.8685184125000001,,,,/home/rzzhang/sad_merged/sad/build/joint_xxz/f32r2_b32r2-m1-13414f75e200
2026-08-23T08:03:05.936279+00:00,20260823T075745,joint:xxz-hva:22:552284066215187e,ok,,xxz-hva,22,8,float64,42,32,2,128,2,2,0.0,xxz-matching,xxz-matching,4,3,,,3+3+3+2,4+4+3,not_applicable,optimized,3,3,3,4.820437371500001,4.820437371500001,4.820437371500001,4.820437371500001,0.0,1.0775893330000001,0.0,3.7428480385,,,,/home/rzzhang/sad_merged/sad/build/joint_xxz/f32r2_b128r2-m2-dc52a30a7eed
2026-08-23T08:03:06.419223+00:00,20260823T075745,joint:xxz-hva:12:a9ce0206257a9be1,ok,,xxz-hva,12,8,float64,42,128,2,128,2,1,0.75,xxz-matching,xxz-matching,5,5,,,2+1+1+1+1,2+1+1+1+1,not_applicable,optimized,10,3,10,0.0963391995,0.0963391995,0.0963391995,0.0963391995,0.0,0.0332287995,0.0,0.0631104,,,,/home/rzzhang/sad_merged/sad/build/joint_xxz/f128r2_b128r2-m1-fae7f81cf230
2026-08-23T08:03:06.846638+00:00,20260823T075745,joint:xxz-hva:4:3de3a8323ad06e51,ok,,xxz-hva,4,8,float64,42,32,2,128,2,1,1.0,xxz-matching,xxz-matching,2,2,,,1+1,1+1,not_applicable,optimized,20,3,20,0.016252,0.016252,0.016252,0.016252,0.0,0.0058416,0.0,0.0104104,,,,/home/rzzhang/sad_merged/sad/build/joint_xxz/f32r2_b128r2-m1-d6d8eb72a995
2026-08-23T08:03:07.267255+00:00,20260823T075745,joint:xxz-hva:20:71cb7556f07af59a,ok,,xxz-hva,20,8,float64,42,32,2,32,2,1,0.0,xxz-matching,xxz-matching,4,4,,,3+3+2+2,3+3+2+2,not_applicable,optimized,5,3,5,1.1150944084999999,1.1150944084999999,1.1150944084999999,1.1150944084999999,0.0,0.26674239349999995,0.0,0.8483520149999999,,,,/home/rzzhang/sad_merged/sad/build/joint_xxz/f32r2_b32r2-m1-13414f75e200
2026-08-23T08:03:07.713072+00:00,20260823T075745,joint:xxz-hva:12:5b754183082fb8d0,ok,,xxz-hva,12,8,float64,42,32,2,128,2,1,0.75,xxz-matching,xxz-matching,5,5,,,2+1+1+1+1,2+1+1+1+1,not_applicable,optimized,10,3,10,0.08826559899999999,0.08826559899999999,0.08826559899999999,0.08826559899999999,0.0,0.025188800999999997,0.0,0.06307679799999999,,,,/home/rzzhang/sad_merged/sad/build/joint_xxz/f32r2_b128r2-m1-d6d8eb72a995
2026-08-23T08:03:08.165740+00:00,20260823T075745,joint:xxz-hva:20:dfd52c4fcf027fac,ok,,xxz-hva,20,8,float64,42,32,2,128,2,2,0.5,xxz-matching,xxz-matching,7,6,,,2+2+2+1+1+1+1,2+2+2+2+1+1,not_applicable,optimized,5,3,5,1.178771183,1.178771183,1.178771183,1.178771183,0.0,0.287513599,0.0,0.891257584,,,,/home/rzzhang/sad_merged/sad/build/joint_xxz/f32r2_b128r2-m2-dc52a30a7eed
2026-08-23T08:03:08.633935+00:00,20260823T075745,joint:xxz-hva:24:80aee606f315f958,ok,,xxz-hva,24,8,float64,42,128,2,32,2,2,0.25,xxz-matching,xxz-matching,5,6,,,3+3+2+2+2,2+2+2+2+2+2,not_applicable,optimized,3,3,3,20.31814456,20.31814456,20.31814456,20.31814456,0.0,4.624831915,0.0,15.693312645,,,,/home/rzzhang/sad_merged/sad/build/joint_xxz/f128r2_b32r2-m2-8400b296af60
2026-08-23T08:03:09.342843+00:00,20260823T075745,joint:xxz-hva:20:07c8bc70fa08cfd6,ok,,xxz-hva,20,8,float64,42,64,2,64,2,1,0.5,xxz-matching,xxz-matching,6,6,,,2+2+2+2+1+1,2+2+2+2+1+1,not_applicable,optimized,5,3,5,1.156060815,1.156060815,1.156060815,1.156060815,0.0,0.2823103965,0.0,0.8737504185,,,,/home/rzzhang/sad_merged/sad/build/joint_xxz/f64r2_b64r2-m1-b00ee0bf62ea
2026-08-23T08:03:09.795549+00:00,20260823T075745,joint:xxz-hva:26:7ebd39bc911db697,ok,,xxz-hva,26,8,float64,42,128,2,32,2,1,0.75,xxz-matching,xxz-matching,11,11,,,2+2+1+1+1+1+1+1+1+1+1,2+2+1+1+1+1+1+1+1+1+1,not_applicable,optimized,2,3,2,93.94380760199999,93.94380760199999,93.94380760199999,93.94380760199999,0.0,27.182592392,0.0,66.76121520999999,,,,/home/rzzhang/sad_merged/sad/build/joint_xxz/f128r2_b32r2-m1-a46c23c4be26
2026-08-23T08:03:11.334755+00:00,20260823T075745,joint:xxz-hva:12:48a1f8336ca06f99,ok,,xxz-hva,12,8,float64,42,128,2,128,2,2,1.0,xxz-matching,xxz-matching,6,6,,,1+1+1+1+1+1,1+1+1+1+1+1,not_applicable,optimized,10,3,10,0.10455039399999999,0.10455039399999999,0.10455039399999999,0.10455039399999999,0.0,0.036761599,0.0,0.067788795,,,,/home/rzzhang/sad_merged/sad/build/joint_xxz/f128r2_b128r2-m2-f42c0b5be0d7
2026-08-23T08:03:11.756762+00:00,20260823T075745,joint:xxz-hva:26:3264bde2521bbbc5,ok,,xxz-hva,26,8,float64,42,64,2,64,2,1,0.5,xxz-matching,xxz-matching,8,8,,,2+2+2+2+2+1+1+1,2+2+2+2+2+1+1+1,not_applicable,optimized,2,3,2,88.7831821445,88.7831821445,88.7831821445,88.7831821445,0.0,22.3174953465,0.0,66.46568679800001,,,,/home/rzzhang/sad_merged/sad/build/joint_xxz/f64r2_b64r2-m1-b00ee0bf62ea
2026-08-23T08:03:13.258952+00:00,20260823T075745,joint:xxz-hva:20:4484d58e71440a9f,ok,,xxz-hva,20,8,float64,42,128,2,128,2,1,0.0,xxz-matching,xxz-matching,3,3,,,4+3+3,4+3+3,not_applicable,optimized,5,3,5,1.1426463875000001,1.1426463875000001,1.1426463875000001,1.1426463875000001,0.0,0.26415680350000004,0.0,0.878489584,,,,/home/rzzhang/sad_merged/sad/build/joint_xxz/f128r2_b128r2-m1-fae7f81cf230
2026-08-23T08:03:13.737873+00:00,20260823T075745,joint:xxz-hva:6:002f4974a66c25c6,ok,,xxz-hva,6,8,float64,42,128,2,32,2,1,1.0,xxz-matching,xxz-matching,3,3,,,1+1+1,1+1+1,not_applicable,optimized,20,3,20,0.0261815995,0.0261815995,0.0261815995,0.0261815995,0.0,0.010871200000000001,0.0,0.015310399499999999,,,,/home/rzzhang/sad_merged/sad/build/joint_xxz/f128r2_b32r2-m1-a46c23c4be26
2026-08-23T08:03:14.157159+00:00,20260823T075745,joint:xxz-hva:28:026454312960b9de,ok,,xxz-hva,28,8,float64,42,128,2,32,2,1,0.0,xxz-matching,xxz-matching,4,5,,,4+4+3+3,3+3+3+3+2,not_applicable,optimized,2,3,2,354.19516754100005,354.19516754100005,354.19516754100005,354.19516754100005,0.0,80.38323211650001,0.0,273.8119354245,,,,/home/rzzhang/sad_merged/sad/build/joint_xxz/f128r2_b32r2-m1-a46c23c4be26
2026-08-23T08:03:18.541964+00:00,20260823T075745,joint:xxz-hva:6:635fc59e1e7b7999,ok,,xxz-hva,6,8,float64,42,32,2,32,2,2,0.5,xxz-matching,xxz-matching,2,2,,,2+1,2+1,not_applicable,optimized,20,3,20,0.0193655995,0.0193655995,0.0193655995,0.0193655995,0.0,0.006984799999999999,0.0,0.012380799500000001,,,,/home/rzzhang/sad_merged/sad/build/joint_xxz/f32r2_b32r2-m2-1e9e397a047c
2026-08-23T08:03:19.011765+00:00,20260823T075745,joint:xxz-hva:22:d8d1db8e25ee4df8,ok,,xxz-hva,22,8,float64,42,32,2,32,2,1,0.5,xxz-matching,xxz-matching,8,8,,,2+2+2+1+1+1+1+1,2+2+2+1+1+1+1+1,not_applicable,optimized,3,3,3,4.8072265985,4.8072265985,4.8072265985,4.8072265985,0.0,1.1116693615,0.0,3.695557237,,,,/home/rzzhang/sad_merged/sad/build/joint_xxz/f32r2_b32r2-m1-13414f75e200
2026-08-23T08:03:19.501685+00:00,20260823T075745,joint:xxz-hva:18:b8f8412bfe2942a3,ok,,xxz-hva,18,8,float64,42,128,2,128,2,1,0.25,xxz-matching,xxz-matching,4,4,,,3+2+2+2,3+2+2+2,not_applicable,optimized,5,3,5,0.30779199700000004,0.30779199700000004,0.30779199700000004,0.30779199700000004,0.0,0.0840479995,0.0,0.2237439975,,,,/home/rzzhang/sad_merged/sad/build/joint_xxz/f128r2_b128r2-m1-fae7f81cf230
2026-08-23T08:03:19.915374+00:00,20260823T075745,joint:xxz-hva:12:bfc99978c1501764,ok,,xxz-hva,12,8,float64,42,32,2,32,2,1,0.75,xxz-matching,xxz-matching,5,5,,,2+1+1+1+1,2+1+1+1+1,not_applicable,optimized,10,3,10,0.06396640149999999,0.06396640149999999,0.06396640149999999,0.06396640149999999,0.0,0.025208001,0.0,0.0387584005,,,,/home/rzzhang/sad_merged/sad/build/joint_xxz/f32r2_b32r2-m1-13414f75e200
2026-08-23T08:03:20.334847+00:00,20260823T075745,joint:xxz-hva:4:9302543fbed79f35,ok,,xxz-hva,4,8,float64,42,32,2,128,2,2,0.0,xxz-matching,xxz-matching,1,1,,,2,2,not_applicable,optimized,20,3,20,0.011343200000000001,0.011343200000000001,0.011343200000000001,0.011343200000000001,0.0,0.0033856,0.0,0.0079576,,,,/home/rzzhang/sad_merged/sad/build/joint_xxz/f32r2_b128r2-m2-dc52a30a7eed
2026-08-23T08:03:20.756476+00:00,20260823T075745,joint:xxz-hva:6:0e8c20e6d265fc92,ok,,xxz-hva,6,8,float64,42,32,2,32,2,1,0.0,xxz-matching,xxz-matching,1,1,,,3,3,not_applicable,optimized,20,3,20,0.0140472,0.0140472,0.0140472,0.0140472,0.0,0.0045312,0.0,0.009516,,,,/home/rzzhang/sad_merged/sad/build/joint_xxz/f32r2_b32r2-m1-13414f75e200
2026-08-23T08:03:21.184254+00:00,20260823T075745,joint:xxz-hva:16:1a529f4a41f907a3,ok,,xxz-hva,16,8,float64,42,32,2,128,2,1,0.0,xxz-matching,xxz-matching,3,2,,,3+3+2,4+4,not_applicable,optimized,5,3,5,0.0980096005,0.0980096005,0.0980096005,0.0980096005,0.0,0.0299648,0.0,0.0680448005,,,,/home/rzzhang/sad_merged/sad/build/joint_xxz/f32r2_b128r2-m1-d6d8eb72a995
2026-08-23T08:03:21.601437+00:00,20260823T075745,joint:xxz-hva:16:b838a26068b35fc7,ok,,xxz-hva,16,8,float64,42,32,2,128,2,1,0.5,xxz-matching,xxz-matching,6,5,,,2+2+1+1+1+1,2+2+2+1+1,not_applicable,optimized,5,3,5,0.128275201,0.128275201,0.128275201,0.128275201,0.0,0.044,0.0,0.084275201,,,,/home/rzzhang/sad_merged/sad/build/joint_xxz/f32r2_b128r2-m1-d6d8eb72a995
2026-08-23T08:03:22.032667+00:00,20260823T075745,joint:xxz-hva:28:da41cbcf06468857,ok,,xxz-hva,28,8,float64,42,64,2,64,2,2,0.5,xxz-matching,xxz-matching,9,9,,,2+2+2+2+2+1+1+1+1,2+2+2+2+2+1+1+1+1,not_applicable,optimized,2,3,2,372.6758079535,372.6758079535,372.6758079535,372.6758079535,0.0,95.87330245999999,0.0,276.8025054935,,,,/home/rzzhang/sad_merged/sad/build/joint_xxz/f64r2_b64r2-m2-e933a4f0a9e2
2026-08-23T08:03:26.646524+00:00,20260823T075745,joint:xxz-hva:28:42621ac56cf46bbe,ok,,xxz-hva,28,8,float64,42,32,2,128,2,2,0.0,xxz-matching,xxz-matching,5,4,,,3+3+3+3+2,4+4+3+3,not_applicable,optimized,2,3,2,362.658454895,362.658454895,362.658454895,362.658454895,0.0,82.07537078850001,0.0,280.5830841065,,,,/home/rzzhang/sad_merged/sad/build/joint_xxz/f32r2_b128r2-m2-dc52a30a7eed
2026-08-23T08:03:31.150595+00:00,20260823T075745,joint:xxz-hva:22:6a8cf58e532d4a58,ok,,xxz-hva,22,8,float64,42,128,2,128,2,2,0.0,xxz-matching,xxz-matching,3,3,,,4+4+3,4+4+3,not_applicable,optimized,3,3,3,4.7820214035,4.7820214035,4.7820214035,4.7820214035,0.0,1.0387680535000001,0.0,3.74325335,,,,/home/rzzhang/sad_merged/sad/build/joint_xxz/f128r2_b128r2-m2-f42c0b5be0d7
2026-08-23T08:03:31.657274+00:00,20260823T075745,joint:xxz-hva:12:e7c5739f092e7353,ok,,xxz-hva,12,8,float64,42,32,2,128,2,2,1.0,xxz-matching,xxz-matching,6,6,,,1+1+1+1+1+1,1+1+1+1+1+1,not_applicable,optimized,10,3,10,0.0969487995,0.0969487995,0.0969487995,0.0969487995,0.0,0.0291743995,0.0,0.0677744,,,,/home/rzzhang/sad_merged/sad/build/joint_xxz/f32r2_b128r2-m2-dc52a30a7eed
2026-08-23T08:03:32.078560+00:00,20260823T075745,joint:xxz-hva:12:4548ef69c308ee7d,ok,,xxz-hva,12,8,float64,42,64,2,64,2,1,0.0,xxz-matching,xxz-matching,2,2,,,3+3,3+3,not_applicable,optimized,10,3,10,0.0469391995,0.0469391995,0.0469391995,0.0469391995,0.0,0.0144416,0.0,0.0324975995,,,,/home/rzzhang/sad_merged/sad/build/joint_xxz/f64r2_b64r2-m1-b00ee0bf62ea
2026-08-23T08:03:32.499910+00:00,20260823T075745,joint:xxz-hva:24:4f73865510c79a47,ok,,xxz-hva,24,8,float64,42,32,2,32,2,2,0.75,xxz-matching,xxz-matching,10,10,,,2+2+1+1+1+1+1+1+1+1,2+2+1+1+1+1+1+1+1+1,not_applicable,optimized,3,3,3,22.0034611225,22.0034611225,22.0034611225,22.0034611225,0.0,6.234607935,0.0,15.7688531875,,,,/home/rzzhang/sad_merged/sad/build/joint_xxz/f32r2_b32r2-m2-1e9e397a047c
2026-08-23T08:03:33.228559+00:00,20260823T075745,joint:xxz-hva:10:7974c7bb3fef73f2,ok,,xxz-hva,10,8,float64,42,32,2,128,2,2,0.0,xxz-matching,xxz-matching,2,2,,,3+2,3+2,not_applicable,optimized,10,3,10,0.053407999,0.053407999,0.053407999,0.053407999,0.0,0.011532800499999999,0.0,0.0418751985,,,,/home/rzzhang/sad_merged/sad/build/joint_xxz/f32r2_b128r2-m2-dc52a30a7eed
2026-08-23T08:03:33.648878+00:00,20260823T075745,joint:xxz-hva:28:1cc2056dff7237ec,ok,,xxz-hva,28,8,float64,42,32,2,128,2,1,0.25,xxz-matching,xxz-matching,7,6,,,2+2+2+2+2+2+2,3+3+2+2+2+2,not_applicable,optimized,2,3,2,362.97806167600004,362.97806167600004,362.97806167600004,362.97806167600004,0.0,82.366230011,0.0,280.611831665,,,,/home/rzzhang/sad_merged/sad/build/joint_xxz/f32r2_b128r2-m1-d6d8eb72a995
2026-08-23T08:03:38.150318+00:00,20260823T075745,joint:xxz-hva:22:ba752f293f2bd320,ok,,xxz-hva,22,8,float64,42,32,2,128,2,2,0.25,xxz-matching,xxz-matching,6,5,,,2+2+2+2+2+1,3+2+2+2+2,not_applicable,optimized,3,3,3,4.8179253934999995,4.8179253934999995,4.8179253934999995,4.8179253934999995,0.0,1.0573173164999998,0.0,3.760608077,,,,/home/rzzhang/sad_merged/sad/build/joint_xxz/f32r2_b128r2-m2-dc52a30a7eed
2026-08-23T08:03:38.656297+00:00,20260823T075745,joint:xxz-hva:4:ae07cd668fbf9408,ok,,xxz-hva,4,8,float64,42,128,2,32,2,2,1.0,xxz-matching,xxz-matching,2,2,,,1+1,1+1,not_applicable,optimized,20,3,20,0.014806399999999999,0.014806399999999999,0.014806399999999999,0.014806399999999999,0.0,0.0061183999999999995,0.0,0.008688,,,,/home/rzzhang/sad_merged/sad/build/joint_xxz/f128r2_b32r2-m2-8400b296af60
2026-08-23T08:03:39.081716+00:00,20260823T075745,joint:xxz-hva:24:c0c930d132f8c4a3,ok,,xxz-hva,24,8,float64,42,128,2,32,2,1,0.25,xxz-matching,xxz-matching,5,6,,,3+3+2+2+2,2+2+2+2+2+2,not_applicable,optimized,3,3,3,20.3175253865,20.3175253865,20.3175253865,20.3175253865,0.0,4.6254081725,0.0,15.692117214,,,,/home/rzzhang/sad_merged/sad/build/joint_xxz/f128r2_b32r2-m1-a46c23c4be26
2026-08-23T08:03:39.755044+00:00,20260823T075745,joint:xxz-hva:6:ce26f9e717dad3da,ok,,xxz-hva,6,8,float64,42,128,2,32,2,2,0.75,xxz-matching,xxz-matching,2,2,,,2+1,2+1,not_applicable,optimized,20,3,20,0.0202648,0.0202648,0.0202648,0.0202648,0.0,0.0078592,0.0,0.0124056,,,,/home/rzzhang/sad_merged/sad/build/joint_xxz/f128r2_b32r2-m2-8400b296af60
2026-08-23T08:03:40.171489+00:00,20260823T075745,joint:xxz-hva:12:16ad53072de22235,ok,,xxz-hva,12,8,float64,42,32,2,32,2,1,1.0,xxz-matching,xxz-matching,6,6,,,1+1+1+1+1+1,1+1+1+1+1+1,not_applicable,optimized,10,3,10,0.07210240000000001,0.07210240000000001,0.07210240000000001,0.07210240000000001,0.0,0.0291408005,0.0,0.0429615995,,,,/home/rzzhang/sad_merged/sad/build/joint_xxz/f32r2_b32r2-m1-13414f75e200
2026-08-23T08:03:40.604602+00:00,20260823T075745,joint:xxz-hva:24:c82742c82b989dc7,ok,,xxz-hva,24,8,float64,42,32,2,32,2,1,0.25,xxz-matching,xxz-matching,6,6,,,2+2+2+2+2+2,2+2+2+2+2+2,not_applicable,optimized,3,3,3,20.3255147935,20.3255147935,20.3255147935,20.3255147935,0.0,4.6346025465,0.0,15.690912247,,,,/home/rzzhang/sad_merged/sad/build/joint_xxz/f32r2_b32r2-m1-13414f75e200
2026-08-23T08:03:41.286575+00:00,20260823T075745,joint:xxz-hva:20:5457c9f32e248c36,ok,,xxz-hva,20,8,float64,42,128,2,128,2,1,0.75,xxz-matching,xxz-matching,8,8,,,2+2+1+1+1+1+1+1,2+2+1+1+1+1+1+1,not_applicable,optimized,5,3,5,1.2090688195,1.2090688195,1.2090688195,1.2090688195,0.0,0.302966401,0.0,0.9061024185,,,,/home/rzzhang/sad_merged/sad/build/joint_xxz/f128r2_b128r2-m1-fae7f81cf230
2026-08-23T08:03:41.759321+00:00,20260823T075745,joint:xxz-hva:20:a828deffdf25e2da,ok,,xxz-hva,20,8,float64,42,32,2,32,2,2,0.0,xxz-matching,xxz-matching,4,4,,,3+3+2+2,3+3+2+2,not_applicable,optimized,5,3,5,1.114796817,1.114796817,1.114796817,1.114796817,0.0,0.266547203,0.0,0.848249614,,,,/home/rzzhang/sad_merged/sad/build/joint_xxz/f32r2_b32r2-m2-1e9e397a047c
2026-08-23T08:03:42.216220+00:00,20260823T075745,joint:xxz-hva:8:645fd62d36e392ba,ok,,xxz-hva,8,8,float64,42,128,2,128,2,1,0.5,xxz-matching,xxz-matching,2,2,,,2+2,2+2,not_applicable,optimized,20,3,20,0.0366392015,0.0366392015,0.0366392015,0.0366392015,0.0,0.0114231995,0.0,0.025216002,,,,/home/rzzhang/sad_merged/sad/build/joint_xxz/f128r2_b128r2-m1-fae7f81cf230
2026-08-23T08:03:42.635679+00:00,20260823T075745,joint:xxz-hva:12:815c423fddb8e0bb,ok,,xxz-hva,12,8,float64,42,128,2,32,2,1,0.25,xxz-matching,xxz-matching,3,3,,,2+2+2,2+2+2,not_applicable,optimized,10,3,10,0.055076801,0.055076801,0.055076801,0.055076801,0.0,0.0243199995,0.0,0.0307568015,,,,/home/rzzhang/sad_merged/sad/build/joint_xxz/f128r2_b32r2-m1-a46c23c4be26
2026-08-23T08:03:43.054362+00:00,20260823T075745,joint:xxz-hva:14:a645da1acb1b30ca,ok,,xxz-hva,14,8,float64,42,128,2,32,2,2,0.5,xxz-matching,xxz-matching,4,5,,,2+2+2+1,2+2+1+1+1,not_applicable,optimized,10,3,10,0.0768208,0.0768208,0.0768208,0.0768208,0.0,0.0325935985,0.0,0.0442272015,,,,/home/rzzhang/sad_merged/sad/build/joint_xxz/f128r2_b32r2-m2-8400b296af60
2026-08-23T08:03:43.471334+00:00,20260823T075745,joint:xxz-hva:14:776864107d29d119,ok,,xxz-hva,14,8,float64,42,128,2,32,2,1,0.25,xxz-matching,xxz-matching,3,4,,,3+2+2,2+2+2+1,not_applicable,optimized,10,3,10,0.0671775995,0.0671775995,0.0671775995,0.0671775995,0.0,0.027392,0.0,0.039785599500000005,,,,/home/rzzhang/sad_merged/sad/build/joint_xxz/f128r2_b32r2-m1-a46c23c4be26
2026-08-23T08:03:43.888271+00:00,20260823T075745,joint:xxz-hva:24:aab7a02876832e73,ok,,xxz-hva,24,8,float64,42,128,2,32,2,1,1.0,xxz-matching,xxz-matching,12,12,,,1+1+1+1+1+1+1+1+1+1+1+1,1+1+1+1+1+1+1+1+1+1+1+1,not_applicable,optimized,3,3,3,22.9002239705,22.9002239705,22.9002239705,22.9002239705,0.0,7.0941011905,0.0,15.806122779999999,,,,/home/rzzhang/sad_merged/sad/build/joint_xxz/f128r2_b32r2-m1-a46c23c4be26
2026-08-23T08:03:44.631576+00:00,20260823T075745,joint:xxz-hva:26:5d0ed14a6e6c8379,ok,,xxz-hva,26,8,float64,42,64,2,64,2,2,0.25,xxz-matching,xxz-matching,6,6,,,3+2+2+2+2+2,3+2+2+2+2+2,not_applicable,optimized,2,3,2,86.101551056,86.101551056,86.101551056,86.101551056,0.0,19.8337516785,0.0,66.26779937750001,,,,/home/rzzhang/sad_merged/sad/build/joint_xxz/f64r2_b64r2-m2-e933a4f0a9e2
2026-08-23T08:03:46.054345+00:00,20260823T075745,joint:xxz-hva:26:5b98b584cdd24a47,ok,,xxz-hva,26,8,float64,42,128,2,128,2,2,0.5,xxz-matching,xxz-matching,8,8,,,2+2+2+2+2+1+1+1,2+2+2+2+2+1+1+1,not_applicable,optimized,2,3,2,90.29214382149999,90.29214382149999,90.29214382149999,90.29214382149999,0.0,22.291888237000002,0.0,68.0002555845,,,,/home/rzzhang/sad_merged/sad/build/joint_xxz/f128r2_b128r2-m2-f42c0b5be0d7
2026-08-23T08:03:47.550414+00:00,20260823T075745,joint:xxz-hva:8:3f5b4d4a60c5661c,ok,,xxz-hva,8,8,float64,42,32,2,32,2,2,1.0,xxz-matching,xxz-matching,4,4,,,1+1+1+1,1+1+1+1,not_applicable,optimized,20,3,20,0.041711201,0.041711201,0.041711201,0.041711201,0.0,0.015985600500000002,0.0,0.0257256005,,,,/home/rzzhang/sad_merged/sad/build/joint_xxz/f32r2_b32r2-m2-1e9e397a047c
2026-08-23T08:03:47.970121+00:00,20260823T075745,joint:xxz-hva:22:f870ea53cfca7f22,ok,,xxz-hva,22,8,float64,42,128,2,32,2,2,0.0,xxz-matching,xxz-matching,3,4,,,4+4+3,3+3+3+2,not_applicable,optimized,3,3,3,4.711279987999999,4.711279987999999,4.711279987999999,4.711279987999999,0.0,1.0733493565,0.0,3.6379306314999997,,,,/home/rzzhang/sad_merged/sad/build/joint_xxz/f128r2_b32r2-m2-8400b296af60
2026-08-23T08:03:48.451859+00:00,20260823T075745,joint:xxz-hva:16:5cb638f3642d5235,ok,,xxz-hva,16,8,float64,42,128,2,32,2,1,0.25,xxz-matching,xxz-matching,4,4,,,2+2+2+2,2+2+2+2,not_applicable,optimized,5,3,5,0.105907202,0.105907202,0.105907202,0.105907202,0.0,0.037168,0.0,0.068739202,,,,/home/rzzhang/sad_merged/sad/build/joint_xxz/f128r2_b32r2-m1-a46c23c4be26
2026-08-23T08:03:48.871240+00:00,20260823T075745,joint:xxz-hva:26:c87bdc0cfd222af2,ok,,xxz-hva,26,8,float64,42,32,2,32,2,1,0.5,xxz-matching,xxz-matching,9,9,,,2+2+2+2+1+1+1+1+1,2+2+2+2+1+1+1+1+1,not_applicable,optimized,2,3,2,91.1980953215,91.1980953215,91.1980953215,91.1980953215,0.0,23.927423476999998,0.0,67.2706718445,,,,/home/rzzhang/sad_merged/sad/build/joint_xxz/f32r2_b32r2-m1-13414f75e200
2026-08-23T08:03:50.364094+00:00,20260823T075745,joint:xxz-hva:8:30c9e0d273f6a36b,ok,,xxz-hva,8,8,float64,42,128,2,128,2,2,0.0,xxz-matching,xxz-matching,1,1,,,4,4,not_applicable,optimized,20,3,20,0.029125599999999998,0.029125599999999998,0.029125599999999998,0.029125599999999998,0.0,0.0076216,0.0,0.021504,,,,/home/rzzhang/sad_merged/sad/build/joint_xxz/f128r2_b128r2-m2-f42c0b5be0d7
2026-08-23T08:03:50.785338+00:00,20260823T075745,joint:xxz-hva:14:c2b9e0ef31d30645,ok,,xxz-hva,14,8,float64,42,64,2,64,2,2,0.25,xxz-matching,xxz-matching,3,3,,,3+2+2,3+2+2,not_applicable,optimized,10,3,10,0.0628272,0.0628272,0.0628272,0.0628272,0.0,0.0207744,0.0,0.0420528,,,,/home/rzzhang/sad_merged/sad/build/joint_xxz/f64r2_b64r2-m2-e933a4f0a9e2
2026-08-23T08:03:51.210031+00:00,20260823T075745,joint:xxz-hva:22:8cf2d7bb790ab5c5,ok,,xxz-hva,22,8,float64,42,128,2,128,2,2,0.75,xxz-matching,xxz-matching,9,9,,,2+2+1+1+1+1+1+1+1,2+2+1+1+1+1+1+1+1,not_applicable,optimized,3,3,3,4.975381374,4.975381374,4.975381374,4.975381374,0.0,1.129984021,0.0,3.845397353,,,,/home/rzzhang/sad_merged/sad/build/joint_xxz/f128r2_b128r2-m2-f42c0b5be0d7
2026-08-23T08:03:51.695512+00:00,20260823T075745,joint:xxz-hva:10:0141db6688c8f3de,ok,,xxz-hva,10,8,float64,42,64,2,64,2,2,1.0,xxz-matching,xxz-matching,5,5,,,1+1+1+1+1,1+1+1+1+1,not_applicable,optimized,10,3,10,0.061952002,0.061952002,0.061952002,0.061952002,0.0,0.023142401,0.0,0.038809601,,,,/home/rzzhang/sad_merged/sad/build/joint_xxz/f64r2_b64r2-m2-e933a4f0a9e2
2026-08-23T08:03:52.111906+00:00,20260823T075745,joint:xxz-hva:4:31283d78b8d4bd01,ok,,xxz-hva,4,8,float64,42,64,2,64,2,1,0.75,xxz-matching,xxz-matching,2,2,,,1+1,1+1,not_applicable,optimized,20,3,20,0.0149976,0.0149976,0.0149976,0.0149976,0.0,0.0057304,0.0,0.0092672,,,,/home/rzzhang/sad_merged/sad/build/joint_xxz/f64r2_b64r2-m1-b00ee0bf62ea
2026-08-23T08:03:52.526626+00:00,20260823T075745,joint:xxz-hva:4:f264b89f4795e749,ok,,xxz-hva,4,8,float64,42,32,2,128,2,1,0.5,xxz-matching,xxz-matching,2,2,,,1+1,1+1,not_applicable,optimized,20,3,20,0.0162975995,0.0162975995,0.0162975995,0.0162975995,0.0,0.0058536,0.0,0.010443999499999999,,,,/home/rzzhang/sad_merged/sad/build/joint_xxz/f32r2_b128r2-m1-d6d8eb72a995
2026-08-23T08:03:52.943281+00:00,20260823T075745,joint:xxz-hva:22:d1a2f55fbf964151,ok,,xxz-hva,22,8,float64,42,32,2,32,2,1,0.0,xxz-matching,xxz-matching,4,4,,,3+3+3+2,3+3+3+2,not_applicable,optimized,3,3,3,4.715808034,4.715808034,4.715808034,4.715808034,0.0,1.0776053665,0.0,3.6382026675,,,,/home/rzzhang/sad_merged/sad/build/joint_xxz/f32r2_b32r2-m1-13414f75e200
2026-08-23T08:03:53.432903+00:00,20260823T075745,joint:xxz-hva:28:bd95f3c7509fb292,ok,,xxz-hva,28,8,float64,42,32,2,128,2,2,0.75,xxz-matching,xxz-matching,12,12,,,2+2+1+1+1+1+1+1+1+1+1+1,2+2+1+1+1+1+1+1+1+1+1+1,not_applicable,optimized,2,3,2,397.3518142705,397.3518142705,397.3518142705,397.3518142705,0.0,116.3599014285,0.0,280.991912842,,,,/home/rzzhang/sad_merged/sad/build/joint_xxz/f32r2_b128r2-m2-dc52a30a7eed
2026-08-23T08:03:58.243809+00:00,20260823T075745,joint:xxz-hva:26:371b7f17952817a2,ok,,xxz-hva,26,8,float64,42,64,2,64,2,1,0.75,xxz-matching,xxz-matching,11,11,,,2+2+1+1+1+1+1+1+1+1+1,2+2+1+1+1+1+1+1+1+1+1,not_applicable,optimized,2,3,2,95.263016701,95.263016701,95.263016701,95.263016701,0.0,27.237671852,0.0,68.02534484899999,,,,/home/rzzhang/sad_merged/sad/build/joint_xxz/f64r2_b64r2-m1-b00ee0bf62ea
2026-08-23T08:03:59.791634+00:00,20260823T075745,joint:xxz-hva:18:e44be7832831f3f8,ok,,xxz-hva,18,8,float64,42,64,2,64,2,1,0.25,xxz-matching,xxz-matching,4,4,,,3+2+2+2,3+2+2+2,not_applicable,optimized,5,3,5,0.29894719999999997,0.29894719999999997,0.29894719999999997,0.29894719999999997,0.0,0.081075199,0.0,0.21787200099999998,,,,/home/rzzhang/sad_merged/sad/build/joint_xxz/f64r2_b64r2-m1-b00ee0bf62ea
2026-08-23T08:04:00.211644+00:00,20260823T075745,joint:xxz-hva:4:cc9926209c8a235f,ok,,xxz-hva,4,8,float64,42,32,2,128,2,1,0.75,xxz-matching,xxz-matching,2,2,,,1+1,1+1,not_applicable,optimized,20,3,20,0.0163583995,0.0163583995,0.0163583995,0.0163583995,0.0,0.0058624,0.0,0.010495999499999999,,,,/home/rzzhang/sad_merged/sad/build/joint_xxz/f32r2_b128r2-m1-d6d8eb72a995
2026-08-23T08:04:00.620740+00:00,20260823T075745,joint:xxz-hva:24:36044c190ae2b752,ok,,xxz-hva,24,8,float64,42,128,2,128,2,2,0.25,xxz-matching,xxz-matching,5,5,,,3+3+2+2+2,3+3+2+2+2,not_applicable,optimized,3,3,3,20.794128418,20.794128418,20.794128418,20.794128418,0.0,4.6248960495,0.0,16.1692323685,,,,/home/rzzhang/sad_merged/sad/build/joint_xxz/f128r2_b128r2-m2-f42c0b5be0d7
2026-08-23T08:04:01.301584+00:00,20260823T075745,joint:xxz-hva:24:3024e844de755266,ok,,xxz-hva,24,8,float64,42,128,2,32,2,2,0.0,xxz-matching,xxz-matching,3,4,,,4+4+4,3+3+3+3,not_applicable,optimized,3,3,3,20.3176212315,20.3176212315,20.3176212315,20.3176212315,0.0,4.5941119194999995,0.0,15.723509312000001,,,,/home/rzzhang/sad_merged/sad/build/joint_xxz/f128r2_b32r2-m2-8400b296af60
2026-08-23T08:04:01.979283+00:00,20260823T075745,joint:xxz-hva:22:089103973fed4837,ok,,xxz-hva,22,8,float64,42,32,2,32,2,1,0.25,xxz-matching,xxz-matching,6,6,,,2+2+2+2+2+1,2+2+2+2+2+1,not_applicable,optimized,3,3,3,4.74908787,4.74908787,4.74908787,4.74908787,0.0,1.0934132935,0.0,3.6556745765,,,,/home/rzzhang/sad_merged/sad/build/joint_xxz/f32r2_b32r2-m1-13414f75e200
2026-08-23T08:04:02.469634+00:00,20260823T075745,joint:xxz-hva:24:b1fb5bab29f2b379,ok,,xxz-hva,24,8,float64,42,32,2,128,2,2,0.0,xxz-matching,xxz-matching,4,3,,,3+3+3+3,4+4+4,not_applicable,optimized,3,3,3,20.7946021555,20.7946021555,20.7946021555,20.7946021555,0.0,4.6016318795,0.0,16.192970276,,,,/home/rzzhang/sad_merged/sad/build/joint_xxz/f32r2_b128r2-m2-dc52a30a7eed
2026-08-23T08:04:03.164135+00:00,20260823T075745,joint:xxz-hva:14:faa783242ea0ed68,ok,,xxz-hva,14,8,float64,42,32,2,128,2,2,0.25,xxz-matching,xxz-matching,4,3,,,2+2+2+1,3+2+2,not_applicable,optimized,10,3,10,0.086168002,0.086168002,0.086168002,0.086168002,0.0,0.023707199499999998,0.0,0.062460802499999996,,,,/home/rzzhang/sad_merged/sad/build/joint_xxz/f32r2_b128r2-m2-dc52a30a7eed
2026-08-23T08:04:03.580227+00:00,20260823T075745,joint:xxz-hva:16:e50d9699ef5ad8f4,ok,,xxz-hva,16,8,float64,42,32,2,32,2,2,0.0,xxz-matching,xxz-matching,3,3,,,3+3+2,3+3+2,not_applicable,optimized,5,3,5,0.096192002,0.096192002,0.096192002,0.096192002,0.0,0.029974400999999998,0.0,0.066217601,,,,/home/rzzhang/sad_merged/sad/build/joint_xxz/f32r2_b32r2-m2-1e9e397a047c
2026-08-23T08:04:04.010735+00:00,20260823T075745,joint:xxz-hva:4:16f1d0f256a7ec0a,ok,,xxz-hva,4,8,float64,42,64,2,64,2,1,0.0,xxz-matching,xxz-matching,1,1,,,2,2,not_applicable,optimized,20,3,20,0.010192,0.010192,0.010192,0.010192,0.0,0.0033824,0.0,0.0068096,,,,/home/rzzhang/sad_merged/sad/build/joint_xxz/f64r2_b64r2-m1-b00ee0bf62ea
2026-08-23T08:04:04.425285+00:00,20260823T075745,joint:xxz-hva:10:0c8b9c204094402f,ok,,xxz-hva,10,8,float64,42,128,2,128,2,2,0.25,xxz-matching,xxz-matching,3,3,,,2+2+1,2+2+1,not_applicable,optimized,10,3,10,0.0670944,0.0670944,0.0670944,0.0670944,0.0,0.0210816,0.0,0.0460128,,,,/home/rzzhang/sad_merged/sad/build/joint_xxz/f128r2_b128r2-m2-f42c0b5be0d7
2026-08-23T08:04:04.837405+00:00,20260823T075745,joint:xxz-hva:26:e9b1ab3523ba86c0,ok,,xxz-hva,26,8,float64,42,64,2,64,2,2,0.75,xxz-matching,xxz-matching,11,11,,,2+2+1+1+1+1+1+1+1+1+1,2+2+1+1+1+1+1+1+1+1+1,not_applicable,optimized,2,3,2,95.295069695,95.295069695,95.295069695,95.295069695,0.0,27.288439751,0.0,68.006629944,,,,/home/rzzhang/sad_merged/sad/build/joint_xxz/f64r2_b64r2-m2-e933a4f0a9e2
2026-08-23T08:04:06.389809+00:00,20260823T075745,joint:xxz-hva:8:5f0f61607e4c1b18,ok,,xxz-hva,8,8,float64,42,64,2,64,2,2,0.5,xxz-matching,xxz-matching,2,2,,,2+2,2+2,not_applicable,optimized,20,3,20,0.032915199,0.032915199,0.032915199,0.032915199,0.0,0.010235999999999999,0.0,0.022679199,,,,/home/rzzhang/sad_merged/sad/build/joint_xxz/f64r2_b64r2-m2-e933a4f0a9e2
2026-08-23T08:04:06.805763+00:00,20260823T075745,joint:xxz-hva:8:17e305babf9fa311,ok,,xxz-hva,8,8,float64,42,128,2,128,2,1,0.75,xxz-matching,xxz-matching,3,3,,,2+1+1,2+1+1,not_applicable,optimized,20,3,20,0.0433991995,0.0433991995,0.0433991995,0.0433991995,0.0,0.014847999,0.0,0.0285512005,,,,/home/rzzhang/sad_merged/sad/build/joint_xxz/f128r2_b128r2-m1-fae7f81cf230
2026-08-23T08:04:07.229631+00:00,20260823T075745,joint:xxz-hva:6:bccf810384facef0,ok,,xxz-hva,6,8,float64,42,64,2,64,2,2,0.0,xxz-matching,xxz-matching,1,1,,,3,3,not_applicable,optimized,20,3,20,0.014873599999999999,0.014873599999999999,0.014873599999999999,0.014873599999999999,0.0,0.0045056,0.0,0.010367999999999999,,,,/home/rzzhang/sad_merged/sad/build/joint_xxz/f64r2_b64r2-m2-e933a4f0a9e2
2026-08-23T08:04:07.633287+00:00,20260823T075745,joint:xxz-hva:12:c658c82935630e67,ok,,xxz-hva,12,8,float64,42,32,2,128,2,2,0.0,xxz-matching,xxz-matching,2,2,,,3+3,3+3,not_applicable,optimized,10,3,10,0.0628032,0.0628032,0.0628032,0.0628032,0.0,0.0131504,0.0,0.0496528,,,,/home/rzzhang/sad_merged/sad/build/joint_xxz/f32r2_b128r2-m2-dc52a30a7eed
2026-08-23T08:04:08.082686+00:00,20260823T075745,joint:xxz-hva:14:714d9659f4759a14,ok,,xxz-hva,14,8,float64,42,64,2,64,2,1,0.5,xxz-matching,xxz-matching,4,4,,,2+2+2+1,2+2+2+1,not_applicable,optimized,10,3,10,0.071987201,0.071987201,0.071987201,0.071987201,0.0,0.025190402,0.0,0.046796799,,,,/home/rzzhang/sad_merged/sad/build/joint_xxz/f64r2_b64r2-m1-b00ee0bf62ea
2026-08-23T08:04:08.499658+00:00,20260823T075745,joint:xxz-hva:22:778fb54ff8936565,ok,,xxz-hva,22,8,float64,42,64,2,64,2,1,0.0,xxz-matching,xxz-matching,3,3,,,4+4+3,4+4+3,not_applicable,optimized,3,3,3,4.767450631,4.767450631,4.767450631,4.767450631,0.0,1.0705439449999998,0.0,3.696906686,,,,/home/rzzhang/sad_merged/sad/build/joint_xxz/f64r2_b64r2-m1-b00ee0bf62ea
2026-08-23T08:04:08.990782+00:00,20260823T075745,joint:xxz-hva:24:76a1eb001f9fe29d,ok,,xxz-hva,24,8,float64,42,128,2,32,2,2,0.75,xxz-matching,xxz-matching,10,10,,,2+2+1+1+1+1+1+1+1+1,2+2+1+1+1+1+1+1+1+1,not_applicable,optimized,3,3,3,22.031386613499997,22.031386613499997,22.031386613499997,22.031386613499997,0.0,6.2710239885,0.0,15.760362624999999,,,,/home/rzzhang/sad_merged/sad/build/joint_xxz/f128r2_b32r2-m2-8400b296af60
2026-08-23T08:04:09.698625+00:00,20260823T075745,joint:xxz-hva:10:22a3b20a00941b6f,ok,,xxz-hva,10,8,float64,42,128,2,32,2,2,0.0,xxz-matching,xxz-matching,2,2,,,3+2,3+2,not_applicable,optimized,10,3,10,0.0397103985,0.0397103985,0.0397103985,0.0397103985,0.0,0.0168383995,0.0,0.022871999,,,,/home/rzzhang/sad_merged/sad/build/joint_xxz/f128r2_b32r2-m2-8400b296af60
2026-08-23T08:04:10.152317+00:00,20260823T075745,joint:xxz-hva:26:f0aa654d8246a525,ok,,xxz-hva,26,8,float64,42,128,2,128,2,1,0.25,xxz-matching,xxz-matching,6,6,,,3+2+2+2+2+2,3+2+2+2+2+2,not_applicable,optimized,2,3,2,88.627878189,88.627878189,88.627878189,88.627878189,0.0,19.798967361499997,0.0,68.82891082750001,,,,/home/rzzhang/sad_merged/sad/build/joint_xxz/f128r2_b128r2-m1-fae7f81cf230
2026-08-23T08:04:11.588481+00:00,20260823T075745,joint:xxz-hva:16:2460e616a9817b20,ok,,xxz-hva,16,8,float64,42,128,2,32,2,2,0.25,xxz-matching,xxz-matching,4,4,,,2+2+2+2,2+2+2+2,not_applicable,optimized,5,3,5,0.1047007985,0.1047007985,0.1047007985,0.1047007985,0.0,0.03592,0.0,0.0687807985,,,,/home/rzzhang/sad_merged/sad/build/joint_xxz/f128r2_b32r2-m2-8400b296af60
2026-08-23T08:04:12.011029+00:00,20260823T075745,joint:xxz-hva:12:547ccf153c9c68c8,ok,,xxz-hva,12,8,float64,42,32,2,32,2,1,0.5,xxz-matching,xxz-matching,4,4,,,2+2+1+1,2+2+1+1,not_applicable,optimized,10,3,10,0.056028800499999996,0.056028800499999996,0.056028800499999996,0.056028800499999996,0.0,0.0212191995,0.0,0.034809600999999996,,,,/home/rzzhang/sad_merged/sad/build/joint_xxz/f32r2_b32r2-m1-13414f75e200
2026-08-23T08:04:12.423245+00:00,20260823T075745,joint:xxz-hva:28:c2d18bc428229cae,ok,,xxz-hva,28,8,float64,42,64,2,64,2,2,0.75,xxz-matching,xxz-matching,12,12,,,2+2+1+1+1+1+1+1+1+1+1+1,2+2+1+1+1+1+1+1+1+1+1+1,not_applicable,optimized,2,3,2,394.119846344,394.119846344,394.119846344,394.119846344,0.0,117.0257759095,0.0,277.0940704345,,,,/home/rzzhang/sad_merged/sad/build/joint_xxz/f64r2_b64r2-m2-e933a4f0a9e2
2026-08-23T08:04:17.203386+00:00,20260823T075745,joint:xxz-hva:18:d1cfe4da522e0e9b,ok,,xxz-hva,18,8,float64,42,64,2,64,2,2,0.5,xxz-matching,xxz-matching,6,6,,,2+2+2+1+1+1,2+2+2+1+1+1,not_applicable,optimized,5,3,5,0.316483203,0.316483203,0.316483203,0.316483203,0.0,0.0873120015,0.0,0.2291712015,,,,/home/rzzhang/sad_merged/sad/build/joint_xxz/f64r2_b64r2-m2-e933a4f0a9e2
2026-08-23T08:04:17.659989+00:00,20260823T075745,joint:xxz-hva:8:a10d7911587f55e9,ok,,xxz-hva,8,8,float64,42,32,2,32,2,1,0.25,xxz-matching,xxz-matching,2,2,,,2+2,2+2,not_applicable,optimized,20,3,20,0.0289376,0.0289376,0.0289376,0.0289376,0.0,0.009976800000000001,0.0,0.0189608,,,,/home/rzzhang/sad_merged/sad/build/joint_xxz/f32r2_b32r2-m1-13414f75e200
2026-08-23T08:04:18.075718+00:00,20260823T075745,joint:xxz-hva:18:0e2ab7278b3bd310,ok,,xxz-hva,18,8,float64,42,32,2,32,2,2,0.25,xxz-matching,xxz-matching,4,4,,,3+2+2+2,3+2+2+2,not_applicable,optimized,5,3,5,0.292550392,0.292550392,0.292550392,0.292550392,0.0,0.079462394,0.0,0.213087998,,,,/home/rzzhang/sad_merged/sad/build/joint_xxz/f32r2_b32r2-m2-1e9e397a047c
2026-08-23T08:04:18.496995+00:00,20260823T075745,joint:xxz-hva:26:978e998307f00d26,ok,,xxz-hva,26,8,float64,42,32,2,128,2,1,0.75,xxz-matching,xxz-matching,11,11,,,2+2+1+1+1+1+1+1+1+1+1,2+2+1+1+1+1+1+1+1+1+1,not_applicable,optimized,2,3,2,94.8553762435,94.8553762435,94.8553762435,94.8553762435,0.0,27.145728110999997,0.0,67.7096481325,,,,/home/rzzhang/sad_merged/sad/build/joint_xxz/f32r2_b128r2-m1-d6d8eb72a995
2026-08-23T08:04:20.037432+00:00,20260823T075745,joint:xxz-hva:18:586643c011e23408,ok,,xxz-hva,18,8,float64,42,32,2,128,2,1,0.75,xxz-matching,xxz-matching,8,8,,,2+1+1+1+1+1+1+1,2+1+1+1+1+1+1+1,not_applicable,optimized,5,3,5,0.35020480649999997,0.35020480649999997,0.35020480649999997,0.35020480649999997,0.0,0.10129279999999999,0.0,0.2489120065,,,,/home/rzzhang/sad_merged/sad/build/joint_xxz/f32r2_b128r2-m1-d6d8eb72a995
2026-08-23T08:04:20.472344+00:00,20260823T075745,joint:xxz-hva:26:88e21b5b5bda8699,ok,,xxz-hva,26,8,float64,42,128,2,128,2,2,0.25,xxz-matching,xxz-matching,6,6,,,3+2+2+2+2+2,3+2+2+2+2+2,not_applicable,optimized,2,3,2,88.14079475400001,88.14079475400001,88.14079475400001,88.14079475400001,0.0,19.810663223,0.0,68.330131531,,,,/home/rzzhang/sad_merged/sad/build/joint_xxz/f128r2_b128r2-m2-f42c0b5be0d7
2026-08-23T08:04:21.903952+00:00,20260823T075745,joint:xxz-hva:24:c09f36ee40409af5,ok,,xxz-hva,24,8,float64,42,64,2,64,2,1,1.0,xxz-matching,xxz-matching,12,12,,,1+1+1+1+1+1+1+1+1+1+1+1,1+1+1+1+1+1+1+1+1+1+1+1,not_applicable,optimized,3,3,3,23.204746246,23.204746246,23.204746246,23.204746246,0.0,7.108698845,0.0,16.096047401,,,,/home/rzzhang/sad_merged/sad/build/joint_xxz/f64r2_b64r2-m1-b00ee0bf62ea
2026-08-23T08:04:22.675331+00:00,20260823T075745,joint:xxz-hva:26:183dadb3673e136c,ok,,xxz-hva,26,8,float64,42,64,2,64,2,1,0.25,xxz-matching,xxz-matching,6,6,,,3+2+2+2+2+2,3+2+2+2+2+2,not_applicable,optimized,2,3,2,87.04764175449999,87.04764175449999,87.04764175449999,87.04764175449999,0.0,19.8332481385,0.0,67.214393616,,,,/home/rzzhang/sad_merged/sad/build/joint_xxz/f64r2_b64r2-m1-b00ee0bf62ea
2026-08-23T08:04:24.106449+00:00,20260823T075745,joint:xxz-hva:16:7e40144afd5923a5,ok,,xxz-hva,16,8,float64,42,64,2,64,2,1,0.0,xxz-matching,xxz-matching,2,2,,,4+4,4+4,not_applicable,optimized,5,3,5,0.08861759999999999,0.08861759999999999,0.08861759999999999,0.08861759999999999,0.0,0.0250464,0.0,0.0635712,,,,/home/rzzhang/sad_merged/sad/build/joint_xxz/f64r2_b64r2-m1-b00ee0bf62ea
2026-08-23T08:04:24.524571+00:00,20260823T075745,joint:xxz-hva:20:38afacc56282f575,ok,,xxz-hva,20,8,float64,42,128,2,32,2,1,0.75,xxz-matching,xxz-matching,8,8,,,2+2+1+1+1+1+1+1,2+2+1+1+1+1+1+1,not_applicable,optimized,5,3,5,1.1712319855,1.1712319855,1.1712319855,1.1712319855,0.0,0.302899182,0.0,0.8683328035,,,,/home/rzzhang/sad_merged/sad/build/joint_xxz/f128r2_b32r2-m1-a46c23c4be26
2026-08-23T08:04:24.954116+00:00,20260823T075745,joint:xxz-hva:28:4ab253832fcbab3a,ok,,xxz-hva,28,8,float64,42,32,2,32,2,1,1.0,xxz-matching,xxz-matching,14,14,,,1+1+1+1+1+1+1+1+1+1+1+1+1+1,1+1+1+1+1+1+1+1+1+1+1+1+1+1,not_applicable,optimized,2,3,2,403.647132874,403.647132874,403.647132874,403.647132874,0.0,130.766044617,0.0,272.881088257,,,,/home/rzzhang/sad_merged/sad/build/joint_xxz/f32r2_b32r2-m1-13414f75e200
2026-08-23T08:04:29.822251+00:00,20260823T075745,joint:xxz-hva:8:b6d0dff564481f6f,ok,,xxz-hva,8,8,float64,42,32,2,128,2,2,0.5,xxz-matching,xxz-matching,3,2,,,2+1+1,2+2,not_applicable,optimized,20,3,20,0.0376080005,0.0376080005,0.0376080005,0.0376080005,0.0,0.012386399499999999,0.0,0.025221601,,,,/home/rzzhang/sad_merged/sad/build/joint_xxz/f32r2_b128r2-m2-dc52a30a7eed
2026-08-23T08:04:30.269456+00:00,20260823T075745,joint:xxz-hva:6:0831368f7f3d58bf,ok,,xxz-hva,6,8,float64,42,32,2,128,2,1,0.5,xxz-matching,xxz-matching,2,2,,,2+1,2+1,not_applicable,optimized,20,3,20,0.022324,0.022324,0.022324,0.022324,0.0,0.0073456,0.0,0.0149784,,,,/home/rzzhang/sad_merged/sad/build/joint_xxz/f32r2_b128r2-m1-d6d8eb72a995
2026-08-23T08:04:30.709334+00:00,20260823T075745,joint:xxz-hva:28:b1acc6891e1e7cf1,ok,,xxz-hva,28,8,float64,42,128,2,32,2,2,0.75,xxz-matching,xxz-matching,12,12,,,2+2+1+1+1+1+1+1+1+1+1+1,2+2+1+1+1+1+1+1+1+1+1+1,not_applicable,optimized,2,3,2,389.08026123,389.08026123,389.08026123,389.08026123,0.0,116.36859130849999,0.0,272.7116699215,,,,/home/rzzhang/sad_merged/sad/build/joint_xxz/f128r2_b32r2-m2-8400b296af60
2026-08-23T08:04:35.451451+00:00,20260823T075745,joint:xxz-hva:12:7f158bf78a8825ff,ok,,xxz-hva,12,8,float64,42,128,2,32,2,2,0.25,xxz-matching,xxz-matching,3,3,,,2+2+2,2+2+2,not_applicable,optimized,10,3,10,0.0535775995,0.0535775995,0.0535775995,0.0535775995,0.0,0.0227823995,0.0,0.030795200000000002,,,,/home/rzzhang/sad_merged/sad/build/joint_xxz/f128r2_b32r2-m2-8400b296af60
2026-08-23T08:04:35.877067+00:00,20260823T075745,joint:xxz-hva:16:2c7c11ef4380fffe,ok,,xxz-hva,16,8,float64,42,32,2,128,2,2,0.75,xxz-matching,xxz-matching,7,6,,,2+1+1+1+1+1+1,2+2+1+1+1+1,not_applicable,optimized,5,3,5,0.1389600005,0.1389600005,0.1389600005,0.1389600005,0.0,0.048838399500000004,0.0,0.090121601,,,,/home/rzzhang/sad_merged/sad/build/joint_xxz/f32r2_b128r2-m2-dc52a30a7eed
2026-08-23T08:04:36.302041+00:00,20260823T075745,joint:xxz-hva:24:7f7d2c91a1d803a3,ok,,xxz-hva,24,8,float64,42,32,2,128,2,2,0.75,xxz-matching,xxz-matching,10,10,,,2+2+1+1+1+1+1+1+1+1,2+2+1+1+1+1+1+1+1+1,not_applicable,optimized,3,3,3,22.5042765145,22.5042765145,22.5042765145,22.5042765145,0.0,6.2371838095,0.0,16.267092705,,,,/home/rzzhang/sad_merged/sad/build/joint_xxz/f32r2_b128r2-m2-dc52a30a7eed
2026-08-23T08:04:37.010213+00:00,20260823T075745,joint:xxz-hva:6:8abd2abd99813680,ok,,xxz-hva,6,8,float64,42,64,2,64,2,1,0.5,xxz-matching,xxz-matching,2,2,,,2+1,2+1,not_applicable,optimized,20,3,20,0.0204200005,0.0204200005,0.0204200005,0.0204200005,0.0,0.007268,0.0,0.0131520005,,,,/home/rzzhang/sad_merged/sad/build/joint_xxz/f64r2_b64r2-m1-b00ee0bf62ea
2026-08-23T08:04:37.438751+00:00,20260823T075745,joint:xxz-hva:18:e45581b87c72e868,ok,,xxz-hva,18,8,float64,42,128,2,32,2,1,0.25,xxz-matching,xxz-matching,4,4,,,3+2+2+2,3+2+2+2,not_applicable,optimized,5,3,5,0.29718079399999997,0.29718079399999997,0.29718079399999997,0.29718079399999997,0.0,0.0841728,0.0,0.21300799399999998,,,,/home/rzzhang/sad_merged/sad/build/joint_xxz/f128r2_b32r2-m1-a46c23c4be26
2026-08-23T08:04:37.867329+00:00,20260823T075745,joint:xxz-hva:14:7a711196d021e6a1,ok,,xxz-hva,14,8,float64,42,128,2,128,2,1,0.25,xxz-matching,xxz-matching,3,3,,,3+2+2,3+2+2,not_applicable,optimized,10,3,10,0.08985119899999999,0.08985119899999999,0.08985119899999999,0.08985119899999999,0.0,0.0273872,0.0,0.06246399899999999,,,,/home/rzzhang/sad_merged/sad/build/joint_xxz/f128r2_b128r2-m1-fae7f81cf230
2026-08-23T08:04:38.298400+00:00,20260823T075745,joint:xxz-hva:26:b18986672cfe69bd,ok,,xxz-hva,26,8,float64,42,32,2,128,2,2,1.0,xxz-matching,xxz-matching,13,13,,,1+1+1+1+1+1+1+1+1+1+1+1+1,1+1+1+1+1+1+1+1+1+1+1+1+1,not_applicable,optimized,2,3,2,97.97677326200001,97.97677326200001,97.97677326200001,97.97677326200001,0.0,30.4289522175,0.0,67.54782104450001,,,,/home/rzzhang/sad_merged/sad/build/joint_xxz/f32r2_b128r2-m2-dc52a30a7eed
2026-08-23T08:04:39.843724+00:00,20260823T075745,joint:xxz-hva:4:0aa9aba8368cb24f,ok,,xxz-hva,4,8,float64,42,32,2,128,2,2,0.5,xxz-matching,xxz-matching,2,2,,,1+1,1+1,not_applicable,optimized,20,3,20,0.016092799499999998,0.016092799499999998,0.016092799499999998,0.016092799499999998,0.0,0.0056784,0.0,0.0104143995,,,,/home/rzzhang/sad_merged/sad/build/joint_xxz/f32r2_b128r2-m2-dc52a30a7eed
2026-08-23T08:04:40.269238+00:00,20260823T075745,joint:xxz-hva:20:e9c7a6489f929ae5,ok,,xxz-hva,20,8,float64,42,64,2,64,2,2,0.75,xxz-matching,xxz-matching,8,8,,,2+2+1+1+1+1+1+1,2+2+1+1+1+1+1+1,not_applicable,optimized,5,3,5,1.1811839640000001,1.1811839640000001,1.1811839640000001,1.1811839640000001,0.0,0.295628816,0.0,0.885555148,,,,/home/rzzhang/sad_merged/sad/build/joint_xxz/f64r2_b64r2-m2-e933a4f0a9e2
2026-08-23T08:04:40.715309+00:00,20260823T075745,joint:xxz-hva:12:822b751be9934c39,ok,,xxz-hva,12,8,float64,42,128,2,32,2,1,1.0,xxz-matching,xxz-matching,6,6,,,1+1+1+1+1+1,1+1+1+1+1+1,not_applicable,optimized,10,3,10,0.0807296005,0.0807296005,0.0807296005,0.0807296005,0.0,0.0377248005,0.0,0.043004799999999996,,,,/home/rzzhang/sad_merged/sad/build/joint_xxz/f128r2_b32r2-m1-a46c23c4be26
2026-08-23T08:04:41.171723+00:00,20260823T075745,joint:xxz-hva:18:a3c0a36b53b708bb,ok,,xxz-hva,18,8,float64,42,128,2,128,2,1,0.5,xxz-matching,xxz-matching,6,6,,,2+2+2+1+1+1,2+2+2+1+1+1,not_applicable,optimized,5,3,5,0.33391998700000003,0.33391998700000003,0.33391998700000003,0.33391998700000003,0.0,0.09717120200000001,0.0,0.236748785,,,,/home/rzzhang/sad_merged/sad/build/joint_xxz/f128r2_b128r2-m1-fae7f81cf230
2026-08-23T08:04:41.596057+00:00,20260823T075745,joint:xxz-hva:4:400afbd3e93e9340,ok,,xxz-hva,4,8,float64,42,128,2,32,2,2,0.25,xxz-matching,xxz-matching,1,1,,,2,2,not_applicable,optimized,20,3,20,0.009884,0.009884,0.009884,0.009884,0.0,0.00366,0.0,0.006224,,,,/home/rzzhang/sad_merged/sad/build/joint_xxz/f128r2_b32r2-m2-8400b296af60
2026-08-23T08:04:42.013761+00:00,20260823T075745,joint:xxz-hva:4:5f7356af5c51c599,ok,,xxz-hva,4,8,float64,42,128,2,32,2,1,0.0,xxz-matching,xxz-matching,1,1,,,2,2,not_applicable,optimized,20,3,20,0.0098888,0.0098888,0.0098888,0.0098888,0.0,0.0036632,0.0,0.0062255999999999995,,,,/home/rzzhang/sad_merged/sad/build/joint_xxz/f128r2_b32r2-m1-a46c23c4be26
2026-08-23T08:04:42.432982+00:00,20260823T075745,joint:xxz-hva:22:99f09c86823b3bfa,ok,,xxz-hva,22,8,float64,42,32,2,128,2,1,0.5,xxz-matching,xxz-matching,8,7,,,2+2+2+1+1+1+1+1,2+2+2+2+1+1+1,not_applicable,optimized,3,3,3,4.917296052,4.917296052,4.917296052,4.917296052,0.0,1.1118932965,0.0,3.8054027555000003,,,,/home/rzzhang/sad_merged/sad/build/joint_xxz/f32r2_b128r2-m1-d6d8eb72a995
2026-08-23T08:04:42.964517+00:00,20260823T075745,joint:xxz-hva:14:e8951ac1145f8bb3,ok,,xxz-hva,14,8,float64,42,128,2,32,2,1,0.0,xxz-matching,xxz-matching,2,3,,,4+3,3+2+2,not_applicable,optimized,10,3,10,0.0576096005,0.0576096005,0.0576096005,0.0576096005,0.0,0.0223232,0.0,0.035286400499999995,,,,/home/rzzhang/sad_merged/sad/build/joint_xxz/f128r2_b32r2-m1-a46c23c4be26
2026-08-23T08:04:43.396203+00:00,20260823T075745,joint:xxz-hva:24:d73221fc55b029d1,ok,,xxz-hva,24,8,float64,42,128,2,32,2,1,0.5,xxz-matching,xxz-matching,8,8,,,2+2+2+2+1+1+1+1,2+2+2+2+1+1+1+1,not_applicable,optimized,3,3,3,21.190628528,21.190628528,21.190628528,21.190628528,0.0,5.459775924500001,0.0,15.7308526035,,,,/home/rzzhang/sad_merged/sad/build/joint_xxz/f128r2_b32r2-m1-a46c23c4be26
2026-08-23T08:04:44.097843+00:00,20260823T075745,joint:xxz-hva:8:472d184befa0ad03,ok,,xxz-hva,8,8,float64,42,128,2,128,2,2,0.25,xxz-matching,xxz-matching,2,2,,,2+2,2+2,not_applicable,optimized,20,3,20,0.0367159995,0.0367159995,0.0367159995,0.0367159995,0.0,0.011417599,0.0,0.0252984005,,,,/home/rzzhang/sad_merged/sad/build/joint_xxz/f128r2_b128r2-m2-f42c0b5be0d7
2026-08-23T08:04:44.516140+00:00,20260823T075745,joint:xxz-hva:4:96dcb6831c191ee4,ok,,xxz-hva,4,8,float64,42,128,2,128,2,2,1.0,xxz-matching,xxz-matching,2,2,,,1+1,1+1,not_applicable,optimized,20,3,20,0.0165304,0.0165304,0.0165304,0.0165304,0.0,0.0061367999999999995,0.0,0.0103936,,,,/home/rzzhang/sad_merged/sad/build/joint_xxz/f128r2_b128r2-m2-f42c0b5be0d7
2026-08-23T08:04:44.933719+00:00,20260823T075745,joint:xxz-hva:8:5dc11b2a69945437,ok,,xxz-hva,8,8,float64,42,128,2,128,2,1,0.25,xxz-matching,xxz-matching,2,2,,,2+2,2+2,not_applicable,optimized,20,3,20,0.036649601500000004,0.036649601500000004,0.036649601500000004,0.036649601500000004,0.0,0.0114335995,0.0,0.025216002,,,,/home/rzzhang/sad_merged/sad/build/joint_xxz/f128r2_b128r2-m1-fae7f81cf230
2026-08-23T08:04:45.383024+00:00,20260823T075745,joint:xxz-hva:10:56fea1c7e9423291,ok,,xxz-hva,10,8,float64,42,32,2,32,2,2,0.75,xxz-matching,xxz-matching,4,4,,,2+1+1+1,2+1+1+1,not_applicable,optimized,10,3,10,0.049243201,0.049243201,0.049243201,0.049243201,0.0,0.0186368,0.0,0.030606401,,,,/home/rzzhang/sad_merged/sad/build/joint_xxz/f32r2_b32r2-m2-1e9e397a047c
2026-08-23T08:04:45.819345+00:00,20260823T075745,joint:xxz-hva:20:bf52cbff4e7f4e3f,ok,,xxz-hva,20,8,float64,42,64,2,64,2,2,0.25,xxz-matching,xxz-matching,5,5,,,2+2+2+2+2,2+2+2+2+2,not_applicable,optimized,5,3,5,1.143939212,1.143939212,1.143939212,1.143939212,0.0,0.2753695995,0.0,0.8685696125,,,,/home/rzzhang/sad_merged/sad/build/joint_xxz/f64r2_b64r2-m2-e933a4f0a9e2
2026-08-23T08:04:46.275272+00:00,20260823T075745,joint:xxz-hva:20:2206fa8980d994cc,ok,,xxz-hva,20,8,float64,42,128,2,128,2,2,0.5,xxz-matching,xxz-matching,6,6,,,2+2+2+2+1+1,2+2+2+2+1+1,not_applicable,optimized,5,3,5,1.1806271965000001,1.1806271965000001,1.1806271965000001,1.1806271965000001,0.0,0.288825601,0.0,0.8918015955,,,,/home/rzzhang/sad_merged/sad/build/joint_xxz/f128r2_b128r2-m2-f42c0b5be0d7
2026-08-23T08:04:46.720902+00:00,20260823T075745,joint:xxz-hva:24:d15bb183958c0aa1,ok,,xxz-hva,24,8,float64,42,32,2,32,2,1,0.5,xxz-matching,xxz-matching,8,8,,,2+2+2+2+1+1+1+1,2+2+2+2+1+1+1+1,not_applicable,optimized,3,3,3,21.1594245435,21.1594245435,21.1594245435,21.1594245435,0.0,5.4289066795,0.0,15.730517864,,,,/home/rzzhang/sad_merged/sad/build/joint_xxz/f32r2_b32r2-m1-13414f75e200
2026-08-23T08:04:47.413535+00:00,20260823T075745,joint:xxz-hva:20:f31e5e53581cf6a8,ok,,xxz-hva,20,8,float64,42,128,2,32,2,2,1.0,xxz-matching,xxz-matching,10,10,,,1+1+1+1+1+1+1+1+1+1,1+1+1+1+1+1+1+1+1+1,not_applicable,optimized,5,3,5,1.1988895830000001,1.1988895830000001,1.1988895830000001,1.1988895830000001,0.0,0.3179423805,0.0,0.8809472025,,,,/home/rzzhang/sad_merged/sad/build/joint_xxz/f128r2_b32r2-m2-8400b296af60
2026-08-23T08:04:47.866153+00:00,20260823T075745,joint:xxz-hva:10:0443e3f4832165b5,ok,,xxz-hva,10,8,float64,42,32,2,128,2,2,0.5,xxz-matching,xxz-matching,4,4,,,2+1+1+1,2+1+1+1,not_applicable,optimized,10,3,10,0.0686064,0.0686064,0.0686064,0.0686064,0.0,0.0187248,0.0,0.0498816,,,,/home/rzzhang/sad_merged/sad/build/joint_xxz/f32r2_b128r2-m2-dc52a30a7eed
2026-08-23T08:04:48.287350+00:00,20260823T075745,joint:xxz-hva:22:14f79290be1e904b,ok,,xxz-hva,22,8,float64,42,128,2,128,2,2,0.5,xxz-matching,xxz-matching,7,7,,,2+2+2+2+1+1+1,2+2+2+2+1+1+1,not_applicable,optimized,3,3,3,4.9160052535,4.9160052535,4.9160052535,4.9160052535,0.0,1.110821366,0.0,3.8051838875,,,,/home/rzzhang/sad_merged/sad/build/joint_xxz/f128r2_b128r2-m2-f42c0b5be0d7
2026-08-23T08:04:48.777477+00:00,20260823T075745,joint:xxz-hva:26:61dc8b967194fff3,ok,,xxz-hva,26,8,float64,42,64,2,64,2,2,1.0,xxz-matching,xxz-matching,13,13,,,1+1+1+1+1+1+1+1+1+1+1+1+1,1+1+1+1+1+1+1+1+1+1+1+1+1,not_applicable,optimized,2,3,2,99.26013088250001,99.26013088250001,99.26013088250001,99.26013088250001,0.0,30.576895714,0.0,68.6832351685,,,,/home/rzzhang/sad_merged/sad/build/joint_xxz/f64r2_b64r2-m2-e933a4f0a9e2
2026-08-23T08:04:50.339440+00:00,20260823T075745,joint:xxz-hva:4:843cca3455b896d3,ok,,xxz-hva,4,8,float64,42,32,2,32,2,2,1.0,xxz-matching,xxz-matching,2,2,,,1+1,1+1,not_applicable,optimized,20,3,20,0.014416,0.014416,0.014416,0.014416,0.0,0.0057088,0.0,0.0087072,,,,/home/rzzhang/sad_merged/sad/build/joint_xxz/f32r2_b32r2-m2-1e9e397a047c
2026-08-23T08:04:50.767776+00:00,20260823T075745,joint:xxz-hva:26:4a9881dcbb45e701,ok,,xxz-hva,26,8,float64,42,128,2,128,2,2,0.75,xxz-matching,xxz-matching,11,11,,,2+2+1+1+1+1+1+1+1+1+1,2+2+1+1+1+1+1+1+1+1+1,not_applicable,optimized,2,3,2,95.869336128,95.869336128,95.869336128,95.869336128,0.0,27.1868486405,0.0,68.6824874875,,,,/home/rzzhang/sad_merged/sad/build/joint_xxz/f128r2_b128r2-m2-f42c0b5be0d7
2026-08-23T08:04:52.276079+00:00,20260823T075745,joint:xxz-hva:16:547f27299efcc66d,ok,,xxz-hva,16,8,float64,42,32,2,128,2,2,0.0,xxz-matching,xxz-matching,3,2,,,3+3+2,4+4,not_applicable,optimized,5,3,5,0.09714879699999998,0.09714879699999998,0.09714879699999998,0.09714879699999998,0.0,0.029078400499999997,0.0,0.06807039649999999,,,,/home/rzzhang/sad_merged/sad/build/joint_xxz/f32r2_b128r2-m2-dc52a30a7eed
2026-08-23T08:04:52.696656+00:00,20260823T075745,joint:xxz-hva:4:e0b6964b0739f718,ok,,xxz-hva,4,8,float64,42,32,2,32,2,1,0.0,xxz-matching,xxz-matching,1,1,,,2,2,not_applicable,optimized,20,3,20,0.009643200000000001,0.009643200000000001,0.009643200000000001,0.009643200000000001,0.0,0.0033968,0.0,0.0062464,,,,/home/rzzhang/sad_merged/sad/build/joint_xxz/f32r2_b32r2-m1-13414f75e200
2026-08-23T08:04:53.118479+00:00,20260823T075745,joint:xxz-hva:10:20931e6eade0d85c,ok,,xxz-hva,10,8,float64,42,64,2,64,2,2,0.5,xxz-matching,xxz-matching,4,4,,,2+1+1+1,2+1+1+1,not_applicable,optimized,10,3,10,0.054416000000000006,0.054416000000000006,0.054416000000000006,0.054416000000000006,0.0,0.019507200500000002,0.0,0.034908799500000004,,,,/home/rzzhang/sad_merged/sad/build/joint_xxz/f64r2_b64r2-m2-e933a4f0a9e2
2026-08-23T08:04:53.534845+00:00,20260823T075745,joint:xxz-hva:18:cccd59fb3e2deeeb,ok,,xxz-hva,18,8,float64,42,32,2,128,2,1,0.25,xxz-matching,xxz-matching,4,4,,,3+2+2+2,3+2+2+2,not_applicable,optimized,5,3,5,0.3031615985,0.3031615985,0.3031615985,0.3031615985,0.0,0.07954879849999999,0.0,0.2236128,,,,/home/rzzhang/sad_merged/sad/build/joint_xxz/f32r2_b128r2-m1-d6d8eb72a995
2026-08-23T08:04:53.960142+00:00,20260823T075745,joint:xxz-hva:24:22ee86fa7f84d695,ok,,xxz-hva,24,8,float64,42,128,2,32,2,1,0.0,xxz-matching,xxz-matching,3,4,,,4+4+4,3+3+3+3,not_applicable,optimized,3,3,3,20.3169333935,20.3169333935,20.3169333935,20.3169333935,0.0,4.5963413715,0.0,15.720592022,,,,/home/rzzhang/sad_merged/sad/build/joint_xxz/f128r2_b32r2-m1-a46c23c4be26
2026-08-23T08:04:54.634117+00:00,20260823T075745,joint:xxz-hva:28:3fd1fb99ac7bd143,ok,,xxz-hva,28,8,float64,42,128,2,128,2,2,1.0,xxz-matching,xxz-matching,14,14,,,1+1+1+1+1+1+1+1+1+1+1+1+1+1,1+1+1+1+1+1+1+1+1+1+1+1+1+1,not_applicable,optimized,2,3,2,411.90721130400004,411.90721130400004,411.90721130400004,411.90721130400004,0.0,130.8204956055,0.0,281.08671569850003,,,,/home/rzzhang/sad_merged/sad/build/joint_xxz/f128r2_b128r2-m2-f42c0b5be0d7
2026-08-23T08:04:59.560707+00:00,20260823T075745,joint:xxz-hva:16:ebe5f7a86fb770fe,ok,,xxz-hva,16,8,float64,42,32,2,32,2,2,0.5,xxz-matching,xxz-matching,6,6,,,2+2+1+1+1+1,2+2+1+1+1+1,not_applicable,optimized,5,3,5,0.121142399,0.121142399,0.121142399,0.121142399,0.0,0.0420576,0.0,0.079084799,,,,/home/rzzhang/sad_merged/sad/build/joint_xxz/f32r2_b32r2-m2-1e9e397a047c
2026-08-23T08:04:59.981503+00:00,20260823T075745,joint:xxz-hva:8:94b40ca3dbfebbc4,ok,,xxz-hva,8,8,float64,42,32,2,32,2,1,1.0,xxz-matching,xxz-matching,4,4,,,1+1+1+1,1+1+1+1,not_applicable,optimized,20,3,20,0.042263199,0.042263199,0.042263199,0.042263199,0.0,0.0165352005,0.0,0.0257279985,,,,/home/rzzhang/sad_merged/sad/build/joint_xxz/f32r2_b32r2-m1-13414f75e200
2026-08-23T08:05:00.406921+00:00,20260823T075745,joint:xxz-hva:24:0a499616e0fed4a6,ok,,xxz-hva,24,8,float64,42,64,2,64,2,2,1.0,xxz-matching,xxz-matching,12,12,,,1+1+1+1+1+1+1+1+1+1+1+1,1+1+1+1+1+1+1+1+1+1+1+1,not_applicable,optimized,3,3,3,23.207419396,23.207419396,23.207419396,23.207419396,0.0,7.109258651999999,0.0,16.098160744,,,,/home/rzzhang/sad_merged/sad/build/joint_xxz/f64r2_b64r2-m2-e933a4f0a9e2
2026-08-23T08:05:01.118109+00:00,20260823T075745,joint:xxz-hva:10:71af964bec25bced,ok,,xxz-hva,10,8,float64,42,32,2,128,2,1,0.25,xxz-matching,xxz-matching,3,3,,,2+2+1,2+2+1,not_applicable,optimized,10,3,10,0.061228802,0.061228802,0.061228802,0.061228802,0.0,0.015155201,0.0,0.046073601,,,,/home/rzzhang/sad_merged/sad/build/joint_xxz/f32r2_b128r2-m1-d6d8eb72a995
2026-08-23T08:05:01.548011+00:00,20260823T075745,joint:xxz-hva:24:510eceb8821ad61f,ok,,xxz-hva,24,8,float64,42,64,2,64,2,1,0.25,xxz-matching,xxz-matching,5,5,,,3+3+2+2+2,3+3+2+2+2,not_applicable,optimized,3,3,3,20.5556049345,20.5556049345,20.5556049345,20.5556049345,0.0,4.622165203,0.0,15.9334397315,,,,/home/rzzhang/sad_merged/sad/build/joint_xxz/f64r2_b64r2-m1-b00ee0bf62ea
2026-08-23T08:05:02.226772+00:00,20260823T075745,joint:xxz-hva:26:b692cb14cc09ea24,ok,,xxz-hva,26,8,float64,42,32,2,32,2,1,0.25,xxz-matching,xxz-matching,7,7,,,2+2+2+2+2+2+1,2+2+2+2+2+2+1,not_applicable,optimized,2,3,2,87.03745937350001,87.03745937350001,87.03745937350001,87.03745937350001,0.0,20.663512230000002,0.0,66.3739471435,,,,/home/rzzhang/sad_merged/sad/build/joint_xxz/f32r2_b32r2-m1-13414f75e200
2026-08-23T08:05:03.682113+00:00,20260823T075745,joint:xxz-hva:4:1eeb845da8851883,ok,,xxz-hva,4,8,float64,42,32,2,32,2,2,0.25,xxz-matching,xxz-matching,1,1,,,2,2,not_applicable,optimized,20,3,20,0.0094952,0.0094952,0.0094952,0.0094952,0.0,0.0032496,0.0,0.0062456000000000005,,,,/home/rzzhang/sad_merged/sad/build/joint_xxz/f32r2_b32r2-m2-1e9e397a047c
2026-08-23T08:05:04.105130+00:00,20260823T075745,joint:xxz-hva:26:1d64c461e2083cfa,ok,,xxz-hva,26,8,float64,42,32,2,128,2,2,0.75,xxz-matching,xxz-matching,11,11,,,2+2+1+1+1+1+1+1+1+1+1,2+2+1+1+1+1+1+1+1+1+1,not_applicable,optimized,2,3,2,94.135709762,94.135709762,94.135709762,94.135709762,0.0,27.142087936000003,0.0,66.99362182600001,,,,/home/rzzhang/sad_merged/sad/build/joint_xxz/f32r2_b128r2-m2-dc52a30a7eed
2026-08-23T08:05:05.649587+00:00,20260823T075745,joint:xxz-hva:10:060247b3fcae9b87,ok,,xxz-hva,10,8,float64,42,64,2,64,2,2,0.0,xxz-matching,xxz-matching,2,2,,,3+2,3+2,not_applicable,optimized,10,3,10,0.039937601,0.039937601,0.039937601,0.039937601,0.0,0.012392,0.0,0.027545601,,,,/home/rzzhang/sad_merged/sad/build/joint_xxz/f64r2_b64r2-m2-e933a4f0a9e2
2026-08-23T08:05:06.099785+00:00,20260823T075745,joint:xxz-hva:20:e82af175e8e36c26,ok,,xxz-hva,20,8,float64,42,128,2,32,2,2,0.5,xxz-matching,xxz-matching,6,7,,,2+2+2+2+1+1,2+2+2+1+1+1+1,not_applicable,optimized,5,3,5,1.1510432065,1.1510432065,1.1510432065,1.1510432065,0.0,0.2884576025,0.0,0.862585604,,,,/home/rzzhang/sad_merged/sad/build/joint_xxz/f128r2_b32r2-m2-8400b296af60
2026-08-23T08:05:06.537716+00:00,20260823T075745,joint:xxz-hva:28:e80b3ff0a49ed3f6,ok,,xxz-hva,28,8,float64,42,32,2,32,2,1,0.0,xxz-matching,xxz-matching,5,5,,,3+3+3+3+2,3+3+3+3+2,not_applicable,optimized,2,3,2,354.274528504,354.274528504,354.274528504,354.274528504,0.0,80.484657288,0.0,273.789871216,,,,/home/rzzhang/sad_merged/sad/build/joint_xxz/f32r2_b32r2-m1-13414f75e200
2026-08-23T08:05:10.982940+00:00,20260823T075745,joint:xxz-hva:28:9d6584e76359b16d,ok,,xxz-hva,28,8,float64,42,128,2,32,2,2,1.0,xxz-matching,xxz-matching,14,14,,,1+1+1+1+1+1+1+1+1+1+1+1+1+1,1+1+1+1+1+1+1+1+1+1+1+1+1+1,not_applicable,optimized,2,3,2,403.73458862300004,403.73458862300004,403.73458862300004,403.73458862300004,0.0,130.849609375,0.0,272.88497924800004,,,,/home/rzzhang/sad_merged/sad/build/joint_xxz/f128r2_b32r2-m2-8400b296af60
2026-08-23T08:05:15.844065+00:00,20260823T075745,joint:xxz-hva:28:7f59765f2e417a8c,ok,,xxz-hva,28,8,float64,42,64,2,64,2,2,1.0,xxz-matching,xxz-matching,14,14,,,1+1+1+1+1+1+1+1+1+1+1+1+1+1,1+1+1+1+1+1+1+1+1+1+1+1+1+1,not_applicable,optimized,2,3,2,408.728713989,408.728713989,408.728713989,408.728713989,0.0,131.392410278,0.0,277.336303711,,,,/home/rzzhang/sad_merged/sad/build/joint_xxz/f64r2_b64r2-m2-e933a4f0a9e2
2026-08-23T08:05:20.797154+00:00,20260823T075745,joint:xxz-hva:26:b9422ebba4754e46,ok,,xxz-hva,26,8,float64,42,32,2,128,2,2,0.0,xxz-matching,xxz-matching,5,4,,,3+3+3+2+2,4+3+3+3,not_applicable,optimized,2,3,2,87.6456098555,87.6456098555,87.6456098555,87.6456098555,0.0,19.1700315475,0.0,68.475578308,,,,/home/rzzhang/sad_merged/sad/build/joint_xxz/f32r2_b128r2-m2-dc52a30a7eed
2026-08-23T08:05:22.276179+00:00,20260823T075745,joint:xxz-hva:8:581d260a966796e0,ok,,xxz-hva,8,8,float64,42,64,2,64,2,2,0.75,xxz-matching,xxz-matching,3,3,,,2+1+1,2+1+1,not_applicable,optimized,20,3,20,0.0391415995,0.0391415995,0.0391415995,0.0391415995,0.0,0.0132864005,0.0,0.025855199000000002,,,,/home/rzzhang/sad_merged/sad/build/joint_xxz/f64r2_b64r2-m2-e933a4f0a9e2
2026-08-23T08:05:22.697191+00:00,20260823T075745,joint:xxz-hva:4:6438a53a1189b6e6,ok,,xxz-hva,4,8,float64,42,64,2,64,2,2,0.0,xxz-matching,xxz-matching,1,1,,,2,2,not_applicable,optimized,20,3,20,0.0101928,0.0101928,0.0101928,0.0101928,0.0,0.0033816000000000002,0.0,0.0068112,,,,/home/rzzhang/sad_merged/sad/build/joint_xxz/f64r2_b64r2-m2-e933a4f0a9e2
2026-08-23T08:05:23.144323+00:00,20260823T075745,joint:xxz-hva:14:aa0cee104598c4e5,ok,,xxz-hva,14,8,float64,42,32,2,32,2,2,0.75,xxz-matching,xxz-matching,6,6,,,2+1+1+1+1+1,2+1+1+1+1+1,not_applicable,optimized,10,3,10,0.0810143985,0.0810143985,0.0810143985,0.0810143985,0.0,0.032393600499999994,0.0,0.048620798,,,,/home/rzzhang/sad_merged/sad/build/joint_xxz/f32r2_b32r2-m2-1e9e397a047c
2026-08-23T08:05:23.557743+00:00,20260823T075745,joint:xxz-hva:22:cee70162b42f7f99,ok,,xxz-hva,22,8,float64,42,128,2,128,2,2,1.0,xxz-matching,xxz-matching,11,11,,,1+1+1+1+1+1+1+1+1+1+1,1+1+1+1+1+1+1+1+1+1+1,not_applicable,optimized,3,3,3,5.036597371,5.036597371,5.036597371,5.036597371,0.0,1.151317358,0.0,3.885280013,,,,/home/rzzhang/sad_merged/sad/build/joint_xxz/f128r2_b128r2-m2-f42c0b5be0d7
2026-08-23T08:05:24.066570+00:00,20260823T075745,joint:xxz-hva:18:a2b745b812a78ec2,ok,,xxz-hva,18,8,float64,42,128,2,32,2,1,0.0,xxz-matching,xxz-matching,3,3,,,3+3+3,3+3+3,not_applicable,optimized,5,3,5,0.2934528065,0.2934528065,0.2934528065,0.2934528065,0.0,0.0805888025,0.0,0.212864004,,,,/home/rzzhang/sad_merged/sad/build/joint_xxz/f128r2_b32r2-m1-a46c23c4be26
2026-08-23T08:05:24.489219+00:00,20260823T075745,joint:xxz-hva:18:1b36bcfa3c34df89,ok,,xxz-hva,18,8,float64,42,128,2,32,2,1,0.5,xxz-matching,xxz-matching,6,6,,,2+2+2+1+1+1,2+2+2+1+1+1,not_applicable,optimized,5,3,5,0.320998397,0.320998397,0.320998397,0.320998397,0.0,0.096995201,0.0,0.22400319600000002,,,,/home/rzzhang/sad_merged/sad/build/joint_xxz/f128r2_b32r2-m1-a46c23c4be26
2026-08-23T08:05:24.917660+00:00,20260823T075745,joint:xxz-hva:6:1887ab4c456bcfe6,ok,,xxz-hva,6,8,float64,42,64,2,64,2,2,0.5,xxz-matching,xxz-matching,2,2,,,2+1,2+1,not_applicable,optimized,20,3,20,0.0203776,0.0203776,0.0203776,0.0203776,0.0,0.0072448,0.0,0.0131328,,,,/home/rzzhang/sad_merged/sad/build/joint_xxz/f64r2_b64r2-m2-e933a4f0a9e2
2026-08-23T08:05:25.344370+00:00,20260823T075745,joint:xxz-hva:28:62788fa31bb7520e,ok,,xxz-hva,28,8,float64,42,128,2,128,2,1,0.0,xxz-matching,xxz-matching,4,4,,,4+4+3+3,4+4+3+3,not_applicable,optimized,2,3,2,361.221633911,361.221633911,361.221633911,361.221633911,0.0,80.643066406,0.0,280.578567505,,,,/home/rzzhang/sad_merged/sad/build/joint_xxz/f128r2_b128r2-m1-fae7f81cf230
2026-08-23T08:05:29.800638+00:00,20260823T075745,joint:xxz-hva:28:cf401129d7e14853,ok,,xxz-hva,28,8,float64,42,128,2,128,2,2,0.0,xxz-matching,xxz-matching,4,4,,,4+4+3+3,4+4+3+3,not_applicable,optimized,2,3,2,363.271671295,363.271671295,363.271671295,363.271671295,0.0,82.6160469055,0.0,280.65562438949996,,,,/home/rzzhang/sad_merged/sad/build/joint_xxz/f128r2_b128r2-m2-f42c0b5be0d7
2026-08-23T08:05:34.255273+00:00,20260823T075745,joint:xxz-hva:10:29cc1cbaf1ffdc66,ok,,xxz-hva,10,8,float64,42,32,2,32,2,1,0.75,xxz-matching,xxz-matching,4,4,,,2+1+1+1,2+1+1+1,not_applicable,optimized,10,3,10,0.048508799500000005,0.048508799500000005,0.048508799500000005,0.048508799500000005,0.0,0.0181248,0.0,0.0303839995,,,,/home/rzzhang/sad_merged/sad/build/joint_xxz/f32r2_b32r2-m1-13414f75e200
2026-08-23T08:05:34.679706+00:00,20260823T075745,joint:xxz-hva:8:d1ce15d17a4fa599,ok,,xxz-hva,8,8,float64,42,64,2,64,2,1,0.25,xxz-matching,xxz-matching,2,2,,,2+2,2+2,not_applicable,optimized,20,3,20,0.0332392,0.0332392,0.0332392,0.0332392,0.0,0.0105632,0.0,0.022676,,,,/home/rzzhang/sad_merged/sad/build/joint_xxz/f64r2_b64r2-m1-b00ee0bf62ea
2026-08-23T08:05:35.093266+00:00,20260823T075745,joint:xxz-hva:4:56adc46ab051b9dd,ok,,xxz-hva,4,8,float64,42,128,2,32,2,1,1.0,xxz-matching,xxz-matching,2,2,,,1+1,1+1,not_applicable,optimized,20,3,20,0.014848,0.014848,0.014848,0.014848,0.0,0.006144,0.0,0.008704,,,,/home/rzzhang/sad_merged/sad/build/joint_xxz/f128r2_b32r2-m1-a46c23c4be26
2026-08-23T08:05:35.512393+00:00,20260823T075745,joint:xxz-hva:6:d21556dbd2ced3a2,ok,,xxz-hva,6,8,float64,42,128,2,32,2,2,0.25,xxz-matching,xxz-matching,2,2,,,2+1,2+1,not_applicable,optimized,20,3,20,0.0202279995,0.0202279995,0.0202279995,0.0202279995,0.0,0.0078632,0.0,0.012364799499999999,,,,/home/rzzhang/sad_merged/sad/build/joint_xxz/f128r2_b32r2-m2-8400b296af60
2026-08-23T08:05:35.938473+00:00,20260823T075745,joint:xxz-hva:24:980722c7eabbea39,ok,,xxz-hva,24,8,float64,42,32,2,32,2,2,0.5,xxz-matching,xxz-matching,8,8,,,2+2+2+2+1+1+1+1,2+2+2+2+1+1+1+1,not_applicable,optimized,3,3,3,21.160880089000003,21.160880089000003,21.160880089000003,21.160880089000003,0.0,5.431456089,0.0,15.729424000000002,,,,/home/rzzhang/sad_merged/sad/build/joint_xxz/f32r2_b32r2-m2-1e9e397a047c
2026-08-23T08:05:36.631587+00:00,20260823T075745,joint:xxz-hva:24:ad64d3fa72c75a41,ok,,xxz-hva,24,8,float64,42,128,2,128,2,2,0.0,xxz-matching,xxz-matching,3,3,,,4+4+4,4+4+4,not_applicable,optimized,3,3,3,20.7942082885,20.7942082885,20.7942082885,20.7942082885,0.0,4.598623991,0.0,16.195584297499998,,,,/home/rzzhang/sad_merged/sad/build/joint_xxz/f128r2_b128r2-m2-f42c0b5be0d7
2026-08-23T08:05:37.360919+00:00,20260823T075745,joint:xxz-hva:8:662585d49bb967d9,ok,,xxz-hva,8,8,float64,42,128,2,32,2,2,0.0,xxz-matching,xxz-matching,1,2,,,4,2+2,not_applicable,optimized,20,3,20,0.026726398999999998,0.026726398999999998,0.026726398999999998,0.026726398999999998,0.0,0.0077824,0.0,0.018943999,,,,/home/rzzhang/sad_merged/sad/build/joint_xxz/f128r2_b32r2-m2-8400b296af60
2026-08-23T08:05:37.777029+00:00,20260823T075745,joint:xxz-hva:26:2f50a32e157dab89,ok,,xxz-hva,26,8,float64,42,128,2,128,2,2,0.0,xxz-matching,xxz-matching,4,4,,,4+3+3+3,4+3+3+3,not_applicable,optimized,2,3,2,87.3562784195,87.3562784195,87.3562784195,87.3562784195,0.0,19.734471321,0.0,67.6218070985,,,,/home/rzzhang/sad_merged/sad/build/joint_xxz/f128r2_b128r2-m2-f42c0b5be0d7
2026-08-23T08:05:39.205565+00:00,20260823T075745,joint:xxz-hva:26:ed4c6994ad6eed22,ok,,xxz-hva,26,8,float64,42,128,2,32,2,2,1.0,xxz-matching,xxz-matching,13,13,,,1+1+1+1+1+1+1+1+1+1+1+1+1,1+1+1+1+1+1+1+1+1+1+1+1+1,not_applicable,optimized,2,3,2,97.846951484,97.846951484,97.846951484,97.846951484,0.0,30.4605836865,0.0,67.3863677975,,,,/home/rzzhang/sad_merged/sad/build/joint_xxz/f128r2_b32r2-m2-8400b296af60
2026-08-23T08:05:40.731604+00:00,20260823T075745,joint:xxz-hva:20:11a6f5c91cd3f889,ok,,xxz-hva,20,8,float64,42,32,2,32,2,1,1.0,xxz-matching,xxz-matching,10,10,,,1+1+1+1+1+1+1+1+1+1,1+1+1+1+1+1+1+1+1+1,not_applicable,optimized,5,3,5,1.1806399975000001,1.1806399975000001,1.1806399975000001,1.1806399975000001,0.0,0.300041601,0.0,0.8805983965,,,,/home/rzzhang/sad_merged/sad/build/joint_xxz/f32r2_b32r2-m1-13414f75e200
2026-08-23T08:05:41.197996+00:00,20260823T075745,joint:xxz-hva:20:8b3a1734b017b91f,ok,,xxz-hva,20,8,float64,42,32,2,128,2,1,1.0,xxz-matching,xxz-matching,10,10,,,1+1+1+1+1+1+1+1+1+1,1+1+1+1+1+1+1+1+1+1,not_applicable,optimized,5,3,5,1.231235176,1.231235176,1.231235176,1.231235176,0.0,0.309123188,0.0,0.9221119879999999,,,,/home/rzzhang/sad_merged/sad/build/joint_xxz/f32r2_b128r2-m1-d6d8eb72a995
2026-08-23T08:05:41.630440+00:00,20260823T075745,joint:xxz-hva:14:47e7c41a2e7c0170,ok,,xxz-hva,14,8,float64,42,64,2,64,2,2,1.0,xxz-matching,xxz-matching,7,7,,,1+1+1+1+1+1+1,1+1+1+1+1+1+1,not_applicable,optimized,10,3,10,0.099360002,0.099360002,0.099360002,0.099360002,0.0,0.038400002,0.0,0.06096,,,,/home/rzzhang/sad_merged/sad/build/joint_xxz/f64r2_b64r2-m2-e933a4f0a9e2
2026-08-23T08:05:42.047953+00:00,20260823T075745,joint:xxz-hva:26:9b1689ec7561168d,ok,,xxz-hva,26,8,float64,42,32,2,32,2,2,0.0,xxz-matching,xxz-matching,5,5,,,3+3+3+2+2,3+3+3+2+2,not_applicable,optimized,2,3,2,86.21674346900001,86.21674346900001,86.21674346900001,86.21674346900001,0.0,19.8057365415,0.0,66.41100692750001,,,,/home/rzzhang/sad_merged/sad/build/joint_xxz/f32r2_b32r2-m2-1e9e397a047c
2026-08-23T08:05:43.477975+00:00,20260823T075745,joint:xxz-hva:14:0b250ba653b037f0,ok,,xxz-hva,14,8,float64,42,32,2,32,2,1,0.25,xxz-matching,xxz-matching,4,4,,,2+2+2+1,2+2+2+1,not_applicable,optimized,10,3,10,0.06286080150000001,0.06286080150000001,0.06286080150000001,0.06286080150000001,0.0,0.0230208,0.0,0.0398400015,,,,/home/rzzhang/sad_merged/sad/build/joint_xxz/f32r2_b32r2-m1-13414f75e200
2026-08-23T08:05:43.895444+00:00,20260823T075745,joint:xxz-hva:28:69246f59cb320484,ok,,xxz-hva,28,8,float64,42,128,2,32,2,1,0.5,xxz-matching,xxz-matching,9,10,,,2+2+2+2+2+1+1+1+1,2+2+2+2+1+1+1+1+1+1,not_applicable,optimized,2,3,2,368.37686538699995,368.37686538699995,368.37686538699995,368.37686538699995,0.0,95.7973365785,0.0,272.57952880849996,,,,/home/rzzhang/sad_merged/sad/build/joint_xxz/f128r2_b32r2-m1-a46c23c4be26
2026-08-23T08:05:48.474498+00:00,20260823T075745,joint:xxz-hva:14:312dc8467b21a4ea,ok,,xxz-hva,14,8,float64,42,128,2,128,2,2,0.0,xxz-matching,xxz-matching,2,2,,,4+3,4+3,not_applicable,optimized,10,3,10,0.078787202,0.078787202,0.078787202,0.078787202,0.0,0.0215552,0.0,0.057232002000000004,,,,/home/rzzhang/sad_merged/sad/build/joint_xxz/f128r2_b128r2-m2-f42c0b5be0d7
2026-08-23T08:05:48.934121+00:00,20260823T075745,joint:xxz-hva:8:0ba2ce81350f0034,ok,,xxz-hva,8,8,float64,42,128,2,32,2,1,0.75,xxz-matching,xxz-matching,3,4,,,2+1+1,1+1+1+1,not_applicable,optimized,20,3,20,0.040575198,0.040575198,0.040575198,0.040575198,0.0,0.014872799999999999,0.0,0.025702398,,,,/home/rzzhang/sad_merged/sad/build/joint_xxz/f128r2_b32r2-m1-a46c23c4be26
2026-08-23T08:05:49.357604+00:00,20260823T075745,joint:xxz-hva:22:658f9decabbe3973,ok,,xxz-hva,22,8,float64,42,64,2,64,2,2,1.0,xxz-matching,xxz-matching,11,11,,,1+1+1+1+1+1+1+1+1+1+1,1+1+1+1+1+1+1+1+1+1+1,not_applicable,optimized,3,3,3,4.9702506065000005,4.9702506065000005,4.9702506065000005,4.9702506065000005,0.0,1.1367946865,0.0,3.83345592,,,,/home/rzzhang/sad_merged/sad/build/joint_xxz/f64r2_b64r2-m2-e933a4f0a9e2
2026-08-23T08:05:49.851214+00:00,20260823T075745,joint:xxz-hva:20:1e2e7b3c332ce22f,ok,,xxz-hva,20,8,float64,42,32,2,32,2,2,0.5,xxz-matching,xxz-matching,7,7,,,2+2+2+1+1+1+1,2+2+2+1+1+1+1,not_applicable,optimized,5,3,5,1.150025606,1.150025606,1.150025606,1.150025606,0.0,0.287510395,0.0,0.8625152110000001,,,,/home/rzzhang/sad_merged/sad/build/joint_xxz/f32r2_b32r2-m2-1e9e397a047c
2026-08-23T08:05:50.297606+00:00,20260823T075745,joint:xxz-hva:24:162562cc4fde1d49,ok,,xxz-hva,24,8,float64,42,64,2,64,2,2,0.0,xxz-matching,xxz-matching,3,3,,,4+4+4,4+4+4,not_applicable,optimized,3,3,3,20.720778465499997,20.720778465499997,20.720778465499997,20.720778465499997,0.0,4.6019945145,0.0,16.118783950999998,,,,/home/rzzhang/sad_merged/sad/build/joint_xxz/f64r2_b64r2-m2-e933a4f0a9e2
2026-08-23T08:05:50.991620+00:00,20260823T075745,joint:xxz-hva:12:b0968a9f26b52efc,ok,,xxz-hva,12,8,float64,42,64,2,64,2,2,0.75,xxz-matching,xxz-matching,5,5,,,2+1+1+1+1,2+1+1+1+1,not_applicable,optimized,10,3,10,0.07109440149999999,0.07109440149999999,0.07109440149999999,0.07109440149999999,0.0,0.026304001,0.0,0.044790400499999994,,,,/home/rzzhang/sad_merged/sad/build/joint_xxz/f64r2_b64r2-m2-e933a4f0a9e2
2026-08-23T08:05:51.407881+00:00,20260823T075745,joint:xxz-hva:16:61816eab31ab5bc3,ok,,xxz-hva,16,8,float64,42,128,2,128,2,1,0.25,xxz-matching,xxz-matching,4,4,,,2+2+2+2,2+2+2+2,not_applicable,optimized,5,3,5,0.1155200005,0.1155200005,0.1155200005,0.1155200005,0.0,0.037062398999999996,0.0,0.0784576015,,,,/home/rzzhang/sad_merged/sad/build/joint_xxz/f128r2_b128r2-m1-fae7f81cf230
2026-08-23T08:05:51.862420+00:00,20260823T075745,joint:xxz-hva:12:83e14958ddccfc72,ok,,xxz-hva,12,8,float64,42,64,2,64,2,1,0.75,xxz-matching,xxz-matching,5,5,,,2+1+1+1+1,2+1+1+1+1,not_applicable,optimized,10,3,10,0.0711488,0.0711488,0.0711488,0.0711488,0.0,0.026297601,0.0,0.044851199,,,,/home/rzzhang/sad_merged/sad/build/joint_xxz/f64r2_b64r2-m1-b00ee0bf62ea
2026-08-23T08:05:52.295044+00:00,20260823T075745,joint:xxz-hva:6:aef154dfb0f8e7f7,ok,,xxz-hva,6,8,float64,42,64,2,64,2,2,0.75,xxz-matching,xxz-matching,2,2,,,2+1,2+1,not_applicable,optimized,20,3,20,0.020408,0.020408,0.020408,0.020408,0.0,0.0072704,0.0,0.0131376,,,,/home/rzzhang/sad_merged/sad/build/joint_xxz/f64r2_b64r2-m2-e933a4f0a9e2
2026-08-23T08:05:52.741106+00:00,20260823T075745,joint:xxz-hva:14:d9ba5ee60923e00a,ok,,xxz-hva,14,8,float64,42,128,2,128,2,1,0.5,xxz-matching,xxz-matching,4,4,,,2+2+2+1,2+2+2+1,not_applicable,optimized,10,3,10,0.1002463995,0.1002463995,0.1002463995,0.1002463995,0.0,0.0326111985,0.0,0.067635201,,,,/home/rzzhang/sad_merged/sad/build/joint_xxz/f128r2_b128r2-m1-fae7f81cf230
2026-08-23T08:05:53.145323+00:00,20260823T075745,joint:xxz-hva:20:1f851a11b3476d70,ok,,xxz-hva,20,8,float64,42,64,2,64,2,1,0.0,xxz-matching,xxz-matching,3,3,,,4+3+3,4+3+3,not_applicable,optimized,5,3,5,1.1248639675,1.1248639675,1.1248639675,1.1248639675,0.0,0.262316808,0.0,0.8625471595,,,,/home/rzzhang/sad_merged/sad/build/joint_xxz/f64r2_b64r2-m1-b00ee0bf62ea
2026-08-23T08:05:53.583430+00:00,20260823T075745,joint:xxz-hva:16:79adb6c97318f565,ok,,xxz-hva,16,8,float64,42,128,2,128,2,2,0.25,xxz-matching,xxz-matching,4,4,,,2+2+2+2,2+2+2+2,not_applicable,optimized,5,3,5,0.1155071965,0.1155071965,0.1155071965,0.1155071965,0.0,0.037068799,0.0,0.0784383975,,,,/home/rzzhang/sad_merged/sad/build/joint_xxz/f128r2_b128r2-m2-f42c0b5be0d7
2026-08-23T08:05:54.008097+00:00,20260823T075745,joint:xxz-hva:28:464360bb474bfd3c,ok,,xxz-hva,28,8,float64,42,32,2,128,2,1,1.0,xxz-matching,xxz-matching,14,14,,,1+1+1+1+1+1+1+1+1+1+1+1+1+1,1+1+1+1+1+1+1+1+1+1+1+1+1+1,not_applicable,optimized,2,3,2,411.943397522,411.943397522,411.943397522,411.943397522,0.0,130.7292099,0.0,281.214187622,,,,/home/rzzhang/sad_merged/sad/build/joint_xxz/f32r2_b128r2-m1-d6d8eb72a995
2026-08-23T08:05:58.975718+00:00,20260823T075745,joint:xxz-hva:12:839a137b40a9a7ba,ok,,xxz-hva,12,8,float64,42,32,2,128,2,1,0.5,xxz-matching,xxz-matching,4,4,,,2+2+1+1,2+2+1+1,not_applicable,optimized,10,3,10,0.0785424005,0.0785424005,0.0785424005,0.0785424005,0.0,0.0197648,0.0,0.0587776005,,,,/home/rzzhang/sad_merged/sad/build/joint_xxz/f32r2_b128r2-m1-d6d8eb72a995
2026-08-23T08:05:59.407056+00:00,20260823T075745,joint:xxz-hva:6:04a46e06a43c9619,ok,,xxz-hva,6,8,float64,42,32,2,32,2,2,0.75,xxz-matching,xxz-matching,2,2,,,2+1,2+1,not_applicable,optimized,20,3,20,0.0197431995,0.0197431995,0.0197431995,0.0197431995,0.0,0.0073288,0.0,0.0124143995,,,,/home/rzzhang/sad_merged/sad/build/joint_xxz/f32r2_b32r2-m2-1e9e397a047c
2026-08-23T08:05:59.828239+00:00,20260823T075745,joint:xxz-hva:16:4bfba6d3f7a41993,ok,,xxz-hva,16,8,float64,42,32,2,128,2,1,0.25,xxz-matching,xxz-matching,4,4,,,2+2+2+2,2+2+2+2,not_applicable,optimized,5,3,5,0.11222400149999999,0.11222400149999999,0.11222400149999999,0.11222400149999999,0.0,0.0336831995,0.0,0.07854080199999999,,,,/home/rzzhang/sad_merged/sad/build/joint_xxz/f32r2_b128r2-m1-d6d8eb72a995
2026-08-23T08:06:00.242712+00:00,20260823T075745,joint:xxz-hva:12:8deb3aec11fc0144,ok,,xxz-hva,12,8,float64,42,128,2,128,2,1,0.5,xxz-matching,xxz-matching,4,4,,,2+2+1+1,2+2+1+1,not_applicable,optimized,10,3,10,0.0876064015,0.0876064015,0.0876064015,0.0876064015,0.0,0.028774399,0.0,0.0588320025,,,,/home/rzzhang/sad_merged/sad/build/joint_xxz/f128r2_b128r2-m1-fae7f81cf230
2026-08-23T08:06:00.671457+00:00,20260823T075745,joint:xxz-hva:26:10e3fecbb6693def,ok,,xxz-hva,26,8,float64,42,128,2,128,2,1,0.0,xxz-matching,xxz-matching,4,4,,,4+3+3+3,4+3+3+3,not_applicable,optimized,2,3,2,87.5736742025,87.5736742025,87.5736742025,87.5736742025,0.0,19.735280037,0.0,67.8383941655,,,,/home/rzzhang/sad_merged/sad/build/joint_xxz/f128r2_b128r2-m1-fae7f81cf230
2026-08-23T08:06:02.112684+00:00,20260823T075745,joint:xxz-hva:14:6f83630aaa1fa502,ok,,xxz-hva,14,8,float64,42,128,2,128,2,1,0.75,xxz-matching,xxz-matching,6,6,,,2+1+1+1+1+1,2+1+1+1+1+1,not_applicable,optimized,10,3,10,0.11914880350000001,0.11914880350000001,0.11914880350000001,0.11914880350000001,0.0,0.041491201000000005,0.0,0.0776576025,,,,/home/rzzhang/sad_merged/sad/build/joint_xxz/f128r2_b128r2-m1-fae7f81cf230
2026-08-23T08:06:02.542405+00:00,20260823T075745,joint:xxz-hva:18:be2062a2419d5dc4,ok,,xxz-hva,18,8,float64,42,32,2,128,2,1,1.0,xxz-matching,xxz-matching,9,9,,,1+1+1+1+1+1+1+1+1,1+1+1+1+1+1+1+1+1,not_applicable,optimized,5,3,5,0.3646015895,0.3646015895,0.3646015895,0.3646015895,0.0,0.10873920449999999,0.0,0.255862385,,,,/home/rzzhang/sad_merged/sad/build/joint_xxz/f32r2_b128r2-m1-d6d8eb72a995
2026-08-23T08:06:02.947244+00:00,20260823T075745,joint:xxz-hva:22:d82008707d0484b7,ok,,xxz-hva,22,8,float64,42,128,2,128,2,2,0.25,xxz-matching,xxz-matching,5,5,,,3+2+2+2+2,3+2+2+2+2,not_applicable,optimized,3,3,3,4.850442767,4.850442767,4.850442767,4.850442767,0.0,1.090037346,0.0,3.7604054209999997,,,,/home/rzzhang/sad_merged/sad/build/joint_xxz/f128r2_b128r2-m2-f42c0b5be0d7
2026-08-23T08:06:03.431766+00:00,20260823T075745,joint:xxz-hva:10:4163f9b1cccda7c4,ok,,xxz-hva,10,8,float64,42,64,2,64,2,2,0.75,xxz-matching,xxz-matching,4,4,,,2+1+1+1,2+1+1+1,not_applicable,optimized,10,3,10,0.054470401,0.054470401,0.054470401,0.054470401,0.0,0.019552,0.0,0.034918401,,,,/home/rzzhang/sad_merged/sad/build/joint_xxz/f64r2_b64r2-m2-e933a4f0a9e2
2026-08-23T08:06:03.850674+00:00,20260823T075745,joint:xxz-hva:28:3de698a1624a7222,ok,,xxz-hva,28,8,float64,42,128,2,32,2,1,0.75,xxz-matching,xxz-matching,12,12,,,2+2+1+1+1+1+1+1+1+1+1+1,2+2+1+1+1+1+1+1+1+1+1+1,not_applicable,optimized,2,3,2,389.1503486635,389.1503486635,389.1503486635,389.1503486635,0.0,116.4451026915,0.0,272.705245972,,,,/home/rzzhang/sad_merged/sad/build/joint_xxz/f128r2_b32r2-m1-a46c23c4be26
2026-08-23T08:06:08.547764+00:00,20260823T075745,joint:xxz-hva:24:caef67a97fa02886,ok,,xxz-hva,24,8,float64,42,128,2,32,2,1,0.75,xxz-matching,xxz-matching,10,10,,,2+2+1+1+1+1+1+1+1+1,2+2+1+1+1+1+1+1+1+1,not_applicable,optimized,3,3,3,22.041962862000002,22.041962862000002,22.041962862000002,22.041962862000002,0.0,6.273535967,0.0,15.768426895000001,,,,/home/rzzhang/sad_merged/sad/build/joint_xxz/f128r2_b32r2-m1-a46c23c4be26
2026-08-23T08:06:09.302314+00:00,20260823T075745,joint:xxz-hva:10:601fa3d2e61eb119,ok,,xxz-hva,10,8,float64,42,128,2,128,2,2,0.5,xxz-matching,xxz-matching,4,4,,,2+1+1+1,2+1+1+1,not_applicable,optimized,10,3,10,0.0749743995,0.0749743995,0.0749743995,0.0749743995,0.0,0.0250207995,0.0,0.0499536,,,,/home/rzzhang/sad_merged/sad/build/joint_xxz/f128r2_b128r2-m2-f42c0b5be0d7
2026-08-23T08:06:09.767662+00:00,20260823T075745,joint:xxz-hva:6:5761313b8dbbd87f,ok,,xxz-hva,6,8,float64,42,128,2,128,2,2,0.25,xxz-matching,xxz-matching,2,2,,,2+1,2+1,not_applicable,optimized,20,3,20,0.0228744,0.0228744,0.0228744,0.0228744,0.0,0.0078784,0.0,0.014995999999999999,,,,/home/rzzhang/sad_merged/sad/build/joint_xxz/f128r2_b128r2-m2-f42c0b5be0d7
2026-08-23T08:06:10.183092+00:00,20260823T075745,joint:xxz-hva:14:1ae5bfb4f617e92f,ok,,xxz-hva,14,8,float64,42,128,2,128,2,2,0.25,xxz-matching,xxz-matching,3,3,,,3+2+2,3+2+2,not_applicable,optimized,10,3,10,0.0898272005,0.0898272005,0.0898272005,0.0898272005,0.0,0.0273408,0.0,0.0624864005,,,,/home/rzzhang/sad_merged/sad/build/joint_xxz/f128r2_b128r2-m2-f42c0b5be0d7
2026-08-23T08:06:10.602318+00:00,20260823T075745,joint:xxz-hva:12:2f5abd8b2112d754,ok,,xxz-hva,12,8,float64,42,64,2,64,2,1,0.5,xxz-matching,xxz-matching,4,4,,,2+2+1+1,2+2+1+1,not_applicable,optimized,10,3,10,0.063156801,0.063156801,0.063156801,0.063156801,0.0,0.0224016,0.0,0.040755201,,,,/home/rzzhang/sad_merged/sad/build/joint_xxz/f64r2_b64r2-m1-b00ee0bf62ea
2026-08-23T08:06:11.029757+00:00,20260823T075745,joint:xxz-hva:18:0824cbb7c3dce2b0,ok,,xxz-hva,18,8,float64,42,64,2,64,2,2,0.25,xxz-matching,xxz-matching,4,4,,,3+2+2+2,3+2+2+2,not_applicable,optimized,5,3,5,0.2988831995,0.2988831995,0.2988831995,0.2988831995,0.0,0.081075199,0.0,0.2178080005,,,,/home/rzzhang/sad_merged/sad/build/joint_xxz/f64r2_b64r2-m2-e933a4f0a9e2
2026-08-23T08:06:11.453331+00:00,20260823T075745,joint:xxz-hva:18:8e7efe7755cab83f,ok,,xxz-hva,18,8,float64,42,128,2,128,2,2,1.0,xxz-matching,xxz-matching,9,9,,,1+1+1+1+1+1+1+1+1,1+1+1+1+1+1+1+1+1,not_applicable,optimized,5,3,5,0.37238399699999997,0.37238399699999997,0.37238399699999997,0.37238399699999997,0.0,0.1161984055,0.0,0.2561855915,,,,/home/rzzhang/sad_merged/sad/build/joint_xxz/f128r2_b128r2-m2-f42c0b5be0d7
2026-08-23T08:06:11.884403+00:00,20260823T075745,joint:xxz-hva:10:c2680785bad7f49e,ok,,xxz-hva,10,8,float64,42,64,2,64,2,1,0.75,xxz-matching,xxz-matching,4,4,,,2+1+1+1,2+1+1+1,not_applicable,optimized,10,3,10,0.05451839950000001,0.05451839950000001,0.05451839950000001,0.05451839950000001,0.0,0.0195584,0.0,0.034959999500000005,,,,/home/rzzhang/sad_merged/sad/build/joint_xxz/f64r2_b64r2-m1-b00ee0bf62ea
2026-08-23T08:06:12.303858+00:00,20260823T075745,joint:xxz-hva:18:8a7480f35ebbe95c,ok,,xxz-hva,18,8,float64,42,128,2,128,2,2,0.25,xxz-matching,xxz-matching,4,4,,,3+2+2+2,3+2+2+2,not_applicable,optimized,5,3,5,0.30759359900000005,0.30759359900000005,0.30759359900000005,0.30759359900000005,0.0,0.0841664,0.0,0.22342719900000002,,,,/home/rzzhang/sad_merged/sad/build/joint_xxz/f128r2_b128r2-m2-f42c0b5be0d7
2026-08-23T08:06:12.734702+00:00,20260823T075745,joint:xxz-hva:22:e02cac7864d2f4f4,ok,,xxz-hva,22,8,float64,42,64,2,64,2,1,0.5,xxz-matching,xxz-matching,7,7,,,2+2+2+2+1+1+1,2+2+2+2+1+1+1,not_applicable,optimized,3,3,3,4.8489761355,4.8489761355,4.8489761355,4.8489761355,0.0,1.1030026675,0.0,3.745973468,,,,/home/rzzhang/sad_merged/sad/build/joint_xxz/f64r2_b64r2-m1-b00ee0bf62ea
2026-08-23T08:06:13.224579+00:00,20260823T075745,joint:xxz-hva:28:09952dd757360ce1,ok,,xxz-hva,28,8,float64,42,64,2,64,2,1,1.0,xxz-matching,xxz-matching,14,14,,,1+1+1+1+1+1+1+1+1+1+1+1+1+1,1+1+1+1+1+1+1+1+1+1+1+1+1+1,not_applicable,optimized,2,3,2,408.722076416,408.722076416,408.722076416,408.722076416,0.0,131.387298584,0.0,277.334777832,,,,/home/rzzhang/sad_merged/sad/build/joint_xxz/f64r2_b64r2-m1-b00ee0bf62ea
2026-08-23T08:06:18.178947+00:00,20260823T075745,joint:xxz-hva:28:00cacc83ace676bd,ok,,xxz-hva,28,8,float64,42,64,2,64,2,1,0.25,xxz-matching,xxz-matching,6,6,,,3+3+2+2+2+2,3+3+2+2+2+2,not_applicable,optimized,2,3,2,359.2446250915,359.2446250915,359.2446250915,359.2446250915,0.0,82.6547203065,0.0,276.589904785,,,,/home/rzzhang/sad_merged/sad/build/joint_xxz/f64r2_b64r2-m1-b00ee0bf62ea
2026-08-23T08:06:22.649090+00:00,20260823T075745,joint:xxz-hva:8:ecfc96ae9e31f0fe,ok,,xxz-hva,8,8,float64,42,32,2,32,2,2,0.25,xxz-matching,xxz-matching,2,2,,,2+2,2+2,not_applicable,optimized,20,3,20,0.028585599,0.028585599,0.028585599,0.028585599,0.0,0.009616,0.0,0.018969599,,,,/home/rzzhang/sad_merged/sad/build/joint_xxz/f32r2_b32r2-m2-1e9e397a047c
2026-08-23T08:06:23.122838+00:00,20260823T075745,joint:xxz-hva:28:9daf4787d403f3df,ok,,xxz-hva,28,8,float64,42,32,2,128,2,1,0.5,xxz-matching,xxz-matching,10,9,,,2+2+2+2+1+1+1+1+1+1,2+2+2+2+2+1+1+1+1,not_applicable,optimized,2,3,2,382.9062957765,382.9062957765,382.9062957765,382.9062957765,0.0,102.014465332,0.0,280.8918304445,,,,/home/rzzhang/sad_merged/sad/build/joint_xxz/f32r2_b128r2-m1-d6d8eb72a995
2026-08-23T08:06:27.804044+00:00,20260823T075745,joint:xxz-hva:6:2e2eef5c61ce9f19,ok,,xxz-hva,6,8,float64,42,32,2,128,2,2,0.0,xxz-matching,xxz-matching,1,1,,,3,3,not_applicable,optimized,20,3,20,0.0163384,0.0163384,0.0163384,0.0163384,0.0,0.004203999999999999,0.0,0.0121344,,,,/home/rzzhang/sad_merged/sad/build/joint_xxz/f32r2_b128r2-m2-dc52a30a7eed
2026-08-23T08:06:28.259886+00:00,20260823T075745,joint:xxz-hva:14:ccd6f87d6c562655,ok,,xxz-hva,14,8,float64,42,128,2,32,2,1,0.75,xxz-matching,xxz-matching,6,6,,,2+1+1+1+1+1,2+1+1+1+1+1,not_applicable,optimized,10,3,10,0.091360001,0.091360001,0.091360001,0.091360001,0.0,0.042686401,0.0,0.0486736,,,,/home/rzzhang/sad_merged/sad/build/joint_xxz/f128r2_b32r2-m1-a46c23c4be26
2026-08-23T08:06:28.675376+00:00,20260823T075745,joint:xxz-hva:12:93dca1bb652fabd9,ok,,xxz-hva,12,8,float64,42,32,2,128,2,2,0.25,xxz-matching,xxz-matching,3,3,,,2+2+2,2+2+2,not_applicable,optimized,10,3,10,0.071577605,0.071577605,0.071577605,0.071577605,0.0,0.017203201,0.0,0.054374404,,,,/home/rzzhang/sad_merged/sad/build/joint_xxz/f32r2_b128r2-m2-dc52a30a7eed
2026-08-23T08:06:29.095844+00:00,20260823T075745,joint:xxz-hva:4:f180c97c1678f2a0,ok,,xxz-hva,4,8,float64,42,128,2,32,2,1,0.75,xxz-matching,xxz-matching,2,2,,,1+1,1+1,not_applicable,optimized,20,3,20,0.014835999999999998,0.014835999999999998,0.014835999999999998,0.014835999999999998,0.0,0.0061144,0.0,0.0087216,,,,/home/rzzhang/sad_merged/sad/build/joint_xxz/f128r2_b32r2-m1-a46c23c4be26
2026-08-23T08:06:29.513174+00:00,20260823T075745,joint:xxz-hva:6:5d93ec64b2a27d59,ok,,xxz-hva,6,8,float64,42,128,2,128,2,2,0.0,xxz-matching,xxz-matching,1,1,,,3,3,not_applicable,optimized,20,3,20,0.0170424,0.0170424,0.0170424,0.0170424,0.0,0.004908,0.0,0.0121344,,,,/home/rzzhang/sad_merged/sad/build/joint_xxz/f128r2_b128r2-m2-f42c0b5be0d7
2026-08-23T08:06:29.936863+00:00,20260823T075745,joint:xxz-hva:10:c90b483a68ee8af8,ok,,xxz-hva,10,8,float64,42,128,2,32,2,1,0.75,xxz-matching,xxz-matching,4,4,,,2+1+1+1,2+1+1+1,not_applicable,optimized,10,3,10,0.0554384,0.0554384,0.0554384,0.0554384,0.0,0.0249856,0.0,0.030452800000000002,,,,/home/rzzhang/sad_merged/sad/build/joint_xxz/f128r2_b32r2-m1-a46c23c4be26
2026-08-23T08:06:30.354604+00:00,20260823T075745,joint:xxz-hva:26:09e06530f120a12e,ok,,xxz-hva,26,8,float64,42,128,2,32,2,2,0.0,xxz-matching,xxz-matching,4,5,,,4+3+3+3,3+3+3+2+2,not_applicable,optimized,2,3,2,86.363126755,86.363126755,86.363126755,86.363126755,0.0,19.747400284,0.0,66.615726471,,,,/home/rzzhang/sad_merged/sad/build/joint_xxz/f128r2_b32r2-m2-8400b296af60
2026-08-23T08:06:31.765295+00:00,20260823T075745,joint:xxz-hva:18:8f8b267dd2989953,ok,,xxz-hva,18,8,float64,42,128,2,128,2,1,0.0,xxz-matching,xxz-matching,3,3,,,3+3+3,3+3+3,not_applicable,optimized,5,3,5,0.302883189,0.302883189,0.302883189,0.302883189,0.0,0.080588799,0.0,0.22229439,,,,/home/rzzhang/sad_merged/sad/build/joint_xxz/f128r2_b128r2-m1-fae7f81cf230
2026-08-23T08:06:32.185933+00:00,20260823T075745,joint:xxz-hva:16:0f2cbf3f8a844945,ok,,xxz-hva,16,8,float64,42,32,2,32,2,1,0.0,xxz-matching,xxz-matching,3,3,,,3+3+2,3+3+2,not_applicable,optimized,5,3,5,0.09619840099999999,0.09619840099999999,0.09619840099999999,0.09619840099999999,0.0,0.0299007995,0.0,0.0662976015,,,,/home/rzzhang/sad_merged/sad/build/joint_xxz/f32r2_b32r2-m1-13414f75e200
2026-08-23T08:06:32.623883+00:00,20260823T075745,joint:xxz-hva:26:b2d681eeb95ef151,ok,,xxz-hva,26,8,float64,42,64,2,64,2,2,0.5,xxz-matching,xxz-matching,8,8,,,2+2+2+2+2+1+1+1,2+2+2+2+2+1+1+1,not_applicable,optimized,2,3,2,89.492176056,89.492176056,89.492176056,89.492176056,0.0,22.3290557865,0.0,67.16312026950001,,,,/home/rzzhang/sad_merged/sad/build/joint_xxz/f64r2_b64r2-m2-e933a4f0a9e2
2026-08-23T08:06:34.074840+00:00,20260823T075745,joint:xxz-hva:6:1a02697469059e93,ok,,xxz-hva,6,8,float64,42,32,2,128,2,1,0.0,xxz-matching,xxz-matching,1,1,,,3,3,not_applicable,optimized,20,3,20,0.0165064,0.0165064,0.0165064,0.0165064,0.0,0.0043968,0.0,0.012109600000000002,,,,/home/rzzhang/sad_merged/sad/build/joint_xxz/f32r2_b128r2-m1-d6d8eb72a995
2026-08-23T08:06:34.491737+00:00,20260823T075745,joint:xxz-hva:18:eda3d47ae6aade4f,ok,,xxz-hva,18,8,float64,42,32,2,128,2,2,0.75,xxz-matching,xxz-matching,8,8,,,2+1+1+1+1+1+1+1,2+1+1+1+1+1+1+1,not_applicable,optimized,5,3,5,0.35136320449999997,0.35136320449999997,0.35136320449999997,0.35136320449999997,0.0,0.1027071925,0.0,0.24865601199999998,,,,/home/rzzhang/sad_merged/sad/build/joint_xxz/f32r2_b128r2-m2-dc52a30a7eed
2026-08-23T08:06:34.945268+00:00,20260823T075745,joint:xxz-hva:8:68a8457fd80fa2ba,ok,,xxz-hva,8,8,float64,42,128,2,128,2,2,0.75,xxz-matching,xxz-matching,3,3,,,2+1+1,2+1+1,not_applicable,optimized,20,3,20,0.0434223995,0.0434223995,0.0434223995,0.0434223995,0.0,0.0148784,0.0,0.0285439995,,,,/home/rzzhang/sad_merged/sad/build/joint_xxz/f128r2_b128r2-m2-f42c0b5be0d7
2026-08-23T08:06:35.364401+00:00,20260823T075745,joint:xxz-hva:24:55af366b77370763,ok,,xxz-hva,24,8,float64,42,128,2,32,2,2,1.0,xxz-matching,xxz-matching,12,12,,,1+1+1+1+1+1+1+1+1+1+1+1,1+1+1+1+1+1+1+1+1+1+1+1,not_applicable,optimized,3,3,3,22.901375771,22.901375771,22.901375771,22.901375771,0.0,7.093701363,0.0,15.807674408,,,,/home/rzzhang/sad_merged/sad/build/joint_xxz/f128r2_b32r2-m2-8400b296af60
2026-08-23T08:06:36.091608+00:00,20260823T075745,joint:xxz-hva:22:12c4feda077a88a0,ok,,xxz-hva,22,8,float64,42,128,2,128,2,1,0.0,xxz-matching,xxz-matching,3,3,,,4+4+3,4+4+3,not_applicable,optimized,3,3,3,4.8189973835,4.8189973835,4.8189973835,4.8189973835,0.0,1.0735093355,0.0,3.7454880480000003,,,,/home/rzzhang/sad_merged/sad/build/joint_xxz/f128r2_b128r2-m1-fae7f81cf230
2026-08-23T08:06:36.599267+00:00,20260823T075745,joint:xxz-hva:4:30e55cd36f6259df,ok,,xxz-hva,4,8,float64,42,128,2,32,2,1,0.5,xxz-matching,xxz-matching,2,2,,,1+1,1+1,not_applicable,optimized,20,3,20,0.014843199999999999,0.014843199999999999,0.014843199999999999,0.014843199999999999,0.0,0.0061183999999999995,0.0,0.0087248,,,,/home/rzzhang/sad_merged/sad/build/joint_xxz/f128r2_b32r2-m1-a46c23c4be26
2026-08-23T08:06:37.013364+00:00,20260823T075745,joint:xxz-hva:14:98ef07e4f18bb97a,ok,,xxz-hva,14,8,float64,42,128,2,128,2,1,0.0,xxz-matching,xxz-matching,2,2,,,4+3,4+3,not_applicable,optimized,10,3,10,0.079440001,0.079440001,0.079440001,0.079440001,0.0,0.0223088,0.0,0.057131201,,,,/home/rzzhang/sad_merged/sad/build/joint_xxz/f128r2_b128r2-m1-fae7f81cf230
2026-08-23T08:06:37.439080+00:00,20260823T075745,joint:xxz-hva:18:32b183c1e953bb22,ok,,xxz-hva,18,8,float64,42,32,2,32,2,1,0.25,xxz-matching,xxz-matching,4,4,,,3+2+2+2,3+2+2+2,not_applicable,optimized,5,3,5,0.29249279949999996,0.29249279949999996,0.29249279949999996,0.29249279949999996,0.0,0.07951360199999999,0.0,0.2129791975,,,,/home/rzzhang/sad_merged/sad/build/joint_xxz/f32r2_b32r2-m1-13414f75e200
2026-08-23T08:06:37.860837+00:00,20260823T075745,joint:xxz-hva:18:e413ae3dbbe5ac02,ok,,xxz-hva,18,8,float64,42,64,2,64,2,2,0.75,xxz-matching,xxz-matching,8,8,,,2+1+1+1+1+1+1+1,2+1+1+1+1+1+1+1,not_applicable,optimized,5,3,5,0.344886396,0.344886396,0.344886396,0.344886396,0.0,0.1049791985,0.0,0.2399071975,,,,/home/rzzhang/sad_merged/sad/build/joint_xxz/f64r2_b64r2-m2-e933a4f0a9e2
2026-08-23T08:06:38.293350+00:00,20260823T075745,joint:xxz-hva:6:04199a3288240cfb,ok,,xxz-hva,6,8,float64,42,128,2,32,2,2,1.0,xxz-matching,xxz-matching,3,3,,,1+1+1,1+1+1,not_applicable,optimized,20,3,20,0.026152,0.026152,0.026152,0.026152,0.0,0.0108272,0.0,0.0153248,,,,/home/rzzhang/sad_merged/sad/build/joint_xxz/f128r2_b32r2-m2-8400b296af60
2026-08-23T08:06:38.764981+00:00,20260823T075745,joint:xxz-hva:18:35f71565bfd3b6ac,ok,,xxz-hva,18,8,float64,42,32,2,128,2,2,1.0,xxz-matching,xxz-matching,9,9,,,1+1+1+1+1+1+1+1+1,1+1+1+1+1+1+1+1+1,not_applicable,optimized,5,3,5,0.3647423875,0.3647423875,0.3647423875,0.3647423875,0.0,0.108844806,0.0,0.25589758149999997,,,,/home/rzzhang/sad_merged/sad/build/joint_xxz/f32r2_b128r2-m2-dc52a30a7eed
2026-08-23T08:06:39.192076+00:00,20260823T075745,joint:xxz-hva:6:7b719de567e82783,ok,,xxz-hva,6,8,float64,42,128,2,32,2,1,0.5,xxz-matching,xxz-matching,2,2,,,2+1,2+1,not_applicable,optimized,20,3,20,0.0202911995,0.0202911995,0.0202911995,0.0202911995,0.0,0.0078792,0.0,0.0124119995,,,,/home/rzzhang/sad_merged/sad/build/joint_xxz/f128r2_b32r2-m1-a46c23c4be26
2026-08-23T08:06:39.624560+00:00,20260823T075745,joint:xxz-hva:28:0dd388d18e5f2b66,ok,,xxz-hva,28,8,float64,42,128,2,32,2,2,0.25,xxz-matching,xxz-matching,6,7,,,3+3+2+2+2+2,2+2+2+2+2+2+2,not_applicable,optimized,2,3,2,353.8305320740001,353.8305320740001,353.8305320740001,353.8305320740001,0.0,81.518535614,0.0,272.31199646000005,,,,/home/rzzhang/sad_merged/sad/build/joint_xxz/f128r2_b32r2-m2-8400b296af60
2026-08-23T08:06:44.039139+00:00,20260823T075745,joint:xxz-hva:16:304c406fc8427b8d,ok,,xxz-hva,16,8,float64,42,128,2,32,2,1,0.5,xxz-matching,xxz-matching,5,6,,,2+2+2+1+1,2+2+1+1+1+1,not_applicable,optimized,5,3,5,0.1209375985,0.1209375985,0.1209375985,0.1209375985,0.0,0.0418848005,0.0,0.079052798,,,,/home/rzzhang/sad_merged/sad/build/joint_xxz/f128r2_b32r2-m1-a46c23c4be26
2026-08-23T08:06:44.486571+00:00,20260823T075745,joint:xxz-hva:12:efea191ae80079cc,ok,,xxz-hva,12,8,float64,42,128,2,128,2,1,0.0,xxz-matching,xxz-matching,2,2,,,3+3,3+3,not_applicable,optimized,10,3,10,0.069192002,0.069192002,0.069192002,0.069192002,0.0,0.0195408,0.0,0.049651202000000005,,,,/home/rzzhang/sad_merged/sad/build/joint_xxz/f128r2_b128r2-m1-fae7f81cf230
2026-08-23T08:06:44.914405+00:00,20260823T075745,joint:xxz-hva:10:f88d928506e200eb,ok,,xxz-hva,10,8,float64,42,32,2,32,2,2,1.0,xxz-matching,xxz-matching,5,5,,,1+1+1+1+1,1+1+1+1+1,not_applicable,optimized,10,3,10,0.056406398999999996,0.056406398999999996,0.056406398999999996,0.056406398999999996,0.0,0.0223232,0.0,0.034083198999999995,,,,/home/rzzhang/sad_merged/sad/build/joint_xxz/f32r2_b32r2-m2-1e9e397a047c
2026-08-23T08:06:45.339466+00:00,20260823T075745,joint:xxz-hva:28:b4c75c9cf8fdc34b,ok,,xxz-hva,28,8,float64,42,128,2,128,2,2,0.25,xxz-matching,xxz-matching,6,6,,,3+3+2+2+2+2,3+3+2+2+2+2,not_applicable,optimized,2,3,2,364.04737853999995,364.04737853999995,364.04737853999995,364.04737853999995,0.0,83.43760681149999,0.0,280.6097717285,,,,/home/rzzhang/sad_merged/sad/build/joint_xxz/f128r2_b128r2-m2-f42c0b5be0d7
2026-08-23T08:06:49.833048+00:00,20260823T075745,joint:xxz-hva:16:1de994082534f18a,ok,,xxz-hva,16,8,float64,42,128,2,32,2,1,1.0,xxz-matching,xxz-matching,8,8,,,1+1+1+1+1+1+1+1,1+1+1+1+1+1+1+1,not_applicable,optimized,5,3,5,0.147199996,0.147199996,0.147199996,0.147199996,0.0,0.057683199500000004,0.0,0.0895167965,,,,/home/rzzhang/sad_merged/sad/build/joint_xxz/f128r2_b32r2-m1-a46c23c4be26
2026-08-23T08:06:50.299145+00:00,20260823T075745,joint:xxz-hva:28:b56a340ed90bab3c,ok,,xxz-hva,28,8,float64,42,32,2,128,2,2,1.0,xxz-matching,xxz-matching,14,14,,,1+1+1+1+1+1+1+1+1+1+1+1+1+1,1+1+1+1+1+1+1+1+1+1+1+1+1+1,not_applicable,optimized,2,3,2,411.957344055,411.957344055,411.957344055,411.957344055,0.0,130.75655365,0.0,281.200790405,,,,/home/rzzhang/sad_merged/sad/build/joint_xxz/f32r2_b128r2-m2-dc52a30a7eed
2026-08-23T08:06:55.236503+00:00,20260823T075745,joint:xxz-hva:10:3abfd88f4a4bca6d,ok,,xxz-hva,10,8,float64,42,64,2,64,2,2,0.25,xxz-matching,xxz-matching,3,3,,,2+2+1,2+2+1,not_applicable,optimized,10,3,10,0.0468672,0.0468672,0.0468672,0.0468672,0.0,0.015556799999999999,0.0,0.0313104,,,,/home/rzzhang/sad_merged/sad/build/joint_xxz/f64r2_b64r2-m2-e933a4f0a9e2
2026-08-23T08:06:55.675533+00:00,20260823T075745,joint:xxz-hva:4:a875d0a976ba0d19,ok,,xxz-hva,4,8,float64,42,32,2,32,2,1,0.75,xxz-matching,xxz-matching,2,2,,,1+1,1+1,not_applicable,optimized,20,3,20,0.0145824,0.0145824,0.0145824,0.0145824,0.0,0.0058592,0.0,0.0087232,,,,/home/rzzhang/sad_merged/sad/build/joint_xxz/f32r2_b32r2-m1-13414f75e200
2026-08-23T08:06:56.104586+00:00,20260823T075745,joint:xxz-hva:14:f4fc4b65e72ee500,ok,,xxz-hva,14,8,float64,42,32,2,128,2,1,0.5,xxz-matching,xxz-matching,5,4,,,2+2+1+1+1,2+2+2+1,not_applicable,optimized,10,3,10,0.09566880050000001,0.09566880050000001,0.09566880050000001,0.09566880050000001,0.0,0.0280495995,0.0,0.067619201,,,,/home/rzzhang/sad_merged/sad/build/joint_xxz/f32r2_b128r2-m1-d6d8eb72a995
2026-08-23T08:06:56.532835+00:00,20260823T075745,joint:xxz-hva:28:80f70ff007c49750,ok,,xxz-hva,28,8,float64,42,32,2,32,2,2,0.25,xxz-matching,xxz-matching,7,7,,,2+2+2+2+2+2+2,2+2+2+2+2+2+2,not_applicable,optimized,2,3,2,355.84116363500004,355.84116363500004,355.84116363500004,355.84116363500004,0.0,83.4202804565,0.0,272.42088317850005,,,,/home/rzzhang/sad_merged/sad/build/joint_xxz/f32r2_b32r2-m2-1e9e397a047c
2026-08-23T08:07:00.980536+00:00,20260823T075745,joint:xxz-hva:22:94587cf15f1c2393,ok,,xxz-hva,22,8,float64,42,32,2,32,2,2,1.0,xxz-matching,xxz-matching,11,11,,,1+1+1+1+1+1+1+1+1+1+1,1+1+1+1+1+1+1+1+1+1+1,not_applicable,optimized,3,3,3,4.815509319,4.815509319,4.815509319,4.815509319,0.0,1.0676426884999999,0.0,3.7478666305,,,,/home/rzzhang/sad_merged/sad/build/joint_xxz/f32r2_b32r2-m2-1e9e397a047c
2026-08-23T08:07:01.521054+00:00,20260823T075745,joint:xxz-hva:12:80405fcd9d056982,ok,,xxz-hva,12,8,float64,42,128,2,128,2,2,0.5,xxz-matching,xxz-matching,4,4,,,2+2+1+1,2+2+1+1,not_applicable,optimized,10,3,10,0.0875568005,0.0875568005,0.0875568005,0.0875568005,0.0,0.028779199999999998,0.0,0.0587776005,,,,/home/rzzhang/sad_merged/sad/build/joint_xxz/f128r2_b128r2-m2-f42c0b5be0d7
2026-08-23T08:07:01.942646+00:00,20260823T075745,joint:xxz-hva:20:b969264abee107f8,ok,,xxz-hva,20,8,float64,42,128,2,128,2,2,1.0,xxz-matching,xxz-matching,10,10,,,1+1+1+1+1+1+1+1+1+1,1+1+1+1+1+1+1+1+1+1,not_applicable,optimized,5,3,5,1.239638373,1.239638373,1.239638373,1.239638373,0.0,0.31742720300000005,0.0,0.92221117,,,,/home/rzzhang/sad_merged/sad/build/joint_xxz/f128r2_b128r2-m2-f42c0b5be0d7
2026-08-23T08:07:02.402221+00:00,20260823T075745,joint:xxz-hva:28:9cfb9f4059eeff5c,ok,,xxz-hva,28,8,float64,42,128,2,32,2,1,0.25,xxz-matching,xxz-matching,6,7,,,3+3+2+2+2+2,2+2+2+2+2+2+2,not_applicable,optimized,2,3,2,354.01951980549995,354.01951980549995,354.01951980549995,354.01951980549995,0.0,81.5485420225,0.0,272.47097778299997,,,,/home/rzzhang/sad_merged/sad/build/joint_xxz/f128r2_b32r2-m1-a46c23c4be26
2026-08-23T08:07:06.818938+00:00,20260823T075745,joint:xxz-hva:12:1c7e5a56fd271c45,ok,,xxz-hva,12,8,float64,42,32,2,32,2,2,0.25,xxz-matching,xxz-matching,3,3,,,2+2+2,2+2+2,not_applicable,optimized,10,3,10,0.046828799500000004,0.046828799500000004,0.046828799500000004,0.046828799500000004,0.0,0.016076799,0.0,0.0307520005,,,,/home/rzzhang/sad_merged/sad/build/joint_xxz/f32r2_b32r2-m2-1e9e397a047c
2026-08-23T08:07:07.252287+00:00,20260823T075745,joint:xxz-hva:26:29caa5404e9929b9,ok,,xxz-hva,26,8,float64,42,128,2,128,2,1,0.5,xxz-matching,xxz-matching,8,8,,,2+2+2+2+2+1+1+1,2+2+2+2+2+1+1+1,not_applicable,optimized,2,3,2,91.4219055175,91.4219055175,91.4219055175,91.4219055175,0.0,22.303440094,0.0,69.1184654235,,,,/home/rzzhang/sad_merged/sad/build/joint_xxz/f128r2_b128r2-m1-fae7f81cf230
2026-08-23T08:07:08.723024+00:00,20260823T075745,joint:xxz-hva:4:8bc9bc83f7a06836,ok,,xxz-hva,4,8,float64,42,128,2,128,2,2,0.75,xxz-matching,xxz-matching,2,2,,,1+1,1+1,not_applicable,optimized,20,3,20,0.016534399499999998,0.016534399499999998,0.016534399499999998,0.016534399499999998,0.0,0.0061183999999999995,0.0,0.010415999499999998,,,,/home/rzzhang/sad_merged/sad/build/joint_xxz/f128r2_b128r2-m2-f42c0b5be0d7
2026-08-23T08:07:09.191034+00:00,20260823T075745,joint:xxz-hva:28:13c7d4c3d73dd9ba,ok,,xxz-hva,28,8,float64,42,64,2,64,2,1,0.75,xxz-matching,xxz-matching,12,12,,,2+2+1+1+1+1+1+1+1+1+1+1,2+2+1+1+1+1+1+1+1+1+1+1,not_applicable,optimized,2,3,2,393.9799499515,393.9799499515,393.9799499515,393.9799499515,0.0,116.826538086,0.0,277.1534118655,,,,/home/rzzhang/sad_merged/sad/build/joint_xxz/f64r2_b64r2-m1-b00ee0bf62ea
2026-08-23T08:07:13.955473+00:00,20260823T075745,joint:xxz-hva:24:b7758ea7fcbecdc4,ok,,xxz-hva,24,8,float64,42,64,2,64,2,2,0.75,xxz-matching,xxz-matching,10,10,,,2+2+1+1+1+1+1+1+1+1,2+2+1+1+1+1+1+1+1+1,not_applicable,optimized,3,3,3,22.2461590765,22.2461590765,22.2461590765,22.2461590765,0.0,6.1970772745,0.0,16.049081802,,,,/home/rzzhang/sad_merged/sad/build/joint_xxz/f64r2_b64r2-m2-e933a4f0a9e2
2026-08-23T08:07:14.663920+00:00,20260823T075745,joint:xxz-hva:12:c625ab5c88ab610d,ok,,xxz-hva,12,8,float64,42,32,2,128,2,1,1.0,xxz-matching,xxz-matching,6,6,,,1+1+1+1+1+1,1+1+1+1+1+1,not_applicable,optimized,10,3,10,0.0969263955,0.0969263955,0.0969263955,0.0969263955,0.0,0.029183999,0.0,0.0677423965,,,,/home/rzzhang/sad_merged/sad/build/joint_xxz/f32r2_b128r2-m1-d6d8eb72a995
2026-08-23T08:07:15.082952+00:00,20260823T075745,joint:xxz-hva:12:894d4d2215bb67f8,ok,,xxz-hva,12,8,float64,42,128,2,128,2,2,0.25,xxz-matching,xxz-matching,3,3,,,2+2+2,2+2+2,not_applicable,optimized,10,3,10,0.0787856005,0.0787856005,0.0787856005,0.0787856005,0.0,0.0243167995,0.0,0.054468801,,,,/home/rzzhang/sad_merged/sad/build/joint_xxz/f128r2_b128r2-m2-f42c0b5be0d7
2026-08-23T08:07:15.516386+00:00,20260823T075745,joint:xxz-hva:6:b5b4839729df7fe0,ok,,xxz-hva,6,8,float64,42,128,2,32,2,2,0.5,xxz-matching,xxz-matching,2,2,,,2+1,2+1,not_applicable,optimized,20,3,20,0.020275999500000003,0.020275999500000003,0.020275999500000003,0.020275999500000003,0.0,0.0078416,0.0,0.0124343995,,,,/home/rzzhang/sad_merged/sad/build/joint_xxz/f128r2_b32r2-m2-8400b296af60
2026-08-23T08:07:15.940083+00:00,20260823T075745,joint:xxz-hva:4:3da1b18bdb82c71e,ok,,xxz-hva,4,8,float64,42,32,2,128,2,1,0.0,xxz-matching,xxz-matching,1,1,,,2,2,not_applicable,optimized,20,3,20,0.0113416,0.0113416,0.0113416,0.0113416,0.0,0.0033856,0.0,0.007956000000000001,,,,/home/rzzhang/sad_merged/sad/build/joint_xxz/f32r2_b128r2-m1-d6d8eb72a995
2026-08-23T08:07:16.395020+00:00,20260823T075745,joint:xxz-hva:4:54342103cdebd4a4,ok,,xxz-hva,4,8,float64,42,32,2,128,2,1,0.25,xxz-matching,xxz-matching,1,1,,,2,2,not_applicable,optimized,20,3,20,0.011361599000000002,0.011361599000000002,0.011361599000000002,0.011361599000000002,0.0,0.0033792,0.0,0.007982399000000001,,,,/home/rzzhang/sad_merged/sad/build/joint_xxz/f32r2_b128r2-m1-d6d8eb72a995
2026-08-23T08:07:16.823695+00:00,20260823T075745,joint:xxz-hva:20:73e230a3939f48f6,ok,,xxz-hva,20,8,float64,42,32,2,128,2,1,0.25,xxz-matching,xxz-matching,6,5,,,2+2+2+2+1+1,2+2+2+2+2,not_applicable,optimized,5,3,5,1.166009605,1.166009605,1.166009605,1.166009605,0.0,0.27964800599999995,0.0,0.886361599,,,,/home/rzzhang/sad_merged/sad/build/joint_xxz/f32r2_b128r2-m1-d6d8eb72a995
2026-08-23T08:07:17.267839+00:00,20260823T075745,joint:xxz-hva:28:18fda5e854ab4ce7,ok,,xxz-hva,28,8,float64,42,32,2,32,2,1,0.5,xxz-matching,xxz-matching,10,10,,,2+2+2+2+1+1+1+1+1+1,2+2+2+2+1+1+1+1+1+1,not_applicable,optimized,2,3,2,374.61034393299997,374.61034393299997,374.61034393299997,374.61034393299997,0.0,102.027519226,0.0,272.582824707,,,,/home/rzzhang/sad_merged/sad/build/joint_xxz/f32r2_b32r2-m1-13414f75e200
2026-08-23T08:07:21.896416+00:00,20260823T075745,joint:xxz-hva:6:1117152b8c58f6cc,ok,,xxz-hva,6,8,float64,42,32,2,128,2,2,1.0,xxz-matching,xxz-matching,3,3,,,1+1+1,1+1+1,not_applicable,optimized,20,3,20,0.027593598999999996,0.027593598999999996,0.027593598999999996,0.027593598999999996,0.0,0.0098616,0.0,0.017731999,,,,/home/rzzhang/sad_merged/sad/build/joint_xxz/f32r2_b128r2-m2-dc52a30a7eed
2026-08-23T08:07:22.367634+00:00,20260823T075745,joint:xxz-hva:26:4cfb093a0a8f0b90,ok,,xxz-hva,26,8,float64,42,32,2,32,2,1,1.0,xxz-matching,xxz-matching,13,13,,,1+1+1+1+1+1+1+1+1+1+1+1+1,1+1+1+1+1+1+1+1+1+1+1+1+1,not_applicable,optimized,2,3,2,97.433265686,97.433265686,97.433265686,97.433265686,0.0,30.423248291,0.0,67.010017395,,,,/home/rzzhang/sad_merged/sad/build/joint_xxz/f32r2_b32r2-m1-13414f75e200
2026-08-23T08:07:23.920055+00:00,20260823T075745,joint:xxz-hva:8:e7975d1b22d2454f,ok,,xxz-hva,8,8,float64,42,32,2,32,2,1,0.5,xxz-matching,xxz-matching,3,3,,,2+1+1,2+1+1,not_applicable,optimized,20,3,20,0.035055999,0.035055999,0.035055999,0.035055999,0.0,0.012795199,0.0,0.022260799999999997,,,,/home/rzzhang/sad_merged/sad/build/joint_xxz/f32r2_b32r2-m1-13414f75e200
2026-08-23T08:07:24.352900+00:00,20260823T075745,joint:xxz-hva:8:c627656ac0412e4e,ok,,xxz-hva,8,8,float64,42,128,2,32,2,1,0.25,xxz-matching,xxz-matching,2,2,,,2+2,2+2,not_applicable,optimized,20,3,20,0.030361598,0.030361598,0.030361598,0.030361598,0.0,0.011417599,0.0,0.018943999,,,,/home/rzzhang/sad_merged/sad/build/joint_xxz/f128r2_b32r2-m1-a46c23c4be26
2026-08-23T08:07:24.765536+00:00,20260823T075745,joint:xxz-hva:12:d342f4c4f48f3b4a,ok,,xxz-hva,12,8,float64,42,128,2,128,2,1,1.0,xxz-matching,xxz-matching,6,6,,,1+1+1+1+1+1,1+1+1+1+1+1,not_applicable,optimized,10,3,10,0.1055583955,0.1055583955,0.1055583955,0.1055583955,0.0,0.0377696005,0.0,0.067788795,,,,/home/rzzhang/sad_merged/sad/build/joint_xxz/f128r2_b128r2-m1-fae7f81cf230
2026-08-23T08:07:25.181908+00:00,20260823T075745,joint:xxz-hva:14:eab511c9ea09db54,ok,,xxz-hva,14,8,float64,42,32,2,32,2,1,0.0,xxz-matching,xxz-matching,3,3,,,3+2+2,3+2+2,not_applicable,optimized,10,3,10,0.054655999000000004,0.054655999000000004,0.054655999000000004,0.054655999000000004,0.0,0.019345599999999998,0.0,0.035310399000000006,,,,/home/rzzhang/sad_merged/sad/build/joint_xxz/f32r2_b32r2-m1-13414f75e200
2026-08-23T08:07:25.606471+00:00,20260823T075745,joint:xxz-hva:14:0cfc1bbf53546c06,ok,,xxz-hva,14,8,float64,42,32,2,128,2,2,0.0,xxz-matching,xxz-matching,3,2,,,3+2+2,4+3,not_applicable,optimized,10,3,10,0.0765423995,0.0765423995,0.0765423995,0.0765423995,0.0,0.019352,0.0,0.0571903995,,,,/home/rzzhang/sad_merged/sad/build/joint_xxz/f32r2_b128r2-m2-dc52a30a7eed
2026-08-23T08:07:26.021647+00:00,20260823T075745,joint:xxz-hva:4:cf82e3e613d16992,ok,,xxz-hva,4,8,float64,42,128,2,128,2,2,0.5,xxz-matching,xxz-matching,2,2,,,1+1,1+1,not_applicable,optimized,20,3,20,0.0165551995,0.0165551995,0.0165551995,0.0165551995,0.0,0.0061376,0.0,0.0104175995,,,,/home/rzzhang/sad_merged/sad/build/joint_xxz/f128r2_b128r2-m2-f42c0b5be0d7
2026-08-23T08:07:26.443692+00:00,20260823T075745,joint:xxz-hva:8:97fa152769b16be3,ok,,xxz-hva,8,8,float64,42,64,2,64,2,1,0.5,xxz-matching,xxz-matching,2,2,,,2+2,2+2,not_applicable,optimized,20,3,20,0.033203199,0.033203199,0.033203199,0.033203199,0.0,0.0105472,0.0,0.022655999,,,,/home/rzzhang/sad_merged/sad/build/joint_xxz/f64r2_b64r2-m1-b00ee0bf62ea
